yaw,pitch,an_total,A_no,A_with,B_full,occ_ratio,an_total_diff,A_no_diff,A_with_diff,B_diff,B_pix
0,0,0.028791093171615822,0.028791093171615836,0.028791093171615836,0.028719484921650284,0.0,0.02879104783216472,0.028791047832164726,0.028791047832164726,0.028719439660505486,6418
0,-30,0.028791092884628403,0.028791092884628396,0.028791092884628396,0.02875082548789431,0.0,0.02879104783216472,0.028791047832164726,0.028791047832164726,0.02875078050886204,6618
90,-45,0.036124661959054005,0.03612466195905402,0.03612466195905402,0.036133055862640255,0.0,0.0361246166196029,0.03612461661960291,0.03612461661960291,0.036133010511609054,7694
150,-80,0.41530057665831904,0.4153005766583191,0.4153005766583191,0.41536491085870425,0.0,0.04602379510187151,0.04602379510187151,0.04602379510187151,0.04603088328847484,6495
180,0,0.02879109317161583,0.028791093171615843,0.028791093171615843,0.028719489773108935,0.0,0.028791047832164726,0.028791047832164733,0.028791047832164733,0.028719444512169453,6418
