yaw,pitch,A_occ_ratio,Plate_H_an_full,Plate_H_A_no_full,Plate_H_A_with_full,Plate_H_B_full,Plate_H_B_pix,Plate_H_an_diff,Plate_H_A_no_diff,Plate_H_A_with_diff,Plate_H_B_diff,Plate_V_an_full,Plate_V_A_no_full,Plate_V_A_with_full,Plate_V_B_full,Plate_V_B_pix,Plate_V_an_diff,Plate_V_A_no_diff,Plate_V_A_with_diff,Plate_V_B_diff
0,0,0.43499999999999994,0.0016296819527640404,0.001629681952764041,0.0009207703033116833,0.0009159742436331865,339,0.0016296819527640404,0.001629681952764041,0.0009207703033116833,0.0009159742436331865,0.0,0.0,0.0,0.0,5797,0.0,0.0,0.0,0.0
0,-30,1.0,0.0,0.0,0.0,0.0011855011692177028,548,0.0,0.0,0.0,0.0011855011692177028,0.0,0.0,0.0,0.0,5595,0.0,0.0,0.0,0.0
90,-45,0.4800000000000001,0.008963250740202221,0.008963250740202221,0.004660890384905155,0.0066794407306305795,3496,0.008963250740202221,0.008963250740202221,0.004660890384905155,0.0066794407306305795,0.0,0.0,0.0,0.016392093291356317,1820,0.0,0.0,0.0,0.016392065928860153
150,-80,0.585,0.41530057665831904,0.41530057665831893,0.17234973931320235,0.28117571119010454,3823,0.04602379510187151,0.046023795101871504,0.01909987496727668,0.031159994323759387,0.0,0.0,0.0,0.0,1889,0.0,0.0,0.0,0.0
180,0,0.44999999999999984,0.0016296819527640404,0.001629681952764041,0.0008963250740202228,0.0009159742436331865,339,0.0016296819527640404,0.001629681952764041,0.0008963250740202228,0.0009159742436331865,0.0,0.0,0.0,4.564468094634697e-09,5797,0.0,0.0,0.0,4.564468094634697e-09
