{
  "obs_total 5D log": {
    "feat": "obs_total",
    "transform": "log",
    "input_dim": 5,
    "knn_weighted": {
      "angular_err_mean": 58.252628447968206,
      "angular_err_median": 47.012530819298405,
      "angular_err_p90": 132.38727281208497,
      "angular_err_p95": 147.1386146663256,
      "hit@5deg": 0.05305305305305305,
      "hit@10deg": 0.12312312312312312
    },
    "mlp_angular_err_mean_mean": 54.89805717937535,
    "mlp_angular_err_mean_std": 0.71305110332566,
    "mlp_angular_err_median_mean": 43.245227251016374,
    "mlp_angular_err_median_std": 1.5046495116818202,
    "mlp_angular_err_p90_mean": 117.02227637851281,
    "mlp_angular_err_p90_std": 0.6999997063716936,
    "mlp_angular_err_p95_mean": 140.22289444840862,
    "mlp_angular_err_p95_std": 1.54243866206778,
    "mlp_hit@5deg_mean": 0.043343343343343346,
    "mlp_hit@5deg_std": 0.0022516960719123113,
    "mlp_hit@10deg_mean": 0.10360360360360361,
    "mlp_hit@10deg_std": 0.00424688757469398
  },
  "total 15D log": {
    "feat": "total",
    "transform": "log",
    "input_dim": 15,
    "knn_weighted": {
      "angular_err_mean": 41.79519223888391,
      "angular_err_median": 27.079826082006356,
      "angular_err_p90": 103.44773014655793,
      "angular_err_p95": 130.6506397711229,
      "hit@5deg": 0.08058058058058058,
      "hit@10deg": 0.2067067067067067
    },
    "mlp_angular_err_mean_mean": 36.693369244318376,
    "mlp_angular_err_mean_std": 3.6249412372562135,
    "mlp_angular_err_median_mean": 22.612098549683957,
    "mlp_angular_err_median_std": 4.519861309048038,
    "mlp_angular_err_p90_mean": 93.08897202877708,
    "mlp_angular_err_p90_std": 3.334381063907485,
    "mlp_angular_err_p95_mean": 122.91465052866226,
    "mlp_angular_err_p95_std": 2.9345384546425746,
    "mlp_hit@5deg_mean": 0.09659659659659658,
    "mlp_hit@5deg_std": 0.0315100742091884,
    "mlp_hit@10deg_mean": 0.23453453453453457,
    "mlp_hit@10deg_std": 0.06449787431851862
  },
  "per_part 30D log": {
    "feat": "per_part",
    "transform": "log",
    "input_dim": 30,
    "knn_weighted": {
      "angular_err_mean": 26.371155234839208,
      "angular_err_median": 5.194667811196824,
      "angular_err_p90": 111.7065258819122,
      "angular_err_p95": 145.9020710601384,
      "hit@5deg": 0.46646646646646645,
      "hit@10deg": 0.6931931931931932
    },
    "mlp_angular_err_mean_mean": 5.908899199145058,
    "mlp_angular_err_mean_std": 0.2183636167479932,
    "mlp_angular_err_median_mean": 3.246936376170131,
    "mlp_angular_err_median_std": 0.2720503459185777,
    "mlp_angular_err_p90_mean": 7.735545834889086,
    "mlp_angular_err_p90_std": 0.6007872857604227,
    "mlp_angular_err_p95_mean": 10.674291947074412,
    "mlp_angular_err_p95_std": 1.0011400090641684,
    "mlp_hit@5deg_mean": 0.7379379379379379,
    "mlp_hit@5deg_std": 0.03562438665791426,
    "mlp_hit@10deg_mean": 0.9428428428428429,
    "mlp_hit@10deg_std": 0.009946747036868606
  },
  "all 45D log": {
    "feat": "all",
    "transform": "log",
    "input_dim": 45,
    "knn_weighted": {
      "angular_err_mean": 21.945005126781027,
      "angular_err_median": 5.743568233723458,
      "angular_err_p90": 86.59408339866332,
      "angular_err_p95": 129.26091112201752,
      "hit@5deg": 0.4364364364364364,
      "hit@10deg": 0.6906906906906907
    },
    "mlp_angular_err_mean_mean": 6.930514194709415,
    "mlp_angular_err_mean_std": 0.7458432722682223,
    "mlp_angular_err_median_mean": 3.451020139110041,
    "mlp_angular_err_median_std": 0.5009411327244726,
    "mlp_angular_err_p90_mean": 8.66983317497272,
    "mlp_angular_err_p90_std": 1.1715226796504405,
    "mlp_angular_err_p95_mean": 13.040102731927869,
    "mlp_angular_err_p95_std": 2.1473892280600526,
    "mlp_hit@5deg_mean": 0.6908908908908908,
    "mlp_hit@5deg_std": 0.06441315051186185,
    "mlp_hit@10deg_mean": 0.9225225225225225,
    "mlp_hit@10deg_std": 0.019988463618221288
  },
  "all 45D raw": {
    "feat": "all",
    "transform": "raw",
    "input_dim": 45,
    "knn_weighted": {
      "angular_err_mean": 21.836153943289613,
      "angular_err_median": 5.1937907053693095,
      "angular_err_p90": 90.80781858337237,
      "angular_err_p95": 143.15210847912738,
      "hit@5deg": 0.4794794794794795,
      "hit@10deg": 0.7382382382382382
    },
    "mlp_angular_err_mean_mean": 3.984903938900291,
    "mlp_angular_err_mean_std": 0.6041332231506936,
    "mlp_angular_err_median_mean": 2.0343093952296356,
    "mlp_angular_err_median_std": 0.1668355575453826,
    "mlp_angular_err_p90_mean": 4.824809762224531,
    "mlp_angular_err_p90_std": 0.5433800095181112,
    "mlp_angular_err_p95_mean": 6.522215908686176,
    "mlp_angular_err_p95_std": 0.9342104893538645,
    "mlp_hit@5deg_mean": 0.9068068068068069,
    "mlp_hit@5deg_std": 0.024636422216831565,
    "mlp_hit@10deg_mean": 0.9711711711711712,
    "mlp_hit@10deg_std": 0.005927075612847813
  }
}