yaw,pitch,ocs_analytical_full,ocs_A_full,ocs_B_full,rel_A_vs_analyt_full,rel_B_vs_analyt_full,rel_B_vs_A_full,ocs_analytical_diffuse,ocs_A_diffuse,ocs_B_diffuse,rel_A_vs_analyt_diff,rel_B_vs_analyt_diff,rel_B_vs_A_diff,B_n_pixels,B_NoL_mean,B_NoV_mean,B_NoH_mean,B_f_r_mean,B_f_r_median,B_f_r_max,B_normal_mean,A_n_faces,A_n_visible,an_NoL,an_NoV,an_f_r
0.0,0.0,0.0016296819527640404,0.0016296819527640404,0.0016374052850787937,0.0,0.004739165394605988,0.004739165394605988,0.0016296819527640404,0.0016296819527640404,0.0016374052850787937,0.0,0.004739165394605988,0.004739165394605988,606,0.28734789103466163,0.08908708359405439,0.2208790204514526,0.06366197723675814,0.06366197723675814,0.06366197723675814,"[0.0, 0.0, 1.0]",2,2,0.2873478855663454,0.0890870806374748,0.06366197723675814
0.0,-30.0,0.0,0.0,0.0021200568236359554,nan,nan,nan,0.0,0.0,0.0021200568236359554,nan,nan,nan,980,0.23006252187362086,0.1455660034073593,0.22040582387308663,0.06366197723675814,0.06366197723675814,0.06366197723675814,"[0.4999999585692771, 0.0, -0.8660254277044767]",2,0,-0.23006257398637667,-0.145566026612641,0.0
90.0,-45.0,0.008963250740202221,0.008963250740202221,0.008968333245010335,0.0,0.0005670381154593304,0.0005670381154593304,0.008963250740202221,0.008963250740202221,0.008968333245010335,0.0,0.0005670381154593304,0.0005670381154593304,4694,0.20318568267962148,0.6929348878806493,0.5258125497689878,0.06366197723675814,0.06366197723675814,0.06366197723675814,"[4.2146848510893995e-08, -0.7071067811865469, 0.7071067811865469]",2,2,0.20318563844357887,0.6929348671835832,0.06366197723675814
150.0,-80.0,0.41530057665831904,0.41530057665831904,0.4153280885538759,0.0,6.624574369292506e-05,6.624574369292506e-05,0.04602379510187151,0.04602379510187151,0.046026807689603606,0.0,6.545717764968235e-05,6.545717764968235e-05,5647,0.8667972342373804,0.834036005459171,0.9979901052126805,0.5744610292682851,0.5744610437758975,0.5744610437758975,"[0.8528684141710293, -0.49240406446408086, 0.1736482231658223]",2,2,0.8667973344270671,0.8340358861274693,0.5744605762978318
180.0,0.0,0.0016296819527640404,0.0016296819527640404,0.0016374052850787937,0.0,0.004739165394605988,0.004739165394605988,0.0016296819527640404,0.0016296819527640404,0.0016374052850787937,0.0,0.004739165394605988,0.004739165394605988,606,0.28734789103466163,0.08908708359405439,0.2208790204514526,0.06366197723675814,0.06366197723675814,0.06366197723675814,"[0.0, 0.0, 1.0]",2,2,0.2873478855663454,0.0890870806374748,0.06366197723675814
