region,category,yaw,pitch,roll,source,ocs_total,brightness_rank,rank_shift_vs_roll0,pixel_local_contrast,neighbor_contrast_ypr,roll_sensitivity_score,n_pixels_camera_visible,n_pixels_contributing,mean_lit,image_usable,glint_flag,saturation_flag
R3_low_info,low-info/ocs-hard,55,60,-60,20_pack,1.598010e-02,108,82,1.075251,0.395727,2.154159,4355,3633,2.746477e-02,1,1,0
R3_low_info,low-info/ocs-hard,55,60,-45,20_pack,2.048936e-02,76,50,1.178139,0.666729,2.154159,5291,4592,2.786046e-02,1,1,0
R3_low_info,low-info/ocs-hard,55,60,-30,20_pack,2.689472e-02,27,1,0.324931,1.947249,2.154159,5996,2774,6.053722e-02,1,0,0
R3_low_info,low-info/ocs-hard,55,60,-15,20_pack,8.550375e-02,13,-13,0.344331,1.235854,2.154159,6356,3587,1.488386e-01,1,0,0
R3_low_info,low-info/ocs-hard,55,60,0,01_fullrun,6.625763e-02,26,0,0.268506,1.099547,2.154159,6327,4121,1.003911e-01,1,0,0
R3_low_info,low-info/ocs-hard,55,60,15,20_pack,2.850029e-02,74,48,0.562257,1.141413,2.154159,6016,4537,3.922314e-02,1,1,0
R3_low_info,low-info/ocs-hard,55,60,30,20_pack,2.245574e-02,81,55,0.896586,0.676792,2.154159,5930,4973,2.819491e-02,1,1,0
R3_low_info,low-info/ocs-hard,55,60,45,20_pack,1.530851e-02,108,82,1.251684,0.582162,2.154159,6167,4989,1.915938e-02,1,1,0
R3_low_info,low-info/ocs-hard,55,60,60,20_pack,1.464699e-02,89,63,0.309178,0.259302,2.154159,6051,1586,5.766432e-02,1,0,0
R3_low_info,low-info/ocs-hard,55,65,-60,20_pack,1.530430e-02,115,92,1.140648,0.399750,1.817200,4221,4129,2.314358e-02,1,1,0
R3_low_info,low-info/ocs-hard,55,65,-45,20_pack,1.995866e-02,77,54,1.289701,0.672511,1.817200,5198,5133,2.427851e-02,1,1,0
R3_low_info,low-info/ocs-hard,55,65,-30,20_pack,2.637539e-02,29,6,0.544318,2.044698,1.817200,5925,3292,5.002661e-02,1,0,0
R3_low_info,low-info/ocs-hard,55,65,-15,20_pack,7.112510e-02,15,-8,0.571761,1.269831,1.817200,6318,4190,1.059914e-01,1,0,0
R3_low_info,low-info/ocs-hard,55,65,0,01_fullrun,6.669558e-02,23,0,0.487543,1.123918,1.817200,6326,4776,8.719562e-02,1,0,0
R3_low_info,low-info/ocs-hard,55,65,15,20_pack,2.880357e-02,73,50,0.726661,1.141520,1.817200,6012,5204,3.455979e-02,1,1,0
R3_low_info,low-info/ocs-hard,55,65,30,20_pack,2.241755e-02,82,59,0.960366,0.701391,1.817200,5874,5674,2.466952e-02,1,1,0
R3_low_info,low-info/ocs-hard,55,65,45,20_pack,1.516737e-02,111,88,1.403678,0.581874,1.817200,6135,5723,1.654811e-02,1,1,0
R3_low_info,low-info/ocs-hard,55,65,60,20_pack,1.451649e-02,90,67,0.729839,0.262417,1.817200,6060,2277,3.980709e-02,1,0,0
R3_low_info,low-info/ocs-hard,55,70,-60,20_pack,1.502179e-02,117,95,1.144881,0.375232,1.746005,4088,3985,2.353722e-02,1,1,0
R3_low_info,low-info/ocs-hard,55,70,-45,20_pack,1.956058e-02,78,56,1.281274,0.657666,1.746005,5089,5015,2.435414e-02,1,1,0
R3_low_info,low-info/ocs-hard,55,70,-30,20_pack,2.603617e-02,30,8,0.522779,1.752832,1.746005,5853,3149,5.162574e-02,1,0,0
R3_low_info,low-info/ocs-hard,55,70,-15,20_pack,5.949927e-02,19,-3,0.548750,1.037019,1.746005,6252,4049,9.175416e-02,1,0,0
R3_low_info,low-info/ocs-hard,55,70,0,01_fullrun,6.682134e-02,22,0,0.457997,0.868081,1.746005,6307,4683,8.909492e-02,1,0,0
R3_low_info,low-info/ocs-hard,55,70,15,20_pack,2.931572e-02,72,50,0.652150,1.153328,1.746005,6000,5139,3.561917e-02,1,1,0
R3_low_info,low-info/ocs-hard,55,70,30,20_pack,2.241718e-02,83,61,0.905723,0.730890,1.746005,5786,5594,2.502191e-02,1,1,0
R3_low_info,low-info/ocs-hard,55,70,45,20_pack,1.523288e-02,110,88,1.376538,0.580068,1.746005,6088,5711,1.665451e-02,1,1,0
R3_low_info,low-info/ocs-hard,55,70,60,20_pack,1.470992e-02,87,65,0.650020,0.296134,1.746005,6047,2190,4.193997e-02,1,0,0
R3_low_info,low-info/ocs-hard,55,75,-60,20_pack,1.446513e-02,119,98,1.050191,0.347398,1.830445,3953,3853,2.344149e-02,1,1,0
R3_low_info,low-info/ocs-hard,55,75,-45,20_pack,1.912531e-02,79,58,1.253948,0.642170,1.830445,4984,4900,2.437105e-02,1,1,0
R3_low_info,low-info/ocs-hard,55,75,-30,20_pack,2.561470e-02,31,10,0.454633,1.486346,1.830445,5779,3023,5.290698e-02,1,0,0
R3_low_info,low-info/ocs-hard,55,75,-15,20_pack,5.145380e-02,20,-1,0.505385,1.042847,1.830445,6199,3906,8.225212e-02,1,0,0
R3_low_info,low-info/ocs-hard,55,75,0,01_fullrun,6.736573e-02,21,0,0.429751,0.836213,1.830445,6290,4636,9.073138e-02,1,0,0
R3_low_info,low-info/ocs-hard,55,75,15,20_pack,2.952335e-02,71,50,0.589628,1.148010,1.830445,5968,5035,3.661239e-02,1,1,0
R3_low_info,low-info/ocs-hard,55,75,30,20_pack,2.224158e-02,85,64,0.760269,0.748699,1.830445,5717,5503,2.523644e-02,1,1,0
R3_low_info,low-info/ocs-hard,55,75,45,20_pack,1.560234e-02,107,86,1.379450,0.599642,1.830445,6052,5655,1.722738e-02,1,1,0
R3_low_info,low-info/ocs-hard,55,75,60,20_pack,1.471166e-02,86,65,0.609504,0.313755,1.830445,6015,2113,4.347346e-02,1,0,0
R3_low_info,low-info/ocs-hard,55,80,-60,20_pack,1.432826e-02,122,104,0.986694,0.294824,1.887830,3831,3729,2.399182e-02,1,1,0
R3_low_info,low-info/ocs-hard,55,80,-45,20_pack,1.876038e-02,80,62,1.203521,0.600624,1.887830,4886,4806,2.437361e-02,1,1,0
R3_low_info,low-info/ocs-hard,55,80,-30,20_pack,2.524701e-02,32,14,0.420582,1.243462,1.887830,5715,2917,5.404249e-02,1,0,0
R3_low_info,low-info/ocs-hard,55,80,-15,20_pack,4.534636e-02,25,7,0.499853,1.060703,1.887830,6160,3835,7.383103e-02,1,0,0
R3_low_info,low-info/ocs-hard,55,80,0,01_fullrun,6.783147e-02,18,0,0.404099,0.842212,1.887830,6249,4556,9.296285e-02,1,0,0
R3_low_info,low-info/ocs-hard,55,80,15,20_pack,2.995920e-02,69,51,0.583174,1.142325,1.887830,5945,4946,3.782144e-02,1,1,0
R3_low_info,low-info/ocs-hard,55,80,30,20_pack,2.267009e-02,79,61,0.795205,0.727159,1.887830,5627,5395,2.623758e-02,1,1,0
R3_low_info,low-info/ocs-hard,55,80,45,20_pack,1.611961e-02,102,84,1.300939,0.592206,1.887830,5981,5573,1.806041e-02,1,1,0
R3_low_info,low-info/ocs-hard,55,80,60,20_pack,1.480757e-02,85,67,0.592228,0.306686,1.887830,5976,2027,4.561334e-02,1,0,0
R3_low_info,low-info/ocs-hard,60,60,-60,20_pack,1.429260e-02,123,99,1.017911,0.405761,1.917099,4101,3992,2.235541e-02,1,1,0
R3_low_info,low-info/ocs-hard,60,60,-45,20_pack,1.853450e-02,83,59,1.235662,0.693740,1.917099,5047,4986,2.321082e-02,1,1,0
R3_low_info,low-info/ocs-hard,60,60,-30,20_pack,2.382787e-02,49,25,0.692193,2.256512,1.917099,5835,3221,4.619091e-02,1,0,0
R3_low_info,low-info/ocs-hard,60,60,-15,20_pack,4.222377e-02,26,2,0.647696,1.443042,1.917099,6299,4115,6.406917e-02,1,0,0
R3_low_info,low-info/ocs-hard,60,60,0,01_fullrun,6.654182e-02,24,0,0.557960,1.205689,1.917099,6398,4758,8.732371e-02,1,0,0
R3_low_info,low-info/ocs-hard,60,60,15,20_pack,2.964026e-02,70,46,0.656318,1.173821,1.917099,6129,5197,3.561158e-02,1,0,0
R3_low_info,low-info/ocs-hard,60,60,30,20_pack,2.353338e-02,74,50,0.896125,0.740165,1.917099,5845,5655,2.598446e-02,1,1,0
R3_low_info,low-info/ocs-hard,60,60,45,20_pack,1.701358e-02,97,73,1.344206,0.687780,1.917099,6146,5857,1.813771e-02,1,1,0
R3_low_info,low-info/ocs-hard,60,60,60,20_pack,1.348280e-02,102,78,0.921699,0.418724,1.917099,6161,2354,3.576312e-02,1,0,0
R3_low_info,low-info/ocs-hard,60,65,-60,20_pack,1.373716e-02,125,106,0.860696,0.408192,1.986205,3938,3824,2.243061e-02,1,1,0
R3_low_info,low-info/ocs-hard,60,65,-45,20_pack,1.820527e-02,88,69,1.246619,0.698195,1.986205,4919,4845,2.346202e-02,1,1,0
R3_low_info,low-info/ocs-hard,60,65,-30,20_pack,2.321380e-02,58,39,0.590473,2.349489,1.986205,5739,3025,4.791624e-02,1,0,0
R3_low_info,low-info/ocs-hard,60,65,-15,20_pack,3.837742e-02,29,10,0.611112,1.478875,1.986205,6236,3961,6.049686e-02,1,0,0
R3_low_info,low-info/ocs-hard,60,65,0,01_fullrun,6.779129e-02,19,0,0.556376,1.223739,1.986205,6388,4675,9.054286e-02,1,0,0
R3_low_info,low-info/ocs-hard,60,65,15,20_pack,3.065191e-02,68,49,0.623206,1.171307,1.986205,6146,5130,3.730801e-02,1,1,0
R3_low_info,low-info/ocs-hard,60,65,30,20_pack,2.373804e-02,73,54,0.882661,0.798618,1.986205,5733,5563,2.664389e-02,1,1,0
R3_low_info,low-info/ocs-hard,60,65,45,20_pack,1.732181e-02,94,75,1.308420,0.725736,1.986205,6102,5806,1.862852e-02,1,1,0
R3_low_info,low-info/ocs-hard,60,65,60,20_pack,1.340435e-02,104,85,0.784771,0.457551,1.986205,6144,2244,3.729794e-02,1,0,0
R3_low_info,low-info/ocs-hard,60,70,-60,20_pack,1.387607e-02,124,107,0.803805,0.379762,2.009055,3837,3731,2.322219e-02,1,1,0
R3_low_info,low-info/ocs-hard,60,70,-45,20_pack,1.773201e-02,89,72,1.209651,0.679192,2.009055,4804,4724,2.343744e-02,1,1,0
R3_low_info,low-info/ocs-hard,60,70,-30,20_pack,2.312613e-02,61,44,0.559960,1.990666,2.009055,5653,2889,4.998242e-02,1,0,0
R3_low_info,low-info/ocs-hard,60,70,-15,20_pack,3.592834e-02,31,14,0.541819,1.204099,2.009055,6175,3816,5.878827e-02,1,0,0
R3_low_info,low-info/ocs-hard,60,70,0,01_fullrun,6.797072e-02,17,0,0.499788,0.936775,2.009055,6361,4578,9.270603e-02,1,0,0
R3_low_info,low-info/ocs-hard,60,70,15,20_pack,3.128576e-02,67,50,0.550084,1.178351,2.009055,6138,5043,3.873643e-02,1,1,0
R3_low_info,low-info/ocs-hard,60,70,30,20_pack,2.347094e-02,75,58,0.888278,0.884851,2.009055,5591,5373,2.727568e-02,1,1,0
R3_low_info,low-info/ocs-hard,60,70,45,20_pack,1.737635e-02,93,76,1.268167,0.712734,2.009055,6055,5751,1.886589e-02,1,1,0
R3_low_info,low-info/ocs-hard,60,70,60,20_pack,1.345386e-02,103,86,0.696465,0.452007,2.009055,6126,2133,3.938383e-02,1,0,0
R3_low_info,low-info/ocs-hard,60,75,-60,20_pack,1.437567e-02,121,105,0.761805,0.349525,2.031330,3766,3634,2.470046e-02,1,1,0
R3_low_info,low-info/ocs-hard,60,75,-45,20_pack,1.760265e-02,90,74,1.269143,0.660237,2.031330,4683,4594,2.392484e-02,1,1,0
R3_low_info,low-info/ocs-hard,60,75,-30,20_pack,2.257140e-02,66,50,0.492058,1.672859,2.031330,5565,2705,5.210186e-02,1,0,0
R3_low_info,low-info/ocs-hard,60,75,-15,20_pack,3.412113e-02,33,17,0.488243,1.185597,2.031330,6121,3696,5.764391e-02,1,0,0
R3_low_info,low-info/ocs-hard,60,75,0,01_fullrun,6.868044e-02,16,0,0.490113,0.911990,2.031330,6320,4478,9.576590e-02,1,0,0
R3_low_info,low-info/ocs-hard,60,75,15,20_pack,3.214295e-02,65,49,0.513489,1.166056,2.031330,6118,4947,4.057007e-02,1,1,0
R3_low_info,low-info/ocs-hard,60,75,30,20_pack,2.343776e-02,76,60,0.748870,0.994645,2.031330,5654,5267,2.778527e-02,1,1,0
R3_low_info,low-info/ocs-hard,60,75,45,20_pack,1.791891e-02,92,76,1.212118,0.724601,2.031330,6001,5675,1.971550e-02,1,1,0
R3_low_info,low-info/ocs-hard,60,75,60,20_pack,1.352417e-02,101,85,0.659373,0.455685,2.031330,6085,2045,4.129328e-02,1,0,0
R3_low_info,low-info/ocs-hard,60,80,-60,20_pack,1.438835e-02,120,105,0.599642,0.295683,2.040533,3678,3537,2.540024e-02,1,0,0
R3_low_info,low-info/ocs-hard,60,80,-45,20_pack,1.712125e-02,93,78,1.165840,0.615898,2.040533,4568,4467,2.393213e-02,1,1,0
R3_low_info,low-info/ocs-hard,60,80,-30,20_pack,2.189414e-02,70,55,0.424740,1.399837,2.040533,5477,2552,5.356846e-02,1,0,0
R3_low_info,low-info/ocs-hard,60,80,-15,20_pack,3.246723e-02,34,19,0.429329,1.200764,2.040533,6058,3543,5.721845e-02,1,0,0
R3_low_info,low-info/ocs-hard,60,80,0,01_fullrun,6.887131e-02,15,0,0.455911,0.916954,2.040533,6281,4355,9.874431e-02,1,0,0
R3_low_info,low-info/ocs-hard,60,80,15,20_pack,3.287436e-02,62,47,0.390622,1.157012,2.040533,6088,4817,4.261304e-02,1,0,0
R3_low_info,low-info/ocs-hard,60,80,30,20_pack,2.424212e-02,71,56,0.904533,0.968138,2.040533,5649,5171,2.927238e-02,1,1,0
R3_low_info,low-info/ocs-hard,60,80,45,20_pack,1.830037e-02,91,76,1.185332,0.698130,2.040533,5907,5565,2.053321e-02,1,1,0
R3_low_info,low-info/ocs-hard,60,80,60,20_pack,1.360391e-02,98,83,0.641663,0.426152,2.040533,6037,1959,4.336021e-02,1,0,0
R3_low_info,low-info/ocs-hard,65,60,-60,20_pack,1.469847e-02,118,82,0.814905,0.300211,1.591895,4051,3903,2.351449e-02,1,0,0
R3_low_info,low-info/ocs-hard,65,60,-45,20_pack,1.665668e-02,98,62,1.324891,0.570980,1.591895,4748,4672,2.226115e-02,1,1,0
R3_low_info,low-info/ocs-hard,65,60,-30,20_pack,2.090310e-02,74,38,1.316606,1.165681,1.591895,5626,5567,2.344506e-02,1,1,0
R3_low_info,low-info/ocs-hard,65,60,-15,20_pack,3.032586e-02,35,-1,0.640660,1.386345,1.591895,6191,3887,4.871475e-02,1,0,0
R3_low_info,low-info/ocs-hard,65,60,0,01_fullrun,5.211601e-02,36,0,0.648594,1.063859,1.591895,6413,4636,7.019233e-02,1,0,0
R3_low_info,low-info/ocs-hard,65,60,15,20_pack,3.139416e-02,66,30,0.552030,1.209630,1.591895,6273,5117,3.830852e-02,1,0,0
R3_low_info,low-info/ocs-hard,65,60,30,20_pack,2.453397e-02,70,34,0.869381,0.698379,1.591895,5884,5480,2.795434e-02,1,1,0
R3_low_info,low-info/ocs-hard,65,60,45,20_pack,1.901613e-02,90,54,1.281901,0.736725,1.591895,6105,5860,2.026219e-02,1,1,0
R3_low_info,low-info/ocs-hard,65,60,60,20_pack,1.277507e-02,112,76,1.857540,0.491729,1.591895,6202,5654,1.410813e-02,1,1,0
R3_low_info,low-info/ocs-hard,65,65,-60,20_pack,1.519658e-02,116,87,0.653330,0.299597,1.595275,4011,3815,2.487214e-02,1,0,0
R3_low_info,low-info/ocs-hard,65,65,-45,20_pack,1.663619e-02,99,70,1.313719,0.571462,1.595275,4640,4556,2.279986e-02,1,1,0
R3_low_info,low-info/ocs-hard,65,65,-30,20_pack,2.048556e-02,77,48,1.294943,1.181011,1.595275,5528,5452,2.346140e-02,1,1,0
R3_low_info,low-info/ocs-hard,65,65,-15,20_pack,2.961353e-02,36,7,0.554466,1.399755,1.595275,6126,3728,4.959937e-02,1,0,0
R3_low_info,low-info/ocs-hard,65,65,0,01_fullrun,5.274215e-02,29,0,0.642022,1.075472,1.595275,6394,4515,7.293937e-02,1,0,0
R3_low_info,low-info/ocs-hard,65,65,15,20_pack,3.271301e-02,64,35,0.529592,1.203643,1.595275,6282,5014,4.073786e-02,1,0,0
R3_low_info,low-info/ocs-hard,65,65,30,20_pack,2.525883e-02,67,38,0.836361,0.796122,1.595275,5915,5398,2.921745e-02,1,1,0
R3_low_info,low-info/ocs-hard,65,65,45,20_pack,1.922262e-02,89,60,1.214036,0.768102,1.595275,6044,5788,2.073700e-02,1,1,0
R3_low_info,low-info/ocs-hard,65,65,60,20_pack,1.290112e-02,110,81,1.808984,0.511008,1.595275,6190,5616,1.434373e-02,1,1,0
R3_low_info,low-info/ocs-hard,65,70,-60,20_pack,1.567676e-02,111,81,0.540865,0.312176,1.570585,3998,3740,2.617259e-02,1,0,0
R3_low_info,low-info/ocs-hard,65,70,-45,20_pack,1.619356e-02,104,74,1.207434,0.537585,1.570585,4501,4413,2.291238e-02,1,1,0
R3_low_info,low-info/ocs-hard,65,70,-30,20_pack,2.020393e-02,78,48,1.295167,1.061003,1.570585,5423,5343,2.361091e-02,1,1,0
R3_low_info,low-info/ocs-hard,65,70,-15,20_pack,2.887275e-02,37,7,0.485636,1.443868,1.570585,6045,3556,5.069772e-02,1,0,0
R3_low_info,low-info/ocs-hard,65,70,0,01_fullrun,5.271370e-02,30,0,0.582001,1.099411,1.570585,6360,4394,7.490751e-02,1,0,0
R3_low_info,low-info/ocs-hard,65,70,15,20_pack,3.427288e-02,60,30,0.452081,1.196250,1.570585,6268,4924,4.346048e-02,1,0,0
R3_low_info,low-info/ocs-hard,65,70,30,20_pack,2.600912e-02,62,32,0.868595,0.906383,1.570585,5914,5324,3.050350e-02,1,1,0
R3_low_info,low-info/ocs-hard,65,70,45,20_pack,1.985491e-02,88,58,1.255819,0.782472,1.570585,5978,5720,2.167373e-02,1,1,0
R3_low_info,low-info/ocs-hard,65,70,60,20_pack,1.311526e-02,106,76,1.759636,0.518385,1.570585,6163,5626,1.455590e-02,1,1,0
R3_low_info,low-info/ocs-hard,65,75,-60,20_pack,1.611019e-02,106,78,0.424983,0.370422,1.538643,3943,3648,2.757451e-02,1,0,0
R3_low_info,low-info/ocs-hard,65,75,-45,20_pack,1.610878e-02,107,79,1.230776,0.525440,1.538643,4369,4265,2.358336e-02,1,1,0
R3_low_info,low-info/ocs-hard,65,75,-30,20_pack,1.989564e-02,80,52,1.291026,0.993064,1.538643,5314,5233,2.373937e-02,1,1,0
R3_low_info,low-info/ocs-hard,65,75,-15,20_pack,2.856570e-02,38,10,0.436060,1.465472,1.538643,5997,3421,5.213792e-02,1,0,0
R3_low_info,low-info/ocs-hard,65,75,0,01_fullrun,5.287804e-02,28,0,0.545443,1.094146,1.538643,6319,4273,7.726884e-02,1,0,0
R3_low_info,low-info/ocs-hard,65,75,15,20_pack,3.673418e-02,54,26,0.431891,1.170411,1.538643,6253,4840,4.739003e-02,1,0,0
R3_low_info,low-info/ocs-hard,65,75,30,20_pack,2.597766e-02,63,35,0.632696,1.069546,1.538643,5896,5208,3.114519e-02,1,1,0
R3_low_info,low-info/ocs-hard,65,75,45,20_pack,1.997233e-02,87,59,1.113973,0.784595,1.538643,5915,5630,2.215044e-02,1,1,0
R3_low_info,low-info/ocs-hard,65,75,60,20_pack,1.358642e-02,99,71,1.680609,0.527290,1.538643,6121,5626,1.507881e-02,1,1,0
R3_low_info,low-info/ocs-hard,65,80,-60,20_pack,1.659003e-02,100,73,0.344498,0.352456,1.501924,3870,3548,2.919614e-02,1,0,0
R3_low_info,low-info/ocs-hard,65,80,-45,20_pack,1.570720e-02,114,87,1.207690,0.479044,1.501924,4236,4137,2.370693e-02,1,1,0
R3_low_info,low-info/ocs-hard,65,80,-30,20_pack,1.994706e-02,79,52,1.278665,0.921172,1.501924,5227,5136,2.425023e-02,1,1,0
R3_low_info,low-info/ocs-hard,65,80,-15,20_pack,2.810282e-02,40,13,0.393161,1.472432,1.501924,5919,3286,5.340037e-02,1,0,0
R3_low_info,low-info/ocs-hard,65,80,0,01_fullrun,5.331339e-02,27,0,0.548943,1.084923,1.501924,6268,4156,8.009818e-02,1,0,0
R3_low_info,low-info/ocs-hard,65,80,15,20_pack,4.006243e-02,49,22,0.382206,1.154327,1.501924,6211,4747,5.269629e-02,1,0,0
R3_low_info,low-info/ocs-hard,65,80,30,20_pack,2.662700e-02,58,31,0.774582,1.028771,1.501924,5850,5085,3.269589e-02,1,1,0
R3_low_info,low-info/ocs-hard,65,80,45,20_pack,2.036519e-02,86,59,1.104066,0.757217,1.501924,5813,5525,2.301538e-02,1,1,0
R3_low_info,low-info/ocs-hard,65,80,60,20_pack,1.412343e-02,95,68,1.634971,0.497790,1.501924,6071,5572,1.582672e-02,1,1,0
R3_low_info,low-info/ocs-hard,70,60,-60,20_pack,1.626585e-02,104,44,0.651166,0.345977,1.043228,4306,3942,2.576452e-02,1,0,0
R3_low_info,low-info/ocs-hard,70,60,-45,20_pack,1.501039e-02,118,58,1.229146,0.441825,1.043228,4478,4385,2.137393e-02,1,1,0
R3_low_info,low-info/ocs-hard,70,60,-30,20_pack,1.912187e-02,82,22,1.312806,0.833261,1.043228,5349,5288,2.257880e-02,1,1,0
R3_low_info,low-info/ocs-hard,70,60,-15,20_pack,2.643923e-02,54,-6,0.635332,1.221562,1.043228,6030,3634,4.542823e-02,1,0,0
R3_low_info,low-info/ocs-hard,70,60,0,01_fullrun,3.856452e-02,60,0,0.808257,0.871932,1.043228,6388,4461,5.397811e-02,1,0,0
R3_low_info,low-info/ocs-hard,70,60,15,20_pack,3.273356e-02,63,3,0.532913,0.838335,1.043228,6371,4985,4.100058e-02,1,0,0
R3_low_info,low-info/ocs-hard,70,60,30,20_pack,2.627634e-02,60,0,0.708237,0.605220,1.043228,6080,5399,3.038879e-02,1,1,0
R3_low_info,low-info/ocs-hard,70,60,45,20_pack,2.040429e-02,85,25,1.002001,0.764717,1.043228,6015,5804,2.195109e-02,1,1,0
R3_low_info,low-info/ocs-hard,70,60,60,20_pack,1.432240e-02,93,33,1.693315,0.524056,1.043228,6205,5770,1.549893e-02,1,1,0
R3_low_info,low-info/ocs-hard,70,65,-60,20_pack,1.700034e-02,98,41,0.501439,0.427404,1.014106,4309,3867,2.745020e-02,1,0,0
R3_low_info,low-info/ocs-hard,70,65,-45,20_pack,1.552427e-02,115,58,1.335364,0.438646,1.014106,4345,4254,2.278639e-02,1,1,0
R3_low_info,low-info/ocs-hard,70,65,-30,20_pack,1.879617e-02,87,30,1.272153,0.837397,1.014106,5239,5178,2.266571e-02,1,1,0
R3_low_info,low-info/ocs-hard,70,65,-15,20_pack,2.632289e-02,56,-1,0.615395,1.225835,1.014106,5976,3476,4.728417e-02,1,0,0
R3_low_info,low-info/ocs-hard,70,65,0,01_fullrun,3.873486e-02,57,0,0.762843,0.876324,1.014106,6376,4315,5.605097e-02,1,0,0
R3_low_info,low-info/ocs-hard,70,65,15,20_pack,3.470005e-02,58,1,0.493760,0.826913,1.014106,6375,4901,4.420866e-02,1,0,0
R3_low_info,low-info/ocs-hard,70,65,30,20_pack,2.691960e-02,57,0,0.610928,0.681358,1.014106,6099,5312,3.164263e-02,1,1,0
R3_low_info,low-info/ocs-hard,70,65,45,20_pack,2.077901e-02,83,26,0.989910,0.781611,1.014106,5953,5733,2.263106e-02,1,1,0
R3_low_info,low-info/ocs-hard,70,65,60,20_pack,1.468254e-02,88,31,1.662202,0.528347,1.014106,6185,5788,1.583925e-02,1,1,0
R3_low_info,low-info/ocs-hard,70,70,-60,20_pack,1.792446e-02,92,36,0.413331,0.456725,0.978677,4299,3768,2.970279e-02,1,0,0
R3_low_info,low-info/ocs-hard,70,70,-45,20_pack,1.506640e-02,117,61,1.292611,0.438147,0.978677,4176,4084,2.303487e-02,1,1,0
R3_low_info,low-info/ocs-hard,70,70,-30,20_pack,1.885219e-02,86,30,1.258286,0.763756,0.978677,5155,5068,2.322668e-02,1,1,0
R3_low_info,low-info/ocs-hard,70,70,-15,20_pack,2.595232e-02,61,5,0.588482,1.246387,0.978677,5891,3295,4.917935e-02,1,0,0
R3_low_info,low-info/ocs-hard,70,70,0,01_fullrun,3.877054e-02,56,0,0.702315,0.874446,0.978677,6317,4180,5.791452e-02,1,0,0
R3_low_info,low-info/ocs-hard,70,70,15,20_pack,3.748921e-02,51,-5,0.464551,0.784711,0.978677,6363,4844,4.832413e-02,1,0,0
R3_low_info,low-info/ocs-hard,70,70,30,20_pack,2.764771e-02,54,-2,0.561661,0.797492,0.978677,6080,5211,3.312836e-02,1,1,0
R3_low_info,low-info/ocs-hard,70,70,45,20_pack,2.116152e-02,81,25,0.965521,0.807548,0.978677,5872,5642,2.341940e-02,1,1,0
R3_low_info,low-info/ocs-hard,70,70,60,20_pack,1.512090e-02,83,27,1.593316,0.537937,0.978677,6150,5756,1.640283e-02,1,1,0
R3_low_info,low-info/ocs-hard,70,75,-60,20_pack,1.877161e-02,85,27,0.328987,0.561486,1.084661,4264,3670,3.193723e-02,1,0,0
R3_low_info,low-info/ocs-hard,70,75,-45,20_pack,1.454728e-02,121,63,1.184382,0.544399,1.084661,4033,3922,2.315987e-02,1,1,0
R3_low_info,low-info/ocs-hard,70,75,-30,20_pack,1.852985e-02,92,34,1.277338,0.747458,1.084661,5029,4948,2.338321e-02,1,1,0
R3_low_info,low-info/ocs-hard,70,75,-15,20_pack,2.537498e-02,65,7,0.503401,1.282632,1.084661,5823,3112,5.091293e-02,1,0,0
R3_low_info,low-info/ocs-hard,70,75,0,01_fullrun,3.871895e-02,58,0,0.644702,0.879472,1.084661,6257,4033,5.994560e-02,1,0,0
R3_low_info,low-info/ocs-hard,70,75,15,20_pack,4.140194e-02,47,-11,0.440990,0.746917,1.084661,6323,4717,5.480456e-02,1,0,0
R3_low_info,low-info/ocs-hard,70,75,30,20_pack,2.829953e-02,51,-7,0.515442,0.940981,1.084661,6040,5108,3.459316e-02,1,1,0
R3_low_info,low-info/ocs-hard,70,75,45,20_pack,2.155755e-02,79,21,0.743470,0.834312,1.084661,5796,5563,2.419648e-02,1,1,0
R3_low_info,low-info/ocs-hard,70,75,60,20_pack,1.562552e-02,82,24,1.573771,0.549342,1.084661,6104,5677,1.718611e-02,1,1,0
R3_low_info,low-info/ocs-hard,70,80,-60,20_pack,1.988138e-02,78,17,0.271379,0.555433,1.281744,4197,3553,3.493923e-02,1,0,0
R3_low_info,low-info/ocs-hard,70,80,-45,20_pack,1.414375e-02,124,63,1.040341,0.541740,1.281744,3878,3764,2.346265e-02,1,1,0
R3_low_info,low-info/ocs-hard,70,80,-30,20_pack,1.848109e-02,93,32,1.220943,0.737718,1.281744,4928,4842,2.383223e-02,1,1,0
R3_low_info,low-info/ocs-hard,70,80,-15,20_pack,2.518245e-02,66,5,0.443346,1.287797,1.281744,5732,2929,5.368347e-02,1,0,0
R3_low_info,low-info/ocs-hard,70,80,0,01_fullrun,3.840838e-02,61,0,0.567259,0.864965,1.281744,6196,3898,6.152421e-02,1,0,0
R3_low_info,low-info/ocs-hard,70,80,15,20_pack,4.694299e-02,43,-18,0.394500,0.731370,1.281744,6286,4578,6.402608e-02,1,0,0
R3_low_info,low-info/ocs-hard,70,80,30,20_pack,2.885478e-02,48,-13,0.453921,0.911329,1.281744,5995,4997,3.605540e-02,1,0,0
R3_low_info,low-info/ocs-hard,70,80,45,20_pack,2.211058e-02,72,11,0.803833,0.802956,1.281744,5673,5436,2.539701e-02,1,1,0
R3_low_info,low-info/ocs-hard,70,80,60,20_pack,1.630049e-02,80,19,1.483349,0.517378,1.281744,6035,5624,1.809745e-02,1,1,0
R3_low_info,low-info/ocs-hard,75,60,-60,20_pack,1.776509e-02,93,27,0.524814,0.344084,0.868610,4624,3965,2.797604e-02,1,0,0
R3_low_info,low-info/ocs-hard,75,60,-45,20_pack,1.339516e-02,125,59,1.162743,0.341388,0.868610,4196,4095,2.042471e-02,1,1,0
R3_low_info,low-info/ocs-hard,75,60,-30,20_pack,1.749032e-02,96,30,1.313190,0.677280,0.868610,5080,5024,2.173752e-02,1,1,0
R3_low_info,low-info/ocs-hard,75,60,-15,20_pack,2.363178e-02,71,5,0.672129,0.813819,0.868610,5824,3361,4.390256e-02,1,0,0
R3_low_info,low-info/ocs-hard,75,60,0,01_fullrun,3.228815e-02,66,0,0.824804,0.488459,0.868610,6307,4222,4.775148e-02,1,1,0
R3_low_info,low-info/ocs-hard,75,60,15,20_pack,3.297393e-02,61,-5,0.572887,0.386407,0.868610,6415,4872,4.225960e-02,1,0,0
R3_low_info,low-info/ocs-hard,75,60,30,20_pack,2.766125e-02,53,-13,0.583851,0.539178,0.868610,6196,5258,3.284832e-02,1,0,0
R3_low_info,low-info/ocs-hard,75,60,45,20_pack,2.150105e-02,80,14,0.596871,0.663798,0.868610,5919,5714,2.349532e-02,1,0,0
R3_low_info,low-info/ocs-hard,75,60,60,20_pack,1.615636e-02,81,15,1.575560,0.417278,0.868610,6184,5871,1.718278e-02,1,1,0
R3_low_info,low-info/ocs-hard,75,65,-60,20_pack,1.892137e-02,83,18,0.443911,0.422847,0.887346,4636,3886,3.040267e-02,1,0,0
R3_low_info,low-info/ocs-hard,75,65,-45,20_pack,1.460267e-02,120,55,1.529148,0.407774,0.887346,4073,3964,2.300173e-02,1,1,0
R3_low_info,low-info/ocs-hard,75,65,-30,20_pack,1.740401e-02,98,33,1.324046,0.678590,0.887346,4963,4890,2.222299e-02,1,1,0
R3_low_info,low-info/ocs-hard,75,65,-15,20_pack,2.337531e-02,72,7,0.636576,0.817642,0.887346,5773,3188,4.578266e-02,1,0,0
R3_low_info,low-info/ocs-hard,75,65,0,01_fullrun,3.236041e-02,65,0,0.745773,0.496679,0.887346,6273,4070,4.964569e-02,1,1,0
R3_low_info,low-info/ocs-hard,75,65,15,20_pack,3.521397e-02,55,-10,0.581566,0.381640,0.887346,6419,4780,4.599907e-02,1,0,0
R3_low_info,low-info/ocs-hard,75,65,30,20_pack,2.847664e-02,50,-15,0.532309,0.613796,0.887346,6198,5178,3.433908e-02,1,0,0
R3_low_info,low-info/ocs-hard,75,65,45,20_pack,2.196608e-02,75,10,0.703310,0.681228,0.887346,5807,5605,2.447028e-02,1,1,0
R3_low_info,low-info/ocs-hard,75,65,60,20_pack,1.673195e-02,79,14,1.589825,0.422326,0.887346,6140,5826,1.793238e-02,1,1,0
R3_low_info,low-info/ocs-hard,75,70,-60,20_pack,2.031568e-02,76,7,0.387540,0.447967,0.972393,4625,3799,3.339058e-02,1,0,0
R3_low_info,low-info/ocs-hard,75,70,-45,20_pack,1.460605e-02,119,50,1.350176,0.438737,0.972393,3947,3837,2.376856e-02,1,1,0
R3_low_info,low-info/ocs-hard,75,70,-30,20_pack,1.742376e-02,97,28,1.359997,0.628137,0.972393,4852,4773,2.279357e-02,1,1,0
R3_low_info,low-info/ocs-hard,75,70,-15,20_pack,2.298693e-02,73,4,0.552068,0.831575,0.972393,5698,3008,4.771611e-02,1,0,0
R3_low_info,low-info/ocs-hard,75,70,0,01_fullrun,3.185871e-02,69,0,0.626335,0.594146,0.972393,6217,3930,5.061713e-02,1,0,0
R3_low_info,low-info/ocs-hard,75,70,15,20_pack,3.761295e-02,50,-19,0.555478,0.442384,0.972393,6393,4642,5.059343e-02,1,0,0
R3_low_info,low-info/ocs-hard,75,70,30,20_pack,2.900454e-02,47,-22,0.443614,0.719932,0.972393,6186,5074,3.569254e-02,1,0,0
R3_low_info,low-info/ocs-hard,75,70,45,20_pack,2.213396e-02,71,2,0.710162,0.695963,0.972393,5708,5437,2.541919e-02,1,1,0
R3_low_info,low-info/ocs-hard,75,70,60,20_pack,1.699825e-02,78,9,1.448610,0.420302,0.972393,6100,5769,1.839778e-02,1,1,0
R3_low_info,low-info/ocs-hard,75,75,-60,20_pack,2.193643e-02,66,-4,0.340200,0.546434,1.128591,4575,3686,3.715973e-02,1,0,0
R3_low_info,low-info/ocs-hard,75,75,-45,20_pack,1.433763e-02,123,53,0.974035,0.542031,1.128591,3862,3718,2.407853e-02,1,1,0
R3_low_info,low-info/ocs-hard,75,75,-30,20_pack,1.719456e-02,99,29,1.297740,0.628023,1.128591,4721,4633,2.317345e-02,1,1,0
R3_low_info,low-info/ocs-hard,75,75,-15,20_pack,2.255463e-02,74,4,0.509043,0.852053,1.128591,5602,2819,4.995771e-02,1,0,0
R3_low_info,low-info/ocs-hard,75,75,0,01_fullrun,3.181534e-02,70,0,0.544258,0.775666,1.128591,6155,3757,5.287584e-02,1,0,0
R3_low_info,low-info/ocs-hard,75,75,15,20_pack,4.193633e-02,46,-24,0.554433,0.576554,1.128591,6371,4543,5.763809e-02,1,0,0
R3_low_info,low-info/ocs-hard,75,75,30,20_pack,3.004853e-02,44,-26,0.439472,0.864589,1.128591,6176,4997,3.754705e-02,1,0,0
R3_low_info,low-info/ocs-hard,75,75,45,20_pack,2.263399e-02,68,-2,0.638965,0.712726,1.128591,5742,5317,2.658009e-02,1,1,0
R3_low_info,low-info/ocs-hard,75,75,60,20_pack,1.762962e-02,77,7,1.354818,0.421814,1.128591,6030,5689,1.934946e-02,1,1,0
R3_low_info,low-info/ocs-hard,75,80,-60,20_pack,2.368960e-02,51,-23,0.299801,0.538858,1.325550,4502,3552,4.164345e-02,1,0,0
R3_low_info,low-info/ocs-hard,75,80,-45,20_pack,1.441185e-02,122,48,0.713899,0.538265,1.325550,3750,3602,2.498262e-02,1,0,0
R3_low_info,low-info/ocs-hard,75,80,-30,20_pack,1.688879e-02,105,31,1.202433,0.602851,1.325550,4595,4500,2.343408e-02,1,1,0
R3_low_info,low-info/ocs-hard,75,80,-15,20_pack,2.191544e-02,75,1,0.461737,0.854920,1.325550,5503,2599,5.265091e-02,1,0,0
R3_low_info,low-info/ocs-hard,75,80,0,01_fullrun,3.135264e-02,74,0,0.440838,0.760420,1.325550,6089,3617,5.412370e-02,1,0,0
R3_low_info,low-info/ocs-hard,75,80,15,20_pack,4.813331e-02,40,-34,0.540646,0.544415,1.325550,6313,4415,6.807332e-02,1,0,0
R3_low_info,low-info/ocs-hard,75,80,30,20_pack,3.126383e-02,41,-33,0.413706,0.825164,1.325550,6148,4881,3.999404e-02,1,0,0
R3_low_info,low-info/ocs-hard,75,80,45,20_pack,2.329613e-02,65,-9,0.637132,0.680851,1.325550,5709,5204,2.795171e-02,1,1,0
R3_low_info,low-info/ocs-hard,75,80,60,20_pack,1.800470e-02,76,2,1.175194,0.390464,1.325550,5960,5616,2.001800e-02,1,1,0
R4_bright_robust,bright/robust-easy,140,5,-60,20_pack,6.666469e-02,16,-4,0.423417,0.965422,0.081126,5052,2968,1.402471e-01,1,0,0
R4_bright_robust,bright/robust-easy,140,5,-45,20_pack,6.642630e-02,16,-4,0.418228,0.963254,0.081126,5243,2986,1.389032e-01,1,0,0
R4_bright_robust,bright/robust-easy,140,5,-30,20_pack,6.746469e-02,15,-5,0.427525,0.962051,0.081126,5337,3037,1.387055e-01,1,0,0
R4_bright_robust,bright/robust-easy,140,5,-15,20_pack,6.732086e-02,17,-3,0.617028,0.952472,0.081126,5321,3478,1.208598e-01,1,0,0
R4_bright_robust,bright/robust-easy,140,5,0,01_fullrun,6.769237e-02,20,0,0.534300,0.963840,0.081126,5067,3213,1.315500e-01,1,0,1
R4_bright_robust,bright/robust-easy,140,5,15,20_pack,6.664144e-02,35,15,0.498577,0.971491,0.081126,5232,3055,1.362056e-01,1,0,1
R4_bright_robust,bright/robust-easy,140,5,30,20_pack,6.548760e-02,15,-5,0.455969,0.986145,0.081126,5241,3003,1.361651e-01,1,0,0
R4_bright_robust,bright/robust-easy,140,5,45,20_pack,6.342490e-02,15,-5,0.401388,0.995808,0.081126,5117,2906,1.362781e-01,1,0,0
R4_bright_robust,bright/robust-easy,140,5,60,20_pack,6.234286e-02,15,-5,0.359476,0.977130,0.081126,4923,2851,1.365373e-01,1,0,0
R4_bright_robust,bright/robust-easy,140,10,-60,20_pack,1.049815e-01,9,0,0.387373,0.918383,0.056540,5223,2890,2.268176e-01,1,0,0
R4_bright_robust,bright/robust-easy,140,10,-45,20_pack,1.052912e-01,10,1,0.426558,0.918100,0.056540,5354,2989,2.199521e-01,1,0,0
R4_bright_robust,bright/robust-easy,140,10,-30,20_pack,1.069071e-01,9,0,0.414924,0.913107,0.056540,5359,3021,2.209620e-01,1,0,0
R4_bright_robust,bright/robust-easy,140,10,-15,20_pack,1.061604e-01,10,1,0.423026,0.905288,0.056540,5192,3020,2.194914e-01,1,0,0
R4_bright_robust,bright/robust-easy,140,10,0,01_fullrun,1.069917e-01,9,0,0.437989,0.915338,0.056540,5225,3067,2.178203e-01,1,0,0
R4_bright_robust,bright/robust-easy,140,10,15,20_pack,1.050927e-01,25,16,0.433650,0.926451,0.056540,5269,2965,2.213145e-01,1,0,1
R4_bright_robust,bright/robust-easy,140,10,30,20_pack,1.045064e-01,7,-2,0.438719,0.936017,0.056540,5170,2935,2.223293e-01,1,0,1
R4_bright_robust,bright/robust-easy,140,10,45,20_pack,1.015488e-01,9,0,0.428895,0.938558,0.056540,4983,2855,2.220908e-01,1,0,0
R4_bright_robust,bright/robust-easy,140,10,60,20_pack,1.010705e-01,9,0,0.383044,0.920406,0.056540,4694,2775,2.274171e-01,1,0,0
R4_bright_robust,bright/robust-easy,140,15,-60,20_pack,1.049560e-01,10,4,0.373788,0.893431,0.041018,5403,2763,2.371857e-01,1,0,0
R4_bright_robust,bright/robust-easy,140,15,-45,20_pack,1.085489e-01,8,2,0.432330,0.892733,0.041018,5447,2951,2.296774e-01,1,0,0
R4_bright_robust,bright/robust-easy,140,15,-30,20_pack,1.093217e-01,7,1,0.421297,0.863391,0.041018,5332,2947,2.316265e-01,1,0,0
R4_bright_robust,bright/robust-easy,140,15,-15,20_pack,1.093581e-01,7,1,0.527902,0.870678,0.041018,5250,3212,2.125873e-01,1,0,0
R4_bright_robust,bright/robust-easy,140,15,0,01_fullrun,1.082000e-01,6,0,0.420010,0.879595,0.041018,5330,2939,2.298739e-01,1,0,0
R4_bright_robust,bright/robust-easy,140,15,15,20_pack,1.082328e-01,22,16,0.400113,0.892968,0.041018,5281,2898,2.331966e-01,1,0,0
R4_bright_robust,bright/robust-easy,140,15,30,20_pack,1.059377e-01,5,-1,0.404376,0.882890,0.041018,5095,2822,2.343989e-01,1,0,0
R4_bright_robust,bright/robust-easy,140,15,45,20_pack,1.057722e-01,5,-1,0.401129,0.873178,0.041018,4821,2776,2.379108e-01,1,0,1
R4_bright_robust,bright/robust-easy,140,15,60,20_pack,1.055462e-01,5,-1,0.395134,0.851219,0.041018,4492,2738,2.406972e-01,1,0,1
R4_bright_robust,bright/robust-easy,140,20,-60,20_pack,6.822103e-02,14,0,0.338704,1.596565,0.047437,5562,2726,1.562624e-01,1,0,1
R4_bright_robust,bright/robust-easy,140,20,-45,20_pack,7.142638e-02,14,0,0.390127,1.587790,0.047437,5488,2846,1.567060e-01,1,0,0
R4_bright_robust,bright/robust-easy,140,20,-30,20_pack,7.153469e-02,14,0,0.416819,1.564285,0.047437,5189,2909,1.535447e-01,1,0,0
R4_bright_robust,bright/robust-easy,140,20,-15,20_pack,7.107431e-02,16,2,0.597093,1.553158,0.047437,5405,3357,1.321975e-01,1,0,0
R4_bright_robust,bright/robust-easy,140,20,0,01_fullrun,7.038142e-02,14,0,0.387596,1.577019,0.047437,5408,2826,1.555062e-01,1,0,0
R4_bright_robust,bright/robust-easy,140,20,15,20_pack,6.989855e-02,32,18,0.378095,1.588141,0.047437,5268,2797,1.560406e-01,1,0,0
R4_bright_robust,bright/robust-easy,140,20,30,20_pack,6.849239e-02,13,-1,0.365273,1.585620,0.047437,5014,2725,1.569415e-01,1,0,0
R4_bright_robust,bright/robust-easy,140,20,45,20_pack,6.868886e-02,13,-1,0.366243,1.571367,0.047437,4659,2684,1.597959e-01,1,0,0
R4_bright_robust,bright/robust-easy,140,20,60,20_pack,6.897299e-02,13,-1,0.370196,1.541888,0.047437,4238,2654,1.622707e-01,1,0,0
R4_bright_robust,bright/robust-easy,140,25,-60,20_pack,3.437422e-02,26,-37,0.283499,1.170899,0.076901,5669,2647,8.108507e-02,1,0,0
R4_bright_robust,bright/robust-easy,140,25,-45,20_pack,3.483139e-02,23,-40,0.303524,1.158315,0.076901,5527,2681,8.112150e-02,1,0,0
R4_bright_robust,bright/robust-easy,140,25,-30,20_pack,3.711050e-02,23,-40,0.493563,1.134851,0.076901,5471,3097,7.481997e-02,1,0,0
R4_bright_robust,bright/robust-easy,140,25,-15,20_pack,3.709270e-02,30,-33,0.613733,1.104929,0.076901,5549,3441,6.730785e-02,1,0,0
R4_bright_robust,bright/robust-easy,140,25,0,01_fullrun,3.607429e-02,63,0,0.749651,1.132860,0.076901,5471,3735,6.030719e-02,1,0,0
R4_bright_robust,bright/robust-easy,140,25,15,20_pack,3.513287e-02,57,-6,0.358499,1.119496,0.076901,5249,2632,8.334693e-02,1,0,0
R4_bright_robust,bright/robust-easy,140,25,30,20_pack,3.510255e-02,30,-33,0.363386,1.122993,0.076901,4911,2620,8.365644e-02,1,0,0
R4_bright_robust,bright/robust-easy,140,25,45,20_pack,3.442476e-02,24,-39,0.345084,1.099266,0.076901,4510,2563,8.386567e-02,1,0,0
R4_bright_robust,bright/robust-easy,140,25,60,20_pack,3.609268e-02,21,-42,0.505105,1.093339,0.076901,4444,2760,8.165297e-02,1,0,0
R4_bright_robust,bright/robust-easy,145,5,-60,20_pack,1.024246e-01,12,1,0.418192,0.895933,0.073405,5252,2882,2.219077e-01,1,0,0
R4_bright_robust,bright/robust-easy,145,5,-45,20_pack,1.029704e-01,12,1,0.431031,0.897474,0.073405,5491,2898,2.218585e-01,1,0,0
R4_bright_robust,bright/robust-easy,145,5,-30,20_pack,1.034509e-01,11,0,0.444523,0.896409,0.073405,5600,2918,2.213660e-01,1,0,1
R4_bright_robust,bright/robust-easy,145,5,-15,20_pack,1.035914e-01,11,0,0.633572,0.888622,0.073405,5564,3434,1.883586e-01,1,0,1
R4_bright_robust,bright/robust-easy,145,5,0,01_fullrun,1.034859e-01,11,0,0.503510,0.896021,0.073405,5321,3111,2.077032e-01,1,0,0
R4_bright_robust,bright/robust-easy,145,5,15,20_pack,1.011224e-01,29,18,0.443963,0.914351,0.073405,5457,2923,2.160133e-01,1,0,0
R4_bright_robust,bright/robust-easy,145,5,30,20_pack,9.942404e-02,11,0,0.414475,0.921568,0.073405,5461,2841,2.185154e-01,1,0,0
R4_bright_robust,bright/robust-easy,145,5,45,20_pack,9.781412e-02,11,0,0.399122,0.925905,0.073405,5332,2770,2.204874e-01,1,0,0
R4_bright_robust,bright/robust-easy,145,5,60,20_pack,9.616566e-02,12,1,0.385148,0.908250,0.073405,5073,2699,2.224739e-01,1,0,0
R4_bright_robust,bright/robust-easy,145,10,-60,20_pack,1.738567e-01,4,0,0.423336,0.855187,0.054179,5417,2817,3.853598e-01,1,0,0
R4_bright_robust,bright/robust-easy,145,10,-45,20_pack,1.747140e-01,4,0,0.454282,0.858678,0.054179,5601,2903,3.757879e-01,1,0,0
R4_bright_robust,bright/robust-easy,145,10,-30,20_pack,1.738717e-01,4,0,0.458777,0.868758,0.054179,5619,2900,3.743629e-01,1,0,0
R4_bright_robust,bright/robust-easy,145,10,-15,20_pack,1.749033e-01,3,-1,0.464248,0.862522,0.054179,5472,2928,3.729829e-01,1,0,0
R4_bright_robust,bright/robust-easy,145,10,0,01_fullrun,1.735689e-01,4,0,0.473793,0.872910,0.054179,5413,2929,3.700108e-01,1,0,0
R4_bright_robust,bright/robust-easy,145,10,15,20_pack,1.713111e-01,13,9,0.456538,0.860106,0.054179,5496,2850,3.753207e-01,1,0,1
R4_bright_robust,bright/robust-easy,145,10,30,20_pack,1.697110e-01,3,-1,0.437716,0.869166,0.054179,5395,2780,3.811775e-01,1,0,0
R4_bright_robust,bright/robust-easy,145,10,45,20_pack,1.667385e-01,3,-1,0.425787,0.871848,0.054179,5189,2709,3.843162e-01,1,0,1
R4_bright_robust,bright/robust-easy,145,10,60,20_pack,1.656068e-01,3,-1,0.413729,0.858443,0.054179,4876,2661,3.885933e-01,1,0,1
R4_bright_robust,bright/robust-easy,145,15,-60,20_pack,1.752007e-01,2,1,0.417477,0.832120,0.052048,5586,2697,4.056176e-01,1,0,0
R4_bright_robust,bright/robust-easy,145,15,-45,20_pack,1.785108e-01,2,1,0.469122,0.834626,0.052048,5677,2871,3.882336e-01,1,0,0
R4_bright_robust,bright/robust-easy,145,15,-30,20_pack,1.788643e-01,2,1,0.452554,0.821823,0.052048,5611,2839,3.933871e-01,1,0,0
R4_bright_robust,bright/robust-easy,145,15,-15,20_pack,1.788036e-01,2,1,0.515672,0.828915,0.052048,5360,2988,3.736436e-01,1,0,0
R4_bright_robust,bright/robust-easy,145,15,0,01_fullrun,1.778806e-01,1,0,0.451667,0.838846,0.052048,5531,2827,3.928844e-01,1,0,1
R4_bright_robust,bright/robust-easy,145,15,15,20_pack,1.752967e-01,10,9,0.437796,0.828827,0.052048,5498,2757,3.970077e-01,1,0,0
R4_bright_robust,bright/robust-easy,145,15,30,20_pack,1.730988e-01,1,0,0.426117,0.820428,0.052048,5334,2697,4.007513e-01,1,0,0
R4_bright_robust,bright/robust-easy,145,15,45,20_pack,1.701801e-01,2,1,0.422061,0.812258,0.052048,5055,2639,4.026533e-01,1,0,0
R4_bright_robust,bright/robust-easy,145,15,60,20_pack,1.697410e-01,1,0,0.400804,0.795761,0.052048,4666,2586,4.098456e-01,1,0,0
R4_bright_robust,bright/robust-easy,145,20,-60,20_pack,1.057176e-01,8,-2,0.380404,1.491024,0.061137,5723,2597,2.541776e-01,1,0,0
R4_bright_robust,bright/robust-easy,145,20,-45,20_pack,1.099167e-01,7,-3,0.417607,1.487566,0.061137,5735,2751,2.494797e-01,1,0,0
R4_bright_robust,bright/robust-easy,145,20,-30,20_pack,1.090370e-01,8,-2,0.439396,1.485351,0.061137,5549,2783,2.446373e-01,1,0,0
R4_bright_robust,bright/robust-easy,145,20,-15,20_pack,1.089649e-01,8,-2,0.589780,1.475786,0.061137,5557,3160,2.153087e-01,1,0,0
R4_bright_robust,bright/robust-easy,145,20,0,01_fullrun,1.068997e-01,10,0,0.411680,1.502024,0.061137,5602,2690,2.481339e-01,1,0,0
R4_bright_robust,bright/robust-easy,145,20,15,20_pack,1.056098e-01,23,13,0.393341,1.483841,0.061137,5484,2635,2.502566e-01,1,0,0
R4_bright_robust,bright/robust-easy,145,20,30,20_pack,1.038832e-01,8,-2,0.395805,1.483641,0.061137,5253,2597,2.497671e-01,1,0,0
R4_bright_robust,bright/robust-easy,145,20,45,20_pack,1.034827e-01,6,-4,0.379455,1.471896,0.061137,4894,2555,2.528942e-01,1,0,0
R4_bright_robust,bright/robust-easy,145,20,60,20_pack,1.034163e-01,6,-4,0.358556,1.450176,0.061137,4490,2507,2.575708e-01,1,0,0
R4_bright_robust,bright/robust-easy,145,25,-60,20_pack,4.575158e-02,20,-25,0.325081,1.098731,0.082243,5848,2555,1.118091e-01,1,0,0
R4_bright_robust,bright/robust-easy,145,25,-45,20_pack,4.589465e-02,20,-25,0.314930,1.092790,0.082243,5775,2575,1.112876e-01,1,0,0
R4_bright_robust,bright/robust-easy,145,25,-30,20_pack,4.879500e-02,19,-26,0.450460,1.074048,0.082243,5521,2857,1.066417e-01,1,0,0
R4_bright_robust,bright/robust-easy,145,25,-15,20_pack,4.827989e-02,23,-22,0.589381,1.058371,0.082243,5711,3275,9.204853e-02,1,0,0
R4_bright_robust,bright/robust-easy,145,25,0,01_fullrun,4.716163e-02,45,0,0.724596,1.088909,0.082243,5665,3600,8.179904e-02,1,0,0
R4_bright_robust,bright/robust-easy,145,25,15,20_pack,4.550757e-02,44,-1,0.318419,1.073599,0.082243,5475,2512,1.131165e-01,1,0,0
R4_bright_robust,bright/robust-easy,145,25,30,20_pack,4.545720e-02,21,-24,0.316455,1.061331,0.082243,5166,2509,1.131264e-01,1,0,0
R4_bright_robust,bright/robust-easy,145,25,45,20_pack,4.498378e-02,18,-27,0.317714,1.040913,0.082243,4751,2479,1.133030e-01,1,0,0
R4_bright_robust,bright/robust-easy,145,25,60,20_pack,4.523710e-02,17,-28,0.357398,1.036894,0.082243,4384,2504,1.128034e-01,1,0,0
R4_bright_robust,bright/robust-easy,150,5,-60,20_pack,1.035303e-01,11,-1,0.439792,0.889583,0.075956,5418,2751,2.349843e-01,1,0,1
R4_bright_robust,bright/robust-easy,150,5,-45,20_pack,1.041633e-01,11,-1,0.445956,0.900629,0.075956,5700,2781,2.338707e-01,1,0,1
R4_bright_robust,bright/robust-easy,150,5,-30,20_pack,1.022369e-01,12,0,0.450313,0.901001,0.075956,5829,2772,2.302906e-01,1,0,0
R4_bright_robust,bright/robust-easy,150,5,-15,20_pack,1.030590e-01,12,0,0.644232,0.901505,0.075956,5779,3337,1.928377e-01,1,0,0
R4_bright_robust,bright/robust-easy,150,5,0,01_fullrun,1.029685e-01,12,0,0.510095,0.908117,0.075956,5539,3002,2.141686e-01,1,0,0
R4_bright_robust,bright/robust-easy,150,5,15,20_pack,1.011999e-01,28,16,0.443211,0.923185,0.075956,5670,2790,2.264841e-01,1,0,0
R4_bright_robust,bright/robust-easy,150,5,30,20_pack,9.938514e-02,12,0,0.419647,0.929188,0.075956,5671,2687,2.309488e-01,1,0,0
R4_bright_robust,bright/robust-easy,150,5,45,20_pack,9.773964e-02,12,0,0.407851,0.935797,0.075956,5490,2605,2.342744e-01,1,0,0
R4_bright_robust,bright/robust-easy,150,5,60,20_pack,9.647695e-02,11,-1,0.397354,0.918256,0.075956,5229,2546,2.366067e-01,1,0,0
R4_bright_robust,bright/robust-easy,150,10,-60,20_pack,1.748387e-01,3,0,0.441797,0.847820,0.065676,5582,2701,4.041800e-01,1,0,1
R4_bright_robust,bright/robust-easy,150,10,-45,20_pack,1.750517e-01,3,0,0.470165,0.860003,0.065676,5783,2768,3.948772e-01,1,0,1
R4_bright_robust,bright/robust-easy,150,10,-30,20_pack,1.753284e-01,3,0,0.470598,0.871639,0.065676,5833,2775,3.945039e-01,1,0,1
R4_bright_robust,bright/robust-easy,150,10,-15,20_pack,1.738558e-01,4,1,0.626681,0.872385,0.065676,5688,3144,3.452778e-01,1,0,0
R4_bright_robust,bright/robust-easy,150,10,0,01_fullrun,1.749517e-01,3,0,0.484533,0.882348,0.065676,5606,2807,3.891685e-01,1,0,1
R4_bright_robust,bright/robust-easy,150,10,15,20_pack,1.719062e-01,12,9,0.467977,0.867187,0.065676,5715,2714,3.954974e-01,1,0,0
R4_bright_robust,bright/robust-easy,150,10,30,20_pack,1.694736e-01,4,1,0.442097,0.876236,0.065676,5607,2615,4.046618e-01,1,0,0
R4_bright_robust,bright/robust-easy,150,10,45,20_pack,1.663204e-01,4,1,0.432673,0.881551,0.065676,5388,2543,4.083768e-01,1,0,0
R4_bright_robust,bright/robust-easy,150,10,60,20_pack,1.640485e-01,4,1,0.419733,0.868617,0.065676,5037,2482,4.126980e-01,1,0,0
R4_bright_robust,bright/robust-easy,150,15,-60,20_pack,1.785177e-01,1,-1,0.442363,0.813726,0.069819,5738,2645,4.214223e-01,1,0,0
R4_bright_robust,bright/robust-easy,150,15,-45,20_pack,1.795084e-01,1,-1,0.466811,0.817023,0.069819,5870,2718,4.123797e-01,1,0,0
R4_bright_robust,bright/robust-easy,150,15,-30,20_pack,1.802111e-01,1,-1,0.475222,0.815129,0.069819,5808,2748,4.094743e-01,1,0,0
R4_bright_robust,bright/robust-easy,150,15,-15,20_pack,1.819999e-01,1,-1,0.475968,0.813982,0.069819,5564,2778,4.090730e-01,1,0,0
R4_bright_robust,bright/robust-easy,150,15,0,01_fullrun,1.774126e-01,2,0,0.470036,0.847529,0.069819,5702,2694,4.111959e-01,1,0,0
R4_bright_robust,bright/robust-easy,150,15,15,20_pack,1.751459e-01,11,9,0.456465,0.834081,0.069819,5715,2627,4.162956e-01,1,0,0
R4_bright_robust,bright/robust-easy,150,15,30,20_pack,1.720594e-01,2,0,0.432354,0.833784,0.069819,5542,2528,4.249748e-01,1,0,0
R4_bright_robust,bright/robust-easy,150,15,45,20_pack,1.706442e-01,1,-1,0.414911,0.833510,0.069819,5256,2473,4.308533e-01,1,0,0
R4_bright_robust,bright/robust-easy,150,15,60,20_pack,1.697025e-01,2,0,0.410170,0.819393,0.069819,4857,2449,4.326745e-01,1,0,1
R4_bright_robust,bright/robust-easy,150,20,-60,20_pack,1.079740e-01,6,-1,0.384559,1.470179,0.078486,5873,2502,2.694597e-01,1,0,0
R4_bright_robust,bright/robust-easy,150,20,-45,20_pack,1.100816e-01,5,-2,0.426347,1.467661,0.078486,5920,2633,2.610513e-01,1,0,0
R4_bright_robust,bright/robust-easy,150,20,-30,20_pack,1.104667e-01,6,-1,0.436949,1.463417,0.078486,5791,2662,2.591106e-01,1,0,0
R4_bright_robust,bright/robust-easy,150,20,-15,20_pack,1.106133e-01,6,-1,0.570377,1.457885,0.078486,5666,2982,2.316124e-01,1,0,0
R4_bright_robust,bright/robust-easy,150,20,0,01_fullrun,1.081508e-01,7,0,0.726844,1.501902,0.078486,5789,3361,2.009199e-01,1,0,0
R4_bright_robust,bright/robust-easy,150,20,15,20_pack,1.055487e-01,24,17,0.403682,1.493158,0.078486,5702,2505,2.630916e-01,1,0,0
R4_bright_robust,bright/robust-easy,150,20,30,20_pack,1.038071e-01,9,2,0.399662,1.491334,0.078486,5471,2459,2.635909e-01,1,0,0
R4_bright_robust,bright/robust-easy,150,20,45,20_pack,1.025068e-01,8,1,0.396517,1.489562,0.078486,5120,2420,2.644840e-01,1,0,0
R4_bright_robust,bright/robust-easy,150,20,60,20_pack,1.022295e-01,8,1,0.371740,1.469797,0.078486,4673,2366,2.697885e-01,1,0,0
R4_bright_robust,bright/robust-easy,150,25,-60,20_pack,4.618230e-02,19,-25,0.354859,1.076920,0.111377,5995,2438,1.182779e-01,1,0,0
R4_bright_robust,bright/robust-easy,150,25,-45,20_pack,4.648134e-02,19,-25,0.340856,1.070469,0.111377,5951,2491,1.165110e-01,1,0,0
R4_bright_robust,bright/robust-easy,150,25,-30,20_pack,4.956790e-02,18,-26,0.439663,1.046559,0.111377,5722,2580,1.199617e-01,1,0,0
R4_bright_robust,bright/robust-easy,150,25,-15,20_pack,4.886240e-02,22,-22,0.595825,1.037470,0.111377,5811,3084,9.892870e-02,1,0,0
R4_bright_robust,bright/robust-easy,150,25,0,01_fullrun,4.763879e-02,44,0,0.739216,1.092501,0.111377,5855,3435,8.659562e-02,1,0,0
R4_bright_robust,bright/robust-easy,150,25,15,20_pack,4.482312e-02,45,1,0.326841,1.088374,0.111377,5666,2351,1.190451e-01,1,0,0
R4_bright_robust,bright/robust-easy,150,25,30,20_pack,4.515928e-02,23,-21,0.334784,1.069995,0.111377,5400,2370,1.189763e-01,1,0,0
R4_bright_robust,bright/robust-easy,150,25,45,20_pack,4.477690e-02,19,-25,0.321514,1.061621,0.111377,4975,2338,1.195836e-01,1,0,0
R4_bright_robust,bright/robust-easy,150,25,60,20_pack,4.439646e-02,19,-25,0.320778,1.059294,0.111377,4506,2330,1.189746e-01,1,0,0
R4_bright_robust,bright/robust-easy,155,5,-60,20_pack,6.714090e-02,15,-10,0.448683,1.573742,0.086967,5532,2592,1.617388e-01,1,0,1
R4_bright_robust,bright/robust-easy,155,5,-45,20_pack,6.686547e-02,15,-10,0.431369,1.579415,0.086967,5857,2633,1.585671e-01,1,0,0
R4_bright_robust,bright/robust-easy,155,5,-30,20_pack,6.590863e-02,16,-9,0.418302,1.582088,0.086967,6009,2642,1.557655e-01,1,0,0
R4_bright_robust,bright/robust-easy,155,5,-15,20_pack,6.644522e-02,18,-7,0.631516,1.574394,0.086967,5949,3243,1.279319e-01,1,0,0
R4_bright_robust,bright/robust-easy,155,5,0,01_fullrun,6.649338e-02,25,0,0.493278,1.576443,0.086967,5695,2894,1.434636e-01,1,0,0
R4_bright_robust,bright/robust-easy,155,5,15,20_pack,6.531452e-02,36,11,0.401398,1.594084,0.086967,5844,2615,1.559553e-01,1,0,0
R4_bright_robust,bright/robust-easy,155,5,30,20_pack,6.462398e-02,16,-9,0.403856,1.619947,0.086967,5858,2531,1.594276e-01,1,0,0
R4_bright_robust,bright/robust-easy,155,5,45,20_pack,6.276531e-02,16,-9,0.377103,1.629640,0.086967,5674,2424,1.616773e-01,1,0,0
R4_bright_robust,bright/robust-easy,155,5,60,20_pack,6.146847e-02,16,-9,0.374967,1.610958,0.086967,5369,2386,1.608585e-01,1,0,0
R4_bright_robust,bright/robust-easy,155,10,-60,20_pack,1.074610e-01,7,-1,0.439003,1.492828,0.071933,5694,2615,2.565908e-01,1,0,1
R4_bright_robust,bright/robust-easy,155,10,-45,20_pack,1.063569e-01,9,1,0.438295,1.499996,0.071933,5947,2596,2.558133e-01,1,0,0
R4_bright_robust,bright/robust-easy,155,10,-30,20_pack,1.066969e-01,10,2,0.450056,1.515982,0.071933,6024,2635,2.528326e-01,1,0,0
R4_bright_robust,bright/robust-easy,155,10,-15,20_pack,1.064943e-01,9,1,0.639754,1.509188,0.071933,5866,3083,2.156825e-01,1,0,0
R4_bright_robust,bright/robust-easy,155,10,0,01_fullrun,1.074314e-01,8,0,0.459754,1.517316,0.071933,5742,2664,2.518019e-01,1,0,0
R4_bright_robust,bright/robust-easy,155,10,15,20_pack,1.050400e-01,26,18,0.449667,1.493233,0.071933,5884,2584,2.538190e-01,1,0,0
R4_bright_robust,bright/robust-easy,155,10,30,20_pack,1.037268e-01,10,2,0.414341,1.525285,0.071933,5802,2466,2.626393e-01,1,0,0
R4_bright_robust,bright/robust-easy,155,10,45,20_pack,1.006327e-01,10,2,0.407508,1.526231,0.071933,5571,2385,2.634588e-01,1,0,0
R4_bright_robust,bright/robust-easy,155,10,60,20_pack,9.991800e-02,10,2,0.397103,1.524644,0.071933,5200,2352,2.652579e-01,1,0,0
R4_bright_robust,bright/robust-easy,155,15,-60,20_pack,1.104407e-01,5,0,0.426616,1.451022,0.080930,5839,2546,2.708525e-01,1,0,0
R4_bright_robust,bright/robust-easy,155,15,-45,20_pack,1.099619e-01,6,1,0.456495,1.453552,0.080930,6026,2604,2.636715e-01,1,0,0
R4_bright_robust,bright/robust-easy,155,15,-30,20_pack,1.104672e-01,5,0,0.452031,1.454445,0.080930,6006,2595,2.658018e-01,1,0,0
R4_bright_robust,bright/robust-easy,155,15,-15,20_pack,1.117665e-01,5,0,0.442519,1.445103,0.080930,5782,2598,2.686175e-01,1,0,0
R4_bright_robust,bright/robust-easy,155,15,0,01_fullrun,1.108341e-01,5,0,0.451763,1.476462,0.080930,5865,2588,2.674060e-01,1,0,0
R4_bright_robust,bright/robust-easy,155,15,15,20_pack,1.083106e-01,21,16,0.429867,1.478962,0.080930,5899,2488,2.718207e-01,1,0,0
R4_bright_robust,bright/robust-easy,155,15,30,20_pack,1.050871e-01,6,1,0.408324,1.485972,0.080930,5730,2382,2.754670e-01,1,0,0
R4_bright_robust,bright/robust-easy,155,15,45,20_pack,1.034283e-01,7,2,0.399614,1.482305,0.080930,5441,2329,2.772886e-01,1,0,0
R4_bright_robust,bright/robust-easy,155,15,60,20_pack,1.030142e-01,7,2,0.394091,1.477518,0.080930,5017,2308,2.786912e-01,1,0,0
R4_bright_robust,bright/robust-easy,155,20,-60,20_pack,7.011379e-02,13,0,0.397006,2.091662,0.110177,5972,2424,1.806062e-01,1,0,0
R4_bright_robust,bright/robust-easy,155,20,-45,20_pack,7.163909e-02,13,0,0.423531,2.083777,0.110177,6092,2502,1.787824e-01,1,0,0
R4_bright_robust,bright/robust-easy,155,20,-30,20_pack,7.355849e-02,13,0,0.440623,2.078531,0.110177,5968,2552,1.799758e-01,1,0,0
R4_bright_robust,bright/robust-easy,155,20,-15,20_pack,7.390038e-02,14,1,0.512031,2.061010,0.110177,5698,2706,1.705222e-01,1,0,0
R4_bright_robust,bright/robust-easy,155,20,0,01_fullrun,7.199395e-02,13,0,0.718475,2.119858,0.110177,5927,3220,1.396053e-01,1,0,0
R4_bright_robust,bright/robust-easy,155,20,15,20_pack,6.846071e-02,34,21,0.385888,2.125257,0.110177,5891,2376,1.799107e-01,1,0,0
R4_bright_robust,bright/robust-easy,155,20,30,20_pack,6.777050e-02,14,1,0.364242,2.141404,0.110177,5682,2323,1.821602e-01,1,0,0
R4_bright_robust,bright/robust-easy,155,20,45,20_pack,6.702209e-02,14,1,0.368744,2.131124,0.110177,5326,2290,1.827445e-01,1,0,0
R4_bright_robust,bright/robust-easy,155,20,60,20_pack,6.618018e-02,14,1,0.358060,2.120589,0.110177,4835,2241,1.843945e-01,1,0,0
R4_bright_robust,bright/robust-easy,155,25,-60,20_pack,3.546337e-02,24,-38,0.461902,1.562471,0.136579,6076,2352,9.414658e-02,1,0,0
R4_bright_robust,bright/robust-easy,155,25,-45,20_pack,3.624655e-02,22,-40,0.458017,1.547543,0.136579,6114,2400,9.430123e-02,1,0,0
R4_bright_robust,bright/robust-easy,155,25,-30,20_pack,3.829762e-02,22,-40,0.543713,1.517962,0.136579,5937,2458,9.728633e-02,1,0,0
R4_bright_robust,bright/robust-easy,155,25,-15,20_pack,3.844699e-02,28,-34,0.624365,1.495059,0.136579,5862,2839,8.455882e-02,1,0,0
R4_bright_robust,bright/robust-easy,155,25,0,01_fullrun,3.697536e-02,62,0,0.717799,1.567150,0.136579,5992,3289,7.019569e-02,1,0,0
R4_bright_robust,bright/robust-easy,155,25,15,20_pack,3.459738e-02,59,-3,0.312039,1.587783,0.136579,5878,2289,9.437551e-02,1,0,0
R4_bright_robust,bright/robust-easy,155,25,30,20_pack,3.416494e-02,36,-26,0.333451,1.578459,0.136579,5607,2239,9.527708e-02,1,0,0
R4_bright_robust,bright/robust-easy,155,25,45,20_pack,3.432034e-02,25,-37,0.334243,1.568101,0.136579,5179,2246,9.541217e-02,1,0,0
R4_bright_robust,bright/robust-easy,155,25,60,20_pack,3.355941e-02,24,-38,0.334681,1.549073,0.136579,4660,2197,9.537755e-02,1,0,0
R4_bright_robust,bright/robust-easy,160,5,-60,20_pack,3.529124e-02,25,-39,0.436180,1.135537,0.111642,5623,2446,9.008912e-02,1,0,0
R4_bright_robust,bright/robust-easy,160,5,-45,20_pack,3.471163e-02,24,-40,0.401350,1.137586,0.111642,5991,2436,8.897329e-02,1,0,0
R4_bright_robust,bright/robust-easy,160,5,-30,20_pack,3.522551e-02,24,-40,0.738279,1.127480,0.111642,6151,3505,6.275253e-02,1,0,0
R4_bright_robust,bright/robust-easy,160,5,-15,20_pack,3.530388e-02,32,-32,0.584304,1.126177,0.111642,6094,3123,7.058498e-02,1,0,0
R4_bright_robust,bright/robust-easy,160,5,0,01_fullrun,3.571539e-02,64,0,0.450902,1.128979,0.111642,5801,2739,8.141893e-02,1,0,0
R4_bright_robust,bright/robust-easy,160,5,15,20_pack,3.520696e-02,56,-8,0.416728,1.142962,0.111642,5981,2460,8.936250e-02,1,0,0
R4_bright_robust,bright/robust-easy,160,5,30,20_pack,3.494282e-02,32,-32,0.489632,1.171614,0.111642,6017,2360,9.245020e-02,1,0,0
R4_bright_robust,bright/robust-easy,160,5,45,20_pack,3.250931e-02,26,-38,0.376437,1.186981,0.111642,5814,2236,9.078161e-02,1,0,0
R4_bright_robust,bright/robust-easy,160,5,60,20_pack,3.186044e-02,25,-39,0.869537,1.153402,0.111642,5496,3507,5.672545e-02,1,0,0
R4_bright_robust,bright/robust-easy,160,10,-60,20_pack,4.752043e-02,18,-25,0.398417,1.094484,0.109821,5781,2466,1.203232e-01,1,0,0
R4_bright_robust,bright/robust-easy,160,10,-45,20_pack,4.718063e-02,18,-25,0.387713,1.094725,0.109821,6084,2481,1.187405e-01,1,0,0
R4_bright_robust,bright/robust-easy,160,10,-30,20_pack,4.704852e-02,20,-23,0.380863,1.111524,0.109821,6165,2466,1.191283e-01,1,0,0
R4_bright_robust,bright/robust-easy,160,10,-15,20_pack,4.791652e-02,24,-19,0.609881,1.098822,0.109821,6025,2973,1.006358e-01,1,0,0
R4_bright_robust,bright/robust-easy,160,10,0,01_fullrun,4.871211e-02,43,0,0.445437,1.102793,0.109821,5826,2501,1.216145e-01,1,0,0
R4_bright_robust,bright/robust-easy,160,10,15,20_pack,4.760547e-02,42,-1,0.420659,1.109185,0.109821,6018,2386,1.245800e-01,1,0,0
R4_bright_robust,bright/robust-easy,160,10,30,20_pack,4.624795e-02,19,-24,0.405309,1.136050,0.109821,5955,2301,1.254983e-01,1,0,0
R4_bright_robust,bright/robust-easy,160,10,45,20_pack,4.426420e-02,20,-23,0.332754,1.122382,0.109821,5726,2219,1.245539e-01,1,0,0
R4_bright_robust,bright/robust-easy,160,10,60,20_pack,4.358615e-02,20,-23,0.320168,1.110220,0.109821,5325,2180,1.248400e-01,1,0,0
R4_bright_robust,bright/robust-easy,160,15,-60,20_pack,4.878109e-02,17,-25,0.374863,1.046755,0.131204,5936,2431,1.252935e-01,1,0,0
R4_bright_robust,bright/robust-easy,160,15,-45,20_pack,4.858762e-02,17,-25,0.396465,1.042668,0.131204,6136,2463,1.231752e-01,1,0,0
R4_bright_robust,bright/robust-easy,160,15,-30,20_pack,4.996409e-02,17,-25,0.424757,1.040375,0.131204,6146,2495,1.250401e-01,1,0,0
R4_bright_robust,bright/robust-easy,160,15,-15,20_pack,5.092330e-02,21,-21,0.458769,1.023927,0.131204,5940,2471,1.286784e-01,1,0,0
R4_bright_robust,bright/robust-easy,160,15,0,01_fullrun,5.048418e-02,42,0,0.458215,1.057848,0.131204,5928,2433,1.295612e-01,1,0,0
R4_bright_robust,bright/robust-easy,160,15,15,20_pack,4.962127e-02,39,-3,0.432478,1.098979,0.131204,6051,2370,1.307319e-01,1,0,0
R4_bright_robust,bright/robust-easy,160,15,30,20_pack,4.617631e-02,20,-22,0.332793,1.090933,0.131204,5897,2227,1.294676e-01,1,0,0
R4_bright_robust,bright/robust-easy,160,15,45,20_pack,4.551987e-02,17,-25,0.322154,1.071938,0.131204,5614,2180,1.303787e-01,1,0,0
R4_bright_robust,bright/robust-easy,160,15,60,20_pack,4.458694e-02,18,-24,0.320652,1.055827,0.131204,5144,2131,1.306430e-01,1,0,0
R4_bright_robust,bright/robust-easy,160,20,-60,20_pack,3.692299e-02,23,-36,0.368937,1.552262,0.147743,6052,2343,9.839805e-02,1,0,0
R4_bright_robust,bright/robust-easy,160,20,-45,20_pack,3.784098e-02,21,-38,0.406961,1.535985,0.147743,6179,2387,9.898559e-02,1,0,0
R4_bright_robust,bright/robust-easy,160,20,-30,20_pack,3.908171e-02,21,-38,0.491380,1.530075,0.147743,6114,2423,1.007122e-01,1,0,0
R4_bright_robust,bright/robust-easy,160,20,-15,20_pack,3.963322e-02,27,-32,0.537075,1.502027,0.147743,5800,2419,1.023023e-01,1,0,0
R4_bright_robust,bright/robust-easy,160,20,0,01_fullrun,3.863843e-02,59,0,0.760328,1.562364,0.147743,6014,3024,7.978104e-02,1,0,0
R4_bright_robust,bright/robust-easy,160,20,15,20_pack,3.685769e-02,53,-6,0.404573,1.612386,0.147743,6045,2261,1.017863e-01,1,0,0
R4_bright_robust,bright/robust-easy,160,20,30,20_pack,3.465911e-02,34,-25,0.291362,1.611879,0.147743,5838,2159,1.002367e-01,1,0,0
R4_bright_robust,bright/robust-easy,160,20,45,20_pack,3.479224e-02,23,-36,0.346670,1.584626,0.147743,5489,2146,1.012312e-01,1,0,0
R4_bright_robust,bright/robust-easy,160,20,60,20_pack,3.417330e-02,23,-36,0.319399,1.560423,0.147743,4990,2090,1.020946e-01,1,0,0
R4_bright_robust,bright/robust-easy,160,25,-60,20_pack,2.543347e-02,41,-34,0.503807,1.089144,0.177562,6129,2276,6.977427e-02,1,0,0
R4_bright_robust,bright/robust-easy,160,25,-45,20_pack,2.573015e-02,32,-43,0.570138,1.114228,0.177562,6227,2252,7.134044e-02,1,0,0
R4_bright_robust,bright/robust-easy,160,25,-30,20_pack,2.796825e-02,26,-49,0.695115,1.089677,0.177562,6084,2318,7.533794e-02,1,0,0
R4_bright_robust,bright/robust-easy,160,25,-15,20_pack,2.812844e-02,39,-36,0.745155,1.058903,0.177562,5867,2601,6.752540e-02,1,0,0
R4_bright_robust,bright/robust-easy,160,25,0,01_fullrun,2.682769e-02,75,0,0.750316,1.133203,0.177562,6094,3135,5.343278e-02,1,0,0
R4_bright_robust,bright/robust-easy,160,25,15,20_pack,2.485918e-02,75,0,0.858896,1.154336,0.177562,6028,3519,4.410924e-02,1,0,0
R4_bright_robust,bright/robust-easy,160,25,30,20_pack,2.392281e-02,72,-3,0.316468,1.103675,0.177562,5770,2091,7.143650e-02,1,0,0
R4_bright_robust,bright/robust-easy,160,25,45,20_pack,2.383018e-02,58,-17,0.370748,1.109302,0.177562,5350,2058,7.230091e-02,1,0,0
R4_bright_robust,bright/robust-easy,160,25,60,20_pack,2.358512e-02,37,-38,0.342334,1.094603,0.177562,4816,2031,7.250869e-02,1,0,0
R5_neutral,neutral-control,190,-10,-60,20_pack,1.819960e-02,88,-12,0.839905,0.090425,0.375962,5283,3570,3.183139e-02,1,1,0
R5_neutral,neutral-control,190,-10,-45,20_pack,1.821524e-02,87,-13,0.660872,0.174959,0.375962,5921,3307,3.439242e-02,1,1,0
R5_neutral,neutral-control,190,-10,-30,20_pack,1.676591e-02,107,7,0.535650,0.176390,0.375962,6235,2848,3.675777e-02,1,0,0
R5_neutral,neutral-control,190,-10,-15,20_pack,1.548352e-02,110,10,1.287712,0.111009,0.375962,6231,6021,1.605695e-02,1,1,0
R5_neutral,neutral-control,190,-10,0,01_fullrun,1.643582e-02,100,0,1.039633,0.205614,0.375962,5918,5781,1.775212e-02,1,1,0
R5_neutral,neutral-control,190,-10,15,20_pack,1.831021e-02,100,0,1.074954,0.225416,0.375962,5807,5177,2.208397e-02,1,1,0
R5_neutral,neutral-control,190,-10,30,20_pack,2.059212e-02,88,-12,1.401678,0.289424,0.375962,6053,4645,2.768071e-02,1,1,0
R5_neutral,neutral-control,190,-10,45,20_pack,1.730607e-02,95,-5,0.690087,0.492073,0.375962,5932,3907,2.765775e-02,1,0,0
R5_neutral,neutral-control,190,-10,60,20_pack,1.410014e-02,97,-3,0.757599,0.325079,0.375962,5513,2972,2.962351e-02,1,1,0
R5_neutral,neutral-control,190,-5,-60,20_pack,1.758960e-02,94,-5,0.804639,0.146154,0.377551,5366,3559,3.085957e-02,1,1,0
R5_neutral,neutral-control,190,-5,-45,20_pack,1.745391e-02,92,-7,0.748760,0.177931,0.377551,5955,3275,3.327694e-02,1,1,0
R5_neutral,neutral-control,190,-5,-30,20_pack,1.633554e-02,111,12,0.635773,0.178206,0.377551,6267,2910,3.505116e-02,1,1,0
R5_neutral,neutral-control,190,-5,-15,20_pack,1.585352e-02,107,8,1.261437,0.111248,0.377551,6232,6029,1.641884e-02,1,1,0
R5_neutral,neutral-control,190,-5,0,01_fullrun,1.660681e-02,99,0,1.197610,0.233313,0.377551,5905,5721,1.812493e-02,1,1,0
R5_neutral,neutral-control,190,-5,15,20_pack,1.891341e-02,96,-3,1.435963,0.227385,0.377551,5861,5135,2.299807e-02,1,1,0
R5_neutral,neutral-control,190,-5,30,20_pack,1.965765e-02,95,-4,1.458686,0.366060,0.377551,6070,4595,2.671210e-02,1,1,0
R5_neutral,neutral-control,190,-5,45,20_pack,1.599118e-02,103,4,0.753338,0.531518,0.377551,5925,3849,2.594146e-02,1,0,0
R5_neutral,neutral-control,190,-5,60,20_pack,1.329400e-02,105,6,0.787211,0.360528,0.377551,5463,2920,2.842725e-02,1,1,0
R5_neutral,neutral-control,190,0,-60,20_pack,1.712624e-02,97,-1,0.881420,0.130022,0.424139,5434,3569,2.996246e-02,1,1,0
R5_neutral,neutral-control,190,0,-45,20_pack,1.694474e-02,95,-3,0.773728,0.137207,0.424139,6012,3310,3.196457e-02,1,1,0
R5_neutral,neutral-control,190,0,-30,20_pack,1.547950e-02,123,25,1.541488,0.131291,0.424139,6266,6065,1.593632e-02,1,1,0
R5_neutral,neutral-control,190,0,-15,20_pack,1.564871e-02,109,11,1.327426,0.131637,0.424139,6204,6022,1.622556e-02,1,1,0
R5_neutral,neutral-control,190,0,0,01_fullrun,1.664703e-02,98,0,1.278572,0.221517,0.424139,5856,5699,1.823895e-02,1,1,0
R5_neutral,neutral-control,190,0,15,20_pack,1.930375e-02,92,-6,1.698054,0.209179,0.424139,5881,5062,2.381121e-02,1,1,0
R5_neutral,neutral-control,190,0,30,20_pack,1.787826e-02,106,8,1.306145,0.363548,0.424139,6077,4535,2.461557e-02,1,1,0
R5_neutral,neutral-control,190,0,45,20_pack,1.483580e-02,113,15,1.012558,0.516719,0.424139,5894,3744,2.474213e-02,1,1,0
R5_neutral,neutral-control,190,0,60,20_pack,1.241035e-02,118,20,1.505146,0.297839,0.424139,5433,5304,1.460974e-02,1,1,0
R5_neutral,neutral-control,190,5,-60,20_pack,1.664244e-02,99,5,0.949955,0.105349,0.450027,5506,3561,2.918145e-02,1,1,0
R5_neutral,neutral-control,190,5,-45,20_pack,1.594834e-02,108,14,0.812203,0.106069,0.450027,6060,3264,3.050895e-02,1,1,0
R5_neutral,neutral-control,190,5,-30,20_pack,1.560944e-02,121,27,1.411682,0.095119,0.450027,6291,6078,1.603572e-02,1,1,0
R5_neutral,neutral-control,190,5,-15,20_pack,1.581095e-02,108,14,1.362230,0.175499,0.450027,6172,5992,1.647586e-02,1,1,0
R5_neutral,neutral-control,190,5,0,01_fullrun,1.736166e-02,94,0,1.472204,0.220393,0.450027,5800,5655,1.916993e-02,1,1,0
R5_neutral,neutral-control,190,5,15,20_pack,1.921638e-02,93,-1,1.779595,0.284974,0.450027,5946,5043,2.379274e-02,1,1,0
R5_neutral,neutral-control,190,5,30,20_pack,1.618505e-02,116,22,1.222937,0.404709,0.450027,6078,4456,2.267936e-02,1,1,0
R5_neutral,neutral-control,190,5,45,20_pack,1.344260e-02,123,29,1.028349,0.439614,0.450027,5856,3661,2.292692e-02,1,1,0
R5_neutral,neutral-control,190,5,60,20_pack,1.210011e-02,121,27,1.464290,0.239520,0.450027,5379,5236,1.442951e-02,1,1,0
R5_neutral,neutral-control,190,10,-60,20_pack,1.570234e-02,110,22,0.984991,0.076469,0.395449,5590,3554,2.758729e-02,1,1,0
R5_neutral,neutral-control,190,10,-45,20_pack,1.581996e-02,112,24,1.533141,0.076383,0.395449,6082,5877,1.680783e-02,1,1,0
R5_neutral,neutral-control,190,10,-30,20_pack,1.606898e-02,116,28,1.477955,0.060577,0.395449,6292,6093,1.646718e-02,1,1,0
R5_neutral,neutral-control,190,10,-15,20_pack,1.610689e-02,103,15,1.403988,0.165759,0.395449,6145,5960,1.687436e-02,1,1,0
R5_neutral,neutral-control,190,10,0,01_fullrun,1.801195e-02,88,0,1.669738,0.194424,0.395449,5734,5569,2.019507e-02,1,1,0
R5_neutral,neutral-control,190,10,15,20_pack,1.809641e-02,102,14,1.792696,0.272590,0.395449,5987,5001,2.259422e-02,1,1,0
R5_neutral,neutral-control,190,10,30,20_pack,1.458742e-02,124,36,1.138874,0.399127,0.395449,6077,4408,2.066327e-02,1,1,0
R5_neutral,neutral-control,190,10,45,20_pack,1.302709e-02,124,36,1.526296,0.328050,0.395449,5826,5704,1.426034e-02,1,1,0
R5_neutral,neutral-control,190,10,60,20_pack,1.197166e-02,123,35,1.532038,0.136266,0.395449,5330,5185,1.441676e-02,1,1,0
R5_neutral,neutral-control,195,-10,-60,20_pack,1.831000e-02,86,-11,0.724279,0.155257,0.407896,5240,3441,3.322504e-02,1,1,0
R5_neutral,neutral-control,195,-10,-45,20_pack,1.746304e-02,91,-6,0.597883,0.209137,0.407896,5864,3126,3.488131e-02,1,1,0
R5_neutral,neutral-control,195,-10,-30,20_pack,1.532034e-02,125,28,0.507031,0.176333,0.407896,6185,2704,3.537721e-02,1,1,0
R5_neutral,neutral-control,195,-10,-15,20_pack,1.591495e-02,106,9,1.045261,0.148681,0.407896,6166,5971,1.664256e-02,1,1,0
R5_neutral,neutral-control,195,-10,0,01_fullrun,1.695514e-02,97,0,0.777233,0.264383,0.407896,5808,5666,1.868472e-02,1,0,0
R5_neutral,neutral-control,195,-10,15,20_pack,1.884977e-02,97,0,0.897067,0.223050,0.407896,5727,5009,2.349724e-02,1,1,0
R5_neutral,neutral-control,195,-10,30,20_pack,1.992174e-02,94,-3,1.255420,0.321945,0.407896,5955,4433,2.806024e-02,1,1,0
R5_neutral,neutral-control,195,-10,45,20_pack,1.652483e-02,99,2,0.659146,0.497272,0.407896,5832,3699,2.789424e-02,1,0,0
R5_neutral,neutral-control,195,-10,60,20_pack,1.302014e-02,108,11,0.888859,0.329533,0.407896,5355,2748,2.958428e-02,1,1,0
R5_neutral,neutral-control,195,-5,-60,20_pack,1.733585e-02,96,1,0.682680,0.180247,0.394207,5305,3450,3.137530e-02,1,1,0
R5_neutral,neutral-control,195,-5,-45,20_pack,1.671309e-02,97,2,0.630679,0.212461,0.394207,5908,3135,3.328749e-02,1,1,0
R5_neutral,neutral-control,195,-5,-30,20_pack,1.535147e-02,124,29,1.259763,0.177715,0.394207,6200,5961,1.608025e-02,1,1,0
R5_neutral,neutral-control,195,-5,-15,20_pack,1.607276e-02,105,10,1.053753,0.155199,0.394207,6146,5976,1.679353e-02,1,1,0
R5_neutral,neutral-control,195,-5,0,01_fullrun,1.711696e-02,95,0,0.872974,0.263765,0.394207,5789,5649,1.891982e-02,1,0,0
R5_neutral,neutral-control,195,-5,15,20_pack,1.900497e-02,95,0,1.202861,0.225405,0.394207,5773,5004,2.371438e-02,1,1,0
R5_neutral,neutral-control,195,-5,30,20_pack,1.889565e-02,100,5,1.235660,0.375225,0.394207,5971,4414,2.672954e-02,1,1,0
R5_neutral,neutral-control,195,-5,45,20_pack,1.530358e-02,109,14,0.679158,0.536095,0.394207,5836,3649,2.618673e-02,1,0,0
R5_neutral,neutral-control,195,-5,60,20_pack,1.250916e-02,116,21,1.476047,0.364441,0.394207,5327,5182,1.507275e-02,1,1,0
R5_neutral,neutral-control,195,0,-60,20_pack,1.652793e-02,103,7,0.715264,0.130996,0.458952,5348,3430,3.008752e-02,1,1,0
R5_neutral,neutral-control,195,0,-45,20_pack,1.578080e-02,113,17,0.674607,0.137335,0.458952,5932,3151,3.127105e-02,1,1,0
R5_neutral,neutral-control,195,0,-30,20_pack,1.553027e-02,122,26,1.202154,0.130382,0.458952,6222,5993,1.618067e-02,1,1,0
R5_neutral,neutral-control,195,0,-15,20_pack,1.607682e-02,104,8,0.995133,0.157503,0.458952,6141,5945,1.688535e-02,1,1,0
R5_neutral,neutral-control,195,0,0,01_fullrun,1.709851e-02,96,0,0.970259,0.252513,0.458952,5744,5586,1.911257e-02,1,0,0
R5_neutral,neutral-control,195,0,15,20_pack,1.949898e-02,90,-6,1.556219,0.235360,0.458952,5777,4923,2.473114e-02,1,1,0
R5_neutral,neutral-control,195,0,30,20_pack,1.732991e-02,111,15,1.131650,0.389782,0.458952,5976,4365,2.478986e-02,1,1,0
R5_neutral,neutral-control,195,0,45,20_pack,1.404049e-02,118,22,0.867044,0.519347,0.458952,5800,3598,2.436593e-02,1,1,0
R5_neutral,neutral-control,195,0,60,20_pack,1.215383e-02,120,24,1.313801,0.299232,0.458952,5301,5166,1.468997e-02,1,1,0
R5_neutral,neutral-control,195,5,-60,20_pack,1.591465e-02,109,16,0.828841,0.105776,0.437175,5398,3436,2.892051e-02,1,1,0
R5_neutral,neutral-control,195,5,-45,20_pack,1.542900e-02,116,23,1.249013,0.105791,0.437175,5973,5758,1.673124e-02,1,1,0
R5_neutral,neutral-control,195,5,-30,20_pack,1.590477e-02,119,26,1.116799,0.094877,0.437175,6233,6036,1.645282e-02,1,1,0
R5_neutral,neutral-control,195,5,-15,20_pack,1.630130e-02,102,9,1.022848,0.185834,0.437175,6123,5927,1.717312e-02,1,0,0
R5_neutral,neutral-control,195,5,0,01_fullrun,1.748908e-02,93,0,1.174678,0.226486,0.437175,5726,5562,1.963351e-02,1,1,0
R5_neutral,neutral-control,195,5,15,20_pack,1.884268e-02,98,5,1.598448,0.291720,0.437175,5827,4900,2.401090e-02,1,1,0
R5_neutral,neutral-control,195,5,30,20_pack,1.590462e-02,119,26,1.011241,0.412582,0.437175,5993,4341,2.287681e-02,1,1,0
R5_neutral,neutral-control,195,5,45,20_pack,1.347439e-02,122,29,1.458109,0.438609,0.437175,5782,5654,1.488042e-02,1,1,0
R5_neutral,neutral-control,195,5,60,20_pack,1.198183e-02,122,29,1.262887,0.238671,0.437175,5277,5129,1.458654e-02,1,1,0
R5_neutral,neutral-control,195,10,-60,20_pack,1.561410e-02,112,25,1.308669,0.076630,0.425405,5489,5301,1.839167e-02,1,1,0
R5_neutral,neutral-control,195,10,-45,20_pack,1.587594e-02,109,22,1.241295,0.080814,0.425405,6016,5818,1.703835e-02,1,1,0
R5_neutral,neutral-control,195,10,-30,20_pack,1.610364e-02,115,28,1.093343,0.094667,0.425405,6254,6049,1.662274e-02,1,1,0
R5_neutral,neutral-control,195,10,-15,20_pack,1.639508e-02,100,13,1.065602,0.176363,0.425405,6092,5902,1.734508e-02,1,0,0
R5_neutral,neutral-control,195,10,0,01_fullrun,1.836559e-02,87,0,1.516927,0.216757,0.425405,5683,5483,2.091455e-02,1,1,0
R5_neutral,neutral-control,195,10,15,20_pack,1.818828e-02,101,14,1.663039,0.295564,0.425405,5860,4874,2.330064e-02,1,1,0
R5_neutral,neutral-control,195,10,30,20_pack,1.451945e-02,125,38,1.282398,0.423286,0.425405,5986,5833,1.554247e-02,1,1,0
R5_neutral,neutral-control,195,10,45,20_pack,1.294897e-02,125,38,1.365618,0.326130,0.425405,5754,5613,1.440464e-02,1,1,0
R5_neutral,neutral-control,195,10,60,20_pack,1.175905e-02,125,38,1.270507,0.153335,0.425405,5235,5091,1.442218e-02,1,1,0
R5_neutral,neutral-control,200,-10,-60,20_pack,1.888225e-02,84,-8,0.817816,0.190404,0.412584,5211,3288,3.585782e-02,1,1,0
R5_neutral,neutral-control,200,-10,-45,20_pack,1.707466e-02,94,2,0.575234,0.244765,0.412584,5833,3027,3.522100e-02,1,0,0
R5_neutral,neutral-control,200,-10,-30,20_pack,1.589056e-02,120,28,1.166424,0.134711,0.412584,6120,5879,1.687710e-02,1,1,0
R5_neutral,neutral-control,200,-10,-15,20_pack,1.666670e-02,97,5,0.800949,0.197026,0.412584,6039,5870,1.772856e-02,1,0,0
R5_neutral,neutral-control,200,-10,0,01_fullrun,1.772868e-02,92,0,0.587431,0.277331,0.412584,5638,5511,2.008667e-02,1,0,0
R5_neutral,neutral-control,200,-10,15,20_pack,1.972865e-02,87,-5,0.848487,0.209303,0.412584,5626,4858,2.535723e-02,1,1,0
R5_neutral,neutral-control,200,-10,30,20_pack,2.006472e-02,93,1,1.118673,0.340172,0.412584,5853,4240,2.954807e-02,1,1,0
R5_neutral,neutral-control,200,-10,45,20_pack,1.632486e-02,100,8,0.717027,0.495696,0.412584,5731,3501,2.911518e-02,1,1,0
R5_neutral,neutral-control,200,-10,60,20_pack,1.294508e-02,109,17,1.440303,0.281228,0.412584,5232,5074,1.593001e-02,1,1,0
R5_neutral,neutral-control,200,-5,-60,20_pack,1.753070e-02,95,4,0.666040,0.216854,0.445485,5245,3300,3.317014e-02,1,1,0
R5_neutral,neutral-control,200,-5,-45,20_pack,1.615333e-02,105,14,0.675084,0.248515,0.445485,5860,2977,3.388015e-02,1,1,0
R5_neutral,neutral-control,200,-5,-30,20_pack,1.598168e-02,118,27,1.014748,0.135233,0.445485,6131,5931,1.682505e-02,1,1,0
R5_neutral,neutral-control,200,-5,-15,20_pack,1.679979e-02,95,4,0.792898,0.200939,0.445485,6053,5877,1.784884e-02,1,0,0
R5_neutral,neutral-control,200,-5,0,01_fullrun,1.775737e-02,91,0,0.672562,0.277447,0.445485,5626,5497,2.017042e-02,1,0,0
R5_neutral,neutral-control,200,-5,15,20_pack,2.009993e-02,86,-5,1.217473,0.211965,0.445485,5650,4835,2.595733e-02,1,1,0
R5_neutral,neutral-control,200,-5,30,20_pack,1.877118e-02,102,11,1.100969,0.393824,0.445485,5859,4239,2.764968e-02,1,1,0
R5_neutral,neutral-control,200,-5,45,20_pack,1.470823e-02,114,23,0.764368,0.532699,0.445485,5704,3433,2.675153e-02,1,1,0
R5_neutral,neutral-control,200,-5,60,20_pack,1.265266e-02,114,23,1.249301,0.313241,0.445485,5234,5068,1.558861e-02,1,1,0
R5_neutral,neutral-control,200,0,-60,20_pack,1.654410e-02,102,12,0.609380,0.157971,0.427688,5261,3324,3.107736e-02,1,1,0
R5_neutral,neutral-control,200,0,-45,20_pack,1.587503e-02,110,20,1.231405,0.163081,0.427688,5880,5639,1.757820e-02,1,1,0
R5_neutral,neutral-control,200,0,-30,20_pack,1.627953e-02,112,22,0.998753,0.137992,0.427688,6156,5915,1.718498e-02,1,1,0
R5_neutral,neutral-control,200,0,-15,20_pack,1.669290e-02,96,6,0.750919,0.197900,0.427688,6049,5876,1.773830e-02,1,0,0
R5_neutral,neutral-control,200,0,0,01_fullrun,1.786303e-02,90,0,0.731197,0.264989,0.427688,5630,5502,2.027199e-02,1,0,0
R5_neutral,neutral-control,200,0,15,20_pack,1.942481e-02,91,1,1.292136,0.273977,0.427688,5658,4781,2.536880e-02,1,1,0
R5_neutral,neutral-control,200,0,30,20_pack,1.740422e-02,110,20,1.016038,0.431212,0.427688,5868,4210,2.581276e-02,1,1,0
R5_neutral,neutral-control,200,0,45,20_pack,1.388572e-02,119,29,1.244379,0.481435,0.427688,5722,5541,1.564740e-02,1,1,0
R5_neutral,neutral-control,200,0,60,20_pack,1.246606e-02,117,27,1.196289,0.247564,0.427688,5207,5051,1.541040e-02,1,1,0
R5_neutral,neutral-control,200,5,-60,20_pack,1.552430e-02,114,25,0.695765,0.073310,0.459166,5296,3310,2.928504e-02,1,1,0
R5_neutral,neutral-control,200,5,-45,20_pack,1.584994e-02,111,22,1.044473,0.107931,0.459166,5907,5685,1.740841e-02,1,1,0
R5_neutral,neutral-control,200,5,-30,20_pack,1.665698e-02,109,20,1.003884,0.132975,0.459166,6168,5968,1.742727e-02,1,0,0
R5_neutral,neutral-control,200,5,-15,20_pack,1.684628e-02,94,5,0.780345,0.196747,0.459166,6035,5842,1.800547e-02,1,0,0
R5_neutral,neutral-control,200,5,0,01_fullrun,1.794807e-02,89,0,0.853517,0.236336,0.459166,5605,5434,2.062339e-02,1,1,0
R5_neutral,neutral-control,200,5,15,20_pack,1.965148e-02,89,0,1.501902,0.326022,0.459166,5707,4805,2.553665e-02,1,1,0
R5_neutral,neutral-control,200,5,30,20_pack,1.584846e-02,120,31,0.933979,0.449702,0.459166,5881,4196,2.358379e-02,1,1,0
R5_neutral,neutral-control,200,5,45,20_pack,1.363651e-02,121,32,1.280214,0.417687,0.459166,5706,5545,1.535549e-02,1,1,0
R5_neutral,neutral-control,200,5,60,20_pack,1.229187e-02,119,30,1.080776,0.208218,0.459166,5200,5057,1.517703e-02,1,1,0
R5_neutral,neutral-control,200,10,-60,20_pack,1.555612e-02,113,27,1.135126,0.073837,0.429959,5350,5150,1.886062e-02,1,0,0
R5_neutral,neutral-control,200,10,-45,20_pack,1.614339e-02,106,20,0.991360,0.108194,0.429959,5921,5706,1.766545e-02,1,1,0
R5_neutral,neutral-control,200,10,-30,20_pack,1.671791e-02,108,22,0.868708,0.132451,0.429959,6190,5991,1.742387e-02,1,0,0
R5_neutral,neutral-control,200,10,-15,20_pack,1.695706e-02,93,7,0.798451,0.173872,0.429959,6036,5843,1.812077e-02,1,0,0
R5_neutral,neutral-control,200,10,0,01_fullrun,1.858053e-02,86,0,1.145978,0.223785,0.429959,5590,5438,2.133442e-02,1,1,0
R5_neutral,neutral-control,200,10,15,20_pack,1.875732e-02,99,13,1.544645,0.329915,0.429959,5736,4795,2.442553e-02,1,1,0
R5_neutral,neutral-control,200,10,30,20_pack,1.498920e-02,122,36,1.045935,0.458229,0.429959,5898,5755,1.626279e-02,1,1,0
R5_neutral,neutral-control,200,10,45,20_pack,1.370447e-02,120,34,1.293958,0.338978,0.429959,5703,5569,1.536551e-02,1,1,0
R5_neutral,neutral-control,200,10,60,20_pack,1.191062e-02,124,38,0.995767,0.194489,0.429959,5165,5012,1.483833e-02,1,1,0
R5_neutral,neutral-control,205,-10,-60,20_pack,1.949030e-02,81,-3,0.886697,0.245964,0.415195,5186,3110,3.913092e-02,1,1,0
R5_neutral,neutral-control,205,-10,-45,20_pack,1.684063e-02,96,12,0.639773,0.264874,0.415195,5779,2826,3.720902e-02,1,1,0
R5_neutral,neutral-control,205,-10,-30,20_pack,1.702908e-02,101,17,1.132564,0.206878,0.415195,6021,5780,1.839608e-02,1,1,0
R5_neutral,neutral-control,205,-10,-15,20_pack,1.754707e-02,88,4,0.649884,0.287054,0.415195,5886,5718,1.916119e-02,1,0,0
R5_neutral,neutral-control,205,-10,0,01_fullrun,1.864380e-02,84,0,0.449651,0.378106,0.415195,5420,5295,2.198520e-02,1,0,0
R5_neutral,neutral-control,205,-10,15,20_pack,2.095003e-02,81,-3,0.830913,0.311334,0.415195,5494,4646,2.815576e-02,1,1,0
R5_neutral,neutral-control,205,-10,30,20_pack,2.045548e-02,91,7,1.028487,0.485547,0.415195,5725,4040,3.161479e-02,1,1,0
R5_neutral,neutral-control,205,-10,45,20_pack,1.564842e-02,105,21,0.677828,0.579705,0.415195,5612,3246,3.010120e-02,1,1,0
R5_neutral,neutral-control,205,-10,60,20_pack,1.356113e-02,100,16,1.193243,0.312741,0.415195,5138,4948,1.711308e-02,1,1,0
R5_neutral,neutral-control,205,-5,-60,20_pack,1.801810e-02,89,4,0.737886,0.266990,0.450523,5196,3142,3.580673e-02,1,1,0
R5_neutral,neutral-control,205,-5,-45,20_pack,1.649684e-02,101,16,1.270247,0.269386,0.450523,5788,5535,1.860995e-02,1,1,0
R5_neutral,neutral-control,205,-5,-30,20_pack,1.677698e-02,106,21,0.898792,0.213111,0.450523,6034,5811,1.802706e-02,1,1,0
R5_neutral,neutral-control,205,-5,-15,20_pack,1.744146e-02,90,5,0.562632,0.286765,0.450523,5887,5714,1.905920e-02,1,0,0
R5_neutral,neutral-control,205,-5,0,01_fullrun,1.863161e-02,85,0,0.474349,0.378987,0.450523,5439,5313,2.189639e-02,1,0,0
R5_neutral,neutral-control,205,-5,15,20_pack,2.088916e-02,83,-2,1.057088,0.332102,0.450523,5513,4660,2.798963e-02,1,1,0
R5_neutral,neutral-control,205,-5,30,20_pack,1.909425e-02,98,13,0.996545,0.539834,0.450523,5740,4041,2.950365e-02,1,1,0
R5_neutral,neutral-control,205,-5,45,20_pack,1.504519e-02,112,27,1.196396,0.605655,0.450523,5618,5454,1.722442e-02,1,1,0
R5_neutral,neutral-control,205,-5,60,20_pack,1.310519e-02,107,22,1.070226,0.330694,0.450523,5122,4937,1.657456e-02,1,1,0
R5_neutral,neutral-control,205,0,-60,20_pack,1.655271e-02,101,19,0.662132,0.235970,0.446943,5185,3127,3.305241e-02,1,1,0
R5_neutral,neutral-control,205,0,-45,20_pack,1.631845e-02,103,21,1.074049,0.234964,0.446943,5804,5568,1.829961e-02,1,1,0
R5_neutral,neutral-control,205,0,-30,20_pack,1.697879e-02,103,21,0.774892,0.215098,0.446943,6061,5859,1.809444e-02,1,0,0
R5_neutral,neutral-control,205,0,-15,20_pack,1.751071e-02,89,7,0.531890,0.272137,0.446943,5928,5760,1.898206e-02,1,0,0
R5_neutral,neutral-control,205,0,0,01_fullrun,1.871675e-02,82,0,0.523308,0.378341,0.446943,5474,5347,2.185658e-02,1,0,0
R5_neutral,neutral-control,205,0,15,20_pack,2.031170e-02,85,3,1.164891,0.420207,0.446943,5509,4649,2.728027e-02,1,1,0
R5_neutral,neutral-control,205,0,30,20_pack,1.766056e-02,108,26,1.050718,0.574185,0.446943,5725,4012,2.748562e-02,1,1,0
R5_neutral,neutral-control,205,0,45,20_pack,1.448216e-02,115,33,1.187017,0.548487,0.446943,5611,5403,1.673634e-02,1,1,0
R5_neutral,neutral-control,205,0,60,20_pack,1.279667e-02,111,29,0.887158,0.306640,0.446943,5121,4948,1.614839e-02,1,1,0
R5_neutral,neutral-control,205,5,-60,20_pack,1.606025e-02,107,24,1.014517,0.169237,0.458671,5220,4985,2.011635e-02,1,1,0
R5_neutral,neutral-control,205,5,-45,20_pack,1.638857e-02,102,19,0.929013,0.199812,0.458671,5810,5577,1.834858e-02,1,1,0
R5_neutral,neutral-control,205,5,-30,20_pack,1.701793e-02,102,19,0.776353,0.214561,0.458671,6051,5855,1.814854e-02,1,0,0
R5_neutral,neutral-control,205,5,-15,20_pack,1.761475e-02,87,4,0.542895,0.259220,0.458671,5913,5754,1.911475e-02,1,0,0
R5_neutral,neutral-control,205,5,0,01_fullrun,1.867669e-02,83,0,0.744491,0.358520,0.458671,5449,5284,2.206984e-02,1,0,0
R5_neutral,neutral-control,205,5,15,20_pack,2.036964e-02,84,1,1.347925,0.453639,0.458671,5545,4664,2.727010e-02,1,1,0
R5_neutral,neutral-control,205,5,30,20_pack,1.645322e-02,115,32,1.252598,0.570417,0.458671,5762,5565,1.846068e-02,1,1,0
R5_neutral,neutral-control,205,5,45,20_pack,1.423874e-02,117,34,1.082179,0.477895,0.458671,5625,5425,1.638830e-02,1,1,0
R5_neutral,neutral-control,205,5,60,20_pack,1.274718e-02,113,30,0.869591,0.309570,0.458671,5129,4965,1.603086e-02,1,1,0
R5_neutral,neutral-control,205,10,-60,20_pack,1.611147e-02,105,24,1.011455,0.169666,0.429628,5232,5013,2.006779e-02,1,1,0
R5_neutral,neutral-control,205,10,-45,20_pack,1.660470e-02,100,19,0.834012,0.191477,0.429628,5826,5580,1.858055e-02,1,1,0
R5_neutral,neutral-control,205,10,-30,20_pack,1.717604e-02,100,19,0.621749,0.207195,0.429628,6069,5873,1.826102e-02,1,0,0
R5_neutral,neutral-control,205,10,-15,20_pack,1.761888e-02,86,5,0.571813,0.237994,0.429628,5922,5723,1.922279e-02,1,0,0
R5_neutral,neutral-control,205,10,0,01_fullrun,1.891162e-02,81,0,0.895162,0.327907,0.429628,5455,5301,2.227578e-02,1,1,0
R5_neutral,neutral-control,205,10,15,20_pack,1.972062e-02,88,7,1.429413,0.434548,0.429628,5565,4654,2.645795e-02,1,1,0
R5_neutral,neutral-control,205,10,30,20_pack,1.596716e-02,118,37,1.088557,0.552654,0.429628,5778,5583,1.785755e-02,1,1,0
R5_neutral,neutral-control,205,10,45,20_pack,1.428063e-02,116,35,1.164826,0.434605,0.429628,5643,5468,1.630725e-02,1,1,0
R5_neutral,neutral-control,205,10,60,20_pack,1.260793e-02,115,34,0.792110,0.287601,0.429628,5123,4957,1.588133e-02,1,1,0
R5_neutral,neutral-control,210,-10,-60,20_pack,2.061895e-02,74,-2,0.791076,0.222476,0.440399,5285,3022,4.260240e-02,1,1,0
R5_neutral,neutral-control,210,-10,-45,20_pack,1.862897e-02,81,5,1.378492,0.225033,0.440399,5895,5464,2.128826e-02,1,1,0
R5_neutral,neutral-control,210,-10,-30,20_pack,1.888544e-02,85,9,1.057856,0.167159,0.440399,6146,5730,2.057948e-02,1,1,0
R5_neutral,neutral-control,210,-10,-15,20_pack,1.948409e-02,79,3,0.591345,0.229875,0.440399,5996,5618,2.165511e-02,1,0,0
R5_neutral,neutral-control,210,-10,0,01_fullrun,2.108413e-02,76,0,0.430168,0.326752,0.440399,5522,5200,2.531712e-02,1,0,0
R5_neutral,neutral-control,210,-10,15,20_pack,2.353417e-02,78,2,0.730715,0.258722,0.440399,5665,4578,3.209852e-02,1,1,0
R5_neutral,neutral-control,210,-10,30,20_pack,2.227096e-02,84,8,0.897765,0.456690,0.440399,5868,3972,3.500995e-02,1,1,0
R5_neutral,neutral-control,210,-10,45,20_pack,1.727146e-02,96,20,1.199917,0.541328,0.440399,5712,5397,1.998198e-02,1,1,0
R5_neutral,neutral-control,210,-10,60,20_pack,1.488927e-02,84,8,0.919894,0.276383,0.440399,5235,4915,1.891524e-02,1,1,0
R5_neutral,neutral-control,210,-5,-60,20_pack,1.956841e-02,80,2,0.826777,0.236978,0.498121,5265,3048,4.008690e-02,1,1,0
R5_neutral,neutral-control,210,-5,-45,20_pack,1.856410e-02,82,4,1.320758,0.237990,0.498121,5883,5442,2.129989e-02,1,1,0
R5_neutral,neutral-control,210,-5,-30,20_pack,1.889530e-02,84,6,0.902095,0.182105,0.498121,6128,5783,2.040152e-02,1,1,0
R5_neutral,neutral-control,210,-5,-15,20_pack,1.950706e-02,78,0,0.491642,0.229828,0.498121,5985,5643,2.158459e-02,1,0,0
R5_neutral,neutral-control,210,-5,0,01_fullrun,2.091657e-02,78,0,0.439523,0.327486,0.498121,5523,5211,2.506290e-02,1,0,0
R5_neutral,neutral-control,210,-5,15,20_pack,2.404943e-02,76,-2,1.059974,0.309626,0.498121,5659,4606,3.260189e-02,1,1,0
R5_neutral,neutral-control,210,-5,30,20_pack,2.076911e-02,87,9,0.881585,0.494959,0.498121,5861,3990,3.250177e-02,1,1,0
R5_neutral,neutral-control,210,-5,45,20_pack,1.661810e-02,98,20,1.014078,0.572507,0.498121,5706,5375,1.930478e-02,1,1,0
R5_neutral,neutral-control,210,-5,60,20_pack,1.445543e-02,92,14,0.722030,0.300691,0.498121,5227,4911,1.837905e-02,1,0,0
R5_neutral,neutral-control,210,0,-60,20_pack,1.829783e-02,87,8,0.745549,0.199506,0.484974,5225,3066,3.726399e-02,1,1,0
R5_neutral,neutral-control,210,0,-45,20_pack,1.837171e-02,84,5,1.152193,0.198376,0.484974,5850,5460,2.100965e-02,1,1,0
R5_neutral,neutral-control,210,0,-30,20_pack,1.892921e-02,83,4,0.775410,0.182628,0.484974,6134,5777,2.045936e-02,1,1,0
R5_neutral,neutral-control,210,0,-15,20_pack,1.959432e-02,77,-2,0.562225,0.221245,0.484974,5994,5687,2.151339e-02,1,0,0
R5_neutral,neutral-control,210,0,0,01_fullrun,2.076138e-02,79,0,0.443307,0.328655,0.484974,5549,5221,2.482930e-02,1,0,0
R5_neutral,neutral-control,210,0,15,20_pack,2.362855e-02,77,-2,1.190517,0.377527,0.484974,5613,4619,3.194119e-02,1,1,0
R5_neutral,neutral-control,210,0,30,20_pack,1.904711e-02,99,20,0.822850,0.525232,0.484974,5840,3995,2.976968e-02,1,1,0
R5_neutral,neutral-control,210,0,45,20_pack,1.620358e-02,101,22,0.887031,0.505516,0.484974,5707,5375,1.882325e-02,1,1,0
R5_neutral,neutral-control,210,0,60,20_pack,1.450364e-02,91,12,0.734885,0.266483,0.484974,5239,4926,1.838419e-02,1,1,0
R5_neutral,neutral-control,210,5,-60,20_pack,1.800938e-02,90,10,1.115417,0.133767,0.482325,5220,4885,2.301951e-02,1,1,0
R5_neutral,neutral-control,210,5,-45,20_pack,1.836465e-02,85,5,1.024456,0.163968,0.482325,5833,5484,2.090966e-02,1,1,0
R5_neutral,neutral-control,210,5,-30,20_pack,1.871008e-02,90,10,0.632656,0.182462,0.482325,6086,5761,2.027868e-02,1,0,0
R5_neutral,neutral-control,210,5,-15,20_pack,1.939182e-02,81,1,0.440902,0.214642,0.482325,5958,5685,2.129855e-02,1,0,0
R5_neutral,neutral-control,210,5,0,01_fullrun,2.071600e-02,80,0,0.564135,0.306233,0.482325,5508,5247,2.465227e-02,1,0,0
R5_neutral,neutral-control,210,5,15,20_pack,2.318248e-02,79,-1,1.329675,0.389853,0.482325,5606,4581,3.159814e-02,1,1,0
R5_neutral,neutral-control,210,5,30,20_pack,1.830284e-02,103,23,1.102443,0.518998,0.482325,5799,5494,2.080136e-02,1,1,0
R5_neutral,neutral-control,210,5,45,20_pack,1.587178e-02,104,24,0.800811,0.418342,0.482325,5698,5386,1.840015e-02,1,1,0
R5_neutral,neutral-control,210,5,60,20_pack,1.424378e-02,94,14,0.648395,0.251269,0.482325,5229,4945,1.798543e-02,1,1,0
R5_neutral,neutral-control,210,10,-60,20_pack,1.795163e-02,91,14,0.981149,0.133766,0.450408,5209,4896,2.289414e-02,1,1,0
R5_neutral,neutral-control,210,10,-45,20_pack,1.832578e-02,86,9,0.859098,0.155720,0.450408,5829,5514,2.075188e-02,1,1,0
R5_neutral,neutral-control,210,10,-30,20_pack,1.877885e-02,88,11,0.570175,0.171709,0.450408,6079,5801,2.021287e-02,1,0,0
R5_neutral,neutral-control,210,10,-15,20_pack,1.947166e-02,80,3,0.542497,0.212521,0.450408,5955,5699,2.133370e-02,1,0,0
R5_neutral,neutral-control,210,10,0,01_fullrun,2.100427e-02,77,0,0.779724,0.279462,0.450408,5511,5238,2.503825e-02,1,1,0
R5_neutral,neutral-control,210,10,15,20_pack,2.239743e-02,80,3,1.391012,0.370634,0.450408,5579,4587,3.048818e-02,1,1,0
R5_neutral,neutral-control,210,10,30,20_pack,1.790792e-02,105,28,1.013575,0.500756,0.450408,5804,5478,2.041198e-02,1,1,0
R5_neutral,neutral-control,210,10,45,20_pack,1.563306e-02,106,29,0.785072,0.374737,0.450408,5683,5407,1.805301e-02,1,0,0
R5_neutral,neutral-control,210,10,60,20_pack,1.411086e-02,96,19,0.587889,0.229578,0.450408,5226,4963,1.775297e-02,1,0,0
R1_high_info,high-info,230,15,-60,20_pack,2.387889e-02,50,2,1.090176,0.094890,1.474919,5086,3960,3.765137e-02,1,1,0
R1_high_info,high-info,230,15,-45,20_pack,2.243854e-02,58,10,0.524922,0.094479,1.474919,5863,4714,2.972124e-02,1,0,0
R1_high_info,high-info,230,15,-30,20_pack,2.426669e-02,42,-6,0.566557,0.201993,1.474919,6306,5168,2.931906e-02,1,1,0
R1_high_info,high-info,230,15,-15,20_pack,2.718112e-02,47,-1,0.806359,0.854340,1.474919,6397,5315,3.193199e-02,1,1,0
R1_high_info,high-info,230,15,0,01_fullrun,4.130265e-02,48,0,0.663895,1.921756,1.474919,6141,5037,5.119975e-02,1,0,0
R1_high_info,high-info,230,15,15,20_pack,6.522531e-02,37,-11,0.731790,1.915183,1.474919,5875,4728,8.613916e-02,1,0,0
R1_high_info,high-info,230,15,30,20_pack,2.720446e-02,55,7,0.727458,2.309744,1.474919,6167,5076,3.346420e-02,1,1,0
R1_high_info,high-info,230,15,45,20_pack,2.265415e-02,67,19,0.766061,0.428392,1.474919,6140,5117,2.764358e-02,1,1,0
R1_high_info,high-info,230,15,60,20_pack,2.025547e-02,64,16,0.538289,0.158218,1.474919,5806,4893,2.584812e-02,1,0,0
R1_high_info,high-info,230,20,-60,20_pack,2.342021e-02,54,3,1.094954,0.095622,1.184773,4973,3888,3.761200e-02,1,1,0
R1_high_info,high-info,230,20,-45,20_pack,2.253087e-02,55,4,0.507466,0.095073,1.184773,5777,4710,2.986888e-02,1,1,0
R1_high_info,high-info,230,20,-30,20_pack,2.458500e-02,38,-13,0.695033,0.202621,1.184773,6275,5214,2.944158e-02,1,1,0
R1_high_info,high-info,230,20,-15,20_pack,2.680938e-02,50,-1,0.678955,0.858508,1.184773,6400,5366,3.119593e-02,1,1,0
R1_high_info,high-info,230,20,0,01_fullrun,4.103184e-02,51,0,0.699459,2.007606,1.184773,6167,5124,5.000043e-02,1,1,0
R1_high_info,high-info,230,20,15,20_pack,5.513204e-02,38,-13,0.706996,2.013188,1.184773,5801,4668,7.374544e-02,1,0,0
R1_high_info,high-info,230,20,30,20_pack,2.640852e-02,59,8,0.634305,2.437049,1.184773,6133,5084,3.243400e-02,1,1,0
R1_high_info,high-info,230,20,45,20_pack,2.254247e-02,69,18,0.729986,0.460846,1.184773,6169,5170,2.722531e-02,1,1,0
R1_high_info,high-info,230,20,60,20_pack,2.051375e-02,60,9,0.893695,0.190246,1.184773,5857,4939,2.593391e-02,1,1,0
R1_high_info,high-info,230,25,-60,20_pack,2.284953e-02,59,4,1.070925,0.068927,1.002651,4857,3851,3.704808e-02,1,1,0
R1_high_info,high-info,230,25,-45,20_pack,2.253933e-02,54,-1,0.534101,0.113019,1.002651,5698,4715,2.984842e-02,1,1,0
R1_high_info,high-info,230,25,-30,20_pack,2.428667e-02,41,-14,0.733403,0.215123,1.002651,6218,5211,2.910106e-02,1,1,0
R1_high_info,high-info,230,25,-15,20_pack,2.653188e-02,53,-2,0.708426,0.871231,1.002651,6388,5426,3.053165e-02,1,1,0
R1_high_info,high-info,230,25,0,01_fullrun,4.053040e-02,55,0,0.735289,1.824201,1.002651,6174,5192,4.874254e-02,1,0,0
R1_high_info,high-info,230,25,15,20_pack,4.762073e-02,41,-14,0.703275,1.838387,1.002651,5633,4537,6.553740e-02,1,0,0
R1_high_info,high-info,230,25,30,20_pack,2.562410e-02,65,10,0.631823,2.277284,1.002651,6085,5084,3.147060e-02,1,1,0
R1_high_info,high-info,230,25,45,20_pack,2.208446e-02,73,18,0.628352,0.415683,1.002651,6161,5218,2.642681e-02,1,1,0
R1_high_info,high-info,230,25,60,20_pack,1.958523e-02,68,13,0.604704,0.193766,1.002651,5875,4983,2.454142e-02,1,0,0
R1_high_info,high-info,230,30,-60,20_pack,2.212244e-02,64,12,1.018683,0.083207,0.804388,4736,3807,3.628374e-02,1,1,0
R1_high_info,high-info,230,30,-45,20_pack,2.196574e-02,63,11,0.407760,0.137862,0.804388,5603,4683,2.928759e-02,1,0,0
R1_high_info,high-info,230,30,-30,20_pack,2.385436e-02,48,-4,0.700263,0.238263,0.804388,6156,5229,2.848466e-02,1,1,0
R1_high_info,high-info,230,30,-15,20_pack,2.610260e-02,59,7,0.752317,0.879496,0.804388,6383,5464,2.982874e-02,1,1,0
R1_high_info,high-info,230,30,0,01_fullrun,4.101995e-02,52,0,0.602974,1.601289,0.804388,6204,4443,5.764753e-02,1,0,0
R1_high_info,high-info,230,30,15,20_pack,4.123791e-02,48,-4,0.720271,1.618900,0.804388,5772,4554,5.654127e-02,1,0,0
R1_high_info,high-info,230,30,30,20_pack,2.513813e-02,68,16,0.685969,2.080905,0.804388,6045,5097,3.079501e-02,1,1,0
R1_high_info,high-info,230,30,45,20_pack,2.158262e-02,78,26,0.562998,0.419172,0.804388,6155,5271,2.556660e-02,1,1,0
R1_high_info,high-info,230,30,60,20_pack,1.955692e-02,69,17,0.778621,0.198295,0.804388,5916,5080,2.403802e-02,1,1,0
R1_high_info,high-info,230,35,-60,20_pack,2.119732e-02,70,20,0.904524,0.046319,0.837200,4615,3752,3.527605e-02,1,1,0
R1_high_info,high-info,230,35,-45,20_pack,2.143907e-02,68,18,0.515279,0.125028,0.837200,5518,4653,2.876967e-02,1,0,0
R1_high_info,high-info,230,35,-30,20_pack,2.349260e-02,51,1,0.765099,0.218695,0.837200,6102,5249,2.794580e-02,1,1,0
R1_high_info,high-info,230,35,-15,20_pack,2.598130e-02,60,10,0.795723,0.873414,0.837200,6364,5516,2.941024e-02,1,1,0
R1_high_info,high-info,230,35,0,01_fullrun,4.105694e-02,50,0,0.615803,1.306173,0.837200,6214,4459,5.749248e-02,1,0,0
R1_high_info,high-info,230,35,15,20_pack,3.694315e-02,52,2,0.752672,1.325729,0.837200,5808,4600,5.014619e-02,1,1,0
R1_high_info,high-info,230,35,30,20_pack,2.509333e-02,69,19,0.823901,1.749357,0.837200,6005,5137,3.050076e-02,1,1,0
R1_high_info,high-info,230,35,45,20_pack,2.086509e-02,82,32,0.518104,0.388042,0.837200,6150,5297,2.459530e-02,1,0,0
R1_high_info,high-info,230,35,60,20_pack,1.917412e-02,70,20,0.743633,0.183703,0.837200,5931,5176,2.313040e-02,1,0,0
R1_high_info,high-info,235,15,-60,20_pack,2.464809e-02,45,12,0.734708,0.192492,2.804434,5012,3656,4.209583e-02,1,0,0
R1_high_info,high-info,235,15,-45,20_pack,2.300284e-02,47,14,0.662956,0.190294,2.804434,5787,4477,3.208163e-02,1,1,0
R1_high_info,high-info,235,15,-30,20_pack,2.467749e-02,37,4,0.532358,0.201755,2.804434,6280,4942,3.117886e-02,1,0,0
R1_high_info,high-info,235,15,-15,20_pack,2.744747e-02,41,8,0.618929,0.849037,2.804434,6418,5119,3.347952e-02,1,1,0
R1_high_info,high-info,235,15,0,01_fullrun,5.228200e-02,33,0,0.713311,2.529147,2.804434,6212,4902,6.659488e-02,1,1,0
R1_high_info,high-info,235,15,15,20_pack,1.331567e-01,18,-15,0.802669,2.494708,2.804434,5868,4506,1.845159e-01,1,0,0
R1_high_info,high-info,235,15,30,20_pack,3.056461e-02,42,9,0.896788,2.907788,2.804434,6167,4857,3.929277e-02,1,1,0
R1_high_info,high-info,235,15,45,20_pack,2.364881e-02,61,28,0.656904,0.580686,2.804434,6188,4971,2.970486e-02,1,1,0
R1_high_info,high-info,235,15,60,20_pack,2.088257e-02,57,24,0.529914,0.180707,2.804434,5903,4737,2.752596e-02,1,0,0
R1_high_info,high-info,235,20,-60,20_pack,2.352623e-02,53,18,0.706281,0.194099,2.492897,4855,3561,4.125174e-02,1,0,0
R1_high_info,high-info,235,20,-45,20_pack,2.283730e-02,48,13,0.552164,0.191568,2.492897,5699,4426,3.221776e-02,1,1,0
R1_high_info,high-info,235,20,-30,20_pack,2.456180e-02,39,4,0.488845,0.202304,2.492897,6221,4988,3.074650e-02,1,0,0
R1_high_info,high-info,235,20,-15,20_pack,2.723244e-02,44,9,0.668309,0.852806,2.492897,6409,5183,3.280706e-02,1,1,0
R1_high_info,high-info,235,20,0,01_fullrun,5.212304e-02,35,0,0.747551,2.617123,2.492897,6255,4983,6.531318e-02,1,1,0
R1_high_info,high-info,235,20,15,20_pack,1.151394e-01,20,-15,0.734888,2.591380,2.492897,5792,4398,1.634672e-01,1,0,0
R1_high_info,high-info,235,20,30,20_pack,2.928383e-02,45,10,0.821689,3.027331,2.492897,6116,4877,3.749187e-02,1,1,0
R1_high_info,high-info,235,20,45,20_pack,2.372273e-02,60,25,0.716861,0.612069,2.492897,6203,5033,2.943064e-02,1,1,0
R1_high_info,high-info,235,20,60,20_pack,2.109559e-02,55,20,0.594583,0.214919,2.492897,5943,4858,2.711415e-02,1,1,0
R1_high_info,high-info,235,25,-60,20_pack,2.299546e-02,57,20,0.726894,0.208738,2.183386,4718,3507,4.094193e-02,1,0,0
R1_high_info,high-info,235,25,-45,20_pack,2.261740e-02,53,16,0.507334,0.205197,2.183386,5598,4418,3.196530e-02,1,0,0
R1_high_info,high-info,235,25,-30,20_pack,2.423349e-02,43,6,0.522812,0.228437,2.183386,6173,4982,3.037206e-02,1,1,0
R1_high_info,high-info,235,25,-15,20_pack,2.719267e-02,46,9,0.744223,0.883236,2.183386,6422,5243,3.238426e-02,1,1,0
R1_high_info,high-info,235,25,0,01_fullrun,5.180625e-02,37,0,0.778040,2.709700,2.183386,6279,5101,6.341452e-02,1,1,0
R1_high_info,high-info,235,25,15,20_pack,9.824272e-02,30,-7,0.706082,2.689483,2.183386,5916,4424,1.386587e-01,1,0,0
R1_high_info,high-info,235,25,30,20_pack,2.877528e-02,49,12,0.737605,3.177521,2.183386,6090,4888,3.675787e-02,1,1,0
R1_high_info,high-info,235,25,45,20_pack,2.334726e-02,64,27,0.610881,0.617081,2.183386,6196,5084,2.867427e-02,1,1,0
R1_high_info,high-info,235,25,60,20_pack,2.064602e-02,59,22,0.574845,0.218180,2.183386,5985,4925,2.617533e-02,1,0,0
R1_high_info,high-info,235,30,-60,20_pack,2.210542e-02,65,25,0.658254,0.196928,1.867415,4610,3487,3.958301e-02,1,1,0
R1_high_info,high-info,235,30,-45,20_pack,2.216556e-02,59,19,0.491314,0.192651,1.867415,5477,4389,3.153370e-02,1,0,0
R1_high_info,high-info,235,30,-30,20_pack,2.396012e-02,47,7,0.569062,0.241331,1.867415,6102,5003,2.990339e-02,1,1,0
R1_high_info,high-info,235,30,-15,20_pack,2.667435e-02,52,12,0.776732,0.874735,1.867415,6411,5296,3.144907e-02,1,1,0
R1_high_info,high-info,235,30,0,01_fullrun,5.150686e-02,40,0,0.596281,2.663588,1.867415,6314,4280,7.514209e-02,1,0,0
R1_high_info,high-info,235,30,15,20_pack,8.262153e-02,31,-9,0.679198,2.644935,1.867415,5968,4459,1.156958e-01,1,0,0
R1_high_info,high-info,235,30,30,20_pack,2.797716e-02,52,12,0.681968,3.187186,1.867415,6045,4898,3.566537e-02,1,0,0
R1_high_info,high-info,235,30,45,20_pack,2.300613e-02,66,26,0.618378,0.615757,1.867415,6187,5104,2.814458e-02,1,1,0
R1_high_info,high-info,235,30,60,20_pack,2.030711e-02,63,23,0.471863,0.239891,1.867415,6027,5035,2.518317e-02,1,0,0
R1_high_info,high-info,235,35,-60,20_pack,2.115887e-02,72,31,0.607939,0.127750,1.576810,4458,3430,3.851770e-02,1,1,0
R1_high_info,high-info,235,35,-45,20_pack,2.171505e-02,66,25,0.462605,0.124617,1.576810,5375,4345,3.120563e-02,1,0,0
R1_high_info,high-info,235,35,-30,20_pack,2.368243e-02,50,9,0.644234,0.239993,1.576810,6039,5022,2.944500e-02,1,1,0
R1_high_info,high-info,235,35,-15,20_pack,2.623107e-02,58,17,0.788609,0.867289,1.576810,6375,5335,3.070036e-02,1,1,0
R1_high_info,high-info,235,35,0,01_fullrun,5.133057e-02,41,0,0.599224,2.460271,1.576810,6335,4272,7.502514e-02,1,0,0
R1_high_info,high-info,235,35,15,20_pack,6.965578e-02,33,-8,0.664616,2.445819,1.576810,5999,4489,9.688787e-02,1,0,0
R1_high_info,high-info,235,35,30,20_pack,2.714225e-02,56,15,0.593256,2.981544,1.576810,6001,4915,3.448135e-02,1,0,0
R1_high_info,high-info,235,35,45,20_pack,2.236526e-02,70,29,0.549066,0.569267,1.576810,6183,5181,2.695395e-02,1,0,0
R1_high_info,high-info,235,35,60,20_pack,2.002093e-02,65,24,0.668789,0.225725,1.576810,6047,5106,2.448304e-02,1,0,0
R1_high_info,high-info,240,15,-60,20_pack,2.701314e-02,36,4,0.667153,0.301792,3.661284,4936,3397,4.965254e-02,1,1,0
R1_high_info,high-info,240,15,-45,20_pack,2.265115e-02,50,18,0.713699,0.302549,3.661284,5686,4134,3.421226e-02,1,1,0
R1_high_info,high-info,240,15,-30,20_pack,2.473504e-02,34,2,0.589637,0.216443,3.661284,6227,4729,3.265917e-02,1,0,0
R1_high_info,high-info,240,15,-15,20_pack,2.719344e-02,45,13,0.593231,0.873499,3.661284,6411,4912,3.456748e-02,1,1,0
R1_high_info,high-info,240,15,0,01_fullrun,5.261230e-02,32,0,0.735890,2.091906,3.661284,6245,4750,6.916011e-02,1,1,0
R1_high_info,high-info,240,15,15,20_pack,1.971308e-01,4,-28,0.817391,2.000743,3.661284,5780,4178,2.946104e-01,1,0,1
R1_high_info,high-info,240,15,30,20_pack,3.476658e-02,33,1,1.054203,2.291917,3.661284,6154,4652,4.666424e-02,1,1,0
R1_high_info,high-info,240,15,45,20_pack,2.414995e-02,53,21,0.631278,0.695260,3.661284,6186,4748,3.175905e-02,1,1,0
R1_high_info,high-info,240,15,60,20_pack,2.149282e-02,53,21,0.582408,0.193444,3.661284,5940,4600,2.917410e-02,1,0,0
R1_high_info,high-info,240,20,-60,20_pack,2.657135e-02,37,6,0.635199,0.350518,3.580834,4762,3302,5.024566e-02,1,1,0
R1_high_info,high-info,240,20,-45,20_pack,2.266361e-02,49,18,0.671764,0.351549,3.580834,5564,4101,3.450654e-02,1,1,0
R1_high_info,high-info,240,20,-30,20_pack,2.470477e-02,36,5,0.628618,0.228664,3.580834,6152,4726,3.263992e-02,1,1,0
R1_high_info,high-info,240,20,-15,20_pack,2.736330e-02,42,11,0.672126,0.878369,3.580834,6417,4997,3.419174e-02,1,1,0
R1_high_info,high-info,240,20,0,01_fullrun,5.270049e-02,31,0,0.769201,2.199381,3.580834,6306,4859,6.772199e-02,1,1,0
R1_high_info,high-info,240,20,15,20_pack,1.911182e-01,6,-25,0.806645,2.106409,3.580834,5961,4254,2.805218e-01,1,0,0
R1_high_info,high-info,240,20,30,20_pack,3.462515e-02,35,4,1.002811,2.408013,3.580834,6129,4694,4.605858e-02,1,1,0
R1_high_info,high-info,240,20,45,20_pack,2.427558e-02,51,20,0.663982,0.738346,3.580834,6206,4822,3.143434e-02,1,1,0
R1_high_info,high-info,240,20,60,20_pack,2.172562e-02,47,16,0.654509,0.222327,3.580834,6007,4699,2.886879e-02,1,1,0
R1_high_info,high-info,240,25,-60,20_pack,2.556581e-02,40,6,0.594293,0.371690,3.415683,4589,3201,4.986959e-02,1,1,0
R1_high_info,high-info,240,25,-45,20_pack,2.248173e-02,56,22,0.629198,0.372616,3.415683,5438,4086,3.435527e-02,1,1,0
R1_high_info,high-info,240,25,-30,20_pack,2.447046e-02,40,6,0.646932,0.243345,3.415683,6079,4732,3.228935e-02,1,1,0
R1_high_info,high-info,240,25,-15,20_pack,2.726731e-02,43,9,0.738610,0.888975,3.415683,6399,5050,3.371420e-02,1,1,0
R1_high_info,high-info,240,25,0,01_fullrun,5.214143e-02,34,0,0.797515,2.332900,3.415683,6360,4987,6.528381e-02,1,1,0
R1_high_info,high-info,240,25,15,20_pack,1.764981e-01,9,-25,0.796480,2.241073,3.415683,6050,4269,2.581521e-01,1,0,0
R1_high_info,high-info,240,25,30,20_pack,3.390873e-02,38,4,0.962721,2.557569,3.415683,6082,4683,4.521154e-02,1,1,0
R1_high_info,high-info,240,25,45,20_pack,2.434363e-02,50,16,0.648112,0.770975,3.415683,6210,4889,3.109047e-02,1,1,0
R1_high_info,high-info,240,25,60,20_pack,2.156273e-02,50,16,0.574336,0.237454,3.415683,6050,4827,2.789255e-02,1,0,0
R1_high_info,high-info,240,30,-60,20_pack,2.396684e-02,49,11,0.510705,0.394026,3.237817,4436,3118,4.799507e-02,1,0,0
R1_high_info,high-info,240,30,-45,20_pack,2.176242e-02,65,27,0.539585,0.393278,3.237817,5310,4041,3.362639e-02,1,0,0
R1_high_info,high-info,240,30,-30,20_pack,2.342136e-02,53,15,0.419795,0.255376,3.237817,6000,4719,3.099018e-02,1,0,0
R1_high_info,high-info,240,30,-15,20_pack,2.717808e-02,48,10,0.782005,0.889344,3.237817,6378,5127,3.309920e-02,1,1,0
R1_high_info,high-info,240,30,0,01_fullrun,5.175591e-02,38,0,0.829698,2.444754,3.237817,6369,5111,6.322895e-02,1,1,0
R1_high_info,high-info,240,30,15,20_pack,1.596705e-01,15,-23,0.788026,2.348344,3.237817,6111,4346,2.294018e-01,1,0,0
R1_high_info,high-info,240,30,30,20_pack,3.265351e-02,39,1,0.896615,2.687673,3.237817,6022,4691,4.346367e-02,1,1,0
R1_high_info,high-info,240,30,45,20_pack,2.399561e-02,56,18,0.599057,0.790339,3.237817,6217,4961,3.020122e-02,1,1,0
R1_high_info,high-info,240,30,60,20_pack,2.101355e-02,56,18,0.523963,0.252588,3.237817,6108,4912,2.671179e-02,1,0,0
R1_high_info,high-info,240,35,-60,20_pack,2.268044e-02,61,22,0.394098,0.371113,3.013301,4300,3069,4.614414e-02,1,0,0
R1_high_info,high-info,240,35,-45,20_pack,2.148200e-02,67,28,0.457772,0.369305,3.013301,5176,4036,3.323423e-02,1,0,0
R1_high_info,high-info,240,35,-30,20_pack,2.341769e-02,54,15,0.516700,0.253903,3.013301,5932,4773,3.063477e-02,1,0,0
R1_high_info,high-info,240,35,-15,20_pack,2.591265e-02,62,23,0.705942,0.882434,3.013301,6353,5179,3.124121e-02,1,1,0
R1_high_info,high-info,240,35,0,01_fullrun,5.156162e-02,39,0,0.608730,2.502707,3.013301,6393,4067,7.916154e-02,1,0,0
R1_high_info,high-info,240,35,15,20_pack,1.421673e-01,17,-22,0.761209,2.402811,3.013301,6146,4379,2.027154e-01,1,0,0
R1_high_info,high-info,240,35,30,20_pack,3.188807e-02,40,1,0.883559,2.757534,3.013301,5942,4705,4.231852e-02,1,0,0
R1_high_info,high-info,240,35,45,20_pack,2.398434e-02,57,18,0.729414,0.796181,3.013301,6192,5018,2.984414e-02,1,1,0
R1_high_info,high-info,240,35,60,20_pack,2.044898e-02,62,23,0.483183,0.247919,3.013301,6132,5000,2.553663e-02,1,0,0
R1_high_info,high-info,245,15,-60,20_pack,2.817596e-02,33,-14,0.635247,0.341854,3.492222,4824,3096,5.682503e-02,1,0,0
R1_high_info,high-info,245,15,-45,20_pack,2.214129e-02,61,14,0.654678,0.346280,3.492222,5575,3837,3.603073e-02,1,1,0
R1_high_info,high-info,245,15,-30,20_pack,2.416950e-02,45,-2,0.532952,0.262755,3.492222,6113,4447,3.393615e-02,1,0,0
R1_high_info,high-info,245,15,-15,20_pack,2.686473e-02,49,2,0.699834,0.966150,3.492222,6338,4666,3.595006e-02,1,1,0
R1_high_info,high-info,245,15,0,01_fullrun,4.172560e-02,47,0,0.650285,2.210182,3.492222,6239,4563,5.709711e-02,1,0,0
R1_high_info,high-info,245,15,15,20_pack,1.792586e-01,8,-39,0.807066,2.035049,3.492222,5902,3961,2.825771e-01,1,0,0
R1_high_info,high-info,245,15,30,20_pack,3.746193e-02,29,-18,0.925328,2.293643,3.492222,6097,4434,5.275412e-02,1,1,0
R1_high_info,high-info,245,15,45,20_pack,2.457513e-02,49,2,0.582409,0.648857,3.492222,6176,4557,3.367277e-02,1,1,0
R1_high_info,high-info,245,15,60,20_pack,2.169449e-02,48,1,0.535510,0.164743,3.492222,5959,4427,3.059863e-02,1,1,0
R1_high_info,high-info,245,20,-60,20_pack,2.951791e-02,31,-15,0.550246,0.498903,3.664493,4642,2979,6.186955e-02,1,0,0
R1_high_info,high-info,245,20,-45,20_pack,2.210260e-02,62,16,0.560958,0.508269,3.664493,5434,3796,3.635625e-02,1,1,0
R1_high_info,high-info,245,20,-30,20_pack,2.346926e-02,52,6,0.372129,0.274026,3.664493,6035,4420,3.315424e-02,1,0,0
R1_high_info,high-info,245,20,-15,20_pack,2.667600e-02,51,5,0.658441,0.982995,3.664493,6346,4739,3.514763e-02,1,1,0
R1_high_info,high-info,245,20,0,01_fullrun,4.182278e-02,46,0,0.706363,2.257839,3.664493,6298,4689,5.569224e-02,1,1,0
R1_high_info,high-info,245,20,15,20_pack,1.948470e-01,5,-41,0.817821,2.073571,3.664493,6026,4026,3.021913e-01,1,0,0
R1_high_info,high-info,245,20,30,20_pack,3.944289e-02,27,-19,0.867759,2.326786,3.664493,6064,4470,5.509639e-02,1,1,0
R1_high_info,high-info,245,20,45,20_pack,2.530557e-02,45,-1,0.723138,0.852326,3.664493,6188,4621,3.419338e-02,1,1,0
R1_high_info,high-info,245,20,60,20_pack,2.180570e-02,45,-1,0.553324,0.184048,3.664493,6037,4554,2.989778e-02,1,0,0
R1_high_info,high-info,245,25,-60,20_pack,3.040319e-02,29,-20,0.438485,0.670125,3.758283,4463,2909,6.525856e-02,1,0,0
R1_high_info,high-info,245,25,-45,20_pack,2.182064e-02,64,15,0.548083,0.690242,3.758283,5300,3763,3.620723e-02,1,0,0
R1_high_info,high-info,245,25,-30,20_pack,2.340855e-02,55,6,0.551585,0.279453,3.758283,5934,4405,3.318109e-02,1,1,0
R1_high_info,high-info,245,25,-15,20_pack,2.641448e-02,55,6,0.748136,1.006500,3.758283,6338,4808,3.430359e-02,1,1,0
R1_high_info,high-info,245,25,0,01_fullrun,4.110295e-02,49,0,0.737913,2.271505,3.758283,6368,4827,5.316889e-02,1,0,0
R1_high_info,high-info,245,25,15,20_pack,2.032274e-01,3,-46,0.824447,2.074661,3.758283,6129,4062,3.123952e-01,1,0,1
R1_high_info,high-info,245,25,30,20_pack,4.036651e-02,26,-23,0.860798,2.313075,3.758283,5995,4392,5.738796e-02,1,0,0
R1_high_info,high-info,245,25,45,20_pack,2.573419e-02,41,-8,0.804009,1.041974,3.758283,6200,4713,3.409376e-02,1,1,0
R1_high_info,high-info,245,25,60,20_pack,2.193877e-02,43,-6,0.589549,0.226519,3.758283,6097,4681,2.926413e-02,1,0,0
R1_high_info,high-info,245,30,-60,20_pack,2.971689e-02,30,-23,0.414495,0.734581,3.838430,4289,2775,6.686554e-02,1,0,0
R1_high_info,high-info,245,30,-45,20_pack,2.143604e-02,69,16,0.541107,0.761139,3.838430,5142,3717,3.600924e-02,1,1,0
R1_high_info,high-info,245,30,-30,20_pack,2.327988e-02,57,4,0.638126,0.281361,3.838430,5848,4401,3.302869e-02,1,1,0
R1_high_info,high-info,245,30,-15,20_pack,2.625556e-02,57,4,0.818165,1.001774,3.838430,6319,4889,3.353228e-02,1,1,0
R1_high_info,high-info,245,30,0,01_fullrun,4.084094e-02,53,0,0.795854,2.264848,3.838430,6401,4936,5.166334e-02,1,1,0
R1_high_info,high-info,245,30,15,20_pack,2.083770e-01,1,-52,0.828622,2.047175,3.838430,6179,4165,3.123897e-01,1,0,1
R1_high_info,high-info,245,30,30,20_pack,4.084572e-02,24,-29,0.837554,2.274442,3.838430,5941,4416,5.775365e-02,1,0,0
R1_high_info,high-info,245,30,45,20_pack,2.559017e-02,42,-11,0.827762,1.191476,3.838430,6202,4759,3.357526e-02,1,1,0
R1_high_info,high-info,245,30,60,20_pack,2.197992e-02,42,-11,0.741620,0.254163,3.838430,6155,4781,2.870577e-02,1,1,0
R1_high_info,high-info,245,35,-60,20_pack,2.814579e-02,34,-20,0.410034,0.734242,3.852806,4104,2637,6.664464e-02,1,0,0
R1_high_info,high-info,245,35,-45,20_pack,2.113580e-02,70,16,0.513949,0.762991,3.852806,4990,3678,3.588136e-02,1,0,0
R1_high_info,high-info,245,35,-30,20_pack,2.301145e-02,63,9,0.650871,0.279808,3.852806,5764,4460,3.221596e-02,1,1,0
R1_high_info,high-info,245,35,-15,20_pack,2.563502e-02,63,9,0.817517,0.995060,3.852806,6282,4942,3.238866e-02,1,1,0
R1_high_info,high-info,245,35,0,01_fullrun,4.067748e-02,54,0,0.860042,2.260847,3.852806,6432,5099,4.981165e-02,1,1,0
R1_high_info,high-info,245,35,15,20_pack,2.062671e-01,2,-52,0.821263,2.036449,3.852806,6214,4230,3.044750e-01,1,0,1
R1_high_info,high-info,245,35,30,20_pack,4.073119e-02,25,-29,0.837781,2.260413,3.852806,5866,4429,5.742267e-02,1,0,0
R1_high_info,high-info,245,35,45,20_pack,2.526614e-02,46,-8,0.824598,1.183161,3.852806,6168,4808,3.281228e-02,1,1,0
R1_high_info,high-info,245,35,60,20_pack,2.158939e-02,49,-5,0.649114,0.254801,3.852806,6188,4905,2.748295e-02,1,1,0
R1_high_info,high-info,250,15,-60,20_pack,2.573889e-02,39,-32,0.533494,0.341255,2.387256,4701,2768,5.806115e-02,1,0,0
R1_high_info,high-info,250,15,-45,20_pack,2.109233e-02,71,0,0.462323,0.347902,2.387256,5423,3529,3.731942e-02,1,0,0
R1_high_info,high-info,250,15,-30,20_pack,2.314153e-02,60,-11,0.472307,0.246160,2.387256,5950,4138,3.491914e-02,1,0,0
R1_high_info,high-info,250,15,-15,20_pack,2.509871e-02,68,-3,0.476638,0.656513,2.387256,6198,4393,3.567402e-02,1,1,0
R1_high_info,high-info,250,15,0,01_fullrun,3.176390e-02,71,0,0.558488,2.388208,2.387256,6196,4308,4.603838e-02,1,0,0
R1_high_info,high-info,250,15,15,20_pack,1.036063e-01,27,-44,0.733231,2.175127,2.387256,5933,3722,1.738087e-01,1,0,0
R1_high_info,high-info,250,15,30,20_pack,3.496841e-02,31,-40,0.711849,2.405544,2.387256,6017,4157,5.252399e-02,1,1,0
R1_high_info,high-info,250,15,45,20_pack,2.412585e-02,54,-17,0.577939,0.637529,2.387256,6108,4304,3.500034e-02,1,1,0
R1_high_info,high-info,250,15,60,20_pack,2.154328e-02,51,-20,0.531446,0.161750,2.387256,5960,4260,3.157651e-02,1,0,0
R1_high_info,high-info,250,20,-60,20_pack,2.903930e-02,32,-35,0.426613,0.492755,2.719362,4522,2638,6.873426e-02,1,0,0
R1_high_info,high-info,250,20,-45,20_pack,2.103584e-02,72,5,0.411842,0.507081,2.719362,5275,3476,3.778696e-02,1,0,0
R1_high_info,high-info,250,20,-30,20_pack,2.294304e-02,64,-3,0.532239,0.257781,2.719362,5873,4105,3.489794e-02,1,1,0
R1_high_info,high-info,250,20,-15,20_pack,2.541625e-02,64,-3,0.582157,0.673641,2.719362,6239,4481,3.541592e-02,1,1,0
R1_high_info,high-info,250,20,0,01_fullrun,3.199994e-02,67,0,0.654908,2.417859,2.719362,6272,4473,4.466962e-02,1,1,0
R1_high_info,high-info,250,20,15,20_pack,1.238526e-01,19,-48,0.763905,2.193364,2.719362,6056,3792,2.039383e-01,1,0,0
R1_high_info,high-info,250,20,30,20_pack,3.896628e-02,28,-39,0.628920,2.410383,2.719362,5965,4146,5.868424e-02,1,0,0
R1_high_info,high-info,250,20,45,20_pack,2.522788e-02,47,-20,0.668357,0.830562,2.719362,6131,4364,3.609590e-02,1,1,0
R1_high_info,high-info,250,20,60,20_pack,2.180127e-02,46,-21,0.518351,0.180494,2.719362,6048,4358,3.123608e-02,1,0,0
R1_high_info,high-info,250,25,-60,20_pack,3.332017e-02,27,-41,0.410336,0.647803,3.009420,4351,2525,8.239631e-02,1,0,0
R1_high_info,high-info,250,25,-45,20_pack,2.078872e-02,73,5,0.446839,0.678008,3.009420,5104,3400,3.817780e-02,1,0,0
R1_high_info,high-info,250,25,-30,20_pack,2.252356e-02,67,-1,0.537214,0.254952,3.009420,5782,4081,3.446135e-02,1,1,0
R1_high_info,high-info,250,25,-15,20_pack,2.515990e-02,67,-1,0.618461,0.696176,3.009420,6225,4560,3.445134e-02,1,1,0
R1_high_info,high-info,250,25,0,01_fullrun,3.198332e-02,68,0,0.669896,2.333723,3.009420,6332,4641,4.303025e-02,1,1,0
R1_high_info,high-info,250,25,15,20_pack,1.452769e-01,16,-52,0.787903,2.099141,3.009420,6158,3873,2.342130e-01,1,0,0
R1_high_info,high-info,250,25,30,20_pack,4.545427e-02,22,-46,0.692009,2.271769,3.009420,5908,4165,6.814307e-02,1,0,0
R1_high_info,high-info,250,25,45,20_pack,2.577798e-02,40,-28,0.708079,0.973724,3.009420,6139,4435,3.629252e-02,1,1,0
R1_high_info,high-info,250,25,60,20_pack,2.201073e-02,41,-27,0.479092,0.190301,3.009420,6128,4520,3.040591e-02,1,0,0
R1_high_info,high-info,250,30,-60,20_pack,3.787648e-02,22,-50,0.348174,0.697170,3.238659,4191,2434,9.716525e-02,1,0,0
R1_high_info,high-info,250,30,-45,20_pack,2.072162e-02,74,2,0.420457,0.737327,3.238659,4954,3372,3.837056e-02,1,0,0
R1_high_info,high-info,250,30,-30,20_pack,2.202965e-02,68,-4,0.505477,0.248781,3.238659,5687,4070,3.379677e-02,1,1,0
R1_high_info,high-info,250,30,-15,20_pack,2.490698e-02,69,-3,0.671282,0.680532,3.238659,6207,4622,3.364752e-02,1,1,0
R1_high_info,high-info,250,30,0,01_fullrun,3.152856e-02,72,0,0.694553,2.238070,3.238659,6378,4781,4.117630e-02,1,0,0
R1_high_info,high-info,250,30,15,20_pack,1.654150e-01,14,-58,0.803654,1.988513,3.238659,6218,3940,2.621445e-01,1,0,0
R1_high_info,high-info,250,30,30,20_pack,5.111372e-02,18,-54,0.646993,2.140502,3.238659,5747,4051,7.878386e-02,1,0,0
R1_high_info,high-info,250,30,45,20_pack,2.633159e-02,38,-34,0.776029,1.088940,3.238659,6125,4515,3.641507e-02,1,1,0
R1_high_info,high-info,250,30,60,20_pack,2.216897e-02,40,-32,0.633619,0.201708,3.238659,6165,4641,2.982606e-02,1,1,0
R1_high_info,high-info,250,35,-60,20_pack,3.959122e-02,21,-52,0.323445,0.690143,3.429275,4235,2367,1.044390e-01,1,0,0
R1_high_info,high-info,250,35,-45,20_pack,2.067296e-02,75,2,0.576395,0.733320,3.429275,4801,3312,3.897393e-02,1,1,0
R1_high_info,high-info,250,35,-30,20_pack,2.195933e-02,69,-4,0.602071,0.243340,3.429275,5584,4110,3.336102e-02,1,1,0
R1_high_info,high-info,250,35,-15,20_pack,2.425454e-02,70,-3,0.638069,0.674837,3.429275,6159,4678,3.237388e-02,1,0,0
R1_high_info,high-info,250,35,0,01_fullrun,3.137455e-02,73,0,0.793449,2.192659,3.429275,6405,4932,3.972066e-02,1,1,0
R1_high_info,high-info,250,35,15,20_pack,1.821338e-01,7,-66,0.816276,1.940085,3.429275,6290,4028,2.823339e-01,1,0,0
R1_high_info,high-info,250,35,30,20_pack,5.550749e-02,17,-56,0.656769,2.084780,3.429275,5936,4122,8.408249e-02,1,0,0
R1_high_info,high-info,250,35,45,20_pack,2.640755e-02,37,-36,0.802107,1.072854,3.429275,6106,4579,3.600970e-02,1,1,0
R1_high_info,high-info,250,35,60,20_pack,2.184629e-02,44,-29,0.611356,0.201618,3.429275,6203,4754,2.869329e-02,1,1,0
R2_dark_rollsens,dark/roll-sensitive,275,-85,-60,20_pack,2.148597e-02,69,-36,0.440646,0.460797,1.000478,5788,5077,2.642468e-02,1,0,0
R2_dark_rollsens,dark/roll-sensitive,275,-85,-45,20_pack,2.909973e-02,27,-78,0.481312,0.458743,1.000478,6011,4479,4.056672e-02,1,0,0
R2_dark_rollsens,dark/roll-sensitive,275,-85,-30,20_pack,2.893768e-02,25,-80,0.551337,0.666985,1.000478,5886,3662,4.934092e-02,1,1,0
R2_dark_rollsens,dark/roll-sensitive,275,-85,-15,20_pack,1.877772e-02,85,-20,0.569689,0.924906,1.000478,5462,2712,4.323297e-02,1,1,0
R2_dark_rollsens,dark/roll-sensitive,275,-85,0,01_fullrun,1.243234e-02,105,0,1.771377,0.533476,1.000478,4768,4666,1.663680e-02,1,1,0
R2_dark_rollsens,dark/roll-sensitive,275,-85,15,20_pack,1.154814e-02,122,17,1.376705,0.674790,1.000478,3916,3796,1.899536e-02,1,1,0
R2_dark_rollsens,dark/roll-sensitive,275,-85,30,20_pack,1.751115e-02,109,4,0.368147,1.164190,1.000478,4372,3657,2.989865e-02,1,0,0
R2_dark_rollsens,dark/roll-sensitive,275,-85,45,20_pack,3.150469e-02,29,-76,0.305899,0.701862,1.000478,5242,3493,5.631688e-02,1,0,0
R2_dark_rollsens,dark/roll-sensitive,275,-85,60,20_pack,3.441612e-02,22,-83,0.338970,0.280164,1.000478,5860,3135,6.854665e-02,1,0,0
R2_dark_rollsens,dark/roll-sensitive,275,-80,-60,20_pack,2.070844e-02,73,-33,0.419531,0.495135,0.908963,5872,5189,2.491872e-02,1,0,0
R2_dark_rollsens,dark/roll-sensitive,275,-80,-45,20_pack,2.606856e-02,31,-75,0.464608,0.491256,0.908963,6137,4632,3.514071e-02,1,0,0
R2_dark_rollsens,dark/roll-sensitive,275,-80,-30,20_pack,2.656693e-02,28,-78,0.637765,0.683963,0.908963,5992,3832,4.328902e-02,1,1,0
R2_dark_rollsens,dark/roll-sensitive,275,-80,-15,20_pack,1.902876e-02,83,-23,0.583616,0.962143,0.908963,5566,2877,4.129834e-02,1,1,0
R2_dark_rollsens,dark/roll-sensitive,275,-80,0,01_fullrun,1.237184e-02,106,0,1.770569,0.566596,0.908963,4898,4809,1.606354e-02,1,1,0
R2_dark_rollsens,dark/roll-sensitive,275,-80,15,20_pack,1.175762e-02,121,15,1.643873,0.717723,0.908963,4084,3983,1.843194e-02,1,1,0
R2_dark_rollsens,dark/roll-sensitive,275,-80,30,20_pack,1.681506e-02,113,7,0.641742,1.236418,0.908963,4480,3823,2.746352e-02,1,1,0
R2_dark_rollsens,dark/roll-sensitive,275,-80,45,20_pack,2.700417e-02,35,-71,0.400956,0.763696,0.908963,5313,3614,4.665568e-02,1,0,0
R2_dark_rollsens,dark/roll-sensitive,275,-80,60,20_pack,3.108933e-02,26,-80,0.505830,0.394545,0.908963,5923,3226,6.017400e-02,1,0,0
R2_dark_rollsens,dark/roll-sensitive,275,-75,-60,20_pack,2.023402e-02,77,-32,0.550553,0.328372,0.887964,5945,5311,2.378854e-02,1,0,0
R2_dark_rollsens,dark/roll-sensitive,275,-75,-45,20_pack,2.452627e-02,37,-72,0.473084,0.323015,0.887964,6174,4750,3.224036e-02,1,0,0
R2_dark_rollsens,dark/roll-sensitive,275,-75,-30,20_pack,2.505655e-02,33,-76,0.740245,0.472988,0.887964,6068,3977,3.933939e-02,1,1,0
R2_dark_rollsens,dark/roll-sensitive,275,-75,-15,20_pack,1.878002e-02,84,-25,0.595082,0.853643,0.887964,5653,3039,3.858579e-02,1,0,0
R2_dark_rollsens,dark/roll-sensitive,275,-75,0,01_fullrun,1.224028e-02,109,0,1.685442,0.599772,0.887964,5033,4948,1.544626e-02,1,1,0
R2_dark_rollsens,dark/roll-sensitive,275,-75,15,20_pack,1.113513e-02,123,14,1.368841,0.621546,0.887964,4233,4126,1.685109e-02,1,1,0
R2_dark_rollsens,dark/roll-sensitive,275,-75,30,20_pack,1.604974e-02,117,8,0.625182,1.064297,0.887964,4529,3953,2.535148e-02,1,1,0
R2_dark_rollsens,dark/roll-sensitive,275,-75,45,20_pack,2.404811e-02,55,-54,0.477990,0.668380,0.887964,5352,3745,4.009508e-02,1,0,0
R2_dark_rollsens,dark/roll-sensitive,275,-75,60,20_pack,2.899999e-02,28,-81,0.806754,0.344200,0.887964,5957,3350,5.405240e-02,1,0,0
R2_dark_rollsens,dark/roll-sensitive,275,-70,-60,20_pack,1.962888e-02,79,-25,0.569412,0.293363,0.897357,5990,5400,2.269675e-02,1,1,0
R2_dark_rollsens,dark/roll-sensitive,275,-70,-45,20_pack,2.366216e-02,45,-59,0.491631,0.286534,0.897357,6206,4831,3.058294e-02,1,0,0
R2_dark_rollsens,dark/roll-sensitive,275,-70,-30,20_pack,2.472185e-02,35,-69,0.794878,0.405209,0.897357,6114,4126,3.741223e-02,1,1,0
R2_dark_rollsens,dark/roll-sensitive,275,-70,-15,20_pack,1.929540e-02,82,-22,0.610150,0.775256,0.897357,5732,3234,3.725424e-02,1,1,0
R2_dark_rollsens,dark/roll-sensitive,275,-70,0,01_fullrun,1.244211e-02,104,0,0.722752,0.622528,0.897357,5119,2288,3.395469e-02,1,1,0
R2_dark_rollsens,dark/roll-sensitive,275,-70,15,20_pack,1.097729e-02,125,21,1.094403,0.525036,0.897357,4365,4263,1.607836e-02,1,1,0
R2_dark_rollsens,dark/roll-sensitive,275,-70,30,20_pack,1.530355e-02,121,17,0.685258,0.933597,0.897357,4570,4052,2.358222e-02,1,1,0
R2_dark_rollsens,dark/roll-sensitive,275,-70,45,20_pack,2.184362e-02,76,-28,0.529405,0.634652,0.897357,5375,3836,3.555559e-02,1,0,0
R2_dark_rollsens,dark/roll-sensitive,275,-70,60,20_pack,2.856996e-02,29,-75,1.233269,0.338496,0.897357,5982,3507,5.086695e-02,1,1,1
R2_dark_rollsens,dark/roll-sensitive,275,-65,-60,20_pack,1.899623e-02,82,-20,0.721876,0.243548,0.816681,5976,5453,2.175173e-02,1,1,0
R2_dark_rollsens,dark/roll-sensitive,275,-65,-45,20_pack,2.300624e-02,46,-56,0.605256,0.254488,0.816681,6207,4925,2.916765e-02,1,1,0
R2_dark_rollsens,dark/roll-sensitive,275,-65,-30,20_pack,2.410873e-02,46,-56,0.781267,0.349069,0.816681,6130,4225,3.562949e-02,1,1,0
R2_dark_rollsens,dark/roll-sensitive,275,-65,-15,20_pack,1.962051e-02,76,-26,0.661775,0.754173,0.816681,5781,3406,3.596894e-02,1,1,0
R2_dark_rollsens,dark/roll-sensitive,275,-65,0,01_fullrun,1.326740e-02,102,0,0.758588,0.619541,0.816681,5211,2519,3.288664e-02,1,1,0
R2_dark_rollsens,dark/roll-sensitive,275,-65,15,20_pack,1.104089e-02,124,22,0.919371,0.473792,0.816681,4522,4412,1.562537e-02,1,1,0
R2_dark_rollsens,dark/roll-sensitive,275,-65,30,20_pack,1.496275e-02,123,21,0.791893,0.799863,0.816681,4608,4159,2.246386e-02,1,1,0
R2_dark_rollsens,dark/roll-sensitive,275,-65,45,20_pack,2.053660e-02,84,-18,0.684394,0.632633,0.816681,5404,3992,3.212181e-02,1,1,0
R2_dark_rollsens,dark/roll-sensitive,275,-65,60,20_pack,2.666732e-02,31,-71,1.307189,0.331232,0.816681,5990,3647,4.565681e-02,1,1,0
R2_dark_rollsens,dark/roll-sensitive,280,-85,-60,20_pack,2.367917e-02,52,-59,0.471165,0.451912,1.027388,5919,4944,2.990542e-02,1,0,0
R2_dark_rollsens,dark/roll-sensitive,280,-85,-45,20_pack,3.242260e-02,25,-86,0.692368,0.461634,1.027388,6020,4234,4.781442e-02,1,1,0
R2_dark_rollsens,dark/roll-sensitive,280,-85,-30,20_pack,2.422487e-02,44,-67,0.483520,0.810184,1.027388,5777,3365,4.495090e-02,1,0,0
R2_dark_rollsens,dark/roll-sensitive,280,-85,-15,20_pack,1.637889e-02,101,-10,0.764511,1.001691,1.027388,5274,2434,4.201709e-02,1,1,0
R2_dark_rollsens,dark/roll-sensitive,280,-85,0,01_fullrun,1.188527e-02,111,0,1.688118,0.554596,1.027388,4499,4379,1.694712e-02,1,1,0
R2_dark_rollsens,dark/roll-sensitive,280,-85,15,20_pack,1.302008e-02,116,5,0.966302,0.942216,1.027388,3833,3722,2.184234e-02,1,1,0
R2_dark_rollsens,dark/roll-sensitive,280,-85,30,20_pack,2.124822e-02,86,-25,0.285989,1.114352,1.027388,4695,3634,3.650897e-02,1,0,0
R2_dark_rollsens,dark/roll-sensitive,280,-85,45,20_pack,3.566181e-02,22,-89,0.409804,0.704185,1.027388,5501,3422,6.507067e-02,1,0,0
R2_dark_rollsens,dark/roll-sensitive,280,-85,60,20_pack,2.976344e-02,27,-84,0.450952,0.383659,1.027388,6011,2951,6.297612e-02,1,0,0
R2_dark_rollsens,dark/roll-sensitive,280,-80,-60,20_pack,2.268443e-02,60,-52,0.466365,0.486170,0.872831,6017,5034,2.813693e-02,1,0,0
R2_dark_rollsens,dark/roll-sensitive,280,-80,-45,20_pack,2.722313e-02,29,-83,0.661844,0.494348,0.872831,6119,4386,3.875533e-02,1,1,0
R2_dark_rollsens,dark/roll-sensitive,280,-80,-30,20_pack,2.332259e-02,56,-56,0.490174,0.830289,0.872831,5885,3530,4.125380e-02,1,0,0
R2_dark_rollsens,dark/roll-sensitive,280,-80,-15,20_pack,1.659754e-02,99,-13,0.726392,1.030108,0.872831,5383,2601,3.984421e-02,1,1,0
R2_dark_rollsens,dark/roll-sensitive,280,-80,0,01_fullrun,1.180178e-02,112,0,1.695603,0.580740,0.872831,4643,4538,1.623847e-02,1,1,0
R2_dark_rollsens,dark/roll-sensitive,280,-80,15,20_pack,1.266903e-02,117,5,1.129982,0.986635,0.872831,3994,3881,2.038270e-02,1,1,0
R2_dark_rollsens,dark/roll-sensitive,280,-80,30,20_pack,1.943905e-02,96,-16,0.413121,1.184627,0.872831,4784,3785,3.206794e-02,1,0,0
R2_dark_rollsens,dark/roll-sensitive,280,-80,45,20_pack,3.037510e-02,30,-82,0.605556,0.766234,0.872831,5559,3533,5.368290e-02,1,0,0
R2_dark_rollsens,dark/roll-sensitive,280,-80,60,20_pack,2.740198e-02,30,-82,0.482803,0.438126,0.872831,6053,3065,5.582303e-02,1,0,0
R2_dark_rollsens,dark/roll-sensitive,280,-75,-60,20_pack,2.174217e-02,67,-48,0.410616,0.322643,0.771637,6057,5142,2.640175e-02,1,0,0
R2_dark_rollsens,dark/roll-sensitive,280,-75,-45,20_pack,2.552536e-02,33,-82,0.653636,0.324566,0.771637,6187,4520,3.526106e-02,1,1,0
R2_dark_rollsens,dark/roll-sensitive,280,-75,-30,20_pack,2.309052e-02,62,-53,0.661160,0.615948,0.771637,5943,3678,3.919980e-02,1,1,0
R2_dark_rollsens,dark/roll-sensitive,280,-75,-15,20_pack,1.659804e-02,98,-17,0.600882,0.930515,0.771637,5464,2729,3.797653e-02,1,1,0
R2_dark_rollsens,dark/roll-sensitive,280,-75,0,01_fullrun,1.132934e-02,115,0,1.437438,0.637105,0.771637,4764,4668,1.515429e-02,1,1,0
R2_dark_rollsens,dark/roll-sensitive,280,-75,15,20_pack,1.241855e-02,118,3,1.104370,0.842233,0.771637,4116,4030,1.924100e-02,1,1,0
R2_dark_rollsens,dark/roll-sensitive,280,-75,30,20_pack,1.795704e-02,104,-11,0.510650,1.075363,0.771637,4849,3892,2.880871e-02,1,1,0
R2_dark_rollsens,dark/roll-sensitive,280,-75,45,20_pack,2.690134e-02,36,-79,0.772859,0.684464,0.771637,5599,3659,4.590643e-02,1,0,0
R2_dark_rollsens,dark/roll-sensitive,280,-75,60,20_pack,2.606186e-02,32,-83,0.679444,0.366885,0.771637,6106,3207,5.074209e-02,1,1,0
R2_dark_rollsens,dark/roll-sensitive,280,-70,-60,20_pack,2.119540e-02,71,-47,0.524187,0.288106,0.749664,6105,5218,2.536293e-02,1,0,0
R2_dark_rollsens,dark/roll-sensitive,280,-70,-45,20_pack,2.432524e-02,38,-80,0.611696,0.287099,0.749664,6214,4604,3.299011e-02,1,1,0
R2_dark_rollsens,dark/roll-sensitive,280,-70,-30,20_pack,2.290678e-02,65,-53,0.741653,0.537068,0.749664,5993,3811,3.753074e-02,1,1,0
R2_dark_rollsens,dark/roll-sensitive,280,-70,-15,20_pack,1.707178e-02,92,-26,0.645520,0.842254,0.749664,5550,2918,3.653048e-02,1,1,0
R2_dark_rollsens,dark/roll-sensitive,280,-70,0,01_fullrun,1.118219e-02,118,0,1.347221,0.661474,0.749664,4868,4785,1.459173e-02,1,1,0
R2_dark_rollsens,dark/roll-sensitive,280,-70,15,20_pack,1.194157e-02,120,2,0.895848,0.700291,0.749664,4223,4140,1.801039e-02,1,1,0
R2_dark_rollsens,dark/roll-sensitive,280,-70,30,20_pack,1.722183e-02,112,-6,0.730099,0.969587,0.749664,4892,3997,2.690340e-02,1,1,0
R2_dark_rollsens,dark/roll-sensitive,280,-70,45,20_pack,2.420904e-02,52,-66,0.841690,0.632047,0.749664,5630,3758,4.022376e-02,1,1,0
R2_dark_rollsens,dark/roll-sensitive,280,-70,60,20_pack,2.583284e-02,34,-84,0.976289,0.342662,0.749664,6136,3363,4.796310e-02,1,0,1
R2_dark_rollsens,dark/roll-sensitive,280,-65,-60,20_pack,2.050995e-02,75,-44,0.545088,0.261565,0.708256,6115,5308,2.412658e-02,1,0,0
R2_dark_rollsens,dark/roll-sensitive,280,-65,-45,20_pack,2.372152e-02,44,-75,0.690017,0.259293,0.708256,6200,4703,3.149412e-02,1,1,0
R2_dark_rollsens,dark/roll-sensitive,280,-65,-30,20_pack,2.319980e-02,59,-60,0.900374,0.478578,0.708256,6025,3952,3.665467e-02,1,1,0
R2_dark_rollsens,dark/roll-sensitive,280,-65,-15,20_pack,1.734794e-02,91,-28,0.622342,0.819078,0.708256,5605,3090,3.505510e-02,1,1,0
R2_dark_rollsens,dark/roll-sensitive,280,-65,0,01_fullrun,1.112832e-02,119,0,1.347680,0.659861,0.708256,4961,4907,1.416040e-02,1,1,0
R2_dark_rollsens,dark/roll-sensitive,280,-65,15,20_pack,1.209677e-02,119,0,0.860140,0.611444,0.708256,4379,4290,1.760654e-02,1,1,0
R2_dark_rollsens,dark/roll-sensitive,280,-65,30,20_pack,1.659442e-02,114,-5,0.644755,0.841289,0.708256,4936,4138,2.503996e-02,1,1,0
R2_dark_rollsens,dark/roll-sensitive,280,-65,45,20_pack,2.178184e-02,77,-42,0.640917,0.631415,0.708256,5647,3905,3.482855e-02,1,0,0
R2_dark_rollsens,dark/roll-sensitive,280,-65,60,20_pack,2.458226e-02,35,-84,1.082738,0.335815,0.708256,6152,3506,4.377960e-02,1,1,0
R2_dark_rollsens,dark/roll-sensitive,285,-85,-60,20_pack,2.535335e-02,42,-72,0.395880,0.365980,1.070117,5976,4684,3.379717e-02,1,0,0
R2_dark_rollsens,dark/roll-sensitive,285,-85,-45,20_pack,3.154575e-02,26,-88,0.660597,0.566099,1.070117,5967,3984,4.944058e-02,1,1,0
R2_dark_rollsens,dark/roll-sensitive,285,-85,-30,20_pack,2.175240e-02,71,-43,0.568234,0.968488,1.070117,5671,3101,4.379932e-02,1,0,0
R2_dark_rollsens,dark/roll-sensitive,285,-85,-15,20_pack,1.364651e-02,115,1,0.869221,0.841923,1.070117,5003,2034,4.189215e-02,1,1,0
R2_dark_rollsens,dark/roll-sensitive,285,-85,0,01_fullrun,1.139125e-02,114,0,1.634986,0.471882,1.070117,4177,4049,1.756652e-02,1,1,0
R2_dark_rollsens,dark/roll-sensitive,285,-85,15,20_pack,1.498723e-02,111,-3,0.585666,1.149618,1.070117,4070,3735,2.505490e-02,1,1,0
R2_dark_rollsens,dark/roll-sensitive,285,-85,30,20_pack,2.567254e-02,64,-50,0.270609,0.974230,1.070117,4989,3562,4.500252e-02,1,0,0
R2_dark_rollsens,dark/roll-sensitive,285,-85,45,20_pack,3.591157e-02,21,-93,0.464059,0.605088,1.070117,5695,3264,6.869833e-02,1,0,0
R2_dark_rollsens,dark/roll-sensitive,285,-85,60,20_pack,2.596260e-02,33,-81,0.688744,0.523707,1.070117,6116,2822,5.744511e-02,1,1,0
R2_dark_rollsens,dark/roll-sensitive,285,-80,-60,20_pack,2.397592e-02,47,-66,0.436273,0.415370,0.955708,6093,4828,3.100773e-02,1,0,0
R2_dark_rollsens,dark/roll-sensitive,285,-80,-45,20_pack,2.680864e-02,30,-83,0.733302,0.583547,0.955708,6080,4135,4.048193e-02,1,1,0
R2_dark_rollsens,dark/roll-sensitive,285,-80,-30,20_pack,2.089780e-02,75,-38,0.547633,0.998472,0.955708,5737,3214,4.059912e-02,1,1,0
R2_dark_rollsens,dark/roll-sensitive,285,-80,-15,20_pack,1.385129e-02,114,1,0.820885,0.847451,0.955708,5133,2210,3.913452e-02,1,1,0
R2_dark_rollsens,dark/roll-sensitive,285,-80,0,01_fullrun,1.143705e-02,113,0,1.625042,0.476638,0.955708,4342,4232,1.687447e-02,1,1,0
R2_dark_rollsens,dark/roll-sensitive,285,-80,15,20_pack,1.430113e-02,112,-1,0.701411,1.188196,0.955708,4181,3859,2.313969e-02,1,1,0
R2_dark_rollsens,dark/roll-sensitive,285,-80,30,20_pack,2.253943e-02,80,-33,0.389728,1.030474,0.955708,5084,3694,3.809851e-02,1,0,0
R2_dark_rollsens,dark/roll-sensitive,285,-80,45,20_pack,3.157381e-02,28,-85,0.786531,0.689020,0.955708,5778,3386,5.822399e-02,1,0,0
R2_dark_rollsens,dark/roll-sensitive,285,-80,60,20_pack,2.424484e-02,36,-77,0.692435,0.558278,0.955708,6172,2915,5.193291e-02,1,0,0
R2_dark_rollsens,dark/roll-sensitive,285,-75,-60,20_pack,2.297213e-02,58,-63,0.476177,0.249954,0.862820,6126,4915,2.918366e-02,1,0,0
R2_dark_rollsens,dark/roll-sensitive,285,-75,-45,20_pack,2.521548e-02,34,-87,0.757042,0.386564,0.862820,6137,4240,3.713327e-02,1,1,0
R2_dark_rollsens,dark/roll-sensitive,285,-75,-30,20_pack,2.058836e-02,76,-45,0.563585,0.774428,0.862820,5807,3357,3.829414e-02,1,0,0
R2_dark_rollsens,dark/roll-sensitive,285,-75,-15,20_pack,1.404365e-02,113,-8,0.715491,0.822886,0.862820,5240,2402,3.650638e-02,1,1,0
R2_dark_rollsens,dark/roll-sensitive,285,-75,0,01_fullrun,1.107836e-02,121,0,1.323737,0.488608,0.862820,4472,4372,1.582186e-02,1,1,0
R2_dark_rollsens,dark/roll-sensitive,285,-75,15,20_pack,1.412627e-02,113,-8,0.968846,1.016198,0.862820,4273,3989,2.211187e-02,1,1,0
R2_dark_rollsens,dark/roll-sensitive,285,-75,30,20_pack,2.021760e-02,92,-29,0.454473,0.944662,0.862820,5152,3825,3.300352e-02,1,0,0
R2_dark_rollsens,dark/roll-sensitive,285,-75,45,20_pack,2.831060e-02,33,-88,1.104839,0.601153,0.862820,5821,3511,5.034776e-02,1,1,1
R2_dark_rollsens,dark/roll-sensitive,285,-75,60,20_pack,2.319552e-02,38,-83,0.636331,0.458750,0.862820,6222,3065,4.725368e-02,1,1,0
R2_dark_rollsens,dark/roll-sensitive,285,-70,-60,20_pack,2.234971e-02,63,-62,0.476275,0.215286,0.773194,6173,5010,2.785455e-02,1,0,0
R2_dark_rollsens,dark/roll-sensitive,285,-70,-45,20_pack,2.483141e-02,35,-90,0.844920,0.319720,0.773194,6165,4347,3.566758e-02,1,1,0
R2_dark_rollsens,dark/roll-sensitive,285,-70,-30,20_pack,2.092142e-02,73,-52,0.609732,0.694015,0.773194,5864,3525,3.705902e-02,1,1,0
R2_dark_rollsens,dark/roll-sensitive,285,-70,-15,20_pack,1.462719e-02,112,-13,0.731203,0.810731,0.773194,5334,2599,3.514119e-02,1,1,0
R2_dark_rollsens,dark/roll-sensitive,285,-70,0,01_fullrun,1.062832e-02,125,0,1.062794,0.512678,0.773194,4593,4503,1.473753e-02,1,1,0
R2_dark_rollsens,dark/roll-sensitive,285,-70,15,20_pack,1.357253e-02,114,-11,0.851574,0.852365,0.773194,4352,4110,2.061964e-02,1,1,0
R2_dark_rollsens,dark/roll-sensitive,285,-70,30,20_pack,1.888847e-02,101,-24,0.512822,0.846575,0.773194,5194,3942,2.991866e-02,1,1,0
R2_dark_rollsens,dark/roll-sensitive,285,-70,45,20_pack,2.553694e-02,43,-82,1.162971,0.525528,0.773194,5846,3636,4.385376e-02,1,1,0
R2_dark_rollsens,dark/roll-sensitive,285,-70,60,20_pack,2.218076e-02,39,-86,0.714687,0.357785,0.773194,6244,3194,4.336142e-02,1,1,0
R2_dark_rollsens,dark/roll-sensitive,285,-65,-60,20_pack,2.156937e-02,68,-54,0.479545,0.188023,0.700836,6172,5075,2.653770e-02,1,0,0
R2_dark_rollsens,dark/roll-sensitive,285,-65,-45,20_pack,2.390878e-02,40,-82,0.774423,0.272943,0.700836,6169,4462,3.345722e-02,1,1,0
R2_dark_rollsens,dark/roll-sensitive,285,-65,-30,20_pack,2.151222e-02,72,-50,0.820657,0.628078,0.700836,5894,3672,3.658007e-02,1,1,0
R2_dark_rollsens,dark/roll-sensitive,285,-65,-15,20_pack,1.500630e-02,111,-11,0.703324,0.806299,0.700836,5390,2773,3.378980e-02,1,1,0
R2_dark_rollsens,dark/roll-sensitive,285,-65,0,01_fullrun,1.073014e-02,122,0,1.026325,0.513528,0.700836,4709,4629,1.447373e-02,1,1,0
R2_dark_rollsens,dark/roll-sensitive,285,-65,15,20_pack,1.331665e-02,115,-7,0.703315,0.694380,0.700836,4435,4220,1.970355e-02,1,1,0
R2_dark_rollsens,dark/roll-sensitive,285,-65,30,20_pack,1.787141e-02,107,-15,0.452280,0.728455,0.700836,5233,4048,2.756642e-02,1,1,0
R2_dark_rollsens,dark/roll-sensitive,285,-65,45,20_pack,2.381828e-02,59,-63,1.050323,0.428152,0.700836,5866,3779,3.935459e-02,1,1,0
R2_dark_rollsens,dark/roll-sensitive,285,-65,60,20_pack,2.150428e-02,52,-70,0.673273,0.262252,0.700836,6262,3352,4.005741e-02,1,0,0
R2_dark_rollsens,dark/roll-sensitive,290,-85,-60,20_pack,2.805243e-02,35,-85,0.474040,0.337681,0.965947,6052,4491,3.900222e-02,1,0,0
R2_dark_rollsens,dark/roll-sensitive,290,-85,-45,20_pack,2.749299e-02,28,-92,0.577505,0.651012,0.965947,5901,3668,4.680093e-02,1,1,0
R2_dark_rollsens,dark/roll-sensitive,290,-85,-30,20_pack,1.869047e-02,91,-29,0.599028,1.040137,0.965947,5479,2710,4.306386e-02,1,1,0
R2_dark_rollsens,dark/roll-sensitive,290,-85,-15,20_pack,1.229540e-02,117,-3,1.689422,0.744271,0.965947,4783,4674,1.642540e-02,1,1,0
R2_dark_rollsens,dark/roll-sensitive,290,-85,0,01_fullrun,1.108956e-02,120,0,1.186372,0.708121,0.965947,3928,3795,1.824586e-02,1,1,0
R2_dark_rollsens,dark/roll-sensitive,290,-85,15,20_pack,1.745211e-02,104,-16,0.403066,1.202502,0.965947,4392,3683,2.958750e-02,1,0,0
R2_dark_rollsens,dark/roll-sensitive,290,-85,30,20_pack,3.048280e-02,43,-77,0.321977,0.853865,0.965947,5255,3521,5.405685e-02,1,0,0
R2_dark_rollsens,dark/roll-sensitive,290,-85,45,20_pack,3.250524e-02,27,-93,0.350135,0.649535,0.965947,5876,3120,6.505201e-02,1,0,0
R2_dark_rollsens,dark/roll-sensitive,290,-85,60,20_pack,2.147494e-02,54,-66,0.740310,0.664536,0.965947,6188,2614,5.129656e-02,1,1,0
R2_dark_rollsens,dark/roll-sensitive,290,-80,-60,20_pack,2.525048e-02,43,-73,0.479102,0.355545,0.848782,6129,4616,3.415590e-02,1,0,0
R2_dark_rollsens,dark/roll-sensitive,290,-80,-45,20_pack,2.481278e-02,36,-80,0.608601,0.667353,0.848782,6004,3818,4.057902e-02,1,1,0
R2_dark_rollsens,dark/roll-sensitive,290,-80,-30,20_pack,1.837806e-02,94,-22,0.594737,1.083405,0.848782,5573,2858,4.015128e-02,1,1,0
R2_dark_rollsens,dark/roll-sensitive,290,-80,-15,20_pack,1.185836e-02,120,4,1.672500,0.747167,0.848782,4895,4799,1.542893e-02,1,1,0
R2_dark_rollsens,dark/roll-sensitive,290,-80,0,01_fullrun,1.132902e-02,116,0,1.405401,0.717062,0.848782,4106,3989,1.773333e-02,1,1,0
R2_dark_rollsens,dark/roll-sensitive,290,-80,15,20_pack,1.670879e-02,106,-10,0.702271,1.248204,0.848782,4512,3849,2.710560e-02,1,1,0
R2_dark_rollsens,dark/roll-sensitive,290,-80,30,20_pack,2.619282e-02,61,-55,0.528888,0.901610,0.848782,5349,3648,4.483213e-02,1,0,0
R2_dark_rollsens,dark/roll-sensitive,290,-80,45,20_pack,2.869141e-02,32,-84,0.628266,0.678479,0.848782,5939,3219,5.565355e-02,1,0,0
R2_dark_rollsens,dark/roll-sensitive,290,-80,60,20_pack,2.087917e-02,58,-58,0.730828,0.686923,0.848782,6267,2731,4.773682e-02,1,0,0
R2_dark_rollsens,dark/roll-sensitive,290,-75,-60,20_pack,2.403806e-02,46,-71,0.506299,0.192889,0.819258,6178,4709,3.187372e-02,1,1,0
R2_dark_rollsens,dark/roll-sensitive,290,-75,-45,20_pack,2.403980e-02,39,-78,0.729105,0.484168,0.819258,6043,3937,3.812653e-02,1,1,0
R2_dark_rollsens,dark/roll-sensitive,290,-75,-30,20_pack,1.832869e-02,95,-22,0.542916,0.868452,0.819258,5644,3021,3.788284e-02,1,1,0
R2_dark_rollsens,dark/roll-sensitive,290,-75,-15,20_pack,1.166563e-02,121,4,1.595591,0.723920,0.819258,4989,4901,1.486229e-02,1,1,0
R2_dark_rollsens,dark/roll-sensitive,290,-75,0,01_fullrun,1.130033e-02,117,0,1.286256,0.626847,0.819258,4234,4150,1.700219e-02,1,1,0
R2_dark_rollsens,dark/roll-sensitive,290,-75,15,20_pack,1.579190e-02,108,-9,0.560791,1.087553,0.819258,4605,3963,2.488126e-02,1,1,0
R2_dark_rollsens,dark/roll-sensitive,290,-75,30,20_pack,2.307064e-02,77,-40,0.778025,0.818872,0.819258,5407,3730,3.862003e-02,1,1,0
R2_dark_rollsens,dark/roll-sensitive,290,-75,45,20_pack,2.732749e-02,34,-83,1.081789,0.571606,0.819258,5994,3358,5.081373e-02,1,1,1
R2_dark_rollsens,dark/roll-sensitive,290,-75,60,20_pack,2.050474e-02,61,-56,0.702869,0.567333,0.819258,6294,2878,4.448621e-02,1,1,0
R2_dark_rollsens,dark/roll-sensitive,290,-70,-60,20_pack,2.321103e-02,56,-68,0.521381,0.155650,0.781258,6204,4805,3.016219e-02,1,1,0
R2_dark_rollsens,dark/roll-sensitive,290,-70,-45,20_pack,2.387528e-02,41,-83,0.842447,0.413633,0.781258,6091,4057,3.674561e-02,1,1,0
R2_dark_rollsens,dark/roll-sensitive,290,-70,-30,20_pack,1.873248e-02,89,-35,0.548599,0.782301,0.781258,5701,3191,3.665476e-02,1,1,0
R2_dark_rollsens,dark/roll-sensitive,290,-70,-15,20_pack,1.226622e-02,118,-6,0.654574,0.762798,0.781258,5078,2242,3.416151e-02,1,1,0
R2_dark_rollsens,dark/roll-sensitive,290,-70,0,01_fullrun,1.068321e-02,124,0,0.828950,0.538736,0.781258,4348,4253,1.568441e-02,1,1,0
R2_dark_rollsens,dark/roll-sensitive,290,-70,15,20_pack,1.518033e-02,110,-14,0.624049,0.939254,0.781258,4670,4058,2.335776e-02,1,1,0
R2_dark_rollsens,dark/roll-sensitive,290,-70,30,20_pack,2.053634e-02,90,-34,0.505860,0.734315,0.781258,5454,3830,3.348006e-02,1,0,0
R2_dark_rollsens,dark/roll-sensitive,290,-70,45,20_pack,2.542249e-02,44,-80,1.198568,0.474198,0.781258,6031,3498,4.537956e-02,1,1,0
R2_dark_rollsens,dark/roll-sensitive,290,-70,60,20_pack,1.988748e-02,66,-58,0.573448,0.456682,0.781258,6318,3050,4.071381e-02,1,1,0
R2_dark_rollsens,dark/roll-sensitive,290,-65,-60,20_pack,2.244146e-02,62,-61,0.594200,0.140709,0.709627,6197,4835,2.898122e-02,1,1,0
R2_dark_rollsens,dark/roll-sensitive,290,-65,-45,20_pack,2.386411e-02,42,-81,0.948685,0.383904,0.709627,6092,4176,3.568180e-02,1,1,0
R2_dark_rollsens,dark/roll-sensitive,290,-65,-30,20_pack,1.913493e-02,81,-42,0.650844,0.758182,0.709627,5724,3326,3.592250e-02,1,1,0
R2_dark_rollsens,dark/roll-sensitive,290,-65,-15,20_pack,1.285083e-02,116,-7,0.663614,0.761105,0.709627,5143,2430,3.302075e-02,1,1,0
R2_dark_rollsens,dark/roll-sensitive,290,-65,0,01_fullrun,1.071871e-02,123,0,0.763069,0.495057,0.709627,4433,4351,1.538209e-02,1,1,0
R2_dark_rollsens,dark/roll-sensitive,290,-65,15,20_pack,1.518476e-02,109,-14,0.695141,0.783829,0.709627,4758,4194,2.260693e-02,1,1,0
R2_dark_rollsens,dark/roll-sensitive,290,-65,30,20_pack,1.936371e-02,97,-26,0.462913,0.620527,0.709627,5503,3969,3.046277e-02,1,1,0
R2_dark_rollsens,dark/roll-sensitive,290,-65,45,20_pack,2.340174e-02,62,-61,1.038765,0.360262,0.709627,6056,3650,4.003290e-02,1,1,0
R2_dark_rollsens,dark/roll-sensitive,290,-65,60,20_pack,1.975916e-02,67,-56,0.564425,0.342854,0.709627,6351,3220,3.831550e-02,1,0,0
R2_dark_rollsens,dark/roll-sensitive,295,-85,-60,20_pack,3.049311e-02,28,-79,0.643819,0.300850,1.001555,6032,4248,4.482076e-02,1,1,0
R2_dark_rollsens,dark/roll-sensitive,295,-85,-45,20_pack,2.384474e-02,43,-64,0.479709,0.623110,1.001555,5798,3375,4.411443e-02,1,0,0
R2_dark_rollsens,dark/roll-sensitive,295,-85,-30,20_pack,1.620711e-02,113,6,0.766925,0.880927,1.001555,5281,2413,4.193823e-02,1,1,0
R2_dark_rollsens,dark/roll-sensitive,295,-85,-15,20_pack,1.194778e-02,119,12,1.693023,0.553123,1.001555,4503,4385,1.701295e-02,1,1,0
R2_dark_rollsens,dark/roll-sensitive,295,-85,0,01_fullrun,1.235747e-02,107,0,0.592311,0.693632,1.001555,3859,3732,2.067521e-02,1,1,0
R2_dark_rollsens,dark/roll-sensitive,295,-85,15,20_pack,2.089535e-02,82,-25,0.295959,1.134624,1.001555,4719,3617,3.607140e-02,1,0,0
R2_dark_rollsens,dark/roll-sensitive,295,-85,30,20_pack,3.392995e-02,37,-70,0.412734,0.665390,1.001555,5481,3426,6.183834e-02,1,0,0
R2_dark_rollsens,dark/roll-sensitive,295,-85,45,20_pack,2.933454e-02,31,-76,0.433873,0.585123,1.001555,6025,3008,6.089245e-02,1,0,0
R2_dark_rollsens,dark/roll-sensitive,295,-85,60,20_pack,1.852239e-02,72,-35,0.617985,0.569810,1.001555,6224,2462,4.697545e-02,1,1,0
R2_dark_rollsens,dark/roll-sensitive,295,-80,-60,20_pack,2.632869e-02,38,-65,0.715299,0.316965,0.858053,6116,4378,3.755047e-02,1,1,0
R2_dark_rollsens,dark/roll-sensitive,295,-80,-45,20_pack,2.263673e-02,52,-51,0.467810,0.637389,0.858053,5887,3527,4.007469e-02,1,0,0
R2_dark_rollsens,dark/roll-sensitive,295,-80,-30,20_pack,1.604563e-02,117,14,0.703430,0.919622,0.858053,5369,2564,3.907515e-02,1,1,0
R2_dark_rollsens,dark/roll-sensitive,295,-80,-15,20_pack,1.164681e-02,122,19,1.576598,0.553832,0.858053,4627,4531,1.605000e-02,1,1,0
R2_dark_rollsens,dark/roll-sensitive,295,-80,0,01_fullrun,1.305593e-02,103,0,1.224151,0.703815,0.858053,4035,3927,2.075912e-02,1,1,0
R2_dark_rollsens,dark/roll-sensitive,295,-80,15,20_pack,1.900593e-02,94,-9,0.461501,1.179523,0.858053,4823,3762,3.154513e-02,1,1,0
R2_dark_rollsens,dark/roll-sensitive,295,-80,30,20_pack,2.906459e-02,46,-57,0.776417,0.734083,0.858053,5573,3541,5.125074e-02,1,0,0
R2_dark_rollsens,dark/roll-sensitive,295,-80,45,20_pack,2.631205e-02,39,-64,0.587707,0.609928,0.858053,6092,3111,5.281005e-02,1,1,0
R2_dark_rollsens,dark/roll-sensitive,295,-80,60,20_pack,1.859630e-02,71,-32,0.746763,0.585368,0.858053,6284,2581,4.498838e-02,1,1,0
R2_dark_rollsens,dark/roll-sensitive,295,-75,-60,20_pack,2.473151e-02,44,-57,0.669698,0.173928,0.744968,6169,4480,3.446947e-02,1,1,0
R2_dark_rollsens,dark/roll-sensitive,295,-75,-45,20_pack,2.245858e-02,57,-44,0.595592,0.472607,0.744968,5949,3657,3.834593e-02,1,1,0
R2_dark_rollsens,dark/roll-sensitive,295,-75,-30,20_pack,1.617001e-02,114,13,0.635843,0.800032,0.744968,5448,2736,3.690254e-02,1,1,0
R2_dark_rollsens,dark/roll-sensitive,295,-75,-15,20_pack,1.116049e-02,123,22,1.320762,0.589384,0.744968,4722,4635,1.503473e-02,1,1,0
R2_dark_rollsens,dark/roll-sensitive,295,-75,0,01_fullrun,1.350910e-02,101,0,1.395968,0.616041,0.744968,4146,4046,2.084791e-02,1,1,0
R2_dark_rollsens,dark/roll-sensitive,295,-75,15,20_pack,1.771220e-02,103,2,0.523361,1.031000,0.744968,4917,3890,2.843052e-02,1,1,0
R2_dark_rollsens,dark/roll-sensitive,295,-75,30,20_pack,2.560511e-02,66,-35,1.014709,0.617879,0.744968,5635,3626,4.409210e-02,1,1,0
R2_dark_rollsens,dark/roll-sensitive,295,-75,45,20_pack,2.466900e-02,48,-53,0.759328,0.470251,0.744968,6136,3219,4.785115e-02,1,1,0
R2_dark_rollsens,dark/roll-sensitive,295,-75,60,20_pack,1.849020e-02,73,-28,0.731427,0.466566,0.744968,6332,2717,4.249265e-02,1,1,0
R2_dark_rollsens,dark/roll-sensitive,295,-70,-60,20_pack,2.397472e-02,48,-60,0.671564,0.109834,0.705444,6202,4573,3.273515e-02,1,1,0
R2_dark_rollsens,dark/roll-sensitive,295,-70,-45,20_pack,2.216138e-02,60,-48,0.708317,0.398646,0.705444,5977,3760,3.680194e-02,1,1,0
R2_dark_rollsens,dark/roll-sensitive,295,-70,-30,20_pack,1.647291e-02,110,2,0.546286,0.753819,0.705444,5504,2895,3.552906e-02,1,1,0
R2_dark_rollsens,dark/roll-sensitive,295,-70,-15,20_pack,1.087511e-02,124,16,1.272503,0.618140,0.705444,4802,4727,1.436514e-02,1,1,0
R2_dark_rollsens,dark/roll-sensitive,295,-70,0,01_fullrun,1.234958e-02,108,0,0.897239,0.531838,0.705444,4233,4130,1.867084e-02,1,1,0
R2_dark_rollsens,dark/roll-sensitive,295,-70,15,20_pack,1.708158e-02,105,-3,0.542246,0.895027,0.705444,5005,4033,2.644610e-02,1,1,0
R2_dark_rollsens,dark/roll-sensitive,295,-70,30,20_pack,2.273911e-02,78,-30,0.861610,0.582050,0.705444,5701,3757,3.779150e-02,1,1,0
R2_dark_rollsens,dark/roll-sensitive,295,-70,45,20_pack,2.336329e-02,63,-45,0.846555,0.426353,0.705444,6191,3353,4.350733e-02,1,0,0
R2_dark_rollsens,dark/roll-sensitive,295,-70,60,20_pack,1.810620e-02,74,-34,0.516917,0.427877,0.705444,6352,2864,3.947447e-02,1,0,0
R2_dark_rollsens,dark/roll-sensitive,295,-65,-60,20_pack,2.335958e-02,55,-55,0.778665,0.078189,0.689156,6175,4619,3.157759e-02,1,1,0
R2_dark_rollsens,dark/roll-sensitive,295,-65,-45,20_pack,2.264762e-02,51,-59,0.964376,0.350539,0.689156,5984,3862,3.661611e-02,1,1,0
R2_dark_rollsens,dark/roll-sensitive,295,-65,-30,20_pack,1.693401e-02,104,-6,0.578625,0.740827,0.689156,5522,2983,3.544611e-02,1,0,0
R2_dark_rollsens,dark/roll-sensitive,295,-65,-15,20_pack,1.086861e-02,125,15,1.328421,0.618507,0.689156,4872,4798,1.414412e-02,1,1,0
R2_dark_rollsens,dark/roll-sensitive,295,-65,0,01_fullrun,1.208995e-02,110,0,0.597914,0.489809,0.689156,4375,4284,1.762126e-02,1,0,0
R2_dark_rollsens,dark/roll-sensitive,295,-65,15,20_pack,1.660700e-02,107,-3,0.508874,0.749174,0.689156,5071,4141,2.504078e-02,1,1,0
R2_dark_rollsens,dark/roll-sensitive,295,-65,30,20_pack,2.057281e-02,89,-21,0.532080,0.508976,0.689156,5744,3852,3.334795e-02,1,0,0
R2_dark_rollsens,dark/roll-sensitive,295,-65,45,20_pack,2.202349e-02,74,-36,0.804035,0.350739,0.689156,6192,3468,3.965236e-02,1,1,0
R2_dark_rollsens,dark/roll-sensitive,295,-65,60,20_pack,1.802197e-02,75,-35,0.402863,0.348289,0.689156,6376,3033,3.710154e-02,1,0,0
