record_id,region,all_regions,category,yaw,pitch,roll,geom,label,render_needed,roll0_reuse_source,source_seed
R3_low_info__yaw055_pitch+060,R3_low_info,R3_low_info,low-info/ocs-hard,55,60,-60,phase63(L1-G1),yaw055_pitch+060_roll-060,YES,20_pack (new render),low-info/ocs-hard-seed yaw065 pitch+70/+75
R3_low_info__yaw055_pitch+060,R3_low_info,R3_low_info,low-info/ocs-hard,55,60,-45,phase63(L1-G1),yaw055_pitch+060_roll-045,YES,20_pack (new render),low-info/ocs-hard-seed yaw065 pitch+70/+75
R3_low_info__yaw055_pitch+060,R3_low_info,R3_low_info,low-info/ocs-hard,55,60,-30,phase63(L1-G1),yaw055_pitch+060_roll-030,YES,20_pack (new render),low-info/ocs-hard-seed yaw065 pitch+70/+75
R3_low_info__yaw055_pitch+060,R3_low_info,R3_low_info,low-info/ocs-hard,55,60,-15,phase63(L1-G1),yaw055_pitch+060_roll-015,YES,20_pack (new render),low-info/ocs-hard-seed yaw065 pitch+70/+75
R3_low_info__yaw055_pitch+060,R3_low_info,R3_low_info,low-info/ocs-hard,55,60,0,phase63(L1-G1),yaw055_pitch+060_roll+000,NO,"01_fullrun (roll+000, 复用不重渲)",low-info/ocs-hard-seed yaw065 pitch+70/+75
R3_low_info__yaw055_pitch+060,R3_low_info,R3_low_info,low-info/ocs-hard,55,60,15,phase63(L1-G1),yaw055_pitch+060_roll+015,YES,20_pack (new render),low-info/ocs-hard-seed yaw065 pitch+70/+75
R3_low_info__yaw055_pitch+060,R3_low_info,R3_low_info,low-info/ocs-hard,55,60,30,phase63(L1-G1),yaw055_pitch+060_roll+030,YES,20_pack (new render),low-info/ocs-hard-seed yaw065 pitch+70/+75
R3_low_info__yaw055_pitch+060,R3_low_info,R3_low_info,low-info/ocs-hard,55,60,45,phase63(L1-G1),yaw055_pitch+060_roll+045,YES,20_pack (new render),low-info/ocs-hard-seed yaw065 pitch+70/+75
R3_low_info__yaw055_pitch+060,R3_low_info,R3_low_info,low-info/ocs-hard,55,60,60,phase63(L1-G1),yaw055_pitch+060_roll+060,YES,20_pack (new render),low-info/ocs-hard-seed yaw065 pitch+70/+75
R3_low_info__yaw055_pitch+065,R3_low_info,R3_low_info,low-info/ocs-hard,55,65,-60,phase63(L1-G1),yaw055_pitch+065_roll-060,YES,20_pack (new render),low-info/ocs-hard-seed yaw065 pitch+70/+75
R3_low_info__yaw055_pitch+065,R3_low_info,R3_low_info,low-info/ocs-hard,55,65,-45,phase63(L1-G1),yaw055_pitch+065_roll-045,YES,20_pack (new render),low-info/ocs-hard-seed yaw065 pitch+70/+75
R3_low_info__yaw055_pitch+065,R3_low_info,R3_low_info,low-info/ocs-hard,55,65,-30,phase63(L1-G1),yaw055_pitch+065_roll-030,YES,20_pack (new render),low-info/ocs-hard-seed yaw065 pitch+70/+75
R3_low_info__yaw055_pitch+065,R3_low_info,R3_low_info,low-info/ocs-hard,55,65,-15,phase63(L1-G1),yaw055_pitch+065_roll-015,YES,20_pack (new render),low-info/ocs-hard-seed yaw065 pitch+70/+75
R3_low_info__yaw055_pitch+065,R3_low_info,R3_low_info,low-info/ocs-hard,55,65,0,phase63(L1-G1),yaw055_pitch+065_roll+000,NO,"01_fullrun (roll+000, 复用不重渲)",low-info/ocs-hard-seed yaw065 pitch+70/+75
R3_low_info__yaw055_pitch+065,R3_low_info,R3_low_info,low-info/ocs-hard,55,65,15,phase63(L1-G1),yaw055_pitch+065_roll+015,YES,20_pack (new render),low-info/ocs-hard-seed yaw065 pitch+70/+75
R3_low_info__yaw055_pitch+065,R3_low_info,R3_low_info,low-info/ocs-hard,55,65,30,phase63(L1-G1),yaw055_pitch+065_roll+030,YES,20_pack (new render),low-info/ocs-hard-seed yaw065 pitch+70/+75
R3_low_info__yaw055_pitch+065,R3_low_info,R3_low_info,low-info/ocs-hard,55,65,45,phase63(L1-G1),yaw055_pitch+065_roll+045,YES,20_pack (new render),low-info/ocs-hard-seed yaw065 pitch+70/+75
R3_low_info__yaw055_pitch+065,R3_low_info,R3_low_info,low-info/ocs-hard,55,65,60,phase63(L1-G1),yaw055_pitch+065_roll+060,YES,20_pack (new render),low-info/ocs-hard-seed yaw065 pitch+70/+75
R3_low_info__yaw055_pitch+070,R3_low_info,R3_low_info,low-info/ocs-hard,55,70,-60,phase63(L1-G1),yaw055_pitch+070_roll-060,YES,20_pack (new render),low-info/ocs-hard-seed yaw065 pitch+70/+75
R3_low_info__yaw055_pitch+070,R3_low_info,R3_low_info,low-info/ocs-hard,55,70,-45,phase63(L1-G1),yaw055_pitch+070_roll-045,YES,20_pack (new render),low-info/ocs-hard-seed yaw065 pitch+70/+75
R3_low_info__yaw055_pitch+070,R3_low_info,R3_low_info,low-info/ocs-hard,55,70,-30,phase63(L1-G1),yaw055_pitch+070_roll-030,YES,20_pack (new render),low-info/ocs-hard-seed yaw065 pitch+70/+75
R3_low_info__yaw055_pitch+070,R3_low_info,R3_low_info,low-info/ocs-hard,55,70,-15,phase63(L1-G1),yaw055_pitch+070_roll-015,YES,20_pack (new render),low-info/ocs-hard-seed yaw065 pitch+70/+75
R3_low_info__yaw055_pitch+070,R3_low_info,R3_low_info,low-info/ocs-hard,55,70,0,phase63(L1-G1),yaw055_pitch+070_roll+000,NO,"01_fullrun (roll+000, 复用不重渲)",low-info/ocs-hard-seed yaw065 pitch+70/+75
R3_low_info__yaw055_pitch+070,R3_low_info,R3_low_info,low-info/ocs-hard,55,70,15,phase63(L1-G1),yaw055_pitch+070_roll+015,YES,20_pack (new render),low-info/ocs-hard-seed yaw065 pitch+70/+75
R3_low_info__yaw055_pitch+070,R3_low_info,R3_low_info,low-info/ocs-hard,55,70,30,phase63(L1-G1),yaw055_pitch+070_roll+030,YES,20_pack (new render),low-info/ocs-hard-seed yaw065 pitch+70/+75
R3_low_info__yaw055_pitch+070,R3_low_info,R3_low_info,low-info/ocs-hard,55,70,45,phase63(L1-G1),yaw055_pitch+070_roll+045,YES,20_pack (new render),low-info/ocs-hard-seed yaw065 pitch+70/+75
R3_low_info__yaw055_pitch+070,R3_low_info,R3_low_info,low-info/ocs-hard,55,70,60,phase63(L1-G1),yaw055_pitch+070_roll+060,YES,20_pack (new render),low-info/ocs-hard-seed yaw065 pitch+70/+75
R3_low_info__yaw055_pitch+075,R3_low_info,R3_low_info,low-info/ocs-hard,55,75,-60,phase63(L1-G1),yaw055_pitch+075_roll-060,YES,20_pack (new render),low-info/ocs-hard-seed yaw065 pitch+70/+75
R3_low_info__yaw055_pitch+075,R3_low_info,R3_low_info,low-info/ocs-hard,55,75,-45,phase63(L1-G1),yaw055_pitch+075_roll-045,YES,20_pack (new render),low-info/ocs-hard-seed yaw065 pitch+70/+75
R3_low_info__yaw055_pitch+075,R3_low_info,R3_low_info,low-info/ocs-hard,55,75,-30,phase63(L1-G1),yaw055_pitch+075_roll-030,YES,20_pack (new render),low-info/ocs-hard-seed yaw065 pitch+70/+75
R3_low_info__yaw055_pitch+075,R3_low_info,R3_low_info,low-info/ocs-hard,55,75,-15,phase63(L1-G1),yaw055_pitch+075_roll-015,YES,20_pack (new render),low-info/ocs-hard-seed yaw065 pitch+70/+75
R3_low_info__yaw055_pitch+075,R3_low_info,R3_low_info,low-info/ocs-hard,55,75,0,phase63(L1-G1),yaw055_pitch+075_roll+000,NO,"01_fullrun (roll+000, 复用不重渲)",low-info/ocs-hard-seed yaw065 pitch+70/+75
R3_low_info__yaw055_pitch+075,R3_low_info,R3_low_info,low-info/ocs-hard,55,75,15,phase63(L1-G1),yaw055_pitch+075_roll+015,YES,20_pack (new render),low-info/ocs-hard-seed yaw065 pitch+70/+75
R3_low_info__yaw055_pitch+075,R3_low_info,R3_low_info,low-info/ocs-hard,55,75,30,phase63(L1-G1),yaw055_pitch+075_roll+030,YES,20_pack (new render),low-info/ocs-hard-seed yaw065 pitch+70/+75
R3_low_info__yaw055_pitch+075,R3_low_info,R3_low_info,low-info/ocs-hard,55,75,45,phase63(L1-G1),yaw055_pitch+075_roll+045,YES,20_pack (new render),low-info/ocs-hard-seed yaw065 pitch+70/+75
R3_low_info__yaw055_pitch+075,R3_low_info,R3_low_info,low-info/ocs-hard,55,75,60,phase63(L1-G1),yaw055_pitch+075_roll+060,YES,20_pack (new render),low-info/ocs-hard-seed yaw065 pitch+70/+75
R3_low_info__yaw055_pitch+080,R3_low_info,R3_low_info,low-info/ocs-hard,55,80,-60,phase63(L1-G1),yaw055_pitch+080_roll-060,YES,20_pack (new render),low-info/ocs-hard-seed yaw065 pitch+70/+75
R3_low_info__yaw055_pitch+080,R3_low_info,R3_low_info,low-info/ocs-hard,55,80,-45,phase63(L1-G1),yaw055_pitch+080_roll-045,YES,20_pack (new render),low-info/ocs-hard-seed yaw065 pitch+70/+75
R3_low_info__yaw055_pitch+080,R3_low_info,R3_low_info,low-info/ocs-hard,55,80,-30,phase63(L1-G1),yaw055_pitch+080_roll-030,YES,20_pack (new render),low-info/ocs-hard-seed yaw065 pitch+70/+75
R3_low_info__yaw055_pitch+080,R3_low_info,R3_low_info,low-info/ocs-hard,55,80,-15,phase63(L1-G1),yaw055_pitch+080_roll-015,YES,20_pack (new render),low-info/ocs-hard-seed yaw065 pitch+70/+75
R3_low_info__yaw055_pitch+080,R3_low_info,R3_low_info,low-info/ocs-hard,55,80,0,phase63(L1-G1),yaw055_pitch+080_roll+000,NO,"01_fullrun (roll+000, 复用不重渲)",low-info/ocs-hard-seed yaw065 pitch+70/+75
R3_low_info__yaw055_pitch+080,R3_low_info,R3_low_info,low-info/ocs-hard,55,80,15,phase63(L1-G1),yaw055_pitch+080_roll+015,YES,20_pack (new render),low-info/ocs-hard-seed yaw065 pitch+70/+75
R3_low_info__yaw055_pitch+080,R3_low_info,R3_low_info,low-info/ocs-hard,55,80,30,phase63(L1-G1),yaw055_pitch+080_roll+030,YES,20_pack (new render),low-info/ocs-hard-seed yaw065 pitch+70/+75
R3_low_info__yaw055_pitch+080,R3_low_info,R3_low_info,low-info/ocs-hard,55,80,45,phase63(L1-G1),yaw055_pitch+080_roll+045,YES,20_pack (new render),low-info/ocs-hard-seed yaw065 pitch+70/+75
R3_low_info__yaw055_pitch+080,R3_low_info,R3_low_info,low-info/ocs-hard,55,80,60,phase63(L1-G1),yaw055_pitch+080_roll+060,YES,20_pack (new render),low-info/ocs-hard-seed yaw065 pitch+70/+75
R3_low_info__yaw060_pitch+060,R3_low_info,R3_low_info,low-info/ocs-hard,60,60,-60,phase63(L1-G1),yaw060_pitch+060_roll-060,YES,20_pack (new render),low-info/ocs-hard-seed yaw065 pitch+70/+75
R3_low_info__yaw060_pitch+060,R3_low_info,R3_low_info,low-info/ocs-hard,60,60,-45,phase63(L1-G1),yaw060_pitch+060_roll-045,YES,20_pack (new render),low-info/ocs-hard-seed yaw065 pitch+70/+75
R3_low_info__yaw060_pitch+060,R3_low_info,R3_low_info,low-info/ocs-hard,60,60,-30,phase63(L1-G1),yaw060_pitch+060_roll-030,YES,20_pack (new render),low-info/ocs-hard-seed yaw065 pitch+70/+75
R3_low_info__yaw060_pitch+060,R3_low_info,R3_low_info,low-info/ocs-hard,60,60,-15,phase63(L1-G1),yaw060_pitch+060_roll-015,YES,20_pack (new render),low-info/ocs-hard-seed yaw065 pitch+70/+75
R3_low_info__yaw060_pitch+060,R3_low_info,R3_low_info,low-info/ocs-hard,60,60,0,phase63(L1-G1),yaw060_pitch+060_roll+000,NO,"01_fullrun (roll+000, 复用不重渲)",low-info/ocs-hard-seed yaw065 pitch+70/+75
R3_low_info__yaw060_pitch+060,R3_low_info,R3_low_info,low-info/ocs-hard,60,60,15,phase63(L1-G1),yaw060_pitch+060_roll+015,YES,20_pack (new render),low-info/ocs-hard-seed yaw065 pitch+70/+75
R3_low_info__yaw060_pitch+060,R3_low_info,R3_low_info,low-info/ocs-hard,60,60,30,phase63(L1-G1),yaw060_pitch+060_roll+030,YES,20_pack (new render),low-info/ocs-hard-seed yaw065 pitch+70/+75
R3_low_info__yaw060_pitch+060,R3_low_info,R3_low_info,low-info/ocs-hard,60,60,45,phase63(L1-G1),yaw060_pitch+060_roll+045,YES,20_pack (new render),low-info/ocs-hard-seed yaw065 pitch+70/+75
R3_low_info__yaw060_pitch+060,R3_low_info,R3_low_info,low-info/ocs-hard,60,60,60,phase63(L1-G1),yaw060_pitch+060_roll+060,YES,20_pack (new render),low-info/ocs-hard-seed yaw065 pitch+70/+75
R3_low_info__yaw060_pitch+065,R3_low_info,R3_low_info,low-info/ocs-hard,60,65,-60,phase63(L1-G1),yaw060_pitch+065_roll-060,YES,20_pack (new render),low-info/ocs-hard-seed yaw065 pitch+70/+75
R3_low_info__yaw060_pitch+065,R3_low_info,R3_low_info,low-info/ocs-hard,60,65,-45,phase63(L1-G1),yaw060_pitch+065_roll-045,YES,20_pack (new render),low-info/ocs-hard-seed yaw065 pitch+70/+75
R3_low_info__yaw060_pitch+065,R3_low_info,R3_low_info,low-info/ocs-hard,60,65,-30,phase63(L1-G1),yaw060_pitch+065_roll-030,YES,20_pack (new render),low-info/ocs-hard-seed yaw065 pitch+70/+75
R3_low_info__yaw060_pitch+065,R3_low_info,R3_low_info,low-info/ocs-hard,60,65,-15,phase63(L1-G1),yaw060_pitch+065_roll-015,YES,20_pack (new render),low-info/ocs-hard-seed yaw065 pitch+70/+75
R3_low_info__yaw060_pitch+065,R3_low_info,R3_low_info,low-info/ocs-hard,60,65,0,phase63(L1-G1),yaw060_pitch+065_roll+000,NO,"01_fullrun (roll+000, 复用不重渲)",low-info/ocs-hard-seed yaw065 pitch+70/+75
R3_low_info__yaw060_pitch+065,R3_low_info,R3_low_info,low-info/ocs-hard,60,65,15,phase63(L1-G1),yaw060_pitch+065_roll+015,YES,20_pack (new render),low-info/ocs-hard-seed yaw065 pitch+70/+75
R3_low_info__yaw060_pitch+065,R3_low_info,R3_low_info,low-info/ocs-hard,60,65,30,phase63(L1-G1),yaw060_pitch+065_roll+030,YES,20_pack (new render),low-info/ocs-hard-seed yaw065 pitch+70/+75
R3_low_info__yaw060_pitch+065,R3_low_info,R3_low_info,low-info/ocs-hard,60,65,45,phase63(L1-G1),yaw060_pitch+065_roll+045,YES,20_pack (new render),low-info/ocs-hard-seed yaw065 pitch+70/+75
R3_low_info__yaw060_pitch+065,R3_low_info,R3_low_info,low-info/ocs-hard,60,65,60,phase63(L1-G1),yaw060_pitch+065_roll+060,YES,20_pack (new render),low-info/ocs-hard-seed yaw065 pitch+70/+75
R3_low_info__yaw060_pitch+070,R3_low_info,R3_low_info,low-info/ocs-hard,60,70,-60,phase63(L1-G1),yaw060_pitch+070_roll-060,YES,20_pack (new render),low-info/ocs-hard-seed yaw065 pitch+70/+75
R3_low_info__yaw060_pitch+070,R3_low_info,R3_low_info,low-info/ocs-hard,60,70,-45,phase63(L1-G1),yaw060_pitch+070_roll-045,YES,20_pack (new render),low-info/ocs-hard-seed yaw065 pitch+70/+75
R3_low_info__yaw060_pitch+070,R3_low_info,R3_low_info,low-info/ocs-hard,60,70,-30,phase63(L1-G1),yaw060_pitch+070_roll-030,YES,20_pack (new render),low-info/ocs-hard-seed yaw065 pitch+70/+75
R3_low_info__yaw060_pitch+070,R3_low_info,R3_low_info,low-info/ocs-hard,60,70,-15,phase63(L1-G1),yaw060_pitch+070_roll-015,YES,20_pack (new render),low-info/ocs-hard-seed yaw065 pitch+70/+75
R3_low_info__yaw060_pitch+070,R3_low_info,R3_low_info,low-info/ocs-hard,60,70,0,phase63(L1-G1),yaw060_pitch+070_roll+000,NO,"01_fullrun (roll+000, 复用不重渲)",low-info/ocs-hard-seed yaw065 pitch+70/+75
R3_low_info__yaw060_pitch+070,R3_low_info,R3_low_info,low-info/ocs-hard,60,70,15,phase63(L1-G1),yaw060_pitch+070_roll+015,YES,20_pack (new render),low-info/ocs-hard-seed yaw065 pitch+70/+75
R3_low_info__yaw060_pitch+070,R3_low_info,R3_low_info,low-info/ocs-hard,60,70,30,phase63(L1-G1),yaw060_pitch+070_roll+030,YES,20_pack (new render),low-info/ocs-hard-seed yaw065 pitch+70/+75
R3_low_info__yaw060_pitch+070,R3_low_info,R3_low_info,low-info/ocs-hard,60,70,45,phase63(L1-G1),yaw060_pitch+070_roll+045,YES,20_pack (new render),low-info/ocs-hard-seed yaw065 pitch+70/+75
R3_low_info__yaw060_pitch+070,R3_low_info,R3_low_info,low-info/ocs-hard,60,70,60,phase63(L1-G1),yaw060_pitch+070_roll+060,YES,20_pack (new render),low-info/ocs-hard-seed yaw065 pitch+70/+75
R3_low_info__yaw060_pitch+075,R3_low_info,R3_low_info,low-info/ocs-hard,60,75,-60,phase63(L1-G1),yaw060_pitch+075_roll-060,YES,20_pack (new render),low-info/ocs-hard-seed yaw065 pitch+70/+75
R3_low_info__yaw060_pitch+075,R3_low_info,R3_low_info,low-info/ocs-hard,60,75,-45,phase63(L1-G1),yaw060_pitch+075_roll-045,YES,20_pack (new render),low-info/ocs-hard-seed yaw065 pitch+70/+75
R3_low_info__yaw060_pitch+075,R3_low_info,R3_low_info,low-info/ocs-hard,60,75,-30,phase63(L1-G1),yaw060_pitch+075_roll-030,YES,20_pack (new render),low-info/ocs-hard-seed yaw065 pitch+70/+75
R3_low_info__yaw060_pitch+075,R3_low_info,R3_low_info,low-info/ocs-hard,60,75,-15,phase63(L1-G1),yaw060_pitch+075_roll-015,YES,20_pack (new render),low-info/ocs-hard-seed yaw065 pitch+70/+75
R3_low_info__yaw060_pitch+075,R3_low_info,R3_low_info,low-info/ocs-hard,60,75,0,phase63(L1-G1),yaw060_pitch+075_roll+000,NO,"01_fullrun (roll+000, 复用不重渲)",low-info/ocs-hard-seed yaw065 pitch+70/+75
R3_low_info__yaw060_pitch+075,R3_low_info,R3_low_info,low-info/ocs-hard,60,75,15,phase63(L1-G1),yaw060_pitch+075_roll+015,YES,20_pack (new render),low-info/ocs-hard-seed yaw065 pitch+70/+75
R3_low_info__yaw060_pitch+075,R3_low_info,R3_low_info,low-info/ocs-hard,60,75,30,phase63(L1-G1),yaw060_pitch+075_roll+030,YES,20_pack (new render),low-info/ocs-hard-seed yaw065 pitch+70/+75
R3_low_info__yaw060_pitch+075,R3_low_info,R3_low_info,low-info/ocs-hard,60,75,45,phase63(L1-G1),yaw060_pitch+075_roll+045,YES,20_pack (new render),low-info/ocs-hard-seed yaw065 pitch+70/+75
R3_low_info__yaw060_pitch+075,R3_low_info,R3_low_info,low-info/ocs-hard,60,75,60,phase63(L1-G1),yaw060_pitch+075_roll+060,YES,20_pack (new render),low-info/ocs-hard-seed yaw065 pitch+70/+75
R3_low_info__yaw060_pitch+080,R3_low_info,R3_low_info,low-info/ocs-hard,60,80,-60,phase63(L1-G1),yaw060_pitch+080_roll-060,YES,20_pack (new render),low-info/ocs-hard-seed yaw065 pitch+70/+75
R3_low_info__yaw060_pitch+080,R3_low_info,R3_low_info,low-info/ocs-hard,60,80,-45,phase63(L1-G1),yaw060_pitch+080_roll-045,YES,20_pack (new render),low-info/ocs-hard-seed yaw065 pitch+70/+75
R3_low_info__yaw060_pitch+080,R3_low_info,R3_low_info,low-info/ocs-hard,60,80,-30,phase63(L1-G1),yaw060_pitch+080_roll-030,YES,20_pack (new render),low-info/ocs-hard-seed yaw065 pitch+70/+75
R3_low_info__yaw060_pitch+080,R3_low_info,R3_low_info,low-info/ocs-hard,60,80,-15,phase63(L1-G1),yaw060_pitch+080_roll-015,YES,20_pack (new render),low-info/ocs-hard-seed yaw065 pitch+70/+75
R3_low_info__yaw060_pitch+080,R3_low_info,R3_low_info,low-info/ocs-hard,60,80,0,phase63(L1-G1),yaw060_pitch+080_roll+000,NO,"01_fullrun (roll+000, 复用不重渲)",low-info/ocs-hard-seed yaw065 pitch+70/+75
R3_low_info__yaw060_pitch+080,R3_low_info,R3_low_info,low-info/ocs-hard,60,80,15,phase63(L1-G1),yaw060_pitch+080_roll+015,YES,20_pack (new render),low-info/ocs-hard-seed yaw065 pitch+70/+75
R3_low_info__yaw060_pitch+080,R3_low_info,R3_low_info,low-info/ocs-hard,60,80,30,phase63(L1-G1),yaw060_pitch+080_roll+030,YES,20_pack (new render),low-info/ocs-hard-seed yaw065 pitch+70/+75
R3_low_info__yaw060_pitch+080,R3_low_info,R3_low_info,low-info/ocs-hard,60,80,45,phase63(L1-G1),yaw060_pitch+080_roll+045,YES,20_pack (new render),low-info/ocs-hard-seed yaw065 pitch+70/+75
R3_low_info__yaw060_pitch+080,R3_low_info,R3_low_info,low-info/ocs-hard,60,80,60,phase63(L1-G1),yaw060_pitch+080_roll+060,YES,20_pack (new render),low-info/ocs-hard-seed yaw065 pitch+70/+75
R3_low_info__yaw065_pitch+060,R3_low_info,R3_low_info,low-info/ocs-hard,65,60,-60,phase63(L1-G1),yaw065_pitch+060_roll-060,YES,20_pack (new render),low-info/ocs-hard-seed yaw065 pitch+70/+75
R3_low_info__yaw065_pitch+060,R3_low_info,R3_low_info,low-info/ocs-hard,65,60,-45,phase63(L1-G1),yaw065_pitch+060_roll-045,YES,20_pack (new render),low-info/ocs-hard-seed yaw065 pitch+70/+75
R3_low_info__yaw065_pitch+060,R3_low_info,R3_low_info,low-info/ocs-hard,65,60,-30,phase63(L1-G1),yaw065_pitch+060_roll-030,YES,20_pack (new render),low-info/ocs-hard-seed yaw065 pitch+70/+75
R3_low_info__yaw065_pitch+060,R3_low_info,R3_low_info,low-info/ocs-hard,65,60,-15,phase63(L1-G1),yaw065_pitch+060_roll-015,YES,20_pack (new render),low-info/ocs-hard-seed yaw065 pitch+70/+75
R3_low_info__yaw065_pitch+060,R3_low_info,R3_low_info,low-info/ocs-hard,65,60,0,phase63(L1-G1),yaw065_pitch+060_roll+000,NO,"01_fullrun (roll+000, 复用不重渲)",low-info/ocs-hard-seed yaw065 pitch+70/+75
R3_low_info__yaw065_pitch+060,R3_low_info,R3_low_info,low-info/ocs-hard,65,60,15,phase63(L1-G1),yaw065_pitch+060_roll+015,YES,20_pack (new render),low-info/ocs-hard-seed yaw065 pitch+70/+75
R3_low_info__yaw065_pitch+060,R3_low_info,R3_low_info,low-info/ocs-hard,65,60,30,phase63(L1-G1),yaw065_pitch+060_roll+030,YES,20_pack (new render),low-info/ocs-hard-seed yaw065 pitch+70/+75
R3_low_info__yaw065_pitch+060,R3_low_info,R3_low_info,low-info/ocs-hard,65,60,45,phase63(L1-G1),yaw065_pitch+060_roll+045,YES,20_pack (new render),low-info/ocs-hard-seed yaw065 pitch+70/+75
R3_low_info__yaw065_pitch+060,R3_low_info,R3_low_info,low-info/ocs-hard,65,60,60,phase63(L1-G1),yaw065_pitch+060_roll+060,YES,20_pack (new render),low-info/ocs-hard-seed yaw065 pitch+70/+75
R3_low_info__yaw065_pitch+065,R3_low_info,R3_low_info,low-info/ocs-hard,65,65,-60,phase63(L1-G1),yaw065_pitch+065_roll-060,YES,20_pack (new render),low-info/ocs-hard-seed yaw065 pitch+70/+75
R3_low_info__yaw065_pitch+065,R3_low_info,R3_low_info,low-info/ocs-hard,65,65,-45,phase63(L1-G1),yaw065_pitch+065_roll-045,YES,20_pack (new render),low-info/ocs-hard-seed yaw065 pitch+70/+75
R3_low_info__yaw065_pitch+065,R3_low_info,R3_low_info,low-info/ocs-hard,65,65,-30,phase63(L1-G1),yaw065_pitch+065_roll-030,YES,20_pack (new render),low-info/ocs-hard-seed yaw065 pitch+70/+75
R3_low_info__yaw065_pitch+065,R3_low_info,R3_low_info,low-info/ocs-hard,65,65,-15,phase63(L1-G1),yaw065_pitch+065_roll-015,YES,20_pack (new render),low-info/ocs-hard-seed yaw065 pitch+70/+75
R3_low_info__yaw065_pitch+065,R3_low_info,R3_low_info,low-info/ocs-hard,65,65,0,phase63(L1-G1),yaw065_pitch+065_roll+000,NO,"01_fullrun (roll+000, 复用不重渲)",low-info/ocs-hard-seed yaw065 pitch+70/+75
R3_low_info__yaw065_pitch+065,R3_low_info,R3_low_info,low-info/ocs-hard,65,65,15,phase63(L1-G1),yaw065_pitch+065_roll+015,YES,20_pack (new render),low-info/ocs-hard-seed yaw065 pitch+70/+75
R3_low_info__yaw065_pitch+065,R3_low_info,R3_low_info,low-info/ocs-hard,65,65,30,phase63(L1-G1),yaw065_pitch+065_roll+030,YES,20_pack (new render),low-info/ocs-hard-seed yaw065 pitch+70/+75
R3_low_info__yaw065_pitch+065,R3_low_info,R3_low_info,low-info/ocs-hard,65,65,45,phase63(L1-G1),yaw065_pitch+065_roll+045,YES,20_pack (new render),low-info/ocs-hard-seed yaw065 pitch+70/+75
R3_low_info__yaw065_pitch+065,R3_low_info,R3_low_info,low-info/ocs-hard,65,65,60,phase63(L1-G1),yaw065_pitch+065_roll+060,YES,20_pack (new render),low-info/ocs-hard-seed yaw065 pitch+70/+75
R3_low_info__yaw065_pitch+070,R3_low_info,R3_low_info,low-info/ocs-hard,65,70,-60,phase63(L1-G1),yaw065_pitch+070_roll-060,YES,20_pack (new render),low-info/ocs-hard-seed yaw065 pitch+70/+75
R3_low_info__yaw065_pitch+070,R3_low_info,R3_low_info,low-info/ocs-hard,65,70,-45,phase63(L1-G1),yaw065_pitch+070_roll-045,YES,20_pack (new render),low-info/ocs-hard-seed yaw065 pitch+70/+75
R3_low_info__yaw065_pitch+070,R3_low_info,R3_low_info,low-info/ocs-hard,65,70,-30,phase63(L1-G1),yaw065_pitch+070_roll-030,YES,20_pack (new render),low-info/ocs-hard-seed yaw065 pitch+70/+75
R3_low_info__yaw065_pitch+070,R3_low_info,R3_low_info,low-info/ocs-hard,65,70,-15,phase63(L1-G1),yaw065_pitch+070_roll-015,YES,20_pack (new render),low-info/ocs-hard-seed yaw065 pitch+70/+75
R3_low_info__yaw065_pitch+070,R3_low_info,R3_low_info,low-info/ocs-hard,65,70,0,phase63(L1-G1),yaw065_pitch+070_roll+000,NO,"01_fullrun (roll+000, 复用不重渲)",low-info/ocs-hard-seed yaw065 pitch+70/+75
R3_low_info__yaw065_pitch+070,R3_low_info,R3_low_info,low-info/ocs-hard,65,70,15,phase63(L1-G1),yaw065_pitch+070_roll+015,YES,20_pack (new render),low-info/ocs-hard-seed yaw065 pitch+70/+75
R3_low_info__yaw065_pitch+070,R3_low_info,R3_low_info,low-info/ocs-hard,65,70,30,phase63(L1-G1),yaw065_pitch+070_roll+030,YES,20_pack (new render),low-info/ocs-hard-seed yaw065 pitch+70/+75
R3_low_info__yaw065_pitch+070,R3_low_info,R3_low_info,low-info/ocs-hard,65,70,45,phase63(L1-G1),yaw065_pitch+070_roll+045,YES,20_pack (new render),low-info/ocs-hard-seed yaw065 pitch+70/+75
R3_low_info__yaw065_pitch+070,R3_low_info,R3_low_info,low-info/ocs-hard,65,70,60,phase63(L1-G1),yaw065_pitch+070_roll+060,YES,20_pack (new render),low-info/ocs-hard-seed yaw065 pitch+70/+75
R3_low_info__yaw065_pitch+075,R3_low_info,R3_low_info,low-info/ocs-hard,65,75,-60,phase63(L1-G1),yaw065_pitch+075_roll-060,YES,20_pack (new render),low-info/ocs-hard-seed yaw065 pitch+70/+75
R3_low_info__yaw065_pitch+075,R3_low_info,R3_low_info,low-info/ocs-hard,65,75,-45,phase63(L1-G1),yaw065_pitch+075_roll-045,YES,20_pack (new render),low-info/ocs-hard-seed yaw065 pitch+70/+75
R3_low_info__yaw065_pitch+075,R3_low_info,R3_low_info,low-info/ocs-hard,65,75,-30,phase63(L1-G1),yaw065_pitch+075_roll-030,YES,20_pack (new render),low-info/ocs-hard-seed yaw065 pitch+70/+75
R3_low_info__yaw065_pitch+075,R3_low_info,R3_low_info,low-info/ocs-hard,65,75,-15,phase63(L1-G1),yaw065_pitch+075_roll-015,YES,20_pack (new render),low-info/ocs-hard-seed yaw065 pitch+70/+75
R3_low_info__yaw065_pitch+075,R3_low_info,R3_low_info,low-info/ocs-hard,65,75,0,phase63(L1-G1),yaw065_pitch+075_roll+000,NO,"01_fullrun (roll+000, 复用不重渲)",low-info/ocs-hard-seed yaw065 pitch+70/+75
R3_low_info__yaw065_pitch+075,R3_low_info,R3_low_info,low-info/ocs-hard,65,75,15,phase63(L1-G1),yaw065_pitch+075_roll+015,YES,20_pack (new render),low-info/ocs-hard-seed yaw065 pitch+70/+75
R3_low_info__yaw065_pitch+075,R3_low_info,R3_low_info,low-info/ocs-hard,65,75,30,phase63(L1-G1),yaw065_pitch+075_roll+030,YES,20_pack (new render),low-info/ocs-hard-seed yaw065 pitch+70/+75
R3_low_info__yaw065_pitch+075,R3_low_info,R3_low_info,low-info/ocs-hard,65,75,45,phase63(L1-G1),yaw065_pitch+075_roll+045,YES,20_pack (new render),low-info/ocs-hard-seed yaw065 pitch+70/+75
R3_low_info__yaw065_pitch+075,R3_low_info,R3_low_info,low-info/ocs-hard,65,75,60,phase63(L1-G1),yaw065_pitch+075_roll+060,YES,20_pack (new render),low-info/ocs-hard-seed yaw065 pitch+70/+75
R3_low_info__yaw065_pitch+080,R3_low_info,R3_low_info,low-info/ocs-hard,65,80,-60,phase63(L1-G1),yaw065_pitch+080_roll-060,YES,20_pack (new render),low-info/ocs-hard-seed yaw065 pitch+70/+75
R3_low_info__yaw065_pitch+080,R3_low_info,R3_low_info,low-info/ocs-hard,65,80,-45,phase63(L1-G1),yaw065_pitch+080_roll-045,YES,20_pack (new render),low-info/ocs-hard-seed yaw065 pitch+70/+75
R3_low_info__yaw065_pitch+080,R3_low_info,R3_low_info,low-info/ocs-hard,65,80,-30,phase63(L1-G1),yaw065_pitch+080_roll-030,YES,20_pack (new render),low-info/ocs-hard-seed yaw065 pitch+70/+75
R3_low_info__yaw065_pitch+080,R3_low_info,R3_low_info,low-info/ocs-hard,65,80,-15,phase63(L1-G1),yaw065_pitch+080_roll-015,YES,20_pack (new render),low-info/ocs-hard-seed yaw065 pitch+70/+75
R3_low_info__yaw065_pitch+080,R3_low_info,R3_low_info,low-info/ocs-hard,65,80,0,phase63(L1-G1),yaw065_pitch+080_roll+000,NO,"01_fullrun (roll+000, 复用不重渲)",low-info/ocs-hard-seed yaw065 pitch+70/+75
R3_low_info__yaw065_pitch+080,R3_low_info,R3_low_info,low-info/ocs-hard,65,80,15,phase63(L1-G1),yaw065_pitch+080_roll+015,YES,20_pack (new render),low-info/ocs-hard-seed yaw065 pitch+70/+75
R3_low_info__yaw065_pitch+080,R3_low_info,R3_low_info,low-info/ocs-hard,65,80,30,phase63(L1-G1),yaw065_pitch+080_roll+030,YES,20_pack (new render),low-info/ocs-hard-seed yaw065 pitch+70/+75
R3_low_info__yaw065_pitch+080,R3_low_info,R3_low_info,low-info/ocs-hard,65,80,45,phase63(L1-G1),yaw065_pitch+080_roll+045,YES,20_pack (new render),low-info/ocs-hard-seed yaw065 pitch+70/+75
R3_low_info__yaw065_pitch+080,R3_low_info,R3_low_info,low-info/ocs-hard,65,80,60,phase63(L1-G1),yaw065_pitch+080_roll+060,YES,20_pack (new render),low-info/ocs-hard-seed yaw065 pitch+70/+75
R3_low_info__yaw070_pitch+060,R3_low_info,R3_low_info,low-info/ocs-hard,70,60,-60,phase63(L1-G1),yaw070_pitch+060_roll-060,YES,20_pack (new render),low-info/ocs-hard-seed yaw065 pitch+70/+75
R3_low_info__yaw070_pitch+060,R3_low_info,R3_low_info,low-info/ocs-hard,70,60,-45,phase63(L1-G1),yaw070_pitch+060_roll-045,YES,20_pack (new render),low-info/ocs-hard-seed yaw065 pitch+70/+75
R3_low_info__yaw070_pitch+060,R3_low_info,R3_low_info,low-info/ocs-hard,70,60,-30,phase63(L1-G1),yaw070_pitch+060_roll-030,YES,20_pack (new render),low-info/ocs-hard-seed yaw065 pitch+70/+75
R3_low_info__yaw070_pitch+060,R3_low_info,R3_low_info,low-info/ocs-hard,70,60,-15,phase63(L1-G1),yaw070_pitch+060_roll-015,YES,20_pack (new render),low-info/ocs-hard-seed yaw065 pitch+70/+75
R3_low_info__yaw070_pitch+060,R3_low_info,R3_low_info,low-info/ocs-hard,70,60,0,phase63(L1-G1),yaw070_pitch+060_roll+000,NO,"01_fullrun (roll+000, 复用不重渲)",low-info/ocs-hard-seed yaw065 pitch+70/+75
R3_low_info__yaw070_pitch+060,R3_low_info,R3_low_info,low-info/ocs-hard,70,60,15,phase63(L1-G1),yaw070_pitch+060_roll+015,YES,20_pack (new render),low-info/ocs-hard-seed yaw065 pitch+70/+75
R3_low_info__yaw070_pitch+060,R3_low_info,R3_low_info,low-info/ocs-hard,70,60,30,phase63(L1-G1),yaw070_pitch+060_roll+030,YES,20_pack (new render),low-info/ocs-hard-seed yaw065 pitch+70/+75
R3_low_info__yaw070_pitch+060,R3_low_info,R3_low_info,low-info/ocs-hard,70,60,45,phase63(L1-G1),yaw070_pitch+060_roll+045,YES,20_pack (new render),low-info/ocs-hard-seed yaw065 pitch+70/+75
R3_low_info__yaw070_pitch+060,R3_low_info,R3_low_info,low-info/ocs-hard,70,60,60,phase63(L1-G1),yaw070_pitch+060_roll+060,YES,20_pack (new render),low-info/ocs-hard-seed yaw065 pitch+70/+75
R3_low_info__yaw070_pitch+065,R3_low_info,R3_low_info,low-info/ocs-hard,70,65,-60,phase63(L1-G1),yaw070_pitch+065_roll-060,YES,20_pack (new render),low-info/ocs-hard-seed yaw065 pitch+70/+75
R3_low_info__yaw070_pitch+065,R3_low_info,R3_low_info,low-info/ocs-hard,70,65,-45,phase63(L1-G1),yaw070_pitch+065_roll-045,YES,20_pack (new render),low-info/ocs-hard-seed yaw065 pitch+70/+75
R3_low_info__yaw070_pitch+065,R3_low_info,R3_low_info,low-info/ocs-hard,70,65,-30,phase63(L1-G1),yaw070_pitch+065_roll-030,YES,20_pack (new render),low-info/ocs-hard-seed yaw065 pitch+70/+75
R3_low_info__yaw070_pitch+065,R3_low_info,R3_low_info,low-info/ocs-hard,70,65,-15,phase63(L1-G1),yaw070_pitch+065_roll-015,YES,20_pack (new render),low-info/ocs-hard-seed yaw065 pitch+70/+75
R3_low_info__yaw070_pitch+065,R3_low_info,R3_low_info,low-info/ocs-hard,70,65,0,phase63(L1-G1),yaw070_pitch+065_roll+000,NO,"01_fullrun (roll+000, 复用不重渲)",low-info/ocs-hard-seed yaw065 pitch+70/+75
R3_low_info__yaw070_pitch+065,R3_low_info,R3_low_info,low-info/ocs-hard,70,65,15,phase63(L1-G1),yaw070_pitch+065_roll+015,YES,20_pack (new render),low-info/ocs-hard-seed yaw065 pitch+70/+75
R3_low_info__yaw070_pitch+065,R3_low_info,R3_low_info,low-info/ocs-hard,70,65,30,phase63(L1-G1),yaw070_pitch+065_roll+030,YES,20_pack (new render),low-info/ocs-hard-seed yaw065 pitch+70/+75
R3_low_info__yaw070_pitch+065,R3_low_info,R3_low_info,low-info/ocs-hard,70,65,45,phase63(L1-G1),yaw070_pitch+065_roll+045,YES,20_pack (new render),low-info/ocs-hard-seed yaw065 pitch+70/+75
R3_low_info__yaw070_pitch+065,R3_low_info,R3_low_info,low-info/ocs-hard,70,65,60,phase63(L1-G1),yaw070_pitch+065_roll+060,YES,20_pack (new render),low-info/ocs-hard-seed yaw065 pitch+70/+75
R3_low_info__yaw070_pitch+070,R3_low_info,R3_low_info,low-info/ocs-hard,70,70,-60,phase63(L1-G1),yaw070_pitch+070_roll-060,YES,20_pack (new render),low-info/ocs-hard-seed yaw065 pitch+70/+75
R3_low_info__yaw070_pitch+070,R3_low_info,R3_low_info,low-info/ocs-hard,70,70,-45,phase63(L1-G1),yaw070_pitch+070_roll-045,YES,20_pack (new render),low-info/ocs-hard-seed yaw065 pitch+70/+75
R3_low_info__yaw070_pitch+070,R3_low_info,R3_low_info,low-info/ocs-hard,70,70,-30,phase63(L1-G1),yaw070_pitch+070_roll-030,YES,20_pack (new render),low-info/ocs-hard-seed yaw065 pitch+70/+75
R3_low_info__yaw070_pitch+070,R3_low_info,R3_low_info,low-info/ocs-hard,70,70,-15,phase63(L1-G1),yaw070_pitch+070_roll-015,YES,20_pack (new render),low-info/ocs-hard-seed yaw065 pitch+70/+75
R3_low_info__yaw070_pitch+070,R3_low_info,R3_low_info,low-info/ocs-hard,70,70,0,phase63(L1-G1),yaw070_pitch+070_roll+000,NO,"01_fullrun (roll+000, 复用不重渲)",low-info/ocs-hard-seed yaw065 pitch+70/+75
R3_low_info__yaw070_pitch+070,R3_low_info,R3_low_info,low-info/ocs-hard,70,70,15,phase63(L1-G1),yaw070_pitch+070_roll+015,YES,20_pack (new render),low-info/ocs-hard-seed yaw065 pitch+70/+75
R3_low_info__yaw070_pitch+070,R3_low_info,R3_low_info,low-info/ocs-hard,70,70,30,phase63(L1-G1),yaw070_pitch+070_roll+030,YES,20_pack (new render),low-info/ocs-hard-seed yaw065 pitch+70/+75
R3_low_info__yaw070_pitch+070,R3_low_info,R3_low_info,low-info/ocs-hard,70,70,45,phase63(L1-G1),yaw070_pitch+070_roll+045,YES,20_pack (new render),low-info/ocs-hard-seed yaw065 pitch+70/+75
R3_low_info__yaw070_pitch+070,R3_low_info,R3_low_info,low-info/ocs-hard,70,70,60,phase63(L1-G1),yaw070_pitch+070_roll+060,YES,20_pack (new render),low-info/ocs-hard-seed yaw065 pitch+70/+75
R3_low_info__yaw070_pitch+075,R3_low_info,R3_low_info,low-info/ocs-hard,70,75,-60,phase63(L1-G1),yaw070_pitch+075_roll-060,YES,20_pack (new render),low-info/ocs-hard-seed yaw065 pitch+70/+75
R3_low_info__yaw070_pitch+075,R3_low_info,R3_low_info,low-info/ocs-hard,70,75,-45,phase63(L1-G1),yaw070_pitch+075_roll-045,YES,20_pack (new render),low-info/ocs-hard-seed yaw065 pitch+70/+75
R3_low_info__yaw070_pitch+075,R3_low_info,R3_low_info,low-info/ocs-hard,70,75,-30,phase63(L1-G1),yaw070_pitch+075_roll-030,YES,20_pack (new render),low-info/ocs-hard-seed yaw065 pitch+70/+75
R3_low_info__yaw070_pitch+075,R3_low_info,R3_low_info,low-info/ocs-hard,70,75,-15,phase63(L1-G1),yaw070_pitch+075_roll-015,YES,20_pack (new render),low-info/ocs-hard-seed yaw065 pitch+70/+75
R3_low_info__yaw070_pitch+075,R3_low_info,R3_low_info,low-info/ocs-hard,70,75,0,phase63(L1-G1),yaw070_pitch+075_roll+000,NO,"01_fullrun (roll+000, 复用不重渲)",low-info/ocs-hard-seed yaw065 pitch+70/+75
R3_low_info__yaw070_pitch+075,R3_low_info,R3_low_info,low-info/ocs-hard,70,75,15,phase63(L1-G1),yaw070_pitch+075_roll+015,YES,20_pack (new render),low-info/ocs-hard-seed yaw065 pitch+70/+75
R3_low_info__yaw070_pitch+075,R3_low_info,R3_low_info,low-info/ocs-hard,70,75,30,phase63(L1-G1),yaw070_pitch+075_roll+030,YES,20_pack (new render),low-info/ocs-hard-seed yaw065 pitch+70/+75
R3_low_info__yaw070_pitch+075,R3_low_info,R3_low_info,low-info/ocs-hard,70,75,45,phase63(L1-G1),yaw070_pitch+075_roll+045,YES,20_pack (new render),low-info/ocs-hard-seed yaw065 pitch+70/+75
R3_low_info__yaw070_pitch+075,R3_low_info,R3_low_info,low-info/ocs-hard,70,75,60,phase63(L1-G1),yaw070_pitch+075_roll+060,YES,20_pack (new render),low-info/ocs-hard-seed yaw065 pitch+70/+75
R3_low_info__yaw070_pitch+080,R3_low_info,R3_low_info,low-info/ocs-hard,70,80,-60,phase63(L1-G1),yaw070_pitch+080_roll-060,YES,20_pack (new render),low-info/ocs-hard-seed yaw065 pitch+70/+75
R3_low_info__yaw070_pitch+080,R3_low_info,R3_low_info,low-info/ocs-hard,70,80,-45,phase63(L1-G1),yaw070_pitch+080_roll-045,YES,20_pack (new render),low-info/ocs-hard-seed yaw065 pitch+70/+75
R3_low_info__yaw070_pitch+080,R3_low_info,R3_low_info,low-info/ocs-hard,70,80,-30,phase63(L1-G1),yaw070_pitch+080_roll-030,YES,20_pack (new render),low-info/ocs-hard-seed yaw065 pitch+70/+75
R3_low_info__yaw070_pitch+080,R3_low_info,R3_low_info,low-info/ocs-hard,70,80,-15,phase63(L1-G1),yaw070_pitch+080_roll-015,YES,20_pack (new render),low-info/ocs-hard-seed yaw065 pitch+70/+75
R3_low_info__yaw070_pitch+080,R3_low_info,R3_low_info,low-info/ocs-hard,70,80,0,phase63(L1-G1),yaw070_pitch+080_roll+000,NO,"01_fullrun (roll+000, 复用不重渲)",low-info/ocs-hard-seed yaw065 pitch+70/+75
R3_low_info__yaw070_pitch+080,R3_low_info,R3_low_info,low-info/ocs-hard,70,80,15,phase63(L1-G1),yaw070_pitch+080_roll+015,YES,20_pack (new render),low-info/ocs-hard-seed yaw065 pitch+70/+75
R3_low_info__yaw070_pitch+080,R3_low_info,R3_low_info,low-info/ocs-hard,70,80,30,phase63(L1-G1),yaw070_pitch+080_roll+030,YES,20_pack (new render),low-info/ocs-hard-seed yaw065 pitch+70/+75
R3_low_info__yaw070_pitch+080,R3_low_info,R3_low_info,low-info/ocs-hard,70,80,45,phase63(L1-G1),yaw070_pitch+080_roll+045,YES,20_pack (new render),low-info/ocs-hard-seed yaw065 pitch+70/+75
R3_low_info__yaw070_pitch+080,R3_low_info,R3_low_info,low-info/ocs-hard,70,80,60,phase63(L1-G1),yaw070_pitch+080_roll+060,YES,20_pack (new render),low-info/ocs-hard-seed yaw065 pitch+70/+75
R3_low_info__yaw075_pitch+060,R3_low_info,R3_low_info,low-info/ocs-hard,75,60,-60,phase63(L1-G1),yaw075_pitch+060_roll-060,YES,20_pack (new render),low-info/ocs-hard-seed yaw065 pitch+70/+75
R3_low_info__yaw075_pitch+060,R3_low_info,R3_low_info,low-info/ocs-hard,75,60,-45,phase63(L1-G1),yaw075_pitch+060_roll-045,YES,20_pack (new render),low-info/ocs-hard-seed yaw065 pitch+70/+75
R3_low_info__yaw075_pitch+060,R3_low_info,R3_low_info,low-info/ocs-hard,75,60,-30,phase63(L1-G1),yaw075_pitch+060_roll-030,YES,20_pack (new render),low-info/ocs-hard-seed yaw065 pitch+70/+75
R3_low_info__yaw075_pitch+060,R3_low_info,R3_low_info,low-info/ocs-hard,75,60,-15,phase63(L1-G1),yaw075_pitch+060_roll-015,YES,20_pack (new render),low-info/ocs-hard-seed yaw065 pitch+70/+75
R3_low_info__yaw075_pitch+060,R3_low_info,R3_low_info,low-info/ocs-hard,75,60,0,phase63(L1-G1),yaw075_pitch+060_roll+000,NO,"01_fullrun (roll+000, 复用不重渲)",low-info/ocs-hard-seed yaw065 pitch+70/+75
R3_low_info__yaw075_pitch+060,R3_low_info,R3_low_info,low-info/ocs-hard,75,60,15,phase63(L1-G1),yaw075_pitch+060_roll+015,YES,20_pack (new render),low-info/ocs-hard-seed yaw065 pitch+70/+75
R3_low_info__yaw075_pitch+060,R3_low_info,R3_low_info,low-info/ocs-hard,75,60,30,phase63(L1-G1),yaw075_pitch+060_roll+030,YES,20_pack (new render),low-info/ocs-hard-seed yaw065 pitch+70/+75
R3_low_info__yaw075_pitch+060,R3_low_info,R3_low_info,low-info/ocs-hard,75,60,45,phase63(L1-G1),yaw075_pitch+060_roll+045,YES,20_pack (new render),low-info/ocs-hard-seed yaw065 pitch+70/+75
R3_low_info__yaw075_pitch+060,R3_low_info,R3_low_info,low-info/ocs-hard,75,60,60,phase63(L1-G1),yaw075_pitch+060_roll+060,YES,20_pack (new render),low-info/ocs-hard-seed yaw065 pitch+70/+75
R3_low_info__yaw075_pitch+065,R3_low_info,R3_low_info,low-info/ocs-hard,75,65,-60,phase63(L1-G1),yaw075_pitch+065_roll-060,YES,20_pack (new render),low-info/ocs-hard-seed yaw065 pitch+70/+75
R3_low_info__yaw075_pitch+065,R3_low_info,R3_low_info,low-info/ocs-hard,75,65,-45,phase63(L1-G1),yaw075_pitch+065_roll-045,YES,20_pack (new render),low-info/ocs-hard-seed yaw065 pitch+70/+75
R3_low_info__yaw075_pitch+065,R3_low_info,R3_low_info,low-info/ocs-hard,75,65,-30,phase63(L1-G1),yaw075_pitch+065_roll-030,YES,20_pack (new render),low-info/ocs-hard-seed yaw065 pitch+70/+75
R3_low_info__yaw075_pitch+065,R3_low_info,R3_low_info,low-info/ocs-hard,75,65,-15,phase63(L1-G1),yaw075_pitch+065_roll-015,YES,20_pack (new render),low-info/ocs-hard-seed yaw065 pitch+70/+75
R3_low_info__yaw075_pitch+065,R3_low_info,R3_low_info,low-info/ocs-hard,75,65,0,phase63(L1-G1),yaw075_pitch+065_roll+000,NO,"01_fullrun (roll+000, 复用不重渲)",low-info/ocs-hard-seed yaw065 pitch+70/+75
R3_low_info__yaw075_pitch+065,R3_low_info,R3_low_info,low-info/ocs-hard,75,65,15,phase63(L1-G1),yaw075_pitch+065_roll+015,YES,20_pack (new render),low-info/ocs-hard-seed yaw065 pitch+70/+75
R3_low_info__yaw075_pitch+065,R3_low_info,R3_low_info,low-info/ocs-hard,75,65,30,phase63(L1-G1),yaw075_pitch+065_roll+030,YES,20_pack (new render),low-info/ocs-hard-seed yaw065 pitch+70/+75
R3_low_info__yaw075_pitch+065,R3_low_info,R3_low_info,low-info/ocs-hard,75,65,45,phase63(L1-G1),yaw075_pitch+065_roll+045,YES,20_pack (new render),low-info/ocs-hard-seed yaw065 pitch+70/+75
R3_low_info__yaw075_pitch+065,R3_low_info,R3_low_info,low-info/ocs-hard,75,65,60,phase63(L1-G1),yaw075_pitch+065_roll+060,YES,20_pack (new render),low-info/ocs-hard-seed yaw065 pitch+70/+75
R3_low_info__yaw075_pitch+070,R3_low_info,R3_low_info,low-info/ocs-hard,75,70,-60,phase63(L1-G1),yaw075_pitch+070_roll-060,YES,20_pack (new render),low-info/ocs-hard-seed yaw065 pitch+70/+75
R3_low_info__yaw075_pitch+070,R3_low_info,R3_low_info,low-info/ocs-hard,75,70,-45,phase63(L1-G1),yaw075_pitch+070_roll-045,YES,20_pack (new render),low-info/ocs-hard-seed yaw065 pitch+70/+75
R3_low_info__yaw075_pitch+070,R3_low_info,R3_low_info,low-info/ocs-hard,75,70,-30,phase63(L1-G1),yaw075_pitch+070_roll-030,YES,20_pack (new render),low-info/ocs-hard-seed yaw065 pitch+70/+75
R3_low_info__yaw075_pitch+070,R3_low_info,R3_low_info,low-info/ocs-hard,75,70,-15,phase63(L1-G1),yaw075_pitch+070_roll-015,YES,20_pack (new render),low-info/ocs-hard-seed yaw065 pitch+70/+75
R3_low_info__yaw075_pitch+070,R3_low_info,R3_low_info,low-info/ocs-hard,75,70,0,phase63(L1-G1),yaw075_pitch+070_roll+000,NO,"01_fullrun (roll+000, 复用不重渲)",low-info/ocs-hard-seed yaw065 pitch+70/+75
R3_low_info__yaw075_pitch+070,R3_low_info,R3_low_info,low-info/ocs-hard,75,70,15,phase63(L1-G1),yaw075_pitch+070_roll+015,YES,20_pack (new render),low-info/ocs-hard-seed yaw065 pitch+70/+75
R3_low_info__yaw075_pitch+070,R3_low_info,R3_low_info,low-info/ocs-hard,75,70,30,phase63(L1-G1),yaw075_pitch+070_roll+030,YES,20_pack (new render),low-info/ocs-hard-seed yaw065 pitch+70/+75
R3_low_info__yaw075_pitch+070,R3_low_info,R3_low_info,low-info/ocs-hard,75,70,45,phase63(L1-G1),yaw075_pitch+070_roll+045,YES,20_pack (new render),low-info/ocs-hard-seed yaw065 pitch+70/+75
R3_low_info__yaw075_pitch+070,R3_low_info,R3_low_info,low-info/ocs-hard,75,70,60,phase63(L1-G1),yaw075_pitch+070_roll+060,YES,20_pack (new render),low-info/ocs-hard-seed yaw065 pitch+70/+75
R3_low_info__yaw075_pitch+075,R3_low_info,R3_low_info,low-info/ocs-hard,75,75,-60,phase63(L1-G1),yaw075_pitch+075_roll-060,YES,20_pack (new render),low-info/ocs-hard-seed yaw065 pitch+70/+75
R3_low_info__yaw075_pitch+075,R3_low_info,R3_low_info,low-info/ocs-hard,75,75,-45,phase63(L1-G1),yaw075_pitch+075_roll-045,YES,20_pack (new render),low-info/ocs-hard-seed yaw065 pitch+70/+75
R3_low_info__yaw075_pitch+075,R3_low_info,R3_low_info,low-info/ocs-hard,75,75,-30,phase63(L1-G1),yaw075_pitch+075_roll-030,YES,20_pack (new render),low-info/ocs-hard-seed yaw065 pitch+70/+75
R3_low_info__yaw075_pitch+075,R3_low_info,R3_low_info,low-info/ocs-hard,75,75,-15,phase63(L1-G1),yaw075_pitch+075_roll-015,YES,20_pack (new render),low-info/ocs-hard-seed yaw065 pitch+70/+75
R3_low_info__yaw075_pitch+075,R3_low_info,R3_low_info,low-info/ocs-hard,75,75,0,phase63(L1-G1),yaw075_pitch+075_roll+000,NO,"01_fullrun (roll+000, 复用不重渲)",low-info/ocs-hard-seed yaw065 pitch+70/+75
R3_low_info__yaw075_pitch+075,R3_low_info,R3_low_info,low-info/ocs-hard,75,75,15,phase63(L1-G1),yaw075_pitch+075_roll+015,YES,20_pack (new render),low-info/ocs-hard-seed yaw065 pitch+70/+75
R3_low_info__yaw075_pitch+075,R3_low_info,R3_low_info,low-info/ocs-hard,75,75,30,phase63(L1-G1),yaw075_pitch+075_roll+030,YES,20_pack (new render),low-info/ocs-hard-seed yaw065 pitch+70/+75
R3_low_info__yaw075_pitch+075,R3_low_info,R3_low_info,low-info/ocs-hard,75,75,45,phase63(L1-G1),yaw075_pitch+075_roll+045,YES,20_pack (new render),low-info/ocs-hard-seed yaw065 pitch+70/+75
R3_low_info__yaw075_pitch+075,R3_low_info,R3_low_info,low-info/ocs-hard,75,75,60,phase63(L1-G1),yaw075_pitch+075_roll+060,YES,20_pack (new render),low-info/ocs-hard-seed yaw065 pitch+70/+75
R3_low_info__yaw075_pitch+080,R3_low_info,R3_low_info,low-info/ocs-hard,75,80,-60,phase63(L1-G1),yaw075_pitch+080_roll-060,YES,20_pack (new render),low-info/ocs-hard-seed yaw065 pitch+70/+75
R3_low_info__yaw075_pitch+080,R3_low_info,R3_low_info,low-info/ocs-hard,75,80,-45,phase63(L1-G1),yaw075_pitch+080_roll-045,YES,20_pack (new render),low-info/ocs-hard-seed yaw065 pitch+70/+75
R3_low_info__yaw075_pitch+080,R3_low_info,R3_low_info,low-info/ocs-hard,75,80,-30,phase63(L1-G1),yaw075_pitch+080_roll-030,YES,20_pack (new render),low-info/ocs-hard-seed yaw065 pitch+70/+75
R3_low_info__yaw075_pitch+080,R3_low_info,R3_low_info,low-info/ocs-hard,75,80,-15,phase63(L1-G1),yaw075_pitch+080_roll-015,YES,20_pack (new render),low-info/ocs-hard-seed yaw065 pitch+70/+75
R3_low_info__yaw075_pitch+080,R3_low_info,R3_low_info,low-info/ocs-hard,75,80,0,phase63(L1-G1),yaw075_pitch+080_roll+000,NO,"01_fullrun (roll+000, 复用不重渲)",low-info/ocs-hard-seed yaw065 pitch+70/+75
R3_low_info__yaw075_pitch+080,R3_low_info,R3_low_info,low-info/ocs-hard,75,80,15,phase63(L1-G1),yaw075_pitch+080_roll+015,YES,20_pack (new render),low-info/ocs-hard-seed yaw065 pitch+70/+75
R3_low_info__yaw075_pitch+080,R3_low_info,R3_low_info,low-info/ocs-hard,75,80,30,phase63(L1-G1),yaw075_pitch+080_roll+030,YES,20_pack (new render),low-info/ocs-hard-seed yaw065 pitch+70/+75
R3_low_info__yaw075_pitch+080,R3_low_info,R3_low_info,low-info/ocs-hard,75,80,45,phase63(L1-G1),yaw075_pitch+080_roll+045,YES,20_pack (new render),low-info/ocs-hard-seed yaw065 pitch+70/+75
R3_low_info__yaw075_pitch+080,R3_low_info,R3_low_info,low-info/ocs-hard,75,80,60,phase63(L1-G1),yaw075_pitch+080_roll+060,YES,20_pack (new render),low-info/ocs-hard-seed yaw065 pitch+70/+75
R4_bright_robust__yaw140_pitch+005,R4_bright_robust,R4_bright_robust,bright/robust-easy,140,5,-60,phase63(L1-G1),yaw140_pitch+005_roll-060,YES,20_pack (new render),bright/robust-easy-seed yaw145/150 pitch+10/+15
R4_bright_robust__yaw140_pitch+005,R4_bright_robust,R4_bright_robust,bright/robust-easy,140,5,-45,phase63(L1-G1),yaw140_pitch+005_roll-045,YES,20_pack (new render),bright/robust-easy-seed yaw145/150 pitch+10/+15
R4_bright_robust__yaw140_pitch+005,R4_bright_robust,R4_bright_robust,bright/robust-easy,140,5,-30,phase63(L1-G1),yaw140_pitch+005_roll-030,YES,20_pack (new render),bright/robust-easy-seed yaw145/150 pitch+10/+15
R4_bright_robust__yaw140_pitch+005,R4_bright_robust,R4_bright_robust,bright/robust-easy,140,5,-15,phase63(L1-G1),yaw140_pitch+005_roll-015,YES,20_pack (new render),bright/robust-easy-seed yaw145/150 pitch+10/+15
R4_bright_robust__yaw140_pitch+005,R4_bright_robust,R4_bright_robust,bright/robust-easy,140,5,0,phase63(L1-G1),yaw140_pitch+005_roll+000,NO,"01_fullrun (roll+000, 复用不重渲)",bright/robust-easy-seed yaw145/150 pitch+10/+15
R4_bright_robust__yaw140_pitch+005,R4_bright_robust,R4_bright_robust,bright/robust-easy,140,5,15,phase63(L1-G1),yaw140_pitch+005_roll+015,YES,20_pack (new render),bright/robust-easy-seed yaw145/150 pitch+10/+15
R4_bright_robust__yaw140_pitch+005,R4_bright_robust,R4_bright_robust,bright/robust-easy,140,5,30,phase63(L1-G1),yaw140_pitch+005_roll+030,YES,20_pack (new render),bright/robust-easy-seed yaw145/150 pitch+10/+15
R4_bright_robust__yaw140_pitch+005,R4_bright_robust,R4_bright_robust,bright/robust-easy,140,5,45,phase63(L1-G1),yaw140_pitch+005_roll+045,YES,20_pack (new render),bright/robust-easy-seed yaw145/150 pitch+10/+15
R4_bright_robust__yaw140_pitch+005,R4_bright_robust,R4_bright_robust,bright/robust-easy,140,5,60,phase63(L1-G1),yaw140_pitch+005_roll+060,YES,20_pack (new render),bright/robust-easy-seed yaw145/150 pitch+10/+15
R4_bright_robust__yaw140_pitch+010,R4_bright_robust,R4_bright_robust,bright/robust-easy,140,10,-60,phase63(L1-G1),yaw140_pitch+010_roll-060,YES,20_pack (new render),bright/robust-easy-seed yaw145/150 pitch+10/+15
R4_bright_robust__yaw140_pitch+010,R4_bright_robust,R4_bright_robust,bright/robust-easy,140,10,-45,phase63(L1-G1),yaw140_pitch+010_roll-045,YES,20_pack (new render),bright/robust-easy-seed yaw145/150 pitch+10/+15
R4_bright_robust__yaw140_pitch+010,R4_bright_robust,R4_bright_robust,bright/robust-easy,140,10,-30,phase63(L1-G1),yaw140_pitch+010_roll-030,YES,20_pack (new render),bright/robust-easy-seed yaw145/150 pitch+10/+15
R4_bright_robust__yaw140_pitch+010,R4_bright_robust,R4_bright_robust,bright/robust-easy,140,10,-15,phase63(L1-G1),yaw140_pitch+010_roll-015,YES,20_pack (new render),bright/robust-easy-seed yaw145/150 pitch+10/+15
R4_bright_robust__yaw140_pitch+010,R4_bright_robust,R4_bright_robust,bright/robust-easy,140,10,0,phase63(L1-G1),yaw140_pitch+010_roll+000,NO,"01_fullrun (roll+000, 复用不重渲)",bright/robust-easy-seed yaw145/150 pitch+10/+15
R4_bright_robust__yaw140_pitch+010,R4_bright_robust,R4_bright_robust,bright/robust-easy,140,10,15,phase63(L1-G1),yaw140_pitch+010_roll+015,YES,20_pack (new render),bright/robust-easy-seed yaw145/150 pitch+10/+15
R4_bright_robust__yaw140_pitch+010,R4_bright_robust,R4_bright_robust,bright/robust-easy,140,10,30,phase63(L1-G1),yaw140_pitch+010_roll+030,YES,20_pack (new render),bright/robust-easy-seed yaw145/150 pitch+10/+15
R4_bright_robust__yaw140_pitch+010,R4_bright_robust,R4_bright_robust,bright/robust-easy,140,10,45,phase63(L1-G1),yaw140_pitch+010_roll+045,YES,20_pack (new render),bright/robust-easy-seed yaw145/150 pitch+10/+15
R4_bright_robust__yaw140_pitch+010,R4_bright_robust,R4_bright_robust,bright/robust-easy,140,10,60,phase63(L1-G1),yaw140_pitch+010_roll+060,YES,20_pack (new render),bright/robust-easy-seed yaw145/150 pitch+10/+15
R4_bright_robust__yaw140_pitch+015,R4_bright_robust,R4_bright_robust,bright/robust-easy,140,15,-60,phase63(L1-G1),yaw140_pitch+015_roll-060,YES,20_pack (new render),bright/robust-easy-seed yaw145/150 pitch+10/+15
R4_bright_robust__yaw140_pitch+015,R4_bright_robust,R4_bright_robust,bright/robust-easy,140,15,-45,phase63(L1-G1),yaw140_pitch+015_roll-045,YES,20_pack (new render),bright/robust-easy-seed yaw145/150 pitch+10/+15
R4_bright_robust__yaw140_pitch+015,R4_bright_robust,R4_bright_robust,bright/robust-easy,140,15,-30,phase63(L1-G1),yaw140_pitch+015_roll-030,YES,20_pack (new render),bright/robust-easy-seed yaw145/150 pitch+10/+15
R4_bright_robust__yaw140_pitch+015,R4_bright_robust,R4_bright_robust,bright/robust-easy,140,15,-15,phase63(L1-G1),yaw140_pitch+015_roll-015,YES,20_pack (new render),bright/robust-easy-seed yaw145/150 pitch+10/+15
R4_bright_robust__yaw140_pitch+015,R4_bright_robust,R4_bright_robust,bright/robust-easy,140,15,0,phase63(L1-G1),yaw140_pitch+015_roll+000,NO,"01_fullrun (roll+000, 复用不重渲)",bright/robust-easy-seed yaw145/150 pitch+10/+15
R4_bright_robust__yaw140_pitch+015,R4_bright_robust,R4_bright_robust,bright/robust-easy,140,15,15,phase63(L1-G1),yaw140_pitch+015_roll+015,YES,20_pack (new render),bright/robust-easy-seed yaw145/150 pitch+10/+15
R4_bright_robust__yaw140_pitch+015,R4_bright_robust,R4_bright_robust,bright/robust-easy,140,15,30,phase63(L1-G1),yaw140_pitch+015_roll+030,YES,20_pack (new render),bright/robust-easy-seed yaw145/150 pitch+10/+15
R4_bright_robust__yaw140_pitch+015,R4_bright_robust,R4_bright_robust,bright/robust-easy,140,15,45,phase63(L1-G1),yaw140_pitch+015_roll+045,YES,20_pack (new render),bright/robust-easy-seed yaw145/150 pitch+10/+15
R4_bright_robust__yaw140_pitch+015,R4_bright_robust,R4_bright_robust,bright/robust-easy,140,15,60,phase63(L1-G1),yaw140_pitch+015_roll+060,YES,20_pack (new render),bright/robust-easy-seed yaw145/150 pitch+10/+15
R4_bright_robust__yaw140_pitch+020,R4_bright_robust,R4_bright_robust,bright/robust-easy,140,20,-60,phase63(L1-G1),yaw140_pitch+020_roll-060,YES,20_pack (new render),bright/robust-easy-seed yaw145/150 pitch+10/+15
R4_bright_robust__yaw140_pitch+020,R4_bright_robust,R4_bright_robust,bright/robust-easy,140,20,-45,phase63(L1-G1),yaw140_pitch+020_roll-045,YES,20_pack (new render),bright/robust-easy-seed yaw145/150 pitch+10/+15
R4_bright_robust__yaw140_pitch+020,R4_bright_robust,R4_bright_robust,bright/robust-easy,140,20,-30,phase63(L1-G1),yaw140_pitch+020_roll-030,YES,20_pack (new render),bright/robust-easy-seed yaw145/150 pitch+10/+15
R4_bright_robust__yaw140_pitch+020,R4_bright_robust,R4_bright_robust,bright/robust-easy,140,20,-15,phase63(L1-G1),yaw140_pitch+020_roll-015,YES,20_pack (new render),bright/robust-easy-seed yaw145/150 pitch+10/+15
R4_bright_robust__yaw140_pitch+020,R4_bright_robust,R4_bright_robust,bright/robust-easy,140,20,0,phase63(L1-G1),yaw140_pitch+020_roll+000,NO,"01_fullrun (roll+000, 复用不重渲)",bright/robust-easy-seed yaw145/150 pitch+10/+15
R4_bright_robust__yaw140_pitch+020,R4_bright_robust,R4_bright_robust,bright/robust-easy,140,20,15,phase63(L1-G1),yaw140_pitch+020_roll+015,YES,20_pack (new render),bright/robust-easy-seed yaw145/150 pitch+10/+15
R4_bright_robust__yaw140_pitch+020,R4_bright_robust,R4_bright_robust,bright/robust-easy,140,20,30,phase63(L1-G1),yaw140_pitch+020_roll+030,YES,20_pack (new render),bright/robust-easy-seed yaw145/150 pitch+10/+15
R4_bright_robust__yaw140_pitch+020,R4_bright_robust,R4_bright_robust,bright/robust-easy,140,20,45,phase63(L1-G1),yaw140_pitch+020_roll+045,YES,20_pack (new render),bright/robust-easy-seed yaw145/150 pitch+10/+15
R4_bright_robust__yaw140_pitch+020,R4_bright_robust,R4_bright_robust,bright/robust-easy,140,20,60,phase63(L1-G1),yaw140_pitch+020_roll+060,YES,20_pack (new render),bright/robust-easy-seed yaw145/150 pitch+10/+15
R4_bright_robust__yaw140_pitch+025,R4_bright_robust,R4_bright_robust,bright/robust-easy,140,25,-60,phase63(L1-G1),yaw140_pitch+025_roll-060,YES,20_pack (new render),bright/robust-easy-seed yaw145/150 pitch+10/+15
R4_bright_robust__yaw140_pitch+025,R4_bright_robust,R4_bright_robust,bright/robust-easy,140,25,-45,phase63(L1-G1),yaw140_pitch+025_roll-045,YES,20_pack (new render),bright/robust-easy-seed yaw145/150 pitch+10/+15
R4_bright_robust__yaw140_pitch+025,R4_bright_robust,R4_bright_robust,bright/robust-easy,140,25,-30,phase63(L1-G1),yaw140_pitch+025_roll-030,YES,20_pack (new render),bright/robust-easy-seed yaw145/150 pitch+10/+15
R4_bright_robust__yaw140_pitch+025,R4_bright_robust,R4_bright_robust,bright/robust-easy,140,25,-15,phase63(L1-G1),yaw140_pitch+025_roll-015,YES,20_pack (new render),bright/robust-easy-seed yaw145/150 pitch+10/+15
R4_bright_robust__yaw140_pitch+025,R4_bright_robust,R4_bright_robust,bright/robust-easy,140,25,0,phase63(L1-G1),yaw140_pitch+025_roll+000,NO,"01_fullrun (roll+000, 复用不重渲)",bright/robust-easy-seed yaw145/150 pitch+10/+15
R4_bright_robust__yaw140_pitch+025,R4_bright_robust,R4_bright_robust,bright/robust-easy,140,25,15,phase63(L1-G1),yaw140_pitch+025_roll+015,YES,20_pack (new render),bright/robust-easy-seed yaw145/150 pitch+10/+15
R4_bright_robust__yaw140_pitch+025,R4_bright_robust,R4_bright_robust,bright/robust-easy,140,25,30,phase63(L1-G1),yaw140_pitch+025_roll+030,YES,20_pack (new render),bright/robust-easy-seed yaw145/150 pitch+10/+15
R4_bright_robust__yaw140_pitch+025,R4_bright_robust,R4_bright_robust,bright/robust-easy,140,25,45,phase63(L1-G1),yaw140_pitch+025_roll+045,YES,20_pack (new render),bright/robust-easy-seed yaw145/150 pitch+10/+15
R4_bright_robust__yaw140_pitch+025,R4_bright_robust,R4_bright_robust,bright/robust-easy,140,25,60,phase63(L1-G1),yaw140_pitch+025_roll+060,YES,20_pack (new render),bright/robust-easy-seed yaw145/150 pitch+10/+15
R4_bright_robust__yaw145_pitch+005,R4_bright_robust,R4_bright_robust,bright/robust-easy,145,5,-60,phase63(L1-G1),yaw145_pitch+005_roll-060,YES,20_pack (new render),bright/robust-easy-seed yaw145/150 pitch+10/+15
R4_bright_robust__yaw145_pitch+005,R4_bright_robust,R4_bright_robust,bright/robust-easy,145,5,-45,phase63(L1-G1),yaw145_pitch+005_roll-045,YES,20_pack (new render),bright/robust-easy-seed yaw145/150 pitch+10/+15
R4_bright_robust__yaw145_pitch+005,R4_bright_robust,R4_bright_robust,bright/robust-easy,145,5,-30,phase63(L1-G1),yaw145_pitch+005_roll-030,YES,20_pack (new render),bright/robust-easy-seed yaw145/150 pitch+10/+15
R4_bright_robust__yaw145_pitch+005,R4_bright_robust,R4_bright_robust,bright/robust-easy,145,5,-15,phase63(L1-G1),yaw145_pitch+005_roll-015,YES,20_pack (new render),bright/robust-easy-seed yaw145/150 pitch+10/+15
R4_bright_robust__yaw145_pitch+005,R4_bright_robust,R4_bright_robust,bright/robust-easy,145,5,0,phase63(L1-G1),yaw145_pitch+005_roll+000,NO,"01_fullrun (roll+000, 复用不重渲)",bright/robust-easy-seed yaw145/150 pitch+10/+15
R4_bright_robust__yaw145_pitch+005,R4_bright_robust,R4_bright_robust,bright/robust-easy,145,5,15,phase63(L1-G1),yaw145_pitch+005_roll+015,YES,20_pack (new render),bright/robust-easy-seed yaw145/150 pitch+10/+15
R4_bright_robust__yaw145_pitch+005,R4_bright_robust,R4_bright_robust,bright/robust-easy,145,5,30,phase63(L1-G1),yaw145_pitch+005_roll+030,YES,20_pack (new render),bright/robust-easy-seed yaw145/150 pitch+10/+15
R4_bright_robust__yaw145_pitch+005,R4_bright_robust,R4_bright_robust,bright/robust-easy,145,5,45,phase63(L1-G1),yaw145_pitch+005_roll+045,YES,20_pack (new render),bright/robust-easy-seed yaw145/150 pitch+10/+15
R4_bright_robust__yaw145_pitch+005,R4_bright_robust,R4_bright_robust,bright/robust-easy,145,5,60,phase63(L1-G1),yaw145_pitch+005_roll+060,YES,20_pack (new render),bright/robust-easy-seed yaw145/150 pitch+10/+15
R4_bright_robust__yaw145_pitch+010,R4_bright_robust,R4_bright_robust,bright/robust-easy,145,10,-60,phase63(L1-G1),yaw145_pitch+010_roll-060,YES,20_pack (new render),bright/robust-easy-seed yaw145/150 pitch+10/+15
R4_bright_robust__yaw145_pitch+010,R4_bright_robust,R4_bright_robust,bright/robust-easy,145,10,-45,phase63(L1-G1),yaw145_pitch+010_roll-045,YES,20_pack (new render),bright/robust-easy-seed yaw145/150 pitch+10/+15
R4_bright_robust__yaw145_pitch+010,R4_bright_robust,R4_bright_robust,bright/robust-easy,145,10,-30,phase63(L1-G1),yaw145_pitch+010_roll-030,YES,20_pack (new render),bright/robust-easy-seed yaw145/150 pitch+10/+15
R4_bright_robust__yaw145_pitch+010,R4_bright_robust,R4_bright_robust,bright/robust-easy,145,10,-15,phase63(L1-G1),yaw145_pitch+010_roll-015,YES,20_pack (new render),bright/robust-easy-seed yaw145/150 pitch+10/+15
R4_bright_robust__yaw145_pitch+010,R4_bright_robust,R4_bright_robust,bright/robust-easy,145,10,0,phase63(L1-G1),yaw145_pitch+010_roll+000,NO,"01_fullrun (roll+000, 复用不重渲)",bright/robust-easy-seed yaw145/150 pitch+10/+15
R4_bright_robust__yaw145_pitch+010,R4_bright_robust,R4_bright_robust,bright/robust-easy,145,10,15,phase63(L1-G1),yaw145_pitch+010_roll+015,YES,20_pack (new render),bright/robust-easy-seed yaw145/150 pitch+10/+15
R4_bright_robust__yaw145_pitch+010,R4_bright_robust,R4_bright_robust,bright/robust-easy,145,10,30,phase63(L1-G1),yaw145_pitch+010_roll+030,YES,20_pack (new render),bright/robust-easy-seed yaw145/150 pitch+10/+15
R4_bright_robust__yaw145_pitch+010,R4_bright_robust,R4_bright_robust,bright/robust-easy,145,10,45,phase63(L1-G1),yaw145_pitch+010_roll+045,YES,20_pack (new render),bright/robust-easy-seed yaw145/150 pitch+10/+15
R4_bright_robust__yaw145_pitch+010,R4_bright_robust,R4_bright_robust,bright/robust-easy,145,10,60,phase63(L1-G1),yaw145_pitch+010_roll+060,YES,20_pack (new render),bright/robust-easy-seed yaw145/150 pitch+10/+15
R4_bright_robust__yaw145_pitch+015,R4_bright_robust,R4_bright_robust,bright/robust-easy,145,15,-60,phase63(L1-G1),yaw145_pitch+015_roll-060,YES,20_pack (new render),bright/robust-easy-seed yaw145/150 pitch+10/+15
R4_bright_robust__yaw145_pitch+015,R4_bright_robust,R4_bright_robust,bright/robust-easy,145,15,-45,phase63(L1-G1),yaw145_pitch+015_roll-045,YES,20_pack (new render),bright/robust-easy-seed yaw145/150 pitch+10/+15
R4_bright_robust__yaw145_pitch+015,R4_bright_robust,R4_bright_robust,bright/robust-easy,145,15,-30,phase63(L1-G1),yaw145_pitch+015_roll-030,YES,20_pack (new render),bright/robust-easy-seed yaw145/150 pitch+10/+15
R4_bright_robust__yaw145_pitch+015,R4_bright_robust,R4_bright_robust,bright/robust-easy,145,15,-15,phase63(L1-G1),yaw145_pitch+015_roll-015,YES,20_pack (new render),bright/robust-easy-seed yaw145/150 pitch+10/+15
R4_bright_robust__yaw145_pitch+015,R4_bright_robust,R4_bright_robust,bright/robust-easy,145,15,0,phase63(L1-G1),yaw145_pitch+015_roll+000,NO,"01_fullrun (roll+000, 复用不重渲)",bright/robust-easy-seed yaw145/150 pitch+10/+15
R4_bright_robust__yaw145_pitch+015,R4_bright_robust,R4_bright_robust,bright/robust-easy,145,15,15,phase63(L1-G1),yaw145_pitch+015_roll+015,YES,20_pack (new render),bright/robust-easy-seed yaw145/150 pitch+10/+15
R4_bright_robust__yaw145_pitch+015,R4_bright_robust,R4_bright_robust,bright/robust-easy,145,15,30,phase63(L1-G1),yaw145_pitch+015_roll+030,YES,20_pack (new render),bright/robust-easy-seed yaw145/150 pitch+10/+15
R4_bright_robust__yaw145_pitch+015,R4_bright_robust,R4_bright_robust,bright/robust-easy,145,15,45,phase63(L1-G1),yaw145_pitch+015_roll+045,YES,20_pack (new render),bright/robust-easy-seed yaw145/150 pitch+10/+15
R4_bright_robust__yaw145_pitch+015,R4_bright_robust,R4_bright_robust,bright/robust-easy,145,15,60,phase63(L1-G1),yaw145_pitch+015_roll+060,YES,20_pack (new render),bright/robust-easy-seed yaw145/150 pitch+10/+15
R4_bright_robust__yaw145_pitch+020,R4_bright_robust,R4_bright_robust,bright/robust-easy,145,20,-60,phase63(L1-G1),yaw145_pitch+020_roll-060,YES,20_pack (new render),bright/robust-easy-seed yaw145/150 pitch+10/+15
R4_bright_robust__yaw145_pitch+020,R4_bright_robust,R4_bright_robust,bright/robust-easy,145,20,-45,phase63(L1-G1),yaw145_pitch+020_roll-045,YES,20_pack (new render),bright/robust-easy-seed yaw145/150 pitch+10/+15
R4_bright_robust__yaw145_pitch+020,R4_bright_robust,R4_bright_robust,bright/robust-easy,145,20,-30,phase63(L1-G1),yaw145_pitch+020_roll-030,YES,20_pack (new render),bright/robust-easy-seed yaw145/150 pitch+10/+15
R4_bright_robust__yaw145_pitch+020,R4_bright_robust,R4_bright_robust,bright/robust-easy,145,20,-15,phase63(L1-G1),yaw145_pitch+020_roll-015,YES,20_pack (new render),bright/robust-easy-seed yaw145/150 pitch+10/+15
R4_bright_robust__yaw145_pitch+020,R4_bright_robust,R4_bright_robust,bright/robust-easy,145,20,0,phase63(L1-G1),yaw145_pitch+020_roll+000,NO,"01_fullrun (roll+000, 复用不重渲)",bright/robust-easy-seed yaw145/150 pitch+10/+15
R4_bright_robust__yaw145_pitch+020,R4_bright_robust,R4_bright_robust,bright/robust-easy,145,20,15,phase63(L1-G1),yaw145_pitch+020_roll+015,YES,20_pack (new render),bright/robust-easy-seed yaw145/150 pitch+10/+15
R4_bright_robust__yaw145_pitch+020,R4_bright_robust,R4_bright_robust,bright/robust-easy,145,20,30,phase63(L1-G1),yaw145_pitch+020_roll+030,YES,20_pack (new render),bright/robust-easy-seed yaw145/150 pitch+10/+15
R4_bright_robust__yaw145_pitch+020,R4_bright_robust,R4_bright_robust,bright/robust-easy,145,20,45,phase63(L1-G1),yaw145_pitch+020_roll+045,YES,20_pack (new render),bright/robust-easy-seed yaw145/150 pitch+10/+15
R4_bright_robust__yaw145_pitch+020,R4_bright_robust,R4_bright_robust,bright/robust-easy,145,20,60,phase63(L1-G1),yaw145_pitch+020_roll+060,YES,20_pack (new render),bright/robust-easy-seed yaw145/150 pitch+10/+15
R4_bright_robust__yaw145_pitch+025,R4_bright_robust,R4_bright_robust,bright/robust-easy,145,25,-60,phase63(L1-G1),yaw145_pitch+025_roll-060,YES,20_pack (new render),bright/robust-easy-seed yaw145/150 pitch+10/+15
R4_bright_robust__yaw145_pitch+025,R4_bright_robust,R4_bright_robust,bright/robust-easy,145,25,-45,phase63(L1-G1),yaw145_pitch+025_roll-045,YES,20_pack (new render),bright/robust-easy-seed yaw145/150 pitch+10/+15
R4_bright_robust__yaw145_pitch+025,R4_bright_robust,R4_bright_robust,bright/robust-easy,145,25,-30,phase63(L1-G1),yaw145_pitch+025_roll-030,YES,20_pack (new render),bright/robust-easy-seed yaw145/150 pitch+10/+15
R4_bright_robust__yaw145_pitch+025,R4_bright_robust,R4_bright_robust,bright/robust-easy,145,25,-15,phase63(L1-G1),yaw145_pitch+025_roll-015,YES,20_pack (new render),bright/robust-easy-seed yaw145/150 pitch+10/+15
R4_bright_robust__yaw145_pitch+025,R4_bright_robust,R4_bright_robust,bright/robust-easy,145,25,0,phase63(L1-G1),yaw145_pitch+025_roll+000,NO,"01_fullrun (roll+000, 复用不重渲)",bright/robust-easy-seed yaw145/150 pitch+10/+15
R4_bright_robust__yaw145_pitch+025,R4_bright_robust,R4_bright_robust,bright/robust-easy,145,25,15,phase63(L1-G1),yaw145_pitch+025_roll+015,YES,20_pack (new render),bright/robust-easy-seed yaw145/150 pitch+10/+15
R4_bright_robust__yaw145_pitch+025,R4_bright_robust,R4_bright_robust,bright/robust-easy,145,25,30,phase63(L1-G1),yaw145_pitch+025_roll+030,YES,20_pack (new render),bright/robust-easy-seed yaw145/150 pitch+10/+15
R4_bright_robust__yaw145_pitch+025,R4_bright_robust,R4_bright_robust,bright/robust-easy,145,25,45,phase63(L1-G1),yaw145_pitch+025_roll+045,YES,20_pack (new render),bright/robust-easy-seed yaw145/150 pitch+10/+15
R4_bright_robust__yaw145_pitch+025,R4_bright_robust,R4_bright_robust,bright/robust-easy,145,25,60,phase63(L1-G1),yaw145_pitch+025_roll+060,YES,20_pack (new render),bright/robust-easy-seed yaw145/150 pitch+10/+15
R4_bright_robust__yaw150_pitch+005,R4_bright_robust,R4_bright_robust,bright/robust-easy,150,5,-60,phase63(L1-G1),yaw150_pitch+005_roll-060,YES,20_pack (new render),bright/robust-easy-seed yaw145/150 pitch+10/+15
R4_bright_robust__yaw150_pitch+005,R4_bright_robust,R4_bright_robust,bright/robust-easy,150,5,-45,phase63(L1-G1),yaw150_pitch+005_roll-045,YES,20_pack (new render),bright/robust-easy-seed yaw145/150 pitch+10/+15
R4_bright_robust__yaw150_pitch+005,R4_bright_robust,R4_bright_robust,bright/robust-easy,150,5,-30,phase63(L1-G1),yaw150_pitch+005_roll-030,YES,20_pack (new render),bright/robust-easy-seed yaw145/150 pitch+10/+15
R4_bright_robust__yaw150_pitch+005,R4_bright_robust,R4_bright_robust,bright/robust-easy,150,5,-15,phase63(L1-G1),yaw150_pitch+005_roll-015,YES,20_pack (new render),bright/robust-easy-seed yaw145/150 pitch+10/+15
R4_bright_robust__yaw150_pitch+005,R4_bright_robust,R4_bright_robust,bright/robust-easy,150,5,0,phase63(L1-G1),yaw150_pitch+005_roll+000,NO,"01_fullrun (roll+000, 复用不重渲)",bright/robust-easy-seed yaw145/150 pitch+10/+15
R4_bright_robust__yaw150_pitch+005,R4_bright_robust,R4_bright_robust,bright/robust-easy,150,5,15,phase63(L1-G1),yaw150_pitch+005_roll+015,YES,20_pack (new render),bright/robust-easy-seed yaw145/150 pitch+10/+15
R4_bright_robust__yaw150_pitch+005,R4_bright_robust,R4_bright_robust,bright/robust-easy,150,5,30,phase63(L1-G1),yaw150_pitch+005_roll+030,YES,20_pack (new render),bright/robust-easy-seed yaw145/150 pitch+10/+15
R4_bright_robust__yaw150_pitch+005,R4_bright_robust,R4_bright_robust,bright/robust-easy,150,5,45,phase63(L1-G1),yaw150_pitch+005_roll+045,YES,20_pack (new render),bright/robust-easy-seed yaw145/150 pitch+10/+15
R4_bright_robust__yaw150_pitch+005,R4_bright_robust,R4_bright_robust,bright/robust-easy,150,5,60,phase63(L1-G1),yaw150_pitch+005_roll+060,YES,20_pack (new render),bright/robust-easy-seed yaw145/150 pitch+10/+15
R4_bright_robust__yaw150_pitch+010,R4_bright_robust,R4_bright_robust,bright/robust-easy,150,10,-60,phase63(L1-G1),yaw150_pitch+010_roll-060,YES,20_pack (new render),bright/robust-easy-seed yaw145/150 pitch+10/+15
R4_bright_robust__yaw150_pitch+010,R4_bright_robust,R4_bright_robust,bright/robust-easy,150,10,-45,phase63(L1-G1),yaw150_pitch+010_roll-045,YES,20_pack (new render),bright/robust-easy-seed yaw145/150 pitch+10/+15
R4_bright_robust__yaw150_pitch+010,R4_bright_robust,R4_bright_robust,bright/robust-easy,150,10,-30,phase63(L1-G1),yaw150_pitch+010_roll-030,YES,20_pack (new render),bright/robust-easy-seed yaw145/150 pitch+10/+15
R4_bright_robust__yaw150_pitch+010,R4_bright_robust,R4_bright_robust,bright/robust-easy,150,10,-15,phase63(L1-G1),yaw150_pitch+010_roll-015,YES,20_pack (new render),bright/robust-easy-seed yaw145/150 pitch+10/+15
R4_bright_robust__yaw150_pitch+010,R4_bright_robust,R4_bright_robust,bright/robust-easy,150,10,0,phase63(L1-G1),yaw150_pitch+010_roll+000,NO,"01_fullrun (roll+000, 复用不重渲)",bright/robust-easy-seed yaw145/150 pitch+10/+15
R4_bright_robust__yaw150_pitch+010,R4_bright_robust,R4_bright_robust,bright/robust-easy,150,10,15,phase63(L1-G1),yaw150_pitch+010_roll+015,YES,20_pack (new render),bright/robust-easy-seed yaw145/150 pitch+10/+15
R4_bright_robust__yaw150_pitch+010,R4_bright_robust,R4_bright_robust,bright/robust-easy,150,10,30,phase63(L1-G1),yaw150_pitch+010_roll+030,YES,20_pack (new render),bright/robust-easy-seed yaw145/150 pitch+10/+15
R4_bright_robust__yaw150_pitch+010,R4_bright_robust,R4_bright_robust,bright/robust-easy,150,10,45,phase63(L1-G1),yaw150_pitch+010_roll+045,YES,20_pack (new render),bright/robust-easy-seed yaw145/150 pitch+10/+15
R4_bright_robust__yaw150_pitch+010,R4_bright_robust,R4_bright_robust,bright/robust-easy,150,10,60,phase63(L1-G1),yaw150_pitch+010_roll+060,YES,20_pack (new render),bright/robust-easy-seed yaw145/150 pitch+10/+15
R4_bright_robust__yaw150_pitch+015,R4_bright_robust,R4_bright_robust,bright/robust-easy,150,15,-60,phase63(L1-G1),yaw150_pitch+015_roll-060,YES,20_pack (new render),bright/robust-easy-seed yaw145/150 pitch+10/+15
R4_bright_robust__yaw150_pitch+015,R4_bright_robust,R4_bright_robust,bright/robust-easy,150,15,-45,phase63(L1-G1),yaw150_pitch+015_roll-045,YES,20_pack (new render),bright/robust-easy-seed yaw145/150 pitch+10/+15
R4_bright_robust__yaw150_pitch+015,R4_bright_robust,R4_bright_robust,bright/robust-easy,150,15,-30,phase63(L1-G1),yaw150_pitch+015_roll-030,YES,20_pack (new render),bright/robust-easy-seed yaw145/150 pitch+10/+15
R4_bright_robust__yaw150_pitch+015,R4_bright_robust,R4_bright_robust,bright/robust-easy,150,15,-15,phase63(L1-G1),yaw150_pitch+015_roll-015,YES,20_pack (new render),bright/robust-easy-seed yaw145/150 pitch+10/+15
R4_bright_robust__yaw150_pitch+015,R4_bright_robust,R4_bright_robust,bright/robust-easy,150,15,0,phase63(L1-G1),yaw150_pitch+015_roll+000,NO,"01_fullrun (roll+000, 复用不重渲)",bright/robust-easy-seed yaw145/150 pitch+10/+15
R4_bright_robust__yaw150_pitch+015,R4_bright_robust,R4_bright_robust,bright/robust-easy,150,15,15,phase63(L1-G1),yaw150_pitch+015_roll+015,YES,20_pack (new render),bright/robust-easy-seed yaw145/150 pitch+10/+15
R4_bright_robust__yaw150_pitch+015,R4_bright_robust,R4_bright_robust,bright/robust-easy,150,15,30,phase63(L1-G1),yaw150_pitch+015_roll+030,YES,20_pack (new render),bright/robust-easy-seed yaw145/150 pitch+10/+15
R4_bright_robust__yaw150_pitch+015,R4_bright_robust,R4_bright_robust,bright/robust-easy,150,15,45,phase63(L1-G1),yaw150_pitch+015_roll+045,YES,20_pack (new render),bright/robust-easy-seed yaw145/150 pitch+10/+15
R4_bright_robust__yaw150_pitch+015,R4_bright_robust,R4_bright_robust,bright/robust-easy,150,15,60,phase63(L1-G1),yaw150_pitch+015_roll+060,YES,20_pack (new render),bright/robust-easy-seed yaw145/150 pitch+10/+15
R4_bright_robust__yaw150_pitch+020,R4_bright_robust,R4_bright_robust,bright/robust-easy,150,20,-60,phase63(L1-G1),yaw150_pitch+020_roll-060,YES,20_pack (new render),bright/robust-easy-seed yaw145/150 pitch+10/+15
R4_bright_robust__yaw150_pitch+020,R4_bright_robust,R4_bright_robust,bright/robust-easy,150,20,-45,phase63(L1-G1),yaw150_pitch+020_roll-045,YES,20_pack (new render),bright/robust-easy-seed yaw145/150 pitch+10/+15
R4_bright_robust__yaw150_pitch+020,R4_bright_robust,R4_bright_robust,bright/robust-easy,150,20,-30,phase63(L1-G1),yaw150_pitch+020_roll-030,YES,20_pack (new render),bright/robust-easy-seed yaw145/150 pitch+10/+15
R4_bright_robust__yaw150_pitch+020,R4_bright_robust,R4_bright_robust,bright/robust-easy,150,20,-15,phase63(L1-G1),yaw150_pitch+020_roll-015,YES,20_pack (new render),bright/robust-easy-seed yaw145/150 pitch+10/+15
R4_bright_robust__yaw150_pitch+020,R4_bright_robust,R4_bright_robust,bright/robust-easy,150,20,0,phase63(L1-G1),yaw150_pitch+020_roll+000,NO,"01_fullrun (roll+000, 复用不重渲)",bright/robust-easy-seed yaw145/150 pitch+10/+15
R4_bright_robust__yaw150_pitch+020,R4_bright_robust,R4_bright_robust,bright/robust-easy,150,20,15,phase63(L1-G1),yaw150_pitch+020_roll+015,YES,20_pack (new render),bright/robust-easy-seed yaw145/150 pitch+10/+15
R4_bright_robust__yaw150_pitch+020,R4_bright_robust,R4_bright_robust,bright/robust-easy,150,20,30,phase63(L1-G1),yaw150_pitch+020_roll+030,YES,20_pack (new render),bright/robust-easy-seed yaw145/150 pitch+10/+15
R4_bright_robust__yaw150_pitch+020,R4_bright_robust,R4_bright_robust,bright/robust-easy,150,20,45,phase63(L1-G1),yaw150_pitch+020_roll+045,YES,20_pack (new render),bright/robust-easy-seed yaw145/150 pitch+10/+15
R4_bright_robust__yaw150_pitch+020,R4_bright_robust,R4_bright_robust,bright/robust-easy,150,20,60,phase63(L1-G1),yaw150_pitch+020_roll+060,YES,20_pack (new render),bright/robust-easy-seed yaw145/150 pitch+10/+15
R4_bright_robust__yaw150_pitch+025,R4_bright_robust,R4_bright_robust,bright/robust-easy,150,25,-60,phase63(L1-G1),yaw150_pitch+025_roll-060,YES,20_pack (new render),bright/robust-easy-seed yaw145/150 pitch+10/+15
R4_bright_robust__yaw150_pitch+025,R4_bright_robust,R4_bright_robust,bright/robust-easy,150,25,-45,phase63(L1-G1),yaw150_pitch+025_roll-045,YES,20_pack (new render),bright/robust-easy-seed yaw145/150 pitch+10/+15
R4_bright_robust__yaw150_pitch+025,R4_bright_robust,R4_bright_robust,bright/robust-easy,150,25,-30,phase63(L1-G1),yaw150_pitch+025_roll-030,YES,20_pack (new render),bright/robust-easy-seed yaw145/150 pitch+10/+15
R4_bright_robust__yaw150_pitch+025,R4_bright_robust,R4_bright_robust,bright/robust-easy,150,25,-15,phase63(L1-G1),yaw150_pitch+025_roll-015,YES,20_pack (new render),bright/robust-easy-seed yaw145/150 pitch+10/+15
R4_bright_robust__yaw150_pitch+025,R4_bright_robust,R4_bright_robust,bright/robust-easy,150,25,0,phase63(L1-G1),yaw150_pitch+025_roll+000,NO,"01_fullrun (roll+000, 复用不重渲)",bright/robust-easy-seed yaw145/150 pitch+10/+15
R4_bright_robust__yaw150_pitch+025,R4_bright_robust,R4_bright_robust,bright/robust-easy,150,25,15,phase63(L1-G1),yaw150_pitch+025_roll+015,YES,20_pack (new render),bright/robust-easy-seed yaw145/150 pitch+10/+15
R4_bright_robust__yaw150_pitch+025,R4_bright_robust,R4_bright_robust,bright/robust-easy,150,25,30,phase63(L1-G1),yaw150_pitch+025_roll+030,YES,20_pack (new render),bright/robust-easy-seed yaw145/150 pitch+10/+15
R4_bright_robust__yaw150_pitch+025,R4_bright_robust,R4_bright_robust,bright/robust-easy,150,25,45,phase63(L1-G1),yaw150_pitch+025_roll+045,YES,20_pack (new render),bright/robust-easy-seed yaw145/150 pitch+10/+15
R4_bright_robust__yaw150_pitch+025,R4_bright_robust,R4_bright_robust,bright/robust-easy,150,25,60,phase63(L1-G1),yaw150_pitch+025_roll+060,YES,20_pack (new render),bright/robust-easy-seed yaw145/150 pitch+10/+15
R4_bright_robust__yaw155_pitch+005,R4_bright_robust,R4_bright_robust,bright/robust-easy,155,5,-60,phase63(L1-G1),yaw155_pitch+005_roll-060,YES,20_pack (new render),bright/robust-easy-seed yaw145/150 pitch+10/+15
R4_bright_robust__yaw155_pitch+005,R4_bright_robust,R4_bright_robust,bright/robust-easy,155,5,-45,phase63(L1-G1),yaw155_pitch+005_roll-045,YES,20_pack (new render),bright/robust-easy-seed yaw145/150 pitch+10/+15
R4_bright_robust__yaw155_pitch+005,R4_bright_robust,R4_bright_robust,bright/robust-easy,155,5,-30,phase63(L1-G1),yaw155_pitch+005_roll-030,YES,20_pack (new render),bright/robust-easy-seed yaw145/150 pitch+10/+15
R4_bright_robust__yaw155_pitch+005,R4_bright_robust,R4_bright_robust,bright/robust-easy,155,5,-15,phase63(L1-G1),yaw155_pitch+005_roll-015,YES,20_pack (new render),bright/robust-easy-seed yaw145/150 pitch+10/+15
R4_bright_robust__yaw155_pitch+005,R4_bright_robust,R4_bright_robust,bright/robust-easy,155,5,0,phase63(L1-G1),yaw155_pitch+005_roll+000,NO,"01_fullrun (roll+000, 复用不重渲)",bright/robust-easy-seed yaw145/150 pitch+10/+15
R4_bright_robust__yaw155_pitch+005,R4_bright_robust,R4_bright_robust,bright/robust-easy,155,5,15,phase63(L1-G1),yaw155_pitch+005_roll+015,YES,20_pack (new render),bright/robust-easy-seed yaw145/150 pitch+10/+15
R4_bright_robust__yaw155_pitch+005,R4_bright_robust,R4_bright_robust,bright/robust-easy,155,5,30,phase63(L1-G1),yaw155_pitch+005_roll+030,YES,20_pack (new render),bright/robust-easy-seed yaw145/150 pitch+10/+15
R4_bright_robust__yaw155_pitch+005,R4_bright_robust,R4_bright_robust,bright/robust-easy,155,5,45,phase63(L1-G1),yaw155_pitch+005_roll+045,YES,20_pack (new render),bright/robust-easy-seed yaw145/150 pitch+10/+15
R4_bright_robust__yaw155_pitch+005,R4_bright_robust,R4_bright_robust,bright/robust-easy,155,5,60,phase63(L1-G1),yaw155_pitch+005_roll+060,YES,20_pack (new render),bright/robust-easy-seed yaw145/150 pitch+10/+15
R4_bright_robust__yaw155_pitch+010,R4_bright_robust,R4_bright_robust,bright/robust-easy,155,10,-60,phase63(L1-G1),yaw155_pitch+010_roll-060,YES,20_pack (new render),bright/robust-easy-seed yaw145/150 pitch+10/+15
R4_bright_robust__yaw155_pitch+010,R4_bright_robust,R4_bright_robust,bright/robust-easy,155,10,-45,phase63(L1-G1),yaw155_pitch+010_roll-045,YES,20_pack (new render),bright/robust-easy-seed yaw145/150 pitch+10/+15
R4_bright_robust__yaw155_pitch+010,R4_bright_robust,R4_bright_robust,bright/robust-easy,155,10,-30,phase63(L1-G1),yaw155_pitch+010_roll-030,YES,20_pack (new render),bright/robust-easy-seed yaw145/150 pitch+10/+15
R4_bright_robust__yaw155_pitch+010,R4_bright_robust,R4_bright_robust,bright/robust-easy,155,10,-15,phase63(L1-G1),yaw155_pitch+010_roll-015,YES,20_pack (new render),bright/robust-easy-seed yaw145/150 pitch+10/+15
R4_bright_robust__yaw155_pitch+010,R4_bright_robust,R4_bright_robust,bright/robust-easy,155,10,0,phase63(L1-G1),yaw155_pitch+010_roll+000,NO,"01_fullrun (roll+000, 复用不重渲)",bright/robust-easy-seed yaw145/150 pitch+10/+15
R4_bright_robust__yaw155_pitch+010,R4_bright_robust,R4_bright_robust,bright/robust-easy,155,10,15,phase63(L1-G1),yaw155_pitch+010_roll+015,YES,20_pack (new render),bright/robust-easy-seed yaw145/150 pitch+10/+15
R4_bright_robust__yaw155_pitch+010,R4_bright_robust,R4_bright_robust,bright/robust-easy,155,10,30,phase63(L1-G1),yaw155_pitch+010_roll+030,YES,20_pack (new render),bright/robust-easy-seed yaw145/150 pitch+10/+15
R4_bright_robust__yaw155_pitch+010,R4_bright_robust,R4_bright_robust,bright/robust-easy,155,10,45,phase63(L1-G1),yaw155_pitch+010_roll+045,YES,20_pack (new render),bright/robust-easy-seed yaw145/150 pitch+10/+15
R4_bright_robust__yaw155_pitch+010,R4_bright_robust,R4_bright_robust,bright/robust-easy,155,10,60,phase63(L1-G1),yaw155_pitch+010_roll+060,YES,20_pack (new render),bright/robust-easy-seed yaw145/150 pitch+10/+15
R4_bright_robust__yaw155_pitch+015,R4_bright_robust,R4_bright_robust,bright/robust-easy,155,15,-60,phase63(L1-G1),yaw155_pitch+015_roll-060,YES,20_pack (new render),bright/robust-easy-seed yaw145/150 pitch+10/+15
R4_bright_robust__yaw155_pitch+015,R4_bright_robust,R4_bright_robust,bright/robust-easy,155,15,-45,phase63(L1-G1),yaw155_pitch+015_roll-045,YES,20_pack (new render),bright/robust-easy-seed yaw145/150 pitch+10/+15
R4_bright_robust__yaw155_pitch+015,R4_bright_robust,R4_bright_robust,bright/robust-easy,155,15,-30,phase63(L1-G1),yaw155_pitch+015_roll-030,YES,20_pack (new render),bright/robust-easy-seed yaw145/150 pitch+10/+15
R4_bright_robust__yaw155_pitch+015,R4_bright_robust,R4_bright_robust,bright/robust-easy,155,15,-15,phase63(L1-G1),yaw155_pitch+015_roll-015,YES,20_pack (new render),bright/robust-easy-seed yaw145/150 pitch+10/+15
R4_bright_robust__yaw155_pitch+015,R4_bright_robust,R4_bright_robust,bright/robust-easy,155,15,0,phase63(L1-G1),yaw155_pitch+015_roll+000,NO,"01_fullrun (roll+000, 复用不重渲)",bright/robust-easy-seed yaw145/150 pitch+10/+15
R4_bright_robust__yaw155_pitch+015,R4_bright_robust,R4_bright_robust,bright/robust-easy,155,15,15,phase63(L1-G1),yaw155_pitch+015_roll+015,YES,20_pack (new render),bright/robust-easy-seed yaw145/150 pitch+10/+15
R4_bright_robust__yaw155_pitch+015,R4_bright_robust,R4_bright_robust,bright/robust-easy,155,15,30,phase63(L1-G1),yaw155_pitch+015_roll+030,YES,20_pack (new render),bright/robust-easy-seed yaw145/150 pitch+10/+15
R4_bright_robust__yaw155_pitch+015,R4_bright_robust,R4_bright_robust,bright/robust-easy,155,15,45,phase63(L1-G1),yaw155_pitch+015_roll+045,YES,20_pack (new render),bright/robust-easy-seed yaw145/150 pitch+10/+15
R4_bright_robust__yaw155_pitch+015,R4_bright_robust,R4_bright_robust,bright/robust-easy,155,15,60,phase63(L1-G1),yaw155_pitch+015_roll+060,YES,20_pack (new render),bright/robust-easy-seed yaw145/150 pitch+10/+15
R4_bright_robust__yaw155_pitch+020,R4_bright_robust,R4_bright_robust,bright/robust-easy,155,20,-60,phase63(L1-G1),yaw155_pitch+020_roll-060,YES,20_pack (new render),bright/robust-easy-seed yaw145/150 pitch+10/+15
R4_bright_robust__yaw155_pitch+020,R4_bright_robust,R4_bright_robust,bright/robust-easy,155,20,-45,phase63(L1-G1),yaw155_pitch+020_roll-045,YES,20_pack (new render),bright/robust-easy-seed yaw145/150 pitch+10/+15
R4_bright_robust__yaw155_pitch+020,R4_bright_robust,R4_bright_robust,bright/robust-easy,155,20,-30,phase63(L1-G1),yaw155_pitch+020_roll-030,YES,20_pack (new render),bright/robust-easy-seed yaw145/150 pitch+10/+15
R4_bright_robust__yaw155_pitch+020,R4_bright_robust,R4_bright_robust,bright/robust-easy,155,20,-15,phase63(L1-G1),yaw155_pitch+020_roll-015,YES,20_pack (new render),bright/robust-easy-seed yaw145/150 pitch+10/+15
R4_bright_robust__yaw155_pitch+020,R4_bright_robust,R4_bright_robust,bright/robust-easy,155,20,0,phase63(L1-G1),yaw155_pitch+020_roll+000,NO,"01_fullrun (roll+000, 复用不重渲)",bright/robust-easy-seed yaw145/150 pitch+10/+15
R4_bright_robust__yaw155_pitch+020,R4_bright_robust,R4_bright_robust,bright/robust-easy,155,20,15,phase63(L1-G1),yaw155_pitch+020_roll+015,YES,20_pack (new render),bright/robust-easy-seed yaw145/150 pitch+10/+15
R4_bright_robust__yaw155_pitch+020,R4_bright_robust,R4_bright_robust,bright/robust-easy,155,20,30,phase63(L1-G1),yaw155_pitch+020_roll+030,YES,20_pack (new render),bright/robust-easy-seed yaw145/150 pitch+10/+15
R4_bright_robust__yaw155_pitch+020,R4_bright_robust,R4_bright_robust,bright/robust-easy,155,20,45,phase63(L1-G1),yaw155_pitch+020_roll+045,YES,20_pack (new render),bright/robust-easy-seed yaw145/150 pitch+10/+15
R4_bright_robust__yaw155_pitch+020,R4_bright_robust,R4_bright_robust,bright/robust-easy,155,20,60,phase63(L1-G1),yaw155_pitch+020_roll+060,YES,20_pack (new render),bright/robust-easy-seed yaw145/150 pitch+10/+15
R4_bright_robust__yaw155_pitch+025,R4_bright_robust,R4_bright_robust,bright/robust-easy,155,25,-60,phase63(L1-G1),yaw155_pitch+025_roll-060,YES,20_pack (new render),bright/robust-easy-seed yaw145/150 pitch+10/+15
R4_bright_robust__yaw155_pitch+025,R4_bright_robust,R4_bright_robust,bright/robust-easy,155,25,-45,phase63(L1-G1),yaw155_pitch+025_roll-045,YES,20_pack (new render),bright/robust-easy-seed yaw145/150 pitch+10/+15
R4_bright_robust__yaw155_pitch+025,R4_bright_robust,R4_bright_robust,bright/robust-easy,155,25,-30,phase63(L1-G1),yaw155_pitch+025_roll-030,YES,20_pack (new render),bright/robust-easy-seed yaw145/150 pitch+10/+15
R4_bright_robust__yaw155_pitch+025,R4_bright_robust,R4_bright_robust,bright/robust-easy,155,25,-15,phase63(L1-G1),yaw155_pitch+025_roll-015,YES,20_pack (new render),bright/robust-easy-seed yaw145/150 pitch+10/+15
R4_bright_robust__yaw155_pitch+025,R4_bright_robust,R4_bright_robust,bright/robust-easy,155,25,0,phase63(L1-G1),yaw155_pitch+025_roll+000,NO,"01_fullrun (roll+000, 复用不重渲)",bright/robust-easy-seed yaw145/150 pitch+10/+15
R4_bright_robust__yaw155_pitch+025,R4_bright_robust,R4_bright_robust,bright/robust-easy,155,25,15,phase63(L1-G1),yaw155_pitch+025_roll+015,YES,20_pack (new render),bright/robust-easy-seed yaw145/150 pitch+10/+15
R4_bright_robust__yaw155_pitch+025,R4_bright_robust,R4_bright_robust,bright/robust-easy,155,25,30,phase63(L1-G1),yaw155_pitch+025_roll+030,YES,20_pack (new render),bright/robust-easy-seed yaw145/150 pitch+10/+15
R4_bright_robust__yaw155_pitch+025,R4_bright_robust,R4_bright_robust,bright/robust-easy,155,25,45,phase63(L1-G1),yaw155_pitch+025_roll+045,YES,20_pack (new render),bright/robust-easy-seed yaw145/150 pitch+10/+15
R4_bright_robust__yaw155_pitch+025,R4_bright_robust,R4_bright_robust,bright/robust-easy,155,25,60,phase63(L1-G1),yaw155_pitch+025_roll+060,YES,20_pack (new render),bright/robust-easy-seed yaw145/150 pitch+10/+15
R4_bright_robust__yaw160_pitch+005,R4_bright_robust,R4_bright_robust,bright/robust-easy,160,5,-60,phase63(L1-G1),yaw160_pitch+005_roll-060,YES,20_pack (new render),bright/robust-easy-seed yaw145/150 pitch+10/+15
R4_bright_robust__yaw160_pitch+005,R4_bright_robust,R4_bright_robust,bright/robust-easy,160,5,-45,phase63(L1-G1),yaw160_pitch+005_roll-045,YES,20_pack (new render),bright/robust-easy-seed yaw145/150 pitch+10/+15
R4_bright_robust__yaw160_pitch+005,R4_bright_robust,R4_bright_robust,bright/robust-easy,160,5,-30,phase63(L1-G1),yaw160_pitch+005_roll-030,YES,20_pack (new render),bright/robust-easy-seed yaw145/150 pitch+10/+15
R4_bright_robust__yaw160_pitch+005,R4_bright_robust,R4_bright_robust,bright/robust-easy,160,5,-15,phase63(L1-G1),yaw160_pitch+005_roll-015,YES,20_pack (new render),bright/robust-easy-seed yaw145/150 pitch+10/+15
R4_bright_robust__yaw160_pitch+005,R4_bright_robust,R4_bright_robust,bright/robust-easy,160,5,0,phase63(L1-G1),yaw160_pitch+005_roll+000,NO,"01_fullrun (roll+000, 复用不重渲)",bright/robust-easy-seed yaw145/150 pitch+10/+15
R4_bright_robust__yaw160_pitch+005,R4_bright_robust,R4_bright_robust,bright/robust-easy,160,5,15,phase63(L1-G1),yaw160_pitch+005_roll+015,YES,20_pack (new render),bright/robust-easy-seed yaw145/150 pitch+10/+15
R4_bright_robust__yaw160_pitch+005,R4_bright_robust,R4_bright_robust,bright/robust-easy,160,5,30,phase63(L1-G1),yaw160_pitch+005_roll+030,YES,20_pack (new render),bright/robust-easy-seed yaw145/150 pitch+10/+15
R4_bright_robust__yaw160_pitch+005,R4_bright_robust,R4_bright_robust,bright/robust-easy,160,5,45,phase63(L1-G1),yaw160_pitch+005_roll+045,YES,20_pack (new render),bright/robust-easy-seed yaw145/150 pitch+10/+15
R4_bright_robust__yaw160_pitch+005,R4_bright_robust,R4_bright_robust,bright/robust-easy,160,5,60,phase63(L1-G1),yaw160_pitch+005_roll+060,YES,20_pack (new render),bright/robust-easy-seed yaw145/150 pitch+10/+15
R4_bright_robust__yaw160_pitch+010,R4_bright_robust,R4_bright_robust,bright/robust-easy,160,10,-60,phase63(L1-G1),yaw160_pitch+010_roll-060,YES,20_pack (new render),bright/robust-easy-seed yaw145/150 pitch+10/+15
R4_bright_robust__yaw160_pitch+010,R4_bright_robust,R4_bright_robust,bright/robust-easy,160,10,-45,phase63(L1-G1),yaw160_pitch+010_roll-045,YES,20_pack (new render),bright/robust-easy-seed yaw145/150 pitch+10/+15
R4_bright_robust__yaw160_pitch+010,R4_bright_robust,R4_bright_robust,bright/robust-easy,160,10,-30,phase63(L1-G1),yaw160_pitch+010_roll-030,YES,20_pack (new render),bright/robust-easy-seed yaw145/150 pitch+10/+15
R4_bright_robust__yaw160_pitch+010,R4_bright_robust,R4_bright_robust,bright/robust-easy,160,10,-15,phase63(L1-G1),yaw160_pitch+010_roll-015,YES,20_pack (new render),bright/robust-easy-seed yaw145/150 pitch+10/+15
R4_bright_robust__yaw160_pitch+010,R4_bright_robust,R4_bright_robust,bright/robust-easy,160,10,0,phase63(L1-G1),yaw160_pitch+010_roll+000,NO,"01_fullrun (roll+000, 复用不重渲)",bright/robust-easy-seed yaw145/150 pitch+10/+15
R4_bright_robust__yaw160_pitch+010,R4_bright_robust,R4_bright_robust,bright/robust-easy,160,10,15,phase63(L1-G1),yaw160_pitch+010_roll+015,YES,20_pack (new render),bright/robust-easy-seed yaw145/150 pitch+10/+15
R4_bright_robust__yaw160_pitch+010,R4_bright_robust,R4_bright_robust,bright/robust-easy,160,10,30,phase63(L1-G1),yaw160_pitch+010_roll+030,YES,20_pack (new render),bright/robust-easy-seed yaw145/150 pitch+10/+15
R4_bright_robust__yaw160_pitch+010,R4_bright_robust,R4_bright_robust,bright/robust-easy,160,10,45,phase63(L1-G1),yaw160_pitch+010_roll+045,YES,20_pack (new render),bright/robust-easy-seed yaw145/150 pitch+10/+15
R4_bright_robust__yaw160_pitch+010,R4_bright_robust,R4_bright_robust,bright/robust-easy,160,10,60,phase63(L1-G1),yaw160_pitch+010_roll+060,YES,20_pack (new render),bright/robust-easy-seed yaw145/150 pitch+10/+15
R4_bright_robust__yaw160_pitch+015,R4_bright_robust,R4_bright_robust,bright/robust-easy,160,15,-60,phase63(L1-G1),yaw160_pitch+015_roll-060,YES,20_pack (new render),bright/robust-easy-seed yaw145/150 pitch+10/+15
R4_bright_robust__yaw160_pitch+015,R4_bright_robust,R4_bright_robust,bright/robust-easy,160,15,-45,phase63(L1-G1),yaw160_pitch+015_roll-045,YES,20_pack (new render),bright/robust-easy-seed yaw145/150 pitch+10/+15
R4_bright_robust__yaw160_pitch+015,R4_bright_robust,R4_bright_robust,bright/robust-easy,160,15,-30,phase63(L1-G1),yaw160_pitch+015_roll-030,YES,20_pack (new render),bright/robust-easy-seed yaw145/150 pitch+10/+15
R4_bright_robust__yaw160_pitch+015,R4_bright_robust,R4_bright_robust,bright/robust-easy,160,15,-15,phase63(L1-G1),yaw160_pitch+015_roll-015,YES,20_pack (new render),bright/robust-easy-seed yaw145/150 pitch+10/+15
R4_bright_robust__yaw160_pitch+015,R4_bright_robust,R4_bright_robust,bright/robust-easy,160,15,0,phase63(L1-G1),yaw160_pitch+015_roll+000,NO,"01_fullrun (roll+000, 复用不重渲)",bright/robust-easy-seed yaw145/150 pitch+10/+15
R4_bright_robust__yaw160_pitch+015,R4_bright_robust,R4_bright_robust,bright/robust-easy,160,15,15,phase63(L1-G1),yaw160_pitch+015_roll+015,YES,20_pack (new render),bright/robust-easy-seed yaw145/150 pitch+10/+15
R4_bright_robust__yaw160_pitch+015,R4_bright_robust,R4_bright_robust,bright/robust-easy,160,15,30,phase63(L1-G1),yaw160_pitch+015_roll+030,YES,20_pack (new render),bright/robust-easy-seed yaw145/150 pitch+10/+15
R4_bright_robust__yaw160_pitch+015,R4_bright_robust,R4_bright_robust,bright/robust-easy,160,15,45,phase63(L1-G1),yaw160_pitch+015_roll+045,YES,20_pack (new render),bright/robust-easy-seed yaw145/150 pitch+10/+15
R4_bright_robust__yaw160_pitch+015,R4_bright_robust,R4_bright_robust,bright/robust-easy,160,15,60,phase63(L1-G1),yaw160_pitch+015_roll+060,YES,20_pack (new render),bright/robust-easy-seed yaw145/150 pitch+10/+15
R4_bright_robust__yaw160_pitch+020,R4_bright_robust,R4_bright_robust,bright/robust-easy,160,20,-60,phase63(L1-G1),yaw160_pitch+020_roll-060,YES,20_pack (new render),bright/robust-easy-seed yaw145/150 pitch+10/+15
R4_bright_robust__yaw160_pitch+020,R4_bright_robust,R4_bright_robust,bright/robust-easy,160,20,-45,phase63(L1-G1),yaw160_pitch+020_roll-045,YES,20_pack (new render),bright/robust-easy-seed yaw145/150 pitch+10/+15
R4_bright_robust__yaw160_pitch+020,R4_bright_robust,R4_bright_robust,bright/robust-easy,160,20,-30,phase63(L1-G1),yaw160_pitch+020_roll-030,YES,20_pack (new render),bright/robust-easy-seed yaw145/150 pitch+10/+15
R4_bright_robust__yaw160_pitch+020,R4_bright_robust,R4_bright_robust,bright/robust-easy,160,20,-15,phase63(L1-G1),yaw160_pitch+020_roll-015,YES,20_pack (new render),bright/robust-easy-seed yaw145/150 pitch+10/+15
R4_bright_robust__yaw160_pitch+020,R4_bright_robust,R4_bright_robust,bright/robust-easy,160,20,0,phase63(L1-G1),yaw160_pitch+020_roll+000,NO,"01_fullrun (roll+000, 复用不重渲)",bright/robust-easy-seed yaw145/150 pitch+10/+15
R4_bright_robust__yaw160_pitch+020,R4_bright_robust,R4_bright_robust,bright/robust-easy,160,20,15,phase63(L1-G1),yaw160_pitch+020_roll+015,YES,20_pack (new render),bright/robust-easy-seed yaw145/150 pitch+10/+15
R4_bright_robust__yaw160_pitch+020,R4_bright_robust,R4_bright_robust,bright/robust-easy,160,20,30,phase63(L1-G1),yaw160_pitch+020_roll+030,YES,20_pack (new render),bright/robust-easy-seed yaw145/150 pitch+10/+15
R4_bright_robust__yaw160_pitch+020,R4_bright_robust,R4_bright_robust,bright/robust-easy,160,20,45,phase63(L1-G1),yaw160_pitch+020_roll+045,YES,20_pack (new render),bright/robust-easy-seed yaw145/150 pitch+10/+15
R4_bright_robust__yaw160_pitch+020,R4_bright_robust,R4_bright_robust,bright/robust-easy,160,20,60,phase63(L1-G1),yaw160_pitch+020_roll+060,YES,20_pack (new render),bright/robust-easy-seed yaw145/150 pitch+10/+15
R4_bright_robust__yaw160_pitch+025,R4_bright_robust,R4_bright_robust,bright/robust-easy,160,25,-60,phase63(L1-G1),yaw160_pitch+025_roll-060,YES,20_pack (new render),bright/robust-easy-seed yaw145/150 pitch+10/+15
R4_bright_robust__yaw160_pitch+025,R4_bright_robust,R4_bright_robust,bright/robust-easy,160,25,-45,phase63(L1-G1),yaw160_pitch+025_roll-045,YES,20_pack (new render),bright/robust-easy-seed yaw145/150 pitch+10/+15
R4_bright_robust__yaw160_pitch+025,R4_bright_robust,R4_bright_robust,bright/robust-easy,160,25,-30,phase63(L1-G1),yaw160_pitch+025_roll-030,YES,20_pack (new render),bright/robust-easy-seed yaw145/150 pitch+10/+15
R4_bright_robust__yaw160_pitch+025,R4_bright_robust,R4_bright_robust,bright/robust-easy,160,25,-15,phase63(L1-G1),yaw160_pitch+025_roll-015,YES,20_pack (new render),bright/robust-easy-seed yaw145/150 pitch+10/+15
R4_bright_robust__yaw160_pitch+025,R4_bright_robust,R4_bright_robust,bright/robust-easy,160,25,0,phase63(L1-G1),yaw160_pitch+025_roll+000,NO,"01_fullrun (roll+000, 复用不重渲)",bright/robust-easy-seed yaw145/150 pitch+10/+15
R4_bright_robust__yaw160_pitch+025,R4_bright_robust,R4_bright_robust,bright/robust-easy,160,25,15,phase63(L1-G1),yaw160_pitch+025_roll+015,YES,20_pack (new render),bright/robust-easy-seed yaw145/150 pitch+10/+15
R4_bright_robust__yaw160_pitch+025,R4_bright_robust,R4_bright_robust,bright/robust-easy,160,25,30,phase63(L1-G1),yaw160_pitch+025_roll+030,YES,20_pack (new render),bright/robust-easy-seed yaw145/150 pitch+10/+15
R4_bright_robust__yaw160_pitch+025,R4_bright_robust,R4_bright_robust,bright/robust-easy,160,25,45,phase63(L1-G1),yaw160_pitch+025_roll+045,YES,20_pack (new render),bright/robust-easy-seed yaw145/150 pitch+10/+15
R4_bright_robust__yaw160_pitch+025,R4_bright_robust,R4_bright_robust,bright/robust-easy,160,25,60,phase63(L1-G1),yaw160_pitch+025_roll+060,YES,20_pack (new render),bright/robust-easy-seed yaw145/150 pitch+10/+15
R5_neutral__yaw190_pitch-010,R5_neutral,R5_neutral,neutral-control,190,-10,-60,phase63(L1-G1),yaw190_pitch-010_roll-060,YES,20_pack (new render),fullrun 中等亮度/中等 contrast 背景对照
R5_neutral__yaw190_pitch-010,R5_neutral,R5_neutral,neutral-control,190,-10,-45,phase63(L1-G1),yaw190_pitch-010_roll-045,YES,20_pack (new render),fullrun 中等亮度/中等 contrast 背景对照
R5_neutral__yaw190_pitch-010,R5_neutral,R5_neutral,neutral-control,190,-10,-30,phase63(L1-G1),yaw190_pitch-010_roll-030,YES,20_pack (new render),fullrun 中等亮度/中等 contrast 背景对照
R5_neutral__yaw190_pitch-010,R5_neutral,R5_neutral,neutral-control,190,-10,-15,phase63(L1-G1),yaw190_pitch-010_roll-015,YES,20_pack (new render),fullrun 中等亮度/中等 contrast 背景对照
R5_neutral__yaw190_pitch-010,R5_neutral,R5_neutral,neutral-control,190,-10,0,phase63(L1-G1),yaw190_pitch-010_roll+000,NO,"01_fullrun (roll+000, 复用不重渲)",fullrun 中等亮度/中等 contrast 背景对照
R5_neutral__yaw190_pitch-010,R5_neutral,R5_neutral,neutral-control,190,-10,15,phase63(L1-G1),yaw190_pitch-010_roll+015,YES,20_pack (new render),fullrun 中等亮度/中等 contrast 背景对照
R5_neutral__yaw190_pitch-010,R5_neutral,R5_neutral,neutral-control,190,-10,30,phase63(L1-G1),yaw190_pitch-010_roll+030,YES,20_pack (new render),fullrun 中等亮度/中等 contrast 背景对照
R5_neutral__yaw190_pitch-010,R5_neutral,R5_neutral,neutral-control,190,-10,45,phase63(L1-G1),yaw190_pitch-010_roll+045,YES,20_pack (new render),fullrun 中等亮度/中等 contrast 背景对照
R5_neutral__yaw190_pitch-010,R5_neutral,R5_neutral,neutral-control,190,-10,60,phase63(L1-G1),yaw190_pitch-010_roll+060,YES,20_pack (new render),fullrun 中等亮度/中等 contrast 背景对照
R5_neutral__yaw190_pitch-005,R5_neutral,R5_neutral,neutral-control,190,-5,-60,phase63(L1-G1),yaw190_pitch-005_roll-060,YES,20_pack (new render),fullrun 中等亮度/中等 contrast 背景对照
R5_neutral__yaw190_pitch-005,R5_neutral,R5_neutral,neutral-control,190,-5,-45,phase63(L1-G1),yaw190_pitch-005_roll-045,YES,20_pack (new render),fullrun 中等亮度/中等 contrast 背景对照
R5_neutral__yaw190_pitch-005,R5_neutral,R5_neutral,neutral-control,190,-5,-30,phase63(L1-G1),yaw190_pitch-005_roll-030,YES,20_pack (new render),fullrun 中等亮度/中等 contrast 背景对照
R5_neutral__yaw190_pitch-005,R5_neutral,R5_neutral,neutral-control,190,-5,-15,phase63(L1-G1),yaw190_pitch-005_roll-015,YES,20_pack (new render),fullrun 中等亮度/中等 contrast 背景对照
R5_neutral__yaw190_pitch-005,R5_neutral,R5_neutral,neutral-control,190,-5,0,phase63(L1-G1),yaw190_pitch-005_roll+000,NO,"01_fullrun (roll+000, 复用不重渲)",fullrun 中等亮度/中等 contrast 背景对照
R5_neutral__yaw190_pitch-005,R5_neutral,R5_neutral,neutral-control,190,-5,15,phase63(L1-G1),yaw190_pitch-005_roll+015,YES,20_pack (new render),fullrun 中等亮度/中等 contrast 背景对照
R5_neutral__yaw190_pitch-005,R5_neutral,R5_neutral,neutral-control,190,-5,30,phase63(L1-G1),yaw190_pitch-005_roll+030,YES,20_pack (new render),fullrun 中等亮度/中等 contrast 背景对照
R5_neutral__yaw190_pitch-005,R5_neutral,R5_neutral,neutral-control,190,-5,45,phase63(L1-G1),yaw190_pitch-005_roll+045,YES,20_pack (new render),fullrun 中等亮度/中等 contrast 背景对照
R5_neutral__yaw190_pitch-005,R5_neutral,R5_neutral,neutral-control,190,-5,60,phase63(L1-G1),yaw190_pitch-005_roll+060,YES,20_pack (new render),fullrun 中等亮度/中等 contrast 背景对照
R5_neutral__yaw190_pitch+000,R5_neutral,R5_neutral,neutral-control,190,0,-60,phase63(L1-G1),yaw190_pitch+000_roll-060,YES,20_pack (new render),fullrun 中等亮度/中等 contrast 背景对照
R5_neutral__yaw190_pitch+000,R5_neutral,R5_neutral,neutral-control,190,0,-45,phase63(L1-G1),yaw190_pitch+000_roll-045,YES,20_pack (new render),fullrun 中等亮度/中等 contrast 背景对照
R5_neutral__yaw190_pitch+000,R5_neutral,R5_neutral,neutral-control,190,0,-30,phase63(L1-G1),yaw190_pitch+000_roll-030,YES,20_pack (new render),fullrun 中等亮度/中等 contrast 背景对照
R5_neutral__yaw190_pitch+000,R5_neutral,R5_neutral,neutral-control,190,0,-15,phase63(L1-G1),yaw190_pitch+000_roll-015,YES,20_pack (new render),fullrun 中等亮度/中等 contrast 背景对照
R5_neutral__yaw190_pitch+000,R5_neutral,R5_neutral,neutral-control,190,0,0,phase63(L1-G1),yaw190_pitch+000_roll+000,NO,"01_fullrun (roll+000, 复用不重渲)",fullrun 中等亮度/中等 contrast 背景对照
R5_neutral__yaw190_pitch+000,R5_neutral,R5_neutral,neutral-control,190,0,15,phase63(L1-G1),yaw190_pitch+000_roll+015,YES,20_pack (new render),fullrun 中等亮度/中等 contrast 背景对照
R5_neutral__yaw190_pitch+000,R5_neutral,R5_neutral,neutral-control,190,0,30,phase63(L1-G1),yaw190_pitch+000_roll+030,YES,20_pack (new render),fullrun 中等亮度/中等 contrast 背景对照
R5_neutral__yaw190_pitch+000,R5_neutral,R5_neutral,neutral-control,190,0,45,phase63(L1-G1),yaw190_pitch+000_roll+045,YES,20_pack (new render),fullrun 中等亮度/中等 contrast 背景对照
R5_neutral__yaw190_pitch+000,R5_neutral,R5_neutral,neutral-control,190,0,60,phase63(L1-G1),yaw190_pitch+000_roll+060,YES,20_pack (new render),fullrun 中等亮度/中等 contrast 背景对照
R5_neutral__yaw190_pitch+005,R5_neutral,R5_neutral,neutral-control,190,5,-60,phase63(L1-G1),yaw190_pitch+005_roll-060,YES,20_pack (new render),fullrun 中等亮度/中等 contrast 背景对照
R5_neutral__yaw190_pitch+005,R5_neutral,R5_neutral,neutral-control,190,5,-45,phase63(L1-G1),yaw190_pitch+005_roll-045,YES,20_pack (new render),fullrun 中等亮度/中等 contrast 背景对照
R5_neutral__yaw190_pitch+005,R5_neutral,R5_neutral,neutral-control,190,5,-30,phase63(L1-G1),yaw190_pitch+005_roll-030,YES,20_pack (new render),fullrun 中等亮度/中等 contrast 背景对照
R5_neutral__yaw190_pitch+005,R5_neutral,R5_neutral,neutral-control,190,5,-15,phase63(L1-G1),yaw190_pitch+005_roll-015,YES,20_pack (new render),fullrun 中等亮度/中等 contrast 背景对照
R5_neutral__yaw190_pitch+005,R5_neutral,R5_neutral,neutral-control,190,5,0,phase63(L1-G1),yaw190_pitch+005_roll+000,NO,"01_fullrun (roll+000, 复用不重渲)",fullrun 中等亮度/中等 contrast 背景对照
R5_neutral__yaw190_pitch+005,R5_neutral,R5_neutral,neutral-control,190,5,15,phase63(L1-G1),yaw190_pitch+005_roll+015,YES,20_pack (new render),fullrun 中等亮度/中等 contrast 背景对照
R5_neutral__yaw190_pitch+005,R5_neutral,R5_neutral,neutral-control,190,5,30,phase63(L1-G1),yaw190_pitch+005_roll+030,YES,20_pack (new render),fullrun 中等亮度/中等 contrast 背景对照
R5_neutral__yaw190_pitch+005,R5_neutral,R5_neutral,neutral-control,190,5,45,phase63(L1-G1),yaw190_pitch+005_roll+045,YES,20_pack (new render),fullrun 中等亮度/中等 contrast 背景对照
R5_neutral__yaw190_pitch+005,R5_neutral,R5_neutral,neutral-control,190,5,60,phase63(L1-G1),yaw190_pitch+005_roll+060,YES,20_pack (new render),fullrun 中等亮度/中等 contrast 背景对照
R5_neutral__yaw190_pitch+010,R5_neutral,R5_neutral,neutral-control,190,10,-60,phase63(L1-G1),yaw190_pitch+010_roll-060,YES,20_pack (new render),fullrun 中等亮度/中等 contrast 背景对照
R5_neutral__yaw190_pitch+010,R5_neutral,R5_neutral,neutral-control,190,10,-45,phase63(L1-G1),yaw190_pitch+010_roll-045,YES,20_pack (new render),fullrun 中等亮度/中等 contrast 背景对照
R5_neutral__yaw190_pitch+010,R5_neutral,R5_neutral,neutral-control,190,10,-30,phase63(L1-G1),yaw190_pitch+010_roll-030,YES,20_pack (new render),fullrun 中等亮度/中等 contrast 背景对照
R5_neutral__yaw190_pitch+010,R5_neutral,R5_neutral,neutral-control,190,10,-15,phase63(L1-G1),yaw190_pitch+010_roll-015,YES,20_pack (new render),fullrun 中等亮度/中等 contrast 背景对照
R5_neutral__yaw190_pitch+010,R5_neutral,R5_neutral,neutral-control,190,10,0,phase63(L1-G1),yaw190_pitch+010_roll+000,NO,"01_fullrun (roll+000, 复用不重渲)",fullrun 中等亮度/中等 contrast 背景对照
R5_neutral__yaw190_pitch+010,R5_neutral,R5_neutral,neutral-control,190,10,15,phase63(L1-G1),yaw190_pitch+010_roll+015,YES,20_pack (new render),fullrun 中等亮度/中等 contrast 背景对照
R5_neutral__yaw190_pitch+010,R5_neutral,R5_neutral,neutral-control,190,10,30,phase63(L1-G1),yaw190_pitch+010_roll+030,YES,20_pack (new render),fullrun 中等亮度/中等 contrast 背景对照
R5_neutral__yaw190_pitch+010,R5_neutral,R5_neutral,neutral-control,190,10,45,phase63(L1-G1),yaw190_pitch+010_roll+045,YES,20_pack (new render),fullrun 中等亮度/中等 contrast 背景对照
R5_neutral__yaw190_pitch+010,R5_neutral,R5_neutral,neutral-control,190,10,60,phase63(L1-G1),yaw190_pitch+010_roll+060,YES,20_pack (new render),fullrun 中等亮度/中等 contrast 背景对照
R5_neutral__yaw195_pitch-010,R5_neutral,R5_neutral,neutral-control,195,-10,-60,phase63(L1-G1),yaw195_pitch-010_roll-060,YES,20_pack (new render),fullrun 中等亮度/中等 contrast 背景对照
R5_neutral__yaw195_pitch-010,R5_neutral,R5_neutral,neutral-control,195,-10,-45,phase63(L1-G1),yaw195_pitch-010_roll-045,YES,20_pack (new render),fullrun 中等亮度/中等 contrast 背景对照
R5_neutral__yaw195_pitch-010,R5_neutral,R5_neutral,neutral-control,195,-10,-30,phase63(L1-G1),yaw195_pitch-010_roll-030,YES,20_pack (new render),fullrun 中等亮度/中等 contrast 背景对照
R5_neutral__yaw195_pitch-010,R5_neutral,R5_neutral,neutral-control,195,-10,-15,phase63(L1-G1),yaw195_pitch-010_roll-015,YES,20_pack (new render),fullrun 中等亮度/中等 contrast 背景对照
R5_neutral__yaw195_pitch-010,R5_neutral,R5_neutral,neutral-control,195,-10,0,phase63(L1-G1),yaw195_pitch-010_roll+000,NO,"01_fullrun (roll+000, 复用不重渲)",fullrun 中等亮度/中等 contrast 背景对照
R5_neutral__yaw195_pitch-010,R5_neutral,R5_neutral,neutral-control,195,-10,15,phase63(L1-G1),yaw195_pitch-010_roll+015,YES,20_pack (new render),fullrun 中等亮度/中等 contrast 背景对照
R5_neutral__yaw195_pitch-010,R5_neutral,R5_neutral,neutral-control,195,-10,30,phase63(L1-G1),yaw195_pitch-010_roll+030,YES,20_pack (new render),fullrun 中等亮度/中等 contrast 背景对照
R5_neutral__yaw195_pitch-010,R5_neutral,R5_neutral,neutral-control,195,-10,45,phase63(L1-G1),yaw195_pitch-010_roll+045,YES,20_pack (new render),fullrun 中等亮度/中等 contrast 背景对照
R5_neutral__yaw195_pitch-010,R5_neutral,R5_neutral,neutral-control,195,-10,60,phase63(L1-G1),yaw195_pitch-010_roll+060,YES,20_pack (new render),fullrun 中等亮度/中等 contrast 背景对照
R5_neutral__yaw195_pitch-005,R5_neutral,R5_neutral,neutral-control,195,-5,-60,phase63(L1-G1),yaw195_pitch-005_roll-060,YES,20_pack (new render),fullrun 中等亮度/中等 contrast 背景对照
R5_neutral__yaw195_pitch-005,R5_neutral,R5_neutral,neutral-control,195,-5,-45,phase63(L1-G1),yaw195_pitch-005_roll-045,YES,20_pack (new render),fullrun 中等亮度/中等 contrast 背景对照
R5_neutral__yaw195_pitch-005,R5_neutral,R5_neutral,neutral-control,195,-5,-30,phase63(L1-G1),yaw195_pitch-005_roll-030,YES,20_pack (new render),fullrun 中等亮度/中等 contrast 背景对照
R5_neutral__yaw195_pitch-005,R5_neutral,R5_neutral,neutral-control,195,-5,-15,phase63(L1-G1),yaw195_pitch-005_roll-015,YES,20_pack (new render),fullrun 中等亮度/中等 contrast 背景对照
R5_neutral__yaw195_pitch-005,R5_neutral,R5_neutral,neutral-control,195,-5,0,phase63(L1-G1),yaw195_pitch-005_roll+000,NO,"01_fullrun (roll+000, 复用不重渲)",fullrun 中等亮度/中等 contrast 背景对照
R5_neutral__yaw195_pitch-005,R5_neutral,R5_neutral,neutral-control,195,-5,15,phase63(L1-G1),yaw195_pitch-005_roll+015,YES,20_pack (new render),fullrun 中等亮度/中等 contrast 背景对照
R5_neutral__yaw195_pitch-005,R5_neutral,R5_neutral,neutral-control,195,-5,30,phase63(L1-G1),yaw195_pitch-005_roll+030,YES,20_pack (new render),fullrun 中等亮度/中等 contrast 背景对照
R5_neutral__yaw195_pitch-005,R5_neutral,R5_neutral,neutral-control,195,-5,45,phase63(L1-G1),yaw195_pitch-005_roll+045,YES,20_pack (new render),fullrun 中等亮度/中等 contrast 背景对照
R5_neutral__yaw195_pitch-005,R5_neutral,R5_neutral,neutral-control,195,-5,60,phase63(L1-G1),yaw195_pitch-005_roll+060,YES,20_pack (new render),fullrun 中等亮度/中等 contrast 背景对照
R5_neutral__yaw195_pitch+000,R5_neutral,R5_neutral,neutral-control,195,0,-60,phase63(L1-G1),yaw195_pitch+000_roll-060,YES,20_pack (new render),fullrun 中等亮度/中等 contrast 背景对照
R5_neutral__yaw195_pitch+000,R5_neutral,R5_neutral,neutral-control,195,0,-45,phase63(L1-G1),yaw195_pitch+000_roll-045,YES,20_pack (new render),fullrun 中等亮度/中等 contrast 背景对照
R5_neutral__yaw195_pitch+000,R5_neutral,R5_neutral,neutral-control,195,0,-30,phase63(L1-G1),yaw195_pitch+000_roll-030,YES,20_pack (new render),fullrun 中等亮度/中等 contrast 背景对照
R5_neutral__yaw195_pitch+000,R5_neutral,R5_neutral,neutral-control,195,0,-15,phase63(L1-G1),yaw195_pitch+000_roll-015,YES,20_pack (new render),fullrun 中等亮度/中等 contrast 背景对照
R5_neutral__yaw195_pitch+000,R5_neutral,R5_neutral,neutral-control,195,0,0,phase63(L1-G1),yaw195_pitch+000_roll+000,NO,"01_fullrun (roll+000, 复用不重渲)",fullrun 中等亮度/中等 contrast 背景对照
R5_neutral__yaw195_pitch+000,R5_neutral,R5_neutral,neutral-control,195,0,15,phase63(L1-G1),yaw195_pitch+000_roll+015,YES,20_pack (new render),fullrun 中等亮度/中等 contrast 背景对照
R5_neutral__yaw195_pitch+000,R5_neutral,R5_neutral,neutral-control,195,0,30,phase63(L1-G1),yaw195_pitch+000_roll+030,YES,20_pack (new render),fullrun 中等亮度/中等 contrast 背景对照
R5_neutral__yaw195_pitch+000,R5_neutral,R5_neutral,neutral-control,195,0,45,phase63(L1-G1),yaw195_pitch+000_roll+045,YES,20_pack (new render),fullrun 中等亮度/中等 contrast 背景对照
R5_neutral__yaw195_pitch+000,R5_neutral,R5_neutral,neutral-control,195,0,60,phase63(L1-G1),yaw195_pitch+000_roll+060,YES,20_pack (new render),fullrun 中等亮度/中等 contrast 背景对照
R5_neutral__yaw195_pitch+005,R5_neutral,R5_neutral,neutral-control,195,5,-60,phase63(L1-G1),yaw195_pitch+005_roll-060,YES,20_pack (new render),fullrun 中等亮度/中等 contrast 背景对照
R5_neutral__yaw195_pitch+005,R5_neutral,R5_neutral,neutral-control,195,5,-45,phase63(L1-G1),yaw195_pitch+005_roll-045,YES,20_pack (new render),fullrun 中等亮度/中等 contrast 背景对照
R5_neutral__yaw195_pitch+005,R5_neutral,R5_neutral,neutral-control,195,5,-30,phase63(L1-G1),yaw195_pitch+005_roll-030,YES,20_pack (new render),fullrun 中等亮度/中等 contrast 背景对照
R5_neutral__yaw195_pitch+005,R5_neutral,R5_neutral,neutral-control,195,5,-15,phase63(L1-G1),yaw195_pitch+005_roll-015,YES,20_pack (new render),fullrun 中等亮度/中等 contrast 背景对照
R5_neutral__yaw195_pitch+005,R5_neutral,R5_neutral,neutral-control,195,5,0,phase63(L1-G1),yaw195_pitch+005_roll+000,NO,"01_fullrun (roll+000, 复用不重渲)",fullrun 中等亮度/中等 contrast 背景对照
R5_neutral__yaw195_pitch+005,R5_neutral,R5_neutral,neutral-control,195,5,15,phase63(L1-G1),yaw195_pitch+005_roll+015,YES,20_pack (new render),fullrun 中等亮度/中等 contrast 背景对照
R5_neutral__yaw195_pitch+005,R5_neutral,R5_neutral,neutral-control,195,5,30,phase63(L1-G1),yaw195_pitch+005_roll+030,YES,20_pack (new render),fullrun 中等亮度/中等 contrast 背景对照
R5_neutral__yaw195_pitch+005,R5_neutral,R5_neutral,neutral-control,195,5,45,phase63(L1-G1),yaw195_pitch+005_roll+045,YES,20_pack (new render),fullrun 中等亮度/中等 contrast 背景对照
R5_neutral__yaw195_pitch+005,R5_neutral,R5_neutral,neutral-control,195,5,60,phase63(L1-G1),yaw195_pitch+005_roll+060,YES,20_pack (new render),fullrun 中等亮度/中等 contrast 背景对照
R5_neutral__yaw195_pitch+010,R5_neutral,R5_neutral,neutral-control,195,10,-60,phase63(L1-G1),yaw195_pitch+010_roll-060,YES,20_pack (new render),fullrun 中等亮度/中等 contrast 背景对照
R5_neutral__yaw195_pitch+010,R5_neutral,R5_neutral,neutral-control,195,10,-45,phase63(L1-G1),yaw195_pitch+010_roll-045,YES,20_pack (new render),fullrun 中等亮度/中等 contrast 背景对照
R5_neutral__yaw195_pitch+010,R5_neutral,R5_neutral,neutral-control,195,10,-30,phase63(L1-G1),yaw195_pitch+010_roll-030,YES,20_pack (new render),fullrun 中等亮度/中等 contrast 背景对照
R5_neutral__yaw195_pitch+010,R5_neutral,R5_neutral,neutral-control,195,10,-15,phase63(L1-G1),yaw195_pitch+010_roll-015,YES,20_pack (new render),fullrun 中等亮度/中等 contrast 背景对照
R5_neutral__yaw195_pitch+010,R5_neutral,R5_neutral,neutral-control,195,10,0,phase63(L1-G1),yaw195_pitch+010_roll+000,NO,"01_fullrun (roll+000, 复用不重渲)",fullrun 中等亮度/中等 contrast 背景对照
R5_neutral__yaw195_pitch+010,R5_neutral,R5_neutral,neutral-control,195,10,15,phase63(L1-G1),yaw195_pitch+010_roll+015,YES,20_pack (new render),fullrun 中等亮度/中等 contrast 背景对照
R5_neutral__yaw195_pitch+010,R5_neutral,R5_neutral,neutral-control,195,10,30,phase63(L1-G1),yaw195_pitch+010_roll+030,YES,20_pack (new render),fullrun 中等亮度/中等 contrast 背景对照
R5_neutral__yaw195_pitch+010,R5_neutral,R5_neutral,neutral-control,195,10,45,phase63(L1-G1),yaw195_pitch+010_roll+045,YES,20_pack (new render),fullrun 中等亮度/中等 contrast 背景对照
R5_neutral__yaw195_pitch+010,R5_neutral,R5_neutral,neutral-control,195,10,60,phase63(L1-G1),yaw195_pitch+010_roll+060,YES,20_pack (new render),fullrun 中等亮度/中等 contrast 背景对照
R5_neutral__yaw200_pitch-010,R5_neutral,R5_neutral,neutral-control,200,-10,-60,phase63(L1-G1),yaw200_pitch-010_roll-060,YES,20_pack (new render),fullrun 中等亮度/中等 contrast 背景对照
R5_neutral__yaw200_pitch-010,R5_neutral,R5_neutral,neutral-control,200,-10,-45,phase63(L1-G1),yaw200_pitch-010_roll-045,YES,20_pack (new render),fullrun 中等亮度/中等 contrast 背景对照
R5_neutral__yaw200_pitch-010,R5_neutral,R5_neutral,neutral-control,200,-10,-30,phase63(L1-G1),yaw200_pitch-010_roll-030,YES,20_pack (new render),fullrun 中等亮度/中等 contrast 背景对照
R5_neutral__yaw200_pitch-010,R5_neutral,R5_neutral,neutral-control,200,-10,-15,phase63(L1-G1),yaw200_pitch-010_roll-015,YES,20_pack (new render),fullrun 中等亮度/中等 contrast 背景对照
R5_neutral__yaw200_pitch-010,R5_neutral,R5_neutral,neutral-control,200,-10,0,phase63(L1-G1),yaw200_pitch-010_roll+000,NO,"01_fullrun (roll+000, 复用不重渲)",fullrun 中等亮度/中等 contrast 背景对照
R5_neutral__yaw200_pitch-010,R5_neutral,R5_neutral,neutral-control,200,-10,15,phase63(L1-G1),yaw200_pitch-010_roll+015,YES,20_pack (new render),fullrun 中等亮度/中等 contrast 背景对照
R5_neutral__yaw200_pitch-010,R5_neutral,R5_neutral,neutral-control,200,-10,30,phase63(L1-G1),yaw200_pitch-010_roll+030,YES,20_pack (new render),fullrun 中等亮度/中等 contrast 背景对照
R5_neutral__yaw200_pitch-010,R5_neutral,R5_neutral,neutral-control,200,-10,45,phase63(L1-G1),yaw200_pitch-010_roll+045,YES,20_pack (new render),fullrun 中等亮度/中等 contrast 背景对照
R5_neutral__yaw200_pitch-010,R5_neutral,R5_neutral,neutral-control,200,-10,60,phase63(L1-G1),yaw200_pitch-010_roll+060,YES,20_pack (new render),fullrun 中等亮度/中等 contrast 背景对照
R5_neutral__yaw200_pitch-005,R5_neutral,R5_neutral,neutral-control,200,-5,-60,phase63(L1-G1),yaw200_pitch-005_roll-060,YES,20_pack (new render),fullrun 中等亮度/中等 contrast 背景对照
R5_neutral__yaw200_pitch-005,R5_neutral,R5_neutral,neutral-control,200,-5,-45,phase63(L1-G1),yaw200_pitch-005_roll-045,YES,20_pack (new render),fullrun 中等亮度/中等 contrast 背景对照
R5_neutral__yaw200_pitch-005,R5_neutral,R5_neutral,neutral-control,200,-5,-30,phase63(L1-G1),yaw200_pitch-005_roll-030,YES,20_pack (new render),fullrun 中等亮度/中等 contrast 背景对照
R5_neutral__yaw200_pitch-005,R5_neutral,R5_neutral,neutral-control,200,-5,-15,phase63(L1-G1),yaw200_pitch-005_roll-015,YES,20_pack (new render),fullrun 中等亮度/中等 contrast 背景对照
R5_neutral__yaw200_pitch-005,R5_neutral,R5_neutral,neutral-control,200,-5,0,phase63(L1-G1),yaw200_pitch-005_roll+000,NO,"01_fullrun (roll+000, 复用不重渲)",fullrun 中等亮度/中等 contrast 背景对照
R5_neutral__yaw200_pitch-005,R5_neutral,R5_neutral,neutral-control,200,-5,15,phase63(L1-G1),yaw200_pitch-005_roll+015,YES,20_pack (new render),fullrun 中等亮度/中等 contrast 背景对照
R5_neutral__yaw200_pitch-005,R5_neutral,R5_neutral,neutral-control,200,-5,30,phase63(L1-G1),yaw200_pitch-005_roll+030,YES,20_pack (new render),fullrun 中等亮度/中等 contrast 背景对照
R5_neutral__yaw200_pitch-005,R5_neutral,R5_neutral,neutral-control,200,-5,45,phase63(L1-G1),yaw200_pitch-005_roll+045,YES,20_pack (new render),fullrun 中等亮度/中等 contrast 背景对照
R5_neutral__yaw200_pitch-005,R5_neutral,R5_neutral,neutral-control,200,-5,60,phase63(L1-G1),yaw200_pitch-005_roll+060,YES,20_pack (new render),fullrun 中等亮度/中等 contrast 背景对照
R5_neutral__yaw200_pitch+000,R5_neutral,R5_neutral,neutral-control,200,0,-60,phase63(L1-G1),yaw200_pitch+000_roll-060,YES,20_pack (new render),fullrun 中等亮度/中等 contrast 背景对照
R5_neutral__yaw200_pitch+000,R5_neutral,R5_neutral,neutral-control,200,0,-45,phase63(L1-G1),yaw200_pitch+000_roll-045,YES,20_pack (new render),fullrun 中等亮度/中等 contrast 背景对照
R5_neutral__yaw200_pitch+000,R5_neutral,R5_neutral,neutral-control,200,0,-30,phase63(L1-G1),yaw200_pitch+000_roll-030,YES,20_pack (new render),fullrun 中等亮度/中等 contrast 背景对照
R5_neutral__yaw200_pitch+000,R5_neutral,R5_neutral,neutral-control,200,0,-15,phase63(L1-G1),yaw200_pitch+000_roll-015,YES,20_pack (new render),fullrun 中等亮度/中等 contrast 背景对照
R5_neutral__yaw200_pitch+000,R5_neutral,R5_neutral,neutral-control,200,0,0,phase63(L1-G1),yaw200_pitch+000_roll+000,NO,"01_fullrun (roll+000, 复用不重渲)",fullrun 中等亮度/中等 contrast 背景对照
R5_neutral__yaw200_pitch+000,R5_neutral,R5_neutral,neutral-control,200,0,15,phase63(L1-G1),yaw200_pitch+000_roll+015,YES,20_pack (new render),fullrun 中等亮度/中等 contrast 背景对照
R5_neutral__yaw200_pitch+000,R5_neutral,R5_neutral,neutral-control,200,0,30,phase63(L1-G1),yaw200_pitch+000_roll+030,YES,20_pack (new render),fullrun 中等亮度/中等 contrast 背景对照
R5_neutral__yaw200_pitch+000,R5_neutral,R5_neutral,neutral-control,200,0,45,phase63(L1-G1),yaw200_pitch+000_roll+045,YES,20_pack (new render),fullrun 中等亮度/中等 contrast 背景对照
R5_neutral__yaw200_pitch+000,R5_neutral,R5_neutral,neutral-control,200,0,60,phase63(L1-G1),yaw200_pitch+000_roll+060,YES,20_pack (new render),fullrun 中等亮度/中等 contrast 背景对照
R5_neutral__yaw200_pitch+005,R5_neutral,R5_neutral,neutral-control,200,5,-60,phase63(L1-G1),yaw200_pitch+005_roll-060,YES,20_pack (new render),fullrun 中等亮度/中等 contrast 背景对照
R5_neutral__yaw200_pitch+005,R5_neutral,R5_neutral,neutral-control,200,5,-45,phase63(L1-G1),yaw200_pitch+005_roll-045,YES,20_pack (new render),fullrun 中等亮度/中等 contrast 背景对照
R5_neutral__yaw200_pitch+005,R5_neutral,R5_neutral,neutral-control,200,5,-30,phase63(L1-G1),yaw200_pitch+005_roll-030,YES,20_pack (new render),fullrun 中等亮度/中等 contrast 背景对照
R5_neutral__yaw200_pitch+005,R5_neutral,R5_neutral,neutral-control,200,5,-15,phase63(L1-G1),yaw200_pitch+005_roll-015,YES,20_pack (new render),fullrun 中等亮度/中等 contrast 背景对照
R5_neutral__yaw200_pitch+005,R5_neutral,R5_neutral,neutral-control,200,5,0,phase63(L1-G1),yaw200_pitch+005_roll+000,NO,"01_fullrun (roll+000, 复用不重渲)",fullrun 中等亮度/中等 contrast 背景对照
R5_neutral__yaw200_pitch+005,R5_neutral,R5_neutral,neutral-control,200,5,15,phase63(L1-G1),yaw200_pitch+005_roll+015,YES,20_pack (new render),fullrun 中等亮度/中等 contrast 背景对照
R5_neutral__yaw200_pitch+005,R5_neutral,R5_neutral,neutral-control,200,5,30,phase63(L1-G1),yaw200_pitch+005_roll+030,YES,20_pack (new render),fullrun 中等亮度/中等 contrast 背景对照
R5_neutral__yaw200_pitch+005,R5_neutral,R5_neutral,neutral-control,200,5,45,phase63(L1-G1),yaw200_pitch+005_roll+045,YES,20_pack (new render),fullrun 中等亮度/中等 contrast 背景对照
R5_neutral__yaw200_pitch+005,R5_neutral,R5_neutral,neutral-control,200,5,60,phase63(L1-G1),yaw200_pitch+005_roll+060,YES,20_pack (new render),fullrun 中等亮度/中等 contrast 背景对照
R5_neutral__yaw200_pitch+010,R5_neutral,R5_neutral,neutral-control,200,10,-60,phase63(L1-G1),yaw200_pitch+010_roll-060,YES,20_pack (new render),fullrun 中等亮度/中等 contrast 背景对照
R5_neutral__yaw200_pitch+010,R5_neutral,R5_neutral,neutral-control,200,10,-45,phase63(L1-G1),yaw200_pitch+010_roll-045,YES,20_pack (new render),fullrun 中等亮度/中等 contrast 背景对照
R5_neutral__yaw200_pitch+010,R5_neutral,R5_neutral,neutral-control,200,10,-30,phase63(L1-G1),yaw200_pitch+010_roll-030,YES,20_pack (new render),fullrun 中等亮度/中等 contrast 背景对照
R5_neutral__yaw200_pitch+010,R5_neutral,R5_neutral,neutral-control,200,10,-15,phase63(L1-G1),yaw200_pitch+010_roll-015,YES,20_pack (new render),fullrun 中等亮度/中等 contrast 背景对照
R5_neutral__yaw200_pitch+010,R5_neutral,R5_neutral,neutral-control,200,10,0,phase63(L1-G1),yaw200_pitch+010_roll+000,NO,"01_fullrun (roll+000, 复用不重渲)",fullrun 中等亮度/中等 contrast 背景对照
R5_neutral__yaw200_pitch+010,R5_neutral,R5_neutral,neutral-control,200,10,15,phase63(L1-G1),yaw200_pitch+010_roll+015,YES,20_pack (new render),fullrun 中等亮度/中等 contrast 背景对照
R5_neutral__yaw200_pitch+010,R5_neutral,R5_neutral,neutral-control,200,10,30,phase63(L1-G1),yaw200_pitch+010_roll+030,YES,20_pack (new render),fullrun 中等亮度/中等 contrast 背景对照
R5_neutral__yaw200_pitch+010,R5_neutral,R5_neutral,neutral-control,200,10,45,phase63(L1-G1),yaw200_pitch+010_roll+045,YES,20_pack (new render),fullrun 中等亮度/中等 contrast 背景对照
R5_neutral__yaw200_pitch+010,R5_neutral,R5_neutral,neutral-control,200,10,60,phase63(L1-G1),yaw200_pitch+010_roll+060,YES,20_pack (new render),fullrun 中等亮度/中等 contrast 背景对照
R5_neutral__yaw205_pitch-010,R5_neutral,R5_neutral,neutral-control,205,-10,-60,phase63(L1-G1),yaw205_pitch-010_roll-060,YES,20_pack (new render),fullrun 中等亮度/中等 contrast 背景对照
R5_neutral__yaw205_pitch-010,R5_neutral,R5_neutral,neutral-control,205,-10,-45,phase63(L1-G1),yaw205_pitch-010_roll-045,YES,20_pack (new render),fullrun 中等亮度/中等 contrast 背景对照
R5_neutral__yaw205_pitch-010,R5_neutral,R5_neutral,neutral-control,205,-10,-30,phase63(L1-G1),yaw205_pitch-010_roll-030,YES,20_pack (new render),fullrun 中等亮度/中等 contrast 背景对照
R5_neutral__yaw205_pitch-010,R5_neutral,R5_neutral,neutral-control,205,-10,-15,phase63(L1-G1),yaw205_pitch-010_roll-015,YES,20_pack (new render),fullrun 中等亮度/中等 contrast 背景对照
R5_neutral__yaw205_pitch-010,R5_neutral,R5_neutral,neutral-control,205,-10,0,phase63(L1-G1),yaw205_pitch-010_roll+000,NO,"01_fullrun (roll+000, 复用不重渲)",fullrun 中等亮度/中等 contrast 背景对照
R5_neutral__yaw205_pitch-010,R5_neutral,R5_neutral,neutral-control,205,-10,15,phase63(L1-G1),yaw205_pitch-010_roll+015,YES,20_pack (new render),fullrun 中等亮度/中等 contrast 背景对照
R5_neutral__yaw205_pitch-010,R5_neutral,R5_neutral,neutral-control,205,-10,30,phase63(L1-G1),yaw205_pitch-010_roll+030,YES,20_pack (new render),fullrun 中等亮度/中等 contrast 背景对照
R5_neutral__yaw205_pitch-010,R5_neutral,R5_neutral,neutral-control,205,-10,45,phase63(L1-G1),yaw205_pitch-010_roll+045,YES,20_pack (new render),fullrun 中等亮度/中等 contrast 背景对照
R5_neutral__yaw205_pitch-010,R5_neutral,R5_neutral,neutral-control,205,-10,60,phase63(L1-G1),yaw205_pitch-010_roll+060,YES,20_pack (new render),fullrun 中等亮度/中等 contrast 背景对照
R5_neutral__yaw205_pitch-005,R5_neutral,R5_neutral,neutral-control,205,-5,-60,phase63(L1-G1),yaw205_pitch-005_roll-060,YES,20_pack (new render),fullrun 中等亮度/中等 contrast 背景对照
R5_neutral__yaw205_pitch-005,R5_neutral,R5_neutral,neutral-control,205,-5,-45,phase63(L1-G1),yaw205_pitch-005_roll-045,YES,20_pack (new render),fullrun 中等亮度/中等 contrast 背景对照
R5_neutral__yaw205_pitch-005,R5_neutral,R5_neutral,neutral-control,205,-5,-30,phase63(L1-G1),yaw205_pitch-005_roll-030,YES,20_pack (new render),fullrun 中等亮度/中等 contrast 背景对照
R5_neutral__yaw205_pitch-005,R5_neutral,R5_neutral,neutral-control,205,-5,-15,phase63(L1-G1),yaw205_pitch-005_roll-015,YES,20_pack (new render),fullrun 中等亮度/中等 contrast 背景对照
R5_neutral__yaw205_pitch-005,R5_neutral,R5_neutral,neutral-control,205,-5,0,phase63(L1-G1),yaw205_pitch-005_roll+000,NO,"01_fullrun (roll+000, 复用不重渲)",fullrun 中等亮度/中等 contrast 背景对照
R5_neutral__yaw205_pitch-005,R5_neutral,R5_neutral,neutral-control,205,-5,15,phase63(L1-G1),yaw205_pitch-005_roll+015,YES,20_pack (new render),fullrun 中等亮度/中等 contrast 背景对照
R5_neutral__yaw205_pitch-005,R5_neutral,R5_neutral,neutral-control,205,-5,30,phase63(L1-G1),yaw205_pitch-005_roll+030,YES,20_pack (new render),fullrun 中等亮度/中等 contrast 背景对照
R5_neutral__yaw205_pitch-005,R5_neutral,R5_neutral,neutral-control,205,-5,45,phase63(L1-G1),yaw205_pitch-005_roll+045,YES,20_pack (new render),fullrun 中等亮度/中等 contrast 背景对照
R5_neutral__yaw205_pitch-005,R5_neutral,R5_neutral,neutral-control,205,-5,60,phase63(L1-G1),yaw205_pitch-005_roll+060,YES,20_pack (new render),fullrun 中等亮度/中等 contrast 背景对照
R5_neutral__yaw205_pitch+000,R5_neutral,R5_neutral,neutral-control,205,0,-60,phase63(L1-G1),yaw205_pitch+000_roll-060,YES,20_pack (new render),fullrun 中等亮度/中等 contrast 背景对照
R5_neutral__yaw205_pitch+000,R5_neutral,R5_neutral,neutral-control,205,0,-45,phase63(L1-G1),yaw205_pitch+000_roll-045,YES,20_pack (new render),fullrun 中等亮度/中等 contrast 背景对照
R5_neutral__yaw205_pitch+000,R5_neutral,R5_neutral,neutral-control,205,0,-30,phase63(L1-G1),yaw205_pitch+000_roll-030,YES,20_pack (new render),fullrun 中等亮度/中等 contrast 背景对照
R5_neutral__yaw205_pitch+000,R5_neutral,R5_neutral,neutral-control,205,0,-15,phase63(L1-G1),yaw205_pitch+000_roll-015,YES,20_pack (new render),fullrun 中等亮度/中等 contrast 背景对照
R5_neutral__yaw205_pitch+000,R5_neutral,R5_neutral,neutral-control,205,0,0,phase63(L1-G1),yaw205_pitch+000_roll+000,NO,"01_fullrun (roll+000, 复用不重渲)",fullrun 中等亮度/中等 contrast 背景对照
R5_neutral__yaw205_pitch+000,R5_neutral,R5_neutral,neutral-control,205,0,15,phase63(L1-G1),yaw205_pitch+000_roll+015,YES,20_pack (new render),fullrun 中等亮度/中等 contrast 背景对照
R5_neutral__yaw205_pitch+000,R5_neutral,R5_neutral,neutral-control,205,0,30,phase63(L1-G1),yaw205_pitch+000_roll+030,YES,20_pack (new render),fullrun 中等亮度/中等 contrast 背景对照
R5_neutral__yaw205_pitch+000,R5_neutral,R5_neutral,neutral-control,205,0,45,phase63(L1-G1),yaw205_pitch+000_roll+045,YES,20_pack (new render),fullrun 中等亮度/中等 contrast 背景对照
R5_neutral__yaw205_pitch+000,R5_neutral,R5_neutral,neutral-control,205,0,60,phase63(L1-G1),yaw205_pitch+000_roll+060,YES,20_pack (new render),fullrun 中等亮度/中等 contrast 背景对照
R5_neutral__yaw205_pitch+005,R5_neutral,R5_neutral,neutral-control,205,5,-60,phase63(L1-G1),yaw205_pitch+005_roll-060,YES,20_pack (new render),fullrun 中等亮度/中等 contrast 背景对照
R5_neutral__yaw205_pitch+005,R5_neutral,R5_neutral,neutral-control,205,5,-45,phase63(L1-G1),yaw205_pitch+005_roll-045,YES,20_pack (new render),fullrun 中等亮度/中等 contrast 背景对照
R5_neutral__yaw205_pitch+005,R5_neutral,R5_neutral,neutral-control,205,5,-30,phase63(L1-G1),yaw205_pitch+005_roll-030,YES,20_pack (new render),fullrun 中等亮度/中等 contrast 背景对照
R5_neutral__yaw205_pitch+005,R5_neutral,R5_neutral,neutral-control,205,5,-15,phase63(L1-G1),yaw205_pitch+005_roll-015,YES,20_pack (new render),fullrun 中等亮度/中等 contrast 背景对照
R5_neutral__yaw205_pitch+005,R5_neutral,R5_neutral,neutral-control,205,5,0,phase63(L1-G1),yaw205_pitch+005_roll+000,NO,"01_fullrun (roll+000, 复用不重渲)",fullrun 中等亮度/中等 contrast 背景对照
R5_neutral__yaw205_pitch+005,R5_neutral,R5_neutral,neutral-control,205,5,15,phase63(L1-G1),yaw205_pitch+005_roll+015,YES,20_pack (new render),fullrun 中等亮度/中等 contrast 背景对照
R5_neutral__yaw205_pitch+005,R5_neutral,R5_neutral,neutral-control,205,5,30,phase63(L1-G1),yaw205_pitch+005_roll+030,YES,20_pack (new render),fullrun 中等亮度/中等 contrast 背景对照
R5_neutral__yaw205_pitch+005,R5_neutral,R5_neutral,neutral-control,205,5,45,phase63(L1-G1),yaw205_pitch+005_roll+045,YES,20_pack (new render),fullrun 中等亮度/中等 contrast 背景对照
R5_neutral__yaw205_pitch+005,R5_neutral,R5_neutral,neutral-control,205,5,60,phase63(L1-G1),yaw205_pitch+005_roll+060,YES,20_pack (new render),fullrun 中等亮度/中等 contrast 背景对照
R5_neutral__yaw205_pitch+010,R5_neutral,R5_neutral,neutral-control,205,10,-60,phase63(L1-G1),yaw205_pitch+010_roll-060,YES,20_pack (new render),fullrun 中等亮度/中等 contrast 背景对照
R5_neutral__yaw205_pitch+010,R5_neutral,R5_neutral,neutral-control,205,10,-45,phase63(L1-G1),yaw205_pitch+010_roll-045,YES,20_pack (new render),fullrun 中等亮度/中等 contrast 背景对照
R5_neutral__yaw205_pitch+010,R5_neutral,R5_neutral,neutral-control,205,10,-30,phase63(L1-G1),yaw205_pitch+010_roll-030,YES,20_pack (new render),fullrun 中等亮度/中等 contrast 背景对照
R5_neutral__yaw205_pitch+010,R5_neutral,R5_neutral,neutral-control,205,10,-15,phase63(L1-G1),yaw205_pitch+010_roll-015,YES,20_pack (new render),fullrun 中等亮度/中等 contrast 背景对照
R5_neutral__yaw205_pitch+010,R5_neutral,R5_neutral,neutral-control,205,10,0,phase63(L1-G1),yaw205_pitch+010_roll+000,NO,"01_fullrun (roll+000, 复用不重渲)",fullrun 中等亮度/中等 contrast 背景对照
R5_neutral__yaw205_pitch+010,R5_neutral,R5_neutral,neutral-control,205,10,15,phase63(L1-G1),yaw205_pitch+010_roll+015,YES,20_pack (new render),fullrun 中等亮度/中等 contrast 背景对照
R5_neutral__yaw205_pitch+010,R5_neutral,R5_neutral,neutral-control,205,10,30,phase63(L1-G1),yaw205_pitch+010_roll+030,YES,20_pack (new render),fullrun 中等亮度/中等 contrast 背景对照
R5_neutral__yaw205_pitch+010,R5_neutral,R5_neutral,neutral-control,205,10,45,phase63(L1-G1),yaw205_pitch+010_roll+045,YES,20_pack (new render),fullrun 中等亮度/中等 contrast 背景对照
R5_neutral__yaw205_pitch+010,R5_neutral,R5_neutral,neutral-control,205,10,60,phase63(L1-G1),yaw205_pitch+010_roll+060,YES,20_pack (new render),fullrun 中等亮度/中等 contrast 背景对照
R5_neutral__yaw210_pitch-010,R5_neutral,R5_neutral,neutral-control,210,-10,-60,phase63(L1-G1),yaw210_pitch-010_roll-060,YES,20_pack (new render),fullrun 中等亮度/中等 contrast 背景对照
R5_neutral__yaw210_pitch-010,R5_neutral,R5_neutral,neutral-control,210,-10,-45,phase63(L1-G1),yaw210_pitch-010_roll-045,YES,20_pack (new render),fullrun 中等亮度/中等 contrast 背景对照
R5_neutral__yaw210_pitch-010,R5_neutral,R5_neutral,neutral-control,210,-10,-30,phase63(L1-G1),yaw210_pitch-010_roll-030,YES,20_pack (new render),fullrun 中等亮度/中等 contrast 背景对照
R5_neutral__yaw210_pitch-010,R5_neutral,R5_neutral,neutral-control,210,-10,-15,phase63(L1-G1),yaw210_pitch-010_roll-015,YES,20_pack (new render),fullrun 中等亮度/中等 contrast 背景对照
R5_neutral__yaw210_pitch-010,R5_neutral,R5_neutral,neutral-control,210,-10,0,phase63(L1-G1),yaw210_pitch-010_roll+000,NO,"01_fullrun (roll+000, 复用不重渲)",fullrun 中等亮度/中等 contrast 背景对照
R5_neutral__yaw210_pitch-010,R5_neutral,R5_neutral,neutral-control,210,-10,15,phase63(L1-G1),yaw210_pitch-010_roll+015,YES,20_pack (new render),fullrun 中等亮度/中等 contrast 背景对照
R5_neutral__yaw210_pitch-010,R5_neutral,R5_neutral,neutral-control,210,-10,30,phase63(L1-G1),yaw210_pitch-010_roll+030,YES,20_pack (new render),fullrun 中等亮度/中等 contrast 背景对照
R5_neutral__yaw210_pitch-010,R5_neutral,R5_neutral,neutral-control,210,-10,45,phase63(L1-G1),yaw210_pitch-010_roll+045,YES,20_pack (new render),fullrun 中等亮度/中等 contrast 背景对照
R5_neutral__yaw210_pitch-010,R5_neutral,R5_neutral,neutral-control,210,-10,60,phase63(L1-G1),yaw210_pitch-010_roll+060,YES,20_pack (new render),fullrun 中等亮度/中等 contrast 背景对照
R5_neutral__yaw210_pitch-005,R5_neutral,R5_neutral,neutral-control,210,-5,-60,phase63(L1-G1),yaw210_pitch-005_roll-060,YES,20_pack (new render),fullrun 中等亮度/中等 contrast 背景对照
R5_neutral__yaw210_pitch-005,R5_neutral,R5_neutral,neutral-control,210,-5,-45,phase63(L1-G1),yaw210_pitch-005_roll-045,YES,20_pack (new render),fullrun 中等亮度/中等 contrast 背景对照
R5_neutral__yaw210_pitch-005,R5_neutral,R5_neutral,neutral-control,210,-5,-30,phase63(L1-G1),yaw210_pitch-005_roll-030,YES,20_pack (new render),fullrun 中等亮度/中等 contrast 背景对照
R5_neutral__yaw210_pitch-005,R5_neutral,R5_neutral,neutral-control,210,-5,-15,phase63(L1-G1),yaw210_pitch-005_roll-015,YES,20_pack (new render),fullrun 中等亮度/中等 contrast 背景对照
R5_neutral__yaw210_pitch-005,R5_neutral,R5_neutral,neutral-control,210,-5,0,phase63(L1-G1),yaw210_pitch-005_roll+000,NO,"01_fullrun (roll+000, 复用不重渲)",fullrun 中等亮度/中等 contrast 背景对照
R5_neutral__yaw210_pitch-005,R5_neutral,R5_neutral,neutral-control,210,-5,15,phase63(L1-G1),yaw210_pitch-005_roll+015,YES,20_pack (new render),fullrun 中等亮度/中等 contrast 背景对照
R5_neutral__yaw210_pitch-005,R5_neutral,R5_neutral,neutral-control,210,-5,30,phase63(L1-G1),yaw210_pitch-005_roll+030,YES,20_pack (new render),fullrun 中等亮度/中等 contrast 背景对照
R5_neutral__yaw210_pitch-005,R5_neutral,R5_neutral,neutral-control,210,-5,45,phase63(L1-G1),yaw210_pitch-005_roll+045,YES,20_pack (new render),fullrun 中等亮度/中等 contrast 背景对照
R5_neutral__yaw210_pitch-005,R5_neutral,R5_neutral,neutral-control,210,-5,60,phase63(L1-G1),yaw210_pitch-005_roll+060,YES,20_pack (new render),fullrun 中等亮度/中等 contrast 背景对照
R5_neutral__yaw210_pitch+000,R5_neutral,R5_neutral,neutral-control,210,0,-60,phase63(L1-G1),yaw210_pitch+000_roll-060,YES,20_pack (new render),fullrun 中等亮度/中等 contrast 背景对照
R5_neutral__yaw210_pitch+000,R5_neutral,R5_neutral,neutral-control,210,0,-45,phase63(L1-G1),yaw210_pitch+000_roll-045,YES,20_pack (new render),fullrun 中等亮度/中等 contrast 背景对照
R5_neutral__yaw210_pitch+000,R5_neutral,R5_neutral,neutral-control,210,0,-30,phase63(L1-G1),yaw210_pitch+000_roll-030,YES,20_pack (new render),fullrun 中等亮度/中等 contrast 背景对照
R5_neutral__yaw210_pitch+000,R5_neutral,R5_neutral,neutral-control,210,0,-15,phase63(L1-G1),yaw210_pitch+000_roll-015,YES,20_pack (new render),fullrun 中等亮度/中等 contrast 背景对照
R5_neutral__yaw210_pitch+000,R5_neutral,R5_neutral,neutral-control,210,0,0,phase63(L1-G1),yaw210_pitch+000_roll+000,NO,"01_fullrun (roll+000, 复用不重渲)",fullrun 中等亮度/中等 contrast 背景对照
R5_neutral__yaw210_pitch+000,R5_neutral,R5_neutral,neutral-control,210,0,15,phase63(L1-G1),yaw210_pitch+000_roll+015,YES,20_pack (new render),fullrun 中等亮度/中等 contrast 背景对照
R5_neutral__yaw210_pitch+000,R5_neutral,R5_neutral,neutral-control,210,0,30,phase63(L1-G1),yaw210_pitch+000_roll+030,YES,20_pack (new render),fullrun 中等亮度/中等 contrast 背景对照
R5_neutral__yaw210_pitch+000,R5_neutral,R5_neutral,neutral-control,210,0,45,phase63(L1-G1),yaw210_pitch+000_roll+045,YES,20_pack (new render),fullrun 中等亮度/中等 contrast 背景对照
R5_neutral__yaw210_pitch+000,R5_neutral,R5_neutral,neutral-control,210,0,60,phase63(L1-G1),yaw210_pitch+000_roll+060,YES,20_pack (new render),fullrun 中等亮度/中等 contrast 背景对照
R5_neutral__yaw210_pitch+005,R5_neutral,R5_neutral,neutral-control,210,5,-60,phase63(L1-G1),yaw210_pitch+005_roll-060,YES,20_pack (new render),fullrun 中等亮度/中等 contrast 背景对照
R5_neutral__yaw210_pitch+005,R5_neutral,R5_neutral,neutral-control,210,5,-45,phase63(L1-G1),yaw210_pitch+005_roll-045,YES,20_pack (new render),fullrun 中等亮度/中等 contrast 背景对照
R5_neutral__yaw210_pitch+005,R5_neutral,R5_neutral,neutral-control,210,5,-30,phase63(L1-G1),yaw210_pitch+005_roll-030,YES,20_pack (new render),fullrun 中等亮度/中等 contrast 背景对照
R5_neutral__yaw210_pitch+005,R5_neutral,R5_neutral,neutral-control,210,5,-15,phase63(L1-G1),yaw210_pitch+005_roll-015,YES,20_pack (new render),fullrun 中等亮度/中等 contrast 背景对照
R5_neutral__yaw210_pitch+005,R5_neutral,R5_neutral,neutral-control,210,5,0,phase63(L1-G1),yaw210_pitch+005_roll+000,NO,"01_fullrun (roll+000, 复用不重渲)",fullrun 中等亮度/中等 contrast 背景对照
R5_neutral__yaw210_pitch+005,R5_neutral,R5_neutral,neutral-control,210,5,15,phase63(L1-G1),yaw210_pitch+005_roll+015,YES,20_pack (new render),fullrun 中等亮度/中等 contrast 背景对照
R5_neutral__yaw210_pitch+005,R5_neutral,R5_neutral,neutral-control,210,5,30,phase63(L1-G1),yaw210_pitch+005_roll+030,YES,20_pack (new render),fullrun 中等亮度/中等 contrast 背景对照
R5_neutral__yaw210_pitch+005,R5_neutral,R5_neutral,neutral-control,210,5,45,phase63(L1-G1),yaw210_pitch+005_roll+045,YES,20_pack (new render),fullrun 中等亮度/中等 contrast 背景对照
R5_neutral__yaw210_pitch+005,R5_neutral,R5_neutral,neutral-control,210,5,60,phase63(L1-G1),yaw210_pitch+005_roll+060,YES,20_pack (new render),fullrun 中等亮度/中等 contrast 背景对照
R5_neutral__yaw210_pitch+010,R5_neutral,R5_neutral,neutral-control,210,10,-60,phase63(L1-G1),yaw210_pitch+010_roll-060,YES,20_pack (new render),fullrun 中等亮度/中等 contrast 背景对照
R5_neutral__yaw210_pitch+010,R5_neutral,R5_neutral,neutral-control,210,10,-45,phase63(L1-G1),yaw210_pitch+010_roll-045,YES,20_pack (new render),fullrun 中等亮度/中等 contrast 背景对照
R5_neutral__yaw210_pitch+010,R5_neutral,R5_neutral,neutral-control,210,10,-30,phase63(L1-G1),yaw210_pitch+010_roll-030,YES,20_pack (new render),fullrun 中等亮度/中等 contrast 背景对照
R5_neutral__yaw210_pitch+010,R5_neutral,R5_neutral,neutral-control,210,10,-15,phase63(L1-G1),yaw210_pitch+010_roll-015,YES,20_pack (new render),fullrun 中等亮度/中等 contrast 背景对照
R5_neutral__yaw210_pitch+010,R5_neutral,R5_neutral,neutral-control,210,10,0,phase63(L1-G1),yaw210_pitch+010_roll+000,NO,"01_fullrun (roll+000, 复用不重渲)",fullrun 中等亮度/中等 contrast 背景对照
R5_neutral__yaw210_pitch+010,R5_neutral,R5_neutral,neutral-control,210,10,15,phase63(L1-G1),yaw210_pitch+010_roll+015,YES,20_pack (new render),fullrun 中等亮度/中等 contrast 背景对照
R5_neutral__yaw210_pitch+010,R5_neutral,R5_neutral,neutral-control,210,10,30,phase63(L1-G1),yaw210_pitch+010_roll+030,YES,20_pack (new render),fullrun 中等亮度/中等 contrast 背景对照
R5_neutral__yaw210_pitch+010,R5_neutral,R5_neutral,neutral-control,210,10,45,phase63(L1-G1),yaw210_pitch+010_roll+045,YES,20_pack (new render),fullrun 中等亮度/中等 contrast 背景对照
R5_neutral__yaw210_pitch+010,R5_neutral,R5_neutral,neutral-control,210,10,60,phase63(L1-G1),yaw210_pitch+010_roll+060,YES,20_pack (new render),fullrun 中等亮度/中等 contrast 背景对照
R1_high_info__yaw230_pitch+015,R1_high_info,R1_high_info,high-info,230,15,-60,phase63(L1-G1),yaw230_pitch+015_roll-060,YES,20_pack (new render),high-info-seed yaw240 pitch+20/+30
R1_high_info__yaw230_pitch+015,R1_high_info,R1_high_info,high-info,230,15,-45,phase63(L1-G1),yaw230_pitch+015_roll-045,YES,20_pack (new render),high-info-seed yaw240 pitch+20/+30
R1_high_info__yaw230_pitch+015,R1_high_info,R1_high_info,high-info,230,15,-30,phase63(L1-G1),yaw230_pitch+015_roll-030,YES,20_pack (new render),high-info-seed yaw240 pitch+20/+30
R1_high_info__yaw230_pitch+015,R1_high_info,R1_high_info,high-info,230,15,-15,phase63(L1-G1),yaw230_pitch+015_roll-015,YES,20_pack (new render),high-info-seed yaw240 pitch+20/+30
R1_high_info__yaw230_pitch+015,R1_high_info,R1_high_info,high-info,230,15,0,phase63(L1-G1),yaw230_pitch+015_roll+000,NO,"01_fullrun (roll+000, 复用不重渲)",high-info-seed yaw240 pitch+20/+30
R1_high_info__yaw230_pitch+015,R1_high_info,R1_high_info,high-info,230,15,15,phase63(L1-G1),yaw230_pitch+015_roll+015,YES,20_pack (new render),high-info-seed yaw240 pitch+20/+30
R1_high_info__yaw230_pitch+015,R1_high_info,R1_high_info,high-info,230,15,30,phase63(L1-G1),yaw230_pitch+015_roll+030,YES,20_pack (new render),high-info-seed yaw240 pitch+20/+30
R1_high_info__yaw230_pitch+015,R1_high_info,R1_high_info,high-info,230,15,45,phase63(L1-G1),yaw230_pitch+015_roll+045,YES,20_pack (new render),high-info-seed yaw240 pitch+20/+30
R1_high_info__yaw230_pitch+015,R1_high_info,R1_high_info,high-info,230,15,60,phase63(L1-G1),yaw230_pitch+015_roll+060,YES,20_pack (new render),high-info-seed yaw240 pitch+20/+30
R1_high_info__yaw230_pitch+020,R1_high_info,R1_high_info,high-info,230,20,-60,phase63(L1-G1),yaw230_pitch+020_roll-060,YES,20_pack (new render),high-info-seed yaw240 pitch+20/+30
R1_high_info__yaw230_pitch+020,R1_high_info,R1_high_info,high-info,230,20,-45,phase63(L1-G1),yaw230_pitch+020_roll-045,YES,20_pack (new render),high-info-seed yaw240 pitch+20/+30
R1_high_info__yaw230_pitch+020,R1_high_info,R1_high_info,high-info,230,20,-30,phase63(L1-G1),yaw230_pitch+020_roll-030,YES,20_pack (new render),high-info-seed yaw240 pitch+20/+30
R1_high_info__yaw230_pitch+020,R1_high_info,R1_high_info,high-info,230,20,-15,phase63(L1-G1),yaw230_pitch+020_roll-015,YES,20_pack (new render),high-info-seed yaw240 pitch+20/+30
R1_high_info__yaw230_pitch+020,R1_high_info,R1_high_info,high-info,230,20,0,phase63(L1-G1),yaw230_pitch+020_roll+000,NO,"01_fullrun (roll+000, 复用不重渲)",high-info-seed yaw240 pitch+20/+30
R1_high_info__yaw230_pitch+020,R1_high_info,R1_high_info,high-info,230,20,15,phase63(L1-G1),yaw230_pitch+020_roll+015,YES,20_pack (new render),high-info-seed yaw240 pitch+20/+30
R1_high_info__yaw230_pitch+020,R1_high_info,R1_high_info,high-info,230,20,30,phase63(L1-G1),yaw230_pitch+020_roll+030,YES,20_pack (new render),high-info-seed yaw240 pitch+20/+30
R1_high_info__yaw230_pitch+020,R1_high_info,R1_high_info,high-info,230,20,45,phase63(L1-G1),yaw230_pitch+020_roll+045,YES,20_pack (new render),high-info-seed yaw240 pitch+20/+30
R1_high_info__yaw230_pitch+020,R1_high_info,R1_high_info,high-info,230,20,60,phase63(L1-G1),yaw230_pitch+020_roll+060,YES,20_pack (new render),high-info-seed yaw240 pitch+20/+30
R1_high_info__yaw230_pitch+025,R1_high_info,R1_high_info,high-info,230,25,-60,phase63(L1-G1),yaw230_pitch+025_roll-060,YES,20_pack (new render),high-info-seed yaw240 pitch+20/+30
R1_high_info__yaw230_pitch+025,R1_high_info,R1_high_info,high-info,230,25,-45,phase63(L1-G1),yaw230_pitch+025_roll-045,YES,20_pack (new render),high-info-seed yaw240 pitch+20/+30
R1_high_info__yaw230_pitch+025,R1_high_info,R1_high_info,high-info,230,25,-30,phase63(L1-G1),yaw230_pitch+025_roll-030,YES,20_pack (new render),high-info-seed yaw240 pitch+20/+30
R1_high_info__yaw230_pitch+025,R1_high_info,R1_high_info,high-info,230,25,-15,phase63(L1-G1),yaw230_pitch+025_roll-015,YES,20_pack (new render),high-info-seed yaw240 pitch+20/+30
R1_high_info__yaw230_pitch+025,R1_high_info,R1_high_info,high-info,230,25,0,phase63(L1-G1),yaw230_pitch+025_roll+000,NO,"01_fullrun (roll+000, 复用不重渲)",high-info-seed yaw240 pitch+20/+30
R1_high_info__yaw230_pitch+025,R1_high_info,R1_high_info,high-info,230,25,15,phase63(L1-G1),yaw230_pitch+025_roll+015,YES,20_pack (new render),high-info-seed yaw240 pitch+20/+30
R1_high_info__yaw230_pitch+025,R1_high_info,R1_high_info,high-info,230,25,30,phase63(L1-G1),yaw230_pitch+025_roll+030,YES,20_pack (new render),high-info-seed yaw240 pitch+20/+30
R1_high_info__yaw230_pitch+025,R1_high_info,R1_high_info,high-info,230,25,45,phase63(L1-G1),yaw230_pitch+025_roll+045,YES,20_pack (new render),high-info-seed yaw240 pitch+20/+30
R1_high_info__yaw230_pitch+025,R1_high_info,R1_high_info,high-info,230,25,60,phase63(L1-G1),yaw230_pitch+025_roll+060,YES,20_pack (new render),high-info-seed yaw240 pitch+20/+30
R1_high_info__yaw230_pitch+030,R1_high_info,R1_high_info,high-info,230,30,-60,phase63(L1-G1),yaw230_pitch+030_roll-060,YES,20_pack (new render),high-info-seed yaw240 pitch+20/+30
R1_high_info__yaw230_pitch+030,R1_high_info,R1_high_info,high-info,230,30,-45,phase63(L1-G1),yaw230_pitch+030_roll-045,YES,20_pack (new render),high-info-seed yaw240 pitch+20/+30
R1_high_info__yaw230_pitch+030,R1_high_info,R1_high_info,high-info,230,30,-30,phase63(L1-G1),yaw230_pitch+030_roll-030,YES,20_pack (new render),high-info-seed yaw240 pitch+20/+30
R1_high_info__yaw230_pitch+030,R1_high_info,R1_high_info,high-info,230,30,-15,phase63(L1-G1),yaw230_pitch+030_roll-015,YES,20_pack (new render),high-info-seed yaw240 pitch+20/+30
R1_high_info__yaw230_pitch+030,R1_high_info,R1_high_info,high-info,230,30,0,phase63(L1-G1),yaw230_pitch+030_roll+000,NO,"01_fullrun (roll+000, 复用不重渲)",high-info-seed yaw240 pitch+20/+30
R1_high_info__yaw230_pitch+030,R1_high_info,R1_high_info,high-info,230,30,15,phase63(L1-G1),yaw230_pitch+030_roll+015,YES,20_pack (new render),high-info-seed yaw240 pitch+20/+30
R1_high_info__yaw230_pitch+030,R1_high_info,R1_high_info,high-info,230,30,30,phase63(L1-G1),yaw230_pitch+030_roll+030,YES,20_pack (new render),high-info-seed yaw240 pitch+20/+30
R1_high_info__yaw230_pitch+030,R1_high_info,R1_high_info,high-info,230,30,45,phase63(L1-G1),yaw230_pitch+030_roll+045,YES,20_pack (new render),high-info-seed yaw240 pitch+20/+30
R1_high_info__yaw230_pitch+030,R1_high_info,R1_high_info,high-info,230,30,60,phase63(L1-G1),yaw230_pitch+030_roll+060,YES,20_pack (new render),high-info-seed yaw240 pitch+20/+30
R1_high_info__yaw230_pitch+035,R1_high_info,R1_high_info,high-info,230,35,-60,phase63(L1-G1),yaw230_pitch+035_roll-060,YES,20_pack (new render),high-info-seed yaw240 pitch+20/+30
R1_high_info__yaw230_pitch+035,R1_high_info,R1_high_info,high-info,230,35,-45,phase63(L1-G1),yaw230_pitch+035_roll-045,YES,20_pack (new render),high-info-seed yaw240 pitch+20/+30
R1_high_info__yaw230_pitch+035,R1_high_info,R1_high_info,high-info,230,35,-30,phase63(L1-G1),yaw230_pitch+035_roll-030,YES,20_pack (new render),high-info-seed yaw240 pitch+20/+30
R1_high_info__yaw230_pitch+035,R1_high_info,R1_high_info,high-info,230,35,-15,phase63(L1-G1),yaw230_pitch+035_roll-015,YES,20_pack (new render),high-info-seed yaw240 pitch+20/+30
R1_high_info__yaw230_pitch+035,R1_high_info,R1_high_info,high-info,230,35,0,phase63(L1-G1),yaw230_pitch+035_roll+000,NO,"01_fullrun (roll+000, 复用不重渲)",high-info-seed yaw240 pitch+20/+30
R1_high_info__yaw230_pitch+035,R1_high_info,R1_high_info,high-info,230,35,15,phase63(L1-G1),yaw230_pitch+035_roll+015,YES,20_pack (new render),high-info-seed yaw240 pitch+20/+30
R1_high_info__yaw230_pitch+035,R1_high_info,R1_high_info,high-info,230,35,30,phase63(L1-G1),yaw230_pitch+035_roll+030,YES,20_pack (new render),high-info-seed yaw240 pitch+20/+30
R1_high_info__yaw230_pitch+035,R1_high_info,R1_high_info,high-info,230,35,45,phase63(L1-G1),yaw230_pitch+035_roll+045,YES,20_pack (new render),high-info-seed yaw240 pitch+20/+30
R1_high_info__yaw230_pitch+035,R1_high_info,R1_high_info,high-info,230,35,60,phase63(L1-G1),yaw230_pitch+035_roll+060,YES,20_pack (new render),high-info-seed yaw240 pitch+20/+30
R1_high_info__yaw235_pitch+015,R1_high_info,R1_high_info,high-info,235,15,-60,phase63(L1-G1),yaw235_pitch+015_roll-060,YES,20_pack (new render),high-info-seed yaw240 pitch+20/+30
R1_high_info__yaw235_pitch+015,R1_high_info,R1_high_info,high-info,235,15,-45,phase63(L1-G1),yaw235_pitch+015_roll-045,YES,20_pack (new render),high-info-seed yaw240 pitch+20/+30
R1_high_info__yaw235_pitch+015,R1_high_info,R1_high_info,high-info,235,15,-30,phase63(L1-G1),yaw235_pitch+015_roll-030,YES,20_pack (new render),high-info-seed yaw240 pitch+20/+30
R1_high_info__yaw235_pitch+015,R1_high_info,R1_high_info,high-info,235,15,-15,phase63(L1-G1),yaw235_pitch+015_roll-015,YES,20_pack (new render),high-info-seed yaw240 pitch+20/+30
R1_high_info__yaw235_pitch+015,R1_high_info,R1_high_info,high-info,235,15,0,phase63(L1-G1),yaw235_pitch+015_roll+000,NO,"01_fullrun (roll+000, 复用不重渲)",high-info-seed yaw240 pitch+20/+30
R1_high_info__yaw235_pitch+015,R1_high_info,R1_high_info,high-info,235,15,15,phase63(L1-G1),yaw235_pitch+015_roll+015,YES,20_pack (new render),high-info-seed yaw240 pitch+20/+30
R1_high_info__yaw235_pitch+015,R1_high_info,R1_high_info,high-info,235,15,30,phase63(L1-G1),yaw235_pitch+015_roll+030,YES,20_pack (new render),high-info-seed yaw240 pitch+20/+30
R1_high_info__yaw235_pitch+015,R1_high_info,R1_high_info,high-info,235,15,45,phase63(L1-G1),yaw235_pitch+015_roll+045,YES,20_pack (new render),high-info-seed yaw240 pitch+20/+30
R1_high_info__yaw235_pitch+015,R1_high_info,R1_high_info,high-info,235,15,60,phase63(L1-G1),yaw235_pitch+015_roll+060,YES,20_pack (new render),high-info-seed yaw240 pitch+20/+30
R1_high_info__yaw235_pitch+020,R1_high_info,R1_high_info,high-info,235,20,-60,phase63(L1-G1),yaw235_pitch+020_roll-060,YES,20_pack (new render),high-info-seed yaw240 pitch+20/+30
R1_high_info__yaw235_pitch+020,R1_high_info,R1_high_info,high-info,235,20,-45,phase63(L1-G1),yaw235_pitch+020_roll-045,YES,20_pack (new render),high-info-seed yaw240 pitch+20/+30
R1_high_info__yaw235_pitch+020,R1_high_info,R1_high_info,high-info,235,20,-30,phase63(L1-G1),yaw235_pitch+020_roll-030,YES,20_pack (new render),high-info-seed yaw240 pitch+20/+30
R1_high_info__yaw235_pitch+020,R1_high_info,R1_high_info,high-info,235,20,-15,phase63(L1-G1),yaw235_pitch+020_roll-015,YES,20_pack (new render),high-info-seed yaw240 pitch+20/+30
R1_high_info__yaw235_pitch+020,R1_high_info,R1_high_info,high-info,235,20,0,phase63(L1-G1),yaw235_pitch+020_roll+000,NO,"01_fullrun (roll+000, 复用不重渲)",high-info-seed yaw240 pitch+20/+30
R1_high_info__yaw235_pitch+020,R1_high_info,R1_high_info,high-info,235,20,15,phase63(L1-G1),yaw235_pitch+020_roll+015,YES,20_pack (new render),high-info-seed yaw240 pitch+20/+30
R1_high_info__yaw235_pitch+020,R1_high_info,R1_high_info,high-info,235,20,30,phase63(L1-G1),yaw235_pitch+020_roll+030,YES,20_pack (new render),high-info-seed yaw240 pitch+20/+30
R1_high_info__yaw235_pitch+020,R1_high_info,R1_high_info,high-info,235,20,45,phase63(L1-G1),yaw235_pitch+020_roll+045,YES,20_pack (new render),high-info-seed yaw240 pitch+20/+30
R1_high_info__yaw235_pitch+020,R1_high_info,R1_high_info,high-info,235,20,60,phase63(L1-G1),yaw235_pitch+020_roll+060,YES,20_pack (new render),high-info-seed yaw240 pitch+20/+30
R1_high_info__yaw235_pitch+025,R1_high_info,R1_high_info,high-info,235,25,-60,phase63(L1-G1),yaw235_pitch+025_roll-060,YES,20_pack (new render),high-info-seed yaw240 pitch+20/+30
R1_high_info__yaw235_pitch+025,R1_high_info,R1_high_info,high-info,235,25,-45,phase63(L1-G1),yaw235_pitch+025_roll-045,YES,20_pack (new render),high-info-seed yaw240 pitch+20/+30
R1_high_info__yaw235_pitch+025,R1_high_info,R1_high_info,high-info,235,25,-30,phase63(L1-G1),yaw235_pitch+025_roll-030,YES,20_pack (new render),high-info-seed yaw240 pitch+20/+30
R1_high_info__yaw235_pitch+025,R1_high_info,R1_high_info,high-info,235,25,-15,phase63(L1-G1),yaw235_pitch+025_roll-015,YES,20_pack (new render),high-info-seed yaw240 pitch+20/+30
R1_high_info__yaw235_pitch+025,R1_high_info,R1_high_info,high-info,235,25,0,phase63(L1-G1),yaw235_pitch+025_roll+000,NO,"01_fullrun (roll+000, 复用不重渲)",high-info-seed yaw240 pitch+20/+30
R1_high_info__yaw235_pitch+025,R1_high_info,R1_high_info,high-info,235,25,15,phase63(L1-G1),yaw235_pitch+025_roll+015,YES,20_pack (new render),high-info-seed yaw240 pitch+20/+30
R1_high_info__yaw235_pitch+025,R1_high_info,R1_high_info,high-info,235,25,30,phase63(L1-G1),yaw235_pitch+025_roll+030,YES,20_pack (new render),high-info-seed yaw240 pitch+20/+30
R1_high_info__yaw235_pitch+025,R1_high_info,R1_high_info,high-info,235,25,45,phase63(L1-G1),yaw235_pitch+025_roll+045,YES,20_pack (new render),high-info-seed yaw240 pitch+20/+30
R1_high_info__yaw235_pitch+025,R1_high_info,R1_high_info,high-info,235,25,60,phase63(L1-G1),yaw235_pitch+025_roll+060,YES,20_pack (new render),high-info-seed yaw240 pitch+20/+30
R1_high_info__yaw235_pitch+030,R1_high_info,R1_high_info,high-info,235,30,-60,phase63(L1-G1),yaw235_pitch+030_roll-060,YES,20_pack (new render),high-info-seed yaw240 pitch+20/+30
R1_high_info__yaw235_pitch+030,R1_high_info,R1_high_info,high-info,235,30,-45,phase63(L1-G1),yaw235_pitch+030_roll-045,YES,20_pack (new render),high-info-seed yaw240 pitch+20/+30
R1_high_info__yaw235_pitch+030,R1_high_info,R1_high_info,high-info,235,30,-30,phase63(L1-G1),yaw235_pitch+030_roll-030,YES,20_pack (new render),high-info-seed yaw240 pitch+20/+30
R1_high_info__yaw235_pitch+030,R1_high_info,R1_high_info,high-info,235,30,-15,phase63(L1-G1),yaw235_pitch+030_roll-015,YES,20_pack (new render),high-info-seed yaw240 pitch+20/+30
R1_high_info__yaw235_pitch+030,R1_high_info,R1_high_info,high-info,235,30,0,phase63(L1-G1),yaw235_pitch+030_roll+000,NO,"01_fullrun (roll+000, 复用不重渲)",high-info-seed yaw240 pitch+20/+30
R1_high_info__yaw235_pitch+030,R1_high_info,R1_high_info,high-info,235,30,15,phase63(L1-G1),yaw235_pitch+030_roll+015,YES,20_pack (new render),high-info-seed yaw240 pitch+20/+30
R1_high_info__yaw235_pitch+030,R1_high_info,R1_high_info,high-info,235,30,30,phase63(L1-G1),yaw235_pitch+030_roll+030,YES,20_pack (new render),high-info-seed yaw240 pitch+20/+30
R1_high_info__yaw235_pitch+030,R1_high_info,R1_high_info,high-info,235,30,45,phase63(L1-G1),yaw235_pitch+030_roll+045,YES,20_pack (new render),high-info-seed yaw240 pitch+20/+30
R1_high_info__yaw235_pitch+030,R1_high_info,R1_high_info,high-info,235,30,60,phase63(L1-G1),yaw235_pitch+030_roll+060,YES,20_pack (new render),high-info-seed yaw240 pitch+20/+30
R1_high_info__yaw235_pitch+035,R1_high_info,R1_high_info,high-info,235,35,-60,phase63(L1-G1),yaw235_pitch+035_roll-060,YES,20_pack (new render),high-info-seed yaw240 pitch+20/+30
R1_high_info__yaw235_pitch+035,R1_high_info,R1_high_info,high-info,235,35,-45,phase63(L1-G1),yaw235_pitch+035_roll-045,YES,20_pack (new render),high-info-seed yaw240 pitch+20/+30
R1_high_info__yaw235_pitch+035,R1_high_info,R1_high_info,high-info,235,35,-30,phase63(L1-G1),yaw235_pitch+035_roll-030,YES,20_pack (new render),high-info-seed yaw240 pitch+20/+30
R1_high_info__yaw235_pitch+035,R1_high_info,R1_high_info,high-info,235,35,-15,phase63(L1-G1),yaw235_pitch+035_roll-015,YES,20_pack (new render),high-info-seed yaw240 pitch+20/+30
R1_high_info__yaw235_pitch+035,R1_high_info,R1_high_info,high-info,235,35,0,phase63(L1-G1),yaw235_pitch+035_roll+000,NO,"01_fullrun (roll+000, 复用不重渲)",high-info-seed yaw240 pitch+20/+30
R1_high_info__yaw235_pitch+035,R1_high_info,R1_high_info,high-info,235,35,15,phase63(L1-G1),yaw235_pitch+035_roll+015,YES,20_pack (new render),high-info-seed yaw240 pitch+20/+30
R1_high_info__yaw235_pitch+035,R1_high_info,R1_high_info,high-info,235,35,30,phase63(L1-G1),yaw235_pitch+035_roll+030,YES,20_pack (new render),high-info-seed yaw240 pitch+20/+30
R1_high_info__yaw235_pitch+035,R1_high_info,R1_high_info,high-info,235,35,45,phase63(L1-G1),yaw235_pitch+035_roll+045,YES,20_pack (new render),high-info-seed yaw240 pitch+20/+30
R1_high_info__yaw235_pitch+035,R1_high_info,R1_high_info,high-info,235,35,60,phase63(L1-G1),yaw235_pitch+035_roll+060,YES,20_pack (new render),high-info-seed yaw240 pitch+20/+30
R1_high_info__yaw240_pitch+015,R1_high_info,R1_high_info,high-info,240,15,-60,phase63(L1-G1),yaw240_pitch+015_roll-060,YES,20_pack (new render),high-info-seed yaw240 pitch+20/+30
R1_high_info__yaw240_pitch+015,R1_high_info,R1_high_info,high-info,240,15,-45,phase63(L1-G1),yaw240_pitch+015_roll-045,YES,20_pack (new render),high-info-seed yaw240 pitch+20/+30
R1_high_info__yaw240_pitch+015,R1_high_info,R1_high_info,high-info,240,15,-30,phase63(L1-G1),yaw240_pitch+015_roll-030,YES,20_pack (new render),high-info-seed yaw240 pitch+20/+30
R1_high_info__yaw240_pitch+015,R1_high_info,R1_high_info,high-info,240,15,-15,phase63(L1-G1),yaw240_pitch+015_roll-015,YES,20_pack (new render),high-info-seed yaw240 pitch+20/+30
R1_high_info__yaw240_pitch+015,R1_high_info,R1_high_info,high-info,240,15,0,phase63(L1-G1),yaw240_pitch+015_roll+000,NO,"01_fullrun (roll+000, 复用不重渲)",high-info-seed yaw240 pitch+20/+30
R1_high_info__yaw240_pitch+015,R1_high_info,R1_high_info,high-info,240,15,15,phase63(L1-G1),yaw240_pitch+015_roll+015,YES,20_pack (new render),high-info-seed yaw240 pitch+20/+30
R1_high_info__yaw240_pitch+015,R1_high_info,R1_high_info,high-info,240,15,30,phase63(L1-G1),yaw240_pitch+015_roll+030,YES,20_pack (new render),high-info-seed yaw240 pitch+20/+30
R1_high_info__yaw240_pitch+015,R1_high_info,R1_high_info,high-info,240,15,45,phase63(L1-G1),yaw240_pitch+015_roll+045,YES,20_pack (new render),high-info-seed yaw240 pitch+20/+30
R1_high_info__yaw240_pitch+015,R1_high_info,R1_high_info,high-info,240,15,60,phase63(L1-G1),yaw240_pitch+015_roll+060,YES,20_pack (new render),high-info-seed yaw240 pitch+20/+30
R1_high_info__yaw240_pitch+020,R1_high_info,R1_high_info,high-info,240,20,-60,phase63(L1-G1),yaw240_pitch+020_roll-060,YES,20_pack (new render),high-info-seed yaw240 pitch+20/+30
R1_high_info__yaw240_pitch+020,R1_high_info,R1_high_info,high-info,240,20,-45,phase63(L1-G1),yaw240_pitch+020_roll-045,YES,20_pack (new render),high-info-seed yaw240 pitch+20/+30
R1_high_info__yaw240_pitch+020,R1_high_info,R1_high_info,high-info,240,20,-30,phase63(L1-G1),yaw240_pitch+020_roll-030,YES,20_pack (new render),high-info-seed yaw240 pitch+20/+30
R1_high_info__yaw240_pitch+020,R1_high_info,R1_high_info,high-info,240,20,-15,phase63(L1-G1),yaw240_pitch+020_roll-015,YES,20_pack (new render),high-info-seed yaw240 pitch+20/+30
R1_high_info__yaw240_pitch+020,R1_high_info,R1_high_info,high-info,240,20,0,phase63(L1-G1),yaw240_pitch+020_roll+000,NO,"01_fullrun (roll+000, 复用不重渲)",high-info-seed yaw240 pitch+20/+30
R1_high_info__yaw240_pitch+020,R1_high_info,R1_high_info,high-info,240,20,15,phase63(L1-G1),yaw240_pitch+020_roll+015,YES,20_pack (new render),high-info-seed yaw240 pitch+20/+30
R1_high_info__yaw240_pitch+020,R1_high_info,R1_high_info,high-info,240,20,30,phase63(L1-G1),yaw240_pitch+020_roll+030,YES,20_pack (new render),high-info-seed yaw240 pitch+20/+30
R1_high_info__yaw240_pitch+020,R1_high_info,R1_high_info,high-info,240,20,45,phase63(L1-G1),yaw240_pitch+020_roll+045,YES,20_pack (new render),high-info-seed yaw240 pitch+20/+30
R1_high_info__yaw240_pitch+020,R1_high_info,R1_high_info,high-info,240,20,60,phase63(L1-G1),yaw240_pitch+020_roll+060,YES,20_pack (new render),high-info-seed yaw240 pitch+20/+30
R1_high_info__yaw240_pitch+025,R1_high_info,R1_high_info,high-info,240,25,-60,phase63(L1-G1),yaw240_pitch+025_roll-060,YES,20_pack (new render),high-info-seed yaw240 pitch+20/+30
R1_high_info__yaw240_pitch+025,R1_high_info,R1_high_info,high-info,240,25,-45,phase63(L1-G1),yaw240_pitch+025_roll-045,YES,20_pack (new render),high-info-seed yaw240 pitch+20/+30
R1_high_info__yaw240_pitch+025,R1_high_info,R1_high_info,high-info,240,25,-30,phase63(L1-G1),yaw240_pitch+025_roll-030,YES,20_pack (new render),high-info-seed yaw240 pitch+20/+30
R1_high_info__yaw240_pitch+025,R1_high_info,R1_high_info,high-info,240,25,-15,phase63(L1-G1),yaw240_pitch+025_roll-015,YES,20_pack (new render),high-info-seed yaw240 pitch+20/+30
R1_high_info__yaw240_pitch+025,R1_high_info,R1_high_info,high-info,240,25,0,phase63(L1-G1),yaw240_pitch+025_roll+000,NO,"01_fullrun (roll+000, 复用不重渲)",high-info-seed yaw240 pitch+20/+30
R1_high_info__yaw240_pitch+025,R1_high_info,R1_high_info,high-info,240,25,15,phase63(L1-G1),yaw240_pitch+025_roll+015,YES,20_pack (new render),high-info-seed yaw240 pitch+20/+30
R1_high_info__yaw240_pitch+025,R1_high_info,R1_high_info,high-info,240,25,30,phase63(L1-G1),yaw240_pitch+025_roll+030,YES,20_pack (new render),high-info-seed yaw240 pitch+20/+30
R1_high_info__yaw240_pitch+025,R1_high_info,R1_high_info,high-info,240,25,45,phase63(L1-G1),yaw240_pitch+025_roll+045,YES,20_pack (new render),high-info-seed yaw240 pitch+20/+30
R1_high_info__yaw240_pitch+025,R1_high_info,R1_high_info,high-info,240,25,60,phase63(L1-G1),yaw240_pitch+025_roll+060,YES,20_pack (new render),high-info-seed yaw240 pitch+20/+30
R1_high_info__yaw240_pitch+030,R1_high_info,R1_high_info,high-info,240,30,-60,phase63(L1-G1),yaw240_pitch+030_roll-060,YES,20_pack (new render),high-info-seed yaw240 pitch+20/+30
R1_high_info__yaw240_pitch+030,R1_high_info,R1_high_info,high-info,240,30,-45,phase63(L1-G1),yaw240_pitch+030_roll-045,YES,20_pack (new render),high-info-seed yaw240 pitch+20/+30
R1_high_info__yaw240_pitch+030,R1_high_info,R1_high_info,high-info,240,30,-30,phase63(L1-G1),yaw240_pitch+030_roll-030,YES,20_pack (new render),high-info-seed yaw240 pitch+20/+30
R1_high_info__yaw240_pitch+030,R1_high_info,R1_high_info,high-info,240,30,-15,phase63(L1-G1),yaw240_pitch+030_roll-015,YES,20_pack (new render),high-info-seed yaw240 pitch+20/+30
R1_high_info__yaw240_pitch+030,R1_high_info,R1_high_info,high-info,240,30,0,phase63(L1-G1),yaw240_pitch+030_roll+000,NO,"01_fullrun (roll+000, 复用不重渲)",high-info-seed yaw240 pitch+20/+30
R1_high_info__yaw240_pitch+030,R1_high_info,R1_high_info,high-info,240,30,15,phase63(L1-G1),yaw240_pitch+030_roll+015,YES,20_pack (new render),high-info-seed yaw240 pitch+20/+30
R1_high_info__yaw240_pitch+030,R1_high_info,R1_high_info,high-info,240,30,30,phase63(L1-G1),yaw240_pitch+030_roll+030,YES,20_pack (new render),high-info-seed yaw240 pitch+20/+30
R1_high_info__yaw240_pitch+030,R1_high_info,R1_high_info,high-info,240,30,45,phase63(L1-G1),yaw240_pitch+030_roll+045,YES,20_pack (new render),high-info-seed yaw240 pitch+20/+30
R1_high_info__yaw240_pitch+030,R1_high_info,R1_high_info,high-info,240,30,60,phase63(L1-G1),yaw240_pitch+030_roll+060,YES,20_pack (new render),high-info-seed yaw240 pitch+20/+30
R1_high_info__yaw240_pitch+035,R1_high_info,R1_high_info,high-info,240,35,-60,phase63(L1-G1),yaw240_pitch+035_roll-060,YES,20_pack (new render),high-info-seed yaw240 pitch+20/+30
R1_high_info__yaw240_pitch+035,R1_high_info,R1_high_info,high-info,240,35,-45,phase63(L1-G1),yaw240_pitch+035_roll-045,YES,20_pack (new render),high-info-seed yaw240 pitch+20/+30
R1_high_info__yaw240_pitch+035,R1_high_info,R1_high_info,high-info,240,35,-30,phase63(L1-G1),yaw240_pitch+035_roll-030,YES,20_pack (new render),high-info-seed yaw240 pitch+20/+30
R1_high_info__yaw240_pitch+035,R1_high_info,R1_high_info,high-info,240,35,-15,phase63(L1-G1),yaw240_pitch+035_roll-015,YES,20_pack (new render),high-info-seed yaw240 pitch+20/+30
R1_high_info__yaw240_pitch+035,R1_high_info,R1_high_info,high-info,240,35,0,phase63(L1-G1),yaw240_pitch+035_roll+000,NO,"01_fullrun (roll+000, 复用不重渲)",high-info-seed yaw240 pitch+20/+30
R1_high_info__yaw240_pitch+035,R1_high_info,R1_high_info,high-info,240,35,15,phase63(L1-G1),yaw240_pitch+035_roll+015,YES,20_pack (new render),high-info-seed yaw240 pitch+20/+30
R1_high_info__yaw240_pitch+035,R1_high_info,R1_high_info,high-info,240,35,30,phase63(L1-G1),yaw240_pitch+035_roll+030,YES,20_pack (new render),high-info-seed yaw240 pitch+20/+30
R1_high_info__yaw240_pitch+035,R1_high_info,R1_high_info,high-info,240,35,45,phase63(L1-G1),yaw240_pitch+035_roll+045,YES,20_pack (new render),high-info-seed yaw240 pitch+20/+30
R1_high_info__yaw240_pitch+035,R1_high_info,R1_high_info,high-info,240,35,60,phase63(L1-G1),yaw240_pitch+035_roll+060,YES,20_pack (new render),high-info-seed yaw240 pitch+20/+30
R1_high_info__yaw245_pitch+015,R1_high_info,R1_high_info,high-info,245,15,-60,phase63(L1-G1),yaw245_pitch+015_roll-060,YES,20_pack (new render),high-info-seed yaw240 pitch+20/+30
R1_high_info__yaw245_pitch+015,R1_high_info,R1_high_info,high-info,245,15,-45,phase63(L1-G1),yaw245_pitch+015_roll-045,YES,20_pack (new render),high-info-seed yaw240 pitch+20/+30
R1_high_info__yaw245_pitch+015,R1_high_info,R1_high_info,high-info,245,15,-30,phase63(L1-G1),yaw245_pitch+015_roll-030,YES,20_pack (new render),high-info-seed yaw240 pitch+20/+30
R1_high_info__yaw245_pitch+015,R1_high_info,R1_high_info,high-info,245,15,-15,phase63(L1-G1),yaw245_pitch+015_roll-015,YES,20_pack (new render),high-info-seed yaw240 pitch+20/+30
R1_high_info__yaw245_pitch+015,R1_high_info,R1_high_info,high-info,245,15,0,phase63(L1-G1),yaw245_pitch+015_roll+000,NO,"01_fullrun (roll+000, 复用不重渲)",high-info-seed yaw240 pitch+20/+30
R1_high_info__yaw245_pitch+015,R1_high_info,R1_high_info,high-info,245,15,15,phase63(L1-G1),yaw245_pitch+015_roll+015,YES,20_pack (new render),high-info-seed yaw240 pitch+20/+30
R1_high_info__yaw245_pitch+015,R1_high_info,R1_high_info,high-info,245,15,30,phase63(L1-G1),yaw245_pitch+015_roll+030,YES,20_pack (new render),high-info-seed yaw240 pitch+20/+30
R1_high_info__yaw245_pitch+015,R1_high_info,R1_high_info,high-info,245,15,45,phase63(L1-G1),yaw245_pitch+015_roll+045,YES,20_pack (new render),high-info-seed yaw240 pitch+20/+30
R1_high_info__yaw245_pitch+015,R1_high_info,R1_high_info,high-info,245,15,60,phase63(L1-G1),yaw245_pitch+015_roll+060,YES,20_pack (new render),high-info-seed yaw240 pitch+20/+30
R1_high_info__yaw245_pitch+020,R1_high_info,R1_high_info,high-info,245,20,-60,phase63(L1-G1),yaw245_pitch+020_roll-060,YES,20_pack (new render),high-info-seed yaw240 pitch+20/+30
R1_high_info__yaw245_pitch+020,R1_high_info,R1_high_info,high-info,245,20,-45,phase63(L1-G1),yaw245_pitch+020_roll-045,YES,20_pack (new render),high-info-seed yaw240 pitch+20/+30
R1_high_info__yaw245_pitch+020,R1_high_info,R1_high_info,high-info,245,20,-30,phase63(L1-G1),yaw245_pitch+020_roll-030,YES,20_pack (new render),high-info-seed yaw240 pitch+20/+30
R1_high_info__yaw245_pitch+020,R1_high_info,R1_high_info,high-info,245,20,-15,phase63(L1-G1),yaw245_pitch+020_roll-015,YES,20_pack (new render),high-info-seed yaw240 pitch+20/+30
R1_high_info__yaw245_pitch+020,R1_high_info,R1_high_info,high-info,245,20,0,phase63(L1-G1),yaw245_pitch+020_roll+000,NO,"01_fullrun (roll+000, 复用不重渲)",high-info-seed yaw240 pitch+20/+30
R1_high_info__yaw245_pitch+020,R1_high_info,R1_high_info,high-info,245,20,15,phase63(L1-G1),yaw245_pitch+020_roll+015,YES,20_pack (new render),high-info-seed yaw240 pitch+20/+30
R1_high_info__yaw245_pitch+020,R1_high_info,R1_high_info,high-info,245,20,30,phase63(L1-G1),yaw245_pitch+020_roll+030,YES,20_pack (new render),high-info-seed yaw240 pitch+20/+30
R1_high_info__yaw245_pitch+020,R1_high_info,R1_high_info,high-info,245,20,45,phase63(L1-G1),yaw245_pitch+020_roll+045,YES,20_pack (new render),high-info-seed yaw240 pitch+20/+30
R1_high_info__yaw245_pitch+020,R1_high_info,R1_high_info,high-info,245,20,60,phase63(L1-G1),yaw245_pitch+020_roll+060,YES,20_pack (new render),high-info-seed yaw240 pitch+20/+30
R1_high_info__yaw245_pitch+025,R1_high_info,R1_high_info,high-info,245,25,-60,phase63(L1-G1),yaw245_pitch+025_roll-060,YES,20_pack (new render),high-info-seed yaw240 pitch+20/+30
R1_high_info__yaw245_pitch+025,R1_high_info,R1_high_info,high-info,245,25,-45,phase63(L1-G1),yaw245_pitch+025_roll-045,YES,20_pack (new render),high-info-seed yaw240 pitch+20/+30
R1_high_info__yaw245_pitch+025,R1_high_info,R1_high_info,high-info,245,25,-30,phase63(L1-G1),yaw245_pitch+025_roll-030,YES,20_pack (new render),high-info-seed yaw240 pitch+20/+30
R1_high_info__yaw245_pitch+025,R1_high_info,R1_high_info,high-info,245,25,-15,phase63(L1-G1),yaw245_pitch+025_roll-015,YES,20_pack (new render),high-info-seed yaw240 pitch+20/+30
R1_high_info__yaw245_pitch+025,R1_high_info,R1_high_info,high-info,245,25,0,phase63(L1-G1),yaw245_pitch+025_roll+000,NO,"01_fullrun (roll+000, 复用不重渲)",high-info-seed yaw240 pitch+20/+30
R1_high_info__yaw245_pitch+025,R1_high_info,R1_high_info,high-info,245,25,15,phase63(L1-G1),yaw245_pitch+025_roll+015,YES,20_pack (new render),high-info-seed yaw240 pitch+20/+30
R1_high_info__yaw245_pitch+025,R1_high_info,R1_high_info,high-info,245,25,30,phase63(L1-G1),yaw245_pitch+025_roll+030,YES,20_pack (new render),high-info-seed yaw240 pitch+20/+30
R1_high_info__yaw245_pitch+025,R1_high_info,R1_high_info,high-info,245,25,45,phase63(L1-G1),yaw245_pitch+025_roll+045,YES,20_pack (new render),high-info-seed yaw240 pitch+20/+30
R1_high_info__yaw245_pitch+025,R1_high_info,R1_high_info,high-info,245,25,60,phase63(L1-G1),yaw245_pitch+025_roll+060,YES,20_pack (new render),high-info-seed yaw240 pitch+20/+30
R1_high_info__yaw245_pitch+030,R1_high_info,R1_high_info,high-info,245,30,-60,phase63(L1-G1),yaw245_pitch+030_roll-060,YES,20_pack (new render),high-info-seed yaw240 pitch+20/+30
R1_high_info__yaw245_pitch+030,R1_high_info,R1_high_info,high-info,245,30,-45,phase63(L1-G1),yaw245_pitch+030_roll-045,YES,20_pack (new render),high-info-seed yaw240 pitch+20/+30
R1_high_info__yaw245_pitch+030,R1_high_info,R1_high_info,high-info,245,30,-30,phase63(L1-G1),yaw245_pitch+030_roll-030,YES,20_pack (new render),high-info-seed yaw240 pitch+20/+30
R1_high_info__yaw245_pitch+030,R1_high_info,R1_high_info,high-info,245,30,-15,phase63(L1-G1),yaw245_pitch+030_roll-015,YES,20_pack (new render),high-info-seed yaw240 pitch+20/+30
R1_high_info__yaw245_pitch+030,R1_high_info,R1_high_info,high-info,245,30,0,phase63(L1-G1),yaw245_pitch+030_roll+000,NO,"01_fullrun (roll+000, 复用不重渲)",high-info-seed yaw240 pitch+20/+30
R1_high_info__yaw245_pitch+030,R1_high_info,R1_high_info,high-info,245,30,15,phase63(L1-G1),yaw245_pitch+030_roll+015,YES,20_pack (new render),high-info-seed yaw240 pitch+20/+30
R1_high_info__yaw245_pitch+030,R1_high_info,R1_high_info,high-info,245,30,30,phase63(L1-G1),yaw245_pitch+030_roll+030,YES,20_pack (new render),high-info-seed yaw240 pitch+20/+30
R1_high_info__yaw245_pitch+030,R1_high_info,R1_high_info,high-info,245,30,45,phase63(L1-G1),yaw245_pitch+030_roll+045,YES,20_pack (new render),high-info-seed yaw240 pitch+20/+30
R1_high_info__yaw245_pitch+030,R1_high_info,R1_high_info,high-info,245,30,60,phase63(L1-G1),yaw245_pitch+030_roll+060,YES,20_pack (new render),high-info-seed yaw240 pitch+20/+30
R1_high_info__yaw245_pitch+035,R1_high_info,R1_high_info,high-info,245,35,-60,phase63(L1-G1),yaw245_pitch+035_roll-060,YES,20_pack (new render),high-info-seed yaw240 pitch+20/+30
R1_high_info__yaw245_pitch+035,R1_high_info,R1_high_info,high-info,245,35,-45,phase63(L1-G1),yaw245_pitch+035_roll-045,YES,20_pack (new render),high-info-seed yaw240 pitch+20/+30
R1_high_info__yaw245_pitch+035,R1_high_info,R1_high_info,high-info,245,35,-30,phase63(L1-G1),yaw245_pitch+035_roll-030,YES,20_pack (new render),high-info-seed yaw240 pitch+20/+30
R1_high_info__yaw245_pitch+035,R1_high_info,R1_high_info,high-info,245,35,-15,phase63(L1-G1),yaw245_pitch+035_roll-015,YES,20_pack (new render),high-info-seed yaw240 pitch+20/+30
R1_high_info__yaw245_pitch+035,R1_high_info,R1_high_info,high-info,245,35,0,phase63(L1-G1),yaw245_pitch+035_roll+000,NO,"01_fullrun (roll+000, 复用不重渲)",high-info-seed yaw240 pitch+20/+30
R1_high_info__yaw245_pitch+035,R1_high_info,R1_high_info,high-info,245,35,15,phase63(L1-G1),yaw245_pitch+035_roll+015,YES,20_pack (new render),high-info-seed yaw240 pitch+20/+30
R1_high_info__yaw245_pitch+035,R1_high_info,R1_high_info,high-info,245,35,30,phase63(L1-G1),yaw245_pitch+035_roll+030,YES,20_pack (new render),high-info-seed yaw240 pitch+20/+30
R1_high_info__yaw245_pitch+035,R1_high_info,R1_high_info,high-info,245,35,45,phase63(L1-G1),yaw245_pitch+035_roll+045,YES,20_pack (new render),high-info-seed yaw240 pitch+20/+30
R1_high_info__yaw245_pitch+035,R1_high_info,R1_high_info,high-info,245,35,60,phase63(L1-G1),yaw245_pitch+035_roll+060,YES,20_pack (new render),high-info-seed yaw240 pitch+20/+30
R1_high_info__yaw250_pitch+015,R1_high_info,R1_high_info,high-info,250,15,-60,phase63(L1-G1),yaw250_pitch+015_roll-060,YES,20_pack (new render),high-info-seed yaw240 pitch+20/+30
R1_high_info__yaw250_pitch+015,R1_high_info,R1_high_info,high-info,250,15,-45,phase63(L1-G1),yaw250_pitch+015_roll-045,YES,20_pack (new render),high-info-seed yaw240 pitch+20/+30
R1_high_info__yaw250_pitch+015,R1_high_info,R1_high_info,high-info,250,15,-30,phase63(L1-G1),yaw250_pitch+015_roll-030,YES,20_pack (new render),high-info-seed yaw240 pitch+20/+30
R1_high_info__yaw250_pitch+015,R1_high_info,R1_high_info,high-info,250,15,-15,phase63(L1-G1),yaw250_pitch+015_roll-015,YES,20_pack (new render),high-info-seed yaw240 pitch+20/+30
R1_high_info__yaw250_pitch+015,R1_high_info,R1_high_info,high-info,250,15,0,phase63(L1-G1),yaw250_pitch+015_roll+000,NO,"01_fullrun (roll+000, 复用不重渲)",high-info-seed yaw240 pitch+20/+30
R1_high_info__yaw250_pitch+015,R1_high_info,R1_high_info,high-info,250,15,15,phase63(L1-G1),yaw250_pitch+015_roll+015,YES,20_pack (new render),high-info-seed yaw240 pitch+20/+30
R1_high_info__yaw250_pitch+015,R1_high_info,R1_high_info,high-info,250,15,30,phase63(L1-G1),yaw250_pitch+015_roll+030,YES,20_pack (new render),high-info-seed yaw240 pitch+20/+30
R1_high_info__yaw250_pitch+015,R1_high_info,R1_high_info,high-info,250,15,45,phase63(L1-G1),yaw250_pitch+015_roll+045,YES,20_pack (new render),high-info-seed yaw240 pitch+20/+30
R1_high_info__yaw250_pitch+015,R1_high_info,R1_high_info,high-info,250,15,60,phase63(L1-G1),yaw250_pitch+015_roll+060,YES,20_pack (new render),high-info-seed yaw240 pitch+20/+30
R1_high_info__yaw250_pitch+020,R1_high_info,R1_high_info,high-info,250,20,-60,phase63(L1-G1),yaw250_pitch+020_roll-060,YES,20_pack (new render),high-info-seed yaw240 pitch+20/+30
R1_high_info__yaw250_pitch+020,R1_high_info,R1_high_info,high-info,250,20,-45,phase63(L1-G1),yaw250_pitch+020_roll-045,YES,20_pack (new render),high-info-seed yaw240 pitch+20/+30
R1_high_info__yaw250_pitch+020,R1_high_info,R1_high_info,high-info,250,20,-30,phase63(L1-G1),yaw250_pitch+020_roll-030,YES,20_pack (new render),high-info-seed yaw240 pitch+20/+30
R1_high_info__yaw250_pitch+020,R1_high_info,R1_high_info,high-info,250,20,-15,phase63(L1-G1),yaw250_pitch+020_roll-015,YES,20_pack (new render),high-info-seed yaw240 pitch+20/+30
R1_high_info__yaw250_pitch+020,R1_high_info,R1_high_info,high-info,250,20,0,phase63(L1-G1),yaw250_pitch+020_roll+000,NO,"01_fullrun (roll+000, 复用不重渲)",high-info-seed yaw240 pitch+20/+30
R1_high_info__yaw250_pitch+020,R1_high_info,R1_high_info,high-info,250,20,15,phase63(L1-G1),yaw250_pitch+020_roll+015,YES,20_pack (new render),high-info-seed yaw240 pitch+20/+30
R1_high_info__yaw250_pitch+020,R1_high_info,R1_high_info,high-info,250,20,30,phase63(L1-G1),yaw250_pitch+020_roll+030,YES,20_pack (new render),high-info-seed yaw240 pitch+20/+30
R1_high_info__yaw250_pitch+020,R1_high_info,R1_high_info,high-info,250,20,45,phase63(L1-G1),yaw250_pitch+020_roll+045,YES,20_pack (new render),high-info-seed yaw240 pitch+20/+30
R1_high_info__yaw250_pitch+020,R1_high_info,R1_high_info,high-info,250,20,60,phase63(L1-G1),yaw250_pitch+020_roll+060,YES,20_pack (new render),high-info-seed yaw240 pitch+20/+30
R1_high_info__yaw250_pitch+025,R1_high_info,R1_high_info,high-info,250,25,-60,phase63(L1-G1),yaw250_pitch+025_roll-060,YES,20_pack (new render),high-info-seed yaw240 pitch+20/+30
R1_high_info__yaw250_pitch+025,R1_high_info,R1_high_info,high-info,250,25,-45,phase63(L1-G1),yaw250_pitch+025_roll-045,YES,20_pack (new render),high-info-seed yaw240 pitch+20/+30
R1_high_info__yaw250_pitch+025,R1_high_info,R1_high_info,high-info,250,25,-30,phase63(L1-G1),yaw250_pitch+025_roll-030,YES,20_pack (new render),high-info-seed yaw240 pitch+20/+30
R1_high_info__yaw250_pitch+025,R1_high_info,R1_high_info,high-info,250,25,-15,phase63(L1-G1),yaw250_pitch+025_roll-015,YES,20_pack (new render),high-info-seed yaw240 pitch+20/+30
R1_high_info__yaw250_pitch+025,R1_high_info,R1_high_info,high-info,250,25,0,phase63(L1-G1),yaw250_pitch+025_roll+000,NO,"01_fullrun (roll+000, 复用不重渲)",high-info-seed yaw240 pitch+20/+30
R1_high_info__yaw250_pitch+025,R1_high_info,R1_high_info,high-info,250,25,15,phase63(L1-G1),yaw250_pitch+025_roll+015,YES,20_pack (new render),high-info-seed yaw240 pitch+20/+30
R1_high_info__yaw250_pitch+025,R1_high_info,R1_high_info,high-info,250,25,30,phase63(L1-G1),yaw250_pitch+025_roll+030,YES,20_pack (new render),high-info-seed yaw240 pitch+20/+30
R1_high_info__yaw250_pitch+025,R1_high_info,R1_high_info,high-info,250,25,45,phase63(L1-G1),yaw250_pitch+025_roll+045,YES,20_pack (new render),high-info-seed yaw240 pitch+20/+30
R1_high_info__yaw250_pitch+025,R1_high_info,R1_high_info,high-info,250,25,60,phase63(L1-G1),yaw250_pitch+025_roll+060,YES,20_pack (new render),high-info-seed yaw240 pitch+20/+30
R1_high_info__yaw250_pitch+030,R1_high_info,R1_high_info,high-info,250,30,-60,phase63(L1-G1),yaw250_pitch+030_roll-060,YES,20_pack (new render),high-info-seed yaw240 pitch+20/+30
R1_high_info__yaw250_pitch+030,R1_high_info,R1_high_info,high-info,250,30,-45,phase63(L1-G1),yaw250_pitch+030_roll-045,YES,20_pack (new render),high-info-seed yaw240 pitch+20/+30
R1_high_info__yaw250_pitch+030,R1_high_info,R1_high_info,high-info,250,30,-30,phase63(L1-G1),yaw250_pitch+030_roll-030,YES,20_pack (new render),high-info-seed yaw240 pitch+20/+30
R1_high_info__yaw250_pitch+030,R1_high_info,R1_high_info,high-info,250,30,-15,phase63(L1-G1),yaw250_pitch+030_roll-015,YES,20_pack (new render),high-info-seed yaw240 pitch+20/+30
R1_high_info__yaw250_pitch+030,R1_high_info,R1_high_info,high-info,250,30,0,phase63(L1-G1),yaw250_pitch+030_roll+000,NO,"01_fullrun (roll+000, 复用不重渲)",high-info-seed yaw240 pitch+20/+30
R1_high_info__yaw250_pitch+030,R1_high_info,R1_high_info,high-info,250,30,15,phase63(L1-G1),yaw250_pitch+030_roll+015,YES,20_pack (new render),high-info-seed yaw240 pitch+20/+30
R1_high_info__yaw250_pitch+030,R1_high_info,R1_high_info,high-info,250,30,30,phase63(L1-G1),yaw250_pitch+030_roll+030,YES,20_pack (new render),high-info-seed yaw240 pitch+20/+30
R1_high_info__yaw250_pitch+030,R1_high_info,R1_high_info,high-info,250,30,45,phase63(L1-G1),yaw250_pitch+030_roll+045,YES,20_pack (new render),high-info-seed yaw240 pitch+20/+30
R1_high_info__yaw250_pitch+030,R1_high_info,R1_high_info,high-info,250,30,60,phase63(L1-G1),yaw250_pitch+030_roll+060,YES,20_pack (new render),high-info-seed yaw240 pitch+20/+30
R1_high_info__yaw250_pitch+035,R1_high_info,R1_high_info,high-info,250,35,-60,phase63(L1-G1),yaw250_pitch+035_roll-060,YES,20_pack (new render),high-info-seed yaw240 pitch+20/+30
R1_high_info__yaw250_pitch+035,R1_high_info,R1_high_info,high-info,250,35,-45,phase63(L1-G1),yaw250_pitch+035_roll-045,YES,20_pack (new render),high-info-seed yaw240 pitch+20/+30
R1_high_info__yaw250_pitch+035,R1_high_info,R1_high_info,high-info,250,35,-30,phase63(L1-G1),yaw250_pitch+035_roll-030,YES,20_pack (new render),high-info-seed yaw240 pitch+20/+30
R1_high_info__yaw250_pitch+035,R1_high_info,R1_high_info,high-info,250,35,-15,phase63(L1-G1),yaw250_pitch+035_roll-015,YES,20_pack (new render),high-info-seed yaw240 pitch+20/+30
R1_high_info__yaw250_pitch+035,R1_high_info,R1_high_info,high-info,250,35,0,phase63(L1-G1),yaw250_pitch+035_roll+000,NO,"01_fullrun (roll+000, 复用不重渲)",high-info-seed yaw240 pitch+20/+30
R1_high_info__yaw250_pitch+035,R1_high_info,R1_high_info,high-info,250,35,15,phase63(L1-G1),yaw250_pitch+035_roll+015,YES,20_pack (new render),high-info-seed yaw240 pitch+20/+30
R1_high_info__yaw250_pitch+035,R1_high_info,R1_high_info,high-info,250,35,30,phase63(L1-G1),yaw250_pitch+035_roll+030,YES,20_pack (new render),high-info-seed yaw240 pitch+20/+30
R1_high_info__yaw250_pitch+035,R1_high_info,R1_high_info,high-info,250,35,45,phase63(L1-G1),yaw250_pitch+035_roll+045,YES,20_pack (new render),high-info-seed yaw240 pitch+20/+30
R1_high_info__yaw250_pitch+035,R1_high_info,R1_high_info,high-info,250,35,60,phase63(L1-G1),yaw250_pitch+035_roll+060,YES,20_pack (new render),high-info-seed yaw240 pitch+20/+30
R2_dark_rollsens__yaw275_pitch-085,R2_dark_rollsens,R2_dark_rollsens,dark/roll-sensitive,275,-85,-60,phase63(L1-G1),yaw275_pitch-085_roll-060,YES,20_pack (new render),dark/roll-sensitive-seed yaw285 pitch-70/-85
R2_dark_rollsens__yaw275_pitch-085,R2_dark_rollsens,R2_dark_rollsens,dark/roll-sensitive,275,-85,-45,phase63(L1-G1),yaw275_pitch-085_roll-045,YES,20_pack (new render),dark/roll-sensitive-seed yaw285 pitch-70/-85
R2_dark_rollsens__yaw275_pitch-085,R2_dark_rollsens,R2_dark_rollsens,dark/roll-sensitive,275,-85,-30,phase63(L1-G1),yaw275_pitch-085_roll-030,YES,20_pack (new render),dark/roll-sensitive-seed yaw285 pitch-70/-85
R2_dark_rollsens__yaw275_pitch-085,R2_dark_rollsens,R2_dark_rollsens,dark/roll-sensitive,275,-85,-15,phase63(L1-G1),yaw275_pitch-085_roll-015,YES,20_pack (new render),dark/roll-sensitive-seed yaw285 pitch-70/-85
R2_dark_rollsens__yaw275_pitch-085,R2_dark_rollsens,R2_dark_rollsens,dark/roll-sensitive,275,-85,0,phase63(L1-G1),yaw275_pitch-085_roll+000,NO,"01_fullrun (roll+000, 复用不重渲)",dark/roll-sensitive-seed yaw285 pitch-70/-85
R2_dark_rollsens__yaw275_pitch-085,R2_dark_rollsens,R2_dark_rollsens,dark/roll-sensitive,275,-85,15,phase63(L1-G1),yaw275_pitch-085_roll+015,YES,20_pack (new render),dark/roll-sensitive-seed yaw285 pitch-70/-85
R2_dark_rollsens__yaw275_pitch-085,R2_dark_rollsens,R2_dark_rollsens,dark/roll-sensitive,275,-85,30,phase63(L1-G1),yaw275_pitch-085_roll+030,YES,20_pack (new render),dark/roll-sensitive-seed yaw285 pitch-70/-85
R2_dark_rollsens__yaw275_pitch-085,R2_dark_rollsens,R2_dark_rollsens,dark/roll-sensitive,275,-85,45,phase63(L1-G1),yaw275_pitch-085_roll+045,YES,20_pack (new render),dark/roll-sensitive-seed yaw285 pitch-70/-85
R2_dark_rollsens__yaw275_pitch-085,R2_dark_rollsens,R2_dark_rollsens,dark/roll-sensitive,275,-85,60,phase63(L1-G1),yaw275_pitch-085_roll+060,YES,20_pack (new render),dark/roll-sensitive-seed yaw285 pitch-70/-85
R2_dark_rollsens__yaw275_pitch-080,R2_dark_rollsens,R2_dark_rollsens,dark/roll-sensitive,275,-80,-60,phase63(L1-G1),yaw275_pitch-080_roll-060,YES,20_pack (new render),dark/roll-sensitive-seed yaw285 pitch-70/-85
R2_dark_rollsens__yaw275_pitch-080,R2_dark_rollsens,R2_dark_rollsens,dark/roll-sensitive,275,-80,-45,phase63(L1-G1),yaw275_pitch-080_roll-045,YES,20_pack (new render),dark/roll-sensitive-seed yaw285 pitch-70/-85
R2_dark_rollsens__yaw275_pitch-080,R2_dark_rollsens,R2_dark_rollsens,dark/roll-sensitive,275,-80,-30,phase63(L1-G1),yaw275_pitch-080_roll-030,YES,20_pack (new render),dark/roll-sensitive-seed yaw285 pitch-70/-85
R2_dark_rollsens__yaw275_pitch-080,R2_dark_rollsens,R2_dark_rollsens,dark/roll-sensitive,275,-80,-15,phase63(L1-G1),yaw275_pitch-080_roll-015,YES,20_pack (new render),dark/roll-sensitive-seed yaw285 pitch-70/-85
R2_dark_rollsens__yaw275_pitch-080,R2_dark_rollsens,R2_dark_rollsens,dark/roll-sensitive,275,-80,0,phase63(L1-G1),yaw275_pitch-080_roll+000,NO,"01_fullrun (roll+000, 复用不重渲)",dark/roll-sensitive-seed yaw285 pitch-70/-85
R2_dark_rollsens__yaw275_pitch-080,R2_dark_rollsens,R2_dark_rollsens,dark/roll-sensitive,275,-80,15,phase63(L1-G1),yaw275_pitch-080_roll+015,YES,20_pack (new render),dark/roll-sensitive-seed yaw285 pitch-70/-85
R2_dark_rollsens__yaw275_pitch-080,R2_dark_rollsens,R2_dark_rollsens,dark/roll-sensitive,275,-80,30,phase63(L1-G1),yaw275_pitch-080_roll+030,YES,20_pack (new render),dark/roll-sensitive-seed yaw285 pitch-70/-85
R2_dark_rollsens__yaw275_pitch-080,R2_dark_rollsens,R2_dark_rollsens,dark/roll-sensitive,275,-80,45,phase63(L1-G1),yaw275_pitch-080_roll+045,YES,20_pack (new render),dark/roll-sensitive-seed yaw285 pitch-70/-85
R2_dark_rollsens__yaw275_pitch-080,R2_dark_rollsens,R2_dark_rollsens,dark/roll-sensitive,275,-80,60,phase63(L1-G1),yaw275_pitch-080_roll+060,YES,20_pack (new render),dark/roll-sensitive-seed yaw285 pitch-70/-85
R2_dark_rollsens__yaw275_pitch-075,R2_dark_rollsens,R2_dark_rollsens,dark/roll-sensitive,275,-75,-60,phase63(L1-G1),yaw275_pitch-075_roll-060,YES,20_pack (new render),dark/roll-sensitive-seed yaw285 pitch-70/-85
R2_dark_rollsens__yaw275_pitch-075,R2_dark_rollsens,R2_dark_rollsens,dark/roll-sensitive,275,-75,-45,phase63(L1-G1),yaw275_pitch-075_roll-045,YES,20_pack (new render),dark/roll-sensitive-seed yaw285 pitch-70/-85
R2_dark_rollsens__yaw275_pitch-075,R2_dark_rollsens,R2_dark_rollsens,dark/roll-sensitive,275,-75,-30,phase63(L1-G1),yaw275_pitch-075_roll-030,YES,20_pack (new render),dark/roll-sensitive-seed yaw285 pitch-70/-85
R2_dark_rollsens__yaw275_pitch-075,R2_dark_rollsens,R2_dark_rollsens,dark/roll-sensitive,275,-75,-15,phase63(L1-G1),yaw275_pitch-075_roll-015,YES,20_pack (new render),dark/roll-sensitive-seed yaw285 pitch-70/-85
R2_dark_rollsens__yaw275_pitch-075,R2_dark_rollsens,R2_dark_rollsens,dark/roll-sensitive,275,-75,0,phase63(L1-G1),yaw275_pitch-075_roll+000,NO,"01_fullrun (roll+000, 复用不重渲)",dark/roll-sensitive-seed yaw285 pitch-70/-85
R2_dark_rollsens__yaw275_pitch-075,R2_dark_rollsens,R2_dark_rollsens,dark/roll-sensitive,275,-75,15,phase63(L1-G1),yaw275_pitch-075_roll+015,YES,20_pack (new render),dark/roll-sensitive-seed yaw285 pitch-70/-85
R2_dark_rollsens__yaw275_pitch-075,R2_dark_rollsens,R2_dark_rollsens,dark/roll-sensitive,275,-75,30,phase63(L1-G1),yaw275_pitch-075_roll+030,YES,20_pack (new render),dark/roll-sensitive-seed yaw285 pitch-70/-85
R2_dark_rollsens__yaw275_pitch-075,R2_dark_rollsens,R2_dark_rollsens,dark/roll-sensitive,275,-75,45,phase63(L1-G1),yaw275_pitch-075_roll+045,YES,20_pack (new render),dark/roll-sensitive-seed yaw285 pitch-70/-85
R2_dark_rollsens__yaw275_pitch-075,R2_dark_rollsens,R2_dark_rollsens,dark/roll-sensitive,275,-75,60,phase63(L1-G1),yaw275_pitch-075_roll+060,YES,20_pack (new render),dark/roll-sensitive-seed yaw285 pitch-70/-85
R2_dark_rollsens__yaw275_pitch-070,R2_dark_rollsens,R2_dark_rollsens,dark/roll-sensitive,275,-70,-60,phase63(L1-G1),yaw275_pitch-070_roll-060,YES,20_pack (new render),dark/roll-sensitive-seed yaw285 pitch-70/-85
R2_dark_rollsens__yaw275_pitch-070,R2_dark_rollsens,R2_dark_rollsens,dark/roll-sensitive,275,-70,-45,phase63(L1-G1),yaw275_pitch-070_roll-045,YES,20_pack (new render),dark/roll-sensitive-seed yaw285 pitch-70/-85
R2_dark_rollsens__yaw275_pitch-070,R2_dark_rollsens,R2_dark_rollsens,dark/roll-sensitive,275,-70,-30,phase63(L1-G1),yaw275_pitch-070_roll-030,YES,20_pack (new render),dark/roll-sensitive-seed yaw285 pitch-70/-85
R2_dark_rollsens__yaw275_pitch-070,R2_dark_rollsens,R2_dark_rollsens,dark/roll-sensitive,275,-70,-15,phase63(L1-G1),yaw275_pitch-070_roll-015,YES,20_pack (new render),dark/roll-sensitive-seed yaw285 pitch-70/-85
R2_dark_rollsens__yaw275_pitch-070,R2_dark_rollsens,R2_dark_rollsens,dark/roll-sensitive,275,-70,0,phase63(L1-G1),yaw275_pitch-070_roll+000,NO,"01_fullrun (roll+000, 复用不重渲)",dark/roll-sensitive-seed yaw285 pitch-70/-85
R2_dark_rollsens__yaw275_pitch-070,R2_dark_rollsens,R2_dark_rollsens,dark/roll-sensitive,275,-70,15,phase63(L1-G1),yaw275_pitch-070_roll+015,YES,20_pack (new render),dark/roll-sensitive-seed yaw285 pitch-70/-85
R2_dark_rollsens__yaw275_pitch-070,R2_dark_rollsens,R2_dark_rollsens,dark/roll-sensitive,275,-70,30,phase63(L1-G1),yaw275_pitch-070_roll+030,YES,20_pack (new render),dark/roll-sensitive-seed yaw285 pitch-70/-85
R2_dark_rollsens__yaw275_pitch-070,R2_dark_rollsens,R2_dark_rollsens,dark/roll-sensitive,275,-70,45,phase63(L1-G1),yaw275_pitch-070_roll+045,YES,20_pack (new render),dark/roll-sensitive-seed yaw285 pitch-70/-85
R2_dark_rollsens__yaw275_pitch-070,R2_dark_rollsens,R2_dark_rollsens,dark/roll-sensitive,275,-70,60,phase63(L1-G1),yaw275_pitch-070_roll+060,YES,20_pack (new render),dark/roll-sensitive-seed yaw285 pitch-70/-85
R2_dark_rollsens__yaw275_pitch-065,R2_dark_rollsens,R2_dark_rollsens,dark/roll-sensitive,275,-65,-60,phase63(L1-G1),yaw275_pitch-065_roll-060,YES,20_pack (new render),dark/roll-sensitive-seed yaw285 pitch-70/-85
R2_dark_rollsens__yaw275_pitch-065,R2_dark_rollsens,R2_dark_rollsens,dark/roll-sensitive,275,-65,-45,phase63(L1-G1),yaw275_pitch-065_roll-045,YES,20_pack (new render),dark/roll-sensitive-seed yaw285 pitch-70/-85
R2_dark_rollsens__yaw275_pitch-065,R2_dark_rollsens,R2_dark_rollsens,dark/roll-sensitive,275,-65,-30,phase63(L1-G1),yaw275_pitch-065_roll-030,YES,20_pack (new render),dark/roll-sensitive-seed yaw285 pitch-70/-85
R2_dark_rollsens__yaw275_pitch-065,R2_dark_rollsens,R2_dark_rollsens,dark/roll-sensitive,275,-65,-15,phase63(L1-G1),yaw275_pitch-065_roll-015,YES,20_pack (new render),dark/roll-sensitive-seed yaw285 pitch-70/-85
R2_dark_rollsens__yaw275_pitch-065,R2_dark_rollsens,R2_dark_rollsens,dark/roll-sensitive,275,-65,0,phase63(L1-G1),yaw275_pitch-065_roll+000,NO,"01_fullrun (roll+000, 复用不重渲)",dark/roll-sensitive-seed yaw285 pitch-70/-85
R2_dark_rollsens__yaw275_pitch-065,R2_dark_rollsens,R2_dark_rollsens,dark/roll-sensitive,275,-65,15,phase63(L1-G1),yaw275_pitch-065_roll+015,YES,20_pack (new render),dark/roll-sensitive-seed yaw285 pitch-70/-85
R2_dark_rollsens__yaw275_pitch-065,R2_dark_rollsens,R2_dark_rollsens,dark/roll-sensitive,275,-65,30,phase63(L1-G1),yaw275_pitch-065_roll+030,YES,20_pack (new render),dark/roll-sensitive-seed yaw285 pitch-70/-85
R2_dark_rollsens__yaw275_pitch-065,R2_dark_rollsens,R2_dark_rollsens,dark/roll-sensitive,275,-65,45,phase63(L1-G1),yaw275_pitch-065_roll+045,YES,20_pack (new render),dark/roll-sensitive-seed yaw285 pitch-70/-85
R2_dark_rollsens__yaw275_pitch-065,R2_dark_rollsens,R2_dark_rollsens,dark/roll-sensitive,275,-65,60,phase63(L1-G1),yaw275_pitch-065_roll+060,YES,20_pack (new render),dark/roll-sensitive-seed yaw285 pitch-70/-85
R2_dark_rollsens__yaw280_pitch-085,R2_dark_rollsens,R2_dark_rollsens,dark/roll-sensitive,280,-85,-60,phase63(L1-G1),yaw280_pitch-085_roll-060,YES,20_pack (new render),dark/roll-sensitive-seed yaw285 pitch-70/-85
R2_dark_rollsens__yaw280_pitch-085,R2_dark_rollsens,R2_dark_rollsens,dark/roll-sensitive,280,-85,-45,phase63(L1-G1),yaw280_pitch-085_roll-045,YES,20_pack (new render),dark/roll-sensitive-seed yaw285 pitch-70/-85
R2_dark_rollsens__yaw280_pitch-085,R2_dark_rollsens,R2_dark_rollsens,dark/roll-sensitive,280,-85,-30,phase63(L1-G1),yaw280_pitch-085_roll-030,YES,20_pack (new render),dark/roll-sensitive-seed yaw285 pitch-70/-85
R2_dark_rollsens__yaw280_pitch-085,R2_dark_rollsens,R2_dark_rollsens,dark/roll-sensitive,280,-85,-15,phase63(L1-G1),yaw280_pitch-085_roll-015,YES,20_pack (new render),dark/roll-sensitive-seed yaw285 pitch-70/-85
R2_dark_rollsens__yaw280_pitch-085,R2_dark_rollsens,R2_dark_rollsens,dark/roll-sensitive,280,-85,0,phase63(L1-G1),yaw280_pitch-085_roll+000,NO,"01_fullrun (roll+000, 复用不重渲)",dark/roll-sensitive-seed yaw285 pitch-70/-85
R2_dark_rollsens__yaw280_pitch-085,R2_dark_rollsens,R2_dark_rollsens,dark/roll-sensitive,280,-85,15,phase63(L1-G1),yaw280_pitch-085_roll+015,YES,20_pack (new render),dark/roll-sensitive-seed yaw285 pitch-70/-85
R2_dark_rollsens__yaw280_pitch-085,R2_dark_rollsens,R2_dark_rollsens,dark/roll-sensitive,280,-85,30,phase63(L1-G1),yaw280_pitch-085_roll+030,YES,20_pack (new render),dark/roll-sensitive-seed yaw285 pitch-70/-85
R2_dark_rollsens__yaw280_pitch-085,R2_dark_rollsens,R2_dark_rollsens,dark/roll-sensitive,280,-85,45,phase63(L1-G1),yaw280_pitch-085_roll+045,YES,20_pack (new render),dark/roll-sensitive-seed yaw285 pitch-70/-85
R2_dark_rollsens__yaw280_pitch-085,R2_dark_rollsens,R2_dark_rollsens,dark/roll-sensitive,280,-85,60,phase63(L1-G1),yaw280_pitch-085_roll+060,YES,20_pack (new render),dark/roll-sensitive-seed yaw285 pitch-70/-85
R2_dark_rollsens__yaw280_pitch-080,R2_dark_rollsens,R2_dark_rollsens,dark/roll-sensitive,280,-80,-60,phase63(L1-G1),yaw280_pitch-080_roll-060,YES,20_pack (new render),dark/roll-sensitive-seed yaw285 pitch-70/-85
R2_dark_rollsens__yaw280_pitch-080,R2_dark_rollsens,R2_dark_rollsens,dark/roll-sensitive,280,-80,-45,phase63(L1-G1),yaw280_pitch-080_roll-045,YES,20_pack (new render),dark/roll-sensitive-seed yaw285 pitch-70/-85
R2_dark_rollsens__yaw280_pitch-080,R2_dark_rollsens,R2_dark_rollsens,dark/roll-sensitive,280,-80,-30,phase63(L1-G1),yaw280_pitch-080_roll-030,YES,20_pack (new render),dark/roll-sensitive-seed yaw285 pitch-70/-85
R2_dark_rollsens__yaw280_pitch-080,R2_dark_rollsens,R2_dark_rollsens,dark/roll-sensitive,280,-80,-15,phase63(L1-G1),yaw280_pitch-080_roll-015,YES,20_pack (new render),dark/roll-sensitive-seed yaw285 pitch-70/-85
R2_dark_rollsens__yaw280_pitch-080,R2_dark_rollsens,R2_dark_rollsens,dark/roll-sensitive,280,-80,0,phase63(L1-G1),yaw280_pitch-080_roll+000,NO,"01_fullrun (roll+000, 复用不重渲)",dark/roll-sensitive-seed yaw285 pitch-70/-85
R2_dark_rollsens__yaw280_pitch-080,R2_dark_rollsens,R2_dark_rollsens,dark/roll-sensitive,280,-80,15,phase63(L1-G1),yaw280_pitch-080_roll+015,YES,20_pack (new render),dark/roll-sensitive-seed yaw285 pitch-70/-85
R2_dark_rollsens__yaw280_pitch-080,R2_dark_rollsens,R2_dark_rollsens,dark/roll-sensitive,280,-80,30,phase63(L1-G1),yaw280_pitch-080_roll+030,YES,20_pack (new render),dark/roll-sensitive-seed yaw285 pitch-70/-85
R2_dark_rollsens__yaw280_pitch-080,R2_dark_rollsens,R2_dark_rollsens,dark/roll-sensitive,280,-80,45,phase63(L1-G1),yaw280_pitch-080_roll+045,YES,20_pack (new render),dark/roll-sensitive-seed yaw285 pitch-70/-85
R2_dark_rollsens__yaw280_pitch-080,R2_dark_rollsens,R2_dark_rollsens,dark/roll-sensitive,280,-80,60,phase63(L1-G1),yaw280_pitch-080_roll+060,YES,20_pack (new render),dark/roll-sensitive-seed yaw285 pitch-70/-85
R2_dark_rollsens__yaw280_pitch-075,R2_dark_rollsens,R2_dark_rollsens,dark/roll-sensitive,280,-75,-60,phase63(L1-G1),yaw280_pitch-075_roll-060,YES,20_pack (new render),dark/roll-sensitive-seed yaw285 pitch-70/-85
R2_dark_rollsens__yaw280_pitch-075,R2_dark_rollsens,R2_dark_rollsens,dark/roll-sensitive,280,-75,-45,phase63(L1-G1),yaw280_pitch-075_roll-045,YES,20_pack (new render),dark/roll-sensitive-seed yaw285 pitch-70/-85
R2_dark_rollsens__yaw280_pitch-075,R2_dark_rollsens,R2_dark_rollsens,dark/roll-sensitive,280,-75,-30,phase63(L1-G1),yaw280_pitch-075_roll-030,YES,20_pack (new render),dark/roll-sensitive-seed yaw285 pitch-70/-85
R2_dark_rollsens__yaw280_pitch-075,R2_dark_rollsens,R2_dark_rollsens,dark/roll-sensitive,280,-75,-15,phase63(L1-G1),yaw280_pitch-075_roll-015,YES,20_pack (new render),dark/roll-sensitive-seed yaw285 pitch-70/-85
R2_dark_rollsens__yaw280_pitch-075,R2_dark_rollsens,R2_dark_rollsens,dark/roll-sensitive,280,-75,0,phase63(L1-G1),yaw280_pitch-075_roll+000,NO,"01_fullrun (roll+000, 复用不重渲)",dark/roll-sensitive-seed yaw285 pitch-70/-85
R2_dark_rollsens__yaw280_pitch-075,R2_dark_rollsens,R2_dark_rollsens,dark/roll-sensitive,280,-75,15,phase63(L1-G1),yaw280_pitch-075_roll+015,YES,20_pack (new render),dark/roll-sensitive-seed yaw285 pitch-70/-85
R2_dark_rollsens__yaw280_pitch-075,R2_dark_rollsens,R2_dark_rollsens,dark/roll-sensitive,280,-75,30,phase63(L1-G1),yaw280_pitch-075_roll+030,YES,20_pack (new render),dark/roll-sensitive-seed yaw285 pitch-70/-85
R2_dark_rollsens__yaw280_pitch-075,R2_dark_rollsens,R2_dark_rollsens,dark/roll-sensitive,280,-75,45,phase63(L1-G1),yaw280_pitch-075_roll+045,YES,20_pack (new render),dark/roll-sensitive-seed yaw285 pitch-70/-85
R2_dark_rollsens__yaw280_pitch-075,R2_dark_rollsens,R2_dark_rollsens,dark/roll-sensitive,280,-75,60,phase63(L1-G1),yaw280_pitch-075_roll+060,YES,20_pack (new render),dark/roll-sensitive-seed yaw285 pitch-70/-85
R2_dark_rollsens__yaw280_pitch-070,R2_dark_rollsens,R2_dark_rollsens,dark/roll-sensitive,280,-70,-60,phase63(L1-G1),yaw280_pitch-070_roll-060,YES,20_pack (new render),dark/roll-sensitive-seed yaw285 pitch-70/-85
R2_dark_rollsens__yaw280_pitch-070,R2_dark_rollsens,R2_dark_rollsens,dark/roll-sensitive,280,-70,-45,phase63(L1-G1),yaw280_pitch-070_roll-045,YES,20_pack (new render),dark/roll-sensitive-seed yaw285 pitch-70/-85
R2_dark_rollsens__yaw280_pitch-070,R2_dark_rollsens,R2_dark_rollsens,dark/roll-sensitive,280,-70,-30,phase63(L1-G1),yaw280_pitch-070_roll-030,YES,20_pack (new render),dark/roll-sensitive-seed yaw285 pitch-70/-85
R2_dark_rollsens__yaw280_pitch-070,R2_dark_rollsens,R2_dark_rollsens,dark/roll-sensitive,280,-70,-15,phase63(L1-G1),yaw280_pitch-070_roll-015,YES,20_pack (new render),dark/roll-sensitive-seed yaw285 pitch-70/-85
R2_dark_rollsens__yaw280_pitch-070,R2_dark_rollsens,R2_dark_rollsens,dark/roll-sensitive,280,-70,0,phase63(L1-G1),yaw280_pitch-070_roll+000,NO,"01_fullrun (roll+000, 复用不重渲)",dark/roll-sensitive-seed yaw285 pitch-70/-85
R2_dark_rollsens__yaw280_pitch-070,R2_dark_rollsens,R2_dark_rollsens,dark/roll-sensitive,280,-70,15,phase63(L1-G1),yaw280_pitch-070_roll+015,YES,20_pack (new render),dark/roll-sensitive-seed yaw285 pitch-70/-85
R2_dark_rollsens__yaw280_pitch-070,R2_dark_rollsens,R2_dark_rollsens,dark/roll-sensitive,280,-70,30,phase63(L1-G1),yaw280_pitch-070_roll+030,YES,20_pack (new render),dark/roll-sensitive-seed yaw285 pitch-70/-85
R2_dark_rollsens__yaw280_pitch-070,R2_dark_rollsens,R2_dark_rollsens,dark/roll-sensitive,280,-70,45,phase63(L1-G1),yaw280_pitch-070_roll+045,YES,20_pack (new render),dark/roll-sensitive-seed yaw285 pitch-70/-85
R2_dark_rollsens__yaw280_pitch-070,R2_dark_rollsens,R2_dark_rollsens,dark/roll-sensitive,280,-70,60,phase63(L1-G1),yaw280_pitch-070_roll+060,YES,20_pack (new render),dark/roll-sensitive-seed yaw285 pitch-70/-85
R2_dark_rollsens__yaw280_pitch-065,R2_dark_rollsens,R2_dark_rollsens,dark/roll-sensitive,280,-65,-60,phase63(L1-G1),yaw280_pitch-065_roll-060,YES,20_pack (new render),dark/roll-sensitive-seed yaw285 pitch-70/-85
R2_dark_rollsens__yaw280_pitch-065,R2_dark_rollsens,R2_dark_rollsens,dark/roll-sensitive,280,-65,-45,phase63(L1-G1),yaw280_pitch-065_roll-045,YES,20_pack (new render),dark/roll-sensitive-seed yaw285 pitch-70/-85
R2_dark_rollsens__yaw280_pitch-065,R2_dark_rollsens,R2_dark_rollsens,dark/roll-sensitive,280,-65,-30,phase63(L1-G1),yaw280_pitch-065_roll-030,YES,20_pack (new render),dark/roll-sensitive-seed yaw285 pitch-70/-85
R2_dark_rollsens__yaw280_pitch-065,R2_dark_rollsens,R2_dark_rollsens,dark/roll-sensitive,280,-65,-15,phase63(L1-G1),yaw280_pitch-065_roll-015,YES,20_pack (new render),dark/roll-sensitive-seed yaw285 pitch-70/-85
R2_dark_rollsens__yaw280_pitch-065,R2_dark_rollsens,R2_dark_rollsens,dark/roll-sensitive,280,-65,0,phase63(L1-G1),yaw280_pitch-065_roll+000,NO,"01_fullrun (roll+000, 复用不重渲)",dark/roll-sensitive-seed yaw285 pitch-70/-85
R2_dark_rollsens__yaw280_pitch-065,R2_dark_rollsens,R2_dark_rollsens,dark/roll-sensitive,280,-65,15,phase63(L1-G1),yaw280_pitch-065_roll+015,YES,20_pack (new render),dark/roll-sensitive-seed yaw285 pitch-70/-85
R2_dark_rollsens__yaw280_pitch-065,R2_dark_rollsens,R2_dark_rollsens,dark/roll-sensitive,280,-65,30,phase63(L1-G1),yaw280_pitch-065_roll+030,YES,20_pack (new render),dark/roll-sensitive-seed yaw285 pitch-70/-85
R2_dark_rollsens__yaw280_pitch-065,R2_dark_rollsens,R2_dark_rollsens,dark/roll-sensitive,280,-65,45,phase63(L1-G1),yaw280_pitch-065_roll+045,YES,20_pack (new render),dark/roll-sensitive-seed yaw285 pitch-70/-85
R2_dark_rollsens__yaw280_pitch-065,R2_dark_rollsens,R2_dark_rollsens,dark/roll-sensitive,280,-65,60,phase63(L1-G1),yaw280_pitch-065_roll+060,YES,20_pack (new render),dark/roll-sensitive-seed yaw285 pitch-70/-85
R2_dark_rollsens__yaw285_pitch-085,R2_dark_rollsens,R2_dark_rollsens,dark/roll-sensitive,285,-85,-60,phase63(L1-G1),yaw285_pitch-085_roll-060,YES,20_pack (new render),dark/roll-sensitive-seed yaw285 pitch-70/-85
R2_dark_rollsens__yaw285_pitch-085,R2_dark_rollsens,R2_dark_rollsens,dark/roll-sensitive,285,-85,-45,phase63(L1-G1),yaw285_pitch-085_roll-045,YES,20_pack (new render),dark/roll-sensitive-seed yaw285 pitch-70/-85
R2_dark_rollsens__yaw285_pitch-085,R2_dark_rollsens,R2_dark_rollsens,dark/roll-sensitive,285,-85,-30,phase63(L1-G1),yaw285_pitch-085_roll-030,YES,20_pack (new render),dark/roll-sensitive-seed yaw285 pitch-70/-85
R2_dark_rollsens__yaw285_pitch-085,R2_dark_rollsens,R2_dark_rollsens,dark/roll-sensitive,285,-85,-15,phase63(L1-G1),yaw285_pitch-085_roll-015,YES,20_pack (new render),dark/roll-sensitive-seed yaw285 pitch-70/-85
R2_dark_rollsens__yaw285_pitch-085,R2_dark_rollsens,R2_dark_rollsens,dark/roll-sensitive,285,-85,0,phase63(L1-G1),yaw285_pitch-085_roll+000,NO,"01_fullrun (roll+000, 复用不重渲)",dark/roll-sensitive-seed yaw285 pitch-70/-85
R2_dark_rollsens__yaw285_pitch-085,R2_dark_rollsens,R2_dark_rollsens,dark/roll-sensitive,285,-85,15,phase63(L1-G1),yaw285_pitch-085_roll+015,YES,20_pack (new render),dark/roll-sensitive-seed yaw285 pitch-70/-85
R2_dark_rollsens__yaw285_pitch-085,R2_dark_rollsens,R2_dark_rollsens,dark/roll-sensitive,285,-85,30,phase63(L1-G1),yaw285_pitch-085_roll+030,YES,20_pack (new render),dark/roll-sensitive-seed yaw285 pitch-70/-85
R2_dark_rollsens__yaw285_pitch-085,R2_dark_rollsens,R2_dark_rollsens,dark/roll-sensitive,285,-85,45,phase63(L1-G1),yaw285_pitch-085_roll+045,YES,20_pack (new render),dark/roll-sensitive-seed yaw285 pitch-70/-85
R2_dark_rollsens__yaw285_pitch-085,R2_dark_rollsens,R2_dark_rollsens,dark/roll-sensitive,285,-85,60,phase63(L1-G1),yaw285_pitch-085_roll+060,YES,20_pack (new render),dark/roll-sensitive-seed yaw285 pitch-70/-85
R2_dark_rollsens__yaw285_pitch-080,R2_dark_rollsens,R2_dark_rollsens,dark/roll-sensitive,285,-80,-60,phase63(L1-G1),yaw285_pitch-080_roll-060,YES,20_pack (new render),dark/roll-sensitive-seed yaw285 pitch-70/-85
R2_dark_rollsens__yaw285_pitch-080,R2_dark_rollsens,R2_dark_rollsens,dark/roll-sensitive,285,-80,-45,phase63(L1-G1),yaw285_pitch-080_roll-045,YES,20_pack (new render),dark/roll-sensitive-seed yaw285 pitch-70/-85
R2_dark_rollsens__yaw285_pitch-080,R2_dark_rollsens,R2_dark_rollsens,dark/roll-sensitive,285,-80,-30,phase63(L1-G1),yaw285_pitch-080_roll-030,YES,20_pack (new render),dark/roll-sensitive-seed yaw285 pitch-70/-85
R2_dark_rollsens__yaw285_pitch-080,R2_dark_rollsens,R2_dark_rollsens,dark/roll-sensitive,285,-80,-15,phase63(L1-G1),yaw285_pitch-080_roll-015,YES,20_pack (new render),dark/roll-sensitive-seed yaw285 pitch-70/-85
R2_dark_rollsens__yaw285_pitch-080,R2_dark_rollsens,R2_dark_rollsens,dark/roll-sensitive,285,-80,0,phase63(L1-G1),yaw285_pitch-080_roll+000,NO,"01_fullrun (roll+000, 复用不重渲)",dark/roll-sensitive-seed yaw285 pitch-70/-85
R2_dark_rollsens__yaw285_pitch-080,R2_dark_rollsens,R2_dark_rollsens,dark/roll-sensitive,285,-80,15,phase63(L1-G1),yaw285_pitch-080_roll+015,YES,20_pack (new render),dark/roll-sensitive-seed yaw285 pitch-70/-85
R2_dark_rollsens__yaw285_pitch-080,R2_dark_rollsens,R2_dark_rollsens,dark/roll-sensitive,285,-80,30,phase63(L1-G1),yaw285_pitch-080_roll+030,YES,20_pack (new render),dark/roll-sensitive-seed yaw285 pitch-70/-85
R2_dark_rollsens__yaw285_pitch-080,R2_dark_rollsens,R2_dark_rollsens,dark/roll-sensitive,285,-80,45,phase63(L1-G1),yaw285_pitch-080_roll+045,YES,20_pack (new render),dark/roll-sensitive-seed yaw285 pitch-70/-85
R2_dark_rollsens__yaw285_pitch-080,R2_dark_rollsens,R2_dark_rollsens,dark/roll-sensitive,285,-80,60,phase63(L1-G1),yaw285_pitch-080_roll+060,YES,20_pack (new render),dark/roll-sensitive-seed yaw285 pitch-70/-85
R2_dark_rollsens__yaw285_pitch-075,R2_dark_rollsens,R2_dark_rollsens,dark/roll-sensitive,285,-75,-60,phase63(L1-G1),yaw285_pitch-075_roll-060,YES,20_pack (new render),dark/roll-sensitive-seed yaw285 pitch-70/-85
R2_dark_rollsens__yaw285_pitch-075,R2_dark_rollsens,R2_dark_rollsens,dark/roll-sensitive,285,-75,-45,phase63(L1-G1),yaw285_pitch-075_roll-045,YES,20_pack (new render),dark/roll-sensitive-seed yaw285 pitch-70/-85
R2_dark_rollsens__yaw285_pitch-075,R2_dark_rollsens,R2_dark_rollsens,dark/roll-sensitive,285,-75,-30,phase63(L1-G1),yaw285_pitch-075_roll-030,YES,20_pack (new render),dark/roll-sensitive-seed yaw285 pitch-70/-85
R2_dark_rollsens__yaw285_pitch-075,R2_dark_rollsens,R2_dark_rollsens,dark/roll-sensitive,285,-75,-15,phase63(L1-G1),yaw285_pitch-075_roll-015,YES,20_pack (new render),dark/roll-sensitive-seed yaw285 pitch-70/-85
R2_dark_rollsens__yaw285_pitch-075,R2_dark_rollsens,R2_dark_rollsens,dark/roll-sensitive,285,-75,0,phase63(L1-G1),yaw285_pitch-075_roll+000,NO,"01_fullrun (roll+000, 复用不重渲)",dark/roll-sensitive-seed yaw285 pitch-70/-85
R2_dark_rollsens__yaw285_pitch-075,R2_dark_rollsens,R2_dark_rollsens,dark/roll-sensitive,285,-75,15,phase63(L1-G1),yaw285_pitch-075_roll+015,YES,20_pack (new render),dark/roll-sensitive-seed yaw285 pitch-70/-85
R2_dark_rollsens__yaw285_pitch-075,R2_dark_rollsens,R2_dark_rollsens,dark/roll-sensitive,285,-75,30,phase63(L1-G1),yaw285_pitch-075_roll+030,YES,20_pack (new render),dark/roll-sensitive-seed yaw285 pitch-70/-85
R2_dark_rollsens__yaw285_pitch-075,R2_dark_rollsens,R2_dark_rollsens,dark/roll-sensitive,285,-75,45,phase63(L1-G1),yaw285_pitch-075_roll+045,YES,20_pack (new render),dark/roll-sensitive-seed yaw285 pitch-70/-85
R2_dark_rollsens__yaw285_pitch-075,R2_dark_rollsens,R2_dark_rollsens,dark/roll-sensitive,285,-75,60,phase63(L1-G1),yaw285_pitch-075_roll+060,YES,20_pack (new render),dark/roll-sensitive-seed yaw285 pitch-70/-85
R2_dark_rollsens__yaw285_pitch-070,R2_dark_rollsens,R2_dark_rollsens,dark/roll-sensitive,285,-70,-60,phase63(L1-G1),yaw285_pitch-070_roll-060,YES,20_pack (new render),dark/roll-sensitive-seed yaw285 pitch-70/-85
R2_dark_rollsens__yaw285_pitch-070,R2_dark_rollsens,R2_dark_rollsens,dark/roll-sensitive,285,-70,-45,phase63(L1-G1),yaw285_pitch-070_roll-045,YES,20_pack (new render),dark/roll-sensitive-seed yaw285 pitch-70/-85
R2_dark_rollsens__yaw285_pitch-070,R2_dark_rollsens,R2_dark_rollsens,dark/roll-sensitive,285,-70,-30,phase63(L1-G1),yaw285_pitch-070_roll-030,YES,20_pack (new render),dark/roll-sensitive-seed yaw285 pitch-70/-85
R2_dark_rollsens__yaw285_pitch-070,R2_dark_rollsens,R2_dark_rollsens,dark/roll-sensitive,285,-70,-15,phase63(L1-G1),yaw285_pitch-070_roll-015,YES,20_pack (new render),dark/roll-sensitive-seed yaw285 pitch-70/-85
R2_dark_rollsens__yaw285_pitch-070,R2_dark_rollsens,R2_dark_rollsens,dark/roll-sensitive,285,-70,0,phase63(L1-G1),yaw285_pitch-070_roll+000,NO,"01_fullrun (roll+000, 复用不重渲)",dark/roll-sensitive-seed yaw285 pitch-70/-85
R2_dark_rollsens__yaw285_pitch-070,R2_dark_rollsens,R2_dark_rollsens,dark/roll-sensitive,285,-70,15,phase63(L1-G1),yaw285_pitch-070_roll+015,YES,20_pack (new render),dark/roll-sensitive-seed yaw285 pitch-70/-85
R2_dark_rollsens__yaw285_pitch-070,R2_dark_rollsens,R2_dark_rollsens,dark/roll-sensitive,285,-70,30,phase63(L1-G1),yaw285_pitch-070_roll+030,YES,20_pack (new render),dark/roll-sensitive-seed yaw285 pitch-70/-85
R2_dark_rollsens__yaw285_pitch-070,R2_dark_rollsens,R2_dark_rollsens,dark/roll-sensitive,285,-70,45,phase63(L1-G1),yaw285_pitch-070_roll+045,YES,20_pack (new render),dark/roll-sensitive-seed yaw285 pitch-70/-85
R2_dark_rollsens__yaw285_pitch-070,R2_dark_rollsens,R2_dark_rollsens,dark/roll-sensitive,285,-70,60,phase63(L1-G1),yaw285_pitch-070_roll+060,YES,20_pack (new render),dark/roll-sensitive-seed yaw285 pitch-70/-85
R2_dark_rollsens__yaw285_pitch-065,R2_dark_rollsens,R2_dark_rollsens,dark/roll-sensitive,285,-65,-60,phase63(L1-G1),yaw285_pitch-065_roll-060,YES,20_pack (new render),dark/roll-sensitive-seed yaw285 pitch-70/-85
R2_dark_rollsens__yaw285_pitch-065,R2_dark_rollsens,R2_dark_rollsens,dark/roll-sensitive,285,-65,-45,phase63(L1-G1),yaw285_pitch-065_roll-045,YES,20_pack (new render),dark/roll-sensitive-seed yaw285 pitch-70/-85
R2_dark_rollsens__yaw285_pitch-065,R2_dark_rollsens,R2_dark_rollsens,dark/roll-sensitive,285,-65,-30,phase63(L1-G1),yaw285_pitch-065_roll-030,YES,20_pack (new render),dark/roll-sensitive-seed yaw285 pitch-70/-85
R2_dark_rollsens__yaw285_pitch-065,R2_dark_rollsens,R2_dark_rollsens,dark/roll-sensitive,285,-65,-15,phase63(L1-G1),yaw285_pitch-065_roll-015,YES,20_pack (new render),dark/roll-sensitive-seed yaw285 pitch-70/-85
R2_dark_rollsens__yaw285_pitch-065,R2_dark_rollsens,R2_dark_rollsens,dark/roll-sensitive,285,-65,0,phase63(L1-G1),yaw285_pitch-065_roll+000,NO,"01_fullrun (roll+000, 复用不重渲)",dark/roll-sensitive-seed yaw285 pitch-70/-85
R2_dark_rollsens__yaw285_pitch-065,R2_dark_rollsens,R2_dark_rollsens,dark/roll-sensitive,285,-65,15,phase63(L1-G1),yaw285_pitch-065_roll+015,YES,20_pack (new render),dark/roll-sensitive-seed yaw285 pitch-70/-85
R2_dark_rollsens__yaw285_pitch-065,R2_dark_rollsens,R2_dark_rollsens,dark/roll-sensitive,285,-65,30,phase63(L1-G1),yaw285_pitch-065_roll+030,YES,20_pack (new render),dark/roll-sensitive-seed yaw285 pitch-70/-85
R2_dark_rollsens__yaw285_pitch-065,R2_dark_rollsens,R2_dark_rollsens,dark/roll-sensitive,285,-65,45,phase63(L1-G1),yaw285_pitch-065_roll+045,YES,20_pack (new render),dark/roll-sensitive-seed yaw285 pitch-70/-85
R2_dark_rollsens__yaw285_pitch-065,R2_dark_rollsens,R2_dark_rollsens,dark/roll-sensitive,285,-65,60,phase63(L1-G1),yaw285_pitch-065_roll+060,YES,20_pack (new render),dark/roll-sensitive-seed yaw285 pitch-70/-85
R2_dark_rollsens__yaw290_pitch-085,R2_dark_rollsens,R2_dark_rollsens,dark/roll-sensitive,290,-85,-60,phase63(L1-G1),yaw290_pitch-085_roll-060,YES,20_pack (new render),dark/roll-sensitive-seed yaw285 pitch-70/-85
R2_dark_rollsens__yaw290_pitch-085,R2_dark_rollsens,R2_dark_rollsens,dark/roll-sensitive,290,-85,-45,phase63(L1-G1),yaw290_pitch-085_roll-045,YES,20_pack (new render),dark/roll-sensitive-seed yaw285 pitch-70/-85
R2_dark_rollsens__yaw290_pitch-085,R2_dark_rollsens,R2_dark_rollsens,dark/roll-sensitive,290,-85,-30,phase63(L1-G1),yaw290_pitch-085_roll-030,YES,20_pack (new render),dark/roll-sensitive-seed yaw285 pitch-70/-85
R2_dark_rollsens__yaw290_pitch-085,R2_dark_rollsens,R2_dark_rollsens,dark/roll-sensitive,290,-85,-15,phase63(L1-G1),yaw290_pitch-085_roll-015,YES,20_pack (new render),dark/roll-sensitive-seed yaw285 pitch-70/-85
R2_dark_rollsens__yaw290_pitch-085,R2_dark_rollsens,R2_dark_rollsens,dark/roll-sensitive,290,-85,0,phase63(L1-G1),yaw290_pitch-085_roll+000,NO,"01_fullrun (roll+000, 复用不重渲)",dark/roll-sensitive-seed yaw285 pitch-70/-85
R2_dark_rollsens__yaw290_pitch-085,R2_dark_rollsens,R2_dark_rollsens,dark/roll-sensitive,290,-85,15,phase63(L1-G1),yaw290_pitch-085_roll+015,YES,20_pack (new render),dark/roll-sensitive-seed yaw285 pitch-70/-85
R2_dark_rollsens__yaw290_pitch-085,R2_dark_rollsens,R2_dark_rollsens,dark/roll-sensitive,290,-85,30,phase63(L1-G1),yaw290_pitch-085_roll+030,YES,20_pack (new render),dark/roll-sensitive-seed yaw285 pitch-70/-85
R2_dark_rollsens__yaw290_pitch-085,R2_dark_rollsens,R2_dark_rollsens,dark/roll-sensitive,290,-85,45,phase63(L1-G1),yaw290_pitch-085_roll+045,YES,20_pack (new render),dark/roll-sensitive-seed yaw285 pitch-70/-85
R2_dark_rollsens__yaw290_pitch-085,R2_dark_rollsens,R2_dark_rollsens,dark/roll-sensitive,290,-85,60,phase63(L1-G1),yaw290_pitch-085_roll+060,YES,20_pack (new render),dark/roll-sensitive-seed yaw285 pitch-70/-85
R2_dark_rollsens__yaw290_pitch-080,R2_dark_rollsens,R2_dark_rollsens,dark/roll-sensitive,290,-80,-60,phase63(L1-G1),yaw290_pitch-080_roll-060,YES,20_pack (new render),dark/roll-sensitive-seed yaw285 pitch-70/-85
R2_dark_rollsens__yaw290_pitch-080,R2_dark_rollsens,R2_dark_rollsens,dark/roll-sensitive,290,-80,-45,phase63(L1-G1),yaw290_pitch-080_roll-045,YES,20_pack (new render),dark/roll-sensitive-seed yaw285 pitch-70/-85
R2_dark_rollsens__yaw290_pitch-080,R2_dark_rollsens,R2_dark_rollsens,dark/roll-sensitive,290,-80,-30,phase63(L1-G1),yaw290_pitch-080_roll-030,YES,20_pack (new render),dark/roll-sensitive-seed yaw285 pitch-70/-85
R2_dark_rollsens__yaw290_pitch-080,R2_dark_rollsens,R2_dark_rollsens,dark/roll-sensitive,290,-80,-15,phase63(L1-G1),yaw290_pitch-080_roll-015,YES,20_pack (new render),dark/roll-sensitive-seed yaw285 pitch-70/-85
R2_dark_rollsens__yaw290_pitch-080,R2_dark_rollsens,R2_dark_rollsens,dark/roll-sensitive,290,-80,0,phase63(L1-G1),yaw290_pitch-080_roll+000,NO,"01_fullrun (roll+000, 复用不重渲)",dark/roll-sensitive-seed yaw285 pitch-70/-85
R2_dark_rollsens__yaw290_pitch-080,R2_dark_rollsens,R2_dark_rollsens,dark/roll-sensitive,290,-80,15,phase63(L1-G1),yaw290_pitch-080_roll+015,YES,20_pack (new render),dark/roll-sensitive-seed yaw285 pitch-70/-85
R2_dark_rollsens__yaw290_pitch-080,R2_dark_rollsens,R2_dark_rollsens,dark/roll-sensitive,290,-80,30,phase63(L1-G1),yaw290_pitch-080_roll+030,YES,20_pack (new render),dark/roll-sensitive-seed yaw285 pitch-70/-85
R2_dark_rollsens__yaw290_pitch-080,R2_dark_rollsens,R2_dark_rollsens,dark/roll-sensitive,290,-80,45,phase63(L1-G1),yaw290_pitch-080_roll+045,YES,20_pack (new render),dark/roll-sensitive-seed yaw285 pitch-70/-85
R2_dark_rollsens__yaw290_pitch-080,R2_dark_rollsens,R2_dark_rollsens,dark/roll-sensitive,290,-80,60,phase63(L1-G1),yaw290_pitch-080_roll+060,YES,20_pack (new render),dark/roll-sensitive-seed yaw285 pitch-70/-85
R2_dark_rollsens__yaw290_pitch-075,R2_dark_rollsens,R2_dark_rollsens,dark/roll-sensitive,290,-75,-60,phase63(L1-G1),yaw290_pitch-075_roll-060,YES,20_pack (new render),dark/roll-sensitive-seed yaw285 pitch-70/-85
R2_dark_rollsens__yaw290_pitch-075,R2_dark_rollsens,R2_dark_rollsens,dark/roll-sensitive,290,-75,-45,phase63(L1-G1),yaw290_pitch-075_roll-045,YES,20_pack (new render),dark/roll-sensitive-seed yaw285 pitch-70/-85
R2_dark_rollsens__yaw290_pitch-075,R2_dark_rollsens,R2_dark_rollsens,dark/roll-sensitive,290,-75,-30,phase63(L1-G1),yaw290_pitch-075_roll-030,YES,20_pack (new render),dark/roll-sensitive-seed yaw285 pitch-70/-85
R2_dark_rollsens__yaw290_pitch-075,R2_dark_rollsens,R2_dark_rollsens,dark/roll-sensitive,290,-75,-15,phase63(L1-G1),yaw290_pitch-075_roll-015,YES,20_pack (new render),dark/roll-sensitive-seed yaw285 pitch-70/-85
R2_dark_rollsens__yaw290_pitch-075,R2_dark_rollsens,R2_dark_rollsens,dark/roll-sensitive,290,-75,0,phase63(L1-G1),yaw290_pitch-075_roll+000,NO,"01_fullrun (roll+000, 复用不重渲)",dark/roll-sensitive-seed yaw285 pitch-70/-85
R2_dark_rollsens__yaw290_pitch-075,R2_dark_rollsens,R2_dark_rollsens,dark/roll-sensitive,290,-75,15,phase63(L1-G1),yaw290_pitch-075_roll+015,YES,20_pack (new render),dark/roll-sensitive-seed yaw285 pitch-70/-85
R2_dark_rollsens__yaw290_pitch-075,R2_dark_rollsens,R2_dark_rollsens,dark/roll-sensitive,290,-75,30,phase63(L1-G1),yaw290_pitch-075_roll+030,YES,20_pack (new render),dark/roll-sensitive-seed yaw285 pitch-70/-85
R2_dark_rollsens__yaw290_pitch-075,R2_dark_rollsens,R2_dark_rollsens,dark/roll-sensitive,290,-75,45,phase63(L1-G1),yaw290_pitch-075_roll+045,YES,20_pack (new render),dark/roll-sensitive-seed yaw285 pitch-70/-85
R2_dark_rollsens__yaw290_pitch-075,R2_dark_rollsens,R2_dark_rollsens,dark/roll-sensitive,290,-75,60,phase63(L1-G1),yaw290_pitch-075_roll+060,YES,20_pack (new render),dark/roll-sensitive-seed yaw285 pitch-70/-85
R2_dark_rollsens__yaw290_pitch-070,R2_dark_rollsens,R2_dark_rollsens,dark/roll-sensitive,290,-70,-60,phase63(L1-G1),yaw290_pitch-070_roll-060,YES,20_pack (new render),dark/roll-sensitive-seed yaw285 pitch-70/-85
R2_dark_rollsens__yaw290_pitch-070,R2_dark_rollsens,R2_dark_rollsens,dark/roll-sensitive,290,-70,-45,phase63(L1-G1),yaw290_pitch-070_roll-045,YES,20_pack (new render),dark/roll-sensitive-seed yaw285 pitch-70/-85
R2_dark_rollsens__yaw290_pitch-070,R2_dark_rollsens,R2_dark_rollsens,dark/roll-sensitive,290,-70,-30,phase63(L1-G1),yaw290_pitch-070_roll-030,YES,20_pack (new render),dark/roll-sensitive-seed yaw285 pitch-70/-85
R2_dark_rollsens__yaw290_pitch-070,R2_dark_rollsens,R2_dark_rollsens,dark/roll-sensitive,290,-70,-15,phase63(L1-G1),yaw290_pitch-070_roll-015,YES,20_pack (new render),dark/roll-sensitive-seed yaw285 pitch-70/-85
R2_dark_rollsens__yaw290_pitch-070,R2_dark_rollsens,R2_dark_rollsens,dark/roll-sensitive,290,-70,0,phase63(L1-G1),yaw290_pitch-070_roll+000,NO,"01_fullrun (roll+000, 复用不重渲)",dark/roll-sensitive-seed yaw285 pitch-70/-85
R2_dark_rollsens__yaw290_pitch-070,R2_dark_rollsens,R2_dark_rollsens,dark/roll-sensitive,290,-70,15,phase63(L1-G1),yaw290_pitch-070_roll+015,YES,20_pack (new render),dark/roll-sensitive-seed yaw285 pitch-70/-85
R2_dark_rollsens__yaw290_pitch-070,R2_dark_rollsens,R2_dark_rollsens,dark/roll-sensitive,290,-70,30,phase63(L1-G1),yaw290_pitch-070_roll+030,YES,20_pack (new render),dark/roll-sensitive-seed yaw285 pitch-70/-85
R2_dark_rollsens__yaw290_pitch-070,R2_dark_rollsens,R2_dark_rollsens,dark/roll-sensitive,290,-70,45,phase63(L1-G1),yaw290_pitch-070_roll+045,YES,20_pack (new render),dark/roll-sensitive-seed yaw285 pitch-70/-85
R2_dark_rollsens__yaw290_pitch-070,R2_dark_rollsens,R2_dark_rollsens,dark/roll-sensitive,290,-70,60,phase63(L1-G1),yaw290_pitch-070_roll+060,YES,20_pack (new render),dark/roll-sensitive-seed yaw285 pitch-70/-85
R2_dark_rollsens__yaw290_pitch-065,R2_dark_rollsens,R2_dark_rollsens,dark/roll-sensitive,290,-65,-60,phase63(L1-G1),yaw290_pitch-065_roll-060,YES,20_pack (new render),dark/roll-sensitive-seed yaw285 pitch-70/-85
R2_dark_rollsens__yaw290_pitch-065,R2_dark_rollsens,R2_dark_rollsens,dark/roll-sensitive,290,-65,-45,phase63(L1-G1),yaw290_pitch-065_roll-045,YES,20_pack (new render),dark/roll-sensitive-seed yaw285 pitch-70/-85
R2_dark_rollsens__yaw290_pitch-065,R2_dark_rollsens,R2_dark_rollsens,dark/roll-sensitive,290,-65,-30,phase63(L1-G1),yaw290_pitch-065_roll-030,YES,20_pack (new render),dark/roll-sensitive-seed yaw285 pitch-70/-85
R2_dark_rollsens__yaw290_pitch-065,R2_dark_rollsens,R2_dark_rollsens,dark/roll-sensitive,290,-65,-15,phase63(L1-G1),yaw290_pitch-065_roll-015,YES,20_pack (new render),dark/roll-sensitive-seed yaw285 pitch-70/-85
R2_dark_rollsens__yaw290_pitch-065,R2_dark_rollsens,R2_dark_rollsens,dark/roll-sensitive,290,-65,0,phase63(L1-G1),yaw290_pitch-065_roll+000,NO,"01_fullrun (roll+000, 复用不重渲)",dark/roll-sensitive-seed yaw285 pitch-70/-85
R2_dark_rollsens__yaw290_pitch-065,R2_dark_rollsens,R2_dark_rollsens,dark/roll-sensitive,290,-65,15,phase63(L1-G1),yaw290_pitch-065_roll+015,YES,20_pack (new render),dark/roll-sensitive-seed yaw285 pitch-70/-85
R2_dark_rollsens__yaw290_pitch-065,R2_dark_rollsens,R2_dark_rollsens,dark/roll-sensitive,290,-65,30,phase63(L1-G1),yaw290_pitch-065_roll+030,YES,20_pack (new render),dark/roll-sensitive-seed yaw285 pitch-70/-85
R2_dark_rollsens__yaw290_pitch-065,R2_dark_rollsens,R2_dark_rollsens,dark/roll-sensitive,290,-65,45,phase63(L1-G1),yaw290_pitch-065_roll+045,YES,20_pack (new render),dark/roll-sensitive-seed yaw285 pitch-70/-85
R2_dark_rollsens__yaw290_pitch-065,R2_dark_rollsens,R2_dark_rollsens,dark/roll-sensitive,290,-65,60,phase63(L1-G1),yaw290_pitch-065_roll+060,YES,20_pack (new render),dark/roll-sensitive-seed yaw285 pitch-70/-85
R2_dark_rollsens__yaw295_pitch-085,R2_dark_rollsens,R2_dark_rollsens,dark/roll-sensitive,295,-85,-60,phase63(L1-G1),yaw295_pitch-085_roll-060,YES,20_pack (new render),dark/roll-sensitive-seed yaw285 pitch-70/-85
R2_dark_rollsens__yaw295_pitch-085,R2_dark_rollsens,R2_dark_rollsens,dark/roll-sensitive,295,-85,-45,phase63(L1-G1),yaw295_pitch-085_roll-045,YES,20_pack (new render),dark/roll-sensitive-seed yaw285 pitch-70/-85
R2_dark_rollsens__yaw295_pitch-085,R2_dark_rollsens,R2_dark_rollsens,dark/roll-sensitive,295,-85,-30,phase63(L1-G1),yaw295_pitch-085_roll-030,YES,20_pack (new render),dark/roll-sensitive-seed yaw285 pitch-70/-85
R2_dark_rollsens__yaw295_pitch-085,R2_dark_rollsens,R2_dark_rollsens,dark/roll-sensitive,295,-85,-15,phase63(L1-G1),yaw295_pitch-085_roll-015,YES,20_pack (new render),dark/roll-sensitive-seed yaw285 pitch-70/-85
R2_dark_rollsens__yaw295_pitch-085,R2_dark_rollsens,R2_dark_rollsens,dark/roll-sensitive,295,-85,0,phase63(L1-G1),yaw295_pitch-085_roll+000,NO,"01_fullrun (roll+000, 复用不重渲)",dark/roll-sensitive-seed yaw285 pitch-70/-85
R2_dark_rollsens__yaw295_pitch-085,R2_dark_rollsens,R2_dark_rollsens,dark/roll-sensitive,295,-85,15,phase63(L1-G1),yaw295_pitch-085_roll+015,YES,20_pack (new render),dark/roll-sensitive-seed yaw285 pitch-70/-85
R2_dark_rollsens__yaw295_pitch-085,R2_dark_rollsens,R2_dark_rollsens,dark/roll-sensitive,295,-85,30,phase63(L1-G1),yaw295_pitch-085_roll+030,YES,20_pack (new render),dark/roll-sensitive-seed yaw285 pitch-70/-85
R2_dark_rollsens__yaw295_pitch-085,R2_dark_rollsens,R2_dark_rollsens,dark/roll-sensitive,295,-85,45,phase63(L1-G1),yaw295_pitch-085_roll+045,YES,20_pack (new render),dark/roll-sensitive-seed yaw285 pitch-70/-85
R2_dark_rollsens__yaw295_pitch-085,R2_dark_rollsens,R2_dark_rollsens,dark/roll-sensitive,295,-85,60,phase63(L1-G1),yaw295_pitch-085_roll+060,YES,20_pack (new render),dark/roll-sensitive-seed yaw285 pitch-70/-85
R2_dark_rollsens__yaw295_pitch-080,R2_dark_rollsens,R2_dark_rollsens,dark/roll-sensitive,295,-80,-60,phase63(L1-G1),yaw295_pitch-080_roll-060,YES,20_pack (new render),dark/roll-sensitive-seed yaw285 pitch-70/-85
R2_dark_rollsens__yaw295_pitch-080,R2_dark_rollsens,R2_dark_rollsens,dark/roll-sensitive,295,-80,-45,phase63(L1-G1),yaw295_pitch-080_roll-045,YES,20_pack (new render),dark/roll-sensitive-seed yaw285 pitch-70/-85
R2_dark_rollsens__yaw295_pitch-080,R2_dark_rollsens,R2_dark_rollsens,dark/roll-sensitive,295,-80,-30,phase63(L1-G1),yaw295_pitch-080_roll-030,YES,20_pack (new render),dark/roll-sensitive-seed yaw285 pitch-70/-85
R2_dark_rollsens__yaw295_pitch-080,R2_dark_rollsens,R2_dark_rollsens,dark/roll-sensitive,295,-80,-15,phase63(L1-G1),yaw295_pitch-080_roll-015,YES,20_pack (new render),dark/roll-sensitive-seed yaw285 pitch-70/-85
R2_dark_rollsens__yaw295_pitch-080,R2_dark_rollsens,R2_dark_rollsens,dark/roll-sensitive,295,-80,0,phase63(L1-G1),yaw295_pitch-080_roll+000,NO,"01_fullrun (roll+000, 复用不重渲)",dark/roll-sensitive-seed yaw285 pitch-70/-85
R2_dark_rollsens__yaw295_pitch-080,R2_dark_rollsens,R2_dark_rollsens,dark/roll-sensitive,295,-80,15,phase63(L1-G1),yaw295_pitch-080_roll+015,YES,20_pack (new render),dark/roll-sensitive-seed yaw285 pitch-70/-85
R2_dark_rollsens__yaw295_pitch-080,R2_dark_rollsens,R2_dark_rollsens,dark/roll-sensitive,295,-80,30,phase63(L1-G1),yaw295_pitch-080_roll+030,YES,20_pack (new render),dark/roll-sensitive-seed yaw285 pitch-70/-85
R2_dark_rollsens__yaw295_pitch-080,R2_dark_rollsens,R2_dark_rollsens,dark/roll-sensitive,295,-80,45,phase63(L1-G1),yaw295_pitch-080_roll+045,YES,20_pack (new render),dark/roll-sensitive-seed yaw285 pitch-70/-85
R2_dark_rollsens__yaw295_pitch-080,R2_dark_rollsens,R2_dark_rollsens,dark/roll-sensitive,295,-80,60,phase63(L1-G1),yaw295_pitch-080_roll+060,YES,20_pack (new render),dark/roll-sensitive-seed yaw285 pitch-70/-85
R2_dark_rollsens__yaw295_pitch-075,R2_dark_rollsens,R2_dark_rollsens,dark/roll-sensitive,295,-75,-60,phase63(L1-G1),yaw295_pitch-075_roll-060,YES,20_pack (new render),dark/roll-sensitive-seed yaw285 pitch-70/-85
R2_dark_rollsens__yaw295_pitch-075,R2_dark_rollsens,R2_dark_rollsens,dark/roll-sensitive,295,-75,-45,phase63(L1-G1),yaw295_pitch-075_roll-045,YES,20_pack (new render),dark/roll-sensitive-seed yaw285 pitch-70/-85
R2_dark_rollsens__yaw295_pitch-075,R2_dark_rollsens,R2_dark_rollsens,dark/roll-sensitive,295,-75,-30,phase63(L1-G1),yaw295_pitch-075_roll-030,YES,20_pack (new render),dark/roll-sensitive-seed yaw285 pitch-70/-85
R2_dark_rollsens__yaw295_pitch-075,R2_dark_rollsens,R2_dark_rollsens,dark/roll-sensitive,295,-75,-15,phase63(L1-G1),yaw295_pitch-075_roll-015,YES,20_pack (new render),dark/roll-sensitive-seed yaw285 pitch-70/-85
R2_dark_rollsens__yaw295_pitch-075,R2_dark_rollsens,R2_dark_rollsens,dark/roll-sensitive,295,-75,0,phase63(L1-G1),yaw295_pitch-075_roll+000,NO,"01_fullrun (roll+000, 复用不重渲)",dark/roll-sensitive-seed yaw285 pitch-70/-85
R2_dark_rollsens__yaw295_pitch-075,R2_dark_rollsens,R2_dark_rollsens,dark/roll-sensitive,295,-75,15,phase63(L1-G1),yaw295_pitch-075_roll+015,YES,20_pack (new render),dark/roll-sensitive-seed yaw285 pitch-70/-85
R2_dark_rollsens__yaw295_pitch-075,R2_dark_rollsens,R2_dark_rollsens,dark/roll-sensitive,295,-75,30,phase63(L1-G1),yaw295_pitch-075_roll+030,YES,20_pack (new render),dark/roll-sensitive-seed yaw285 pitch-70/-85
R2_dark_rollsens__yaw295_pitch-075,R2_dark_rollsens,R2_dark_rollsens,dark/roll-sensitive,295,-75,45,phase63(L1-G1),yaw295_pitch-075_roll+045,YES,20_pack (new render),dark/roll-sensitive-seed yaw285 pitch-70/-85
R2_dark_rollsens__yaw295_pitch-075,R2_dark_rollsens,R2_dark_rollsens,dark/roll-sensitive,295,-75,60,phase63(L1-G1),yaw295_pitch-075_roll+060,YES,20_pack (new render),dark/roll-sensitive-seed yaw285 pitch-70/-85
R2_dark_rollsens__yaw295_pitch-070,R2_dark_rollsens,R2_dark_rollsens,dark/roll-sensitive,295,-70,-60,phase63(L1-G1),yaw295_pitch-070_roll-060,YES,20_pack (new render),dark/roll-sensitive-seed yaw285 pitch-70/-85
R2_dark_rollsens__yaw295_pitch-070,R2_dark_rollsens,R2_dark_rollsens,dark/roll-sensitive,295,-70,-45,phase63(L1-G1),yaw295_pitch-070_roll-045,YES,20_pack (new render),dark/roll-sensitive-seed yaw285 pitch-70/-85
R2_dark_rollsens__yaw295_pitch-070,R2_dark_rollsens,R2_dark_rollsens,dark/roll-sensitive,295,-70,-30,phase63(L1-G1),yaw295_pitch-070_roll-030,YES,20_pack (new render),dark/roll-sensitive-seed yaw285 pitch-70/-85
R2_dark_rollsens__yaw295_pitch-070,R2_dark_rollsens,R2_dark_rollsens,dark/roll-sensitive,295,-70,-15,phase63(L1-G1),yaw295_pitch-070_roll-015,YES,20_pack (new render),dark/roll-sensitive-seed yaw285 pitch-70/-85
R2_dark_rollsens__yaw295_pitch-070,R2_dark_rollsens,R2_dark_rollsens,dark/roll-sensitive,295,-70,0,phase63(L1-G1),yaw295_pitch-070_roll+000,NO,"01_fullrun (roll+000, 复用不重渲)",dark/roll-sensitive-seed yaw285 pitch-70/-85
R2_dark_rollsens__yaw295_pitch-070,R2_dark_rollsens,R2_dark_rollsens,dark/roll-sensitive,295,-70,15,phase63(L1-G1),yaw295_pitch-070_roll+015,YES,20_pack (new render),dark/roll-sensitive-seed yaw285 pitch-70/-85
R2_dark_rollsens__yaw295_pitch-070,R2_dark_rollsens,R2_dark_rollsens,dark/roll-sensitive,295,-70,30,phase63(L1-G1),yaw295_pitch-070_roll+030,YES,20_pack (new render),dark/roll-sensitive-seed yaw285 pitch-70/-85
R2_dark_rollsens__yaw295_pitch-070,R2_dark_rollsens,R2_dark_rollsens,dark/roll-sensitive,295,-70,45,phase63(L1-G1),yaw295_pitch-070_roll+045,YES,20_pack (new render),dark/roll-sensitive-seed yaw285 pitch-70/-85
R2_dark_rollsens__yaw295_pitch-070,R2_dark_rollsens,R2_dark_rollsens,dark/roll-sensitive,295,-70,60,phase63(L1-G1),yaw295_pitch-070_roll+060,YES,20_pack (new render),dark/roll-sensitive-seed yaw285 pitch-70/-85
R2_dark_rollsens__yaw295_pitch-065,R2_dark_rollsens,R2_dark_rollsens,dark/roll-sensitive,295,-65,-60,phase63(L1-G1),yaw295_pitch-065_roll-060,YES,20_pack (new render),dark/roll-sensitive-seed yaw285 pitch-70/-85
R2_dark_rollsens__yaw295_pitch-065,R2_dark_rollsens,R2_dark_rollsens,dark/roll-sensitive,295,-65,-45,phase63(L1-G1),yaw295_pitch-065_roll-045,YES,20_pack (new render),dark/roll-sensitive-seed yaw285 pitch-70/-85
R2_dark_rollsens__yaw295_pitch-065,R2_dark_rollsens,R2_dark_rollsens,dark/roll-sensitive,295,-65,-30,phase63(L1-G1),yaw295_pitch-065_roll-030,YES,20_pack (new render),dark/roll-sensitive-seed yaw285 pitch-70/-85
R2_dark_rollsens__yaw295_pitch-065,R2_dark_rollsens,R2_dark_rollsens,dark/roll-sensitive,295,-65,-15,phase63(L1-G1),yaw295_pitch-065_roll-015,YES,20_pack (new render),dark/roll-sensitive-seed yaw285 pitch-70/-85
R2_dark_rollsens__yaw295_pitch-065,R2_dark_rollsens,R2_dark_rollsens,dark/roll-sensitive,295,-65,0,phase63(L1-G1),yaw295_pitch-065_roll+000,NO,"01_fullrun (roll+000, 复用不重渲)",dark/roll-sensitive-seed yaw285 pitch-70/-85
R2_dark_rollsens__yaw295_pitch-065,R2_dark_rollsens,R2_dark_rollsens,dark/roll-sensitive,295,-65,15,phase63(L1-G1),yaw295_pitch-065_roll+015,YES,20_pack (new render),dark/roll-sensitive-seed yaw285 pitch-70/-85
R2_dark_rollsens__yaw295_pitch-065,R2_dark_rollsens,R2_dark_rollsens,dark/roll-sensitive,295,-65,30,phase63(L1-G1),yaw295_pitch-065_roll+030,YES,20_pack (new render),dark/roll-sensitive-seed yaw285 pitch-70/-85
R2_dark_rollsens__yaw295_pitch-065,R2_dark_rollsens,R2_dark_rollsens,dark/roll-sensitive,295,-65,45,phase63(L1-G1),yaw295_pitch-065_roll+045,YES,20_pack (new render),dark/roll-sensitive-seed yaw285 pitch-70/-85
R2_dark_rollsens__yaw295_pitch-065,R2_dark_rollsens,R2_dark_rollsens,dark/roll-sensitive,295,-65,60,phase63(L1-G1),yaw295_pitch-065_roll+060,YES,20_pack (new render),dark/roll-sensitive-seed yaw285 pitch-70/-85
