path,size_bytes,exists
v0.4_results/21_three_axis_p3_local_refinement/audit/p3_input_manifest.csv,1212,True
v0.4_results/21_three_axis_p3_local_refinement/audit/p3_preregister_summary.json,642,True
v0.4_results/21_three_axis_p3_local_refinement/audit/p3_redline_precheck.csv,902,True
v0.4_results/21_three_axis_p3_local_refinement/figures/p3_low_info_connectivity_panel.pdf,20947,True
v0.4_results/21_three_axis_p3_local_refinement/figures/p3_low_info_connectivity_panel.png,53181,True
v0.4_results/21_three_axis_p3_local_refinement/figures/p3_peak_migration_panel.pdf,33194,True
v0.4_results/21_three_axis_p3_local_refinement/figures/p3_peak_migration_panel.png,105902,True
v0.4_results/21_three_axis_p3_local_refinement/figures/p3_planning_candidate_scatter.pdf,41967,True
v0.4_results/21_three_axis_p3_local_refinement/figures/p3_planning_candidate_scatter.png,122518,True
v0.4_results/21_three_axis_p3_local_refinement/figures/p3_refined_brightness_map.pdf,28239,True
v0.4_results/21_three_axis_p3_local_refinement/figures/p3_refined_brightness_map.png,89883,True
v0.4_results/21_three_axis_p3_local_refinement/figures/p3_refined_information_proxy_map.pdf,26545,True
v0.4_results/21_three_axis_p3_local_refinement/figures/p3_refined_information_proxy_map.png,63757,True
v0.4_results/21_three_axis_p3_local_refinement/logs/p3_render_postprocess.log,11770021,True
v0.4_results/21_three_axis_p3_local_refinement/metrics/p3_metric_definitions_used.md,4073,True
v0.4_results/21_three_axis_p3_local_refinement/postprocess/p3_postprocess_manifest.csv,121236,True
v0.4_results/21_three_axis_p3_local_refinement/postprocess/phase63/roll+000/p3_postprocess_summary.json,80019,True
v0.4_results/21_three_axis_p3_local_refinement/postprocess/phase63/roll+000/yaw0550_pitchp0625_roll+000_brdf.png,1821,True
v0.4_results/21_three_axis_p3_local_refinement/postprocess/phase63/roll+000/yaw0550_pitchp0625_roll+000_ocs.json,531,True
v0.4_results/21_three_axis_p3_local_refinement/postprocess/phase63/roll+000/yaw0550_pitchp0625_roll+000_v_sun_macro.npy,262272,True
v0.4_results/21_three_axis_p3_local_refinement/postprocess/phase63/roll+000/yaw0550_pitchp0625_roll+000_v_sun_macro.png,779,True
v0.4_results/21_three_axis_p3_local_refinement/postprocess/phase63/roll+000/yaw0550_pitchp0675_roll+000_brdf.png,1949,True
v0.4_results/21_three_axis_p3_local_refinement/postprocess/phase63/roll+000/yaw0550_pitchp0675_roll+000_ocs.json,531,True
v0.4_results/21_three_axis_p3_local_refinement/postprocess/phase63/roll+000/yaw0550_pitchp0675_roll+000_v_sun_macro.npy,262272,True
v0.4_results/21_three_axis_p3_local_refinement/postprocess/phase63/roll+000/yaw0550_pitchp0675_roll+000_v_sun_macro.png,772,True
v0.4_results/21_three_axis_p3_local_refinement/postprocess/phase63/roll+000/yaw0575_pitchp0600_roll+000_brdf.png,1840,True
v0.4_results/21_three_axis_p3_local_refinement/postprocess/phase63/roll+000/yaw0575_pitchp0600_roll+000_ocs.json,531,True
v0.4_results/21_three_axis_p3_local_refinement/postprocess/phase63/roll+000/yaw0575_pitchp0600_roll+000_v_sun_macro.npy,262272,True
v0.4_results/21_three_axis_p3_local_refinement/postprocess/phase63/roll+000/yaw0575_pitchp0600_roll+000_v_sun_macro.png,788,True
v0.4_results/21_three_axis_p3_local_refinement/postprocess/phase63/roll+000/yaw0575_pitchp0625_roll+000_brdf.png,1979,True
v0.4_results/21_three_axis_p3_local_refinement/postprocess/phase63/roll+000/yaw0575_pitchp0625_roll+000_ocs.json,532,True
v0.4_results/21_three_axis_p3_local_refinement/postprocess/phase63/roll+000/yaw0575_pitchp0625_roll+000_v_sun_macro.npy,262272,True
v0.4_results/21_three_axis_p3_local_refinement/postprocess/phase63/roll+000/yaw0575_pitchp0625_roll+000_v_sun_macro.png,771,True
v0.4_results/21_three_axis_p3_local_refinement/postprocess/phase63/roll+000/yaw0575_pitchp0650_roll+000_brdf.png,1983,True
v0.4_results/21_three_axis_p3_local_refinement/postprocess/phase63/roll+000/yaw0575_pitchp0650_roll+000_ocs.json,532,True
v0.4_results/21_three_axis_p3_local_refinement/postprocess/phase63/roll+000/yaw0575_pitchp0650_roll+000_v_sun_macro.npy,262272,True
v0.4_results/21_three_axis_p3_local_refinement/postprocess/phase63/roll+000/yaw0575_pitchp0650_roll+000_v_sun_macro.png,780,True
v0.4_results/21_three_axis_p3_local_refinement/postprocess/phase63/roll+000/yaw0575_pitchp0675_roll+000_brdf.png,1930,True
v0.4_results/21_three_axis_p3_local_refinement/postprocess/phase63/roll+000/yaw0575_pitchp0675_roll+000_ocs.json,532,True
v0.4_results/21_three_axis_p3_local_refinement/postprocess/phase63/roll+000/yaw0575_pitchp0675_roll+000_v_sun_macro.npy,262272,True
v0.4_results/21_three_axis_p3_local_refinement/postprocess/phase63/roll+000/yaw0575_pitchp0675_roll+000_v_sun_macro.png,769,True
v0.4_results/21_three_axis_p3_local_refinement/postprocess/phase63/roll+000/yaw0575_pitchp0700_roll+000_brdf.png,1882,True
v0.4_results/21_three_axis_p3_local_refinement/postprocess/phase63/roll+000/yaw0575_pitchp0700_roll+000_ocs.json,532,True
v0.4_results/21_three_axis_p3_local_refinement/postprocess/phase63/roll+000/yaw0575_pitchp0700_roll+000_v_sun_macro.npy,262272,True
v0.4_results/21_three_axis_p3_local_refinement/postprocess/phase63/roll+000/yaw0575_pitchp0700_roll+000_v_sun_macro.png,764,True
v0.4_results/21_three_axis_p3_local_refinement/postprocess/phase63/roll+000/yaw0600_pitchp0625_roll+000_brdf.png,1967,True
v0.4_results/21_three_axis_p3_local_refinement/postprocess/phase63/roll+000/yaw0600_pitchp0625_roll+000_ocs.json,531,True
v0.4_results/21_three_axis_p3_local_refinement/postprocess/phase63/roll+000/yaw0600_pitchp0625_roll+000_v_sun_macro.npy,262272,True
v0.4_results/21_three_axis_p3_local_refinement/postprocess/phase63/roll+000/yaw0600_pitchp0625_roll+000_v_sun_macro.png,790,True
v0.4_results/21_three_axis_p3_local_refinement/postprocess/phase63/roll+000/yaw0600_pitchp0675_roll+000_brdf.png,1935,True
v0.4_results/21_three_axis_p3_local_refinement/postprocess/phase63/roll+000/yaw0600_pitchp0675_roll+000_ocs.json,530,True
v0.4_results/21_three_axis_p3_local_refinement/postprocess/phase63/roll+000/yaw0600_pitchp0675_roll+000_v_sun_macro.npy,262272,True
v0.4_results/21_three_axis_p3_local_refinement/postprocess/phase63/roll+000/yaw0600_pitchp0675_roll+000_v_sun_macro.png,767,True
v0.4_results/21_three_axis_p3_local_refinement/postprocess/phase63/roll+000/yaw0625_pitchp0600_roll+000_brdf.png,1931,True
v0.4_results/21_three_axis_p3_local_refinement/postprocess/phase63/roll+000/yaw0625_pitchp0600_roll+000_ocs.json,533,True
v0.4_results/21_three_axis_p3_local_refinement/postprocess/phase63/roll+000/yaw0625_pitchp0600_roll+000_v_sun_macro.npy,262272,True
v0.4_results/21_three_axis_p3_local_refinement/postprocess/phase63/roll+000/yaw0625_pitchp0600_roll+000_v_sun_macro.png,765,True
v0.4_results/21_three_axis_p3_local_refinement/postprocess/phase63/roll+000/yaw0625_pitchp0625_roll+000_brdf.png,1902,True
v0.4_results/21_three_axis_p3_local_refinement/postprocess/phase63/roll+000/yaw0625_pitchp0625_roll+000_ocs.json,534,True
v0.4_results/21_three_axis_p3_local_refinement/postprocess/phase63/roll+000/yaw0625_pitchp0625_roll+000_v_sun_macro.npy,262272,True
v0.4_results/21_three_axis_p3_local_refinement/postprocess/phase63/roll+000/yaw0625_pitchp0625_roll+000_v_sun_macro.png,783,True
v0.4_results/21_three_axis_p3_local_refinement/postprocess/phase63/roll+000/yaw0625_pitchp0650_roll+000_brdf.png,1892,True
v0.4_results/21_three_axis_p3_local_refinement/postprocess/phase63/roll+000/yaw0625_pitchp0650_roll+000_ocs.json,530,True
v0.4_results/21_three_axis_p3_local_refinement/postprocess/phase63/roll+000/yaw0625_pitchp0650_roll+000_v_sun_macro.npy,262272,True
v0.4_results/21_three_axis_p3_local_refinement/postprocess/phase63/roll+000/yaw0625_pitchp0650_roll+000_v_sun_macro.png,750,True
v0.4_results/21_three_axis_p3_local_refinement/postprocess/phase63/roll+000/yaw0625_pitchp0675_roll+000_brdf.png,1952,True
v0.4_results/21_three_axis_p3_local_refinement/postprocess/phase63/roll+000/yaw0625_pitchp0675_roll+000_ocs.json,530,True
v0.4_results/21_three_axis_p3_local_refinement/postprocess/phase63/roll+000/yaw0625_pitchp0675_roll+000_v_sun_macro.npy,262272,True
v0.4_results/21_three_axis_p3_local_refinement/postprocess/phase63/roll+000/yaw0625_pitchp0675_roll+000_v_sun_macro.png,754,True
v0.4_results/21_three_axis_p3_local_refinement/postprocess/phase63/roll+000/yaw0625_pitchp0700_roll+000_brdf.png,1879,True
v0.4_results/21_three_axis_p3_local_refinement/postprocess/phase63/roll+000/yaw0625_pitchp0700_roll+000_ocs.json,531,True
v0.4_results/21_three_axis_p3_local_refinement/postprocess/phase63/roll+000/yaw0625_pitchp0700_roll+000_v_sun_macro.npy,262272,True
v0.4_results/21_three_axis_p3_local_refinement/postprocess/phase63/roll+000/yaw0625_pitchp0700_roll+000_v_sun_macro.png,735,True
v0.4_results/21_three_axis_p3_local_refinement/postprocess/phase63/roll+000/yaw0650_pitchp0625_roll+000_brdf.png,1869,True
v0.4_results/21_three_axis_p3_local_refinement/postprocess/phase63/roll+000/yaw0650_pitchp0625_roll+000_ocs.json,532,True
v0.4_results/21_three_axis_p3_local_refinement/postprocess/phase63/roll+000/yaw0650_pitchp0625_roll+000_v_sun_macro.npy,262272,True
v0.4_results/21_three_axis_p3_local_refinement/postprocess/phase63/roll+000/yaw0650_pitchp0625_roll+000_v_sun_macro.png,760,True
v0.4_results/21_three_axis_p3_local_refinement/postprocess/phase63/roll+000/yaw0650_pitchp0675_roll+000_brdf.png,1848,True
v0.4_results/21_three_axis_p3_local_refinement/postprocess/phase63/roll+000/yaw0650_pitchp0675_roll+000_ocs.json,531,True
v0.4_results/21_three_axis_p3_local_refinement/postprocess/phase63/roll+000/yaw0650_pitchp0675_roll+000_v_sun_macro.npy,262272,True
v0.4_results/21_three_axis_p3_local_refinement/postprocess/phase63/roll+000/yaw0650_pitchp0675_roll+000_v_sun_macro.png,767,True
v0.4_results/21_three_axis_p3_local_refinement/postprocess/phase63/roll+000/yaw1450_pitchp0125_roll+000_brdf.png,1531,True
v0.4_results/21_three_axis_p3_local_refinement/postprocess/phase63/roll+000/yaw1450_pitchp0125_roll+000_ocs.json,552,True
v0.4_results/21_three_axis_p3_local_refinement/postprocess/phase63/roll+000/yaw1450_pitchp0125_roll+000_v_sun_macro.npy,262272,True
v0.4_results/21_three_axis_p3_local_refinement/postprocess/phase63/roll+000/yaw1450_pitchp0125_roll+000_v_sun_macro.png,696,True
v0.4_results/21_three_axis_p3_local_refinement/postprocess/phase63/roll+000/yaw1450_pitchp0175_roll+000_brdf.png,1537,True
v0.4_results/21_three_axis_p3_local_refinement/postprocess/phase63/roll+000/yaw1450_pitchp0175_roll+000_ocs.json,551,True
v0.4_results/21_three_axis_p3_local_refinement/postprocess/phase63/roll+000/yaw1450_pitchp0175_roll+000_v_sun_macro.npy,262272,True
v0.4_results/21_three_axis_p3_local_refinement/postprocess/phase63/roll+000/yaw1450_pitchp0175_roll+000_v_sun_macro.png,664,True
v0.4_results/21_three_axis_p3_local_refinement/postprocess/phase63/roll+000/yaw1450_pitchp0225_roll+000_brdf.png,1730,True
v0.4_results/21_three_axis_p3_local_refinement/postprocess/phase63/roll+000/yaw1450_pitchp0225_roll+000_ocs.json,553,True
v0.4_results/21_three_axis_p3_local_refinement/postprocess/phase63/roll+000/yaw1450_pitchp0225_roll+000_v_sun_macro.npy,262272,True
v0.4_results/21_three_axis_p3_local_refinement/postprocess/phase63/roll+000/yaw1450_pitchp0225_roll+000_v_sun_macro.png,639,True
v0.4_results/21_three_axis_p3_local_refinement/postprocess/phase63/roll+000/yaw1475_pitchp0100_roll+000_brdf.png,1573,True
v0.4_results/21_three_axis_p3_local_refinement/postprocess/phase63/roll+000/yaw1475_pitchp0100_roll+000_ocs.json,550,True
v0.4_results/21_three_axis_p3_local_refinement/postprocess/phase63/roll+000/yaw1475_pitchp0100_roll+000_v_sun_macro.npy,262272,True
v0.4_results/21_three_axis_p3_local_refinement/postprocess/phase63/roll+000/yaw1475_pitchp0100_roll+000_v_sun_macro.png,710,True
v0.4_results/21_three_axis_p3_local_refinement/postprocess/phase63/roll+000/yaw1475_pitchp0125_roll+000_brdf.png,1455,True
v0.4_results/21_three_axis_p3_local_refinement/postprocess/phase63/roll+000/yaw1475_pitchp0125_roll+000_ocs.json,550,True
v0.4_results/21_three_axis_p3_local_refinement/postprocess/phase63/roll+000/yaw1475_pitchp0125_roll+000_v_sun_macro.npy,262272,True
v0.4_results/21_three_axis_p3_local_refinement/postprocess/phase63/roll+000/yaw1475_pitchp0125_roll+000_v_sun_macro.png,666,True
v0.4_results/21_three_axis_p3_local_refinement/postprocess/phase63/roll+000/yaw1475_pitchp0150_roll+000_brdf.png,1518,True
v0.4_results/21_three_axis_p3_local_refinement/postprocess/phase63/roll+000/yaw1475_pitchp0150_roll+000_ocs.json,549,True
v0.4_results/21_three_axis_p3_local_refinement/postprocess/phase63/roll+000/yaw1475_pitchp0150_roll+000_v_sun_macro.npy,262272,True
v0.4_results/21_three_axis_p3_local_refinement/postprocess/phase63/roll+000/yaw1475_pitchp0150_roll+000_v_sun_macro.png,680,True
v0.4_results/21_three_axis_p3_local_refinement/postprocess/phase63/roll+000/yaw1475_pitchp0175_roll+000_brdf.png,1441,True
v0.4_results/21_three_axis_p3_local_refinement/postprocess/phase63/roll+000/yaw1475_pitchp0175_roll+000_ocs.json,551,True
v0.4_results/21_three_axis_p3_local_refinement/postprocess/phase63/roll+000/yaw1475_pitchp0175_roll+000_v_sun_macro.npy,262272,True
v0.4_results/21_three_axis_p3_local_refinement/postprocess/phase63/roll+000/yaw1475_pitchp0175_roll+000_v_sun_macro.png,702,True
v0.4_results/21_three_axis_p3_local_refinement/postprocess/phase63/roll+000/yaw1475_pitchp0200_roll+000_brdf.png,1620,True
v0.4_results/21_three_axis_p3_local_refinement/postprocess/phase63/roll+000/yaw1475_pitchp0200_roll+000_ocs.json,552,True
v0.4_results/21_three_axis_p3_local_refinement/postprocess/phase63/roll+000/yaw1475_pitchp0200_roll+000_v_sun_macro.npy,262272,True
v0.4_results/21_three_axis_p3_local_refinement/postprocess/phase63/roll+000/yaw1475_pitchp0200_roll+000_v_sun_macro.png,680,True
v0.4_results/21_three_axis_p3_local_refinement/postprocess/phase63/roll+000/yaw1475_pitchp0225_roll+000_brdf.png,1705,True
v0.4_results/21_three_axis_p3_local_refinement/postprocess/phase63/roll+000/yaw1475_pitchp0225_roll+000_ocs.json,552,True
v0.4_results/21_three_axis_p3_local_refinement/postprocess/phase63/roll+000/yaw1475_pitchp0225_roll+000_v_sun_macro.npy,262272,True
v0.4_results/21_three_axis_p3_local_refinement/postprocess/phase63/roll+000/yaw1475_pitchp0225_roll+000_v_sun_macro.png,671,True
v0.4_results/21_three_axis_p3_local_refinement/postprocess/phase63/roll+000/yaw1475_pitchp0250_roll+000_brdf.png,1663,True
v0.4_results/21_three_axis_p3_local_refinement/postprocess/phase63/roll+000/yaw1475_pitchp0250_roll+000_ocs.json,555,True
v0.4_results/21_three_axis_p3_local_refinement/postprocess/phase63/roll+000/yaw1475_pitchp0250_roll+000_v_sun_macro.npy,262272,True
v0.4_results/21_three_axis_p3_local_refinement/postprocess/phase63/roll+000/yaw1475_pitchp0250_roll+000_v_sun_macro.png,650,True
v0.4_results/21_three_axis_p3_local_refinement/postprocess/phase63/roll+000/yaw1500_pitchp0125_roll+000_brdf.png,1521,True
v0.4_results/21_three_axis_p3_local_refinement/postprocess/phase63/roll+000/yaw1500_pitchp0125_roll+000_ocs.json,550,True
v0.4_results/21_three_axis_p3_local_refinement/postprocess/phase63/roll+000/yaw1500_pitchp0125_roll+000_v_sun_macro.npy,262272,True
v0.4_results/21_three_axis_p3_local_refinement/postprocess/phase63/roll+000/yaw1500_pitchp0125_roll+000_v_sun_macro.png,680,True
v0.4_results/21_three_axis_p3_local_refinement/postprocess/phase63/roll+000/yaw1500_pitchp0175_roll+000_brdf.png,1610,True
v0.4_results/21_three_axis_p3_local_refinement/postprocess/phase63/roll+000/yaw1500_pitchp0175_roll+000_ocs.json,552,True
v0.4_results/21_three_axis_p3_local_refinement/postprocess/phase63/roll+000/yaw1500_pitchp0175_roll+000_v_sun_macro.npy,262272,True
v0.4_results/21_three_axis_p3_local_refinement/postprocess/phase63/roll+000/yaw1500_pitchp0175_roll+000_v_sun_macro.png,680,True
v0.4_results/21_three_axis_p3_local_refinement/postprocess/phase63/roll+000/yaw1500_pitchp0225_roll+000_brdf.png,1711,True
v0.4_results/21_three_axis_p3_local_refinement/postprocess/phase63/roll+000/yaw1500_pitchp0225_roll+000_ocs.json,553,True
v0.4_results/21_three_axis_p3_local_refinement/postprocess/phase63/roll+000/yaw1500_pitchp0225_roll+000_v_sun_macro.npy,262272,True
v0.4_results/21_three_axis_p3_local_refinement/postprocess/phase63/roll+000/yaw1500_pitchp0225_roll+000_v_sun_macro.png,677,True
v0.4_results/21_three_axis_p3_local_refinement/postprocess/phase63/roll+000/yaw1525_pitchp0100_roll+000_brdf.png,1620,True
v0.4_results/21_three_axis_p3_local_refinement/postprocess/phase63/roll+000/yaw1525_pitchp0100_roll+000_ocs.json,552,True
v0.4_results/21_three_axis_p3_local_refinement/postprocess/phase63/roll+000/yaw1525_pitchp0100_roll+000_v_sun_macro.npy,262272,True
v0.4_results/21_three_axis_p3_local_refinement/postprocess/phase63/roll+000/yaw1525_pitchp0100_roll+000_v_sun_macro.png,742,True
v0.4_results/21_three_axis_p3_local_refinement/postprocess/phase63/roll+000/yaw1525_pitchp0125_roll+000_brdf.png,1592,True
v0.4_results/21_three_axis_p3_local_refinement/postprocess/phase63/roll+000/yaw1525_pitchp0125_roll+000_ocs.json,552,True
v0.4_results/21_three_axis_p3_local_refinement/postprocess/phase63/roll+000/yaw1525_pitchp0125_roll+000_v_sun_macro.npy,262272,True
v0.4_results/21_three_axis_p3_local_refinement/postprocess/phase63/roll+000/yaw1525_pitchp0125_roll+000_v_sun_macro.png,724,True
v0.4_results/21_three_axis_p3_local_refinement/postprocess/phase63/roll+000/yaw1525_pitchp0150_roll+000_brdf.png,1618,True
v0.4_results/21_three_axis_p3_local_refinement/postprocess/phase63/roll+000/yaw1525_pitchp0150_roll+000_ocs.json,551,True
v0.4_results/21_three_axis_p3_local_refinement/postprocess/phase63/roll+000/yaw1525_pitchp0150_roll+000_v_sun_macro.npy,262272,True
v0.4_results/21_three_axis_p3_local_refinement/postprocess/phase63/roll+000/yaw1525_pitchp0150_roll+000_v_sun_macro.png,708,True
v0.4_results/21_three_axis_p3_local_refinement/postprocess/phase63/roll+000/yaw1525_pitchp0175_roll+000_brdf.png,1570,True
v0.4_results/21_three_axis_p3_local_refinement/postprocess/phase63/roll+000/yaw1525_pitchp0175_roll+000_ocs.json,552,True
v0.4_results/21_three_axis_p3_local_refinement/postprocess/phase63/roll+000/yaw1525_pitchp0175_roll+000_v_sun_macro.npy,262272,True
v0.4_results/21_three_axis_p3_local_refinement/postprocess/phase63/roll+000/yaw1525_pitchp0175_roll+000_v_sun_macro.png,701,True
v0.4_results/21_three_axis_p3_local_refinement/postprocess/phase63/roll+000/yaw1525_pitchp0200_roll+000_brdf.png,1779,True
v0.4_results/21_three_axis_p3_local_refinement/postprocess/phase63/roll+000/yaw1525_pitchp0200_roll+000_ocs.json,552,True
v0.4_results/21_three_axis_p3_local_refinement/postprocess/phase63/roll+000/yaw1525_pitchp0200_roll+000_v_sun_macro.npy,262272,True
v0.4_results/21_three_axis_p3_local_refinement/postprocess/phase63/roll+000/yaw1525_pitchp0200_roll+000_v_sun_macro.png,738,True
v0.4_results/21_three_axis_p3_local_refinement/postprocess/phase63/roll+000/yaw1525_pitchp0225_roll+000_brdf.png,1811,True
v0.4_results/21_three_axis_p3_local_refinement/postprocess/phase63/roll+000/yaw1525_pitchp0225_roll+000_ocs.json,554,True
v0.4_results/21_three_axis_p3_local_refinement/postprocess/phase63/roll+000/yaw1525_pitchp0225_roll+000_v_sun_macro.npy,262272,True
v0.4_results/21_three_axis_p3_local_refinement/postprocess/phase63/roll+000/yaw1525_pitchp0225_roll+000_v_sun_macro.png,672,True
v0.4_results/21_three_axis_p3_local_refinement/postprocess/phase63/roll+000/yaw1525_pitchp0250_roll+000_brdf.png,1781,True
v0.4_results/21_three_axis_p3_local_refinement/postprocess/phase63/roll+000/yaw1525_pitchp0250_roll+000_ocs.json,553,True
v0.4_results/21_three_axis_p3_local_refinement/postprocess/phase63/roll+000/yaw1525_pitchp0250_roll+000_v_sun_macro.npy,262272,True
v0.4_results/21_three_axis_p3_local_refinement/postprocess/phase63/roll+000/yaw1525_pitchp0250_roll+000_v_sun_macro.png,661,True
v0.4_results/21_three_axis_p3_local_refinement/postprocess/phase63/roll+000/yaw1550_pitchp0125_roll+000_brdf.png,1646,True
v0.4_results/21_three_axis_p3_local_refinement/postprocess/phase63/roll+000/yaw1550_pitchp0125_roll+000_ocs.json,551,True
v0.4_results/21_three_axis_p3_local_refinement/postprocess/phase63/roll+000/yaw1550_pitchp0125_roll+000_v_sun_macro.npy,262272,True
v0.4_results/21_three_axis_p3_local_refinement/postprocess/phase63/roll+000/yaw1550_pitchp0125_roll+000_v_sun_macro.png,735,True
v0.4_results/21_three_axis_p3_local_refinement/postprocess/phase63/roll+000/yaw1550_pitchp0175_roll+000_brdf.png,1640,True
v0.4_results/21_three_axis_p3_local_refinement/postprocess/phase63/roll+000/yaw1550_pitchp0175_roll+000_ocs.json,551,True
v0.4_results/21_three_axis_p3_local_refinement/postprocess/phase63/roll+000/yaw1550_pitchp0175_roll+000_v_sun_macro.npy,262272,True
v0.4_results/21_three_axis_p3_local_refinement/postprocess/phase63/roll+000/yaw1550_pitchp0175_roll+000_v_sun_macro.png,747,True
v0.4_results/21_three_axis_p3_local_refinement/postprocess/phase63/roll+000/yaw1550_pitchp0225_roll+000_brdf.png,1813,True
v0.4_results/21_three_axis_p3_local_refinement/postprocess/phase63/roll+000/yaw1550_pitchp0225_roll+000_ocs.json,554,True
v0.4_results/21_three_axis_p3_local_refinement/postprocess/phase63/roll+000/yaw1550_pitchp0225_roll+000_v_sun_macro.npy,262272,True
v0.4_results/21_three_axis_p3_local_refinement/postprocess/phase63/roll+000/yaw1550_pitchp0225_roll+000_v_sun_macro.png,710,True
v0.4_results/21_three_axis_p3_local_refinement/postprocess/phase63/roll+000/yaw1575_pitchp0100_roll+000_brdf.png,1704,True
v0.4_results/21_three_axis_p3_local_refinement/postprocess/phase63/roll+000/yaw1575_pitchp0100_roll+000_ocs.json,551,True
v0.4_results/21_three_axis_p3_local_refinement/postprocess/phase63/roll+000/yaw1575_pitchp0100_roll+000_v_sun_macro.npy,262272,True
v0.4_results/21_three_axis_p3_local_refinement/postprocess/phase63/roll+000/yaw1575_pitchp0100_roll+000_v_sun_macro.png,778,True
v0.4_results/21_three_axis_p3_local_refinement/postprocess/phase63/roll+000/yaw1575_pitchp0125_roll+000_brdf.png,1675,True
v0.4_results/21_three_axis_p3_local_refinement/postprocess/phase63/roll+000/yaw1575_pitchp0125_roll+000_ocs.json,550,True
v0.4_results/21_three_axis_p3_local_refinement/postprocess/phase63/roll+000/yaw1575_pitchp0125_roll+000_v_sun_macro.npy,262272,True
v0.4_results/21_three_axis_p3_local_refinement/postprocess/phase63/roll+000/yaw1575_pitchp0125_roll+000_v_sun_macro.png,747,True
v0.4_results/21_three_axis_p3_local_refinement/postprocess/phase63/roll+000/yaw1575_pitchp0150_roll+000_brdf.png,1586,True
v0.4_results/21_three_axis_p3_local_refinement/postprocess/phase63/roll+000/yaw1575_pitchp0150_roll+000_ocs.json,548,True
v0.4_results/21_three_axis_p3_local_refinement/postprocess/phase63/roll+000/yaw1575_pitchp0150_roll+000_v_sun_macro.npy,262272,True
v0.4_results/21_three_axis_p3_local_refinement/postprocess/phase63/roll+000/yaw1575_pitchp0150_roll+000_v_sun_macro.png,755,True
v0.4_results/21_three_axis_p3_local_refinement/postprocess/phase63/roll+000/yaw1575_pitchp0175_roll+000_brdf.png,1665,True
v0.4_results/21_three_axis_p3_local_refinement/postprocess/phase63/roll+000/yaw1575_pitchp0175_roll+000_ocs.json,551,True
v0.4_results/21_three_axis_p3_local_refinement/postprocess/phase63/roll+000/yaw1575_pitchp0175_roll+000_v_sun_macro.npy,262272,True
v0.4_results/21_three_axis_p3_local_refinement/postprocess/phase63/roll+000/yaw1575_pitchp0175_roll+000_v_sun_macro.png,777,True
v0.4_results/21_three_axis_p3_local_refinement/postprocess/phase63/roll+000/yaw1575_pitchp0200_roll+000_brdf.png,1878,True
v0.4_results/21_three_axis_p3_local_refinement/postprocess/phase63/roll+000/yaw1575_pitchp0200_roll+000_ocs.json,553,True
v0.4_results/21_three_axis_p3_local_refinement/postprocess/phase63/roll+000/yaw1575_pitchp0200_roll+000_v_sun_macro.npy,262272,True
v0.4_results/21_three_axis_p3_local_refinement/postprocess/phase63/roll+000/yaw1575_pitchp0200_roll+000_v_sun_macro.png,750,True
v0.4_results/21_three_axis_p3_local_refinement/postprocess/phase63/roll+000/yaw1575_pitchp0225_roll+000_brdf.png,1881,True
v0.4_results/21_three_axis_p3_local_refinement/postprocess/phase63/roll+000/yaw1575_pitchp0225_roll+000_ocs.json,554,True
v0.4_results/21_three_axis_p3_local_refinement/postprocess/phase63/roll+000/yaw1575_pitchp0225_roll+000_v_sun_macro.npy,262272,True
v0.4_results/21_three_axis_p3_local_refinement/postprocess/phase63/roll+000/yaw1575_pitchp0225_roll+000_v_sun_macro.png,727,True
v0.4_results/21_three_axis_p3_local_refinement/postprocess/phase63/roll+000/yaw1575_pitchp0250_roll+000_brdf.png,1842,True
v0.4_results/21_three_axis_p3_local_refinement/postprocess/phase63/roll+000/yaw1575_pitchp0250_roll+000_ocs.json,554,True
v0.4_results/21_three_axis_p3_local_refinement/postprocess/phase63/roll+000/yaw1575_pitchp0250_roll+000_v_sun_macro.npy,262272,True
v0.4_results/21_three_axis_p3_local_refinement/postprocess/phase63/roll+000/yaw1575_pitchp0250_roll+000_v_sun_macro.png,701,True
v0.4_results/21_three_axis_p3_local_refinement/postprocess/phase63/roll+000/yaw1600_pitchp0125_roll+000_brdf.png,1659,True
v0.4_results/21_three_axis_p3_local_refinement/postprocess/phase63/roll+000/yaw1600_pitchp0125_roll+000_ocs.json,551,True
v0.4_results/21_three_axis_p3_local_refinement/postprocess/phase63/roll+000/yaw1600_pitchp0125_roll+000_v_sun_macro.npy,262272,True
v0.4_results/21_three_axis_p3_local_refinement/postprocess/phase63/roll+000/yaw1600_pitchp0125_roll+000_v_sun_macro.png,782,True
v0.4_results/21_three_axis_p3_local_refinement/postprocess/phase63/roll+000/yaw1600_pitchp0175_roll+000_brdf.png,1658,True
v0.4_results/21_three_axis_p3_local_refinement/postprocess/phase63/roll+000/yaw1600_pitchp0175_roll+000_ocs.json,552,True
v0.4_results/21_three_axis_p3_local_refinement/postprocess/phase63/roll+000/yaw1600_pitchp0175_roll+000_v_sun_macro.npy,262272,True
v0.4_results/21_three_axis_p3_local_refinement/postprocess/phase63/roll+000/yaw1600_pitchp0175_roll+000_v_sun_macro.png,774,True
v0.4_results/21_three_axis_p3_local_refinement/postprocess/phase63/roll+000/yaw1600_pitchp0225_roll+000_brdf.png,1905,True
v0.4_results/21_three_axis_p3_local_refinement/postprocess/phase63/roll+000/yaw1600_pitchp0225_roll+000_ocs.json,554,True
v0.4_results/21_three_axis_p3_local_refinement/postprocess/phase63/roll+000/yaw1600_pitchp0225_roll+000_v_sun_macro.npy,262272,True
v0.4_results/21_three_axis_p3_local_refinement/postprocess/phase63/roll+000/yaw1600_pitchp0225_roll+000_v_sun_macro.png,742,True
v0.4_results/21_three_axis_p3_local_refinement/postprocess/phase63/roll+000/yaw2400_pitchp0325_roll+000_brdf.png,2393,True
v0.4_results/21_three_axis_p3_local_refinement/postprocess/phase63/roll+000/yaw2400_pitchp0325_roll+000_ocs.json,552,True
v0.4_results/21_three_axis_p3_local_refinement/postprocess/phase63/roll+000/yaw2400_pitchp0325_roll+000_v_sun_macro.npy,262272,True
v0.4_results/21_three_axis_p3_local_refinement/postprocess/phase63/roll+000/yaw2400_pitchp0325_roll+000_v_sun_macro.png,799,True
v0.4_results/21_three_axis_p3_local_refinement/postprocess/phase63/roll+000/yaw2400_pitchp0375_roll+000_brdf.png,2338,True
v0.4_results/21_three_axis_p3_local_refinement/postprocess/phase63/roll+000/yaw2400_pitchp0375_roll+000_ocs.json,553,True
v0.4_results/21_three_axis_p3_local_refinement/postprocess/phase63/roll+000/yaw2400_pitchp0375_roll+000_v_sun_macro.npy,262272,True
v0.4_results/21_three_axis_p3_local_refinement/postprocess/phase63/roll+000/yaw2400_pitchp0375_roll+000_v_sun_macro.png,816,True
v0.4_results/21_three_axis_p3_local_refinement/postprocess/phase63/roll+000/yaw2425_pitchp0300_roll+000_brdf.png,2650,True
v0.4_results/21_three_axis_p3_local_refinement/postprocess/phase63/roll+000/yaw2425_pitchp0300_roll+000_ocs.json,553,True
v0.4_results/21_three_axis_p3_local_refinement/postprocess/phase63/roll+000/yaw2425_pitchp0300_roll+000_v_sun_macro.npy,262272,True
v0.4_results/21_three_axis_p3_local_refinement/postprocess/phase63/roll+000/yaw2425_pitchp0300_roll+000_v_sun_macro.png,752,True
v0.4_results/21_three_axis_p3_local_refinement/postprocess/phase63/roll+000/yaw2425_pitchp0325_roll+000_brdf.png,2575,True
v0.4_results/21_three_axis_p3_local_refinement/postprocess/phase63/roll+000/yaw2425_pitchp0325_roll+000_ocs.json,553,True
v0.4_results/21_three_axis_p3_local_refinement/postprocess/phase63/roll+000/yaw2425_pitchp0325_roll+000_v_sun_macro.npy,262272,True
v0.4_results/21_three_axis_p3_local_refinement/postprocess/phase63/roll+000/yaw2425_pitchp0325_roll+000_v_sun_macro.png,778,True
v0.4_results/21_three_axis_p3_local_refinement/postprocess/phase63/roll+000/yaw2425_pitchp0350_roll+000_brdf.png,2403,True
v0.4_results/21_three_axis_p3_local_refinement/postprocess/phase63/roll+000/yaw2425_pitchp0350_roll+000_ocs.json,554,True
v0.4_results/21_three_axis_p3_local_refinement/postprocess/phase63/roll+000/yaw2425_pitchp0350_roll+000_v_sun_macro.npy,262272,True
v0.4_results/21_three_axis_p3_local_refinement/postprocess/phase63/roll+000/yaw2425_pitchp0350_roll+000_v_sun_macro.png,749,True
v0.4_results/21_three_axis_p3_local_refinement/postprocess/phase63/roll+000/yaw2425_pitchp0375_roll+000_brdf.png,2264,True
v0.4_results/21_three_axis_p3_local_refinement/postprocess/phase63/roll+000/yaw2425_pitchp0375_roll+000_ocs.json,552,True
v0.4_results/21_three_axis_p3_local_refinement/postprocess/phase63/roll+000/yaw2425_pitchp0375_roll+000_v_sun_macro.npy,262272,True
v0.4_results/21_three_axis_p3_local_refinement/postprocess/phase63/roll+000/yaw2425_pitchp0375_roll+000_v_sun_macro.png,780,True
v0.4_results/21_three_axis_p3_local_refinement/postprocess/phase63/roll+000/yaw2425_pitchp0400_roll+000_brdf.png,2378,True
v0.4_results/21_three_axis_p3_local_refinement/postprocess/phase63/roll+000/yaw2425_pitchp0400_roll+000_ocs.json,553,True
v0.4_results/21_three_axis_p3_local_refinement/postprocess/phase63/roll+000/yaw2425_pitchp0400_roll+000_v_sun_macro.npy,262272,True
v0.4_results/21_three_axis_p3_local_refinement/postprocess/phase63/roll+000/yaw2425_pitchp0400_roll+000_v_sun_macro.png,798,True
v0.4_results/21_three_axis_p3_local_refinement/postprocess/phase63/roll+000/yaw2450_pitchp0325_roll+000_brdf.png,2608,True
v0.4_results/21_three_axis_p3_local_refinement/postprocess/phase63/roll+000/yaw2450_pitchp0325_roll+000_ocs.json,552,True
v0.4_results/21_three_axis_p3_local_refinement/postprocess/phase63/roll+000/yaw2450_pitchp0325_roll+000_v_sun_macro.npy,262272,True
v0.4_results/21_three_axis_p3_local_refinement/postprocess/phase63/roll+000/yaw2450_pitchp0325_roll+000_v_sun_macro.png,730,True
v0.4_results/21_three_axis_p3_local_refinement/postprocess/phase63/roll+000/yaw2450_pitchp0375_roll+000_brdf.png,2291,True
v0.4_results/21_three_axis_p3_local_refinement/postprocess/phase63/roll+000/yaw2450_pitchp0375_roll+000_ocs.json,552,True
v0.4_results/21_three_axis_p3_local_refinement/postprocess/phase63/roll+000/yaw2450_pitchp0375_roll+000_v_sun_macro.npy,262272,True
v0.4_results/21_three_axis_p3_local_refinement/postprocess/phase63/roll+000/yaw2450_pitchp0375_roll+000_v_sun_macro.png,790,True
v0.4_results/21_three_axis_p3_local_refinement/postprocess/phase63/roll+000/yaw2475_pitchp0300_roll+000_brdf.png,2602,True
v0.4_results/21_three_axis_p3_local_refinement/postprocess/phase63/roll+000/yaw2475_pitchp0300_roll+000_ocs.json,554,True
v0.4_results/21_three_axis_p3_local_refinement/postprocess/phase63/roll+000/yaw2475_pitchp0300_roll+000_v_sun_macro.npy,262272,True
v0.4_results/21_three_axis_p3_local_refinement/postprocess/phase63/roll+000/yaw2475_pitchp0300_roll+000_v_sun_macro.png,707,True
v0.4_results/21_three_axis_p3_local_refinement/postprocess/phase63/roll+000/yaw2475_pitchp0325_roll+000_brdf.png,2617,True
v0.4_results/21_three_axis_p3_local_refinement/postprocess/phase63/roll+000/yaw2475_pitchp0325_roll+000_ocs.json,553,True
v0.4_results/21_three_axis_p3_local_refinement/postprocess/phase63/roll+000/yaw2475_pitchp0325_roll+000_v_sun_macro.npy,262272,True
v0.4_results/21_three_axis_p3_local_refinement/postprocess/phase63/roll+000/yaw2475_pitchp0325_roll+000_v_sun_macro.png,730,True
v0.4_results/21_three_axis_p3_local_refinement/postprocess/phase63/roll+000/yaw2475_pitchp0350_roll+000_brdf.png,2555,True
v0.4_results/21_three_axis_p3_local_refinement/postprocess/phase63/roll+000/yaw2475_pitchp0350_roll+000_ocs.json,554,True
v0.4_results/21_three_axis_p3_local_refinement/postprocess/phase63/roll+000/yaw2475_pitchp0350_roll+000_v_sun_macro.npy,262272,True
v0.4_results/21_three_axis_p3_local_refinement/postprocess/phase63/roll+000/yaw2475_pitchp0350_roll+000_v_sun_macro.png,738,True
v0.4_results/21_three_axis_p3_local_refinement/postprocess/phase63/roll+000/yaw2475_pitchp0375_roll+000_brdf.png,2630,True
v0.4_results/21_three_axis_p3_local_refinement/postprocess/phase63/roll+000/yaw2475_pitchp0375_roll+000_ocs.json,553,True
v0.4_results/21_three_axis_p3_local_refinement/postprocess/phase63/roll+000/yaw2475_pitchp0375_roll+000_v_sun_macro.npy,262272,True
v0.4_results/21_three_axis_p3_local_refinement/postprocess/phase63/roll+000/yaw2475_pitchp0375_roll+000_v_sun_macro.png,764,True
v0.4_results/21_three_axis_p3_local_refinement/postprocess/phase63/roll+000/yaw2475_pitchp0400_roll+000_brdf.png,2370,True
v0.4_results/21_three_axis_p3_local_refinement/postprocess/phase63/roll+000/yaw2475_pitchp0400_roll+000_ocs.json,554,True
v0.4_results/21_three_axis_p3_local_refinement/postprocess/phase63/roll+000/yaw2475_pitchp0400_roll+000_v_sun_macro.npy,262272,True
v0.4_results/21_three_axis_p3_local_refinement/postprocess/phase63/roll+000/yaw2475_pitchp0400_roll+000_v_sun_macro.png,736,True
v0.4_results/21_three_axis_p3_local_refinement/postprocess/phase63/roll+000/yaw2500_pitchp0325_roll+000_brdf.png,2584,True
v0.4_results/21_three_axis_p3_local_refinement/postprocess/phase63/roll+000/yaw2500_pitchp0325_roll+000_ocs.json,554,True
v0.4_results/21_three_axis_p3_local_refinement/postprocess/phase63/roll+000/yaw2500_pitchp0325_roll+000_v_sun_macro.npy,262272,True
v0.4_results/21_three_axis_p3_local_refinement/postprocess/phase63/roll+000/yaw2500_pitchp0325_roll+000_v_sun_macro.png,704,True
v0.4_results/21_three_axis_p3_local_refinement/postprocess/phase63/roll+000/yaw2500_pitchp0375_roll+000_brdf.png,2551,True
v0.4_results/21_three_axis_p3_local_refinement/postprocess/phase63/roll+000/yaw2500_pitchp0375_roll+000_ocs.json,554,True
v0.4_results/21_three_axis_p3_local_refinement/postprocess/phase63/roll+000/yaw2500_pitchp0375_roll+000_v_sun_macro.npy,262272,True
v0.4_results/21_three_axis_p3_local_refinement/postprocess/phase63/roll+000/yaw2500_pitchp0375_roll+000_v_sun_macro.png,730,True
v0.4_results/21_three_axis_p3_local_refinement/postprocess/phase63/roll+015/p3_postprocess_summary.json,131504,True
v0.4_results/21_three_axis_p3_local_refinement/postprocess/phase63/roll+015/yaw0550_pitchp0600_roll+015_brdf.png,1926,True
v0.4_results/21_three_axis_p3_local_refinement/postprocess/phase63/roll+015/yaw0550_pitchp0600_roll+015_ocs.json,533,True
v0.4_results/21_three_axis_p3_local_refinement/postprocess/phase63/roll+015/yaw0550_pitchp0600_roll+015_v_sun_macro.npy,262272,True
v0.4_results/21_three_axis_p3_local_refinement/postprocess/phase63/roll+015/yaw0550_pitchp0600_roll+015_v_sun_macro.png,851,True
v0.4_results/21_three_axis_p3_local_refinement/postprocess/phase63/roll+015/yaw0550_pitchp0625_roll+015_brdf.png,1865,True
v0.4_results/21_three_axis_p3_local_refinement/postprocess/phase63/roll+015/yaw0550_pitchp0625_roll+015_ocs.json,532,True
v0.4_results/21_three_axis_p3_local_refinement/postprocess/phase63/roll+015/yaw0550_pitchp0625_roll+015_v_sun_macro.npy,262272,True
v0.4_results/21_three_axis_p3_local_refinement/postprocess/phase63/roll+015/yaw0550_pitchp0625_roll+015_v_sun_macro.png,813,True
v0.4_results/21_three_axis_p3_local_refinement/postprocess/phase63/roll+015/yaw0550_pitchp0650_roll+015_brdf.png,2023,True
v0.4_results/21_three_axis_p3_local_refinement/postprocess/phase63/roll+015/yaw0550_pitchp0650_roll+015_ocs.json,534,True
v0.4_results/21_three_axis_p3_local_refinement/postprocess/phase63/roll+015/yaw0550_pitchp0650_roll+015_v_sun_macro.npy,262272,True
v0.4_results/21_three_axis_p3_local_refinement/postprocess/phase63/roll+015/yaw0550_pitchp0650_roll+015_v_sun_macro.png,806,True
v0.4_results/21_three_axis_p3_local_refinement/postprocess/phase63/roll+015/yaw0550_pitchp0675_roll+015_brdf.png,1953,True
v0.4_results/21_three_axis_p3_local_refinement/postprocess/phase63/roll+015/yaw0550_pitchp0675_roll+015_ocs.json,533,True
v0.4_results/21_three_axis_p3_local_refinement/postprocess/phase63/roll+015/yaw0550_pitchp0675_roll+015_v_sun_macro.npy,262272,True
v0.4_results/21_three_axis_p3_local_refinement/postprocess/phase63/roll+015/yaw0550_pitchp0675_roll+015_v_sun_macro.png,787,True
v0.4_results/21_three_axis_p3_local_refinement/postprocess/phase63/roll+015/yaw0550_pitchp0700_roll+015_brdf.png,1972,True
v0.4_results/21_three_axis_p3_local_refinement/postprocess/phase63/roll+015/yaw0550_pitchp0700_roll+015_ocs.json,533,True
v0.4_results/21_three_axis_p3_local_refinement/postprocess/phase63/roll+015/yaw0550_pitchp0700_roll+015_v_sun_macro.npy,262272,True
v0.4_results/21_three_axis_p3_local_refinement/postprocess/phase63/roll+015/yaw0550_pitchp0700_roll+015_v_sun_macro.png,789,True
v0.4_results/21_three_axis_p3_local_refinement/postprocess/phase63/roll+015/yaw0575_pitchp0600_roll+015_brdf.png,1863,True
v0.4_results/21_three_axis_p3_local_refinement/postprocess/phase63/roll+015/yaw0575_pitchp0600_roll+015_ocs.json,533,True
v0.4_results/21_three_axis_p3_local_refinement/postprocess/phase63/roll+015/yaw0575_pitchp0600_roll+015_v_sun_macro.npy,262272,True
v0.4_results/21_three_axis_p3_local_refinement/postprocess/phase63/roll+015/yaw0575_pitchp0600_roll+015_v_sun_macro.png,821,True
v0.4_results/21_three_axis_p3_local_refinement/postprocess/phase63/roll+015/yaw0575_pitchp0625_roll+015_brdf.png,2013,True
v0.4_results/21_three_axis_p3_local_refinement/postprocess/phase63/roll+015/yaw0575_pitchp0625_roll+015_ocs.json,533,True
v0.4_results/21_three_axis_p3_local_refinement/postprocess/phase63/roll+015/yaw0575_pitchp0625_roll+015_v_sun_macro.npy,262272,True
v0.4_results/21_three_axis_p3_local_refinement/postprocess/phase63/roll+015/yaw0575_pitchp0625_roll+015_v_sun_macro.png,813,True
v0.4_results/21_three_axis_p3_local_refinement/postprocess/phase63/roll+015/yaw0575_pitchp0650_roll+015_brdf.png,2033,True
v0.4_results/21_three_axis_p3_local_refinement/postprocess/phase63/roll+015/yaw0575_pitchp0650_roll+015_ocs.json,534,True
v0.4_results/21_three_axis_p3_local_refinement/postprocess/phase63/roll+015/yaw0575_pitchp0650_roll+015_v_sun_macro.npy,262272,True
v0.4_results/21_three_axis_p3_local_refinement/postprocess/phase63/roll+015/yaw0575_pitchp0650_roll+015_v_sun_macro.png,789,True
v0.4_results/21_three_axis_p3_local_refinement/postprocess/phase63/roll+015/yaw0575_pitchp0675_roll+015_brdf.png,1970,True
v0.4_results/21_three_axis_p3_local_refinement/postprocess/phase63/roll+015/yaw0575_pitchp0675_roll+015_ocs.json,534,True
v0.4_results/21_three_axis_p3_local_refinement/postprocess/phase63/roll+015/yaw0575_pitchp0675_roll+015_v_sun_macro.npy,262272,True
v0.4_results/21_three_axis_p3_local_refinement/postprocess/phase63/roll+015/yaw0575_pitchp0675_roll+015_v_sun_macro.png,786,True
v0.4_results/21_three_axis_p3_local_refinement/postprocess/phase63/roll+015/yaw0575_pitchp0700_roll+015_brdf.png,1918,True
v0.4_results/21_three_axis_p3_local_refinement/postprocess/phase63/roll+015/yaw0575_pitchp0700_roll+015_ocs.json,531,True
v0.4_results/21_three_axis_p3_local_refinement/postprocess/phase63/roll+015/yaw0575_pitchp0700_roll+015_v_sun_macro.npy,262272,True
v0.4_results/21_three_axis_p3_local_refinement/postprocess/phase63/roll+015/yaw0575_pitchp0700_roll+015_v_sun_macro.png,776,True
v0.4_results/21_three_axis_p3_local_refinement/postprocess/phase63/roll+015/yaw0600_pitchp0600_roll+015_brdf.png,1946,True
v0.4_results/21_three_axis_p3_local_refinement/postprocess/phase63/roll+015/yaw0600_pitchp0600_roll+015_ocs.json,534,True
v0.4_results/21_three_axis_p3_local_refinement/postprocess/phase63/roll+015/yaw0600_pitchp0600_roll+015_v_sun_macro.npy,262272,True
v0.4_results/21_three_axis_p3_local_refinement/postprocess/phase63/roll+015/yaw0600_pitchp0600_roll+015_v_sun_macro.png,825,True
v0.4_results/21_three_axis_p3_local_refinement/postprocess/phase63/roll+015/yaw0600_pitchp0625_roll+015_brdf.png,1979,True
v0.4_results/21_three_axis_p3_local_refinement/postprocess/phase63/roll+015/yaw0600_pitchp0625_roll+015_ocs.json,532,True
v0.4_results/21_three_axis_p3_local_refinement/postprocess/phase63/roll+015/yaw0600_pitchp0625_roll+015_v_sun_macro.npy,262272,True
v0.4_results/21_three_axis_p3_local_refinement/postprocess/phase63/roll+015/yaw0600_pitchp0625_roll+015_v_sun_macro.png,825,True
v0.4_results/21_three_axis_p3_local_refinement/postprocess/phase63/roll+015/yaw0600_pitchp0650_roll+015_brdf.png,1967,True
v0.4_results/21_three_axis_p3_local_refinement/postprocess/phase63/roll+015/yaw0600_pitchp0650_roll+015_ocs.json,534,True
v0.4_results/21_three_axis_p3_local_refinement/postprocess/phase63/roll+015/yaw0600_pitchp0650_roll+015_v_sun_macro.npy,262272,True
v0.4_results/21_three_axis_p3_local_refinement/postprocess/phase63/roll+015/yaw0600_pitchp0650_roll+015_v_sun_macro.png,817,True
v0.4_results/21_three_axis_p3_local_refinement/postprocess/phase63/roll+015/yaw0600_pitchp0675_roll+015_brdf.png,1925,True
v0.4_results/21_three_axis_p3_local_refinement/postprocess/phase63/roll+015/yaw0600_pitchp0675_roll+015_ocs.json,533,True
v0.4_results/21_three_axis_p3_local_refinement/postprocess/phase63/roll+015/yaw0600_pitchp0675_roll+015_v_sun_macro.npy,262272,True
v0.4_results/21_three_axis_p3_local_refinement/postprocess/phase63/roll+015/yaw0600_pitchp0675_roll+015_v_sun_macro.png,785,True
v0.4_results/21_three_axis_p3_local_refinement/postprocess/phase63/roll+015/yaw0600_pitchp0700_roll+015_brdf.png,1942,True
v0.4_results/21_three_axis_p3_local_refinement/postprocess/phase63/roll+015/yaw0600_pitchp0700_roll+015_ocs.json,533,True
v0.4_results/21_three_axis_p3_local_refinement/postprocess/phase63/roll+015/yaw0600_pitchp0700_roll+015_v_sun_macro.npy,262272,True
v0.4_results/21_three_axis_p3_local_refinement/postprocess/phase63/roll+015/yaw0600_pitchp0700_roll+015_v_sun_macro.png,755,True
v0.4_results/21_three_axis_p3_local_refinement/postprocess/phase63/roll+015/yaw0625_pitchp0600_roll+015_brdf.png,2016,True
v0.4_results/21_three_axis_p3_local_refinement/postprocess/phase63/roll+015/yaw0625_pitchp0600_roll+015_ocs.json,534,True
v0.4_results/21_three_axis_p3_local_refinement/postprocess/phase63/roll+015/yaw0625_pitchp0600_roll+015_v_sun_macro.npy,262272,True
v0.4_results/21_three_axis_p3_local_refinement/postprocess/phase63/roll+015/yaw0625_pitchp0600_roll+015_v_sun_macro.png,826,True
v0.4_results/21_three_axis_p3_local_refinement/postprocess/phase63/roll+015/yaw0625_pitchp0625_roll+015_brdf.png,1962,True
v0.4_results/21_three_axis_p3_local_refinement/postprocess/phase63/roll+015/yaw0625_pitchp0625_roll+015_ocs.json,533,True
v0.4_results/21_three_axis_p3_local_refinement/postprocess/phase63/roll+015/yaw0625_pitchp0625_roll+015_v_sun_macro.npy,262272,True
v0.4_results/21_three_axis_p3_local_refinement/postprocess/phase63/roll+015/yaw0625_pitchp0625_roll+015_v_sun_macro.png,812,True
v0.4_results/21_three_axis_p3_local_refinement/postprocess/phase63/roll+015/yaw0625_pitchp0650_roll+015_brdf.png,1950,True
v0.4_results/21_three_axis_p3_local_refinement/postprocess/phase63/roll+015/yaw0625_pitchp0650_roll+015_ocs.json,532,True
v0.4_results/21_three_axis_p3_local_refinement/postprocess/phase63/roll+015/yaw0625_pitchp0650_roll+015_v_sun_macro.npy,262272,True
v0.4_results/21_three_axis_p3_local_refinement/postprocess/phase63/roll+015/yaw0625_pitchp0650_roll+015_v_sun_macro.png,800,True
v0.4_results/21_three_axis_p3_local_refinement/postprocess/phase63/roll+015/yaw0625_pitchp0675_roll+015_brdf.png,1894,True
v0.4_results/21_three_axis_p3_local_refinement/postprocess/phase63/roll+015/yaw0625_pitchp0675_roll+015_ocs.json,532,True
v0.4_results/21_three_axis_p3_local_refinement/postprocess/phase63/roll+015/yaw0625_pitchp0675_roll+015_v_sun_macro.npy,262272,True
v0.4_results/21_three_axis_p3_local_refinement/postprocess/phase63/roll+015/yaw0625_pitchp0675_roll+015_v_sun_macro.png,759,True
v0.4_results/21_three_axis_p3_local_refinement/postprocess/phase63/roll+015/yaw0625_pitchp0700_roll+015_brdf.png,1953,True
v0.4_results/21_three_axis_p3_local_refinement/postprocess/phase63/roll+015/yaw0625_pitchp0700_roll+015_ocs.json,533,True
v0.4_results/21_three_axis_p3_local_refinement/postprocess/phase63/roll+015/yaw0625_pitchp0700_roll+015_v_sun_macro.npy,262272,True
v0.4_results/21_three_axis_p3_local_refinement/postprocess/phase63/roll+015/yaw0625_pitchp0700_roll+015_v_sun_macro.png,769,True
v0.4_results/21_three_axis_p3_local_refinement/postprocess/phase63/roll+015/yaw0650_pitchp0600_roll+015_brdf.png,2009,True
v0.4_results/21_three_axis_p3_local_refinement/postprocess/phase63/roll+015/yaw0650_pitchp0600_roll+015_ocs.json,533,True
v0.4_results/21_three_axis_p3_local_refinement/postprocess/phase63/roll+015/yaw0650_pitchp0600_roll+015_v_sun_macro.npy,262272,True
v0.4_results/21_three_axis_p3_local_refinement/postprocess/phase63/roll+015/yaw0650_pitchp0600_roll+015_v_sun_macro.png,799,True
v0.4_results/21_three_axis_p3_local_refinement/postprocess/phase63/roll+015/yaw0650_pitchp0625_roll+015_brdf.png,2034,True
v0.4_results/21_three_axis_p3_local_refinement/postprocess/phase63/roll+015/yaw0650_pitchp0625_roll+015_ocs.json,533,True
v0.4_results/21_three_axis_p3_local_refinement/postprocess/phase63/roll+015/yaw0650_pitchp0625_roll+015_v_sun_macro.npy,262272,True
v0.4_results/21_three_axis_p3_local_refinement/postprocess/phase63/roll+015/yaw0650_pitchp0625_roll+015_v_sun_macro.png,788,True
v0.4_results/21_three_axis_p3_local_refinement/postprocess/phase63/roll+015/yaw0650_pitchp0650_roll+015_brdf.png,2004,True
v0.4_results/21_three_axis_p3_local_refinement/postprocess/phase63/roll+015/yaw0650_pitchp0650_roll+015_ocs.json,532,True
v0.4_results/21_three_axis_p3_local_refinement/postprocess/phase63/roll+015/yaw0650_pitchp0650_roll+015_v_sun_macro.npy,262272,True
v0.4_results/21_three_axis_p3_local_refinement/postprocess/phase63/roll+015/yaw0650_pitchp0650_roll+015_v_sun_macro.png,797,True
v0.4_results/21_three_axis_p3_local_refinement/postprocess/phase63/roll+015/yaw0650_pitchp0675_roll+015_brdf.png,1944,True
v0.4_results/21_three_axis_p3_local_refinement/postprocess/phase63/roll+015/yaw0650_pitchp0675_roll+015_ocs.json,533,True
v0.4_results/21_three_axis_p3_local_refinement/postprocess/phase63/roll+015/yaw0650_pitchp0675_roll+015_v_sun_macro.npy,262272,True
v0.4_results/21_three_axis_p3_local_refinement/postprocess/phase63/roll+015/yaw0650_pitchp0675_roll+015_v_sun_macro.png,773,True
v0.4_results/21_three_axis_p3_local_refinement/postprocess/phase63/roll+015/yaw0650_pitchp0700_roll+015_brdf.png,1996,True
v0.4_results/21_three_axis_p3_local_refinement/postprocess/phase63/roll+015/yaw0650_pitchp0700_roll+015_ocs.json,533,True
v0.4_results/21_three_axis_p3_local_refinement/postprocess/phase63/roll+015/yaw0650_pitchp0700_roll+015_v_sun_macro.npy,262272,True
v0.4_results/21_three_axis_p3_local_refinement/postprocess/phase63/roll+015/yaw0650_pitchp0700_roll+015_v_sun_macro.png,752,True
v0.4_results/21_three_axis_p3_local_refinement/postprocess/phase63/roll+015/yaw1450_pitchp0100_roll+015_brdf.png,1834,True
v0.4_results/21_three_axis_p3_local_refinement/postprocess/phase63/roll+015/yaw1450_pitchp0100_roll+015_ocs.json,552,True
v0.4_results/21_three_axis_p3_local_refinement/postprocess/phase63/roll+015/yaw1450_pitchp0100_roll+015_v_sun_macro.npy,262272,True
v0.4_results/21_three_axis_p3_local_refinement/postprocess/phase63/roll+015/yaw1450_pitchp0100_roll+015_v_sun_macro.png,690,True
v0.4_results/21_three_axis_p3_local_refinement/postprocess/phase63/roll+015/yaw1450_pitchp0125_roll+015_brdf.png,1584,True
v0.4_results/21_three_axis_p3_local_refinement/postprocess/phase63/roll+015/yaw1450_pitchp0125_roll+015_ocs.json,551,True
v0.4_results/21_three_axis_p3_local_refinement/postprocess/phase63/roll+015/yaw1450_pitchp0125_roll+015_v_sun_macro.npy,262272,True
v0.4_results/21_three_axis_p3_local_refinement/postprocess/phase63/roll+015/yaw1450_pitchp0125_roll+015_v_sun_macro.png,693,True
v0.4_results/21_three_axis_p3_local_refinement/postprocess/phase63/roll+015/yaw1450_pitchp0150_roll+015_brdf.png,1553,True
v0.4_results/21_three_axis_p3_local_refinement/postprocess/phase63/roll+015/yaw1450_pitchp0150_roll+015_ocs.json,550,True
v0.4_results/21_three_axis_p3_local_refinement/postprocess/phase63/roll+015/yaw1450_pitchp0150_roll+015_v_sun_macro.npy,262272,True
v0.4_results/21_three_axis_p3_local_refinement/postprocess/phase63/roll+015/yaw1450_pitchp0150_roll+015_v_sun_macro.png,679,True
v0.4_results/21_three_axis_p3_local_refinement/postprocess/phase63/roll+015/yaw1450_pitchp0175_roll+015_brdf.png,1538,True
v0.4_results/21_three_axis_p3_local_refinement/postprocess/phase63/roll+015/yaw1450_pitchp0175_roll+015_ocs.json,552,True
v0.4_results/21_three_axis_p3_local_refinement/postprocess/phase63/roll+015/yaw1450_pitchp0175_roll+015_v_sun_macro.npy,262272,True
v0.4_results/21_three_axis_p3_local_refinement/postprocess/phase63/roll+015/yaw1450_pitchp0175_roll+015_v_sun_macro.png,694,True
v0.4_results/21_three_axis_p3_local_refinement/postprocess/phase63/roll+015/yaw1450_pitchp0200_roll+015_brdf.png,1448,True
v0.4_results/21_three_axis_p3_local_refinement/postprocess/phase63/roll+015/yaw1450_pitchp0200_roll+015_ocs.json,552,True
v0.4_results/21_three_axis_p3_local_refinement/postprocess/phase63/roll+015/yaw1450_pitchp0200_roll+015_v_sun_macro.npy,262272,True
v0.4_results/21_three_axis_p3_local_refinement/postprocess/phase63/roll+015/yaw1450_pitchp0200_roll+015_v_sun_macro.png,671,True
v0.4_results/21_three_axis_p3_local_refinement/postprocess/phase63/roll+015/yaw1450_pitchp0225_roll+015_brdf.png,1369,True
v0.4_results/21_three_axis_p3_local_refinement/postprocess/phase63/roll+015/yaw1450_pitchp0225_roll+015_ocs.json,552,True
v0.4_results/21_three_axis_p3_local_refinement/postprocess/phase63/roll+015/yaw1450_pitchp0225_roll+015_v_sun_macro.npy,262272,True
v0.4_results/21_three_axis_p3_local_refinement/postprocess/phase63/roll+015/yaw1450_pitchp0225_roll+015_v_sun_macro.png,605,True
v0.4_results/21_three_axis_p3_local_refinement/postprocess/phase63/roll+015/yaw1450_pitchp0250_roll+015_brdf.png,1286,True
v0.4_results/21_three_axis_p3_local_refinement/postprocess/phase63/roll+015/yaw1450_pitchp0250_roll+015_ocs.json,552,True
v0.4_results/21_three_axis_p3_local_refinement/postprocess/phase63/roll+015/yaw1450_pitchp0250_roll+015_v_sun_macro.npy,262272,True
v0.4_results/21_three_axis_p3_local_refinement/postprocess/phase63/roll+015/yaw1450_pitchp0250_roll+015_v_sun_macro.png,611,True
v0.4_results/21_three_axis_p3_local_refinement/postprocess/phase63/roll+015/yaw1475_pitchp0100_roll+015_brdf.png,1629,True
v0.4_results/21_three_axis_p3_local_refinement/postprocess/phase63/roll+015/yaw1475_pitchp0100_roll+015_ocs.json,550,True
v0.4_results/21_three_axis_p3_local_refinement/postprocess/phase63/roll+015/yaw1475_pitchp0100_roll+015_v_sun_macro.npy,262272,True
v0.4_results/21_three_axis_p3_local_refinement/postprocess/phase63/roll+015/yaw1475_pitchp0100_roll+015_v_sun_macro.png,739,True
v0.4_results/21_three_axis_p3_local_refinement/postprocess/phase63/roll+015/yaw1475_pitchp0125_roll+015_brdf.png,1515,True
v0.4_results/21_three_axis_p3_local_refinement/postprocess/phase63/roll+015/yaw1475_pitchp0125_roll+015_ocs.json,551,True
v0.4_results/21_three_axis_p3_local_refinement/postprocess/phase63/roll+015/yaw1475_pitchp0125_roll+015_v_sun_macro.npy,262272,True
v0.4_results/21_three_axis_p3_local_refinement/postprocess/phase63/roll+015/yaw1475_pitchp0125_roll+015_v_sun_macro.png,696,True
v0.4_results/21_three_axis_p3_local_refinement/postprocess/phase63/roll+015/yaw1475_pitchp0150_roll+015_brdf.png,1533,True
v0.4_results/21_three_axis_p3_local_refinement/postprocess/phase63/roll+015/yaw1475_pitchp0150_roll+015_ocs.json,552,True
v0.4_results/21_three_axis_p3_local_refinement/postprocess/phase63/roll+015/yaw1475_pitchp0150_roll+015_v_sun_macro.npy,262272,True
v0.4_results/21_three_axis_p3_local_refinement/postprocess/phase63/roll+015/yaw1475_pitchp0150_roll+015_v_sun_macro.png,702,True
v0.4_results/21_three_axis_p3_local_refinement/postprocess/phase63/roll+015/yaw1475_pitchp0175_roll+015_brdf.png,1494,True
v0.4_results/21_three_axis_p3_local_refinement/postprocess/phase63/roll+015/yaw1475_pitchp0175_roll+015_ocs.json,552,True
v0.4_results/21_three_axis_p3_local_refinement/postprocess/phase63/roll+015/yaw1475_pitchp0175_roll+015_v_sun_macro.npy,262272,True
v0.4_results/21_three_axis_p3_local_refinement/postprocess/phase63/roll+015/yaw1475_pitchp0175_roll+015_v_sun_macro.png,691,True
v0.4_results/21_three_axis_p3_local_refinement/postprocess/phase63/roll+015/yaw1475_pitchp0200_roll+015_brdf.png,1382,True
v0.4_results/21_three_axis_p3_local_refinement/postprocess/phase63/roll+015/yaw1475_pitchp0200_roll+015_ocs.json,552,True
v0.4_results/21_three_axis_p3_local_refinement/postprocess/phase63/roll+015/yaw1475_pitchp0200_roll+015_v_sun_macro.npy,262272,True
v0.4_results/21_three_axis_p3_local_refinement/postprocess/phase63/roll+015/yaw1475_pitchp0200_roll+015_v_sun_macro.png,651,True
v0.4_results/21_three_axis_p3_local_refinement/postprocess/phase63/roll+015/yaw1475_pitchp0225_roll+015_brdf.png,1300,True
v0.4_results/21_three_axis_p3_local_refinement/postprocess/phase63/roll+015/yaw1475_pitchp0225_roll+015_ocs.json,552,True
v0.4_results/21_three_axis_p3_local_refinement/postprocess/phase63/roll+015/yaw1475_pitchp0225_roll+015_v_sun_macro.npy,262272,True
v0.4_results/21_three_axis_p3_local_refinement/postprocess/phase63/roll+015/yaw1475_pitchp0225_roll+015_v_sun_macro.png,612,True
v0.4_results/21_three_axis_p3_local_refinement/postprocess/phase63/roll+015/yaw1475_pitchp0250_roll+015_brdf.png,1254,True
v0.4_results/21_three_axis_p3_local_refinement/postprocess/phase63/roll+015/yaw1475_pitchp0250_roll+015_ocs.json,554,True
v0.4_results/21_three_axis_p3_local_refinement/postprocess/phase63/roll+015/yaw1475_pitchp0250_roll+015_v_sun_macro.npy,262272,True
v0.4_results/21_three_axis_p3_local_refinement/postprocess/phase63/roll+015/yaw1475_pitchp0250_roll+015_v_sun_macro.png,632,True
v0.4_results/21_three_axis_p3_local_refinement/postprocess/phase63/roll+015/yaw1500_pitchp0100_roll+015_brdf.png,1601,True
v0.4_results/21_three_axis_p3_local_refinement/postprocess/phase63/roll+015/yaw1500_pitchp0100_roll+015_ocs.json,550,True
v0.4_results/21_three_axis_p3_local_refinement/postprocess/phase63/roll+015/yaw1500_pitchp0100_roll+015_v_sun_macro.npy,262272,True
v0.4_results/21_three_axis_p3_local_refinement/postprocess/phase63/roll+015/yaw1500_pitchp0100_roll+015_v_sun_macro.png,714,True
v0.4_results/21_three_axis_p3_local_refinement/postprocess/phase63/roll+015/yaw1500_pitchp0125_roll+015_brdf.png,1506,True
v0.4_results/21_three_axis_p3_local_refinement/postprocess/phase63/roll+015/yaw1500_pitchp0125_roll+015_ocs.json,551,True
v0.4_results/21_three_axis_p3_local_refinement/postprocess/phase63/roll+015/yaw1500_pitchp0125_roll+015_v_sun_macro.npy,262272,True
v0.4_results/21_three_axis_p3_local_refinement/postprocess/phase63/roll+015/yaw1500_pitchp0125_roll+015_v_sun_macro.png,718,True
v0.4_results/21_three_axis_p3_local_refinement/postprocess/phase63/roll+015/yaw1500_pitchp0150_roll+015_brdf.png,1471,True
v0.4_results/21_three_axis_p3_local_refinement/postprocess/phase63/roll+015/yaw1500_pitchp0150_roll+015_ocs.json,552,True
v0.4_results/21_three_axis_p3_local_refinement/postprocess/phase63/roll+015/yaw1500_pitchp0150_roll+015_v_sun_macro.npy,262272,True
v0.4_results/21_three_axis_p3_local_refinement/postprocess/phase63/roll+015/yaw1500_pitchp0150_roll+015_v_sun_macro.png,684,True
v0.4_results/21_three_axis_p3_local_refinement/postprocess/phase63/roll+015/yaw1500_pitchp0175_roll+015_brdf.png,1496,True
v0.4_results/21_three_axis_p3_local_refinement/postprocess/phase63/roll+015/yaw1500_pitchp0175_roll+015_ocs.json,551,True
v0.4_results/21_three_axis_p3_local_refinement/postprocess/phase63/roll+015/yaw1500_pitchp0175_roll+015_v_sun_macro.npy,262272,True
v0.4_results/21_three_axis_p3_local_refinement/postprocess/phase63/roll+015/yaw1500_pitchp0175_roll+015_v_sun_macro.png,677,True
v0.4_results/21_three_axis_p3_local_refinement/postprocess/phase63/roll+015/yaw1500_pitchp0200_roll+015_brdf.png,1398,True
v0.4_results/21_three_axis_p3_local_refinement/postprocess/phase63/roll+015/yaw1500_pitchp0200_roll+015_ocs.json,551,True
v0.4_results/21_three_axis_p3_local_refinement/postprocess/phase63/roll+015/yaw1500_pitchp0200_roll+015_v_sun_macro.npy,262272,True
v0.4_results/21_three_axis_p3_local_refinement/postprocess/phase63/roll+015/yaw1500_pitchp0200_roll+015_v_sun_macro.png,651,True
v0.4_results/21_three_axis_p3_local_refinement/postprocess/phase63/roll+015/yaw1500_pitchp0225_roll+015_brdf.png,1354,True
v0.4_results/21_three_axis_p3_local_refinement/postprocess/phase63/roll+015/yaw1500_pitchp0225_roll+015_ocs.json,552,True
v0.4_results/21_three_axis_p3_local_refinement/postprocess/phase63/roll+015/yaw1500_pitchp0225_roll+015_v_sun_macro.npy,262272,True
v0.4_results/21_three_axis_p3_local_refinement/postprocess/phase63/roll+015/yaw1500_pitchp0225_roll+015_v_sun_macro.png,600,True
v0.4_results/21_three_axis_p3_local_refinement/postprocess/phase63/roll+015/yaw1500_pitchp0250_roll+015_brdf.png,1258,True
v0.4_results/21_three_axis_p3_local_refinement/postprocess/phase63/roll+015/yaw1500_pitchp0250_roll+015_ocs.json,554,True
v0.4_results/21_three_axis_p3_local_refinement/postprocess/phase63/roll+015/yaw1500_pitchp0250_roll+015_v_sun_macro.npy,262272,True
v0.4_results/21_three_axis_p3_local_refinement/postprocess/phase63/roll+015/yaw1500_pitchp0250_roll+015_v_sun_macro.png,629,True
v0.4_results/21_three_axis_p3_local_refinement/postprocess/phase63/roll+015/yaw1525_pitchp0100_roll+015_brdf.png,1615,True
v0.4_results/21_three_axis_p3_local_refinement/postprocess/phase63/roll+015/yaw1525_pitchp0100_roll+015_ocs.json,551,True
v0.4_results/21_three_axis_p3_local_refinement/postprocess/phase63/roll+015/yaw1525_pitchp0100_roll+015_v_sun_macro.npy,262272,True
v0.4_results/21_three_axis_p3_local_refinement/postprocess/phase63/roll+015/yaw1525_pitchp0100_roll+015_v_sun_macro.png,725,True
v0.4_results/21_three_axis_p3_local_refinement/postprocess/phase63/roll+015/yaw1525_pitchp0125_roll+015_brdf.png,1553,True
v0.4_results/21_three_axis_p3_local_refinement/postprocess/phase63/roll+015/yaw1525_pitchp0125_roll+015_ocs.json,552,True
v0.4_results/21_three_axis_p3_local_refinement/postprocess/phase63/roll+015/yaw1525_pitchp0125_roll+015_v_sun_macro.npy,262272,True
v0.4_results/21_three_axis_p3_local_refinement/postprocess/phase63/roll+015/yaw1525_pitchp0125_roll+015_v_sun_macro.png,703,True
v0.4_results/21_three_axis_p3_local_refinement/postprocess/phase63/roll+015/yaw1525_pitchp0150_roll+015_brdf.png,1508,True
v0.4_results/21_three_axis_p3_local_refinement/postprocess/phase63/roll+015/yaw1525_pitchp0150_roll+015_ocs.json,551,True
v0.4_results/21_three_axis_p3_local_refinement/postprocess/phase63/roll+015/yaw1525_pitchp0150_roll+015_v_sun_macro.npy,262272,True
v0.4_results/21_three_axis_p3_local_refinement/postprocess/phase63/roll+015/yaw1525_pitchp0150_roll+015_v_sun_macro.png,699,True
v0.4_results/21_three_axis_p3_local_refinement/postprocess/phase63/roll+015/yaw1525_pitchp0175_roll+015_brdf.png,1435,True
v0.4_results/21_three_axis_p3_local_refinement/postprocess/phase63/roll+015/yaw1525_pitchp0175_roll+015_ocs.json,551,True
v0.4_results/21_three_axis_p3_local_refinement/postprocess/phase63/roll+015/yaw1525_pitchp0175_roll+015_v_sun_macro.npy,262272,True
v0.4_results/21_three_axis_p3_local_refinement/postprocess/phase63/roll+015/yaw1525_pitchp0175_roll+015_v_sun_macro.png,688,True
v0.4_results/21_three_axis_p3_local_refinement/postprocess/phase63/roll+015/yaw1525_pitchp0200_roll+015_brdf.png,1372,True
v0.4_results/21_three_axis_p3_local_refinement/postprocess/phase63/roll+015/yaw1525_pitchp0200_roll+015_ocs.json,551,True
v0.4_results/21_three_axis_p3_local_refinement/postprocess/phase63/roll+015/yaw1525_pitchp0200_roll+015_v_sun_macro.npy,262272,True
v0.4_results/21_three_axis_p3_local_refinement/postprocess/phase63/roll+015/yaw1525_pitchp0200_roll+015_v_sun_macro.png,658,True
v0.4_results/21_three_axis_p3_local_refinement/postprocess/phase63/roll+015/yaw1525_pitchp0225_roll+015_brdf.png,1363,True
v0.4_results/21_three_axis_p3_local_refinement/postprocess/phase63/roll+015/yaw1525_pitchp0225_roll+015_ocs.json,552,True
v0.4_results/21_three_axis_p3_local_refinement/postprocess/phase63/roll+015/yaw1525_pitchp0225_roll+015_v_sun_macro.npy,262272,True
v0.4_results/21_three_axis_p3_local_refinement/postprocess/phase63/roll+015/yaw1525_pitchp0225_roll+015_v_sun_macro.png,624,True
v0.4_results/21_three_axis_p3_local_refinement/postprocess/phase63/roll+015/yaw1525_pitchp0250_roll+015_brdf.png,1365,True
v0.4_results/21_three_axis_p3_local_refinement/postprocess/phase63/roll+015/yaw1525_pitchp0250_roll+015_ocs.json,552,True
v0.4_results/21_three_axis_p3_local_refinement/postprocess/phase63/roll+015/yaw1525_pitchp0250_roll+015_v_sun_macro.npy,262272,True
v0.4_results/21_three_axis_p3_local_refinement/postprocess/phase63/roll+015/yaw1525_pitchp0250_roll+015_v_sun_macro.png,631,True
v0.4_results/21_three_axis_p3_local_refinement/postprocess/phase63/roll+015/yaw1550_pitchp0100_roll+015_brdf.png,1645,True
v0.4_results/21_three_axis_p3_local_refinement/postprocess/phase63/roll+015/yaw1550_pitchp0100_roll+015_ocs.json,552,True
v0.4_results/21_three_axis_p3_local_refinement/postprocess/phase63/roll+015/yaw1550_pitchp0100_roll+015_v_sun_macro.npy,262272,True
v0.4_results/21_three_axis_p3_local_refinement/postprocess/phase63/roll+015/yaw1550_pitchp0100_roll+015_v_sun_macro.png,716,True
v0.4_results/21_three_axis_p3_local_refinement/postprocess/phase63/roll+015/yaw1550_pitchp0125_roll+015_brdf.png,1538,True
v0.4_results/21_three_axis_p3_local_refinement/postprocess/phase63/roll+015/yaw1550_pitchp0125_roll+015_ocs.json,550,True
v0.4_results/21_three_axis_p3_local_refinement/postprocess/phase63/roll+015/yaw1550_pitchp0125_roll+015_v_sun_macro.npy,262272,True
v0.4_results/21_three_axis_p3_local_refinement/postprocess/phase63/roll+015/yaw1550_pitchp0125_roll+015_v_sun_macro.png,714,True
v0.4_results/21_three_axis_p3_local_refinement/postprocess/phase63/roll+015/yaw1550_pitchp0150_roll+015_brdf.png,1414,True
v0.4_results/21_three_axis_p3_local_refinement/postprocess/phase63/roll+015/yaw1550_pitchp0150_roll+015_ocs.json,551,True
v0.4_results/21_three_axis_p3_local_refinement/postprocess/phase63/roll+015/yaw1550_pitchp0150_roll+015_v_sun_macro.npy,262272,True
v0.4_results/21_three_axis_p3_local_refinement/postprocess/phase63/roll+015/yaw1550_pitchp0150_roll+015_v_sun_macro.png,712,True
v0.4_results/21_three_axis_p3_local_refinement/postprocess/phase63/roll+015/yaw1550_pitchp0175_roll+015_brdf.png,1471,True
v0.4_results/21_three_axis_p3_local_refinement/postprocess/phase63/roll+015/yaw1550_pitchp0175_roll+015_ocs.json,552,True
v0.4_results/21_three_axis_p3_local_refinement/postprocess/phase63/roll+015/yaw1550_pitchp0175_roll+015_v_sun_macro.npy,262272,True
v0.4_results/21_three_axis_p3_local_refinement/postprocess/phase63/roll+015/yaw1550_pitchp0175_roll+015_v_sun_macro.png,664,True
v0.4_results/21_three_axis_p3_local_refinement/postprocess/phase63/roll+015/yaw1550_pitchp0200_roll+015_brdf.png,1371,True
v0.4_results/21_three_axis_p3_local_refinement/postprocess/phase63/roll+015/yaw1550_pitchp0200_roll+015_ocs.json,552,True
v0.4_results/21_three_axis_p3_local_refinement/postprocess/phase63/roll+015/yaw1550_pitchp0200_roll+015_v_sun_macro.npy,262272,True
v0.4_results/21_three_axis_p3_local_refinement/postprocess/phase63/roll+015/yaw1550_pitchp0200_roll+015_v_sun_macro.png,659,True
v0.4_results/21_three_axis_p3_local_refinement/postprocess/phase63/roll+015/yaw1550_pitchp0225_roll+015_brdf.png,1408,True
v0.4_results/21_three_axis_p3_local_refinement/postprocess/phase63/roll+015/yaw1550_pitchp0225_roll+015_ocs.json,553,True
v0.4_results/21_three_axis_p3_local_refinement/postprocess/phase63/roll+015/yaw1550_pitchp0225_roll+015_v_sun_macro.npy,262272,True
v0.4_results/21_three_axis_p3_local_refinement/postprocess/phase63/roll+015/yaw1550_pitchp0225_roll+015_v_sun_macro.png,669,True
v0.4_results/21_three_axis_p3_local_refinement/postprocess/phase63/roll+015/yaw1550_pitchp0250_roll+015_brdf.png,1384,True
v0.4_results/21_three_axis_p3_local_refinement/postprocess/phase63/roll+015/yaw1550_pitchp0250_roll+015_ocs.json,553,True
v0.4_results/21_three_axis_p3_local_refinement/postprocess/phase63/roll+015/yaw1550_pitchp0250_roll+015_v_sun_macro.npy,262272,True
v0.4_results/21_three_axis_p3_local_refinement/postprocess/phase63/roll+015/yaw1550_pitchp0250_roll+015_v_sun_macro.png,687,True
v0.4_results/21_three_axis_p3_local_refinement/postprocess/phase63/roll+015/yaw1575_pitchp0100_roll+015_brdf.png,1592,True
v0.4_results/21_three_axis_p3_local_refinement/postprocess/phase63/roll+015/yaw1575_pitchp0100_roll+015_ocs.json,552,True
v0.4_results/21_three_axis_p3_local_refinement/postprocess/phase63/roll+015/yaw1575_pitchp0100_roll+015_v_sun_macro.npy,262272,True
v0.4_results/21_three_axis_p3_local_refinement/postprocess/phase63/roll+015/yaw1575_pitchp0100_roll+015_v_sun_macro.png,732,True
v0.4_results/21_three_axis_p3_local_refinement/postprocess/phase63/roll+015/yaw1575_pitchp0125_roll+015_brdf.png,1563,True
v0.4_results/21_three_axis_p3_local_refinement/postprocess/phase63/roll+015/yaw1575_pitchp0125_roll+015_ocs.json,552,True
v0.4_results/21_three_axis_p3_local_refinement/postprocess/phase63/roll+015/yaw1575_pitchp0125_roll+015_v_sun_macro.npy,262272,True
v0.4_results/21_three_axis_p3_local_refinement/postprocess/phase63/roll+015/yaw1575_pitchp0125_roll+015_v_sun_macro.png,705,True
v0.4_results/21_three_axis_p3_local_refinement/postprocess/phase63/roll+015/yaw1575_pitchp0150_roll+015_brdf.png,1526,True
v0.4_results/21_three_axis_p3_local_refinement/postprocess/phase63/roll+015/yaw1575_pitchp0150_roll+015_ocs.json,551,True
v0.4_results/21_three_axis_p3_local_refinement/postprocess/phase63/roll+015/yaw1575_pitchp0150_roll+015_v_sun_macro.npy,262272,True
v0.4_results/21_three_axis_p3_local_refinement/postprocess/phase63/roll+015/yaw1575_pitchp0150_roll+015_v_sun_macro.png,694,True
v0.4_results/21_three_axis_p3_local_refinement/postprocess/phase63/roll+015/yaw1575_pitchp0175_roll+015_brdf.png,1376,True
v0.4_results/21_three_axis_p3_local_refinement/postprocess/phase63/roll+015/yaw1575_pitchp0175_roll+015_ocs.json,552,True
v0.4_results/21_three_axis_p3_local_refinement/postprocess/phase63/roll+015/yaw1575_pitchp0175_roll+015_v_sun_macro.npy,262272,True
v0.4_results/21_three_axis_p3_local_refinement/postprocess/phase63/roll+015/yaw1575_pitchp0175_roll+015_v_sun_macro.png,695,True
v0.4_results/21_three_axis_p3_local_refinement/postprocess/phase63/roll+015/yaw1575_pitchp0200_roll+015_brdf.png,1422,True
v0.4_results/21_three_axis_p3_local_refinement/postprocess/phase63/roll+015/yaw1575_pitchp0200_roll+015_ocs.json,554,True
v0.4_results/21_three_axis_p3_local_refinement/postprocess/phase63/roll+015/yaw1575_pitchp0200_roll+015_v_sun_macro.npy,262272,True
v0.4_results/21_three_axis_p3_local_refinement/postprocess/phase63/roll+015/yaw1575_pitchp0200_roll+015_v_sun_macro.png,661,True
v0.4_results/21_three_axis_p3_local_refinement/postprocess/phase63/roll+015/yaw1575_pitchp0225_roll+015_brdf.png,1390,True
v0.4_results/21_three_axis_p3_local_refinement/postprocess/phase63/roll+015/yaw1575_pitchp0225_roll+015_ocs.json,552,True
v0.4_results/21_three_axis_p3_local_refinement/postprocess/phase63/roll+015/yaw1575_pitchp0225_roll+015_v_sun_macro.npy,262272,True
v0.4_results/21_three_axis_p3_local_refinement/postprocess/phase63/roll+015/yaw1575_pitchp0225_roll+015_v_sun_macro.png,694,True
v0.4_results/21_three_axis_p3_local_refinement/postprocess/phase63/roll+015/yaw1575_pitchp0250_roll+015_brdf.png,1707,True
v0.4_results/21_three_axis_p3_local_refinement/postprocess/phase63/roll+015/yaw1575_pitchp0250_roll+015_ocs.json,554,True
v0.4_results/21_three_axis_p3_local_refinement/postprocess/phase63/roll+015/yaw1575_pitchp0250_roll+015_v_sun_macro.npy,262272,True
v0.4_results/21_three_axis_p3_local_refinement/postprocess/phase63/roll+015/yaw1575_pitchp0250_roll+015_v_sun_macro.png,686,True
v0.4_results/21_three_axis_p3_local_refinement/postprocess/phase63/roll+015/yaw1600_pitchp0100_roll+015_brdf.png,1570,True
v0.4_results/21_three_axis_p3_local_refinement/postprocess/phase63/roll+015/yaw1600_pitchp0100_roll+015_ocs.json,553,True
v0.4_results/21_three_axis_p3_local_refinement/postprocess/phase63/roll+015/yaw1600_pitchp0100_roll+015_v_sun_macro.npy,262272,True
v0.4_results/21_three_axis_p3_local_refinement/postprocess/phase63/roll+015/yaw1600_pitchp0100_roll+015_v_sun_macro.png,735,True
v0.4_results/21_three_axis_p3_local_refinement/postprocess/phase63/roll+015/yaw1600_pitchp0125_roll+015_brdf.png,1541,True
v0.4_results/21_three_axis_p3_local_refinement/postprocess/phase63/roll+015/yaw1600_pitchp0125_roll+015_ocs.json,553,True
v0.4_results/21_three_axis_p3_local_refinement/postprocess/phase63/roll+015/yaw1600_pitchp0125_roll+015_v_sun_macro.npy,262272,True
v0.4_results/21_three_axis_p3_local_refinement/postprocess/phase63/roll+015/yaw1600_pitchp0125_roll+015_v_sun_macro.png,729,True
v0.4_results/21_three_axis_p3_local_refinement/postprocess/phase63/roll+015/yaw1600_pitchp0150_roll+015_brdf.png,1418,True
v0.4_results/21_three_axis_p3_local_refinement/postprocess/phase63/roll+015/yaw1600_pitchp0150_roll+015_ocs.json,553,True
v0.4_results/21_three_axis_p3_local_refinement/postprocess/phase63/roll+015/yaw1600_pitchp0150_roll+015_v_sun_macro.npy,262272,True
v0.4_results/21_three_axis_p3_local_refinement/postprocess/phase63/roll+015/yaw1600_pitchp0150_roll+015_v_sun_macro.png,708,True
v0.4_results/21_three_axis_p3_local_refinement/postprocess/phase63/roll+015/yaw1600_pitchp0175_roll+015_brdf.png,1414,True
v0.4_results/21_three_axis_p3_local_refinement/postprocess/phase63/roll+015/yaw1600_pitchp0175_roll+015_ocs.json,553,True
v0.4_results/21_three_axis_p3_local_refinement/postprocess/phase63/roll+015/yaw1600_pitchp0175_roll+015_v_sun_macro.npy,262272,True
v0.4_results/21_three_axis_p3_local_refinement/postprocess/phase63/roll+015/yaw1600_pitchp0175_roll+015_v_sun_macro.png,687,True
v0.4_results/21_three_axis_p3_local_refinement/postprocess/phase63/roll+015/yaw1600_pitchp0200_roll+015_brdf.png,1431,True
v0.4_results/21_three_axis_p3_local_refinement/postprocess/phase63/roll+015/yaw1600_pitchp0200_roll+015_ocs.json,552,True
v0.4_results/21_three_axis_p3_local_refinement/postprocess/phase63/roll+015/yaw1600_pitchp0200_roll+015_v_sun_macro.npy,262272,True
v0.4_results/21_three_axis_p3_local_refinement/postprocess/phase63/roll+015/yaw1600_pitchp0200_roll+015_v_sun_macro.png,683,True
v0.4_results/21_three_axis_p3_local_refinement/postprocess/phase63/roll+015/yaw1600_pitchp0225_roll+015_brdf.png,1487,True
v0.4_results/21_three_axis_p3_local_refinement/postprocess/phase63/roll+015/yaw1600_pitchp0225_roll+015_ocs.json,552,True
v0.4_results/21_three_axis_p3_local_refinement/postprocess/phase63/roll+015/yaw1600_pitchp0225_roll+015_v_sun_macro.npy,262272,True
v0.4_results/21_three_axis_p3_local_refinement/postprocess/phase63/roll+015/yaw1600_pitchp0225_roll+015_v_sun_macro.png,695,True
v0.4_results/21_three_axis_p3_local_refinement/postprocess/phase63/roll+015/yaw1600_pitchp0250_roll+015_brdf.png,1737,True
v0.4_results/21_three_axis_p3_local_refinement/postprocess/phase63/roll+015/yaw1600_pitchp0250_roll+015_ocs.json,555,True
v0.4_results/21_three_axis_p3_local_refinement/postprocess/phase63/roll+015/yaw1600_pitchp0250_roll+015_v_sun_macro.npy,262272,True
v0.4_results/21_three_axis_p3_local_refinement/postprocess/phase63/roll+015/yaw1600_pitchp0250_roll+015_v_sun_macro.png,668,True
v0.4_results/21_three_axis_p3_local_refinement/postprocess/phase63/roll+015/yaw2050_pitchm0050_roll+015_brdf.png,1738,True
v0.4_results/21_three_axis_p3_local_refinement/postprocess/phase63/roll+015/yaw2050_pitchm0050_roll+015_ocs.json,554,True
v0.4_results/21_three_axis_p3_local_refinement/postprocess/phase63/roll+015/yaw2050_pitchm0050_roll+015_v_sun_macro.npy,262272,True
v0.4_results/21_three_axis_p3_local_refinement/postprocess/phase63/roll+015/yaw2050_pitchm0050_roll+015_v_sun_macro.png,823,True
v0.4_results/21_three_axis_p3_local_refinement/postprocess/phase63/roll+015/yaw2050_pitchm0100_roll+015_brdf.png,1860,True
v0.4_results/21_three_axis_p3_local_refinement/postprocess/phase63/roll+015/yaw2050_pitchm0100_roll+015_ocs.json,557,True
v0.4_results/21_three_axis_p3_local_refinement/postprocess/phase63/roll+015/yaw2050_pitchm0100_roll+015_v_sun_macro.npy,262272,True
v0.4_results/21_three_axis_p3_local_refinement/postprocess/phase63/roll+015/yaw2050_pitchm0100_roll+015_v_sun_macro.png,873,True
v0.4_results/21_three_axis_p3_local_refinement/postprocess/phase63/roll+015/yaw2100_pitchm0050_roll+015_brdf.png,1727,True
v0.4_results/21_three_axis_p3_local_refinement/postprocess/phase63/roll+015/yaw2100_pitchm0050_roll+015_ocs.json,554,True
v0.4_results/21_three_axis_p3_local_refinement/postprocess/phase63/roll+015/yaw2100_pitchm0050_roll+015_v_sun_macro.npy,262272,True
v0.4_results/21_three_axis_p3_local_refinement/postprocess/phase63/roll+015/yaw2100_pitchm0050_roll+015_v_sun_macro.png,792,True
v0.4_results/21_three_axis_p3_local_refinement/postprocess/phase63/roll+015/yaw2100_pitchm0100_roll+015_brdf.png,1895,True
v0.4_results/21_three_axis_p3_local_refinement/postprocess/phase63/roll+015/yaw2100_pitchm0100_roll+015_ocs.json,554,True
v0.4_results/21_three_axis_p3_local_refinement/postprocess/phase63/roll+015/yaw2100_pitchm0100_roll+015_v_sun_macro.npy,262272,True
v0.4_results/21_three_axis_p3_local_refinement/postprocess/phase63/roll+015/yaw2100_pitchm0100_roll+015_v_sun_macro.png,850,True
v0.4_results/21_three_axis_p3_local_refinement/postprocess/phase63/roll+015/yaw2400_pitchp0300_roll+015_brdf.png,2365,True
v0.4_results/21_three_axis_p3_local_refinement/postprocess/phase63/roll+015/yaw2400_pitchp0300_roll+015_ocs.json,551,True
v0.4_results/21_three_axis_p3_local_refinement/postprocess/phase63/roll+015/yaw2400_pitchp0300_roll+015_v_sun_macro.npy,262272,True
v0.4_results/21_three_axis_p3_local_refinement/postprocess/phase63/roll+015/yaw2400_pitchp0300_roll+015_v_sun_macro.png,808,True
v0.4_results/21_three_axis_p3_local_refinement/postprocess/phase63/roll+015/yaw2400_pitchp0325_roll+015_brdf.png,2305,True
v0.4_results/21_three_axis_p3_local_refinement/postprocess/phase63/roll+015/yaw2400_pitchp0325_roll+015_ocs.json,552,True
v0.4_results/21_three_axis_p3_local_refinement/postprocess/phase63/roll+015/yaw2400_pitchp0325_roll+015_v_sun_macro.npy,262272,True
v0.4_results/21_three_axis_p3_local_refinement/postprocess/phase63/roll+015/yaw2400_pitchp0325_roll+015_v_sun_macro.png,834,True
v0.4_results/21_three_axis_p3_local_refinement/postprocess/phase63/roll+015/yaw2400_pitchp0350_roll+015_brdf.png,2469,True
v0.4_results/21_three_axis_p3_local_refinement/postprocess/phase63/roll+015/yaw2400_pitchp0350_roll+015_ocs.json,551,True
v0.4_results/21_three_axis_p3_local_refinement/postprocess/phase63/roll+015/yaw2400_pitchp0350_roll+015_v_sun_macro.npy,262272,True
v0.4_results/21_three_axis_p3_local_refinement/postprocess/phase63/roll+015/yaw2400_pitchp0350_roll+015_v_sun_macro.png,829,True
v0.4_results/21_three_axis_p3_local_refinement/postprocess/phase63/roll+015/yaw2400_pitchp0375_roll+015_brdf.png,2261,True
v0.4_results/21_three_axis_p3_local_refinement/postprocess/phase63/roll+015/yaw2400_pitchp0375_roll+015_ocs.json,552,True
v0.4_results/21_three_axis_p3_local_refinement/postprocess/phase63/roll+015/yaw2400_pitchp0375_roll+015_v_sun_macro.npy,262272,True
v0.4_results/21_three_axis_p3_local_refinement/postprocess/phase63/roll+015/yaw2400_pitchp0375_roll+015_v_sun_macro.png,825,True
v0.4_results/21_three_axis_p3_local_refinement/postprocess/phase63/roll+015/yaw2400_pitchp0400_roll+015_brdf.png,2264,True
v0.4_results/21_three_axis_p3_local_refinement/postprocess/phase63/roll+015/yaw2400_pitchp0400_roll+015_ocs.json,551,True
v0.4_results/21_three_axis_p3_local_refinement/postprocess/phase63/roll+015/yaw2400_pitchp0400_roll+015_v_sun_macro.npy,262272,True
v0.4_results/21_three_axis_p3_local_refinement/postprocess/phase63/roll+015/yaw2400_pitchp0400_roll+015_v_sun_macro.png,829,True
v0.4_results/21_three_axis_p3_local_refinement/postprocess/phase63/roll+015/yaw2425_pitchp0300_roll+015_brdf.png,2271,True
v0.4_results/21_three_axis_p3_local_refinement/postprocess/phase63/roll+015/yaw2425_pitchp0300_roll+015_ocs.json,551,True
v0.4_results/21_three_axis_p3_local_refinement/postprocess/phase63/roll+015/yaw2425_pitchp0300_roll+015_v_sun_macro.npy,262272,True
v0.4_results/21_three_axis_p3_local_refinement/postprocess/phase63/roll+015/yaw2425_pitchp0300_roll+015_v_sun_macro.png,796,True
v0.4_results/21_three_axis_p3_local_refinement/postprocess/phase63/roll+015/yaw2425_pitchp0325_roll+015_brdf.png,2327,True
v0.4_results/21_three_axis_p3_local_refinement/postprocess/phase63/roll+015/yaw2425_pitchp0325_roll+015_ocs.json,550,True
v0.4_results/21_three_axis_p3_local_refinement/postprocess/phase63/roll+015/yaw2425_pitchp0325_roll+015_v_sun_macro.npy,262272,True
v0.4_results/21_three_axis_p3_local_refinement/postprocess/phase63/roll+015/yaw2425_pitchp0325_roll+015_v_sun_macro.png,813,True
v0.4_results/21_three_axis_p3_local_refinement/postprocess/phase63/roll+015/yaw2425_pitchp0350_roll+015_brdf.png,2325,True
v0.4_results/21_three_axis_p3_local_refinement/postprocess/phase63/roll+015/yaw2425_pitchp0350_roll+015_ocs.json,551,True
v0.4_results/21_three_axis_p3_local_refinement/postprocess/phase63/roll+015/yaw2425_pitchp0350_roll+015_v_sun_macro.npy,262272,True
v0.4_results/21_three_axis_p3_local_refinement/postprocess/phase63/roll+015/yaw2425_pitchp0350_roll+015_v_sun_macro.png,782,True
v0.4_results/21_three_axis_p3_local_refinement/postprocess/phase63/roll+015/yaw2425_pitchp0375_roll+015_brdf.png,2177,True
v0.4_results/21_three_axis_p3_local_refinement/postprocess/phase63/roll+015/yaw2425_pitchp0375_roll+015_ocs.json,550,True
v0.4_results/21_three_axis_p3_local_refinement/postprocess/phase63/roll+015/yaw2425_pitchp0375_roll+015_v_sun_macro.npy,262272,True
v0.4_results/21_three_axis_p3_local_refinement/postprocess/phase63/roll+015/yaw2425_pitchp0375_roll+015_v_sun_macro.png,799,True
v0.4_results/21_three_axis_p3_local_refinement/postprocess/phase63/roll+015/yaw2425_pitchp0400_roll+015_brdf.png,2341,True
v0.4_results/21_three_axis_p3_local_refinement/postprocess/phase63/roll+015/yaw2425_pitchp0400_roll+015_ocs.json,550,True
v0.4_results/21_three_axis_p3_local_refinement/postprocess/phase63/roll+015/yaw2425_pitchp0400_roll+015_v_sun_macro.npy,262272,True
v0.4_results/21_three_axis_p3_local_refinement/postprocess/phase63/roll+015/yaw2425_pitchp0400_roll+015_v_sun_macro.png,803,True
v0.4_results/21_three_axis_p3_local_refinement/postprocess/phase63/roll+015/yaw2450_pitchp0300_roll+015_brdf.png,2301,True
v0.4_results/21_three_axis_p3_local_refinement/postprocess/phase63/roll+015/yaw2450_pitchp0300_roll+015_ocs.json,552,True
v0.4_results/21_three_axis_p3_local_refinement/postprocess/phase63/roll+015/yaw2450_pitchp0300_roll+015_v_sun_macro.npy,262272,True
v0.4_results/21_three_axis_p3_local_refinement/postprocess/phase63/roll+015/yaw2450_pitchp0300_roll+015_v_sun_macro.png,808,True
v0.4_results/21_three_axis_p3_local_refinement/postprocess/phase63/roll+015/yaw2450_pitchp0325_roll+015_brdf.png,2234,True
v0.4_results/21_three_axis_p3_local_refinement/postprocess/phase63/roll+015/yaw2450_pitchp0325_roll+015_ocs.json,551,True
v0.4_results/21_three_axis_p3_local_refinement/postprocess/phase63/roll+015/yaw2450_pitchp0325_roll+015_v_sun_macro.npy,262272,True
v0.4_results/21_three_axis_p3_local_refinement/postprocess/phase63/roll+015/yaw2450_pitchp0325_roll+015_v_sun_macro.png,802,True
v0.4_results/21_three_axis_p3_local_refinement/postprocess/phase63/roll+015/yaw2450_pitchp0350_roll+015_brdf.png,2277,True
v0.4_results/21_three_axis_p3_local_refinement/postprocess/phase63/roll+015/yaw2450_pitchp0350_roll+015_ocs.json,551,True
v0.4_results/21_three_axis_p3_local_refinement/postprocess/phase63/roll+015/yaw2450_pitchp0350_roll+015_v_sun_macro.npy,262272,True
v0.4_results/21_three_axis_p3_local_refinement/postprocess/phase63/roll+015/yaw2450_pitchp0350_roll+015_v_sun_macro.png,800,True
v0.4_results/21_three_axis_p3_local_refinement/postprocess/phase63/roll+015/yaw2450_pitchp0375_roll+015_brdf.png,2286,True
v0.4_results/21_three_axis_p3_local_refinement/postprocess/phase63/roll+015/yaw2450_pitchp0375_roll+015_ocs.json,552,True
v0.4_results/21_three_axis_p3_local_refinement/postprocess/phase63/roll+015/yaw2450_pitchp0375_roll+015_v_sun_macro.npy,262272,True
v0.4_results/21_three_axis_p3_local_refinement/postprocess/phase63/roll+015/yaw2450_pitchp0375_roll+015_v_sun_macro.png,802,True
v0.4_results/21_three_axis_p3_local_refinement/postprocess/phase63/roll+015/yaw2450_pitchp0400_roll+015_brdf.png,2362,True
v0.4_results/21_three_axis_p3_local_refinement/postprocess/phase63/roll+015/yaw2450_pitchp0400_roll+015_ocs.json,550,True
v0.4_results/21_three_axis_p3_local_refinement/postprocess/phase63/roll+015/yaw2450_pitchp0400_roll+015_v_sun_macro.npy,262272,True
v0.4_results/21_three_axis_p3_local_refinement/postprocess/phase63/roll+015/yaw2450_pitchp0400_roll+015_v_sun_macro.png,789,True
v0.4_results/21_three_axis_p3_local_refinement/postprocess/phase63/roll+015/yaw2475_pitchp0300_roll+015_brdf.png,2271,True
v0.4_results/21_three_axis_p3_local_refinement/postprocess/phase63/roll+015/yaw2475_pitchp0300_roll+015_ocs.json,551,True
v0.4_results/21_three_axis_p3_local_refinement/postprocess/phase63/roll+015/yaw2475_pitchp0300_roll+015_v_sun_macro.npy,262272,True
v0.4_results/21_three_axis_p3_local_refinement/postprocess/phase63/roll+015/yaw2475_pitchp0300_roll+015_v_sun_macro.png,805,True
v0.4_results/21_three_axis_p3_local_refinement/postprocess/phase63/roll+015/yaw2475_pitchp0325_roll+015_brdf.png,2313,True
v0.4_results/21_three_axis_p3_local_refinement/postprocess/phase63/roll+015/yaw2475_pitchp0325_roll+015_ocs.json,551,True
v0.4_results/21_three_axis_p3_local_refinement/postprocess/phase63/roll+015/yaw2475_pitchp0325_roll+015_v_sun_macro.npy,262272,True
v0.4_results/21_three_axis_p3_local_refinement/postprocess/phase63/roll+015/yaw2475_pitchp0325_roll+015_v_sun_macro.png,803,True
v0.4_results/21_three_axis_p3_local_refinement/postprocess/phase63/roll+015/yaw2475_pitchp0350_roll+015_brdf.png,2236,True
v0.4_results/21_three_axis_p3_local_refinement/postprocess/phase63/roll+015/yaw2475_pitchp0350_roll+015_ocs.json,550,True
v0.4_results/21_three_axis_p3_local_refinement/postprocess/phase63/roll+015/yaw2475_pitchp0350_roll+015_v_sun_macro.npy,262272,True
v0.4_results/21_three_axis_p3_local_refinement/postprocess/phase63/roll+015/yaw2475_pitchp0350_roll+015_v_sun_macro.png,799,True
v0.4_results/21_three_axis_p3_local_refinement/postprocess/phase63/roll+015/yaw2475_pitchp0375_roll+015_brdf.png,2287,True
v0.4_results/21_three_axis_p3_local_refinement/postprocess/phase63/roll+015/yaw2475_pitchp0375_roll+015_ocs.json,550,True
v0.4_results/21_three_axis_p3_local_refinement/postprocess/phase63/roll+015/yaw2475_pitchp0375_roll+015_v_sun_macro.npy,262272,True
v0.4_results/21_three_axis_p3_local_refinement/postprocess/phase63/roll+015/yaw2475_pitchp0375_roll+015_v_sun_macro.png,777,True
v0.4_results/21_three_axis_p3_local_refinement/postprocess/phase63/roll+015/yaw2475_pitchp0400_roll+015_brdf.png,2314,True
v0.4_results/21_three_axis_p3_local_refinement/postprocess/phase63/roll+015/yaw2475_pitchp0400_roll+015_ocs.json,551,True
v0.4_results/21_three_axis_p3_local_refinement/postprocess/phase63/roll+015/yaw2475_pitchp0400_roll+015_v_sun_macro.npy,262272,True
v0.4_results/21_three_axis_p3_local_refinement/postprocess/phase63/roll+015/yaw2475_pitchp0400_roll+015_v_sun_macro.png,794,True
v0.4_results/21_three_axis_p3_local_refinement/postprocess/phase63/roll+015/yaw2500_pitchp0300_roll+015_brdf.png,2327,True
v0.4_results/21_three_axis_p3_local_refinement/postprocess/phase63/roll+015/yaw2500_pitchp0300_roll+015_ocs.json,552,True
v0.4_results/21_three_axis_p3_local_refinement/postprocess/phase63/roll+015/yaw2500_pitchp0300_roll+015_v_sun_macro.npy,262272,True
v0.4_results/21_three_axis_p3_local_refinement/postprocess/phase63/roll+015/yaw2500_pitchp0300_roll+015_v_sun_macro.png,789,True
v0.4_results/21_three_axis_p3_local_refinement/postprocess/phase63/roll+015/yaw2500_pitchp0325_roll+015_brdf.png,2252,True
v0.4_results/21_three_axis_p3_local_refinement/postprocess/phase63/roll+015/yaw2500_pitchp0325_roll+015_ocs.json,552,True
v0.4_results/21_three_axis_p3_local_refinement/postprocess/phase63/roll+015/yaw2500_pitchp0325_roll+015_v_sun_macro.npy,262272,True
v0.4_results/21_three_axis_p3_local_refinement/postprocess/phase63/roll+015/yaw2500_pitchp0325_roll+015_v_sun_macro.png,787,True
v0.4_results/21_three_axis_p3_local_refinement/postprocess/phase63/roll+015/yaw2500_pitchp0350_roll+015_brdf.png,2366,True
v0.4_results/21_three_axis_p3_local_refinement/postprocess/phase63/roll+015/yaw2500_pitchp0350_roll+015_ocs.json,551,True
v0.4_results/21_three_axis_p3_local_refinement/postprocess/phase63/roll+015/yaw2500_pitchp0350_roll+015_v_sun_macro.npy,262272,True
v0.4_results/21_three_axis_p3_local_refinement/postprocess/phase63/roll+015/yaw2500_pitchp0350_roll+015_v_sun_macro.png,766,True
v0.4_results/21_three_axis_p3_local_refinement/postprocess/phase63/roll+015/yaw2500_pitchp0375_roll+015_brdf.png,2332,True
v0.4_results/21_three_axis_p3_local_refinement/postprocess/phase63/roll+015/yaw2500_pitchp0375_roll+015_ocs.json,549,True
v0.4_results/21_three_axis_p3_local_refinement/postprocess/phase63/roll+015/yaw2500_pitchp0375_roll+015_v_sun_macro.npy,262272,True
v0.4_results/21_three_axis_p3_local_refinement/postprocess/phase63/roll+015/yaw2500_pitchp0375_roll+015_v_sun_macro.png,760,True
v0.4_results/21_three_axis_p3_local_refinement/postprocess/phase63/roll+015/yaw2500_pitchp0400_roll+015_brdf.png,2298,True
v0.4_results/21_three_axis_p3_local_refinement/postprocess/phase63/roll+015/yaw2500_pitchp0400_roll+015_ocs.json,550,True
v0.4_results/21_three_axis_p3_local_refinement/postprocess/phase63/roll+015/yaw2500_pitchp0400_roll+015_v_sun_macro.npy,262272,True
v0.4_results/21_three_axis_p3_local_refinement/postprocess/phase63/roll+015/yaw2500_pitchp0400_roll+015_v_sun_macro.png,784,True
v0.4_results/21_three_axis_p3_local_refinement/postprocess/phase63/roll+015/yaw2800_pitchm0800_roll+015_brdf.png,1260,True
v0.4_results/21_three_axis_p3_local_refinement/postprocess/phase63/roll+015/yaw2800_pitchm0800_roll+015_ocs.json,557,True
v0.4_results/21_three_axis_p3_local_refinement/postprocess/phase63/roll+015/yaw2800_pitchm0800_roll+015_v_sun_macro.npy,262272,True
v0.4_results/21_three_axis_p3_local_refinement/postprocess/phase63/roll+015/yaw2800_pitchm0800_roll+015_v_sun_macro.png,647,True
v0.4_results/21_three_axis_p3_local_refinement/postprocess/phase63/roll+015/yaw2800_pitchm0850_roll+015_brdf.png,1246,True
v0.4_results/21_three_axis_p3_local_refinement/postprocess/phase63/roll+015/yaw2800_pitchm0850_roll+015_ocs.json,554,True
v0.4_results/21_three_axis_p3_local_refinement/postprocess/phase63/roll+015/yaw2800_pitchm0850_roll+015_v_sun_macro.npy,262272,True
v0.4_results/21_three_axis_p3_local_refinement/postprocess/phase63/roll+015/yaw2800_pitchm0850_roll+015_v_sun_macro.png,621,True
v0.4_results/21_three_axis_p3_local_refinement/postprocess/phase63/roll+015/yaw2850_pitchm0800_roll+015_brdf.png,1353,True
v0.4_results/21_three_axis_p3_local_refinement/postprocess/phase63/roll+015/yaw2850_pitchm0800_roll+015_ocs.json,555,True
v0.4_results/21_three_axis_p3_local_refinement/postprocess/phase63/roll+015/yaw2850_pitchm0800_roll+015_v_sun_macro.npy,262272,True
v0.4_results/21_three_axis_p3_local_refinement/postprocess/phase63/roll+015/yaw2850_pitchm0800_roll+015_v_sun_macro.png,642,True
v0.4_results/21_three_axis_p3_local_refinement/postprocess/phase63/roll+015/yaw2850_pitchm0850_roll+015_brdf.png,1336,True
v0.4_results/21_three_axis_p3_local_refinement/postprocess/phase63/roll+015/yaw2850_pitchm0850_roll+015_ocs.json,554,True
v0.4_results/21_three_axis_p3_local_refinement/postprocess/phase63/roll+015/yaw2850_pitchm0850_roll+015_v_sun_macro.npy,262272,True
v0.4_results/21_three_axis_p3_local_refinement/postprocess/phase63/roll+015/yaw2850_pitchm0850_roll+015_v_sun_macro.png,614,True
v0.4_results/21_three_axis_p3_local_refinement/postprocess/phase63/roll+030/p3_postprocess_summary.json,131546,True
v0.4_results/21_three_axis_p3_local_refinement/postprocess/phase63/roll+030/yaw0550_pitchp0600_roll+030_brdf.png,2096,True
v0.4_results/21_three_axis_p3_local_refinement/postprocess/phase63/roll+030/yaw0550_pitchp0600_roll+030_ocs.json,533,True
v0.4_results/21_three_axis_p3_local_refinement/postprocess/phase63/roll+030/yaw0550_pitchp0600_roll+030_v_sun_macro.npy,262272,True
v0.4_results/21_three_axis_p3_local_refinement/postprocess/phase63/roll+030/yaw0550_pitchp0600_roll+030_v_sun_macro.png,884,True
v0.4_results/21_three_axis_p3_local_refinement/postprocess/phase63/roll+030/yaw0550_pitchp0625_roll+030_brdf.png,2116,True
v0.4_results/21_three_axis_p3_local_refinement/postprocess/phase63/roll+030/yaw0550_pitchp0625_roll+030_ocs.json,532,True
v0.4_results/21_three_axis_p3_local_refinement/postprocess/phase63/roll+030/yaw0550_pitchp0625_roll+030_v_sun_macro.npy,262272,True
v0.4_results/21_three_axis_p3_local_refinement/postprocess/phase63/roll+030/yaw0550_pitchp0625_roll+030_v_sun_macro.png,863,True
v0.4_results/21_three_axis_p3_local_refinement/postprocess/phase63/roll+030/yaw0550_pitchp0650_roll+030_brdf.png,2231,True
v0.4_results/21_three_axis_p3_local_refinement/postprocess/phase63/roll+030/yaw0550_pitchp0650_roll+030_ocs.json,532,True
v0.4_results/21_three_axis_p3_local_refinement/postprocess/phase63/roll+030/yaw0550_pitchp0650_roll+030_v_sun_macro.npy,262272,True
v0.4_results/21_three_axis_p3_local_refinement/postprocess/phase63/roll+030/yaw0550_pitchp0650_roll+030_v_sun_macro.png,870,True
v0.4_results/21_three_axis_p3_local_refinement/postprocess/phase63/roll+030/yaw0550_pitchp0675_roll+030_brdf.png,2077,True
v0.4_results/21_three_axis_p3_local_refinement/postprocess/phase63/roll+030/yaw0550_pitchp0675_roll+030_ocs.json,533,True
v0.4_results/21_three_axis_p3_local_refinement/postprocess/phase63/roll+030/yaw0550_pitchp0675_roll+030_v_sun_macro.npy,262272,True
v0.4_results/21_three_axis_p3_local_refinement/postprocess/phase63/roll+030/yaw0550_pitchp0675_roll+030_v_sun_macro.png,800,True
v0.4_results/21_three_axis_p3_local_refinement/postprocess/phase63/roll+030/yaw0550_pitchp0700_roll+030_brdf.png,2065,True
v0.4_results/21_three_axis_p3_local_refinement/postprocess/phase63/roll+030/yaw0550_pitchp0700_roll+030_ocs.json,533,True
v0.4_results/21_three_axis_p3_local_refinement/postprocess/phase63/roll+030/yaw0550_pitchp0700_roll+030_v_sun_macro.npy,262272,True
v0.4_results/21_three_axis_p3_local_refinement/postprocess/phase63/roll+030/yaw0550_pitchp0700_roll+030_v_sun_macro.png,801,True
v0.4_results/21_three_axis_p3_local_refinement/postprocess/phase63/roll+030/yaw0575_pitchp0600_roll+030_brdf.png,2137,True
v0.4_results/21_three_axis_p3_local_refinement/postprocess/phase63/roll+030/yaw0575_pitchp0600_roll+030_ocs.json,534,True
v0.4_results/21_three_axis_p3_local_refinement/postprocess/phase63/roll+030/yaw0575_pitchp0600_roll+030_v_sun_macro.npy,262272,True
v0.4_results/21_three_axis_p3_local_refinement/postprocess/phase63/roll+030/yaw0575_pitchp0600_roll+030_v_sun_macro.png,900,True
v0.4_results/21_three_axis_p3_local_refinement/postprocess/phase63/roll+030/yaw0575_pitchp0625_roll+030_brdf.png,2176,True
v0.4_results/21_three_axis_p3_local_refinement/postprocess/phase63/roll+030/yaw0575_pitchp0625_roll+030_ocs.json,534,True
v0.4_results/21_three_axis_p3_local_refinement/postprocess/phase63/roll+030/yaw0575_pitchp0625_roll+030_v_sun_macro.npy,262272,True
v0.4_results/21_three_axis_p3_local_refinement/postprocess/phase63/roll+030/yaw0575_pitchp0625_roll+030_v_sun_macro.png,881,True
v0.4_results/21_three_axis_p3_local_refinement/postprocess/phase63/roll+030/yaw0575_pitchp0650_roll+030_brdf.png,2156,True
v0.4_results/21_three_axis_p3_local_refinement/postprocess/phase63/roll+030/yaw0575_pitchp0650_roll+030_ocs.json,533,True
v0.4_results/21_three_axis_p3_local_refinement/postprocess/phase63/roll+030/yaw0575_pitchp0650_roll+030_v_sun_macro.npy,262272,True
v0.4_results/21_three_axis_p3_local_refinement/postprocess/phase63/roll+030/yaw0575_pitchp0650_roll+030_v_sun_macro.png,875,True
v0.4_results/21_three_axis_p3_local_refinement/postprocess/phase63/roll+030/yaw0575_pitchp0675_roll+030_brdf.png,2106,True
v0.4_results/21_three_axis_p3_local_refinement/postprocess/phase63/roll+030/yaw0575_pitchp0675_roll+030_ocs.json,534,True
v0.4_results/21_three_axis_p3_local_refinement/postprocess/phase63/roll+030/yaw0575_pitchp0675_roll+030_v_sun_macro.npy,262272,True
v0.4_results/21_three_axis_p3_local_refinement/postprocess/phase63/roll+030/yaw0575_pitchp0675_roll+030_v_sun_macro.png,828,True
v0.4_results/21_three_axis_p3_local_refinement/postprocess/phase63/roll+030/yaw0575_pitchp0700_roll+030_brdf.png,2073,True
v0.4_results/21_three_axis_p3_local_refinement/postprocess/phase63/roll+030/yaw0575_pitchp0700_roll+030_ocs.json,533,True
v0.4_results/21_three_axis_p3_local_refinement/postprocess/phase63/roll+030/yaw0575_pitchp0700_roll+030_v_sun_macro.npy,262272,True
v0.4_results/21_three_axis_p3_local_refinement/postprocess/phase63/roll+030/yaw0575_pitchp0700_roll+030_v_sun_macro.png,870,True
v0.4_results/21_three_axis_p3_local_refinement/postprocess/phase63/roll+030/yaw0600_pitchp0600_roll+030_brdf.png,2228,True
v0.4_results/21_three_axis_p3_local_refinement/postprocess/phase63/roll+030/yaw0600_pitchp0600_roll+030_ocs.json,534,True
v0.4_results/21_three_axis_p3_local_refinement/postprocess/phase63/roll+030/yaw0600_pitchp0600_roll+030_v_sun_macro.npy,262272,True
v0.4_results/21_three_axis_p3_local_refinement/postprocess/phase63/roll+030/yaw0600_pitchp0600_roll+030_v_sun_macro.png,910,True
v0.4_results/21_three_axis_p3_local_refinement/postprocess/phase63/roll+030/yaw0600_pitchp0625_roll+030_brdf.png,2194,True
v0.4_results/21_three_axis_p3_local_refinement/postprocess/phase63/roll+030/yaw0600_pitchp0625_roll+030_ocs.json,534,True
v0.4_results/21_three_axis_p3_local_refinement/postprocess/phase63/roll+030/yaw0600_pitchp0625_roll+030_v_sun_macro.npy,262272,True
v0.4_results/21_three_axis_p3_local_refinement/postprocess/phase63/roll+030/yaw0600_pitchp0625_roll+030_v_sun_macro.png,914,True
v0.4_results/21_three_axis_p3_local_refinement/postprocess/phase63/roll+030/yaw0600_pitchp0650_roll+030_brdf.png,2132,True
v0.4_results/21_three_axis_p3_local_refinement/postprocess/phase63/roll+030/yaw0600_pitchp0650_roll+030_ocs.json,533,True
v0.4_results/21_three_axis_p3_local_refinement/postprocess/phase63/roll+030/yaw0600_pitchp0650_roll+030_v_sun_macro.npy,262272,True
v0.4_results/21_three_axis_p3_local_refinement/postprocess/phase63/roll+030/yaw0600_pitchp0650_roll+030_v_sun_macro.png,900,True
v0.4_results/21_three_axis_p3_local_refinement/postprocess/phase63/roll+030/yaw0600_pitchp0675_roll+030_brdf.png,2056,True
v0.4_results/21_three_axis_p3_local_refinement/postprocess/phase63/roll+030/yaw0600_pitchp0675_roll+030_ocs.json,534,True
v0.4_results/21_three_axis_p3_local_refinement/postprocess/phase63/roll+030/yaw0600_pitchp0675_roll+030_v_sun_macro.npy,262272,True
v0.4_results/21_three_axis_p3_local_refinement/postprocess/phase63/roll+030/yaw0600_pitchp0675_roll+030_v_sun_macro.png,938,True
v0.4_results/21_three_axis_p3_local_refinement/postprocess/phase63/roll+030/yaw0600_pitchp0700_roll+030_brdf.png,2022,True
v0.4_results/21_three_axis_p3_local_refinement/postprocess/phase63/roll+030/yaw0600_pitchp0700_roll+030_ocs.json,534,True
v0.4_results/21_three_axis_p3_local_refinement/postprocess/phase63/roll+030/yaw0600_pitchp0700_roll+030_v_sun_macro.npy,262272,True
v0.4_results/21_three_axis_p3_local_refinement/postprocess/phase63/roll+030/yaw0600_pitchp0700_roll+030_v_sun_macro.png,938,True
v0.4_results/21_three_axis_p3_local_refinement/postprocess/phase63/roll+030/yaw0625_pitchp0600_roll+030_brdf.png,2149,True
v0.4_results/21_three_axis_p3_local_refinement/postprocess/phase63/roll+030/yaw0625_pitchp0600_roll+030_ocs.json,534,True
v0.4_results/21_three_axis_p3_local_refinement/postprocess/phase63/roll+030/yaw0625_pitchp0600_roll+030_v_sun_macro.npy,262272,True
v0.4_results/21_three_axis_p3_local_refinement/postprocess/phase63/roll+030/yaw0625_pitchp0600_roll+030_v_sun_macro.png,1024,True
v0.4_results/21_three_axis_p3_local_refinement/postprocess/phase63/roll+030/yaw0625_pitchp0625_roll+030_brdf.png,2090,True
v0.4_results/21_three_axis_p3_local_refinement/postprocess/phase63/roll+030/yaw0625_pitchp0625_roll+030_ocs.json,534,True
v0.4_results/21_three_axis_p3_local_refinement/postprocess/phase63/roll+030/yaw0625_pitchp0625_roll+030_v_sun_macro.npy,262272,True
v0.4_results/21_three_axis_p3_local_refinement/postprocess/phase63/roll+030/yaw0625_pitchp0625_roll+030_v_sun_macro.png,1019,True
v0.4_results/21_three_axis_p3_local_refinement/postprocess/phase63/roll+030/yaw0625_pitchp0650_roll+030_brdf.png,2094,True
v0.4_results/21_three_axis_p3_local_refinement/postprocess/phase63/roll+030/yaw0625_pitchp0650_roll+030_ocs.json,535,True
v0.4_results/21_three_axis_p3_local_refinement/postprocess/phase63/roll+030/yaw0625_pitchp0650_roll+030_v_sun_macro.npy,262272,True
v0.4_results/21_three_axis_p3_local_refinement/postprocess/phase63/roll+030/yaw0625_pitchp0650_roll+030_v_sun_macro.png,921,True
v0.4_results/21_three_axis_p3_local_refinement/postprocess/phase63/roll+030/yaw0625_pitchp0675_roll+030_brdf.png,1978,True
v0.4_results/21_three_axis_p3_local_refinement/postprocess/phase63/roll+030/yaw0625_pitchp0675_roll+030_ocs.json,535,True
v0.4_results/21_three_axis_p3_local_refinement/postprocess/phase63/roll+030/yaw0625_pitchp0675_roll+030_v_sun_macro.npy,262272,True
v0.4_results/21_three_axis_p3_local_refinement/postprocess/phase63/roll+030/yaw0625_pitchp0675_roll+030_v_sun_macro.png,849,True
v0.4_results/21_three_axis_p3_local_refinement/postprocess/phase63/roll+030/yaw0625_pitchp0700_roll+030_brdf.png,2057,True
v0.4_results/21_three_axis_p3_local_refinement/postprocess/phase63/roll+030/yaw0625_pitchp0700_roll+030_ocs.json,534,True
v0.4_results/21_three_axis_p3_local_refinement/postprocess/phase63/roll+030/yaw0625_pitchp0700_roll+030_v_sun_macro.npy,262272,True
v0.4_results/21_three_axis_p3_local_refinement/postprocess/phase63/roll+030/yaw0625_pitchp0700_roll+030_v_sun_macro.png,811,True
v0.4_results/21_three_axis_p3_local_refinement/postprocess/phase63/roll+030/yaw0650_pitchp0600_roll+030_brdf.png,2141,True
v0.4_results/21_three_axis_p3_local_refinement/postprocess/phase63/roll+030/yaw0650_pitchp0600_roll+030_ocs.json,534,True
v0.4_results/21_three_axis_p3_local_refinement/postprocess/phase63/roll+030/yaw0650_pitchp0600_roll+030_v_sun_macro.npy,262272,True
v0.4_results/21_three_axis_p3_local_refinement/postprocess/phase63/roll+030/yaw0650_pitchp0600_roll+030_v_sun_macro.png,924,True
v0.4_results/21_three_axis_p3_local_refinement/postprocess/phase63/roll+030/yaw0650_pitchp0625_roll+030_brdf.png,2158,True
v0.4_results/21_three_axis_p3_local_refinement/postprocess/phase63/roll+030/yaw0650_pitchp0625_roll+030_ocs.json,532,True
v0.4_results/21_three_axis_p3_local_refinement/postprocess/phase63/roll+030/yaw0650_pitchp0625_roll+030_v_sun_macro.npy,262272,True
v0.4_results/21_three_axis_p3_local_refinement/postprocess/phase63/roll+030/yaw0650_pitchp0625_roll+030_v_sun_macro.png,890,True
v0.4_results/21_three_axis_p3_local_refinement/postprocess/phase63/roll+030/yaw0650_pitchp0650_roll+030_brdf.png,2076,True
v0.4_results/21_three_axis_p3_local_refinement/postprocess/phase63/roll+030/yaw0650_pitchp0650_roll+030_ocs.json,535,True
v0.4_results/21_three_axis_p3_local_refinement/postprocess/phase63/roll+030/yaw0650_pitchp0650_roll+030_v_sun_macro.npy,262272,True
v0.4_results/21_three_axis_p3_local_refinement/postprocess/phase63/roll+030/yaw0650_pitchp0650_roll+030_v_sun_macro.png,853,True
v0.4_results/21_three_axis_p3_local_refinement/postprocess/phase63/roll+030/yaw0650_pitchp0675_roll+030_brdf.png,1938,True
v0.4_results/21_three_axis_p3_local_refinement/postprocess/phase63/roll+030/yaw0650_pitchp0675_roll+030_ocs.json,533,True
v0.4_results/21_three_axis_p3_local_refinement/postprocess/phase63/roll+030/yaw0650_pitchp0675_roll+030_v_sun_macro.npy,262272,True
v0.4_results/21_three_axis_p3_local_refinement/postprocess/phase63/roll+030/yaw0650_pitchp0675_roll+030_v_sun_macro.png,818,True
v0.4_results/21_three_axis_p3_local_refinement/postprocess/phase63/roll+030/yaw0650_pitchp0700_roll+030_brdf.png,2023,True
v0.4_results/21_three_axis_p3_local_refinement/postprocess/phase63/roll+030/yaw0650_pitchp0700_roll+030_ocs.json,534,True
v0.4_results/21_three_axis_p3_local_refinement/postprocess/phase63/roll+030/yaw0650_pitchp0700_roll+030_v_sun_macro.npy,262272,True
v0.4_results/21_three_axis_p3_local_refinement/postprocess/phase63/roll+030/yaw0650_pitchp0700_roll+030_v_sun_macro.png,811,True
v0.4_results/21_three_axis_p3_local_refinement/postprocess/phase63/roll+030/yaw1450_pitchp0100_roll+030_brdf.png,1891,True
v0.4_results/21_three_axis_p3_local_refinement/postprocess/phase63/roll+030/yaw1450_pitchp0100_roll+030_ocs.json,550,True
v0.4_results/21_three_axis_p3_local_refinement/postprocess/phase63/roll+030/yaw1450_pitchp0100_roll+030_v_sun_macro.npy,262272,True
v0.4_results/21_three_axis_p3_local_refinement/postprocess/phase63/roll+030/yaw1450_pitchp0100_roll+030_v_sun_macro.png,733,True
v0.4_results/21_three_axis_p3_local_refinement/postprocess/phase63/roll+030/yaw1450_pitchp0125_roll+030_brdf.png,1606,True
v0.4_results/21_three_axis_p3_local_refinement/postprocess/phase63/roll+030/yaw1450_pitchp0125_roll+030_ocs.json,550,True
v0.4_results/21_three_axis_p3_local_refinement/postprocess/phase63/roll+030/yaw1450_pitchp0125_roll+030_v_sun_macro.npy,262272,True
v0.4_results/21_three_axis_p3_local_refinement/postprocess/phase63/roll+030/yaw1450_pitchp0125_roll+030_v_sun_macro.png,707,True
v0.4_results/21_three_axis_p3_local_refinement/postprocess/phase63/roll+030/yaw1450_pitchp0150_roll+030_brdf.png,1588,True
v0.4_results/21_three_axis_p3_local_refinement/postprocess/phase63/roll+030/yaw1450_pitchp0150_roll+030_ocs.json,549,True
v0.4_results/21_three_axis_p3_local_refinement/postprocess/phase63/roll+030/yaw1450_pitchp0150_roll+030_v_sun_macro.npy,262272,True
v0.4_results/21_three_axis_p3_local_refinement/postprocess/phase63/roll+030/yaw1450_pitchp0150_roll+030_v_sun_macro.png,709,True
v0.4_results/21_three_axis_p3_local_refinement/postprocess/phase63/roll+030/yaw1450_pitchp0175_roll+030_brdf.png,1563,True
v0.4_results/21_three_axis_p3_local_refinement/postprocess/phase63/roll+030/yaw1450_pitchp0175_roll+030_ocs.json,552,True
v0.4_results/21_three_axis_p3_local_refinement/postprocess/phase63/roll+030/yaw1450_pitchp0175_roll+030_v_sun_macro.npy,262272,True
v0.4_results/21_three_axis_p3_local_refinement/postprocess/phase63/roll+030/yaw1450_pitchp0175_roll+030_v_sun_macro.png,687,True
v0.4_results/21_three_axis_p3_local_refinement/postprocess/phase63/roll+030/yaw1450_pitchp0200_roll+030_brdf.png,1561,True
v0.4_results/21_three_axis_p3_local_refinement/postprocess/phase63/roll+030/yaw1450_pitchp0200_roll+030_ocs.json,551,True
v0.4_results/21_three_axis_p3_local_refinement/postprocess/phase63/roll+030/yaw1450_pitchp0200_roll+030_v_sun_macro.npy,262272,True
v0.4_results/21_three_axis_p3_local_refinement/postprocess/phase63/roll+030/yaw1450_pitchp0200_roll+030_v_sun_macro.png,690,True
v0.4_results/21_three_axis_p3_local_refinement/postprocess/phase63/roll+030/yaw1450_pitchp0225_roll+030_brdf.png,1474,True
v0.4_results/21_three_axis_p3_local_refinement/postprocess/phase63/roll+030/yaw1450_pitchp0225_roll+030_ocs.json,552,True
v0.4_results/21_three_axis_p3_local_refinement/postprocess/phase63/roll+030/yaw1450_pitchp0225_roll+030_v_sun_macro.npy,262272,True
v0.4_results/21_three_axis_p3_local_refinement/postprocess/phase63/roll+030/yaw1450_pitchp0225_roll+030_v_sun_macro.png,691,True
v0.4_results/21_three_axis_p3_local_refinement/postprocess/phase63/roll+030/yaw1450_pitchp0250_roll+030_brdf.png,1403,True
v0.4_results/21_three_axis_p3_local_refinement/postprocess/phase63/roll+030/yaw1450_pitchp0250_roll+030_ocs.json,553,True
v0.4_results/21_three_axis_p3_local_refinement/postprocess/phase63/roll+030/yaw1450_pitchp0250_roll+030_v_sun_macro.npy,262272,True
v0.4_results/21_three_axis_p3_local_refinement/postprocess/phase63/roll+030/yaw1450_pitchp0250_roll+030_v_sun_macro.png,687,True
v0.4_results/21_three_axis_p3_local_refinement/postprocess/phase63/roll+030/yaw1475_pitchp0100_roll+030_brdf.png,1645,True
v0.4_results/21_three_axis_p3_local_refinement/postprocess/phase63/roll+030/yaw1475_pitchp0100_roll+030_ocs.json,553,True
v0.4_results/21_three_axis_p3_local_refinement/postprocess/phase63/roll+030/yaw1475_pitchp0100_roll+030_v_sun_macro.npy,262272,True
v0.4_results/21_three_axis_p3_local_refinement/postprocess/phase63/roll+030/yaw1475_pitchp0100_roll+030_v_sun_macro.png,762,True
v0.4_results/21_three_axis_p3_local_refinement/postprocess/phase63/roll+030/yaw1475_pitchp0125_roll+030_brdf.png,1523,True
v0.4_results/21_three_axis_p3_local_refinement/postprocess/phase63/roll+030/yaw1475_pitchp0125_roll+030_ocs.json,551,True
v0.4_results/21_three_axis_p3_local_refinement/postprocess/phase63/roll+030/yaw1475_pitchp0125_roll+030_v_sun_macro.npy,262272,True
v0.4_results/21_three_axis_p3_local_refinement/postprocess/phase63/roll+030/yaw1475_pitchp0125_roll+030_v_sun_macro.png,733,True
v0.4_results/21_three_axis_p3_local_refinement/postprocess/phase63/roll+030/yaw1475_pitchp0150_roll+030_brdf.png,1496,True
v0.4_results/21_three_axis_p3_local_refinement/postprocess/phase63/roll+030/yaw1475_pitchp0150_roll+030_ocs.json,551,True
v0.4_results/21_three_axis_p3_local_refinement/postprocess/phase63/roll+030/yaw1475_pitchp0150_roll+030_v_sun_macro.npy,262272,True
v0.4_results/21_three_axis_p3_local_refinement/postprocess/phase63/roll+030/yaw1475_pitchp0150_roll+030_v_sun_macro.png,702,True
v0.4_results/21_three_axis_p3_local_refinement/postprocess/phase63/roll+030/yaw1475_pitchp0175_roll+030_brdf.png,1502,True
v0.4_results/21_three_axis_p3_local_refinement/postprocess/phase63/roll+030/yaw1475_pitchp0175_roll+030_ocs.json,551,True
v0.4_results/21_three_axis_p3_local_refinement/postprocess/phase63/roll+030/yaw1475_pitchp0175_roll+030_v_sun_macro.npy,262272,True
v0.4_results/21_three_axis_p3_local_refinement/postprocess/phase63/roll+030/yaw1475_pitchp0175_roll+030_v_sun_macro.png,679,True
v0.4_results/21_three_axis_p3_local_refinement/postprocess/phase63/roll+030/yaw1475_pitchp0200_roll+030_brdf.png,1533,True
v0.4_results/21_three_axis_p3_local_refinement/postprocess/phase63/roll+030/yaw1475_pitchp0200_roll+030_ocs.json,552,True
v0.4_results/21_three_axis_p3_local_refinement/postprocess/phase63/roll+030/yaw1475_pitchp0200_roll+030_v_sun_macro.npy,262272,True
v0.4_results/21_three_axis_p3_local_refinement/postprocess/phase63/roll+030/yaw1475_pitchp0200_roll+030_v_sun_macro.png,677,True
v0.4_results/21_three_axis_p3_local_refinement/postprocess/phase63/roll+030/yaw1475_pitchp0225_roll+030_brdf.png,1462,True
v0.4_results/21_three_axis_p3_local_refinement/postprocess/phase63/roll+030/yaw1475_pitchp0225_roll+030_ocs.json,551,True
v0.4_results/21_three_axis_p3_local_refinement/postprocess/phase63/roll+030/yaw1475_pitchp0225_roll+030_v_sun_macro.npy,262272,True
v0.4_results/21_three_axis_p3_local_refinement/postprocess/phase63/roll+030/yaw1475_pitchp0225_roll+030_v_sun_macro.png,676,True
v0.4_results/21_three_axis_p3_local_refinement/postprocess/phase63/roll+030/yaw1475_pitchp0250_roll+030_brdf.png,1421,True
v0.4_results/21_three_axis_p3_local_refinement/postprocess/phase63/roll+030/yaw1475_pitchp0250_roll+030_ocs.json,552,True
v0.4_results/21_three_axis_p3_local_refinement/postprocess/phase63/roll+030/yaw1475_pitchp0250_roll+030_v_sun_macro.npy,262272,True
v0.4_results/21_three_axis_p3_local_refinement/postprocess/phase63/roll+030/yaw1475_pitchp0250_roll+030_v_sun_macro.png,678,True
v0.4_results/21_three_axis_p3_local_refinement/postprocess/phase63/roll+030/yaw1500_pitchp0100_roll+030_brdf.png,1638,True
v0.4_results/21_three_axis_p3_local_refinement/postprocess/phase63/roll+030/yaw1500_pitchp0100_roll+030_ocs.json,551,True
v0.4_results/21_three_axis_p3_local_refinement/postprocess/phase63/roll+030/yaw1500_pitchp0100_roll+030_v_sun_macro.npy,262272,True
v0.4_results/21_three_axis_p3_local_refinement/postprocess/phase63/roll+030/yaw1500_pitchp0100_roll+030_v_sun_macro.png,719,True
v0.4_results/21_three_axis_p3_local_refinement/postprocess/phase63/roll+030/yaw1500_pitchp0125_roll+030_brdf.png,1530,True
v0.4_results/21_three_axis_p3_local_refinement/postprocess/phase63/roll+030/yaw1500_pitchp0125_roll+030_ocs.json,552,True
v0.4_results/21_three_axis_p3_local_refinement/postprocess/phase63/roll+030/yaw1500_pitchp0125_roll+030_v_sun_macro.npy,262272,True
v0.4_results/21_three_axis_p3_local_refinement/postprocess/phase63/roll+030/yaw1500_pitchp0125_roll+030_v_sun_macro.png,711,True
v0.4_results/21_three_axis_p3_local_refinement/postprocess/phase63/roll+030/yaw1500_pitchp0150_roll+030_brdf.png,1499,True
v0.4_results/21_three_axis_p3_local_refinement/postprocess/phase63/roll+030/yaw1500_pitchp0150_roll+030_ocs.json,551,True
v0.4_results/21_three_axis_p3_local_refinement/postprocess/phase63/roll+030/yaw1500_pitchp0150_roll+030_v_sun_macro.npy,262272,True
v0.4_results/21_three_axis_p3_local_refinement/postprocess/phase63/roll+030/yaw1500_pitchp0150_roll+030_v_sun_macro.png,690,True
v0.4_results/21_three_axis_p3_local_refinement/postprocess/phase63/roll+030/yaw1500_pitchp0175_roll+030_brdf.png,1443,True
v0.4_results/21_three_axis_p3_local_refinement/postprocess/phase63/roll+030/yaw1500_pitchp0175_roll+030_ocs.json,552,True
v0.4_results/21_three_axis_p3_local_refinement/postprocess/phase63/roll+030/yaw1500_pitchp0175_roll+030_v_sun_macro.npy,262272,True
v0.4_results/21_three_axis_p3_local_refinement/postprocess/phase63/roll+030/yaw1500_pitchp0175_roll+030_v_sun_macro.png,692,True
v0.4_results/21_three_axis_p3_local_refinement/postprocess/phase63/roll+030/yaw1500_pitchp0200_roll+030_brdf.png,1493,True
v0.4_results/21_three_axis_p3_local_refinement/postprocess/phase63/roll+030/yaw1500_pitchp0200_roll+030_ocs.json,552,True
v0.4_results/21_three_axis_p3_local_refinement/postprocess/phase63/roll+030/yaw1500_pitchp0200_roll+030_v_sun_macro.npy,262272,True
v0.4_results/21_three_axis_p3_local_refinement/postprocess/phase63/roll+030/yaw1500_pitchp0200_roll+030_v_sun_macro.png,695,True
v0.4_results/21_three_axis_p3_local_refinement/postprocess/phase63/roll+030/yaw1500_pitchp0225_roll+030_brdf.png,1448,True
v0.4_results/21_three_axis_p3_local_refinement/postprocess/phase63/roll+030/yaw1500_pitchp0225_roll+030_ocs.json,550,True
v0.4_results/21_three_axis_p3_local_refinement/postprocess/phase63/roll+030/yaw1500_pitchp0225_roll+030_v_sun_macro.npy,262272,True
v0.4_results/21_three_axis_p3_local_refinement/postprocess/phase63/roll+030/yaw1500_pitchp0225_roll+030_v_sun_macro.png,688,True
v0.4_results/21_three_axis_p3_local_refinement/postprocess/phase63/roll+030/yaw1500_pitchp0250_roll+030_brdf.png,1410,True
v0.4_results/21_three_axis_p3_local_refinement/postprocess/phase63/roll+030/yaw1500_pitchp0250_roll+030_ocs.json,551,True
v0.4_results/21_three_axis_p3_local_refinement/postprocess/phase63/roll+030/yaw1500_pitchp0250_roll+030_v_sun_macro.npy,262272,True
v0.4_results/21_three_axis_p3_local_refinement/postprocess/phase63/roll+030/yaw1500_pitchp0250_roll+030_v_sun_macro.png,693,True
v0.4_results/21_three_axis_p3_local_refinement/postprocess/phase63/roll+030/yaw1525_pitchp0100_roll+030_brdf.png,1591,True
v0.4_results/21_three_axis_p3_local_refinement/postprocess/phase63/roll+030/yaw1525_pitchp0100_roll+030_ocs.json,552,True
v0.4_results/21_three_axis_p3_local_refinement/postprocess/phase63/roll+030/yaw1525_pitchp0100_roll+030_v_sun_macro.npy,262272,True
v0.4_results/21_three_axis_p3_local_refinement/postprocess/phase63/roll+030/yaw1525_pitchp0100_roll+030_v_sun_macro.png,728,True
v0.4_results/21_three_axis_p3_local_refinement/postprocess/phase63/roll+030/yaw1525_pitchp0125_roll+030_brdf.png,1541,True
v0.4_results/21_three_axis_p3_local_refinement/postprocess/phase63/roll+030/yaw1525_pitchp0125_roll+030_ocs.json,552,True
v0.4_results/21_three_axis_p3_local_refinement/postprocess/phase63/roll+030/yaw1525_pitchp0125_roll+030_v_sun_macro.npy,262272,True
v0.4_results/21_three_axis_p3_local_refinement/postprocess/phase63/roll+030/yaw1525_pitchp0125_roll+030_v_sun_macro.png,706,True
v0.4_results/21_three_axis_p3_local_refinement/postprocess/phase63/roll+030/yaw1525_pitchp0150_roll+030_brdf.png,1484,True
v0.4_results/21_three_axis_p3_local_refinement/postprocess/phase63/roll+030/yaw1525_pitchp0150_roll+030_ocs.json,552,True
v0.4_results/21_three_axis_p3_local_refinement/postprocess/phase63/roll+030/yaw1525_pitchp0150_roll+030_v_sun_macro.npy,262272,True
v0.4_results/21_three_axis_p3_local_refinement/postprocess/phase63/roll+030/yaw1525_pitchp0150_roll+030_v_sun_macro.png,690,True
v0.4_results/21_three_axis_p3_local_refinement/postprocess/phase63/roll+030/yaw1525_pitchp0175_roll+030_brdf.png,1486,True
v0.4_results/21_three_axis_p3_local_refinement/postprocess/phase63/roll+030/yaw1525_pitchp0175_roll+030_ocs.json,552,True
v0.4_results/21_three_axis_p3_local_refinement/postprocess/phase63/roll+030/yaw1525_pitchp0175_roll+030_v_sun_macro.npy,262272,True
v0.4_results/21_three_axis_p3_local_refinement/postprocess/phase63/roll+030/yaw1525_pitchp0175_roll+030_v_sun_macro.png,704,True
v0.4_results/21_three_axis_p3_local_refinement/postprocess/phase63/roll+030/yaw1525_pitchp0200_roll+030_brdf.png,1492,True
v0.4_results/21_three_axis_p3_local_refinement/postprocess/phase63/roll+030/yaw1525_pitchp0200_roll+030_ocs.json,551,True
v0.4_results/21_three_axis_p3_local_refinement/postprocess/phase63/roll+030/yaw1525_pitchp0200_roll+030_v_sun_macro.npy,262272,True
v0.4_results/21_three_axis_p3_local_refinement/postprocess/phase63/roll+030/yaw1525_pitchp0200_roll+030_v_sun_macro.png,720,True
v0.4_results/21_three_axis_p3_local_refinement/postprocess/phase63/roll+030/yaw1525_pitchp0225_roll+030_brdf.png,1427,True
v0.4_results/21_three_axis_p3_local_refinement/postprocess/phase63/roll+030/yaw1525_pitchp0225_roll+030_ocs.json,553,True
v0.4_results/21_three_axis_p3_local_refinement/postprocess/phase63/roll+030/yaw1525_pitchp0225_roll+030_v_sun_macro.npy,262272,True
v0.4_results/21_three_axis_p3_local_refinement/postprocess/phase63/roll+030/yaw1525_pitchp0225_roll+030_v_sun_macro.png,688,True
v0.4_results/21_three_axis_p3_local_refinement/postprocess/phase63/roll+030/yaw1525_pitchp0250_roll+030_brdf.png,1396,True
v0.4_results/21_three_axis_p3_local_refinement/postprocess/phase63/roll+030/yaw1525_pitchp0250_roll+030_ocs.json,553,True
v0.4_results/21_three_axis_p3_local_refinement/postprocess/phase63/roll+030/yaw1525_pitchp0250_roll+030_v_sun_macro.npy,262272,True
v0.4_results/21_three_axis_p3_local_refinement/postprocess/phase63/roll+030/yaw1525_pitchp0250_roll+030_v_sun_macro.png,673,True
v0.4_results/21_three_axis_p3_local_refinement/postprocess/phase63/roll+030/yaw1550_pitchp0100_roll+030_brdf.png,1567,True
v0.4_results/21_three_axis_p3_local_refinement/postprocess/phase63/roll+030/yaw1550_pitchp0100_roll+030_ocs.json,551,True
v0.4_results/21_three_axis_p3_local_refinement/postprocess/phase63/roll+030/yaw1550_pitchp0100_roll+030_v_sun_macro.npy,262272,True
v0.4_results/21_three_axis_p3_local_refinement/postprocess/phase63/roll+030/yaw1550_pitchp0100_roll+030_v_sun_macro.png,724,True
v0.4_results/21_three_axis_p3_local_refinement/postprocess/phase63/roll+030/yaw1550_pitchp0125_roll+030_brdf.png,1529,True
v0.4_results/21_three_axis_p3_local_refinement/postprocess/phase63/roll+030/yaw1550_pitchp0125_roll+030_ocs.json,551,True
v0.4_results/21_three_axis_p3_local_refinement/postprocess/phase63/roll+030/yaw1550_pitchp0125_roll+030_v_sun_macro.npy,262272,True
v0.4_results/21_three_axis_p3_local_refinement/postprocess/phase63/roll+030/yaw1550_pitchp0125_roll+030_v_sun_macro.png,704,True
v0.4_results/21_three_axis_p3_local_refinement/postprocess/phase63/roll+030/yaw1550_pitchp0150_roll+030_brdf.png,1503,True
v0.4_results/21_three_axis_p3_local_refinement/postprocess/phase63/roll+030/yaw1550_pitchp0150_roll+030_ocs.json,552,True
v0.4_results/21_three_axis_p3_local_refinement/postprocess/phase63/roll+030/yaw1550_pitchp0150_roll+030_v_sun_macro.npy,262272,True
v0.4_results/21_three_axis_p3_local_refinement/postprocess/phase63/roll+030/yaw1550_pitchp0150_roll+030_v_sun_macro.png,709,True
v0.4_results/21_three_axis_p3_local_refinement/postprocess/phase63/roll+030/yaw1550_pitchp0175_roll+030_brdf.png,1466,True
v0.4_results/21_three_axis_p3_local_refinement/postprocess/phase63/roll+030/yaw1550_pitchp0175_roll+030_ocs.json,552,True
v0.4_results/21_three_axis_p3_local_refinement/postprocess/phase63/roll+030/yaw1550_pitchp0175_roll+030_v_sun_macro.npy,262272,True
v0.4_results/21_three_axis_p3_local_refinement/postprocess/phase63/roll+030/yaw1550_pitchp0175_roll+030_v_sun_macro.png,720,True
v0.4_results/21_three_axis_p3_local_refinement/postprocess/phase63/roll+030/yaw1550_pitchp0200_roll+030_brdf.png,1509,True
v0.4_results/21_three_axis_p3_local_refinement/postprocess/phase63/roll+030/yaw1550_pitchp0200_roll+030_ocs.json,551,True
v0.4_results/21_three_axis_p3_local_refinement/postprocess/phase63/roll+030/yaw1550_pitchp0200_roll+030_v_sun_macro.npy,262272,True
v0.4_results/21_three_axis_p3_local_refinement/postprocess/phase63/roll+030/yaw1550_pitchp0200_roll+030_v_sun_macro.png,708,True
v0.4_results/21_three_axis_p3_local_refinement/postprocess/phase63/roll+030/yaw1550_pitchp0225_roll+030_brdf.png,1396,True
v0.4_results/21_three_axis_p3_local_refinement/postprocess/phase63/roll+030/yaw1550_pitchp0225_roll+030_ocs.json,553,True
v0.4_results/21_three_axis_p3_local_refinement/postprocess/phase63/roll+030/yaw1550_pitchp0225_roll+030_v_sun_macro.npy,262272,True
v0.4_results/21_three_axis_p3_local_refinement/postprocess/phase63/roll+030/yaw1550_pitchp0225_roll+030_v_sun_macro.png,694,True
v0.4_results/21_three_axis_p3_local_refinement/postprocess/phase63/roll+030/yaw1550_pitchp0250_roll+030_brdf.png,1392,True
v0.4_results/21_three_axis_p3_local_refinement/postprocess/phase63/roll+030/yaw1550_pitchp0250_roll+030_ocs.json,551,True
v0.4_results/21_three_axis_p3_local_refinement/postprocess/phase63/roll+030/yaw1550_pitchp0250_roll+030_v_sun_macro.npy,262272,True
v0.4_results/21_three_axis_p3_local_refinement/postprocess/phase63/roll+030/yaw1550_pitchp0250_roll+030_v_sun_macro.png,684,True
v0.4_results/21_three_axis_p3_local_refinement/postprocess/phase63/roll+030/yaw1575_pitchp0100_roll+030_brdf.png,1559,True
v0.4_results/21_three_axis_p3_local_refinement/postprocess/phase63/roll+030/yaw1575_pitchp0100_roll+030_ocs.json,551,True
v0.4_results/21_three_axis_p3_local_refinement/postprocess/phase63/roll+030/yaw1575_pitchp0100_roll+030_v_sun_macro.npy,262272,True
v0.4_results/21_three_axis_p3_local_refinement/postprocess/phase63/roll+030/yaw1575_pitchp0100_roll+030_v_sun_macro.png,735,True
v0.4_results/21_three_axis_p3_local_refinement/postprocess/phase63/roll+030/yaw1575_pitchp0125_roll+030_brdf.png,1530,True
v0.4_results/21_three_axis_p3_local_refinement/postprocess/phase63/roll+030/yaw1575_pitchp0125_roll+030_ocs.json,552,True
v0.4_results/21_three_axis_p3_local_refinement/postprocess/phase63/roll+030/yaw1575_pitchp0125_roll+030_v_sun_macro.npy,262272,True
v0.4_results/21_three_axis_p3_local_refinement/postprocess/phase63/roll+030/yaw1575_pitchp0125_roll+030_v_sun_macro.png,724,True
v0.4_results/21_three_axis_p3_local_refinement/postprocess/phase63/roll+030/yaw1575_pitchp0150_roll+030_brdf.png,1448,True
v0.4_results/21_three_axis_p3_local_refinement/postprocess/phase63/roll+030/yaw1575_pitchp0150_roll+030_ocs.json,551,True
v0.4_results/21_three_axis_p3_local_refinement/postprocess/phase63/roll+030/yaw1575_pitchp0150_roll+030_v_sun_macro.npy,262272,True
v0.4_results/21_three_axis_p3_local_refinement/postprocess/phase63/roll+030/yaw1575_pitchp0150_roll+030_v_sun_macro.png,681,True
v0.4_results/21_three_axis_p3_local_refinement/postprocess/phase63/roll+030/yaw1575_pitchp0175_roll+030_brdf.png,1468,True
v0.4_results/21_three_axis_p3_local_refinement/postprocess/phase63/roll+030/yaw1575_pitchp0175_roll+030_ocs.json,552,True
v0.4_results/21_three_axis_p3_local_refinement/postprocess/phase63/roll+030/yaw1575_pitchp0175_roll+030_v_sun_macro.npy,262272,True
v0.4_results/21_three_axis_p3_local_refinement/postprocess/phase63/roll+030/yaw1575_pitchp0175_roll+030_v_sun_macro.png,705,True
v0.4_results/21_three_axis_p3_local_refinement/postprocess/phase63/roll+030/yaw1575_pitchp0200_roll+030_brdf.png,1465,True
v0.4_results/21_three_axis_p3_local_refinement/postprocess/phase63/roll+030/yaw1575_pitchp0200_roll+030_ocs.json,553,True
v0.4_results/21_three_axis_p3_local_refinement/postprocess/phase63/roll+030/yaw1575_pitchp0200_roll+030_v_sun_macro.npy,262272,True
v0.4_results/21_three_axis_p3_local_refinement/postprocess/phase63/roll+030/yaw1575_pitchp0200_roll+030_v_sun_macro.png,693,True
v0.4_results/21_three_axis_p3_local_refinement/postprocess/phase63/roll+030/yaw1575_pitchp0225_roll+030_brdf.png,1436,True
v0.4_results/21_three_axis_p3_local_refinement/postprocess/phase63/roll+030/yaw1575_pitchp0225_roll+030_ocs.json,553,True
v0.4_results/21_three_axis_p3_local_refinement/postprocess/phase63/roll+030/yaw1575_pitchp0225_roll+030_v_sun_macro.npy,262272,True
v0.4_results/21_three_axis_p3_local_refinement/postprocess/phase63/roll+030/yaw1575_pitchp0225_roll+030_v_sun_macro.png,693,True
v0.4_results/21_three_axis_p3_local_refinement/postprocess/phase63/roll+030/yaw1575_pitchp0250_roll+030_brdf.png,1348,True
v0.4_results/21_three_axis_p3_local_refinement/postprocess/phase63/roll+030/yaw1575_pitchp0250_roll+030_ocs.json,553,True
v0.4_results/21_three_axis_p3_local_refinement/postprocess/phase63/roll+030/yaw1575_pitchp0250_roll+030_v_sun_macro.npy,262272,True
v0.4_results/21_three_axis_p3_local_refinement/postprocess/phase63/roll+030/yaw1575_pitchp0250_roll+030_v_sun_macro.png,689,True
v0.4_results/21_three_axis_p3_local_refinement/postprocess/phase63/roll+030/yaw1600_pitchp0100_roll+030_brdf.png,1596,True
v0.4_results/21_three_axis_p3_local_refinement/postprocess/phase63/roll+030/yaw1600_pitchp0100_roll+030_ocs.json,552,True
v0.4_results/21_three_axis_p3_local_refinement/postprocess/phase63/roll+030/yaw1600_pitchp0100_roll+030_v_sun_macro.npy,262272,True
v0.4_results/21_three_axis_p3_local_refinement/postprocess/phase63/roll+030/yaw1600_pitchp0100_roll+030_v_sun_macro.png,729,True
v0.4_results/21_three_axis_p3_local_refinement/postprocess/phase63/roll+030/yaw1600_pitchp0125_roll+030_brdf.png,1573,True
v0.4_results/21_three_axis_p3_local_refinement/postprocess/phase63/roll+030/yaw1600_pitchp0125_roll+030_ocs.json,553,True
v0.4_results/21_three_axis_p3_local_refinement/postprocess/phase63/roll+030/yaw1600_pitchp0125_roll+030_v_sun_macro.npy,262272,True
v0.4_results/21_three_axis_p3_local_refinement/postprocess/phase63/roll+030/yaw1600_pitchp0125_roll+030_v_sun_macro.png,717,True
v0.4_results/21_three_axis_p3_local_refinement/postprocess/phase63/roll+030/yaw1600_pitchp0150_roll+030_brdf.png,1512,True
v0.4_results/21_three_axis_p3_local_refinement/postprocess/phase63/roll+030/yaw1600_pitchp0150_roll+030_ocs.json,553,True
v0.4_results/21_three_axis_p3_local_refinement/postprocess/phase63/roll+030/yaw1600_pitchp0150_roll+030_v_sun_macro.npy,262272,True
v0.4_results/21_three_axis_p3_local_refinement/postprocess/phase63/roll+030/yaw1600_pitchp0150_roll+030_v_sun_macro.png,716,True
v0.4_results/21_three_axis_p3_local_refinement/postprocess/phase63/roll+030/yaw1600_pitchp0175_roll+030_brdf.png,1460,True
v0.4_results/21_three_axis_p3_local_refinement/postprocess/phase63/roll+030/yaw1600_pitchp0175_roll+030_ocs.json,552,True
v0.4_results/21_three_axis_p3_local_refinement/postprocess/phase63/roll+030/yaw1600_pitchp0175_roll+030_v_sun_macro.npy,262272,True
v0.4_results/21_three_axis_p3_local_refinement/postprocess/phase63/roll+030/yaw1600_pitchp0175_roll+030_v_sun_macro.png,683,True
v0.4_results/21_three_axis_p3_local_refinement/postprocess/phase63/roll+030/yaw1600_pitchp0200_roll+030_brdf.png,1462,True
v0.4_results/21_three_axis_p3_local_refinement/postprocess/phase63/roll+030/yaw1600_pitchp0200_roll+030_ocs.json,552,True
v0.4_results/21_three_axis_p3_local_refinement/postprocess/phase63/roll+030/yaw1600_pitchp0200_roll+030_v_sun_macro.npy,262272,True
v0.4_results/21_three_axis_p3_local_refinement/postprocess/phase63/roll+030/yaw1600_pitchp0200_roll+030_v_sun_macro.png,680,True
v0.4_results/21_three_axis_p3_local_refinement/postprocess/phase63/roll+030/yaw1600_pitchp0225_roll+030_brdf.png,1412,True
v0.4_results/21_three_axis_p3_local_refinement/postprocess/phase63/roll+030/yaw1600_pitchp0225_roll+030_ocs.json,552,True
v0.4_results/21_three_axis_p3_local_refinement/postprocess/phase63/roll+030/yaw1600_pitchp0225_roll+030_v_sun_macro.npy,262272,True
v0.4_results/21_three_axis_p3_local_refinement/postprocess/phase63/roll+030/yaw1600_pitchp0225_roll+030_v_sun_macro.png,696,True
v0.4_results/21_three_axis_p3_local_refinement/postprocess/phase63/roll+030/yaw1600_pitchp0250_roll+030_brdf.png,1353,True
v0.4_results/21_three_axis_p3_local_refinement/postprocess/phase63/roll+030/yaw1600_pitchp0250_roll+030_ocs.json,553,True
v0.4_results/21_three_axis_p3_local_refinement/postprocess/phase63/roll+030/yaw1600_pitchp0250_roll+030_v_sun_macro.npy,262272,True
v0.4_results/21_three_axis_p3_local_refinement/postprocess/phase63/roll+030/yaw1600_pitchp0250_roll+030_v_sun_macro.png,683,True
v0.4_results/21_three_axis_p3_local_refinement/postprocess/phase63/roll+030/yaw2050_pitchm0050_roll+030_brdf.png,1567,True
v0.4_results/21_three_axis_p3_local_refinement/postprocess/phase63/roll+030/yaw2050_pitchm0050_roll+030_ocs.json,554,True
v0.4_results/21_three_axis_p3_local_refinement/postprocess/phase63/roll+030/yaw2050_pitchm0050_roll+030_v_sun_macro.npy,262272,True
v0.4_results/21_three_axis_p3_local_refinement/postprocess/phase63/roll+030/yaw2050_pitchm0050_roll+030_v_sun_macro.png,814,True
v0.4_results/21_three_axis_p3_local_refinement/postprocess/phase63/roll+030/yaw2050_pitchm0100_roll+030_brdf.png,1730,True
v0.4_results/21_three_axis_p3_local_refinement/postprocess/phase63/roll+030/yaw2050_pitchm0100_roll+030_ocs.json,555,True
v0.4_results/21_three_axis_p3_local_refinement/postprocess/phase63/roll+030/yaw2050_pitchm0100_roll+030_v_sun_macro.npy,262272,True
v0.4_results/21_three_axis_p3_local_refinement/postprocess/phase63/roll+030/yaw2050_pitchm0100_roll+030_v_sun_macro.png,840,True
v0.4_results/21_three_axis_p3_local_refinement/postprocess/phase63/roll+030/yaw2100_pitchm0050_roll+030_brdf.png,1585,True
v0.4_results/21_three_axis_p3_local_refinement/postprocess/phase63/roll+030/yaw2100_pitchm0050_roll+030_ocs.json,555,True
v0.4_results/21_three_axis_p3_local_refinement/postprocess/phase63/roll+030/yaw2100_pitchm0050_roll+030_v_sun_macro.npy,262272,True
v0.4_results/21_three_axis_p3_local_refinement/postprocess/phase63/roll+030/yaw2100_pitchm0050_roll+030_v_sun_macro.png,768,True
v0.4_results/21_three_axis_p3_local_refinement/postprocess/phase63/roll+030/yaw2100_pitchm0100_roll+030_brdf.png,1706,True
v0.4_results/21_three_axis_p3_local_refinement/postprocess/phase63/roll+030/yaw2100_pitchm0100_roll+030_ocs.json,552,True
v0.4_results/21_three_axis_p3_local_refinement/postprocess/phase63/roll+030/yaw2100_pitchm0100_roll+030_v_sun_macro.npy,262272,True
v0.4_results/21_three_axis_p3_local_refinement/postprocess/phase63/roll+030/yaw2100_pitchm0100_roll+030_v_sun_macro.png,828,True
v0.4_results/21_three_axis_p3_local_refinement/postprocess/phase63/roll+030/yaw2400_pitchp0300_roll+030_brdf.png,2248,True
v0.4_results/21_three_axis_p3_local_refinement/postprocess/phase63/roll+030/yaw2400_pitchp0300_roll+030_ocs.json,552,True
v0.4_results/21_three_axis_p3_local_refinement/postprocess/phase63/roll+030/yaw2400_pitchp0300_roll+030_v_sun_macro.npy,262272,True
v0.4_results/21_three_axis_p3_local_refinement/postprocess/phase63/roll+030/yaw2400_pitchp0300_roll+030_v_sun_macro.png,858,True
v0.4_results/21_three_axis_p3_local_refinement/postprocess/phase63/roll+030/yaw2400_pitchp0325_roll+030_brdf.png,2321,True
v0.4_results/21_three_axis_p3_local_refinement/postprocess/phase63/roll+030/yaw2400_pitchp0325_roll+030_ocs.json,553,True
v0.4_results/21_three_axis_p3_local_refinement/postprocess/phase63/roll+030/yaw2400_pitchp0325_roll+030_v_sun_macro.npy,262272,True
v0.4_results/21_three_axis_p3_local_refinement/postprocess/phase63/roll+030/yaw2400_pitchp0325_roll+030_v_sun_macro.png,899,True
v0.4_results/21_three_axis_p3_local_refinement/postprocess/phase63/roll+030/yaw2400_pitchp0350_roll+030_brdf.png,2286,True
v0.4_results/21_three_axis_p3_local_refinement/postprocess/phase63/roll+030/yaw2400_pitchp0350_roll+030_ocs.json,554,True
v0.4_results/21_three_axis_p3_local_refinement/postprocess/phase63/roll+030/yaw2400_pitchp0350_roll+030_v_sun_macro.npy,262272,True
v0.4_results/21_three_axis_p3_local_refinement/postprocess/phase63/roll+030/yaw2400_pitchp0350_roll+030_v_sun_macro.png,909,True
v0.4_results/21_three_axis_p3_local_refinement/postprocess/phase63/roll+030/yaw2400_pitchp0375_roll+030_brdf.png,2278,True
v0.4_results/21_three_axis_p3_local_refinement/postprocess/phase63/roll+030/yaw2400_pitchp0375_roll+030_ocs.json,555,True
v0.4_results/21_three_axis_p3_local_refinement/postprocess/phase63/roll+030/yaw2400_pitchp0375_roll+030_v_sun_macro.npy,262272,True
v0.4_results/21_three_axis_p3_local_refinement/postprocess/phase63/roll+030/yaw2400_pitchp0375_roll+030_v_sun_macro.png,908,True
v0.4_results/21_three_axis_p3_local_refinement/postprocess/phase63/roll+030/yaw2400_pitchp0400_roll+030_brdf.png,2301,True
v0.4_results/21_three_axis_p3_local_refinement/postprocess/phase63/roll+030/yaw2400_pitchp0400_roll+030_ocs.json,552,True
v0.4_results/21_three_axis_p3_local_refinement/postprocess/phase63/roll+030/yaw2400_pitchp0400_roll+030_v_sun_macro.npy,262272,True
v0.4_results/21_three_axis_p3_local_refinement/postprocess/phase63/roll+030/yaw2400_pitchp0400_roll+030_v_sun_macro.png,940,True
v0.4_results/21_three_axis_p3_local_refinement/postprocess/phase63/roll+030/yaw2425_pitchp0300_roll+030_brdf.png,2327,True
v0.4_results/21_three_axis_p3_local_refinement/postprocess/phase63/roll+030/yaw2425_pitchp0300_roll+030_ocs.json,554,True
v0.4_results/21_three_axis_p3_local_refinement/postprocess/phase63/roll+030/yaw2425_pitchp0300_roll+030_v_sun_macro.npy,262272,True
v0.4_results/21_three_axis_p3_local_refinement/postprocess/phase63/roll+030/yaw2425_pitchp0300_roll+030_v_sun_macro.png,869,True
v0.4_results/21_three_axis_p3_local_refinement/postprocess/phase63/roll+030/yaw2425_pitchp0325_roll+030_brdf.png,2291,True
v0.4_results/21_three_axis_p3_local_refinement/postprocess/phase63/roll+030/yaw2425_pitchp0325_roll+030_ocs.json,553,True
v0.4_results/21_three_axis_p3_local_refinement/postprocess/phase63/roll+030/yaw2425_pitchp0325_roll+030_v_sun_macro.npy,262272,True
v0.4_results/21_three_axis_p3_local_refinement/postprocess/phase63/roll+030/yaw2425_pitchp0325_roll+030_v_sun_macro.png,919,True
v0.4_results/21_three_axis_p3_local_refinement/postprocess/phase63/roll+030/yaw2425_pitchp0350_roll+030_brdf.png,2255,True
v0.4_results/21_three_axis_p3_local_refinement/postprocess/phase63/roll+030/yaw2425_pitchp0350_roll+030_ocs.json,554,True
v0.4_results/21_three_axis_p3_local_refinement/postprocess/phase63/roll+030/yaw2425_pitchp0350_roll+030_v_sun_macro.npy,262272,True
v0.4_results/21_three_axis_p3_local_refinement/postprocess/phase63/roll+030/yaw2425_pitchp0350_roll+030_v_sun_macro.png,901,True
v0.4_results/21_three_axis_p3_local_refinement/postprocess/phase63/roll+030/yaw2425_pitchp0375_roll+030_brdf.png,2203,True
v0.4_results/21_three_axis_p3_local_refinement/postprocess/phase63/roll+030/yaw2425_pitchp0375_roll+030_ocs.json,554,True
v0.4_results/21_three_axis_p3_local_refinement/postprocess/phase63/roll+030/yaw2425_pitchp0375_roll+030_v_sun_macro.npy,262272,True
v0.4_results/21_three_axis_p3_local_refinement/postprocess/phase63/roll+030/yaw2425_pitchp0375_roll+030_v_sun_macro.png,902,True
v0.4_results/21_three_axis_p3_local_refinement/postprocess/phase63/roll+030/yaw2425_pitchp0400_roll+030_brdf.png,2298,True
v0.4_results/21_three_axis_p3_local_refinement/postprocess/phase63/roll+030/yaw2425_pitchp0400_roll+030_ocs.json,555,True
v0.4_results/21_three_axis_p3_local_refinement/postprocess/phase63/roll+030/yaw2425_pitchp0400_roll+030_v_sun_macro.npy,262272,True
v0.4_results/21_three_axis_p3_local_refinement/postprocess/phase63/roll+030/yaw2425_pitchp0400_roll+030_v_sun_macro.png,1005,True
v0.4_results/21_three_axis_p3_local_refinement/postprocess/phase63/roll+030/yaw2450_pitchp0300_roll+030_brdf.png,2436,True
v0.4_results/21_three_axis_p3_local_refinement/postprocess/phase63/roll+030/yaw2450_pitchp0300_roll+030_ocs.json,553,True
v0.4_results/21_three_axis_p3_local_refinement/postprocess/phase63/roll+030/yaw2450_pitchp0300_roll+030_v_sun_macro.npy,262272,True
v0.4_results/21_three_axis_p3_local_refinement/postprocess/phase63/roll+030/yaw2450_pitchp0300_roll+030_v_sun_macro.png,888,True
v0.4_results/21_three_axis_p3_local_refinement/postprocess/phase63/roll+030/yaw2450_pitchp0325_roll+030_brdf.png,2268,True
v0.4_results/21_three_axis_p3_local_refinement/postprocess/phase63/roll+030/yaw2450_pitchp0325_roll+030_ocs.json,555,True
v0.4_results/21_three_axis_p3_local_refinement/postprocess/phase63/roll+030/yaw2450_pitchp0325_roll+030_v_sun_macro.npy,262272,True
v0.4_results/21_three_axis_p3_local_refinement/postprocess/phase63/roll+030/yaw2450_pitchp0325_roll+030_v_sun_macro.png,893,True
v0.4_results/21_three_axis_p3_local_refinement/postprocess/phase63/roll+030/yaw2450_pitchp0350_roll+030_brdf.png,2268,True
v0.4_results/21_three_axis_p3_local_refinement/postprocess/phase63/roll+030/yaw2450_pitchp0350_roll+030_ocs.json,553,True
v0.4_results/21_three_axis_p3_local_refinement/postprocess/phase63/roll+030/yaw2450_pitchp0350_roll+030_v_sun_macro.npy,262272,True
v0.4_results/21_three_axis_p3_local_refinement/postprocess/phase63/roll+030/yaw2450_pitchp0350_roll+030_v_sun_macro.png,962,True
v0.4_results/21_three_axis_p3_local_refinement/postprocess/phase63/roll+030/yaw2450_pitchp0375_roll+030_brdf.png,2260,True
v0.4_results/21_three_axis_p3_local_refinement/postprocess/phase63/roll+030/yaw2450_pitchp0375_roll+030_ocs.json,555,True
v0.4_results/21_three_axis_p3_local_refinement/postprocess/phase63/roll+030/yaw2450_pitchp0375_roll+030_v_sun_macro.npy,262272,True
v0.4_results/21_three_axis_p3_local_refinement/postprocess/phase63/roll+030/yaw2450_pitchp0375_roll+030_v_sun_macro.png,1048,True
v0.4_results/21_three_axis_p3_local_refinement/postprocess/phase63/roll+030/yaw2450_pitchp0400_roll+030_brdf.png,2208,True
v0.4_results/21_three_axis_p3_local_refinement/postprocess/phase63/roll+030/yaw2450_pitchp0400_roll+030_ocs.json,554,True
v0.4_results/21_three_axis_p3_local_refinement/postprocess/phase63/roll+030/yaw2450_pitchp0400_roll+030_v_sun_macro.npy,262272,True
v0.4_results/21_three_axis_p3_local_refinement/postprocess/phase63/roll+030/yaw2450_pitchp0400_roll+030_v_sun_macro.png,1053,True
v0.4_results/21_three_axis_p3_local_refinement/postprocess/phase63/roll+030/yaw2475_pitchp0300_roll+030_brdf.png,2303,True
v0.4_results/21_three_axis_p3_local_refinement/postprocess/phase63/roll+030/yaw2475_pitchp0300_roll+030_ocs.json,553,True
v0.4_results/21_three_axis_p3_local_refinement/postprocess/phase63/roll+030/yaw2475_pitchp0300_roll+030_v_sun_macro.npy,262272,True
v0.4_results/21_three_axis_p3_local_refinement/postprocess/phase63/roll+030/yaw2475_pitchp0300_roll+030_v_sun_macro.png,940,True
v0.4_results/21_three_axis_p3_local_refinement/postprocess/phase63/roll+030/yaw2475_pitchp0325_roll+030_brdf.png,2284,True
v0.4_results/21_three_axis_p3_local_refinement/postprocess/phase63/roll+030/yaw2475_pitchp0325_roll+030_ocs.json,554,True
v0.4_results/21_three_axis_p3_local_refinement/postprocess/phase63/roll+030/yaw2475_pitchp0325_roll+030_v_sun_macro.npy,262272,True
v0.4_results/21_three_axis_p3_local_refinement/postprocess/phase63/roll+030/yaw2475_pitchp0325_roll+030_v_sun_macro.png,1050,True
v0.4_results/21_three_axis_p3_local_refinement/postprocess/phase63/roll+030/yaw2475_pitchp0350_roll+030_brdf.png,2170,True
v0.4_results/21_three_axis_p3_local_refinement/postprocess/phase63/roll+030/yaw2475_pitchp0350_roll+030_ocs.json,553,True
v0.4_results/21_three_axis_p3_local_refinement/postprocess/phase63/roll+030/yaw2475_pitchp0350_roll+030_v_sun_macro.npy,262272,True
v0.4_results/21_three_axis_p3_local_refinement/postprocess/phase63/roll+030/yaw2475_pitchp0350_roll+030_v_sun_macro.png,1034,True
v0.4_results/21_three_axis_p3_local_refinement/postprocess/phase63/roll+030/yaw2475_pitchp0375_roll+030_brdf.png,2222,True
v0.4_results/21_three_axis_p3_local_refinement/postprocess/phase63/roll+030/yaw2475_pitchp0375_roll+030_ocs.json,554,True
v0.4_results/21_three_axis_p3_local_refinement/postprocess/phase63/roll+030/yaw2475_pitchp0375_roll+030_v_sun_macro.npy,262272,True
v0.4_results/21_three_axis_p3_local_refinement/postprocess/phase63/roll+030/yaw2475_pitchp0375_roll+030_v_sun_macro.png,923,True
v0.4_results/21_three_axis_p3_local_refinement/postprocess/phase63/roll+030/yaw2475_pitchp0400_roll+030_brdf.png,2277,True
v0.4_results/21_three_axis_p3_local_refinement/postprocess/phase63/roll+030/yaw2475_pitchp0400_roll+030_ocs.json,552,True
v0.4_results/21_three_axis_p3_local_refinement/postprocess/phase63/roll+030/yaw2475_pitchp0400_roll+030_v_sun_macro.npy,262272,True
v0.4_results/21_three_axis_p3_local_refinement/postprocess/phase63/roll+030/yaw2475_pitchp0400_roll+030_v_sun_macro.png,929,True
v0.4_results/21_three_axis_p3_local_refinement/postprocess/phase63/roll+030/yaw2500_pitchp0300_roll+030_brdf.png,2275,True
v0.4_results/21_three_axis_p3_local_refinement/postprocess/phase63/roll+030/yaw2500_pitchp0300_roll+030_ocs.json,553,True
v0.4_results/21_three_axis_p3_local_refinement/postprocess/phase63/roll+030/yaw2500_pitchp0300_roll+030_v_sun_macro.npy,262272,True
v0.4_results/21_three_axis_p3_local_refinement/postprocess/phase63/roll+030/yaw2500_pitchp0300_roll+030_v_sun_macro.png,1029,True
v0.4_results/21_three_axis_p3_local_refinement/postprocess/phase63/roll+030/yaw2500_pitchp0325_roll+030_brdf.png,2139,True
v0.4_results/21_three_axis_p3_local_refinement/postprocess/phase63/roll+030/yaw2500_pitchp0325_roll+030_ocs.json,552,True
v0.4_results/21_three_axis_p3_local_refinement/postprocess/phase63/roll+030/yaw2500_pitchp0325_roll+030_v_sun_macro.npy,262272,True
v0.4_results/21_three_axis_p3_local_refinement/postprocess/phase63/roll+030/yaw2500_pitchp0325_roll+030_v_sun_macro.png,963,True
v0.4_results/21_three_axis_p3_local_refinement/postprocess/phase63/roll+030/yaw2500_pitchp0350_roll+030_brdf.png,2200,True
v0.4_results/21_three_axis_p3_local_refinement/postprocess/phase63/roll+030/yaw2500_pitchp0350_roll+030_ocs.json,554,True
v0.4_results/21_three_axis_p3_local_refinement/postprocess/phase63/roll+030/yaw2500_pitchp0350_roll+030_v_sun_macro.npy,262272,True
v0.4_results/21_three_axis_p3_local_refinement/postprocess/phase63/roll+030/yaw2500_pitchp0350_roll+030_v_sun_macro.png,927,True
v0.4_results/21_three_axis_p3_local_refinement/postprocess/phase63/roll+030/yaw2500_pitchp0375_roll+030_brdf.png,2228,True
v0.4_results/21_three_axis_p3_local_refinement/postprocess/phase63/roll+030/yaw2500_pitchp0375_roll+030_ocs.json,550,True
v0.4_results/21_three_axis_p3_local_refinement/postprocess/phase63/roll+030/yaw2500_pitchp0375_roll+030_v_sun_macro.npy,262272,True
v0.4_results/21_three_axis_p3_local_refinement/postprocess/phase63/roll+030/yaw2500_pitchp0375_roll+030_v_sun_macro.png,918,True
v0.4_results/21_three_axis_p3_local_refinement/postprocess/phase63/roll+030/yaw2500_pitchp0400_roll+030_brdf.png,2267,True
v0.4_results/21_three_axis_p3_local_refinement/postprocess/phase63/roll+030/yaw2500_pitchp0400_roll+030_ocs.json,553,True
v0.4_results/21_three_axis_p3_local_refinement/postprocess/phase63/roll+030/yaw2500_pitchp0400_roll+030_v_sun_macro.npy,262272,True
v0.4_results/21_three_axis_p3_local_refinement/postprocess/phase63/roll+030/yaw2500_pitchp0400_roll+030_v_sun_macro.png,920,True
v0.4_results/21_three_axis_p3_local_refinement/postprocess/phase63/roll+030/yaw2800_pitchm0800_roll+030_brdf.png,1404,True
v0.4_results/21_three_axis_p3_local_refinement/postprocess/phase63/roll+030/yaw2800_pitchm0800_roll+030_ocs.json,554,True
v0.4_results/21_three_axis_p3_local_refinement/postprocess/phase63/roll+030/yaw2800_pitchm0800_roll+030_v_sun_macro.npy,262272,True
v0.4_results/21_three_axis_p3_local_refinement/postprocess/phase63/roll+030/yaw2800_pitchm0800_roll+030_v_sun_macro.png,669,True
v0.4_results/21_three_axis_p3_local_refinement/postprocess/phase63/roll+030/yaw2800_pitchm0850_roll+030_brdf.png,1287,True
v0.4_results/21_three_axis_p3_local_refinement/postprocess/phase63/roll+030/yaw2800_pitchm0850_roll+030_ocs.json,552,True
v0.4_results/21_three_axis_p3_local_refinement/postprocess/phase63/roll+030/yaw2800_pitchm0850_roll+030_v_sun_macro.npy,262272,True
v0.4_results/21_three_axis_p3_local_refinement/postprocess/phase63/roll+030/yaw2800_pitchm0850_roll+030_v_sun_macro.png,646,True
v0.4_results/21_three_axis_p3_local_refinement/postprocess/phase63/roll+030/yaw2850_pitchm0800_roll+030_brdf.png,1478,True
v0.4_results/21_three_axis_p3_local_refinement/postprocess/phase63/roll+030/yaw2850_pitchm0800_roll+030_ocs.json,553,True
v0.4_results/21_three_axis_p3_local_refinement/postprocess/phase63/roll+030/yaw2850_pitchm0800_roll+030_v_sun_macro.npy,262272,True
v0.4_results/21_three_axis_p3_local_refinement/postprocess/phase63/roll+030/yaw2850_pitchm0800_roll+030_v_sun_macro.png,697,True
v0.4_results/21_three_axis_p3_local_refinement/postprocess/phase63/roll+030/yaw2850_pitchm0850_roll+030_brdf.png,1388,True
v0.4_results/21_three_axis_p3_local_refinement/postprocess/phase63/roll+030/yaw2850_pitchm0850_roll+030_ocs.json,555,True
v0.4_results/21_three_axis_p3_local_refinement/postprocess/phase63/roll+030/yaw2850_pitchm0850_roll+030_v_sun_macro.npy,262272,True
v0.4_results/21_three_axis_p3_local_refinement/postprocess/phase63/roll+030/yaw2850_pitchm0850_roll+030_v_sun_macro.png,688,True
v0.4_results/21_three_axis_p3_local_refinement/postprocess/phase63/roll+045/p3_postprocess_summary.json,131985,True
v0.4_results/21_three_axis_p3_local_refinement/postprocess/phase63/roll+045/yaw0550_pitchp0600_roll+045_brdf.png,2021,True
v0.4_results/21_three_axis_p3_local_refinement/postprocess/phase63/roll+045/yaw0550_pitchp0600_roll+045_ocs.json,552,True
v0.4_results/21_three_axis_p3_local_refinement/postprocess/phase63/roll+045/yaw0550_pitchp0600_roll+045_v_sun_macro.npy,262272,True
v0.4_results/21_three_axis_p3_local_refinement/postprocess/phase63/roll+045/yaw0550_pitchp0600_roll+045_v_sun_macro.png,831,True
v0.4_results/21_three_axis_p3_local_refinement/postprocess/phase63/roll+045/yaw0550_pitchp0625_roll+045_brdf.png,2013,True
v0.4_results/21_three_axis_p3_local_refinement/postprocess/phase63/roll+045/yaw0550_pitchp0625_roll+045_ocs.json,551,True
v0.4_results/21_three_axis_p3_local_refinement/postprocess/phase63/roll+045/yaw0550_pitchp0625_roll+045_v_sun_macro.npy,262272,True
v0.4_results/21_three_axis_p3_local_refinement/postprocess/phase63/roll+045/yaw0550_pitchp0625_roll+045_v_sun_macro.png,812,True
v0.4_results/21_three_axis_p3_local_refinement/postprocess/phase63/roll+045/yaw0550_pitchp0650_roll+045_brdf.png,2086,True
v0.4_results/21_three_axis_p3_local_refinement/postprocess/phase63/roll+045/yaw0550_pitchp0650_roll+045_ocs.json,551,True
v0.4_results/21_three_axis_p3_local_refinement/postprocess/phase63/roll+045/yaw0550_pitchp0650_roll+045_v_sun_macro.npy,262272,True
v0.4_results/21_three_axis_p3_local_refinement/postprocess/phase63/roll+045/yaw0550_pitchp0650_roll+045_v_sun_macro.png,789,True
v0.4_results/21_three_axis_p3_local_refinement/postprocess/phase63/roll+045/yaw0550_pitchp0675_roll+045_brdf.png,2079,True
v0.4_results/21_three_axis_p3_local_refinement/postprocess/phase63/roll+045/yaw0550_pitchp0675_roll+045_ocs.json,552,True
v0.4_results/21_three_axis_p3_local_refinement/postprocess/phase63/roll+045/yaw0550_pitchp0675_roll+045_v_sun_macro.npy,262272,True
v0.4_results/21_three_axis_p3_local_refinement/postprocess/phase63/roll+045/yaw0550_pitchp0675_roll+045_v_sun_macro.png,785,True
v0.4_results/21_three_axis_p3_local_refinement/postprocess/phase63/roll+045/yaw0550_pitchp0700_roll+045_brdf.png,2064,True
v0.4_results/21_three_axis_p3_local_refinement/postprocess/phase63/roll+045/yaw0550_pitchp0700_roll+045_ocs.json,551,True
v0.4_results/21_three_axis_p3_local_refinement/postprocess/phase63/roll+045/yaw0550_pitchp0700_roll+045_v_sun_macro.npy,262272,True
v0.4_results/21_three_axis_p3_local_refinement/postprocess/phase63/roll+045/yaw0550_pitchp0700_roll+045_v_sun_macro.png,800,True
v0.4_results/21_three_axis_p3_local_refinement/postprocess/phase63/roll+045/yaw0575_pitchp0600_roll+045_brdf.png,2087,True
v0.4_results/21_three_axis_p3_local_refinement/postprocess/phase63/roll+045/yaw0575_pitchp0600_roll+045_ocs.json,553,True
v0.4_results/21_three_axis_p3_local_refinement/postprocess/phase63/roll+045/yaw0575_pitchp0600_roll+045_v_sun_macro.npy,262272,True
v0.4_results/21_three_axis_p3_local_refinement/postprocess/phase63/roll+045/yaw0575_pitchp0600_roll+045_v_sun_macro.png,827,True
v0.4_results/21_three_axis_p3_local_refinement/postprocess/phase63/roll+045/yaw0575_pitchp0625_roll+045_brdf.png,2091,True
v0.4_results/21_three_axis_p3_local_refinement/postprocess/phase63/roll+045/yaw0575_pitchp0625_roll+045_ocs.json,553,True
v0.4_results/21_three_axis_p3_local_refinement/postprocess/phase63/roll+045/yaw0575_pitchp0625_roll+045_v_sun_macro.npy,262272,True
v0.4_results/21_three_axis_p3_local_refinement/postprocess/phase63/roll+045/yaw0575_pitchp0625_roll+045_v_sun_macro.png,772,True
v0.4_results/21_three_axis_p3_local_refinement/postprocess/phase63/roll+045/yaw0575_pitchp0650_roll+045_brdf.png,2096,True
v0.4_results/21_three_axis_p3_local_refinement/postprocess/phase63/roll+045/yaw0575_pitchp0650_roll+045_ocs.json,551,True
v0.4_results/21_three_axis_p3_local_refinement/postprocess/phase63/roll+045/yaw0575_pitchp0650_roll+045_v_sun_macro.npy,262272,True
v0.4_results/21_three_axis_p3_local_refinement/postprocess/phase63/roll+045/yaw0575_pitchp0650_roll+045_v_sun_macro.png,808,True
v0.4_results/21_three_axis_p3_local_refinement/postprocess/phase63/roll+045/yaw0575_pitchp0675_roll+045_brdf.png,2141,True
v0.4_results/21_three_axis_p3_local_refinement/postprocess/phase63/roll+045/yaw0575_pitchp0675_roll+045_ocs.json,551,True
v0.4_results/21_three_axis_p3_local_refinement/postprocess/phase63/roll+045/yaw0575_pitchp0675_roll+045_v_sun_macro.npy,262272,True
v0.4_results/21_three_axis_p3_local_refinement/postprocess/phase63/roll+045/yaw0575_pitchp0675_roll+045_v_sun_macro.png,782,True
v0.4_results/21_three_axis_p3_local_refinement/postprocess/phase63/roll+045/yaw0575_pitchp0700_roll+045_brdf.png,2077,True
v0.4_results/21_three_axis_p3_local_refinement/postprocess/phase63/roll+045/yaw0575_pitchp0700_roll+045_ocs.json,552,True
v0.4_results/21_three_axis_p3_local_refinement/postprocess/phase63/roll+045/yaw0575_pitchp0700_roll+045_v_sun_macro.npy,262272,True
v0.4_results/21_three_axis_p3_local_refinement/postprocess/phase63/roll+045/yaw0575_pitchp0700_roll+045_v_sun_macro.png,808,True
v0.4_results/21_three_axis_p3_local_refinement/postprocess/phase63/roll+045/yaw0600_pitchp0600_roll+045_brdf.png,2152,True
v0.4_results/21_three_axis_p3_local_refinement/postprocess/phase63/roll+045/yaw0600_pitchp0600_roll+045_ocs.json,552,True
v0.4_results/21_three_axis_p3_local_refinement/postprocess/phase63/roll+045/yaw0600_pitchp0600_roll+045_v_sun_macro.npy,262272,True
v0.4_results/21_three_axis_p3_local_refinement/postprocess/phase63/roll+045/yaw0600_pitchp0600_roll+045_v_sun_macro.png,833,True
v0.4_results/21_three_axis_p3_local_refinement/postprocess/phase63/roll+045/yaw0600_pitchp0625_roll+045_brdf.png,2060,True
v0.4_results/21_three_axis_p3_local_refinement/postprocess/phase63/roll+045/yaw0600_pitchp0625_roll+045_ocs.json,551,True
v0.4_results/21_three_axis_p3_local_refinement/postprocess/phase63/roll+045/yaw0600_pitchp0625_roll+045_v_sun_macro.npy,262272,True
v0.4_results/21_three_axis_p3_local_refinement/postprocess/phase63/roll+045/yaw0600_pitchp0625_roll+045_v_sun_macro.png,798,True
v0.4_results/21_three_axis_p3_local_refinement/postprocess/phase63/roll+045/yaw0600_pitchp0650_roll+045_brdf.png,2156,True
v0.4_results/21_three_axis_p3_local_refinement/postprocess/phase63/roll+045/yaw0600_pitchp0650_roll+045_ocs.json,552,True
v0.4_results/21_three_axis_p3_local_refinement/postprocess/phase63/roll+045/yaw0600_pitchp0650_roll+045_v_sun_macro.npy,262272,True
v0.4_results/21_three_axis_p3_local_refinement/postprocess/phase63/roll+045/yaw0600_pitchp0650_roll+045_v_sun_macro.png,769,True
v0.4_results/21_three_axis_p3_local_refinement/postprocess/phase63/roll+045/yaw0600_pitchp0675_roll+045_brdf.png,2150,True
v0.4_results/21_three_axis_p3_local_refinement/postprocess/phase63/roll+045/yaw0600_pitchp0675_roll+045_ocs.json,552,True
v0.4_results/21_three_axis_p3_local_refinement/postprocess/phase63/roll+045/yaw0600_pitchp0675_roll+045_v_sun_macro.npy,262272,True
v0.4_results/21_three_axis_p3_local_refinement/postprocess/phase63/roll+045/yaw0600_pitchp0675_roll+045_v_sun_macro.png,785,True
v0.4_results/21_three_axis_p3_local_refinement/postprocess/phase63/roll+045/yaw0600_pitchp0700_roll+045_brdf.png,2107,True
v0.4_results/21_three_axis_p3_local_refinement/postprocess/phase63/roll+045/yaw0600_pitchp0700_roll+045_ocs.json,550,True
v0.4_results/21_three_axis_p3_local_refinement/postprocess/phase63/roll+045/yaw0600_pitchp0700_roll+045_v_sun_macro.npy,262272,True
v0.4_results/21_three_axis_p3_local_refinement/postprocess/phase63/roll+045/yaw0600_pitchp0700_roll+045_v_sun_macro.png,788,True
v0.4_results/21_three_axis_p3_local_refinement/postprocess/phase63/roll+045/yaw0625_pitchp0600_roll+045_brdf.png,2139,True
v0.4_results/21_three_axis_p3_local_refinement/postprocess/phase63/roll+045/yaw0625_pitchp0600_roll+045_ocs.json,551,True
v0.4_results/21_three_axis_p3_local_refinement/postprocess/phase63/roll+045/yaw0625_pitchp0600_roll+045_v_sun_macro.npy,262272,True
v0.4_results/21_three_axis_p3_local_refinement/postprocess/phase63/roll+045/yaw0625_pitchp0600_roll+045_v_sun_macro.png,816,True
v0.4_results/21_three_axis_p3_local_refinement/postprocess/phase63/roll+045/yaw0625_pitchp0625_roll+045_brdf.png,2103,True
v0.4_results/21_three_axis_p3_local_refinement/postprocess/phase63/roll+045/yaw0625_pitchp0625_roll+045_ocs.json,551,True
v0.4_results/21_three_axis_p3_local_refinement/postprocess/phase63/roll+045/yaw0625_pitchp0625_roll+045_v_sun_macro.npy,262272,True
v0.4_results/21_three_axis_p3_local_refinement/postprocess/phase63/roll+045/yaw0625_pitchp0625_roll+045_v_sun_macro.png,783,True
v0.4_results/21_three_axis_p3_local_refinement/postprocess/phase63/roll+045/yaw0625_pitchp0650_roll+045_brdf.png,2112,True
v0.4_results/21_three_axis_p3_local_refinement/postprocess/phase63/roll+045/yaw0625_pitchp0650_roll+045_ocs.json,551,True
v0.4_results/21_three_axis_p3_local_refinement/postprocess/phase63/roll+045/yaw0625_pitchp0650_roll+045_v_sun_macro.npy,262272,True
v0.4_results/21_three_axis_p3_local_refinement/postprocess/phase63/roll+045/yaw0625_pitchp0650_roll+045_v_sun_macro.png,771,True
v0.4_results/21_three_axis_p3_local_refinement/postprocess/phase63/roll+045/yaw0625_pitchp0675_roll+045_brdf.png,2100,True
v0.4_results/21_three_axis_p3_local_refinement/postprocess/phase63/roll+045/yaw0625_pitchp0675_roll+045_ocs.json,552,True
v0.4_results/21_three_axis_p3_local_refinement/postprocess/phase63/roll+045/yaw0625_pitchp0675_roll+045_v_sun_macro.npy,262272,True
v0.4_results/21_three_axis_p3_local_refinement/postprocess/phase63/roll+045/yaw0625_pitchp0675_roll+045_v_sun_macro.png,769,True
v0.4_results/21_three_axis_p3_local_refinement/postprocess/phase63/roll+045/yaw0625_pitchp0700_roll+045_brdf.png,2073,True
v0.4_results/21_three_axis_p3_local_refinement/postprocess/phase63/roll+045/yaw0625_pitchp0700_roll+045_ocs.json,551,True
v0.4_results/21_three_axis_p3_local_refinement/postprocess/phase63/roll+045/yaw0625_pitchp0700_roll+045_v_sun_macro.npy,262272,True
v0.4_results/21_three_axis_p3_local_refinement/postprocess/phase63/roll+045/yaw0625_pitchp0700_roll+045_v_sun_macro.png,784,True
v0.4_results/21_three_axis_p3_local_refinement/postprocess/phase63/roll+045/yaw0650_pitchp0600_roll+045_brdf.png,2157,True
v0.4_results/21_three_axis_p3_local_refinement/postprocess/phase63/roll+045/yaw0650_pitchp0600_roll+045_ocs.json,550,True
v0.4_results/21_three_axis_p3_local_refinement/postprocess/phase63/roll+045/yaw0650_pitchp0600_roll+045_v_sun_macro.npy,262272,True
v0.4_results/21_three_axis_p3_local_refinement/postprocess/phase63/roll+045/yaw0650_pitchp0600_roll+045_v_sun_macro.png,802,True
v0.4_results/21_three_axis_p3_local_refinement/postprocess/phase63/roll+045/yaw0650_pitchp0625_roll+045_brdf.png,2140,True
v0.4_results/21_three_axis_p3_local_refinement/postprocess/phase63/roll+045/yaw0650_pitchp0625_roll+045_ocs.json,551,True
v0.4_results/21_three_axis_p3_local_refinement/postprocess/phase63/roll+045/yaw0650_pitchp0625_roll+045_v_sun_macro.npy,262272,True
v0.4_results/21_three_axis_p3_local_refinement/postprocess/phase63/roll+045/yaw0650_pitchp0625_roll+045_v_sun_macro.png,782,True
v0.4_results/21_three_axis_p3_local_refinement/postprocess/phase63/roll+045/yaw0650_pitchp0650_roll+045_brdf.png,2102,True
v0.4_results/21_three_axis_p3_local_refinement/postprocess/phase63/roll+045/yaw0650_pitchp0650_roll+045_ocs.json,547,True
v0.4_results/21_three_axis_p3_local_refinement/postprocess/phase63/roll+045/yaw0650_pitchp0650_roll+045_v_sun_macro.npy,262272,True
v0.4_results/21_three_axis_p3_local_refinement/postprocess/phase63/roll+045/yaw0650_pitchp0650_roll+045_v_sun_macro.png,763,True
v0.4_results/21_three_axis_p3_local_refinement/postprocess/phase63/roll+045/yaw0650_pitchp0675_roll+045_brdf.png,2074,True
v0.4_results/21_three_axis_p3_local_refinement/postprocess/phase63/roll+045/yaw0650_pitchp0675_roll+045_ocs.json,552,True
v0.4_results/21_three_axis_p3_local_refinement/postprocess/phase63/roll+045/yaw0650_pitchp0675_roll+045_v_sun_macro.npy,262272,True
v0.4_results/21_three_axis_p3_local_refinement/postprocess/phase63/roll+045/yaw0650_pitchp0675_roll+045_v_sun_macro.png,750,True
v0.4_results/21_three_axis_p3_local_refinement/postprocess/phase63/roll+045/yaw0650_pitchp0700_roll+045_brdf.png,2029,True
v0.4_results/21_three_axis_p3_local_refinement/postprocess/phase63/roll+045/yaw0650_pitchp0700_roll+045_ocs.json,549,True
v0.4_results/21_three_axis_p3_local_refinement/postprocess/phase63/roll+045/yaw0650_pitchp0700_roll+045_v_sun_macro.npy,262272,True
v0.4_results/21_three_axis_p3_local_refinement/postprocess/phase63/roll+045/yaw0650_pitchp0700_roll+045_v_sun_macro.png,784,True
v0.4_results/21_three_axis_p3_local_refinement/postprocess/phase63/roll+045/yaw1450_pitchp0100_roll+045_brdf.png,1671,True
v0.4_results/21_three_axis_p3_local_refinement/postprocess/phase63/roll+045/yaw1450_pitchp0100_roll+045_ocs.json,553,True
v0.4_results/21_three_axis_p3_local_refinement/postprocess/phase63/roll+045/yaw1450_pitchp0100_roll+045_v_sun_macro.npy,262272,True
v0.4_results/21_three_axis_p3_local_refinement/postprocess/phase63/roll+045/yaw1450_pitchp0100_roll+045_v_sun_macro.png,719,True
v0.4_results/21_three_axis_p3_local_refinement/postprocess/phase63/roll+045/yaw1450_pitchp0125_roll+045_brdf.png,1497,True
v0.4_results/21_three_axis_p3_local_refinement/postprocess/phase63/roll+045/yaw1450_pitchp0125_roll+045_ocs.json,552,True
v0.4_results/21_three_axis_p3_local_refinement/postprocess/phase63/roll+045/yaw1450_pitchp0125_roll+045_v_sun_macro.npy,262272,True
v0.4_results/21_three_axis_p3_local_refinement/postprocess/phase63/roll+045/yaw1450_pitchp0125_roll+045_v_sun_macro.png,705,True
v0.4_results/21_three_axis_p3_local_refinement/postprocess/phase63/roll+045/yaw1450_pitchp0150_roll+045_brdf.png,1514,True
v0.4_results/21_three_axis_p3_local_refinement/postprocess/phase63/roll+045/yaw1450_pitchp0150_roll+045_ocs.json,551,True
v0.4_results/21_three_axis_p3_local_refinement/postprocess/phase63/roll+045/yaw1450_pitchp0150_roll+045_v_sun_macro.npy,262272,True
v0.4_results/21_three_axis_p3_local_refinement/postprocess/phase63/roll+045/yaw1450_pitchp0150_roll+045_v_sun_macro.png,708,True
v0.4_results/21_three_axis_p3_local_refinement/postprocess/phase63/roll+045/yaw1450_pitchp0175_roll+045_brdf.png,1526,True
v0.4_results/21_three_axis_p3_local_refinement/postprocess/phase63/roll+045/yaw1450_pitchp0175_roll+045_ocs.json,552,True
v0.4_results/21_three_axis_p3_local_refinement/postprocess/phase63/roll+045/yaw1450_pitchp0175_roll+045_v_sun_macro.npy,262272,True
v0.4_results/21_three_axis_p3_local_refinement/postprocess/phase63/roll+045/yaw1450_pitchp0175_roll+045_v_sun_macro.png,716,True
v0.4_results/21_three_axis_p3_local_refinement/postprocess/phase63/roll+045/yaw1450_pitchp0200_roll+045_brdf.png,1511,True
v0.4_results/21_three_axis_p3_local_refinement/postprocess/phase63/roll+045/yaw1450_pitchp0200_roll+045_ocs.json,551,True
v0.4_results/21_three_axis_p3_local_refinement/postprocess/phase63/roll+045/yaw1450_pitchp0200_roll+045_v_sun_macro.npy,262272,True
v0.4_results/21_three_axis_p3_local_refinement/postprocess/phase63/roll+045/yaw1450_pitchp0200_roll+045_v_sun_macro.png,735,True
v0.4_results/21_three_axis_p3_local_refinement/postprocess/phase63/roll+045/yaw1450_pitchp0225_roll+045_brdf.png,1509,True
v0.4_results/21_three_axis_p3_local_refinement/postprocess/phase63/roll+045/yaw1450_pitchp0225_roll+045_ocs.json,551,True
v0.4_results/21_three_axis_p3_local_refinement/postprocess/phase63/roll+045/yaw1450_pitchp0225_roll+045_v_sun_macro.npy,262272,True
v0.4_results/21_three_axis_p3_local_refinement/postprocess/phase63/roll+045/yaw1450_pitchp0225_roll+045_v_sun_macro.png,715,True
v0.4_results/21_three_axis_p3_local_refinement/postprocess/phase63/roll+045/yaw1450_pitchp0250_roll+045_brdf.png,1480,True
v0.4_results/21_three_axis_p3_local_refinement/postprocess/phase63/roll+045/yaw1450_pitchp0250_roll+045_ocs.json,552,True
v0.4_results/21_three_axis_p3_local_refinement/postprocess/phase63/roll+045/yaw1450_pitchp0250_roll+045_v_sun_macro.npy,262272,True
v0.4_results/21_three_axis_p3_local_refinement/postprocess/phase63/roll+045/yaw1450_pitchp0250_roll+045_v_sun_macro.png,712,True
v0.4_results/21_three_axis_p3_local_refinement/postprocess/phase63/roll+045/yaw1475_pitchp0100_roll+045_brdf.png,1406,True
v0.4_results/21_three_axis_p3_local_refinement/postprocess/phase63/roll+045/yaw1475_pitchp0100_roll+045_ocs.json,550,True
v0.4_results/21_three_axis_p3_local_refinement/postprocess/phase63/roll+045/yaw1475_pitchp0100_roll+045_v_sun_macro.npy,262272,True
v0.4_results/21_three_axis_p3_local_refinement/postprocess/phase63/roll+045/yaw1475_pitchp0100_roll+045_v_sun_macro.png,734,True
v0.4_results/21_three_axis_p3_local_refinement/postprocess/phase63/roll+045/yaw1475_pitchp0125_roll+045_brdf.png,1408,True
v0.4_results/21_three_axis_p3_local_refinement/postprocess/phase63/roll+045/yaw1475_pitchp0125_roll+045_ocs.json,552,True
v0.4_results/21_three_axis_p3_local_refinement/postprocess/phase63/roll+045/yaw1475_pitchp0125_roll+045_v_sun_macro.npy,262272,True
v0.4_results/21_three_axis_p3_local_refinement/postprocess/phase63/roll+045/yaw1475_pitchp0125_roll+045_v_sun_macro.png,757,True
v0.4_results/21_three_axis_p3_local_refinement/postprocess/phase63/roll+045/yaw1475_pitchp0150_roll+045_brdf.png,1427,True
v0.4_results/21_three_axis_p3_local_refinement/postprocess/phase63/roll+045/yaw1475_pitchp0150_roll+045_ocs.json,550,True
v0.4_results/21_three_axis_p3_local_refinement/postprocess/phase63/roll+045/yaw1475_pitchp0150_roll+045_v_sun_macro.npy,262272,True
v0.4_results/21_three_axis_p3_local_refinement/postprocess/phase63/roll+045/yaw1475_pitchp0150_roll+045_v_sun_macro.png,744,True
v0.4_results/21_three_axis_p3_local_refinement/postprocess/phase63/roll+045/yaw1475_pitchp0175_roll+045_brdf.png,1539,True
v0.4_results/21_three_axis_p3_local_refinement/postprocess/phase63/roll+045/yaw1475_pitchp0175_roll+045_ocs.json,552,True
v0.4_results/21_three_axis_p3_local_refinement/postprocess/phase63/roll+045/yaw1475_pitchp0175_roll+045_v_sun_macro.npy,262272,True
v0.4_results/21_three_axis_p3_local_refinement/postprocess/phase63/roll+045/yaw1475_pitchp0175_roll+045_v_sun_macro.png,724,True
v0.4_results/21_three_axis_p3_local_refinement/postprocess/phase63/roll+045/yaw1475_pitchp0200_roll+045_brdf.png,1468,True
v0.4_results/21_three_axis_p3_local_refinement/postprocess/phase63/roll+045/yaw1475_pitchp0200_roll+045_ocs.json,551,True
v0.4_results/21_three_axis_p3_local_refinement/postprocess/phase63/roll+045/yaw1475_pitchp0200_roll+045_v_sun_macro.npy,262272,True
v0.4_results/21_three_axis_p3_local_refinement/postprocess/phase63/roll+045/yaw1475_pitchp0200_roll+045_v_sun_macro.png,736,True
v0.4_results/21_three_axis_p3_local_refinement/postprocess/phase63/roll+045/yaw1475_pitchp0225_roll+045_brdf.png,1507,True
v0.4_results/21_three_axis_p3_local_refinement/postprocess/phase63/roll+045/yaw1475_pitchp0225_roll+045_ocs.json,551,True
v0.4_results/21_three_axis_p3_local_refinement/postprocess/phase63/roll+045/yaw1475_pitchp0225_roll+045_v_sun_macro.npy,262272,True
v0.4_results/21_three_axis_p3_local_refinement/postprocess/phase63/roll+045/yaw1475_pitchp0225_roll+045_v_sun_macro.png,718,True
v0.4_results/21_three_axis_p3_local_refinement/postprocess/phase63/roll+045/yaw1475_pitchp0250_roll+045_brdf.png,1488,True
v0.4_results/21_three_axis_p3_local_refinement/postprocess/phase63/roll+045/yaw1475_pitchp0250_roll+045_ocs.json,554,True
v0.4_results/21_three_axis_p3_local_refinement/postprocess/phase63/roll+045/yaw1475_pitchp0250_roll+045_v_sun_macro.npy,262272,True
v0.4_results/21_three_axis_p3_local_refinement/postprocess/phase63/roll+045/yaw1475_pitchp0250_roll+045_v_sun_macro.png,748,True
v0.4_results/21_three_axis_p3_local_refinement/postprocess/phase63/roll+045/yaw1500_pitchp0100_roll+045_brdf.png,1467,True
v0.4_results/21_three_axis_p3_local_refinement/postprocess/phase63/roll+045/yaw1500_pitchp0100_roll+045_ocs.json,550,True
v0.4_results/21_three_axis_p3_local_refinement/postprocess/phase63/roll+045/yaw1500_pitchp0100_roll+045_v_sun_macro.npy,262272,True
v0.4_results/21_three_axis_p3_local_refinement/postprocess/phase63/roll+045/yaw1500_pitchp0100_roll+045_v_sun_macro.png,738,True
v0.4_results/21_three_axis_p3_local_refinement/postprocess/phase63/roll+045/yaw1500_pitchp0125_roll+045_brdf.png,1397,True
v0.4_results/21_three_axis_p3_local_refinement/postprocess/phase63/roll+045/yaw1500_pitchp0125_roll+045_ocs.json,551,True
v0.4_results/21_three_axis_p3_local_refinement/postprocess/phase63/roll+045/yaw1500_pitchp0125_roll+045_v_sun_macro.npy,262272,True
v0.4_results/21_three_axis_p3_local_refinement/postprocess/phase63/roll+045/yaw1500_pitchp0125_roll+045_v_sun_macro.png,685,True
v0.4_results/21_three_axis_p3_local_refinement/postprocess/phase63/roll+045/yaw1500_pitchp0150_roll+045_brdf.png,1448,True
v0.4_results/21_three_axis_p3_local_refinement/postprocess/phase63/roll+045/yaw1500_pitchp0150_roll+045_ocs.json,552,True
v0.4_results/21_three_axis_p3_local_refinement/postprocess/phase63/roll+045/yaw1500_pitchp0150_roll+045_v_sun_macro.npy,262272,True
v0.4_results/21_three_axis_p3_local_refinement/postprocess/phase63/roll+045/yaw1500_pitchp0150_roll+045_v_sun_macro.png,747,True
v0.4_results/21_three_axis_p3_local_refinement/postprocess/phase63/roll+045/yaw1500_pitchp0175_roll+045_brdf.png,1487,True
v0.4_results/21_three_axis_p3_local_refinement/postprocess/phase63/roll+045/yaw1500_pitchp0175_roll+045_ocs.json,550,True
v0.4_results/21_three_axis_p3_local_refinement/postprocess/phase63/roll+045/yaw1500_pitchp0175_roll+045_v_sun_macro.npy,262272,True
v0.4_results/21_three_axis_p3_local_refinement/postprocess/phase63/roll+045/yaw1500_pitchp0175_roll+045_v_sun_macro.png,726,True
v0.4_results/21_three_axis_p3_local_refinement/postprocess/phase63/roll+045/yaw1500_pitchp0200_roll+045_brdf.png,1513,True
v0.4_results/21_three_axis_p3_local_refinement/postprocess/phase63/roll+045/yaw1500_pitchp0200_roll+045_ocs.json,551,True
v0.4_results/21_three_axis_p3_local_refinement/postprocess/phase63/roll+045/yaw1500_pitchp0200_roll+045_v_sun_macro.npy,262272,True
v0.4_results/21_three_axis_p3_local_refinement/postprocess/phase63/roll+045/yaw1500_pitchp0200_roll+045_v_sun_macro.png,732,True
v0.4_results/21_three_axis_p3_local_refinement/postprocess/phase63/roll+045/yaw1500_pitchp0225_roll+045_brdf.png,1464,True
v0.4_results/21_three_axis_p3_local_refinement/postprocess/phase63/roll+045/yaw1500_pitchp0225_roll+045_ocs.json,551,True
v0.4_results/21_three_axis_p3_local_refinement/postprocess/phase63/roll+045/yaw1500_pitchp0225_roll+045_v_sun_macro.npy,262272,True
v0.4_results/21_three_axis_p3_local_refinement/postprocess/phase63/roll+045/yaw1500_pitchp0225_roll+045_v_sun_macro.png,736,True
v0.4_results/21_three_axis_p3_local_refinement/postprocess/phase63/roll+045/yaw1500_pitchp0250_roll+045_brdf.png,1440,True
v0.4_results/21_three_axis_p3_local_refinement/postprocess/phase63/roll+045/yaw1500_pitchp0250_roll+045_ocs.json,553,True
v0.4_results/21_three_axis_p3_local_refinement/postprocess/phase63/roll+045/yaw1500_pitchp0250_roll+045_v_sun_macro.npy,262272,True
v0.4_results/21_three_axis_p3_local_refinement/postprocess/phase63/roll+045/yaw1500_pitchp0250_roll+045_v_sun_macro.png,733,True
v0.4_results/21_three_axis_p3_local_refinement/postprocess/phase63/roll+045/yaw1525_pitchp0100_roll+045_brdf.png,1511,True
v0.4_results/21_three_axis_p3_local_refinement/postprocess/phase63/roll+045/yaw1525_pitchp0100_roll+045_ocs.json,552,True
v0.4_results/21_three_axis_p3_local_refinement/postprocess/phase63/roll+045/yaw1525_pitchp0100_roll+045_v_sun_macro.npy,262272,True
v0.4_results/21_three_axis_p3_local_refinement/postprocess/phase63/roll+045/yaw1525_pitchp0100_roll+045_v_sun_macro.png,748,True
v0.4_results/21_three_axis_p3_local_refinement/postprocess/phase63/roll+045/yaw1525_pitchp0125_roll+045_brdf.png,1436,True
v0.4_results/21_three_axis_p3_local_refinement/postprocess/phase63/roll+045/yaw1525_pitchp0125_roll+045_ocs.json,550,True
v0.4_results/21_three_axis_p3_local_refinement/postprocess/phase63/roll+045/yaw1525_pitchp0125_roll+045_v_sun_macro.npy,262272,True
v0.4_results/21_three_axis_p3_local_refinement/postprocess/phase63/roll+045/yaw1525_pitchp0125_roll+045_v_sun_macro.png,749,True
v0.4_results/21_three_axis_p3_local_refinement/postprocess/phase63/roll+045/yaw1525_pitchp0150_roll+045_brdf.png,1519,True
v0.4_results/21_three_axis_p3_local_refinement/postprocess/phase63/roll+045/yaw1525_pitchp0150_roll+045_ocs.json,550,True
v0.4_results/21_three_axis_p3_local_refinement/postprocess/phase63/roll+045/yaw1525_pitchp0150_roll+045_v_sun_macro.npy,262272,True
v0.4_results/21_three_axis_p3_local_refinement/postprocess/phase63/roll+045/yaw1525_pitchp0150_roll+045_v_sun_macro.png,709,True
v0.4_results/21_three_axis_p3_local_refinement/postprocess/phase63/roll+045/yaw1525_pitchp0175_roll+045_brdf.png,1477,True
v0.4_results/21_three_axis_p3_local_refinement/postprocess/phase63/roll+045/yaw1525_pitchp0175_roll+045_ocs.json,550,True
v0.4_results/21_three_axis_p3_local_refinement/postprocess/phase63/roll+045/yaw1525_pitchp0175_roll+045_v_sun_macro.npy,262272,True
v0.4_results/21_three_axis_p3_local_refinement/postprocess/phase63/roll+045/yaw1525_pitchp0175_roll+045_v_sun_macro.png,701,True
v0.4_results/21_three_axis_p3_local_refinement/postprocess/phase63/roll+045/yaw1525_pitchp0200_roll+045_brdf.png,1513,True
v0.4_results/21_three_axis_p3_local_refinement/postprocess/phase63/roll+045/yaw1525_pitchp0200_roll+045_ocs.json,552,True
v0.4_results/21_three_axis_p3_local_refinement/postprocess/phase63/roll+045/yaw1525_pitchp0200_roll+045_v_sun_macro.npy,262272,True
v0.4_results/21_three_axis_p3_local_refinement/postprocess/phase63/roll+045/yaw1525_pitchp0200_roll+045_v_sun_macro.png,752,True
v0.4_results/21_three_axis_p3_local_refinement/postprocess/phase63/roll+045/yaw1525_pitchp0225_roll+045_brdf.png,1543,True
v0.4_results/21_three_axis_p3_local_refinement/postprocess/phase63/roll+045/yaw1525_pitchp0225_roll+045_ocs.json,552,True
v0.4_results/21_three_axis_p3_local_refinement/postprocess/phase63/roll+045/yaw1525_pitchp0225_roll+045_v_sun_macro.npy,262272,True
v0.4_results/21_three_axis_p3_local_refinement/postprocess/phase63/roll+045/yaw1525_pitchp0225_roll+045_v_sun_macro.png,729,True
v0.4_results/21_three_axis_p3_local_refinement/postprocess/phase63/roll+045/yaw1525_pitchp0250_roll+045_brdf.png,1453,True
v0.4_results/21_three_axis_p3_local_refinement/postprocess/phase63/roll+045/yaw1525_pitchp0250_roll+045_ocs.json,554,True
v0.4_results/21_three_axis_p3_local_refinement/postprocess/phase63/roll+045/yaw1525_pitchp0250_roll+045_v_sun_macro.npy,262272,True
v0.4_results/21_three_axis_p3_local_refinement/postprocess/phase63/roll+045/yaw1525_pitchp0250_roll+045_v_sun_macro.png,699,True
v0.4_results/21_three_axis_p3_local_refinement/postprocess/phase63/roll+045/yaw1550_pitchp0100_roll+045_brdf.png,1548,True
v0.4_results/21_three_axis_p3_local_refinement/postprocess/phase63/roll+045/yaw1550_pitchp0100_roll+045_ocs.json,550,True
v0.4_results/21_three_axis_p3_local_refinement/postprocess/phase63/roll+045/yaw1550_pitchp0100_roll+045_v_sun_macro.npy,262272,True
v0.4_results/21_three_axis_p3_local_refinement/postprocess/phase63/roll+045/yaw1550_pitchp0100_roll+045_v_sun_macro.png,750,True
v0.4_results/21_three_axis_p3_local_refinement/postprocess/phase63/roll+045/yaw1550_pitchp0125_roll+045_brdf.png,1470,True
v0.4_results/21_three_axis_p3_local_refinement/postprocess/phase63/roll+045/yaw1550_pitchp0125_roll+045_ocs.json,552,True
v0.4_results/21_three_axis_p3_local_refinement/postprocess/phase63/roll+045/yaw1550_pitchp0125_roll+045_v_sun_macro.npy,262272,True
v0.4_results/21_three_axis_p3_local_refinement/postprocess/phase63/roll+045/yaw1550_pitchp0125_roll+045_v_sun_macro.png,764,True
v0.4_results/21_three_axis_p3_local_refinement/postprocess/phase63/roll+045/yaw1550_pitchp0150_roll+045_brdf.png,1488,True
v0.4_results/21_three_axis_p3_local_refinement/postprocess/phase63/roll+045/yaw1550_pitchp0150_roll+045_ocs.json,552,True
v0.4_results/21_three_axis_p3_local_refinement/postprocess/phase63/roll+045/yaw1550_pitchp0150_roll+045_v_sun_macro.npy,262272,True
v0.4_results/21_three_axis_p3_local_refinement/postprocess/phase63/roll+045/yaw1550_pitchp0150_roll+045_v_sun_macro.png,736,True
v0.4_results/21_three_axis_p3_local_refinement/postprocess/phase63/roll+045/yaw1550_pitchp0175_roll+045_brdf.png,1522,True
v0.4_results/21_three_axis_p3_local_refinement/postprocess/phase63/roll+045/yaw1550_pitchp0175_roll+045_ocs.json,552,True
v0.4_results/21_three_axis_p3_local_refinement/postprocess/phase63/roll+045/yaw1550_pitchp0175_roll+045_v_sun_macro.npy,262272,True
v0.4_results/21_three_axis_p3_local_refinement/postprocess/phase63/roll+045/yaw1550_pitchp0175_roll+045_v_sun_macro.png,728,True
v0.4_results/21_three_axis_p3_local_refinement/postprocess/phase63/roll+045/yaw1550_pitchp0200_roll+045_brdf.png,1541,True
v0.4_results/21_three_axis_p3_local_refinement/postprocess/phase63/roll+045/yaw1550_pitchp0200_roll+045_ocs.json,552,True
v0.4_results/21_three_axis_p3_local_refinement/postprocess/phase63/roll+045/yaw1550_pitchp0200_roll+045_v_sun_macro.npy,262272,True
v0.4_results/21_three_axis_p3_local_refinement/postprocess/phase63/roll+045/yaw1550_pitchp0200_roll+045_v_sun_macro.png,729,True
v0.4_results/21_three_axis_p3_local_refinement/postprocess/phase63/roll+045/yaw1550_pitchp0225_roll+045_brdf.png,1524,True
v0.4_results/21_three_axis_p3_local_refinement/postprocess/phase63/roll+045/yaw1550_pitchp0225_roll+045_ocs.json,554,True
v0.4_results/21_three_axis_p3_local_refinement/postprocess/phase63/roll+045/yaw1550_pitchp0225_roll+045_v_sun_macro.npy,262272,True
v0.4_results/21_three_axis_p3_local_refinement/postprocess/phase63/roll+045/yaw1550_pitchp0225_roll+045_v_sun_macro.png,704,True
v0.4_results/21_three_axis_p3_local_refinement/postprocess/phase63/roll+045/yaw1550_pitchp0250_roll+045_brdf.png,1480,True
v0.4_results/21_three_axis_p3_local_refinement/postprocess/phase63/roll+045/yaw1550_pitchp0250_roll+045_ocs.json,552,True
v0.4_results/21_three_axis_p3_local_refinement/postprocess/phase63/roll+045/yaw1550_pitchp0250_roll+045_v_sun_macro.npy,262272,True
v0.4_results/21_three_axis_p3_local_refinement/postprocess/phase63/roll+045/yaw1550_pitchp0250_roll+045_v_sun_macro.png,730,True
v0.4_results/21_three_axis_p3_local_refinement/postprocess/phase63/roll+045/yaw1575_pitchp0100_roll+045_brdf.png,1589,True
v0.4_results/21_three_axis_p3_local_refinement/postprocess/phase63/roll+045/yaw1575_pitchp0100_roll+045_ocs.json,552,True
v0.4_results/21_three_axis_p3_local_refinement/postprocess/phase63/roll+045/yaw1575_pitchp0100_roll+045_v_sun_macro.npy,262272,True
v0.4_results/21_three_axis_p3_local_refinement/postprocess/phase63/roll+045/yaw1575_pitchp0100_roll+045_v_sun_macro.png,755,True
v0.4_results/21_three_axis_p3_local_refinement/postprocess/phase63/roll+045/yaw1575_pitchp0125_roll+045_brdf.png,1488,True
v0.4_results/21_three_axis_p3_local_refinement/postprocess/phase63/roll+045/yaw1575_pitchp0125_roll+045_ocs.json,550,True
v0.4_results/21_three_axis_p3_local_refinement/postprocess/phase63/roll+045/yaw1575_pitchp0125_roll+045_v_sun_macro.npy,262272,True
v0.4_results/21_three_axis_p3_local_refinement/postprocess/phase63/roll+045/yaw1575_pitchp0125_roll+045_v_sun_macro.png,740,True
v0.4_results/21_three_axis_p3_local_refinement/postprocess/phase63/roll+045/yaw1575_pitchp0150_roll+045_brdf.png,1490,True
v0.4_results/21_three_axis_p3_local_refinement/postprocess/phase63/roll+045/yaw1575_pitchp0150_roll+045_ocs.json,553,True
v0.4_results/21_three_axis_p3_local_refinement/postprocess/phase63/roll+045/yaw1575_pitchp0150_roll+045_v_sun_macro.npy,262272,True
v0.4_results/21_three_axis_p3_local_refinement/postprocess/phase63/roll+045/yaw1575_pitchp0150_roll+045_v_sun_macro.png,711,True
v0.4_results/21_three_axis_p3_local_refinement/postprocess/phase63/roll+045/yaw1575_pitchp0175_roll+045_brdf.png,1538,True
v0.4_results/21_three_axis_p3_local_refinement/postprocess/phase63/roll+045/yaw1575_pitchp0175_roll+045_ocs.json,553,True
v0.4_results/21_three_axis_p3_local_refinement/postprocess/phase63/roll+045/yaw1575_pitchp0175_roll+045_v_sun_macro.npy,262272,True
v0.4_results/21_three_axis_p3_local_refinement/postprocess/phase63/roll+045/yaw1575_pitchp0175_roll+045_v_sun_macro.png,706,True
v0.4_results/21_three_axis_p3_local_refinement/postprocess/phase63/roll+045/yaw1575_pitchp0200_roll+045_brdf.png,1469,True
v0.4_results/21_three_axis_p3_local_refinement/postprocess/phase63/roll+045/yaw1575_pitchp0200_roll+045_ocs.json,552,True
v0.4_results/21_three_axis_p3_local_refinement/postprocess/phase63/roll+045/yaw1575_pitchp0200_roll+045_v_sun_macro.npy,262272,True
v0.4_results/21_three_axis_p3_local_refinement/postprocess/phase63/roll+045/yaw1575_pitchp0200_roll+045_v_sun_macro.png,687,True
v0.4_results/21_three_axis_p3_local_refinement/postprocess/phase63/roll+045/yaw1575_pitchp0225_roll+045_brdf.png,1425,True
v0.4_results/21_three_axis_p3_local_refinement/postprocess/phase63/roll+045/yaw1575_pitchp0225_roll+045_ocs.json,552,True
v0.4_results/21_three_axis_p3_local_refinement/postprocess/phase63/roll+045/yaw1575_pitchp0225_roll+045_v_sun_macro.npy,262272,True
v0.4_results/21_three_axis_p3_local_refinement/postprocess/phase63/roll+045/yaw1575_pitchp0225_roll+045_v_sun_macro.png,700,True
v0.4_results/21_three_axis_p3_local_refinement/postprocess/phase63/roll+045/yaw1575_pitchp0250_roll+045_brdf.png,1454,True
v0.4_results/21_three_axis_p3_local_refinement/postprocess/phase63/roll+045/yaw1575_pitchp0250_roll+045_ocs.json,552,True
v0.4_results/21_three_axis_p3_local_refinement/postprocess/phase63/roll+045/yaw1575_pitchp0250_roll+045_v_sun_macro.npy,262272,True
v0.4_results/21_three_axis_p3_local_refinement/postprocess/phase63/roll+045/yaw1575_pitchp0250_roll+045_v_sun_macro.png,721,True
v0.4_results/21_three_axis_p3_local_refinement/postprocess/phase63/roll+045/yaw1600_pitchp0100_roll+045_brdf.png,1563,True
v0.4_results/21_three_axis_p3_local_refinement/postprocess/phase63/roll+045/yaw1600_pitchp0100_roll+045_ocs.json,552,True
v0.4_results/21_three_axis_p3_local_refinement/postprocess/phase63/roll+045/yaw1600_pitchp0100_roll+045_v_sun_macro.npy,262272,True
v0.4_results/21_three_axis_p3_local_refinement/postprocess/phase63/roll+045/yaw1600_pitchp0100_roll+045_v_sun_macro.png,730,True
v0.4_results/21_three_axis_p3_local_refinement/postprocess/phase63/roll+045/yaw1600_pitchp0125_roll+045_brdf.png,1474,True
v0.4_results/21_three_axis_p3_local_refinement/postprocess/phase63/roll+045/yaw1600_pitchp0125_roll+045_ocs.json,553,True
v0.4_results/21_three_axis_p3_local_refinement/postprocess/phase63/roll+045/yaw1600_pitchp0125_roll+045_v_sun_macro.npy,262272,True
v0.4_results/21_three_axis_p3_local_refinement/postprocess/phase63/roll+045/yaw1600_pitchp0125_roll+045_v_sun_macro.png,722,True
v0.4_results/21_three_axis_p3_local_refinement/postprocess/phase63/roll+045/yaw1600_pitchp0150_roll+045_brdf.png,1462,True
v0.4_results/21_three_axis_p3_local_refinement/postprocess/phase63/roll+045/yaw1600_pitchp0150_roll+045_ocs.json,550,True
v0.4_results/21_three_axis_p3_local_refinement/postprocess/phase63/roll+045/yaw1600_pitchp0150_roll+045_v_sun_macro.npy,262272,True
v0.4_results/21_three_axis_p3_local_refinement/postprocess/phase63/roll+045/yaw1600_pitchp0150_roll+045_v_sun_macro.png,700,True
v0.4_results/21_three_axis_p3_local_refinement/postprocess/phase63/roll+045/yaw1600_pitchp0175_roll+045_brdf.png,1441,True
v0.4_results/21_three_axis_p3_local_refinement/postprocess/phase63/roll+045/yaw1600_pitchp0175_roll+045_ocs.json,552,True
v0.4_results/21_three_axis_p3_local_refinement/postprocess/phase63/roll+045/yaw1600_pitchp0175_roll+045_v_sun_macro.npy,262272,True
v0.4_results/21_three_axis_p3_local_refinement/postprocess/phase63/roll+045/yaw1600_pitchp0175_roll+045_v_sun_macro.png,692,True
v0.4_results/21_three_axis_p3_local_refinement/postprocess/phase63/roll+045/yaw1600_pitchp0200_roll+045_brdf.png,1483,True
v0.4_results/21_three_axis_p3_local_refinement/postprocess/phase63/roll+045/yaw1600_pitchp0200_roll+045_ocs.json,552,True
v0.4_results/21_three_axis_p3_local_refinement/postprocess/phase63/roll+045/yaw1600_pitchp0200_roll+045_v_sun_macro.npy,262272,True
v0.4_results/21_three_axis_p3_local_refinement/postprocess/phase63/roll+045/yaw1600_pitchp0200_roll+045_v_sun_macro.png,695,True
v0.4_results/21_three_axis_p3_local_refinement/postprocess/phase63/roll+045/yaw1600_pitchp0225_roll+045_brdf.png,1447,True
v0.4_results/21_three_axis_p3_local_refinement/postprocess/phase63/roll+045/yaw1600_pitchp0225_roll+045_ocs.json,554,True
v0.4_results/21_three_axis_p3_local_refinement/postprocess/phase63/roll+045/yaw1600_pitchp0225_roll+045_v_sun_macro.npy,262272,True
v0.4_results/21_three_axis_p3_local_refinement/postprocess/phase63/roll+045/yaw1600_pitchp0225_roll+045_v_sun_macro.png,668,True
v0.4_results/21_three_axis_p3_local_refinement/postprocess/phase63/roll+045/yaw1600_pitchp0250_roll+045_brdf.png,1401,True
v0.4_results/21_three_axis_p3_local_refinement/postprocess/phase63/roll+045/yaw1600_pitchp0250_roll+045_ocs.json,553,True
v0.4_results/21_three_axis_p3_local_refinement/postprocess/phase63/roll+045/yaw1600_pitchp0250_roll+045_v_sun_macro.npy,262272,True
v0.4_results/21_three_axis_p3_local_refinement/postprocess/phase63/roll+045/yaw1600_pitchp0250_roll+045_v_sun_macro.png,712,True
v0.4_results/21_three_axis_p3_local_refinement/postprocess/phase63/roll+045/yaw2050_pitchm0050_roll+045_brdf.png,1618,True
v0.4_results/21_three_axis_p3_local_refinement/postprocess/phase63/roll+045/yaw2050_pitchm0050_roll+045_ocs.json,556,True
v0.4_results/21_three_axis_p3_local_refinement/postprocess/phase63/roll+045/yaw2050_pitchm0050_roll+045_v_sun_macro.npy,262272,True
v0.4_results/21_three_axis_p3_local_refinement/postprocess/phase63/roll+045/yaw2050_pitchm0050_roll+045_v_sun_macro.png,718,True
v0.4_results/21_three_axis_p3_local_refinement/postprocess/phase63/roll+045/yaw2050_pitchm0100_roll+045_brdf.png,1482,True
v0.4_results/21_three_axis_p3_local_refinement/postprocess/phase63/roll+045/yaw2050_pitchm0100_roll+045_ocs.json,554,True
v0.4_results/21_three_axis_p3_local_refinement/postprocess/phase63/roll+045/yaw2050_pitchm0100_roll+045_v_sun_macro.npy,262272,True
v0.4_results/21_three_axis_p3_local_refinement/postprocess/phase63/roll+045/yaw2050_pitchm0100_roll+045_v_sun_macro.png,793,True
v0.4_results/21_three_axis_p3_local_refinement/postprocess/phase63/roll+045/yaw2100_pitchm0050_roll+045_brdf.png,1553,True
v0.4_results/21_three_axis_p3_local_refinement/postprocess/phase63/roll+045/yaw2100_pitchm0050_roll+045_ocs.json,556,True
v0.4_results/21_three_axis_p3_local_refinement/postprocess/phase63/roll+045/yaw2100_pitchm0050_roll+045_v_sun_macro.npy,262272,True
v0.4_results/21_three_axis_p3_local_refinement/postprocess/phase63/roll+045/yaw2100_pitchm0050_roll+045_v_sun_macro.png,720,True
v0.4_results/21_three_axis_p3_local_refinement/postprocess/phase63/roll+045/yaw2100_pitchm0100_roll+045_brdf.png,1785,True
v0.4_results/21_three_axis_p3_local_refinement/postprocess/phase63/roll+045/yaw2100_pitchm0100_roll+045_ocs.json,558,True
v0.4_results/21_three_axis_p3_local_refinement/postprocess/phase63/roll+045/yaw2100_pitchm0100_roll+045_v_sun_macro.npy,262272,True
v0.4_results/21_three_axis_p3_local_refinement/postprocess/phase63/roll+045/yaw2100_pitchm0100_roll+045_v_sun_macro.png,795,True
v0.4_results/21_three_axis_p3_local_refinement/postprocess/phase63/roll+045/yaw2400_pitchp0300_roll+045_brdf.png,2169,True
v0.4_results/21_three_axis_p3_local_refinement/postprocess/phase63/roll+045/yaw2400_pitchp0300_roll+045_ocs.json,554,True
v0.4_results/21_three_axis_p3_local_refinement/postprocess/phase63/roll+045/yaw2400_pitchp0300_roll+045_v_sun_macro.npy,262272,True
v0.4_results/21_three_axis_p3_local_refinement/postprocess/phase63/roll+045/yaw2400_pitchp0300_roll+045_v_sun_macro.png,852,True
v0.4_results/21_three_axis_p3_local_refinement/postprocess/phase63/roll+045/yaw2400_pitchp0325_roll+045_brdf.png,2165,True
v0.4_results/21_three_axis_p3_local_refinement/postprocess/phase63/roll+045/yaw2400_pitchp0325_roll+045_ocs.json,553,True
v0.4_results/21_three_axis_p3_local_refinement/postprocess/phase63/roll+045/yaw2400_pitchp0325_roll+045_v_sun_macro.npy,262272,True
v0.4_results/21_three_axis_p3_local_refinement/postprocess/phase63/roll+045/yaw2400_pitchp0325_roll+045_v_sun_macro.png,842,True
v0.4_results/21_three_axis_p3_local_refinement/postprocess/phase63/roll+045/yaw2400_pitchp0350_roll+045_brdf.png,2140,True
v0.4_results/21_three_axis_p3_local_refinement/postprocess/phase63/roll+045/yaw2400_pitchp0350_roll+045_ocs.json,556,True
v0.4_results/21_three_axis_p3_local_refinement/postprocess/phase63/roll+045/yaw2400_pitchp0350_roll+045_v_sun_macro.npy,262272,True
v0.4_results/21_three_axis_p3_local_refinement/postprocess/phase63/roll+045/yaw2400_pitchp0350_roll+045_v_sun_macro.png,879,True
v0.4_results/21_three_axis_p3_local_refinement/postprocess/phase63/roll+045/yaw2400_pitchp0375_roll+045_brdf.png,2179,True
v0.4_results/21_three_axis_p3_local_refinement/postprocess/phase63/roll+045/yaw2400_pitchp0375_roll+045_ocs.json,555,True
v0.4_results/21_three_axis_p3_local_refinement/postprocess/phase63/roll+045/yaw2400_pitchp0375_roll+045_v_sun_macro.npy,262272,True
v0.4_results/21_three_axis_p3_local_refinement/postprocess/phase63/roll+045/yaw2400_pitchp0375_roll+045_v_sun_macro.png,878,True
v0.4_results/21_three_axis_p3_local_refinement/postprocess/phase63/roll+045/yaw2400_pitchp0400_roll+045_brdf.png,2149,True
v0.4_results/21_three_axis_p3_local_refinement/postprocess/phase63/roll+045/yaw2400_pitchp0400_roll+045_ocs.json,552,True
v0.4_results/21_three_axis_p3_local_refinement/postprocess/phase63/roll+045/yaw2400_pitchp0400_roll+045_v_sun_macro.npy,262272,True
v0.4_results/21_three_axis_p3_local_refinement/postprocess/phase63/roll+045/yaw2400_pitchp0400_roll+045_v_sun_macro.png,840,True
v0.4_results/21_three_axis_p3_local_refinement/postprocess/phase63/roll+045/yaw2425_pitchp0300_roll+045_brdf.png,2235,True
v0.4_results/21_three_axis_p3_local_refinement/postprocess/phase63/roll+045/yaw2425_pitchp0300_roll+045_ocs.json,555,True
v0.4_results/21_three_axis_p3_local_refinement/postprocess/phase63/roll+045/yaw2425_pitchp0300_roll+045_v_sun_macro.npy,262272,True
v0.4_results/21_three_axis_p3_local_refinement/postprocess/phase63/roll+045/yaw2425_pitchp0300_roll+045_v_sun_macro.png,838,True
v0.4_results/21_three_axis_p3_local_refinement/postprocess/phase63/roll+045/yaw2425_pitchp0325_roll+045_brdf.png,2228,True
v0.4_results/21_three_axis_p3_local_refinement/postprocess/phase63/roll+045/yaw2425_pitchp0325_roll+045_ocs.json,553,True
v0.4_results/21_three_axis_p3_local_refinement/postprocess/phase63/roll+045/yaw2425_pitchp0325_roll+045_v_sun_macro.npy,262272,True
v0.4_results/21_three_axis_p3_local_refinement/postprocess/phase63/roll+045/yaw2425_pitchp0325_roll+045_v_sun_macro.png,832,True
v0.4_results/21_three_axis_p3_local_refinement/postprocess/phase63/roll+045/yaw2425_pitchp0350_roll+045_brdf.png,2192,True
v0.4_results/21_three_axis_p3_local_refinement/postprocess/phase63/roll+045/yaw2425_pitchp0350_roll+045_ocs.json,552,True
v0.4_results/21_three_axis_p3_local_refinement/postprocess/phase63/roll+045/yaw2425_pitchp0350_roll+045_v_sun_macro.npy,262272,True
v0.4_results/21_three_axis_p3_local_refinement/postprocess/phase63/roll+045/yaw2425_pitchp0350_roll+045_v_sun_macro.png,849,True
v0.4_results/21_three_axis_p3_local_refinement/postprocess/phase63/roll+045/yaw2425_pitchp0375_roll+045_brdf.png,2130,True
v0.4_results/21_three_axis_p3_local_refinement/postprocess/phase63/roll+045/yaw2425_pitchp0375_roll+045_ocs.json,553,True
v0.4_results/21_three_axis_p3_local_refinement/postprocess/phase63/roll+045/yaw2425_pitchp0375_roll+045_v_sun_macro.npy,262272,True
v0.4_results/21_three_axis_p3_local_refinement/postprocess/phase63/roll+045/yaw2425_pitchp0375_roll+045_v_sun_macro.png,841,True
v0.4_results/21_three_axis_p3_local_refinement/postprocess/phase63/roll+045/yaw2425_pitchp0400_roll+045_brdf.png,2162,True
v0.4_results/21_three_axis_p3_local_refinement/postprocess/phase63/roll+045/yaw2425_pitchp0400_roll+045_ocs.json,554,True
v0.4_results/21_three_axis_p3_local_refinement/postprocess/phase63/roll+045/yaw2425_pitchp0400_roll+045_v_sun_macro.npy,262272,True
v0.4_results/21_three_axis_p3_local_refinement/postprocess/phase63/roll+045/yaw2425_pitchp0400_roll+045_v_sun_macro.png,883,True
v0.4_results/21_three_axis_p3_local_refinement/postprocess/phase63/roll+045/yaw2450_pitchp0300_roll+045_brdf.png,2262,True
v0.4_results/21_three_axis_p3_local_refinement/postprocess/phase63/roll+045/yaw2450_pitchp0300_roll+045_ocs.json,553,True
v0.4_results/21_three_axis_p3_local_refinement/postprocess/phase63/roll+045/yaw2450_pitchp0300_roll+045_v_sun_macro.npy,262272,True
v0.4_results/21_three_axis_p3_local_refinement/postprocess/phase63/roll+045/yaw2450_pitchp0300_roll+045_v_sun_macro.png,818,True
v0.4_results/21_three_axis_p3_local_refinement/postprocess/phase63/roll+045/yaw2450_pitchp0325_roll+045_brdf.png,2234,True
v0.4_results/21_three_axis_p3_local_refinement/postprocess/phase63/roll+045/yaw2450_pitchp0325_roll+045_ocs.json,554,True
v0.4_results/21_three_axis_p3_local_refinement/postprocess/phase63/roll+045/yaw2450_pitchp0325_roll+045_v_sun_macro.npy,262272,True
v0.4_results/21_three_axis_p3_local_refinement/postprocess/phase63/roll+045/yaw2450_pitchp0325_roll+045_v_sun_macro.png,870,True
v0.4_results/21_three_axis_p3_local_refinement/postprocess/phase63/roll+045/yaw2450_pitchp0350_roll+045_brdf.png,2155,True
v0.4_results/21_three_axis_p3_local_refinement/postprocess/phase63/roll+045/yaw2450_pitchp0350_roll+045_ocs.json,554,True
v0.4_results/21_three_axis_p3_local_refinement/postprocess/phase63/roll+045/yaw2450_pitchp0350_roll+045_v_sun_macro.npy,262272,True
v0.4_results/21_three_axis_p3_local_refinement/postprocess/phase63/roll+045/yaw2450_pitchp0350_roll+045_v_sun_macro.png,872,True
v0.4_results/21_three_axis_p3_local_refinement/postprocess/phase63/roll+045/yaw2450_pitchp0375_roll+045_brdf.png,2175,True
v0.4_results/21_three_axis_p3_local_refinement/postprocess/phase63/roll+045/yaw2450_pitchp0375_roll+045_ocs.json,555,True
v0.4_results/21_three_axis_p3_local_refinement/postprocess/phase63/roll+045/yaw2450_pitchp0375_roll+045_v_sun_macro.npy,262272,True
v0.4_results/21_three_axis_p3_local_refinement/postprocess/phase63/roll+045/yaw2450_pitchp0375_roll+045_v_sun_macro.png,888,True
v0.4_results/21_three_axis_p3_local_refinement/postprocess/phase63/roll+045/yaw2450_pitchp0400_roll+045_brdf.png,2191,True
v0.4_results/21_three_axis_p3_local_refinement/postprocess/phase63/roll+045/yaw2450_pitchp0400_roll+045_ocs.json,555,True
v0.4_results/21_three_axis_p3_local_refinement/postprocess/phase63/roll+045/yaw2450_pitchp0400_roll+045_v_sun_macro.npy,262272,True
v0.4_results/21_three_axis_p3_local_refinement/postprocess/phase63/roll+045/yaw2450_pitchp0400_roll+045_v_sun_macro.png,877,True
v0.4_results/21_three_axis_p3_local_refinement/postprocess/phase63/roll+045/yaw2475_pitchp0300_roll+045_brdf.png,2247,True
v0.4_results/21_three_axis_p3_local_refinement/postprocess/phase63/roll+045/yaw2475_pitchp0300_roll+045_ocs.json,554,True
v0.4_results/21_three_axis_p3_local_refinement/postprocess/phase63/roll+045/yaw2475_pitchp0300_roll+045_v_sun_macro.npy,262272,True
v0.4_results/21_three_axis_p3_local_refinement/postprocess/phase63/roll+045/yaw2475_pitchp0300_roll+045_v_sun_macro.png,855,True
v0.4_results/21_three_axis_p3_local_refinement/postprocess/phase63/roll+045/yaw2475_pitchp0325_roll+045_brdf.png,2287,True
v0.4_results/21_three_axis_p3_local_refinement/postprocess/phase63/roll+045/yaw2475_pitchp0325_roll+045_ocs.json,553,True
v0.4_results/21_three_axis_p3_local_refinement/postprocess/phase63/roll+045/yaw2475_pitchp0325_roll+045_v_sun_macro.npy,262272,True
v0.4_results/21_three_axis_p3_local_refinement/postprocess/phase63/roll+045/yaw2475_pitchp0325_roll+045_v_sun_macro.png,871,True
v0.4_results/21_three_axis_p3_local_refinement/postprocess/phase63/roll+045/yaw2475_pitchp0350_roll+045_brdf.png,2233,True
v0.4_results/21_three_axis_p3_local_refinement/postprocess/phase63/roll+045/yaw2475_pitchp0350_roll+045_ocs.json,554,True
v0.4_results/21_three_axis_p3_local_refinement/postprocess/phase63/roll+045/yaw2475_pitchp0350_roll+045_v_sun_macro.npy,262272,True
v0.4_results/21_three_axis_p3_local_refinement/postprocess/phase63/roll+045/yaw2475_pitchp0350_roll+045_v_sun_macro.png,883,True
v0.4_results/21_three_axis_p3_local_refinement/postprocess/phase63/roll+045/yaw2475_pitchp0375_roll+045_brdf.png,2273,True
v0.4_results/21_three_axis_p3_local_refinement/postprocess/phase63/roll+045/yaw2475_pitchp0375_roll+045_ocs.json,553,True
v0.4_results/21_three_axis_p3_local_refinement/postprocess/phase63/roll+045/yaw2475_pitchp0375_roll+045_v_sun_macro.npy,262272,True
v0.4_results/21_three_axis_p3_local_refinement/postprocess/phase63/roll+045/yaw2475_pitchp0375_roll+045_v_sun_macro.png,878,True
v0.4_results/21_three_axis_p3_local_refinement/postprocess/phase63/roll+045/yaw2475_pitchp0400_roll+045_brdf.png,2289,True
v0.4_results/21_three_axis_p3_local_refinement/postprocess/phase63/roll+045/yaw2475_pitchp0400_roll+045_ocs.json,556,True
v0.4_results/21_three_axis_p3_local_refinement/postprocess/phase63/roll+045/yaw2475_pitchp0400_roll+045_v_sun_macro.npy,262272,True
v0.4_results/21_three_axis_p3_local_refinement/postprocess/phase63/roll+045/yaw2475_pitchp0400_roll+045_v_sun_macro.png,891,True
v0.4_results/21_three_axis_p3_local_refinement/postprocess/phase63/roll+045/yaw2500_pitchp0300_roll+045_brdf.png,2246,True
v0.4_results/21_three_axis_p3_local_refinement/postprocess/phase63/roll+045/yaw2500_pitchp0300_roll+045_ocs.json,554,True
v0.4_results/21_three_axis_p3_local_refinement/postprocess/phase63/roll+045/yaw2500_pitchp0300_roll+045_v_sun_macro.npy,262272,True
v0.4_results/21_three_axis_p3_local_refinement/postprocess/phase63/roll+045/yaw2500_pitchp0300_roll+045_v_sun_macro.png,854,True
v0.4_results/21_three_axis_p3_local_refinement/postprocess/phase63/roll+045/yaw2500_pitchp0325_roll+045_brdf.png,2318,True
v0.4_results/21_three_axis_p3_local_refinement/postprocess/phase63/roll+045/yaw2500_pitchp0325_roll+045_ocs.json,555,True
v0.4_results/21_three_axis_p3_local_refinement/postprocess/phase63/roll+045/yaw2500_pitchp0325_roll+045_v_sun_macro.npy,262272,True
v0.4_results/21_three_axis_p3_local_refinement/postprocess/phase63/roll+045/yaw2500_pitchp0325_roll+045_v_sun_macro.png,880,True
v0.4_results/21_three_axis_p3_local_refinement/postprocess/phase63/roll+045/yaw2500_pitchp0350_roll+045_brdf.png,2266,True
v0.4_results/21_three_axis_p3_local_refinement/postprocess/phase63/roll+045/yaw2500_pitchp0350_roll+045_ocs.json,554,True
v0.4_results/21_three_axis_p3_local_refinement/postprocess/phase63/roll+045/yaw2500_pitchp0350_roll+045_v_sun_macro.npy,262272,True
v0.4_results/21_three_axis_p3_local_refinement/postprocess/phase63/roll+045/yaw2500_pitchp0350_roll+045_v_sun_macro.png,856,True
v0.4_results/21_three_axis_p3_local_refinement/postprocess/phase63/roll+045/yaw2500_pitchp0375_roll+045_brdf.png,2331,True
v0.4_results/21_three_axis_p3_local_refinement/postprocess/phase63/roll+045/yaw2500_pitchp0375_roll+045_ocs.json,553,True
v0.4_results/21_three_axis_p3_local_refinement/postprocess/phase63/roll+045/yaw2500_pitchp0375_roll+045_v_sun_macro.npy,262272,True
v0.4_results/21_three_axis_p3_local_refinement/postprocess/phase63/roll+045/yaw2500_pitchp0375_roll+045_v_sun_macro.png,876,True
v0.4_results/21_three_axis_p3_local_refinement/postprocess/phase63/roll+045/yaw2500_pitchp0400_roll+045_brdf.png,2293,True
v0.4_results/21_three_axis_p3_local_refinement/postprocess/phase63/roll+045/yaw2500_pitchp0400_roll+045_ocs.json,554,True
v0.4_results/21_three_axis_p3_local_refinement/postprocess/phase63/roll+045/yaw2500_pitchp0400_roll+045_v_sun_macro.npy,262272,True
v0.4_results/21_three_axis_p3_local_refinement/postprocess/phase63/roll+045/yaw2500_pitchp0400_roll+045_v_sun_macro.png,871,True
v0.4_results/21_three_axis_p3_local_refinement/postprocess/phase63/roll+045/yaw2800_pitchm0800_roll+045_brdf.png,1526,True
v0.4_results/21_three_axis_p3_local_refinement/postprocess/phase63/roll+045/yaw2800_pitchm0800_roll+045_ocs.json,555,True
v0.4_results/21_three_axis_p3_local_refinement/postprocess/phase63/roll+045/yaw2800_pitchm0800_roll+045_v_sun_macro.npy,262272,True
v0.4_results/21_three_axis_p3_local_refinement/postprocess/phase63/roll+045/yaw2800_pitchm0800_roll+045_v_sun_macro.png,782,True
v0.4_results/21_three_axis_p3_local_refinement/postprocess/phase63/roll+045/yaw2800_pitchm0850_roll+045_brdf.png,1446,True
v0.4_results/21_three_axis_p3_local_refinement/postprocess/phase63/roll+045/yaw2800_pitchm0850_roll+045_ocs.json,554,True
v0.4_results/21_three_axis_p3_local_refinement/postprocess/phase63/roll+045/yaw2800_pitchm0850_roll+045_v_sun_macro.npy,262272,True
v0.4_results/21_three_axis_p3_local_refinement/postprocess/phase63/roll+045/yaw2800_pitchm0850_roll+045_v_sun_macro.png,729,True
v0.4_results/21_three_axis_p3_local_refinement/postprocess/phase63/roll+045/yaw2850_pitchm0800_roll+045_brdf.png,1537,True
v0.4_results/21_three_axis_p3_local_refinement/postprocess/phase63/roll+045/yaw2850_pitchm0800_roll+045_ocs.json,551,True
v0.4_results/21_three_axis_p3_local_refinement/postprocess/phase63/roll+045/yaw2850_pitchm0800_roll+045_v_sun_macro.npy,262272,True
v0.4_results/21_three_axis_p3_local_refinement/postprocess/phase63/roll+045/yaw2850_pitchm0800_roll+045_v_sun_macro.png,790,True
v0.4_results/21_three_axis_p3_local_refinement/postprocess/phase63/roll+045/yaw2850_pitchm0850_roll+045_brdf.png,1407,True
v0.4_results/21_three_axis_p3_local_refinement/postprocess/phase63/roll+045/yaw2850_pitchm0850_roll+045_ocs.json,552,True
v0.4_results/21_three_axis_p3_local_refinement/postprocess/phase63/roll+045/yaw2850_pitchm0850_roll+045_v_sun_macro.npy,262272,True
v0.4_results/21_three_axis_p3_local_refinement/postprocess/phase63/roll+045/yaw2850_pitchm0850_roll+045_v_sun_macro.png,731,True
v0.4_results/21_three_axis_p3_local_refinement/postprocess/phase63/roll+060/p3_postprocess_summary.json,131710,True
v0.4_results/21_three_axis_p3_local_refinement/postprocess/phase63/roll+060/yaw0550_pitchp0600_roll+060_brdf.png,1592,True
v0.4_results/21_three_axis_p3_local_refinement/postprocess/phase63/roll+060/yaw0550_pitchp0600_roll+060_ocs.json,552,True
v0.4_results/21_three_axis_p3_local_refinement/postprocess/phase63/roll+060/yaw0550_pitchp0600_roll+060_v_sun_macro.npy,262272,True
v0.4_results/21_three_axis_p3_local_refinement/postprocess/phase63/roll+060/yaw0550_pitchp0600_roll+060_v_sun_macro.png,763,True
v0.4_results/21_three_axis_p3_local_refinement/postprocess/phase63/roll+060/yaw0550_pitchp0625_roll+060_brdf.png,1514,True
v0.4_results/21_three_axis_p3_local_refinement/postprocess/phase63/roll+060/yaw0550_pitchp0625_roll+060_ocs.json,552,True
v0.4_results/21_three_axis_p3_local_refinement/postprocess/phase63/roll+060/yaw0550_pitchp0625_roll+060_v_sun_macro.npy,262272,True
v0.4_results/21_three_axis_p3_local_refinement/postprocess/phase63/roll+060/yaw0550_pitchp0625_roll+060_v_sun_macro.png,746,True
v0.4_results/21_three_axis_p3_local_refinement/postprocess/phase63/roll+060/yaw0550_pitchp0650_roll+060_brdf.png,1690,True
v0.4_results/21_three_axis_p3_local_refinement/postprocess/phase63/roll+060/yaw0550_pitchp0650_roll+060_ocs.json,552,True
v0.4_results/21_three_axis_p3_local_refinement/postprocess/phase63/roll+060/yaw0550_pitchp0650_roll+060_v_sun_macro.npy,262272,True
v0.4_results/21_three_axis_p3_local_refinement/postprocess/phase63/roll+060/yaw0550_pitchp0650_roll+060_v_sun_macro.png,791,True
v0.4_results/21_three_axis_p3_local_refinement/postprocess/phase63/roll+060/yaw0550_pitchp0675_roll+060_brdf.png,1702,True
v0.4_results/21_three_axis_p3_local_refinement/postprocess/phase63/roll+060/yaw0550_pitchp0675_roll+060_ocs.json,551,True
v0.4_results/21_three_axis_p3_local_refinement/postprocess/phase63/roll+060/yaw0550_pitchp0675_roll+060_v_sun_macro.npy,262272,True
v0.4_results/21_three_axis_p3_local_refinement/postprocess/phase63/roll+060/yaw0550_pitchp0675_roll+060_v_sun_macro.png,762,True
v0.4_results/21_three_axis_p3_local_refinement/postprocess/phase63/roll+060/yaw0550_pitchp0700_roll+060_brdf.png,1694,True
v0.4_results/21_three_axis_p3_local_refinement/postprocess/phase63/roll+060/yaw0550_pitchp0700_roll+060_ocs.json,550,True
v0.4_results/21_three_axis_p3_local_refinement/postprocess/phase63/roll+060/yaw0550_pitchp0700_roll+060_v_sun_macro.npy,262272,True
v0.4_results/21_three_axis_p3_local_refinement/postprocess/phase63/roll+060/yaw0550_pitchp0700_roll+060_v_sun_macro.png,757,True
v0.4_results/21_three_axis_p3_local_refinement/postprocess/phase63/roll+060/yaw0575_pitchp0600_roll+060_brdf.png,1591,True
v0.4_results/21_three_axis_p3_local_refinement/postprocess/phase63/roll+060/yaw0575_pitchp0600_roll+060_ocs.json,547,True
v0.4_results/21_three_axis_p3_local_refinement/postprocess/phase63/roll+060/yaw0575_pitchp0600_roll+060_v_sun_macro.npy,262272,True
v0.4_results/21_three_axis_p3_local_refinement/postprocess/phase63/roll+060/yaw0575_pitchp0600_roll+060_v_sun_macro.png,768,True
v0.4_results/21_three_axis_p3_local_refinement/postprocess/phase63/roll+060/yaw0575_pitchp0625_roll+060_brdf.png,1671,True
v0.4_results/21_three_axis_p3_local_refinement/postprocess/phase63/roll+060/yaw0575_pitchp0625_roll+060_ocs.json,533,True
v0.4_results/21_three_axis_p3_local_refinement/postprocess/phase63/roll+060/yaw0575_pitchp0625_roll+060_v_sun_macro.npy,262272,True
v0.4_results/21_three_axis_p3_local_refinement/postprocess/phase63/roll+060/yaw0575_pitchp0625_roll+060_v_sun_macro.png,735,True
v0.4_results/21_three_axis_p3_local_refinement/postprocess/phase63/roll+060/yaw0575_pitchp0650_roll+060_brdf.png,1737,True
v0.4_results/21_three_axis_p3_local_refinement/postprocess/phase63/roll+060/yaw0575_pitchp0650_roll+060_ocs.json,532,True
v0.4_results/21_three_axis_p3_local_refinement/postprocess/phase63/roll+060/yaw0575_pitchp0650_roll+060_v_sun_macro.npy,262272,True
v0.4_results/21_three_axis_p3_local_refinement/postprocess/phase63/roll+060/yaw0575_pitchp0650_roll+060_v_sun_macro.png,775,True
v0.4_results/21_three_axis_p3_local_refinement/postprocess/phase63/roll+060/yaw0575_pitchp0675_roll+060_brdf.png,1723,True
v0.4_results/21_three_axis_p3_local_refinement/postprocess/phase63/roll+060/yaw0575_pitchp0675_roll+060_ocs.json,552,True
v0.4_results/21_three_axis_p3_local_refinement/postprocess/phase63/roll+060/yaw0575_pitchp0675_roll+060_v_sun_macro.npy,262272,True
v0.4_results/21_three_axis_p3_local_refinement/postprocess/phase63/roll+060/yaw0575_pitchp0675_roll+060_v_sun_macro.png,788,True
v0.4_results/21_three_axis_p3_local_refinement/postprocess/phase63/roll+060/yaw0575_pitchp0700_roll+060_brdf.png,1709,True
v0.4_results/21_three_axis_p3_local_refinement/postprocess/phase63/roll+060/yaw0575_pitchp0700_roll+060_ocs.json,550,True
v0.4_results/21_three_axis_p3_local_refinement/postprocess/phase63/roll+060/yaw0575_pitchp0700_roll+060_v_sun_macro.npy,262272,True
v0.4_results/21_three_axis_p3_local_refinement/postprocess/phase63/roll+060/yaw0575_pitchp0700_roll+060_v_sun_macro.png,757,True
v0.4_results/21_three_axis_p3_local_refinement/postprocess/phase63/roll+060/yaw0600_pitchp0600_roll+060_brdf.png,1781,True
v0.4_results/21_three_axis_p3_local_refinement/postprocess/phase63/roll+060/yaw0600_pitchp0600_roll+060_ocs.json,534,True
v0.4_results/21_three_axis_p3_local_refinement/postprocess/phase63/roll+060/yaw0600_pitchp0600_roll+060_v_sun_macro.npy,262272,True
v0.4_results/21_three_axis_p3_local_refinement/postprocess/phase63/roll+060/yaw0600_pitchp0600_roll+060_v_sun_macro.png,766,True
v0.4_results/21_three_axis_p3_local_refinement/postprocess/phase63/roll+060/yaw0600_pitchp0625_roll+060_brdf.png,1679,True
v0.4_results/21_three_axis_p3_local_refinement/postprocess/phase63/roll+060/yaw0600_pitchp0625_roll+060_ocs.json,530,True
v0.4_results/21_three_axis_p3_local_refinement/postprocess/phase63/roll+060/yaw0600_pitchp0625_roll+060_v_sun_macro.npy,262272,True
v0.4_results/21_three_axis_p3_local_refinement/postprocess/phase63/roll+060/yaw0600_pitchp0625_roll+060_v_sun_macro.png,773,True
v0.4_results/21_three_axis_p3_local_refinement/postprocess/phase63/roll+060/yaw0600_pitchp0650_roll+060_brdf.png,1817,True
v0.4_results/21_three_axis_p3_local_refinement/postprocess/phase63/roll+060/yaw0600_pitchp0650_roll+060_ocs.json,534,True
v0.4_results/21_three_axis_p3_local_refinement/postprocess/phase63/roll+060/yaw0600_pitchp0650_roll+060_v_sun_macro.npy,262272,True
v0.4_results/21_three_axis_p3_local_refinement/postprocess/phase63/roll+060/yaw0600_pitchp0650_roll+060_v_sun_macro.png,763,True
v0.4_results/21_three_axis_p3_local_refinement/postprocess/phase63/roll+060/yaw0600_pitchp0675_roll+060_brdf.png,1820,True
v0.4_results/21_three_axis_p3_local_refinement/postprocess/phase63/roll+060/yaw0600_pitchp0675_roll+060_ocs.json,531,True
v0.4_results/21_three_axis_p3_local_refinement/postprocess/phase63/roll+060/yaw0600_pitchp0675_roll+060_v_sun_macro.npy,262272,True
v0.4_results/21_three_axis_p3_local_refinement/postprocess/phase63/roll+060/yaw0600_pitchp0675_roll+060_v_sun_macro.png,763,True
v0.4_results/21_three_axis_p3_local_refinement/postprocess/phase63/roll+060/yaw0600_pitchp0700_roll+060_brdf.png,1738,True
v0.4_results/21_three_axis_p3_local_refinement/postprocess/phase63/roll+060/yaw0600_pitchp0700_roll+060_ocs.json,532,True
v0.4_results/21_three_axis_p3_local_refinement/postprocess/phase63/roll+060/yaw0600_pitchp0700_roll+060_v_sun_macro.npy,262272,True
v0.4_results/21_three_axis_p3_local_refinement/postprocess/phase63/roll+060/yaw0600_pitchp0700_roll+060_v_sun_macro.png,772,True
v0.4_results/21_three_axis_p3_local_refinement/postprocess/phase63/roll+060/yaw0625_pitchp0600_roll+060_brdf.png,1740,True
v0.4_results/21_three_axis_p3_local_refinement/postprocess/phase63/roll+060/yaw0625_pitchp0600_roll+060_ocs.json,532,True
v0.4_results/21_three_axis_p3_local_refinement/postprocess/phase63/roll+060/yaw0625_pitchp0600_roll+060_v_sun_macro.npy,262272,True
v0.4_results/21_three_axis_p3_local_refinement/postprocess/phase63/roll+060/yaw0625_pitchp0600_roll+060_v_sun_macro.png,760,True
v0.4_results/21_three_axis_p3_local_refinement/postprocess/phase63/roll+060/yaw0625_pitchp0625_roll+060_brdf.png,1758,True
v0.4_results/21_three_axis_p3_local_refinement/postprocess/phase63/roll+060/yaw0625_pitchp0625_roll+060_ocs.json,534,True
v0.4_results/21_three_axis_p3_local_refinement/postprocess/phase63/roll+060/yaw0625_pitchp0625_roll+060_v_sun_macro.npy,262272,True
v0.4_results/21_three_axis_p3_local_refinement/postprocess/phase63/roll+060/yaw0625_pitchp0625_roll+060_v_sun_macro.png,748,True
v0.4_results/21_three_axis_p3_local_refinement/postprocess/phase63/roll+060/yaw0625_pitchp0650_roll+060_brdf.png,1810,True
v0.4_results/21_three_axis_p3_local_refinement/postprocess/phase63/roll+060/yaw0625_pitchp0650_roll+060_ocs.json,533,True
v0.4_results/21_three_axis_p3_local_refinement/postprocess/phase63/roll+060/yaw0625_pitchp0650_roll+060_v_sun_macro.npy,262272,True
v0.4_results/21_three_axis_p3_local_refinement/postprocess/phase63/roll+060/yaw0625_pitchp0650_roll+060_v_sun_macro.png,739,True
v0.4_results/21_three_axis_p3_local_refinement/postprocess/phase63/roll+060/yaw0625_pitchp0675_roll+060_brdf.png,1798,True
v0.4_results/21_three_axis_p3_local_refinement/postprocess/phase63/roll+060/yaw0625_pitchp0675_roll+060_ocs.json,552,True
v0.4_results/21_three_axis_p3_local_refinement/postprocess/phase63/roll+060/yaw0625_pitchp0675_roll+060_v_sun_macro.npy,262272,True
v0.4_results/21_three_axis_p3_local_refinement/postprocess/phase63/roll+060/yaw0625_pitchp0675_roll+060_v_sun_macro.png,751,True
v0.4_results/21_three_axis_p3_local_refinement/postprocess/phase63/roll+060/yaw0625_pitchp0700_roll+060_brdf.png,1783,True
v0.4_results/21_three_axis_p3_local_refinement/postprocess/phase63/roll+060/yaw0625_pitchp0700_roll+060_ocs.json,534,True
v0.4_results/21_three_axis_p3_local_refinement/postprocess/phase63/roll+060/yaw0625_pitchp0700_roll+060_v_sun_macro.npy,262272,True
v0.4_results/21_three_axis_p3_local_refinement/postprocess/phase63/roll+060/yaw0625_pitchp0700_roll+060_v_sun_macro.png,756,True
v0.4_results/21_three_axis_p3_local_refinement/postprocess/phase63/roll+060/yaw0650_pitchp0600_roll+060_brdf.png,1937,True
v0.4_results/21_three_axis_p3_local_refinement/postprocess/phase63/roll+060/yaw0650_pitchp0600_roll+060_ocs.json,531,True
v0.4_results/21_three_axis_p3_local_refinement/postprocess/phase63/roll+060/yaw0650_pitchp0600_roll+060_v_sun_macro.npy,262272,True
v0.4_results/21_three_axis_p3_local_refinement/postprocess/phase63/roll+060/yaw0650_pitchp0600_roll+060_v_sun_macro.png,725,True
v0.4_results/21_three_axis_p3_local_refinement/postprocess/phase63/roll+060/yaw0650_pitchp0625_roll+060_brdf.png,1939,True
v0.4_results/21_three_axis_p3_local_refinement/postprocess/phase63/roll+060/yaw0650_pitchp0625_roll+060_ocs.json,533,True
v0.4_results/21_three_axis_p3_local_refinement/postprocess/phase63/roll+060/yaw0650_pitchp0625_roll+060_v_sun_macro.npy,262272,True
v0.4_results/21_three_axis_p3_local_refinement/postprocess/phase63/roll+060/yaw0650_pitchp0625_roll+060_v_sun_macro.png,738,True
v0.4_results/21_three_axis_p3_local_refinement/postprocess/phase63/roll+060/yaw0650_pitchp0650_roll+060_brdf.png,1940,True
v0.4_results/21_three_axis_p3_local_refinement/postprocess/phase63/roll+060/yaw0650_pitchp0650_roll+060_ocs.json,534,True
v0.4_results/21_three_axis_p3_local_refinement/postprocess/phase63/roll+060/yaw0650_pitchp0650_roll+060_v_sun_macro.npy,262272,True
v0.4_results/21_three_axis_p3_local_refinement/postprocess/phase63/roll+060/yaw0650_pitchp0650_roll+060_v_sun_macro.png,731,True
v0.4_results/21_three_axis_p3_local_refinement/postprocess/phase63/roll+060/yaw0650_pitchp0675_roll+060_brdf.png,1987,True
v0.4_results/21_three_axis_p3_local_refinement/postprocess/phase63/roll+060/yaw0650_pitchp0675_roll+060_ocs.json,534,True
v0.4_results/21_three_axis_p3_local_refinement/postprocess/phase63/roll+060/yaw0650_pitchp0675_roll+060_v_sun_macro.npy,262272,True
v0.4_results/21_three_axis_p3_local_refinement/postprocess/phase63/roll+060/yaw0650_pitchp0675_roll+060_v_sun_macro.png,755,True
v0.4_results/21_three_axis_p3_local_refinement/postprocess/phase63/roll+060/yaw0650_pitchp0700_roll+060_brdf.png,2002,True
v0.4_results/21_three_axis_p3_local_refinement/postprocess/phase63/roll+060/yaw0650_pitchp0700_roll+060_ocs.json,533,True
v0.4_results/21_three_axis_p3_local_refinement/postprocess/phase63/roll+060/yaw0650_pitchp0700_roll+060_v_sun_macro.npy,262272,True
v0.4_results/21_three_axis_p3_local_refinement/postprocess/phase63/roll+060/yaw0650_pitchp0700_roll+060_v_sun_macro.png,739,True
v0.4_results/21_three_axis_p3_local_refinement/postprocess/phase63/roll+060/yaw1450_pitchp0100_roll+060_brdf.png,1680,True
v0.4_results/21_three_axis_p3_local_refinement/postprocess/phase63/roll+060/yaw1450_pitchp0100_roll+060_ocs.json,551,True
v0.4_results/21_three_axis_p3_local_refinement/postprocess/phase63/roll+060/yaw1450_pitchp0100_roll+060_v_sun_macro.npy,262272,True
v0.4_results/21_three_axis_p3_local_refinement/postprocess/phase63/roll+060/yaw1450_pitchp0100_roll+060_v_sun_macro.png,671,True
v0.4_results/21_three_axis_p3_local_refinement/postprocess/phase63/roll+060/yaw1450_pitchp0125_roll+060_brdf.png,1445,True
v0.4_results/21_three_axis_p3_local_refinement/postprocess/phase63/roll+060/yaw1450_pitchp0125_roll+060_ocs.json,550,True
v0.4_results/21_three_axis_p3_local_refinement/postprocess/phase63/roll+060/yaw1450_pitchp0125_roll+060_v_sun_macro.npy,262272,True
v0.4_results/21_three_axis_p3_local_refinement/postprocess/phase63/roll+060/yaw1450_pitchp0125_roll+060_v_sun_macro.png,691,True
v0.4_results/21_three_axis_p3_local_refinement/postprocess/phase63/roll+060/yaw1450_pitchp0150_roll+060_brdf.png,1438,True
v0.4_results/21_three_axis_p3_local_refinement/postprocess/phase63/roll+060/yaw1450_pitchp0150_roll+060_ocs.json,551,True
v0.4_results/21_three_axis_p3_local_refinement/postprocess/phase63/roll+060/yaw1450_pitchp0150_roll+060_v_sun_macro.npy,262272,True
v0.4_results/21_three_axis_p3_local_refinement/postprocess/phase63/roll+060/yaw1450_pitchp0150_roll+060_v_sun_macro.png,701,True
v0.4_results/21_three_axis_p3_local_refinement/postprocess/phase63/roll+060/yaw1450_pitchp0175_roll+060_brdf.png,1453,True
v0.4_results/21_three_axis_p3_local_refinement/postprocess/phase63/roll+060/yaw1450_pitchp0175_roll+060_ocs.json,553,True
v0.4_results/21_three_axis_p3_local_refinement/postprocess/phase63/roll+060/yaw1450_pitchp0175_roll+060_v_sun_macro.npy,262272,True
v0.4_results/21_three_axis_p3_local_refinement/postprocess/phase63/roll+060/yaw1450_pitchp0175_roll+060_v_sun_macro.png,710,True
v0.4_results/21_three_axis_p3_local_refinement/postprocess/phase63/roll+060/yaw1450_pitchp0200_roll+060_brdf.png,1405,True
v0.4_results/21_three_axis_p3_local_refinement/postprocess/phase63/roll+060/yaw1450_pitchp0200_roll+060_ocs.json,552,True
v0.4_results/21_three_axis_p3_local_refinement/postprocess/phase63/roll+060/yaw1450_pitchp0200_roll+060_v_sun_macro.npy,262272,True
v0.4_results/21_three_axis_p3_local_refinement/postprocess/phase63/roll+060/yaw1450_pitchp0200_roll+060_v_sun_macro.png,697,True
v0.4_results/21_three_axis_p3_local_refinement/postprocess/phase63/roll+060/yaw1450_pitchp0225_roll+060_brdf.png,1453,True
v0.4_results/21_three_axis_p3_local_refinement/postprocess/phase63/roll+060/yaw1450_pitchp0225_roll+060_ocs.json,552,True
v0.4_results/21_three_axis_p3_local_refinement/postprocess/phase63/roll+060/yaw1450_pitchp0225_roll+060_v_sun_macro.npy,262272,True
v0.4_results/21_three_axis_p3_local_refinement/postprocess/phase63/roll+060/yaw1450_pitchp0225_roll+060_v_sun_macro.png,737,True
v0.4_results/21_three_axis_p3_local_refinement/postprocess/phase63/roll+060/yaw1450_pitchp0250_roll+060_brdf.png,1478,True
v0.4_results/21_three_axis_p3_local_refinement/postprocess/phase63/roll+060/yaw1450_pitchp0250_roll+060_ocs.json,552,True
v0.4_results/21_three_axis_p3_local_refinement/postprocess/phase63/roll+060/yaw1450_pitchp0250_roll+060_v_sun_macro.npy,262272,True
v0.4_results/21_three_axis_p3_local_refinement/postprocess/phase63/roll+060/yaw1450_pitchp0250_roll+060_v_sun_macro.png,739,True
v0.4_results/21_three_axis_p3_local_refinement/postprocess/phase63/roll+060/yaw1475_pitchp0100_roll+060_brdf.png,1487,True
v0.4_results/21_three_axis_p3_local_refinement/postprocess/phase63/roll+060/yaw1475_pitchp0100_roll+060_ocs.json,552,True
v0.4_results/21_three_axis_p3_local_refinement/postprocess/phase63/roll+060/yaw1475_pitchp0100_roll+060_v_sun_macro.npy,262272,True
v0.4_results/21_three_axis_p3_local_refinement/postprocess/phase63/roll+060/yaw1475_pitchp0100_roll+060_v_sun_macro.png,688,True
v0.4_results/21_three_axis_p3_local_refinement/postprocess/phase63/roll+060/yaw1475_pitchp0125_roll+060_brdf.png,1303,True
v0.4_results/21_three_axis_p3_local_refinement/postprocess/phase63/roll+060/yaw1475_pitchp0125_roll+060_ocs.json,552,True
v0.4_results/21_three_axis_p3_local_refinement/postprocess/phase63/roll+060/yaw1475_pitchp0125_roll+060_v_sun_macro.npy,262272,True
v0.4_results/21_three_axis_p3_local_refinement/postprocess/phase63/roll+060/yaw1475_pitchp0125_roll+060_v_sun_macro.png,720,True
v0.4_results/21_three_axis_p3_local_refinement/postprocess/phase63/roll+060/yaw1475_pitchp0150_roll+060_brdf.png,1334,True
v0.4_results/21_three_axis_p3_local_refinement/postprocess/phase63/roll+060/yaw1475_pitchp0150_roll+060_ocs.json,552,True
v0.4_results/21_three_axis_p3_local_refinement/postprocess/phase63/roll+060/yaw1475_pitchp0150_roll+060_v_sun_macro.npy,262272,True
v0.4_results/21_three_axis_p3_local_refinement/postprocess/phase63/roll+060/yaw1475_pitchp0150_roll+060_v_sun_macro.png,690,True
v0.4_results/21_three_axis_p3_local_refinement/postprocess/phase63/roll+060/yaw1475_pitchp0175_roll+060_brdf.png,1420,True
v0.4_results/21_three_axis_p3_local_refinement/postprocess/phase63/roll+060/yaw1475_pitchp0175_roll+060_ocs.json,551,True
v0.4_results/21_three_axis_p3_local_refinement/postprocess/phase63/roll+060/yaw1475_pitchp0175_roll+060_v_sun_macro.npy,262272,True
v0.4_results/21_three_axis_p3_local_refinement/postprocess/phase63/roll+060/yaw1475_pitchp0175_roll+060_v_sun_macro.png,688,True
v0.4_results/21_three_axis_p3_local_refinement/postprocess/phase63/roll+060/yaw1475_pitchp0200_roll+060_brdf.png,1439,True
v0.4_results/21_three_axis_p3_local_refinement/postprocess/phase63/roll+060/yaw1475_pitchp0200_roll+060_ocs.json,550,True
v0.4_results/21_three_axis_p3_local_refinement/postprocess/phase63/roll+060/yaw1475_pitchp0200_roll+060_v_sun_macro.npy,262272,True
v0.4_results/21_three_axis_p3_local_refinement/postprocess/phase63/roll+060/yaw1475_pitchp0200_roll+060_v_sun_macro.png,681,True
v0.4_results/21_three_axis_p3_local_refinement/postprocess/phase63/roll+060/yaw1475_pitchp0225_roll+060_brdf.png,1410,True
v0.4_results/21_three_axis_p3_local_refinement/postprocess/phase63/roll+060/yaw1475_pitchp0225_roll+060_ocs.json,550,True
v0.4_results/21_three_axis_p3_local_refinement/postprocess/phase63/roll+060/yaw1475_pitchp0225_roll+060_v_sun_macro.npy,262272,True
v0.4_results/21_three_axis_p3_local_refinement/postprocess/phase63/roll+060/yaw1475_pitchp0225_roll+060_v_sun_macro.png,684,True
v0.4_results/21_three_axis_p3_local_refinement/postprocess/phase63/roll+060/yaw1475_pitchp0250_roll+060_brdf.png,1449,True
v0.4_results/21_three_axis_p3_local_refinement/postprocess/phase63/roll+060/yaw1475_pitchp0250_roll+060_ocs.json,552,True
v0.4_results/21_three_axis_p3_local_refinement/postprocess/phase63/roll+060/yaw1475_pitchp0250_roll+060_v_sun_macro.npy,262272,True
v0.4_results/21_three_axis_p3_local_refinement/postprocess/phase63/roll+060/yaw1475_pitchp0250_roll+060_v_sun_macro.png,754,True
v0.4_results/21_three_axis_p3_local_refinement/postprocess/phase63/roll+060/yaw1500_pitchp0100_roll+060_brdf.png,1461,True
v0.4_results/21_three_axis_p3_local_refinement/postprocess/phase63/roll+060/yaw1500_pitchp0100_roll+060_ocs.json,551,True
v0.4_results/21_three_axis_p3_local_refinement/postprocess/phase63/roll+060/yaw1500_pitchp0100_roll+060_v_sun_macro.npy,262272,True
v0.4_results/21_three_axis_p3_local_refinement/postprocess/phase63/roll+060/yaw1500_pitchp0100_roll+060_v_sun_macro.png,712,True
v0.4_results/21_three_axis_p3_local_refinement/postprocess/phase63/roll+060/yaw1500_pitchp0125_roll+060_brdf.png,1315,True
v0.4_results/21_three_axis_p3_local_refinement/postprocess/phase63/roll+060/yaw1500_pitchp0125_roll+060_ocs.json,550,True
v0.4_results/21_three_axis_p3_local_refinement/postprocess/phase63/roll+060/yaw1500_pitchp0125_roll+060_v_sun_macro.npy,262272,True
v0.4_results/21_three_axis_p3_local_refinement/postprocess/phase63/roll+060/yaw1500_pitchp0125_roll+060_v_sun_macro.png,698,True
v0.4_results/21_three_axis_p3_local_refinement/postprocess/phase63/roll+060/yaw1500_pitchp0150_roll+060_brdf.png,1376,True
v0.4_results/21_three_axis_p3_local_refinement/postprocess/phase63/roll+060/yaw1500_pitchp0150_roll+060_ocs.json,549,True
v0.4_results/21_three_axis_p3_local_refinement/postprocess/phase63/roll+060/yaw1500_pitchp0150_roll+060_v_sun_macro.npy,262272,True
v0.4_results/21_three_axis_p3_local_refinement/postprocess/phase63/roll+060/yaw1500_pitchp0150_roll+060_v_sun_macro.png,716,True
v0.4_results/21_three_axis_p3_local_refinement/postprocess/phase63/roll+060/yaw1500_pitchp0175_roll+060_brdf.png,1460,True
v0.4_results/21_three_axis_p3_local_refinement/postprocess/phase63/roll+060/yaw1500_pitchp0175_roll+060_ocs.json,549,True
v0.4_results/21_three_axis_p3_local_refinement/postprocess/phase63/roll+060/yaw1500_pitchp0175_roll+060_v_sun_macro.npy,262272,True
v0.4_results/21_three_axis_p3_local_refinement/postprocess/phase63/roll+060/yaw1500_pitchp0175_roll+060_v_sun_macro.png,714,True
v0.4_results/21_three_axis_p3_local_refinement/postprocess/phase63/roll+060/yaw1500_pitchp0200_roll+060_brdf.png,1424,True
v0.4_results/21_three_axis_p3_local_refinement/postprocess/phase63/roll+060/yaw1500_pitchp0200_roll+060_ocs.json,551,True
v0.4_results/21_three_axis_p3_local_refinement/postprocess/phase63/roll+060/yaw1500_pitchp0200_roll+060_v_sun_macro.npy,262272,True
v0.4_results/21_three_axis_p3_local_refinement/postprocess/phase63/roll+060/yaw1500_pitchp0200_roll+060_v_sun_macro.png,708,True
v0.4_results/21_three_axis_p3_local_refinement/postprocess/phase63/roll+060/yaw1500_pitchp0225_roll+060_brdf.png,1417,True
v0.4_results/21_three_axis_p3_local_refinement/postprocess/phase63/roll+060/yaw1500_pitchp0225_roll+060_ocs.json,551,True
v0.4_results/21_three_axis_p3_local_refinement/postprocess/phase63/roll+060/yaw1500_pitchp0225_roll+060_v_sun_macro.npy,262272,True
v0.4_results/21_three_axis_p3_local_refinement/postprocess/phase63/roll+060/yaw1500_pitchp0225_roll+060_v_sun_macro.png,705,True
v0.4_results/21_three_axis_p3_local_refinement/postprocess/phase63/roll+060/yaw1500_pitchp0250_roll+060_brdf.png,1405,True
v0.4_results/21_three_axis_p3_local_refinement/postprocess/phase63/roll+060/yaw1500_pitchp0250_roll+060_ocs.json,551,True
v0.4_results/21_three_axis_p3_local_refinement/postprocess/phase63/roll+060/yaw1500_pitchp0250_roll+060_v_sun_macro.npy,262272,True
v0.4_results/21_three_axis_p3_local_refinement/postprocess/phase63/roll+060/yaw1500_pitchp0250_roll+060_v_sun_macro.png,694,True
v0.4_results/21_three_axis_p3_local_refinement/postprocess/phase63/roll+060/yaw1525_pitchp0100_roll+060_brdf.png,1495,True
v0.4_results/21_three_axis_p3_local_refinement/postprocess/phase63/roll+060/yaw1525_pitchp0100_roll+060_ocs.json,552,True
v0.4_results/21_three_axis_p3_local_refinement/postprocess/phase63/roll+060/yaw1525_pitchp0100_roll+060_v_sun_macro.npy,262272,True
v0.4_results/21_three_axis_p3_local_refinement/postprocess/phase63/roll+060/yaw1525_pitchp0100_roll+060_v_sun_macro.png,695,True
v0.4_results/21_three_axis_p3_local_refinement/postprocess/phase63/roll+060/yaw1525_pitchp0125_roll+060_brdf.png,1446,True
v0.4_results/21_three_axis_p3_local_refinement/postprocess/phase63/roll+060/yaw1525_pitchp0125_roll+060_ocs.json,550,True
v0.4_results/21_three_axis_p3_local_refinement/postprocess/phase63/roll+060/yaw1525_pitchp0125_roll+060_v_sun_macro.npy,262272,True
v0.4_results/21_three_axis_p3_local_refinement/postprocess/phase63/roll+060/yaw1525_pitchp0125_roll+060_v_sun_macro.png,704,True
v0.4_results/21_three_axis_p3_local_refinement/postprocess/phase63/roll+060/yaw1525_pitchp0150_roll+060_brdf.png,1432,True
v0.4_results/21_three_axis_p3_local_refinement/postprocess/phase63/roll+060/yaw1525_pitchp0150_roll+060_ocs.json,551,True
v0.4_results/21_three_axis_p3_local_refinement/postprocess/phase63/roll+060/yaw1525_pitchp0150_roll+060_v_sun_macro.npy,262272,True
v0.4_results/21_three_axis_p3_local_refinement/postprocess/phase63/roll+060/yaw1525_pitchp0150_roll+060_v_sun_macro.png,722,True
v0.4_results/21_three_axis_p3_local_refinement/postprocess/phase63/roll+060/yaw1525_pitchp0175_roll+060_brdf.png,1411,True
v0.4_results/21_three_axis_p3_local_refinement/postprocess/phase63/roll+060/yaw1525_pitchp0175_roll+060_ocs.json,549,True
v0.4_results/21_three_axis_p3_local_refinement/postprocess/phase63/roll+060/yaw1525_pitchp0175_roll+060_v_sun_macro.npy,262272,True
v0.4_results/21_three_axis_p3_local_refinement/postprocess/phase63/roll+060/yaw1525_pitchp0175_roll+060_v_sun_macro.png,732,True
v0.4_results/21_three_axis_p3_local_refinement/postprocess/phase63/roll+060/yaw1525_pitchp0200_roll+060_brdf.png,1426,True
v0.4_results/21_three_axis_p3_local_refinement/postprocess/phase63/roll+060/yaw1525_pitchp0200_roll+060_ocs.json,550,True
v0.4_results/21_three_axis_p3_local_refinement/postprocess/phase63/roll+060/yaw1525_pitchp0200_roll+060_v_sun_macro.npy,262272,True
v0.4_results/21_three_axis_p3_local_refinement/postprocess/phase63/roll+060/yaw1525_pitchp0200_roll+060_v_sun_macro.png,724,True
v0.4_results/21_three_axis_p3_local_refinement/postprocess/phase63/roll+060/yaw1525_pitchp0225_roll+060_brdf.png,1414,True
v0.4_results/21_three_axis_p3_local_refinement/postprocess/phase63/roll+060/yaw1525_pitchp0225_roll+060_ocs.json,550,True
v0.4_results/21_three_axis_p3_local_refinement/postprocess/phase63/roll+060/yaw1525_pitchp0225_roll+060_v_sun_macro.npy,262272,True
v0.4_results/21_three_axis_p3_local_refinement/postprocess/phase63/roll+060/yaw1525_pitchp0225_roll+060_v_sun_macro.png,715,True
v0.4_results/21_three_axis_p3_local_refinement/postprocess/phase63/roll+060/yaw1525_pitchp0250_roll+060_brdf.png,1375,True
v0.4_results/21_three_axis_p3_local_refinement/postprocess/phase63/roll+060/yaw1525_pitchp0250_roll+060_ocs.json,552,True
v0.4_results/21_three_axis_p3_local_refinement/postprocess/phase63/roll+060/yaw1525_pitchp0250_roll+060_v_sun_macro.npy,262272,True
v0.4_results/21_three_axis_p3_local_refinement/postprocess/phase63/roll+060/yaw1525_pitchp0250_roll+060_v_sun_macro.png,713,True
v0.4_results/21_three_axis_p3_local_refinement/postprocess/phase63/roll+060/yaw1550_pitchp0100_roll+060_brdf.png,1492,True
v0.4_results/21_three_axis_p3_local_refinement/postprocess/phase63/roll+060/yaw1550_pitchp0100_roll+060_ocs.json,552,True
v0.4_results/21_three_axis_p3_local_refinement/postprocess/phase63/roll+060/yaw1550_pitchp0100_roll+060_v_sun_macro.npy,262272,True
v0.4_results/21_three_axis_p3_local_refinement/postprocess/phase63/roll+060/yaw1550_pitchp0100_roll+060_v_sun_macro.png,694,True
v0.4_results/21_three_axis_p3_local_refinement/postprocess/phase63/roll+060/yaw1550_pitchp0125_roll+060_brdf.png,1514,True
v0.4_results/21_three_axis_p3_local_refinement/postprocess/phase63/roll+060/yaw1550_pitchp0125_roll+060_ocs.json,552,True
v0.4_results/21_three_axis_p3_local_refinement/postprocess/phase63/roll+060/yaw1550_pitchp0125_roll+060_v_sun_macro.npy,262272,True
v0.4_results/21_three_axis_p3_local_refinement/postprocess/phase63/roll+060/yaw1550_pitchp0125_roll+060_v_sun_macro.png,691,True
v0.4_results/21_three_axis_p3_local_refinement/postprocess/phase63/roll+060/yaw1550_pitchp0150_roll+060_brdf.png,1482,True
v0.4_results/21_three_axis_p3_local_refinement/postprocess/phase63/roll+060/yaw1550_pitchp0150_roll+060_ocs.json,551,True
v0.4_results/21_three_axis_p3_local_refinement/postprocess/phase63/roll+060/yaw1550_pitchp0150_roll+060_v_sun_macro.npy,262272,True
v0.4_results/21_three_axis_p3_local_refinement/postprocess/phase63/roll+060/yaw1550_pitchp0150_roll+060_v_sun_macro.png,715,True
v0.4_results/21_three_axis_p3_local_refinement/postprocess/phase63/roll+060/yaw1550_pitchp0175_roll+060_brdf.png,1473,True
v0.4_results/21_three_axis_p3_local_refinement/postprocess/phase63/roll+060/yaw1550_pitchp0175_roll+060_ocs.json,552,True
v0.4_results/21_three_axis_p3_local_refinement/postprocess/phase63/roll+060/yaw1550_pitchp0175_roll+060_v_sun_macro.npy,262272,True
v0.4_results/21_three_axis_p3_local_refinement/postprocess/phase63/roll+060/yaw1550_pitchp0175_roll+060_v_sun_macro.png,697,True
v0.4_results/21_three_axis_p3_local_refinement/postprocess/phase63/roll+060/yaw1550_pitchp0200_roll+060_brdf.png,1430,True
v0.4_results/21_three_axis_p3_local_refinement/postprocess/phase63/roll+060/yaw1550_pitchp0200_roll+060_ocs.json,550,True
v0.4_results/21_three_axis_p3_local_refinement/postprocess/phase63/roll+060/yaw1550_pitchp0200_roll+060_v_sun_macro.npy,262272,True
v0.4_results/21_three_axis_p3_local_refinement/postprocess/phase63/roll+060/yaw1550_pitchp0200_roll+060_v_sun_macro.png,716,True
v0.4_results/21_three_axis_p3_local_refinement/postprocess/phase63/roll+060/yaw1550_pitchp0225_roll+060_brdf.png,1418,True
v0.4_results/21_three_axis_p3_local_refinement/postprocess/phase63/roll+060/yaw1550_pitchp0225_roll+060_ocs.json,552,True
v0.4_results/21_three_axis_p3_local_refinement/postprocess/phase63/roll+060/yaw1550_pitchp0225_roll+060_v_sun_macro.npy,262272,True
v0.4_results/21_three_axis_p3_local_refinement/postprocess/phase63/roll+060/yaw1550_pitchp0225_roll+060_v_sun_macro.png,694,True
v0.4_results/21_three_axis_p3_local_refinement/postprocess/phase63/roll+060/yaw1550_pitchp0250_roll+060_brdf.png,1425,True
v0.4_results/21_three_axis_p3_local_refinement/postprocess/phase63/roll+060/yaw1550_pitchp0250_roll+060_ocs.json,550,True
v0.4_results/21_three_axis_p3_local_refinement/postprocess/phase63/roll+060/yaw1550_pitchp0250_roll+060_v_sun_macro.npy,262272,True
v0.4_results/21_three_axis_p3_local_refinement/postprocess/phase63/roll+060/yaw1550_pitchp0250_roll+060_v_sun_macro.png,709,True
v0.4_results/21_three_axis_p3_local_refinement/postprocess/phase63/roll+060/yaw1575_pitchp0100_roll+060_brdf.png,1508,True
v0.4_results/21_three_axis_p3_local_refinement/postprocess/phase63/roll+060/yaw1575_pitchp0100_roll+060_ocs.json,552,True
v0.4_results/21_three_axis_p3_local_refinement/postprocess/phase63/roll+060/yaw1575_pitchp0100_roll+060_v_sun_macro.npy,262272,True
v0.4_results/21_three_axis_p3_local_refinement/postprocess/phase63/roll+060/yaw1575_pitchp0100_roll+060_v_sun_macro.png,706,True
v0.4_results/21_three_axis_p3_local_refinement/postprocess/phase63/roll+060/yaw1575_pitchp0125_roll+060_brdf.png,1502,True
v0.4_results/21_three_axis_p3_local_refinement/postprocess/phase63/roll+060/yaw1575_pitchp0125_roll+060_ocs.json,551,True
v0.4_results/21_three_axis_p3_local_refinement/postprocess/phase63/roll+060/yaw1575_pitchp0125_roll+060_v_sun_macro.npy,262272,True
v0.4_results/21_three_axis_p3_local_refinement/postprocess/phase63/roll+060/yaw1575_pitchp0125_roll+060_v_sun_macro.png,686,True
v0.4_results/21_three_axis_p3_local_refinement/postprocess/phase63/roll+060/yaw1575_pitchp0150_roll+060_brdf.png,1495,True
v0.4_results/21_three_axis_p3_local_refinement/postprocess/phase63/roll+060/yaw1575_pitchp0150_roll+060_ocs.json,552,True
v0.4_results/21_three_axis_p3_local_refinement/postprocess/phase63/roll+060/yaw1575_pitchp0150_roll+060_v_sun_macro.npy,262272,True
v0.4_results/21_three_axis_p3_local_refinement/postprocess/phase63/roll+060/yaw1575_pitchp0150_roll+060_v_sun_macro.png,698,True
v0.4_results/21_three_axis_p3_local_refinement/postprocess/phase63/roll+060/yaw1575_pitchp0175_roll+060_brdf.png,1445,True
v0.4_results/21_three_axis_p3_local_refinement/postprocess/phase63/roll+060/yaw1575_pitchp0175_roll+060_ocs.json,552,True
v0.4_results/21_three_axis_p3_local_refinement/postprocess/phase63/roll+060/yaw1575_pitchp0175_roll+060_v_sun_macro.npy,262272,True
v0.4_results/21_three_axis_p3_local_refinement/postprocess/phase63/roll+060/yaw1575_pitchp0175_roll+060_v_sun_macro.png,705,True
v0.4_results/21_three_axis_p3_local_refinement/postprocess/phase63/roll+060/yaw1575_pitchp0200_roll+060_brdf.png,1363,True
v0.4_results/21_three_axis_p3_local_refinement/postprocess/phase63/roll+060/yaw1575_pitchp0200_roll+060_ocs.json,548,True
v0.4_results/21_three_axis_p3_local_refinement/postprocess/phase63/roll+060/yaw1575_pitchp0200_roll+060_v_sun_macro.npy,262272,True
v0.4_results/21_three_axis_p3_local_refinement/postprocess/phase63/roll+060/yaw1575_pitchp0200_roll+060_v_sun_macro.png,708,True
v0.4_results/21_three_axis_p3_local_refinement/postprocess/phase63/roll+060/yaw1575_pitchp0225_roll+060_brdf.png,1355,True
v0.4_results/21_three_axis_p3_local_refinement/postprocess/phase63/roll+060/yaw1575_pitchp0225_roll+060_ocs.json,551,True
v0.4_results/21_three_axis_p3_local_refinement/postprocess/phase63/roll+060/yaw1575_pitchp0225_roll+060_v_sun_macro.npy,262272,True
v0.4_results/21_three_axis_p3_local_refinement/postprocess/phase63/roll+060/yaw1575_pitchp0225_roll+060_v_sun_macro.png,710,True
v0.4_results/21_three_axis_p3_local_refinement/postprocess/phase63/roll+060/yaw1575_pitchp0250_roll+060_brdf.png,1293,True
v0.4_results/21_three_axis_p3_local_refinement/postprocess/phase63/roll+060/yaw1575_pitchp0250_roll+060_ocs.json,553,True
v0.4_results/21_three_axis_p3_local_refinement/postprocess/phase63/roll+060/yaw1575_pitchp0250_roll+060_v_sun_macro.npy,262272,True
v0.4_results/21_three_axis_p3_local_refinement/postprocess/phase63/roll+060/yaw1575_pitchp0250_roll+060_v_sun_macro.png,721,True
v0.4_results/21_three_axis_p3_local_refinement/postprocess/phase63/roll+060/yaw1600_pitchp0100_roll+060_brdf.png,1479,True
v0.4_results/21_three_axis_p3_local_refinement/postprocess/phase63/roll+060/yaw1600_pitchp0100_roll+060_ocs.json,551,True
v0.4_results/21_three_axis_p3_local_refinement/postprocess/phase63/roll+060/yaw1600_pitchp0100_roll+060_v_sun_macro.npy,262272,True
v0.4_results/21_three_axis_p3_local_refinement/postprocess/phase63/roll+060/yaw1600_pitchp0100_roll+060_v_sun_macro.png,719,True
v0.4_results/21_three_axis_p3_local_refinement/postprocess/phase63/roll+060/yaw1600_pitchp0125_roll+060_brdf.png,1414,True
v0.4_results/21_three_axis_p3_local_refinement/postprocess/phase63/roll+060/yaw1600_pitchp0125_roll+060_ocs.json,552,True
v0.4_results/21_three_axis_p3_local_refinement/postprocess/phase63/roll+060/yaw1600_pitchp0125_roll+060_v_sun_macro.npy,262272,True
v0.4_results/21_three_axis_p3_local_refinement/postprocess/phase63/roll+060/yaw1600_pitchp0125_roll+060_v_sun_macro.png,704,True
v0.4_results/21_three_axis_p3_local_refinement/postprocess/phase63/roll+060/yaw1600_pitchp0150_roll+060_brdf.png,1417,True
v0.4_results/21_three_axis_p3_local_refinement/postprocess/phase63/roll+060/yaw1600_pitchp0150_roll+060_ocs.json,553,True
v0.4_results/21_three_axis_p3_local_refinement/postprocess/phase63/roll+060/yaw1600_pitchp0150_roll+060_v_sun_macro.npy,262272,True
v0.4_results/21_three_axis_p3_local_refinement/postprocess/phase63/roll+060/yaw1600_pitchp0150_roll+060_v_sun_macro.png,685,True
v0.4_results/21_three_axis_p3_local_refinement/postprocess/phase63/roll+060/yaw1600_pitchp0175_roll+060_brdf.png,1420,True
v0.4_results/21_three_axis_p3_local_refinement/postprocess/phase63/roll+060/yaw1600_pitchp0175_roll+060_ocs.json,555,True
v0.4_results/21_three_axis_p3_local_refinement/postprocess/phase63/roll+060/yaw1600_pitchp0175_roll+060_v_sun_macro.npy,262272,True
v0.4_results/21_three_axis_p3_local_refinement/postprocess/phase63/roll+060/yaw1600_pitchp0175_roll+060_v_sun_macro.png,684,True
v0.4_results/21_three_axis_p3_local_refinement/postprocess/phase63/roll+060/yaw1600_pitchp0200_roll+060_brdf.png,1440,True
v0.4_results/21_three_axis_p3_local_refinement/postprocess/phase63/roll+060/yaw1600_pitchp0200_roll+060_ocs.json,552,True
v0.4_results/21_three_axis_p3_local_refinement/postprocess/phase63/roll+060/yaw1600_pitchp0200_roll+060_v_sun_macro.npy,262272,True
v0.4_results/21_three_axis_p3_local_refinement/postprocess/phase63/roll+060/yaw1600_pitchp0200_roll+060_v_sun_macro.png,695,True
v0.4_results/21_three_axis_p3_local_refinement/postprocess/phase63/roll+060/yaw1600_pitchp0225_roll+060_brdf.png,1425,True
v0.4_results/21_three_axis_p3_local_refinement/postprocess/phase63/roll+060/yaw1600_pitchp0225_roll+060_ocs.json,551,True
v0.4_results/21_three_axis_p3_local_refinement/postprocess/phase63/roll+060/yaw1600_pitchp0225_roll+060_v_sun_macro.npy,262272,True
v0.4_results/21_three_axis_p3_local_refinement/postprocess/phase63/roll+060/yaw1600_pitchp0225_roll+060_v_sun_macro.png,706,True
v0.4_results/21_three_axis_p3_local_refinement/postprocess/phase63/roll+060/yaw1600_pitchp0250_roll+060_brdf.png,1373,True
v0.4_results/21_three_axis_p3_local_refinement/postprocess/phase63/roll+060/yaw1600_pitchp0250_roll+060_ocs.json,550,True
v0.4_results/21_three_axis_p3_local_refinement/postprocess/phase63/roll+060/yaw1600_pitchp0250_roll+060_v_sun_macro.npy,262272,True
v0.4_results/21_three_axis_p3_local_refinement/postprocess/phase63/roll+060/yaw1600_pitchp0250_roll+060_v_sun_macro.png,706,True
v0.4_results/21_three_axis_p3_local_refinement/postprocess/phase63/roll+060/yaw2050_pitchm0050_roll+060_brdf.png,1400,True
v0.4_results/21_three_axis_p3_local_refinement/postprocess/phase63/roll+060/yaw2050_pitchm0050_roll+060_ocs.json,556,True
v0.4_results/21_three_axis_p3_local_refinement/postprocess/phase63/roll+060/yaw2050_pitchm0050_roll+060_v_sun_macro.npy,262272,True
v0.4_results/21_three_axis_p3_local_refinement/postprocess/phase63/roll+060/yaw2050_pitchm0050_roll+060_v_sun_macro.png,658,True
v0.4_results/21_three_axis_p3_local_refinement/postprocess/phase63/roll+060/yaw2050_pitchm0100_roll+060_brdf.png,1535,True
v0.4_results/21_three_axis_p3_local_refinement/postprocess/phase63/roll+060/yaw2050_pitchm0100_roll+060_ocs.json,556,True
v0.4_results/21_three_axis_p3_local_refinement/postprocess/phase63/roll+060/yaw2050_pitchm0100_roll+060_v_sun_macro.npy,262272,True
v0.4_results/21_three_axis_p3_local_refinement/postprocess/phase63/roll+060/yaw2050_pitchm0100_roll+060_v_sun_macro.png,716,True
v0.4_results/21_three_axis_p3_local_refinement/postprocess/phase63/roll+060/yaw2100_pitchm0050_roll+060_brdf.png,1332,True
v0.4_results/21_three_axis_p3_local_refinement/postprocess/phase63/roll+060/yaw2100_pitchm0050_roll+060_ocs.json,554,True
v0.4_results/21_three_axis_p3_local_refinement/postprocess/phase63/roll+060/yaw2100_pitchm0050_roll+060_v_sun_macro.npy,262272,True
v0.4_results/21_three_axis_p3_local_refinement/postprocess/phase63/roll+060/yaw2100_pitchm0050_roll+060_v_sun_macro.png,636,True
v0.4_results/21_three_axis_p3_local_refinement/postprocess/phase63/roll+060/yaw2100_pitchm0100_roll+060_brdf.png,1493,True
v0.4_results/21_three_axis_p3_local_refinement/postprocess/phase63/roll+060/yaw2100_pitchm0100_roll+060_ocs.json,556,True
v0.4_results/21_three_axis_p3_local_refinement/postprocess/phase63/roll+060/yaw2100_pitchm0100_roll+060_v_sun_macro.npy,262272,True
v0.4_results/21_three_axis_p3_local_refinement/postprocess/phase63/roll+060/yaw2100_pitchm0100_roll+060_v_sun_macro.png,700,True
v0.4_results/21_three_axis_p3_local_refinement/postprocess/phase63/roll+060/yaw2400_pitchp0300_roll+060_brdf.png,1959,True
v0.4_results/21_three_axis_p3_local_refinement/postprocess/phase63/roll+060/yaw2400_pitchp0300_roll+060_ocs.json,553,True
v0.4_results/21_three_axis_p3_local_refinement/postprocess/phase63/roll+060/yaw2400_pitchp0300_roll+060_v_sun_macro.npy,262272,True
v0.4_results/21_three_axis_p3_local_refinement/postprocess/phase63/roll+060/yaw2400_pitchp0300_roll+060_v_sun_macro.png,784,True
v0.4_results/21_three_axis_p3_local_refinement/postprocess/phase63/roll+060/yaw2400_pitchp0325_roll+060_brdf.png,2017,True
v0.4_results/21_three_axis_p3_local_refinement/postprocess/phase63/roll+060/yaw2400_pitchp0325_roll+060_ocs.json,556,True
v0.4_results/21_three_axis_p3_local_refinement/postprocess/phase63/roll+060/yaw2400_pitchp0325_roll+060_v_sun_macro.npy,262272,True
v0.4_results/21_three_axis_p3_local_refinement/postprocess/phase63/roll+060/yaw2400_pitchp0325_roll+060_v_sun_macro.png,801,True
v0.4_results/21_three_axis_p3_local_refinement/postprocess/phase63/roll+060/yaw2400_pitchp0350_roll+060_brdf.png,1980,True
v0.4_results/21_three_axis_p3_local_refinement/postprocess/phase63/roll+060/yaw2400_pitchp0350_roll+060_ocs.json,556,True
v0.4_results/21_three_axis_p3_local_refinement/postprocess/phase63/roll+060/yaw2400_pitchp0350_roll+060_v_sun_macro.npy,262272,True
v0.4_results/21_three_axis_p3_local_refinement/postprocess/phase63/roll+060/yaw2400_pitchp0350_roll+060_v_sun_macro.png,786,True
v0.4_results/21_three_axis_p3_local_refinement/postprocess/phase63/roll+060/yaw2400_pitchp0375_roll+060_brdf.png,2057,True
v0.4_results/21_three_axis_p3_local_refinement/postprocess/phase63/roll+060/yaw2400_pitchp0375_roll+060_ocs.json,555,True
v0.4_results/21_three_axis_p3_local_refinement/postprocess/phase63/roll+060/yaw2400_pitchp0375_roll+060_v_sun_macro.npy,262272,True
v0.4_results/21_three_axis_p3_local_refinement/postprocess/phase63/roll+060/yaw2400_pitchp0375_roll+060_v_sun_macro.png,825,True
v0.4_results/21_three_axis_p3_local_refinement/postprocess/phase63/roll+060/yaw2400_pitchp0400_roll+060_brdf.png,2066,True
v0.4_results/21_three_axis_p3_local_refinement/postprocess/phase63/roll+060/yaw2400_pitchp0400_roll+060_ocs.json,555,True
v0.4_results/21_three_axis_p3_local_refinement/postprocess/phase63/roll+060/yaw2400_pitchp0400_roll+060_v_sun_macro.npy,262272,True
v0.4_results/21_three_axis_p3_local_refinement/postprocess/phase63/roll+060/yaw2400_pitchp0400_roll+060_v_sun_macro.png,806,True
v0.4_results/21_three_axis_p3_local_refinement/postprocess/phase63/roll+060/yaw2425_pitchp0300_roll+060_brdf.png,1957,True
v0.4_results/21_three_axis_p3_local_refinement/postprocess/phase63/roll+060/yaw2425_pitchp0300_roll+060_ocs.json,555,True
v0.4_results/21_three_axis_p3_local_refinement/postprocess/phase63/roll+060/yaw2425_pitchp0300_roll+060_v_sun_macro.npy,262272,True
v0.4_results/21_three_axis_p3_local_refinement/postprocess/phase63/roll+060/yaw2425_pitchp0300_roll+060_v_sun_macro.png,762,True
v0.4_results/21_three_axis_p3_local_refinement/postprocess/phase63/roll+060/yaw2425_pitchp0325_roll+060_brdf.png,2036,True
v0.4_results/21_three_axis_p3_local_refinement/postprocess/phase63/roll+060/yaw2425_pitchp0325_roll+060_ocs.json,555,True
v0.4_results/21_three_axis_p3_local_refinement/postprocess/phase63/roll+060/yaw2425_pitchp0325_roll+060_v_sun_macro.npy,262272,True
v0.4_results/21_three_axis_p3_local_refinement/postprocess/phase63/roll+060/yaw2425_pitchp0325_roll+060_v_sun_macro.png,776,True
v0.4_results/21_three_axis_p3_local_refinement/postprocess/phase63/roll+060/yaw2425_pitchp0350_roll+060_brdf.png,1994,True
v0.4_results/21_three_axis_p3_local_refinement/postprocess/phase63/roll+060/yaw2425_pitchp0350_roll+060_ocs.json,556,True
v0.4_results/21_three_axis_p3_local_refinement/postprocess/phase63/roll+060/yaw2425_pitchp0350_roll+060_v_sun_macro.npy,262272,True
v0.4_results/21_three_axis_p3_local_refinement/postprocess/phase63/roll+060/yaw2425_pitchp0350_roll+060_v_sun_macro.png,808,True
v0.4_results/21_three_axis_p3_local_refinement/postprocess/phase63/roll+060/yaw2425_pitchp0375_roll+060_brdf.png,2109,True
v0.4_results/21_three_axis_p3_local_refinement/postprocess/phase63/roll+060/yaw2425_pitchp0375_roll+060_ocs.json,556,True
v0.4_results/21_three_axis_p3_local_refinement/postprocess/phase63/roll+060/yaw2425_pitchp0375_roll+060_v_sun_macro.npy,262272,True
v0.4_results/21_three_axis_p3_local_refinement/postprocess/phase63/roll+060/yaw2425_pitchp0375_roll+060_v_sun_macro.png,805,True
v0.4_results/21_three_axis_p3_local_refinement/postprocess/phase63/roll+060/yaw2425_pitchp0400_roll+060_brdf.png,2015,True
v0.4_results/21_three_axis_p3_local_refinement/postprocess/phase63/roll+060/yaw2425_pitchp0400_roll+060_ocs.json,555,True
v0.4_results/21_three_axis_p3_local_refinement/postprocess/phase63/roll+060/yaw2425_pitchp0400_roll+060_v_sun_macro.npy,262272,True
v0.4_results/21_three_axis_p3_local_refinement/postprocess/phase63/roll+060/yaw2425_pitchp0400_roll+060_v_sun_macro.png,807,True
v0.4_results/21_three_axis_p3_local_refinement/postprocess/phase63/roll+060/yaw2450_pitchp0300_roll+060_brdf.png,1971,True
v0.4_results/21_three_axis_p3_local_refinement/postprocess/phase63/roll+060/yaw2450_pitchp0300_roll+060_ocs.json,554,True
v0.4_results/21_three_axis_p3_local_refinement/postprocess/phase63/roll+060/yaw2450_pitchp0300_roll+060_v_sun_macro.npy,262272,True
v0.4_results/21_three_axis_p3_local_refinement/postprocess/phase63/roll+060/yaw2450_pitchp0300_roll+060_v_sun_macro.png,773,True
v0.4_results/21_three_axis_p3_local_refinement/postprocess/phase63/roll+060/yaw2450_pitchp0325_roll+060_brdf.png,2007,True
v0.4_results/21_three_axis_p3_local_refinement/postprocess/phase63/roll+060/yaw2450_pitchp0325_roll+060_ocs.json,555,True
v0.4_results/21_three_axis_p3_local_refinement/postprocess/phase63/roll+060/yaw2450_pitchp0325_roll+060_v_sun_macro.npy,262272,True
v0.4_results/21_three_axis_p3_local_refinement/postprocess/phase63/roll+060/yaw2450_pitchp0325_roll+060_v_sun_macro.png,777,True
v0.4_results/21_three_axis_p3_local_refinement/postprocess/phase63/roll+060/yaw2450_pitchp0350_roll+060_brdf.png,2069,True
v0.4_results/21_three_axis_p3_local_refinement/postprocess/phase63/roll+060/yaw2450_pitchp0350_roll+060_ocs.json,555,True
v0.4_results/21_three_axis_p3_local_refinement/postprocess/phase63/roll+060/yaw2450_pitchp0350_roll+060_v_sun_macro.npy,262272,True
v0.4_results/21_three_axis_p3_local_refinement/postprocess/phase63/roll+060/yaw2450_pitchp0350_roll+060_v_sun_macro.png,784,True
v0.4_results/21_three_axis_p3_local_refinement/postprocess/phase63/roll+060/yaw2450_pitchp0375_roll+060_brdf.png,2061,True
v0.4_results/21_three_axis_p3_local_refinement/postprocess/phase63/roll+060/yaw2450_pitchp0375_roll+060_ocs.json,555,True
v0.4_results/21_three_axis_p3_local_refinement/postprocess/phase63/roll+060/yaw2450_pitchp0375_roll+060_v_sun_macro.npy,262272,True
v0.4_results/21_three_axis_p3_local_refinement/postprocess/phase63/roll+060/yaw2450_pitchp0375_roll+060_v_sun_macro.png,821,True
v0.4_results/21_three_axis_p3_local_refinement/postprocess/phase63/roll+060/yaw2450_pitchp0400_roll+060_brdf.png,2016,True
v0.4_results/21_three_axis_p3_local_refinement/postprocess/phase63/roll+060/yaw2450_pitchp0400_roll+060_ocs.json,555,True
v0.4_results/21_three_axis_p3_local_refinement/postprocess/phase63/roll+060/yaw2450_pitchp0400_roll+060_v_sun_macro.npy,262272,True
v0.4_results/21_three_axis_p3_local_refinement/postprocess/phase63/roll+060/yaw2450_pitchp0400_roll+060_v_sun_macro.png,803,True
v0.4_results/21_three_axis_p3_local_refinement/postprocess/phase63/roll+060/yaw2475_pitchp0300_roll+060_brdf.png,1997,True
v0.4_results/21_three_axis_p3_local_refinement/postprocess/phase63/roll+060/yaw2475_pitchp0300_roll+060_ocs.json,554,True
v0.4_results/21_three_axis_p3_local_refinement/postprocess/phase63/roll+060/yaw2475_pitchp0300_roll+060_v_sun_macro.npy,262272,True
v0.4_results/21_three_axis_p3_local_refinement/postprocess/phase63/roll+060/yaw2475_pitchp0300_roll+060_v_sun_macro.png,767,True
v0.4_results/21_three_axis_p3_local_refinement/postprocess/phase63/roll+060/yaw2475_pitchp0325_roll+060_brdf.png,2073,True
v0.4_results/21_three_axis_p3_local_refinement/postprocess/phase63/roll+060/yaw2475_pitchp0325_roll+060_ocs.json,555,True
v0.4_results/21_three_axis_p3_local_refinement/postprocess/phase63/roll+060/yaw2475_pitchp0325_roll+060_v_sun_macro.npy,262272,True
v0.4_results/21_three_axis_p3_local_refinement/postprocess/phase63/roll+060/yaw2475_pitchp0325_roll+060_v_sun_macro.png,777,True
v0.4_results/21_three_axis_p3_local_refinement/postprocess/phase63/roll+060/yaw2475_pitchp0350_roll+060_brdf.png,2051,True
v0.4_results/21_three_axis_p3_local_refinement/postprocess/phase63/roll+060/yaw2475_pitchp0350_roll+060_ocs.json,555,True
v0.4_results/21_three_axis_p3_local_refinement/postprocess/phase63/roll+060/yaw2475_pitchp0350_roll+060_v_sun_macro.npy,262272,True
v0.4_results/21_three_axis_p3_local_refinement/postprocess/phase63/roll+060/yaw2475_pitchp0350_roll+060_v_sun_macro.png,782,True
v0.4_results/21_three_axis_p3_local_refinement/postprocess/phase63/roll+060/yaw2475_pitchp0375_roll+060_brdf.png,2066,True
v0.4_results/21_three_axis_p3_local_refinement/postprocess/phase63/roll+060/yaw2475_pitchp0375_roll+060_ocs.json,555,True
v0.4_results/21_three_axis_p3_local_refinement/postprocess/phase63/roll+060/yaw2475_pitchp0375_roll+060_v_sun_macro.npy,262272,True
v0.4_results/21_three_axis_p3_local_refinement/postprocess/phase63/roll+060/yaw2475_pitchp0375_roll+060_v_sun_macro.png,802,True
v0.4_results/21_three_axis_p3_local_refinement/postprocess/phase63/roll+060/yaw2475_pitchp0400_roll+060_brdf.png,2074,True
v0.4_results/21_three_axis_p3_local_refinement/postprocess/phase63/roll+060/yaw2475_pitchp0400_roll+060_ocs.json,556,True
v0.4_results/21_three_axis_p3_local_refinement/postprocess/phase63/roll+060/yaw2475_pitchp0400_roll+060_v_sun_macro.npy,262272,True
v0.4_results/21_three_axis_p3_local_refinement/postprocess/phase63/roll+060/yaw2475_pitchp0400_roll+060_v_sun_macro.png,795,True
v0.4_results/21_three_axis_p3_local_refinement/postprocess/phase63/roll+060/yaw2500_pitchp0300_roll+060_brdf.png,2017,True
v0.4_results/21_three_axis_p3_local_refinement/postprocess/phase63/roll+060/yaw2500_pitchp0300_roll+060_ocs.json,557,True
v0.4_results/21_three_axis_p3_local_refinement/postprocess/phase63/roll+060/yaw2500_pitchp0300_roll+060_v_sun_macro.npy,262272,True
v0.4_results/21_three_axis_p3_local_refinement/postprocess/phase63/roll+060/yaw2500_pitchp0300_roll+060_v_sun_macro.png,772,True
v0.4_results/21_three_axis_p3_local_refinement/postprocess/phase63/roll+060/yaw2500_pitchp0325_roll+060_brdf.png,2090,True
v0.4_results/21_three_axis_p3_local_refinement/postprocess/phase63/roll+060/yaw2500_pitchp0325_roll+060_ocs.json,553,True
v0.4_results/21_three_axis_p3_local_refinement/postprocess/phase63/roll+060/yaw2500_pitchp0325_roll+060_v_sun_macro.npy,262272,True
v0.4_results/21_three_axis_p3_local_refinement/postprocess/phase63/roll+060/yaw2500_pitchp0325_roll+060_v_sun_macro.png,792,True
v0.4_results/21_three_axis_p3_local_refinement/postprocess/phase63/roll+060/yaw2500_pitchp0350_roll+060_brdf.png,2009,True
v0.4_results/21_three_axis_p3_local_refinement/postprocess/phase63/roll+060/yaw2500_pitchp0350_roll+060_ocs.json,557,True
v0.4_results/21_three_axis_p3_local_refinement/postprocess/phase63/roll+060/yaw2500_pitchp0350_roll+060_v_sun_macro.npy,262272,True
v0.4_results/21_three_axis_p3_local_refinement/postprocess/phase63/roll+060/yaw2500_pitchp0350_roll+060_v_sun_macro.png,788,True
v0.4_results/21_three_axis_p3_local_refinement/postprocess/phase63/roll+060/yaw2500_pitchp0375_roll+060_brdf.png,2142,True
v0.4_results/21_three_axis_p3_local_refinement/postprocess/phase63/roll+060/yaw2500_pitchp0375_roll+060_ocs.json,555,True
v0.4_results/21_three_axis_p3_local_refinement/postprocess/phase63/roll+060/yaw2500_pitchp0375_roll+060_v_sun_macro.npy,262272,True
v0.4_results/21_three_axis_p3_local_refinement/postprocess/phase63/roll+060/yaw2500_pitchp0375_roll+060_v_sun_macro.png,792,True
v0.4_results/21_three_axis_p3_local_refinement/postprocess/phase63/roll+060/yaw2500_pitchp0400_roll+060_brdf.png,2171,True
v0.4_results/21_three_axis_p3_local_refinement/postprocess/phase63/roll+060/yaw2500_pitchp0400_roll+060_ocs.json,556,True
v0.4_results/21_three_axis_p3_local_refinement/postprocess/phase63/roll+060/yaw2500_pitchp0400_roll+060_v_sun_macro.npy,262272,True
v0.4_results/21_three_axis_p3_local_refinement/postprocess/phase63/roll+060/yaw2500_pitchp0400_roll+060_v_sun_macro.png,810,True
v0.4_results/21_three_axis_p3_local_refinement/postprocess/phase63/roll+060/yaw2800_pitchm0800_roll+060_brdf.png,1554,True
v0.4_results/21_three_axis_p3_local_refinement/postprocess/phase63/roll+060/yaw2800_pitchm0800_roll+060_ocs.json,555,True
v0.4_results/21_three_axis_p3_local_refinement/postprocess/phase63/roll+060/yaw2800_pitchm0800_roll+060_v_sun_macro.npy,262272,True
v0.4_results/21_three_axis_p3_local_refinement/postprocess/phase63/roll+060/yaw2800_pitchm0800_roll+060_v_sun_macro.png,738,True
v0.4_results/21_three_axis_p3_local_refinement/postprocess/phase63/roll+060/yaw2800_pitchm0850_roll+060_brdf.png,1442,True
v0.4_results/21_three_axis_p3_local_refinement/postprocess/phase63/roll+060/yaw2800_pitchm0850_roll+060_ocs.json,556,True
v0.4_results/21_three_axis_p3_local_refinement/postprocess/phase63/roll+060/yaw2800_pitchm0850_roll+060_v_sun_macro.npy,262272,True
v0.4_results/21_three_axis_p3_local_refinement/postprocess/phase63/roll+060/yaw2800_pitchm0850_roll+060_v_sun_macro.png,700,True
v0.4_results/21_three_axis_p3_local_refinement/postprocess/phase63/roll+060/yaw2850_pitchm0800_roll+060_brdf.png,1542,True
v0.4_results/21_three_axis_p3_local_refinement/postprocess/phase63/roll+060/yaw2850_pitchm0800_roll+060_ocs.json,553,True
v0.4_results/21_three_axis_p3_local_refinement/postprocess/phase63/roll+060/yaw2850_pitchm0800_roll+060_v_sun_macro.npy,262272,True
v0.4_results/21_three_axis_p3_local_refinement/postprocess/phase63/roll+060/yaw2850_pitchm0800_roll+060_v_sun_macro.png,740,True
v0.4_results/21_three_axis_p3_local_refinement/postprocess/phase63/roll+060/yaw2850_pitchm0850_roll+060_brdf.png,1429,True
v0.4_results/21_three_axis_p3_local_refinement/postprocess/phase63/roll+060/yaw2850_pitchm0850_roll+060_ocs.json,553,True
v0.4_results/21_three_axis_p3_local_refinement/postprocess/phase63/roll+060/yaw2850_pitchm0850_roll+060_v_sun_macro.npy,262272,True
v0.4_results/21_three_axis_p3_local_refinement/postprocess/phase63/roll+060/yaw2850_pitchm0850_roll+060_v_sun_macro.png,685,True
v0.4_results/21_three_axis_p3_local_refinement/postprocess/phase63/roll-015/p3_postprocess_summary.json,131622,True
v0.4_results/21_three_axis_p3_local_refinement/postprocess/phase63/roll-015/yaw0550_pitchp0600_roll-015_brdf.png,1730,True
v0.4_results/21_three_axis_p3_local_refinement/postprocess/phase63/roll-015/yaw0550_pitchp0600_roll-015_ocs.json,531,True
v0.4_results/21_three_axis_p3_local_refinement/postprocess/phase63/roll-015/yaw0550_pitchp0600_roll-015_v_sun_macro.npy,262272,True
v0.4_results/21_three_axis_p3_local_refinement/postprocess/phase63/roll-015/yaw0550_pitchp0600_roll-015_v_sun_macro.png,767,True
v0.4_results/21_three_axis_p3_local_refinement/postprocess/phase63/roll-015/yaw0550_pitchp0625_roll-015_brdf.png,1742,True
v0.4_results/21_three_axis_p3_local_refinement/postprocess/phase63/roll-015/yaw0550_pitchp0625_roll-015_ocs.json,532,True
v0.4_results/21_three_axis_p3_local_refinement/postprocess/phase63/roll-015/yaw0550_pitchp0625_roll-015_v_sun_macro.npy,262272,True
v0.4_results/21_three_axis_p3_local_refinement/postprocess/phase63/roll-015/yaw0550_pitchp0625_roll-015_v_sun_macro.png,741,True
v0.4_results/21_three_axis_p3_local_refinement/postprocess/phase63/roll-015/yaw0550_pitchp0650_roll-015_brdf.png,2024,True
v0.4_results/21_three_axis_p3_local_refinement/postprocess/phase63/roll-015/yaw0550_pitchp0650_roll-015_ocs.json,531,True
v0.4_results/21_three_axis_p3_local_refinement/postprocess/phase63/roll-015/yaw0550_pitchp0650_roll-015_v_sun_macro.npy,262272,True
v0.4_results/21_three_axis_p3_local_refinement/postprocess/phase63/roll-015/yaw0550_pitchp0650_roll-015_v_sun_macro.png,747,True
v0.4_results/21_three_axis_p3_local_refinement/postprocess/phase63/roll-015/yaw0550_pitchp0675_roll-015_brdf.png,2167,True
v0.4_results/21_three_axis_p3_local_refinement/postprocess/phase63/roll-015/yaw0550_pitchp0675_roll-015_ocs.json,531,True
v0.4_results/21_three_axis_p3_local_refinement/postprocess/phase63/roll-015/yaw0550_pitchp0675_roll-015_v_sun_macro.npy,262272,True
v0.4_results/21_three_axis_p3_local_refinement/postprocess/phase63/roll-015/yaw0550_pitchp0675_roll-015_v_sun_macro.png,733,True
v0.4_results/21_three_axis_p3_local_refinement/postprocess/phase63/roll-015/yaw0550_pitchp0700_roll-015_brdf.png,1761,True
v0.4_results/21_three_axis_p3_local_refinement/postprocess/phase63/roll-015/yaw0550_pitchp0700_roll-015_ocs.json,531,True
v0.4_results/21_three_axis_p3_local_refinement/postprocess/phase63/roll-015/yaw0550_pitchp0700_roll-015_v_sun_macro.npy,262272,True
v0.4_results/21_three_axis_p3_local_refinement/postprocess/phase63/roll-015/yaw0550_pitchp0700_roll-015_v_sun_macro.png,732,True
v0.4_results/21_three_axis_p3_local_refinement/postprocess/phase63/roll-015/yaw0575_pitchp0600_roll-015_brdf.png,1681,True
v0.4_results/21_three_axis_p3_local_refinement/postprocess/phase63/roll-015/yaw0575_pitchp0600_roll-015_ocs.json,531,True
v0.4_results/21_three_axis_p3_local_refinement/postprocess/phase63/roll-015/yaw0575_pitchp0600_roll-015_v_sun_macro.npy,262272,True
v0.4_results/21_three_axis_p3_local_refinement/postprocess/phase63/roll-015/yaw0575_pitchp0600_roll-015_v_sun_macro.png,740,True
v0.4_results/21_three_axis_p3_local_refinement/postprocess/phase63/roll-015/yaw0575_pitchp0625_roll-015_brdf.png,1807,True
v0.4_results/21_three_axis_p3_local_refinement/postprocess/phase63/roll-015/yaw0575_pitchp0625_roll-015_ocs.json,531,True
v0.4_results/21_three_axis_p3_local_refinement/postprocess/phase63/roll-015/yaw0575_pitchp0625_roll-015_v_sun_macro.npy,262272,True
v0.4_results/21_three_axis_p3_local_refinement/postprocess/phase63/roll-015/yaw0575_pitchp0625_roll-015_v_sun_macro.png,737,True
v0.4_results/21_three_axis_p3_local_refinement/postprocess/phase63/roll-015/yaw0575_pitchp0650_roll-015_brdf.png,1767,True
v0.4_results/21_three_axis_p3_local_refinement/postprocess/phase63/roll-015/yaw0575_pitchp0650_roll-015_ocs.json,532,True
v0.4_results/21_three_axis_p3_local_refinement/postprocess/phase63/roll-015/yaw0575_pitchp0650_roll-015_v_sun_macro.npy,262272,True
v0.4_results/21_three_axis_p3_local_refinement/postprocess/phase63/roll-015/yaw0575_pitchp0650_roll-015_v_sun_macro.png,727,True
v0.4_results/21_three_axis_p3_local_refinement/postprocess/phase63/roll-015/yaw0575_pitchp0675_roll-015_brdf.png,1704,True
v0.4_results/21_three_axis_p3_local_refinement/postprocess/phase63/roll-015/yaw0575_pitchp0675_roll-015_ocs.json,531,True
v0.4_results/21_three_axis_p3_local_refinement/postprocess/phase63/roll-015/yaw0575_pitchp0675_roll-015_v_sun_macro.npy,262272,True
v0.4_results/21_three_axis_p3_local_refinement/postprocess/phase63/roll-015/yaw0575_pitchp0675_roll-015_v_sun_macro.png,698,True
v0.4_results/21_three_axis_p3_local_refinement/postprocess/phase63/roll-015/yaw0575_pitchp0700_roll-015_brdf.png,1790,True
v0.4_results/21_three_axis_p3_local_refinement/postprocess/phase63/roll-015/yaw0575_pitchp0700_roll-015_ocs.json,531,True
v0.4_results/21_three_axis_p3_local_refinement/postprocess/phase63/roll-015/yaw0575_pitchp0700_roll-015_v_sun_macro.npy,262272,True
v0.4_results/21_three_axis_p3_local_refinement/postprocess/phase63/roll-015/yaw0575_pitchp0700_roll-015_v_sun_macro.png,712,True
v0.4_results/21_three_axis_p3_local_refinement/postprocess/phase63/roll-015/yaw0600_pitchp0600_roll-015_brdf.png,1785,True
v0.4_results/21_three_axis_p3_local_refinement/postprocess/phase63/roll-015/yaw0600_pitchp0600_roll-015_ocs.json,533,True
v0.4_results/21_three_axis_p3_local_refinement/postprocess/phase63/roll-015/yaw0600_pitchp0600_roll-015_v_sun_macro.npy,262272,True
v0.4_results/21_three_axis_p3_local_refinement/postprocess/phase63/roll-015/yaw0600_pitchp0600_roll-015_v_sun_macro.png,705,True
v0.4_results/21_three_axis_p3_local_refinement/postprocess/phase63/roll-015/yaw0600_pitchp0625_roll-015_brdf.png,1727,True
v0.4_results/21_three_axis_p3_local_refinement/postprocess/phase63/roll-015/yaw0600_pitchp0625_roll-015_ocs.json,531,True
v0.4_results/21_three_axis_p3_local_refinement/postprocess/phase63/roll-015/yaw0600_pitchp0625_roll-015_v_sun_macro.npy,262272,True
v0.4_results/21_three_axis_p3_local_refinement/postprocess/phase63/roll-015/yaw0600_pitchp0625_roll-015_v_sun_macro.png,698,True
v0.4_results/21_three_axis_p3_local_refinement/postprocess/phase63/roll-015/yaw0600_pitchp0650_roll-015_brdf.png,1733,True
v0.4_results/21_three_axis_p3_local_refinement/postprocess/phase63/roll-015/yaw0600_pitchp0650_roll-015_ocs.json,532,True
v0.4_results/21_three_axis_p3_local_refinement/postprocess/phase63/roll-015/yaw0600_pitchp0650_roll-015_v_sun_macro.npy,262272,True
v0.4_results/21_three_axis_p3_local_refinement/postprocess/phase63/roll-015/yaw0600_pitchp0650_roll-015_v_sun_macro.png,723,True
v0.4_results/21_three_axis_p3_local_refinement/postprocess/phase63/roll-015/yaw0600_pitchp0675_roll-015_brdf.png,1767,True
v0.4_results/21_three_axis_p3_local_refinement/postprocess/phase63/roll-015/yaw0600_pitchp0675_roll-015_ocs.json,533,True
v0.4_results/21_three_axis_p3_local_refinement/postprocess/phase63/roll-015/yaw0600_pitchp0675_roll-015_v_sun_macro.npy,262272,True
v0.4_results/21_three_axis_p3_local_refinement/postprocess/phase63/roll-015/yaw0600_pitchp0675_roll-015_v_sun_macro.png,698,True
v0.4_results/21_three_axis_p3_local_refinement/postprocess/phase63/roll-015/yaw0600_pitchp0700_roll-015_brdf.png,1723,True
v0.4_results/21_three_axis_p3_local_refinement/postprocess/phase63/roll-015/yaw0600_pitchp0700_roll-015_ocs.json,534,True
v0.4_results/21_three_axis_p3_local_refinement/postprocess/phase63/roll-015/yaw0600_pitchp0700_roll-015_v_sun_macro.npy,262272,True
v0.4_results/21_three_axis_p3_local_refinement/postprocess/phase63/roll-015/yaw0600_pitchp0700_roll-015_v_sun_macro.png,708,True
v0.4_results/21_three_axis_p3_local_refinement/postprocess/phase63/roll-015/yaw0625_pitchp0600_roll-015_brdf.png,1727,True
v0.4_results/21_three_axis_p3_local_refinement/postprocess/phase63/roll-015/yaw0625_pitchp0600_roll-015_ocs.json,533,True
v0.4_results/21_three_axis_p3_local_refinement/postprocess/phase63/roll-015/yaw0625_pitchp0600_roll-015_v_sun_macro.npy,262272,True
v0.4_results/21_three_axis_p3_local_refinement/postprocess/phase63/roll-015/yaw0625_pitchp0600_roll-015_v_sun_macro.png,686,True
v0.4_results/21_three_axis_p3_local_refinement/postprocess/phase63/roll-015/yaw0625_pitchp0625_roll-015_brdf.png,1717,True
v0.4_results/21_three_axis_p3_local_refinement/postprocess/phase63/roll-015/yaw0625_pitchp0625_roll-015_ocs.json,531,True
v0.4_results/21_three_axis_p3_local_refinement/postprocess/phase63/roll-015/yaw0625_pitchp0625_roll-015_v_sun_macro.npy,262272,True
v0.4_results/21_three_axis_p3_local_refinement/postprocess/phase63/roll-015/yaw0625_pitchp0625_roll-015_v_sun_macro.png,691,True
v0.4_results/21_three_axis_p3_local_refinement/postprocess/phase63/roll-015/yaw0625_pitchp0650_roll-015_brdf.png,1616,True
v0.4_results/21_three_axis_p3_local_refinement/postprocess/phase63/roll-015/yaw0625_pitchp0650_roll-015_ocs.json,532,True
v0.4_results/21_three_axis_p3_local_refinement/postprocess/phase63/roll-015/yaw0625_pitchp0650_roll-015_v_sun_macro.npy,262272,True
v0.4_results/21_three_axis_p3_local_refinement/postprocess/phase63/roll-015/yaw0625_pitchp0650_roll-015_v_sun_macro.png,691,True
v0.4_results/21_three_axis_p3_local_refinement/postprocess/phase63/roll-015/yaw0625_pitchp0675_roll-015_brdf.png,1661,True
v0.4_results/21_three_axis_p3_local_refinement/postprocess/phase63/roll-015/yaw0625_pitchp0675_roll-015_ocs.json,531,True
v0.4_results/21_three_axis_p3_local_refinement/postprocess/phase63/roll-015/yaw0625_pitchp0675_roll-015_v_sun_macro.npy,262272,True
v0.4_results/21_three_axis_p3_local_refinement/postprocess/phase63/roll-015/yaw0625_pitchp0675_roll-015_v_sun_macro.png,694,True
v0.4_results/21_three_axis_p3_local_refinement/postprocess/phase63/roll-015/yaw0625_pitchp0700_roll-015_brdf.png,1698,True
v0.4_results/21_three_axis_p3_local_refinement/postprocess/phase63/roll-015/yaw0625_pitchp0700_roll-015_ocs.json,532,True
v0.4_results/21_three_axis_p3_local_refinement/postprocess/phase63/roll-015/yaw0625_pitchp0700_roll-015_v_sun_macro.npy,262272,True
v0.4_results/21_three_axis_p3_local_refinement/postprocess/phase63/roll-015/yaw0625_pitchp0700_roll-015_v_sun_macro.png,680,True
v0.4_results/21_three_axis_p3_local_refinement/postprocess/phase63/roll-015/yaw0650_pitchp0600_roll-015_brdf.png,1669,True
v0.4_results/21_three_axis_p3_local_refinement/postprocess/phase63/roll-015/yaw0650_pitchp0600_roll-015_ocs.json,534,True
v0.4_results/21_three_axis_p3_local_refinement/postprocess/phase63/roll-015/yaw0650_pitchp0600_roll-015_v_sun_macro.npy,262272,True
v0.4_results/21_three_axis_p3_local_refinement/postprocess/phase63/roll-015/yaw0650_pitchp0600_roll-015_v_sun_macro.png,685,True
v0.4_results/21_three_axis_p3_local_refinement/postprocess/phase63/roll-015/yaw0650_pitchp0625_roll-015_brdf.png,1619,True
v0.4_results/21_three_axis_p3_local_refinement/postprocess/phase63/roll-015/yaw0650_pitchp0625_roll-015_ocs.json,532,True
v0.4_results/21_three_axis_p3_local_refinement/postprocess/phase63/roll-015/yaw0650_pitchp0625_roll-015_v_sun_macro.npy,262272,True
v0.4_results/21_three_axis_p3_local_refinement/postprocess/phase63/roll-015/yaw0650_pitchp0625_roll-015_v_sun_macro.png,659,True
v0.4_results/21_three_axis_p3_local_refinement/postprocess/phase63/roll-015/yaw0650_pitchp0650_roll-015_brdf.png,1617,True
v0.4_results/21_three_axis_p3_local_refinement/postprocess/phase63/roll-015/yaw0650_pitchp0650_roll-015_ocs.json,533,True
v0.4_results/21_three_axis_p3_local_refinement/postprocess/phase63/roll-015/yaw0650_pitchp0650_roll-015_v_sun_macro.npy,262272,True
v0.4_results/21_three_axis_p3_local_refinement/postprocess/phase63/roll-015/yaw0650_pitchp0650_roll-015_v_sun_macro.png,648,True
v0.4_results/21_three_axis_p3_local_refinement/postprocess/phase63/roll-015/yaw0650_pitchp0675_roll-015_brdf.png,1616,True
v0.4_results/21_three_axis_p3_local_refinement/postprocess/phase63/roll-015/yaw0650_pitchp0675_roll-015_ocs.json,531,True
v0.4_results/21_three_axis_p3_local_refinement/postprocess/phase63/roll-015/yaw0650_pitchp0675_roll-015_v_sun_macro.npy,262272,True
v0.4_results/21_three_axis_p3_local_refinement/postprocess/phase63/roll-015/yaw0650_pitchp0675_roll-015_v_sun_macro.png,676,True
v0.4_results/21_three_axis_p3_local_refinement/postprocess/phase63/roll-015/yaw0650_pitchp0700_roll-015_brdf.png,1640,True
v0.4_results/21_three_axis_p3_local_refinement/postprocess/phase63/roll-015/yaw0650_pitchp0700_roll-015_ocs.json,531,True
v0.4_results/21_three_axis_p3_local_refinement/postprocess/phase63/roll-015/yaw0650_pitchp0700_roll-015_v_sun_macro.npy,262272,True
v0.4_results/21_three_axis_p3_local_refinement/postprocess/phase63/roll-015/yaw0650_pitchp0700_roll-015_v_sun_macro.png,665,True
v0.4_results/21_three_axis_p3_local_refinement/postprocess/phase63/roll-015/yaw1450_pitchp0100_roll-015_brdf.png,1916,True
v0.4_results/21_three_axis_p3_local_refinement/postprocess/phase63/roll-015/yaw1450_pitchp0100_roll-015_ocs.json,552,True
v0.4_results/21_three_axis_p3_local_refinement/postprocess/phase63/roll-015/yaw1450_pitchp0100_roll-015_v_sun_macro.npy,262272,True
v0.4_results/21_three_axis_p3_local_refinement/postprocess/phase63/roll-015/yaw1450_pitchp0100_roll-015_v_sun_macro.png,763,True
v0.4_results/21_three_axis_p3_local_refinement/postprocess/phase63/roll-015/yaw1450_pitchp0125_roll-015_brdf.png,1755,True
v0.4_results/21_three_axis_p3_local_refinement/postprocess/phase63/roll-015/yaw1450_pitchp0125_roll-015_ocs.json,550,True
v0.4_results/21_three_axis_p3_local_refinement/postprocess/phase63/roll-015/yaw1450_pitchp0125_roll-015_v_sun_macro.npy,262272,True
v0.4_results/21_three_axis_p3_local_refinement/postprocess/phase63/roll-015/yaw1450_pitchp0125_roll-015_v_sun_macro.png,771,True
v0.4_results/21_three_axis_p3_local_refinement/postprocess/phase63/roll-015/yaw1450_pitchp0150_roll-015_brdf.png,1857,True
v0.4_results/21_three_axis_p3_local_refinement/postprocess/phase63/roll-015/yaw1450_pitchp0150_roll-015_ocs.json,553,True
v0.4_results/21_three_axis_p3_local_refinement/postprocess/phase63/roll-015/yaw1450_pitchp0150_roll-015_v_sun_macro.npy,262272,True
v0.4_results/21_three_axis_p3_local_refinement/postprocess/phase63/roll-015/yaw1450_pitchp0150_roll-015_v_sun_macro.png,846,True
v0.4_results/21_three_axis_p3_local_refinement/postprocess/phase63/roll-015/yaw1450_pitchp0175_roll-015_brdf.png,1910,True
v0.4_results/21_three_axis_p3_local_refinement/postprocess/phase63/roll-015/yaw1450_pitchp0175_roll-015_ocs.json,552,True
v0.4_results/21_three_axis_p3_local_refinement/postprocess/phase63/roll-015/yaw1450_pitchp0175_roll-015_v_sun_macro.npy,262272,True
v0.4_results/21_three_axis_p3_local_refinement/postprocess/phase63/roll-015/yaw1450_pitchp0175_roll-015_v_sun_macro.png,764,True
v0.4_results/21_three_axis_p3_local_refinement/postprocess/phase63/roll-015/yaw1450_pitchp0200_roll-015_brdf.png,1957,True
v0.4_results/21_three_axis_p3_local_refinement/postprocess/phase63/roll-015/yaw1450_pitchp0200_roll-015_ocs.json,553,True
v0.4_results/21_three_axis_p3_local_refinement/postprocess/phase63/roll-015/yaw1450_pitchp0200_roll-015_v_sun_macro.npy,262272,True
v0.4_results/21_three_axis_p3_local_refinement/postprocess/phase63/roll-015/yaw1450_pitchp0200_roll-015_v_sun_macro.png,786,True
v0.4_results/21_three_axis_p3_local_refinement/postprocess/phase63/roll-015/yaw1450_pitchp0225_roll-015_brdf.png,1934,True
v0.4_results/21_three_axis_p3_local_refinement/postprocess/phase63/roll-015/yaw1450_pitchp0225_roll-015_ocs.json,553,True
v0.4_results/21_three_axis_p3_local_refinement/postprocess/phase63/roll-015/yaw1450_pitchp0225_roll-015_v_sun_macro.npy,262272,True
v0.4_results/21_three_axis_p3_local_refinement/postprocess/phase63/roll-015/yaw1450_pitchp0225_roll-015_v_sun_macro.png,720,True
v0.4_results/21_three_axis_p3_local_refinement/postprocess/phase63/roll-015/yaw1450_pitchp0250_roll-015_brdf.png,1875,True
v0.4_results/21_three_axis_p3_local_refinement/postprocess/phase63/roll-015/yaw1450_pitchp0250_roll-015_ocs.json,551,True
v0.4_results/21_three_axis_p3_local_refinement/postprocess/phase63/roll-015/yaw1450_pitchp0250_roll-015_v_sun_macro.npy,262272,True
v0.4_results/21_three_axis_p3_local_refinement/postprocess/phase63/roll-015/yaw1450_pitchp0250_roll-015_v_sun_macro.png,758,True
v0.4_results/21_three_axis_p3_local_refinement/postprocess/phase63/roll-015/yaw1475_pitchp0100_roll-015_brdf.png,1812,True
v0.4_results/21_three_axis_p3_local_refinement/postprocess/phase63/roll-015/yaw1475_pitchp0100_roll-015_ocs.json,552,True
v0.4_results/21_three_axis_p3_local_refinement/postprocess/phase63/roll-015/yaw1475_pitchp0100_roll-015_v_sun_macro.npy,262272,True
v0.4_results/21_three_axis_p3_local_refinement/postprocess/phase63/roll-015/yaw1475_pitchp0100_roll-015_v_sun_macro.png,759,True
v0.4_results/21_three_axis_p3_local_refinement/postprocess/phase63/roll-015/yaw1475_pitchp0125_roll-015_brdf.png,1735,True
v0.4_results/21_three_axis_p3_local_refinement/postprocess/phase63/roll-015/yaw1475_pitchp0125_roll-015_ocs.json,550,True
v0.4_results/21_three_axis_p3_local_refinement/postprocess/phase63/roll-015/yaw1475_pitchp0125_roll-015_v_sun_macro.npy,262272,True
v0.4_results/21_three_axis_p3_local_refinement/postprocess/phase63/roll-015/yaw1475_pitchp0125_roll-015_v_sun_macro.png,792,True
v0.4_results/21_three_axis_p3_local_refinement/postprocess/phase63/roll-015/yaw1475_pitchp0150_roll-015_brdf.png,1759,True
v0.4_results/21_three_axis_p3_local_refinement/postprocess/phase63/roll-015/yaw1475_pitchp0150_roll-015_ocs.json,551,True
v0.4_results/21_three_axis_p3_local_refinement/postprocess/phase63/roll-015/yaw1475_pitchp0150_roll-015_v_sun_macro.npy,262272,True
v0.4_results/21_three_axis_p3_local_refinement/postprocess/phase63/roll-015/yaw1475_pitchp0150_roll-015_v_sun_macro.png,847,True
v0.4_results/21_three_axis_p3_local_refinement/postprocess/phase63/roll-015/yaw1475_pitchp0175_roll-015_brdf.png,1886,True
v0.4_results/21_three_axis_p3_local_refinement/postprocess/phase63/roll-015/yaw1475_pitchp0175_roll-015_ocs.json,553,True
v0.4_results/21_three_axis_p3_local_refinement/postprocess/phase63/roll-015/yaw1475_pitchp0175_roll-015_v_sun_macro.npy,262272,True
v0.4_results/21_three_axis_p3_local_refinement/postprocess/phase63/roll-015/yaw1475_pitchp0175_roll-015_v_sun_macro.png,787,True
v0.4_results/21_three_axis_p3_local_refinement/postprocess/phase63/roll-015/yaw1475_pitchp0200_roll-015_brdf.png,1914,True
v0.4_results/21_three_axis_p3_local_refinement/postprocess/phase63/roll-015/yaw1475_pitchp0200_roll-015_ocs.json,549,True
v0.4_results/21_three_axis_p3_local_refinement/postprocess/phase63/roll-015/yaw1475_pitchp0200_roll-015_v_sun_macro.npy,262272,True
v0.4_results/21_three_axis_p3_local_refinement/postprocess/phase63/roll-015/yaw1475_pitchp0200_roll-015_v_sun_macro.png,778,True
v0.4_results/21_three_axis_p3_local_refinement/postprocess/phase63/roll-015/yaw1475_pitchp0225_roll-015_brdf.png,1966,True
v0.4_results/21_three_axis_p3_local_refinement/postprocess/phase63/roll-015/yaw1475_pitchp0225_roll-015_ocs.json,552,True
v0.4_results/21_three_axis_p3_local_refinement/postprocess/phase63/roll-015/yaw1475_pitchp0225_roll-015_v_sun_macro.npy,262272,True
v0.4_results/21_three_axis_p3_local_refinement/postprocess/phase63/roll-015/yaw1475_pitchp0225_roll-015_v_sun_macro.png,763,True
v0.4_results/21_three_axis_p3_local_refinement/postprocess/phase63/roll-015/yaw1475_pitchp0250_roll-015_brdf.png,1943,True
v0.4_results/21_three_axis_p3_local_refinement/postprocess/phase63/roll-015/yaw1475_pitchp0250_roll-015_ocs.json,552,True
v0.4_results/21_three_axis_p3_local_refinement/postprocess/phase63/roll-015/yaw1475_pitchp0250_roll-015_v_sun_macro.npy,262272,True
v0.4_results/21_three_axis_p3_local_refinement/postprocess/phase63/roll-015/yaw1475_pitchp0250_roll-015_v_sun_macro.png,769,True
v0.4_results/21_three_axis_p3_local_refinement/postprocess/phase63/roll-015/yaw1500_pitchp0100_roll-015_brdf.png,1952,True
v0.4_results/21_three_axis_p3_local_refinement/postprocess/phase63/roll-015/yaw1500_pitchp0100_roll-015_ocs.json,553,True
v0.4_results/21_three_axis_p3_local_refinement/postprocess/phase63/roll-015/yaw1500_pitchp0100_roll-015_v_sun_macro.npy,262272,True
v0.4_results/21_three_axis_p3_local_refinement/postprocess/phase63/roll-015/yaw1500_pitchp0100_roll-015_v_sun_macro.png,738,True
v0.4_results/21_three_axis_p3_local_refinement/postprocess/phase63/roll-015/yaw1500_pitchp0125_roll-015_brdf.png,1663,True
v0.4_results/21_three_axis_p3_local_refinement/postprocess/phase63/roll-015/yaw1500_pitchp0125_roll-015_ocs.json,552,True
v0.4_results/21_three_axis_p3_local_refinement/postprocess/phase63/roll-015/yaw1500_pitchp0125_roll-015_v_sun_macro.npy,262272,True
v0.4_results/21_three_axis_p3_local_refinement/postprocess/phase63/roll-015/yaw1500_pitchp0125_roll-015_v_sun_macro.png,776,True
v0.4_results/21_three_axis_p3_local_refinement/postprocess/phase63/roll-015/yaw1500_pitchp0150_roll-015_brdf.png,1760,True
v0.4_results/21_three_axis_p3_local_refinement/postprocess/phase63/roll-015/yaw1500_pitchp0150_roll-015_ocs.json,551,True
v0.4_results/21_three_axis_p3_local_refinement/postprocess/phase63/roll-015/yaw1500_pitchp0150_roll-015_v_sun_macro.npy,262272,True
v0.4_results/21_three_axis_p3_local_refinement/postprocess/phase63/roll-015/yaw1500_pitchp0150_roll-015_v_sun_macro.png,867,True
v0.4_results/21_three_axis_p3_local_refinement/postprocess/phase63/roll-015/yaw1500_pitchp0175_roll-015_brdf.png,1934,True
v0.4_results/21_three_axis_p3_local_refinement/postprocess/phase63/roll-015/yaw1500_pitchp0175_roll-015_ocs.json,550,True
v0.4_results/21_three_axis_p3_local_refinement/postprocess/phase63/roll-015/yaw1500_pitchp0175_roll-015_v_sun_macro.npy,262272,True
v0.4_results/21_three_axis_p3_local_refinement/postprocess/phase63/roll-015/yaw1500_pitchp0175_roll-015_v_sun_macro.png,840,True
v0.4_results/21_three_axis_p3_local_refinement/postprocess/phase63/roll-015/yaw1500_pitchp0200_roll-015_brdf.png,1941,True
v0.4_results/21_three_axis_p3_local_refinement/postprocess/phase63/roll-015/yaw1500_pitchp0200_roll-015_ocs.json,553,True
v0.4_results/21_three_axis_p3_local_refinement/postprocess/phase63/roll-015/yaw1500_pitchp0200_roll-015_v_sun_macro.npy,262272,True
v0.4_results/21_three_axis_p3_local_refinement/postprocess/phase63/roll-015/yaw1500_pitchp0200_roll-015_v_sun_macro.png,789,True
v0.4_results/21_three_axis_p3_local_refinement/postprocess/phase63/roll-015/yaw1500_pitchp0225_roll-015_brdf.png,1994,True
v0.4_results/21_three_axis_p3_local_refinement/postprocess/phase63/roll-015/yaw1500_pitchp0225_roll-015_ocs.json,552,True
v0.4_results/21_three_axis_p3_local_refinement/postprocess/phase63/roll-015/yaw1500_pitchp0225_roll-015_v_sun_macro.npy,262272,True
v0.4_results/21_three_axis_p3_local_refinement/postprocess/phase63/roll-015/yaw1500_pitchp0225_roll-015_v_sun_macro.png,746,True
v0.4_results/21_three_axis_p3_local_refinement/postprocess/phase63/roll-015/yaw1500_pitchp0250_roll-015_brdf.png,1944,True
v0.4_results/21_three_axis_p3_local_refinement/postprocess/phase63/roll-015/yaw1500_pitchp0250_roll-015_ocs.json,553,True
v0.4_results/21_three_axis_p3_local_refinement/postprocess/phase63/roll-015/yaw1500_pitchp0250_roll-015_v_sun_macro.npy,262272,True
v0.4_results/21_three_axis_p3_local_refinement/postprocess/phase63/roll-015/yaw1500_pitchp0250_roll-015_v_sun_macro.png,759,True
v0.4_results/21_three_axis_p3_local_refinement/postprocess/phase63/roll-015/yaw1525_pitchp0100_roll-015_brdf.png,1965,True
v0.4_results/21_three_axis_p3_local_refinement/postprocess/phase63/roll-015/yaw1525_pitchp0100_roll-015_ocs.json,552,True
v0.4_results/21_three_axis_p3_local_refinement/postprocess/phase63/roll-015/yaw1525_pitchp0100_roll-015_v_sun_macro.npy,262272,True
v0.4_results/21_three_axis_p3_local_refinement/postprocess/phase63/roll-015/yaw1525_pitchp0100_roll-015_v_sun_macro.png,741,True
v0.4_results/21_three_axis_p3_local_refinement/postprocess/phase63/roll-015/yaw1525_pitchp0125_roll-015_brdf.png,1798,True
v0.4_results/21_three_axis_p3_local_refinement/postprocess/phase63/roll-015/yaw1525_pitchp0125_roll-015_ocs.json,552,True
v0.4_results/21_three_axis_p3_local_refinement/postprocess/phase63/roll-015/yaw1525_pitchp0125_roll-015_v_sun_macro.npy,262272,True
v0.4_results/21_three_axis_p3_local_refinement/postprocess/phase63/roll-015/yaw1525_pitchp0125_roll-015_v_sun_macro.png,809,True
v0.4_results/21_three_axis_p3_local_refinement/postprocess/phase63/roll-015/yaw1525_pitchp0150_roll-015_brdf.png,1774,True
v0.4_results/21_three_axis_p3_local_refinement/postprocess/phase63/roll-015/yaw1525_pitchp0150_roll-015_ocs.json,550,True
v0.4_results/21_three_axis_p3_local_refinement/postprocess/phase63/roll-015/yaw1525_pitchp0150_roll-015_v_sun_macro.npy,262272,True
v0.4_results/21_three_axis_p3_local_refinement/postprocess/phase63/roll-015/yaw1525_pitchp0150_roll-015_v_sun_macro.png,825,True
v0.4_results/21_three_axis_p3_local_refinement/postprocess/phase63/roll-015/yaw1525_pitchp0175_roll-015_brdf.png,1846,True
v0.4_results/21_three_axis_p3_local_refinement/postprocess/phase63/roll-015/yaw1525_pitchp0175_roll-015_ocs.json,552,True
v0.4_results/21_three_axis_p3_local_refinement/postprocess/phase63/roll-015/yaw1525_pitchp0175_roll-015_v_sun_macro.npy,262272,True
v0.4_results/21_three_axis_p3_local_refinement/postprocess/phase63/roll-015/yaw1525_pitchp0175_roll-015_v_sun_macro.png,865,True
v0.4_results/21_three_axis_p3_local_refinement/postprocess/phase63/roll-015/yaw1525_pitchp0200_roll-015_brdf.png,1951,True
v0.4_results/21_three_axis_p3_local_refinement/postprocess/phase63/roll-015/yaw1525_pitchp0200_roll-015_ocs.json,553,True
v0.4_results/21_three_axis_p3_local_refinement/postprocess/phase63/roll-015/yaw1525_pitchp0200_roll-015_v_sun_macro.npy,262272,True
v0.4_results/21_three_axis_p3_local_refinement/postprocess/phase63/roll-015/yaw1525_pitchp0200_roll-015_v_sun_macro.png,820,True
v0.4_results/21_three_axis_p3_local_refinement/postprocess/phase63/roll-015/yaw1525_pitchp0225_roll-015_brdf.png,1974,True
v0.4_results/21_three_axis_p3_local_refinement/postprocess/phase63/roll-015/yaw1525_pitchp0225_roll-015_ocs.json,552,True
v0.4_results/21_three_axis_p3_local_refinement/postprocess/phase63/roll-015/yaw1525_pitchp0225_roll-015_v_sun_macro.npy,262272,True
v0.4_results/21_three_axis_p3_local_refinement/postprocess/phase63/roll-015/yaw1525_pitchp0225_roll-015_v_sun_macro.png,757,True
v0.4_results/21_three_axis_p3_local_refinement/postprocess/phase63/roll-015/yaw1525_pitchp0250_roll-015_brdf.png,1979,True
v0.4_results/21_three_axis_p3_local_refinement/postprocess/phase63/roll-015/yaw1525_pitchp0250_roll-015_ocs.json,552,True
v0.4_results/21_three_axis_p3_local_refinement/postprocess/phase63/roll-015/yaw1525_pitchp0250_roll-015_v_sun_macro.npy,262272,True
v0.4_results/21_three_axis_p3_local_refinement/postprocess/phase63/roll-015/yaw1525_pitchp0250_roll-015_v_sun_macro.png,745,True
v0.4_results/21_three_axis_p3_local_refinement/postprocess/phase63/roll-015/yaw1550_pitchp0100_roll-015_brdf.png,2062,True
v0.4_results/21_three_axis_p3_local_refinement/postprocess/phase63/roll-015/yaw1550_pitchp0100_roll-015_ocs.json,553,True
v0.4_results/21_three_axis_p3_local_refinement/postprocess/phase63/roll-015/yaw1550_pitchp0100_roll-015_v_sun_macro.npy,262272,True
v0.4_results/21_three_axis_p3_local_refinement/postprocess/phase63/roll-015/yaw1550_pitchp0100_roll-015_v_sun_macro.png,796,True
v0.4_results/21_three_axis_p3_local_refinement/postprocess/phase63/roll-015/yaw1550_pitchp0125_roll-015_brdf.png,1851,True
v0.4_results/21_three_axis_p3_local_refinement/postprocess/phase63/roll-015/yaw1550_pitchp0125_roll-015_ocs.json,552,True
v0.4_results/21_three_axis_p3_local_refinement/postprocess/phase63/roll-015/yaw1550_pitchp0125_roll-015_v_sun_macro.npy,262272,True
v0.4_results/21_three_axis_p3_local_refinement/postprocess/phase63/roll-015/yaw1550_pitchp0125_roll-015_v_sun_macro.png,825,True
v0.4_results/21_three_axis_p3_local_refinement/postprocess/phase63/roll-015/yaw1550_pitchp0150_roll-015_brdf.png,1787,True
v0.4_results/21_three_axis_p3_local_refinement/postprocess/phase63/roll-015/yaw1550_pitchp0150_roll-015_ocs.json,551,True
v0.4_results/21_three_axis_p3_local_refinement/postprocess/phase63/roll-015/yaw1550_pitchp0150_roll-015_v_sun_macro.npy,262272,True
v0.4_results/21_three_axis_p3_local_refinement/postprocess/phase63/roll-015/yaw1550_pitchp0150_roll-015_v_sun_macro.png,840,True
v0.4_results/21_three_axis_p3_local_refinement/postprocess/phase63/roll-015/yaw1550_pitchp0175_roll-015_brdf.png,1884,True
v0.4_results/21_three_axis_p3_local_refinement/postprocess/phase63/roll-015/yaw1550_pitchp0175_roll-015_ocs.json,551,True
v0.4_results/21_three_axis_p3_local_refinement/postprocess/phase63/roll-015/yaw1550_pitchp0175_roll-015_v_sun_macro.npy,262272,True
v0.4_results/21_three_axis_p3_local_refinement/postprocess/phase63/roll-015/yaw1550_pitchp0175_roll-015_v_sun_macro.png,844,True
v0.4_results/21_three_axis_p3_local_refinement/postprocess/phase63/roll-015/yaw1550_pitchp0200_roll-015_brdf.png,1903,True
v0.4_results/21_three_axis_p3_local_refinement/postprocess/phase63/roll-015/yaw1550_pitchp0200_roll-015_ocs.json,552,True
v0.4_results/21_three_axis_p3_local_refinement/postprocess/phase63/roll-015/yaw1550_pitchp0200_roll-015_v_sun_macro.npy,262272,True
v0.4_results/21_three_axis_p3_local_refinement/postprocess/phase63/roll-015/yaw1550_pitchp0200_roll-015_v_sun_macro.png,875,True
v0.4_results/21_three_axis_p3_local_refinement/postprocess/phase63/roll-015/yaw1550_pitchp0225_roll-015_brdf.png,1915,True
v0.4_results/21_three_axis_p3_local_refinement/postprocess/phase63/roll-015/yaw1550_pitchp0225_roll-015_ocs.json,555,True
v0.4_results/21_three_axis_p3_local_refinement/postprocess/phase63/roll-015/yaw1550_pitchp0225_roll-015_v_sun_macro.npy,262272,True
v0.4_results/21_three_axis_p3_local_refinement/postprocess/phase63/roll-015/yaw1550_pitchp0225_roll-015_v_sun_macro.png,801,True
v0.4_results/21_three_axis_p3_local_refinement/postprocess/phase63/roll-015/yaw1550_pitchp0250_roll-015_brdf.png,1960,True
v0.4_results/21_three_axis_p3_local_refinement/postprocess/phase63/roll-015/yaw1550_pitchp0250_roll-015_ocs.json,553,True
v0.4_results/21_three_axis_p3_local_refinement/postprocess/phase63/roll-015/yaw1550_pitchp0250_roll-015_v_sun_macro.npy,262272,True
v0.4_results/21_three_axis_p3_local_refinement/postprocess/phase63/roll-015/yaw1550_pitchp0250_roll-015_v_sun_macro.png,769,True
v0.4_results/21_three_axis_p3_local_refinement/postprocess/phase63/roll-015/yaw1575_pitchp0100_roll-015_brdf.png,2108,True
v0.4_results/21_three_axis_p3_local_refinement/postprocess/phase63/roll-015/yaw1575_pitchp0100_roll-015_ocs.json,551,True
v0.4_results/21_three_axis_p3_local_refinement/postprocess/phase63/roll-015/yaw1575_pitchp0100_roll-015_v_sun_macro.npy,262272,True
v0.4_results/21_three_axis_p3_local_refinement/postprocess/phase63/roll-015/yaw1575_pitchp0100_roll-015_v_sun_macro.png,782,True
v0.4_results/21_three_axis_p3_local_refinement/postprocess/phase63/roll-015/yaw1575_pitchp0125_roll-015_brdf.png,1776,True
v0.4_results/21_three_axis_p3_local_refinement/postprocess/phase63/roll-015/yaw1575_pitchp0125_roll-015_ocs.json,551,True
v0.4_results/21_three_axis_p3_local_refinement/postprocess/phase63/roll-015/yaw1575_pitchp0125_roll-015_v_sun_macro.npy,262272,True
v0.4_results/21_three_axis_p3_local_refinement/postprocess/phase63/roll-015/yaw1575_pitchp0125_roll-015_v_sun_macro.png,798,True
v0.4_results/21_three_axis_p3_local_refinement/postprocess/phase63/roll-015/yaw1575_pitchp0150_roll-015_brdf.png,1855,True
v0.4_results/21_three_axis_p3_local_refinement/postprocess/phase63/roll-015/yaw1575_pitchp0150_roll-015_ocs.json,551,True
v0.4_results/21_three_axis_p3_local_refinement/postprocess/phase63/roll-015/yaw1575_pitchp0150_roll-015_v_sun_macro.npy,262272,True
v0.4_results/21_three_axis_p3_local_refinement/postprocess/phase63/roll-015/yaw1575_pitchp0150_roll-015_v_sun_macro.png,814,True
v0.4_results/21_three_axis_p3_local_refinement/postprocess/phase63/roll-015/yaw1575_pitchp0175_roll-015_brdf.png,1829,True
v0.4_results/21_three_axis_p3_local_refinement/postprocess/phase63/roll-015/yaw1575_pitchp0175_roll-015_ocs.json,552,True
v0.4_results/21_three_axis_p3_local_refinement/postprocess/phase63/roll-015/yaw1575_pitchp0175_roll-015_v_sun_macro.npy,262272,True
v0.4_results/21_three_axis_p3_local_refinement/postprocess/phase63/roll-015/yaw1575_pitchp0175_roll-015_v_sun_macro.png,833,True
v0.4_results/21_three_axis_p3_local_refinement/postprocess/phase63/roll-015/yaw1575_pitchp0200_roll-015_brdf.png,1893,True
v0.4_results/21_three_axis_p3_local_refinement/postprocess/phase63/roll-015/yaw1575_pitchp0200_roll-015_ocs.json,551,True
v0.4_results/21_three_axis_p3_local_refinement/postprocess/phase63/roll-015/yaw1575_pitchp0200_roll-015_v_sun_macro.npy,262272,True
v0.4_results/21_three_axis_p3_local_refinement/postprocess/phase63/roll-015/yaw1575_pitchp0200_roll-015_v_sun_macro.png,908,True
v0.4_results/21_three_axis_p3_local_refinement/postprocess/phase63/roll-015/yaw1575_pitchp0225_roll-015_brdf.png,1921,True
v0.4_results/21_three_axis_p3_local_refinement/postprocess/phase63/roll-015/yaw1575_pitchp0225_roll-015_ocs.json,552,True
v0.4_results/21_three_axis_p3_local_refinement/postprocess/phase63/roll-015/yaw1575_pitchp0225_roll-015_v_sun_macro.npy,262272,True
v0.4_results/21_three_axis_p3_local_refinement/postprocess/phase63/roll-015/yaw1575_pitchp0225_roll-015_v_sun_macro.png,848,True
v0.4_results/21_three_axis_p3_local_refinement/postprocess/phase63/roll-015/yaw1575_pitchp0250_roll-015_brdf.png,1999,True
v0.4_results/21_three_axis_p3_local_refinement/postprocess/phase63/roll-015/yaw1575_pitchp0250_roll-015_ocs.json,553,True
v0.4_results/21_three_axis_p3_local_refinement/postprocess/phase63/roll-015/yaw1575_pitchp0250_roll-015_v_sun_macro.npy,262272,True
v0.4_results/21_three_axis_p3_local_refinement/postprocess/phase63/roll-015/yaw1575_pitchp0250_roll-015_v_sun_macro.png,803,True
v0.4_results/21_three_axis_p3_local_refinement/postprocess/phase63/roll-015/yaw1600_pitchp0100_roll-015_brdf.png,2137,True
v0.4_results/21_three_axis_p3_local_refinement/postprocess/phase63/roll-015/yaw1600_pitchp0100_roll-015_ocs.json,552,True
v0.4_results/21_three_axis_p3_local_refinement/postprocess/phase63/roll-015/yaw1600_pitchp0100_roll-015_v_sun_macro.npy,262272,True
v0.4_results/21_three_axis_p3_local_refinement/postprocess/phase63/roll-015/yaw1600_pitchp0100_roll-015_v_sun_macro.png,801,True
v0.4_results/21_three_axis_p3_local_refinement/postprocess/phase63/roll-015/yaw1600_pitchp0125_roll-015_brdf.png,1779,True
v0.4_results/21_three_axis_p3_local_refinement/postprocess/phase63/roll-015/yaw1600_pitchp0125_roll-015_ocs.json,553,True
v0.4_results/21_three_axis_p3_local_refinement/postprocess/phase63/roll-015/yaw1600_pitchp0125_roll-015_v_sun_macro.npy,262272,True
v0.4_results/21_three_axis_p3_local_refinement/postprocess/phase63/roll-015/yaw1600_pitchp0125_roll-015_v_sun_macro.png,805,True
v0.4_results/21_three_axis_p3_local_refinement/postprocess/phase63/roll-015/yaw1600_pitchp0150_roll-015_brdf.png,1872,True
v0.4_results/21_three_axis_p3_local_refinement/postprocess/phase63/roll-015/yaw1600_pitchp0150_roll-015_ocs.json,552,True
v0.4_results/21_three_axis_p3_local_refinement/postprocess/phase63/roll-015/yaw1600_pitchp0150_roll-015_v_sun_macro.npy,262272,True
v0.4_results/21_three_axis_p3_local_refinement/postprocess/phase63/roll-015/yaw1600_pitchp0150_roll-015_v_sun_macro.png,821,True
v0.4_results/21_three_axis_p3_local_refinement/postprocess/phase63/roll-015/yaw1600_pitchp0175_roll-015_brdf.png,1862,True
v0.4_results/21_three_axis_p3_local_refinement/postprocess/phase63/roll-015/yaw1600_pitchp0175_roll-015_ocs.json,551,True
v0.4_results/21_three_axis_p3_local_refinement/postprocess/phase63/roll-015/yaw1600_pitchp0175_roll-015_v_sun_macro.npy,262272,True
v0.4_results/21_three_axis_p3_local_refinement/postprocess/phase63/roll-015/yaw1600_pitchp0175_roll-015_v_sun_macro.png,815,True
v0.4_results/21_three_axis_p3_local_refinement/postprocess/phase63/roll-015/yaw1600_pitchp0200_roll-015_brdf.png,1864,True
v0.4_results/21_three_axis_p3_local_refinement/postprocess/phase63/roll-015/yaw1600_pitchp0200_roll-015_ocs.json,551,True
v0.4_results/21_three_axis_p3_local_refinement/postprocess/phase63/roll-015/yaw1600_pitchp0200_roll-015_v_sun_macro.npy,262272,True
v0.4_results/21_three_axis_p3_local_refinement/postprocess/phase63/roll-015/yaw1600_pitchp0200_roll-015_v_sun_macro.png,858,True
v0.4_results/21_three_axis_p3_local_refinement/postprocess/phase63/roll-015/yaw1600_pitchp0225_roll-015_brdf.png,1931,True
v0.4_results/21_three_axis_p3_local_refinement/postprocess/phase63/roll-015/yaw1600_pitchp0225_roll-015_ocs.json,554,True
v0.4_results/21_three_axis_p3_local_refinement/postprocess/phase63/roll-015/yaw1600_pitchp0225_roll-015_v_sun_macro.npy,262272,True
v0.4_results/21_three_axis_p3_local_refinement/postprocess/phase63/roll-015/yaw1600_pitchp0225_roll-015_v_sun_macro.png,861,True
v0.4_results/21_three_axis_p3_local_refinement/postprocess/phase63/roll-015/yaw1600_pitchp0250_roll-015_brdf.png,1987,True
v0.4_results/21_three_axis_p3_local_refinement/postprocess/phase63/roll-015/yaw1600_pitchp0250_roll-015_ocs.json,553,True
v0.4_results/21_three_axis_p3_local_refinement/postprocess/phase63/roll-015/yaw1600_pitchp0250_roll-015_v_sun_macro.npy,262272,True
v0.4_results/21_three_axis_p3_local_refinement/postprocess/phase63/roll-015/yaw1600_pitchp0250_roll-015_v_sun_macro.png,805,True
v0.4_results/21_three_axis_p3_local_refinement/postprocess/phase63/roll-015/yaw2050_pitchm0050_roll-015_brdf.png,2132,True
v0.4_results/21_three_axis_p3_local_refinement/postprocess/phase63/roll-015/yaw2050_pitchm0050_roll-015_ocs.json,556,True
v0.4_results/21_three_axis_p3_local_refinement/postprocess/phase63/roll-015/yaw2050_pitchm0050_roll-015_v_sun_macro.npy,262272,True
v0.4_results/21_three_axis_p3_local_refinement/postprocess/phase63/roll-015/yaw2050_pitchm0050_roll-015_v_sun_macro.png,775,True
v0.4_results/21_three_axis_p3_local_refinement/postprocess/phase63/roll-015/yaw2050_pitchm0100_roll-015_brdf.png,2222,True
v0.4_results/21_three_axis_p3_local_refinement/postprocess/phase63/roll-015/yaw2050_pitchm0100_roll-015_ocs.json,556,True
v0.4_results/21_three_axis_p3_local_refinement/postprocess/phase63/roll-015/yaw2050_pitchm0100_roll-015_v_sun_macro.npy,262272,True
v0.4_results/21_three_axis_p3_local_refinement/postprocess/phase63/roll-015/yaw2050_pitchm0100_roll-015_v_sun_macro.png,815,True
v0.4_results/21_three_axis_p3_local_refinement/postprocess/phase63/roll-015/yaw2100_pitchm0050_roll-015_brdf.png,2156,True
v0.4_results/21_three_axis_p3_local_refinement/postprocess/phase63/roll-015/yaw2100_pitchm0050_roll-015_ocs.json,555,True
v0.4_results/21_three_axis_p3_local_refinement/postprocess/phase63/roll-015/yaw2100_pitchm0050_roll-015_v_sun_macro.npy,262272,True
v0.4_results/21_three_axis_p3_local_refinement/postprocess/phase63/roll-015/yaw2100_pitchm0050_roll-015_v_sun_macro.png,748,True
v0.4_results/21_three_axis_p3_local_refinement/postprocess/phase63/roll-015/yaw2100_pitchm0100_roll-015_brdf.png,2308,True
v0.4_results/21_three_axis_p3_local_refinement/postprocess/phase63/roll-015/yaw2100_pitchm0100_roll-015_ocs.json,556,True
v0.4_results/21_three_axis_p3_local_refinement/postprocess/phase63/roll-015/yaw2100_pitchm0100_roll-015_v_sun_macro.npy,262272,True
v0.4_results/21_three_axis_p3_local_refinement/postprocess/phase63/roll-015/yaw2100_pitchm0100_roll-015_v_sun_macro.png,780,True
v0.4_results/21_three_axis_p3_local_refinement/postprocess/phase63/roll-015/yaw2400_pitchp0300_roll-015_brdf.png,2599,True
v0.4_results/21_three_axis_p3_local_refinement/postprocess/phase63/roll-015/yaw2400_pitchp0300_roll-015_ocs.json,553,True
v0.4_results/21_three_axis_p3_local_refinement/postprocess/phase63/roll-015/yaw2400_pitchp0300_roll-015_v_sun_macro.npy,262272,True
v0.4_results/21_three_axis_p3_local_refinement/postprocess/phase63/roll-015/yaw2400_pitchp0300_roll-015_v_sun_macro.png,737,True
v0.4_results/21_three_axis_p3_local_refinement/postprocess/phase63/roll-015/yaw2400_pitchp0325_roll-015_brdf.png,2656,True
v0.4_results/21_three_axis_p3_local_refinement/postprocess/phase63/roll-015/yaw2400_pitchp0325_roll-015_ocs.json,556,True
v0.4_results/21_three_axis_p3_local_refinement/postprocess/phase63/roll-015/yaw2400_pitchp0325_roll-015_v_sun_macro.npy,262272,True
v0.4_results/21_three_axis_p3_local_refinement/postprocess/phase63/roll-015/yaw2400_pitchp0325_roll-015_v_sun_macro.png,720,True
v0.4_results/21_three_axis_p3_local_refinement/postprocess/phase63/roll-015/yaw2400_pitchp0350_roll-015_brdf.png,2574,True
v0.4_results/21_three_axis_p3_local_refinement/postprocess/phase63/roll-015/yaw2400_pitchp0350_roll-015_ocs.json,554,True
v0.4_results/21_three_axis_p3_local_refinement/postprocess/phase63/roll-015/yaw2400_pitchp0350_roll-015_v_sun_macro.npy,262272,True
v0.4_results/21_three_axis_p3_local_refinement/postprocess/phase63/roll-015/yaw2400_pitchp0350_roll-015_v_sun_macro.png,750,True
v0.4_results/21_three_axis_p3_local_refinement/postprocess/phase63/roll-015/yaw2400_pitchp0375_roll-015_brdf.png,2552,True
v0.4_results/21_three_axis_p3_local_refinement/postprocess/phase63/roll-015/yaw2400_pitchp0375_roll-015_ocs.json,555,True
v0.4_results/21_three_axis_p3_local_refinement/postprocess/phase63/roll-015/yaw2400_pitchp0375_roll-015_v_sun_macro.npy,262272,True
v0.4_results/21_three_axis_p3_local_refinement/postprocess/phase63/roll-015/yaw2400_pitchp0375_roll-015_v_sun_macro.png,778,True
v0.4_results/21_three_axis_p3_local_refinement/postprocess/phase63/roll-015/yaw2400_pitchp0400_roll-015_brdf.png,2560,True
v0.4_results/21_three_axis_p3_local_refinement/postprocess/phase63/roll-015/yaw2400_pitchp0400_roll-015_ocs.json,554,True
v0.4_results/21_three_axis_p3_local_refinement/postprocess/phase63/roll-015/yaw2400_pitchp0400_roll-015_v_sun_macro.npy,262272,True
v0.4_results/21_three_axis_p3_local_refinement/postprocess/phase63/roll-015/yaw2400_pitchp0400_roll-015_v_sun_macro.png,767,True
v0.4_results/21_three_axis_p3_local_refinement/postprocess/phase63/roll-015/yaw2425_pitchp0300_roll-015_brdf.png,2509,True
v0.4_results/21_three_axis_p3_local_refinement/postprocess/phase63/roll-015/yaw2425_pitchp0300_roll-015_ocs.json,553,True
v0.4_results/21_three_axis_p3_local_refinement/postprocess/phase63/roll-015/yaw2425_pitchp0300_roll-015_v_sun_macro.npy,262272,True
v0.4_results/21_three_axis_p3_local_refinement/postprocess/phase63/roll-015/yaw2425_pitchp0300_roll-015_v_sun_macro.png,694,True
v0.4_results/21_three_axis_p3_local_refinement/postprocess/phase63/roll-015/yaw2425_pitchp0325_roll-015_brdf.png,2549,True
v0.4_results/21_three_axis_p3_local_refinement/postprocess/phase63/roll-015/yaw2425_pitchp0325_roll-015_ocs.json,554,True
v0.4_results/21_three_axis_p3_local_refinement/postprocess/phase63/roll-015/yaw2425_pitchp0325_roll-015_v_sun_macro.npy,262272,True
v0.4_results/21_three_axis_p3_local_refinement/postprocess/phase63/roll-015/yaw2425_pitchp0325_roll-015_v_sun_macro.png,721,True
v0.4_results/21_three_axis_p3_local_refinement/postprocess/phase63/roll-015/yaw2425_pitchp0350_roll-015_brdf.png,2524,True
v0.4_results/21_three_axis_p3_local_refinement/postprocess/phase63/roll-015/yaw2425_pitchp0350_roll-015_ocs.json,555,True
v0.4_results/21_three_axis_p3_local_refinement/postprocess/phase63/roll-015/yaw2425_pitchp0350_roll-015_v_sun_macro.npy,262272,True
v0.4_results/21_three_axis_p3_local_refinement/postprocess/phase63/roll-015/yaw2425_pitchp0350_roll-015_v_sun_macro.png,744,True
v0.4_results/21_three_axis_p3_local_refinement/postprocess/phase63/roll-015/yaw2425_pitchp0375_roll-015_brdf.png,2481,True
v0.4_results/21_three_axis_p3_local_refinement/postprocess/phase63/roll-015/yaw2425_pitchp0375_roll-015_ocs.json,553,True
v0.4_results/21_three_axis_p3_local_refinement/postprocess/phase63/roll-015/yaw2425_pitchp0375_roll-015_v_sun_macro.npy,262272,True
v0.4_results/21_three_axis_p3_local_refinement/postprocess/phase63/roll-015/yaw2425_pitchp0375_roll-015_v_sun_macro.png,733,True
v0.4_results/21_three_axis_p3_local_refinement/postprocess/phase63/roll-015/yaw2425_pitchp0400_roll-015_brdf.png,2568,True
v0.4_results/21_three_axis_p3_local_refinement/postprocess/phase63/roll-015/yaw2425_pitchp0400_roll-015_ocs.json,554,True
v0.4_results/21_three_axis_p3_local_refinement/postprocess/phase63/roll-015/yaw2425_pitchp0400_roll-015_v_sun_macro.npy,262272,True
v0.4_results/21_three_axis_p3_local_refinement/postprocess/phase63/roll-015/yaw2425_pitchp0400_roll-015_v_sun_macro.png,739,True
v0.4_results/21_three_axis_p3_local_refinement/postprocess/phase63/roll-015/yaw2450_pitchp0300_roll-015_brdf.png,2524,True
v0.4_results/21_three_axis_p3_local_refinement/postprocess/phase63/roll-015/yaw2450_pitchp0300_roll-015_ocs.json,554,True
v0.4_results/21_three_axis_p3_local_refinement/postprocess/phase63/roll-015/yaw2450_pitchp0300_roll-015_v_sun_macro.npy,262272,True
v0.4_results/21_three_axis_p3_local_refinement/postprocess/phase63/roll-015/yaw2450_pitchp0300_roll-015_v_sun_macro.png,717,True
v0.4_results/21_three_axis_p3_local_refinement/postprocess/phase63/roll-015/yaw2450_pitchp0325_roll-015_brdf.png,2553,True
v0.4_results/21_three_axis_p3_local_refinement/postprocess/phase63/roll-015/yaw2450_pitchp0325_roll-015_ocs.json,555,True
v0.4_results/21_three_axis_p3_local_refinement/postprocess/phase63/roll-015/yaw2450_pitchp0325_roll-015_v_sun_macro.npy,262272,True
v0.4_results/21_three_axis_p3_local_refinement/postprocess/phase63/roll-015/yaw2450_pitchp0325_roll-015_v_sun_macro.png,723,True
v0.4_results/21_three_axis_p3_local_refinement/postprocess/phase63/roll-015/yaw2450_pitchp0350_roll-015_brdf.png,2471,True
v0.4_results/21_three_axis_p3_local_refinement/postprocess/phase63/roll-015/yaw2450_pitchp0350_roll-015_ocs.json,554,True
v0.4_results/21_three_axis_p3_local_refinement/postprocess/phase63/roll-015/yaw2450_pitchp0350_roll-015_v_sun_macro.npy,262272,True
v0.4_results/21_three_axis_p3_local_refinement/postprocess/phase63/roll-015/yaw2450_pitchp0350_roll-015_v_sun_macro.png,722,True
v0.4_results/21_three_axis_p3_local_refinement/postprocess/phase63/roll-015/yaw2450_pitchp0375_roll-015_brdf.png,2504,True
v0.4_results/21_three_axis_p3_local_refinement/postprocess/phase63/roll-015/yaw2450_pitchp0375_roll-015_ocs.json,553,True
v0.4_results/21_three_axis_p3_local_refinement/postprocess/phase63/roll-015/yaw2450_pitchp0375_roll-015_v_sun_macro.npy,262272,True
v0.4_results/21_three_axis_p3_local_refinement/postprocess/phase63/roll-015/yaw2450_pitchp0375_roll-015_v_sun_macro.png,709,True
v0.4_results/21_three_axis_p3_local_refinement/postprocess/phase63/roll-015/yaw2450_pitchp0400_roll-015_brdf.png,2546,True
v0.4_results/21_three_axis_p3_local_refinement/postprocess/phase63/roll-015/yaw2450_pitchp0400_roll-015_ocs.json,554,True
v0.4_results/21_three_axis_p3_local_refinement/postprocess/phase63/roll-015/yaw2450_pitchp0400_roll-015_v_sun_macro.npy,262272,True
v0.4_results/21_three_axis_p3_local_refinement/postprocess/phase63/roll-015/yaw2450_pitchp0400_roll-015_v_sun_macro.png,705,True
v0.4_results/21_three_axis_p3_local_refinement/postprocess/phase63/roll-015/yaw2475_pitchp0300_roll-015_brdf.png,2559,True
v0.4_results/21_three_axis_p3_local_refinement/postprocess/phase63/roll-015/yaw2475_pitchp0300_roll-015_ocs.json,553,True
v0.4_results/21_three_axis_p3_local_refinement/postprocess/phase63/roll-015/yaw2475_pitchp0300_roll-015_v_sun_macro.npy,262272,True
v0.4_results/21_three_axis_p3_local_refinement/postprocess/phase63/roll-015/yaw2475_pitchp0300_roll-015_v_sun_macro.png,693,True
v0.4_results/21_three_axis_p3_local_refinement/postprocess/phase63/roll-015/yaw2475_pitchp0325_roll-015_brdf.png,2432,True
v0.4_results/21_three_axis_p3_local_refinement/postprocess/phase63/roll-015/yaw2475_pitchp0325_roll-015_ocs.json,556,True
v0.4_results/21_three_axis_p3_local_refinement/postprocess/phase63/roll-015/yaw2475_pitchp0325_roll-015_v_sun_macro.npy,262272,True
v0.4_results/21_three_axis_p3_local_refinement/postprocess/phase63/roll-015/yaw2475_pitchp0325_roll-015_v_sun_macro.png,692,True
v0.4_results/21_three_axis_p3_local_refinement/postprocess/phase63/roll-015/yaw2475_pitchp0350_roll-015_brdf.png,2405,True
v0.4_results/21_three_axis_p3_local_refinement/postprocess/phase63/roll-015/yaw2475_pitchp0350_roll-015_ocs.json,555,True
v0.4_results/21_three_axis_p3_local_refinement/postprocess/phase63/roll-015/yaw2475_pitchp0350_roll-015_v_sun_macro.npy,262272,True
v0.4_results/21_three_axis_p3_local_refinement/postprocess/phase63/roll-015/yaw2475_pitchp0350_roll-015_v_sun_macro.png,710,True
v0.4_results/21_three_axis_p3_local_refinement/postprocess/phase63/roll-015/yaw2475_pitchp0375_roll-015_brdf.png,2516,True
v0.4_results/21_three_axis_p3_local_refinement/postprocess/phase63/roll-015/yaw2475_pitchp0375_roll-015_ocs.json,554,True
v0.4_results/21_three_axis_p3_local_refinement/postprocess/phase63/roll-015/yaw2475_pitchp0375_roll-015_v_sun_macro.npy,262272,True
v0.4_results/21_three_axis_p3_local_refinement/postprocess/phase63/roll-015/yaw2475_pitchp0375_roll-015_v_sun_macro.png,714,True
v0.4_results/21_three_axis_p3_local_refinement/postprocess/phase63/roll-015/yaw2475_pitchp0400_roll-015_brdf.png,2536,True
v0.4_results/21_three_axis_p3_local_refinement/postprocess/phase63/roll-015/yaw2475_pitchp0400_roll-015_ocs.json,553,True
v0.4_results/21_three_axis_p3_local_refinement/postprocess/phase63/roll-015/yaw2475_pitchp0400_roll-015_v_sun_macro.npy,262272,True
v0.4_results/21_three_axis_p3_local_refinement/postprocess/phase63/roll-015/yaw2475_pitchp0400_roll-015_v_sun_macro.png,676,True
v0.4_results/21_three_axis_p3_local_refinement/postprocess/phase63/roll-015/yaw2500_pitchp0300_roll-015_brdf.png,2448,True
v0.4_results/21_three_axis_p3_local_refinement/postprocess/phase63/roll-015/yaw2500_pitchp0300_roll-015_ocs.json,553,True
v0.4_results/21_three_axis_p3_local_refinement/postprocess/phase63/roll-015/yaw2500_pitchp0300_roll-015_v_sun_macro.npy,262272,True
v0.4_results/21_three_axis_p3_local_refinement/postprocess/phase63/roll-015/yaw2500_pitchp0300_roll-015_v_sun_macro.png,682,True
v0.4_results/21_three_axis_p3_local_refinement/postprocess/phase63/roll-015/yaw2500_pitchp0325_roll-015_brdf.png,2441,True
v0.4_results/21_three_axis_p3_local_refinement/postprocess/phase63/roll-015/yaw2500_pitchp0325_roll-015_ocs.json,553,True
v0.4_results/21_three_axis_p3_local_refinement/postprocess/phase63/roll-015/yaw2500_pitchp0325_roll-015_v_sun_macro.npy,262272,True
v0.4_results/21_three_axis_p3_local_refinement/postprocess/phase63/roll-015/yaw2500_pitchp0325_roll-015_v_sun_macro.png,674,True
v0.4_results/21_three_axis_p3_local_refinement/postprocess/phase63/roll-015/yaw2500_pitchp0350_roll-015_brdf.png,2415,True
v0.4_results/21_three_axis_p3_local_refinement/postprocess/phase63/roll-015/yaw2500_pitchp0350_roll-015_ocs.json,556,True
v0.4_results/21_three_axis_p3_local_refinement/postprocess/phase63/roll-015/yaw2500_pitchp0350_roll-015_v_sun_macro.npy,262272,True
v0.4_results/21_three_axis_p3_local_refinement/postprocess/phase63/roll-015/yaw2500_pitchp0350_roll-015_v_sun_macro.png,694,True
v0.4_results/21_three_axis_p3_local_refinement/postprocess/phase63/roll-015/yaw2500_pitchp0375_roll-015_brdf.png,2486,True
v0.4_results/21_three_axis_p3_local_refinement/postprocess/phase63/roll-015/yaw2500_pitchp0375_roll-015_ocs.json,556,True
v0.4_results/21_three_axis_p3_local_refinement/postprocess/phase63/roll-015/yaw2500_pitchp0375_roll-015_v_sun_macro.npy,262272,True
v0.4_results/21_three_axis_p3_local_refinement/postprocess/phase63/roll-015/yaw2500_pitchp0375_roll-015_v_sun_macro.png,648,True
v0.4_results/21_three_axis_p3_local_refinement/postprocess/phase63/roll-015/yaw2500_pitchp0400_roll-015_brdf.png,2531,True
v0.4_results/21_three_axis_p3_local_refinement/postprocess/phase63/roll-015/yaw2500_pitchp0400_roll-015_ocs.json,556,True
v0.4_results/21_three_axis_p3_local_refinement/postprocess/phase63/roll-015/yaw2500_pitchp0400_roll-015_v_sun_macro.npy,262272,True
v0.4_results/21_three_axis_p3_local_refinement/postprocess/phase63/roll-015/yaw2500_pitchp0400_roll-015_v_sun_macro.png,676,True
v0.4_results/21_three_axis_p3_local_refinement/postprocess/phase63/roll-015/yaw2800_pitchm0800_roll-015_brdf.png,1634,True
v0.4_results/21_three_axis_p3_local_refinement/postprocess/phase63/roll-015/yaw2800_pitchm0800_roll-015_ocs.json,555,True
v0.4_results/21_three_axis_p3_local_refinement/postprocess/phase63/roll-015/yaw2800_pitchm0800_roll-015_v_sun_macro.npy,262272,True
v0.4_results/21_three_axis_p3_local_refinement/postprocess/phase63/roll-015/yaw2800_pitchm0800_roll-015_v_sun_macro.png,736,True
v0.4_results/21_three_axis_p3_local_refinement/postprocess/phase63/roll-015/yaw2800_pitchm0850_roll-015_brdf.png,1549,True
v0.4_results/21_three_axis_p3_local_refinement/postprocess/phase63/roll-015/yaw2800_pitchm0850_roll-015_ocs.json,555,True
v0.4_results/21_three_axis_p3_local_refinement/postprocess/phase63/roll-015/yaw2800_pitchm0850_roll-015_v_sun_macro.npy,262272,True
v0.4_results/21_three_axis_p3_local_refinement/postprocess/phase63/roll-015/yaw2800_pitchm0850_roll-015_v_sun_macro.png,683,True
v0.4_results/21_three_axis_p3_local_refinement/postprocess/phase63/roll-015/yaw2850_pitchm0800_roll-015_brdf.png,1542,True
v0.4_results/21_three_axis_p3_local_refinement/postprocess/phase63/roll-015/yaw2850_pitchm0800_roll-015_ocs.json,556,True
v0.4_results/21_three_axis_p3_local_refinement/postprocess/phase63/roll-015/yaw2850_pitchm0800_roll-015_v_sun_macro.npy,262272,True
v0.4_results/21_three_axis_p3_local_refinement/postprocess/phase63/roll-015/yaw2850_pitchm0800_roll-015_v_sun_macro.png,701,True
v0.4_results/21_three_axis_p3_local_refinement/postprocess/phase63/roll-015/yaw2850_pitchm0850_roll-015_brdf.png,1460,True
v0.4_results/21_three_axis_p3_local_refinement/postprocess/phase63/roll-015/yaw2850_pitchm0850_roll-015_ocs.json,555,True
v0.4_results/21_three_axis_p3_local_refinement/postprocess/phase63/roll-015/yaw2850_pitchm0850_roll-015_v_sun_macro.npy,262272,True
v0.4_results/21_three_axis_p3_local_refinement/postprocess/phase63/roll-015/yaw2850_pitchm0850_roll-015_v_sun_macro.png,659,True
v0.4_results/21_three_axis_p3_local_refinement/postprocess/phase63/roll-030/p3_postprocess_summary.json,131651,True
v0.4_results/21_three_axis_p3_local_refinement/postprocess/phase63/roll-030/yaw0550_pitchp0600_roll-030_brdf.png,1477,True
v0.4_results/21_three_axis_p3_local_refinement/postprocess/phase63/roll-030/yaw0550_pitchp0600_roll-030_ocs.json,533,True
v0.4_results/21_three_axis_p3_local_refinement/postprocess/phase63/roll-030/yaw0550_pitchp0600_roll-030_v_sun_macro.npy,262272,True
v0.4_results/21_three_axis_p3_local_refinement/postprocess/phase63/roll-030/yaw0550_pitchp0600_roll-030_v_sun_macro.png,705,True
v0.4_results/21_three_axis_p3_local_refinement/postprocess/phase63/roll-030/yaw0550_pitchp0625_roll-030_brdf.png,1518,True
v0.4_results/21_three_axis_p3_local_refinement/postprocess/phase63/roll-030/yaw0550_pitchp0625_roll-030_ocs.json,533,True
v0.4_results/21_three_axis_p3_local_refinement/postprocess/phase63/roll-030/yaw0550_pitchp0625_roll-030_v_sun_macro.npy,262272,True
v0.4_results/21_three_axis_p3_local_refinement/postprocess/phase63/roll-030/yaw0550_pitchp0625_roll-030_v_sun_macro.png,707,True
v0.4_results/21_three_axis_p3_local_refinement/postprocess/phase63/roll-030/yaw0550_pitchp0650_roll-030_brdf.png,1571,True
v0.4_results/21_three_axis_p3_local_refinement/postprocess/phase63/roll-030/yaw0550_pitchp0650_roll-030_ocs.json,533,True
v0.4_results/21_three_axis_p3_local_refinement/postprocess/phase63/roll-030/yaw0550_pitchp0650_roll-030_v_sun_macro.npy,262272,True
v0.4_results/21_three_axis_p3_local_refinement/postprocess/phase63/roll-030/yaw0550_pitchp0650_roll-030_v_sun_macro.png,695,True
v0.4_results/21_three_axis_p3_local_refinement/postprocess/phase63/roll-030/yaw0550_pitchp0675_roll-030_brdf.png,1636,True
v0.4_results/21_three_axis_p3_local_refinement/postprocess/phase63/roll-030/yaw0550_pitchp0675_roll-030_ocs.json,532,True
v0.4_results/21_three_axis_p3_local_refinement/postprocess/phase63/roll-030/yaw0550_pitchp0675_roll-030_v_sun_macro.npy,262272,True
v0.4_results/21_three_axis_p3_local_refinement/postprocess/phase63/roll-030/yaw0550_pitchp0675_roll-030_v_sun_macro.png,695,True
v0.4_results/21_three_axis_p3_local_refinement/postprocess/phase63/roll-030/yaw0550_pitchp0700_roll-030_brdf.png,1684,True
v0.4_results/21_three_axis_p3_local_refinement/postprocess/phase63/roll-030/yaw0550_pitchp0700_roll-030_ocs.json,531,True
v0.4_results/21_three_axis_p3_local_refinement/postprocess/phase63/roll-030/yaw0550_pitchp0700_roll-030_v_sun_macro.npy,262272,True
v0.4_results/21_three_axis_p3_local_refinement/postprocess/phase63/roll-030/yaw0550_pitchp0700_roll-030_v_sun_macro.png,660,True
v0.4_results/21_three_axis_p3_local_refinement/postprocess/phase63/roll-030/yaw0575_pitchp0600_roll-030_brdf.png,1504,True
v0.4_results/21_three_axis_p3_local_refinement/postprocess/phase63/roll-030/yaw0575_pitchp0600_roll-030_ocs.json,532,True
v0.4_results/21_three_axis_p3_local_refinement/postprocess/phase63/roll-030/yaw0575_pitchp0600_roll-030_v_sun_macro.npy,262272,True
v0.4_results/21_three_axis_p3_local_refinement/postprocess/phase63/roll-030/yaw0575_pitchp0600_roll-030_v_sun_macro.png,706,True
v0.4_results/21_three_axis_p3_local_refinement/postprocess/phase63/roll-030/yaw0575_pitchp0625_roll-030_brdf.png,1641,True
v0.4_results/21_three_axis_p3_local_refinement/postprocess/phase63/roll-030/yaw0575_pitchp0625_roll-030_ocs.json,530,True
v0.4_results/21_three_axis_p3_local_refinement/postprocess/phase63/roll-030/yaw0575_pitchp0625_roll-030_v_sun_macro.npy,262272,True
v0.4_results/21_three_axis_p3_local_refinement/postprocess/phase63/roll-030/yaw0575_pitchp0625_roll-030_v_sun_macro.png,717,True
v0.4_results/21_three_axis_p3_local_refinement/postprocess/phase63/roll-030/yaw0575_pitchp0650_roll-030_brdf.png,1615,True
v0.4_results/21_three_axis_p3_local_refinement/postprocess/phase63/roll-030/yaw0575_pitchp0650_roll-030_ocs.json,533,True
v0.4_results/21_three_axis_p3_local_refinement/postprocess/phase63/roll-030/yaw0575_pitchp0650_roll-030_v_sun_macro.npy,262272,True
v0.4_results/21_three_axis_p3_local_refinement/postprocess/phase63/roll-030/yaw0575_pitchp0650_roll-030_v_sun_macro.png,664,True
v0.4_results/21_three_axis_p3_local_refinement/postprocess/phase63/roll-030/yaw0575_pitchp0675_roll-030_brdf.png,1600,True
v0.4_results/21_three_axis_p3_local_refinement/postprocess/phase63/roll-030/yaw0575_pitchp0675_roll-030_ocs.json,534,True
v0.4_results/21_three_axis_p3_local_refinement/postprocess/phase63/roll-030/yaw0575_pitchp0675_roll-030_v_sun_macro.npy,262272,True
v0.4_results/21_three_axis_p3_local_refinement/postprocess/phase63/roll-030/yaw0575_pitchp0675_roll-030_v_sun_macro.png,679,True
v0.4_results/21_three_axis_p3_local_refinement/postprocess/phase63/roll-030/yaw0575_pitchp0700_roll-030_brdf.png,1645,True
v0.4_results/21_three_axis_p3_local_refinement/postprocess/phase63/roll-030/yaw0575_pitchp0700_roll-030_ocs.json,532,True
v0.4_results/21_three_axis_p3_local_refinement/postprocess/phase63/roll-030/yaw0575_pitchp0700_roll-030_v_sun_macro.npy,262272,True
v0.4_results/21_three_axis_p3_local_refinement/postprocess/phase63/roll-030/yaw0575_pitchp0700_roll-030_v_sun_macro.png,681,True
v0.4_results/21_three_axis_p3_local_refinement/postprocess/phase63/roll-030/yaw0600_pitchp0600_roll-030_brdf.png,1655,True
v0.4_results/21_three_axis_p3_local_refinement/postprocess/phase63/roll-030/yaw0600_pitchp0600_roll-030_ocs.json,535,True
v0.4_results/21_three_axis_p3_local_refinement/postprocess/phase63/roll-030/yaw0600_pitchp0600_roll-030_v_sun_macro.npy,262272,True
v0.4_results/21_three_axis_p3_local_refinement/postprocess/phase63/roll-030/yaw0600_pitchp0600_roll-030_v_sun_macro.png,693,True
v0.4_results/21_three_axis_p3_local_refinement/postprocess/phase63/roll-030/yaw0600_pitchp0625_roll-030_brdf.png,1601,True
v0.4_results/21_three_axis_p3_local_refinement/postprocess/phase63/roll-030/yaw0600_pitchp0625_roll-030_ocs.json,532,True
v0.4_results/21_three_axis_p3_local_refinement/postprocess/phase63/roll-030/yaw0600_pitchp0625_roll-030_v_sun_macro.npy,262272,True
v0.4_results/21_three_axis_p3_local_refinement/postprocess/phase63/roll-030/yaw0600_pitchp0625_roll-030_v_sun_macro.png,687,True
v0.4_results/21_three_axis_p3_local_refinement/postprocess/phase63/roll-030/yaw0600_pitchp0650_roll-030_brdf.png,1553,True
v0.4_results/21_three_axis_p3_local_refinement/postprocess/phase63/roll-030/yaw0600_pitchp0650_roll-030_ocs.json,534,True
v0.4_results/21_three_axis_p3_local_refinement/postprocess/phase63/roll-030/yaw0600_pitchp0650_roll-030_v_sun_macro.npy,262272,True
v0.4_results/21_three_axis_p3_local_refinement/postprocess/phase63/roll-030/yaw0600_pitchp0650_roll-030_v_sun_macro.png,705,True
v0.4_results/21_three_axis_p3_local_refinement/postprocess/phase63/roll-030/yaw0600_pitchp0675_roll-030_brdf.png,1622,True
v0.4_results/21_three_axis_p3_local_refinement/postprocess/phase63/roll-030/yaw0600_pitchp0675_roll-030_ocs.json,532,True
v0.4_results/21_three_axis_p3_local_refinement/postprocess/phase63/roll-030/yaw0600_pitchp0675_roll-030_v_sun_macro.npy,262272,True
v0.4_results/21_three_axis_p3_local_refinement/postprocess/phase63/roll-030/yaw0600_pitchp0675_roll-030_v_sun_macro.png,676,True
v0.4_results/21_three_axis_p3_local_refinement/postprocess/phase63/roll-030/yaw0600_pitchp0700_roll-030_brdf.png,1597,True
v0.4_results/21_three_axis_p3_local_refinement/postprocess/phase63/roll-030/yaw0600_pitchp0700_roll-030_ocs.json,531,True
v0.4_results/21_three_axis_p3_local_refinement/postprocess/phase63/roll-030/yaw0600_pitchp0700_roll-030_v_sun_macro.npy,262272,True
v0.4_results/21_three_axis_p3_local_refinement/postprocess/phase63/roll-030/yaw0600_pitchp0700_roll-030_v_sun_macro.png,647,True
v0.4_results/21_three_axis_p3_local_refinement/postprocess/phase63/roll-030/yaw0625_pitchp0600_roll-030_brdf.png,1639,True
v0.4_results/21_three_axis_p3_local_refinement/postprocess/phase63/roll-030/yaw0625_pitchp0600_roll-030_ocs.json,532,True
v0.4_results/21_three_axis_p3_local_refinement/postprocess/phase63/roll-030/yaw0625_pitchp0600_roll-030_v_sun_macro.npy,262272,True
v0.4_results/21_three_axis_p3_local_refinement/postprocess/phase63/roll-030/yaw0625_pitchp0600_roll-030_v_sun_macro.png,692,True
v0.4_results/21_three_axis_p3_local_refinement/postprocess/phase63/roll-030/yaw0625_pitchp0625_roll-030_brdf.png,1609,True
v0.4_results/21_three_axis_p3_local_refinement/postprocess/phase63/roll-030/yaw0625_pitchp0625_roll-030_ocs.json,534,True
v0.4_results/21_three_axis_p3_local_refinement/postprocess/phase63/roll-030/yaw0625_pitchp0625_roll-030_v_sun_macro.npy,262272,True
v0.4_results/21_three_axis_p3_local_refinement/postprocess/phase63/roll-030/yaw0625_pitchp0625_roll-030_v_sun_macro.png,638,True
v0.4_results/21_three_axis_p3_local_refinement/postprocess/phase63/roll-030/yaw0625_pitchp0650_roll-030_brdf.png,1609,True
v0.4_results/21_three_axis_p3_local_refinement/postprocess/phase63/roll-030/yaw0625_pitchp0650_roll-030_ocs.json,531,True
v0.4_results/21_three_axis_p3_local_refinement/postprocess/phase63/roll-030/yaw0625_pitchp0650_roll-030_v_sun_macro.npy,262272,True
v0.4_results/21_three_axis_p3_local_refinement/postprocess/phase63/roll-030/yaw0625_pitchp0650_roll-030_v_sun_macro.png,655,True
v0.4_results/21_three_axis_p3_local_refinement/postprocess/phase63/roll-030/yaw0625_pitchp0675_roll-030_brdf.png,1579,True
v0.4_results/21_three_axis_p3_local_refinement/postprocess/phase63/roll-030/yaw0625_pitchp0675_roll-030_ocs.json,531,True
v0.4_results/21_three_axis_p3_local_refinement/postprocess/phase63/roll-030/yaw0625_pitchp0675_roll-030_v_sun_macro.npy,262272,True
v0.4_results/21_three_axis_p3_local_refinement/postprocess/phase63/roll-030/yaw0625_pitchp0675_roll-030_v_sun_macro.png,672,True
v0.4_results/21_three_axis_p3_local_refinement/postprocess/phase63/roll-030/yaw0625_pitchp0700_roll-030_brdf.png,1526,True
v0.4_results/21_three_axis_p3_local_refinement/postprocess/phase63/roll-030/yaw0625_pitchp0700_roll-030_ocs.json,531,True
v0.4_results/21_three_axis_p3_local_refinement/postprocess/phase63/roll-030/yaw0625_pitchp0700_roll-030_v_sun_macro.npy,262272,True
v0.4_results/21_three_axis_p3_local_refinement/postprocess/phase63/roll-030/yaw0625_pitchp0700_roll-030_v_sun_macro.png,672,True
v0.4_results/21_three_axis_p3_local_refinement/postprocess/phase63/roll-030/yaw0650_pitchp0600_roll-030_brdf.png,1762,True
v0.4_results/21_three_axis_p3_local_refinement/postprocess/phase63/roll-030/yaw0650_pitchp0600_roll-030_ocs.json,534,True
v0.4_results/21_three_axis_p3_local_refinement/postprocess/phase63/roll-030/yaw0650_pitchp0600_roll-030_v_sun_macro.npy,262272,True
v0.4_results/21_three_axis_p3_local_refinement/postprocess/phase63/roll-030/yaw0650_pitchp0600_roll-030_v_sun_macro.png,651,True
v0.4_results/21_three_axis_p3_local_refinement/postprocess/phase63/roll-030/yaw0650_pitchp0625_roll-030_brdf.png,1735,True
v0.4_results/21_three_axis_p3_local_refinement/postprocess/phase63/roll-030/yaw0650_pitchp0625_roll-030_ocs.json,533,True
v0.4_results/21_three_axis_p3_local_refinement/postprocess/phase63/roll-030/yaw0650_pitchp0625_roll-030_v_sun_macro.npy,262272,True
v0.4_results/21_three_axis_p3_local_refinement/postprocess/phase63/roll-030/yaw0650_pitchp0625_roll-030_v_sun_macro.png,666,True
v0.4_results/21_three_axis_p3_local_refinement/postprocess/phase63/roll-030/yaw0650_pitchp0650_roll-030_brdf.png,1718,True
v0.4_results/21_three_axis_p3_local_refinement/postprocess/phase63/roll-030/yaw0650_pitchp0650_roll-030_ocs.json,535,True
v0.4_results/21_three_axis_p3_local_refinement/postprocess/phase63/roll-030/yaw0650_pitchp0650_roll-030_v_sun_macro.npy,262272,True
v0.4_results/21_three_axis_p3_local_refinement/postprocess/phase63/roll-030/yaw0650_pitchp0650_roll-030_v_sun_macro.png,652,True
v0.4_results/21_three_axis_p3_local_refinement/postprocess/phase63/roll-030/yaw0650_pitchp0675_roll-030_brdf.png,1700,True
v0.4_results/21_three_axis_p3_local_refinement/postprocess/phase63/roll-030/yaw0650_pitchp0675_roll-030_ocs.json,533,True
v0.4_results/21_three_axis_p3_local_refinement/postprocess/phase63/roll-030/yaw0650_pitchp0675_roll-030_v_sun_macro.npy,262272,True
v0.4_results/21_three_axis_p3_local_refinement/postprocess/phase63/roll-030/yaw0650_pitchp0675_roll-030_v_sun_macro.png,646,True
v0.4_results/21_three_axis_p3_local_refinement/postprocess/phase63/roll-030/yaw0650_pitchp0700_roll-030_brdf.png,1696,True
v0.4_results/21_three_axis_p3_local_refinement/postprocess/phase63/roll-030/yaw0650_pitchp0700_roll-030_ocs.json,535,True
v0.4_results/21_three_axis_p3_local_refinement/postprocess/phase63/roll-030/yaw0650_pitchp0700_roll-030_v_sun_macro.npy,262272,True
v0.4_results/21_three_axis_p3_local_refinement/postprocess/phase63/roll-030/yaw0650_pitchp0700_roll-030_v_sun_macro.png,638,True
v0.4_results/21_three_axis_p3_local_refinement/postprocess/phase63/roll-030/yaw1450_pitchp0100_roll-030_brdf.png,1893,True
v0.4_results/21_three_axis_p3_local_refinement/postprocess/phase63/roll-030/yaw1450_pitchp0100_roll-030_ocs.json,549,True
v0.4_results/21_three_axis_p3_local_refinement/postprocess/phase63/roll-030/yaw1450_pitchp0100_roll-030_v_sun_macro.npy,262272,True
v0.4_results/21_three_axis_p3_local_refinement/postprocess/phase63/roll-030/yaw1450_pitchp0100_roll-030_v_sun_macro.png,732,True
v0.4_results/21_three_axis_p3_local_refinement/postprocess/phase63/roll-030/yaw1450_pitchp0125_roll-030_brdf.png,1770,True
v0.4_results/21_three_axis_p3_local_refinement/postprocess/phase63/roll-030/yaw1450_pitchp0125_roll-030_ocs.json,551,True
v0.4_results/21_three_axis_p3_local_refinement/postprocess/phase63/roll-030/yaw1450_pitchp0125_roll-030_v_sun_macro.npy,262272,True
v0.4_results/21_three_axis_p3_local_refinement/postprocess/phase63/roll-030/yaw1450_pitchp0125_roll-030_v_sun_macro.png,757,True
v0.4_results/21_three_axis_p3_local_refinement/postprocess/phase63/roll-030/yaw1450_pitchp0150_roll-030_brdf.png,1741,True
v0.4_results/21_three_axis_p3_local_refinement/postprocess/phase63/roll-030/yaw1450_pitchp0150_roll-030_ocs.json,550,True
v0.4_results/21_three_axis_p3_local_refinement/postprocess/phase63/roll-030/yaw1450_pitchp0150_roll-030_v_sun_macro.npy,262272,True
v0.4_results/21_three_axis_p3_local_refinement/postprocess/phase63/roll-030/yaw1450_pitchp0150_roll-030_v_sun_macro.png,764,True
v0.4_results/21_three_axis_p3_local_refinement/postprocess/phase63/roll-030/yaw1450_pitchp0175_roll-030_brdf.png,1777,True
v0.4_results/21_three_axis_p3_local_refinement/postprocess/phase63/roll-030/yaw1450_pitchp0175_roll-030_ocs.json,552,True
v0.4_results/21_three_axis_p3_local_refinement/postprocess/phase63/roll-030/yaw1450_pitchp0175_roll-030_v_sun_macro.npy,262272,True
v0.4_results/21_three_axis_p3_local_refinement/postprocess/phase63/roll-030/yaw1450_pitchp0175_roll-030_v_sun_macro.png,801,True
v0.4_results/21_three_axis_p3_local_refinement/postprocess/phase63/roll-030/yaw1450_pitchp0200_roll-030_brdf.png,1743,True
v0.4_results/21_three_axis_p3_local_refinement/postprocess/phase63/roll-030/yaw1450_pitchp0200_roll-030_ocs.json,552,True
v0.4_results/21_three_axis_p3_local_refinement/postprocess/phase63/roll-030/yaw1450_pitchp0200_roll-030_v_sun_macro.npy,262272,True
v0.4_results/21_three_axis_p3_local_refinement/postprocess/phase63/roll-030/yaw1450_pitchp0200_roll-030_v_sun_macro.png,823,True
v0.4_results/21_three_axis_p3_local_refinement/postprocess/phase63/roll-030/yaw1450_pitchp0225_roll-030_brdf.png,1787,True
v0.4_results/21_three_axis_p3_local_refinement/postprocess/phase63/roll-030/yaw1450_pitchp0225_roll-030_ocs.json,552,True
v0.4_results/21_three_axis_p3_local_refinement/postprocess/phase63/roll-030/yaw1450_pitchp0225_roll-030_v_sun_macro.npy,262272,True
v0.4_results/21_three_axis_p3_local_refinement/postprocess/phase63/roll-030/yaw1450_pitchp0225_roll-030_v_sun_macro.png,880,True
v0.4_results/21_three_axis_p3_local_refinement/postprocess/phase63/roll-030/yaw1450_pitchp0250_roll-030_brdf.png,1931,True
v0.4_results/21_three_axis_p3_local_refinement/postprocess/phase63/roll-030/yaw1450_pitchp0250_roll-030_ocs.json,553,True
v0.4_results/21_three_axis_p3_local_refinement/postprocess/phase63/roll-030/yaw1450_pitchp0250_roll-030_v_sun_macro.npy,262272,True
v0.4_results/21_three_axis_p3_local_refinement/postprocess/phase63/roll-030/yaw1450_pitchp0250_roll-030_v_sun_macro.png,916,True
v0.4_results/21_three_axis_p3_local_refinement/postprocess/phase63/roll-030/yaw1475_pitchp0100_roll-030_brdf.png,1809,True
v0.4_results/21_three_axis_p3_local_refinement/postprocess/phase63/roll-030/yaw1475_pitchp0100_roll-030_ocs.json,552,True
v0.4_results/21_three_axis_p3_local_refinement/postprocess/phase63/roll-030/yaw1475_pitchp0100_roll-030_v_sun_macro.npy,262272,True
v0.4_results/21_three_axis_p3_local_refinement/postprocess/phase63/roll-030/yaw1475_pitchp0100_roll-030_v_sun_macro.png,726,True
v0.4_results/21_three_axis_p3_local_refinement/postprocess/phase63/roll-030/yaw1475_pitchp0125_roll-030_brdf.png,1728,True
v0.4_results/21_three_axis_p3_local_refinement/postprocess/phase63/roll-030/yaw1475_pitchp0125_roll-030_ocs.json,549,True
v0.4_results/21_three_axis_p3_local_refinement/postprocess/phase63/roll-030/yaw1475_pitchp0125_roll-030_v_sun_macro.npy,262272,True
v0.4_results/21_three_axis_p3_local_refinement/postprocess/phase63/roll-030/yaw1475_pitchp0125_roll-030_v_sun_macro.png,746,True
v0.4_results/21_three_axis_p3_local_refinement/postprocess/phase63/roll-030/yaw1475_pitchp0150_roll-030_brdf.png,1709,True
v0.4_results/21_three_axis_p3_local_refinement/postprocess/phase63/roll-030/yaw1475_pitchp0150_roll-030_ocs.json,550,True
v0.4_results/21_three_axis_p3_local_refinement/postprocess/phase63/roll-030/yaw1475_pitchp0150_roll-030_v_sun_macro.npy,262272,True
v0.4_results/21_three_axis_p3_local_refinement/postprocess/phase63/roll-030/yaw1475_pitchp0150_roll-030_v_sun_macro.png,777,True
v0.4_results/21_three_axis_p3_local_refinement/postprocess/phase63/roll-030/yaw1475_pitchp0175_roll-030_brdf.png,1746,True
v0.4_results/21_three_axis_p3_local_refinement/postprocess/phase63/roll-030/yaw1475_pitchp0175_roll-030_ocs.json,551,True
v0.4_results/21_three_axis_p3_local_refinement/postprocess/phase63/roll-030/yaw1475_pitchp0175_roll-030_v_sun_macro.npy,262272,True
v0.4_results/21_three_axis_p3_local_refinement/postprocess/phase63/roll-030/yaw1475_pitchp0175_roll-030_v_sun_macro.png,753,True
v0.4_results/21_three_axis_p3_local_refinement/postprocess/phase63/roll-030/yaw1475_pitchp0200_roll-030_brdf.png,1755,True
v0.4_results/21_three_axis_p3_local_refinement/postprocess/phase63/roll-030/yaw1475_pitchp0200_roll-030_ocs.json,551,True
v0.4_results/21_three_axis_p3_local_refinement/postprocess/phase63/roll-030/yaw1475_pitchp0200_roll-030_v_sun_macro.npy,262272,True
v0.4_results/21_three_axis_p3_local_refinement/postprocess/phase63/roll-030/yaw1475_pitchp0200_roll-030_v_sun_macro.png,777,True
v0.4_results/21_three_axis_p3_local_refinement/postprocess/phase63/roll-030/yaw1475_pitchp0225_roll-030_brdf.png,1736,True
v0.4_results/21_three_axis_p3_local_refinement/postprocess/phase63/roll-030/yaw1475_pitchp0225_roll-030_ocs.json,551,True
v0.4_results/21_three_axis_p3_local_refinement/postprocess/phase63/roll-030/yaw1475_pitchp0225_roll-030_v_sun_macro.npy,262272,True
v0.4_results/21_three_axis_p3_local_refinement/postprocess/phase63/roll-030/yaw1475_pitchp0225_roll-030_v_sun_macro.png,824,True
v0.4_results/21_three_axis_p3_local_refinement/postprocess/phase63/roll-030/yaw1475_pitchp0250_roll-030_brdf.png,1828,True
v0.4_results/21_three_axis_p3_local_refinement/postprocess/phase63/roll-030/yaw1475_pitchp0250_roll-030_ocs.json,553,True
v0.4_results/21_three_axis_p3_local_refinement/postprocess/phase63/roll-030/yaw1475_pitchp0250_roll-030_v_sun_macro.npy,262272,True
v0.4_results/21_three_axis_p3_local_refinement/postprocess/phase63/roll-030/yaw1475_pitchp0250_roll-030_v_sun_macro.png,911,True
v0.4_results/21_three_axis_p3_local_refinement/postprocess/phase63/roll-030/yaw1500_pitchp0100_roll-030_brdf.png,1785,True
v0.4_results/21_three_axis_p3_local_refinement/postprocess/phase63/roll-030/yaw1500_pitchp0100_roll-030_ocs.json,551,True
v0.4_results/21_three_axis_p3_local_refinement/postprocess/phase63/roll-030/yaw1500_pitchp0100_roll-030_v_sun_macro.npy,262272,True
v0.4_results/21_three_axis_p3_local_refinement/postprocess/phase63/roll-030/yaw1500_pitchp0100_roll-030_v_sun_macro.png,754,True
v0.4_results/21_three_axis_p3_local_refinement/postprocess/phase63/roll-030/yaw1500_pitchp0125_roll-030_brdf.png,1702,True
v0.4_results/21_three_axis_p3_local_refinement/postprocess/phase63/roll-030/yaw1500_pitchp0125_roll-030_ocs.json,552,True
v0.4_results/21_three_axis_p3_local_refinement/postprocess/phase63/roll-030/yaw1500_pitchp0125_roll-030_v_sun_macro.npy,262272,True
v0.4_results/21_three_axis_p3_local_refinement/postprocess/phase63/roll-030/yaw1500_pitchp0125_roll-030_v_sun_macro.png,758,True
v0.4_results/21_three_axis_p3_local_refinement/postprocess/phase63/roll-030/yaw1500_pitchp0150_roll-030_brdf.png,1702,True
v0.4_results/21_three_axis_p3_local_refinement/postprocess/phase63/roll-030/yaw1500_pitchp0150_roll-030_ocs.json,552,True
v0.4_results/21_three_axis_p3_local_refinement/postprocess/phase63/roll-030/yaw1500_pitchp0150_roll-030_v_sun_macro.npy,262272,True
v0.4_results/21_three_axis_p3_local_refinement/postprocess/phase63/roll-030/yaw1500_pitchp0150_roll-030_v_sun_macro.png,739,True
v0.4_results/21_three_axis_p3_local_refinement/postprocess/phase63/roll-030/yaw1500_pitchp0175_roll-030_brdf.png,1725,True
v0.4_results/21_three_axis_p3_local_refinement/postprocess/phase63/roll-030/yaw1500_pitchp0175_roll-030_ocs.json,551,True
v0.4_results/21_three_axis_p3_local_refinement/postprocess/phase63/roll-030/yaw1500_pitchp0175_roll-030_v_sun_macro.npy,262272,True
v0.4_results/21_three_axis_p3_local_refinement/postprocess/phase63/roll-030/yaw1500_pitchp0175_roll-030_v_sun_macro.png,763,True
v0.4_results/21_three_axis_p3_local_refinement/postprocess/phase63/roll-030/yaw1500_pitchp0200_roll-030_brdf.png,1729,True
v0.4_results/21_three_axis_p3_local_refinement/postprocess/phase63/roll-030/yaw1500_pitchp0200_roll-030_ocs.json,552,True
v0.4_results/21_three_axis_p3_local_refinement/postprocess/phase63/roll-030/yaw1500_pitchp0200_roll-030_v_sun_macro.npy,262272,True
v0.4_results/21_three_axis_p3_local_refinement/postprocess/phase63/roll-030/yaw1500_pitchp0200_roll-030_v_sun_macro.png,761,True
v0.4_results/21_three_axis_p3_local_refinement/postprocess/phase63/roll-030/yaw1500_pitchp0225_roll-030_brdf.png,1730,True
v0.4_results/21_three_axis_p3_local_refinement/postprocess/phase63/roll-030/yaw1500_pitchp0225_roll-030_ocs.json,552,True
v0.4_results/21_three_axis_p3_local_refinement/postprocess/phase63/roll-030/yaw1500_pitchp0225_roll-030_v_sun_macro.npy,262272,True
v0.4_results/21_three_axis_p3_local_refinement/postprocess/phase63/roll-030/yaw1500_pitchp0225_roll-030_v_sun_macro.png,826,True
v0.4_results/21_three_axis_p3_local_refinement/postprocess/phase63/roll-030/yaw1500_pitchp0250_roll-030_brdf.png,1751,True
v0.4_results/21_three_axis_p3_local_refinement/postprocess/phase63/roll-030/yaw1500_pitchp0250_roll-030_ocs.json,552,True
v0.4_results/21_three_axis_p3_local_refinement/postprocess/phase63/roll-030/yaw1500_pitchp0250_roll-030_v_sun_macro.npy,262272,True
v0.4_results/21_three_axis_p3_local_refinement/postprocess/phase63/roll-030/yaw1500_pitchp0250_roll-030_v_sun_macro.png,848,True
v0.4_results/21_three_axis_p3_local_refinement/postprocess/phase63/roll-030/yaw1525_pitchp0100_roll-030_brdf.png,1869,True
v0.4_results/21_three_axis_p3_local_refinement/postprocess/phase63/roll-030/yaw1525_pitchp0100_roll-030_ocs.json,551,True
v0.4_results/21_three_axis_p3_local_refinement/postprocess/phase63/roll-030/yaw1525_pitchp0100_roll-030_v_sun_macro.npy,262272,True
v0.4_results/21_three_axis_p3_local_refinement/postprocess/phase63/roll-030/yaw1525_pitchp0100_roll-030_v_sun_macro.png,733,True
v0.4_results/21_three_axis_p3_local_refinement/postprocess/phase63/roll-030/yaw1525_pitchp0125_roll-030_brdf.png,1770,True
v0.4_results/21_three_axis_p3_local_refinement/postprocess/phase63/roll-030/yaw1525_pitchp0125_roll-030_ocs.json,551,True
v0.4_results/21_three_axis_p3_local_refinement/postprocess/phase63/roll-030/yaw1525_pitchp0125_roll-030_v_sun_macro.npy,262272,True
v0.4_results/21_three_axis_p3_local_refinement/postprocess/phase63/roll-030/yaw1525_pitchp0125_roll-030_v_sun_macro.png,742,True
v0.4_results/21_three_axis_p3_local_refinement/postprocess/phase63/roll-030/yaw1525_pitchp0150_roll-030_brdf.png,1789,True
v0.4_results/21_three_axis_p3_local_refinement/postprocess/phase63/roll-030/yaw1525_pitchp0150_roll-030_ocs.json,551,True
v0.4_results/21_three_axis_p3_local_refinement/postprocess/phase63/roll-030/yaw1525_pitchp0150_roll-030_v_sun_macro.npy,262272,True
v0.4_results/21_three_axis_p3_local_refinement/postprocess/phase63/roll-030/yaw1525_pitchp0150_roll-030_v_sun_macro.png,747,True
v0.4_results/21_three_axis_p3_local_refinement/postprocess/phase63/roll-030/yaw1525_pitchp0175_roll-030_brdf.png,1758,True
v0.4_results/21_three_axis_p3_local_refinement/postprocess/phase63/roll-030/yaw1525_pitchp0175_roll-030_ocs.json,552,True
v0.4_results/21_three_axis_p3_local_refinement/postprocess/phase63/roll-030/yaw1525_pitchp0175_roll-030_v_sun_macro.npy,262272,True
v0.4_results/21_three_axis_p3_local_refinement/postprocess/phase63/roll-030/yaw1525_pitchp0175_roll-030_v_sun_macro.png,768,True
v0.4_results/21_three_axis_p3_local_refinement/postprocess/phase63/roll-030/yaw1525_pitchp0200_roll-030_brdf.png,1743,True
v0.4_results/21_three_axis_p3_local_refinement/postprocess/phase63/roll-030/yaw1525_pitchp0200_roll-030_ocs.json,550,True
v0.4_results/21_three_axis_p3_local_refinement/postprocess/phase63/roll-030/yaw1525_pitchp0200_roll-030_v_sun_macro.npy,262272,True
v0.4_results/21_three_axis_p3_local_refinement/postprocess/phase63/roll-030/yaw1525_pitchp0200_roll-030_v_sun_macro.png,758,True
v0.4_results/21_three_axis_p3_local_refinement/postprocess/phase63/roll-030/yaw1525_pitchp0225_roll-030_brdf.png,1816,True
v0.4_results/21_three_axis_p3_local_refinement/postprocess/phase63/roll-030/yaw1525_pitchp0225_roll-030_ocs.json,552,True
v0.4_results/21_three_axis_p3_local_refinement/postprocess/phase63/roll-030/yaw1525_pitchp0225_roll-030_v_sun_macro.npy,262272,True
v0.4_results/21_three_axis_p3_local_refinement/postprocess/phase63/roll-030/yaw1525_pitchp0225_roll-030_v_sun_macro.png,792,True
v0.4_results/21_three_axis_p3_local_refinement/postprocess/phase63/roll-030/yaw1525_pitchp0250_roll-030_brdf.png,1739,True
v0.4_results/21_three_axis_p3_local_refinement/postprocess/phase63/roll-030/yaw1525_pitchp0250_roll-030_ocs.json,552,True
v0.4_results/21_three_axis_p3_local_refinement/postprocess/phase63/roll-030/yaw1525_pitchp0250_roll-030_v_sun_macro.npy,262272,True
v0.4_results/21_three_axis_p3_local_refinement/postprocess/phase63/roll-030/yaw1525_pitchp0250_roll-030_v_sun_macro.png,856,True
v0.4_results/21_three_axis_p3_local_refinement/postprocess/phase63/roll-030/yaw1550_pitchp0100_roll-030_brdf.png,1826,True
v0.4_results/21_three_axis_p3_local_refinement/postprocess/phase63/roll-030/yaw1550_pitchp0100_roll-030_ocs.json,552,True
v0.4_results/21_three_axis_p3_local_refinement/postprocess/phase63/roll-030/yaw1550_pitchp0100_roll-030_v_sun_macro.npy,262272,True
v0.4_results/21_three_axis_p3_local_refinement/postprocess/phase63/roll-030/yaw1550_pitchp0100_roll-030_v_sun_macro.png,770,True
v0.4_results/21_three_axis_p3_local_refinement/postprocess/phase63/roll-030/yaw1550_pitchp0125_roll-030_brdf.png,1817,True
v0.4_results/21_three_axis_p3_local_refinement/postprocess/phase63/roll-030/yaw1550_pitchp0125_roll-030_ocs.json,552,True
v0.4_results/21_three_axis_p3_local_refinement/postprocess/phase63/roll-030/yaw1550_pitchp0125_roll-030_v_sun_macro.npy,262272,True
v0.4_results/21_three_axis_p3_local_refinement/postprocess/phase63/roll-030/yaw1550_pitchp0125_roll-030_v_sun_macro.png,739,True
v0.4_results/21_three_axis_p3_local_refinement/postprocess/phase63/roll-030/yaw1550_pitchp0150_roll-030_brdf.png,1801,True
v0.4_results/21_three_axis_p3_local_refinement/postprocess/phase63/roll-030/yaw1550_pitchp0150_roll-030_ocs.json,549,True
v0.4_results/21_three_axis_p3_local_refinement/postprocess/phase63/roll-030/yaw1550_pitchp0150_roll-030_v_sun_macro.npy,262272,True
v0.4_results/21_three_axis_p3_local_refinement/postprocess/phase63/roll-030/yaw1550_pitchp0150_roll-030_v_sun_macro.png,771,True
v0.4_results/21_three_axis_p3_local_refinement/postprocess/phase63/roll-030/yaw1550_pitchp0175_roll-030_brdf.png,1809,True
v0.4_results/21_three_axis_p3_local_refinement/postprocess/phase63/roll-030/yaw1550_pitchp0175_roll-030_ocs.json,552,True
v0.4_results/21_three_axis_p3_local_refinement/postprocess/phase63/roll-030/yaw1550_pitchp0175_roll-030_v_sun_macro.npy,262272,True
v0.4_results/21_three_axis_p3_local_refinement/postprocess/phase63/roll-030/yaw1550_pitchp0175_roll-030_v_sun_macro.png,763,True
v0.4_results/21_three_axis_p3_local_refinement/postprocess/phase63/roll-030/yaw1550_pitchp0200_roll-030_brdf.png,1807,True
v0.4_results/21_three_axis_p3_local_refinement/postprocess/phase63/roll-030/yaw1550_pitchp0200_roll-030_ocs.json,551,True
v0.4_results/21_three_axis_p3_local_refinement/postprocess/phase63/roll-030/yaw1550_pitchp0200_roll-030_v_sun_macro.npy,262272,True
v0.4_results/21_three_axis_p3_local_refinement/postprocess/phase63/roll-030/yaw1550_pitchp0200_roll-030_v_sun_macro.png,803,True
v0.4_results/21_three_axis_p3_local_refinement/postprocess/phase63/roll-030/yaw1550_pitchp0225_roll-030_brdf.png,1778,True
v0.4_results/21_three_axis_p3_local_refinement/postprocess/phase63/roll-030/yaw1550_pitchp0225_roll-030_ocs.json,551,True
v0.4_results/21_three_axis_p3_local_refinement/postprocess/phase63/roll-030/yaw1550_pitchp0225_roll-030_v_sun_macro.npy,262272,True
v0.4_results/21_three_axis_p3_local_refinement/postprocess/phase63/roll-030/yaw1550_pitchp0225_roll-030_v_sun_macro.png,813,True
v0.4_results/21_three_axis_p3_local_refinement/postprocess/phase63/roll-030/yaw1550_pitchp0250_roll-030_brdf.png,1776,True
v0.4_results/21_three_axis_p3_local_refinement/postprocess/phase63/roll-030/yaw1550_pitchp0250_roll-030_ocs.json,550,True
v0.4_results/21_three_axis_p3_local_refinement/postprocess/phase63/roll-030/yaw1550_pitchp0250_roll-030_v_sun_macro.npy,262272,True
v0.4_results/21_three_axis_p3_local_refinement/postprocess/phase63/roll-030/yaw1550_pitchp0250_roll-030_v_sun_macro.png,844,True
v0.4_results/21_three_axis_p3_local_refinement/postprocess/phase63/roll-030/yaw1575_pitchp0100_roll-030_brdf.png,1869,True
v0.4_results/21_three_axis_p3_local_refinement/postprocess/phase63/roll-030/yaw1575_pitchp0100_roll-030_ocs.json,552,True
v0.4_results/21_three_axis_p3_local_refinement/postprocess/phase63/roll-030/yaw1575_pitchp0100_roll-030_v_sun_macro.npy,262272,True
v0.4_results/21_three_axis_p3_local_refinement/postprocess/phase63/roll-030/yaw1575_pitchp0100_roll-030_v_sun_macro.png,756,True
v0.4_results/21_three_axis_p3_local_refinement/postprocess/phase63/roll-030/yaw1575_pitchp0125_roll-030_brdf.png,1839,True
v0.4_results/21_three_axis_p3_local_refinement/postprocess/phase63/roll-030/yaw1575_pitchp0125_roll-030_ocs.json,552,True
v0.4_results/21_three_axis_p3_local_refinement/postprocess/phase63/roll-030/yaw1575_pitchp0125_roll-030_v_sun_macro.npy,262272,True
v0.4_results/21_three_axis_p3_local_refinement/postprocess/phase63/roll-030/yaw1575_pitchp0125_roll-030_v_sun_macro.png,744,True
v0.4_results/21_three_axis_p3_local_refinement/postprocess/phase63/roll-030/yaw1575_pitchp0150_roll-030_brdf.png,1840,True
v0.4_results/21_three_axis_p3_local_refinement/postprocess/phase63/roll-030/yaw1575_pitchp0150_roll-030_ocs.json,552,True
v0.4_results/21_three_axis_p3_local_refinement/postprocess/phase63/roll-030/yaw1575_pitchp0150_roll-030_v_sun_macro.npy,262272,True
v0.4_results/21_three_axis_p3_local_refinement/postprocess/phase63/roll-030/yaw1575_pitchp0150_roll-030_v_sun_macro.png,774,True
v0.4_results/21_three_axis_p3_local_refinement/postprocess/phase63/roll-030/yaw1575_pitchp0175_roll-030_brdf.png,1857,True
v0.4_results/21_three_axis_p3_local_refinement/postprocess/phase63/roll-030/yaw1575_pitchp0175_roll-030_ocs.json,551,True
v0.4_results/21_three_axis_p3_local_refinement/postprocess/phase63/roll-030/yaw1575_pitchp0175_roll-030_v_sun_macro.npy,262272,True
v0.4_results/21_three_axis_p3_local_refinement/postprocess/phase63/roll-030/yaw1575_pitchp0175_roll-030_v_sun_macro.png,778,True
v0.4_results/21_three_axis_p3_local_refinement/postprocess/phase63/roll-030/yaw1575_pitchp0200_roll-030_brdf.png,1793,True
v0.4_results/21_three_axis_p3_local_refinement/postprocess/phase63/roll-030/yaw1575_pitchp0200_roll-030_ocs.json,552,True
v0.4_results/21_three_axis_p3_local_refinement/postprocess/phase63/roll-030/yaw1575_pitchp0200_roll-030_v_sun_macro.npy,262272,True
v0.4_results/21_three_axis_p3_local_refinement/postprocess/phase63/roll-030/yaw1575_pitchp0200_roll-030_v_sun_macro.png,802,True
v0.4_results/21_three_axis_p3_local_refinement/postprocess/phase63/roll-030/yaw1575_pitchp0225_roll-030_brdf.png,1814,True
v0.4_results/21_three_axis_p3_local_refinement/postprocess/phase63/roll-030/yaw1575_pitchp0225_roll-030_ocs.json,552,True
v0.4_results/21_three_axis_p3_local_refinement/postprocess/phase63/roll-030/yaw1575_pitchp0225_roll-030_v_sun_macro.npy,262272,True
v0.4_results/21_three_axis_p3_local_refinement/postprocess/phase63/roll-030/yaw1575_pitchp0225_roll-030_v_sun_macro.png,790,True
v0.4_results/21_three_axis_p3_local_refinement/postprocess/phase63/roll-030/yaw1575_pitchp0250_roll-030_brdf.png,1753,True
v0.4_results/21_three_axis_p3_local_refinement/postprocess/phase63/roll-030/yaw1575_pitchp0250_roll-030_ocs.json,551,True
v0.4_results/21_three_axis_p3_local_refinement/postprocess/phase63/roll-030/yaw1575_pitchp0250_roll-030_v_sun_macro.npy,262272,True
v0.4_results/21_three_axis_p3_local_refinement/postprocess/phase63/roll-030/yaw1575_pitchp0250_roll-030_v_sun_macro.png,818,True
v0.4_results/21_three_axis_p3_local_refinement/postprocess/phase63/roll-030/yaw1600_pitchp0100_roll-030_brdf.png,1883,True
v0.4_results/21_three_axis_p3_local_refinement/postprocess/phase63/roll-030/yaw1600_pitchp0100_roll-030_ocs.json,553,True
v0.4_results/21_three_axis_p3_local_refinement/postprocess/phase63/roll-030/yaw1600_pitchp0100_roll-030_v_sun_macro.npy,262272,True
v0.4_results/21_three_axis_p3_local_refinement/postprocess/phase63/roll-030/yaw1600_pitchp0100_roll-030_v_sun_macro.png,796,True
v0.4_results/21_three_axis_p3_local_refinement/postprocess/phase63/roll-030/yaw1600_pitchp0125_roll-030_brdf.png,1876,True
v0.4_results/21_three_axis_p3_local_refinement/postprocess/phase63/roll-030/yaw1600_pitchp0125_roll-030_ocs.json,553,True
v0.4_results/21_three_axis_p3_local_refinement/postprocess/phase63/roll-030/yaw1600_pitchp0125_roll-030_v_sun_macro.npy,262272,True
v0.4_results/21_three_axis_p3_local_refinement/postprocess/phase63/roll-030/yaw1600_pitchp0125_roll-030_v_sun_macro.png,777,True
v0.4_results/21_three_axis_p3_local_refinement/postprocess/phase63/roll-030/yaw1600_pitchp0150_roll-030_brdf.png,1883,True
v0.4_results/21_three_axis_p3_local_refinement/postprocess/phase63/roll-030/yaw1600_pitchp0150_roll-030_ocs.json,552,True
v0.4_results/21_three_axis_p3_local_refinement/postprocess/phase63/roll-030/yaw1600_pitchp0150_roll-030_v_sun_macro.npy,262272,True
v0.4_results/21_three_axis_p3_local_refinement/postprocess/phase63/roll-030/yaw1600_pitchp0150_roll-030_v_sun_macro.png,775,True
v0.4_results/21_three_axis_p3_local_refinement/postprocess/phase63/roll-030/yaw1600_pitchp0175_roll-030_brdf.png,1818,True
v0.4_results/21_three_axis_p3_local_refinement/postprocess/phase63/roll-030/yaw1600_pitchp0175_roll-030_ocs.json,553,True
v0.4_results/21_three_axis_p3_local_refinement/postprocess/phase63/roll-030/yaw1600_pitchp0175_roll-030_v_sun_macro.npy,262272,True
v0.4_results/21_three_axis_p3_local_refinement/postprocess/phase63/roll-030/yaw1600_pitchp0175_roll-030_v_sun_macro.png,790,True
v0.4_results/21_three_axis_p3_local_refinement/postprocess/phase63/roll-030/yaw1600_pitchp0200_roll-030_brdf.png,1820,True
v0.4_results/21_three_axis_p3_local_refinement/postprocess/phase63/roll-030/yaw1600_pitchp0200_roll-030_ocs.json,552,True
v0.4_results/21_three_axis_p3_local_refinement/postprocess/phase63/roll-030/yaw1600_pitchp0200_roll-030_v_sun_macro.npy,262272,True
v0.4_results/21_three_axis_p3_local_refinement/postprocess/phase63/roll-030/yaw1600_pitchp0200_roll-030_v_sun_macro.png,791,True
v0.4_results/21_three_axis_p3_local_refinement/postprocess/phase63/roll-030/yaw1600_pitchp0225_roll-030_brdf.png,1731,True
v0.4_results/21_three_axis_p3_local_refinement/postprocess/phase63/roll-030/yaw1600_pitchp0225_roll-030_ocs.json,553,True
v0.4_results/21_three_axis_p3_local_refinement/postprocess/phase63/roll-030/yaw1600_pitchp0225_roll-030_v_sun_macro.npy,262272,True
v0.4_results/21_three_axis_p3_local_refinement/postprocess/phase63/roll-030/yaw1600_pitchp0225_roll-030_v_sun_macro.png,795,True
v0.4_results/21_three_axis_p3_local_refinement/postprocess/phase63/roll-030/yaw1600_pitchp0250_roll-030_brdf.png,1740,True
v0.4_results/21_three_axis_p3_local_refinement/postprocess/phase63/roll-030/yaw1600_pitchp0250_roll-030_ocs.json,553,True
v0.4_results/21_three_axis_p3_local_refinement/postprocess/phase63/roll-030/yaw1600_pitchp0250_roll-030_v_sun_macro.npy,262272,True
v0.4_results/21_three_axis_p3_local_refinement/postprocess/phase63/roll-030/yaw1600_pitchp0250_roll-030_v_sun_macro.png,847,True
v0.4_results/21_three_axis_p3_local_refinement/postprocess/phase63/roll-030/yaw2050_pitchm0050_roll-030_brdf.png,2214,True
v0.4_results/21_three_axis_p3_local_refinement/postprocess/phase63/roll-030/yaw2050_pitchm0050_roll-030_ocs.json,555,True
v0.4_results/21_three_axis_p3_local_refinement/postprocess/phase63/roll-030/yaw2050_pitchm0050_roll-030_v_sun_macro.npy,262272,True
v0.4_results/21_three_axis_p3_local_refinement/postprocess/phase63/roll-030/yaw2050_pitchm0050_roll-030_v_sun_macro.png,722,True
v0.4_results/21_three_axis_p3_local_refinement/postprocess/phase63/roll-030/yaw2050_pitchm0100_roll-030_brdf.png,2317,True
v0.4_results/21_three_axis_p3_local_refinement/postprocess/phase63/roll-030/yaw2050_pitchm0100_roll-030_ocs.json,556,True
v0.4_results/21_three_axis_p3_local_refinement/postprocess/phase63/roll-030/yaw2050_pitchm0100_roll-030_v_sun_macro.npy,262272,True
v0.4_results/21_three_axis_p3_local_refinement/postprocess/phase63/roll-030/yaw2050_pitchm0100_roll-030_v_sun_macro.png,745,True
v0.4_results/21_three_axis_p3_local_refinement/postprocess/phase63/roll-030/yaw2100_pitchm0050_roll-030_brdf.png,2233,True
v0.4_results/21_three_axis_p3_local_refinement/postprocess/phase63/roll-030/yaw2100_pitchm0050_roll-030_ocs.json,554,True
v0.4_results/21_three_axis_p3_local_refinement/postprocess/phase63/roll-030/yaw2100_pitchm0050_roll-030_v_sun_macro.npy,262272,True
v0.4_results/21_three_axis_p3_local_refinement/postprocess/phase63/roll-030/yaw2100_pitchm0050_roll-030_v_sun_macro.png,710,True
v0.4_results/21_three_axis_p3_local_refinement/postprocess/phase63/roll-030/yaw2100_pitchm0100_roll-030_brdf.png,2407,True
v0.4_results/21_three_axis_p3_local_refinement/postprocess/phase63/roll-030/yaw2100_pitchm0100_roll-030_ocs.json,555,True
v0.4_results/21_three_axis_p3_local_refinement/postprocess/phase63/roll-030/yaw2100_pitchm0100_roll-030_v_sun_macro.npy,262272,True
v0.4_results/21_three_axis_p3_local_refinement/postprocess/phase63/roll-030/yaw2100_pitchm0100_roll-030_v_sun_macro.png,774,True
v0.4_results/21_three_axis_p3_local_refinement/postprocess/phase63/roll-030/yaw2400_pitchp0300_roll-030_brdf.png,2321,True
v0.4_results/21_three_axis_p3_local_refinement/postprocess/phase63/roll-030/yaw2400_pitchp0300_roll-030_ocs.json,553,True
v0.4_results/21_three_axis_p3_local_refinement/postprocess/phase63/roll-030/yaw2400_pitchp0300_roll-030_v_sun_macro.npy,262272,True
v0.4_results/21_three_axis_p3_local_refinement/postprocess/phase63/roll-030/yaw2400_pitchp0300_roll-030_v_sun_macro.png,663,True
v0.4_results/21_three_axis_p3_local_refinement/postprocess/phase63/roll-030/yaw2400_pitchp0325_roll-030_brdf.png,2427,True
v0.4_results/21_three_axis_p3_local_refinement/postprocess/phase63/roll-030/yaw2400_pitchp0325_roll-030_ocs.json,554,True
v0.4_results/21_three_axis_p3_local_refinement/postprocess/phase63/roll-030/yaw2400_pitchp0325_roll-030_v_sun_macro.npy,262272,True
v0.4_results/21_three_axis_p3_local_refinement/postprocess/phase63/roll-030/yaw2400_pitchp0325_roll-030_v_sun_macro.png,680,True
v0.4_results/21_three_axis_p3_local_refinement/postprocess/phase63/roll-030/yaw2400_pitchp0350_roll-030_brdf.png,2447,True
v0.4_results/21_three_axis_p3_local_refinement/postprocess/phase63/roll-030/yaw2400_pitchp0350_roll-030_ocs.json,554,True
v0.4_results/21_three_axis_p3_local_refinement/postprocess/phase63/roll-030/yaw2400_pitchp0350_roll-030_v_sun_macro.npy,262272,True
v0.4_results/21_three_axis_p3_local_refinement/postprocess/phase63/roll-030/yaw2400_pitchp0350_roll-030_v_sun_macro.png,691,True
v0.4_results/21_three_axis_p3_local_refinement/postprocess/phase63/roll-030/yaw2400_pitchp0375_roll-030_brdf.png,2407,True
v0.4_results/21_three_axis_p3_local_refinement/postprocess/phase63/roll-030/yaw2400_pitchp0375_roll-030_ocs.json,554,True
v0.4_results/21_three_axis_p3_local_refinement/postprocess/phase63/roll-030/yaw2400_pitchp0375_roll-030_v_sun_macro.npy,262272,True
v0.4_results/21_three_axis_p3_local_refinement/postprocess/phase63/roll-030/yaw2400_pitchp0375_roll-030_v_sun_macro.png,694,True
v0.4_results/21_three_axis_p3_local_refinement/postprocess/phase63/roll-030/yaw2400_pitchp0400_roll-030_brdf.png,2457,True
v0.4_results/21_three_axis_p3_local_refinement/postprocess/phase63/roll-030/yaw2400_pitchp0400_roll-030_ocs.json,553,True
v0.4_results/21_three_axis_p3_local_refinement/postprocess/phase63/roll-030/yaw2400_pitchp0400_roll-030_v_sun_macro.npy,262272,True
v0.4_results/21_three_axis_p3_local_refinement/postprocess/phase63/roll-030/yaw2400_pitchp0400_roll-030_v_sun_macro.png,707,True
v0.4_results/21_three_axis_p3_local_refinement/postprocess/phase63/roll-030/yaw2425_pitchp0300_roll-030_brdf.png,2353,True
v0.4_results/21_three_axis_p3_local_refinement/postprocess/phase63/roll-030/yaw2425_pitchp0300_roll-030_ocs.json,553,True
v0.4_results/21_three_axis_p3_local_refinement/postprocess/phase63/roll-030/yaw2425_pitchp0300_roll-030_v_sun_macro.npy,262272,True
v0.4_results/21_three_axis_p3_local_refinement/postprocess/phase63/roll-030/yaw2425_pitchp0300_roll-030_v_sun_macro.png,648,True
v0.4_results/21_three_axis_p3_local_refinement/postprocess/phase63/roll-030/yaw2425_pitchp0325_roll-030_brdf.png,2393,True
v0.4_results/21_three_axis_p3_local_refinement/postprocess/phase63/roll-030/yaw2425_pitchp0325_roll-030_ocs.json,553,True
v0.4_results/21_three_axis_p3_local_refinement/postprocess/phase63/roll-030/yaw2425_pitchp0325_roll-030_v_sun_macro.npy,262272,True
v0.4_results/21_three_axis_p3_local_refinement/postprocess/phase63/roll-030/yaw2425_pitchp0325_roll-030_v_sun_macro.png,642,True
v0.4_results/21_three_axis_p3_local_refinement/postprocess/phase63/roll-030/yaw2425_pitchp0350_roll-030_brdf.png,2363,True
v0.4_results/21_three_axis_p3_local_refinement/postprocess/phase63/roll-030/yaw2425_pitchp0350_roll-030_ocs.json,554,True
v0.4_results/21_three_axis_p3_local_refinement/postprocess/phase63/roll-030/yaw2425_pitchp0350_roll-030_v_sun_macro.npy,262272,True
v0.4_results/21_three_axis_p3_local_refinement/postprocess/phase63/roll-030/yaw2425_pitchp0350_roll-030_v_sun_macro.png,656,True
v0.4_results/21_three_axis_p3_local_refinement/postprocess/phase63/roll-030/yaw2425_pitchp0375_roll-030_brdf.png,2302,True
v0.4_results/21_three_axis_p3_local_refinement/postprocess/phase63/roll-030/yaw2425_pitchp0375_roll-030_ocs.json,554,True
v0.4_results/21_three_axis_p3_local_refinement/postprocess/phase63/roll-030/yaw2425_pitchp0375_roll-030_v_sun_macro.npy,262272,True
v0.4_results/21_three_axis_p3_local_refinement/postprocess/phase63/roll-030/yaw2425_pitchp0375_roll-030_v_sun_macro.png,658,True
v0.4_results/21_three_axis_p3_local_refinement/postprocess/phase63/roll-030/yaw2425_pitchp0400_roll-030_brdf.png,2310,True
v0.4_results/21_three_axis_p3_local_refinement/postprocess/phase63/roll-030/yaw2425_pitchp0400_roll-030_ocs.json,553,True
v0.4_results/21_three_axis_p3_local_refinement/postprocess/phase63/roll-030/yaw2425_pitchp0400_roll-030_v_sun_macro.npy,262272,True
v0.4_results/21_three_axis_p3_local_refinement/postprocess/phase63/roll-030/yaw2425_pitchp0400_roll-030_v_sun_macro.png,683,True
v0.4_results/21_three_axis_p3_local_refinement/postprocess/phase63/roll-030/yaw2450_pitchp0300_roll-030_brdf.png,2317,True
v0.4_results/21_three_axis_p3_local_refinement/postprocess/phase63/roll-030/yaw2450_pitchp0300_roll-030_ocs.json,553,True
v0.4_results/21_three_axis_p3_local_refinement/postprocess/phase63/roll-030/yaw2450_pitchp0300_roll-030_v_sun_macro.npy,262272,True
v0.4_results/21_three_axis_p3_local_refinement/postprocess/phase63/roll-030/yaw2450_pitchp0300_roll-030_v_sun_macro.png,637,True
v0.4_results/21_three_axis_p3_local_refinement/postprocess/phase63/roll-030/yaw2450_pitchp0325_roll-030_brdf.png,2314,True
v0.4_results/21_three_axis_p3_local_refinement/postprocess/phase63/roll-030/yaw2450_pitchp0325_roll-030_ocs.json,554,True
v0.4_results/21_three_axis_p3_local_refinement/postprocess/phase63/roll-030/yaw2450_pitchp0325_roll-030_v_sun_macro.npy,262272,True
v0.4_results/21_three_axis_p3_local_refinement/postprocess/phase63/roll-030/yaw2450_pitchp0325_roll-030_v_sun_macro.png,625,True
v0.4_results/21_three_axis_p3_local_refinement/postprocess/phase63/roll-030/yaw2450_pitchp0350_roll-030_brdf.png,2334,True
v0.4_results/21_three_axis_p3_local_refinement/postprocess/phase63/roll-030/yaw2450_pitchp0350_roll-030_ocs.json,553,True
v0.4_results/21_three_axis_p3_local_refinement/postprocess/phase63/roll-030/yaw2450_pitchp0350_roll-030_v_sun_macro.npy,262272,True
v0.4_results/21_three_axis_p3_local_refinement/postprocess/phase63/roll-030/yaw2450_pitchp0350_roll-030_v_sun_macro.png,675,True
v0.4_results/21_three_axis_p3_local_refinement/postprocess/phase63/roll-030/yaw2450_pitchp0375_roll-030_brdf.png,2287,True
v0.4_results/21_three_axis_p3_local_refinement/postprocess/phase63/roll-030/yaw2450_pitchp0375_roll-030_ocs.json,554,True
v0.4_results/21_three_axis_p3_local_refinement/postprocess/phase63/roll-030/yaw2450_pitchp0375_roll-030_v_sun_macro.npy,262272,True
v0.4_results/21_three_axis_p3_local_refinement/postprocess/phase63/roll-030/yaw2450_pitchp0375_roll-030_v_sun_macro.png,649,True
v0.4_results/21_three_axis_p3_local_refinement/postprocess/phase63/roll-030/yaw2450_pitchp0400_roll-030_brdf.png,2339,True
v0.4_results/21_three_axis_p3_local_refinement/postprocess/phase63/roll-030/yaw2450_pitchp0400_roll-030_ocs.json,553,True
v0.4_results/21_three_axis_p3_local_refinement/postprocess/phase63/roll-030/yaw2450_pitchp0400_roll-030_v_sun_macro.npy,262272,True
v0.4_results/21_three_axis_p3_local_refinement/postprocess/phase63/roll-030/yaw2450_pitchp0400_roll-030_v_sun_macro.png,654,True
v0.4_results/21_three_axis_p3_local_refinement/postprocess/phase63/roll-030/yaw2475_pitchp0300_roll-030_brdf.png,2276,True
v0.4_results/21_three_axis_p3_local_refinement/postprocess/phase63/roll-030/yaw2475_pitchp0300_roll-030_ocs.json,553,True
v0.4_results/21_three_axis_p3_local_refinement/postprocess/phase63/roll-030/yaw2475_pitchp0300_roll-030_v_sun_macro.npy,262272,True
v0.4_results/21_three_axis_p3_local_refinement/postprocess/phase63/roll-030/yaw2475_pitchp0300_roll-030_v_sun_macro.png,618,True
v0.4_results/21_three_axis_p3_local_refinement/postprocess/phase63/roll-030/yaw2475_pitchp0325_roll-030_brdf.png,2312,True
v0.4_results/21_three_axis_p3_local_refinement/postprocess/phase63/roll-030/yaw2475_pitchp0325_roll-030_ocs.json,553,True
v0.4_results/21_three_axis_p3_local_refinement/postprocess/phase63/roll-030/yaw2475_pitchp0325_roll-030_v_sun_macro.npy,262272,True
v0.4_results/21_three_axis_p3_local_refinement/postprocess/phase63/roll-030/yaw2475_pitchp0325_roll-030_v_sun_macro.png,624,True
v0.4_results/21_three_axis_p3_local_refinement/postprocess/phase63/roll-030/yaw2475_pitchp0350_roll-030_brdf.png,2158,True
v0.4_results/21_three_axis_p3_local_refinement/postprocess/phase63/roll-030/yaw2475_pitchp0350_roll-030_ocs.json,551,True
v0.4_results/21_three_axis_p3_local_refinement/postprocess/phase63/roll-030/yaw2475_pitchp0350_roll-030_v_sun_macro.npy,262272,True
v0.4_results/21_three_axis_p3_local_refinement/postprocess/phase63/roll-030/yaw2475_pitchp0350_roll-030_v_sun_macro.png,629,True
v0.4_results/21_three_axis_p3_local_refinement/postprocess/phase63/roll-030/yaw2475_pitchp0375_roll-030_brdf.png,2275,True
v0.4_results/21_three_axis_p3_local_refinement/postprocess/phase63/roll-030/yaw2475_pitchp0375_roll-030_ocs.json,554,True
v0.4_results/21_three_axis_p3_local_refinement/postprocess/phase63/roll-030/yaw2475_pitchp0375_roll-030_v_sun_macro.npy,262272,True
v0.4_results/21_three_axis_p3_local_refinement/postprocess/phase63/roll-030/yaw2475_pitchp0375_roll-030_v_sun_macro.png,638,True
v0.4_results/21_three_axis_p3_local_refinement/postprocess/phase63/roll-030/yaw2475_pitchp0400_roll-030_brdf.png,2254,True
v0.4_results/21_three_axis_p3_local_refinement/postprocess/phase63/roll-030/yaw2475_pitchp0400_roll-030_ocs.json,554,True
v0.4_results/21_three_axis_p3_local_refinement/postprocess/phase63/roll-030/yaw2475_pitchp0400_roll-030_v_sun_macro.npy,262272,True
v0.4_results/21_three_axis_p3_local_refinement/postprocess/phase63/roll-030/yaw2475_pitchp0400_roll-030_v_sun_macro.png,633,True
v0.4_results/21_three_axis_p3_local_refinement/postprocess/phase63/roll-030/yaw2500_pitchp0300_roll-030_brdf.png,2261,True
v0.4_results/21_three_axis_p3_local_refinement/postprocess/phase63/roll-030/yaw2500_pitchp0300_roll-030_ocs.json,554,True
v0.4_results/21_three_axis_p3_local_refinement/postprocess/phase63/roll-030/yaw2500_pitchp0300_roll-030_v_sun_macro.npy,262272,True
v0.4_results/21_three_axis_p3_local_refinement/postprocess/phase63/roll-030/yaw2500_pitchp0300_roll-030_v_sun_macro.png,630,True
v0.4_results/21_three_axis_p3_local_refinement/postprocess/phase63/roll-030/yaw2500_pitchp0325_roll-030_brdf.png,2178,True
v0.4_results/21_three_axis_p3_local_refinement/postprocess/phase63/roll-030/yaw2500_pitchp0325_roll-030_ocs.json,553,True
v0.4_results/21_three_axis_p3_local_refinement/postprocess/phase63/roll-030/yaw2500_pitchp0325_roll-030_v_sun_macro.npy,262272,True
v0.4_results/21_three_axis_p3_local_refinement/postprocess/phase63/roll-030/yaw2500_pitchp0325_roll-030_v_sun_macro.png,627,True
v0.4_results/21_three_axis_p3_local_refinement/postprocess/phase63/roll-030/yaw2500_pitchp0350_roll-030_brdf.png,2215,True
v0.4_results/21_three_axis_p3_local_refinement/postprocess/phase63/roll-030/yaw2500_pitchp0350_roll-030_ocs.json,552,True
v0.4_results/21_three_axis_p3_local_refinement/postprocess/phase63/roll-030/yaw2500_pitchp0350_roll-030_v_sun_macro.npy,262272,True
v0.4_results/21_three_axis_p3_local_refinement/postprocess/phase63/roll-030/yaw2500_pitchp0350_roll-030_v_sun_macro.png,617,True
v0.4_results/21_three_axis_p3_local_refinement/postprocess/phase63/roll-030/yaw2500_pitchp0375_roll-030_brdf.png,2231,True
v0.4_results/21_three_axis_p3_local_refinement/postprocess/phase63/roll-030/yaw2500_pitchp0375_roll-030_ocs.json,555,True
v0.4_results/21_three_axis_p3_local_refinement/postprocess/phase63/roll-030/yaw2500_pitchp0375_roll-030_v_sun_macro.npy,262272,True
v0.4_results/21_three_axis_p3_local_refinement/postprocess/phase63/roll-030/yaw2500_pitchp0375_roll-030_v_sun_macro.png,635,True
v0.4_results/21_three_axis_p3_local_refinement/postprocess/phase63/roll-030/yaw2500_pitchp0400_roll-030_brdf.png,2193,True
v0.4_results/21_three_axis_p3_local_refinement/postprocess/phase63/roll-030/yaw2500_pitchp0400_roll-030_ocs.json,554,True
v0.4_results/21_three_axis_p3_local_refinement/postprocess/phase63/roll-030/yaw2500_pitchp0400_roll-030_v_sun_macro.npy,262272,True
v0.4_results/21_three_axis_p3_local_refinement/postprocess/phase63/roll-030/yaw2500_pitchp0400_roll-030_v_sun_macro.png,624,True
v0.4_results/21_three_axis_p3_local_refinement/postprocess/phase63/roll-030/yaw2800_pitchm0800_roll-030_brdf.png,1818,True
v0.4_results/21_three_axis_p3_local_refinement/postprocess/phase63/roll-030/yaw2800_pitchm0800_roll-030_ocs.json,555,True
v0.4_results/21_three_axis_p3_local_refinement/postprocess/phase63/roll-030/yaw2800_pitchm0800_roll-030_v_sun_macro.npy,262272,True
v0.4_results/21_three_axis_p3_local_refinement/postprocess/phase63/roll-030/yaw2800_pitchm0800_roll-030_v_sun_macro.png,756,True
v0.4_results/21_three_axis_p3_local_refinement/postprocess/phase63/roll-030/yaw2800_pitchm0850_roll-030_brdf.png,1684,True
v0.4_results/21_three_axis_p3_local_refinement/postprocess/phase63/roll-030/yaw2800_pitchm0850_roll-030_ocs.json,552,True
v0.4_results/21_three_axis_p3_local_refinement/postprocess/phase63/roll-030/yaw2800_pitchm0850_roll-030_v_sun_macro.npy,262272,True
v0.4_results/21_three_axis_p3_local_refinement/postprocess/phase63/roll-030/yaw2800_pitchm0850_roll-030_v_sun_macro.png,725,True
v0.4_results/21_three_axis_p3_local_refinement/postprocess/phase63/roll-030/yaw2850_pitchm0800_roll-030_brdf.png,1723,True
v0.4_results/21_three_axis_p3_local_refinement/postprocess/phase63/roll-030/yaw2850_pitchm0800_roll-030_ocs.json,555,True
v0.4_results/21_three_axis_p3_local_refinement/postprocess/phase63/roll-030/yaw2850_pitchm0800_roll-030_v_sun_macro.npy,262272,True
v0.4_results/21_three_axis_p3_local_refinement/postprocess/phase63/roll-030/yaw2850_pitchm0800_roll-030_v_sun_macro.png,722,True
v0.4_results/21_three_axis_p3_local_refinement/postprocess/phase63/roll-030/yaw2850_pitchm0850_roll-030_brdf.png,1664,True
v0.4_results/21_three_axis_p3_local_refinement/postprocess/phase63/roll-030/yaw2850_pitchm0850_roll-030_ocs.json,555,True
v0.4_results/21_three_axis_p3_local_refinement/postprocess/phase63/roll-030/yaw2850_pitchm0850_roll-030_v_sun_macro.npy,262272,True
v0.4_results/21_three_axis_p3_local_refinement/postprocess/phase63/roll-030/yaw2850_pitchm0850_roll-030_v_sun_macro.png,713,True
v0.4_results/21_three_axis_p3_local_refinement/postprocess/phase63/roll-045/p3_postprocess_summary.json,131661,True
v0.4_results/21_three_axis_p3_local_refinement/postprocess/phase63/roll-045/yaw0550_pitchp0600_roll-045_brdf.png,1702,True
v0.4_results/21_three_axis_p3_local_refinement/postprocess/phase63/roll-045/yaw0550_pitchp0600_roll-045_ocs.json,533,True
v0.4_results/21_three_axis_p3_local_refinement/postprocess/phase63/roll-045/yaw0550_pitchp0600_roll-045_v_sun_macro.npy,262272,True
v0.4_results/21_three_axis_p3_local_refinement/postprocess/phase63/roll-045/yaw0550_pitchp0600_roll-045_v_sun_macro.png,665,True
v0.4_results/21_three_axis_p3_local_refinement/postprocess/phase63/roll-045/yaw0550_pitchp0625_roll-045_brdf.png,1676,True
v0.4_results/21_three_axis_p3_local_refinement/postprocess/phase63/roll-045/yaw0550_pitchp0625_roll-045_ocs.json,532,True
v0.4_results/21_three_axis_p3_local_refinement/postprocess/phase63/roll-045/yaw0550_pitchp0625_roll-045_v_sun_macro.npy,262272,True
v0.4_results/21_three_axis_p3_local_refinement/postprocess/phase63/roll-045/yaw0550_pitchp0625_roll-045_v_sun_macro.png,660,True
v0.4_results/21_three_axis_p3_local_refinement/postprocess/phase63/roll-045/yaw0550_pitchp0650_roll-045_brdf.png,1815,True
v0.4_results/21_three_axis_p3_local_refinement/postprocess/phase63/roll-045/yaw0550_pitchp0650_roll-045_ocs.json,534,True
v0.4_results/21_three_axis_p3_local_refinement/postprocess/phase63/roll-045/yaw0550_pitchp0650_roll-045_v_sun_macro.npy,262272,True
v0.4_results/21_three_axis_p3_local_refinement/postprocess/phase63/roll-045/yaw0550_pitchp0650_roll-045_v_sun_macro.png,667,True
v0.4_results/21_three_axis_p3_local_refinement/postprocess/phase63/roll-045/yaw0550_pitchp0675_roll-045_brdf.png,1822,True
v0.4_results/21_three_axis_p3_local_refinement/postprocess/phase63/roll-045/yaw0550_pitchp0675_roll-045_ocs.json,535,True
v0.4_results/21_three_axis_p3_local_refinement/postprocess/phase63/roll-045/yaw0550_pitchp0675_roll-045_v_sun_macro.npy,262272,True
v0.4_results/21_three_axis_p3_local_refinement/postprocess/phase63/roll-045/yaw0550_pitchp0675_roll-045_v_sun_macro.png,648,True
v0.4_results/21_three_axis_p3_local_refinement/postprocess/phase63/roll-045/yaw0550_pitchp0700_roll-045_brdf.png,1734,True
v0.4_results/21_three_axis_p3_local_refinement/postprocess/phase63/roll-045/yaw0550_pitchp0700_roll-045_ocs.json,532,True
v0.4_results/21_three_axis_p3_local_refinement/postprocess/phase63/roll-045/yaw0550_pitchp0700_roll-045_v_sun_macro.npy,262272,True
v0.4_results/21_three_axis_p3_local_refinement/postprocess/phase63/roll-045/yaw0550_pitchp0700_roll-045_v_sun_macro.png,649,True
v0.4_results/21_three_axis_p3_local_refinement/postprocess/phase63/roll-045/yaw0575_pitchp0600_roll-045_brdf.png,1642,True
v0.4_results/21_three_axis_p3_local_refinement/postprocess/phase63/roll-045/yaw0575_pitchp0600_roll-045_ocs.json,535,True
v0.4_results/21_three_axis_p3_local_refinement/postprocess/phase63/roll-045/yaw0575_pitchp0600_roll-045_v_sun_macro.npy,262272,True
v0.4_results/21_three_axis_p3_local_refinement/postprocess/phase63/roll-045/yaw0575_pitchp0600_roll-045_v_sun_macro.png,648,True
v0.4_results/21_three_axis_p3_local_refinement/postprocess/phase63/roll-045/yaw0575_pitchp0625_roll-045_brdf.png,1735,True
v0.4_results/21_three_axis_p3_local_refinement/postprocess/phase63/roll-045/yaw0575_pitchp0625_roll-045_ocs.json,535,True
v0.4_results/21_three_axis_p3_local_refinement/postprocess/phase63/roll-045/yaw0575_pitchp0625_roll-045_v_sun_macro.npy,262272,True
v0.4_results/21_three_axis_p3_local_refinement/postprocess/phase63/roll-045/yaw0575_pitchp0625_roll-045_v_sun_macro.png,667,True
v0.4_results/21_three_axis_p3_local_refinement/postprocess/phase63/roll-045/yaw0575_pitchp0650_roll-045_brdf.png,1769,True
v0.4_results/21_three_axis_p3_local_refinement/postprocess/phase63/roll-045/yaw0575_pitchp0650_roll-045_ocs.json,533,True
v0.4_results/21_three_axis_p3_local_refinement/postprocess/phase63/roll-045/yaw0575_pitchp0650_roll-045_v_sun_macro.npy,262272,True
v0.4_results/21_three_axis_p3_local_refinement/postprocess/phase63/roll-045/yaw0575_pitchp0650_roll-045_v_sun_macro.png,656,True
v0.4_results/21_three_axis_p3_local_refinement/postprocess/phase63/roll-045/yaw0575_pitchp0675_roll-045_brdf.png,1736,True
v0.4_results/21_three_axis_p3_local_refinement/postprocess/phase63/roll-045/yaw0575_pitchp0675_roll-045_ocs.json,535,True
v0.4_results/21_three_axis_p3_local_refinement/postprocess/phase63/roll-045/yaw0575_pitchp0675_roll-045_v_sun_macro.npy,262272,True
v0.4_results/21_three_axis_p3_local_refinement/postprocess/phase63/roll-045/yaw0575_pitchp0675_roll-045_v_sun_macro.png,627,True
v0.4_results/21_three_axis_p3_local_refinement/postprocess/phase63/roll-045/yaw0575_pitchp0700_roll-045_brdf.png,1725,True
v0.4_results/21_three_axis_p3_local_refinement/postprocess/phase63/roll-045/yaw0575_pitchp0700_roll-045_ocs.json,534,True
v0.4_results/21_three_axis_p3_local_refinement/postprocess/phase63/roll-045/yaw0575_pitchp0700_roll-045_v_sun_macro.npy,262272,True
v0.4_results/21_three_axis_p3_local_refinement/postprocess/phase63/roll-045/yaw0575_pitchp0700_roll-045_v_sun_macro.png,644,True
v0.4_results/21_three_axis_p3_local_refinement/postprocess/phase63/roll-045/yaw0600_pitchp0600_roll-045_brdf.png,1761,True
v0.4_results/21_three_axis_p3_local_refinement/postprocess/phase63/roll-045/yaw0600_pitchp0600_roll-045_ocs.json,534,True
v0.4_results/21_three_axis_p3_local_refinement/postprocess/phase63/roll-045/yaw0600_pitchp0600_roll-045_v_sun_macro.npy,262272,True
v0.4_results/21_three_axis_p3_local_refinement/postprocess/phase63/roll-045/yaw0600_pitchp0600_roll-045_v_sun_macro.png,613,True
v0.4_results/21_three_axis_p3_local_refinement/postprocess/phase63/roll-045/yaw0600_pitchp0625_roll-045_brdf.png,1629,True
v0.4_results/21_three_axis_p3_local_refinement/postprocess/phase63/roll-045/yaw0600_pitchp0625_roll-045_ocs.json,533,True
v0.4_results/21_three_axis_p3_local_refinement/postprocess/phase63/roll-045/yaw0600_pitchp0625_roll-045_v_sun_macro.npy,262272,True
v0.4_results/21_three_axis_p3_local_refinement/postprocess/phase63/roll-045/yaw0600_pitchp0625_roll-045_v_sun_macro.png,644,True
v0.4_results/21_three_axis_p3_local_refinement/postprocess/phase63/roll-045/yaw0600_pitchp0650_roll-045_brdf.png,1729,True
v0.4_results/21_three_axis_p3_local_refinement/postprocess/phase63/roll-045/yaw0600_pitchp0650_roll-045_ocs.json,534,True
v0.4_results/21_three_axis_p3_local_refinement/postprocess/phase63/roll-045/yaw0600_pitchp0650_roll-045_v_sun_macro.npy,262272,True
v0.4_results/21_three_axis_p3_local_refinement/postprocess/phase63/roll-045/yaw0600_pitchp0650_roll-045_v_sun_macro.png,662,True
v0.4_results/21_three_axis_p3_local_refinement/postprocess/phase63/roll-045/yaw0600_pitchp0675_roll-045_brdf.png,1731,True
v0.4_results/21_three_axis_p3_local_refinement/postprocess/phase63/roll-045/yaw0600_pitchp0675_roll-045_ocs.json,533,True
v0.4_results/21_three_axis_p3_local_refinement/postprocess/phase63/roll-045/yaw0600_pitchp0675_roll-045_v_sun_macro.npy,262272,True
v0.4_results/21_three_axis_p3_local_refinement/postprocess/phase63/roll-045/yaw0600_pitchp0675_roll-045_v_sun_macro.png,654,True
v0.4_results/21_three_axis_p3_local_refinement/postprocess/phase63/roll-045/yaw0600_pitchp0700_roll-045_brdf.png,1669,True
v0.4_results/21_three_axis_p3_local_refinement/postprocess/phase63/roll-045/yaw0600_pitchp0700_roll-045_ocs.json,534,True
v0.4_results/21_three_axis_p3_local_refinement/postprocess/phase63/roll-045/yaw0600_pitchp0700_roll-045_v_sun_macro.npy,262272,True
v0.4_results/21_three_axis_p3_local_refinement/postprocess/phase63/roll-045/yaw0600_pitchp0700_roll-045_v_sun_macro.png,630,True
v0.4_results/21_three_axis_p3_local_refinement/postprocess/phase63/roll-045/yaw0625_pitchp0600_roll-045_brdf.png,1716,True
v0.4_results/21_three_axis_p3_local_refinement/postprocess/phase63/roll-045/yaw0625_pitchp0600_roll-045_ocs.json,531,True
v0.4_results/21_three_axis_p3_local_refinement/postprocess/phase63/roll-045/yaw0625_pitchp0600_roll-045_v_sun_macro.npy,262272,True
v0.4_results/21_three_axis_p3_local_refinement/postprocess/phase63/roll-045/yaw0625_pitchp0600_roll-045_v_sun_macro.png,629,True
v0.4_results/21_three_axis_p3_local_refinement/postprocess/phase63/roll-045/yaw0625_pitchp0625_roll-045_brdf.png,1668,True
v0.4_results/21_three_axis_p3_local_refinement/postprocess/phase63/roll-045/yaw0625_pitchp0625_roll-045_ocs.json,532,True
v0.4_results/21_three_axis_p3_local_refinement/postprocess/phase63/roll-045/yaw0625_pitchp0625_roll-045_v_sun_macro.npy,262272,True
v0.4_results/21_three_axis_p3_local_refinement/postprocess/phase63/roll-045/yaw0625_pitchp0625_roll-045_v_sun_macro.png,635,True
v0.4_results/21_three_axis_p3_local_refinement/postprocess/phase63/roll-045/yaw0625_pitchp0650_roll-045_brdf.png,1711,True
v0.4_results/21_three_axis_p3_local_refinement/postprocess/phase63/roll-045/yaw0625_pitchp0650_roll-045_ocs.json,535,True
v0.4_results/21_three_axis_p3_local_refinement/postprocess/phase63/roll-045/yaw0625_pitchp0650_roll-045_v_sun_macro.npy,262272,True
v0.4_results/21_three_axis_p3_local_refinement/postprocess/phase63/roll-045/yaw0625_pitchp0650_roll-045_v_sun_macro.png,651,True
v0.4_results/21_three_axis_p3_local_refinement/postprocess/phase63/roll-045/yaw0625_pitchp0675_roll-045_brdf.png,1659,True
v0.4_results/21_three_axis_p3_local_refinement/postprocess/phase63/roll-045/yaw0625_pitchp0675_roll-045_ocs.json,534,True
v0.4_results/21_three_axis_p3_local_refinement/postprocess/phase63/roll-045/yaw0625_pitchp0675_roll-045_v_sun_macro.npy,262272,True
v0.4_results/21_three_axis_p3_local_refinement/postprocess/phase63/roll-045/yaw0625_pitchp0675_roll-045_v_sun_macro.png,619,True
v0.4_results/21_three_axis_p3_local_refinement/postprocess/phase63/roll-045/yaw0625_pitchp0700_roll-045_brdf.png,1658,True
v0.4_results/21_three_axis_p3_local_refinement/postprocess/phase63/roll-045/yaw0625_pitchp0700_roll-045_ocs.json,533,True
v0.4_results/21_three_axis_p3_local_refinement/postprocess/phase63/roll-045/yaw0625_pitchp0700_roll-045_v_sun_macro.npy,262272,True
v0.4_results/21_three_axis_p3_local_refinement/postprocess/phase63/roll-045/yaw0625_pitchp0700_roll-045_v_sun_macro.png,636,True
v0.4_results/21_three_axis_p3_local_refinement/postprocess/phase63/roll-045/yaw0650_pitchp0600_roll-045_brdf.png,1647,True
v0.4_results/21_three_axis_p3_local_refinement/postprocess/phase63/roll-045/yaw0650_pitchp0600_roll-045_ocs.json,533,True
v0.4_results/21_three_axis_p3_local_refinement/postprocess/phase63/roll-045/yaw0650_pitchp0600_roll-045_v_sun_macro.npy,262272,True
v0.4_results/21_three_axis_p3_local_refinement/postprocess/phase63/roll-045/yaw0650_pitchp0600_roll-045_v_sun_macro.png,618,True
v0.4_results/21_three_axis_p3_local_refinement/postprocess/phase63/roll-045/yaw0650_pitchp0625_roll-045_brdf.png,1623,True
v0.4_results/21_three_axis_p3_local_refinement/postprocess/phase63/roll-045/yaw0650_pitchp0625_roll-045_ocs.json,533,True
v0.4_results/21_three_axis_p3_local_refinement/postprocess/phase63/roll-045/yaw0650_pitchp0625_roll-045_v_sun_macro.npy,262272,True
v0.4_results/21_three_axis_p3_local_refinement/postprocess/phase63/roll-045/yaw0650_pitchp0625_roll-045_v_sun_macro.png,640,True
v0.4_results/21_three_axis_p3_local_refinement/postprocess/phase63/roll-045/yaw0650_pitchp0650_roll-045_brdf.png,1681,True
v0.4_results/21_three_axis_p3_local_refinement/postprocess/phase63/roll-045/yaw0650_pitchp0650_roll-045_ocs.json,533,True
v0.4_results/21_three_axis_p3_local_refinement/postprocess/phase63/roll-045/yaw0650_pitchp0650_roll-045_v_sun_macro.npy,262272,True
v0.4_results/21_three_axis_p3_local_refinement/postprocess/phase63/roll-045/yaw0650_pitchp0650_roll-045_v_sun_macro.png,639,True
v0.4_results/21_three_axis_p3_local_refinement/postprocess/phase63/roll-045/yaw0650_pitchp0675_roll-045_brdf.png,1672,True
v0.4_results/21_three_axis_p3_local_refinement/postprocess/phase63/roll-045/yaw0650_pitchp0675_roll-045_ocs.json,534,True
v0.4_results/21_three_axis_p3_local_refinement/postprocess/phase63/roll-045/yaw0650_pitchp0675_roll-045_v_sun_macro.npy,262272,True
v0.4_results/21_three_axis_p3_local_refinement/postprocess/phase63/roll-045/yaw0650_pitchp0675_roll-045_v_sun_macro.png,646,True
v0.4_results/21_three_axis_p3_local_refinement/postprocess/phase63/roll-045/yaw0650_pitchp0700_roll-045_brdf.png,1623,True
v0.4_results/21_three_axis_p3_local_refinement/postprocess/phase63/roll-045/yaw0650_pitchp0700_roll-045_ocs.json,533,True
v0.4_results/21_three_axis_p3_local_refinement/postprocess/phase63/roll-045/yaw0650_pitchp0700_roll-045_v_sun_macro.npy,262272,True
v0.4_results/21_three_axis_p3_local_refinement/postprocess/phase63/roll-045/yaw0650_pitchp0700_roll-045_v_sun_macro.png,636,True
v0.4_results/21_three_axis_p3_local_refinement/postprocess/phase63/roll-045/yaw1450_pitchp0100_roll-045_brdf.png,1728,True
v0.4_results/21_three_axis_p3_local_refinement/postprocess/phase63/roll-045/yaw1450_pitchp0100_roll-045_ocs.json,551,True
v0.4_results/21_three_axis_p3_local_refinement/postprocess/phase63/roll-045/yaw1450_pitchp0100_roll-045_v_sun_macro.npy,262272,True
v0.4_results/21_three_axis_p3_local_refinement/postprocess/phase63/roll-045/yaw1450_pitchp0100_roll-045_v_sun_macro.png,693,True
v0.4_results/21_three_axis_p3_local_refinement/postprocess/phase63/roll-045/yaw1450_pitchp0125_roll-045_brdf.png,1733,True
v0.4_results/21_three_axis_p3_local_refinement/postprocess/phase63/roll-045/yaw1450_pitchp0125_roll-045_ocs.json,552,True
v0.4_results/21_three_axis_p3_local_refinement/postprocess/phase63/roll-045/yaw1450_pitchp0125_roll-045_v_sun_macro.npy,262272,True
v0.4_results/21_three_axis_p3_local_refinement/postprocess/phase63/roll-045/yaw1450_pitchp0125_roll-045_v_sun_macro.png,715,True
v0.4_results/21_three_axis_p3_local_refinement/postprocess/phase63/roll-045/yaw1450_pitchp0150_roll-045_brdf.png,1702,True
v0.4_results/21_three_axis_p3_local_refinement/postprocess/phase63/roll-045/yaw1450_pitchp0150_roll-045_ocs.json,552,True
v0.4_results/21_three_axis_p3_local_refinement/postprocess/phase63/roll-045/yaw1450_pitchp0150_roll-045_v_sun_macro.npy,262272,True
v0.4_results/21_three_axis_p3_local_refinement/postprocess/phase63/roll-045/yaw1450_pitchp0150_roll-045_v_sun_macro.png,725,True
v0.4_results/21_three_axis_p3_local_refinement/postprocess/phase63/roll-045/yaw1450_pitchp0175_roll-045_brdf.png,1685,True
v0.4_results/21_three_axis_p3_local_refinement/postprocess/phase63/roll-045/yaw1450_pitchp0175_roll-045_ocs.json,550,True
v0.4_results/21_three_axis_p3_local_refinement/postprocess/phase63/roll-045/yaw1450_pitchp0175_roll-045_v_sun_macro.npy,262272,True
v0.4_results/21_three_axis_p3_local_refinement/postprocess/phase63/roll-045/yaw1450_pitchp0175_roll-045_v_sun_macro.png,748,True
v0.4_results/21_three_axis_p3_local_refinement/postprocess/phase63/roll-045/yaw1450_pitchp0200_roll-045_brdf.png,1712,True
v0.4_results/21_three_axis_p3_local_refinement/postprocess/phase63/roll-045/yaw1450_pitchp0200_roll-045_ocs.json,552,True
v0.4_results/21_three_axis_p3_local_refinement/postprocess/phase63/roll-045/yaw1450_pitchp0200_roll-045_v_sun_macro.npy,262272,True
v0.4_results/21_three_axis_p3_local_refinement/postprocess/phase63/roll-045/yaw1450_pitchp0200_roll-045_v_sun_macro.png,782,True
v0.4_results/21_three_axis_p3_local_refinement/postprocess/phase63/roll-045/yaw1450_pitchp0225_roll-045_brdf.png,1594,True
v0.4_results/21_three_axis_p3_local_refinement/postprocess/phase63/roll-045/yaw1450_pitchp0225_roll-045_ocs.json,551,True
v0.4_results/21_three_axis_p3_local_refinement/postprocess/phase63/roll-045/yaw1450_pitchp0225_roll-045_v_sun_macro.npy,262272,True
v0.4_results/21_three_axis_p3_local_refinement/postprocess/phase63/roll-045/yaw1450_pitchp0225_roll-045_v_sun_macro.png,766,True
v0.4_results/21_three_axis_p3_local_refinement/postprocess/phase63/roll-045/yaw1450_pitchp0250_roll-045_brdf.png,1537,True
v0.4_results/21_three_axis_p3_local_refinement/postprocess/phase63/roll-045/yaw1450_pitchp0250_roll-045_ocs.json,553,True
v0.4_results/21_three_axis_p3_local_refinement/postprocess/phase63/roll-045/yaw1450_pitchp0250_roll-045_v_sun_macro.npy,262272,True
v0.4_results/21_three_axis_p3_local_refinement/postprocess/phase63/roll-045/yaw1450_pitchp0250_roll-045_v_sun_macro.png,794,True
v0.4_results/21_three_axis_p3_local_refinement/postprocess/phase63/roll-045/yaw1475_pitchp0100_roll-045_brdf.png,1653,True
v0.4_results/21_three_axis_p3_local_refinement/postprocess/phase63/roll-045/yaw1475_pitchp0100_roll-045_ocs.json,551,True
v0.4_results/21_three_axis_p3_local_refinement/postprocess/phase63/roll-045/yaw1475_pitchp0100_roll-045_v_sun_macro.npy,262272,True
v0.4_results/21_three_axis_p3_local_refinement/postprocess/phase63/roll-045/yaw1475_pitchp0100_roll-045_v_sun_macro.png,706,True
v0.4_results/21_three_axis_p3_local_refinement/postprocess/phase63/roll-045/yaw1475_pitchp0125_roll-045_brdf.png,1683,True
v0.4_results/21_three_axis_p3_local_refinement/postprocess/phase63/roll-045/yaw1475_pitchp0125_roll-045_ocs.json,552,True
v0.4_results/21_three_axis_p3_local_refinement/postprocess/phase63/roll-045/yaw1475_pitchp0125_roll-045_v_sun_macro.npy,262272,True
v0.4_results/21_three_axis_p3_local_refinement/postprocess/phase63/roll-045/yaw1475_pitchp0125_roll-045_v_sun_macro.png,688,True
v0.4_results/21_three_axis_p3_local_refinement/postprocess/phase63/roll-045/yaw1475_pitchp0150_roll-045_brdf.png,1686,True
v0.4_results/21_three_axis_p3_local_refinement/postprocess/phase63/roll-045/yaw1475_pitchp0150_roll-045_ocs.json,551,True
v0.4_results/21_three_axis_p3_local_refinement/postprocess/phase63/roll-045/yaw1475_pitchp0150_roll-045_v_sun_macro.npy,262272,True
v0.4_results/21_three_axis_p3_local_refinement/postprocess/phase63/roll-045/yaw1475_pitchp0150_roll-045_v_sun_macro.png,692,True
v0.4_results/21_three_axis_p3_local_refinement/postprocess/phase63/roll-045/yaw1475_pitchp0175_roll-045_brdf.png,1730,True
v0.4_results/21_three_axis_p3_local_refinement/postprocess/phase63/roll-045/yaw1475_pitchp0175_roll-045_ocs.json,552,True
v0.4_results/21_three_axis_p3_local_refinement/postprocess/phase63/roll-045/yaw1475_pitchp0175_roll-045_v_sun_macro.npy,262272,True
v0.4_results/21_three_axis_p3_local_refinement/postprocess/phase63/roll-045/yaw1475_pitchp0175_roll-045_v_sun_macro.png,720,True
v0.4_results/21_three_axis_p3_local_refinement/postprocess/phase63/roll-045/yaw1475_pitchp0200_roll-045_brdf.png,1664,True
v0.4_results/21_three_axis_p3_local_refinement/postprocess/phase63/roll-045/yaw1475_pitchp0200_roll-045_ocs.json,549,True
v0.4_results/21_three_axis_p3_local_refinement/postprocess/phase63/roll-045/yaw1475_pitchp0200_roll-045_v_sun_macro.npy,262272,True
v0.4_results/21_three_axis_p3_local_refinement/postprocess/phase63/roll-045/yaw1475_pitchp0200_roll-045_v_sun_macro.png,756,True
v0.4_results/21_three_axis_p3_local_refinement/postprocess/phase63/roll-045/yaw1475_pitchp0225_roll-045_brdf.png,1646,True
v0.4_results/21_three_axis_p3_local_refinement/postprocess/phase63/roll-045/yaw1475_pitchp0225_roll-045_ocs.json,552,True
v0.4_results/21_three_axis_p3_local_refinement/postprocess/phase63/roll-045/yaw1475_pitchp0225_roll-045_v_sun_macro.npy,262272,True
v0.4_results/21_three_axis_p3_local_refinement/postprocess/phase63/roll-045/yaw1475_pitchp0225_roll-045_v_sun_macro.png,760,True
v0.4_results/21_three_axis_p3_local_refinement/postprocess/phase63/roll-045/yaw1475_pitchp0250_roll-045_brdf.png,1544,True
v0.4_results/21_three_axis_p3_local_refinement/postprocess/phase63/roll-045/yaw1475_pitchp0250_roll-045_ocs.json,552,True
v0.4_results/21_three_axis_p3_local_refinement/postprocess/phase63/roll-045/yaw1475_pitchp0250_roll-045_v_sun_macro.npy,262272,True
v0.4_results/21_three_axis_p3_local_refinement/postprocess/phase63/roll-045/yaw1475_pitchp0250_roll-045_v_sun_macro.png,808,True
v0.4_results/21_three_axis_p3_local_refinement/postprocess/phase63/roll-045/yaw1500_pitchp0100_roll-045_brdf.png,1683,True
v0.4_results/21_three_axis_p3_local_refinement/postprocess/phase63/roll-045/yaw1500_pitchp0100_roll-045_ocs.json,551,True
v0.4_results/21_three_axis_p3_local_refinement/postprocess/phase63/roll-045/yaw1500_pitchp0100_roll-045_v_sun_macro.npy,262272,True
v0.4_results/21_three_axis_p3_local_refinement/postprocess/phase63/roll-045/yaw1500_pitchp0100_roll-045_v_sun_macro.png,669,True
v0.4_results/21_three_axis_p3_local_refinement/postprocess/phase63/roll-045/yaw1500_pitchp0125_roll-045_brdf.png,1640,True
v0.4_results/21_three_axis_p3_local_refinement/postprocess/phase63/roll-045/yaw1500_pitchp0125_roll-045_ocs.json,550,True
v0.4_results/21_three_axis_p3_local_refinement/postprocess/phase63/roll-045/yaw1500_pitchp0125_roll-045_v_sun_macro.npy,262272,True
v0.4_results/21_three_axis_p3_local_refinement/postprocess/phase63/roll-045/yaw1500_pitchp0125_roll-045_v_sun_macro.png,695,True
v0.4_results/21_three_axis_p3_local_refinement/postprocess/phase63/roll-045/yaw1500_pitchp0150_roll-045_brdf.png,1647,True
v0.4_results/21_three_axis_p3_local_refinement/postprocess/phase63/roll-045/yaw1500_pitchp0150_roll-045_ocs.json,552,True
v0.4_results/21_three_axis_p3_local_refinement/postprocess/phase63/roll-045/yaw1500_pitchp0150_roll-045_v_sun_macro.npy,262272,True
v0.4_results/21_three_axis_p3_local_refinement/postprocess/phase63/roll-045/yaw1500_pitchp0150_roll-045_v_sun_macro.png,712,True
v0.4_results/21_three_axis_p3_local_refinement/postprocess/phase63/roll-045/yaw1500_pitchp0175_roll-045_brdf.png,1719,True
v0.4_results/21_three_axis_p3_local_refinement/postprocess/phase63/roll-045/yaw1500_pitchp0175_roll-045_ocs.json,550,True
v0.4_results/21_three_axis_p3_local_refinement/postprocess/phase63/roll-045/yaw1500_pitchp0175_roll-045_v_sun_macro.npy,262272,True
v0.4_results/21_three_axis_p3_local_refinement/postprocess/phase63/roll-045/yaw1500_pitchp0175_roll-045_v_sun_macro.png,726,True
v0.4_results/21_three_axis_p3_local_refinement/postprocess/phase63/roll-045/yaw1500_pitchp0200_roll-045_brdf.png,1707,True
v0.4_results/21_three_axis_p3_local_refinement/postprocess/phase63/roll-045/yaw1500_pitchp0200_roll-045_ocs.json,552,True
v0.4_results/21_three_axis_p3_local_refinement/postprocess/phase63/roll-045/yaw1500_pitchp0200_roll-045_v_sun_macro.npy,262272,True
v0.4_results/21_three_axis_p3_local_refinement/postprocess/phase63/roll-045/yaw1500_pitchp0200_roll-045_v_sun_macro.png,759,True
v0.4_results/21_three_axis_p3_local_refinement/postprocess/phase63/roll-045/yaw1500_pitchp0225_roll-045_brdf.png,1658,True
v0.4_results/21_three_axis_p3_local_refinement/postprocess/phase63/roll-045/yaw1500_pitchp0225_roll-045_ocs.json,550,True
v0.4_results/21_three_axis_p3_local_refinement/postprocess/phase63/roll-045/yaw1500_pitchp0225_roll-045_v_sun_macro.npy,262272,True
v0.4_results/21_three_axis_p3_local_refinement/postprocess/phase63/roll-045/yaw1500_pitchp0225_roll-045_v_sun_macro.png,766,True
v0.4_results/21_three_axis_p3_local_refinement/postprocess/phase63/roll-045/yaw1500_pitchp0250_roll-045_brdf.png,1605,True
v0.4_results/21_three_axis_p3_local_refinement/postprocess/phase63/roll-045/yaw1500_pitchp0250_roll-045_ocs.json,554,True
v0.4_results/21_three_axis_p3_local_refinement/postprocess/phase63/roll-045/yaw1500_pitchp0250_roll-045_v_sun_macro.npy,262272,True
v0.4_results/21_three_axis_p3_local_refinement/postprocess/phase63/roll-045/yaw1500_pitchp0250_roll-045_v_sun_macro.png,818,True
v0.4_results/21_three_axis_p3_local_refinement/postprocess/phase63/roll-045/yaw1525_pitchp0100_roll-045_brdf.png,1720,True
v0.4_results/21_three_axis_p3_local_refinement/postprocess/phase63/roll-045/yaw1525_pitchp0100_roll-045_ocs.json,551,True
v0.4_results/21_three_axis_p3_local_refinement/postprocess/phase63/roll-045/yaw1525_pitchp0100_roll-045_v_sun_macro.npy,262272,True
v0.4_results/21_three_axis_p3_local_refinement/postprocess/phase63/roll-045/yaw1525_pitchp0100_roll-045_v_sun_macro.png,697,True
v0.4_results/21_three_axis_p3_local_refinement/postprocess/phase63/roll-045/yaw1525_pitchp0125_roll-045_brdf.png,1695,True
v0.4_results/21_three_axis_p3_local_refinement/postprocess/phase63/roll-045/yaw1525_pitchp0125_roll-045_ocs.json,552,True
v0.4_results/21_three_axis_p3_local_refinement/postprocess/phase63/roll-045/yaw1525_pitchp0125_roll-045_v_sun_macro.npy,262272,True
v0.4_results/21_three_axis_p3_local_refinement/postprocess/phase63/roll-045/yaw1525_pitchp0125_roll-045_v_sun_macro.png,681,True
v0.4_results/21_three_axis_p3_local_refinement/postprocess/phase63/roll-045/yaw1525_pitchp0150_roll-045_brdf.png,1697,True
v0.4_results/21_three_axis_p3_local_refinement/postprocess/phase63/roll-045/yaw1525_pitchp0150_roll-045_ocs.json,551,True
v0.4_results/21_three_axis_p3_local_refinement/postprocess/phase63/roll-045/yaw1525_pitchp0150_roll-045_v_sun_macro.npy,262272,True
v0.4_results/21_three_axis_p3_local_refinement/postprocess/phase63/roll-045/yaw1525_pitchp0150_roll-045_v_sun_macro.png,711,True
v0.4_results/21_three_axis_p3_local_refinement/postprocess/phase63/roll-045/yaw1525_pitchp0175_roll-045_brdf.png,1719,True
v0.4_results/21_three_axis_p3_local_refinement/postprocess/phase63/roll-045/yaw1525_pitchp0175_roll-045_ocs.json,551,True
v0.4_results/21_three_axis_p3_local_refinement/postprocess/phase63/roll-045/yaw1525_pitchp0175_roll-045_v_sun_macro.npy,262272,True
v0.4_results/21_three_axis_p3_local_refinement/postprocess/phase63/roll-045/yaw1525_pitchp0175_roll-045_v_sun_macro.png,730,True
v0.4_results/21_three_axis_p3_local_refinement/postprocess/phase63/roll-045/yaw1525_pitchp0200_roll-045_brdf.png,1751,True
v0.4_results/21_three_axis_p3_local_refinement/postprocess/phase63/roll-045/yaw1525_pitchp0200_roll-045_ocs.json,552,True
v0.4_results/21_three_axis_p3_local_refinement/postprocess/phase63/roll-045/yaw1525_pitchp0200_roll-045_v_sun_macro.npy,262272,True
v0.4_results/21_three_axis_p3_local_refinement/postprocess/phase63/roll-045/yaw1525_pitchp0200_roll-045_v_sun_macro.png,748,True
v0.4_results/21_three_axis_p3_local_refinement/postprocess/phase63/roll-045/yaw1525_pitchp0225_roll-045_brdf.png,1760,True
v0.4_results/21_three_axis_p3_local_refinement/postprocess/phase63/roll-045/yaw1525_pitchp0225_roll-045_ocs.json,552,True
v0.4_results/21_three_axis_p3_local_refinement/postprocess/phase63/roll-045/yaw1525_pitchp0225_roll-045_v_sun_macro.npy,262272,True
v0.4_results/21_three_axis_p3_local_refinement/postprocess/phase63/roll-045/yaw1525_pitchp0225_roll-045_v_sun_macro.png,776,True
v0.4_results/21_three_axis_p3_local_refinement/postprocess/phase63/roll-045/yaw1525_pitchp0250_roll-045_brdf.png,1613,True
v0.4_results/21_three_axis_p3_local_refinement/postprocess/phase63/roll-045/yaw1525_pitchp0250_roll-045_ocs.json,553,True
v0.4_results/21_three_axis_p3_local_refinement/postprocess/phase63/roll-045/yaw1525_pitchp0250_roll-045_v_sun_macro.npy,262272,True
v0.4_results/21_three_axis_p3_local_refinement/postprocess/phase63/roll-045/yaw1525_pitchp0250_roll-045_v_sun_macro.png,796,True
v0.4_results/21_three_axis_p3_local_refinement/postprocess/phase63/roll-045/yaw1550_pitchp0100_roll-045_brdf.png,1739,True
v0.4_results/21_three_axis_p3_local_refinement/postprocess/phase63/roll-045/yaw1550_pitchp0100_roll-045_ocs.json,552,True
v0.4_results/21_three_axis_p3_local_refinement/postprocess/phase63/roll-045/yaw1550_pitchp0100_roll-045_v_sun_macro.npy,262272,True
v0.4_results/21_three_axis_p3_local_refinement/postprocess/phase63/roll-045/yaw1550_pitchp0100_roll-045_v_sun_macro.png,680,True
v0.4_results/21_three_axis_p3_local_refinement/postprocess/phase63/roll-045/yaw1550_pitchp0125_roll-045_brdf.png,1805,True
v0.4_results/21_three_axis_p3_local_refinement/postprocess/phase63/roll-045/yaw1550_pitchp0125_roll-045_ocs.json,552,True
v0.4_results/21_three_axis_p3_local_refinement/postprocess/phase63/roll-045/yaw1550_pitchp0125_roll-045_v_sun_macro.npy,262272,True
v0.4_results/21_three_axis_p3_local_refinement/postprocess/phase63/roll-045/yaw1550_pitchp0125_roll-045_v_sun_macro.png,689,True
v0.4_results/21_three_axis_p3_local_refinement/postprocess/phase63/roll-045/yaw1550_pitchp0150_roll-045_brdf.png,1792,True
v0.4_results/21_three_axis_p3_local_refinement/postprocess/phase63/roll-045/yaw1550_pitchp0150_roll-045_ocs.json,552,True
v0.4_results/21_three_axis_p3_local_refinement/postprocess/phase63/roll-045/yaw1550_pitchp0150_roll-045_v_sun_macro.npy,262272,True
v0.4_results/21_three_axis_p3_local_refinement/postprocess/phase63/roll-045/yaw1550_pitchp0150_roll-045_v_sun_macro.png,707,True
v0.4_results/21_three_axis_p3_local_refinement/postprocess/phase63/roll-045/yaw1550_pitchp0175_roll-045_brdf.png,1779,True
v0.4_results/21_three_axis_p3_local_refinement/postprocess/phase63/roll-045/yaw1550_pitchp0175_roll-045_ocs.json,552,True
v0.4_results/21_three_axis_p3_local_refinement/postprocess/phase63/roll-045/yaw1550_pitchp0175_roll-045_v_sun_macro.npy,262272,True
v0.4_results/21_three_axis_p3_local_refinement/postprocess/phase63/roll-045/yaw1550_pitchp0175_roll-045_v_sun_macro.png,741,True
v0.4_results/21_three_axis_p3_local_refinement/postprocess/phase63/roll-045/yaw1550_pitchp0200_roll-045_brdf.png,1737,True
v0.4_results/21_three_axis_p3_local_refinement/postprocess/phase63/roll-045/yaw1550_pitchp0200_roll-045_ocs.json,551,True
v0.4_results/21_three_axis_p3_local_refinement/postprocess/phase63/roll-045/yaw1550_pitchp0200_roll-045_v_sun_macro.npy,262272,True
v0.4_results/21_three_axis_p3_local_refinement/postprocess/phase63/roll-045/yaw1550_pitchp0200_roll-045_v_sun_macro.png,747,True
v0.4_results/21_three_axis_p3_local_refinement/postprocess/phase63/roll-045/yaw1550_pitchp0225_roll-045_brdf.png,1735,True
v0.4_results/21_three_axis_p3_local_refinement/postprocess/phase63/roll-045/yaw1550_pitchp0225_roll-045_ocs.json,552,True
v0.4_results/21_three_axis_p3_local_refinement/postprocess/phase63/roll-045/yaw1550_pitchp0225_roll-045_v_sun_macro.npy,262272,True
v0.4_results/21_three_axis_p3_local_refinement/postprocess/phase63/roll-045/yaw1550_pitchp0225_roll-045_v_sun_macro.png,776,True
v0.4_results/21_three_axis_p3_local_refinement/postprocess/phase63/roll-045/yaw1550_pitchp0250_roll-045_brdf.png,1689,True
v0.4_results/21_three_axis_p3_local_refinement/postprocess/phase63/roll-045/yaw1550_pitchp0250_roll-045_ocs.json,553,True
v0.4_results/21_three_axis_p3_local_refinement/postprocess/phase63/roll-045/yaw1550_pitchp0250_roll-045_v_sun_macro.npy,262272,True
v0.4_results/21_three_axis_p3_local_refinement/postprocess/phase63/roll-045/yaw1550_pitchp0250_roll-045_v_sun_macro.png,792,True
v0.4_results/21_three_axis_p3_local_refinement/postprocess/phase63/roll-045/yaw1575_pitchp0100_roll-045_brdf.png,1775,True
v0.4_results/21_three_axis_p3_local_refinement/postprocess/phase63/roll-045/yaw1575_pitchp0100_roll-045_ocs.json,550,True
v0.4_results/21_three_axis_p3_local_refinement/postprocess/phase63/roll-045/yaw1575_pitchp0100_roll-045_v_sun_macro.npy,262272,True
v0.4_results/21_three_axis_p3_local_refinement/postprocess/phase63/roll-045/yaw1575_pitchp0100_roll-045_v_sun_macro.png,713,True
v0.4_results/21_three_axis_p3_local_refinement/postprocess/phase63/roll-045/yaw1575_pitchp0125_roll-045_brdf.png,1762,True
v0.4_results/21_three_axis_p3_local_refinement/postprocess/phase63/roll-045/yaw1575_pitchp0125_roll-045_ocs.json,551,True
v0.4_results/21_three_axis_p3_local_refinement/postprocess/phase63/roll-045/yaw1575_pitchp0125_roll-045_v_sun_macro.npy,262272,True
v0.4_results/21_three_axis_p3_local_refinement/postprocess/phase63/roll-045/yaw1575_pitchp0125_roll-045_v_sun_macro.png,711,True
v0.4_results/21_three_axis_p3_local_refinement/postprocess/phase63/roll-045/yaw1575_pitchp0150_roll-045_brdf.png,1846,True
v0.4_results/21_three_axis_p3_local_refinement/postprocess/phase63/roll-045/yaw1575_pitchp0150_roll-045_ocs.json,552,True
v0.4_results/21_three_axis_p3_local_refinement/postprocess/phase63/roll-045/yaw1575_pitchp0150_roll-045_v_sun_macro.npy,262272,True
v0.4_results/21_three_axis_p3_local_refinement/postprocess/phase63/roll-045/yaw1575_pitchp0150_roll-045_v_sun_macro.png,730,True
v0.4_results/21_three_axis_p3_local_refinement/postprocess/phase63/roll-045/yaw1575_pitchp0175_roll-045_brdf.png,1787,True
v0.4_results/21_three_axis_p3_local_refinement/postprocess/phase63/roll-045/yaw1575_pitchp0175_roll-045_ocs.json,552,True
v0.4_results/21_three_axis_p3_local_refinement/postprocess/phase63/roll-045/yaw1575_pitchp0175_roll-045_v_sun_macro.npy,262272,True
v0.4_results/21_three_axis_p3_local_refinement/postprocess/phase63/roll-045/yaw1575_pitchp0175_roll-045_v_sun_macro.png,721,True
v0.4_results/21_three_axis_p3_local_refinement/postprocess/phase63/roll-045/yaw1575_pitchp0200_roll-045_brdf.png,1756,True
v0.4_results/21_three_axis_p3_local_refinement/postprocess/phase63/roll-045/yaw1575_pitchp0200_roll-045_ocs.json,553,True
v0.4_results/21_three_axis_p3_local_refinement/postprocess/phase63/roll-045/yaw1575_pitchp0200_roll-045_v_sun_macro.npy,262272,True
v0.4_results/21_three_axis_p3_local_refinement/postprocess/phase63/roll-045/yaw1575_pitchp0200_roll-045_v_sun_macro.png,753,True
v0.4_results/21_three_axis_p3_local_refinement/postprocess/phase63/roll-045/yaw1575_pitchp0225_roll-045_brdf.png,1750,True
v0.4_results/21_three_axis_p3_local_refinement/postprocess/phase63/roll-045/yaw1575_pitchp0225_roll-045_ocs.json,553,True
v0.4_results/21_three_axis_p3_local_refinement/postprocess/phase63/roll-045/yaw1575_pitchp0225_roll-045_v_sun_macro.npy,262272,True
v0.4_results/21_three_axis_p3_local_refinement/postprocess/phase63/roll-045/yaw1575_pitchp0225_roll-045_v_sun_macro.png,766,True
v0.4_results/21_three_axis_p3_local_refinement/postprocess/phase63/roll-045/yaw1575_pitchp0250_roll-045_brdf.png,1709,True
v0.4_results/21_three_axis_p3_local_refinement/postprocess/phase63/roll-045/yaw1575_pitchp0250_roll-045_ocs.json,550,True
v0.4_results/21_three_axis_p3_local_refinement/postprocess/phase63/roll-045/yaw1575_pitchp0250_roll-045_v_sun_macro.npy,262272,True
v0.4_results/21_three_axis_p3_local_refinement/postprocess/phase63/roll-045/yaw1575_pitchp0250_roll-045_v_sun_macro.png,765,True
v0.4_results/21_three_axis_p3_local_refinement/postprocess/phase63/roll-045/yaw1600_pitchp0100_roll-045_brdf.png,1802,True
v0.4_results/21_three_axis_p3_local_refinement/postprocess/phase63/roll-045/yaw1600_pitchp0100_roll-045_ocs.json,554,True
v0.4_results/21_three_axis_p3_local_refinement/postprocess/phase63/roll-045/yaw1600_pitchp0100_roll-045_v_sun_macro.npy,262272,True
v0.4_results/21_three_axis_p3_local_refinement/postprocess/phase63/roll-045/yaw1600_pitchp0100_roll-045_v_sun_macro.png,714,True
v0.4_results/21_three_axis_p3_local_refinement/postprocess/phase63/roll-045/yaw1600_pitchp0125_roll-045_brdf.png,1782,True
v0.4_results/21_three_axis_p3_local_refinement/postprocess/phase63/roll-045/yaw1600_pitchp0125_roll-045_ocs.json,553,True
v0.4_results/21_three_axis_p3_local_refinement/postprocess/phase63/roll-045/yaw1600_pitchp0125_roll-045_v_sun_macro.npy,262272,True
v0.4_results/21_three_axis_p3_local_refinement/postprocess/phase63/roll-045/yaw1600_pitchp0125_roll-045_v_sun_macro.png,718,True
v0.4_results/21_three_axis_p3_local_refinement/postprocess/phase63/roll-045/yaw1600_pitchp0150_roll-045_brdf.png,1815,True
v0.4_results/21_three_axis_p3_local_refinement/postprocess/phase63/roll-045/yaw1600_pitchp0150_roll-045_ocs.json,550,True
v0.4_results/21_three_axis_p3_local_refinement/postprocess/phase63/roll-045/yaw1600_pitchp0150_roll-045_v_sun_macro.npy,262272,True
v0.4_results/21_three_axis_p3_local_refinement/postprocess/phase63/roll-045/yaw1600_pitchp0150_roll-045_v_sun_macro.png,726,True
v0.4_results/21_three_axis_p3_local_refinement/postprocess/phase63/roll-045/yaw1600_pitchp0175_roll-045_brdf.png,1716,True
v0.4_results/21_three_axis_p3_local_refinement/postprocess/phase63/roll-045/yaw1600_pitchp0175_roll-045_ocs.json,551,True
v0.4_results/21_three_axis_p3_local_refinement/postprocess/phase63/roll-045/yaw1600_pitchp0175_roll-045_v_sun_macro.npy,262272,True
v0.4_results/21_three_axis_p3_local_refinement/postprocess/phase63/roll-045/yaw1600_pitchp0175_roll-045_v_sun_macro.png,731,True
v0.4_results/21_three_axis_p3_local_refinement/postprocess/phase63/roll-045/yaw1600_pitchp0200_roll-045_brdf.png,1743,True
v0.4_results/21_three_axis_p3_local_refinement/postprocess/phase63/roll-045/yaw1600_pitchp0200_roll-045_ocs.json,553,True
v0.4_results/21_three_axis_p3_local_refinement/postprocess/phase63/roll-045/yaw1600_pitchp0200_roll-045_v_sun_macro.npy,262272,True
v0.4_results/21_three_axis_p3_local_refinement/postprocess/phase63/roll-045/yaw1600_pitchp0200_roll-045_v_sun_macro.png,762,True
v0.4_results/21_three_axis_p3_local_refinement/postprocess/phase63/roll-045/yaw1600_pitchp0225_roll-045_brdf.png,1719,True
v0.4_results/21_three_axis_p3_local_refinement/postprocess/phase63/roll-045/yaw1600_pitchp0225_roll-045_ocs.json,553,True
v0.4_results/21_three_axis_p3_local_refinement/postprocess/phase63/roll-045/yaw1600_pitchp0225_roll-045_v_sun_macro.npy,262272,True
v0.4_results/21_three_axis_p3_local_refinement/postprocess/phase63/roll-045/yaw1600_pitchp0225_roll-045_v_sun_macro.png,767,True
v0.4_results/21_three_axis_p3_local_refinement/postprocess/phase63/roll-045/yaw1600_pitchp0250_roll-045_brdf.png,1738,True
v0.4_results/21_three_axis_p3_local_refinement/postprocess/phase63/roll-045/yaw1600_pitchp0250_roll-045_ocs.json,552,True
v0.4_results/21_three_axis_p3_local_refinement/postprocess/phase63/roll-045/yaw1600_pitchp0250_roll-045_v_sun_macro.npy,262272,True
v0.4_results/21_three_axis_p3_local_refinement/postprocess/phase63/roll-045/yaw1600_pitchp0250_roll-045_v_sun_macro.png,774,True
v0.4_results/21_three_axis_p3_local_refinement/postprocess/phase63/roll-045/yaw2050_pitchm0050_roll-045_brdf.png,2115,True
v0.4_results/21_three_axis_p3_local_refinement/postprocess/phase63/roll-045/yaw2050_pitchm0050_roll-045_ocs.json,556,True
v0.4_results/21_three_axis_p3_local_refinement/postprocess/phase63/roll-045/yaw2050_pitchm0050_roll-045_v_sun_macro.npy,262272,True
v0.4_results/21_three_axis_p3_local_refinement/postprocess/phase63/roll-045/yaw2050_pitchm0050_roll-045_v_sun_macro.png,693,True
v0.4_results/21_three_axis_p3_local_refinement/postprocess/phase63/roll-045/yaw2050_pitchm0100_roll-045_brdf.png,2004,True
v0.4_results/21_three_axis_p3_local_refinement/postprocess/phase63/roll-045/yaw2050_pitchm0100_roll-045_ocs.json,555,True
v0.4_results/21_three_axis_p3_local_refinement/postprocess/phase63/roll-045/yaw2050_pitchm0100_roll-045_v_sun_macro.npy,262272,True
v0.4_results/21_three_axis_p3_local_refinement/postprocess/phase63/roll-045/yaw2050_pitchm0100_roll-045_v_sun_macro.png,696,True
v0.4_results/21_three_axis_p3_local_refinement/postprocess/phase63/roll-045/yaw2100_pitchm0050_roll-045_brdf.png,2133,True
v0.4_results/21_three_axis_p3_local_refinement/postprocess/phase63/roll-045/yaw2100_pitchm0050_roll-045_ocs.json,556,True
v0.4_results/21_three_axis_p3_local_refinement/postprocess/phase63/roll-045/yaw2100_pitchm0050_roll-045_v_sun_macro.npy,262272,True
v0.4_results/21_three_axis_p3_local_refinement/postprocess/phase63/roll-045/yaw2100_pitchm0050_roll-045_v_sun_macro.png,663,True
v0.4_results/21_three_axis_p3_local_refinement/postprocess/phase63/roll-045/yaw2100_pitchm0100_roll-045_brdf.png,2238,True
v0.4_results/21_three_axis_p3_local_refinement/postprocess/phase63/roll-045/yaw2100_pitchm0100_roll-045_ocs.json,557,True
v0.4_results/21_three_axis_p3_local_refinement/postprocess/phase63/roll-045/yaw2100_pitchm0100_roll-045_v_sun_macro.npy,262272,True
v0.4_results/21_three_axis_p3_local_refinement/postprocess/phase63/roll-045/yaw2100_pitchm0100_roll-045_v_sun_macro.png,699,True
v0.4_results/21_three_axis_p3_local_refinement/postprocess/phase63/roll-045/yaw2400_pitchp0300_roll-045_brdf.png,2160,True
v0.4_results/21_three_axis_p3_local_refinement/postprocess/phase63/roll-045/yaw2400_pitchp0300_roll-045_ocs.json,555,True
v0.4_results/21_three_axis_p3_local_refinement/postprocess/phase63/roll-045/yaw2400_pitchp0300_roll-045_v_sun_macro.npy,262272,True
v0.4_results/21_three_axis_p3_local_refinement/postprocess/phase63/roll-045/yaw2400_pitchp0300_roll-045_v_sun_macro.png,649,True
v0.4_results/21_three_axis_p3_local_refinement/postprocess/phase63/roll-045/yaw2400_pitchp0325_roll-045_brdf.png,2176,True
v0.4_results/21_three_axis_p3_local_refinement/postprocess/phase63/roll-045/yaw2400_pitchp0325_roll-045_ocs.json,554,True
v0.4_results/21_three_axis_p3_local_refinement/postprocess/phase63/roll-045/yaw2400_pitchp0325_roll-045_v_sun_macro.npy,262272,True
v0.4_results/21_three_axis_p3_local_refinement/postprocess/phase63/roll-045/yaw2400_pitchp0325_roll-045_v_sun_macro.png,647,True
v0.4_results/21_three_axis_p3_local_refinement/postprocess/phase63/roll-045/yaw2400_pitchp0350_roll-045_brdf.png,2057,True
v0.4_results/21_three_axis_p3_local_refinement/postprocess/phase63/roll-045/yaw2400_pitchp0350_roll-045_ocs.json,554,True
v0.4_results/21_three_axis_p3_local_refinement/postprocess/phase63/roll-045/yaw2400_pitchp0350_roll-045_v_sun_macro.npy,262272,True
v0.4_results/21_three_axis_p3_local_refinement/postprocess/phase63/roll-045/yaw2400_pitchp0350_roll-045_v_sun_macro.png,653,True
v0.4_results/21_three_axis_p3_local_refinement/postprocess/phase63/roll-045/yaw2400_pitchp0375_roll-045_brdf.png,2033,True
v0.4_results/21_three_axis_p3_local_refinement/postprocess/phase63/roll-045/yaw2400_pitchp0375_roll-045_ocs.json,554,True
v0.4_results/21_three_axis_p3_local_refinement/postprocess/phase63/roll-045/yaw2400_pitchp0375_roll-045_v_sun_macro.npy,262272,True
v0.4_results/21_three_axis_p3_local_refinement/postprocess/phase63/roll-045/yaw2400_pitchp0375_roll-045_v_sun_macro.png,650,True
v0.4_results/21_three_axis_p3_local_refinement/postprocess/phase63/roll-045/yaw2400_pitchp0400_roll-045_brdf.png,1991,True
v0.4_results/21_three_axis_p3_local_refinement/postprocess/phase63/roll-045/yaw2400_pitchp0400_roll-045_ocs.json,553,True
v0.4_results/21_three_axis_p3_local_refinement/postprocess/phase63/roll-045/yaw2400_pitchp0400_roll-045_v_sun_macro.npy,262272,True
v0.4_results/21_three_axis_p3_local_refinement/postprocess/phase63/roll-045/yaw2400_pitchp0400_roll-045_v_sun_macro.png,654,True
v0.4_results/21_three_axis_p3_local_refinement/postprocess/phase63/roll-045/yaw2425_pitchp0300_roll-045_brdf.png,2254,True
v0.4_results/21_three_axis_p3_local_refinement/postprocess/phase63/roll-045/yaw2425_pitchp0300_roll-045_ocs.json,552,True
v0.4_results/21_three_axis_p3_local_refinement/postprocess/phase63/roll-045/yaw2425_pitchp0300_roll-045_v_sun_macro.npy,262272,True
v0.4_results/21_three_axis_p3_local_refinement/postprocess/phase63/roll-045/yaw2425_pitchp0300_roll-045_v_sun_macro.png,638,True
v0.4_results/21_three_axis_p3_local_refinement/postprocess/phase63/roll-045/yaw2425_pitchp0325_roll-045_brdf.png,2183,True
v0.4_results/21_three_axis_p3_local_refinement/postprocess/phase63/roll-045/yaw2425_pitchp0325_roll-045_ocs.json,555,True
v0.4_results/21_three_axis_p3_local_refinement/postprocess/phase63/roll-045/yaw2425_pitchp0325_roll-045_v_sun_macro.npy,262272,True
v0.4_results/21_three_axis_p3_local_refinement/postprocess/phase63/roll-045/yaw2425_pitchp0325_roll-045_v_sun_macro.png,652,True
v0.4_results/21_three_axis_p3_local_refinement/postprocess/phase63/roll-045/yaw2425_pitchp0350_roll-045_brdf.png,2146,True
v0.4_results/21_three_axis_p3_local_refinement/postprocess/phase63/roll-045/yaw2425_pitchp0350_roll-045_ocs.json,554,True
v0.4_results/21_three_axis_p3_local_refinement/postprocess/phase63/roll-045/yaw2425_pitchp0350_roll-045_v_sun_macro.npy,262272,True
v0.4_results/21_three_axis_p3_local_refinement/postprocess/phase63/roll-045/yaw2425_pitchp0350_roll-045_v_sun_macro.png,658,True
v0.4_results/21_three_axis_p3_local_refinement/postprocess/phase63/roll-045/yaw2425_pitchp0375_roll-045_brdf.png,2086,True
v0.4_results/21_three_axis_p3_local_refinement/postprocess/phase63/roll-045/yaw2425_pitchp0375_roll-045_ocs.json,553,True
v0.4_results/21_three_axis_p3_local_refinement/postprocess/phase63/roll-045/yaw2425_pitchp0375_roll-045_v_sun_macro.npy,262272,True
v0.4_results/21_three_axis_p3_local_refinement/postprocess/phase63/roll-045/yaw2425_pitchp0375_roll-045_v_sun_macro.png,657,True
v0.4_results/21_three_axis_p3_local_refinement/postprocess/phase63/roll-045/yaw2425_pitchp0400_roll-045_brdf.png,2034,True
v0.4_results/21_three_axis_p3_local_refinement/postprocess/phase63/roll-045/yaw2425_pitchp0400_roll-045_ocs.json,554,True
v0.4_results/21_three_axis_p3_local_refinement/postprocess/phase63/roll-045/yaw2425_pitchp0400_roll-045_v_sun_macro.npy,262272,True
v0.4_results/21_three_axis_p3_local_refinement/postprocess/phase63/roll-045/yaw2425_pitchp0400_roll-045_v_sun_macro.png,666,True
v0.4_results/21_three_axis_p3_local_refinement/postprocess/phase63/roll-045/yaw2450_pitchp0300_roll-045_brdf.png,2228,True
v0.4_results/21_three_axis_p3_local_refinement/postprocess/phase63/roll-045/yaw2450_pitchp0300_roll-045_ocs.json,553,True
v0.4_results/21_three_axis_p3_local_refinement/postprocess/phase63/roll-045/yaw2450_pitchp0300_roll-045_v_sun_macro.npy,262272,True
v0.4_results/21_three_axis_p3_local_refinement/postprocess/phase63/roll-045/yaw2450_pitchp0300_roll-045_v_sun_macro.png,642,True
v0.4_results/21_three_axis_p3_local_refinement/postprocess/phase63/roll-045/yaw2450_pitchp0325_roll-045_brdf.png,2139,True
v0.4_results/21_three_axis_p3_local_refinement/postprocess/phase63/roll-045/yaw2450_pitchp0325_roll-045_ocs.json,554,True
v0.4_results/21_three_axis_p3_local_refinement/postprocess/phase63/roll-045/yaw2450_pitchp0325_roll-045_v_sun_macro.npy,262272,True
v0.4_results/21_three_axis_p3_local_refinement/postprocess/phase63/roll-045/yaw2450_pitchp0325_roll-045_v_sun_macro.png,650,True
v0.4_results/21_three_axis_p3_local_refinement/postprocess/phase63/roll-045/yaw2450_pitchp0350_roll-045_brdf.png,2149,True
v0.4_results/21_three_axis_p3_local_refinement/postprocess/phase63/roll-045/yaw2450_pitchp0350_roll-045_ocs.json,554,True
v0.4_results/21_three_axis_p3_local_refinement/postprocess/phase63/roll-045/yaw2450_pitchp0350_roll-045_v_sun_macro.npy,262272,True
v0.4_results/21_three_axis_p3_local_refinement/postprocess/phase63/roll-045/yaw2450_pitchp0350_roll-045_v_sun_macro.png,653,True
v0.4_results/21_three_axis_p3_local_refinement/postprocess/phase63/roll-045/yaw2450_pitchp0375_roll-045_brdf.png,2112,True
v0.4_results/21_three_axis_p3_local_refinement/postprocess/phase63/roll-045/yaw2450_pitchp0375_roll-045_ocs.json,553,True
v0.4_results/21_three_axis_p3_local_refinement/postprocess/phase63/roll-045/yaw2450_pitchp0375_roll-045_v_sun_macro.npy,262272,True
v0.4_results/21_three_axis_p3_local_refinement/postprocess/phase63/roll-045/yaw2450_pitchp0375_roll-045_v_sun_macro.png,652,True
v0.4_results/21_three_axis_p3_local_refinement/postprocess/phase63/roll-045/yaw2450_pitchp0400_roll-045_brdf.png,2063,True
v0.4_results/21_three_axis_p3_local_refinement/postprocess/phase63/roll-045/yaw2450_pitchp0400_roll-045_ocs.json,554,True
v0.4_results/21_three_axis_p3_local_refinement/postprocess/phase63/roll-045/yaw2450_pitchp0400_roll-045_v_sun_macro.npy,262272,True
v0.4_results/21_three_axis_p3_local_refinement/postprocess/phase63/roll-045/yaw2450_pitchp0400_roll-045_v_sun_macro.png,659,True
v0.4_results/21_three_axis_p3_local_refinement/postprocess/phase63/roll-045/yaw2475_pitchp0300_roll-045_brdf.png,2217,True
v0.4_results/21_three_axis_p3_local_refinement/postprocess/phase63/roll-045/yaw2475_pitchp0300_roll-045_ocs.json,555,True
v0.4_results/21_three_axis_p3_local_refinement/postprocess/phase63/roll-045/yaw2475_pitchp0300_roll-045_v_sun_macro.npy,262272,True
v0.4_results/21_three_axis_p3_local_refinement/postprocess/phase63/roll-045/yaw2475_pitchp0300_roll-045_v_sun_macro.png,639,True
v0.4_results/21_three_axis_p3_local_refinement/postprocess/phase63/roll-045/yaw2475_pitchp0325_roll-045_brdf.png,2214,True
v0.4_results/21_three_axis_p3_local_refinement/postprocess/phase63/roll-045/yaw2475_pitchp0325_roll-045_ocs.json,552,True
v0.4_results/21_three_axis_p3_local_refinement/postprocess/phase63/roll-045/yaw2475_pitchp0325_roll-045_v_sun_macro.npy,262272,True
v0.4_results/21_three_axis_p3_local_refinement/postprocess/phase63/roll-045/yaw2475_pitchp0325_roll-045_v_sun_macro.png,651,True
v0.4_results/21_three_axis_p3_local_refinement/postprocess/phase63/roll-045/yaw2475_pitchp0350_roll-045_brdf.png,2098,True
v0.4_results/21_three_axis_p3_local_refinement/postprocess/phase63/roll-045/yaw2475_pitchp0350_roll-045_ocs.json,554,True
v0.4_results/21_three_axis_p3_local_refinement/postprocess/phase63/roll-045/yaw2475_pitchp0350_roll-045_v_sun_macro.npy,262272,True
v0.4_results/21_three_axis_p3_local_refinement/postprocess/phase63/roll-045/yaw2475_pitchp0350_roll-045_v_sun_macro.png,653,True
v0.4_results/21_three_axis_p3_local_refinement/postprocess/phase63/roll-045/yaw2475_pitchp0375_roll-045_brdf.png,2094,True
v0.4_results/21_three_axis_p3_local_refinement/postprocess/phase63/roll-045/yaw2475_pitchp0375_roll-045_ocs.json,555,True
v0.4_results/21_three_axis_p3_local_refinement/postprocess/phase63/roll-045/yaw2475_pitchp0375_roll-045_v_sun_macro.npy,262272,True
v0.4_results/21_three_axis_p3_local_refinement/postprocess/phase63/roll-045/yaw2475_pitchp0375_roll-045_v_sun_macro.png,656,True
v0.4_results/21_three_axis_p3_local_refinement/postprocess/phase63/roll-045/yaw2475_pitchp0400_roll-045_brdf.png,2106,True
v0.4_results/21_three_axis_p3_local_refinement/postprocess/phase63/roll-045/yaw2475_pitchp0400_roll-045_ocs.json,555,True
v0.4_results/21_three_axis_p3_local_refinement/postprocess/phase63/roll-045/yaw2475_pitchp0400_roll-045_v_sun_macro.npy,262272,True
v0.4_results/21_three_axis_p3_local_refinement/postprocess/phase63/roll-045/yaw2475_pitchp0400_roll-045_v_sun_macro.png,645,True
v0.4_results/21_three_axis_p3_local_refinement/postprocess/phase63/roll-045/yaw2500_pitchp0300_roll-045_brdf.png,2312,True
v0.4_results/21_three_axis_p3_local_refinement/postprocess/phase63/roll-045/yaw2500_pitchp0300_roll-045_ocs.json,554,True
v0.4_results/21_three_axis_p3_local_refinement/postprocess/phase63/roll-045/yaw2500_pitchp0300_roll-045_v_sun_macro.npy,262272,True
v0.4_results/21_three_axis_p3_local_refinement/postprocess/phase63/roll-045/yaw2500_pitchp0300_roll-045_v_sun_macro.png,645,True
v0.4_results/21_three_axis_p3_local_refinement/postprocess/phase63/roll-045/yaw2500_pitchp0325_roll-045_brdf.png,2158,True
v0.4_results/21_three_axis_p3_local_refinement/postprocess/phase63/roll-045/yaw2500_pitchp0325_roll-045_ocs.json,553,True
v0.4_results/21_three_axis_p3_local_refinement/postprocess/phase63/roll-045/yaw2500_pitchp0325_roll-045_v_sun_macro.npy,262272,True
v0.4_results/21_three_axis_p3_local_refinement/postprocess/phase63/roll-045/yaw2500_pitchp0325_roll-045_v_sun_macro.png,638,True
v0.4_results/21_three_axis_p3_local_refinement/postprocess/phase63/roll-045/yaw2500_pitchp0350_roll-045_brdf.png,2138,True
v0.4_results/21_three_axis_p3_local_refinement/postprocess/phase63/roll-045/yaw2500_pitchp0350_roll-045_ocs.json,553,True
v0.4_results/21_three_axis_p3_local_refinement/postprocess/phase63/roll-045/yaw2500_pitchp0350_roll-045_v_sun_macro.npy,262272,True
v0.4_results/21_three_axis_p3_local_refinement/postprocess/phase63/roll-045/yaw2500_pitchp0350_roll-045_v_sun_macro.png,650,True
v0.4_results/21_three_axis_p3_local_refinement/postprocess/phase63/roll-045/yaw2500_pitchp0375_roll-045_brdf.png,2152,True
v0.4_results/21_three_axis_p3_local_refinement/postprocess/phase63/roll-045/yaw2500_pitchp0375_roll-045_ocs.json,555,True
v0.4_results/21_three_axis_p3_local_refinement/postprocess/phase63/roll-045/yaw2500_pitchp0375_roll-045_v_sun_macro.npy,262272,True
v0.4_results/21_three_axis_p3_local_refinement/postprocess/phase63/roll-045/yaw2500_pitchp0375_roll-045_v_sun_macro.png,643,True
v0.4_results/21_three_axis_p3_local_refinement/postprocess/phase63/roll-045/yaw2500_pitchp0400_roll-045_brdf.png,2075,True
v0.4_results/21_three_axis_p3_local_refinement/postprocess/phase63/roll-045/yaw2500_pitchp0400_roll-045_ocs.json,554,True
v0.4_results/21_three_axis_p3_local_refinement/postprocess/phase63/roll-045/yaw2500_pitchp0400_roll-045_v_sun_macro.npy,262272,True
v0.4_results/21_three_axis_p3_local_refinement/postprocess/phase63/roll-045/yaw2500_pitchp0400_roll-045_v_sun_macro.png,647,True
v0.4_results/21_three_axis_p3_local_refinement/postprocess/phase63/roll-045/yaw2800_pitchm0800_roll-045_brdf.png,1960,True
v0.4_results/21_three_axis_p3_local_refinement/postprocess/phase63/roll-045/yaw2800_pitchm0800_roll-045_ocs.json,555,True
v0.4_results/21_three_axis_p3_local_refinement/postprocess/phase63/roll-045/yaw2800_pitchm0800_roll-045_v_sun_macro.npy,262272,True
v0.4_results/21_three_axis_p3_local_refinement/postprocess/phase63/roll-045/yaw2800_pitchm0800_roll-045_v_sun_macro.png,761,True
v0.4_results/21_three_axis_p3_local_refinement/postprocess/phase63/roll-045/yaw2800_pitchm0850_roll-045_brdf.png,1814,True
v0.4_results/21_three_axis_p3_local_refinement/postprocess/phase63/roll-045/yaw2800_pitchm0850_roll-045_ocs.json,553,True
v0.4_results/21_three_axis_p3_local_refinement/postprocess/phase63/roll-045/yaw2800_pitchm0850_roll-045_v_sun_macro.npy,262272,True
v0.4_results/21_three_axis_p3_local_refinement/postprocess/phase63/roll-045/yaw2800_pitchm0850_roll-045_v_sun_macro.png,729,True
v0.4_results/21_three_axis_p3_local_refinement/postprocess/phase63/roll-045/yaw2850_pitchm0800_roll-045_brdf.png,1918,True
v0.4_results/21_three_axis_p3_local_refinement/postprocess/phase63/roll-045/yaw2850_pitchm0800_roll-045_ocs.json,557,True
v0.4_results/21_three_axis_p3_local_refinement/postprocess/phase63/roll-045/yaw2850_pitchm0800_roll-045_v_sun_macro.npy,262272,True
v0.4_results/21_three_axis_p3_local_refinement/postprocess/phase63/roll-045/yaw2850_pitchm0800_roll-045_v_sun_macro.png,765,True
v0.4_results/21_three_axis_p3_local_refinement/postprocess/phase63/roll-045/yaw2850_pitchm0850_roll-045_brdf.png,1778,True
v0.4_results/21_three_axis_p3_local_refinement/postprocess/phase63/roll-045/yaw2850_pitchm0850_roll-045_ocs.json,555,True
v0.4_results/21_three_axis_p3_local_refinement/postprocess/phase63/roll-045/yaw2850_pitchm0850_roll-045_v_sun_macro.npy,262272,True
v0.4_results/21_three_axis_p3_local_refinement/postprocess/phase63/roll-045/yaw2850_pitchm0850_roll-045_v_sun_macro.png,700,True
v0.4_results/21_three_axis_p3_local_refinement/postprocess/phase63/roll-060/p3_postprocess_summary.json,131711,True
v0.4_results/21_three_axis_p3_local_refinement/postprocess/phase63/roll-060/yaw0550_pitchp0600_roll-060_brdf.png,1603,True
v0.4_results/21_three_axis_p3_local_refinement/postprocess/phase63/roll-060/yaw0550_pitchp0600_roll-060_ocs.json,533,True
v0.4_results/21_three_axis_p3_local_refinement/postprocess/phase63/roll-060/yaw0550_pitchp0600_roll-060_v_sun_macro.npy,262272,True
v0.4_results/21_three_axis_p3_local_refinement/postprocess/phase63/roll-060/yaw0550_pitchp0600_roll-060_v_sun_macro.png,671,True
v0.4_results/21_three_axis_p3_local_refinement/postprocess/phase63/roll-060/yaw0550_pitchp0625_roll-060_brdf.png,1560,True
v0.4_results/21_three_axis_p3_local_refinement/postprocess/phase63/roll-060/yaw0550_pitchp0625_roll-060_ocs.json,533,True
v0.4_results/21_three_axis_p3_local_refinement/postprocess/phase63/roll-060/yaw0550_pitchp0625_roll-060_v_sun_macro.npy,262272,True
v0.4_results/21_three_axis_p3_local_refinement/postprocess/phase63/roll-060/yaw0550_pitchp0625_roll-060_v_sun_macro.png,680,True
v0.4_results/21_three_axis_p3_local_refinement/postprocess/phase63/roll-060/yaw0550_pitchp0650_roll-060_brdf.png,1647,True
v0.4_results/21_three_axis_p3_local_refinement/postprocess/phase63/roll-060/yaw0550_pitchp0650_roll-060_ocs.json,534,True
v0.4_results/21_three_axis_p3_local_refinement/postprocess/phase63/roll-060/yaw0550_pitchp0650_roll-060_v_sun_macro.npy,262272,True
v0.4_results/21_three_axis_p3_local_refinement/postprocess/phase63/roll-060/yaw0550_pitchp0650_roll-060_v_sun_macro.png,661,True
v0.4_results/21_three_axis_p3_local_refinement/postprocess/phase63/roll-060/yaw0550_pitchp0675_roll-060_brdf.png,1627,True
v0.4_results/21_three_axis_p3_local_refinement/postprocess/phase63/roll-060/yaw0550_pitchp0675_roll-060_ocs.json,534,True
v0.4_results/21_three_axis_p3_local_refinement/postprocess/phase63/roll-060/yaw0550_pitchp0675_roll-060_v_sun_macro.npy,262272,True
v0.4_results/21_three_axis_p3_local_refinement/postprocess/phase63/roll-060/yaw0550_pitchp0675_roll-060_v_sun_macro.png,660,True
v0.4_results/21_three_axis_p3_local_refinement/postprocess/phase63/roll-060/yaw0550_pitchp0700_roll-060_brdf.png,1559,True
v0.4_results/21_three_axis_p3_local_refinement/postprocess/phase63/roll-060/yaw0550_pitchp0700_roll-060_ocs.json,535,True
v0.4_results/21_three_axis_p3_local_refinement/postprocess/phase63/roll-060/yaw0550_pitchp0700_roll-060_v_sun_macro.npy,262272,True
v0.4_results/21_three_axis_p3_local_refinement/postprocess/phase63/roll-060/yaw0550_pitchp0700_roll-060_v_sun_macro.png,640,True
v0.4_results/21_three_axis_p3_local_refinement/postprocess/phase63/roll-060/yaw0575_pitchp0600_roll-060_brdf.png,1532,True
v0.4_results/21_three_axis_p3_local_refinement/postprocess/phase63/roll-060/yaw0575_pitchp0600_roll-060_ocs.json,533,True
v0.4_results/21_three_axis_p3_local_refinement/postprocess/phase63/roll-060/yaw0575_pitchp0600_roll-060_v_sun_macro.npy,262272,True
v0.4_results/21_three_axis_p3_local_refinement/postprocess/phase63/roll-060/yaw0575_pitchp0600_roll-060_v_sun_macro.png,690,True
v0.4_results/21_three_axis_p3_local_refinement/postprocess/phase63/roll-060/yaw0575_pitchp0625_roll-060_brdf.png,1639,True
v0.4_results/21_three_axis_p3_local_refinement/postprocess/phase63/roll-060/yaw0575_pitchp0625_roll-060_ocs.json,533,True
v0.4_results/21_three_axis_p3_local_refinement/postprocess/phase63/roll-060/yaw0575_pitchp0625_roll-060_v_sun_macro.npy,262272,True
v0.4_results/21_three_axis_p3_local_refinement/postprocess/phase63/roll-060/yaw0575_pitchp0625_roll-060_v_sun_macro.png,705,True
v0.4_results/21_three_axis_p3_local_refinement/postprocess/phase63/roll-060/yaw0575_pitchp0650_roll-060_brdf.png,1593,True
v0.4_results/21_three_axis_p3_local_refinement/postprocess/phase63/roll-060/yaw0575_pitchp0650_roll-060_ocs.json,534,True
v0.4_results/21_three_axis_p3_local_refinement/postprocess/phase63/roll-060/yaw0575_pitchp0650_roll-060_v_sun_macro.npy,262272,True
v0.4_results/21_three_axis_p3_local_refinement/postprocess/phase63/roll-060/yaw0575_pitchp0650_roll-060_v_sun_macro.png,667,True
v0.4_results/21_three_axis_p3_local_refinement/postprocess/phase63/roll-060/yaw0575_pitchp0675_roll-060_brdf.png,1560,True
v0.4_results/21_three_axis_p3_local_refinement/postprocess/phase63/roll-060/yaw0575_pitchp0675_roll-060_ocs.json,532,True
v0.4_results/21_three_axis_p3_local_refinement/postprocess/phase63/roll-060/yaw0575_pitchp0675_roll-060_v_sun_macro.npy,262272,True
v0.4_results/21_three_axis_p3_local_refinement/postprocess/phase63/roll-060/yaw0575_pitchp0675_roll-060_v_sun_macro.png,657,True
v0.4_results/21_three_axis_p3_local_refinement/postprocess/phase63/roll-060/yaw0575_pitchp0700_roll-060_brdf.png,1553,True
v0.4_results/21_three_axis_p3_local_refinement/postprocess/phase63/roll-060/yaw0575_pitchp0700_roll-060_ocs.json,534,True
v0.4_results/21_three_axis_p3_local_refinement/postprocess/phase63/roll-060/yaw0575_pitchp0700_roll-060_v_sun_macro.npy,262272,True
v0.4_results/21_three_axis_p3_local_refinement/postprocess/phase63/roll-060/yaw0575_pitchp0700_roll-060_v_sun_macro.png,660,True
v0.4_results/21_three_axis_p3_local_refinement/postprocess/phase63/roll-060/yaw0600_pitchp0600_roll-060_brdf.png,1561,True
v0.4_results/21_three_axis_p3_local_refinement/postprocess/phase63/roll-060/yaw0600_pitchp0600_roll-060_ocs.json,534,True
v0.4_results/21_three_axis_p3_local_refinement/postprocess/phase63/roll-060/yaw0600_pitchp0600_roll-060_v_sun_macro.npy,262272,True
v0.4_results/21_three_axis_p3_local_refinement/postprocess/phase63/roll-060/yaw0600_pitchp0600_roll-060_v_sun_macro.png,686,True
v0.4_results/21_three_axis_p3_local_refinement/postprocess/phase63/roll-060/yaw0600_pitchp0625_roll-060_brdf.png,1555,True
v0.4_results/21_three_axis_p3_local_refinement/postprocess/phase63/roll-060/yaw0600_pitchp0625_roll-060_ocs.json,533,True
v0.4_results/21_three_axis_p3_local_refinement/postprocess/phase63/roll-060/yaw0600_pitchp0625_roll-060_v_sun_macro.npy,262272,True
v0.4_results/21_three_axis_p3_local_refinement/postprocess/phase63/roll-060/yaw0600_pitchp0625_roll-060_v_sun_macro.png,692,True
v0.4_results/21_three_axis_p3_local_refinement/postprocess/phase63/roll-060/yaw0600_pitchp0650_roll-060_brdf.png,1493,True
v0.4_results/21_three_axis_p3_local_refinement/postprocess/phase63/roll-060/yaw0600_pitchp0650_roll-060_ocs.json,534,True
v0.4_results/21_three_axis_p3_local_refinement/postprocess/phase63/roll-060/yaw0600_pitchp0650_roll-060_v_sun_macro.npy,262272,True
v0.4_results/21_three_axis_p3_local_refinement/postprocess/phase63/roll-060/yaw0600_pitchp0650_roll-060_v_sun_macro.png,698,True
v0.4_results/21_three_axis_p3_local_refinement/postprocess/phase63/roll-060/yaw0600_pitchp0675_roll-060_brdf.png,1494,True
v0.4_results/21_three_axis_p3_local_refinement/postprocess/phase63/roll-060/yaw0600_pitchp0675_roll-060_ocs.json,534,True
v0.4_results/21_three_axis_p3_local_refinement/postprocess/phase63/roll-060/yaw0600_pitchp0675_roll-060_v_sun_macro.npy,262272,True
v0.4_results/21_three_axis_p3_local_refinement/postprocess/phase63/roll-060/yaw0600_pitchp0675_roll-060_v_sun_macro.png,701,True
v0.4_results/21_three_axis_p3_local_refinement/postprocess/phase63/roll-060/yaw0600_pitchp0700_roll-060_brdf.png,1426,True
v0.4_results/21_three_axis_p3_local_refinement/postprocess/phase63/roll-060/yaw0600_pitchp0700_roll-060_ocs.json,531,True
v0.4_results/21_three_axis_p3_local_refinement/postprocess/phase63/roll-060/yaw0600_pitchp0700_roll-060_v_sun_macro.npy,262272,True
v0.4_results/21_three_axis_p3_local_refinement/postprocess/phase63/roll-060/yaw0600_pitchp0700_roll-060_v_sun_macro.png,705,True
v0.4_results/21_three_axis_p3_local_refinement/postprocess/phase63/roll-060/yaw0625_pitchp0600_roll-060_brdf.png,1491,True
v0.4_results/21_three_axis_p3_local_refinement/postprocess/phase63/roll-060/yaw0625_pitchp0600_roll-060_ocs.json,534,True
v0.4_results/21_three_axis_p3_local_refinement/postprocess/phase63/roll-060/yaw0625_pitchp0600_roll-060_v_sun_macro.npy,262272,True
v0.4_results/21_three_axis_p3_local_refinement/postprocess/phase63/roll-060/yaw0625_pitchp0600_roll-060_v_sun_macro.png,689,True
v0.4_results/21_three_axis_p3_local_refinement/postprocess/phase63/roll-060/yaw0625_pitchp0625_roll-060_brdf.png,1503,True
v0.4_results/21_three_axis_p3_local_refinement/postprocess/phase63/roll-060/yaw0625_pitchp0625_roll-060_ocs.json,535,True
v0.4_results/21_three_axis_p3_local_refinement/postprocess/phase63/roll-060/yaw0625_pitchp0625_roll-060_v_sun_macro.npy,262272,True
v0.4_results/21_three_axis_p3_local_refinement/postprocess/phase63/roll-060/yaw0625_pitchp0625_roll-060_v_sun_macro.png,721,True
v0.4_results/21_three_axis_p3_local_refinement/postprocess/phase63/roll-060/yaw0625_pitchp0650_roll-060_brdf.png,1444,True
v0.4_results/21_three_axis_p3_local_refinement/postprocess/phase63/roll-060/yaw0625_pitchp0650_roll-060_ocs.json,533,True
v0.4_results/21_three_axis_p3_local_refinement/postprocess/phase63/roll-060/yaw0625_pitchp0650_roll-060_v_sun_macro.npy,262272,True
v0.4_results/21_three_axis_p3_local_refinement/postprocess/phase63/roll-060/yaw0625_pitchp0650_roll-060_v_sun_macro.png,709,True
v0.4_results/21_three_axis_p3_local_refinement/postprocess/phase63/roll-060/yaw0625_pitchp0675_roll-060_brdf.png,1466,True
v0.4_results/21_three_axis_p3_local_refinement/postprocess/phase63/roll-060/yaw0625_pitchp0675_roll-060_ocs.json,534,True
v0.4_results/21_three_axis_p3_local_refinement/postprocess/phase63/roll-060/yaw0625_pitchp0675_roll-060_v_sun_macro.npy,262272,True
v0.4_results/21_three_axis_p3_local_refinement/postprocess/phase63/roll-060/yaw0625_pitchp0675_roll-060_v_sun_macro.png,676,True
v0.4_results/21_three_axis_p3_local_refinement/postprocess/phase63/roll-060/yaw0625_pitchp0700_roll-060_brdf.png,1450,True
v0.4_results/21_three_axis_p3_local_refinement/postprocess/phase63/roll-060/yaw0625_pitchp0700_roll-060_ocs.json,534,True
v0.4_results/21_three_axis_p3_local_refinement/postprocess/phase63/roll-060/yaw0625_pitchp0700_roll-060_v_sun_macro.npy,262272,True
v0.4_results/21_three_axis_p3_local_refinement/postprocess/phase63/roll-060/yaw0625_pitchp0700_roll-060_v_sun_macro.png,660,True
v0.4_results/21_three_axis_p3_local_refinement/postprocess/phase63/roll-060/yaw0650_pitchp0600_roll-060_brdf.png,1529,True
v0.4_results/21_three_axis_p3_local_refinement/postprocess/phase63/roll-060/yaw0650_pitchp0600_roll-060_ocs.json,534,True
v0.4_results/21_three_axis_p3_local_refinement/postprocess/phase63/roll-060/yaw0650_pitchp0600_roll-060_v_sun_macro.npy,262272,True
v0.4_results/21_three_axis_p3_local_refinement/postprocess/phase63/roll-060/yaw0650_pitchp0600_roll-060_v_sun_macro.png,706,True
v0.4_results/21_three_axis_p3_local_refinement/postprocess/phase63/roll-060/yaw0650_pitchp0625_roll-060_brdf.png,1464,True
v0.4_results/21_three_axis_p3_local_refinement/postprocess/phase63/roll-060/yaw0650_pitchp0625_roll-060_ocs.json,535,True
v0.4_results/21_three_axis_p3_local_refinement/postprocess/phase63/roll-060/yaw0650_pitchp0625_roll-060_v_sun_macro.npy,262272,True
v0.4_results/21_three_axis_p3_local_refinement/postprocess/phase63/roll-060/yaw0650_pitchp0625_roll-060_v_sun_macro.png,707,True
v0.4_results/21_three_axis_p3_local_refinement/postprocess/phase63/roll-060/yaw0650_pitchp0650_roll-060_brdf.png,1460,True
v0.4_results/21_three_axis_p3_local_refinement/postprocess/phase63/roll-060/yaw0650_pitchp0650_roll-060_ocs.json,534,True
v0.4_results/21_three_axis_p3_local_refinement/postprocess/phase63/roll-060/yaw0650_pitchp0650_roll-060_v_sun_macro.npy,262272,True
v0.4_results/21_three_axis_p3_local_refinement/postprocess/phase63/roll-060/yaw0650_pitchp0650_roll-060_v_sun_macro.png,695,True
v0.4_results/21_three_axis_p3_local_refinement/postprocess/phase63/roll-060/yaw0650_pitchp0675_roll-060_brdf.png,1455,True
v0.4_results/21_three_axis_p3_local_refinement/postprocess/phase63/roll-060/yaw0650_pitchp0675_roll-060_ocs.json,553,True
v0.4_results/21_three_axis_p3_local_refinement/postprocess/phase63/roll-060/yaw0650_pitchp0675_roll-060_v_sun_macro.npy,262272,True
v0.4_results/21_three_axis_p3_local_refinement/postprocess/phase63/roll-060/yaw0650_pitchp0675_roll-060_v_sun_macro.png,659,True
v0.4_results/21_three_axis_p3_local_refinement/postprocess/phase63/roll-060/yaw0650_pitchp0700_roll-060_brdf.png,1439,True
v0.4_results/21_three_axis_p3_local_refinement/postprocess/phase63/roll-060/yaw0650_pitchp0700_roll-060_ocs.json,549,True
v0.4_results/21_three_axis_p3_local_refinement/postprocess/phase63/roll-060/yaw0650_pitchp0700_roll-060_v_sun_macro.npy,262272,True
v0.4_results/21_three_axis_p3_local_refinement/postprocess/phase63/roll-060/yaw0650_pitchp0700_roll-060_v_sun_macro.png,682,True
v0.4_results/21_three_axis_p3_local_refinement/postprocess/phase63/roll-060/yaw1450_pitchp0100_roll-060_brdf.png,1805,True
v0.4_results/21_three_axis_p3_local_refinement/postprocess/phase63/roll-060/yaw1450_pitchp0100_roll-060_ocs.json,552,True
v0.4_results/21_three_axis_p3_local_refinement/postprocess/phase63/roll-060/yaw1450_pitchp0100_roll-060_v_sun_macro.npy,262272,True
v0.4_results/21_three_axis_p3_local_refinement/postprocess/phase63/roll-060/yaw1450_pitchp0100_roll-060_v_sun_macro.png,650,True
v0.4_results/21_three_axis_p3_local_refinement/postprocess/phase63/roll-060/yaw1450_pitchp0125_roll-060_brdf.png,1568,True
v0.4_results/21_three_axis_p3_local_refinement/postprocess/phase63/roll-060/yaw1450_pitchp0125_roll-060_ocs.json,550,True
v0.4_results/21_three_axis_p3_local_refinement/postprocess/phase63/roll-060/yaw1450_pitchp0125_roll-060_v_sun_macro.npy,262272,True
v0.4_results/21_three_axis_p3_local_refinement/postprocess/phase63/roll-060/yaw1450_pitchp0125_roll-060_v_sun_macro.png,688,True
v0.4_results/21_three_axis_p3_local_refinement/postprocess/phase63/roll-060/yaw1450_pitchp0150_roll-060_brdf.png,1624,True
v0.4_results/21_three_axis_p3_local_refinement/postprocess/phase63/roll-060/yaw1450_pitchp0150_roll-060_ocs.json,551,True
v0.4_results/21_three_axis_p3_local_refinement/postprocess/phase63/roll-060/yaw1450_pitchp0150_roll-060_v_sun_macro.npy,262272,True
v0.4_results/21_three_axis_p3_local_refinement/postprocess/phase63/roll-060/yaw1450_pitchp0150_roll-060_v_sun_macro.png,683,True
v0.4_results/21_three_axis_p3_local_refinement/postprocess/phase63/roll-060/yaw1450_pitchp0175_roll-060_brdf.png,1481,True
v0.4_results/21_three_axis_p3_local_refinement/postprocess/phase63/roll-060/yaw1450_pitchp0175_roll-060_ocs.json,551,True
v0.4_results/21_three_axis_p3_local_refinement/postprocess/phase63/roll-060/yaw1450_pitchp0175_roll-060_v_sun_macro.npy,262272,True
v0.4_results/21_three_axis_p3_local_refinement/postprocess/phase63/roll-060/yaw1450_pitchp0175_roll-060_v_sun_macro.png,662,True
v0.4_results/21_three_axis_p3_local_refinement/postprocess/phase63/roll-060/yaw1450_pitchp0200_roll-060_brdf.png,1479,True
v0.4_results/21_three_axis_p3_local_refinement/postprocess/phase63/roll-060/yaw1450_pitchp0200_roll-060_ocs.json,552,True
v0.4_results/21_three_axis_p3_local_refinement/postprocess/phase63/roll-060/yaw1450_pitchp0200_roll-060_v_sun_macro.npy,262272,True
v0.4_results/21_three_axis_p3_local_refinement/postprocess/phase63/roll-060/yaw1450_pitchp0200_roll-060_v_sun_macro.png,659,True
v0.4_results/21_three_axis_p3_local_refinement/postprocess/phase63/roll-060/yaw1450_pitchp0225_roll-060_brdf.png,1518,True
v0.4_results/21_three_axis_p3_local_refinement/postprocess/phase63/roll-060/yaw1450_pitchp0225_roll-060_ocs.json,552,True
v0.4_results/21_three_axis_p3_local_refinement/postprocess/phase63/roll-060/yaw1450_pitchp0225_roll-060_v_sun_macro.npy,262272,True
v0.4_results/21_three_axis_p3_local_refinement/postprocess/phase63/roll-060/yaw1450_pitchp0225_roll-060_v_sun_macro.png,690,True
v0.4_results/21_three_axis_p3_local_refinement/postprocess/phase63/roll-060/yaw1450_pitchp0250_roll-060_brdf.png,1468,True
v0.4_results/21_three_axis_p3_local_refinement/postprocess/phase63/roll-060/yaw1450_pitchp0250_roll-060_ocs.json,551,True
v0.4_results/21_three_axis_p3_local_refinement/postprocess/phase63/roll-060/yaw1450_pitchp0250_roll-060_v_sun_macro.npy,262272,True
v0.4_results/21_three_axis_p3_local_refinement/postprocess/phase63/roll-060/yaw1450_pitchp0250_roll-060_v_sun_macro.png,675,True
v0.4_results/21_three_axis_p3_local_refinement/postprocess/phase63/roll-060/yaw1475_pitchp0100_roll-060_brdf.png,1685,True
v0.4_results/21_three_axis_p3_local_refinement/postprocess/phase63/roll-060/yaw1475_pitchp0100_roll-060_ocs.json,550,True
v0.4_results/21_three_axis_p3_local_refinement/postprocess/phase63/roll-060/yaw1475_pitchp0100_roll-060_v_sun_macro.npy,262272,True
v0.4_results/21_three_axis_p3_local_refinement/postprocess/phase63/roll-060/yaw1475_pitchp0100_roll-060_v_sun_macro.png,649,True
v0.4_results/21_three_axis_p3_local_refinement/postprocess/phase63/roll-060/yaw1475_pitchp0125_roll-060_brdf.png,1582,True
v0.4_results/21_three_axis_p3_local_refinement/postprocess/phase63/roll-060/yaw1475_pitchp0125_roll-060_ocs.json,551,True
v0.4_results/21_three_axis_p3_local_refinement/postprocess/phase63/roll-060/yaw1475_pitchp0125_roll-060_v_sun_macro.npy,262272,True
v0.4_results/21_three_axis_p3_local_refinement/postprocess/phase63/roll-060/yaw1475_pitchp0125_roll-060_v_sun_macro.png,649,True
v0.4_results/21_three_axis_p3_local_refinement/postprocess/phase63/roll-060/yaw1475_pitchp0150_roll-060_brdf.png,1535,True
v0.4_results/21_three_axis_p3_local_refinement/postprocess/phase63/roll-060/yaw1475_pitchp0150_roll-060_ocs.json,549,True
v0.4_results/21_three_axis_p3_local_refinement/postprocess/phase63/roll-060/yaw1475_pitchp0150_roll-060_v_sun_macro.npy,262272,True
v0.4_results/21_three_axis_p3_local_refinement/postprocess/phase63/roll-060/yaw1475_pitchp0150_roll-060_v_sun_macro.png,679,True
v0.4_results/21_three_axis_p3_local_refinement/postprocess/phase63/roll-060/yaw1475_pitchp0175_roll-060_brdf.png,1537,True
v0.4_results/21_three_axis_p3_local_refinement/postprocess/phase63/roll-060/yaw1475_pitchp0175_roll-060_ocs.json,552,True
v0.4_results/21_three_axis_p3_local_refinement/postprocess/phase63/roll-060/yaw1475_pitchp0175_roll-060_v_sun_macro.npy,262272,True
v0.4_results/21_three_axis_p3_local_refinement/postprocess/phase63/roll-060/yaw1475_pitchp0175_roll-060_v_sun_macro.png,674,True
v0.4_results/21_three_axis_p3_local_refinement/postprocess/phase63/roll-060/yaw1475_pitchp0200_roll-060_brdf.png,1529,True
v0.4_results/21_three_axis_p3_local_refinement/postprocess/phase63/roll-060/yaw1475_pitchp0200_roll-060_ocs.json,551,True
v0.4_results/21_three_axis_p3_local_refinement/postprocess/phase63/roll-060/yaw1475_pitchp0200_roll-060_v_sun_macro.npy,262272,True
v0.4_results/21_three_axis_p3_local_refinement/postprocess/phase63/roll-060/yaw1475_pitchp0200_roll-060_v_sun_macro.png,667,True
v0.4_results/21_three_axis_p3_local_refinement/postprocess/phase63/roll-060/yaw1475_pitchp0225_roll-060_brdf.png,1512,True
v0.4_results/21_three_axis_p3_local_refinement/postprocess/phase63/roll-060/yaw1475_pitchp0225_roll-060_ocs.json,552,True
v0.4_results/21_three_axis_p3_local_refinement/postprocess/phase63/roll-060/yaw1475_pitchp0225_roll-060_v_sun_macro.npy,262272,True
v0.4_results/21_three_axis_p3_local_refinement/postprocess/phase63/roll-060/yaw1475_pitchp0225_roll-060_v_sun_macro.png,683,True
v0.4_results/21_three_axis_p3_local_refinement/postprocess/phase63/roll-060/yaw1475_pitchp0250_roll-060_brdf.png,1548,True
v0.4_results/21_three_axis_p3_local_refinement/postprocess/phase63/roll-060/yaw1475_pitchp0250_roll-060_ocs.json,552,True
v0.4_results/21_three_axis_p3_local_refinement/postprocess/phase63/roll-060/yaw1475_pitchp0250_roll-060_v_sun_macro.npy,262272,True
v0.4_results/21_three_axis_p3_local_refinement/postprocess/phase63/roll-060/yaw1475_pitchp0250_roll-060_v_sun_macro.png,649,True
v0.4_results/21_three_axis_p3_local_refinement/postprocess/phase63/roll-060/yaw1500_pitchp0100_roll-060_brdf.png,1688,True
v0.4_results/21_three_axis_p3_local_refinement/postprocess/phase63/roll-060/yaw1500_pitchp0100_roll-060_ocs.json,552,True
v0.4_results/21_three_axis_p3_local_refinement/postprocess/phase63/roll-060/yaw1500_pitchp0100_roll-060_v_sun_macro.npy,262272,True
v0.4_results/21_three_axis_p3_local_refinement/postprocess/phase63/roll-060/yaw1500_pitchp0100_roll-060_v_sun_macro.png,622,True
v0.4_results/21_three_axis_p3_local_refinement/postprocess/phase63/roll-060/yaw1500_pitchp0125_roll-060_brdf.png,1572,True
v0.4_results/21_three_axis_p3_local_refinement/postprocess/phase63/roll-060/yaw1500_pitchp0125_roll-060_ocs.json,551,True
v0.4_results/21_three_axis_p3_local_refinement/postprocess/phase63/roll-060/yaw1500_pitchp0125_roll-060_v_sun_macro.npy,262272,True
v0.4_results/21_three_axis_p3_local_refinement/postprocess/phase63/roll-060/yaw1500_pitchp0125_roll-060_v_sun_macro.png,681,True
v0.4_results/21_three_axis_p3_local_refinement/postprocess/phase63/roll-060/yaw1500_pitchp0150_roll-060_brdf.png,1622,True
v0.4_results/21_three_axis_p3_local_refinement/postprocess/phase63/roll-060/yaw1500_pitchp0150_roll-060_ocs.json,550,True
v0.4_results/21_three_axis_p3_local_refinement/postprocess/phase63/roll-060/yaw1500_pitchp0150_roll-060_v_sun_macro.npy,262272,True
v0.4_results/21_three_axis_p3_local_refinement/postprocess/phase63/roll-060/yaw1500_pitchp0150_roll-060_v_sun_macro.png,672,True
v0.4_results/21_three_axis_p3_local_refinement/postprocess/phase63/roll-060/yaw1500_pitchp0175_roll-060_brdf.png,1615,True
v0.4_results/21_three_axis_p3_local_refinement/postprocess/phase63/roll-060/yaw1500_pitchp0175_roll-060_ocs.json,551,True
v0.4_results/21_three_axis_p3_local_refinement/postprocess/phase63/roll-060/yaw1500_pitchp0175_roll-060_v_sun_macro.npy,262272,True
v0.4_results/21_three_axis_p3_local_refinement/postprocess/phase63/roll-060/yaw1500_pitchp0175_roll-060_v_sun_macro.png,692,True
v0.4_results/21_three_axis_p3_local_refinement/postprocess/phase63/roll-060/yaw1500_pitchp0200_roll-060_brdf.png,1556,True
v0.4_results/21_three_axis_p3_local_refinement/postprocess/phase63/roll-060/yaw1500_pitchp0200_roll-060_ocs.json,552,True
v0.4_results/21_three_axis_p3_local_refinement/postprocess/phase63/roll-060/yaw1500_pitchp0200_roll-060_v_sun_macro.npy,262272,True
v0.4_results/21_three_axis_p3_local_refinement/postprocess/phase63/roll-060/yaw1500_pitchp0200_roll-060_v_sun_macro.png,648,True
v0.4_results/21_three_axis_p3_local_refinement/postprocess/phase63/roll-060/yaw1500_pitchp0225_roll-060_brdf.png,1568,True
v0.4_results/21_three_axis_p3_local_refinement/postprocess/phase63/roll-060/yaw1500_pitchp0225_roll-060_ocs.json,552,True
v0.4_results/21_three_axis_p3_local_refinement/postprocess/phase63/roll-060/yaw1500_pitchp0225_roll-060_v_sun_macro.npy,262272,True
v0.4_results/21_three_axis_p3_local_refinement/postprocess/phase63/roll-060/yaw1500_pitchp0225_roll-060_v_sun_macro.png,669,True
v0.4_results/21_three_axis_p3_local_refinement/postprocess/phase63/roll-060/yaw1500_pitchp0250_roll-060_brdf.png,1518,True
v0.4_results/21_three_axis_p3_local_refinement/postprocess/phase63/roll-060/yaw1500_pitchp0250_roll-060_ocs.json,552,True
v0.4_results/21_three_axis_p3_local_refinement/postprocess/phase63/roll-060/yaw1500_pitchp0250_roll-060_v_sun_macro.npy,262272,True
v0.4_results/21_three_axis_p3_local_refinement/postprocess/phase63/roll-060/yaw1500_pitchp0250_roll-060_v_sun_macro.png,682,True
v0.4_results/21_three_axis_p3_local_refinement/postprocess/phase63/roll-060/yaw1525_pitchp0100_roll-060_brdf.png,1733,True
v0.4_results/21_three_axis_p3_local_refinement/postprocess/phase63/roll-060/yaw1525_pitchp0100_roll-060_ocs.json,551,True
v0.4_results/21_three_axis_p3_local_refinement/postprocess/phase63/roll-060/yaw1525_pitchp0100_roll-060_v_sun_macro.npy,262272,True
v0.4_results/21_three_axis_p3_local_refinement/postprocess/phase63/roll-060/yaw1525_pitchp0100_roll-060_v_sun_macro.png,640,True
v0.4_results/21_three_axis_p3_local_refinement/postprocess/phase63/roll-060/yaw1525_pitchp0125_roll-060_brdf.png,1711,True
v0.4_results/21_three_axis_p3_local_refinement/postprocess/phase63/roll-060/yaw1525_pitchp0125_roll-060_ocs.json,552,True
v0.4_results/21_three_axis_p3_local_refinement/postprocess/phase63/roll-060/yaw1525_pitchp0125_roll-060_v_sun_macro.npy,262272,True
v0.4_results/21_three_axis_p3_local_refinement/postprocess/phase63/roll-060/yaw1525_pitchp0125_roll-060_v_sun_macro.png,667,True
v0.4_results/21_three_axis_p3_local_refinement/postprocess/phase63/roll-060/yaw1525_pitchp0150_roll-060_brdf.png,1692,True
v0.4_results/21_three_axis_p3_local_refinement/postprocess/phase63/roll-060/yaw1525_pitchp0150_roll-060_ocs.json,549,True
v0.4_results/21_three_axis_p3_local_refinement/postprocess/phase63/roll-060/yaw1525_pitchp0150_roll-060_v_sun_macro.npy,262272,True
v0.4_results/21_three_axis_p3_local_refinement/postprocess/phase63/roll-060/yaw1525_pitchp0150_roll-060_v_sun_macro.png,665,True
v0.4_results/21_three_axis_p3_local_refinement/postprocess/phase63/roll-060/yaw1525_pitchp0175_roll-060_brdf.png,1644,True
v0.4_results/21_three_axis_p3_local_refinement/postprocess/phase63/roll-060/yaw1525_pitchp0175_roll-060_ocs.json,552,True
v0.4_results/21_three_axis_p3_local_refinement/postprocess/phase63/roll-060/yaw1525_pitchp0175_roll-060_v_sun_macro.npy,262272,True
v0.4_results/21_three_axis_p3_local_refinement/postprocess/phase63/roll-060/yaw1525_pitchp0175_roll-060_v_sun_macro.png,666,True
v0.4_results/21_three_axis_p3_local_refinement/postprocess/phase63/roll-060/yaw1525_pitchp0200_roll-060_brdf.png,1554,True
v0.4_results/21_three_axis_p3_local_refinement/postprocess/phase63/roll-060/yaw1525_pitchp0200_roll-060_ocs.json,551,True
v0.4_results/21_three_axis_p3_local_refinement/postprocess/phase63/roll-060/yaw1525_pitchp0200_roll-060_v_sun_macro.npy,262272,True
v0.4_results/21_three_axis_p3_local_refinement/postprocess/phase63/roll-060/yaw1525_pitchp0200_roll-060_v_sun_macro.png,675,True
v0.4_results/21_three_axis_p3_local_refinement/postprocess/phase63/roll-060/yaw1525_pitchp0225_roll-060_brdf.png,1558,True
v0.4_results/21_three_axis_p3_local_refinement/postprocess/phase63/roll-060/yaw1525_pitchp0225_roll-060_ocs.json,552,True
v0.4_results/21_three_axis_p3_local_refinement/postprocess/phase63/roll-060/yaw1525_pitchp0225_roll-060_v_sun_macro.npy,262272,True
v0.4_results/21_three_axis_p3_local_refinement/postprocess/phase63/roll-060/yaw1525_pitchp0225_roll-060_v_sun_macro.png,687,True
v0.4_results/21_three_axis_p3_local_refinement/postprocess/phase63/roll-060/yaw1525_pitchp0250_roll-060_brdf.png,1551,True
v0.4_results/21_three_axis_p3_local_refinement/postprocess/phase63/roll-060/yaw1525_pitchp0250_roll-060_ocs.json,552,True
v0.4_results/21_three_axis_p3_local_refinement/postprocess/phase63/roll-060/yaw1525_pitchp0250_roll-060_v_sun_macro.npy,262272,True
v0.4_results/21_three_axis_p3_local_refinement/postprocess/phase63/roll-060/yaw1525_pitchp0250_roll-060_v_sun_macro.png,674,True
v0.4_results/21_three_axis_p3_local_refinement/postprocess/phase63/roll-060/yaw1550_pitchp0100_roll-060_brdf.png,1697,True
v0.4_results/21_three_axis_p3_local_refinement/postprocess/phase63/roll-060/yaw1550_pitchp0100_roll-060_ocs.json,552,True
v0.4_results/21_three_axis_p3_local_refinement/postprocess/phase63/roll-060/yaw1550_pitchp0100_roll-060_v_sun_macro.npy,262272,True
v0.4_results/21_three_axis_p3_local_refinement/postprocess/phase63/roll-060/yaw1550_pitchp0100_roll-060_v_sun_macro.png,641,True
v0.4_results/21_three_axis_p3_local_refinement/postprocess/phase63/roll-060/yaw1550_pitchp0125_roll-060_brdf.png,1696,True
v0.4_results/21_three_axis_p3_local_refinement/postprocess/phase63/roll-060/yaw1550_pitchp0125_roll-060_ocs.json,550,True
v0.4_results/21_three_axis_p3_local_refinement/postprocess/phase63/roll-060/yaw1550_pitchp0125_roll-060_v_sun_macro.npy,262272,True
v0.4_results/21_three_axis_p3_local_refinement/postprocess/phase63/roll-060/yaw1550_pitchp0125_roll-060_v_sun_macro.png,641,True
v0.4_results/21_three_axis_p3_local_refinement/postprocess/phase63/roll-060/yaw1550_pitchp0150_roll-060_brdf.png,1685,True
v0.4_results/21_three_axis_p3_local_refinement/postprocess/phase63/roll-060/yaw1550_pitchp0150_roll-060_ocs.json,552,True
v0.4_results/21_three_axis_p3_local_refinement/postprocess/phase63/roll-060/yaw1550_pitchp0150_roll-060_v_sun_macro.npy,262272,True
v0.4_results/21_three_axis_p3_local_refinement/postprocess/phase63/roll-060/yaw1550_pitchp0150_roll-060_v_sun_macro.png,644,True
v0.4_results/21_three_axis_p3_local_refinement/postprocess/phase63/roll-060/yaw1550_pitchp0175_roll-060_brdf.png,1620,True
v0.4_results/21_three_axis_p3_local_refinement/postprocess/phase63/roll-060/yaw1550_pitchp0175_roll-060_ocs.json,552,True
v0.4_results/21_three_axis_p3_local_refinement/postprocess/phase63/roll-060/yaw1550_pitchp0175_roll-060_v_sun_macro.npy,262272,True
v0.4_results/21_three_axis_p3_local_refinement/postprocess/phase63/roll-060/yaw1550_pitchp0175_roll-060_v_sun_macro.png,663,True
v0.4_results/21_three_axis_p3_local_refinement/postprocess/phase63/roll-060/yaw1550_pitchp0200_roll-060_brdf.png,1600,True
v0.4_results/21_three_axis_p3_local_refinement/postprocess/phase63/roll-060/yaw1550_pitchp0200_roll-060_ocs.json,551,True
v0.4_results/21_three_axis_p3_local_refinement/postprocess/phase63/roll-060/yaw1550_pitchp0200_roll-060_v_sun_macro.npy,262272,True
v0.4_results/21_three_axis_p3_local_refinement/postprocess/phase63/roll-060/yaw1550_pitchp0200_roll-060_v_sun_macro.png,685,True
v0.4_results/21_three_axis_p3_local_refinement/postprocess/phase63/roll-060/yaw1550_pitchp0225_roll-060_brdf.png,1568,True
v0.4_results/21_three_axis_p3_local_refinement/postprocess/phase63/roll-060/yaw1550_pitchp0225_roll-060_ocs.json,552,True
v0.4_results/21_three_axis_p3_local_refinement/postprocess/phase63/roll-060/yaw1550_pitchp0225_roll-060_v_sun_macro.npy,262272,True
v0.4_results/21_three_axis_p3_local_refinement/postprocess/phase63/roll-060/yaw1550_pitchp0225_roll-060_v_sun_macro.png,684,True
v0.4_results/21_three_axis_p3_local_refinement/postprocess/phase63/roll-060/yaw1550_pitchp0250_roll-060_brdf.png,1575,True
v0.4_results/21_three_axis_p3_local_refinement/postprocess/phase63/roll-060/yaw1550_pitchp0250_roll-060_ocs.json,550,True
v0.4_results/21_three_axis_p3_local_refinement/postprocess/phase63/roll-060/yaw1550_pitchp0250_roll-060_v_sun_macro.npy,262272,True
v0.4_results/21_three_axis_p3_local_refinement/postprocess/phase63/roll-060/yaw1550_pitchp0250_roll-060_v_sun_macro.png,683,True
v0.4_results/21_three_axis_p3_local_refinement/postprocess/phase63/roll-060/yaw1575_pitchp0100_roll-060_brdf.png,1708,True
v0.4_results/21_three_axis_p3_local_refinement/postprocess/phase63/roll-060/yaw1575_pitchp0100_roll-060_ocs.json,552,True
v0.4_results/21_three_axis_p3_local_refinement/postprocess/phase63/roll-060/yaw1575_pitchp0100_roll-060_v_sun_macro.npy,262272,True
v0.4_results/21_three_axis_p3_local_refinement/postprocess/phase63/roll-060/yaw1575_pitchp0100_roll-060_v_sun_macro.png,627,True
v0.4_results/21_three_axis_p3_local_refinement/postprocess/phase63/roll-060/yaw1575_pitchp0125_roll-060_brdf.png,1717,True
v0.4_results/21_three_axis_p3_local_refinement/postprocess/phase63/roll-060/yaw1575_pitchp0125_roll-060_ocs.json,552,True
v0.4_results/21_three_axis_p3_local_refinement/postprocess/phase63/roll-060/yaw1575_pitchp0125_roll-060_v_sun_macro.npy,262272,True
v0.4_results/21_three_axis_p3_local_refinement/postprocess/phase63/roll-060/yaw1575_pitchp0125_roll-060_v_sun_macro.png,623,True
v0.4_results/21_three_axis_p3_local_refinement/postprocess/phase63/roll-060/yaw1575_pitchp0150_roll-060_brdf.png,1635,True
v0.4_results/21_three_axis_p3_local_refinement/postprocess/phase63/roll-060/yaw1575_pitchp0150_roll-060_ocs.json,551,True
v0.4_results/21_three_axis_p3_local_refinement/postprocess/phase63/roll-060/yaw1575_pitchp0150_roll-060_v_sun_macro.npy,262272,True
v0.4_results/21_three_axis_p3_local_refinement/postprocess/phase63/roll-060/yaw1575_pitchp0150_roll-060_v_sun_macro.png,666,True
v0.4_results/21_three_axis_p3_local_refinement/postprocess/phase63/roll-060/yaw1575_pitchp0175_roll-060_brdf.png,1667,True
v0.4_results/21_three_axis_p3_local_refinement/postprocess/phase63/roll-060/yaw1575_pitchp0175_roll-060_ocs.json,551,True
v0.4_results/21_three_axis_p3_local_refinement/postprocess/phase63/roll-060/yaw1575_pitchp0175_roll-060_v_sun_macro.npy,262272,True
v0.4_results/21_three_axis_p3_local_refinement/postprocess/phase63/roll-060/yaw1575_pitchp0175_roll-060_v_sun_macro.png,679,True
v0.4_results/21_three_axis_p3_local_refinement/postprocess/phase63/roll-060/yaw1575_pitchp0200_roll-060_brdf.png,1635,True
v0.4_results/21_three_axis_p3_local_refinement/postprocess/phase63/roll-060/yaw1575_pitchp0200_roll-060_ocs.json,554,True
v0.4_results/21_three_axis_p3_local_refinement/postprocess/phase63/roll-060/yaw1575_pitchp0200_roll-060_v_sun_macro.npy,262272,True
v0.4_results/21_three_axis_p3_local_refinement/postprocess/phase63/roll-060/yaw1575_pitchp0200_roll-060_v_sun_macro.png,712,True
v0.4_results/21_three_axis_p3_local_refinement/postprocess/phase63/roll-060/yaw1575_pitchp0225_roll-060_brdf.png,1565,True
v0.4_results/21_three_axis_p3_local_refinement/postprocess/phase63/roll-060/yaw1575_pitchp0225_roll-060_ocs.json,554,True
v0.4_results/21_three_axis_p3_local_refinement/postprocess/phase63/roll-060/yaw1575_pitchp0225_roll-060_v_sun_macro.npy,262272,True
v0.4_results/21_three_axis_p3_local_refinement/postprocess/phase63/roll-060/yaw1575_pitchp0225_roll-060_v_sun_macro.png,721,True
v0.4_results/21_three_axis_p3_local_refinement/postprocess/phase63/roll-060/yaw1575_pitchp0250_roll-060_brdf.png,1587,True
v0.4_results/21_three_axis_p3_local_refinement/postprocess/phase63/roll-060/yaw1575_pitchp0250_roll-060_ocs.json,553,True
v0.4_results/21_three_axis_p3_local_refinement/postprocess/phase63/roll-060/yaw1575_pitchp0250_roll-060_v_sun_macro.npy,262272,True
v0.4_results/21_three_axis_p3_local_refinement/postprocess/phase63/roll-060/yaw1575_pitchp0250_roll-060_v_sun_macro.png,722,True
v0.4_results/21_three_axis_p3_local_refinement/postprocess/phase63/roll-060/yaw1600_pitchp0100_roll-060_brdf.png,1678,True
v0.4_results/21_three_axis_p3_local_refinement/postprocess/phase63/roll-060/yaw1600_pitchp0100_roll-060_ocs.json,553,True
v0.4_results/21_three_axis_p3_local_refinement/postprocess/phase63/roll-060/yaw1600_pitchp0100_roll-060_v_sun_macro.npy,262272,True
v0.4_results/21_three_axis_p3_local_refinement/postprocess/phase63/roll-060/yaw1600_pitchp0100_roll-060_v_sun_macro.png,626,True
v0.4_results/21_three_axis_p3_local_refinement/postprocess/phase63/roll-060/yaw1600_pitchp0125_roll-060_brdf.png,1648,True
v0.4_results/21_three_axis_p3_local_refinement/postprocess/phase63/roll-060/yaw1600_pitchp0125_roll-060_ocs.json,553,True
v0.4_results/21_three_axis_p3_local_refinement/postprocess/phase63/roll-060/yaw1600_pitchp0125_roll-060_v_sun_macro.npy,262272,True
v0.4_results/21_three_axis_p3_local_refinement/postprocess/phase63/roll-060/yaw1600_pitchp0125_roll-060_v_sun_macro.png,637,True
v0.4_results/21_three_axis_p3_local_refinement/postprocess/phase63/roll-060/yaw1600_pitchp0150_roll-060_brdf.png,1680,True
v0.4_results/21_three_axis_p3_local_refinement/postprocess/phase63/roll-060/yaw1600_pitchp0150_roll-060_ocs.json,553,True
v0.4_results/21_three_axis_p3_local_refinement/postprocess/phase63/roll-060/yaw1600_pitchp0150_roll-060_v_sun_macro.npy,262272,True
v0.4_results/21_three_axis_p3_local_refinement/postprocess/phase63/roll-060/yaw1600_pitchp0150_roll-060_v_sun_macro.png,661,True
v0.4_results/21_three_axis_p3_local_refinement/postprocess/phase63/roll-060/yaw1600_pitchp0175_roll-060_brdf.png,1646,True
v0.4_results/21_three_axis_p3_local_refinement/postprocess/phase63/roll-060/yaw1600_pitchp0175_roll-060_ocs.json,551,True
v0.4_results/21_three_axis_p3_local_refinement/postprocess/phase63/roll-060/yaw1600_pitchp0175_roll-060_v_sun_macro.npy,262272,True
v0.4_results/21_three_axis_p3_local_refinement/postprocess/phase63/roll-060/yaw1600_pitchp0175_roll-060_v_sun_macro.png,685,True
v0.4_results/21_three_axis_p3_local_refinement/postprocess/phase63/roll-060/yaw1600_pitchp0200_roll-060_brdf.png,1674,True
v0.4_results/21_three_axis_p3_local_refinement/postprocess/phase63/roll-060/yaw1600_pitchp0200_roll-060_ocs.json,552,True
v0.4_results/21_three_axis_p3_local_refinement/postprocess/phase63/roll-060/yaw1600_pitchp0200_roll-060_v_sun_macro.npy,262272,True
v0.4_results/21_three_axis_p3_local_refinement/postprocess/phase63/roll-060/yaw1600_pitchp0200_roll-060_v_sun_macro.png,697,True
v0.4_results/21_three_axis_p3_local_refinement/postprocess/phase63/roll-060/yaw1600_pitchp0225_roll-060_brdf.png,1689,True
v0.4_results/21_three_axis_p3_local_refinement/postprocess/phase63/roll-060/yaw1600_pitchp0225_roll-060_ocs.json,553,True
v0.4_results/21_three_axis_p3_local_refinement/postprocess/phase63/roll-060/yaw1600_pitchp0225_roll-060_v_sun_macro.npy,262272,True
v0.4_results/21_three_axis_p3_local_refinement/postprocess/phase63/roll-060/yaw1600_pitchp0225_roll-060_v_sun_macro.png,745,True
v0.4_results/21_three_axis_p3_local_refinement/postprocess/phase63/roll-060/yaw1600_pitchp0250_roll-060_brdf.png,1685,True
v0.4_results/21_three_axis_p3_local_refinement/postprocess/phase63/roll-060/yaw1600_pitchp0250_roll-060_ocs.json,553,True
v0.4_results/21_three_axis_p3_local_refinement/postprocess/phase63/roll-060/yaw1600_pitchp0250_roll-060_v_sun_macro.npy,262272,True
v0.4_results/21_three_axis_p3_local_refinement/postprocess/phase63/roll-060/yaw1600_pitchp0250_roll-060_v_sun_macro.png,775,True
v0.4_results/21_three_axis_p3_local_refinement/postprocess/phase63/roll-060/yaw2050_pitchm0050_roll-060_brdf.png,1703,True
v0.4_results/21_three_axis_p3_local_refinement/postprocess/phase63/roll-060/yaw2050_pitchm0050_roll-060_ocs.json,553,True
v0.4_results/21_three_axis_p3_local_refinement/postprocess/phase63/roll-060/yaw2050_pitchm0050_roll-060_v_sun_macro.npy,262272,True
v0.4_results/21_three_axis_p3_local_refinement/postprocess/phase63/roll-060/yaw2050_pitchm0050_roll-060_v_sun_macro.png,638,True
v0.4_results/21_three_axis_p3_local_refinement/postprocess/phase63/roll-060/yaw2050_pitchm0100_roll-060_brdf.png,1857,True
v0.4_results/21_three_axis_p3_local_refinement/postprocess/phase63/roll-060/yaw2050_pitchm0100_roll-060_ocs.json,555,True
v0.4_results/21_three_axis_p3_local_refinement/postprocess/phase63/roll-060/yaw2050_pitchm0100_roll-060_v_sun_macro.npy,262272,True
v0.4_results/21_three_axis_p3_local_refinement/postprocess/phase63/roll-060/yaw2050_pitchm0100_roll-060_v_sun_macro.png,679,True
v0.4_results/21_three_axis_p3_local_refinement/postprocess/phase63/roll-060/yaw2100_pitchm0050_roll-060_brdf.png,1685,True
v0.4_results/21_three_axis_p3_local_refinement/postprocess/phase63/roll-060/yaw2100_pitchm0050_roll-060_ocs.json,554,True
v0.4_results/21_three_axis_p3_local_refinement/postprocess/phase63/roll-060/yaw2100_pitchm0050_roll-060_v_sun_macro.npy,262272,True
v0.4_results/21_three_axis_p3_local_refinement/postprocess/phase63/roll-060/yaw2100_pitchm0050_roll-060_v_sun_macro.png,584,True
v0.4_results/21_three_axis_p3_local_refinement/postprocess/phase63/roll-060/yaw2100_pitchm0100_roll-060_brdf.png,1782,True
v0.4_results/21_three_axis_p3_local_refinement/postprocess/phase63/roll-060/yaw2100_pitchm0100_roll-060_ocs.json,554,True
v0.4_results/21_three_axis_p3_local_refinement/postprocess/phase63/roll-060/yaw2100_pitchm0100_roll-060_v_sun_macro.npy,262272,True
v0.4_results/21_three_axis_p3_local_refinement/postprocess/phase63/roll-060/yaw2100_pitchm0100_roll-060_v_sun_macro.png,645,True
v0.4_results/21_three_axis_p3_local_refinement/postprocess/phase63/roll-060/yaw2400_pitchp0300_roll-060_brdf.png,1909,True
v0.4_results/21_three_axis_p3_local_refinement/postprocess/phase63/roll-060/yaw2400_pitchp0300_roll-060_ocs.json,554,True
v0.4_results/21_three_axis_p3_local_refinement/postprocess/phase63/roll-060/yaw2400_pitchp0300_roll-060_v_sun_macro.npy,262272,True
v0.4_results/21_three_axis_p3_local_refinement/postprocess/phase63/roll-060/yaw2400_pitchp0300_roll-060_v_sun_macro.png,660,True
v0.4_results/21_three_axis_p3_local_refinement/postprocess/phase63/roll-060/yaw2400_pitchp0325_roll-060_brdf.png,1884,True
v0.4_results/21_three_axis_p3_local_refinement/postprocess/phase63/roll-060/yaw2400_pitchp0325_roll-060_ocs.json,553,True
v0.4_results/21_three_axis_p3_local_refinement/postprocess/phase63/roll-060/yaw2400_pitchp0325_roll-060_v_sun_macro.npy,262272,True
v0.4_results/21_three_axis_p3_local_refinement/postprocess/phase63/roll-060/yaw2400_pitchp0325_roll-060_v_sun_macro.png,654,True
v0.4_results/21_three_axis_p3_local_refinement/postprocess/phase63/roll-060/yaw2400_pitchp0350_roll-060_brdf.png,1854,True
v0.4_results/21_three_axis_p3_local_refinement/postprocess/phase63/roll-060/yaw2400_pitchp0350_roll-060_ocs.json,555,True
v0.4_results/21_three_axis_p3_local_refinement/postprocess/phase63/roll-060/yaw2400_pitchp0350_roll-060_v_sun_macro.npy,262272,True
v0.4_results/21_three_axis_p3_local_refinement/postprocess/phase63/roll-060/yaw2400_pitchp0350_roll-060_v_sun_macro.png,673,True
v0.4_results/21_three_axis_p3_local_refinement/postprocess/phase63/roll-060/yaw2400_pitchp0375_roll-060_brdf.png,1834,True
v0.4_results/21_three_axis_p3_local_refinement/postprocess/phase63/roll-060/yaw2400_pitchp0375_roll-060_ocs.json,554,True
v0.4_results/21_three_axis_p3_local_refinement/postprocess/phase63/roll-060/yaw2400_pitchp0375_roll-060_v_sun_macro.npy,262272,True
v0.4_results/21_three_axis_p3_local_refinement/postprocess/phase63/roll-060/yaw2400_pitchp0375_roll-060_v_sun_macro.png,674,True
v0.4_results/21_three_axis_p3_local_refinement/postprocess/phase63/roll-060/yaw2400_pitchp0400_roll-060_brdf.png,1847,True
v0.4_results/21_three_axis_p3_local_refinement/postprocess/phase63/roll-060/yaw2400_pitchp0400_roll-060_ocs.json,554,True
v0.4_results/21_three_axis_p3_local_refinement/postprocess/phase63/roll-060/yaw2400_pitchp0400_roll-060_v_sun_macro.npy,262272,True
v0.4_results/21_three_axis_p3_local_refinement/postprocess/phase63/roll-060/yaw2400_pitchp0400_roll-060_v_sun_macro.png,723,True
v0.4_results/21_three_axis_p3_local_refinement/postprocess/phase63/roll-060/yaw2425_pitchp0300_roll-060_brdf.png,1881,True
v0.4_results/21_three_axis_p3_local_refinement/postprocess/phase63/roll-060/yaw2425_pitchp0300_roll-060_ocs.json,554,True
v0.4_results/21_three_axis_p3_local_refinement/postprocess/phase63/roll-060/yaw2425_pitchp0300_roll-060_v_sun_macro.npy,262272,True
v0.4_results/21_three_axis_p3_local_refinement/postprocess/phase63/roll-060/yaw2425_pitchp0300_roll-060_v_sun_macro.png,649,True
v0.4_results/21_three_axis_p3_local_refinement/postprocess/phase63/roll-060/yaw2425_pitchp0325_roll-060_brdf.png,1846,True
v0.4_results/21_three_axis_p3_local_refinement/postprocess/phase63/roll-060/yaw2425_pitchp0325_roll-060_ocs.json,552,True
v0.4_results/21_three_axis_p3_local_refinement/postprocess/phase63/roll-060/yaw2425_pitchp0325_roll-060_v_sun_macro.npy,262272,True
v0.4_results/21_three_axis_p3_local_refinement/postprocess/phase63/roll-060/yaw2425_pitchp0325_roll-060_v_sun_macro.png,662,True
v0.4_results/21_three_axis_p3_local_refinement/postprocess/phase63/roll-060/yaw2425_pitchp0350_roll-060_brdf.png,1822,True
v0.4_results/21_three_axis_p3_local_refinement/postprocess/phase63/roll-060/yaw2425_pitchp0350_roll-060_ocs.json,555,True
v0.4_results/21_three_axis_p3_local_refinement/postprocess/phase63/roll-060/yaw2425_pitchp0350_roll-060_v_sun_macro.npy,262272,True
v0.4_results/21_three_axis_p3_local_refinement/postprocess/phase63/roll-060/yaw2425_pitchp0350_roll-060_v_sun_macro.png,669,True
v0.4_results/21_three_axis_p3_local_refinement/postprocess/phase63/roll-060/yaw2425_pitchp0375_roll-060_brdf.png,1784,True
v0.4_results/21_three_axis_p3_local_refinement/postprocess/phase63/roll-060/yaw2425_pitchp0375_roll-060_ocs.json,554,True
v0.4_results/21_three_axis_p3_local_refinement/postprocess/phase63/roll-060/yaw2425_pitchp0375_roll-060_v_sun_macro.npy,262272,True
v0.4_results/21_three_axis_p3_local_refinement/postprocess/phase63/roll-060/yaw2425_pitchp0375_roll-060_v_sun_macro.png,679,True
v0.4_results/21_three_axis_p3_local_refinement/postprocess/phase63/roll-060/yaw2425_pitchp0400_roll-060_brdf.png,1845,True
v0.4_results/21_three_axis_p3_local_refinement/postprocess/phase63/roll-060/yaw2425_pitchp0400_roll-060_ocs.json,554,True
v0.4_results/21_three_axis_p3_local_refinement/postprocess/phase63/roll-060/yaw2425_pitchp0400_roll-060_v_sun_macro.npy,262272,True
v0.4_results/21_three_axis_p3_local_refinement/postprocess/phase63/roll-060/yaw2425_pitchp0400_roll-060_v_sun_macro.png,705,True
v0.4_results/21_three_axis_p3_local_refinement/postprocess/phase63/roll-060/yaw2450_pitchp0300_roll-060_brdf.png,1928,True
v0.4_results/21_three_axis_p3_local_refinement/postprocess/phase63/roll-060/yaw2450_pitchp0300_roll-060_ocs.json,554,True
v0.4_results/21_three_axis_p3_local_refinement/postprocess/phase63/roll-060/yaw2450_pitchp0300_roll-060_v_sun_macro.npy,262272,True
v0.4_results/21_three_axis_p3_local_refinement/postprocess/phase63/roll-060/yaw2450_pitchp0300_roll-060_v_sun_macro.png,647,True
v0.4_results/21_three_axis_p3_local_refinement/postprocess/phase63/roll-060/yaw2450_pitchp0325_roll-060_brdf.png,1755,True
v0.4_results/21_three_axis_p3_local_refinement/postprocess/phase63/roll-060/yaw2450_pitchp0325_roll-060_ocs.json,555,True
v0.4_results/21_three_axis_p3_local_refinement/postprocess/phase63/roll-060/yaw2450_pitchp0325_roll-060_v_sun_macro.npy,262272,True
v0.4_results/21_three_axis_p3_local_refinement/postprocess/phase63/roll-060/yaw2450_pitchp0325_roll-060_v_sun_macro.png,663,True
v0.4_results/21_three_axis_p3_local_refinement/postprocess/phase63/roll-060/yaw2450_pitchp0350_roll-060_brdf.png,1692,True
v0.4_results/21_three_axis_p3_local_refinement/postprocess/phase63/roll-060/yaw2450_pitchp0350_roll-060_ocs.json,556,True
v0.4_results/21_three_axis_p3_local_refinement/postprocess/phase63/roll-060/yaw2450_pitchp0350_roll-060_v_sun_macro.npy,262272,True
v0.4_results/21_three_axis_p3_local_refinement/postprocess/phase63/roll-060/yaw2450_pitchp0350_roll-060_v_sun_macro.png,665,True
v0.4_results/21_three_axis_p3_local_refinement/postprocess/phase63/roll-060/yaw2450_pitchp0375_roll-060_brdf.png,1734,True
v0.4_results/21_three_axis_p3_local_refinement/postprocess/phase63/roll-060/yaw2450_pitchp0375_roll-060_ocs.json,555,True
v0.4_results/21_three_axis_p3_local_refinement/postprocess/phase63/roll-060/yaw2450_pitchp0375_roll-060_v_sun_macro.npy,262272,True
v0.4_results/21_three_axis_p3_local_refinement/postprocess/phase63/roll-060/yaw2450_pitchp0375_roll-060_v_sun_macro.png,692,True
v0.4_results/21_three_axis_p3_local_refinement/postprocess/phase63/roll-060/yaw2450_pitchp0400_roll-060_brdf.png,1702,True
v0.4_results/21_three_axis_p3_local_refinement/postprocess/phase63/roll-060/yaw2450_pitchp0400_roll-060_ocs.json,555,True
v0.4_results/21_three_axis_p3_local_refinement/postprocess/phase63/roll-060/yaw2450_pitchp0400_roll-060_v_sun_macro.npy,262272,True
v0.4_results/21_three_axis_p3_local_refinement/postprocess/phase63/roll-060/yaw2450_pitchp0400_roll-060_v_sun_macro.png,711,True
v0.4_results/21_three_axis_p3_local_refinement/postprocess/phase63/roll-060/yaw2475_pitchp0300_roll-060_brdf.png,1876,True
v0.4_results/21_three_axis_p3_local_refinement/postprocess/phase63/roll-060/yaw2475_pitchp0300_roll-060_ocs.json,553,True
v0.4_results/21_three_axis_p3_local_refinement/postprocess/phase63/roll-060/yaw2475_pitchp0300_roll-060_v_sun_macro.npy,262272,True
v0.4_results/21_three_axis_p3_local_refinement/postprocess/phase63/roll-060/yaw2475_pitchp0300_roll-060_v_sun_macro.png,671,True
v0.4_results/21_three_axis_p3_local_refinement/postprocess/phase63/roll-060/yaw2475_pitchp0325_roll-060_brdf.png,1805,True
v0.4_results/21_three_axis_p3_local_refinement/postprocess/phase63/roll-060/yaw2475_pitchp0325_roll-060_ocs.json,554,True
v0.4_results/21_three_axis_p3_local_refinement/postprocess/phase63/roll-060/yaw2475_pitchp0325_roll-060_v_sun_macro.npy,262272,True
v0.4_results/21_three_axis_p3_local_refinement/postprocess/phase63/roll-060/yaw2475_pitchp0325_roll-060_v_sun_macro.png,681,True
v0.4_results/21_three_axis_p3_local_refinement/postprocess/phase63/roll-060/yaw2475_pitchp0350_roll-060_brdf.png,1686,True
v0.4_results/21_three_axis_p3_local_refinement/postprocess/phase63/roll-060/yaw2475_pitchp0350_roll-060_ocs.json,553,True
v0.4_results/21_three_axis_p3_local_refinement/postprocess/phase63/roll-060/yaw2475_pitchp0350_roll-060_v_sun_macro.npy,262272,True
v0.4_results/21_three_axis_p3_local_refinement/postprocess/phase63/roll-060/yaw2475_pitchp0350_roll-060_v_sun_macro.png,680,True
v0.4_results/21_three_axis_p3_local_refinement/postprocess/phase63/roll-060/yaw2475_pitchp0375_roll-060_brdf.png,1754,True
v0.4_results/21_three_axis_p3_local_refinement/postprocess/phase63/roll-060/yaw2475_pitchp0375_roll-060_ocs.json,555,True
v0.4_results/21_three_axis_p3_local_refinement/postprocess/phase63/roll-060/yaw2475_pitchp0375_roll-060_v_sun_macro.npy,262272,True
v0.4_results/21_three_axis_p3_local_refinement/postprocess/phase63/roll-060/yaw2475_pitchp0375_roll-060_v_sun_macro.png,697,True
v0.4_results/21_three_axis_p3_local_refinement/postprocess/phase63/roll-060/yaw2475_pitchp0400_roll-060_brdf.png,1726,True
v0.4_results/21_three_axis_p3_local_refinement/postprocess/phase63/roll-060/yaw2475_pitchp0400_roll-060_ocs.json,554,True
v0.4_results/21_three_axis_p3_local_refinement/postprocess/phase63/roll-060/yaw2475_pitchp0400_roll-060_v_sun_macro.npy,262272,True
v0.4_results/21_three_axis_p3_local_refinement/postprocess/phase63/roll-060/yaw2475_pitchp0400_roll-060_v_sun_macro.png,722,True
v0.4_results/21_three_axis_p3_local_refinement/postprocess/phase63/roll-060/yaw2500_pitchp0300_roll-060_brdf.png,1877,True
v0.4_results/21_three_axis_p3_local_refinement/postprocess/phase63/roll-060/yaw2500_pitchp0300_roll-060_ocs.json,550,True
v0.4_results/21_three_axis_p3_local_refinement/postprocess/phase63/roll-060/yaw2500_pitchp0300_roll-060_v_sun_macro.npy,262272,True
v0.4_results/21_three_axis_p3_local_refinement/postprocess/phase63/roll-060/yaw2500_pitchp0300_roll-060_v_sun_macro.png,709,True
v0.4_results/21_three_axis_p3_local_refinement/postprocess/phase63/roll-060/yaw2500_pitchp0325_roll-060_brdf.png,1731,True
v0.4_results/21_three_axis_p3_local_refinement/postprocess/phase63/roll-060/yaw2500_pitchp0325_roll-060_ocs.json,551,True
v0.4_results/21_three_axis_p3_local_refinement/postprocess/phase63/roll-060/yaw2500_pitchp0325_roll-060_v_sun_macro.npy,262272,True
v0.4_results/21_three_axis_p3_local_refinement/postprocess/phase63/roll-060/yaw2500_pitchp0325_roll-060_v_sun_macro.png,699,True
v0.4_results/21_three_axis_p3_local_refinement/postprocess/phase63/roll-060/yaw2500_pitchp0350_roll-060_brdf.png,1756,True
v0.4_results/21_three_axis_p3_local_refinement/postprocess/phase63/roll-060/yaw2500_pitchp0350_roll-060_ocs.json,551,True
v0.4_results/21_three_axis_p3_local_refinement/postprocess/phase63/roll-060/yaw2500_pitchp0350_roll-060_v_sun_macro.npy,262272,True
v0.4_results/21_three_axis_p3_local_refinement/postprocess/phase63/roll-060/yaw2500_pitchp0350_roll-060_v_sun_macro.png,685,True
v0.4_results/21_three_axis_p3_local_refinement/postprocess/phase63/roll-060/yaw2500_pitchp0375_roll-060_brdf.png,1707,True
v0.4_results/21_three_axis_p3_local_refinement/postprocess/phase63/roll-060/yaw2500_pitchp0375_roll-060_ocs.json,553,True
v0.4_results/21_three_axis_p3_local_refinement/postprocess/phase63/roll-060/yaw2500_pitchp0375_roll-060_v_sun_macro.npy,262272,True
v0.4_results/21_three_axis_p3_local_refinement/postprocess/phase63/roll-060/yaw2500_pitchp0375_roll-060_v_sun_macro.png,722,True
v0.4_results/21_three_axis_p3_local_refinement/postprocess/phase63/roll-060/yaw2500_pitchp0400_roll-060_brdf.png,1703,True
v0.4_results/21_three_axis_p3_local_refinement/postprocess/phase63/roll-060/yaw2500_pitchp0400_roll-060_ocs.json,555,True
v0.4_results/21_three_axis_p3_local_refinement/postprocess/phase63/roll-060/yaw2500_pitchp0400_roll-060_v_sun_macro.npy,262272,True
v0.4_results/21_three_axis_p3_local_refinement/postprocess/phase63/roll-060/yaw2500_pitchp0400_roll-060_v_sun_macro.png,738,True
v0.4_results/21_three_axis_p3_local_refinement/postprocess/phase63/roll-060/yaw2800_pitchm0800_roll-060_brdf.png,1991,True
v0.4_results/21_three_axis_p3_local_refinement/postprocess/phase63/roll-060/yaw2800_pitchm0800_roll-060_ocs.json,557,True
v0.4_results/21_three_axis_p3_local_refinement/postprocess/phase63/roll-060/yaw2800_pitchm0800_roll-060_v_sun_macro.npy,262272,True
v0.4_results/21_three_axis_p3_local_refinement/postprocess/phase63/roll-060/yaw2800_pitchm0800_roll-060_v_sun_macro.png,762,True
v0.4_results/21_three_axis_p3_local_refinement/postprocess/phase63/roll-060/yaw2800_pitchm0850_roll-060_brdf.png,1826,True
v0.4_results/21_three_axis_p3_local_refinement/postprocess/phase63/roll-060/yaw2800_pitchm0850_roll-060_ocs.json,555,True
v0.4_results/21_three_axis_p3_local_refinement/postprocess/phase63/roll-060/yaw2800_pitchm0850_roll-060_v_sun_macro.npy,262272,True
v0.4_results/21_three_axis_p3_local_refinement/postprocess/phase63/roll-060/yaw2800_pitchm0850_roll-060_v_sun_macro.png,722,True
v0.4_results/21_three_axis_p3_local_refinement/postprocess/phase63/roll-060/yaw2850_pitchm0800_roll-060_brdf.png,1978,True
v0.4_results/21_three_axis_p3_local_refinement/postprocess/phase63/roll-060/yaw2850_pitchm0800_roll-060_ocs.json,555,True
v0.4_results/21_three_axis_p3_local_refinement/postprocess/phase63/roll-060/yaw2850_pitchm0800_roll-060_v_sun_macro.npy,262272,True
v0.4_results/21_three_axis_p3_local_refinement/postprocess/phase63/roll-060/yaw2850_pitchm0800_roll-060_v_sun_macro.png,767,True
v0.4_results/21_three_axis_p3_local_refinement/postprocess/phase63/roll-060/yaw2850_pitchm0850_roll-060_brdf.png,1822,True
v0.4_results/21_three_axis_p3_local_refinement/postprocess/phase63/roll-060/yaw2850_pitchm0850_roll-060_ocs.json,556,True
v0.4_results/21_three_axis_p3_local_refinement/postprocess/phase63/roll-060/yaw2850_pitchm0850_roll-060_v_sun_macro.npy,262272,True
v0.4_results/21_three_axis_p3_local_refinement/postprocess/phase63/roll-060/yaw2850_pitchm0850_roll-060_v_sun_macro.png,744,True
v0.4_results/21_three_axis_p3_local_refinement/render/p3_render_manifest.csv,174437,True
v0.4_results/21_three_axis_p3_local_refinement/render/shadow_passes/phase63/roll+000/camera_matrices_blender.json,1116,True
v0.4_results/21_three_axis_p3_local_refinement/render/shadow_passes/phase63/roll+000/render_metadata.json,47969,True
v0.4_results/21_three_axis_p3_local_refinement/render/shadow_passes/phase63/roll+015/camera_matrices_blender.json,1116,True
v0.4_results/21_three_axis_p3_local_refinement/render/shadow_passes/phase63/roll+015/render_metadata.json,78654,True
v0.4_results/21_three_axis_p3_local_refinement/render/shadow_passes/phase63/roll+030/camera_matrices_blender.json,1116,True
v0.4_results/21_three_axis_p3_local_refinement/render/shadow_passes/phase63/roll+030/render_metadata.json,78654,True
v0.4_results/21_three_axis_p3_local_refinement/render/shadow_passes/phase63/roll+045/camera_matrices_blender.json,1116,True
v0.4_results/21_three_axis_p3_local_refinement/render/shadow_passes/phase63/roll+045/render_metadata.json,78654,True
v0.4_results/21_three_axis_p3_local_refinement/render/shadow_passes/phase63/roll+060/camera_matrices_blender.json,1116,True
v0.4_results/21_three_axis_p3_local_refinement/render/shadow_passes/phase63/roll+060/render_metadata.json,78654,True
v0.4_results/21_three_axis_p3_local_refinement/render/shadow_passes/phase63/roll-015/camera_matrices_blender.json,1116,True
v0.4_results/21_three_axis_p3_local_refinement/render/shadow_passes/phase63/roll-015/render_metadata.json,78761,True
v0.4_results/21_three_axis_p3_local_refinement/render/shadow_passes/phase63/roll-030/camera_matrices_blender.json,1116,True
v0.4_results/21_three_axis_p3_local_refinement/render/shadow_passes/phase63/roll-030/render_metadata.json,78761,True
v0.4_results/21_three_axis_p3_local_refinement/render/shadow_passes/phase63/roll-045/camera_matrices_blender.json,1116,True
v0.4_results/21_three_axis_p3_local_refinement/render/shadow_passes/phase63/roll-045/render_metadata.json,78761,True
v0.4_results/21_three_axis_p3_local_refinement/render/shadow_passes/phase63/roll-060/camera_matrices_blender.json,1116,True
v0.4_results/21_three_axis_p3_local_refinement/render/shadow_passes/phase63/roll-060/render_metadata.json,78761,True
v0.4_results/21_three_axis_p3_local_refinement/scripts/a_p3_preregister.py,17996,True
v0.4_results/21_three_axis_p3_local_refinement/scripts/b_c_metrics.py,26192,True
v0.4_results/21_three_axis_p3_local_refinement/scripts/d_figures.py,10625,True
v0.4_results/21_three_axis_p3_local_refinement/scripts/e_audit_manifest.py,17041,True
v0.4_results/21_three_axis_p3_local_refinement/scripts/p3_postprocess_local_refinement.py,6678,True
v0.4_results/21_three_axis_p3_local_refinement/scripts/p3_render_local_refinement.py,4828,True
v0.4_results/21_three_axis_p3_local_refinement/scripts/run_p3_all.sh,1435,True
v0.4_results/21_three_axis_p3_local_refinement/tables/p3_gate_matrix.csv,1857,True
v0.4_results/21_three_axis_p3_local_refinement/tables/p3_high_brightness_refined_candidates.csv,2560,True
v0.4_results/21_three_axis_p3_local_refinement/tables/p3_high_information_refined_candidates.csv,2303,True
v0.4_results/21_three_axis_p3_local_refinement/tables/p3_local_refinement_metrics.csv,154771,True
v0.4_results/21_three_axis_p3_local_refinement/tables/p3_local_refinement_pre_registered_matrix.csv,276125,True
v0.4_results/21_three_axis_p3_local_refinement/tables/p3_low_information_connectivity.csv,2406,True
v0.4_results/21_three_axis_p3_local_refinement/tables/p3_next_step_recommendations.csv,942,True
v0.4_results/21_three_axis_p3_local_refinement/tables/p3_p4_planning_candidates.csv,2831,True
v0.4_results/21_three_axis_p3_local_refinement/tables/p3_region_definition.csv,1172,True
v0.4_results/21_three_axis_p3_local_refinement/tables/p3_region_summary.csv,827,True
v0.4_results/21_three_axis_p3_local_refinement/tables/p3_stability_assessment.csv,823,True
v0.4_results/21_three_axis_p3_local_refinement/text/p3_local_refinement_summary.md,6036,True
"[EXR 渲染/后处理产物汇总: 2763 个 .exr, 已在 render/postprocess manifest 逐一登记]",,True
