label,yaw,pitch,roll,ocs_total,src_pkg,region,category,json_ok,exr_ok,vsun_ok,geometry_eligible
yaw2425_pitchp0275_roll+005,242.5,27.5,5.0,0.09919794,23A,unlabeled,unlabeled,1,1,1,YES
yaw2425_pitchp0300_roll+005,242.5,30.0,5.0,0.09852290,23A,unlabeled,unlabeled,1,1,1,YES
yaw2425_pitchp0325_roll+005,242.5,32.5,5.0,0.09813184,23A,unlabeled,unlabeled,1,1,1,YES
yaw2425_pitchp0350_roll+005,242.5,35.0,5.0,0.09751704,23A,unlabeled,unlabeled,1,1,1,YES
yaw2450_pitchp0275_roll+005,245.0,27.5,5.0,0.08476639,23A,unlabeled,unlabeled,1,1,1,YES
yaw2450_pitchp0300_roll+005,245.0,30.0,5.0,0.08474088,23A,unlabeled,unlabeled,1,1,1,YES
yaw2450_pitchp0325_roll+005,245.0,32.5,5.0,0.08502770,23A,unlabeled,unlabeled,1,1,1,YES
yaw2450_pitchp0350_roll+005,245.0,35.0,5.0,0.08414076,23A,unlabeled,unlabeled,1,1,1,YES
yaw2475_pitchp0275_roll+005,247.5,27.5,5.0,0.06658433,23A,unlabeled,unlabeled,1,1,1,YES
yaw2475_pitchp0300_roll+005,247.5,30.0,5.0,0.06712445,23A,unlabeled,unlabeled,1,1,1,YES
yaw2475_pitchp0325_roll+005,247.5,32.5,5.0,0.06748652,23A,unlabeled,unlabeled,1,1,1,YES
yaw2475_pitchp0350_roll+005,247.5,35.0,5.0,0.06863774,23A,unlabeled,unlabeled,1,1,1,YES
yaw2425_pitchp0275_roll+010,242.5,27.5,10.0,0.17843039,23A,unlabeled,unlabeled,1,1,1,YES
yaw2425_pitchp0300_roll+010,242.5,30.0,10.0,0.17278779,23A,unlabeled,unlabeled,1,1,1,YES
yaw2425_pitchp0325_roll+010,242.5,32.5,10.0,0.17107910,23A,unlabeled,unlabeled,1,1,1,YES
yaw2425_pitchp0350_roll+010,242.5,35.0,10.0,0.16668922,23A,unlabeled,unlabeled,1,1,1,YES
yaw2450_pitchp0275_roll+010,245.0,27.5,10.0,0.16521452,23A,unlabeled,unlabeled,1,1,1,YES
yaw2450_pitchp0300_roll+010,245.0,30.0,10.0,0.16495305,23A,unlabeled,unlabeled,1,1,1,YES
yaw2450_pitchp0325_roll+010,245.0,32.5,10.0,0.16449508,23A,unlabeled,unlabeled,1,1,1,YES
yaw2450_pitchp0350_roll+010,245.0,35.0,10.0,0.16348208,23A,unlabeled,unlabeled,1,1,1,YES
yaw2475_pitchp0275_roll+010,247.5,27.5,10.0,0.13485992,23A,unlabeled,unlabeled,1,1,1,YES
yaw2475_pitchp0300_roll+010,247.5,30.0,10.0,0.13795422,23A,unlabeled,unlabeled,1,1,1,YES
yaw2475_pitchp0325_roll+010,247.5,32.5,10.0,0.13982201,23A,unlabeled,unlabeled,1,1,1,YES
yaw2475_pitchp0350_roll+010,247.5,35.0,10.0,0.14180736,23A,unlabeled,unlabeled,1,1,1,YES
yaw2425_pitchp0275_roll+0125,242.5,27.5,12.5,0.20112067,23A,R1_top,23A_refined_topN,1,1,1,YES
yaw2425_pitchp0300_roll+0125,242.5,30.0,12.5,0.19711170,23A,R1_top,23A_refined_topN,1,1,1,YES
yaw2425_pitchp0325_roll+0125,242.5,32.5,12.5,0.19175607,23A,unlabeled,unlabeled,1,1,1,YES
yaw2425_pitchp0350_roll+0125,242.5,35.0,12.5,0.18324359,23A,unlabeled,unlabeled,1,1,1,YES
yaw2450_pitchp0275_roll+0125,245.0,27.5,12.5,0.19780397,23A,R1_top,23A_refined_topN,1,1,1,YES
yaw2450_pitchp0300_roll+0125,245.0,30.0,12.5,0.19776537,23A,R1_top,23A_refined_topN,1,1,1,YES
yaw2450_pitchp0325_roll+0125,245.0,32.5,12.5,0.19685949,23A,R1_top,23A_refined_topN,1,1,1,YES
yaw2450_pitchp0350_roll+0125,245.0,35.0,12.5,0.19404736,23A,unlabeled,unlabeled,1,1,1,YES
yaw2475_pitchp0275_roll+0125,247.5,27.5,12.5,0.17190936,23A,unlabeled,unlabeled,1,1,1,YES
yaw2475_pitchp0300_roll+0125,247.5,30.0,12.5,0.17561425,23A,unlabeled,unlabeled,1,1,1,YES
yaw2475_pitchp0325_roll+0125,247.5,32.5,12.5,0.18023776,23A,unlabeled,unlabeled,1,1,1,YES
yaw2475_pitchp0350_roll+0125,247.5,35.0,12.5,0.18119216,23A,unlabeled,unlabeled,1,1,1,YES
yaw2425_pitchp0275_roll+015,242.5,27.5,15.0,0.19927523,23A,R1_top,23A_refined_topN,1,1,1,YES
yaw2450_pitchp0275_roll+015,245.0,27.5,15.0,0.20889048,23A,R1_top,23A_refined_topN,1,1,1,YES
yaw2475_pitchp0275_roll+015,247.5,27.5,15.0,0.19189717,23A,unlabeled,unlabeled,1,1,1,YES
yaw2425_pitchp0275_roll+0175,242.5,27.5,17.5,0.17356916,23A,unlabeled,unlabeled,1,1,1,YES
yaw2425_pitchp0300_roll+0175,242.5,30.0,17.5,0.16856606,23A,unlabeled,unlabeled,1,1,1,YES
yaw2425_pitchp0325_roll+0175,242.5,32.5,17.5,0.16220161,23A,unlabeled,unlabeled,1,1,1,YES
yaw2425_pitchp0350_roll+0175,242.5,35.0,17.5,0.15498830,23A,unlabeled,unlabeled,1,1,1,YES
yaw2450_pitchp0275_roll+0175,245.0,27.5,17.5,0.19307745,23A,unlabeled,unlabeled,1,1,1,YES
yaw2450_pitchp0300_roll+0175,245.0,30.0,17.5,0.19156876,23A,unlabeled,unlabeled,1,1,1,YES
yaw2450_pitchp0325_roll+0175,245.0,32.5,17.5,0.19171193,23A,unlabeled,unlabeled,1,1,1,YES
yaw2450_pitchp0350_roll+0175,245.0,35.0,17.5,0.18849723,23A,unlabeled,unlabeled,1,1,1,YES
yaw2475_pitchp0275_roll+0175,247.5,27.5,17.5,0.18898834,23A,unlabeled,unlabeled,1,1,1,YES
yaw2475_pitchp0300_roll+0175,247.5,30.0,17.5,0.19526324,23A,R1_top,23A_refined_topN,1,1,1,YES
yaw2475_pitchp0325_roll+0175,247.5,32.5,17.5,0.20157747,23A,R1_top,23A_refined_topN,1,1,1,YES
yaw2475_pitchp0350_roll+0175,247.5,35.0,17.5,0.20010020,23A,R1_top,23A_refined_topN,1,1,1,YES
yaw2425_pitchp0275_roll+020,242.5,27.5,20.0,0.13325979,23A,unlabeled,unlabeled,1,1,1,YES
yaw2425_pitchp0300_roll+020,242.5,30.0,20.0,0.12984973,23A,unlabeled,unlabeled,1,1,1,YES
yaw2425_pitchp0325_roll+020,242.5,32.5,20.0,0.12559716,23A,unlabeled,unlabeled,1,1,1,YES
yaw2425_pitchp0350_roll+020,242.5,35.0,20.0,0.11986152,23A,unlabeled,unlabeled,1,1,1,YES
yaw2450_pitchp0275_roll+020,245.0,27.5,20.0,0.15657163,23A,unlabeled,unlabeled,1,1,1,YES
yaw2450_pitchp0300_roll+020,245.0,30.0,20.0,0.15754502,23A,unlabeled,unlabeled,1,1,1,YES
yaw2450_pitchp0325_roll+020,245.0,32.5,20.0,0.15656114,23A,unlabeled,unlabeled,1,1,1,YES
yaw2450_pitchp0350_roll+020,245.0,35.0,20.0,0.15318641,23A,unlabeled,unlabeled,1,1,1,YES
yaw2475_pitchp0275_roll+020,247.5,27.5,20.0,0.16471002,23A,unlabeled,unlabeled,1,1,1,YES
yaw2475_pitchp0300_roll+020,247.5,30.0,20.0,0.16987556,23A,unlabeled,unlabeled,1,1,1,YES
yaw2475_pitchp0325_roll+020,247.5,32.5,20.0,0.17508721,23A,unlabeled,unlabeled,1,1,1,YES
yaw2475_pitchp0350_roll+020,247.5,35.0,20.0,0.17554238,23A,unlabeled,unlabeled,1,1,1,YES
yaw2425_pitchp0275_roll+025,242.5,27.5,25.0,0.06527949,23A,unlabeled,unlabeled,1,1,1,YES
yaw2425_pitchp0300_roll+025,242.5,30.0,25.0,0.06350259,23A,unlabeled,unlabeled,1,1,1,YES
yaw2425_pitchp0325_roll+025,242.5,32.5,25.0,0.06104104,23A,unlabeled,unlabeled,1,1,1,YES
yaw2425_pitchp0350_roll+025,242.5,35.0,25.0,0.05823726,23A,unlabeled,unlabeled,1,1,1,YES
yaw2450_pitchp0275_roll+025,245.0,27.5,25.0,0.07965895,23A,unlabeled,unlabeled,1,1,1,YES
yaw2450_pitchp0300_roll+025,245.0,30.0,25.0,0.07964949,23A,unlabeled,unlabeled,1,1,1,YES
yaw2450_pitchp0325_roll+025,245.0,32.5,25.0,0.07856725,23A,unlabeled,unlabeled,1,1,1,YES
yaw2450_pitchp0350_roll+025,245.0,35.0,25.0,0.07754239,23A,unlabeled,unlabeled,1,1,1,YES
yaw2475_pitchp0275_roll+025,247.5,27.5,25.0,0.08968112,23A,unlabeled,unlabeled,1,1,1,YES
yaw2475_pitchp0300_roll+025,247.5,30.0,25.0,0.09306423,23A,unlabeled,unlabeled,1,1,1,YES
yaw2475_pitchp0325_roll+025,247.5,32.5,25.0,0.09615351,23A,unlabeled,unlabeled,1,1,1,YES
yaw2475_pitchp0350_roll+025,247.5,35.0,25.0,0.09826139,23A,unlabeled,unlabeled,1,1,1,YES
yaw2425_pitchp0225_roll+015,242.5,22.5,15.0,0.20368336,23B,R1_pitch_boundary,23B_combined_topN,1,1,1,YES
yaw2425_pitchp0250_roll+015,242.5,25.0,15.0,0.20202982,23B,R1_pitch_boundary,23B_combined_topN,1,1,1,YES
yaw2450_pitchp0225_roll+015,245.0,22.5,15.0,0.20067911,23B,R1_pitch_boundary,23B_combined_topN,1,1,1,YES
yaw2450_pitchp0250_roll+015,245.0,25.0,15.0,0.20322742,23B,R1_pitch_boundary,23B_combined_topN,1,1,1,YES
yaw2475_pitchp0225_roll+015,247.5,22.5,15.0,0.17421928,23B,R1_pitch_boundary,23B_combined_topN,1,1,1,YES
yaw2475_pitchp0250_roll+015,247.5,25.0,15.0,0.18273191,23B,R1_pitch_boundary,23B_combined_topN,1,1,1,YES
yaw0550_pitchp0625_roll+000,55.0,62.5,0.0,0.06647777,P3,R3_low_info_connectivity,low-info/ocs-hard,1,1,1,YES
yaw0550_pitchp0675_roll+000,55.0,67.5,0.0,0.06684434,P3,R3_low_info_connectivity,low-info/ocs-hard,1,1,1,YES
yaw0575_pitchp0600_roll+000,57.5,60.0,0.0,0.06942464,P3,R3_low_info_connectivity,low-info/ocs-hard,1,1,1,YES
yaw0575_pitchp0625_roll+000,57.5,62.5,0.0,0.06947678,P3,R3_low_info_connectivity,low-info/ocs-hard,1,1,1,YES
yaw0575_pitchp0650_roll+000,57.5,65.0,0.0,0.06997713,P3,R3_low_info_connectivity,low-info/ocs-hard,1,1,1,YES
yaw0575_pitchp0675_roll+000,57.5,67.5,0.0,0.06973055,P3,R3_low_info_connectivity,low-info/ocs-hard,1,1,1,YES
yaw0575_pitchp0700_roll+000,57.5,70.0,0.0,0.07026403,P3,R3_low_info_connectivity,low-info/ocs-hard,1,1,1,YES
yaw0600_pitchp0625_roll+000,60.0,62.5,0.0,0.06768928,P3,R3_low_info_connectivity,low-info/ocs-hard,1,1,1,YES
yaw0600_pitchp0675_roll+000,60.0,67.5,0.0,0.06760830,P3,R3_low_info_connectivity,low-info/ocs-hard,1,1,1,YES
yaw0625_pitchp0600_roll+000,62.5,60.0,0.0,0.06036954,P3,R3_low_info_connectivity,low-info/ocs-hard,1,1,1,YES
yaw0625_pitchp0625_roll+000,62.5,62.5,0.0,0.06042397,P3,R3_low_info_connectivity,low-info/ocs-hard,1,1,1,YES
yaw0625_pitchp0650_roll+000,62.5,65.0,0.0,0.06108941,P3,R3_low_info_connectivity,low-info/ocs-hard,1,1,1,YES
yaw0625_pitchp0675_roll+000,62.5,67.5,0.0,0.06148202,P3,R3_low_info_connectivity,low-info/ocs-hard,1,1,1,YES
yaw0625_pitchp0700_roll+000,62.5,70.0,0.0,0.06130155,P3,R3_low_info_connectivity,low-info/ocs-hard,1,1,1,YES
yaw0650_pitchp0625_roll+000,65.0,62.5,0.0,0.05227029,P3,R3_low_info_connectivity,low-info/ocs-hard,1,1,1,YES
yaw0650_pitchp0675_roll+000,65.0,67.5,0.0,0.05267475,P3,R3_low_info_connectivity,low-info/ocs-hard,1,1,1,YES
yaw1450_pitchp0125_roll+000,145.0,12.5,0.0,0.18642113,P3,R4_bright_info_boundary,bright/robust-easy + info-boundary,1,1,1,YES
yaw1450_pitchp0175_roll+000,145.0,17.5,0.0,0.14580116,P3,R4_bright_info_boundary,bright/robust-easy + info-boundary,1,1,1,YES
yaw1450_pitchp0225_roll+000,145.0,22.5,0.0,0.07160790,P3,R4_bright_info_boundary,bright/robust-easy + info-boundary,1,1,1,YES
yaw1475_pitchp0100_roll+000,147.5,10.0,0.0,0.18551525,P3,R4_bright_info_boundary,bright/robust-easy + info-boundary,1,1,1,YES
yaw1475_pitchp0125_roll+000,147.5,12.5,0.0,0.20114613,P3,R4_control,23A_refined_topN,1,1,1,YES
yaw1475_pitchp0150_roll+000,147.5,15.0,0.0,0.19024239,P3,R4_bright_info_boundary,bright/robust-easy + info-boundary,1,1,1,YES
yaw1475_pitchp0175_roll+000,147.5,17.5,0.0,0.15675013,P3,R4_bright_info_boundary,bright/robust-easy + info-boundary,1,1,1,YES
yaw1475_pitchp0200_roll+000,147.5,20.0,0.0,0.11447003,P3,R4_bright_info_boundary,bright/robust-easy + info-boundary,1,1,1,YES
yaw1475_pitchp0225_roll+000,147.5,22.5,0.0,0.07612514,P3,R4_bright_info_boundary,bright/robust-easy + info-boundary,1,1,1,YES
yaw1475_pitchp0250_roll+000,147.5,25.0,0.0,0.04909751,P3,R4_bright_info_boundary,bright/robust-easy + info-boundary,1,1,1,YES
yaw1500_pitchp0125_roll+000,150.0,12.5,0.0,0.18839583,P3,R4_bright_info_boundary,bright/robust-easy + info-boundary,1,1,1,YES
yaw1500_pitchp0175_roll+000,150.0,17.5,0.0,0.14722277,P3,R4_bright_info_boundary,bright/robust-easy + info-boundary,1,1,1,YES
yaw1500_pitchp0225_roll+000,150.0,22.5,0.0,0.07269508,P3,R4_bright_info_boundary,bright/robust-easy + info-boundary,1,1,1,YES
yaw1525_pitchp0100_roll+000,152.5,10.0,0.0,0.14468932,P3,R4_bright_info_boundary,bright/robust-easy + info-boundary,1,1,1,YES
yaw1525_pitchp0125_roll+000,152.5,12.5,0.0,0.15595150,P3,R4_bright_info_boundary,bright/robust-easy + info-boundary,1,1,1,YES
yaw1525_pitchp0150_roll+000,152.5,15.0,0.0,0.14766198,P3,R4_bright_info_boundary,bright/robust-easy + info-boundary,1,1,1,YES
yaw1525_pitchp0175_roll+000,152.5,17.5,0.0,0.12310261,P3,R4_bright_info_boundary,bright/robust-easy + info-boundary,1,1,1,YES
yaw1525_pitchp0200_roll+000,152.5,20.0,0.0,0.09206339,P3,R4_bright_info_boundary,bright/robust-easy + info-boundary,1,1,1,YES
yaw1525_pitchp0225_roll+000,152.5,22.5,0.0,0.06333954,P3,R4_bright_info_boundary,bright/robust-easy + info-boundary,1,1,1,YES
yaw1525_pitchp0250_roll+000,152.5,25.0,0.0,0.04301867,P3,R4_bright_info_boundary,bright/robust-easy + info-boundary,1,1,1,YES
yaw1550_pitchp0125_roll+000,155.0,12.5,0.0,0.11607020,P3,R4_bright_info_boundary,bright/robust-easy + info-boundary,1,1,1,YES
yaw1550_pitchp0175_roll+000,155.0,17.5,0.0,0.09387110,P3,R4_bright_info_boundary,bright/robust-easy + info-boundary,1,1,1,YES
yaw1550_pitchp0225_roll+000,155.0,22.5,0.0,0.05136991,P3,R4_bright_info_boundary,bright/robust-easy + info-boundary,1,1,1,YES
yaw1575_pitchp0100_roll+000,157.5,10.0,0.0,0.07308167,P3,R4_bright_info_boundary,bright/robust-easy + info-boundary,1,1,1,YES
yaw1575_pitchp0125_roll+000,157.5,12.5,0.0,0.07852142,P3,R4_bright_info_boundary,bright/robust-easy + info-boundary,1,1,1,YES
yaw1575_pitchp0150_roll+000,157.5,15.0,0.0,0.07573243,P3,R4_bright_info_boundary,bright/robust-easy + info-boundary,1,1,1,YES
yaw1575_pitchp0175_roll+000,157.5,17.5,0.0,0.06619719,P3,R4_bright_info_boundary,bright/robust-easy + info-boundary,1,1,1,YES
yaw1575_pitchp0200_roll+000,157.5,20.0,0.0,0.05266181,P3,R4_bright_info_boundary,bright/robust-easy + info-boundary,1,1,1,YES
yaw1575_pitchp0225_roll+000,157.5,22.5,0.0,0.04042275,P3,R4_bright_info_boundary,bright/robust-easy + info-boundary,1,1,1,YES
yaw1575_pitchp0250_roll+000,157.5,25.0,0.0,0.03118434,P3,R4_bright_info_boundary,bright/robust-easy + info-boundary,1,1,1,YES
yaw1600_pitchp0125_roll+000,160.0,12.5,0.0,0.05103548,P3,R4_bright_info_boundary,bright/robust-easy + info-boundary,1,1,1,YES
yaw1600_pitchp0175_roll+000,160.0,17.5,0.0,0.04554065,P3,R4_bright_info_boundary,bright/robust-easy + info-boundary,1,1,1,YES
yaw1600_pitchp0225_roll+000,160.0,22.5,0.0,0.03178474,P3,R4_bright_info_boundary,bright/robust-easy + info-boundary,1,1,1,YES
yaw2400_pitchp0325_roll+000,240.0,32.5,0.0,0.05217276,P3,R1_high_info,high-info,1,1,1,YES
yaw2400_pitchp0375_roll+000,240.0,37.5,0.0,0.05217443,P3,R1_high_info,high-info,1,1,1,YES
yaw2425_pitchp0300_roll+000,242.5,30.0,0.0,0.04732182,P3,R1_high_info,high-info,1,1,1,YES
yaw2425_pitchp0325_roll+000,242.5,32.5,0.0,0.04725992,P3,R1_high_info,high-info,1,1,1,YES
yaw2425_pitchp0350_roll+000,242.5,35.0,0.0,0.04725503,P3,R1_high_info,high-info,1,1,1,YES
yaw2425_pitchp0375_roll+000,242.5,37.5,0.0,0.04764066,P3,R1_high_info,high-info,1,1,1,YES
yaw2425_pitchp0400_roll+000,242.5,40.0,0.0,0.04693503,P3,R1_high_info,high-info,1,1,1,YES
yaw2450_pitchp0325_roll+000,245.0,32.5,0.0,0.04091531,P3,R1_high_info,high-info,1,1,1,YES
yaw2450_pitchp0375_roll+000,245.0,37.5,0.0,0.04068319,P3,R1_high_info,high-info,1,1,1,YES
yaw2475_pitchp0300_roll+000,247.5,30.0,0.0,0.03558360,P3,R1_high_info,high-info,1,1,1,YES
yaw2475_pitchp0325_roll+000,247.5,32.5,0.0,0.03579356,P3,R1_high_info,high-info,1,1,1,YES
yaw2475_pitchp0350_roll+000,247.5,35.0,0.0,0.03598768,P3,R1_high_info,high-info,1,1,1,YES
yaw2475_pitchp0375_roll+000,247.5,37.5,0.0,0.03509893,P3,R1_high_info,high-info,1,1,1,YES
yaw2475_pitchp0400_roll+000,247.5,40.0,0.0,0.03511555,P3,R1_high_info,high-info,1,1,1,YES
yaw2500_pitchp0325_roll+000,250.0,32.5,0.0,0.03150439,P3,R1_high_info,high-info,1,1,1,YES
yaw2500_pitchp0375_roll+000,250.0,37.5,0.0,0.03099334,P3,R1_high_info,high-info,1,1,1,YES
yaw0550_pitchp0600_roll+015,55.0,60.0,15.0,0.02850029,P3,R3_low_info_connectivity,low-info/ocs-hard,1,1,1,YES
yaw0550_pitchp0625_roll+015,55.0,62.5,15.0,0.02852209,P3,R3_low_info_connectivity,low-info/ocs-hard,1,1,1,YES
yaw0550_pitchp0650_roll+015,55.0,65.0,15.0,0.02880357,P3,R3_low_info_connectivity,low-info/ocs-hard,1,1,1,YES
yaw0550_pitchp0675_roll+015,55.0,67.5,15.0,0.02884975,P3,R3_low_info_connectivity,low-info/ocs-hard,1,1,1,YES
yaw0550_pitchp0700_roll+015,55.0,70.0,15.0,0.02931572,P3,R3_low_info_connectivity,low-info/ocs-hard,1,1,1,YES
yaw0575_pitchp0600_roll+015,57.5,60.0,15.0,0.02916910,P3,R3_low_info_connectivity,low-info/ocs-hard,1,1,1,YES
yaw0575_pitchp0625_roll+015,57.5,62.5,15.0,0.02955031,P3,R3_low_info_connectivity,low-info/ocs-hard,1,1,1,YES
yaw0575_pitchp0650_roll+015,57.5,65.0,15.0,0.02947350,P3,R3_low_info_connectivity,low-info/ocs-hard,1,1,1,YES
yaw0575_pitchp0675_roll+015,57.5,67.5,15.0,0.02972530,P3,R3_low_info_connectivity,low-info/ocs-hard,1,1,1,YES
yaw0575_pitchp0700_roll+015,57.5,70.0,15.0,0.03019436,P3,R3_low_info_connectivity,low-info/ocs-hard,1,1,1,YES
yaw0600_pitchp0600_roll+015,60.0,60.0,15.0,0.02964026,P3,R3_low_info_connectivity,low-info/ocs-hard,1,1,1,YES
yaw0600_pitchp0625_roll+015,60.0,62.5,15.0,0.03005088,P3,R3_low_info_connectivity,low-info/ocs-hard,1,1,1,YES
yaw0600_pitchp0650_roll+015,60.0,65.0,15.0,0.03065191,P3,R3_low_info_connectivity,low-info/ocs-hard,1,1,1,YES
yaw0600_pitchp0675_roll+015,60.0,67.5,15.0,0.03109787,P3,R3_low_info_connectivity,low-info/ocs-hard,1,1,1,YES
yaw0600_pitchp0700_roll+015,60.0,70.0,15.0,0.03128576,P3,R3_low_info_connectivity,low-info/ocs-hard,1,1,1,YES
yaw0625_pitchp0600_roll+015,62.5,60.0,15.0,0.03040916,P3,R3_low_info_connectivity,low-info/ocs-hard,1,1,1,YES
yaw0625_pitchp0625_roll+015,62.5,62.5,15.0,0.03094376,P3,R3_low_info_connectivity,low-info/ocs-hard,1,1,1,YES
yaw0625_pitchp0650_roll+015,62.5,65.0,15.0,0.03163498,P3,R3_low_info_connectivity,low-info/ocs-hard,1,1,1,YES
yaw0625_pitchp0675_roll+015,62.5,67.5,15.0,0.03194300,P3,R3_low_info_connectivity,low-info/ocs-hard,1,1,1,YES
yaw0625_pitchp0700_roll+015,62.5,70.0,15.0,0.03266032,P3,R3_low_info_connectivity,low-info/ocs-hard,1,1,1,YES
yaw0650_pitchp0600_roll+015,65.0,60.0,15.0,0.03139416,P3,R3_low_info_connectivity,low-info/ocs-hard,1,1,1,YES
yaw0650_pitchp0625_roll+015,65.0,62.5,15.0,0.03221846,P3,R3_low_info_connectivity,low-info/ocs-hard,1,1,1,YES
yaw0650_pitchp0650_roll+015,65.0,65.0,15.0,0.03271301,P3,R3_low_info_connectivity,low-info/ocs-hard,1,1,1,YES
yaw0650_pitchp0675_roll+015,65.0,67.5,15.0,0.03350332,P3,R3_low_info_connectivity,low-info/ocs-hard,1,1,1,YES
yaw0650_pitchp0700_roll+015,65.0,70.0,15.0,0.03427288,P3,R3_low_info_connectivity,low-info/ocs-hard,1,1,1,YES
yaw1450_pitchp0100_roll+015,145.0,10.0,15.0,0.17131108,P3,R4_bright_info_boundary,bright/robust-easy + info-boundary,1,1,1,YES
yaw1450_pitchp0125_roll+015,145.0,12.5,15.0,0.18479021,P3,R4_bright_info_boundary,bright/robust-easy + info-boundary,1,1,1,YES
yaw1450_pitchp0150_roll+015,145.0,15.0,15.0,0.17529672,P3,R4_bright_info_boundary,bright/robust-easy + info-boundary,1,1,1,YES
yaw1450_pitchp0175_roll+015,145.0,17.5,15.0,0.14398035,P3,R4_bright_info_boundary,bright/robust-easy + info-boundary,1,1,1,YES
yaw1450_pitchp0200_roll+015,145.0,20.0,15.0,0.10560978,P3,R4_bright_info_boundary,bright/robust-easy + info-boundary,1,1,1,YES
yaw1450_pitchp0225_roll+015,145.0,22.5,15.0,0.07060175,P3,R4_bright_info_boundary,bright/robust-easy + info-boundary,1,1,1,YES
yaw1450_pitchp0250_roll+015,145.0,25.0,15.0,0.04550757,P3,R4_bright_info_boundary,bright/robust-easy + info-boundary,1,1,1,YES
yaw1475_pitchp0100_roll+015,147.5,10.0,15.0,0.18352495,P3,R4_bright_info_boundary,bright/robust-easy + info-boundary,1,1,1,YES
yaw1475_pitchp0125_roll+015,147.5,12.5,15.0,0.19740409,P3,R4_control,23A_refined_topN,1,1,1,YES
yaw1475_pitchp0150_roll+015,147.5,15.0,15.0,0.18585368,P3,R4_bright_info_boundary,bright/robust-easy + info-boundary,1,1,1,YES
yaw1475_pitchp0175_roll+015,147.5,17.5,15.0,0.15333836,P3,R4_bright_info_boundary,bright/robust-easy + info-boundary,1,1,1,YES
yaw1475_pitchp0200_roll+015,147.5,20.0,15.0,0.11151005,P3,R4_bright_info_boundary,bright/robust-easy + info-boundary,1,1,1,YES
yaw1475_pitchp0225_roll+015,147.5,22.5,15.0,0.07388399,P3,R4_bright_info_boundary,bright/robust-easy + info-boundary,1,1,1,YES
yaw1475_pitchp0250_roll+015,147.5,25.0,15.0,0.04682091,P3,R4_bright_info_boundary,bright/robust-easy + info-boundary,1,1,1,YES
yaw1500_pitchp0100_roll+015,150.0,10.0,15.0,0.17190619,P3,R4_bright_info_boundary,bright/robust-easy + info-boundary,1,1,1,YES
yaw1500_pitchp0125_roll+015,150.0,12.5,15.0,0.18526162,P3,R4_bright_info_boundary,bright/robust-easy + info-boundary,1,1,1,YES
yaw1500_pitchp0150_roll+015,150.0,15.0,15.0,0.17514591,P3,R4_bright_info_boundary,bright/robust-easy + info-boundary,1,1,1,YES
yaw1500_pitchp0175_roll+015,150.0,17.5,15.0,0.14414373,P3,R4_bright_info_boundary,bright/robust-easy + info-boundary,1,1,1,YES
yaw1500_pitchp0200_roll+015,150.0,20.0,15.0,0.10554866,P3,R4_bright_info_boundary,bright/robust-easy + info-boundary,1,1,1,YES
yaw1500_pitchp0225_roll+015,150.0,22.5,15.0,0.07040103,P3,R4_bright_info_boundary,bright/robust-easy + info-boundary,1,1,1,YES
yaw1500_pitchp0250_roll+015,150.0,25.0,15.0,0.04482312,P3,R4_bright_info_boundary,bright/robust-easy + info-boundary,1,1,1,YES
yaw1525_pitchp0100_roll+015,152.5,10.0,15.0,0.14287986,P3,R4_bright_info_boundary,bright/robust-easy + info-boundary,1,1,1,YES
yaw1525_pitchp0125_roll+015,152.5,12.5,15.0,0.15335290,P3,R4_bright_info_boundary,bright/robust-easy + info-boundary,1,1,1,YES
yaw1525_pitchp0150_roll+015,152.5,15.0,15.0,0.14492609,P3,R4_bright_info_boundary,bright/robust-easy + info-boundary,1,1,1,YES
yaw1525_pitchp0175_roll+015,152.5,17.5,15.0,0.12075651,P3,R4_bright_info_boundary,bright/robust-easy + info-boundary,1,1,1,YES
yaw1525_pitchp0200_roll+015,152.5,20.0,15.0,0.08885001,P3,R4_bright_info_boundary,bright/robust-easy + info-boundary,1,1,1,YES
yaw1525_pitchp0225_roll+015,152.5,22.5,15.0,0.06156409,P3,R4_bright_info_boundary,bright/robust-easy + info-boundary,1,1,1,YES
yaw1525_pitchp0250_roll+015,152.5,25.0,15.0,0.04035589,P3,R4_bright_info_boundary,bright/robust-easy + info-boundary,1,1,1,YES
yaw1550_pitchp0100_roll+015,155.0,10.0,15.0,0.10504001,P3,R4_bright_info_boundary,bright/robust-easy + info-boundary,1,1,1,YES
yaw1550_pitchp0125_roll+015,155.0,12.5,15.0,0.11337159,P3,R4_bright_info_boundary,bright/robust-easy + info-boundary,1,1,1,YES
yaw1550_pitchp0150_roll+015,155.0,15.0,15.0,0.10831058,P3,R4_bright_info_boundary,bright/robust-easy + info-boundary,1,1,1,YES
yaw1550_pitchp0175_roll+015,155.0,17.5,15.0,0.09069440,P3,R4_bright_info_boundary,bright/robust-easy + info-boundary,1,1,1,YES
yaw1550_pitchp0200_roll+015,155.0,20.0,15.0,0.06846071,P3,R4_bright_info_boundary,bright/robust-easy + info-boundary,1,1,1,YES
yaw1550_pitchp0225_roll+015,155.0,22.5,15.0,0.04876035,P3,R4_bright_info_boundary,bright/robust-easy + info-boundary,1,1,1,YES
yaw1550_pitchp0250_roll+015,155.0,25.0,15.0,0.03459738,P3,R4_bright_info_boundary,bright/robust-easy + info-boundary,1,1,1,YES
yaw1575_pitchp0100_roll+015,157.5,10.0,15.0,0.07246250,P3,R4_bright_info_boundary,bright/robust-easy + info-boundary,1,1,1,YES
yaw1575_pitchp0125_roll+015,157.5,12.5,15.0,0.07748263,P3,R4_bright_info_boundary,bright/robust-easy + info-boundary,1,1,1,YES
yaw1575_pitchp0150_roll+015,157.5,15.0,15.0,0.07436044,P3,R4_bright_info_boundary,bright/robust-easy + info-boundary,1,1,1,YES
yaw1575_pitchp0175_roll+015,157.5,17.5,15.0,0.06482647,P3,R4_bright_info_boundary,bright/robust-easy + info-boundary,1,1,1,YES
yaw1575_pitchp0200_roll+015,157.5,20.0,15.0,0.05079436,P3,R4_bright_info_boundary,bright/robust-easy + info-boundary,1,1,1,YES
yaw1575_pitchp0225_roll+015,157.5,22.5,15.0,0.03807520,P3,R4_bright_info_boundary,bright/robust-easy + info-boundary,1,1,1,YES
yaw1575_pitchp0250_roll+015,157.5,25.0,15.0,0.02898736,P3,R4_bright_info_boundary,bright/robust-easy + info-boundary,1,1,1,YES
yaw1600_pitchp0100_roll+015,160.0,10.0,15.0,0.04760547,P3,R4_bright_info_boundary,bright/robust-easy + info-boundary,1,1,1,YES
yaw1600_pitchp0125_roll+015,160.0,12.5,15.0,0.05108765,P3,R4_bright_info_boundary,bright/robust-easy + info-boundary,1,1,1,YES
yaw1600_pitchp0150_roll+015,160.0,15.0,15.0,0.04962127,P3,R4_bright_info_boundary,bright/robust-easy + info-boundary,1,1,1,YES
yaw1600_pitchp0175_roll+015,160.0,17.5,15.0,0.04405674,P3,R4_bright_info_boundary,bright/robust-easy + info-boundary,1,1,1,YES
yaw1600_pitchp0200_roll+015,160.0,20.0,15.0,0.03685769,P3,R4_bright_info_boundary,bright/robust-easy + info-boundary,1,1,1,YES
yaw1600_pitchp0225_roll+015,160.0,22.5,15.0,0.02978297,P3,R4_bright_info_boundary,bright/robust-easy + info-boundary,1,1,1,YES
yaw1600_pitchp0250_roll+015,160.0,25.0,15.0,0.02485918,P3,R4_bright_info_boundary,bright/robust-easy + info-boundary,1,1,1,YES
yaw2050_pitchm0050_roll+015,205.0,-5.0,15.0,0.02088916,P3,R5_control,neutral-control,1,1,1,YES
yaw2050_pitchm0100_roll+015,205.0,-10.0,15.0,0.02095003,P3,R5_control,neutral-control,1,1,1,YES
yaw2100_pitchm0050_roll+015,210.0,-5.0,15.0,0.02404943,P3,R5_control,neutral-control,1,1,1,YES
yaw2100_pitchm0100_roll+015,210.0,-10.0,15.0,0.02353417,P3,R5_control,neutral-control,1,1,1,YES
yaw2400_pitchp0300_roll+015,240.0,30.0,15.0,0.15967049,P3,R1_high_info,high-info,1,1,1,YES
yaw2400_pitchp0325_roll+015,240.0,32.5,15.0,0.15117821,P3,R1_high_info,high-info,1,1,1,YES
yaw2400_pitchp0350_roll+015,240.0,35.0,15.0,0.14216729,P3,R1_high_info,high-info,1,1,1,YES
yaw2400_pitchp0375_roll+015,240.0,37.5,15.0,0.13122323,P3,R1_high_info,high-info,1,1,1,YES
yaw2400_pitchp0400_roll+015,240.0,40.0,15.0,0.12197482,P3,R1_high_info,high-info,1,1,1,YES
yaw2425_pitchp0300_roll+015,242.5,30.0,15.0,0.19471525,P3,R1_high_info,high-info,1,1,1,YES
yaw2425_pitchp0325_roll+015,242.5,32.5,15.0,0.18852165,P3,R1_high_info,high-info,1,1,1,YES
yaw2425_pitchp0350_roll+015,242.5,35.0,15.0,0.17913483,P3,R1_high_info,high-info,1,1,1,YES
yaw2425_pitchp0375_roll+015,242.5,37.5,15.0,0.17585851,P3,R1_high_info,high-info,1,1,1,YES
yaw2425_pitchp0400_roll+015,242.5,40.0,15.0,0.16194826,P3,R1_high_info,high-info,1,1,1,YES
yaw2450_pitchp0300_roll+015,245.0,30.0,15.0,0.20837700,P3,R1_top,23A_refined_topN,1,1,1,YES
yaw2450_pitchp0325_roll+015,245.0,32.5,15.0,0.20790970,P3,R1_top,23A_refined_topN,1,1,1,YES
yaw2450_pitchp0350_roll+015,245.0,35.0,15.0,0.20626715,P3,R1_top,23A_refined_topN,1,1,1,YES
yaw2450_pitchp0375_roll+015,245.0,37.5,15.0,0.20069478,P3,R1_high_info,high-info,1,1,1,YES
yaw2450_pitchp0400_roll+015,245.0,40.0,15.0,0.19323078,P3,R1_high_info,high-info,1,1,1,YES
yaw2475_pitchp0300_roll+015,247.5,30.0,15.0,0.19826229,P3,R1_top,23A_refined_topN,1,1,1,YES
yaw2475_pitchp0325_roll+015,247.5,32.5,15.0,0.20254266,P3,R1_top,23A_refined_topN,1,1,1,YES
yaw2475_pitchp0350_roll+015,247.5,35.0,15.0,0.20235811,P3,R1_top,23A_refined_topN,1,1,1,YES
yaw2475_pitchp0375_roll+015,247.5,37.5,15.0,0.20560144,P3,R1_high_info,high-info,1,1,1,YES
yaw2475_pitchp0400_roll+015,247.5,40.0,15.0,0.20354554,P3,R1_high_info,high-info,1,1,1,YES
yaw2500_pitchp0300_roll+015,250.0,30.0,15.0,0.16541505,P3,R1_high_info,high-info,1,1,1,YES
yaw2500_pitchp0325_roll+015,250.0,32.5,15.0,0.17452514,P3,R1_high_info,high-info,1,1,1,YES
yaw2500_pitchp0350_roll+015,250.0,35.0,15.0,0.18213381,P3,R1_high_info,high-info,1,1,1,YES
yaw2500_pitchp0375_roll+015,250.0,37.5,15.0,0.18598916,P3,R1_high_info,high-info,1,1,1,YES
yaw2500_pitchp0400_roll+015,250.0,40.0,15.0,0.19007735,P3,R1_high_info,high-info,1,1,1,YES
yaw2800_pitchm0800_roll+015,280.0,-80.0,15.0,0.01266903,P3,R2_control,dark/roll-sensitive-control,1,1,1,YES
yaw2800_pitchm0850_roll+015,280.0,-85.0,15.0,0.01302008,P3,R2_control,dark/roll-sensitive-control,1,1,1,YES
yaw2850_pitchm0800_roll+015,285.0,-80.0,15.0,0.01430113,P3,R2_control,dark/roll-sensitive-control,1,1,1,YES
yaw2850_pitchm0850_roll+015,285.0,-85.0,15.0,0.01498723,P3,R2_control,dark/roll-sensitive-control,1,1,1,YES
yaw0550_pitchp0600_roll+030,55.0,60.0,30.0,0.02245574,P3,R3_low_info_connectivity,low-info/ocs-hard,1,1,1,YES
yaw0550_pitchp0625_roll+030,55.0,62.5,30.0,0.02227006,P3,R3_low_info_connectivity,low-info/ocs-hard,1,1,1,YES
yaw0550_pitchp0650_roll+030,55.0,65.0,30.0,0.02241755,P3,R3_low_info_connectivity,low-info/ocs-hard,1,1,1,YES
yaw0550_pitchp0675_roll+030,55.0,67.5,30.0,0.02244478,P3,R3_low_info_connectivity,low-info/ocs-hard,1,1,1,YES
yaw0550_pitchp0700_roll+030,55.0,70.0,30.0,0.02241718,P3,R3_low_info_connectivity,low-info/ocs-hard,1,1,1,YES
yaw0575_pitchp0600_roll+030,57.5,60.0,30.0,0.02302063,P3,R3_low_info_connectivity,low-info/ocs-hard,1,1,1,YES
yaw0575_pitchp0625_roll+030,57.5,62.5,30.0,0.02304697,P3,R3_low_info_connectivity,low-info/ocs-hard,1,1,1,YES
yaw0575_pitchp0650_roll+030,57.5,65.0,30.0,0.02311637,P3,R3_low_info_connectivity,low-info/ocs-hard,1,1,1,YES
yaw0575_pitchp0675_roll+030,57.5,67.5,30.0,0.02345464,P3,R3_low_info_connectivity,low-info/ocs-hard,1,1,1,YES
yaw0575_pitchp0700_roll+030,57.5,70.0,30.0,0.02330805,P3,R3_low_info_connectivity,low-info/ocs-hard,1,1,1,YES
yaw0600_pitchp0600_roll+030,60.0,60.0,30.0,0.02353338,P3,R3_low_info_connectivity,low-info/ocs-hard,1,1,1,YES
yaw0600_pitchp0625_roll+030,60.0,62.5,30.0,0.02367310,P3,R3_low_info_connectivity,low-info/ocs-hard,1,1,1,YES
yaw0600_pitchp0650_roll+030,60.0,65.0,30.0,0.02373804,P3,R3_low_info_connectivity,low-info/ocs-hard,1,1,1,YES
yaw0600_pitchp0675_roll+030,60.0,67.5,30.0,0.02339905,P3,R3_low_info_connectivity,low-info/ocs-hard,1,1,1,YES
yaw0600_pitchp0700_roll+030,60.0,70.0,30.0,0.02347094,P3,R3_low_info_connectivity,low-info/ocs-hard,1,1,1,YES
yaw0625_pitchp0600_roll+030,62.5,60.0,30.0,0.02356323,P3,R3_low_info_connectivity,low-info/ocs-hard,1,1,1,YES
yaw0625_pitchp0625_roll+030,62.5,62.5,30.0,0.02364114,P3,R3_low_info_connectivity,low-info/ocs-hard,1,1,1,YES
yaw0625_pitchp0650_roll+030,62.5,65.0,30.0,0.02415293,P3,R3_low_info_connectivity,low-info/ocs-hard,1,1,1,YES
yaw0625_pitchp0675_roll+030,62.5,67.5,30.0,0.02374191,P3,R3_low_info_connectivity,low-info/ocs-hard,1,1,1,YES
yaw0625_pitchp0700_roll+030,62.5,70.0,30.0,0.02483771,P3,R3_low_info_connectivity,low-info/ocs-hard,1,1,1,YES
yaw0650_pitchp0600_roll+030,65.0,60.0,30.0,0.02453397,P3,R3_low_info_connectivity,low-info/ocs-hard,1,1,1,YES
yaw0650_pitchp0625_roll+030,65.0,62.5,30.0,0.02504280,P3,R3_low_info_connectivity,low-info/ocs-hard,1,1,1,YES
yaw0650_pitchp0650_roll+030,65.0,65.0,30.0,0.02525883,P3,R3_low_info_connectivity,low-info/ocs-hard,1,1,1,YES
yaw0650_pitchp0675_roll+030,65.0,67.5,30.0,0.02508702,P3,R3_low_info_connectivity,low-info/ocs-hard,1,1,1,YES
yaw0650_pitchp0700_roll+030,65.0,70.0,30.0,0.02600912,P3,R3_low_info_connectivity,low-info/ocs-hard,1,1,1,YES
yaw1450_pitchp0100_roll+030,145.0,10.0,30.0,0.16971102,P3,R4_bright_info_boundary,bright/robust-easy + info-boundary,1,1,1,YES
yaw1450_pitchp0125_roll+030,145.0,12.5,30.0,0.18172207,P3,R4_bright_info_boundary,bright/robust-easy + info-boundary,1,1,1,YES
yaw1450_pitchp0150_roll+030,145.0,15.0,30.0,0.17309879,P3,R4_bright_info_boundary,bright/robust-easy + info-boundary,1,1,1,YES
yaw1450_pitchp0175_roll+030,145.0,17.5,30.0,0.14248179,P3,R4_bright_info_boundary,bright/robust-easy + info-boundary,1,1,1,YES
yaw1450_pitchp0200_roll+030,145.0,20.0,30.0,0.10388318,P3,R4_bright_info_boundary,bright/robust-easy + info-boundary,1,1,1,YES
yaw1450_pitchp0225_roll+030,145.0,22.5,30.0,0.06979094,P3,R4_bright_info_boundary,bright/robust-easy + info-boundary,1,1,1,YES
yaw1450_pitchp0250_roll+030,145.0,25.0,30.0,0.04545720,P3,R4_bright_info_boundary,bright/robust-easy + info-boundary,1,1,1,YES
yaw1475_pitchp0100_roll+030,147.5,10.0,30.0,0.18127701,P3,R4_bright_info_boundary,bright/robust-easy + info-boundary,1,1,1,YES
yaw1475_pitchp0125_roll+030,147.5,12.5,30.0,0.19414049,P3,R4_bright_info_boundary,bright/robust-easy + info-boundary,1,1,1,YES
yaw1475_pitchp0150_roll+030,147.5,15.0,30.0,0.18414953,P3,R4_bright_info_boundary,bright/robust-easy + info-boundary,1,1,1,YES
yaw1475_pitchp0175_roll+030,147.5,17.5,30.0,0.15076643,P3,R4_bright_info_boundary,bright/robust-easy + info-boundary,1,1,1,YES
yaw1475_pitchp0200_roll+030,147.5,20.0,30.0,0.11059057,P3,R4_bright_info_boundary,bright/robust-easy + info-boundary,1,1,1,YES
yaw1475_pitchp0225_roll+030,147.5,22.5,30.0,0.07279155,P3,R4_bright_info_boundary,bright/robust-easy + info-boundary,1,1,1,YES
yaw1475_pitchp0250_roll+030,147.5,25.0,30.0,0.04734728,P3,R4_bright_info_boundary,bright/robust-easy + info-boundary,1,1,1,YES
yaw1500_pitchp0100_roll+030,150.0,10.0,30.0,0.16947357,P3,R4_bright_info_boundary,bright/robust-easy + info-boundary,1,1,1,YES
yaw1500_pitchp0125_roll+030,150.0,12.5,30.0,0.18169846,P3,R4_bright_info_boundary,bright/robust-easy + info-boundary,1,1,1,YES
yaw1500_pitchp0150_roll+030,150.0,15.0,30.0,0.17205939,P3,R4_bright_info_boundary,bright/robust-easy + info-boundary,1,1,1,YES
yaw1500_pitchp0175_roll+030,150.0,17.5,30.0,0.14267774,P3,R4_bright_info_boundary,bright/robust-easy + info-boundary,1,1,1,YES
yaw1500_pitchp0200_roll+030,150.0,20.0,30.0,0.10380709,P3,R4_bright_info_boundary,bright/robust-easy + info-boundary,1,1,1,YES
yaw1500_pitchp0225_roll+030,150.0,22.5,30.0,0.06966774,P3,R4_bright_info_boundary,bright/robust-easy + info-boundary,1,1,1,YES
yaw1500_pitchp0250_roll+030,150.0,25.0,30.0,0.04515928,P3,R4_bright_info_boundary,bright/robust-easy + info-boundary,1,1,1,YES
yaw1525_pitchp0100_roll+030,152.5,10.0,30.0,0.14050163,P3,R4_bright_info_boundary,bright/robust-easy + info-boundary,1,1,1,YES
yaw1525_pitchp0125_roll+030,152.5,12.5,30.0,0.15109871,P3,R4_bright_info_boundary,bright/robust-easy + info-boundary,1,1,1,YES
yaw1525_pitchp0150_roll+030,152.5,15.0,30.0,0.14215600,P3,R4_bright_info_boundary,bright/robust-easy + info-boundary,1,1,1,YES
yaw1525_pitchp0175_roll+030,152.5,17.5,30.0,0.11832260,P3,R4_bright_info_boundary,bright/robust-easy + info-boundary,1,1,1,YES
yaw1525_pitchp0200_roll+030,152.5,20.0,30.0,0.08821058,P3,R4_bright_info_boundary,bright/robust-easy + info-boundary,1,1,1,YES
yaw1525_pitchp0225_roll+030,152.5,22.5,30.0,0.05960695,P3,R4_bright_info_boundary,bright/robust-easy + info-boundary,1,1,1,YES
yaw1525_pitchp0250_roll+030,152.5,25.0,30.0,0.04014836,P3,R4_bright_info_boundary,bright/robust-easy + info-boundary,1,1,1,YES
yaw1550_pitchp0100_roll+030,155.0,10.0,30.0,0.10372678,P3,R4_bright_info_boundary,bright/robust-easy + info-boundary,1,1,1,YES
yaw1550_pitchp0125_roll+030,155.0,12.5,30.0,0.11095758,P3,R4_bright_info_boundary,bright/robust-easy + info-boundary,1,1,1,YES
yaw1550_pitchp0150_roll+030,155.0,15.0,30.0,0.10508709,P3,R4_bright_info_boundary,bright/robust-easy + info-boundary,1,1,1,YES
yaw1550_pitchp0175_roll+030,155.0,17.5,30.0,0.08862825,P3,R4_bright_info_boundary,bright/robust-easy + info-boundary,1,1,1,YES
yaw1550_pitchp0200_roll+030,155.0,20.0,30.0,0.06777050,P3,R4_bright_info_boundary,bright/robust-easy + info-boundary,1,1,1,YES
yaw1550_pitchp0225_roll+030,155.0,22.5,30.0,0.04846672,P3,R4_bright_info_boundary,bright/robust-easy + info-boundary,1,1,1,YES
yaw1550_pitchp0250_roll+030,155.0,25.0,30.0,0.03416494,P3,R4_bright_info_boundary,bright/robust-easy + info-boundary,1,1,1,YES
yaw1575_pitchp0100_roll+030,157.5,10.0,30.0,0.06938376,P3,R4_bright_info_boundary,bright/robust-easy + info-boundary,1,1,1,YES
yaw1575_pitchp0125_roll+030,157.5,12.5,30.0,0.07411627,P3,R4_bright_info_boundary,bright/robust-easy + info-boundary,1,1,1,YES
yaw1575_pitchp0150_roll+030,157.5,15.0,30.0,0.07104751,P3,R4_bright_info_boundary,bright/robust-easy + info-boundary,1,1,1,YES
yaw1575_pitchp0175_roll+030,157.5,17.5,30.0,0.06170531,P3,R4_bright_info_boundary,bright/robust-easy + info-boundary,1,1,1,YES
yaw1575_pitchp0200_roll+030,157.5,20.0,30.0,0.04861887,P3,R4_bright_info_boundary,bright/robust-easy + info-boundary,1,1,1,YES
yaw1575_pitchp0225_roll+030,157.5,22.5,30.0,0.03702044,P3,R4_bright_info_boundary,bright/robust-easy + info-boundary,1,1,1,YES
yaw1575_pitchp0250_roll+030,157.5,25.0,30.0,0.02814576,P3,R4_bright_info_boundary,bright/robust-easy + info-boundary,1,1,1,YES
yaw1600_pitchp0100_roll+030,160.0,10.0,30.0,0.04624795,P3,R4_bright_info_boundary,bright/robust-easy + info-boundary,1,1,1,YES
yaw1600_pitchp0125_roll+030,160.0,12.5,30.0,0.04833673,P3,R4_bright_info_boundary,bright/robust-easy + info-boundary,1,1,1,YES
yaw1600_pitchp0150_roll+030,160.0,15.0,30.0,0.04617631,P3,R4_bright_info_boundary,bright/robust-easy + info-boundary,1,1,1,YES
yaw1600_pitchp0175_roll+030,160.0,17.5,30.0,0.04137075,P3,R4_bright_info_boundary,bright/robust-easy + info-boundary,1,1,1,YES
yaw1600_pitchp0200_roll+030,160.0,20.0,30.0,0.03465911,P3,R4_bright_info_boundary,bright/robust-easy + info-boundary,1,1,1,YES
yaw1600_pitchp0225_roll+030,160.0,22.5,30.0,0.02854892,P3,R4_bright_info_boundary,bright/robust-easy + info-boundary,1,1,1,YES
yaw1600_pitchp0250_roll+030,160.0,25.0,30.0,0.02392281,P3,R4_bright_info_boundary,bright/robust-easy + info-boundary,1,1,1,YES
yaw2050_pitchm0050_roll+030,205.0,-5.0,30.0,0.01909425,P3,R5_control,neutral-control,1,1,1,YES
yaw2050_pitchm0100_roll+030,205.0,-10.0,30.0,0.02045548,P3,R5_control,neutral-control,1,1,1,YES
yaw2100_pitchm0050_roll+030,210.0,-5.0,30.0,0.02076911,P3,R5_control,neutral-control,1,1,1,YES
yaw2100_pitchm0100_roll+030,210.0,-10.0,30.0,0.02227096,P3,R5_control,neutral-control,1,1,1,YES
yaw2400_pitchp0300_roll+030,240.0,30.0,30.0,0.03265351,P3,R1_high_info,high-info,1,1,1,YES
yaw2400_pitchp0325_roll+030,240.0,32.5,30.0,0.03237972,P3,R1_high_info,high-info,1,1,1,YES
yaw2400_pitchp0350_roll+030,240.0,35.0,30.0,0.03188807,P3,R1_high_info,high-info,1,1,1,YES
yaw2400_pitchp0375_roll+030,240.0,37.5,30.0,0.03092154,P3,R1_high_info,high-info,1,1,1,YES
yaw2400_pitchp0400_roll+030,240.0,40.0,30.0,0.03042901,P3,R1_high_info,high-info,1,1,1,YES
yaw2425_pitchp0300_roll+030,242.5,30.0,30.0,0.03662708,P3,R1_high_info,high-info,1,1,1,YES
yaw2425_pitchp0325_roll+030,242.5,32.5,30.0,0.03602951,P3,R1_high_info,high-info,1,1,1,YES
yaw2425_pitchp0350_roll+030,242.5,35.0,30.0,0.03515558,P3,R1_high_info,high-info,1,1,1,YES
yaw2425_pitchp0375_roll+030,242.5,37.5,30.0,0.03419544,P3,R1_high_info,high-info,1,1,1,YES
yaw2425_pitchp0400_roll+030,242.5,40.0,30.0,0.03360842,P3,R1_high_info,high-info,1,1,1,YES
yaw2450_pitchp0300_roll+030,245.0,30.0,30.0,0.04084572,P3,R1_high_info,high-info,1,1,1,YES
yaw2450_pitchp0325_roll+030,245.0,32.5,30.0,0.04078239,P3,R1_high_info,high-info,1,1,1,YES
yaw2450_pitchp0350_roll+030,245.0,35.0,30.0,0.04073119,P3,R1_high_info,high-info,1,1,1,YES
yaw2450_pitchp0375_roll+030,245.0,37.5,30.0,0.04048250,P3,R1_high_info,high-info,1,1,1,YES
yaw2450_pitchp0400_roll+030,245.0,40.0,30.0,0.03895386,P3,R1_high_info,high-info,1,1,1,YES
yaw2475_pitchp0300_roll+030,247.5,30.0,30.0,0.04623972,P3,R1_high_info,high-info,1,1,1,YES
yaw2475_pitchp0325_roll+030,247.5,32.5,30.0,0.04705830,P3,R1_high_info,high-info,1,1,1,YES
yaw2475_pitchp0350_roll+030,247.5,35.0,30.0,0.04782060,P3,R1_high_info,high-info,1,1,1,YES
yaw2475_pitchp0375_roll+030,247.5,37.5,30.0,0.04728792,P3,R1_high_info,high-info,1,1,1,YES
yaw2475_pitchp0400_roll+030,247.5,40.0,30.0,0.04732936,P3,R1_high_info,high-info,1,1,1,YES
yaw2500_pitchp0300_roll+030,250.0,30.0,30.0,0.05111372,P3,R1_high_info,high-info,1,1,1,YES
yaw2500_pitchp0325_roll+030,250.0,32.5,30.0,0.05385597,P3,R1_high_info,high-info,1,1,1,YES
yaw2500_pitchp0350_roll+030,250.0,35.0,30.0,0.05550749,P3,R1_high_info,high-info,1,1,1,YES
yaw2500_pitchp0375_roll+030,250.0,37.5,30.0,0.05738349,P3,R1_high_info,high-info,1,1,1,YES
yaw2500_pitchp0400_roll+030,250.0,40.0,30.0,0.05864260,P3,R1_high_info,high-info,1,1,1,YES
yaw2800_pitchm0800_roll+030,280.0,-80.0,30.0,0.01943905,P3,R2_control,dark/roll-sensitive-control,1,1,1,YES
yaw2800_pitchm0850_roll+030,280.0,-85.0,30.0,0.02124822,P3,R2_control,dark/roll-sensitive-control,1,1,1,YES
yaw2850_pitchm0800_roll+030,285.0,-80.0,30.0,0.02253943,P3,R2_control,dark/roll-sensitive-control,1,1,1,YES
yaw2850_pitchm0850_roll+030,285.0,-85.0,30.0,0.02567254,P3,R2_control,dark/roll-sensitive-control,1,1,1,YES
yaw0550_pitchp0600_roll+045,55.0,60.0,45.0,0.01530851,P3,R3_low_info_connectivity,low-info/ocs-hard,1,1,1,YES
yaw0550_pitchp0625_roll+045,55.0,62.5,45.0,0.01511115,P3,R3_low_info_connectivity,low-info/ocs-hard,1,1,1,YES
yaw0550_pitchp0650_roll+045,55.0,65.0,45.0,0.01516737,P3,R3_low_info_connectivity,low-info/ocs-hard,1,1,1,YES
yaw0550_pitchp0675_roll+045,55.0,67.5,45.0,0.01531919,P3,R3_low_info_connectivity,low-info/ocs-hard,1,1,1,YES
yaw0550_pitchp0700_roll+045,55.0,70.0,45.0,0.01523288,P3,R3_low_info_connectivity,low-info/ocs-hard,1,1,1,YES
yaw0575_pitchp0600_roll+045,57.5,60.0,45.0,0.01628313,P3,R3_low_info_connectivity,low-info/ocs-hard,1,1,1,YES
yaw0575_pitchp0625_roll+045,57.5,62.5,45.0,0.01609443,P3,R3_low_info_connectivity,low-info/ocs-hard,1,1,1,YES
yaw0575_pitchp0650_roll+045,57.5,65.0,45.0,0.01620459,P3,R3_low_info_connectivity,low-info/ocs-hard,1,1,1,YES
yaw0575_pitchp0675_roll+045,57.5,67.5,45.0,0.01635049,P3,R3_low_info_connectivity,low-info/ocs-hard,1,1,1,YES
yaw0575_pitchp0700_roll+045,57.5,70.0,45.0,0.01636616,P3,R3_low_info_connectivity,low-info/ocs-hard,1,1,1,YES
yaw0600_pitchp0600_roll+045,60.0,60.0,45.0,0.01701358,P3,R3_low_info_connectivity,low-info/ocs-hard,1,1,1,YES
yaw0600_pitchp0625_roll+045,60.0,62.5,45.0,0.01725776,P3,R3_low_info_connectivity,low-info/ocs-hard,1,1,1,YES
yaw0600_pitchp0650_roll+045,60.0,65.0,45.0,0.01732181,P3,R3_low_info_connectivity,low-info/ocs-hard,1,1,1,YES
yaw0600_pitchp0675_roll+045,60.0,67.5,45.0,0.01730898,P3,R3_low_info_connectivity,low-info/ocs-hard,1,1,1,YES
yaw0600_pitchp0700_roll+045,60.0,70.0,45.0,0.01737635,P3,R3_low_info_connectivity,low-info/ocs-hard,1,1,1,YES
yaw0625_pitchp0600_roll+045,62.5,60.0,45.0,0.01794519,P3,R3_low_info_connectivity,low-info/ocs-hard,1,1,1,YES
yaw0625_pitchp0625_roll+045,62.5,62.5,45.0,0.01813139,P3,R3_low_info_connectivity,low-info/ocs-hard,1,1,1,YES
yaw0625_pitchp0650_roll+045,62.5,65.0,45.0,0.01840097,P3,R3_low_info_connectivity,low-info/ocs-hard,1,1,1,YES
yaw0625_pitchp0675_roll+045,62.5,67.5,45.0,0.01852125,P3,R3_low_info_connectivity,low-info/ocs-hard,1,1,1,YES
yaw0625_pitchp0700_roll+045,62.5,70.0,45.0,0.01858647,P3,R3_low_info_connectivity,low-info/ocs-hard,1,1,1,YES
yaw0650_pitchp0600_roll+045,65.0,60.0,45.0,0.01901613,P3,R3_low_info_connectivity,low-info/ocs-hard,1,1,1,YES
yaw0650_pitchp0625_roll+045,65.0,62.5,45.0,0.01899920,P3,R3_low_info_connectivity,low-info/ocs-hard,1,1,1,YES
yaw0650_pitchp0650_roll+045,65.0,65.0,45.0,0.01922262,P3,R3_low_info_connectivity,low-info/ocs-hard,1,1,1,YES
yaw0650_pitchp0675_roll+045,65.0,67.5,45.0,0.01925121,P3,R3_low_info_connectivity,low-info/ocs-hard,1,1,1,YES
yaw0650_pitchp0700_roll+045,65.0,70.0,45.0,0.01985491,P3,R3_low_info_connectivity,low-info/ocs-hard,1,1,1,YES
yaw1450_pitchp0100_roll+045,145.0,10.0,45.0,0.16673845,P3,R4_bright_info_boundary,bright/robust-easy + info-boundary,1,1,1,YES
yaw1450_pitchp0125_roll+045,145.0,12.5,45.0,0.18008488,P3,R4_bright_info_boundary,bright/robust-easy + info-boundary,1,1,1,YES
yaw1450_pitchp0150_roll+045,145.0,15.0,45.0,0.17018010,P3,R4_bright_info_boundary,bright/robust-easy + info-boundary,1,1,1,YES
yaw1450_pitchp0175_roll+045,145.0,17.5,45.0,0.14051393,P3,R4_bright_info_boundary,bright/robust-easy + info-boundary,1,1,1,YES
yaw1450_pitchp0200_roll+045,145.0,20.0,45.0,0.10348269,P3,R4_bright_info_boundary,bright/robust-easy + info-boundary,1,1,1,YES
yaw1450_pitchp0225_roll+045,145.0,22.5,45.0,0.06957652,P3,R4_bright_info_boundary,bright/robust-easy + info-boundary,1,1,1,YES
yaw1450_pitchp0250_roll+045,145.0,25.0,45.0,0.04498378,P3,R4_bright_info_boundary,bright/robust-easy + info-boundary,1,1,1,YES
yaw1475_pitchp0100_roll+045,147.5,10.0,45.0,0.17867176,P3,R4_bright_info_boundary,bright/robust-easy + info-boundary,1,1,1,YES
yaw1475_pitchp0125_roll+045,147.5,12.5,45.0,0.19273490,P3,R4_bright_info_boundary,bright/robust-easy + info-boundary,1,1,1,YES
yaw1475_pitchp0150_roll+045,147.5,15.0,45.0,0.18190020,P3,R4_bright_info_boundary,bright/robust-easy + info-boundary,1,1,1,YES
yaw1475_pitchp0175_roll+045,147.5,17.5,45.0,0.14959155,P3,R4_bright_info_boundary,bright/robust-easy + info-boundary,1,1,1,YES
yaw1475_pitchp0200_roll+045,147.5,20.0,45.0,0.10938603,P3,R4_bright_info_boundary,bright/robust-easy + info-boundary,1,1,1,YES
yaw1475_pitchp0225_roll+045,147.5,22.5,45.0,0.07278492,P3,R4_bright_info_boundary,bright/robust-easy + info-boundary,1,1,1,YES
yaw1475_pitchp0250_roll+045,147.5,25.0,45.0,0.04668149,P3,R4_bright_info_boundary,bright/robust-easy + info-boundary,1,1,1,YES
yaw1500_pitchp0100_roll+045,150.0,10.0,45.0,0.16632038,P3,R4_bright_info_boundary,bright/robust-easy + info-boundary,1,1,1,YES
yaw1500_pitchp0125_roll+045,150.0,12.5,45.0,0.17760485,P3,R4_bright_info_boundary,bright/robust-easy + info-boundary,1,1,1,YES
yaw1500_pitchp0150_roll+045,150.0,15.0,45.0,0.17064424,P3,R4_bright_info_boundary,bright/robust-easy + info-boundary,1,1,1,YES
yaw1500_pitchp0175_roll+045,150.0,17.5,45.0,0.14016895,P3,R4_bright_info_boundary,bright/robust-easy + info-boundary,1,1,1,YES
yaw1500_pitchp0200_roll+045,150.0,20.0,45.0,0.10250684,P3,R4_bright_info_boundary,bright/robust-easy + info-boundary,1,1,1,YES
yaw1500_pitchp0225_roll+045,150.0,22.5,45.0,0.06917523,P3,R4_bright_info_boundary,bright/robust-easy + info-boundary,1,1,1,YES
yaw1500_pitchp0250_roll+045,150.0,25.0,45.0,0.04477690,P3,R4_bright_info_boundary,bright/robust-easy + info-boundary,1,1,1,YES
yaw1525_pitchp0100_roll+045,152.5,10.0,45.0,0.13723508,P3,R4_bright_info_boundary,bright/robust-easy + info-boundary,1,1,1,YES
yaw1525_pitchp0125_roll+045,152.5,12.5,45.0,0.14847569,P3,R4_bright_info_boundary,bright/robust-easy + info-boundary,1,1,1,YES
yaw1525_pitchp0150_roll+045,152.5,15.0,45.0,0.13979557,P3,R4_bright_info_boundary,bright/robust-easy + info-boundary,1,1,1,YES
yaw1525_pitchp0175_roll+045,152.5,17.5,45.0,0.11723556,P3,R4_bright_info_boundary,bright/robust-easy + info-boundary,1,1,1,YES
yaw1525_pitchp0200_roll+045,152.5,20.0,45.0,0.08717624,P3,R4_bright_info_boundary,bright/robust-easy + info-boundary,1,1,1,YES
yaw1525_pitchp0225_roll+045,152.5,22.5,45.0,0.05969696,P3,R4_bright_info_boundary,bright/robust-easy + info-boundary,1,1,1,YES
yaw1525_pitchp0250_roll+045,152.5,25.0,45.0,0.04018743,P3,R4_bright_info_boundary,bright/robust-easy + info-boundary,1,1,1,YES
yaw1550_pitchp0100_roll+045,155.0,10.0,45.0,0.10063270,P3,R4_bright_info_boundary,bright/robust-easy + info-boundary,1,1,1,YES
yaw1550_pitchp0125_roll+045,155.0,12.5,45.0,0.10904311,P3,R4_bright_info_boundary,bright/robust-easy + info-boundary,1,1,1,YES
yaw1550_pitchp0150_roll+045,155.0,15.0,45.0,0.10342835,P3,R4_bright_info_boundary,bright/robust-easy + info-boundary,1,1,1,YES
yaw1550_pitchp0175_roll+045,155.0,17.5,45.0,0.08755297,P3,R4_bright_info_boundary,bright/robust-easy + info-boundary,1,1,1,YES
yaw1550_pitchp0200_roll+045,155.0,20.0,45.0,0.06702209,P3,R4_bright_info_boundary,bright/robust-easy + info-boundary,1,1,1,YES
yaw1550_pitchp0225_roll+045,155.0,22.5,45.0,0.04809738,P3,R4_bright_info_boundary,bright/robust-easy + info-boundary,1,1,1,YES
yaw1550_pitchp0250_roll+045,155.0,25.0,45.0,0.03432034,P3,R4_bright_info_boundary,bright/robust-easy + info-boundary,1,1,1,YES
yaw1575_pitchp0100_roll+045,157.5,10.0,45.0,0.06826923,P3,R4_bright_info_boundary,bright/robust-easy + info-boundary,1,1,1,YES
yaw1575_pitchp0125_roll+045,157.5,12.5,45.0,0.07250250,P3,R4_bright_info_boundary,bright/robust-easy + info-boundary,1,1,1,YES
yaw1575_pitchp0150_roll+045,157.5,15.0,45.0,0.07055670,P3,R4_bright_info_boundary,bright/robust-easy + info-boundary,1,1,1,YES
yaw1575_pitchp0175_roll+045,157.5,17.5,45.0,0.06079766,P3,R4_bright_info_boundary,bright/robust-easy + info-boundary,1,1,1,YES
yaw1575_pitchp0200_roll+045,157.5,20.0,45.0,0.04798077,P3,R4_bright_info_boundary,bright/robust-easy + info-boundary,1,1,1,YES
yaw1575_pitchp0225_roll+045,157.5,22.5,45.0,0.03695343,P3,R4_bright_info_boundary,bright/robust-easy + info-boundary,1,1,1,YES
yaw1575_pitchp0250_roll+045,157.5,25.0,45.0,0.02829203,P3,R4_bright_info_boundary,bright/robust-easy + info-boundary,1,1,1,YES
yaw1600_pitchp0100_roll+045,160.0,10.0,45.0,0.04426420,P3,R4_bright_info_boundary,bright/robust-easy + info-boundary,1,1,1,YES
yaw1600_pitchp0125_roll+045,160.0,12.5,45.0,0.04667773,P3,R4_bright_info_boundary,bright/robust-easy + info-boundary,1,1,1,YES
yaw1600_pitchp0150_roll+045,160.0,15.0,45.0,0.04551987,P3,R4_bright_info_boundary,bright/robust-easy + info-boundary,1,1,1,YES
yaw1600_pitchp0175_roll+045,160.0,17.5,45.0,0.04085690,P3,R4_bright_info_boundary,bright/robust-easy + info-boundary,1,1,1,YES
yaw1600_pitchp0200_roll+045,160.0,20.0,45.0,0.03479224,P3,R4_bright_info_boundary,bright/robust-easy + info-boundary,1,1,1,YES
yaw1600_pitchp0225_roll+045,160.0,22.5,45.0,0.02844791,P3,R4_bright_info_boundary,bright/robust-easy + info-boundary,1,1,1,YES
yaw1600_pitchp0250_roll+045,160.0,25.0,45.0,0.02383018,P3,R4_bright_info_boundary,bright/robust-easy + info-boundary,1,1,1,YES
yaw2050_pitchm0050_roll+045,205.0,-5.0,45.0,0.01504519,P3,R5_control,neutral-control,1,1,1,YES
yaw2050_pitchm0100_roll+045,205.0,-10.0,45.0,0.01564842,P3,R5_control,neutral-control,1,1,1,YES
yaw2100_pitchm0050_roll+045,210.0,-5.0,45.0,0.01661810,P3,R5_control,neutral-control,1,1,1,YES
yaw2100_pitchm0100_roll+045,210.0,-10.0,45.0,0.01727146,P3,R5_control,neutral-control,1,1,1,YES
yaw2400_pitchp0300_roll+045,240.0,30.0,45.0,0.02399561,P3,R1_high_info,high-info,1,1,1,YES
yaw2400_pitchp0325_roll+045,240.0,32.5,45.0,0.02386366,P3,R1_high_info,high-info,1,1,1,YES
yaw2400_pitchp0350_roll+045,240.0,35.0,45.0,0.02398434,P3,R1_high_info,high-info,1,1,1,YES
yaw2400_pitchp0375_roll+045,240.0,37.5,45.0,0.02350851,P3,R1_high_info,high-info,1,1,1,YES
yaw2400_pitchp0400_roll+045,240.0,40.0,45.0,0.02329412,P3,R1_high_info,high-info,1,1,1,YES
yaw2425_pitchp0300_roll+045,242.5,30.0,45.0,0.02476372,P3,R1_high_info,high-info,1,1,1,YES
yaw2425_pitchp0325_roll+045,242.5,32.5,45.0,0.02454295,P3,R1_high_info,high-info,1,1,1,YES
yaw2425_pitchp0350_roll+045,242.5,35.0,45.0,0.02444020,P3,R1_high_info,high-info,1,1,1,YES
yaw2425_pitchp0375_roll+045,242.5,37.5,45.0,0.02440728,P3,R1_high_info,high-info,1,1,1,YES
yaw2425_pitchp0400_roll+045,242.5,40.0,45.0,0.02410611,P3,R1_high_info,high-info,1,1,1,YES
yaw2450_pitchp0300_roll+045,245.0,30.0,45.0,0.02559017,P3,R1_high_info,high-info,1,1,1,YES
yaw2450_pitchp0325_roll+045,245.0,32.5,45.0,0.02535419,P3,R1_high_info,high-info,1,1,1,YES
yaw2450_pitchp0350_roll+045,245.0,35.0,45.0,0.02526614,P3,R1_high_info,high-info,1,1,1,YES
yaw2450_pitchp0375_roll+045,245.0,37.5,45.0,0.02520681,P3,R1_high_info,high-info,1,1,1,YES
yaw2450_pitchp0400_roll+045,245.0,40.0,45.0,0.02502135,P3,R1_high_info,high-info,1,1,1,YES
yaw2475_pitchp0300_roll+045,247.5,30.0,45.0,0.02615716,P3,R1_high_info,high-info,1,1,1,YES
yaw2475_pitchp0325_roll+045,247.5,32.5,45.0,0.02608962,P3,R1_high_info,high-info,1,1,1,YES
yaw2475_pitchp0350_roll+045,247.5,35.0,45.0,0.02579251,P3,R1_high_info,high-info,1,1,1,YES
yaw2475_pitchp0375_roll+045,247.5,37.5,45.0,0.02586756,P3,R1_high_info,high-info,1,1,1,YES
yaw2475_pitchp0400_roll+045,247.5,40.0,45.0,0.02587806,P3,R1_high_info,high-info,1,1,1,YES
yaw2500_pitchp0300_roll+045,250.0,30.0,45.0,0.02633159,P3,R1_high_info,high-info,1,1,1,YES
yaw2500_pitchp0325_roll+045,250.0,32.5,45.0,0.02644326,P3,R1_high_info,high-info,1,1,1,YES
yaw2500_pitchp0350_roll+045,250.0,35.0,45.0,0.02640755,P3,R1_high_info,high-info,1,1,1,YES
yaw2500_pitchp0375_roll+045,250.0,37.5,45.0,0.02669391,P3,R1_high_info,high-info,1,1,1,YES
yaw2500_pitchp0400_roll+045,250.0,40.0,45.0,0.02688444,P3,R1_high_info,high-info,1,1,1,YES
yaw2800_pitchm0800_roll+045,280.0,-80.0,45.0,0.03037510,P3,R2_control,dark/roll-sensitive-control,1,1,1,YES
yaw2800_pitchm0850_roll+045,280.0,-85.0,45.0,0.03566181,P3,R2_control,dark/roll-sensitive-control,1,1,1,YES
yaw2850_pitchm0800_roll+045,285.0,-80.0,45.0,0.03157381,P3,R2_control,dark/roll-sensitive-control,1,1,1,YES
yaw2850_pitchm0850_roll+045,285.0,-85.0,45.0,0.03591157,P3,R2_control,dark/roll-sensitive-control,1,1,1,YES
yaw0550_pitchp0600_roll+060,55.0,60.0,60.0,0.01464699,P3,R3_low_info_connectivity,low-info/ocs-hard,1,1,1,YES
yaw0550_pitchp0625_roll+060,55.0,62.5,60.0,0.01451869,P3,R3_low_info_connectivity,low-info/ocs-hard,1,1,1,YES
yaw0550_pitchp0650_roll+060,55.0,65.0,60.0,0.01451649,P3,R3_low_info_connectivity,low-info/ocs-hard,1,1,1,YES
yaw0550_pitchp0675_roll+060,55.0,67.5,60.0,0.01459895,P3,R3_low_info_connectivity,low-info/ocs-hard,1,1,1,YES
yaw0550_pitchp0700_roll+060,55.0,70.0,60.0,0.01470992,P3,R3_low_info_connectivity,low-info/ocs-hard,1,1,1,YES
yaw0575_pitchp0600_roll+060,57.5,60.0,60.0,0.01364188,P3,R3_low_info_connectivity,low-info/ocs-hard,1,1,1,YES
yaw0575_pitchp0625_roll+060,57.5,62.5,60.0,0.01406328,P3,R3_low_info_connectivity,low-info/ocs-hard,1,1,1,YES
yaw0575_pitchp0650_roll+060,57.5,65.0,60.0,0.01384343,P3,R3_low_info_connectivity,low-info/ocs-hard,1,1,1,YES
yaw0575_pitchp0675_roll+060,57.5,67.5,60.0,0.01403729,P3,R3_low_info_connectivity,low-info/ocs-hard,1,1,1,YES
yaw0575_pitchp0700_roll+060,57.5,70.0,60.0,0.01404909,P3,R3_low_info_connectivity,low-info/ocs-hard,1,1,1,YES
yaw0600_pitchp0600_roll+060,60.0,60.0,60.0,0.01348280,P3,R3_low_info_connectivity,low-info/ocs-hard,1,1,1,YES
yaw0600_pitchp0625_roll+060,60.0,62.5,60.0,0.01351450,P3,R3_low_info_connectivity,low-info/ocs-hard,1,1,1,YES
yaw0600_pitchp0650_roll+060,60.0,65.0,60.0,0.01340435,P3,R3_low_info_connectivity,low-info/ocs-hard,1,1,1,YES
yaw0600_pitchp0675_roll+060,60.0,67.5,60.0,0.01336040,P3,R3_low_info_connectivity,low-info/ocs-hard,1,1,1,YES
yaw0600_pitchp0700_roll+060,60.0,70.0,60.0,0.01345386,P3,R3_low_info_connectivity,low-info/ocs-hard,1,1,1,YES
yaw0625_pitchp0600_roll+060,62.5,60.0,60.0,0.01265639,P3,R3_low_info_connectivity,low-info/ocs-hard,1,1,1,YES
yaw0625_pitchp0625_roll+060,62.5,62.5,60.0,0.01253981,P3,R3_low_info_connectivity,low-info/ocs-hard,1,1,1,YES
yaw0625_pitchp0650_roll+060,62.5,65.0,60.0,0.01285514,P3,R3_low_info_connectivity,low-info/ocs-hard,1,1,1,YES
yaw0625_pitchp0675_roll+060,62.5,67.5,60.0,0.01298011,P3,R3_low_info_connectivity,low-info/ocs-hard,1,1,1,YES
yaw0625_pitchp0700_roll+060,62.5,70.0,60.0,0.01332111,P3,R3_low_info_connectivity,low-info/ocs-hard,1,1,1,YES
yaw0650_pitchp0600_roll+060,65.0,60.0,60.0,0.01277507,P3,R3_low_info_connectivity,low-info/ocs-hard,1,1,1,YES
yaw0650_pitchp0625_roll+060,65.0,62.5,60.0,0.01277641,P3,R3_low_info_connectivity,low-info/ocs-hard,1,1,1,YES
yaw0650_pitchp0650_roll+060,65.0,65.0,60.0,0.01290112,P3,R3_low_info_connectivity,low-info/ocs-hard,1,1,1,YES
yaw0650_pitchp0675_roll+060,65.0,67.5,60.0,0.01307901,P3,R3_low_info_connectivity,low-info/ocs-hard,1,1,1,YES
yaw0650_pitchp0700_roll+060,65.0,70.0,60.0,0.01311526,P3,R3_low_info_connectivity,low-info/ocs-hard,1,1,1,YES
yaw1450_pitchp0100_roll+060,145.0,10.0,60.0,0.16560684,P3,R4_bright_info_boundary,bright/robust-easy + info-boundary,1,1,1,YES
yaw1450_pitchp0125_roll+060,145.0,12.5,60.0,0.17848432,P3,R4_bright_info_boundary,bright/robust-easy + info-boundary,1,1,1,YES
yaw1450_pitchp0150_roll+060,145.0,15.0,60.0,0.16974102,P3,R4_bright_info_boundary,bright/robust-easy + info-boundary,1,1,1,YES
yaw1450_pitchp0175_roll+060,145.0,17.5,60.0,0.14052463,P3,R4_bright_info_boundary,bright/robust-easy + info-boundary,1,1,1,YES
yaw1450_pitchp0200_roll+060,145.0,20.0,60.0,0.10341629,P3,R4_bright_info_boundary,bright/robust-easy + info-boundary,1,1,1,YES
yaw1450_pitchp0225_roll+060,145.0,22.5,60.0,0.06984142,P3,R4_bright_info_boundary,bright/robust-easy + info-boundary,1,1,1,YES
yaw1450_pitchp0250_roll+060,145.0,25.0,60.0,0.04523710,P3,R4_bright_info_boundary,bright/robust-easy + info-boundary,1,1,1,YES
yaw1475_pitchp0100_roll+060,147.5,10.0,60.0,0.17624950,P3,R4_bright_info_boundary,bright/robust-easy + info-boundary,1,1,1,YES
yaw1475_pitchp0125_roll+060,147.5,12.5,60.0,0.19139913,P3,R4_bright_info_boundary,bright/robust-easy + info-boundary,1,1,1,YES
yaw1475_pitchp0150_roll+060,147.5,15.0,60.0,0.18054788,P3,R4_bright_info_boundary,bright/robust-easy + info-boundary,1,1,1,YES
yaw1475_pitchp0175_roll+060,147.5,17.5,60.0,0.14859153,P3,R4_bright_info_boundary,bright/robust-easy + info-boundary,1,1,1,YES
yaw1475_pitchp0200_roll+060,147.5,20.0,60.0,0.10877916,P3,R4_bright_info_boundary,bright/robust-easy + info-boundary,1,1,1,YES
yaw1475_pitchp0225_roll+060,147.5,22.5,60.0,0.07299349,P3,R4_bright_info_boundary,bright/robust-easy + info-boundary,1,1,1,YES
yaw1475_pitchp0250_roll+060,147.5,25.0,60.0,0.04638191,P3,R4_bright_info_boundary,bright/robust-easy + info-boundary,1,1,1,YES
yaw1500_pitchp0100_roll+060,150.0,10.0,60.0,0.16404848,P3,R4_bright_info_boundary,bright/robust-easy + info-boundary,1,1,1,YES
yaw1500_pitchp0125_roll+060,150.0,12.5,60.0,0.17822966,P3,R4_bright_info_boundary,bright/robust-easy + info-boundary,1,1,1,YES
yaw1500_pitchp0150_roll+060,150.0,15.0,60.0,0.16970246,P3,R4_bright_info_boundary,bright/robust-easy + info-boundary,1,1,1,YES
yaw1500_pitchp0175_roll+060,150.0,17.5,60.0,0.13981941,P3,R4_bright_info_boundary,bright/robust-easy + info-boundary,1,1,1,YES
yaw1500_pitchp0200_roll+060,150.0,20.0,60.0,0.10222950,P3,R4_bright_info_boundary,bright/robust-easy + info-boundary,1,1,1,YES
yaw1500_pitchp0225_roll+060,150.0,22.5,60.0,0.06905928,P3,R4_bright_info_boundary,bright/robust-easy + info-boundary,1,1,1,YES
yaw1500_pitchp0250_roll+060,150.0,25.0,60.0,0.04439646,P3,R4_bright_info_boundary,bright/robust-easy + info-boundary,1,1,1,YES
yaw1525_pitchp0100_roll+060,152.5,10.0,60.0,0.13570963,P3,R4_bright_info_boundary,bright/robust-easy + info-boundary,1,1,1,YES
yaw1525_pitchp0125_roll+060,152.5,12.5,60.0,0.14666338,P3,R4_bright_info_boundary,bright/robust-easy + info-boundary,1,1,1,YES
yaw1525_pitchp0150_roll+060,152.5,15.0,60.0,0.13977119,P3,R4_bright_info_boundary,bright/robust-easy + info-boundary,1,1,1,YES
yaw1525_pitchp0175_roll+060,152.5,17.5,60.0,0.11581644,P3,R4_bright_info_boundary,bright/robust-easy + info-boundary,1,1,1,YES
yaw1525_pitchp0200_roll+060,152.5,20.0,60.0,0.08691399,P3,R4_bright_info_boundary,bright/robust-easy + info-boundary,1,1,1,YES
yaw1525_pitchp0225_roll+060,152.5,22.5,60.0,0.05915561,P3,R4_bright_info_boundary,bright/robust-easy + info-boundary,1,1,1,YES
yaw1525_pitchp0250_roll+060,152.5,25.0,60.0,0.03951801,P3,R4_bright_info_boundary,bright/robust-easy + info-boundary,1,1,1,YES
yaw1550_pitchp0100_roll+060,155.0,10.0,60.0,0.09991800,P3,R4_bright_info_boundary,bright/robust-easy + info-boundary,1,1,1,YES
yaw1550_pitchp0125_roll+060,155.0,12.5,60.0,0.10778973,P3,R4_bright_info_boundary,bright/robust-easy + info-boundary,1,1,1,YES
yaw1550_pitchp0150_roll+060,155.0,15.0,60.0,0.10301422,P3,R4_bright_info_boundary,bright/robust-easy + info-boundary,1,1,1,YES
yaw1550_pitchp0175_roll+060,155.0,17.5,60.0,0.08680794,P3,R4_bright_info_boundary,bright/robust-easy + info-boundary,1,1,1,YES
yaw1550_pitchp0200_roll+060,155.0,20.0,60.0,0.06618018,P3,R4_bright_info_boundary,bright/robust-easy + info-boundary,1,1,1,YES
yaw1550_pitchp0225_roll+060,155.0,22.5,60.0,0.04751503,P3,R4_bright_info_boundary,bright/robust-easy + info-boundary,1,1,1,YES
yaw1550_pitchp0250_roll+060,155.0,25.0,60.0,0.03355941,P3,R4_bright_info_boundary,bright/robust-easy + info-boundary,1,1,1,YES
yaw1575_pitchp0100_roll+060,157.5,10.0,60.0,0.06745733,P3,R4_bright_info_boundary,bright/robust-easy + info-boundary,1,1,1,YES
yaw1575_pitchp0125_roll+060,157.5,12.5,60.0,0.07218593,P3,R4_bright_info_boundary,bright/robust-easy + info-boundary,1,1,1,YES
yaw1575_pitchp0150_roll+060,157.5,15.0,60.0,0.06936220,P3,R4_bright_info_boundary,bright/robust-easy + info-boundary,1,1,1,YES
yaw1575_pitchp0175_roll+060,157.5,17.5,60.0,0.05989559,P3,R4_bright_info_boundary,bright/robust-easy + info-boundary,1,1,1,YES
yaw1575_pitchp0200_roll+060,157.5,20.0,60.0,0.04752901,P3,R4_bright_info_boundary,bright/robust-easy + info-boundary,1,1,1,YES
yaw1575_pitchp0225_roll+060,157.5,22.5,60.0,0.03645778,P3,R4_bright_info_boundary,bright/robust-easy + info-boundary,1,1,1,YES
yaw1575_pitchp0250_roll+060,157.5,25.0,60.0,0.02804716,P3,R4_bright_info_boundary,bright/robust-easy + info-boundary,1,1,1,YES
yaw1600_pitchp0100_roll+060,160.0,10.0,60.0,0.04358615,P3,R4_bright_info_boundary,bright/robust-easy + info-boundary,1,1,1,YES
yaw1600_pitchp0125_roll+060,160.0,12.5,60.0,0.04658807,P3,R4_bright_info_boundary,bright/robust-easy + info-boundary,1,1,1,YES
yaw1600_pitchp0150_roll+060,160.0,15.0,60.0,0.04458694,P3,R4_bright_info_boundary,bright/robust-easy + info-boundary,1,1,1,YES
yaw1600_pitchp0175_roll+060,160.0,17.5,60.0,0.04026467,P3,R4_bright_info_boundary,bright/robust-easy + info-boundary,1,1,1,YES
yaw1600_pitchp0200_roll+060,160.0,20.0,60.0,0.03417330,P3,R4_bright_info_boundary,bright/robust-easy + info-boundary,1,1,1,YES
yaw1600_pitchp0225_roll+060,160.0,22.5,60.0,0.02856225,P3,R4_bright_info_boundary,bright/robust-easy + info-boundary,1,1,1,YES
yaw1600_pitchp0250_roll+060,160.0,25.0,60.0,0.02358512,P3,R4_bright_info_boundary,bright/robust-easy + info-boundary,1,1,1,YES
yaw2050_pitchm0050_roll+060,205.0,-5.0,60.0,0.01310519,P3,R5_control,neutral-control,1,1,1,YES
yaw2050_pitchm0100_roll+060,205.0,-10.0,60.0,0.01356113,P3,R5_control,neutral-control,1,1,1,YES
yaw2100_pitchm0050_roll+060,210.0,-5.0,60.0,0.01445543,P3,R5_control,neutral-control,1,1,1,YES
yaw2100_pitchm0100_roll+060,210.0,-10.0,60.0,0.01488927,P3,R5_control,neutral-control,1,1,1,YES
yaw2400_pitchp0300_roll+060,240.0,30.0,60.0,0.02101355,P3,R1_high_info,high-info,1,1,1,YES
yaw2400_pitchp0325_roll+060,240.0,32.5,60.0,0.02089254,P3,R1_high_info,high-info,1,1,1,YES
yaw2400_pitchp0350_roll+060,240.0,35.0,60.0,0.02044898,P3,R1_high_info,high-info,1,1,1,YES
yaw2400_pitchp0375_roll+060,240.0,37.5,60.0,0.02054732,P3,R1_high_info,high-info,1,1,1,YES
yaw2400_pitchp0400_roll+060,240.0,40.0,60.0,0.02015295,P3,R1_high_info,high-info,1,1,1,YES
yaw2425_pitchp0300_roll+060,242.5,30.0,60.0,0.02135518,P3,R1_high_info,high-info,1,1,1,YES
yaw2425_pitchp0325_roll+060,242.5,32.5,60.0,0.02130126,P3,R1_high_info,high-info,1,1,1,YES
yaw2425_pitchp0350_roll+060,242.5,35.0,60.0,0.02111759,P3,R1_high_info,high-info,1,1,1,YES
yaw2425_pitchp0375_roll+060,242.5,37.5,60.0,0.02141638,P3,R1_high_info,high-info,1,1,1,YES
yaw2425_pitchp0400_roll+060,242.5,40.0,60.0,0.02045621,P3,R1_high_info,high-info,1,1,1,YES
yaw2450_pitchp0300_roll+060,245.0,30.0,60.0,0.02197992,P3,R1_high_info,high-info,1,1,1,YES
yaw2450_pitchp0325_roll+060,245.0,32.5,60.0,0.02155372,P3,R1_high_info,high-info,1,1,1,YES
yaw2450_pitchp0350_roll+060,245.0,35.0,60.0,0.02158939,P3,R1_high_info,high-info,1,1,1,YES
yaw2450_pitchp0375_roll+060,245.0,37.5,60.0,0.02151826,P3,R1_high_info,high-info,1,1,1,YES
yaw2450_pitchp0400_roll+060,245.0,40.0,60.0,0.02117897,P3,R1_high_info,high-info,1,1,1,YES
yaw2475_pitchp0300_roll+060,247.5,30.0,60.0,0.02200202,P3,R1_high_info,high-info,1,1,1,YES
yaw2475_pitchp0325_roll+060,247.5,32.5,60.0,0.02178197,P3,R1_high_info,high-info,1,1,1,YES
yaw2475_pitchp0350_roll+060,247.5,35.0,60.0,0.02192804,P3,R1_high_info,high-info,1,1,1,YES
yaw2475_pitchp0375_roll+060,247.5,37.5,60.0,0.02146857,P3,R1_high_info,high-info,1,1,1,YES
yaw2475_pitchp0400_roll+060,247.5,40.0,60.0,0.02117175,P3,R1_high_info,high-info,1,1,1,YES
yaw2500_pitchp0300_roll+060,250.0,30.0,60.0,0.02216897,P3,R1_high_info,high-info,1,1,1,YES
yaw2500_pitchp0325_roll+060,250.0,32.5,60.0,0.02202489,P3,R1_high_info,high-info,1,1,1,YES
yaw2500_pitchp0350_roll+060,250.0,35.0,60.0,0.02184629,P3,R1_high_info,high-info,1,1,1,YES
yaw2500_pitchp0375_roll+060,250.0,37.5,60.0,0.02167812,P3,R1_high_info,high-info,1,1,1,YES
yaw2500_pitchp0400_roll+060,250.0,40.0,60.0,0.02185374,P3,R1_high_info,high-info,1,1,1,YES
yaw2800_pitchm0800_roll+060,280.0,-80.0,60.0,0.02740198,P3,R2_control,dark/roll-sensitive-control,1,1,1,YES
yaw2800_pitchm0850_roll+060,280.0,-85.0,60.0,0.02976344,P3,R2_control,dark/roll-sensitive-control,1,1,1,YES
yaw2850_pitchm0800_roll+060,285.0,-80.0,60.0,0.02424484,P3,R2_control,dark/roll-sensitive-control,1,1,1,YES
yaw2850_pitchm0850_roll+060,285.0,-85.0,60.0,0.02596260,P3,R2_control,dark/roll-sensitive-control,1,1,1,YES
yaw0550_pitchp0600_roll-015,55.0,60.0,-15.0,0.08550375,P3,R3_low_info_connectivity,low-info/ocs-hard,1,1,1,YES
yaw0550_pitchp0625_roll-015,55.0,62.5,-15.0,0.07717834,P3,R3_low_info_connectivity,low-info/ocs-hard,1,1,1,YES
yaw0550_pitchp0650_roll-015,55.0,65.0,-15.0,0.07112510,P3,R3_low_info_connectivity,low-info/ocs-hard,1,1,1,YES
yaw0550_pitchp0675_roll-015,55.0,67.5,-15.0,0.06505185,P3,R3_low_info_connectivity,low-info/ocs-hard,1,1,1,YES
yaw0550_pitchp0700_roll-015,55.0,70.0,-15.0,0.05949927,P3,R3_low_info_connectivity,low-info/ocs-hard,1,1,1,YES
yaw0575_pitchp0600_roll-015,57.5,60.0,-15.0,0.05804432,P3,R3_low_info_connectivity,low-info/ocs-hard,1,1,1,YES
yaw0575_pitchp0625_roll-015,57.5,62.5,-15.0,0.05378006,P3,R3_low_info_connectivity,low-info/ocs-hard,1,1,1,YES
yaw0575_pitchp0650_roll-015,57.5,65.0,-15.0,0.05027023,P3,R3_low_info_connectivity,low-info/ocs-hard,1,1,1,YES
yaw0575_pitchp0675_roll-015,57.5,67.5,-15.0,0.04723922,P3,R3_low_info_connectivity,low-info/ocs-hard,1,1,1,YES
yaw0575_pitchp0700_roll-015,57.5,70.0,-15.0,0.04440913,P3,R3_low_info_connectivity,low-info/ocs-hard,1,1,1,YES
yaw0600_pitchp0600_roll-015,60.0,60.0,-15.0,0.04222377,P3,R3_low_info_connectivity,low-info/ocs-hard,1,1,1,YES
yaw0600_pitchp0625_roll-015,60.0,62.5,-15.0,0.04011597,P3,R3_low_info_connectivity,low-info/ocs-hard,1,1,1,YES
yaw0600_pitchp0650_roll-015,60.0,65.0,-15.0,0.03837742,P3,R3_low_info_connectivity,low-info/ocs-hard,1,1,1,YES
yaw0600_pitchp0675_roll-015,60.0,67.5,-15.0,0.03703440,P3,R3_low_info_connectivity,low-info/ocs-hard,1,1,1,YES
yaw0600_pitchp0700_roll-015,60.0,70.0,-15.0,0.03592834,P3,R3_low_info_connectivity,low-info/ocs-hard,1,1,1,YES
yaw0625_pitchp0600_roll-015,62.5,60.0,-15.0,0.03407937,P3,R3_low_info_connectivity,low-info/ocs-hard,1,1,1,YES
yaw0625_pitchp0625_roll-015,62.5,62.5,-15.0,0.03320526,P3,R3_low_info_connectivity,low-info/ocs-hard,1,1,1,YES
yaw0625_pitchp0650_roll-015,62.5,65.0,-15.0,0.03247644,P3,R3_low_info_connectivity,low-info/ocs-hard,1,1,1,YES
yaw0625_pitchp0675_roll-015,62.5,67.5,-15.0,0.03195423,P3,R3_low_info_connectivity,low-info/ocs-hard,1,1,1,YES
yaw0625_pitchp0700_roll-015,62.5,70.0,-15.0,0.03150256,P3,R3_low_info_connectivity,low-info/ocs-hard,1,1,1,YES
yaw0650_pitchp0600_roll-015,65.0,60.0,-15.0,0.03032586,P3,R3_low_info_connectivity,low-info/ocs-hard,1,1,1,YES
yaw0650_pitchp0625_roll-015,65.0,62.5,-15.0,0.02977131,P3,R3_low_info_connectivity,low-info/ocs-hard,1,1,1,YES
yaw0650_pitchp0650_roll-015,65.0,65.0,-15.0,0.02961353,P3,R3_low_info_connectivity,low-info/ocs-hard,1,1,1,YES
yaw0650_pitchp0675_roll-015,65.0,67.5,-15.0,0.02940599,P3,R3_low_info_connectivity,low-info/ocs-hard,1,1,1,YES
yaw0650_pitchp0700_roll-015,65.0,70.0,-15.0,0.02887275,P3,R3_low_info_connectivity,low-info/ocs-hard,1,1,1,YES
yaw1450_pitchp0100_roll-015,145.0,10.0,-15.0,0.17490333,P3,R4_bright_info_boundary,bright/robust-easy + info-boundary,1,1,1,YES
yaw1450_pitchp0125_roll-015,145.0,12.5,-15.0,0.18897139,P3,R4_bright_info_boundary,bright/robust-easy + info-boundary,1,1,1,YES
yaw1450_pitchp0150_roll-015,145.0,15.0,-15.0,0.17880359,P3,R4_bright_info_boundary,bright/robust-easy + info-boundary,1,1,1,YES
yaw1450_pitchp0175_roll-015,145.0,17.5,-15.0,0.14825553,P3,R4_bright_info_boundary,bright/robust-easy + info-boundary,1,1,1,YES
yaw1450_pitchp0200_roll-015,145.0,20.0,-15.0,0.10896493,P3,R4_bright_info_boundary,bright/robust-easy + info-boundary,1,1,1,YES
yaw1450_pitchp0225_roll-015,145.0,22.5,-15.0,0.07410121,P3,R4_bright_info_boundary,bright/robust-easy + info-boundary,1,1,1,YES
yaw1450_pitchp0250_roll-015,145.0,25.0,-15.0,0.04827989,P3,R4_bright_info_boundary,bright/robust-easy + info-boundary,1,1,1,YES
yaw1475_pitchp0100_roll-015,147.5,10.0,-15.0,0.18572089,P3,R4_bright_info_boundary,bright/robust-easy + info-boundary,1,1,1,YES
yaw1475_pitchp0125_roll-015,147.5,12.5,-15.0,0.20182255,P3,R4_control,23A_refined_topN,1,1,1,YES
yaw1475_pitchp0150_roll-015,147.5,15.0,-15.0,0.19263732,P3,R4_bright_info_boundary,bright/robust-easy + info-boundary,1,1,1,YES
yaw1475_pitchp0175_roll-015,147.5,17.5,-15.0,0.15969311,P3,R4_bright_info_boundary,bright/robust-easy + info-boundary,1,1,1,YES
yaw1475_pitchp0200_roll-015,147.5,20.0,-15.0,0.11665362,P3,R4_bright_info_boundary,bright/robust-easy + info-boundary,1,1,1,YES
yaw1475_pitchp0225_roll-015,147.5,22.5,-15.0,0.07757071,P3,R4_bright_info_boundary,bright/robust-easy + info-boundary,1,1,1,YES
yaw1475_pitchp0250_roll-015,147.5,25.0,-15.0,0.05032390,P3,R4_bright_info_boundary,bright/robust-easy + info-boundary,1,1,1,YES
yaw1500_pitchp0100_roll-015,150.0,10.0,-15.0,0.17385584,P3,R4_bright_info_boundary,bright/robust-easy + info-boundary,1,1,1,YES
yaw1500_pitchp0125_roll-015,150.0,12.5,-15.0,0.18899235,P3,R4_bright_info_boundary,bright/robust-easy + info-boundary,1,1,1,YES
yaw1500_pitchp0150_roll-015,150.0,15.0,-15.0,0.18199989,P3,R4_bright_info_boundary,bright/robust-easy + info-boundary,1,1,1,YES
yaw1500_pitchp0175_roll-015,150.0,17.5,-15.0,0.14973715,P3,R4_bright_info_boundary,bright/robust-easy + info-boundary,1,1,1,YES
yaw1500_pitchp0200_roll-015,150.0,20.0,-15.0,0.11061332,P3,R4_bright_info_boundary,bright/robust-easy + info-boundary,1,1,1,YES
yaw1500_pitchp0225_roll-015,150.0,22.5,-15.0,0.07494500,P3,R4_bright_info_boundary,bright/robust-easy + info-boundary,1,1,1,YES
yaw1500_pitchp0250_roll-015,150.0,25.0,-15.0,0.04886240,P3,R4_bright_info_boundary,bright/robust-easy + info-boundary,1,1,1,YES
yaw1525_pitchp0100_roll-015,152.5,10.0,-15.0,0.14577073,P3,R4_bright_info_boundary,bright/robust-easy + info-boundary,1,1,1,YES
yaw1525_pitchp0125_roll-015,152.5,12.5,-15.0,0.15771306,P3,R4_bright_info_boundary,bright/robust-easy + info-boundary,1,1,1,YES
yaw1525_pitchp0150_roll-015,152.5,15.0,-15.0,0.15001984,P3,R4_bright_info_boundary,bright/robust-easy + info-boundary,1,1,1,YES
yaw1525_pitchp0175_roll-015,152.5,17.5,-15.0,0.12717633,P3,R4_bright_info_boundary,bright/robust-easy + info-boundary,1,1,1,YES
yaw1525_pitchp0200_roll-015,152.5,20.0,-15.0,0.09441665,P3,R4_bright_info_boundary,bright/robust-easy + info-boundary,1,1,1,YES
yaw1525_pitchp0225_roll-015,152.5,22.5,-15.0,0.06571105,P3,R4_bright_info_boundary,bright/robust-easy + info-boundary,1,1,1,YES
yaw1525_pitchp0250_roll-015,152.5,25.0,-15.0,0.04473942,P3,R4_bright_info_boundary,bright/robust-easy + info-boundary,1,1,1,YES
yaw1550_pitchp0100_roll-015,155.0,10.0,-15.0,0.10649434,P3,R4_bright_info_boundary,bright/robust-easy + info-boundary,1,1,1,YES
yaw1550_pitchp0125_roll-015,155.0,12.5,-15.0,0.11643997,P3,R4_bright_info_boundary,bright/robust-easy + info-boundary,1,1,1,YES
yaw1550_pitchp0150_roll-015,155.0,15.0,-15.0,0.11176647,P3,R4_bright_info_boundary,bright/robust-easy + info-boundary,1,1,1,YES
yaw1550_pitchp0175_roll-015,155.0,17.5,-15.0,0.09530789,P3,R4_bright_info_boundary,bright/robust-easy + info-boundary,1,1,1,YES
yaw1550_pitchp0200_roll-015,155.0,20.0,-15.0,0.07390038,P3,R4_bright_info_boundary,bright/robust-easy + info-boundary,1,1,1,YES
yaw1550_pitchp0225_roll-015,155.0,22.5,-15.0,0.05288557,P3,R4_bright_info_boundary,bright/robust-easy + info-boundary,1,1,1,YES
yaw1550_pitchp0250_roll-015,155.0,25.0,-15.0,0.03844699,P3,R4_bright_info_boundary,bright/robust-easy + info-boundary,1,1,1,YES
yaw1575_pitchp0100_roll-015,157.5,10.0,-15.0,0.07234225,P3,R4_bright_info_boundary,bright/robust-easy + info-boundary,1,1,1,YES
yaw1575_pitchp0125_roll-015,157.5,12.5,-15.0,0.07784685,P3,R4_bright_info_boundary,bright/robust-easy + info-boundary,1,1,1,YES
yaw1575_pitchp0150_roll-015,157.5,15.0,-15.0,0.07589535,P3,R4_bright_info_boundary,bright/robust-easy + info-boundary,1,1,1,YES
yaw1575_pitchp0175_roll-015,157.5,17.5,-15.0,0.06629729,P3,R4_bright_info_boundary,bright/robust-easy + info-boundary,1,1,1,YES
yaw1575_pitchp0200_roll-015,157.5,20.0,-15.0,0.05512044,P3,R4_bright_info_boundary,bright/robust-easy + info-boundary,1,1,1,YES
yaw1575_pitchp0225_roll-015,157.5,22.5,-15.0,0.04140332,P3,R4_bright_info_boundary,bright/robust-easy + info-boundary,1,1,1,YES
yaw1575_pitchp0250_roll-015,157.5,25.0,-15.0,0.03261033,P3,R4_bright_info_boundary,bright/robust-easy + info-boundary,1,1,1,YES
yaw1600_pitchp0100_roll-015,160.0,10.0,-15.0,0.04791652,P3,R4_bright_info_boundary,bright/robust-easy + info-boundary,1,1,1,YES
yaw1600_pitchp0125_roll-015,160.0,12.5,-15.0,0.05108307,P3,R4_bright_info_boundary,bright/robust-easy + info-boundary,1,1,1,YES
yaw1600_pitchp0150_roll-015,160.0,15.0,-15.0,0.05092330,P3,R4_bright_info_boundary,bright/robust-easy + info-boundary,1,1,1,YES
yaw1600_pitchp0175_roll-015,160.0,17.5,-15.0,0.04601447,P3,R4_bright_info_boundary,bright/robust-easy + info-boundary,1,1,1,YES
yaw1600_pitchp0200_roll-015,160.0,20.0,-15.0,0.03963322,P3,R4_bright_info_boundary,bright/robust-easy + info-boundary,1,1,1,YES
yaw1600_pitchp0225_roll-015,160.0,22.5,-15.0,0.03367648,P3,R4_bright_info_boundary,bright/robust-easy + info-boundary,1,1,1,YES
yaw1600_pitchp0250_roll-015,160.0,25.0,-15.0,0.02812844,P3,R4_bright_info_boundary,bright/robust-easy + info-boundary,1,1,1,YES
yaw2050_pitchm0050_roll-015,205.0,-5.0,-15.0,0.01744146,P3,R5_control,neutral-control,1,1,1,YES
yaw2050_pitchm0100_roll-015,205.0,-10.0,-15.0,0.01754707,P3,R5_control,neutral-control,1,1,1,YES
yaw2100_pitchm0050_roll-015,210.0,-5.0,-15.0,0.01950706,P3,R5_control,neutral-control,1,1,1,YES
yaw2100_pitchm0100_roll-015,210.0,-10.0,-15.0,0.01948409,P3,R5_control,neutral-control,1,1,1,YES
yaw2400_pitchp0300_roll-015,240.0,30.0,-15.0,0.02717808,P3,R1_high_info,high-info,1,1,1,YES
yaw2400_pitchp0325_roll-015,240.0,32.5,-15.0,0.02653611,P3,R1_high_info,high-info,1,1,1,YES
yaw2400_pitchp0350_roll-015,240.0,35.0,-15.0,0.02591265,P3,R1_high_info,high-info,1,1,1,YES
yaw2400_pitchp0375_roll-015,240.0,37.5,-15.0,0.02613330,P3,R1_high_info,high-info,1,1,1,YES
yaw2400_pitchp0400_roll-015,240.0,40.0,-15.0,0.02562674,P3,R1_high_info,high-info,1,1,1,YES
yaw2425_pitchp0300_roll-015,242.5,30.0,-15.0,0.02655038,P3,R1_high_info,high-info,1,1,1,YES
yaw2425_pitchp0325_roll-015,242.5,32.5,-15.0,0.02634592,P3,R1_high_info,high-info,1,1,1,YES
yaw2425_pitchp0350_roll-015,242.5,35.0,-15.0,0.02554747,P3,R1_high_info,high-info,1,1,1,YES
yaw2425_pitchp0375_roll-015,242.5,37.5,-15.0,0.02574044,P3,R1_high_info,high-info,1,1,1,YES
yaw2425_pitchp0400_roll-015,242.5,40.0,-15.0,0.02565876,P3,R1_high_info,high-info,1,1,1,YES
yaw2450_pitchp0300_roll-015,245.0,30.0,-15.0,0.02625556,P3,R1_high_info,high-info,1,1,1,YES
yaw2450_pitchp0325_roll-015,245.0,32.5,-15.0,0.02573534,P3,R1_high_info,high-info,1,1,1,YES
yaw2450_pitchp0350_roll-015,245.0,35.0,-15.0,0.02563502,P3,R1_high_info,high-info,1,1,1,YES
yaw2450_pitchp0375_roll-015,245.0,37.5,-15.0,0.02526669,P3,R1_high_info,high-info,1,1,1,YES
yaw2450_pitchp0400_roll-015,245.0,40.0,-15.0,0.02499013,P3,R1_high_info,high-info,1,1,1,YES
yaw2475_pitchp0300_roll-015,247.5,30.0,-15.0,0.02567863,P3,R1_high_info,high-info,1,1,1,YES
yaw2475_pitchp0325_roll-015,247.5,32.5,-15.0,0.02521821,P3,R1_high_info,high-info,1,1,1,YES
yaw2475_pitchp0350_roll-015,247.5,35.0,-15.0,0.02511229,P3,R1_high_info,high-info,1,1,1,YES
yaw2475_pitchp0375_roll-015,247.5,37.5,-15.0,0.02503696,P3,R1_high_info,high-info,1,1,1,YES
yaw2475_pitchp0400_roll-015,247.5,40.0,-15.0,0.02483472,P3,R1_high_info,high-info,1,1,1,YES
yaw2500_pitchp0300_roll-015,250.0,30.0,-15.0,0.02490698,P3,R1_high_info,high-info,1,1,1,YES
yaw2500_pitchp0325_roll-015,250.0,32.5,-15.0,0.02461080,P3,R1_high_info,high-info,1,1,1,YES
yaw2500_pitchp0350_roll-015,250.0,35.0,-15.0,0.02425454,P3,R1_high_info,high-info,1,1,1,YES
yaw2500_pitchp0375_roll-015,250.0,37.5,-15.0,0.02457531,P3,R1_high_info,high-info,1,1,1,YES
yaw2500_pitchp0400_roll-015,250.0,40.0,-15.0,0.02430349,P3,R1_high_info,high-info,1,1,1,YES
yaw2800_pitchm0800_roll-015,280.0,-80.0,-15.0,0.01659754,P3,R2_control,dark/roll-sensitive-control,1,1,1,YES
yaw2800_pitchm0850_roll-015,280.0,-85.0,-15.0,0.01637889,P3,R2_control,dark/roll-sensitive-control,1,1,1,YES
yaw2850_pitchm0800_roll-015,285.0,-80.0,-15.0,0.01385129,P3,R2_control,dark/roll-sensitive-control,1,1,1,YES
yaw2850_pitchm0850_roll-015,285.0,-85.0,-15.0,0.01364651,P3,R2_control,dark/roll-sensitive-control,1,1,1,YES
yaw0550_pitchp0600_roll-030,55.0,60.0,-30.0,0.02689472,P3,R3_low_info_connectivity,low-info/ocs-hard,1,1,1,YES
yaw0550_pitchp0625_roll-030,55.0,62.5,-30.0,0.02659396,P3,R3_low_info_connectivity,low-info/ocs-hard,1,1,1,YES
yaw0550_pitchp0650_roll-030,55.0,65.0,-30.0,0.02637539,P3,R3_low_info_connectivity,low-info/ocs-hard,1,1,1,YES
yaw0550_pitchp0675_roll-030,55.0,67.5,-30.0,0.02648749,P3,R3_low_info_connectivity,low-info/ocs-hard,1,1,1,YES
yaw0550_pitchp0700_roll-030,55.0,70.0,-30.0,0.02603617,P3,R3_low_info_connectivity,low-info/ocs-hard,1,1,1,YES
yaw0575_pitchp0600_roll-030,57.5,60.0,-30.0,0.02526213,P3,R3_low_info_connectivity,low-info/ocs-hard,1,1,1,YES
yaw0575_pitchp0625_roll-030,57.5,62.5,-30.0,0.02505292,P3,R3_low_info_connectivity,low-info/ocs-hard,1,1,1,YES
yaw0575_pitchp0650_roll-030,57.5,65.0,-30.0,0.02492972,P3,R3_low_info_connectivity,low-info/ocs-hard,1,1,1,YES
yaw0575_pitchp0675_roll-030,57.5,67.5,-30.0,0.02462510,P3,R3_low_info_connectivity,low-info/ocs-hard,1,1,1,YES
yaw0575_pitchp0700_roll-030,57.5,70.0,-30.0,0.02458861,P3,R3_low_info_connectivity,low-info/ocs-hard,1,1,1,YES
yaw0600_pitchp0600_roll-030,60.0,60.0,-30.0,0.02382787,P3,R3_low_info_connectivity,low-info/ocs-hard,1,1,1,YES
yaw0600_pitchp0625_roll-030,60.0,62.5,-30.0,0.02353974,P3,R3_low_info_connectivity,low-info/ocs-hard,1,1,1,YES
yaw0600_pitchp0650_roll-030,60.0,65.0,-30.0,0.02321380,P3,R3_low_info_connectivity,low-info/ocs-hard,1,1,1,YES
yaw0600_pitchp0675_roll-030,60.0,67.5,-30.0,0.02323759,P3,R3_low_info_connectivity,low-info/ocs-hard,1,1,1,YES
yaw0600_pitchp0700_roll-030,60.0,70.0,-30.0,0.02312613,P3,R3_low_info_connectivity,low-info/ocs-hard,1,1,1,YES
yaw0625_pitchp0600_roll-030,62.5,60.0,-30.0,0.02242216,P3,R3_low_info_connectivity,low-info/ocs-hard,1,1,1,YES
yaw0625_pitchp0625_roll-030,62.5,62.5,-30.0,0.02216149,P3,R3_low_info_connectivity,low-info/ocs-hard,1,1,1,YES
yaw0625_pitchp0650_roll-030,62.5,65.0,-30.0,0.02179415,P3,R3_low_info_connectivity,low-info/ocs-hard,1,1,1,YES
yaw0625_pitchp0675_roll-030,62.5,67.5,-30.0,0.02165905,P3,R3_low_info_connectivity,low-info/ocs-hard,1,1,1,YES
yaw0625_pitchp0700_roll-030,62.5,70.0,-30.0,0.02159918,P3,R3_low_info_connectivity,low-info/ocs-hard,1,1,1,YES
yaw0650_pitchp0600_roll-030,65.0,60.0,-30.0,0.02090310,P3,R3_low_info_connectivity,low-info/ocs-hard,1,1,1,YES
yaw0650_pitchp0625_roll-030,65.0,62.5,-30.0,0.02070417,P3,R3_low_info_connectivity,low-info/ocs-hard,1,1,1,YES
yaw0650_pitchp0650_roll-030,65.0,65.0,-30.0,0.02048556,P3,R3_low_info_connectivity,low-info/ocs-hard,1,1,1,YES
yaw0650_pitchp0675_roll-030,65.0,67.5,-30.0,0.02043517,P3,R3_low_info_connectivity,low-info/ocs-hard,1,1,1,YES
yaw0650_pitchp0700_roll-030,65.0,70.0,-30.0,0.02020393,P3,R3_low_info_connectivity,low-info/ocs-hard,1,1,1,YES
yaw1450_pitchp0100_roll-030,145.0,10.0,-30.0,0.17387168,P3,R4_bright_info_boundary,bright/robust-easy + info-boundary,1,1,1,YES
yaw1450_pitchp0125_roll-030,145.0,12.5,-30.0,0.18814200,P3,R4_bright_info_boundary,bright/robust-easy + info-boundary,1,1,1,YES
yaw1450_pitchp0150_roll-030,145.0,15.0,-30.0,0.17886426,P3,R4_bright_info_boundary,bright/robust-easy + info-boundary,1,1,1,YES
yaw1450_pitchp0175_roll-030,145.0,17.5,-30.0,0.14870653,P3,R4_bright_info_boundary,bright/robust-easy + info-boundary,1,1,1,YES
yaw1450_pitchp0200_roll-030,145.0,20.0,-30.0,0.10903701,P3,R4_bright_info_boundary,bright/robust-easy + info-boundary,1,1,1,YES
yaw1450_pitchp0225_roll-030,145.0,22.5,-30.0,0.07444189,P3,R4_bright_info_boundary,bright/robust-easy + info-boundary,1,1,1,YES
yaw1450_pitchp0250_roll-030,145.0,25.0,-30.0,0.04879500,P3,R4_bright_info_boundary,bright/robust-easy + info-boundary,1,1,1,YES
yaw1475_pitchp0100_roll-030,147.5,10.0,-30.0,0.18755363,P3,R4_bright_info_boundary,bright/robust-easy + info-boundary,1,1,1,YES
yaw1475_pitchp0125_roll-030,147.5,12.5,-30.0,0.20102839,P3,R4_control,23A_refined_topN,1,1,1,YES
yaw1475_pitchp0150_roll-030,147.5,15.0,-30.0,0.19036755,P3,R4_bright_info_boundary,bright/robust-easy + info-boundary,1,1,1,YES
yaw1475_pitchp0175_roll-030,147.5,17.5,-30.0,0.15858018,P3,R4_bright_info_boundary,bright/robust-easy + info-boundary,1,1,1,YES
yaw1475_pitchp0200_roll-030,147.5,20.0,-30.0,0.11620343,P3,R4_bright_info_boundary,bright/robust-easy + info-boundary,1,1,1,YES
yaw1475_pitchp0225_roll-030,147.5,22.5,-30.0,0.07898378,P3,R4_bright_info_boundary,bright/robust-easy + info-boundary,1,1,1,YES
yaw1475_pitchp0250_roll-030,147.5,25.0,-30.0,0.05100938,P3,R4_bright_info_boundary,bright/robust-easy + info-boundary,1,1,1,YES
yaw1500_pitchp0100_roll-030,150.0,10.0,-30.0,0.17532843,P3,R4_bright_info_boundary,bright/robust-easy + info-boundary,1,1,1,YES
yaw1500_pitchp0125_roll-030,150.0,12.5,-30.0,0.18969004,P3,R4_bright_info_boundary,bright/robust-easy + info-boundary,1,1,1,YES
yaw1500_pitchp0150_roll-030,150.0,15.0,-30.0,0.18021105,P3,R4_bright_info_boundary,bright/robust-easy + info-boundary,1,1,1,YES
yaw1500_pitchp0175_roll-030,150.0,17.5,-30.0,0.14926423,P3,R4_bright_info_boundary,bright/robust-easy + info-boundary,1,1,1,YES
yaw1500_pitchp0200_roll-030,150.0,20.0,-30.0,0.11046666,P3,R4_bright_info_boundary,bright/robust-easy + info-boundary,1,1,1,YES
yaw1500_pitchp0225_roll-030,150.0,22.5,-30.0,0.07507901,P3,R4_bright_info_boundary,bright/robust-easy + info-boundary,1,1,1,YES
yaw1500_pitchp0250_roll-030,150.0,25.0,-30.0,0.04956790,P3,R4_bright_info_boundary,bright/robust-easy + info-boundary,1,1,1,YES
yaw1525_pitchp0100_roll-030,152.5,10.0,-30.0,0.14453779,P3,R4_bright_info_boundary,bright/robust-easy + info-boundary,1,1,1,YES
yaw1525_pitchp0125_roll-030,152.5,12.5,-30.0,0.15650430,P3,R4_bright_info_boundary,bright/robust-easy + info-boundary,1,1,1,YES
yaw1525_pitchp0150_roll-030,152.5,15.0,-30.0,0.14884517,P3,R4_bright_info_boundary,bright/robust-easy + info-boundary,1,1,1,YES
yaw1525_pitchp0175_roll-030,152.5,17.5,-30.0,0.12597917,P3,R4_bright_info_boundary,bright/robust-easy + info-boundary,1,1,1,YES
yaw1525_pitchp0200_roll-030,152.5,20.0,-30.0,0.09412239,P3,R4_bright_info_boundary,bright/robust-easy + info-boundary,1,1,1,YES
yaw1525_pitchp0225_roll-030,152.5,22.5,-30.0,0.06573851,P3,R4_bright_info_boundary,bright/robust-easy + info-boundary,1,1,1,YES
yaw1525_pitchp0250_roll-030,152.5,25.0,-30.0,0.04461589,P3,R4_bright_info_boundary,bright/robust-easy + info-boundary,1,1,1,YES
yaw1550_pitchp0100_roll-030,155.0,10.0,-30.0,0.10669691,P3,R4_bright_info_boundary,bright/robust-easy + info-boundary,1,1,1,YES
yaw1550_pitchp0125_roll-030,155.0,12.5,-30.0,0.11462776,P3,R4_bright_info_boundary,bright/robust-easy + info-boundary,1,1,1,YES
yaw1550_pitchp0150_roll-030,155.0,15.0,-30.0,0.11046721,P3,R4_bright_info_boundary,bright/robust-easy + info-boundary,1,1,1,YES
yaw1550_pitchp0175_roll-030,155.0,17.5,-30.0,0.09462669,P3,R4_bright_info_boundary,bright/robust-easy + info-boundary,1,1,1,YES
yaw1550_pitchp0200_roll-030,155.0,20.0,-30.0,0.07355849,P3,R4_bright_info_boundary,bright/robust-easy + info-boundary,1,1,1,YES
yaw1550_pitchp0225_roll-030,155.0,22.5,-30.0,0.05332473,P3,R4_bright_info_boundary,bright/robust-easy + info-boundary,1,1,1,YES
yaw1550_pitchp0250_roll-030,155.0,25.0,-30.0,0.03829762,P3,R4_bright_info_boundary,bright/robust-easy + info-boundary,1,1,1,YES
yaw1575_pitchp0100_roll-030,157.5,10.0,-30.0,0.07209867,P3,R4_bright_info_boundary,bright/robust-easy + info-boundary,1,1,1,YES
yaw1575_pitchp0125_roll-030,157.5,12.5,-30.0,0.07797986,P3,R4_bright_info_boundary,bright/robust-easy + info-boundary,1,1,1,YES
yaw1575_pitchp0150_roll-030,157.5,15.0,-30.0,0.07518400,P3,R4_bright_info_boundary,bright/robust-easy + info-boundary,1,1,1,YES
yaw1575_pitchp0175_roll-030,157.5,17.5,-30.0,0.06612819,P3,R4_bright_info_boundary,bright/robust-easy + info-boundary,1,1,1,YES
yaw1575_pitchp0200_roll-030,157.5,20.0,-30.0,0.05378666,P3,R4_bright_info_boundary,bright/robust-easy + info-boundary,1,1,1,YES
yaw1575_pitchp0225_roll-030,157.5,22.5,-30.0,0.04211464,P3,R4_bright_info_boundary,bright/robust-easy + info-boundary,1,1,1,YES
yaw1575_pitchp0250_roll-030,157.5,25.0,-30.0,0.03279168,P3,R4_bright_info_boundary,bright/robust-easy + info-boundary,1,1,1,YES
yaw1600_pitchp0100_roll-030,160.0,10.0,-30.0,0.04704852,P3,R4_bright_info_boundary,bright/robust-easy + info-boundary,1,1,1,YES
yaw1600_pitchp0125_roll-030,160.0,12.5,-30.0,0.05033426,P3,R4_bright_info_boundary,bright/robust-easy + info-boundary,1,1,1,YES
yaw1600_pitchp0150_roll-030,160.0,15.0,-30.0,0.04996409,P3,R4_bright_info_boundary,bright/robust-easy + info-boundary,1,1,1,YES
yaw1600_pitchp0175_roll-030,160.0,17.5,-30.0,0.04542810,P3,R4_bright_info_boundary,bright/robust-easy + info-boundary,1,1,1,YES
yaw1600_pitchp0200_roll-030,160.0,20.0,-30.0,0.03908171,P3,R4_bright_info_boundary,bright/robust-easy + info-boundary,1,1,1,YES
yaw1600_pitchp0225_roll-030,160.0,22.5,-30.0,0.03239169,P3,R4_bright_info_boundary,bright/robust-easy + info-boundary,1,1,1,YES
yaw1600_pitchp0250_roll-030,160.0,25.0,-30.0,0.02796825,P3,R4_bright_info_boundary,bright/robust-easy + info-boundary,1,1,1,YES
yaw2050_pitchm0050_roll-030,205.0,-5.0,-30.0,0.01677698,P3,R5_control,neutral-control,1,1,1,YES
yaw2050_pitchm0100_roll-030,205.0,-10.0,-30.0,0.01702908,P3,R5_control,neutral-control,1,1,1,YES
yaw2100_pitchm0050_roll-030,210.0,-5.0,-30.0,0.01889530,P3,R5_control,neutral-control,1,1,1,YES
yaw2100_pitchm0100_roll-030,210.0,-10.0,-30.0,0.01888544,P3,R5_control,neutral-control,1,1,1,YES
yaw2400_pitchp0300_roll-030,240.0,30.0,-30.0,0.02342136,P3,R1_high_info,high-info,1,1,1,YES
yaw2400_pitchp0325_roll-030,240.0,32.5,-30.0,0.02374889,P3,R1_high_info,high-info,1,1,1,YES
yaw2400_pitchp0350_roll-030,240.0,35.0,-30.0,0.02341769,P3,R1_high_info,high-info,1,1,1,YES
yaw2400_pitchp0375_roll-030,240.0,37.5,-30.0,0.02291726,P3,R1_high_info,high-info,1,1,1,YES
yaw2400_pitchp0400_roll-030,240.0,40.0,-30.0,0.02281721,P3,R1_high_info,high-info,1,1,1,YES
yaw2425_pitchp0300_roll-030,242.5,30.0,-30.0,0.02394654,P3,R1_high_info,high-info,1,1,1,YES
yaw2425_pitchp0325_roll-030,242.5,32.5,-30.0,0.02339067,P3,R1_high_info,high-info,1,1,1,YES
yaw2425_pitchp0350_roll-030,242.5,35.0,-30.0,0.02338046,P3,R1_high_info,high-info,1,1,1,YES
yaw2425_pitchp0375_roll-030,242.5,37.5,-30.0,0.02305418,P3,R1_high_info,high-info,1,1,1,YES
yaw2425_pitchp0400_roll-030,242.5,40.0,-30.0,0.02282163,P3,R1_high_info,high-info,1,1,1,YES
yaw2450_pitchp0300_roll-030,245.0,30.0,-30.0,0.02327988,P3,R1_high_info,high-info,1,1,1,YES
yaw2450_pitchp0325_roll-030,245.0,32.5,-30.0,0.02296475,P3,R1_high_info,high-info,1,1,1,YES
yaw2450_pitchp0350_roll-030,245.0,35.0,-30.0,0.02301145,P3,R1_high_info,high-info,1,1,1,YES
yaw2450_pitchp0375_roll-030,245.0,37.5,-30.0,0.02284107,P3,R1_high_info,high-info,1,1,1,YES
yaw2450_pitchp0400_roll-030,245.0,40.0,-30.0,0.02232442,P3,R1_high_info,high-info,1,1,1,YES
yaw2475_pitchp0300_roll-030,247.5,30.0,-30.0,0.02288131,P3,R1_high_info,high-info,1,1,1,YES
yaw2475_pitchp0325_roll-030,247.5,32.5,-30.0,0.02282107,P3,R1_high_info,high-info,1,1,1,YES
yaw2475_pitchp0350_roll-030,247.5,35.0,-30.0,0.02286045,P3,R1_high_info,high-info,1,1,1,YES
yaw2475_pitchp0375_roll-030,247.5,37.5,-30.0,0.02248451,P3,R1_high_info,high-info,1,1,1,YES
yaw2475_pitchp0400_roll-030,247.5,40.0,-30.0,0.02231817,P3,R1_high_info,high-info,1,1,1,YES
yaw2500_pitchp0300_roll-030,250.0,30.0,-30.0,0.02202965,P3,R1_high_info,high-info,1,1,1,YES
yaw2500_pitchp0325_roll-030,250.0,32.5,-30.0,0.02214872,P3,R1_high_info,high-info,1,1,1,YES
yaw2500_pitchp0350_roll-030,250.0,35.0,-30.0,0.02195933,P3,R1_high_info,high-info,1,1,1,YES
yaw2500_pitchp0375_roll-030,250.0,37.5,-30.0,0.02183763,P3,R1_high_info,high-info,1,1,1,YES
yaw2500_pitchp0400_roll-030,250.0,40.0,-30.0,0.02147673,P3,R1_high_info,high-info,1,1,1,YES
yaw2800_pitchm0800_roll-030,280.0,-80.0,-30.0,0.02332259,P3,R2_control,dark/roll-sensitive-control,1,1,1,YES
yaw2800_pitchm0850_roll-030,280.0,-85.0,-30.0,0.02422487,P3,R2_control,dark/roll-sensitive-control,1,1,1,YES
yaw2850_pitchm0800_roll-030,285.0,-80.0,-30.0,0.02089780,P3,R2_control,dark/roll-sensitive-control,1,1,1,YES
yaw2850_pitchm0850_roll-030,285.0,-85.0,-30.0,0.02175240,P3,R2_control,dark/roll-sensitive-control,1,1,1,YES
yaw0550_pitchp0600_roll-045,55.0,60.0,-45.0,0.02048936,P3,R3_low_info_connectivity,low-info/ocs-hard,1,1,1,YES
yaw0550_pitchp0625_roll-045,55.0,62.5,-45.0,0.02020450,P3,R3_low_info_connectivity,low-info/ocs-hard,1,1,1,YES
yaw0550_pitchp0650_roll-045,55.0,65.0,-45.0,0.01995866,P3,R3_low_info_connectivity,low-info/ocs-hard,1,1,1,YES
yaw0550_pitchp0675_roll-045,55.0,67.5,-45.0,0.01988630,P3,R3_low_info_connectivity,low-info/ocs-hard,1,1,1,YES
yaw0550_pitchp0700_roll-045,55.0,70.0,-45.0,0.01956058,P3,R3_low_info_connectivity,low-info/ocs-hard,1,1,1,YES
yaw0575_pitchp0600_roll-045,57.5,60.0,-45.0,0.01972369,P3,R3_low_info_connectivity,low-info/ocs-hard,1,1,1,YES
yaw0575_pitchp0625_roll-045,57.5,62.5,-45.0,0.01946798,P3,R3_low_info_connectivity,low-info/ocs-hard,1,1,1,YES
yaw0575_pitchp0650_roll-045,57.5,65.0,-45.0,0.01912822,P3,R3_low_info_connectivity,low-info/ocs-hard,1,1,1,YES
yaw0575_pitchp0675_roll-045,57.5,67.5,-45.0,0.01879451,P3,R3_low_info_connectivity,low-info/ocs-hard,1,1,1,YES
yaw0575_pitchp0700_roll-045,57.5,70.0,-45.0,0.01862066,P3,R3_low_info_connectivity,low-info/ocs-hard,1,1,1,YES
yaw0600_pitchp0600_roll-045,60.0,60.0,-45.0,0.01853450,P3,R3_low_info_connectivity,low-info/ocs-hard,1,1,1,YES
yaw0600_pitchp0625_roll-045,60.0,62.5,-45.0,0.01841008,P3,R3_low_info_connectivity,low-info/ocs-hard,1,1,1,YES
yaw0600_pitchp0650_roll-045,60.0,65.0,-45.0,0.01820527,P3,R3_low_info_connectivity,low-info/ocs-hard,1,1,1,YES
yaw0600_pitchp0675_roll-045,60.0,67.5,-45.0,0.01823780,P3,R3_low_info_connectivity,low-info/ocs-hard,1,1,1,YES
yaw0600_pitchp0700_roll-045,60.0,70.0,-45.0,0.01773201,P3,R3_low_info_connectivity,low-info/ocs-hard,1,1,1,YES
yaw0625_pitchp0600_roll-045,62.5,60.0,-45.0,0.01766149,P3,R3_low_info_connectivity,low-info/ocs-hard,1,1,1,YES
yaw0625_pitchp0625_roll-045,62.5,62.5,-45.0,0.01742720,P3,R3_low_info_connectivity,low-info/ocs-hard,1,1,1,YES
yaw0625_pitchp0650_roll-045,62.5,65.0,-45.0,0.01766040,P3,R3_low_info_connectivity,low-info/ocs-hard,1,1,1,YES
yaw0625_pitchp0675_roll-045,62.5,67.5,-45.0,0.01719045,P3,R3_low_info_connectivity,low-info/ocs-hard,1,1,1,YES
yaw0625_pitchp0700_roll-045,62.5,70.0,-45.0,0.01704297,P3,R3_low_info_connectivity,low-info/ocs-hard,1,1,1,YES
yaw0650_pitchp0600_roll-045,65.0,60.0,-45.0,0.01665668,P3,R3_low_info_connectivity,low-info/ocs-hard,1,1,1,YES
yaw0650_pitchp0625_roll-045,65.0,62.5,-45.0,0.01658252,P3,R3_low_info_connectivity,low-info/ocs-hard,1,1,1,YES
yaw0650_pitchp0650_roll-045,65.0,65.0,-45.0,0.01663619,P3,R3_low_info_connectivity,low-info/ocs-hard,1,1,1,YES
yaw0650_pitchp0675_roll-045,65.0,67.5,-45.0,0.01640106,P3,R3_low_info_connectivity,low-info/ocs-hard,1,1,1,YES
yaw0650_pitchp0700_roll-045,65.0,70.0,-45.0,0.01619356,P3,R3_low_info_connectivity,low-info/ocs-hard,1,1,1,YES
yaw1450_pitchp0100_roll-045,145.0,10.0,-45.0,0.17471404,P3,R4_bright_info_boundary,bright/robust-easy + info-boundary,1,1,1,YES
yaw1450_pitchp0125_roll-045,145.0,12.5,-45.0,0.18852481,P3,R4_bright_info_boundary,bright/robust-easy + info-boundary,1,1,1,YES
yaw1450_pitchp0150_roll-045,145.0,15.0,-45.0,0.17851076,P3,R4_bright_info_boundary,bright/robust-easy + info-boundary,1,1,1,YES
yaw1450_pitchp0175_roll-045,145.0,17.5,-45.0,0.14885697,P3,R4_bright_info_boundary,bright/robust-easy + info-boundary,1,1,1,YES
yaw1450_pitchp0200_roll-045,145.0,20.0,-45.0,0.10991674,P3,R4_bright_info_boundary,bright/robust-easy + info-boundary,1,1,1,YES
yaw1450_pitchp0225_roll-045,145.0,22.5,-45.0,0.07371503,P3,R4_bright_info_boundary,bright/robust-easy + info-boundary,1,1,1,YES
yaw1450_pitchp0250_roll-045,145.0,25.0,-45.0,0.04589465,P3,R4_bright_info_boundary,bright/robust-easy + info-boundary,1,1,1,YES
yaw1475_pitchp0100_roll-045,147.5,10.0,-45.0,0.18845066,P3,R4_bright_info_boundary,bright/robust-easy + info-boundary,1,1,1,YES
yaw1475_pitchp0125_roll-045,147.5,12.5,-45.0,0.20154069,P3,R4_bright_info_boundary,bright/robust-easy + info-boundary,1,1,1,YES
yaw1475_pitchp0150_roll-045,147.5,15.0,-45.0,0.19165732,P3,R4_bright_info_boundary,bright/robust-easy + info-boundary,1,1,1,YES
yaw1475_pitchp0175_roll-045,147.5,17.5,-45.0,0.15826479,P3,R4_bright_info_boundary,bright/robust-easy + info-boundary,1,1,1,YES
yaw1475_pitchp0200_roll-045,147.5,20.0,-45.0,0.11710733,P3,R4_bright_info_boundary,bright/robust-easy + info-boundary,1,1,1,YES
yaw1475_pitchp0225_roll-045,147.5,22.5,-45.0,0.07770423,P3,R4_bright_info_boundary,bright/robust-easy + info-boundary,1,1,1,YES
yaw1475_pitchp0250_roll-045,147.5,25.0,-45.0,0.04811801,P3,R4_bright_info_boundary,bright/robust-easy + info-boundary,1,1,1,YES
yaw1500_pitchp0100_roll-045,150.0,10.0,-45.0,0.17505167,P3,R4_bright_info_boundary,bright/robust-easy + info-boundary,1,1,1,YES
yaw1500_pitchp0125_roll-045,150.0,12.5,-45.0,0.18957557,P3,R4_bright_info_boundary,bright/robust-easy + info-boundary,1,1,1,YES
yaw1500_pitchp0150_roll-045,150.0,15.0,-45.0,0.17950843,P3,R4_bright_info_boundary,bright/robust-easy + info-boundary,1,1,1,YES
yaw1500_pitchp0175_roll-045,150.0,17.5,-45.0,0.14975351,P3,R4_bright_info_boundary,bright/robust-easy + info-boundary,1,1,1,YES
yaw1500_pitchp0200_roll-045,150.0,20.0,-45.0,0.11008160,P3,R4_bright_info_boundary,bright/robust-easy + info-boundary,1,1,1,YES
yaw1500_pitchp0225_roll-045,150.0,22.5,-45.0,0.07393717,P3,R4_bright_info_boundary,bright/robust-easy + info-boundary,1,1,1,YES
yaw1500_pitchp0250_roll-045,150.0,25.0,-45.0,0.04648134,P3,R4_bright_info_boundary,bright/robust-easy + info-boundary,1,1,1,YES
yaw1525_pitchp0100_roll-045,152.5,10.0,-45.0,0.14514610,P3,R4_bright_info_boundary,bright/robust-easy + info-boundary,1,1,1,YES
yaw1525_pitchp0125_roll-045,152.5,12.5,-45.0,0.15929250,P3,R4_bright_info_boundary,bright/robust-easy + info-boundary,1,1,1,YES
yaw1525_pitchp0150_roll-045,152.5,15.0,-45.0,0.14893652,P3,R4_bright_info_boundary,bright/robust-easy + info-boundary,1,1,1,YES
yaw1525_pitchp0175_roll-045,152.5,17.5,-45.0,0.12430315,P3,R4_bright_info_boundary,bright/robust-easy + info-boundary,1,1,1,YES
yaw1525_pitchp0200_roll-045,152.5,20.0,-45.0,0.09295677,P3,R4_bright_info_boundary,bright/robust-easy + info-boundary,1,1,1,YES
yaw1525_pitchp0225_roll-045,152.5,22.5,-45.0,0.06472133,P3,R4_bright_info_boundary,bright/robust-easy + info-boundary,1,1,1,YES
yaw1525_pitchp0250_roll-045,152.5,25.0,-45.0,0.04276570,P3,R4_bright_info_boundary,bright/robust-easy + info-boundary,1,1,1,YES
yaw1550_pitchp0100_roll-045,155.0,10.0,-45.0,0.10635695,P3,R4_bright_info_boundary,bright/robust-easy + info-boundary,1,1,1,YES
yaw1550_pitchp0125_roll-045,155.0,12.5,-45.0,0.11439180,P3,R4_bright_info_boundary,bright/robust-easy + info-boundary,1,1,1,YES
yaw1550_pitchp0150_roll-045,155.0,15.0,-45.0,0.10996192,P3,R4_bright_info_boundary,bright/robust-easy + info-boundary,1,1,1,YES
yaw1550_pitchp0175_roll-045,155.0,17.5,-45.0,0.09359873,P3,R4_bright_info_boundary,bright/robust-easy + info-boundary,1,1,1,YES
yaw1550_pitchp0200_roll-045,155.0,20.0,-45.0,0.07163909,P3,R4_bright_info_boundary,bright/robust-easy + info-boundary,1,1,1,YES
yaw1550_pitchp0225_roll-045,155.0,22.5,-45.0,0.05187477,P3,R4_bright_info_boundary,bright/robust-easy + info-boundary,1,1,1,YES
yaw1550_pitchp0250_roll-045,155.0,25.0,-45.0,0.03624655,P3,R4_bright_info_boundary,bright/robust-easy + info-boundary,1,1,1,YES
yaw1575_pitchp0100_roll-045,157.5,10.0,-45.0,0.07224938,P3,R4_bright_info_boundary,bright/robust-easy + info-boundary,1,1,1,YES
yaw1575_pitchp0125_roll-045,157.5,12.5,-45.0,0.07703635,P3,R4_bright_info_boundary,bright/robust-easy + info-boundary,1,1,1,YES
yaw1575_pitchp0150_roll-045,157.5,15.0,-45.0,0.07374997,P3,R4_bright_info_boundary,bright/robust-easy + info-boundary,1,1,1,YES
yaw1575_pitchp0175_roll-045,157.5,17.5,-45.0,0.06537168,P3,R4_bright_info_boundary,bright/robust-easy + info-boundary,1,1,1,YES
yaw1575_pitchp0200_roll-045,157.5,20.0,-45.0,0.05230727,P3,R4_bright_info_boundary,bright/robust-easy + info-boundary,1,1,1,YES
yaw1575_pitchp0225_roll-045,157.5,22.5,-45.0,0.04044487,P3,R4_bright_info_boundary,bright/robust-easy + info-boundary,1,1,1,YES
yaw1575_pitchp0250_roll-045,157.5,25.0,-45.0,0.03059421,P3,R4_bright_info_boundary,bright/robust-easy + info-boundary,1,1,1,YES
yaw1600_pitchp0100_roll-045,160.0,10.0,-45.0,0.04718063,P3,R4_bright_info_boundary,bright/robust-easy + info-boundary,1,1,1,YES
yaw1600_pitchp0125_roll-045,160.0,12.5,-45.0,0.04987085,P3,R4_bright_info_boundary,bright/robust-easy + info-boundary,1,1,1,YES
yaw1600_pitchp0150_roll-045,160.0,15.0,-45.0,0.04858762,P3,R4_bright_info_boundary,bright/robust-easy + info-boundary,1,1,1,YES
yaw1600_pitchp0175_roll-045,160.0,17.5,-45.0,0.04406976,P3,R4_bright_info_boundary,bright/robust-easy + info-boundary,1,1,1,YES
yaw1600_pitchp0200_roll-045,160.0,20.0,-45.0,0.03784098,P3,R4_bright_info_boundary,bright/robust-easy + info-boundary,1,1,1,YES
yaw1600_pitchp0225_roll-045,160.0,22.5,-45.0,0.03196128,P3,R4_bright_info_boundary,bright/robust-easy + info-boundary,1,1,1,YES
yaw1600_pitchp0250_roll-045,160.0,25.0,-45.0,0.02573015,P3,R4_bright_info_boundary,bright/robust-easy + info-boundary,1,1,1,YES
yaw2050_pitchm0050_roll-045,205.0,-5.0,-45.0,0.01649684,P3,R5_control,neutral-control,1,1,1,YES
yaw2050_pitchm0100_roll-045,205.0,-10.0,-45.0,0.01684063,P3,R5_control,neutral-control,1,1,1,YES
yaw2100_pitchm0050_roll-045,210.0,-5.0,-45.0,0.01856410,P3,R5_control,neutral-control,1,1,1,YES
yaw2100_pitchm0100_roll-045,210.0,-10.0,-45.0,0.01862897,P3,R5_control,neutral-control,1,1,1,YES
yaw2400_pitchp0300_roll-045,240.0,30.0,-45.0,0.02176242,P3,R1_high_info,high-info,1,1,1,YES
yaw2400_pitchp0325_roll-045,240.0,32.5,-45.0,0.02175059,P3,R1_high_info,high-info,1,1,1,YES
yaw2400_pitchp0350_roll-045,240.0,35.0,-45.0,0.02148200,P3,R1_high_info,high-info,1,1,1,YES
yaw2400_pitchp0375_roll-045,240.0,37.5,-45.0,0.02129254,P3,R1_high_info,high-info,1,1,1,YES
yaw2400_pitchp0400_roll-045,240.0,40.0,-45.0,0.02102151,P3,R1_high_info,high-info,1,1,1,YES
yaw2425_pitchp0300_roll-045,242.5,30.0,-45.0,0.02169048,P3,R1_high_info,high-info,1,1,1,YES
yaw2425_pitchp0325_roll-045,242.5,32.5,-45.0,0.02140753,P3,R1_high_info,high-info,1,1,1,YES
yaw2425_pitchp0350_roll-045,242.5,35.0,-45.0,0.02161271,P3,R1_high_info,high-info,1,1,1,YES
yaw2425_pitchp0375_roll-045,242.5,37.5,-45.0,0.02107295,P3,R1_high_info,high-info,1,1,1,YES
yaw2425_pitchp0400_roll-045,242.5,40.0,-45.0,0.02104740,P3,R1_high_info,high-info,1,1,1,YES
yaw2450_pitchp0300_roll-045,245.0,30.0,-45.0,0.02143604,P3,R1_high_info,high-info,1,1,1,YES
yaw2450_pitchp0325_roll-045,245.0,32.5,-45.0,0.02124763,P3,R1_high_info,high-info,1,1,1,YES
yaw2450_pitchp0350_roll-045,245.0,35.0,-45.0,0.02113580,P3,R1_high_info,high-info,1,1,1,YES
yaw2450_pitchp0375_roll-045,245.0,37.5,-45.0,0.02123135,P3,R1_high_info,high-info,1,1,1,YES
yaw2450_pitchp0400_roll-045,245.0,40.0,-45.0,0.02080660,P3,R1_high_info,high-info,1,1,1,YES
yaw2475_pitchp0300_roll-045,247.5,30.0,-45.0,0.02123439,P3,R1_high_info,high-info,1,1,1,YES
yaw2475_pitchp0325_roll-045,247.5,32.5,-45.0,0.02112051,P3,R1_high_info,high-info,1,1,1,YES
yaw2475_pitchp0350_roll-045,247.5,35.0,-45.0,0.02122206,P3,R1_high_info,high-info,1,1,1,YES
yaw2475_pitchp0375_roll-045,247.5,37.5,-45.0,0.02074806,P3,R1_high_info,high-info,1,1,1,YES
yaw2475_pitchp0400_roll-045,247.5,40.0,-45.0,0.02032118,P3,R1_high_info,high-info,1,1,1,YES
yaw2500_pitchp0300_roll-045,250.0,30.0,-45.0,0.02072162,P3,R1_high_info,high-info,1,1,1,YES
yaw2500_pitchp0325_roll-045,250.0,32.5,-45.0,0.02050726,P3,R1_high_info,high-info,1,1,1,YES
yaw2500_pitchp0350_roll-045,250.0,35.0,-45.0,0.02067296,P3,R1_high_info,high-info,1,1,1,YES
yaw2500_pitchp0375_roll-045,250.0,37.5,-45.0,0.02029851,P3,R1_high_info,high-info,1,1,1,YES
yaw2500_pitchp0400_roll-045,250.0,40.0,-45.0,0.02019951,P3,R1_high_info,high-info,1,1,1,YES
yaw2800_pitchm0800_roll-045,280.0,-80.0,-45.0,0.02722313,P3,R2_control,dark/roll-sensitive-control,1,1,1,YES
yaw2800_pitchm0850_roll-045,280.0,-85.0,-45.0,0.03242260,P3,R2_control,dark/roll-sensitive-control,1,1,1,YES
yaw2850_pitchm0800_roll-045,285.0,-80.0,-45.0,0.02680864,P3,R2_control,dark/roll-sensitive-control,1,1,1,YES
yaw2850_pitchm0850_roll-045,285.0,-85.0,-45.0,0.03154575,P3,R2_control,dark/roll-sensitive-control,1,1,1,YES
yaw0550_pitchp0600_roll-060,55.0,60.0,-60.0,0.01598010,P3,R3_low_info_connectivity,low-info/ocs-hard,1,1,1,YES
yaw0550_pitchp0625_roll-060,55.0,62.5,-60.0,0.01572014,P3,R3_low_info_connectivity,low-info/ocs-hard,1,1,1,YES
yaw0550_pitchp0650_roll-060,55.0,65.0,-60.0,0.01530430,P3,R3_low_info_connectivity,low-info/ocs-hard,1,1,1,YES
yaw0550_pitchp0675_roll-060,55.0,67.5,-60.0,0.01519974,P3,R3_low_info_connectivity,low-info/ocs-hard,1,1,1,YES
yaw0550_pitchp0700_roll-060,55.0,70.0,-60.0,0.01502179,P3,R3_low_info_connectivity,low-info/ocs-hard,1,1,1,YES
yaw0575_pitchp0600_roll-060,57.5,60.0,-60.0,0.01494299,P3,R3_low_info_connectivity,low-info/ocs-hard,1,1,1,YES
yaw0575_pitchp0625_roll-060,57.5,62.5,-60.0,0.01486384,P3,R3_low_info_connectivity,low-info/ocs-hard,1,1,1,YES
yaw0575_pitchp0650_roll-060,57.5,65.0,-60.0,0.01447813,P3,R3_low_info_connectivity,low-info/ocs-hard,1,1,1,YES
yaw0575_pitchp0675_roll-060,57.5,67.5,-60.0,0.01442817,P3,R3_low_info_connectivity,low-info/ocs-hard,1,1,1,YES
yaw0575_pitchp0700_roll-060,57.5,70.0,-60.0,0.01426306,P3,R3_low_info_connectivity,low-info/ocs-hard,1,1,1,YES
yaw0600_pitchp0600_roll-060,60.0,60.0,-60.0,0.01429260,P3,R3_low_info_connectivity,low-info/ocs-hard,1,1,1,YES
yaw0600_pitchp0625_roll-060,60.0,62.5,-60.0,0.01404497,P3,R3_low_info_connectivity,low-info/ocs-hard,1,1,1,YES
yaw0600_pitchp0650_roll-060,60.0,65.0,-60.0,0.01373716,P3,R3_low_info_connectivity,low-info/ocs-hard,1,1,1,YES
yaw0600_pitchp0675_roll-060,60.0,67.5,-60.0,0.01394131,P3,R3_low_info_connectivity,low-info/ocs-hard,1,1,1,YES
yaw0600_pitchp0700_roll-060,60.0,70.0,-60.0,0.01387607,P3,R3_low_info_connectivity,low-info/ocs-hard,1,1,1,YES
yaw0625_pitchp0600_roll-060,62.5,60.0,-60.0,0.01383861,P3,R3_low_info_connectivity,low-info/ocs-hard,1,1,1,YES
yaw0625_pitchp0625_roll-060,62.5,62.5,-60.0,0.01412931,P3,R3_low_info_connectivity,low-info/ocs-hard,1,1,1,YES
yaw0625_pitchp0650_roll-060,62.5,65.0,-60.0,0.01424276,P3,R3_low_info_connectivity,low-info/ocs-hard,1,1,1,YES
yaw0625_pitchp0675_roll-060,62.5,67.5,-60.0,0.01447651,P3,R3_low_info_connectivity,low-info/ocs-hard,1,1,1,YES
yaw0625_pitchp0700_roll-060,62.5,70.0,-60.0,0.01480056,P3,R3_low_info_connectivity,low-info/ocs-hard,1,1,1,YES
yaw0650_pitchp0600_roll-060,65.0,60.0,-60.0,0.01469847,P3,R3_low_info_connectivity,low-info/ocs-hard,1,1,1,YES
yaw0650_pitchp0625_roll-060,65.0,62.5,-60.0,0.01478096,P3,R3_low_info_connectivity,low-info/ocs-hard,1,1,1,YES
yaw0650_pitchp0650_roll-060,65.0,65.0,-60.0,0.01519658,P3,R3_low_info_connectivity,low-info/ocs-hard,1,1,1,YES
yaw0650_pitchp0675_roll-060,65.0,67.5,-60.0,0.01541268,P3,R3_low_info_connectivity,low-info/ocs-hard,1,1,1,YES
yaw0650_pitchp0700_roll-060,65.0,70.0,-60.0,0.01567676,P3,R3_low_info_connectivity,low-info/ocs-hard,1,1,1,YES
yaw1450_pitchp0100_roll-060,145.0,10.0,-60.0,0.17385666,P3,R4_bright_info_boundary,bright/robust-easy + info-boundary,1,1,1,YES
yaw1450_pitchp0125_roll-060,145.0,12.5,-60.0,0.18725151,P3,R4_bright_info_boundary,bright/robust-easy + info-boundary,1,1,1,YES
yaw1450_pitchp0150_roll-060,145.0,15.0,-60.0,0.17520069,P3,R4_bright_info_boundary,bright/robust-easy + info-boundary,1,1,1,YES
yaw1450_pitchp0175_roll-060,145.0,17.5,-60.0,0.14478394,P3,R4_bright_info_boundary,bright/robust-easy + info-boundary,1,1,1,YES
yaw1450_pitchp0200_roll-060,145.0,20.0,-60.0,0.10571761,P3,R4_bright_info_boundary,bright/robust-easy + info-boundary,1,1,1,YES
yaw1450_pitchp0225_roll-060,145.0,22.5,-60.0,0.07039417,P3,R4_bright_info_boundary,bright/robust-easy + info-boundary,1,1,1,YES
yaw1450_pitchp0250_roll-060,145.0,25.0,-60.0,0.04575158,P3,R4_bright_info_boundary,bright/robust-easy + info-boundary,1,1,1,YES
yaw1475_pitchp0100_roll-060,147.5,10.0,-60.0,0.18515499,P3,R4_bright_info_boundary,bright/robust-easy + info-boundary,1,1,1,YES
yaw1475_pitchp0125_roll-060,147.5,12.5,-60.0,0.20158178,P3,R4_bright_info_boundary,bright/robust-easy + info-boundary,1,1,1,YES
yaw1475_pitchp0150_roll-060,147.5,15.0,-60.0,0.18877688,P3,R4_bright_info_boundary,bright/robust-easy + info-boundary,1,1,1,YES
yaw1475_pitchp0175_roll-060,147.5,17.5,-60.0,0.15586694,P3,R4_bright_info_boundary,bright/robust-easy + info-boundary,1,1,1,YES
yaw1475_pitchp0200_roll-060,147.5,20.0,-60.0,0.11327599,P3,R4_bright_info_boundary,bright/robust-easy + info-boundary,1,1,1,YES
yaw1475_pitchp0225_roll-060,147.5,22.5,-60.0,0.07500103,P3,R4_bright_info_boundary,bright/robust-easy + info-boundary,1,1,1,YES
yaw1475_pitchp0250_roll-060,147.5,25.0,-60.0,0.04796238,P3,R4_bright_info_boundary,bright/robust-easy + info-boundary,1,1,1,YES
yaw1500_pitchp0100_roll-060,150.0,10.0,-60.0,0.17483866,P3,R4_bright_info_boundary,bright/robust-easy + info-boundary,1,1,1,YES
yaw1500_pitchp0125_roll-060,150.0,12.5,-60.0,0.18959270,P3,R4_bright_info_boundary,bright/robust-easy + info-boundary,1,1,1,YES
yaw1500_pitchp0150_roll-060,150.0,15.0,-60.0,0.17851767,P3,R4_bright_info_boundary,bright/robust-easy + info-boundary,1,1,1,YES
yaw1500_pitchp0175_roll-060,150.0,17.5,-60.0,0.14723010,P3,R4_bright_info_boundary,bright/robust-easy + info-boundary,1,1,1,YES
yaw1500_pitchp0200_roll-060,150.0,20.0,-60.0,0.10797399,P3,R4_bright_info_boundary,bright/robust-easy + info-boundary,1,1,1,YES
yaw1500_pitchp0225_roll-060,150.0,22.5,-60.0,0.07139312,P3,R4_bright_info_boundary,bright/robust-easy + info-boundary,1,1,1,YES
yaw1500_pitchp0250_roll-060,150.0,25.0,-60.0,0.04618230,P3,R4_bright_info_boundary,bright/robust-easy + info-boundary,1,1,1,YES
yaw1525_pitchp0100_roll-060,152.5,10.0,-60.0,0.14565945,P3,R4_bright_info_boundary,bright/robust-easy + info-boundary,1,1,1,YES
yaw1525_pitchp0125_roll-060,152.5,12.5,-60.0,0.15565746,P3,R4_bright_info_boundary,bright/robust-easy + info-boundary,1,1,1,YES
yaw1525_pitchp0150_roll-060,152.5,15.0,-60.0,0.14841133,P3,R4_bright_info_boundary,bright/robust-easy + info-boundary,1,1,1,YES
yaw1525_pitchp0175_roll-060,152.5,17.5,-60.0,0.12373462,P3,R4_bright_info_boundary,bright/robust-easy + info-boundary,1,1,1,YES
yaw1525_pitchp0200_roll-060,152.5,20.0,-60.0,0.09069672,P3,R4_bright_info_boundary,bright/robust-easy + info-boundary,1,1,1,YES
yaw1525_pitchp0225_roll-060,152.5,22.5,-60.0,0.06209753,P3,R4_bright_info_boundary,bright/robust-easy + info-boundary,1,1,1,YES
yaw1525_pitchp0250_roll-060,152.5,25.0,-60.0,0.04185781,P3,R4_bright_info_boundary,bright/robust-easy + info-boundary,1,1,1,YES
yaw1550_pitchp0100_roll-060,155.0,10.0,-60.0,0.10746101,P3,R4_bright_info_boundary,bright/robust-easy + info-boundary,1,1,1,YES
yaw1550_pitchp0125_roll-060,155.0,12.5,-60.0,0.11517204,P3,R4_bright_info_boundary,bright/robust-easy + info-boundary,1,1,1,YES
yaw1550_pitchp0150_roll-060,155.0,15.0,-60.0,0.11044074,P3,R4_bright_info_boundary,bright/robust-easy + info-boundary,1,1,1,YES
yaw1550_pitchp0175_roll-060,155.0,17.5,-60.0,0.09263451,P3,R4_bright_info_boundary,bright/robust-easy + info-boundary,1,1,1,YES
yaw1550_pitchp0200_roll-060,155.0,20.0,-60.0,0.07011379,P3,R4_bright_info_boundary,bright/robust-easy + info-boundary,1,1,1,YES
yaw1550_pitchp0225_roll-060,155.0,22.5,-60.0,0.05001512,P3,R4_bright_info_boundary,bright/robust-easy + info-boundary,1,1,1,YES
yaw1550_pitchp0250_roll-060,155.0,25.0,-60.0,0.03546337,P3,R4_bright_info_boundary,bright/robust-easy + info-boundary,1,1,1,YES
yaw1575_pitchp0100_roll-060,157.5,10.0,-60.0,0.07239977,P3,R4_bright_info_boundary,bright/robust-easy + info-boundary,1,1,1,YES
yaw1575_pitchp0125_roll-060,157.5,12.5,-60.0,0.07776293,P3,R4_bright_info_boundary,bright/robust-easy + info-boundary,1,1,1,YES
yaw1575_pitchp0150_roll-060,157.5,15.0,-60.0,0.07402013,P3,R4_bright_info_boundary,bright/robust-easy + info-boundary,1,1,1,YES
yaw1575_pitchp0175_roll-060,157.5,17.5,-60.0,0.06401741,P3,R4_bright_info_boundary,bright/robust-easy + info-boundary,1,1,1,YES
yaw1575_pitchp0200_roll-060,157.5,20.0,-60.0,0.05108619,P3,R4_bright_info_boundary,bright/robust-easy + info-boundary,1,1,1,YES
yaw1575_pitchp0225_roll-060,157.5,22.5,-60.0,0.03862957,P3,R4_bright_info_boundary,bright/robust-easy + info-boundary,1,1,1,YES
yaw1575_pitchp0250_roll-060,157.5,25.0,-60.0,0.02960786,P3,R4_bright_info_boundary,bright/robust-easy + info-boundary,1,1,1,YES
yaw1600_pitchp0100_roll-060,160.0,10.0,-60.0,0.04752043,P3,R4_bright_info_boundary,bright/robust-easy + info-boundary,1,1,1,YES
yaw1600_pitchp0125_roll-060,160.0,12.5,-60.0,0.04972160,P3,R4_bright_info_boundary,bright/robust-easy + info-boundary,1,1,1,YES
yaw1600_pitchp0150_roll-060,160.0,15.0,-60.0,0.04878109,P3,R4_bright_info_boundary,bright/robust-easy + info-boundary,1,1,1,YES
yaw1600_pitchp0175_roll-060,160.0,17.5,-60.0,0.04345496,P3,R4_bright_info_boundary,bright/robust-easy + info-boundary,1,1,1,YES
yaw1600_pitchp0200_roll-060,160.0,20.0,-60.0,0.03692299,P3,R4_bright_info_boundary,bright/robust-easy + info-boundary,1,1,1,YES
yaw1600_pitchp0225_roll-060,160.0,22.5,-60.0,0.03020496,P3,R4_bright_info_boundary,bright/robust-easy + info-boundary,1,1,1,YES
yaw1600_pitchp0250_roll-060,160.0,25.0,-60.0,0.02543347,P3,R4_bright_info_boundary,bright/robust-easy + info-boundary,1,1,1,YES
yaw2050_pitchm0050_roll-060,205.0,-5.0,-60.0,0.01801810,P3,R5_control,neutral-control,1,1,1,YES
yaw2050_pitchm0100_roll-060,205.0,-10.0,-60.0,0.01949030,P3,R5_control,neutral-control,1,1,1,YES
yaw2100_pitchm0050_roll-060,210.0,-5.0,-60.0,0.01956841,P3,R5_control,neutral-control,1,1,1,YES
yaw2100_pitchm0100_roll-060,210.0,-10.0,-60.0,0.02061895,P3,R5_control,neutral-control,1,1,1,YES
yaw2400_pitchp0300_roll-060,240.0,30.0,-60.0,0.02396684,P3,R1_high_info,high-info,1,1,1,YES
yaw2400_pitchp0325_roll-060,240.0,32.5,-60.0,0.02351112,P3,R1_high_info,high-info,1,1,1,YES
yaw2400_pitchp0350_roll-060,240.0,35.0,-60.0,0.02268044,P3,R1_high_info,high-info,1,1,1,YES
yaw2400_pitchp0375_roll-060,240.0,37.5,-60.0,0.02232102,P3,R1_high_info,high-info,1,1,1,YES
yaw2400_pitchp0400_roll-060,240.0,40.0,-60.0,0.02141155,P3,R1_high_info,high-info,1,1,1,YES
yaw2425_pitchp0300_roll-060,242.5,30.0,-60.0,0.02622085,P3,R1_high_info,high-info,1,1,1,YES
yaw2425_pitchp0325_roll-060,242.5,32.5,-60.0,0.02576897,P3,R1_high_info,high-info,1,1,1,YES
yaw2425_pitchp0350_roll-060,242.5,35.0,-60.0,0.02486030,P3,R1_high_info,high-info,1,1,1,YES
yaw2425_pitchp0375_roll-060,242.5,37.5,-60.0,0.02427509,P3,R1_high_info,high-info,1,1,1,YES
yaw2425_pitchp0400_roll-060,242.5,40.0,-60.0,0.02339002,P3,R1_high_info,high-info,1,1,1,YES
yaw2450_pitchp0300_roll-060,245.0,30.0,-60.0,0.02971689,P3,R1_high_info,high-info,1,1,1,YES
yaw2450_pitchp0325_roll-060,245.0,32.5,-60.0,0.02937607,P3,R1_high_info,high-info,1,1,1,YES
yaw2450_pitchp0350_roll-060,245.0,35.0,-60.0,0.02814579,P3,R1_high_info,high-info,1,1,1,YES
yaw2450_pitchp0375_roll-060,245.0,37.5,-60.0,0.02850564,P3,R1_high_info,high-info,1,1,1,YES
yaw2450_pitchp0400_roll-060,245.0,40.0,-60.0,0.02766417,P3,R1_high_info,high-info,1,1,1,YES
yaw2475_pitchp0300_roll-060,247.5,30.0,-60.0,0.03347139,P3,R1_high_info,high-info,1,1,1,YES
yaw2475_pitchp0325_roll-060,247.5,32.5,-60.0,0.03457825,P3,R1_high_info,high-info,1,1,1,YES
yaw2475_pitchp0350_roll-060,247.5,35.0,-60.0,0.03445631,P3,R1_high_info,high-info,1,1,1,YES
yaw2475_pitchp0375_roll-060,247.5,37.5,-60.0,0.03380898,P3,R1_high_info,high-info,1,1,1,YES
yaw2475_pitchp0400_roll-060,247.5,40.0,-60.0,0.03312993,P3,R1_high_info,high-info,1,1,1,YES
yaw2500_pitchp0300_roll-060,250.0,30.0,-60.0,0.03787648,P3,R1_high_info,high-info,1,1,1,YES
yaw2500_pitchp0325_roll-060,250.0,32.5,-60.0,0.03877701,P3,R1_high_info,high-info,1,1,1,YES
yaw2500_pitchp0350_roll-060,250.0,35.0,-60.0,0.03959122,P3,R1_high_info,high-info,1,1,1,YES
yaw2500_pitchp0375_roll-060,250.0,37.5,-60.0,0.04125685,P3,R1_high_info,high-info,1,1,1,YES
yaw2500_pitchp0400_roll-060,250.0,40.0,-60.0,0.04229285,P3,R1_high_info,high-info,1,1,1,YES
yaw2800_pitchm0800_roll-060,280.0,-80.0,-60.0,0.02268443,P3,R2_control,dark/roll-sensitive-control,1,1,1,YES
yaw2800_pitchm0850_roll-060,280.0,-85.0,-60.0,0.02367917,P3,R2_control,dark/roll-sensitive-control,1,1,1,YES
yaw2850_pitchm0800_roll-060,285.0,-80.0,-60.0,0.02397592,P3,R2_control,dark/roll-sensitive-control,1,1,1,YES
yaw2850_pitchm0850_roll-060,285.0,-85.0,-60.0,0.02535335,P3,R2_control,dark/roll-sensitive-control,1,1,1,YES
yaw055_pitch+075_roll+015,55.0,75.0,15.0,0.02952335,P2,R3_low_info,low-info/ocs-hard,1,1,1,YES
yaw055_pitch+080_roll+015,55.0,80.0,15.0,0.02995920,P2,R3_low_info,low-info/ocs-hard,1,1,1,YES
yaw060_pitch+075_roll+015,60.0,75.0,15.0,0.03214295,P2,R3_low_info,low-info/ocs-hard,1,1,1,YES
yaw060_pitch+080_roll+015,60.0,80.0,15.0,0.03287436,P2,R3_low_info,low-info/ocs-hard,1,1,1,YES
yaw065_pitch+075_roll+015,65.0,75.0,15.0,0.03673418,P2,R3_low_info,low-info/ocs-hard,1,1,1,YES
yaw065_pitch+080_roll+015,65.0,80.0,15.0,0.04006243,P2,R3_low_info,low-info/ocs-hard,1,1,1,YES
yaw070_pitch+060_roll+015,70.0,60.0,15.0,0.03273356,P2,R3_low_info,low-info/ocs-hard,1,1,1,YES
yaw070_pitch+065_roll+015,70.0,65.0,15.0,0.03470005,P2,R3_low_info,low-info/ocs-hard,1,1,1,YES
yaw070_pitch+070_roll+015,70.0,70.0,15.0,0.03748921,P2,R3_low_info,low-info/ocs-hard,1,1,1,YES
yaw070_pitch+075_roll+015,70.0,75.0,15.0,0.04140194,P2,R3_low_info,low-info/ocs-hard,1,1,1,YES
yaw070_pitch+080_roll+015,70.0,80.0,15.0,0.04694299,P2,R3_low_info,low-info/ocs-hard,1,1,1,YES
yaw075_pitch+060_roll+015,75.0,60.0,15.0,0.03297393,P2,R3_low_info,low-info/ocs-hard,1,1,1,YES
yaw075_pitch+065_roll+015,75.0,65.0,15.0,0.03521397,P2,R3_low_info,low-info/ocs-hard,1,1,1,YES
yaw075_pitch+070_roll+015,75.0,70.0,15.0,0.03761295,P2,R3_low_info,low-info/ocs-hard,1,1,1,YES
yaw075_pitch+075_roll+015,75.0,75.0,15.0,0.04193633,P2,R3_low_info,low-info/ocs-hard,1,1,1,YES
yaw075_pitch+080_roll+015,75.0,80.0,15.0,0.04813331,P2,R3_low_info,low-info/ocs-hard,1,1,1,YES
yaw140_pitch+005_roll+015,140.0,5.0,15.0,0.06664144,P2,R4_bright_robust,bright/robust-easy,1,1,1,YES
yaw140_pitch+010_roll+015,140.0,10.0,15.0,0.10509270,P2,R4_bright_robust,bright/robust-easy,1,1,1,YES
yaw140_pitch+015_roll+015,140.0,15.0,15.0,0.10823275,P2,R4_bright_robust,bright/robust-easy,1,1,1,YES
yaw140_pitch+020_roll+015,140.0,20.0,15.0,0.06989855,P2,R4_bright_robust,bright/robust-easy,1,1,1,YES
yaw140_pitch+025_roll+015,140.0,25.0,15.0,0.03513287,P2,R4_bright_robust,bright/robust-easy,1,1,1,YES
yaw145_pitch+005_roll+015,145.0,5.0,15.0,0.10112239,P2,R4_bright_robust,bright/robust-easy,1,1,1,YES
yaw150_pitch+005_roll+015,150.0,5.0,15.0,0.10119987,P2,R4_bright_robust,bright/robust-easy,1,1,1,YES
yaw155_pitch+005_roll+015,155.0,5.0,15.0,0.06531452,P2,R4_bright_robust,bright/robust-easy,1,1,1,YES
yaw160_pitch+005_roll+015,160.0,5.0,15.0,0.03520696,P2,R4_bright_robust,bright/robust-easy,1,1,1,YES
yaw190_pitch+000_roll+015,190.0,0.0,15.0,0.01930375,P2,R5_neutral,neutral-control,1,1,1,YES
yaw190_pitch+005_roll+015,190.0,5.0,15.0,0.01921638,P2,R5_neutral,neutral-control,1,1,1,YES
yaw190_pitch+010_roll+015,190.0,10.0,15.0,0.01809641,P2,R5_neutral,neutral-control,1,1,1,YES
yaw190_pitch-005_roll+015,190.0,-5.0,15.0,0.01891341,P2,R5_neutral,neutral-control,1,1,1,YES
yaw190_pitch-010_roll+015,190.0,-10.0,15.0,0.01831021,P2,R5_neutral,neutral-control,1,1,1,YES
yaw195_pitch+000_roll+015,195.0,0.0,15.0,0.01949898,P2,R5_neutral,neutral-control,1,1,1,YES
yaw195_pitch+005_roll+015,195.0,5.0,15.0,0.01884268,P2,R5_neutral,neutral-control,1,1,1,YES
yaw195_pitch+010_roll+015,195.0,10.0,15.0,0.01818828,P2,R5_neutral,neutral-control,1,1,1,YES
yaw195_pitch-005_roll+015,195.0,-5.0,15.0,0.01900497,P2,R5_neutral,neutral-control,1,1,1,YES
yaw195_pitch-010_roll+015,195.0,-10.0,15.0,0.01884977,P2,R5_neutral,neutral-control,1,1,1,YES
yaw200_pitch+000_roll+015,200.0,0.0,15.0,0.01942481,P2,R5_neutral,neutral-control,1,1,1,YES
yaw200_pitch+005_roll+015,200.0,5.0,15.0,0.01965148,P2,R5_neutral,neutral-control,1,1,1,YES
yaw200_pitch+010_roll+015,200.0,10.0,15.0,0.01875732,P2,R5_neutral,neutral-control,1,1,1,YES
yaw200_pitch-005_roll+015,200.0,-5.0,15.0,0.02009993,P2,R5_neutral,neutral-control,1,1,1,YES
yaw200_pitch-010_roll+015,200.0,-10.0,15.0,0.01972865,P2,R5_neutral,neutral-control,1,1,1,YES
yaw205_pitch+000_roll+015,205.0,0.0,15.0,0.02031170,P2,R5_neutral,neutral-control,1,1,1,YES
yaw205_pitch+005_roll+015,205.0,5.0,15.0,0.02036964,P2,R5_neutral,neutral-control,1,1,1,YES
yaw205_pitch+010_roll+015,205.0,10.0,15.0,0.01972062,P2,R5_neutral,neutral-control,1,1,1,YES
yaw210_pitch+000_roll+015,210.0,0.0,15.0,0.02362855,P2,R5_neutral,neutral-control,1,1,1,YES
yaw210_pitch+005_roll+015,210.0,5.0,15.0,0.02318248,P2,R5_neutral,neutral-control,1,1,1,YES
yaw210_pitch+010_roll+015,210.0,10.0,15.0,0.02239743,P2,R5_neutral,neutral-control,1,1,1,YES
yaw230_pitch+015_roll+015,230.0,15.0,15.0,0.06522531,P2,R1_high_info,high-info,1,1,1,YES
yaw230_pitch+020_roll+015,230.0,20.0,15.0,0.05513204,P2,R1_high_info,high-info,1,1,1,YES
yaw230_pitch+025_roll+015,230.0,25.0,15.0,0.04762073,P2,R1_high_info,high-info,1,1,1,YES
yaw230_pitch+030_roll+015,230.0,30.0,15.0,0.04123791,P2,R1_high_info,high-info,1,1,1,YES
yaw230_pitch+035_roll+015,230.0,35.0,15.0,0.03694315,P2,R1_high_info,high-info,1,1,1,YES
yaw235_pitch+015_roll+015,235.0,15.0,15.0,0.13315672,P2,R1_high_info,high-info,1,1,1,YES
yaw235_pitch+020_roll+015,235.0,20.0,15.0,0.11513942,P2,R1_high_info,high-info,1,1,1,YES
yaw235_pitch+025_roll+015,235.0,25.0,15.0,0.09824272,P2,R1_high_info,high-info,1,1,1,YES
yaw235_pitch+030_roll+015,235.0,30.0,15.0,0.08262153,P2,R1_high_info,high-info,1,1,1,YES
yaw235_pitch+035_roll+015,235.0,35.0,15.0,0.06965578,P2,R1_high_info,high-info,1,1,1,YES
yaw240_pitch+015_roll+015,240.0,15.0,15.0,0.19713083,P2,R1_high_info,high-info,1,1,1,YES
yaw240_pitch+020_roll+015,240.0,20.0,15.0,0.19111823,P2,R1_high_info,high-info,1,1,1,YES
yaw240_pitch+025_roll+015,240.0,25.0,15.0,0.17649806,P2,R1_high_info,high-info,1,1,1,YES
yaw245_pitch+015_roll+015,245.0,15.0,15.0,0.17925857,P2,R1_high_info,high-info,1,1,1,YES
yaw245_pitch+020_roll+015,245.0,20.0,15.0,0.19484702,P2,R1_high_info,high-info,1,1,1,YES
yaw250_pitch+015_roll+015,250.0,15.0,15.0,0.10360627,P2,R1_high_info,high-info,1,1,1,YES
yaw250_pitch+020_roll+015,250.0,20.0,15.0,0.12385264,P2,R1_high_info,high-info,1,1,1,YES
yaw250_pitch+025_roll+015,250.0,25.0,15.0,0.14527689,P2,R1_high_info,high-info,1,1,1,YES
yaw275_pitch-065_roll+015,275.0,-65.0,15.0,0.01104089,P2,R2_dark_rollsens,dark/roll-sensitive,1,1,1,YES
yaw275_pitch-070_roll+015,275.0,-70.0,15.0,0.01097729,P2,R2_dark_rollsens,dark/roll-sensitive,1,1,1,YES
yaw275_pitch-075_roll+015,275.0,-75.0,15.0,0.01113513,P2,R2_dark_rollsens,dark/roll-sensitive,1,1,1,YES
yaw275_pitch-080_roll+015,275.0,-80.0,15.0,0.01175762,P2,R2_dark_rollsens,dark/roll-sensitive,1,1,1,YES
yaw275_pitch-085_roll+015,275.0,-85.0,15.0,0.01154814,P2,R2_dark_rollsens,dark/roll-sensitive,1,1,1,YES
yaw280_pitch-065_roll+015,280.0,-65.0,15.0,0.01209677,P2,R2_dark_rollsens,dark/roll-sensitive,1,1,1,YES
yaw280_pitch-070_roll+015,280.0,-70.0,15.0,0.01194157,P2,R2_dark_rollsens,dark/roll-sensitive,1,1,1,YES
yaw280_pitch-075_roll+015,280.0,-75.0,15.0,0.01241855,P2,R2_dark_rollsens,dark/roll-sensitive,1,1,1,YES
yaw285_pitch-065_roll+015,285.0,-65.0,15.0,0.01331665,P2,R2_dark_rollsens,dark/roll-sensitive,1,1,1,YES
yaw285_pitch-070_roll+015,285.0,-70.0,15.0,0.01357253,P2,R2_dark_rollsens,dark/roll-sensitive,1,1,1,YES
yaw285_pitch-075_roll+015,285.0,-75.0,15.0,0.01412627,P2,R2_dark_rollsens,dark/roll-sensitive,1,1,1,YES
yaw290_pitch-065_roll+015,290.0,-65.0,15.0,0.01518476,P2,R2_dark_rollsens,dark/roll-sensitive,1,1,1,YES
yaw290_pitch-070_roll+015,290.0,-70.0,15.0,0.01518033,P2,R2_dark_rollsens,dark/roll-sensitive,1,1,1,YES
yaw290_pitch-075_roll+015,290.0,-75.0,15.0,0.01579190,P2,R2_dark_rollsens,dark/roll-sensitive,1,1,1,YES
yaw290_pitch-080_roll+015,290.0,-80.0,15.0,0.01670879,P2,R2_dark_rollsens,dark/roll-sensitive,1,1,1,YES
yaw290_pitch-085_roll+015,290.0,-85.0,15.0,0.01745211,P2,R2_dark_rollsens,dark/roll-sensitive,1,1,1,YES
yaw295_pitch-065_roll+015,295.0,-65.0,15.0,0.01660700,P2,R2_dark_rollsens,dark/roll-sensitive,1,1,1,YES
yaw295_pitch-070_roll+015,295.0,-70.0,15.0,0.01708158,P2,R2_dark_rollsens,dark/roll-sensitive,1,1,1,YES
yaw295_pitch-075_roll+015,295.0,-75.0,15.0,0.01771220,P2,R2_dark_rollsens,dark/roll-sensitive,1,1,1,YES
yaw295_pitch-080_roll+015,295.0,-80.0,15.0,0.01900593,P2,R2_dark_rollsens,dark/roll-sensitive,1,1,1,YES
yaw295_pitch-085_roll+015,295.0,-85.0,15.0,0.02089535,P2,R2_dark_rollsens,dark/roll-sensitive,1,1,1,YES
yaw055_pitch+075_roll+030,55.0,75.0,30.0,0.02224158,P2,R3_low_info,low-info/ocs-hard,1,1,1,YES
yaw055_pitch+080_roll+030,55.0,80.0,30.0,0.02267009,P2,R3_low_info,low-info/ocs-hard,1,1,1,YES
yaw060_pitch+075_roll+030,60.0,75.0,30.0,0.02343776,P2,R3_low_info,low-info/ocs-hard,1,1,1,YES
yaw060_pitch+080_roll+030,60.0,80.0,30.0,0.02424212,P2,R3_low_info,low-info/ocs-hard,1,1,1,YES
yaw065_pitch+075_roll+030,65.0,75.0,30.0,0.02597766,P2,R3_low_info,low-info/ocs-hard,1,1,1,YES
yaw065_pitch+080_roll+030,65.0,80.0,30.0,0.02662700,P2,R3_low_info,low-info/ocs-hard,1,1,1,YES
yaw070_pitch+060_roll+030,70.0,60.0,30.0,0.02627634,P2,R3_low_info,low-info/ocs-hard,1,1,1,YES
yaw070_pitch+065_roll+030,70.0,65.0,30.0,0.02691960,P2,R3_low_info,low-info/ocs-hard,1,1,1,YES
yaw070_pitch+070_roll+030,70.0,70.0,30.0,0.02764771,P2,R3_low_info,low-info/ocs-hard,1,1,1,YES
yaw070_pitch+075_roll+030,70.0,75.0,30.0,0.02829953,P2,R3_low_info,low-info/ocs-hard,1,1,1,YES
yaw070_pitch+080_roll+030,70.0,80.0,30.0,0.02885478,P2,R3_low_info,low-info/ocs-hard,1,1,1,YES
yaw075_pitch+060_roll+030,75.0,60.0,30.0,0.02766125,P2,R3_low_info,low-info/ocs-hard,1,1,1,YES
yaw075_pitch+065_roll+030,75.0,65.0,30.0,0.02847664,P2,R3_low_info,low-info/ocs-hard,1,1,1,YES
yaw075_pitch+070_roll+030,75.0,70.0,30.0,0.02900454,P2,R3_low_info,low-info/ocs-hard,1,1,1,YES
yaw075_pitch+075_roll+030,75.0,75.0,30.0,0.03004853,P2,R3_low_info,low-info/ocs-hard,1,1,1,YES
yaw075_pitch+080_roll+030,75.0,80.0,30.0,0.03126383,P2,R3_low_info,low-info/ocs-hard,1,1,1,YES
yaw140_pitch+005_roll+030,140.0,5.0,30.0,0.06548760,P2,R4_bright_robust,bright/robust-easy,1,1,1,YES
yaw140_pitch+010_roll+030,140.0,10.0,30.0,0.10450639,P2,R4_bright_robust,bright/robust-easy,1,1,1,YES
yaw140_pitch+015_roll+030,140.0,15.0,30.0,0.10593771,P2,R4_bright_robust,bright/robust-easy,1,1,1,YES
yaw140_pitch+020_roll+030,140.0,20.0,30.0,0.06849239,P2,R4_bright_robust,bright/robust-easy,1,1,1,YES
yaw140_pitch+025_roll+030,140.0,25.0,30.0,0.03510255,P2,R4_bright_robust,bright/robust-easy,1,1,1,YES
yaw145_pitch+005_roll+030,145.0,5.0,30.0,0.09942404,P2,R4_bright_robust,bright/robust-easy,1,1,1,YES
yaw150_pitch+005_roll+030,150.0,5.0,30.0,0.09938514,P2,R4_bright_robust,bright/robust-easy,1,1,1,YES
yaw155_pitch+005_roll+030,155.0,5.0,30.0,0.06462398,P2,R4_bright_robust,bright/robust-easy,1,1,1,YES
yaw160_pitch+005_roll+030,160.0,5.0,30.0,0.03494282,P2,R4_bright_robust,bright/robust-easy,1,1,1,YES
yaw190_pitch+000_roll+030,190.0,0.0,30.0,0.01787826,P2,R5_neutral,neutral-control,1,1,1,YES
yaw190_pitch+005_roll+030,190.0,5.0,30.0,0.01618505,P2,R5_neutral,neutral-control,1,1,1,YES
yaw190_pitch+010_roll+030,190.0,10.0,30.0,0.01458742,P2,R5_neutral,neutral-control,1,1,1,YES
yaw190_pitch-005_roll+030,190.0,-5.0,30.0,0.01965765,P2,R5_neutral,neutral-control,1,1,1,YES
yaw190_pitch-010_roll+030,190.0,-10.0,30.0,0.02059212,P2,R5_neutral,neutral-control,1,1,1,YES
yaw195_pitch+000_roll+030,195.0,0.0,30.0,0.01732991,P2,R5_neutral,neutral-control,1,1,1,YES
yaw195_pitch+005_roll+030,195.0,5.0,30.0,0.01590462,P2,R5_neutral,neutral-control,1,1,1,YES
yaw195_pitch+010_roll+030,195.0,10.0,30.0,0.01451945,P2,R5_neutral,neutral-control,1,1,1,YES
yaw195_pitch-005_roll+030,195.0,-5.0,30.0,0.01889565,P2,R5_neutral,neutral-control,1,1,1,YES
yaw195_pitch-010_roll+030,195.0,-10.0,30.0,0.01992174,P2,R5_neutral,neutral-control,1,1,1,YES
yaw200_pitch+000_roll+030,200.0,0.0,30.0,0.01740422,P2,R5_neutral,neutral-control,1,1,1,YES
yaw200_pitch+005_roll+030,200.0,5.0,30.0,0.01584846,P2,R5_neutral,neutral-control,1,1,1,YES
yaw200_pitch+010_roll+030,200.0,10.0,30.0,0.01498920,P2,R5_neutral,neutral-control,1,1,1,YES
yaw200_pitch-005_roll+030,200.0,-5.0,30.0,0.01877118,P2,R5_neutral,neutral-control,1,1,1,YES
yaw200_pitch-010_roll+030,200.0,-10.0,30.0,0.02006472,P2,R5_neutral,neutral-control,1,1,1,YES
yaw205_pitch+000_roll+030,205.0,0.0,30.0,0.01766056,P2,R5_neutral,neutral-control,1,1,1,YES
yaw205_pitch+005_roll+030,205.0,5.0,30.0,0.01645322,P2,R5_neutral,neutral-control,1,1,1,YES
yaw205_pitch+010_roll+030,205.0,10.0,30.0,0.01596716,P2,R5_neutral,neutral-control,1,1,1,YES
yaw210_pitch+000_roll+030,210.0,0.0,30.0,0.01904711,P2,R5_neutral,neutral-control,1,1,1,YES
yaw210_pitch+005_roll+030,210.0,5.0,30.0,0.01830284,P2,R5_neutral,neutral-control,1,1,1,YES
yaw210_pitch+010_roll+030,210.0,10.0,30.0,0.01790792,P2,R5_neutral,neutral-control,1,1,1,YES
yaw230_pitch+015_roll+030,230.0,15.0,30.0,0.02720446,P2,R1_high_info,high-info,1,1,1,YES
yaw230_pitch+020_roll+030,230.0,20.0,30.0,0.02640852,P2,R1_high_info,high-info,1,1,1,YES
yaw230_pitch+025_roll+030,230.0,25.0,30.0,0.02562410,P2,R1_high_info,high-info,1,1,1,YES
yaw230_pitch+030_roll+030,230.0,30.0,30.0,0.02513813,P2,R1_high_info,high-info,1,1,1,YES
yaw230_pitch+035_roll+030,230.0,35.0,30.0,0.02509333,P2,R1_high_info,high-info,1,1,1,YES
yaw235_pitch+015_roll+030,235.0,15.0,30.0,0.03056461,P2,R1_high_info,high-info,1,1,1,YES
yaw235_pitch+020_roll+030,235.0,20.0,30.0,0.02928383,P2,R1_high_info,high-info,1,1,1,YES
yaw235_pitch+025_roll+030,235.0,25.0,30.0,0.02877528,P2,R1_high_info,high-info,1,1,1,YES
yaw235_pitch+030_roll+030,235.0,30.0,30.0,0.02797716,P2,R1_high_info,high-info,1,1,1,YES
yaw235_pitch+035_roll+030,235.0,35.0,30.0,0.02714225,P2,R1_high_info,high-info,1,1,1,YES
yaw240_pitch+015_roll+030,240.0,15.0,30.0,0.03476658,P2,R1_high_info,high-info,1,1,1,YES
yaw240_pitch+020_roll+030,240.0,20.0,30.0,0.03462515,P2,R1_high_info,high-info,1,1,1,YES
yaw240_pitch+025_roll+030,240.0,25.0,30.0,0.03390873,P2,R1_high_info,high-info,1,1,1,YES
yaw245_pitch+015_roll+030,245.0,15.0,30.0,0.03746193,P2,R1_high_info,high-info,1,1,1,YES
yaw245_pitch+020_roll+030,245.0,20.0,30.0,0.03944289,P2,R1_high_info,high-info,1,1,1,YES
yaw245_pitch+025_roll+030,245.0,25.0,30.0,0.04036651,P2,R1_high_info,high-info,1,1,1,YES
yaw250_pitch+015_roll+030,250.0,15.0,30.0,0.03496841,P2,R1_high_info,high-info,1,1,1,YES
yaw250_pitch+020_roll+030,250.0,20.0,30.0,0.03896628,P2,R1_high_info,high-info,1,1,1,YES
yaw250_pitch+025_roll+030,250.0,25.0,30.0,0.04545427,P2,R1_high_info,high-info,1,1,1,YES
yaw275_pitch-065_roll+030,275.0,-65.0,30.0,0.01496275,P2,R2_dark_rollsens,dark/roll-sensitive,1,1,1,YES
yaw275_pitch-070_roll+030,275.0,-70.0,30.0,0.01530355,P2,R2_dark_rollsens,dark/roll-sensitive,1,1,1,YES
yaw275_pitch-075_roll+030,275.0,-75.0,30.0,0.01604974,P2,R2_dark_rollsens,dark/roll-sensitive,1,1,1,YES
yaw275_pitch-080_roll+030,275.0,-80.0,30.0,0.01681506,P2,R2_dark_rollsens,dark/roll-sensitive,1,1,1,YES
yaw275_pitch-085_roll+030,275.0,-85.0,30.0,0.01751115,P2,R2_dark_rollsens,dark/roll-sensitive,1,1,1,YES
yaw280_pitch-065_roll+030,280.0,-65.0,30.0,0.01659442,P2,R2_dark_rollsens,dark/roll-sensitive,1,1,1,YES
yaw280_pitch-070_roll+030,280.0,-70.0,30.0,0.01722183,P2,R2_dark_rollsens,dark/roll-sensitive,1,1,1,YES
yaw280_pitch-075_roll+030,280.0,-75.0,30.0,0.01795704,P2,R2_dark_rollsens,dark/roll-sensitive,1,1,1,YES
yaw285_pitch-065_roll+030,285.0,-65.0,30.0,0.01787141,P2,R2_dark_rollsens,dark/roll-sensitive,1,1,1,YES
yaw285_pitch-070_roll+030,285.0,-70.0,30.0,0.01888847,P2,R2_dark_rollsens,dark/roll-sensitive,1,1,1,YES
yaw285_pitch-075_roll+030,285.0,-75.0,30.0,0.02021760,P2,R2_dark_rollsens,dark/roll-sensitive,1,1,1,YES
yaw290_pitch-065_roll+030,290.0,-65.0,30.0,0.01936371,P2,R2_dark_rollsens,dark/roll-sensitive,1,1,1,YES
yaw290_pitch-070_roll+030,290.0,-70.0,30.0,0.02053634,P2,R2_dark_rollsens,dark/roll-sensitive,1,1,1,YES
yaw290_pitch-075_roll+030,290.0,-75.0,30.0,0.02307064,P2,R2_dark_rollsens,dark/roll-sensitive,1,1,1,YES
yaw290_pitch-080_roll+030,290.0,-80.0,30.0,0.02619282,P2,R2_dark_rollsens,dark/roll-sensitive,1,1,1,YES
yaw290_pitch-085_roll+030,290.0,-85.0,30.0,0.03048280,P2,R2_dark_rollsens,dark/roll-sensitive,1,1,1,YES
yaw295_pitch-065_roll+030,295.0,-65.0,30.0,0.02057281,P2,R2_dark_rollsens,dark/roll-sensitive,1,1,1,YES
yaw295_pitch-070_roll+030,295.0,-70.0,30.0,0.02273911,P2,R2_dark_rollsens,dark/roll-sensitive,1,1,1,YES
yaw295_pitch-075_roll+030,295.0,-75.0,30.0,0.02560511,P2,R2_dark_rollsens,dark/roll-sensitive,1,1,1,YES
yaw295_pitch-080_roll+030,295.0,-80.0,30.0,0.02906459,P2,R2_dark_rollsens,dark/roll-sensitive,1,1,1,YES
yaw295_pitch-085_roll+030,295.0,-85.0,30.0,0.03392995,P2,R2_dark_rollsens,dark/roll-sensitive,1,1,1,YES
yaw055_pitch+075_roll+045,55.0,75.0,45.0,0.01560234,P2,R3_low_info,low-info/ocs-hard,1,1,1,YES
yaw055_pitch+080_roll+045,55.0,80.0,45.0,0.01611961,P2,R3_low_info,low-info/ocs-hard,1,1,1,YES
yaw060_pitch+075_roll+045,60.0,75.0,45.0,0.01791891,P2,R3_low_info,low-info/ocs-hard,1,1,1,YES
yaw060_pitch+080_roll+045,60.0,80.0,45.0,0.01830037,P2,R3_low_info,low-info/ocs-hard,1,1,1,YES
yaw065_pitch+075_roll+045,65.0,75.0,45.0,0.01997233,P2,R3_low_info,low-info/ocs-hard,1,1,1,YES
yaw065_pitch+080_roll+045,65.0,80.0,45.0,0.02036519,P2,R3_low_info,low-info/ocs-hard,1,1,1,YES
yaw070_pitch+060_roll+045,70.0,60.0,45.0,0.02040429,P2,R3_low_info,low-info/ocs-hard,1,1,1,YES
yaw070_pitch+065_roll+045,70.0,65.0,45.0,0.02077901,P2,R3_low_info,low-info/ocs-hard,1,1,1,YES
yaw070_pitch+070_roll+045,70.0,70.0,45.0,0.02116152,P2,R3_low_info,low-info/ocs-hard,1,1,1,YES
yaw070_pitch+075_roll+045,70.0,75.0,45.0,0.02155755,P2,R3_low_info,low-info/ocs-hard,1,1,1,YES
yaw070_pitch+080_roll+045,70.0,80.0,45.0,0.02211058,P2,R3_low_info,low-info/ocs-hard,1,1,1,YES
yaw075_pitch+060_roll+045,75.0,60.0,45.0,0.02150105,P2,R3_low_info,low-info/ocs-hard,1,1,1,YES
yaw075_pitch+065_roll+045,75.0,65.0,45.0,0.02196608,P2,R3_low_info,low-info/ocs-hard,1,1,1,YES
yaw075_pitch+070_roll+045,75.0,70.0,45.0,0.02213396,P2,R3_low_info,low-info/ocs-hard,1,1,1,YES
yaw075_pitch+075_roll+045,75.0,75.0,45.0,0.02263399,P2,R3_low_info,low-info/ocs-hard,1,1,1,YES
yaw075_pitch+080_roll+045,75.0,80.0,45.0,0.02329613,P2,R3_low_info,low-info/ocs-hard,1,1,1,YES
yaw140_pitch+005_roll+045,140.0,5.0,45.0,0.06342490,P2,R4_bright_robust,bright/robust-easy,1,1,1,YES
yaw140_pitch+010_roll+045,140.0,10.0,45.0,0.10154881,P2,R4_bright_robust,bright/robust-easy,1,1,1,YES
yaw140_pitch+015_roll+045,140.0,15.0,45.0,0.10577223,P2,R4_bright_robust,bright/robust-easy,1,1,1,YES
yaw140_pitch+020_roll+045,140.0,20.0,45.0,0.06868886,P2,R4_bright_robust,bright/robust-easy,1,1,1,YES
yaw140_pitch+025_roll+045,140.0,25.0,45.0,0.03442476,P2,R4_bright_robust,bright/robust-easy,1,1,1,YES
yaw145_pitch+005_roll+045,145.0,5.0,45.0,0.09781412,P2,R4_bright_robust,bright/robust-easy,1,1,1,YES
yaw150_pitch+005_roll+045,150.0,5.0,45.0,0.09773964,P2,R4_bright_robust,bright/robust-easy,1,1,1,YES
yaw155_pitch+005_roll+045,155.0,5.0,45.0,0.06276531,P2,R4_bright_robust,bright/robust-easy,1,1,1,YES
yaw160_pitch+005_roll+045,160.0,5.0,45.0,0.03250931,P2,R4_bright_robust,bright/robust-easy,1,1,1,YES
yaw190_pitch+000_roll+045,190.0,0.0,45.0,0.01483580,P2,R5_neutral,neutral-control,1,1,1,YES
yaw190_pitch+005_roll+045,190.0,5.0,45.0,0.01344260,P2,R5_neutral,neutral-control,1,1,1,YES
yaw190_pitch+010_roll+045,190.0,10.0,45.0,0.01302709,P2,R5_neutral,neutral-control,1,1,1,YES
yaw190_pitch-005_roll+045,190.0,-5.0,45.0,0.01599118,P2,R5_neutral,neutral-control,1,1,1,YES
yaw190_pitch-010_roll+045,190.0,-10.0,45.0,0.01730607,P2,R5_neutral,neutral-control,1,1,1,YES
yaw195_pitch+000_roll+045,195.0,0.0,45.0,0.01404049,P2,R5_neutral,neutral-control,1,1,1,YES
yaw195_pitch+005_roll+045,195.0,5.0,45.0,0.01347439,P2,R5_neutral,neutral-control,1,1,1,YES
yaw195_pitch+010_roll+045,195.0,10.0,45.0,0.01294897,P2,R5_neutral,neutral-control,1,1,1,YES
yaw195_pitch-005_roll+045,195.0,-5.0,45.0,0.01530358,P2,R5_neutral,neutral-control,1,1,1,YES
yaw195_pitch-010_roll+045,195.0,-10.0,45.0,0.01652483,P2,R5_neutral,neutral-control,1,1,1,YES
yaw200_pitch+000_roll+045,200.0,0.0,45.0,0.01388572,P2,R5_neutral,neutral-control,1,1,1,YES
yaw200_pitch+005_roll+045,200.0,5.0,45.0,0.01363651,P2,R5_neutral,neutral-control,1,1,1,YES
yaw200_pitch+010_roll+045,200.0,10.0,45.0,0.01370447,P2,R5_neutral,neutral-control,1,1,1,YES
yaw200_pitch-005_roll+045,200.0,-5.0,45.0,0.01470823,P2,R5_neutral,neutral-control,1,1,1,YES
yaw200_pitch-010_roll+045,200.0,-10.0,45.0,0.01632486,P2,R5_neutral,neutral-control,1,1,1,YES
yaw205_pitch+000_roll+045,205.0,0.0,45.0,0.01448216,P2,R5_neutral,neutral-control,1,1,1,YES
yaw205_pitch+005_roll+045,205.0,5.0,45.0,0.01423874,P2,R5_neutral,neutral-control,1,1,1,YES
yaw205_pitch+010_roll+045,205.0,10.0,45.0,0.01428063,P2,R5_neutral,neutral-control,1,1,1,YES
yaw210_pitch+000_roll+045,210.0,0.0,45.0,0.01620358,P2,R5_neutral,neutral-control,1,1,1,YES
yaw210_pitch+005_roll+045,210.0,5.0,45.0,0.01587178,P2,R5_neutral,neutral-control,1,1,1,YES
yaw210_pitch+010_roll+045,210.0,10.0,45.0,0.01563306,P2,R5_neutral,neutral-control,1,1,1,YES
yaw230_pitch+015_roll+045,230.0,15.0,45.0,0.02265415,P2,R1_high_info,high-info,1,1,1,YES
yaw230_pitch+020_roll+045,230.0,20.0,45.0,0.02254247,P2,R1_high_info,high-info,1,1,1,YES
yaw230_pitch+025_roll+045,230.0,25.0,45.0,0.02208446,P2,R1_high_info,high-info,1,1,1,YES
yaw230_pitch+030_roll+045,230.0,30.0,45.0,0.02158262,P2,R1_high_info,high-info,1,1,1,YES
yaw230_pitch+035_roll+045,230.0,35.0,45.0,0.02086509,P2,R1_high_info,high-info,1,1,1,YES
yaw235_pitch+015_roll+045,235.0,15.0,45.0,0.02364881,P2,R1_high_info,high-info,1,1,1,YES
yaw235_pitch+020_roll+045,235.0,20.0,45.0,0.02372273,P2,R1_high_info,high-info,1,1,1,YES
yaw235_pitch+025_roll+045,235.0,25.0,45.0,0.02334726,P2,R1_high_info,high-info,1,1,1,YES
yaw235_pitch+030_roll+045,235.0,30.0,45.0,0.02300613,P2,R1_high_info,high-info,1,1,1,YES
yaw235_pitch+035_roll+045,235.0,35.0,45.0,0.02236526,P2,R1_high_info,high-info,1,1,1,YES
yaw240_pitch+015_roll+045,240.0,15.0,45.0,0.02414995,P2,R1_high_info,high-info,1,1,1,YES
yaw240_pitch+020_roll+045,240.0,20.0,45.0,0.02427558,P2,R1_high_info,high-info,1,1,1,YES
yaw240_pitch+025_roll+045,240.0,25.0,45.0,0.02434363,P2,R1_high_info,high-info,1,1,1,YES
yaw245_pitch+015_roll+045,245.0,15.0,45.0,0.02457513,P2,R1_high_info,high-info,1,1,1,YES
yaw245_pitch+020_roll+045,245.0,20.0,45.0,0.02530557,P2,R1_high_info,high-info,1,1,1,YES
yaw245_pitch+025_roll+045,245.0,25.0,45.0,0.02573419,P2,R1_high_info,high-info,1,1,1,YES
yaw250_pitch+015_roll+045,250.0,15.0,45.0,0.02412585,P2,R1_high_info,high-info,1,1,1,YES
yaw250_pitch+020_roll+045,250.0,20.0,45.0,0.02522788,P2,R1_high_info,high-info,1,1,1,YES
yaw250_pitch+025_roll+045,250.0,25.0,45.0,0.02577798,P2,R1_high_info,high-info,1,1,1,YES
yaw275_pitch-065_roll+045,275.0,-65.0,45.0,0.02053660,P2,R2_dark_rollsens,dark/roll-sensitive,1,1,1,YES
yaw275_pitch-070_roll+045,275.0,-70.0,45.0,0.02184362,P2,R2_dark_rollsens,dark/roll-sensitive,1,1,1,YES
yaw275_pitch-075_roll+045,275.0,-75.0,45.0,0.02404811,P2,R2_dark_rollsens,dark/roll-sensitive,1,1,1,YES
yaw275_pitch-080_roll+045,275.0,-80.0,45.0,0.02700417,P2,R2_dark_rollsens,dark/roll-sensitive,1,1,1,YES
yaw275_pitch-085_roll+045,275.0,-85.0,45.0,0.03150469,P2,R2_dark_rollsens,dark/roll-sensitive,1,1,1,YES
yaw280_pitch-065_roll+045,280.0,-65.0,45.0,0.02178184,P2,R2_dark_rollsens,dark/roll-sensitive,1,1,1,YES
yaw280_pitch-070_roll+045,280.0,-70.0,45.0,0.02420904,P2,R2_dark_rollsens,dark/roll-sensitive,1,1,1,YES
yaw280_pitch-075_roll+045,280.0,-75.0,45.0,0.02690134,P2,R2_dark_rollsens,dark/roll-sensitive,1,1,1,YES
yaw285_pitch-065_roll+045,285.0,-65.0,45.0,0.02381828,P2,R2_dark_rollsens,dark/roll-sensitive,1,1,1,YES
yaw285_pitch-070_roll+045,285.0,-70.0,45.0,0.02553694,P2,R2_dark_rollsens,dark/roll-sensitive,1,1,1,YES
yaw285_pitch-075_roll+045,285.0,-75.0,45.0,0.02831060,P2,R2_dark_rollsens,dark/roll-sensitive,1,1,1,YES
yaw290_pitch-065_roll+045,290.0,-65.0,45.0,0.02340174,P2,R2_dark_rollsens,dark/roll-sensitive,1,1,1,YES
yaw290_pitch-070_roll+045,290.0,-70.0,45.0,0.02542249,P2,R2_dark_rollsens,dark/roll-sensitive,1,1,1,YES
yaw290_pitch-075_roll+045,290.0,-75.0,45.0,0.02732749,P2,R2_dark_rollsens,dark/roll-sensitive,1,1,1,YES
yaw290_pitch-080_roll+045,290.0,-80.0,45.0,0.02869141,P2,R2_dark_rollsens,dark/roll-sensitive,1,1,1,YES
yaw290_pitch-085_roll+045,290.0,-85.0,45.0,0.03250524,P2,R2_dark_rollsens,dark/roll-sensitive,1,1,1,YES
yaw295_pitch-065_roll+045,295.0,-65.0,45.0,0.02202349,P2,R2_dark_rollsens,dark/roll-sensitive,1,1,1,YES
yaw295_pitch-070_roll+045,295.0,-70.0,45.0,0.02336329,P2,R2_dark_rollsens,dark/roll-sensitive,1,1,1,YES
yaw295_pitch-075_roll+045,295.0,-75.0,45.0,0.02466900,P2,R2_dark_rollsens,dark/roll-sensitive,1,1,1,YES
yaw295_pitch-080_roll+045,295.0,-80.0,45.0,0.02631205,P2,R2_dark_rollsens,dark/roll-sensitive,1,1,1,YES
yaw295_pitch-085_roll+045,295.0,-85.0,45.0,0.02933454,P2,R2_dark_rollsens,dark/roll-sensitive,1,1,1,YES
yaw055_pitch+075_roll+060,55.0,75.0,60.0,0.01471166,P2,R3_low_info,low-info/ocs-hard,1,1,1,YES
yaw055_pitch+080_roll+060,55.0,80.0,60.0,0.01480757,P2,R3_low_info,low-info/ocs-hard,1,1,1,YES
yaw060_pitch+075_roll+060,60.0,75.0,60.0,0.01352417,P2,R3_low_info,low-info/ocs-hard,1,1,1,YES
yaw060_pitch+080_roll+060,60.0,80.0,60.0,0.01360391,P2,R3_low_info,low-info/ocs-hard,1,1,1,YES
yaw065_pitch+075_roll+060,65.0,75.0,60.0,0.01358642,P2,R3_low_info,low-info/ocs-hard,1,1,1,YES
yaw065_pitch+080_roll+060,65.0,80.0,60.0,0.01412343,P2,R3_low_info,low-info/ocs-hard,1,1,1,YES
yaw070_pitch+060_roll+060,70.0,60.0,60.0,0.01432240,P2,R3_low_info,low-info/ocs-hard,1,1,1,YES
yaw070_pitch+065_roll+060,70.0,65.0,60.0,0.01468254,P2,R3_low_info,low-info/ocs-hard,1,1,1,YES
yaw070_pitch+070_roll+060,70.0,70.0,60.0,0.01512090,P2,R3_low_info,low-info/ocs-hard,1,1,1,YES
yaw070_pitch+075_roll+060,70.0,75.0,60.0,0.01562552,P2,R3_low_info,low-info/ocs-hard,1,1,1,YES
yaw070_pitch+080_roll+060,70.0,80.0,60.0,0.01630049,P2,R3_low_info,low-info/ocs-hard,1,1,1,YES
yaw075_pitch+060_roll+060,75.0,60.0,60.0,0.01615636,P2,R3_low_info,low-info/ocs-hard,1,1,1,YES
yaw075_pitch+065_roll+060,75.0,65.0,60.0,0.01673195,P2,R3_low_info,low-info/ocs-hard,1,1,1,YES
yaw075_pitch+070_roll+060,75.0,70.0,60.0,0.01699825,P2,R3_low_info,low-info/ocs-hard,1,1,1,YES
yaw075_pitch+075_roll+060,75.0,75.0,60.0,0.01762962,P2,R3_low_info,low-info/ocs-hard,1,1,1,YES
yaw075_pitch+080_roll+060,75.0,80.0,60.0,0.01800470,P2,R3_low_info,low-info/ocs-hard,1,1,1,YES
yaw140_pitch+005_roll+060,140.0,5.0,60.0,0.06234286,P2,R4_bright_robust,bright/robust-easy,1,1,1,YES
yaw140_pitch+010_roll+060,140.0,10.0,60.0,0.10107046,P2,R4_bright_robust,bright/robust-easy,1,1,1,YES
yaw140_pitch+015_roll+060,140.0,15.0,60.0,0.10554618,P2,R4_bright_robust,bright/robust-easy,1,1,1,YES
yaw140_pitch+020_roll+060,140.0,20.0,60.0,0.06897299,P2,R4_bright_robust,bright/robust-easy,1,1,1,YES
yaw140_pitch+025_roll+060,140.0,25.0,60.0,0.03609268,P2,R4_bright_robust,bright/robust-easy,1,1,1,YES
yaw145_pitch+005_roll+060,145.0,5.0,60.0,0.09616566,P2,R4_bright_robust,bright/robust-easy,1,1,1,YES
yaw150_pitch+005_roll+060,150.0,5.0,60.0,0.09647695,P2,R4_bright_robust,bright/robust-easy,1,1,1,YES
yaw155_pitch+005_roll+060,155.0,5.0,60.0,0.06146847,P2,R4_bright_robust,bright/robust-easy,1,1,1,YES
yaw160_pitch+005_roll+060,160.0,5.0,60.0,0.03186044,P2,R4_bright_robust,bright/robust-easy,1,1,1,YES
yaw190_pitch+000_roll+060,190.0,0.0,60.0,0.01241035,P2,R5_neutral,neutral-control,1,1,1,YES
yaw190_pitch+005_roll+060,190.0,5.0,60.0,0.01210011,P2,R5_neutral,neutral-control,1,1,1,YES
yaw190_pitch+010_roll+060,190.0,10.0,60.0,0.01197166,P2,R5_neutral,neutral-control,1,1,1,YES
yaw190_pitch-005_roll+060,190.0,-5.0,60.0,0.01329400,P2,R5_neutral,neutral-control,1,1,1,YES
yaw190_pitch-010_roll+060,190.0,-10.0,60.0,0.01410014,P2,R5_neutral,neutral-control,1,1,1,YES
yaw195_pitch+000_roll+060,195.0,0.0,60.0,0.01215383,P2,R5_neutral,neutral-control,1,1,1,YES
yaw195_pitch+005_roll+060,195.0,5.0,60.0,0.01198183,P2,R5_neutral,neutral-control,1,1,1,YES
yaw195_pitch+010_roll+060,195.0,10.0,60.0,0.01175905,P2,R5_neutral,neutral-control,1,1,1,YES
yaw195_pitch-005_roll+060,195.0,-5.0,60.0,0.01250916,P2,R5_neutral,neutral-control,1,1,1,YES
yaw195_pitch-010_roll+060,195.0,-10.0,60.0,0.01302014,P2,R5_neutral,neutral-control,1,1,1,YES
yaw200_pitch+000_roll+060,200.0,0.0,60.0,0.01246606,P2,R5_neutral,neutral-control,1,1,1,YES
yaw200_pitch+005_roll+060,200.0,5.0,60.0,0.01229187,P2,R5_neutral,neutral-control,1,1,1,YES
yaw200_pitch+010_roll+060,200.0,10.0,60.0,0.01191062,P2,R5_neutral,neutral-control,1,1,1,YES
yaw200_pitch-005_roll+060,200.0,-5.0,60.0,0.01265266,P2,R5_neutral,neutral-control,1,1,1,YES
yaw200_pitch-010_roll+060,200.0,-10.0,60.0,0.01294508,P2,R5_neutral,neutral-control,1,1,1,YES
yaw205_pitch+000_roll+060,205.0,0.0,60.0,0.01279667,P2,R5_neutral,neutral-control,1,1,1,YES
yaw205_pitch+005_roll+060,205.0,5.0,60.0,0.01274718,P2,R5_neutral,neutral-control,1,1,1,YES
yaw205_pitch+010_roll+060,205.0,10.0,60.0,0.01260793,P2,R5_neutral,neutral-control,1,1,1,YES
yaw210_pitch+000_roll+060,210.0,0.0,60.0,0.01450364,P2,R5_neutral,neutral-control,1,1,1,YES
yaw210_pitch+005_roll+060,210.0,5.0,60.0,0.01424378,P2,R5_neutral,neutral-control,1,1,1,YES
yaw210_pitch+010_roll+060,210.0,10.0,60.0,0.01411086,P2,R5_neutral,neutral-control,1,1,1,YES
yaw230_pitch+015_roll+060,230.0,15.0,60.0,0.02025547,P2,R1_high_info,high-info,1,1,1,YES
yaw230_pitch+020_roll+060,230.0,20.0,60.0,0.02051375,P2,R1_high_info,high-info,1,1,1,YES
yaw230_pitch+025_roll+060,230.0,25.0,60.0,0.01958523,P2,R1_high_info,high-info,1,1,1,YES
yaw230_pitch+030_roll+060,230.0,30.0,60.0,0.01955692,P2,R1_high_info,high-info,1,1,1,YES
yaw230_pitch+035_roll+060,230.0,35.0,60.0,0.01917412,P2,R1_high_info,high-info,1,1,1,YES
yaw235_pitch+015_roll+060,235.0,15.0,60.0,0.02088257,P2,R1_high_info,high-info,1,1,1,YES
yaw235_pitch+020_roll+060,235.0,20.0,60.0,0.02109559,P2,R1_high_info,high-info,1,1,1,YES
yaw235_pitch+025_roll+060,235.0,25.0,60.0,0.02064602,P2,R1_high_info,high-info,1,1,1,YES
yaw235_pitch+030_roll+060,235.0,30.0,60.0,0.02030711,P2,R1_high_info,high-info,1,1,1,YES
yaw235_pitch+035_roll+060,235.0,35.0,60.0,0.02002093,P2,R1_high_info,high-info,1,1,1,YES
yaw240_pitch+015_roll+060,240.0,15.0,60.0,0.02149282,P2,R1_high_info,high-info,1,1,1,YES
yaw240_pitch+020_roll+060,240.0,20.0,60.0,0.02172562,P2,R1_high_info,high-info,1,1,1,YES
yaw240_pitch+025_roll+060,240.0,25.0,60.0,0.02156273,P2,R1_high_info,high-info,1,1,1,YES
yaw245_pitch+015_roll+060,245.0,15.0,60.0,0.02169449,P2,R1_high_info,high-info,1,1,1,YES
yaw245_pitch+020_roll+060,245.0,20.0,60.0,0.02180570,P2,R1_high_info,high-info,1,1,1,YES
yaw245_pitch+025_roll+060,245.0,25.0,60.0,0.02193877,P2,R1_high_info,high-info,1,1,1,YES
yaw250_pitch+015_roll+060,250.0,15.0,60.0,0.02154328,P2,R1_high_info,high-info,1,1,1,YES
yaw250_pitch+020_roll+060,250.0,20.0,60.0,0.02180127,P2,R1_high_info,high-info,1,1,1,YES
yaw250_pitch+025_roll+060,250.0,25.0,60.0,0.02201073,P2,R1_high_info,high-info,1,1,1,YES
yaw275_pitch-065_roll+060,275.0,-65.0,60.0,0.02666732,P2,R2_dark_rollsens,dark/roll-sensitive,1,1,1,YES
yaw275_pitch-070_roll+060,275.0,-70.0,60.0,0.02856996,P2,R2_dark_rollsens,dark/roll-sensitive,1,1,1,YES
yaw275_pitch-075_roll+060,275.0,-75.0,60.0,0.02899999,P2,R2_dark_rollsens,dark/roll-sensitive,1,1,1,YES
yaw275_pitch-080_roll+060,275.0,-80.0,60.0,0.03108933,P2,R2_dark_rollsens,dark/roll-sensitive,1,1,1,YES
yaw275_pitch-085_roll+060,275.0,-85.0,60.0,0.03441612,P2,R2_dark_rollsens,dark/roll-sensitive,1,1,1,YES
yaw280_pitch-065_roll+060,280.0,-65.0,60.0,0.02458226,P2,R2_dark_rollsens,dark/roll-sensitive,1,1,1,YES
yaw280_pitch-070_roll+060,280.0,-70.0,60.0,0.02583284,P2,R2_dark_rollsens,dark/roll-sensitive,1,1,1,YES
yaw280_pitch-075_roll+060,280.0,-75.0,60.0,0.02606186,P2,R2_dark_rollsens,dark/roll-sensitive,1,1,1,YES
yaw285_pitch-065_roll+060,285.0,-65.0,60.0,0.02150428,P2,R2_dark_rollsens,dark/roll-sensitive,1,1,1,YES
yaw285_pitch-070_roll+060,285.0,-70.0,60.0,0.02218076,P2,R2_dark_rollsens,dark/roll-sensitive,1,1,1,YES
yaw285_pitch-075_roll+060,285.0,-75.0,60.0,0.02319552,P2,R2_dark_rollsens,dark/roll-sensitive,1,1,1,YES
yaw290_pitch-065_roll+060,290.0,-65.0,60.0,0.01975916,P2,R2_dark_rollsens,dark/roll-sensitive,1,1,1,YES
yaw290_pitch-070_roll+060,290.0,-70.0,60.0,0.01988748,P2,R2_dark_rollsens,dark/roll-sensitive,1,1,1,YES
yaw290_pitch-075_roll+060,290.0,-75.0,60.0,0.02050474,P2,R2_dark_rollsens,dark/roll-sensitive,1,1,1,YES
yaw290_pitch-080_roll+060,290.0,-80.0,60.0,0.02087917,P2,R2_dark_rollsens,dark/roll-sensitive,1,1,1,YES
yaw290_pitch-085_roll+060,290.0,-85.0,60.0,0.02147494,P2,R2_dark_rollsens,dark/roll-sensitive,1,1,1,YES
yaw295_pitch-065_roll+060,295.0,-65.0,60.0,0.01802197,P2,R2_dark_rollsens,dark/roll-sensitive,1,1,1,YES
yaw295_pitch-070_roll+060,295.0,-70.0,60.0,0.01810620,P2,R2_dark_rollsens,dark/roll-sensitive,1,1,1,YES
yaw295_pitch-075_roll+060,295.0,-75.0,60.0,0.01849020,P2,R2_dark_rollsens,dark/roll-sensitive,1,1,1,YES
yaw295_pitch-080_roll+060,295.0,-80.0,60.0,0.01859630,P2,R2_dark_rollsens,dark/roll-sensitive,1,1,1,YES
yaw295_pitch-085_roll+060,295.0,-85.0,60.0,0.01852239,P2,R2_dark_rollsens,dark/roll-sensitive,1,1,1,YES
yaw055_pitch+075_roll-015,55.0,75.0,-15.0,0.05145380,P2,R3_low_info,low-info/ocs-hard,1,1,1,YES
yaw055_pitch+080_roll-015,55.0,80.0,-15.0,0.04534636,P2,R3_low_info,low-info/ocs-hard,1,1,1,YES
yaw060_pitch+075_roll-015,60.0,75.0,-15.0,0.03412113,P2,R3_low_info,low-info/ocs-hard,1,1,1,YES
yaw060_pitch+080_roll-015,60.0,80.0,-15.0,0.03246723,P2,R3_low_info,low-info/ocs-hard,1,1,1,YES
yaw065_pitch+075_roll-015,65.0,75.0,-15.0,0.02856570,P2,R3_low_info,low-info/ocs-hard,1,1,1,YES
yaw065_pitch+080_roll-015,65.0,80.0,-15.0,0.02810282,P2,R3_low_info,low-info/ocs-hard,1,1,1,YES
yaw070_pitch+060_roll-015,70.0,60.0,-15.0,0.02643923,P2,R3_low_info,low-info/ocs-hard,1,1,1,YES
yaw070_pitch+065_roll-015,70.0,65.0,-15.0,0.02632289,P2,R3_low_info,low-info/ocs-hard,1,1,1,YES
yaw070_pitch+070_roll-015,70.0,70.0,-15.0,0.02595232,P2,R3_low_info,low-info/ocs-hard,1,1,1,YES
yaw070_pitch+075_roll-015,70.0,75.0,-15.0,0.02537498,P2,R3_low_info,low-info/ocs-hard,1,1,1,YES
yaw070_pitch+080_roll-015,70.0,80.0,-15.0,0.02518245,P2,R3_low_info,low-info/ocs-hard,1,1,1,YES
yaw075_pitch+060_roll-015,75.0,60.0,-15.0,0.02363178,P2,R3_low_info,low-info/ocs-hard,1,1,1,YES
yaw075_pitch+065_roll-015,75.0,65.0,-15.0,0.02337531,P2,R3_low_info,low-info/ocs-hard,1,1,1,YES
yaw075_pitch+070_roll-015,75.0,70.0,-15.0,0.02298693,P2,R3_low_info,low-info/ocs-hard,1,1,1,YES
yaw075_pitch+075_roll-015,75.0,75.0,-15.0,0.02255463,P2,R3_low_info,low-info/ocs-hard,1,1,1,YES
yaw075_pitch+080_roll-015,75.0,80.0,-15.0,0.02191544,P2,R3_low_info,low-info/ocs-hard,1,1,1,YES
yaw140_pitch+005_roll-015,140.0,5.0,-15.0,0.06732086,P2,R4_bright_robust,bright/robust-easy,1,1,1,YES
yaw140_pitch+010_roll-015,140.0,10.0,-15.0,0.10616039,P2,R4_bright_robust,bright/robust-easy,1,1,1,YES
yaw140_pitch+015_roll-015,140.0,15.0,-15.0,0.10935809,P2,R4_bright_robust,bright/robust-easy,1,1,1,YES
yaw140_pitch+020_roll-015,140.0,20.0,-15.0,0.07107431,P2,R4_bright_robust,bright/robust-easy,1,1,1,YES
yaw140_pitch+025_roll-015,140.0,25.0,-15.0,0.03709270,P2,R4_bright_robust,bright/robust-easy,1,1,1,YES
yaw145_pitch+005_roll-015,145.0,5.0,-15.0,0.10359143,P2,R4_bright_robust,bright/robust-easy,1,1,1,YES
yaw150_pitch+005_roll-015,150.0,5.0,-15.0,0.10305904,P2,R4_bright_robust,bright/robust-easy,1,1,1,YES
yaw155_pitch+005_roll-015,155.0,5.0,-15.0,0.06644522,P2,R4_bright_robust,bright/robust-easy,1,1,1,YES
yaw160_pitch+005_roll-015,160.0,5.0,-15.0,0.03530388,P2,R4_bright_robust,bright/robust-easy,1,1,1,YES
yaw190_pitch+000_roll-015,190.0,0.0,-15.0,0.01564871,P2,R5_neutral,neutral-control,1,1,1,YES
yaw190_pitch+005_roll-015,190.0,5.0,-15.0,0.01581095,P2,R5_neutral,neutral-control,1,1,1,YES
yaw190_pitch+010_roll-015,190.0,10.0,-15.0,0.01610689,P2,R5_neutral,neutral-control,1,1,1,YES
yaw190_pitch-005_roll-015,190.0,-5.0,-15.0,0.01585352,P2,R5_neutral,neutral-control,1,1,1,YES
yaw190_pitch-010_roll-015,190.0,-10.0,-15.0,0.01548352,P2,R5_neutral,neutral-control,1,1,1,YES
yaw195_pitch+000_roll-015,195.0,0.0,-15.0,0.01607682,P2,R5_neutral,neutral-control,1,1,1,YES
yaw195_pitch+005_roll-015,195.0,5.0,-15.0,0.01630130,P2,R5_neutral,neutral-control,1,1,1,YES
yaw195_pitch+010_roll-015,195.0,10.0,-15.0,0.01639508,P2,R5_neutral,neutral-control,1,1,1,YES
yaw195_pitch-005_roll-015,195.0,-5.0,-15.0,0.01607276,P2,R5_neutral,neutral-control,1,1,1,YES
yaw195_pitch-010_roll-015,195.0,-10.0,-15.0,0.01591495,P2,R5_neutral,neutral-control,1,1,1,YES
yaw200_pitch+000_roll-015,200.0,0.0,-15.0,0.01669290,P2,R5_neutral,neutral-control,1,1,1,YES
yaw200_pitch+005_roll-015,200.0,5.0,-15.0,0.01684628,P2,R5_neutral,neutral-control,1,1,1,YES
yaw200_pitch+010_roll-015,200.0,10.0,-15.0,0.01695706,P2,R5_neutral,neutral-control,1,1,1,YES
yaw200_pitch-005_roll-015,200.0,-5.0,-15.0,0.01679979,P2,R5_neutral,neutral-control,1,1,1,YES
yaw200_pitch-010_roll-015,200.0,-10.0,-15.0,0.01666670,P2,R5_neutral,neutral-control,1,1,1,YES
yaw205_pitch+000_roll-015,205.0,0.0,-15.0,0.01751071,P2,R5_neutral,neutral-control,1,1,1,YES
yaw205_pitch+005_roll-015,205.0,5.0,-15.0,0.01761475,P2,R5_neutral,neutral-control,1,1,1,YES
yaw205_pitch+010_roll-015,205.0,10.0,-15.0,0.01761888,P2,R5_neutral,neutral-control,1,1,1,YES
yaw210_pitch+000_roll-015,210.0,0.0,-15.0,0.01959432,P2,R5_neutral,neutral-control,1,1,1,YES
yaw210_pitch+005_roll-015,210.0,5.0,-15.0,0.01939182,P2,R5_neutral,neutral-control,1,1,1,YES
yaw210_pitch+010_roll-015,210.0,10.0,-15.0,0.01947166,P2,R5_neutral,neutral-control,1,1,1,YES
yaw230_pitch+015_roll-015,230.0,15.0,-15.0,0.02718112,P2,R1_high_info,high-info,1,1,1,YES
yaw230_pitch+020_roll-015,230.0,20.0,-15.0,0.02680938,P2,R1_high_info,high-info,1,1,1,YES
yaw230_pitch+025_roll-015,230.0,25.0,-15.0,0.02653188,P2,R1_high_info,high-info,1,1,1,YES
yaw230_pitch+030_roll-015,230.0,30.0,-15.0,0.02610260,P2,R1_high_info,high-info,1,1,1,YES
yaw230_pitch+035_roll-015,230.0,35.0,-15.0,0.02598130,P2,R1_high_info,high-info,1,1,1,YES
yaw235_pitch+015_roll-015,235.0,15.0,-15.0,0.02744747,P2,R1_high_info,high-info,1,1,1,YES
yaw235_pitch+020_roll-015,235.0,20.0,-15.0,0.02723244,P2,R1_high_info,high-info,1,1,1,YES
yaw235_pitch+025_roll-015,235.0,25.0,-15.0,0.02719267,P2,R1_high_info,high-info,1,1,1,YES
yaw235_pitch+030_roll-015,235.0,30.0,-15.0,0.02667435,P2,R1_high_info,high-info,1,1,1,YES
yaw235_pitch+035_roll-015,235.0,35.0,-15.0,0.02623107,P2,R1_high_info,high-info,1,1,1,YES
yaw240_pitch+015_roll-015,240.0,15.0,-15.0,0.02719344,P2,R1_high_info,high-info,1,1,1,YES
yaw240_pitch+020_roll-015,240.0,20.0,-15.0,0.02736330,P2,R1_high_info,high-info,1,1,1,YES
yaw240_pitch+025_roll-015,240.0,25.0,-15.0,0.02726731,P2,R1_high_info,high-info,1,1,1,YES
yaw245_pitch+015_roll-015,245.0,15.0,-15.0,0.02686473,P2,R1_high_info,high-info,1,1,1,YES
yaw245_pitch+020_roll-015,245.0,20.0,-15.0,0.02667600,P2,R1_high_info,high-info,1,1,1,YES
yaw245_pitch+025_roll-015,245.0,25.0,-15.0,0.02641448,P2,R1_high_info,high-info,1,1,1,YES
yaw250_pitch+015_roll-015,250.0,15.0,-15.0,0.02509871,P2,R1_high_info,high-info,1,1,1,YES
yaw250_pitch+020_roll-015,250.0,20.0,-15.0,0.02541625,P2,R1_high_info,high-info,1,1,1,YES
yaw250_pitch+025_roll-015,250.0,25.0,-15.0,0.02515990,P2,R1_high_info,high-info,1,1,1,YES
yaw275_pitch-065_roll-015,275.0,-65.0,-15.0,0.01962051,P2,R2_dark_rollsens,dark/roll-sensitive,1,1,1,YES
yaw275_pitch-070_roll-015,275.0,-70.0,-15.0,0.01929540,P2,R2_dark_rollsens,dark/roll-sensitive,1,1,1,YES
yaw275_pitch-075_roll-015,275.0,-75.0,-15.0,0.01878002,P2,R2_dark_rollsens,dark/roll-sensitive,1,1,1,YES
yaw275_pitch-080_roll-015,275.0,-80.0,-15.0,0.01902876,P2,R2_dark_rollsens,dark/roll-sensitive,1,1,1,YES
yaw275_pitch-085_roll-015,275.0,-85.0,-15.0,0.01877772,P2,R2_dark_rollsens,dark/roll-sensitive,1,1,1,YES
yaw280_pitch-065_roll-015,280.0,-65.0,-15.0,0.01734794,P2,R2_dark_rollsens,dark/roll-sensitive,1,1,1,YES
yaw280_pitch-070_roll-015,280.0,-70.0,-15.0,0.01707178,P2,R2_dark_rollsens,dark/roll-sensitive,1,1,1,YES
yaw280_pitch-075_roll-015,280.0,-75.0,-15.0,0.01659804,P2,R2_dark_rollsens,dark/roll-sensitive,1,1,1,YES
yaw285_pitch-065_roll-015,285.0,-65.0,-15.0,0.01500630,P2,R2_dark_rollsens,dark/roll-sensitive,1,1,1,YES
yaw285_pitch-070_roll-015,285.0,-70.0,-15.0,0.01462719,P2,R2_dark_rollsens,dark/roll-sensitive,1,1,1,YES
yaw285_pitch-075_roll-015,285.0,-75.0,-15.0,0.01404365,P2,R2_dark_rollsens,dark/roll-sensitive,1,1,1,YES
yaw290_pitch-065_roll-015,290.0,-65.0,-15.0,0.01285083,P2,R2_dark_rollsens,dark/roll-sensitive,1,1,1,YES
yaw290_pitch-070_roll-015,290.0,-70.0,-15.0,0.01226622,P2,R2_dark_rollsens,dark/roll-sensitive,1,1,1,YES
yaw290_pitch-075_roll-015,290.0,-75.0,-15.0,0.01166563,P2,R2_dark_rollsens,dark/roll-sensitive,1,1,1,YES
yaw290_pitch-080_roll-015,290.0,-80.0,-15.0,0.01185836,P2,R2_dark_rollsens,dark/roll-sensitive,1,1,1,YES
yaw290_pitch-085_roll-015,290.0,-85.0,-15.0,0.01229540,P2,R2_dark_rollsens,dark/roll-sensitive,1,1,1,YES
yaw295_pitch-065_roll-015,295.0,-65.0,-15.0,0.01086861,P2,R2_dark_rollsens,dark/roll-sensitive,1,1,1,YES
yaw295_pitch-070_roll-015,295.0,-70.0,-15.0,0.01087511,P2,R2_dark_rollsens,dark/roll-sensitive,1,1,1,YES
yaw295_pitch-075_roll-015,295.0,-75.0,-15.0,0.01116049,P2,R2_dark_rollsens,dark/roll-sensitive,1,1,1,YES
yaw295_pitch-080_roll-015,295.0,-80.0,-15.0,0.01164681,P2,R2_dark_rollsens,dark/roll-sensitive,1,1,1,YES
yaw295_pitch-085_roll-015,295.0,-85.0,-15.0,0.01194778,P2,R2_dark_rollsens,dark/roll-sensitive,1,1,1,YES
yaw055_pitch+075_roll-030,55.0,75.0,-30.0,0.02561470,P2,R3_low_info,low-info/ocs-hard,1,1,1,YES
yaw055_pitch+080_roll-030,55.0,80.0,-30.0,0.02524701,P2,R3_low_info,low-info/ocs-hard,1,1,1,YES
yaw060_pitch+075_roll-030,60.0,75.0,-30.0,0.02257140,P2,R3_low_info,low-info/ocs-hard,1,1,1,YES
yaw060_pitch+080_roll-030,60.0,80.0,-30.0,0.02189414,P2,R3_low_info,low-info/ocs-hard,1,1,1,YES
yaw065_pitch+075_roll-030,65.0,75.0,-30.0,0.01989564,P2,R3_low_info,low-info/ocs-hard,1,1,1,YES
yaw065_pitch+080_roll-030,65.0,80.0,-30.0,0.01994706,P2,R3_low_info,low-info/ocs-hard,1,1,1,YES
yaw070_pitch+060_roll-030,70.0,60.0,-30.0,0.01912187,P2,R3_low_info,low-info/ocs-hard,1,1,1,YES
yaw070_pitch+065_roll-030,70.0,65.0,-30.0,0.01879617,P2,R3_low_info,low-info/ocs-hard,1,1,1,YES
yaw070_pitch+070_roll-030,70.0,70.0,-30.0,0.01885219,P2,R3_low_info,low-info/ocs-hard,1,1,1,YES
yaw070_pitch+075_roll-030,70.0,75.0,-30.0,0.01852985,P2,R3_low_info,low-info/ocs-hard,1,1,1,YES
yaw070_pitch+080_roll-030,70.0,80.0,-30.0,0.01848109,P2,R3_low_info,low-info/ocs-hard,1,1,1,YES
yaw075_pitch+060_roll-030,75.0,60.0,-30.0,0.01749032,P2,R3_low_info,low-info/ocs-hard,1,1,1,YES
yaw075_pitch+065_roll-030,75.0,65.0,-30.0,0.01740401,P2,R3_low_info,low-info/ocs-hard,1,1,1,YES
yaw075_pitch+070_roll-030,75.0,70.0,-30.0,0.01742376,P2,R3_low_info,low-info/ocs-hard,1,1,1,YES
yaw075_pitch+075_roll-030,75.0,75.0,-30.0,0.01719456,P2,R3_low_info,low-info/ocs-hard,1,1,1,YES
yaw075_pitch+080_roll-030,75.0,80.0,-30.0,0.01688879,P2,R3_low_info,low-info/ocs-hard,1,1,1,YES
yaw140_pitch+005_roll-030,140.0,5.0,-30.0,0.06746469,P2,R4_bright_robust,bright/robust-easy,1,1,1,YES
yaw140_pitch+010_roll-030,140.0,10.0,-30.0,0.10690706,P2,R4_bright_robust,bright/robust-easy,1,1,1,YES
yaw140_pitch+015_roll-030,140.0,15.0,-30.0,0.10932171,P2,R4_bright_robust,bright/robust-easy,1,1,1,YES
yaw140_pitch+020_roll-030,140.0,20.0,-30.0,0.07153469,P2,R4_bright_robust,bright/robust-easy,1,1,1,YES
yaw140_pitch+025_roll-030,140.0,25.0,-30.0,0.03711050,P2,R4_bright_robust,bright/robust-easy,1,1,1,YES
yaw145_pitch+005_roll-030,145.0,5.0,-30.0,0.10345089,P2,R4_bright_robust,bright/robust-easy,1,1,1,YES
yaw150_pitch+005_roll-030,150.0,5.0,-30.0,0.10223685,P2,R4_bright_robust,bright/robust-easy,1,1,1,YES
yaw155_pitch+005_roll-030,155.0,5.0,-30.0,0.06590863,P2,R4_bright_robust,bright/robust-easy,1,1,1,YES
yaw160_pitch+005_roll-030,160.0,5.0,-30.0,0.03522551,P2,R4_bright_robust,bright/robust-easy,1,1,1,YES
yaw190_pitch+000_roll-030,190.0,0.0,-30.0,0.01547950,P2,R5_neutral,neutral-control,1,1,1,YES
yaw190_pitch+005_roll-030,190.0,5.0,-30.0,0.01560944,P2,R5_neutral,neutral-control,1,1,1,YES
yaw190_pitch+010_roll-030,190.0,10.0,-30.0,0.01606898,P2,R5_neutral,neutral-control,1,1,1,YES
yaw190_pitch-005_roll-030,190.0,-5.0,-30.0,0.01633554,P2,R5_neutral,neutral-control,1,1,1,YES
yaw190_pitch-010_roll-030,190.0,-10.0,-30.0,0.01676591,P2,R5_neutral,neutral-control,1,1,1,YES
yaw195_pitch+000_roll-030,195.0,0.0,-30.0,0.01553027,P2,R5_neutral,neutral-control,1,1,1,YES
yaw195_pitch+005_roll-030,195.0,5.0,-30.0,0.01590477,P2,R5_neutral,neutral-control,1,1,1,YES
yaw195_pitch+010_roll-030,195.0,10.0,-30.0,0.01610364,P2,R5_neutral,neutral-control,1,1,1,YES
yaw195_pitch-005_roll-030,195.0,-5.0,-30.0,0.01535147,P2,R5_neutral,neutral-control,1,1,1,YES
yaw195_pitch-010_roll-030,195.0,-10.0,-30.0,0.01532034,P2,R5_neutral,neutral-control,1,1,1,YES
yaw200_pitch+000_roll-030,200.0,0.0,-30.0,0.01627953,P2,R5_neutral,neutral-control,1,1,1,YES
yaw200_pitch+005_roll-030,200.0,5.0,-30.0,0.01665698,P2,R5_neutral,neutral-control,1,1,1,YES
yaw200_pitch+010_roll-030,200.0,10.0,-30.0,0.01671791,P2,R5_neutral,neutral-control,1,1,1,YES
yaw200_pitch-005_roll-030,200.0,-5.0,-30.0,0.01598168,P2,R5_neutral,neutral-control,1,1,1,YES
yaw200_pitch-010_roll-030,200.0,-10.0,-30.0,0.01589056,P2,R5_neutral,neutral-control,1,1,1,YES
yaw205_pitch+000_roll-030,205.0,0.0,-30.0,0.01697879,P2,R5_neutral,neutral-control,1,1,1,YES
yaw205_pitch+005_roll-030,205.0,5.0,-30.0,0.01701793,P2,R5_neutral,neutral-control,1,1,1,YES
yaw205_pitch+010_roll-030,205.0,10.0,-30.0,0.01717604,P2,R5_neutral,neutral-control,1,1,1,YES
yaw210_pitch+000_roll-030,210.0,0.0,-30.0,0.01892921,P2,R5_neutral,neutral-control,1,1,1,YES
yaw210_pitch+005_roll-030,210.0,5.0,-30.0,0.01871008,P2,R5_neutral,neutral-control,1,1,1,YES
yaw210_pitch+010_roll-030,210.0,10.0,-30.0,0.01877885,P2,R5_neutral,neutral-control,1,1,1,YES
yaw230_pitch+015_roll-030,230.0,15.0,-30.0,0.02426669,P2,R1_high_info,high-info,1,1,1,YES
yaw230_pitch+020_roll-030,230.0,20.0,-30.0,0.02458500,P2,R1_high_info,high-info,1,1,1,YES
yaw230_pitch+025_roll-030,230.0,25.0,-30.0,0.02428667,P2,R1_high_info,high-info,1,1,1,YES
yaw230_pitch+030_roll-030,230.0,30.0,-30.0,0.02385436,P2,R1_high_info,high-info,1,1,1,YES
yaw230_pitch+035_roll-030,230.0,35.0,-30.0,0.02349260,P2,R1_high_info,high-info,1,1,1,YES
yaw235_pitch+015_roll-030,235.0,15.0,-30.0,0.02467749,P2,R1_high_info,high-info,1,1,1,YES
yaw235_pitch+020_roll-030,235.0,20.0,-30.0,0.02456180,P2,R1_high_info,high-info,1,1,1,YES
yaw235_pitch+025_roll-030,235.0,25.0,-30.0,0.02423349,P2,R1_high_info,high-info,1,1,1,YES
yaw235_pitch+030_roll-030,235.0,30.0,-30.0,0.02396012,P2,R1_high_info,high-info,1,1,1,YES
yaw235_pitch+035_roll-030,235.0,35.0,-30.0,0.02368243,P2,R1_high_info,high-info,1,1,1,YES
yaw240_pitch+015_roll-030,240.0,15.0,-30.0,0.02473504,P2,R1_high_info,high-info,1,1,1,YES
yaw240_pitch+020_roll-030,240.0,20.0,-30.0,0.02470477,P2,R1_high_info,high-info,1,1,1,YES
yaw240_pitch+025_roll-030,240.0,25.0,-30.0,0.02447046,P2,R1_high_info,high-info,1,1,1,YES
yaw245_pitch+015_roll-030,245.0,15.0,-30.0,0.02416950,P2,R1_high_info,high-info,1,1,1,YES
yaw245_pitch+020_roll-030,245.0,20.0,-30.0,0.02346926,P2,R1_high_info,high-info,1,1,1,YES
yaw245_pitch+025_roll-030,245.0,25.0,-30.0,0.02340855,P2,R1_high_info,high-info,1,1,1,YES
yaw250_pitch+015_roll-030,250.0,15.0,-30.0,0.02314153,P2,R1_high_info,high-info,1,1,1,YES
yaw250_pitch+020_roll-030,250.0,20.0,-30.0,0.02294304,P2,R1_high_info,high-info,1,1,1,YES
yaw250_pitch+025_roll-030,250.0,25.0,-30.0,0.02252356,P2,R1_high_info,high-info,1,1,1,YES
yaw275_pitch-065_roll-030,275.0,-65.0,-30.0,0.02410873,P2,R2_dark_rollsens,dark/roll-sensitive,1,1,1,YES
yaw275_pitch-070_roll-030,275.0,-70.0,-30.0,0.02472185,P2,R2_dark_rollsens,dark/roll-sensitive,1,1,1,YES
yaw275_pitch-075_roll-030,275.0,-75.0,-30.0,0.02505655,P2,R2_dark_rollsens,dark/roll-sensitive,1,1,1,YES
yaw275_pitch-080_roll-030,275.0,-80.0,-30.0,0.02656693,P2,R2_dark_rollsens,dark/roll-sensitive,1,1,1,YES
yaw275_pitch-085_roll-030,275.0,-85.0,-30.0,0.02893768,P2,R2_dark_rollsens,dark/roll-sensitive,1,1,1,YES
yaw280_pitch-065_roll-030,280.0,-65.0,-30.0,0.02319980,P2,R2_dark_rollsens,dark/roll-sensitive,1,1,1,YES
yaw280_pitch-070_roll-030,280.0,-70.0,-30.0,0.02290678,P2,R2_dark_rollsens,dark/roll-sensitive,1,1,1,YES
yaw280_pitch-075_roll-030,280.0,-75.0,-30.0,0.02309052,P2,R2_dark_rollsens,dark/roll-sensitive,1,1,1,YES
yaw285_pitch-065_roll-030,285.0,-65.0,-30.0,0.02151222,P2,R2_dark_rollsens,dark/roll-sensitive,1,1,1,YES
yaw285_pitch-070_roll-030,285.0,-70.0,-30.0,0.02092142,P2,R2_dark_rollsens,dark/roll-sensitive,1,1,1,YES
yaw285_pitch-075_roll-030,285.0,-75.0,-30.0,0.02058836,P2,R2_dark_rollsens,dark/roll-sensitive,1,1,1,YES
yaw290_pitch-065_roll-030,290.0,-65.0,-30.0,0.01913493,P2,R2_dark_rollsens,dark/roll-sensitive,1,1,1,YES
yaw290_pitch-070_roll-030,290.0,-70.0,-30.0,0.01873248,P2,R2_dark_rollsens,dark/roll-sensitive,1,1,1,YES
yaw290_pitch-075_roll-030,290.0,-75.0,-30.0,0.01832869,P2,R2_dark_rollsens,dark/roll-sensitive,1,1,1,YES
yaw290_pitch-080_roll-030,290.0,-80.0,-30.0,0.01837806,P2,R2_dark_rollsens,dark/roll-sensitive,1,1,1,YES
yaw290_pitch-085_roll-030,290.0,-85.0,-30.0,0.01869047,P2,R2_dark_rollsens,dark/roll-sensitive,1,1,1,YES
yaw295_pitch-065_roll-030,295.0,-65.0,-30.0,0.01693401,P2,R2_dark_rollsens,dark/roll-sensitive,1,1,1,YES
yaw295_pitch-070_roll-030,295.0,-70.0,-30.0,0.01647291,P2,R2_dark_rollsens,dark/roll-sensitive,1,1,1,YES
yaw295_pitch-075_roll-030,295.0,-75.0,-30.0,0.01617001,P2,R2_dark_rollsens,dark/roll-sensitive,1,1,1,YES
yaw295_pitch-080_roll-030,295.0,-80.0,-30.0,0.01604563,P2,R2_dark_rollsens,dark/roll-sensitive,1,1,1,YES
yaw295_pitch-085_roll-030,295.0,-85.0,-30.0,0.01620711,P2,R2_dark_rollsens,dark/roll-sensitive,1,1,1,YES
yaw055_pitch+075_roll-045,55.0,75.0,-45.0,0.01912531,P2,R3_low_info,low-info/ocs-hard,1,1,1,YES
yaw055_pitch+080_roll-045,55.0,80.0,-45.0,0.01876038,P2,R3_low_info,low-info/ocs-hard,1,1,1,YES
yaw060_pitch+075_roll-045,60.0,75.0,-45.0,0.01760265,P2,R3_low_info,low-info/ocs-hard,1,1,1,YES
yaw060_pitch+080_roll-045,60.0,80.0,-45.0,0.01712125,P2,R3_low_info,low-info/ocs-hard,1,1,1,YES
yaw065_pitch+075_roll-045,65.0,75.0,-45.0,0.01610878,P2,R3_low_info,low-info/ocs-hard,1,1,1,YES
yaw065_pitch+080_roll-045,65.0,80.0,-45.0,0.01570720,P2,R3_low_info,low-info/ocs-hard,1,1,1,YES
yaw070_pitch+060_roll-045,70.0,60.0,-45.0,0.01501039,P2,R3_low_info,low-info/ocs-hard,1,1,1,YES
yaw070_pitch+065_roll-045,70.0,65.0,-45.0,0.01552427,P2,R3_low_info,low-info/ocs-hard,1,1,1,YES
yaw070_pitch+070_roll-045,70.0,70.0,-45.0,0.01506640,P2,R3_low_info,low-info/ocs-hard,1,1,1,YES
yaw070_pitch+075_roll-045,70.0,75.0,-45.0,0.01454728,P2,R3_low_info,low-info/ocs-hard,1,1,1,YES
yaw070_pitch+080_roll-045,70.0,80.0,-45.0,0.01414375,P2,R3_low_info,low-info/ocs-hard,1,1,1,YES
yaw075_pitch+060_roll-045,75.0,60.0,-45.0,0.01339516,P2,R3_low_info,low-info/ocs-hard,1,1,1,YES
yaw075_pitch+065_roll-045,75.0,65.0,-45.0,0.01460267,P2,R3_low_info,low-info/ocs-hard,1,1,1,YES
yaw075_pitch+070_roll-045,75.0,70.0,-45.0,0.01460605,P2,R3_low_info,low-info/ocs-hard,1,1,1,YES
yaw075_pitch+075_roll-045,75.0,75.0,-45.0,0.01433763,P2,R3_low_info,low-info/ocs-hard,1,1,1,YES
yaw075_pitch+080_roll-045,75.0,80.0,-45.0,0.01441185,P2,R3_low_info,low-info/ocs-hard,1,1,1,YES
yaw140_pitch+005_roll-045,140.0,5.0,-45.0,0.06642630,P2,R4_bright_robust,bright/robust-easy,1,1,1,YES
yaw140_pitch+010_roll-045,140.0,10.0,-45.0,0.10529123,P2,R4_bright_robust,bright/robust-easy,1,1,1,YES
yaw140_pitch+015_roll-045,140.0,15.0,-45.0,0.10854892,P2,R4_bright_robust,bright/robust-easy,1,1,1,YES
yaw140_pitch+020_roll-045,140.0,20.0,-45.0,0.07142638,P2,R4_bright_robust,bright/robust-easy,1,1,1,YES
yaw140_pitch+025_roll-045,140.0,25.0,-45.0,0.03483139,P2,R4_bright_robust,bright/robust-easy,1,1,1,YES
yaw145_pitch+005_roll-045,145.0,5.0,-45.0,0.10297044,P2,R4_bright_robust,bright/robust-easy,1,1,1,YES
yaw150_pitch+005_roll-045,150.0,5.0,-45.0,0.10416335,P2,R4_bright_robust,bright/robust-easy,1,1,1,YES
yaw155_pitch+005_roll-045,155.0,5.0,-45.0,0.06686547,P2,R4_bright_robust,bright/robust-easy,1,1,1,YES
yaw160_pitch+005_roll-045,160.0,5.0,-45.0,0.03471163,P2,R4_bright_robust,bright/robust-easy,1,1,1,YES
yaw190_pitch+000_roll-045,190.0,0.0,-45.0,0.01694474,P2,R5_neutral,neutral-control,1,1,1,YES
yaw190_pitch+005_roll-045,190.0,5.0,-45.0,0.01594834,P2,R5_neutral,neutral-control,1,1,1,YES
yaw190_pitch+010_roll-045,190.0,10.0,-45.0,0.01581996,P2,R5_neutral,neutral-control,1,1,1,YES
yaw190_pitch-005_roll-045,190.0,-5.0,-45.0,0.01745391,P2,R5_neutral,neutral-control,1,1,1,YES
yaw190_pitch-010_roll-045,190.0,-10.0,-45.0,0.01821524,P2,R5_neutral,neutral-control,1,1,1,YES
yaw195_pitch+000_roll-045,195.0,0.0,-45.0,0.01578080,P2,R5_neutral,neutral-control,1,1,1,YES
yaw195_pitch+005_roll-045,195.0,5.0,-45.0,0.01542900,P2,R5_neutral,neutral-control,1,1,1,YES
yaw195_pitch+010_roll-045,195.0,10.0,-45.0,0.01587594,P2,R5_neutral,neutral-control,1,1,1,YES
yaw195_pitch-005_roll-045,195.0,-5.0,-45.0,0.01671309,P2,R5_neutral,neutral-control,1,1,1,YES
yaw195_pitch-010_roll-045,195.0,-10.0,-45.0,0.01746304,P2,R5_neutral,neutral-control,1,1,1,YES
yaw200_pitch+000_roll-045,200.0,0.0,-45.0,0.01587503,P2,R5_neutral,neutral-control,1,1,1,YES
yaw200_pitch+005_roll-045,200.0,5.0,-45.0,0.01584994,P2,R5_neutral,neutral-control,1,1,1,YES
yaw200_pitch+010_roll-045,200.0,10.0,-45.0,0.01614339,P2,R5_neutral,neutral-control,1,1,1,YES
yaw200_pitch-005_roll-045,200.0,-5.0,-45.0,0.01615333,P2,R5_neutral,neutral-control,1,1,1,YES
yaw200_pitch-010_roll-045,200.0,-10.0,-45.0,0.01707466,P2,R5_neutral,neutral-control,1,1,1,YES
yaw205_pitch+000_roll-045,205.0,0.0,-45.0,0.01631845,P2,R5_neutral,neutral-control,1,1,1,YES
yaw205_pitch+005_roll-045,205.0,5.0,-45.0,0.01638857,P2,R5_neutral,neutral-control,1,1,1,YES
yaw205_pitch+010_roll-045,205.0,10.0,-45.0,0.01660470,P2,R5_neutral,neutral-control,1,1,1,YES
yaw210_pitch+000_roll-045,210.0,0.0,-45.0,0.01837171,P2,R5_neutral,neutral-control,1,1,1,YES
yaw210_pitch+005_roll-045,210.0,5.0,-45.0,0.01836465,P2,R5_neutral,neutral-control,1,1,1,YES
yaw210_pitch+010_roll-045,210.0,10.0,-45.0,0.01832578,P2,R5_neutral,neutral-control,1,1,1,YES
yaw230_pitch+015_roll-045,230.0,15.0,-45.0,0.02243854,P2,R1_high_info,high-info,1,1,1,YES
yaw230_pitch+020_roll-045,230.0,20.0,-45.0,0.02253087,P2,R1_high_info,high-info,1,1,1,YES
yaw230_pitch+025_roll-045,230.0,25.0,-45.0,0.02253933,P2,R1_high_info,high-info,1,1,1,YES
yaw230_pitch+030_roll-045,230.0,30.0,-45.0,0.02196574,P2,R1_high_info,high-info,1,1,1,YES
yaw230_pitch+035_roll-045,230.0,35.0,-45.0,0.02143907,P2,R1_high_info,high-info,1,1,1,YES
yaw235_pitch+015_roll-045,235.0,15.0,-45.0,0.02300284,P2,R1_high_info,high-info,1,1,1,YES
yaw235_pitch+020_roll-045,235.0,20.0,-45.0,0.02283730,P2,R1_high_info,high-info,1,1,1,YES
yaw235_pitch+025_roll-045,235.0,25.0,-45.0,0.02261740,P2,R1_high_info,high-info,1,1,1,YES
yaw235_pitch+030_roll-045,235.0,30.0,-45.0,0.02216556,P2,R1_high_info,high-info,1,1,1,YES
yaw235_pitch+035_roll-045,235.0,35.0,-45.0,0.02171505,P2,R1_high_info,high-info,1,1,1,YES
yaw240_pitch+015_roll-045,240.0,15.0,-45.0,0.02265115,P2,R1_high_info,high-info,1,1,1,YES
yaw240_pitch+020_roll-045,240.0,20.0,-45.0,0.02266361,P2,R1_high_info,high-info,1,1,1,YES
yaw240_pitch+025_roll-045,240.0,25.0,-45.0,0.02248173,P2,R1_high_info,high-info,1,1,1,YES
yaw245_pitch+015_roll-045,245.0,15.0,-45.0,0.02214129,P2,R1_high_info,high-info,1,1,1,YES
yaw245_pitch+020_roll-045,245.0,20.0,-45.0,0.02210260,P2,R1_high_info,high-info,1,1,1,YES
yaw245_pitch+025_roll-045,245.0,25.0,-45.0,0.02182064,P2,R1_high_info,high-info,1,1,1,YES
yaw250_pitch+015_roll-045,250.0,15.0,-45.0,0.02109233,P2,R1_high_info,high-info,1,1,1,YES
yaw250_pitch+020_roll-045,250.0,20.0,-45.0,0.02103584,P2,R1_high_info,high-info,1,1,1,YES
yaw250_pitch+025_roll-045,250.0,25.0,-45.0,0.02078872,P2,R1_high_info,high-info,1,1,1,YES
yaw275_pitch-065_roll-045,275.0,-65.0,-45.0,0.02300624,P2,R2_dark_rollsens,dark/roll-sensitive,1,1,1,YES
yaw275_pitch-070_roll-045,275.0,-70.0,-45.0,0.02366216,P2,R2_dark_rollsens,dark/roll-sensitive,1,1,1,YES
yaw275_pitch-075_roll-045,275.0,-75.0,-45.0,0.02452627,P2,R2_dark_rollsens,dark/roll-sensitive,1,1,1,YES
yaw275_pitch-080_roll-045,275.0,-80.0,-45.0,0.02606856,P2,R2_dark_rollsens,dark/roll-sensitive,1,1,1,YES
yaw275_pitch-085_roll-045,275.0,-85.0,-45.0,0.02909973,P2,R2_dark_rollsens,dark/roll-sensitive,1,1,1,YES
yaw280_pitch-065_roll-045,280.0,-65.0,-45.0,0.02372152,P2,R2_dark_rollsens,dark/roll-sensitive,1,1,1,YES
yaw280_pitch-070_roll-045,280.0,-70.0,-45.0,0.02432524,P2,R2_dark_rollsens,dark/roll-sensitive,1,1,1,YES
yaw280_pitch-075_roll-045,280.0,-75.0,-45.0,0.02552536,P2,R2_dark_rollsens,dark/roll-sensitive,1,1,1,YES
yaw285_pitch-065_roll-045,285.0,-65.0,-45.0,0.02390878,P2,R2_dark_rollsens,dark/roll-sensitive,1,1,1,YES
yaw285_pitch-070_roll-045,285.0,-70.0,-45.0,0.02483141,P2,R2_dark_rollsens,dark/roll-sensitive,1,1,1,YES
yaw285_pitch-075_roll-045,285.0,-75.0,-45.0,0.02521548,P2,R2_dark_rollsens,dark/roll-sensitive,1,1,1,YES
yaw290_pitch-065_roll-045,290.0,-65.0,-45.0,0.02386411,P2,R2_dark_rollsens,dark/roll-sensitive,1,1,1,YES
yaw290_pitch-070_roll-045,290.0,-70.0,-45.0,0.02387528,P2,R2_dark_rollsens,dark/roll-sensitive,1,1,1,YES
yaw290_pitch-075_roll-045,290.0,-75.0,-45.0,0.02403980,P2,R2_dark_rollsens,dark/roll-sensitive,1,1,1,YES
yaw290_pitch-080_roll-045,290.0,-80.0,-45.0,0.02481278,P2,R2_dark_rollsens,dark/roll-sensitive,1,1,1,YES
yaw290_pitch-085_roll-045,290.0,-85.0,-45.0,0.02749299,P2,R2_dark_rollsens,dark/roll-sensitive,1,1,1,YES
yaw295_pitch-065_roll-045,295.0,-65.0,-45.0,0.02264762,P2,R2_dark_rollsens,dark/roll-sensitive,1,1,1,YES
yaw295_pitch-070_roll-045,295.0,-70.0,-45.0,0.02216138,P2,R2_dark_rollsens,dark/roll-sensitive,1,1,1,YES
yaw295_pitch-075_roll-045,295.0,-75.0,-45.0,0.02245858,P2,R2_dark_rollsens,dark/roll-sensitive,1,1,1,YES
yaw295_pitch-080_roll-045,295.0,-80.0,-45.0,0.02263673,P2,R2_dark_rollsens,dark/roll-sensitive,1,1,1,YES
yaw295_pitch-085_roll-045,295.0,-85.0,-45.0,0.02384474,P2,R2_dark_rollsens,dark/roll-sensitive,1,1,1,YES
yaw055_pitch+075_roll-060,55.0,75.0,-60.0,0.01446513,P2,R3_low_info,low-info/ocs-hard,1,1,1,YES
yaw055_pitch+080_roll-060,55.0,80.0,-60.0,0.01432826,P2,R3_low_info,low-info/ocs-hard,1,1,1,YES
yaw060_pitch+075_roll-060,60.0,75.0,-60.0,0.01437567,P2,R3_low_info,low-info/ocs-hard,1,1,1,YES
yaw060_pitch+080_roll-060,60.0,80.0,-60.0,0.01438835,P2,R3_low_info,low-info/ocs-hard,1,1,1,YES
yaw065_pitch+075_roll-060,65.0,75.0,-60.0,0.01611019,P2,R3_low_info,low-info/ocs-hard,1,1,1,YES
yaw065_pitch+080_roll-060,65.0,80.0,-60.0,0.01659003,P2,R3_low_info,low-info/ocs-hard,1,1,1,YES
yaw070_pitch+060_roll-060,70.0,60.0,-60.0,0.01626585,P2,R3_low_info,low-info/ocs-hard,1,1,1,YES
yaw070_pitch+065_roll-060,70.0,65.0,-60.0,0.01700034,P2,R3_low_info,low-info/ocs-hard,1,1,1,YES
yaw070_pitch+070_roll-060,70.0,70.0,-60.0,0.01792446,P2,R3_low_info,low-info/ocs-hard,1,1,1,YES
yaw070_pitch+075_roll-060,70.0,75.0,-60.0,0.01877161,P2,R3_low_info,low-info/ocs-hard,1,1,1,YES
yaw070_pitch+080_roll-060,70.0,80.0,-60.0,0.01988138,P2,R3_low_info,low-info/ocs-hard,1,1,1,YES
yaw075_pitch+060_roll-060,75.0,60.0,-60.0,0.01776509,P2,R3_low_info,low-info/ocs-hard,1,1,1,YES
yaw075_pitch+065_roll-060,75.0,65.0,-60.0,0.01892137,P2,R3_low_info,low-info/ocs-hard,1,1,1,YES
yaw075_pitch+070_roll-060,75.0,70.0,-60.0,0.02031568,P2,R3_low_info,low-info/ocs-hard,1,1,1,YES
yaw075_pitch+075_roll-060,75.0,75.0,-60.0,0.02193643,P2,R3_low_info,low-info/ocs-hard,1,1,1,YES
yaw075_pitch+080_roll-060,75.0,80.0,-60.0,0.02368960,P2,R3_low_info,low-info/ocs-hard,1,1,1,YES
yaw140_pitch+005_roll-060,140.0,5.0,-60.0,0.06666469,P2,R4_bright_robust,bright/robust-easy,1,1,1,YES
yaw140_pitch+010_roll-060,140.0,10.0,-60.0,0.10498146,P2,R4_bright_robust,bright/robust-easy,1,1,1,YES
yaw140_pitch+015_roll-060,140.0,15.0,-60.0,0.10495603,P2,R4_bright_robust,bright/robust-easy,1,1,1,YES
yaw140_pitch+020_roll-060,140.0,20.0,-60.0,0.06822103,P2,R4_bright_robust,bright/robust-easy,1,1,1,YES
yaw140_pitch+025_roll-060,140.0,25.0,-60.0,0.03437422,P2,R4_bright_robust,bright/robust-easy,1,1,1,YES
yaw145_pitch+005_roll-060,145.0,5.0,-60.0,0.10242461,P2,R4_bright_robust,bright/robust-easy,1,1,1,YES
yaw150_pitch+005_roll-060,150.0,5.0,-60.0,0.10353030,P2,R4_bright_robust,bright/robust-easy,1,1,1,YES
yaw155_pitch+005_roll-060,155.0,5.0,-60.0,0.06714090,P2,R4_bright_robust,bright/robust-easy,1,1,1,YES
yaw160_pitch+005_roll-060,160.0,5.0,-60.0,0.03529124,P2,R4_bright_robust,bright/robust-easy,1,1,1,YES
yaw190_pitch+000_roll-060,190.0,0.0,-60.0,0.01712624,P2,R5_neutral,neutral-control,1,1,1,YES
yaw190_pitch+005_roll-060,190.0,5.0,-60.0,0.01664244,P2,R5_neutral,neutral-control,1,1,1,YES
yaw190_pitch+010_roll-060,190.0,10.0,-60.0,0.01570234,P2,R5_neutral,neutral-control,1,1,1,YES
yaw190_pitch-005_roll-060,190.0,-5.0,-60.0,0.01758960,P2,R5_neutral,neutral-control,1,1,1,YES
yaw190_pitch-010_roll-060,190.0,-10.0,-60.0,0.01819960,P2,R5_neutral,neutral-control,1,1,1,YES
yaw195_pitch+000_roll-060,195.0,0.0,-60.0,0.01652793,P2,R5_neutral,neutral-control,1,1,1,YES
yaw195_pitch+005_roll-060,195.0,5.0,-60.0,0.01591465,P2,R5_neutral,neutral-control,1,1,1,YES
yaw195_pitch+010_roll-060,195.0,10.0,-60.0,0.01561410,P2,R5_neutral,neutral-control,1,1,1,YES
yaw195_pitch-005_roll-060,195.0,-5.0,-60.0,0.01733585,P2,R5_neutral,neutral-control,1,1,1,YES
yaw195_pitch-010_roll-060,195.0,-10.0,-60.0,0.01831000,P2,R5_neutral,neutral-control,1,1,1,YES
yaw200_pitch+000_roll-060,200.0,0.0,-60.0,0.01654410,P2,R5_neutral,neutral-control,1,1,1,YES
yaw200_pitch+005_roll-060,200.0,5.0,-60.0,0.01552430,P2,R5_neutral,neutral-control,1,1,1,YES
yaw200_pitch+010_roll-060,200.0,10.0,-60.0,0.01555612,P2,R5_neutral,neutral-control,1,1,1,YES
yaw200_pitch-005_roll-060,200.0,-5.0,-60.0,0.01753070,P2,R5_neutral,neutral-control,1,1,1,YES
yaw200_pitch-010_roll-060,200.0,-10.0,-60.0,0.01888225,P2,R5_neutral,neutral-control,1,1,1,YES
yaw205_pitch+000_roll-060,205.0,0.0,-60.0,0.01655271,P2,R5_neutral,neutral-control,1,1,1,YES
yaw205_pitch+005_roll-060,205.0,5.0,-60.0,0.01606025,P2,R5_neutral,neutral-control,1,1,1,YES
yaw205_pitch+010_roll-060,205.0,10.0,-60.0,0.01611147,P2,R5_neutral,neutral-control,1,1,1,YES
yaw210_pitch+000_roll-060,210.0,0.0,-60.0,0.01829783,P2,R5_neutral,neutral-control,1,1,1,YES
yaw210_pitch+005_roll-060,210.0,5.0,-60.0,0.01800938,P2,R5_neutral,neutral-control,1,1,1,YES
yaw210_pitch+010_roll-060,210.0,10.0,-60.0,0.01795163,P2,R5_neutral,neutral-control,1,1,1,YES
yaw230_pitch+015_roll-060,230.0,15.0,-60.0,0.02387889,P2,R1_high_info,high-info,1,1,1,YES
yaw230_pitch+020_roll-060,230.0,20.0,-60.0,0.02342021,P2,R1_high_info,high-info,1,1,1,YES
yaw230_pitch+025_roll-060,230.0,25.0,-60.0,0.02284953,P2,R1_high_info,high-info,1,1,1,YES
yaw230_pitch+030_roll-060,230.0,30.0,-60.0,0.02212244,P2,R1_high_info,high-info,1,1,1,YES
yaw230_pitch+035_roll-060,230.0,35.0,-60.0,0.02119732,P2,R1_high_info,high-info,1,1,1,YES
yaw235_pitch+015_roll-060,235.0,15.0,-60.0,0.02464809,P2,R1_high_info,high-info,1,1,1,YES
yaw235_pitch+020_roll-060,235.0,20.0,-60.0,0.02352623,P2,R1_high_info,high-info,1,1,1,YES
yaw235_pitch+025_roll-060,235.0,25.0,-60.0,0.02299546,P2,R1_high_info,high-info,1,1,1,YES
yaw235_pitch+030_roll-060,235.0,30.0,-60.0,0.02210542,P2,R1_high_info,high-info,1,1,1,YES
yaw235_pitch+035_roll-060,235.0,35.0,-60.0,0.02115887,P2,R1_high_info,high-info,1,1,1,YES
yaw240_pitch+015_roll-060,240.0,15.0,-60.0,0.02701314,P2,R1_high_info,high-info,1,1,1,YES
yaw240_pitch+020_roll-060,240.0,20.0,-60.0,0.02657135,P2,R1_high_info,high-info,1,1,1,YES
yaw240_pitch+025_roll-060,240.0,25.0,-60.0,0.02556581,P2,R1_high_info,high-info,1,1,1,YES
yaw245_pitch+015_roll-060,245.0,15.0,-60.0,0.02817596,P2,R1_high_info,high-info,1,1,1,YES
yaw245_pitch+020_roll-060,245.0,20.0,-60.0,0.02951791,P2,R1_high_info,high-info,1,1,1,YES
yaw245_pitch+025_roll-060,245.0,25.0,-60.0,0.03040319,P2,R1_high_info,high-info,1,1,1,YES
yaw250_pitch+015_roll-060,250.0,15.0,-60.0,0.02573889,P2,R1_high_info,high-info,1,1,1,YES
yaw250_pitch+020_roll-060,250.0,20.0,-60.0,0.02903930,P2,R1_high_info,high-info,1,1,1,YES
yaw250_pitch+025_roll-060,250.0,25.0,-60.0,0.03332017,P2,R1_high_info,high-info,1,1,1,YES
yaw275_pitch-065_roll-060,275.0,-65.0,-60.0,0.01899623,P2,R2_dark_rollsens,dark/roll-sensitive,1,1,1,YES
yaw275_pitch-070_roll-060,275.0,-70.0,-60.0,0.01962888,P2,R2_dark_rollsens,dark/roll-sensitive,1,1,1,YES
yaw275_pitch-075_roll-060,275.0,-75.0,-60.0,0.02023402,P2,R2_dark_rollsens,dark/roll-sensitive,1,1,1,YES
yaw275_pitch-080_roll-060,275.0,-80.0,-60.0,0.02070844,P2,R2_dark_rollsens,dark/roll-sensitive,1,1,1,YES
yaw275_pitch-085_roll-060,275.0,-85.0,-60.0,0.02148597,P2,R2_dark_rollsens,dark/roll-sensitive,1,1,1,YES
yaw280_pitch-065_roll-060,280.0,-65.0,-60.0,0.02050995,P2,R2_dark_rollsens,dark/roll-sensitive,1,1,1,YES
yaw280_pitch-070_roll-060,280.0,-70.0,-60.0,0.02119540,P2,R2_dark_rollsens,dark/roll-sensitive,1,1,1,YES
yaw280_pitch-075_roll-060,280.0,-75.0,-60.0,0.02174217,P2,R2_dark_rollsens,dark/roll-sensitive,1,1,1,YES
yaw285_pitch-065_roll-060,285.0,-65.0,-60.0,0.02156937,P2,R2_dark_rollsens,dark/roll-sensitive,1,1,1,YES
yaw285_pitch-070_roll-060,285.0,-70.0,-60.0,0.02234971,P2,R2_dark_rollsens,dark/roll-sensitive,1,1,1,YES
yaw285_pitch-075_roll-060,285.0,-75.0,-60.0,0.02297213,P2,R2_dark_rollsens,dark/roll-sensitive,1,1,1,YES
yaw290_pitch-065_roll-060,290.0,-65.0,-60.0,0.02244146,P2,R2_dark_rollsens,dark/roll-sensitive,1,1,1,YES
yaw290_pitch-070_roll-060,290.0,-70.0,-60.0,0.02321103,P2,R2_dark_rollsens,dark/roll-sensitive,1,1,1,YES
yaw290_pitch-075_roll-060,290.0,-75.0,-60.0,0.02403806,P2,R2_dark_rollsens,dark/roll-sensitive,1,1,1,YES
yaw290_pitch-080_roll-060,290.0,-80.0,-60.0,0.02525048,P2,R2_dark_rollsens,dark/roll-sensitive,1,1,1,YES
yaw290_pitch-085_roll-060,290.0,-85.0,-60.0,0.02805243,P2,R2_dark_rollsens,dark/roll-sensitive,1,1,1,YES
yaw295_pitch-065_roll-060,295.0,-65.0,-60.0,0.02335958,P2,R2_dark_rollsens,dark/roll-sensitive,1,1,1,YES
yaw295_pitch-070_roll-060,295.0,-70.0,-60.0,0.02397472,P2,R2_dark_rollsens,dark/roll-sensitive,1,1,1,YES
yaw295_pitch-075_roll-060,295.0,-75.0,-60.0,0.02473151,P2,R2_dark_rollsens,dark/roll-sensitive,1,1,1,YES
yaw295_pitch-080_roll-060,295.0,-80.0,-60.0,0.02632869,P2,R2_dark_rollsens,dark/roll-sensitive,1,1,1,YES
yaw295_pitch-085_roll-060,295.0,-85.0,-60.0,0.03049311,P2,R2_dark_rollsens,dark/roll-sensitive,1,1,1,YES
yaw000_pitch+000_roll+000,0.0,0.0,0.0,0.01441693,01,unlabeled,unlabeled,1,1,1,YES
yaw000_pitch+005_roll+000,0.0,5.0,0.0,0.01351451,01,unlabeled,unlabeled,1,1,1,YES
yaw000_pitch+010_roll+000,0.0,10.0,0.0,0.01336614,01,unlabeled,unlabeled,1,1,1,YES
yaw000_pitch+015_roll+000,0.0,15.0,0.0,0.01324777,01,unlabeled,unlabeled,1,1,1,YES
yaw000_pitch+020_roll+000,0.0,20.0,0.0,0.01322191,01,unlabeled,unlabeled,1,1,1,YES
yaw000_pitch+025_roll+000,0.0,25.0,0.0,0.01323203,01,unlabeled,unlabeled,1,1,1,YES
yaw000_pitch+030_roll+000,0.0,30.0,0.0,0.01314314,01,unlabeled,unlabeled,1,1,1,YES
yaw000_pitch+035_roll+000,0.0,35.0,0.0,0.01292545,01,unlabeled,unlabeled,1,1,1,YES
yaw000_pitch+040_roll+000,0.0,40.0,0.0,0.01296448,01,unlabeled,unlabeled,1,1,1,YES
yaw000_pitch+045_roll+000,0.0,45.0,0.0,0.01267591,01,unlabeled,unlabeled,1,1,1,YES
yaw000_pitch+050_roll+000,0.0,50.0,0.0,0.01271842,01,unlabeled,unlabeled,1,1,1,YES
yaw000_pitch+055_roll+000,0.0,55.0,0.0,0.01314296,01,unlabeled,unlabeled,1,1,1,YES
yaw000_pitch+060_roll+000,0.0,60.0,0.0,0.01330118,01,unlabeled,unlabeled,1,1,1,YES
yaw000_pitch+065_roll+000,0.0,65.0,0.0,0.01343574,01,unlabeled,unlabeled,1,1,1,YES
yaw000_pitch+070_roll+000,0.0,70.0,0.0,0.01350879,01,unlabeled,unlabeled,1,1,1,YES
yaw000_pitch+075_roll+000,0.0,75.0,0.0,0.01315050,01,unlabeled,unlabeled,1,1,1,YES
yaw000_pitch+080_roll+000,0.0,80.0,0.0,0.01313278,01,unlabeled,unlabeled,1,1,1,YES
yaw000_pitch+085_roll+000,0.0,85.0,0.0,0.01268520,01,unlabeled,unlabeled,1,1,1,YES
yaw000_pitch+090_roll+000,0.0,90.0,0.0,0.01320583,01,unlabeled,unlabeled,1,1,1,YES
yaw000_pitch-005_roll+000,0.0,-5.0,0.0,0.01512123,01,unlabeled,unlabeled,1,1,1,YES
yaw000_pitch-010_roll+000,0.0,-10.0,0.0,0.01542660,01,unlabeled,unlabeled,1,1,1,YES
yaw000_pitch-015_roll+000,0.0,-15.0,0.0,0.01605281,01,unlabeled,unlabeled,1,1,1,YES
yaw000_pitch-020_roll+000,0.0,-20.0,0.0,0.01564910,01,unlabeled,unlabeled,1,1,1,YES
yaw000_pitch-025_roll+000,0.0,-25.0,0.0,0.01490648,01,unlabeled,unlabeled,1,1,1,YES
yaw000_pitch-030_roll+000,0.0,-30.0,0.0,0.01415119,01,unlabeled,unlabeled,1,1,1,YES
yaw000_pitch-035_roll+000,0.0,-35.0,0.0,0.01339797,01,unlabeled,unlabeled,1,1,1,YES
yaw000_pitch-040_roll+000,0.0,-40.0,0.0,0.01326610,01,unlabeled,unlabeled,1,1,1,YES
yaw000_pitch-045_roll+000,0.0,-45.0,0.0,0.01289893,01,unlabeled,unlabeled,1,1,1,YES
yaw000_pitch-050_roll+000,0.0,-50.0,0.0,0.01300232,01,unlabeled,unlabeled,1,1,1,YES
yaw000_pitch-055_roll+000,0.0,-55.0,0.0,0.01313163,01,unlabeled,unlabeled,1,1,1,YES
yaw000_pitch-060_roll+000,0.0,-60.0,0.0,0.01332155,01,unlabeled,unlabeled,1,1,1,YES
yaw000_pitch-065_roll+000,0.0,-65.0,0.0,0.01358622,01,unlabeled,unlabeled,1,1,1,YES
yaw000_pitch-070_roll+000,0.0,-70.0,0.0,0.01417791,01,unlabeled,unlabeled,1,1,1,YES
yaw000_pitch-075_roll+000,0.0,-75.0,0.0,0.01481304,01,unlabeled,unlabeled,1,1,1,YES
yaw000_pitch-080_roll+000,0.0,-80.0,0.0,0.01529321,01,unlabeled,unlabeled,1,1,1,YES
yaw000_pitch-085_roll+000,0.0,-85.0,0.0,0.01566994,01,unlabeled,unlabeled,1,1,1,YES
yaw000_pitch-090_roll+000,0.0,-90.0,0.0,0.01586562,01,unlabeled,unlabeled,1,1,1,YES
yaw005_pitch+000_roll+000,5.0,0.0,0.0,0.01494883,01,unlabeled,unlabeled,1,1,1,YES
yaw005_pitch+005_roll+000,5.0,5.0,0.0,0.01488224,01,unlabeled,unlabeled,1,1,1,YES
yaw005_pitch+010_roll+000,5.0,10.0,0.0,0.01475861,01,unlabeled,unlabeled,1,1,1,YES
yaw005_pitch+015_roll+000,5.0,15.0,0.0,0.01489080,01,unlabeled,unlabeled,1,1,1,YES
yaw005_pitch+020_roll+000,5.0,20.0,0.0,0.01479315,01,unlabeled,unlabeled,1,1,1,YES
yaw005_pitch+025_roll+000,5.0,25.0,0.0,0.01460313,01,unlabeled,unlabeled,1,1,1,YES
yaw005_pitch+030_roll+000,5.0,30.0,0.0,0.01489906,01,unlabeled,unlabeled,1,1,1,YES
yaw005_pitch+035_roll+000,5.0,35.0,0.0,0.01490020,01,unlabeled,unlabeled,1,1,1,YES
yaw005_pitch+040_roll+000,5.0,40.0,0.0,0.01452946,01,unlabeled,unlabeled,1,1,1,YES
yaw005_pitch+045_roll+000,5.0,45.0,0.0,0.01485684,01,unlabeled,unlabeled,1,1,1,YES
yaw005_pitch+050_roll+000,5.0,50.0,0.0,0.01487368,01,unlabeled,unlabeled,1,1,1,YES
yaw005_pitch+055_roll+000,5.0,55.0,0.0,0.01587754,01,unlabeled,unlabeled,1,1,1,YES
yaw005_pitch+060_roll+000,5.0,60.0,0.0,0.01622273,01,unlabeled,unlabeled,1,1,1,YES
yaw005_pitch+065_roll+000,5.0,65.0,0.0,0.01624786,01,unlabeled,unlabeled,1,1,1,YES
yaw005_pitch+070_roll+000,5.0,70.0,0.0,0.01606705,01,unlabeled,unlabeled,1,1,1,YES
yaw005_pitch+075_roll+000,5.0,75.0,0.0,0.01540010,01,unlabeled,unlabeled,1,1,1,YES
yaw005_pitch+080_roll+000,5.0,80.0,0.0,0.01523043,01,unlabeled,unlabeled,1,1,1,YES
yaw005_pitch+085_roll+000,5.0,85.0,0.0,0.01467746,01,unlabeled,unlabeled,1,1,1,YES
yaw005_pitch+090_roll+000,5.0,90.0,0.0,0.01517805,01,unlabeled,unlabeled,1,1,1,YES
yaw005_pitch-005_roll+000,5.0,-5.0,0.0,0.01612918,01,unlabeled,unlabeled,1,1,1,YES
yaw005_pitch-010_roll+000,5.0,-10.0,0.0,0.01692395,01,unlabeled,unlabeled,1,1,1,YES
yaw005_pitch-015_roll+000,5.0,-15.0,0.0,0.01800786,01,unlabeled,unlabeled,1,1,1,YES
yaw005_pitch-020_roll+000,5.0,-20.0,0.0,0.01724109,01,unlabeled,unlabeled,1,1,1,YES
yaw005_pitch-025_roll+000,5.0,-25.0,0.0,0.01685778,01,unlabeled,unlabeled,1,1,1,YES
yaw005_pitch-030_roll+000,5.0,-30.0,0.0,0.01595456,01,unlabeled,unlabeled,1,1,1,YES
yaw005_pitch-035_roll+000,5.0,-35.0,0.0,0.01555205,01,unlabeled,unlabeled,1,1,1,YES
yaw005_pitch-040_roll+000,5.0,-40.0,0.0,0.01477723,01,unlabeled,unlabeled,1,1,1,YES
yaw005_pitch-045_roll+000,5.0,-45.0,0.0,0.01478040,01,unlabeled,unlabeled,1,1,1,YES
yaw005_pitch-050_roll+000,5.0,-50.0,0.0,0.01482087,01,unlabeled,unlabeled,1,1,1,YES
yaw005_pitch-055_roll+000,5.0,-55.0,0.0,0.01477808,01,unlabeled,unlabeled,1,1,1,YES
yaw005_pitch-060_roll+000,5.0,-60.0,0.0,0.01503289,01,unlabeled,unlabeled,1,1,1,YES
yaw005_pitch-065_roll+000,5.0,-65.0,0.0,0.01508912,01,unlabeled,unlabeled,1,1,1,YES
yaw005_pitch-070_roll+000,5.0,-70.0,0.0,0.01575889,01,unlabeled,unlabeled,1,1,1,YES
yaw005_pitch-075_roll+000,5.0,-75.0,0.0,0.01599627,01,unlabeled,unlabeled,1,1,1,YES
yaw005_pitch-080_roll+000,5.0,-80.0,0.0,0.01629211,01,unlabeled,unlabeled,1,1,1,YES
yaw005_pitch-085_roll+000,5.0,-85.0,0.0,0.01661421,01,unlabeled,unlabeled,1,1,1,YES
yaw005_pitch-090_roll+000,5.0,-90.0,0.0,0.01648358,01,unlabeled,unlabeled,1,1,1,YES
yaw010_pitch+000_roll+000,10.0,0.0,0.0,0.01685332,01,unlabeled,unlabeled,1,1,1,YES
yaw010_pitch+005_roll+000,10.0,5.0,0.0,0.01638776,01,unlabeled,unlabeled,1,1,1,YES
yaw010_pitch+010_roll+000,10.0,10.0,0.0,0.01624176,01,unlabeled,unlabeled,1,1,1,YES
yaw010_pitch+015_roll+000,10.0,15.0,0.0,0.01643737,01,unlabeled,unlabeled,1,1,1,YES
yaw010_pitch+020_roll+000,10.0,20.0,0.0,0.01636533,01,unlabeled,unlabeled,1,1,1,YES
yaw010_pitch+025_roll+000,10.0,25.0,0.0,0.01639120,01,unlabeled,unlabeled,1,1,1,YES
yaw010_pitch+030_roll+000,10.0,30.0,0.0,0.01670288,01,unlabeled,unlabeled,1,1,1,YES
yaw010_pitch+035_roll+000,10.0,35.0,0.0,0.01665433,01,unlabeled,unlabeled,1,1,1,YES
yaw010_pitch+040_roll+000,10.0,40.0,0.0,0.01674670,01,unlabeled,unlabeled,1,1,1,YES
yaw010_pitch+045_roll+000,10.0,45.0,0.0,0.01673781,01,unlabeled,unlabeled,1,1,1,YES
yaw010_pitch+050_roll+000,10.0,50.0,0.0,0.01731035,01,unlabeled,unlabeled,1,1,1,YES
yaw010_pitch+055_roll+000,10.0,55.0,0.0,0.01827787,01,unlabeled,unlabeled,1,1,1,YES
yaw010_pitch+060_roll+000,10.0,60.0,0.0,0.01927462,01,unlabeled,unlabeled,1,1,1,YES
yaw010_pitch+065_roll+000,10.0,65.0,0.0,0.01892212,01,unlabeled,unlabeled,1,1,1,YES
yaw010_pitch+070_roll+000,10.0,70.0,0.0,0.01828594,01,unlabeled,unlabeled,1,1,1,YES
yaw010_pitch+075_roll+000,10.0,75.0,0.0,0.01780840,01,unlabeled,unlabeled,1,1,1,YES
yaw010_pitch+080_roll+000,10.0,80.0,0.0,0.01689787,01,unlabeled,unlabeled,1,1,1,YES
yaw010_pitch+085_roll+000,10.0,85.0,0.0,0.01682748,01,unlabeled,unlabeled,1,1,1,YES
yaw010_pitch+090_roll+000,10.0,90.0,0.0,0.01812928,01,unlabeled,unlabeled,1,1,1,YES
yaw010_pitch-005_roll+000,10.0,-5.0,0.0,0.01740042,01,unlabeled,unlabeled,1,1,1,YES
yaw010_pitch-010_roll+000,10.0,-10.0,0.0,0.01799965,01,unlabeled,unlabeled,1,1,1,YES
yaw010_pitch-015_roll+000,10.0,-15.0,0.0,0.01898028,01,unlabeled,unlabeled,1,1,1,YES
yaw010_pitch-020_roll+000,10.0,-20.0,0.0,0.01919194,01,unlabeled,unlabeled,1,1,1,YES
yaw010_pitch-025_roll+000,10.0,-25.0,0.0,0.01899031,01,unlabeled,unlabeled,1,1,1,YES
yaw010_pitch-030_roll+000,10.0,-30.0,0.0,0.01831091,01,unlabeled,unlabeled,1,1,1,YES
yaw010_pitch-035_roll+000,10.0,-35.0,0.0,0.01754370,01,unlabeled,unlabeled,1,1,1,YES
yaw010_pitch-040_roll+000,10.0,-40.0,0.0,0.01693275,01,unlabeled,unlabeled,1,1,1,YES
yaw010_pitch-045_roll+000,10.0,-45.0,0.0,0.01661772,01,unlabeled,unlabeled,1,1,1,YES
yaw010_pitch-050_roll+000,10.0,-50.0,0.0,0.01653993,01,unlabeled,unlabeled,1,1,1,YES
yaw010_pitch-055_roll+000,10.0,-55.0,0.0,0.01672083,01,unlabeled,unlabeled,1,1,1,YES
yaw010_pitch-060_roll+000,10.0,-60.0,0.0,0.01682225,01,unlabeled,unlabeled,1,1,1,YES
yaw010_pitch-065_roll+000,10.0,-65.0,0.0,0.01668639,01,unlabeled,unlabeled,1,1,1,YES
yaw010_pitch-070_roll+000,10.0,-70.0,0.0,0.01717915,01,unlabeled,unlabeled,1,1,1,YES
yaw010_pitch-075_roll+000,10.0,-75.0,0.0,0.01754817,01,unlabeled,unlabeled,1,1,1,YES
yaw010_pitch-080_roll+000,10.0,-80.0,0.0,0.01803588,01,unlabeled,unlabeled,1,1,1,YES
yaw010_pitch-085_roll+000,10.0,-85.0,0.0,0.01820719,01,unlabeled,unlabeled,1,1,1,YES
yaw010_pitch-090_roll+000,10.0,-90.0,0.0,0.01879099,01,unlabeled,unlabeled,1,1,1,YES
yaw015_pitch+000_roll+000,15.0,0.0,0.0,0.01871439,01,unlabeled,unlabeled,1,1,1,YES
yaw015_pitch+005_roll+000,15.0,5.0,0.0,0.01819936,01,unlabeled,unlabeled,1,1,1,YES
yaw015_pitch+010_roll+000,15.0,10.0,0.0,0.01806840,01,unlabeled,unlabeled,1,1,1,YES
yaw015_pitch+015_roll+000,15.0,15.0,0.0,0.01857547,01,unlabeled,unlabeled,1,1,1,YES
yaw015_pitch+020_roll+000,15.0,20.0,0.0,0.01862916,01,unlabeled,unlabeled,1,1,1,YES
yaw015_pitch+025_roll+000,15.0,25.0,0.0,0.01853224,01,unlabeled,unlabeled,1,1,1,YES
yaw015_pitch+030_roll+000,15.0,30.0,0.0,0.01880744,01,unlabeled,unlabeled,1,1,1,YES
yaw015_pitch+035_roll+000,15.0,35.0,0.0,0.01889087,01,unlabeled,unlabeled,1,1,1,YES
yaw015_pitch+040_roll+000,15.0,40.0,0.0,0.01919634,01,unlabeled,unlabeled,1,1,1,YES
yaw015_pitch+045_roll+000,15.0,45.0,0.0,0.01966376,01,unlabeled,unlabeled,1,1,1,YES
yaw015_pitch+050_roll+000,15.0,50.0,0.0,0.01968727,01,unlabeled,unlabeled,1,1,1,YES
yaw015_pitch+055_roll+000,15.0,55.0,0.0,0.01993468,01,unlabeled,unlabeled,1,1,1,YES
yaw015_pitch+060_roll+000,15.0,60.0,0.0,0.02062473,01,unlabeled,unlabeled,1,1,1,YES
yaw015_pitch+065_roll+000,15.0,65.0,0.0,0.02052297,01,unlabeled,unlabeled,1,1,1,YES
yaw015_pitch+070_roll+000,15.0,70.0,0.0,0.02016656,01,unlabeled,unlabeled,1,1,1,YES
yaw015_pitch+075_roll+000,15.0,75.0,0.0,0.01955895,01,unlabeled,unlabeled,1,1,1,YES
yaw015_pitch+080_roll+000,15.0,80.0,0.0,0.01929140,01,unlabeled,unlabeled,1,1,1,YES
yaw015_pitch+085_roll+000,15.0,85.0,0.0,0.01911665,01,unlabeled,unlabeled,1,1,1,YES
yaw015_pitch+090_roll+000,15.0,90.0,0.0,0.01908186,01,unlabeled,unlabeled,1,1,1,YES
yaw015_pitch-005_roll+000,15.0,-5.0,0.0,0.01880277,01,unlabeled,unlabeled,1,1,1,YES
yaw015_pitch-010_roll+000,15.0,-10.0,0.0,0.01950285,01,unlabeled,unlabeled,1,1,1,YES
yaw015_pitch-015_roll+000,15.0,-15.0,0.0,0.02008628,01,unlabeled,unlabeled,1,1,1,YES
yaw015_pitch-020_roll+000,15.0,-20.0,0.0,0.02016720,01,unlabeled,unlabeled,1,1,1,YES
yaw015_pitch-025_roll+000,15.0,-25.0,0.0,0.02092410,01,unlabeled,unlabeled,1,1,1,YES
yaw015_pitch-030_roll+000,15.0,-30.0,0.0,0.02079827,01,unlabeled,unlabeled,1,1,1,YES
yaw015_pitch-035_roll+000,15.0,-35.0,0.0,0.01970059,01,unlabeled,unlabeled,1,1,1,YES
yaw015_pitch-040_roll+000,15.0,-40.0,0.0,0.01918403,01,unlabeled,unlabeled,1,1,1,YES
yaw015_pitch-045_roll+000,15.0,-45.0,0.0,0.01870741,01,unlabeled,unlabeled,1,1,1,YES
yaw015_pitch-050_roll+000,15.0,-50.0,0.0,0.01869959,01,unlabeled,unlabeled,1,1,1,YES
yaw015_pitch-055_roll+000,15.0,-55.0,0.0,0.01880018,01,unlabeled,unlabeled,1,1,1,YES
yaw015_pitch-060_roll+000,15.0,-60.0,0.0,0.01894548,01,unlabeled,unlabeled,1,1,1,YES
yaw015_pitch-065_roll+000,15.0,-65.0,0.0,0.01868242,01,unlabeled,unlabeled,1,1,1,YES
yaw015_pitch-070_roll+000,15.0,-70.0,0.0,0.01913721,01,unlabeled,unlabeled,1,1,1,YES
yaw015_pitch-075_roll+000,15.0,-75.0,0.0,0.01955151,01,unlabeled,unlabeled,1,1,1,YES
yaw015_pitch-080_roll+000,15.0,-80.0,0.0,0.01993263,01,unlabeled,unlabeled,1,1,1,YES
yaw015_pitch-085_roll+000,15.0,-85.0,0.0,0.01993079,01,unlabeled,unlabeled,1,1,1,YES
yaw015_pitch-090_roll+000,15.0,-90.0,0.0,0.01936355,01,unlabeled,unlabeled,1,1,1,YES
yaw020_pitch+000_roll+000,20.0,0.0,0.0,0.01981816,01,unlabeled,unlabeled,1,1,1,YES
yaw020_pitch+005_roll+000,20.0,5.0,0.0,0.02009449,01,unlabeled,unlabeled,1,1,1,YES
yaw020_pitch+010_roll+000,20.0,10.0,0.0,0.02045941,01,unlabeled,unlabeled,1,1,1,YES
yaw020_pitch+015_roll+000,20.0,15.0,0.0,0.02066194,01,unlabeled,unlabeled,1,1,1,YES
yaw020_pitch+020_roll+000,20.0,20.0,0.0,0.02071009,01,unlabeled,unlabeled,1,1,1,YES
yaw020_pitch+025_roll+000,20.0,25.0,0.0,0.02116610,01,unlabeled,unlabeled,1,1,1,YES
yaw020_pitch+030_roll+000,20.0,30.0,0.0,0.02151064,01,unlabeled,unlabeled,1,1,1,YES
yaw020_pitch+035_roll+000,20.0,35.0,0.0,0.02184856,01,unlabeled,unlabeled,1,1,1,YES
yaw020_pitch+040_roll+000,20.0,40.0,0.0,0.02218531,01,unlabeled,unlabeled,1,1,1,YES
yaw020_pitch+045_roll+000,20.0,45.0,0.0,0.02218663,01,unlabeled,unlabeled,1,1,1,YES
yaw020_pitch+050_roll+000,20.0,50.0,0.0,0.02218675,01,unlabeled,unlabeled,1,1,1,YES
yaw020_pitch+055_roll+000,20.0,55.0,0.0,0.02223277,01,unlabeled,unlabeled,1,1,1,YES
yaw020_pitch+060_roll+000,20.0,60.0,0.0,0.02277956,01,unlabeled,unlabeled,1,1,1,YES
yaw020_pitch+065_roll+000,20.0,65.0,0.0,0.02265333,01,unlabeled,unlabeled,1,1,1,YES
yaw020_pitch+070_roll+000,20.0,70.0,0.0,0.02242467,01,unlabeled,unlabeled,1,1,1,YES
yaw020_pitch+075_roll+000,20.0,75.0,0.0,0.02240902,01,unlabeled,unlabeled,1,1,1,YES
yaw020_pitch+080_roll+000,20.0,80.0,0.0,0.02130176,01,unlabeled,unlabeled,1,1,1,YES
yaw020_pitch+085_roll+000,20.0,85.0,0.0,0.02128300,01,unlabeled,unlabeled,1,1,1,YES
yaw020_pitch+090_roll+000,20.0,90.0,0.0,0.02108998,01,unlabeled,unlabeled,1,1,1,YES
yaw020_pitch-005_roll+000,20.0,-5.0,0.0,0.02033545,01,unlabeled,unlabeled,1,1,1,YES
yaw020_pitch-010_roll+000,20.0,-10.0,0.0,0.02058300,01,unlabeled,unlabeled,1,1,1,YES
yaw020_pitch-015_roll+000,20.0,-15.0,0.0,0.02143718,01,unlabeled,unlabeled,1,1,1,YES
yaw020_pitch-020_roll+000,20.0,-20.0,0.0,0.02197638,01,unlabeled,unlabeled,1,1,1,YES
yaw020_pitch-025_roll+000,20.0,-25.0,0.0,0.02287077,01,unlabeled,unlabeled,1,1,1,YES
yaw020_pitch-030_roll+000,20.0,-30.0,0.0,0.02252157,01,unlabeled,unlabeled,1,1,1,YES
yaw020_pitch-035_roll+000,20.0,-35.0,0.0,0.02190957,01,unlabeled,unlabeled,1,1,1,YES
yaw020_pitch-040_roll+000,20.0,-40.0,0.0,0.02103131,01,unlabeled,unlabeled,1,1,1,YES
yaw020_pitch-045_roll+000,20.0,-45.0,0.0,0.02076430,01,unlabeled,unlabeled,1,1,1,YES
yaw020_pitch-050_roll+000,20.0,-50.0,0.0,0.02066037,01,unlabeled,unlabeled,1,1,1,YES
yaw020_pitch-055_roll+000,20.0,-55.0,0.0,0.02069199,01,unlabeled,unlabeled,1,1,1,YES
yaw020_pitch-060_roll+000,20.0,-60.0,0.0,0.02068636,01,unlabeled,unlabeled,1,1,1,YES
yaw020_pitch-065_roll+000,20.0,-65.0,0.0,0.02103001,01,unlabeled,unlabeled,1,1,1,YES
yaw020_pitch-070_roll+000,20.0,-70.0,0.0,0.02095132,01,unlabeled,unlabeled,1,1,1,YES
yaw020_pitch-075_roll+000,20.0,-75.0,0.0,0.02134727,01,unlabeled,unlabeled,1,1,1,YES
yaw020_pitch-080_roll+000,20.0,-80.0,0.0,0.02163979,01,unlabeled,unlabeled,1,1,1,YES
yaw020_pitch-085_roll+000,20.0,-85.0,0.0,0.02171386,01,unlabeled,unlabeled,1,1,1,YES
yaw020_pitch-090_roll+000,20.0,-90.0,0.0,0.02121168,01,unlabeled,unlabeled,1,1,1,YES
yaw025_pitch+000_roll+000,25.0,0.0,0.0,0.02176843,01,unlabeled,unlabeled,1,1,1,YES
yaw025_pitch+005_roll+000,25.0,5.0,0.0,0.02216321,01,unlabeled,unlabeled,1,1,1,YES
yaw025_pitch+010_roll+000,25.0,10.0,0.0,0.02264484,01,unlabeled,unlabeled,1,1,1,YES
yaw025_pitch+015_roll+000,25.0,15.0,0.0,0.02279585,01,unlabeled,unlabeled,1,1,1,YES
yaw025_pitch+020_roll+000,25.0,20.0,0.0,0.02345886,01,unlabeled,unlabeled,1,1,1,YES
yaw025_pitch+025_roll+000,25.0,25.0,0.0,0.02385178,01,unlabeled,unlabeled,1,1,1,YES
yaw025_pitch+030_roll+000,25.0,30.0,0.0,0.02453790,01,unlabeled,unlabeled,1,1,1,YES
yaw025_pitch+035_roll+000,25.0,35.0,0.0,0.02501892,01,unlabeled,unlabeled,1,1,1,YES
yaw025_pitch+040_roll+000,25.0,40.0,0.0,0.02526316,01,unlabeled,unlabeled,1,1,1,YES
yaw025_pitch+045_roll+000,25.0,45.0,0.0,0.02537394,01,unlabeled,unlabeled,1,1,1,YES
yaw025_pitch+050_roll+000,25.0,50.0,0.0,0.02477182,01,unlabeled,unlabeled,1,1,1,YES
yaw025_pitch+055_roll+000,25.0,55.0,0.0,0.02472543,01,unlabeled,unlabeled,1,1,1,YES
yaw025_pitch+060_roll+000,25.0,60.0,0.0,0.02488362,01,unlabeled,unlabeled,1,1,1,YES
yaw025_pitch+065_roll+000,25.0,65.0,0.0,0.02501395,01,unlabeled,unlabeled,1,1,1,YES
yaw025_pitch+070_roll+000,25.0,70.0,0.0,0.02474573,01,unlabeled,unlabeled,1,1,1,YES
yaw025_pitch+075_roll+000,25.0,75.0,0.0,0.02438661,01,unlabeled,unlabeled,1,1,1,YES
yaw025_pitch+080_roll+000,25.0,80.0,0.0,0.02355901,01,unlabeled,unlabeled,1,1,1,YES
yaw025_pitch+085_roll+000,25.0,85.0,0.0,0.02297457,01,unlabeled,unlabeled,1,1,1,YES
yaw025_pitch+090_roll+000,25.0,90.0,0.0,0.02273327,01,unlabeled,unlabeled,1,1,1,YES
yaw025_pitch-005_roll+000,25.0,-5.0,0.0,0.02195081,01,unlabeled,unlabeled,1,1,1,YES
yaw025_pitch-010_roll+000,25.0,-10.0,0.0,0.02185485,01,unlabeled,unlabeled,1,1,1,YES
yaw025_pitch-015_roll+000,25.0,-15.0,0.0,0.02291465,01,unlabeled,unlabeled,1,1,1,YES
yaw025_pitch-020_roll+000,25.0,-20.0,0.0,0.02365736,01,unlabeled,unlabeled,1,1,1,YES
yaw025_pitch-025_roll+000,25.0,-25.0,0.0,0.02427328,01,unlabeled,unlabeled,1,1,1,YES
yaw025_pitch-030_roll+000,25.0,-30.0,0.0,0.02405899,01,unlabeled,unlabeled,1,1,1,YES
yaw025_pitch-035_roll+000,25.0,-35.0,0.0,0.02406506,01,unlabeled,unlabeled,1,1,1,YES
yaw025_pitch-040_roll+000,25.0,-40.0,0.0,0.02364704,01,unlabeled,unlabeled,1,1,1,YES
yaw025_pitch-045_roll+000,25.0,-45.0,0.0,0.02291221,01,unlabeled,unlabeled,1,1,1,YES
yaw025_pitch-050_roll+000,25.0,-50.0,0.0,0.02235179,01,unlabeled,unlabeled,1,1,1,YES
yaw025_pitch-055_roll+000,25.0,-55.0,0.0,0.02203590,01,unlabeled,unlabeled,1,1,1,YES
yaw025_pitch-060_roll+000,25.0,-60.0,0.0,0.02180177,01,unlabeled,unlabeled,1,1,1,YES
yaw025_pitch-065_roll+000,25.0,-65.0,0.0,0.02242091,01,unlabeled,unlabeled,1,1,1,YES
yaw025_pitch-070_roll+000,25.0,-70.0,0.0,0.02168526,01,unlabeled,unlabeled,1,1,1,YES
yaw025_pitch-075_roll+000,25.0,-75.0,0.0,0.02178607,01,unlabeled,unlabeled,1,1,1,YES
yaw025_pitch-080_roll+000,25.0,-80.0,0.0,0.02228202,01,unlabeled,unlabeled,1,1,1,YES
yaw025_pitch-085_roll+000,25.0,-85.0,0.0,0.02270727,01,unlabeled,unlabeled,1,1,1,YES
yaw025_pitch-090_roll+000,25.0,-90.0,0.0,0.02328885,01,unlabeled,unlabeled,1,1,1,YES
yaw030_pitch+000_roll+000,30.0,0.0,0.0,0.02511748,01,unlabeled,unlabeled,1,1,1,YES
yaw030_pitch+005_roll+000,30.0,5.0,0.0,0.02560893,01,unlabeled,unlabeled,1,1,1,YES
yaw030_pitch+010_roll+000,30.0,10.0,0.0,0.02588162,01,unlabeled,unlabeled,1,1,1,YES
yaw030_pitch+015_roll+000,30.0,15.0,0.0,0.02617444,01,unlabeled,unlabeled,1,1,1,YES
yaw030_pitch+020_roll+000,30.0,20.0,0.0,0.02680462,01,unlabeled,unlabeled,1,1,1,YES
yaw030_pitch+025_roll+000,30.0,25.0,0.0,0.02731493,01,unlabeled,unlabeled,1,1,1,YES
yaw030_pitch+030_roll+000,30.0,30.0,0.0,0.02786652,01,unlabeled,unlabeled,1,1,1,YES
yaw030_pitch+035_roll+000,30.0,35.0,0.0,0.02794207,01,unlabeled,unlabeled,1,1,1,YES
yaw030_pitch+040_roll+000,30.0,40.0,0.0,0.02783249,01,unlabeled,unlabeled,1,1,1,YES
yaw030_pitch+045_roll+000,30.0,45.0,0.0,0.02733283,01,unlabeled,unlabeled,1,1,1,YES
yaw030_pitch+050_roll+000,30.0,50.0,0.0,0.02696499,01,unlabeled,unlabeled,1,1,1,YES
yaw030_pitch+055_roll+000,30.0,55.0,0.0,0.02610773,01,unlabeled,unlabeled,1,1,1,YES
yaw030_pitch+060_roll+000,30.0,60.0,0.0,0.02598164,01,unlabeled,unlabeled,1,1,1,YES
yaw030_pitch+065_roll+000,30.0,65.0,0.0,0.02605438,01,unlabeled,unlabeled,1,1,1,YES
yaw030_pitch+070_roll+000,30.0,70.0,0.0,0.02566296,01,unlabeled,unlabeled,1,1,1,YES
yaw030_pitch+075_roll+000,30.0,75.0,0.0,0.02597232,01,unlabeled,unlabeled,1,1,1,YES
yaw030_pitch+080_roll+000,30.0,80.0,0.0,0.02518404,01,unlabeled,unlabeled,1,1,1,YES
yaw030_pitch+085_roll+000,30.0,85.0,0.0,0.02448795,01,unlabeled,unlabeled,1,1,1,YES
yaw030_pitch+090_roll+000,30.0,90.0,0.0,0.02460578,01,unlabeled,unlabeled,1,1,1,YES
yaw030_pitch-005_roll+000,30.0,-5.0,0.0,0.02536509,01,unlabeled,unlabeled,1,1,1,YES
yaw030_pitch-010_roll+000,30.0,-10.0,0.0,0.02501735,01,unlabeled,unlabeled,1,1,1,YES
yaw030_pitch-015_roll+000,30.0,-15.0,0.0,0.02550247,01,unlabeled,unlabeled,1,1,1,YES
yaw030_pitch-020_roll+000,30.0,-20.0,0.0,0.02533646,01,unlabeled,unlabeled,1,1,1,YES
yaw030_pitch-025_roll+000,30.0,-25.0,0.0,0.02595764,01,unlabeled,unlabeled,1,1,1,YES
yaw030_pitch-030_roll+000,30.0,-30.0,0.0,0.02593587,01,unlabeled,unlabeled,1,1,1,YES
yaw030_pitch-035_roll+000,30.0,-35.0,0.0,0.02617051,01,unlabeled,unlabeled,1,1,1,YES
yaw030_pitch-040_roll+000,30.0,-40.0,0.0,0.02623173,01,unlabeled,unlabeled,1,1,1,YES
yaw030_pitch-045_roll+000,30.0,-45.0,0.0,0.02543853,01,unlabeled,unlabeled,1,1,1,YES
yaw030_pitch-050_roll+000,30.0,-50.0,0.0,0.02510182,01,unlabeled,unlabeled,1,1,1,YES
yaw030_pitch-055_roll+000,30.0,-55.0,0.0,0.02493584,01,unlabeled,unlabeled,1,1,1,YES
yaw030_pitch-060_roll+000,30.0,-60.0,0.0,0.02458170,01,unlabeled,unlabeled,1,1,1,YES
yaw030_pitch-065_roll+000,30.0,-65.0,0.0,0.02418716,01,unlabeled,unlabeled,1,1,1,YES
yaw030_pitch-070_roll+000,30.0,-70.0,0.0,0.02448799,01,unlabeled,unlabeled,1,1,1,YES
yaw030_pitch-075_roll+000,30.0,-75.0,0.0,0.02458146,01,unlabeled,unlabeled,1,1,1,YES
yaw030_pitch-080_roll+000,30.0,-80.0,0.0,0.02450040,01,unlabeled,unlabeled,1,1,1,YES
yaw030_pitch-085_roll+000,30.0,-85.0,0.0,0.02465018,01,unlabeled,unlabeled,1,1,1,YES
yaw030_pitch-090_roll+000,30.0,-90.0,0.0,0.02479897,01,unlabeled,unlabeled,1,1,1,YES
yaw035_pitch+000_roll+000,35.0,0.0,0.0,0.02833242,01,unlabeled,unlabeled,1,1,1,YES
yaw035_pitch+005_roll+000,35.0,5.0,0.0,0.02840647,01,unlabeled,unlabeled,1,1,1,YES
yaw035_pitch+010_roll+000,35.0,10.0,0.0,0.02858289,01,unlabeled,unlabeled,1,1,1,YES
yaw035_pitch+015_roll+000,35.0,15.0,0.0,0.02923328,01,unlabeled,unlabeled,1,1,1,YES
yaw035_pitch+020_roll+000,35.0,20.0,0.0,0.02917748,01,unlabeled,unlabeled,1,1,1,YES
yaw035_pitch+025_roll+000,35.0,25.0,0.0,0.02936669,01,unlabeled,unlabeled,1,1,1,YES
yaw035_pitch+030_roll+000,35.0,30.0,0.0,0.02919587,01,unlabeled,unlabeled,1,1,1,YES
yaw035_pitch+035_roll+000,35.0,35.0,0.0,0.02911804,01,unlabeled,unlabeled,1,1,1,YES
yaw035_pitch+040_roll+000,35.0,40.0,0.0,0.02929976,01,unlabeled,unlabeled,1,1,1,YES
yaw035_pitch+045_roll+000,35.0,45.0,0.0,0.02895612,01,unlabeled,unlabeled,1,1,1,YES
yaw035_pitch+050_roll+000,35.0,50.0,0.0,0.02900083,01,unlabeled,unlabeled,1,1,1,YES
yaw035_pitch+055_roll+000,35.0,55.0,0.0,0.02921787,01,unlabeled,unlabeled,1,1,1,YES
yaw035_pitch+060_roll+000,35.0,60.0,0.0,0.02939998,01,unlabeled,unlabeled,1,1,1,YES
yaw035_pitch+065_roll+000,35.0,65.0,0.0,0.02873819,01,unlabeled,unlabeled,1,1,1,YES
yaw035_pitch+070_roll+000,35.0,70.0,0.0,0.02855431,01,unlabeled,unlabeled,1,1,1,YES
yaw035_pitch+075_roll+000,35.0,75.0,0.0,0.02875676,01,unlabeled,unlabeled,1,1,1,YES
yaw035_pitch+080_roll+000,35.0,80.0,0.0,0.02842284,01,unlabeled,unlabeled,1,1,1,YES
yaw035_pitch+085_roll+000,35.0,85.0,0.0,0.02764046,01,unlabeled,unlabeled,1,1,1,YES
yaw035_pitch+090_roll+000,35.0,90.0,0.0,0.02758855,01,unlabeled,unlabeled,1,1,1,YES
yaw035_pitch-005_roll+000,35.0,-5.0,0.0,0.02803629,01,unlabeled,unlabeled,1,1,1,YES
yaw035_pitch-010_roll+000,35.0,-10.0,0.0,0.02799824,01,unlabeled,unlabeled,1,1,1,YES
yaw035_pitch-015_roll+000,35.0,-15.0,0.0,0.02791919,01,unlabeled,unlabeled,1,1,1,YES
yaw035_pitch-020_roll+000,35.0,-20.0,0.0,0.02837839,01,unlabeled,unlabeled,1,1,1,YES
yaw035_pitch-025_roll+000,35.0,-25.0,0.0,0.02865859,01,unlabeled,unlabeled,1,1,1,YES
yaw035_pitch-030_roll+000,35.0,-30.0,0.0,0.02910070,01,unlabeled,unlabeled,1,1,1,YES
yaw035_pitch-035_roll+000,35.0,-35.0,0.0,0.02920953,01,unlabeled,unlabeled,1,1,1,YES
yaw035_pitch-040_roll+000,35.0,-40.0,0.0,0.02916889,01,unlabeled,unlabeled,1,1,1,YES
yaw035_pitch-045_roll+000,35.0,-45.0,0.0,0.02906023,01,unlabeled,unlabeled,1,1,1,YES
yaw035_pitch-050_roll+000,35.0,-50.0,0.0,0.02878052,01,unlabeled,unlabeled,1,1,1,YES
yaw035_pitch-055_roll+000,35.0,-55.0,0.0,0.02815877,01,unlabeled,unlabeled,1,1,1,YES
yaw035_pitch-060_roll+000,35.0,-60.0,0.0,0.02789433,01,unlabeled,unlabeled,1,1,1,YES
yaw035_pitch-065_roll+000,35.0,-65.0,0.0,0.02719934,01,unlabeled,unlabeled,1,1,1,YES
yaw035_pitch-070_roll+000,35.0,-70.0,0.0,0.02731976,01,unlabeled,unlabeled,1,1,1,YES
yaw035_pitch-075_roll+000,35.0,-75.0,0.0,0.02756906,01,unlabeled,unlabeled,1,1,1,YES
yaw035_pitch-080_roll+000,35.0,-80.0,0.0,0.02746776,01,unlabeled,unlabeled,1,1,1,YES
yaw035_pitch-085_roll+000,35.0,-85.0,0.0,0.02761837,01,unlabeled,unlabeled,1,1,1,YES
yaw035_pitch-090_roll+000,35.0,-90.0,0.0,0.02755652,01,unlabeled,unlabeled,1,1,1,YES
yaw040_pitch+000_roll+000,40.0,0.0,0.0,0.03136797,01,unlabeled,unlabeled,1,1,1,YES
yaw040_pitch+005_roll+000,40.0,5.0,0.0,0.03122977,01,unlabeled,unlabeled,1,1,1,YES
yaw040_pitch+010_roll+000,40.0,10.0,0.0,0.03154175,01,unlabeled,unlabeled,1,1,1,YES
yaw040_pitch+015_roll+000,40.0,15.0,0.0,0.03173725,01,unlabeled,unlabeled,1,1,1,YES
yaw040_pitch+020_roll+000,40.0,20.0,0.0,0.03156213,01,unlabeled,unlabeled,1,1,1,YES
yaw040_pitch+025_roll+000,40.0,25.0,0.0,0.03131768,01,unlabeled,unlabeled,1,1,1,YES
yaw040_pitch+030_roll+000,40.0,30.0,0.0,0.03175556,01,unlabeled,unlabeled,1,1,1,YES
yaw040_pitch+035_roll+000,40.0,35.0,0.0,0.03179349,01,unlabeled,unlabeled,1,1,1,YES
yaw040_pitch+040_roll+000,40.0,40.0,0.0,0.03206350,01,unlabeled,unlabeled,1,1,1,YES
yaw040_pitch+045_roll+000,40.0,45.0,0.0,0.03325296,01,unlabeled,unlabeled,1,1,1,YES
yaw040_pitch+050_roll+000,40.0,50.0,0.0,0.03232874,01,unlabeled,unlabeled,1,1,1,YES
yaw040_pitch+055_roll+000,40.0,55.0,0.0,0.03200569,01,unlabeled,unlabeled,1,1,1,YES
yaw040_pitch+060_roll+000,40.0,60.0,0.0,0.03240543,01,unlabeled,unlabeled,1,1,1,YES
yaw040_pitch+065_roll+000,40.0,65.0,0.0,0.03200687,01,unlabeled,unlabeled,1,1,1,YES
yaw040_pitch+070_roll+000,40.0,70.0,0.0,0.03272939,01,unlabeled,unlabeled,1,1,1,YES
yaw040_pitch+075_roll+000,40.0,75.0,0.0,0.03131648,01,unlabeled,unlabeled,1,1,1,YES
yaw040_pitch+080_roll+000,40.0,80.0,0.0,0.03128616,01,unlabeled,unlabeled,1,1,1,YES
yaw040_pitch+085_roll+000,40.0,85.0,0.0,0.03103649,01,unlabeled,unlabeled,1,1,1,YES
yaw040_pitch+090_roll+000,40.0,90.0,0.0,0.03087251,01,unlabeled,unlabeled,1,1,1,YES
yaw040_pitch-005_roll+000,40.0,-5.0,0.0,0.03127952,01,unlabeled,unlabeled,1,1,1,YES
yaw040_pitch-010_roll+000,40.0,-10.0,0.0,0.03089322,01,unlabeled,unlabeled,1,1,1,YES
yaw040_pitch-015_roll+000,40.0,-15.0,0.0,0.03092784,01,unlabeled,unlabeled,1,1,1,YES
yaw040_pitch-020_roll+000,40.0,-20.0,0.0,0.03093804,01,unlabeled,unlabeled,1,1,1,YES
yaw040_pitch-025_roll+000,40.0,-25.0,0.0,0.03110449,01,unlabeled,unlabeled,1,1,1,YES
yaw040_pitch-030_roll+000,40.0,-30.0,0.0,0.03135293,01,unlabeled,unlabeled,1,1,1,YES
yaw040_pitch-035_roll+000,40.0,-35.0,0.0,0.03230635,01,unlabeled,unlabeled,1,1,1,YES
yaw040_pitch-040_roll+000,40.0,-40.0,0.0,0.03236388,01,unlabeled,unlabeled,1,1,1,YES
yaw040_pitch-045_roll+000,40.0,-45.0,0.0,0.03237987,01,unlabeled,unlabeled,1,1,1,YES
yaw040_pitch-050_roll+000,40.0,-50.0,0.0,0.03242833,01,unlabeled,unlabeled,1,1,1,YES
yaw040_pitch-055_roll+000,40.0,-55.0,0.0,0.03215409,01,unlabeled,unlabeled,1,1,1,YES
yaw040_pitch-060_roll+000,40.0,-60.0,0.0,0.03184863,01,unlabeled,unlabeled,1,1,1,YES
yaw040_pitch-065_roll+000,40.0,-65.0,0.0,0.03146886,01,unlabeled,unlabeled,1,1,1,YES
yaw040_pitch-070_roll+000,40.0,-70.0,0.0,0.03148256,01,unlabeled,unlabeled,1,1,1,YES
yaw040_pitch-075_roll+000,40.0,-75.0,0.0,0.03130337,01,unlabeled,unlabeled,1,1,1,YES
yaw040_pitch-080_roll+000,40.0,-80.0,0.0,0.03119762,01,unlabeled,unlabeled,1,1,1,YES
yaw040_pitch-085_roll+000,40.0,-85.0,0.0,0.03118105,01,unlabeled,unlabeled,1,1,1,YES
yaw040_pitch-090_roll+000,40.0,-90.0,0.0,0.03108538,01,unlabeled,unlabeled,1,1,1,YES
yaw045_pitch+000_roll+000,45.0,0.0,0.0,0.03721150,01,unlabeled,unlabeled,1,1,1,YES
yaw045_pitch+005_roll+000,45.0,5.0,0.0,0.03782412,01,unlabeled,unlabeled,1,1,1,YES
yaw045_pitch+010_roll+000,45.0,10.0,0.0,0.03783297,01,unlabeled,unlabeled,1,1,1,YES
yaw045_pitch+015_roll+000,45.0,15.0,0.0,0.03741351,01,unlabeled,unlabeled,1,1,1,YES
yaw045_pitch+020_roll+000,45.0,20.0,0.0,0.03750188,01,unlabeled,unlabeled,1,1,1,YES
yaw045_pitch+025_roll+000,45.0,25.0,0.0,0.03769917,01,unlabeled,unlabeled,1,1,1,YES
yaw045_pitch+030_roll+000,45.0,30.0,0.0,0.03789203,01,unlabeled,unlabeled,1,1,1,YES
yaw045_pitch+035_roll+000,45.0,35.0,0.0,0.03778318,01,unlabeled,unlabeled,1,1,1,YES
yaw045_pitch+040_roll+000,45.0,40.0,0.0,0.03783199,01,unlabeled,unlabeled,1,1,1,YES
yaw045_pitch+045_roll+000,45.0,45.0,0.0,0.03780255,01,unlabeled,unlabeled,1,1,1,YES
yaw045_pitch+050_roll+000,45.0,50.0,0.0,0.03780350,01,unlabeled,unlabeled,1,1,1,YES
yaw045_pitch+055_roll+000,45.0,55.0,0.0,0.03757668,01,unlabeled,unlabeled,1,1,1,YES
yaw045_pitch+060_roll+000,45.0,60.0,0.0,0.03743742,01,unlabeled,unlabeled,1,1,1,YES
yaw045_pitch+065_roll+000,45.0,65.0,0.0,0.03718977,01,unlabeled,unlabeled,1,1,1,YES
yaw045_pitch+070_roll+000,45.0,70.0,0.0,0.03722765,01,unlabeled,unlabeled,1,1,1,YES
yaw045_pitch+075_roll+000,45.0,75.0,0.0,0.03713783,01,unlabeled,unlabeled,1,1,1,YES
yaw045_pitch+080_roll+000,45.0,80.0,0.0,0.03687274,01,unlabeled,unlabeled,1,1,1,YES
yaw045_pitch+085_roll+000,45.0,85.0,0.0,0.03685853,01,unlabeled,unlabeled,1,1,1,YES
yaw045_pitch+090_roll+000,45.0,90.0,0.0,0.03693371,01,unlabeled,unlabeled,1,1,1,YES
yaw045_pitch-005_roll+000,45.0,-5.0,0.0,0.03748358,01,unlabeled,unlabeled,1,1,1,YES
yaw045_pitch-010_roll+000,45.0,-10.0,0.0,0.03726166,01,unlabeled,unlabeled,1,1,1,YES
yaw045_pitch-015_roll+000,45.0,-15.0,0.0,0.03721575,01,unlabeled,unlabeled,1,1,1,YES
yaw045_pitch-020_roll+000,45.0,-20.0,0.0,0.03674618,01,unlabeled,unlabeled,1,1,1,YES
yaw045_pitch-025_roll+000,45.0,-25.0,0.0,0.03691299,01,unlabeled,unlabeled,1,1,1,YES
yaw045_pitch-030_roll+000,45.0,-30.0,0.0,0.03761070,01,unlabeled,unlabeled,1,1,1,YES
yaw045_pitch-035_roll+000,45.0,-35.0,0.0,0.03813376,01,unlabeled,unlabeled,1,1,1,YES
yaw045_pitch-040_roll+000,45.0,-40.0,0.0,0.03843446,01,unlabeled,unlabeled,1,1,1,YES
yaw045_pitch-045_roll+000,45.0,-45.0,0.0,0.03842471,01,unlabeled,unlabeled,1,1,1,YES
yaw045_pitch-050_roll+000,45.0,-50.0,0.0,0.03892967,01,unlabeled,unlabeled,1,1,1,YES
yaw045_pitch-055_roll+000,45.0,-55.0,0.0,0.03889682,01,unlabeled,unlabeled,1,1,1,YES
yaw045_pitch-060_roll+000,45.0,-60.0,0.0,0.03917000,01,unlabeled,unlabeled,1,1,1,YES
yaw045_pitch-065_roll+000,45.0,-65.0,0.0,0.03989497,01,unlabeled,unlabeled,1,1,1,YES
yaw045_pitch-070_roll+000,45.0,-70.0,0.0,0.03897591,01,unlabeled,unlabeled,1,1,1,YES
yaw045_pitch-075_roll+000,45.0,-75.0,0.0,0.03863763,01,unlabeled,unlabeled,1,1,1,YES
yaw045_pitch-080_roll+000,45.0,-80.0,0.0,0.03863020,01,unlabeled,unlabeled,1,1,1,YES
yaw045_pitch-085_roll+000,45.0,-85.0,0.0,0.03850793,01,unlabeled,unlabeled,1,1,1,YES
yaw045_pitch-090_roll+000,45.0,-90.0,0.0,0.03854689,01,unlabeled,unlabeled,1,1,1,YES
yaw050_pitch+000_roll+000,50.0,0.0,0.0,0.05247415,01,unlabeled,unlabeled,1,1,1,YES
yaw050_pitch+005_roll+000,50.0,5.0,0.0,0.05257141,01,unlabeled,unlabeled,1,1,1,YES
yaw050_pitch+010_roll+000,50.0,10.0,0.0,0.05227033,01,unlabeled,unlabeled,1,1,1,YES
yaw050_pitch+015_roll+000,50.0,15.0,0.0,0.05190550,01,unlabeled,unlabeled,1,1,1,YES
yaw050_pitch+020_roll+000,50.0,20.0,0.0,0.05192987,01,unlabeled,unlabeled,1,1,1,YES
yaw050_pitch+025_roll+000,50.0,25.0,0.0,0.05164449,01,unlabeled,unlabeled,1,1,1,YES
yaw050_pitch+030_roll+000,50.0,30.0,0.0,0.05171830,01,unlabeled,unlabeled,1,1,1,YES
yaw050_pitch+035_roll+000,50.0,35.0,0.0,0.05138173,01,unlabeled,unlabeled,1,1,1,YES
yaw050_pitch+040_roll+000,50.0,40.0,0.0,0.05190420,01,unlabeled,unlabeled,1,1,1,YES
yaw050_pitch+045_roll+000,50.0,45.0,0.0,0.05105467,01,unlabeled,unlabeled,1,1,1,YES
yaw050_pitch+050_roll+000,50.0,50.0,0.0,0.05072349,01,unlabeled,unlabeled,1,1,1,YES
yaw050_pitch+055_roll+000,50.0,55.0,0.0,0.05031403,01,unlabeled,unlabeled,1,1,1,YES
yaw050_pitch+060_roll+000,50.0,60.0,0.0,0.05063264,01,unlabeled,unlabeled,1,1,1,YES
yaw050_pitch+065_roll+000,50.0,65.0,0.0,0.05025049,01,unlabeled,unlabeled,1,1,1,YES
yaw050_pitch+070_roll+000,50.0,70.0,0.0,0.05031624,01,unlabeled,unlabeled,1,1,1,YES
yaw050_pitch+075_roll+000,50.0,75.0,0.0,0.05081080,01,unlabeled,unlabeled,1,1,1,YES
yaw050_pitch+080_roll+000,50.0,80.0,0.0,0.05050530,01,unlabeled,unlabeled,1,1,1,YES
yaw050_pitch+085_roll+000,50.0,85.0,0.0,0.05079436,01,unlabeled,unlabeled,1,1,1,YES
yaw050_pitch+090_roll+000,50.0,90.0,0.0,0.05068642,01,unlabeled,unlabeled,1,1,1,YES
yaw050_pitch-005_roll+000,50.0,-5.0,0.0,0.05206520,01,unlabeled,unlabeled,1,1,1,YES
yaw050_pitch-010_roll+000,50.0,-10.0,0.0,0.05192425,01,unlabeled,unlabeled,1,1,1,YES
yaw050_pitch-015_roll+000,50.0,-15.0,0.0,0.05145269,01,unlabeled,unlabeled,1,1,1,YES
yaw050_pitch-020_roll+000,50.0,-20.0,0.0,0.05132562,01,unlabeled,unlabeled,1,1,1,YES
yaw050_pitch-025_roll+000,50.0,-25.0,0.0,0.05099441,01,unlabeled,unlabeled,1,1,1,YES
yaw050_pitch-030_roll+000,50.0,-30.0,0.0,0.05111095,01,unlabeled,unlabeled,1,1,1,YES
yaw050_pitch-035_roll+000,50.0,-35.0,0.0,0.05180599,01,unlabeled,unlabeled,1,1,1,YES
yaw050_pitch-040_roll+000,50.0,-40.0,0.0,0.05219537,01,unlabeled,unlabeled,1,1,1,YES
yaw050_pitch-045_roll+000,50.0,-45.0,0.0,0.05287598,01,unlabeled,unlabeled,1,1,1,YES
yaw050_pitch-050_roll+000,50.0,-50.0,0.0,0.05313482,01,unlabeled,unlabeled,1,1,1,YES
yaw050_pitch-055_roll+000,50.0,-55.0,0.0,0.05306285,01,unlabeled,unlabeled,1,1,1,YES
yaw050_pitch-060_roll+000,50.0,-60.0,0.0,0.05381286,01,unlabeled,unlabeled,1,1,1,YES
yaw050_pitch-065_roll+000,50.0,-65.0,0.0,0.05386407,01,unlabeled,unlabeled,1,1,1,YES
yaw050_pitch-070_roll+000,50.0,-70.0,0.0,0.05410332,01,unlabeled,unlabeled,1,1,1,YES
yaw050_pitch-075_roll+000,50.0,-75.0,0.0,0.05387755,01,unlabeled,unlabeled,1,1,1,YES
yaw050_pitch-080_roll+000,50.0,-80.0,0.0,0.05425110,01,unlabeled,unlabeled,1,1,1,YES
yaw050_pitch-085_roll+000,50.0,-85.0,0.0,0.05447376,01,unlabeled,unlabeled,1,1,1,YES
yaw050_pitch-090_roll+000,50.0,-90.0,0.0,0.05415695,01,unlabeled,unlabeled,1,1,1,YES
yaw055_pitch+000_roll+000,55.0,0.0,0.0,0.06770738,01,unlabeled,unlabeled,1,1,1,YES
yaw055_pitch+005_roll+000,55.0,5.0,0.0,0.06937923,01,unlabeled,unlabeled,1,1,1,YES
yaw055_pitch+010_roll+000,55.0,10.0,0.0,0.06956538,01,unlabeled,unlabeled,1,1,1,YES
yaw055_pitch+015_roll+000,55.0,15.0,0.0,0.06823101,01,unlabeled,unlabeled,1,1,1,YES
yaw055_pitch+020_roll+000,55.0,20.0,0.0,0.06838412,01,unlabeled,unlabeled,1,1,1,YES
yaw055_pitch+025_roll+000,55.0,25.0,0.0,0.06772745,01,unlabeled,unlabeled,1,1,1,YES
yaw055_pitch+030_roll+000,55.0,30.0,0.0,0.06742469,01,unlabeled,unlabeled,1,1,1,YES
yaw055_pitch+035_roll+000,55.0,35.0,0.0,0.06699168,01,unlabeled,unlabeled,1,1,1,YES
yaw055_pitch+040_roll+000,55.0,40.0,0.0,0.06630802,01,unlabeled,unlabeled,1,1,1,YES
yaw055_pitch+045_roll+000,55.0,45.0,0.0,0.06642912,01,unlabeled,unlabeled,1,1,1,YES
yaw055_pitch+050_roll+000,55.0,50.0,0.0,0.06667233,01,unlabeled,unlabeled,1,1,1,YES
yaw055_pitch+055_roll+000,55.0,55.0,0.0,0.06649141,01,unlabeled,unlabeled,1,1,1,YES
yaw055_pitch+060_roll+000,55.0,60.0,0.0,0.06625763,01,R3_low_info_connectivity,low-info/ocs-hard,1,1,1,YES
yaw055_pitch+065_roll+000,55.0,65.0,0.0,0.06669558,01,R3_low_info_connectivity,low-info/ocs-hard,1,1,1,YES
yaw055_pitch+070_roll+000,55.0,70.0,0.0,0.06682134,01,R3_low_info_connectivity,low-info/ocs-hard,1,1,1,YES
yaw055_pitch+075_roll+000,55.0,75.0,0.0,0.06736573,01,R3_low_info,low-info/ocs-hard,1,1,1,YES
yaw055_pitch+080_roll+000,55.0,80.0,0.0,0.06783147,01,R3_low_info,low-info/ocs-hard,1,1,1,YES
yaw055_pitch+085_roll+000,55.0,85.0,0.0,0.06832196,01,unlabeled,unlabeled,1,1,1,YES
yaw055_pitch+090_roll+000,55.0,90.0,0.0,0.06902675,01,unlabeled,unlabeled,1,1,1,YES
yaw055_pitch-005_roll+000,55.0,-5.0,0.0,0.06931217,01,unlabeled,unlabeled,1,1,1,YES
yaw055_pitch-010_roll+000,55.0,-10.0,0.0,0.06953876,01,unlabeled,unlabeled,1,1,1,YES
yaw055_pitch-015_roll+000,55.0,-15.0,0.0,0.06893827,01,unlabeled,unlabeled,1,1,1,YES
yaw055_pitch-020_roll+000,55.0,-20.0,0.0,0.06893441,01,unlabeled,unlabeled,1,1,1,YES
yaw055_pitch-025_roll+000,55.0,-25.0,0.0,0.06848730,01,unlabeled,unlabeled,1,1,1,YES
yaw055_pitch-030_roll+000,55.0,-30.0,0.0,0.06833663,01,unlabeled,unlabeled,1,1,1,YES
yaw055_pitch-035_roll+000,55.0,-35.0,0.0,0.06872246,01,unlabeled,unlabeled,1,1,1,YES
yaw055_pitch-040_roll+000,55.0,-40.0,0.0,0.06942986,01,unlabeled,unlabeled,1,1,1,YES
yaw055_pitch-045_roll+000,55.0,-45.0,0.0,0.06894580,01,unlabeled,unlabeled,1,1,1,YES
yaw055_pitch-050_roll+000,55.0,-50.0,0.0,0.06940095,01,unlabeled,unlabeled,1,1,1,YES
yaw055_pitch-055_roll+000,55.0,-55.0,0.0,0.07008474,01,unlabeled,unlabeled,1,1,1,YES
yaw055_pitch-060_roll+000,55.0,-60.0,0.0,0.06948831,01,unlabeled,unlabeled,1,1,1,YES
yaw055_pitch-065_roll+000,55.0,-65.0,0.0,0.06985169,01,unlabeled,unlabeled,1,1,1,YES
yaw055_pitch-070_roll+000,55.0,-70.0,0.0,0.07059752,01,unlabeled,unlabeled,1,1,1,YES
yaw055_pitch-075_roll+000,55.0,-75.0,0.0,0.07092644,01,unlabeled,unlabeled,1,1,1,YES
yaw055_pitch-080_roll+000,55.0,-80.0,0.0,0.07186712,01,unlabeled,unlabeled,1,1,1,YES
yaw055_pitch-085_roll+000,55.0,-85.0,0.0,0.07216059,01,unlabeled,unlabeled,1,1,1,YES
yaw055_pitch-090_roll+000,55.0,-90.0,0.0,0.07283918,01,unlabeled,unlabeled,1,1,1,YES
yaw060_pitch+000_roll+000,60.0,0.0,0.0,0.06869779,01,unlabeled,unlabeled,1,1,1,YES
yaw060_pitch+005_roll+000,60.0,5.0,0.0,0.06924262,01,unlabeled,unlabeled,1,1,1,YES
yaw060_pitch+010_roll+000,60.0,10.0,0.0,0.06917640,01,unlabeled,unlabeled,1,1,1,YES
yaw060_pitch+015_roll+000,60.0,15.0,0.0,0.06835113,01,unlabeled,unlabeled,1,1,1,YES
yaw060_pitch+020_roll+000,60.0,20.0,0.0,0.06783699,01,unlabeled,unlabeled,1,1,1,YES
yaw060_pitch+025_roll+000,60.0,25.0,0.0,0.06780595,01,unlabeled,unlabeled,1,1,1,YES
yaw060_pitch+030_roll+000,60.0,30.0,0.0,0.06703651,01,unlabeled,unlabeled,1,1,1,YES
yaw060_pitch+035_roll+000,60.0,35.0,0.0,0.06640112,01,unlabeled,unlabeled,1,1,1,YES
yaw060_pitch+040_roll+000,60.0,40.0,0.0,0.06640850,01,unlabeled,unlabeled,1,1,1,YES
yaw060_pitch+045_roll+000,60.0,45.0,0.0,0.06653773,01,unlabeled,unlabeled,1,1,1,YES
yaw060_pitch+050_roll+000,60.0,50.0,0.0,0.06665866,01,unlabeled,unlabeled,1,1,1,YES
yaw060_pitch+055_roll+000,60.0,55.0,0.0,0.06655559,01,unlabeled,unlabeled,1,1,1,YES
yaw060_pitch+060_roll+000,60.0,60.0,0.0,0.06654182,01,R3_low_info_connectivity,low-info/ocs-hard,1,1,1,YES
yaw060_pitch+065_roll+000,60.0,65.0,0.0,0.06779129,01,R3_low_info_connectivity,low-info/ocs-hard,1,1,1,YES
yaw060_pitch+070_roll+000,60.0,70.0,0.0,0.06797072,01,R3_low_info_connectivity,low-info/ocs-hard,1,1,1,YES
yaw060_pitch+075_roll+000,60.0,75.0,0.0,0.06868044,01,R3_low_info,low-info/ocs-hard,1,1,1,YES
yaw060_pitch+080_roll+000,60.0,80.0,0.0,0.06887131,01,R3_low_info,low-info/ocs-hard,1,1,1,YES
yaw060_pitch+085_roll+000,60.0,85.0,0.0,0.06936015,01,unlabeled,unlabeled,1,1,1,YES
yaw060_pitch+090_roll+000,60.0,90.0,0.0,0.07007990,01,unlabeled,unlabeled,1,1,1,YES
yaw060_pitch-005_roll+000,60.0,-5.0,0.0,0.07009279,01,unlabeled,unlabeled,1,1,1,YES
yaw060_pitch-010_roll+000,60.0,-10.0,0.0,0.06968691,01,unlabeled,unlabeled,1,1,1,YES
yaw060_pitch-015_roll+000,60.0,-15.0,0.0,0.06972327,01,unlabeled,unlabeled,1,1,1,YES
yaw060_pitch-020_roll+000,60.0,-20.0,0.0,0.07038882,01,unlabeled,unlabeled,1,1,1,YES
yaw060_pitch-025_roll+000,60.0,-25.0,0.0,0.06944118,01,unlabeled,unlabeled,1,1,1,YES
yaw060_pitch-030_roll+000,60.0,-30.0,0.0,0.06900450,01,unlabeled,unlabeled,1,1,1,YES
yaw060_pitch-035_roll+000,60.0,-35.0,0.0,0.06929359,01,unlabeled,unlabeled,1,1,1,YES
yaw060_pitch-040_roll+000,60.0,-40.0,0.0,0.06933498,01,unlabeled,unlabeled,1,1,1,YES
yaw060_pitch-045_roll+000,60.0,-45.0,0.0,0.06926212,01,unlabeled,unlabeled,1,1,1,YES
yaw060_pitch-050_roll+000,60.0,-50.0,0.0,0.06951257,01,unlabeled,unlabeled,1,1,1,YES
yaw060_pitch-055_roll+000,60.0,-55.0,0.0,0.06976058,01,unlabeled,unlabeled,1,1,1,YES
yaw060_pitch-060_roll+000,60.0,-60.0,0.0,0.06987076,01,unlabeled,unlabeled,1,1,1,YES
yaw060_pitch-065_roll+000,60.0,-65.0,0.0,0.07083411,01,unlabeled,unlabeled,1,1,1,YES
yaw060_pitch-070_roll+000,60.0,-70.0,0.0,0.07070605,01,unlabeled,unlabeled,1,1,1,YES
yaw060_pitch-075_roll+000,60.0,-75.0,0.0,0.07161132,01,unlabeled,unlabeled,1,1,1,YES
yaw060_pitch-080_roll+000,60.0,-80.0,0.0,0.07161470,01,unlabeled,unlabeled,1,1,1,YES
yaw060_pitch-085_roll+000,60.0,-85.0,0.0,0.07204888,01,unlabeled,unlabeled,1,1,1,YES
yaw060_pitch-090_roll+000,60.0,-90.0,0.0,0.07325681,01,unlabeled,unlabeled,1,1,1,YES
yaw065_pitch+000_roll+000,65.0,0.0,0.0,0.05215412,01,unlabeled,unlabeled,1,1,1,YES
yaw065_pitch+005_roll+000,65.0,5.0,0.0,0.05232525,01,unlabeled,unlabeled,1,1,1,YES
yaw065_pitch+010_roll+000,65.0,10.0,0.0,0.05182822,01,unlabeled,unlabeled,1,1,1,YES
yaw065_pitch+015_roll+000,65.0,15.0,0.0,0.05112812,01,unlabeled,unlabeled,1,1,1,YES
yaw065_pitch+020_roll+000,65.0,20.0,0.0,0.05089741,01,unlabeled,unlabeled,1,1,1,YES
yaw065_pitch+025_roll+000,65.0,25.0,0.0,0.05066204,01,unlabeled,unlabeled,1,1,1,YES
yaw065_pitch+030_roll+000,65.0,30.0,0.0,0.05054068,01,unlabeled,unlabeled,1,1,1,YES
yaw065_pitch+035_roll+000,65.0,35.0,0.0,0.05040695,01,unlabeled,unlabeled,1,1,1,YES
yaw065_pitch+040_roll+000,65.0,40.0,0.0,0.05092332,01,unlabeled,unlabeled,1,1,1,YES
yaw065_pitch+045_roll+000,65.0,45.0,0.0,0.05069706,01,unlabeled,unlabeled,1,1,1,YES
yaw065_pitch+050_roll+000,65.0,50.0,0.0,0.05081941,01,unlabeled,unlabeled,1,1,1,YES
yaw065_pitch+055_roll+000,65.0,55.0,0.0,0.05114797,01,unlabeled,unlabeled,1,1,1,YES
yaw065_pitch+060_roll+000,65.0,60.0,0.0,0.05211601,01,R3_low_info_connectivity,low-info/ocs-hard,1,1,1,YES
yaw065_pitch+065_roll+000,65.0,65.0,0.0,0.05274215,01,R3_low_info_connectivity,low-info/ocs-hard,1,1,1,YES
yaw065_pitch+070_roll+000,65.0,70.0,0.0,0.05271370,01,R3_low_info_connectivity,low-info/ocs-hard,1,1,1,YES
yaw065_pitch+075_roll+000,65.0,75.0,0.0,0.05287804,01,R3_low_info,low-info/ocs-hard,1,1,1,YES
yaw065_pitch+080_roll+000,65.0,80.0,0.0,0.05331339,01,R3_low_info,low-info/ocs-hard,1,1,1,YES
yaw065_pitch+085_roll+000,65.0,85.0,0.0,0.05321985,01,unlabeled,unlabeled,1,1,1,YES
yaw065_pitch+090_roll+000,65.0,90.0,0.0,0.05359157,01,unlabeled,unlabeled,1,1,1,YES
yaw065_pitch-005_roll+000,65.0,-5.0,0.0,0.05284369,01,unlabeled,unlabeled,1,1,1,YES
yaw065_pitch-010_roll+000,65.0,-10.0,0.0,0.05303560,01,unlabeled,unlabeled,1,1,1,YES
yaw065_pitch-015_roll+000,65.0,-15.0,0.0,0.05304071,01,unlabeled,unlabeled,1,1,1,YES
yaw065_pitch-020_roll+000,65.0,-20.0,0.0,0.05272419,01,unlabeled,unlabeled,1,1,1,YES
yaw065_pitch-025_roll+000,65.0,-25.0,0.0,0.05281042,01,unlabeled,unlabeled,1,1,1,YES
yaw065_pitch-030_roll+000,65.0,-30.0,0.0,0.05291927,01,unlabeled,unlabeled,1,1,1,YES
yaw065_pitch-035_roll+000,65.0,-35.0,0.0,0.05258297,01,unlabeled,unlabeled,1,1,1,YES
yaw065_pitch-040_roll+000,65.0,-40.0,0.0,0.05277686,01,unlabeled,unlabeled,1,1,1,YES
yaw065_pitch-045_roll+000,65.0,-45.0,0.0,0.05267706,01,unlabeled,unlabeled,1,1,1,YES
yaw065_pitch-050_roll+000,65.0,-50.0,0.0,0.05280985,01,unlabeled,unlabeled,1,1,1,YES
yaw065_pitch-055_roll+000,65.0,-55.0,0.0,0.05322819,01,unlabeled,unlabeled,1,1,1,YES
yaw065_pitch-060_roll+000,65.0,-60.0,0.0,0.05366788,01,unlabeled,unlabeled,1,1,1,YES
yaw065_pitch-065_roll+000,65.0,-65.0,0.0,0.05419722,01,unlabeled,unlabeled,1,1,1,YES
yaw065_pitch-070_roll+000,65.0,-70.0,0.0,0.05386254,01,unlabeled,unlabeled,1,1,1,YES
yaw065_pitch-075_roll+000,65.0,-75.0,0.0,0.05441913,01,unlabeled,unlabeled,1,1,1,YES
yaw065_pitch-080_roll+000,65.0,-80.0,0.0,0.05463097,01,unlabeled,unlabeled,1,1,1,YES
yaw065_pitch-085_roll+000,65.0,-85.0,0.0,0.05528658,01,unlabeled,unlabeled,1,1,1,YES
yaw065_pitch-090_roll+000,65.0,-90.0,0.0,0.05655267,01,unlabeled,unlabeled,1,1,1,YES
yaw070_pitch+000_roll+000,70.0,0.0,0.0,0.03752412,01,unlabeled,unlabeled,1,1,1,YES
yaw070_pitch+005_roll+000,70.0,5.0,0.0,0.03759103,01,unlabeled,unlabeled,1,1,1,YES
yaw070_pitch+010_roll+000,70.0,10.0,0.0,0.03699752,01,unlabeled,unlabeled,1,1,1,YES
yaw070_pitch+015_roll+000,70.0,15.0,0.0,0.03683394,01,unlabeled,unlabeled,1,1,1,YES
yaw070_pitch+020_roll+000,70.0,20.0,0.0,0.03642728,01,unlabeled,unlabeled,1,1,1,YES
yaw070_pitch+025_roll+000,70.0,25.0,0.0,0.03667644,01,unlabeled,unlabeled,1,1,1,YES
yaw070_pitch+030_roll+000,70.0,30.0,0.0,0.03655120,01,unlabeled,unlabeled,1,1,1,YES
yaw070_pitch+035_roll+000,70.0,35.0,0.0,0.03624136,01,unlabeled,unlabeled,1,1,1,YES
yaw070_pitch+040_roll+000,70.0,40.0,0.0,0.03652415,01,unlabeled,unlabeled,1,1,1,YES
yaw070_pitch+045_roll+000,70.0,45.0,0.0,0.03690351,01,unlabeled,unlabeled,1,1,1,YES
yaw070_pitch+050_roll+000,70.0,50.0,0.0,0.03736857,01,unlabeled,unlabeled,1,1,1,YES
yaw070_pitch+055_roll+000,70.0,55.0,0.0,0.03812588,01,unlabeled,unlabeled,1,1,1,YES
yaw070_pitch+060_roll+000,70.0,60.0,0.0,0.03856452,01,R3_low_info,low-info/ocs-hard,1,1,1,YES
yaw070_pitch+065_roll+000,70.0,65.0,0.0,0.03873486,01,R3_low_info,low-info/ocs-hard,1,1,1,YES
yaw070_pitch+070_roll+000,70.0,70.0,0.0,0.03877054,01,R3_low_info,low-info/ocs-hard,1,1,1,YES
yaw070_pitch+075_roll+000,70.0,75.0,0.0,0.03871895,01,R3_low_info,low-info/ocs-hard,1,1,1,YES
yaw070_pitch+080_roll+000,70.0,80.0,0.0,0.03840838,01,R3_low_info,low-info/ocs-hard,1,1,1,YES
yaw070_pitch+085_roll+000,70.0,85.0,0.0,0.03795465,01,unlabeled,unlabeled,1,1,1,YES
yaw070_pitch+090_roll+000,70.0,90.0,0.0,0.03708478,01,unlabeled,unlabeled,1,1,1,YES
yaw070_pitch-005_roll+000,70.0,-5.0,0.0,0.03791030,01,unlabeled,unlabeled,1,1,1,YES
yaw070_pitch-010_roll+000,70.0,-10.0,0.0,0.03796775,01,unlabeled,unlabeled,1,1,1,YES
yaw070_pitch-015_roll+000,70.0,-15.0,0.0,0.03843361,01,unlabeled,unlabeled,1,1,1,YES
yaw070_pitch-020_roll+000,70.0,-20.0,0.0,0.03889316,01,unlabeled,unlabeled,1,1,1,YES
yaw070_pitch-025_roll+000,70.0,-25.0,0.0,0.03856350,01,unlabeled,unlabeled,1,1,1,YES
yaw070_pitch-030_roll+000,70.0,-30.0,0.0,0.03819482,01,unlabeled,unlabeled,1,1,1,YES
yaw070_pitch-035_roll+000,70.0,-35.0,0.0,0.03792619,01,unlabeled,unlabeled,1,1,1,YES
yaw070_pitch-040_roll+000,70.0,-40.0,0.0,0.03800940,01,unlabeled,unlabeled,1,1,1,YES
yaw070_pitch-045_roll+000,70.0,-45.0,0.0,0.03796339,01,unlabeled,unlabeled,1,1,1,YES
yaw070_pitch-050_roll+000,70.0,-50.0,0.0,0.03873168,01,unlabeled,unlabeled,1,1,1,YES
yaw070_pitch-055_roll+000,70.0,-55.0,0.0,0.03933556,01,unlabeled,unlabeled,1,1,1,YES
yaw070_pitch-060_roll+000,70.0,-60.0,0.0,0.03930120,01,unlabeled,unlabeled,1,1,1,YES
yaw070_pitch-065_roll+000,70.0,-65.0,0.0,0.03916397,01,unlabeled,unlabeled,1,1,1,YES
yaw070_pitch-070_roll+000,70.0,-70.0,0.0,0.03983622,01,unlabeled,unlabeled,1,1,1,YES
yaw070_pitch-075_roll+000,70.0,-75.0,0.0,0.03973746,01,unlabeled,unlabeled,1,1,1,YES
yaw070_pitch-080_roll+000,70.0,-80.0,0.0,0.03958253,01,unlabeled,unlabeled,1,1,1,YES
yaw070_pitch-085_roll+000,70.0,-85.0,0.0,0.03993674,01,unlabeled,unlabeled,1,1,1,YES
yaw070_pitch-090_roll+000,70.0,-90.0,0.0,0.03991419,01,unlabeled,unlabeled,1,1,1,YES
yaw075_pitch+000_roll+000,75.0,0.0,0.0,0.03132636,01,unlabeled,unlabeled,1,1,1,YES
yaw075_pitch+005_roll+000,75.0,5.0,0.0,0.03100300,01,unlabeled,unlabeled,1,1,1,YES
yaw075_pitch+010_roll+000,75.0,10.0,0.0,0.03037667,01,unlabeled,unlabeled,1,1,1,YES
yaw075_pitch+015_roll+000,75.0,15.0,0.0,0.03040015,01,unlabeled,unlabeled,1,1,1,YES
yaw075_pitch+020_roll+000,75.0,20.0,0.0,0.03019317,01,unlabeled,unlabeled,1,1,1,YES
yaw075_pitch+025_roll+000,75.0,25.0,0.0,0.03026059,01,unlabeled,unlabeled,1,1,1,YES
yaw075_pitch+030_roll+000,75.0,30.0,0.0,0.03033437,01,unlabeled,unlabeled,1,1,1,YES
yaw075_pitch+035_roll+000,75.0,35.0,0.0,0.03058841,01,unlabeled,unlabeled,1,1,1,YES
yaw075_pitch+040_roll+000,75.0,40.0,0.0,0.03129971,01,unlabeled,unlabeled,1,1,1,YES
yaw075_pitch+045_roll+000,75.0,45.0,0.0,0.03149992,01,unlabeled,unlabeled,1,1,1,YES
yaw075_pitch+050_roll+000,75.0,50.0,0.0,0.03207455,01,unlabeled,unlabeled,1,1,1,YES
yaw075_pitch+055_roll+000,75.0,55.0,0.0,0.03240874,01,unlabeled,unlabeled,1,1,1,YES
yaw075_pitch+060_roll+000,75.0,60.0,0.0,0.03228815,01,R3_low_info,low-info/ocs-hard,1,1,1,YES
yaw075_pitch+065_roll+000,75.0,65.0,0.0,0.03236041,01,R3_low_info,low-info/ocs-hard,1,1,1,YES
yaw075_pitch+070_roll+000,75.0,70.0,0.0,0.03185871,01,R3_low_info,low-info/ocs-hard,1,1,1,YES
yaw075_pitch+075_roll+000,75.0,75.0,0.0,0.03181534,01,R3_low_info,low-info/ocs-hard,1,1,1,YES
yaw075_pitch+080_roll+000,75.0,80.0,0.0,0.03135264,01,R3_low_info,low-info/ocs-hard,1,1,1,YES
yaw075_pitch+085_roll+000,75.0,85.0,0.0,0.03076386,01,unlabeled,unlabeled,1,1,1,YES
yaw075_pitch+090_roll+000,75.0,90.0,0.0,0.03079895,01,unlabeled,unlabeled,1,1,1,YES
yaw075_pitch-005_roll+000,75.0,-5.0,0.0,0.03139190,01,unlabeled,unlabeled,1,1,1,YES
yaw075_pitch-010_roll+000,75.0,-10.0,0.0,0.03163937,01,unlabeled,unlabeled,1,1,1,YES
yaw075_pitch-015_roll+000,75.0,-15.0,0.0,0.03213888,01,unlabeled,unlabeled,1,1,1,YES
yaw075_pitch-020_roll+000,75.0,-20.0,0.0,0.03177903,01,unlabeled,unlabeled,1,1,1,YES
yaw075_pitch-025_roll+000,75.0,-25.0,0.0,0.03197795,01,unlabeled,unlabeled,1,1,1,YES
yaw075_pitch-030_roll+000,75.0,-30.0,0.0,0.03200727,01,unlabeled,unlabeled,1,1,1,YES
yaw075_pitch-035_roll+000,75.0,-35.0,0.0,0.03200207,01,unlabeled,unlabeled,1,1,1,YES
yaw075_pitch-040_roll+000,75.0,-40.0,0.0,0.03173105,01,unlabeled,unlabeled,1,1,1,YES
yaw075_pitch-045_roll+000,75.0,-45.0,0.0,0.03164607,01,unlabeled,unlabeled,1,1,1,YES
yaw075_pitch-050_roll+000,75.0,-50.0,0.0,0.03155000,01,unlabeled,unlabeled,1,1,1,YES
yaw075_pitch-055_roll+000,75.0,-55.0,0.0,0.03236935,01,unlabeled,unlabeled,1,1,1,YES
yaw075_pitch-060_roll+000,75.0,-60.0,0.0,0.03297763,01,unlabeled,unlabeled,1,1,1,YES
yaw075_pitch-065_roll+000,75.0,-65.0,0.0,0.03357452,01,unlabeled,unlabeled,1,1,1,YES
yaw075_pitch-070_roll+000,75.0,-70.0,0.0,0.03326903,01,unlabeled,unlabeled,1,1,1,YES
yaw075_pitch-075_roll+000,75.0,-75.0,0.0,0.03365148,01,unlabeled,unlabeled,1,1,1,YES
yaw075_pitch-080_roll+000,75.0,-80.0,0.0,0.03332601,01,unlabeled,unlabeled,1,1,1,YES
yaw075_pitch-085_roll+000,75.0,-85.0,0.0,0.03329717,01,unlabeled,unlabeled,1,1,1,YES
yaw075_pitch-090_roll+000,75.0,-90.0,0.0,0.03302861,01,unlabeled,unlabeled,1,1,1,YES
yaw080_pitch+000_roll+000,80.0,0.0,0.0,0.02810492,01,unlabeled,unlabeled,1,1,1,YES
yaw080_pitch+005_roll+000,80.0,5.0,0.0,0.02756105,01,unlabeled,unlabeled,1,1,1,YES
yaw080_pitch+010_roll+000,80.0,10.0,0.0,0.02720198,01,unlabeled,unlabeled,1,1,1,YES
yaw080_pitch+015_roll+000,80.0,15.0,0.0,0.02717640,01,unlabeled,unlabeled,1,1,1,YES
yaw080_pitch+020_roll+000,80.0,20.0,0.0,0.02733782,01,unlabeled,unlabeled,1,1,1,YES
yaw080_pitch+025_roll+000,80.0,25.0,0.0,0.02724994,01,unlabeled,unlabeled,1,1,1,YES
yaw080_pitch+030_roll+000,80.0,30.0,0.0,0.02778847,01,unlabeled,unlabeled,1,1,1,YES
yaw080_pitch+035_roll+000,80.0,35.0,0.0,0.02849470,01,unlabeled,unlabeled,1,1,1,YES
yaw080_pitch+040_roll+000,80.0,40.0,0.0,0.02910699,01,unlabeled,unlabeled,1,1,1,YES
yaw080_pitch+045_roll+000,80.0,45.0,0.0,0.02947104,01,unlabeled,unlabeled,1,1,1,YES
yaw080_pitch+050_roll+000,80.0,50.0,0.0,0.02965110,01,unlabeled,unlabeled,1,1,1,YES
yaw080_pitch+055_roll+000,80.0,55.0,0.0,0.02951336,01,unlabeled,unlabeled,1,1,1,YES
yaw080_pitch+060_roll+000,80.0,60.0,0.0,0.02915615,01,unlabeled,unlabeled,1,1,1,YES
yaw080_pitch+065_roll+000,80.0,65.0,0.0,0.02899702,01,unlabeled,unlabeled,1,1,1,YES
yaw080_pitch+070_roll+000,80.0,70.0,0.0,0.02854700,01,unlabeled,unlabeled,1,1,1,YES
yaw080_pitch+075_roll+000,80.0,75.0,0.0,0.02805923,01,unlabeled,unlabeled,1,1,1,YES
yaw080_pitch+080_roll+000,80.0,80.0,0.0,0.02783947,01,unlabeled,unlabeled,1,1,1,YES
yaw080_pitch+085_roll+000,80.0,85.0,0.0,0.02742319,01,unlabeled,unlabeled,1,1,1,YES
yaw080_pitch+090_roll+000,80.0,90.0,0.0,0.02724127,01,unlabeled,unlabeled,1,1,1,YES
yaw080_pitch-005_roll+000,80.0,-5.0,0.0,0.02827712,01,unlabeled,unlabeled,1,1,1,YES
yaw080_pitch-010_roll+000,80.0,-10.0,0.0,0.02840469,01,unlabeled,unlabeled,1,1,1,YES
yaw080_pitch-015_roll+000,80.0,-15.0,0.0,0.02876132,01,unlabeled,unlabeled,1,1,1,YES
yaw080_pitch-020_roll+000,80.0,-20.0,0.0,0.02893532,01,unlabeled,unlabeled,1,1,1,YES
yaw080_pitch-025_roll+000,80.0,-25.0,0.0,0.02924467,01,unlabeled,unlabeled,1,1,1,YES
yaw080_pitch-030_roll+000,80.0,-30.0,0.0,0.02904376,01,unlabeled,unlabeled,1,1,1,YES
yaw080_pitch-035_roll+000,80.0,-35.0,0.0,0.02897355,01,unlabeled,unlabeled,1,1,1,YES
yaw080_pitch-040_roll+000,80.0,-40.0,0.0,0.02916127,01,unlabeled,unlabeled,1,1,1,YES
yaw080_pitch-045_roll+000,80.0,-45.0,0.0,0.02933392,01,unlabeled,unlabeled,1,1,1,YES
yaw080_pitch-050_roll+000,80.0,-50.0,0.0,0.02942991,01,unlabeled,unlabeled,1,1,1,YES
yaw080_pitch-055_roll+000,80.0,-55.0,0.0,0.02930950,01,unlabeled,unlabeled,1,1,1,YES
yaw080_pitch-060_roll+000,80.0,-60.0,0.0,0.02925619,01,unlabeled,unlabeled,1,1,1,YES
yaw080_pitch-065_roll+000,80.0,-65.0,0.0,0.03001970,01,unlabeled,unlabeled,1,1,1,YES
yaw080_pitch-070_roll+000,80.0,-70.0,0.0,0.03024509,01,unlabeled,unlabeled,1,1,1,YES
yaw080_pitch-075_roll+000,80.0,-75.0,0.0,0.03041045,01,unlabeled,unlabeled,1,1,1,YES
yaw080_pitch-080_roll+000,80.0,-80.0,0.0,0.03051558,01,unlabeled,unlabeled,1,1,1,YES
yaw080_pitch-085_roll+000,80.0,-85.0,0.0,0.03062730,01,unlabeled,unlabeled,1,1,1,YES
yaw080_pitch-090_roll+000,80.0,-90.0,0.0,0.03068217,01,unlabeled,unlabeled,1,1,1,YES
yaw085_pitch+000_roll+000,85.0,0.0,0.0,0.02522089,01,unlabeled,unlabeled,1,1,1,YES
yaw085_pitch+005_roll+000,85.0,5.0,0.0,0.02457211,01,unlabeled,unlabeled,1,1,1,YES
yaw085_pitch+010_roll+000,85.0,10.0,0.0,0.02430161,01,unlabeled,unlabeled,1,1,1,YES
yaw085_pitch+015_roll+000,85.0,15.0,0.0,0.02455529,01,unlabeled,unlabeled,1,1,1,YES
yaw085_pitch+020_roll+000,85.0,20.0,0.0,0.02506247,01,unlabeled,unlabeled,1,1,1,YES
yaw085_pitch+025_roll+000,85.0,25.0,0.0,0.02572295,01,unlabeled,unlabeled,1,1,1,YES
yaw085_pitch+030_roll+000,85.0,30.0,0.0,0.02652357,01,unlabeled,unlabeled,1,1,1,YES
yaw085_pitch+035_roll+000,85.0,35.0,0.0,0.02746405,01,unlabeled,unlabeled,1,1,1,YES
yaw085_pitch+040_roll+000,85.0,40.0,0.0,0.02766386,01,unlabeled,unlabeled,1,1,1,YES
yaw085_pitch+045_roll+000,85.0,45.0,0.0,0.02737796,01,unlabeled,unlabeled,1,1,1,YES
yaw085_pitch+050_roll+000,85.0,50.0,0.0,0.02721155,01,unlabeled,unlabeled,1,1,1,YES
yaw085_pitch+055_roll+000,85.0,55.0,0.0,0.02664526,01,unlabeled,unlabeled,1,1,1,YES
yaw085_pitch+060_roll+000,85.0,60.0,0.0,0.02619674,01,unlabeled,unlabeled,1,1,1,YES
yaw085_pitch+065_roll+000,85.0,65.0,0.0,0.02598467,01,unlabeled,unlabeled,1,1,1,YES
yaw085_pitch+070_roll+000,85.0,70.0,0.0,0.02560305,01,unlabeled,unlabeled,1,1,1,YES
yaw085_pitch+075_roll+000,85.0,75.0,0.0,0.02518939,01,unlabeled,unlabeled,1,1,1,YES
yaw085_pitch+080_roll+000,85.0,80.0,0.0,0.02494009,01,unlabeled,unlabeled,1,1,1,YES
yaw085_pitch+085_roll+000,85.0,85.0,0.0,0.02437009,01,unlabeled,unlabeled,1,1,1,YES
yaw085_pitch+090_roll+000,85.0,90.0,0.0,0.02422440,01,unlabeled,unlabeled,1,1,1,YES
yaw085_pitch-005_roll+000,85.0,-5.0,0.0,0.02514288,01,unlabeled,unlabeled,1,1,1,YES
yaw085_pitch-010_roll+000,85.0,-10.0,0.0,0.02576075,01,unlabeled,unlabeled,1,1,1,YES
yaw085_pitch-015_roll+000,85.0,-15.0,0.0,0.02584925,01,unlabeled,unlabeled,1,1,1,YES
yaw085_pitch-020_roll+000,85.0,-20.0,0.0,0.02613774,01,unlabeled,unlabeled,1,1,1,YES
yaw085_pitch-025_roll+000,85.0,-25.0,0.0,0.02633674,01,unlabeled,unlabeled,1,1,1,YES
yaw085_pitch-030_roll+000,85.0,-30.0,0.0,0.02666827,01,unlabeled,unlabeled,1,1,1,YES
yaw085_pitch-035_roll+000,85.0,-35.0,0.0,0.02683599,01,unlabeled,unlabeled,1,1,1,YES
yaw085_pitch-040_roll+000,85.0,-40.0,0.0,0.02707328,01,unlabeled,unlabeled,1,1,1,YES
yaw085_pitch-045_roll+000,85.0,-45.0,0.0,0.02717516,01,unlabeled,unlabeled,1,1,1,YES
yaw085_pitch-050_roll+000,85.0,-50.0,0.0,0.02750950,01,unlabeled,unlabeled,1,1,1,YES
yaw085_pitch-055_roll+000,85.0,-55.0,0.0,0.02792101,01,unlabeled,unlabeled,1,1,1,YES
yaw085_pitch-060_roll+000,85.0,-60.0,0.0,0.02799775,01,unlabeled,unlabeled,1,1,1,YES
yaw085_pitch-065_roll+000,85.0,-65.0,0.0,0.02786927,01,unlabeled,unlabeled,1,1,1,YES
yaw085_pitch-070_roll+000,85.0,-70.0,0.0,0.02786367,01,unlabeled,unlabeled,1,1,1,YES
yaw085_pitch-075_roll+000,85.0,-75.0,0.0,0.02731742,01,unlabeled,unlabeled,1,1,1,YES
yaw085_pitch-080_roll+000,85.0,-80.0,0.0,0.02785183,01,unlabeled,unlabeled,1,1,1,YES
yaw085_pitch-085_roll+000,85.0,-85.0,0.0,0.02817331,01,unlabeled,unlabeled,1,1,1,YES
yaw085_pitch-090_roll+000,85.0,-90.0,0.0,0.02846911,01,unlabeled,unlabeled,1,1,1,YES
yaw090_pitch+000_roll+000,90.0,0.0,0.0,0.02226072,01,unlabeled,unlabeled,1,1,1,YES
yaw090_pitch+005_roll+000,90.0,5.0,0.0,0.02246284,01,unlabeled,unlabeled,1,1,1,YES
yaw090_pitch+010_roll+000,90.0,10.0,0.0,0.02290233,01,unlabeled,unlabeled,1,1,1,YES
yaw090_pitch+015_roll+000,90.0,15.0,0.0,0.02358845,01,unlabeled,unlabeled,1,1,1,YES
yaw090_pitch+020_roll+000,90.0,20.0,0.0,0.02406434,01,unlabeled,unlabeled,1,1,1,YES
yaw090_pitch+025_roll+000,90.0,25.0,0.0,0.02454018,01,unlabeled,unlabeled,1,1,1,YES
yaw090_pitch+030_roll+000,90.0,30.0,0.0,0.02556825,01,unlabeled,unlabeled,1,1,1,YES
yaw090_pitch+035_roll+000,90.0,35.0,0.0,0.02580307,01,unlabeled,unlabeled,1,1,1,YES
yaw090_pitch+040_roll+000,90.0,40.0,0.0,0.02549333,01,unlabeled,unlabeled,1,1,1,YES
yaw090_pitch+045_roll+000,90.0,45.0,0.0,0.02493673,01,unlabeled,unlabeled,1,1,1,YES
yaw090_pitch+050_roll+000,90.0,50.0,0.0,0.02450329,01,unlabeled,unlabeled,1,1,1,YES
yaw090_pitch+055_roll+000,90.0,55.0,0.0,0.02384436,01,unlabeled,unlabeled,1,1,1,YES
yaw090_pitch+060_roll+000,90.0,60.0,0.0,0.02338376,01,unlabeled,unlabeled,1,1,1,YES
yaw090_pitch+065_roll+000,90.0,65.0,0.0,0.02300463,01,unlabeled,unlabeled,1,1,1,YES
yaw090_pitch+070_roll+000,90.0,70.0,0.0,0.02280424,01,unlabeled,unlabeled,1,1,1,YES
yaw090_pitch+075_roll+000,90.0,75.0,0.0,0.02227020,01,unlabeled,unlabeled,1,1,1,YES
yaw090_pitch+080_roll+000,90.0,80.0,0.0,0.02177558,01,unlabeled,unlabeled,1,1,1,YES
yaw090_pitch+085_roll+000,90.0,85.0,0.0,0.02131195,01,unlabeled,unlabeled,1,1,1,YES
yaw090_pitch+090_roll+000,90.0,90.0,0.0,0.02025738,01,unlabeled,unlabeled,1,1,1,YES
yaw090_pitch-005_roll+000,90.0,-5.0,0.0,0.02227482,01,unlabeled,unlabeled,1,1,1,YES
yaw090_pitch-010_roll+000,90.0,-10.0,0.0,0.02256214,01,unlabeled,unlabeled,1,1,1,YES
yaw090_pitch-015_roll+000,90.0,-15.0,0.0,0.02301149,01,unlabeled,unlabeled,1,1,1,YES
yaw090_pitch-020_roll+000,90.0,-20.0,0.0,0.02355160,01,unlabeled,unlabeled,1,1,1,YES
yaw090_pitch-025_roll+000,90.0,-25.0,0.0,0.02368132,01,unlabeled,unlabeled,1,1,1,YES
yaw090_pitch-030_roll+000,90.0,-30.0,0.0,0.02412157,01,unlabeled,unlabeled,1,1,1,YES
yaw090_pitch-035_roll+000,90.0,-35.0,0.0,0.02456149,01,unlabeled,unlabeled,1,1,1,YES
yaw090_pitch-040_roll+000,90.0,-40.0,0.0,0.02454943,01,unlabeled,unlabeled,1,1,1,YES
yaw090_pitch-045_roll+000,90.0,-45.0,0.0,0.02486954,01,unlabeled,unlabeled,1,1,1,YES
yaw090_pitch-050_roll+000,90.0,-50.0,0.0,0.02523686,01,unlabeled,unlabeled,1,1,1,YES
yaw090_pitch-055_roll+000,90.0,-55.0,0.0,0.02578650,01,unlabeled,unlabeled,1,1,1,YES
yaw090_pitch-060_roll+000,90.0,-60.0,0.0,0.02621804,01,unlabeled,unlabeled,1,1,1,YES
yaw090_pitch-065_roll+000,90.0,-65.0,0.0,0.02625580,01,unlabeled,unlabeled,1,1,1,YES
yaw090_pitch-070_roll+000,90.0,-70.0,0.0,0.02671649,01,unlabeled,unlabeled,1,1,1,YES
yaw090_pitch-075_roll+000,90.0,-75.0,0.0,0.02620683,01,unlabeled,unlabeled,1,1,1,YES
yaw090_pitch-080_roll+000,90.0,-80.0,0.0,0.02503740,01,unlabeled,unlabeled,1,1,1,YES
yaw090_pitch-085_roll+000,90.0,-85.0,0.0,0.02478971,01,unlabeled,unlabeled,1,1,1,YES
yaw090_pitch-090_roll+000,90.0,-90.0,0.0,0.02482248,01,unlabeled,unlabeled,1,1,1,YES
yaw095_pitch+000_roll+000,95.0,0.0,0.0,0.02069579,01,unlabeled,unlabeled,1,1,1,YES
yaw095_pitch+005_roll+000,95.0,5.0,0.0,0.02095367,01,unlabeled,unlabeled,1,1,1,YES
yaw095_pitch+010_roll+000,95.0,10.0,0.0,0.02142004,01,unlabeled,unlabeled,1,1,1,YES
yaw095_pitch+015_roll+000,95.0,15.0,0.0,0.02266727,01,unlabeled,unlabeled,1,1,1,YES
yaw095_pitch+020_roll+000,95.0,20.0,0.0,0.02333687,01,unlabeled,unlabeled,1,1,1,YES
yaw095_pitch+025_roll+000,95.0,25.0,0.0,0.02416245,01,unlabeled,unlabeled,1,1,1,YES
yaw095_pitch+030_roll+000,95.0,30.0,0.0,0.02396938,01,unlabeled,unlabeled,1,1,1,YES
yaw095_pitch+035_roll+000,95.0,35.0,0.0,0.02368495,01,unlabeled,unlabeled,1,1,1,YES
yaw095_pitch+040_roll+000,95.0,40.0,0.0,0.02297893,01,unlabeled,unlabeled,1,1,1,YES
yaw095_pitch+045_roll+000,95.0,45.0,0.0,0.02232839,01,unlabeled,unlabeled,1,1,1,YES
yaw095_pitch+050_roll+000,95.0,50.0,0.0,0.02165629,01,unlabeled,unlabeled,1,1,1,YES
yaw095_pitch+055_roll+000,95.0,55.0,0.0,0.02115583,01,unlabeled,unlabeled,1,1,1,YES
yaw095_pitch+060_roll+000,95.0,60.0,0.0,0.02075730,01,unlabeled,unlabeled,1,1,1,YES
yaw095_pitch+065_roll+000,95.0,65.0,0.0,0.02001164,01,unlabeled,unlabeled,1,1,1,YES
yaw095_pitch+070_roll+000,95.0,70.0,0.0,0.01960789,01,unlabeled,unlabeled,1,1,1,YES
yaw095_pitch+075_roll+000,95.0,75.0,0.0,0.01949812,01,unlabeled,unlabeled,1,1,1,YES
yaw095_pitch+080_roll+000,95.0,80.0,0.0,0.01907634,01,unlabeled,unlabeled,1,1,1,YES
yaw095_pitch+085_roll+000,95.0,85.0,0.0,0.01939013,01,unlabeled,unlabeled,1,1,1,YES
yaw095_pitch+090_roll+000,95.0,90.0,0.0,0.01956971,01,unlabeled,unlabeled,1,1,1,YES
yaw095_pitch-005_roll+000,95.0,-5.0,0.0,0.02036563,01,unlabeled,unlabeled,1,1,1,YES
yaw095_pitch-010_roll+000,95.0,-10.0,0.0,0.02008324,01,unlabeled,unlabeled,1,1,1,YES
yaw095_pitch-015_roll+000,95.0,-15.0,0.0,0.02003016,01,unlabeled,unlabeled,1,1,1,YES
yaw095_pitch-020_roll+000,95.0,-20.0,0.0,0.02014625,01,unlabeled,unlabeled,1,1,1,YES
yaw095_pitch-025_roll+000,95.0,-25.0,0.0,0.02063018,01,unlabeled,unlabeled,1,1,1,YES
yaw095_pitch-030_roll+000,95.0,-30.0,0.0,0.02113064,01,unlabeled,unlabeled,1,1,1,YES
yaw095_pitch-035_roll+000,95.0,-35.0,0.0,0.02183372,01,unlabeled,unlabeled,1,1,1,YES
yaw095_pitch-040_roll+000,95.0,-40.0,0.0,0.02185556,01,unlabeled,unlabeled,1,1,1,YES
yaw095_pitch-045_roll+000,95.0,-45.0,0.0,0.02222136,01,unlabeled,unlabeled,1,1,1,YES
yaw095_pitch-050_roll+000,95.0,-50.0,0.0,0.02266477,01,unlabeled,unlabeled,1,1,1,YES
yaw095_pitch-055_roll+000,95.0,-55.0,0.0,0.02318707,01,unlabeled,unlabeled,1,1,1,YES
yaw095_pitch-060_roll+000,95.0,-60.0,0.0,0.02320081,01,unlabeled,unlabeled,1,1,1,YES
yaw095_pitch-065_roll+000,95.0,-65.0,0.0,0.02418483,01,unlabeled,unlabeled,1,1,1,YES
yaw095_pitch-070_roll+000,95.0,-70.0,0.0,0.02379287,01,unlabeled,unlabeled,1,1,1,YES
yaw095_pitch-075_roll+000,95.0,-75.0,0.0,0.02422942,01,unlabeled,unlabeled,1,1,1,YES
yaw095_pitch-080_roll+000,95.0,-80.0,0.0,0.02337977,01,unlabeled,unlabeled,1,1,1,YES
yaw095_pitch-085_roll+000,95.0,-85.0,0.0,0.02272605,01,unlabeled,unlabeled,1,1,1,YES
yaw095_pitch-090_roll+000,95.0,-90.0,0.0,0.02214734,01,unlabeled,unlabeled,1,1,1,YES
yaw100_pitch+000_roll+000,100.0,0.0,0.0,0.01881668,01,unlabeled,unlabeled,1,1,1,YES
yaw100_pitch+005_roll+000,100.0,5.0,0.0,0.02039424,01,unlabeled,unlabeled,1,1,1,YES
yaw100_pitch+010_roll+000,100.0,10.0,0.0,0.02073468,01,unlabeled,unlabeled,1,1,1,YES
yaw100_pitch+015_roll+000,100.0,15.0,0.0,0.02216742,01,unlabeled,unlabeled,1,1,1,YES
yaw100_pitch+020_roll+000,100.0,20.0,0.0,0.02228245,01,unlabeled,unlabeled,1,1,1,YES
yaw100_pitch+025_roll+000,100.0,25.0,0.0,0.02262068,01,unlabeled,unlabeled,1,1,1,YES
yaw100_pitch+030_roll+000,100.0,30.0,0.0,0.02215711,01,unlabeled,unlabeled,1,1,1,YES
yaw100_pitch+035_roll+000,100.0,35.0,0.0,0.02142060,01,unlabeled,unlabeled,1,1,1,YES
yaw100_pitch+040_roll+000,100.0,40.0,0.0,0.02045690,01,unlabeled,unlabeled,1,1,1,YES
yaw100_pitch+045_roll+000,100.0,45.0,0.0,0.01984318,01,unlabeled,unlabeled,1,1,1,YES
yaw100_pitch+050_roll+000,100.0,50.0,0.0,0.01910229,01,unlabeled,unlabeled,1,1,1,YES
yaw100_pitch+055_roll+000,100.0,55.0,0.0,0.01833245,01,unlabeled,unlabeled,1,1,1,YES
yaw100_pitch+060_roll+000,100.0,60.0,0.0,0.01768522,01,unlabeled,unlabeled,1,1,1,YES
yaw100_pitch+065_roll+000,100.0,65.0,0.0,0.01751910,01,unlabeled,unlabeled,1,1,1,YES
yaw100_pitch+070_roll+000,100.0,70.0,0.0,0.01754135,01,unlabeled,unlabeled,1,1,1,YES
yaw100_pitch+075_roll+000,100.0,75.0,0.0,0.01776676,01,unlabeled,unlabeled,1,1,1,YES
yaw100_pitch+080_roll+000,100.0,80.0,0.0,0.01775503,01,unlabeled,unlabeled,1,1,1,YES
yaw100_pitch+085_roll+000,100.0,85.0,0.0,0.01799123,01,unlabeled,unlabeled,1,1,1,YES
yaw100_pitch+090_roll+000,100.0,90.0,0.0,0.01790496,01,unlabeled,unlabeled,1,1,1,YES
yaw100_pitch-005_roll+000,100.0,-5.0,0.0,0.01905832,01,unlabeled,unlabeled,1,1,1,YES
yaw100_pitch-010_roll+000,100.0,-10.0,0.0,0.01866352,01,unlabeled,unlabeled,1,1,1,YES
yaw100_pitch-015_roll+000,100.0,-15.0,0.0,0.01839332,01,unlabeled,unlabeled,1,1,1,YES
yaw100_pitch-020_roll+000,100.0,-20.0,0.0,0.01830276,01,unlabeled,unlabeled,1,1,1,YES
yaw100_pitch-025_roll+000,100.0,-25.0,0.0,0.01813823,01,unlabeled,unlabeled,1,1,1,YES
yaw100_pitch-030_roll+000,100.0,-30.0,0.0,0.01817279,01,unlabeled,unlabeled,1,1,1,YES
yaw100_pitch-035_roll+000,100.0,-35.0,0.0,0.01908497,01,unlabeled,unlabeled,1,1,1,YES
yaw100_pitch-040_roll+000,100.0,-40.0,0.0,0.01943213,01,unlabeled,unlabeled,1,1,1,YES
yaw100_pitch-045_roll+000,100.0,-45.0,0.0,0.01981035,01,unlabeled,unlabeled,1,1,1,YES
yaw100_pitch-050_roll+000,100.0,-50.0,0.0,0.02020281,01,unlabeled,unlabeled,1,1,1,YES
yaw100_pitch-055_roll+000,100.0,-55.0,0.0,0.02041045,01,unlabeled,unlabeled,1,1,1,YES
yaw100_pitch-060_roll+000,100.0,-60.0,0.0,0.02071370,01,unlabeled,unlabeled,1,1,1,YES
yaw100_pitch-065_roll+000,100.0,-65.0,0.0,0.02117323,01,unlabeled,unlabeled,1,1,1,YES
yaw100_pitch-070_roll+000,100.0,-70.0,0.0,0.02128033,01,unlabeled,unlabeled,1,1,1,YES
yaw100_pitch-075_roll+000,100.0,-75.0,0.0,0.02225595,01,unlabeled,unlabeled,1,1,1,YES
yaw100_pitch-080_roll+000,100.0,-80.0,0.0,0.02178840,01,unlabeled,unlabeled,1,1,1,YES
yaw100_pitch-085_roll+000,100.0,-85.0,0.0,0.02110125,01,unlabeled,unlabeled,1,1,1,YES
yaw100_pitch-090_roll+000,100.0,-90.0,0.0,0.01898334,01,unlabeled,unlabeled,1,1,1,YES
yaw105_pitch+000_roll+000,105.0,0.0,0.0,0.01834325,01,unlabeled,unlabeled,1,1,1,YES
yaw105_pitch+005_roll+000,105.0,5.0,0.0,0.01884378,01,unlabeled,unlabeled,1,1,1,YES
yaw105_pitch+010_roll+000,105.0,10.0,0.0,0.01980623,01,unlabeled,unlabeled,1,1,1,YES
yaw105_pitch+015_roll+000,105.0,15.0,0.0,0.02071800,01,unlabeled,unlabeled,1,1,1,YES
yaw105_pitch+020_roll+000,105.0,20.0,0.0,0.02109260,01,unlabeled,unlabeled,1,1,1,YES
yaw105_pitch+025_roll+000,105.0,25.0,0.0,0.02047444,01,unlabeled,unlabeled,1,1,1,YES
yaw105_pitch+030_roll+000,105.0,30.0,0.0,0.01947582,01,unlabeled,unlabeled,1,1,1,YES
yaw105_pitch+035_roll+000,105.0,35.0,0.0,0.01820308,01,unlabeled,unlabeled,1,1,1,YES
yaw105_pitch+040_roll+000,105.0,40.0,0.0,0.01730198,01,unlabeled,unlabeled,1,1,1,YES
yaw105_pitch+045_roll+000,105.0,45.0,0.0,0.01662217,01,unlabeled,unlabeled,1,1,1,YES
yaw105_pitch+050_roll+000,105.0,50.0,0.0,0.01593019,01,unlabeled,unlabeled,1,1,1,YES
yaw105_pitch+055_roll+000,105.0,55.0,0.0,0.01590638,01,unlabeled,unlabeled,1,1,1,YES
yaw105_pitch+060_roll+000,105.0,60.0,0.0,0.01579921,01,unlabeled,unlabeled,1,1,1,YES
yaw105_pitch+065_roll+000,105.0,65.0,0.0,0.01560427,01,unlabeled,unlabeled,1,1,1,YES
yaw105_pitch+070_roll+000,105.0,70.0,0.0,0.01564113,01,unlabeled,unlabeled,1,1,1,YES
yaw105_pitch+075_roll+000,105.0,75.0,0.0,0.01673042,01,unlabeled,unlabeled,1,1,1,YES
yaw105_pitch+080_roll+000,105.0,80.0,0.0,0.01675627,01,unlabeled,unlabeled,1,1,1,YES
yaw105_pitch+085_roll+000,105.0,85.0,0.0,0.01669945,01,unlabeled,unlabeled,1,1,1,YES
yaw105_pitch+090_roll+000,105.0,90.0,0.0,0.01664962,01,unlabeled,unlabeled,1,1,1,YES
yaw105_pitch-005_roll+000,105.0,-5.0,0.0,0.01782350,01,unlabeled,unlabeled,1,1,1,YES
yaw105_pitch-010_roll+000,105.0,-10.0,0.0,0.01738186,01,unlabeled,unlabeled,1,1,1,YES
yaw105_pitch-015_roll+000,105.0,-15.0,0.0,0.01714108,01,unlabeled,unlabeled,1,1,1,YES
yaw105_pitch-020_roll+000,105.0,-20.0,0.0,0.01682425,01,unlabeled,unlabeled,1,1,1,YES
yaw105_pitch-025_roll+000,105.0,-25.0,0.0,0.01679051,01,unlabeled,unlabeled,1,1,1,YES
yaw105_pitch-030_roll+000,105.0,-30.0,0.0,0.01672987,01,unlabeled,unlabeled,1,1,1,YES
yaw105_pitch-035_roll+000,105.0,-35.0,0.0,0.01657818,01,unlabeled,unlabeled,1,1,1,YES
yaw105_pitch-040_roll+000,105.0,-40.0,0.0,0.01707390,01,unlabeled,unlabeled,1,1,1,YES
yaw105_pitch-045_roll+000,105.0,-45.0,0.0,0.01742615,01,unlabeled,unlabeled,1,1,1,YES
yaw105_pitch-050_roll+000,105.0,-50.0,0.0,0.01779926,01,unlabeled,unlabeled,1,1,1,YES
yaw105_pitch-055_roll+000,105.0,-55.0,0.0,0.01814228,01,unlabeled,unlabeled,1,1,1,YES
yaw105_pitch-060_roll+000,105.0,-60.0,0.0,0.01783896,01,unlabeled,unlabeled,1,1,1,YES
yaw105_pitch-065_roll+000,105.0,-65.0,0.0,0.01878700,01,unlabeled,unlabeled,1,1,1,YES
yaw105_pitch-070_roll+000,105.0,-70.0,0.0,0.01884749,01,unlabeled,unlabeled,1,1,1,YES
yaw105_pitch-075_roll+000,105.0,-75.0,0.0,0.01906088,01,unlabeled,unlabeled,1,1,1,YES
yaw105_pitch-080_roll+000,105.0,-80.0,0.0,0.02002268,01,unlabeled,unlabeled,1,1,1,YES
yaw105_pitch-085_roll+000,105.0,-85.0,0.0,0.01967301,01,unlabeled,unlabeled,1,1,1,YES
yaw105_pitch-090_roll+000,105.0,-90.0,0.0,0.01688486,01,unlabeled,unlabeled,1,1,1,YES
yaw110_pitch+000_roll+000,110.0,0.0,0.0,0.01754847,01,unlabeled,unlabeled,1,1,1,YES
yaw110_pitch+005_roll+000,110.0,5.0,0.0,0.01813052,01,unlabeled,unlabeled,1,1,1,YES
yaw110_pitch+010_roll+000,110.0,10.0,0.0,0.01899204,01,unlabeled,unlabeled,1,1,1,YES
yaw110_pitch+015_roll+000,110.0,15.0,0.0,0.01987391,01,unlabeled,unlabeled,1,1,1,YES
yaw110_pitch+020_roll+000,110.0,20.0,0.0,0.01970331,01,unlabeled,unlabeled,1,1,1,YES
yaw110_pitch+025_roll+000,110.0,25.0,0.0,0.01806561,01,unlabeled,unlabeled,1,1,1,YES
yaw110_pitch+030_roll+000,110.0,30.0,0.0,0.01662832,01,unlabeled,unlabeled,1,1,1,YES
yaw110_pitch+035_roll+000,110.0,35.0,0.0,0.01544563,01,unlabeled,unlabeled,1,1,1,YES
yaw110_pitch+040_roll+000,110.0,40.0,0.0,0.01472340,01,unlabeled,unlabeled,1,1,1,YES
yaw110_pitch+045_roll+000,110.0,45.0,0.0,0.01476950,01,unlabeled,unlabeled,1,1,1,YES
yaw110_pitch+050_roll+000,110.0,50.0,0.0,0.01462441,01,unlabeled,unlabeled,1,1,1,YES
yaw110_pitch+055_roll+000,110.0,55.0,0.0,0.01437266,01,unlabeled,unlabeled,1,1,1,YES
yaw110_pitch+060_roll+000,110.0,60.0,0.0,0.01423023,01,unlabeled,unlabeled,1,1,1,YES
yaw110_pitch+065_roll+000,110.0,65.0,0.0,0.01411664,01,unlabeled,unlabeled,1,1,1,YES
yaw110_pitch+070_roll+000,110.0,70.0,0.0,0.01461239,01,unlabeled,unlabeled,1,1,1,YES
yaw110_pitch+075_roll+000,110.0,75.0,0.0,0.01618148,01,unlabeled,unlabeled,1,1,1,YES
yaw110_pitch+080_roll+000,110.0,80.0,0.0,0.01563886,01,unlabeled,unlabeled,1,1,1,YES
yaw110_pitch+085_roll+000,110.0,85.0,0.0,0.01571692,01,unlabeled,unlabeled,1,1,1,YES
yaw110_pitch+090_roll+000,110.0,90.0,0.0,0.01552990,01,unlabeled,unlabeled,1,1,1,YES
yaw110_pitch-005_roll+000,110.0,-5.0,0.0,0.01678917,01,unlabeled,unlabeled,1,1,1,YES
yaw110_pitch-010_roll+000,110.0,-10.0,0.0,0.01642405,01,unlabeled,unlabeled,1,1,1,YES
yaw110_pitch-015_roll+000,110.0,-15.0,0.0,0.01605898,01,unlabeled,unlabeled,1,1,1,YES
yaw110_pitch-020_roll+000,110.0,-20.0,0.0,0.01589016,01,unlabeled,unlabeled,1,1,1,YES
yaw110_pitch-025_roll+000,110.0,-25.0,0.0,0.01552445,01,unlabeled,unlabeled,1,1,1,YES
yaw110_pitch-030_roll+000,110.0,-30.0,0.0,0.01541572,01,unlabeled,unlabeled,1,1,1,YES
yaw110_pitch-035_roll+000,110.0,-35.0,0.0,0.01519982,01,unlabeled,unlabeled,1,1,1,YES
yaw110_pitch-040_roll+000,110.0,-40.0,0.0,0.01529756,01,unlabeled,unlabeled,1,1,1,YES
yaw110_pitch-045_roll+000,110.0,-45.0,0.0,0.01556774,01,unlabeled,unlabeled,1,1,1,YES
yaw110_pitch-050_roll+000,110.0,-50.0,0.0,0.01549942,01,unlabeled,unlabeled,1,1,1,YES
yaw110_pitch-055_roll+000,110.0,-55.0,0.0,0.01561363,01,unlabeled,unlabeled,1,1,1,YES
yaw110_pitch-060_roll+000,110.0,-60.0,0.0,0.01568609,01,unlabeled,unlabeled,1,1,1,YES
yaw110_pitch-065_roll+000,110.0,-65.0,0.0,0.01600550,01,unlabeled,unlabeled,1,1,1,YES
yaw110_pitch-070_roll+000,110.0,-70.0,0.0,0.01668219,01,unlabeled,unlabeled,1,1,1,YES
yaw110_pitch-075_roll+000,110.0,-75.0,0.0,0.01734483,01,unlabeled,unlabeled,1,1,1,YES
yaw110_pitch-080_roll+000,110.0,-80.0,0.0,0.01764927,01,unlabeled,unlabeled,1,1,1,YES
yaw110_pitch-085_roll+000,110.0,-85.0,0.0,0.01807178,01,unlabeled,unlabeled,1,1,1,YES
yaw110_pitch-090_roll+000,110.0,-90.0,0.0,0.01554156,01,unlabeled,unlabeled,1,1,1,YES
yaw115_pitch+000_roll+000,115.0,0.0,0.0,0.01674925,01,unlabeled,unlabeled,1,1,1,YES
yaw115_pitch+005_roll+000,115.0,5.0,0.0,0.01808866,01,unlabeled,unlabeled,1,1,1,YES
yaw115_pitch+010_roll+000,115.0,10.0,0.0,0.01786585,01,unlabeled,unlabeled,1,1,1,YES
yaw115_pitch+015_roll+000,115.0,15.0,0.0,0.01853088,01,unlabeled,unlabeled,1,1,1,YES
yaw115_pitch+020_roll+000,115.0,20.0,0.0,0.01769341,01,unlabeled,unlabeled,1,1,1,YES
yaw115_pitch+025_roll+000,115.0,25.0,0.0,0.01622444,01,unlabeled,unlabeled,1,1,1,YES
yaw115_pitch+030_roll+000,115.0,30.0,0.0,0.01492754,01,unlabeled,unlabeled,1,1,1,YES
yaw115_pitch+035_roll+000,115.0,35.0,0.0,0.01386865,01,unlabeled,unlabeled,1,1,1,YES
yaw115_pitch+040_roll+000,115.0,40.0,0.0,0.01362085,01,unlabeled,unlabeled,1,1,1,YES
yaw115_pitch+045_roll+000,115.0,45.0,0.0,0.01364736,01,unlabeled,unlabeled,1,1,1,YES
yaw115_pitch+050_roll+000,115.0,50.0,0.0,0.01341708,01,unlabeled,unlabeled,1,1,1,YES
yaw115_pitch+055_roll+000,115.0,55.0,0.0,0.01318305,01,unlabeled,unlabeled,1,1,1,YES
yaw115_pitch+060_roll+000,115.0,60.0,0.0,0.01324561,01,unlabeled,unlabeled,1,1,1,YES
yaw115_pitch+065_roll+000,115.0,65.0,0.0,0.01279300,01,unlabeled,unlabeled,1,1,1,YES
yaw115_pitch+070_roll+000,115.0,70.0,0.0,0.01453708,01,unlabeled,unlabeled,1,1,1,YES
yaw115_pitch+075_roll+000,115.0,75.0,0.0,0.01520116,01,unlabeled,unlabeled,1,1,1,YES
yaw115_pitch+080_roll+000,115.0,80.0,0.0,0.01472476,01,unlabeled,unlabeled,1,1,1,YES
yaw115_pitch+085_roll+000,115.0,85.0,0.0,0.01392964,01,unlabeled,unlabeled,1,1,1,YES
yaw115_pitch+090_roll+000,115.0,90.0,0.0,0.01395802,01,unlabeled,unlabeled,1,1,1,YES
yaw115_pitch-005_roll+000,115.0,-5.0,0.0,0.01667997,01,unlabeled,unlabeled,1,1,1,YES
yaw115_pitch-010_roll+000,115.0,-10.0,0.0,0.01619921,01,unlabeled,unlabeled,1,1,1,YES
yaw115_pitch-015_roll+000,115.0,-15.0,0.0,0.01569150,01,unlabeled,unlabeled,1,1,1,YES
yaw115_pitch-020_roll+000,115.0,-20.0,0.0,0.01542328,01,unlabeled,unlabeled,1,1,1,YES
yaw115_pitch-025_roll+000,115.0,-25.0,0.0,0.01507990,01,unlabeled,unlabeled,1,1,1,YES
yaw115_pitch-030_roll+000,115.0,-30.0,0.0,0.01490029,01,unlabeled,unlabeled,1,1,1,YES
yaw115_pitch-035_roll+000,115.0,-35.0,0.0,0.01457555,01,unlabeled,unlabeled,1,1,1,YES
yaw115_pitch-040_roll+000,115.0,-40.0,0.0,0.01442970,01,unlabeled,unlabeled,1,1,1,YES
yaw115_pitch-045_roll+000,115.0,-45.0,0.0,0.01430412,01,unlabeled,unlabeled,1,1,1,YES
yaw115_pitch-050_roll+000,115.0,-50.0,0.0,0.01426473,01,unlabeled,unlabeled,1,1,1,YES
yaw115_pitch-055_roll+000,115.0,-55.0,0.0,0.01522427,01,unlabeled,unlabeled,1,1,1,YES
yaw115_pitch-060_roll+000,115.0,-60.0,0.0,0.01459183,01,unlabeled,unlabeled,1,1,1,YES
yaw115_pitch-065_roll+000,115.0,-65.0,0.0,0.01473336,01,unlabeled,unlabeled,1,1,1,YES
yaw115_pitch-070_roll+000,115.0,-70.0,0.0,0.01522902,01,unlabeled,unlabeled,1,1,1,YES
yaw115_pitch-075_roll+000,115.0,-75.0,0.0,0.01580264,01,unlabeled,unlabeled,1,1,1,YES
yaw115_pitch-080_roll+000,115.0,-80.0,0.0,0.01629858,01,unlabeled,unlabeled,1,1,1,YES
yaw115_pitch-085_roll+000,115.0,-85.0,0.0,0.01691154,01,unlabeled,unlabeled,1,1,1,YES
yaw115_pitch-090_roll+000,115.0,-90.0,0.0,0.01482422,01,unlabeled,unlabeled,1,1,1,YES
yaw120_pitch+000_roll+000,120.0,0.0,0.0,0.01778297,01,unlabeled,unlabeled,1,1,1,YES
yaw120_pitch+005_roll+000,120.0,5.0,0.0,0.01832869,01,unlabeled,unlabeled,1,1,1,YES
yaw120_pitch+010_roll+000,120.0,10.0,0.0,0.01883637,01,unlabeled,unlabeled,1,1,1,YES
yaw120_pitch+015_roll+000,120.0,15.0,0.0,0.01946166,01,unlabeled,unlabeled,1,1,1,YES
yaw120_pitch+020_roll+000,120.0,20.0,0.0,0.01820032,01,unlabeled,unlabeled,1,1,1,YES
yaw120_pitch+025_roll+000,120.0,25.0,0.0,0.01664713,01,unlabeled,unlabeled,1,1,1,YES
yaw120_pitch+030_roll+000,120.0,30.0,0.0,0.01525237,01,unlabeled,unlabeled,1,1,1,YES
yaw120_pitch+035_roll+000,120.0,35.0,0.0,0.01491183,01,unlabeled,unlabeled,1,1,1,YES
yaw120_pitch+040_roll+000,120.0,40.0,0.0,0.01505216,01,unlabeled,unlabeled,1,1,1,YES
yaw120_pitch+045_roll+000,120.0,45.0,0.0,0.01442379,01,unlabeled,unlabeled,1,1,1,YES
yaw120_pitch+050_roll+000,120.0,50.0,0.0,0.01439739,01,unlabeled,unlabeled,1,1,1,YES
yaw120_pitch+055_roll+000,120.0,55.0,0.0,0.01432824,01,unlabeled,unlabeled,1,1,1,YES
yaw120_pitch+060_roll+000,120.0,60.0,0.0,0.01417667,01,unlabeled,unlabeled,1,1,1,YES
yaw120_pitch+065_roll+000,120.0,65.0,0.0,0.01438671,01,unlabeled,unlabeled,1,1,1,YES
yaw120_pitch+070_roll+000,120.0,70.0,0.0,0.01524974,01,unlabeled,unlabeled,1,1,1,YES
yaw120_pitch+075_roll+000,120.0,75.0,0.0,0.01572462,01,unlabeled,unlabeled,1,1,1,YES
yaw120_pitch+080_roll+000,120.0,80.0,0.0,0.01521339,01,unlabeled,unlabeled,1,1,1,YES
yaw120_pitch+085_roll+000,120.0,85.0,0.0,0.01468442,01,unlabeled,unlabeled,1,1,1,YES
yaw120_pitch+090_roll+000,120.0,90.0,0.0,0.01503961,01,unlabeled,unlabeled,1,1,1,YES
yaw120_pitch-005_roll+000,120.0,-5.0,0.0,0.01760013,01,unlabeled,unlabeled,1,1,1,YES
yaw120_pitch-010_roll+000,120.0,-10.0,0.0,0.01740295,01,unlabeled,unlabeled,1,1,1,YES
yaw120_pitch-015_roll+000,120.0,-15.0,0.0,0.01694162,01,unlabeled,unlabeled,1,1,1,YES
yaw120_pitch-020_roll+000,120.0,-20.0,0.0,0.01636094,01,unlabeled,unlabeled,1,1,1,YES
yaw120_pitch-025_roll+000,120.0,-25.0,0.0,0.01618751,01,unlabeled,unlabeled,1,1,1,YES
yaw120_pitch-030_roll+000,120.0,-30.0,0.0,0.01579835,01,unlabeled,unlabeled,1,1,1,YES
yaw120_pitch-035_roll+000,120.0,-35.0,0.0,0.01564021,01,unlabeled,unlabeled,1,1,1,YES
yaw120_pitch-040_roll+000,120.0,-40.0,0.0,0.01535706,01,unlabeled,unlabeled,1,1,1,YES
yaw120_pitch-045_roll+000,120.0,-45.0,0.0,0.01519853,01,unlabeled,unlabeled,1,1,1,YES
yaw120_pitch-050_roll+000,120.0,-50.0,0.0,0.01538387,01,unlabeled,unlabeled,1,1,1,YES
yaw120_pitch-055_roll+000,120.0,-55.0,0.0,0.01460725,01,unlabeled,unlabeled,1,1,1,YES
yaw120_pitch-060_roll+000,120.0,-60.0,0.0,0.01490396,01,unlabeled,unlabeled,1,1,1,YES
yaw120_pitch-065_roll+000,120.0,-65.0,0.0,0.01541372,01,unlabeled,unlabeled,1,1,1,YES
yaw120_pitch-070_roll+000,120.0,-70.0,0.0,0.01594959,01,unlabeled,unlabeled,1,1,1,YES
yaw120_pitch-075_roll+000,120.0,-75.0,0.0,0.01601352,01,unlabeled,unlabeled,1,1,1,YES
yaw120_pitch-080_roll+000,120.0,-80.0,0.0,0.01651966,01,unlabeled,unlabeled,1,1,1,YES
yaw120_pitch-085_roll+000,120.0,-85.0,0.0,0.01635851,01,unlabeled,unlabeled,1,1,1,YES
yaw120_pitch-090_roll+000,120.0,-90.0,0.0,0.01550689,01,unlabeled,unlabeled,1,1,1,YES
yaw125_pitch+000_roll+000,125.0,0.0,0.0,0.01952475,01,unlabeled,unlabeled,1,1,1,YES
yaw125_pitch+005_roll+000,125.0,5.0,0.0,0.02006682,01,unlabeled,unlabeled,1,1,1,YES
yaw125_pitch+010_roll+000,125.0,10.0,0.0,0.02143423,01,unlabeled,unlabeled,1,1,1,YES
yaw125_pitch+015_roll+000,125.0,15.0,0.0,0.02140587,01,unlabeled,unlabeled,1,1,1,YES
yaw125_pitch+020_roll+000,125.0,20.0,0.0,0.02019411,01,unlabeled,unlabeled,1,1,1,YES
yaw125_pitch+025_roll+000,125.0,25.0,0.0,0.01843501,01,unlabeled,unlabeled,1,1,1,YES
yaw125_pitch+030_roll+000,125.0,30.0,0.0,0.01698043,01,unlabeled,unlabeled,1,1,1,YES
yaw125_pitch+035_roll+000,125.0,35.0,0.0,0.01667187,01,unlabeled,unlabeled,1,1,1,YES
yaw125_pitch+040_roll+000,125.0,40.0,0.0,0.01627282,01,unlabeled,unlabeled,1,1,1,YES
yaw125_pitch+045_roll+000,125.0,45.0,0.0,0.01615876,01,unlabeled,unlabeled,1,1,1,YES
yaw125_pitch+050_roll+000,125.0,50.0,0.0,0.01588286,01,unlabeled,unlabeled,1,1,1,YES
yaw125_pitch+055_roll+000,125.0,55.0,0.0,0.01537156,01,unlabeled,unlabeled,1,1,1,YES
yaw125_pitch+060_roll+000,125.0,60.0,0.0,0.01522039,01,unlabeled,unlabeled,1,1,1,YES
yaw125_pitch+065_roll+000,125.0,65.0,0.0,0.01549403,01,unlabeled,unlabeled,1,1,1,YES
yaw125_pitch+070_roll+000,125.0,70.0,0.0,0.01581147,01,unlabeled,unlabeled,1,1,1,YES
yaw125_pitch+075_roll+000,125.0,75.0,0.0,0.01597306,01,unlabeled,unlabeled,1,1,1,YES
yaw125_pitch+080_roll+000,125.0,80.0,0.0,0.01615519,01,unlabeled,unlabeled,1,1,1,YES
yaw125_pitch+085_roll+000,125.0,85.0,0.0,0.01670023,01,unlabeled,unlabeled,1,1,1,YES
yaw125_pitch+090_roll+000,125.0,90.0,0.0,0.01816113,01,unlabeled,unlabeled,1,1,1,YES
yaw125_pitch-005_roll+000,125.0,-5.0,0.0,0.01917344,01,unlabeled,unlabeled,1,1,1,YES
yaw125_pitch-010_roll+000,125.0,-10.0,0.0,0.01890019,01,unlabeled,unlabeled,1,1,1,YES
yaw125_pitch-015_roll+000,125.0,-15.0,0.0,0.01880300,01,unlabeled,unlabeled,1,1,1,YES
yaw125_pitch-020_roll+000,125.0,-20.0,0.0,0.01815006,01,unlabeled,unlabeled,1,1,1,YES
yaw125_pitch-025_roll+000,125.0,-25.0,0.0,0.01777464,01,unlabeled,unlabeled,1,1,1,YES
yaw125_pitch-030_roll+000,125.0,-30.0,0.0,0.01746669,01,unlabeled,unlabeled,1,1,1,YES
yaw125_pitch-035_roll+000,125.0,-35.0,0.0,0.01740849,01,unlabeled,unlabeled,1,1,1,YES
yaw125_pitch-040_roll+000,125.0,-40.0,0.0,0.01706704,01,unlabeled,unlabeled,1,1,1,YES
yaw125_pitch-045_roll+000,125.0,-45.0,0.0,0.01682887,01,unlabeled,unlabeled,1,1,1,YES
yaw125_pitch-050_roll+000,125.0,-50.0,0.0,0.01657042,01,unlabeled,unlabeled,1,1,1,YES
yaw125_pitch-055_roll+000,125.0,-55.0,0.0,0.01632462,01,unlabeled,unlabeled,1,1,1,YES
yaw125_pitch-060_roll+000,125.0,-60.0,0.0,0.01611628,01,unlabeled,unlabeled,1,1,1,YES
yaw125_pitch-065_roll+000,125.0,-65.0,0.0,0.01668422,01,unlabeled,unlabeled,1,1,1,YES
yaw125_pitch-070_roll+000,125.0,-70.0,0.0,0.01740831,01,unlabeled,unlabeled,1,1,1,YES
yaw125_pitch-075_roll+000,125.0,-75.0,0.0,0.01792272,01,unlabeled,unlabeled,1,1,1,YES
yaw125_pitch-080_roll+000,125.0,-80.0,0.0,0.01828106,01,unlabeled,unlabeled,1,1,1,YES
yaw125_pitch-085_roll+000,125.0,-85.0,0.0,0.01852647,01,unlabeled,unlabeled,1,1,1,YES
yaw125_pitch-090_roll+000,125.0,-90.0,0.0,0.01726755,01,unlabeled,unlabeled,1,1,1,YES
yaw130_pitch+000_roll+000,130.0,0.0,0.0,0.02219470,01,unlabeled,unlabeled,1,1,1,YES
yaw130_pitch+005_roll+000,130.0,5.0,0.0,0.02421592,01,unlabeled,unlabeled,1,1,1,YES
yaw130_pitch+010_roll+000,130.0,10.0,0.0,0.02700626,01,unlabeled,unlabeled,1,1,1,YES
yaw130_pitch+015_roll+000,130.0,15.0,0.0,0.02775481,01,unlabeled,unlabeled,1,1,1,YES
yaw130_pitch+020_roll+000,130.0,20.0,0.0,0.02502625,01,unlabeled,unlabeled,1,1,1,YES
yaw130_pitch+025_roll+000,130.0,25.0,0.0,0.02106098,01,unlabeled,unlabeled,1,1,1,YES
yaw130_pitch+030_roll+000,130.0,30.0,0.0,0.01886220,01,unlabeled,unlabeled,1,1,1,YES
yaw130_pitch+035_roll+000,130.0,35.0,0.0,0.01789265,01,unlabeled,unlabeled,1,1,1,YES
yaw130_pitch+040_roll+000,130.0,40.0,0.0,0.01746749,01,unlabeled,unlabeled,1,1,1,YES
yaw130_pitch+045_roll+000,130.0,45.0,0.0,0.01733730,01,unlabeled,unlabeled,1,1,1,YES
yaw130_pitch+050_roll+000,130.0,50.0,0.0,0.01700869,01,unlabeled,unlabeled,1,1,1,YES
yaw130_pitch+055_roll+000,130.0,55.0,0.0,0.01665598,01,unlabeled,unlabeled,1,1,1,YES
yaw130_pitch+060_roll+000,130.0,60.0,0.0,0.01636361,01,unlabeled,unlabeled,1,1,1,YES
yaw130_pitch+065_roll+000,130.0,65.0,0.0,0.01642138,01,unlabeled,unlabeled,1,1,1,YES
yaw130_pitch+070_roll+000,130.0,70.0,0.0,0.01666280,01,unlabeled,unlabeled,1,1,1,YES
yaw130_pitch+075_roll+000,130.0,75.0,0.0,0.01675680,01,unlabeled,unlabeled,1,1,1,YES
yaw130_pitch+080_roll+000,130.0,80.0,0.0,0.01785435,01,unlabeled,unlabeled,1,1,1,YES
yaw130_pitch+085_roll+000,130.0,85.0,0.0,0.01968016,01,unlabeled,unlabeled,1,1,1,YES
yaw130_pitch+090_roll+000,130.0,90.0,0.0,0.02294276,01,unlabeled,unlabeled,1,1,1,YES
yaw130_pitch-005_roll+000,130.0,-5.0,0.0,0.02097013,01,unlabeled,unlabeled,1,1,1,YES
yaw130_pitch-010_roll+000,130.0,-10.0,0.0,0.02055376,01,unlabeled,unlabeled,1,1,1,YES
yaw130_pitch-015_roll+000,130.0,-15.0,0.0,0.02009877,01,unlabeled,unlabeled,1,1,1,YES
yaw130_pitch-020_roll+000,130.0,-20.0,0.0,0.01974430,01,unlabeled,unlabeled,1,1,1,YES
yaw130_pitch-025_roll+000,130.0,-25.0,0.0,0.01939760,01,unlabeled,unlabeled,1,1,1,YES
yaw130_pitch-030_roll+000,130.0,-30.0,0.0,0.01913876,01,unlabeled,unlabeled,1,1,1,YES
yaw130_pitch-035_roll+000,130.0,-35.0,0.0,0.01886633,01,unlabeled,unlabeled,1,1,1,YES
yaw130_pitch-040_roll+000,130.0,-40.0,0.0,0.01847043,01,unlabeled,unlabeled,1,1,1,YES
yaw130_pitch-045_roll+000,130.0,-45.0,0.0,0.01807368,01,unlabeled,unlabeled,1,1,1,YES
yaw130_pitch-050_roll+000,130.0,-50.0,0.0,0.01796267,01,unlabeled,unlabeled,1,1,1,YES
yaw130_pitch-055_roll+000,130.0,-55.0,0.0,0.01788757,01,unlabeled,unlabeled,1,1,1,YES
yaw130_pitch-060_roll+000,130.0,-60.0,0.0,0.01761368,01,unlabeled,unlabeled,1,1,1,YES
yaw130_pitch-065_roll+000,130.0,-65.0,0.0,0.01837881,01,unlabeled,unlabeled,1,1,1,YES
yaw130_pitch-070_roll+000,130.0,-70.0,0.0,0.02079278,01,unlabeled,unlabeled,1,1,1,YES
yaw130_pitch-075_roll+000,130.0,-75.0,0.0,0.02305111,01,unlabeled,unlabeled,1,1,1,YES
yaw130_pitch-080_roll+000,130.0,-80.0,0.0,0.02297100,01,unlabeled,unlabeled,1,1,1,YES
yaw130_pitch-085_roll+000,130.0,-85.0,0.0,0.02143246,01,unlabeled,unlabeled,1,1,1,YES
yaw130_pitch-090_roll+000,130.0,-90.0,0.0,0.01928571,01,unlabeled,unlabeled,1,1,1,YES
yaw135_pitch+000_roll+000,135.0,0.0,0.0,0.02653479,01,unlabeled,unlabeled,1,1,1,YES
yaw135_pitch+005_roll+000,135.0,5.0,0.0,0.03672499,01,unlabeled,unlabeled,1,1,1,YES
yaw135_pitch+010_roll+000,135.0,10.0,0.0,0.04885736,01,unlabeled,unlabeled,1,1,1,YES
yaw135_pitch+015_roll+000,135.0,15.0,0.0,0.05015079,01,unlabeled,unlabeled,1,1,1,YES
yaw135_pitch+020_roll+000,135.0,20.0,0.0,0.03805799,01,unlabeled,unlabeled,1,1,1,YES
yaw135_pitch+025_roll+000,135.0,25.0,0.0,0.02589765,01,unlabeled,unlabeled,1,1,1,YES
yaw135_pitch+030_roll+000,135.0,30.0,0.0,0.02076144,01,unlabeled,unlabeled,1,1,1,YES
yaw135_pitch+035_roll+000,135.0,35.0,0.0,0.01932951,01,unlabeled,unlabeled,1,1,1,YES
yaw135_pitch+040_roll+000,135.0,40.0,0.0,0.01869205,01,unlabeled,unlabeled,1,1,1,YES
yaw135_pitch+045_roll+000,135.0,45.0,0.0,0.01833462,01,unlabeled,unlabeled,1,1,1,YES
yaw135_pitch+050_roll+000,135.0,50.0,0.0,0.01796543,01,unlabeled,unlabeled,1,1,1,YES
yaw135_pitch+055_roll+000,135.0,55.0,0.0,0.01757754,01,unlabeled,unlabeled,1,1,1,YES
yaw135_pitch+060_roll+000,135.0,60.0,0.0,0.01733421,01,unlabeled,unlabeled,1,1,1,YES
yaw135_pitch+065_roll+000,135.0,65.0,0.0,0.01746197,01,unlabeled,unlabeled,1,1,1,YES
yaw135_pitch+070_roll+000,135.0,70.0,0.0,0.01764499,01,unlabeled,unlabeled,1,1,1,YES
yaw135_pitch+075_roll+000,135.0,75.0,0.0,0.01842085,01,unlabeled,unlabeled,1,1,1,YES
yaw135_pitch+080_roll+000,135.0,80.0,0.0,0.02017069,01,unlabeled,unlabeled,1,1,1,YES
yaw135_pitch+085_roll+000,135.0,85.0,0.0,0.02332780,01,unlabeled,unlabeled,1,1,1,YES
yaw135_pitch+090_roll+000,135.0,90.0,0.0,0.02915748,01,unlabeled,unlabeled,1,1,1,YES
yaw135_pitch-005_roll+000,135.0,-5.0,0.0,0.02321735,01,unlabeled,unlabeled,1,1,1,YES
yaw135_pitch-010_roll+000,135.0,-10.0,0.0,0.02196348,01,unlabeled,unlabeled,1,1,1,YES
yaw135_pitch-015_roll+000,135.0,-15.0,0.0,0.02156706,01,unlabeled,unlabeled,1,1,1,YES
yaw135_pitch-020_roll+000,135.0,-20.0,0.0,0.02111398,01,unlabeled,unlabeled,1,1,1,YES
yaw135_pitch-025_roll+000,135.0,-25.0,0.0,0.02092893,01,unlabeled,unlabeled,1,1,1,YES
yaw135_pitch-030_roll+000,135.0,-30.0,0.0,0.02050632,01,unlabeled,unlabeled,1,1,1,YES
yaw135_pitch-035_roll+000,135.0,-35.0,0.0,0.02024223,01,unlabeled,unlabeled,1,1,1,YES
yaw135_pitch-040_roll+000,135.0,-40.0,0.0,0.01973601,01,unlabeled,unlabeled,1,1,1,YES
yaw135_pitch-045_roll+000,135.0,-45.0,0.0,0.01939683,01,unlabeled,unlabeled,1,1,1,YES
yaw135_pitch-050_roll+000,135.0,-50.0,0.0,0.01960371,01,unlabeled,unlabeled,1,1,1,YES
yaw135_pitch-055_roll+000,135.0,-55.0,0.0,0.01911863,01,unlabeled,unlabeled,1,1,1,YES
yaw135_pitch-060_roll+000,135.0,-60.0,0.0,0.01956587,01,unlabeled,unlabeled,1,1,1,YES
yaw135_pitch-065_roll+000,135.0,-65.0,0.0,0.02340322,01,unlabeled,unlabeled,1,1,1,YES
yaw135_pitch-070_roll+000,135.0,-70.0,0.0,0.03271731,01,unlabeled,unlabeled,1,1,1,YES
yaw135_pitch-075_roll+000,135.0,-75.0,0.0,0.04394856,01,unlabeled,unlabeled,1,1,1,YES
yaw135_pitch-080_roll+000,135.0,-80.0,0.0,0.04380027,01,unlabeled,unlabeled,1,1,1,YES
yaw135_pitch-085_roll+000,135.0,-85.0,0.0,0.03285454,01,unlabeled,unlabeled,1,1,1,YES
yaw135_pitch-090_roll+000,135.0,-90.0,0.0,0.02344705,01,unlabeled,unlabeled,1,1,1,YES
yaw140_pitch+000_roll+000,140.0,0.0,0.0,0.03711524,01,unlabeled,unlabeled,1,1,1,YES
yaw140_pitch+005_roll+000,140.0,5.0,0.0,0.06769237,01,R4_bright_robust,bright/robust-easy,1,1,1,YES
yaw140_pitch+010_roll+000,140.0,10.0,0.0,0.10699173,01,R4_bright_robust,bright/robust-easy,1,1,1,YES
yaw140_pitch+015_roll+000,140.0,15.0,0.0,0.10820001,01,R4_bright_robust,bright/robust-easy,1,1,1,YES
yaw140_pitch+020_roll+000,140.0,20.0,0.0,0.07038142,01,R4_bright_robust,bright/robust-easy,1,1,1,YES
yaw140_pitch+025_roll+000,140.0,25.0,0.0,0.03607429,01,R4_bright_robust,bright/robust-easy,1,1,1,YES
yaw140_pitch+030_roll+000,140.0,30.0,0.0,0.02281338,01,unlabeled,unlabeled,1,1,1,YES
yaw140_pitch+035_roll+000,140.0,35.0,0.0,0.02021965,01,unlabeled,unlabeled,1,1,1,YES
yaw140_pitch+040_roll+000,140.0,40.0,0.0,0.01958421,01,unlabeled,unlabeled,1,1,1,YES
yaw140_pitch+045_roll+000,140.0,45.0,0.0,0.01921178,01,unlabeled,unlabeled,1,1,1,YES
yaw140_pitch+050_roll+000,140.0,50.0,0.0,0.01876985,01,unlabeled,unlabeled,1,1,1,YES
yaw140_pitch+055_roll+000,140.0,55.0,0.0,0.01844045,01,unlabeled,unlabeled,1,1,1,YES
yaw140_pitch+060_roll+000,140.0,60.0,0.0,0.01811997,01,unlabeled,unlabeled,1,1,1,YES
yaw140_pitch+065_roll+000,140.0,65.0,0.0,0.01817425,01,unlabeled,unlabeled,1,1,1,YES
yaw140_pitch+070_roll+000,140.0,70.0,0.0,0.01869254,01,unlabeled,unlabeled,1,1,1,YES
yaw140_pitch+075_roll+000,140.0,75.0,0.0,0.01988440,01,unlabeled,unlabeled,1,1,1,YES
yaw140_pitch+080_roll+000,140.0,80.0,0.0,0.02229345,01,unlabeled,unlabeled,1,1,1,YES
yaw140_pitch+085_roll+000,140.0,85.0,0.0,0.02721760,01,unlabeled,unlabeled,1,1,1,YES
yaw140_pitch+090_roll+000,140.0,90.0,0.0,0.03525336,01,unlabeled,unlabeled,1,1,1,YES
yaw140_pitch-005_roll+000,140.0,-5.0,0.0,0.02563903,01,unlabeled,unlabeled,1,1,1,YES
yaw140_pitch-010_roll+000,140.0,-10.0,0.0,0.02373922,01,unlabeled,unlabeled,1,1,1,YES
yaw140_pitch-015_roll+000,140.0,-15.0,0.0,0.02333105,01,unlabeled,unlabeled,1,1,1,YES
yaw140_pitch-020_roll+000,140.0,-20.0,0.0,0.02308373,01,unlabeled,unlabeled,1,1,1,YES
yaw140_pitch-025_roll+000,140.0,-25.0,0.0,0.02237095,01,unlabeled,unlabeled,1,1,1,YES
yaw140_pitch-030_roll+000,140.0,-30.0,0.0,0.02166821,01,unlabeled,unlabeled,1,1,1,YES
yaw140_pitch-035_roll+000,140.0,-35.0,0.0,0.02114597,01,unlabeled,unlabeled,1,1,1,YES
yaw140_pitch-040_roll+000,140.0,-40.0,0.0,0.02086779,01,unlabeled,unlabeled,1,1,1,YES
yaw140_pitch-045_roll+000,140.0,-45.0,0.0,0.02130105,01,unlabeled,unlabeled,1,1,1,YES
yaw140_pitch-050_roll+000,140.0,-50.0,0.0,0.02177818,01,unlabeled,unlabeled,1,1,1,YES
yaw140_pitch-055_roll+000,140.0,-55.0,0.0,0.02171718,01,unlabeled,unlabeled,1,1,1,YES
yaw140_pitch-060_roll+000,140.0,-60.0,0.0,0.02260003,01,unlabeled,unlabeled,1,1,1,YES
yaw140_pitch-065_roll+000,140.0,-65.0,0.0,0.03266381,01,unlabeled,unlabeled,1,1,1,YES
yaw140_pitch-070_roll+000,140.0,-70.0,0.0,0.06254858,01,unlabeled,unlabeled,1,1,1,YES
yaw140_pitch-075_roll+000,140.0,-75.0,0.0,0.09843568,01,unlabeled,unlabeled,1,1,1,YES
yaw140_pitch-080_roll+000,140.0,-80.0,0.0,0.09882652,01,unlabeled,unlabeled,1,1,1,YES
yaw140_pitch-085_roll+000,140.0,-85.0,0.0,0.06340437,01,unlabeled,unlabeled,1,1,1,YES
yaw140_pitch-090_roll+000,140.0,-90.0,0.0,0.03194256,01,unlabeled,unlabeled,1,1,1,YES
yaw145_pitch+000_roll+000,145.0,0.0,0.0,0.04736529,01,unlabeled,unlabeled,1,1,1,YES
yaw145_pitch+005_roll+000,145.0,5.0,0.0,0.10348590,01,R4_bright_robust,bright/robust-easy,1,1,1,YES
yaw145_pitch+010_roll+000,145.0,10.0,0.0,0.17356889,01,R4_bright_info_boundary,bright/robust-easy + info-boundary,1,1,1,YES
yaw145_pitch+015_roll+000,145.0,15.0,0.0,0.17788063,01,R4_bright_info_boundary,bright/robust-easy + info-boundary,1,1,1,YES
yaw145_pitch+020_roll+000,145.0,20.0,0.0,0.10689970,01,R4_bright_info_boundary,bright/robust-easy + info-boundary,1,1,1,YES
yaw145_pitch+025_roll+000,145.0,25.0,0.0,0.04716163,01,R4_bright_info_boundary,bright/robust-easy + info-boundary,1,1,1,YES
yaw145_pitch+030_roll+000,145.0,30.0,0.0,0.02486905,01,unlabeled,unlabeled,1,1,1,YES
yaw145_pitch+035_roll+000,145.0,35.0,0.0,0.02084906,01,unlabeled,unlabeled,1,1,1,YES
yaw145_pitch+040_roll+000,145.0,40.0,0.0,0.02012367,01,unlabeled,unlabeled,1,1,1,YES
yaw145_pitch+045_roll+000,145.0,45.0,0.0,0.01977167,01,unlabeled,unlabeled,1,1,1,YES
yaw145_pitch+050_roll+000,145.0,50.0,0.0,0.01929458,01,unlabeled,unlabeled,1,1,1,YES
yaw145_pitch+055_roll+000,145.0,55.0,0.0,0.01885665,01,unlabeled,unlabeled,1,1,1,YES
yaw145_pitch+060_roll+000,145.0,60.0,0.0,0.01869505,01,unlabeled,unlabeled,1,1,1,YES
yaw145_pitch+065_roll+000,145.0,65.0,0.0,0.01868499,01,unlabeled,unlabeled,1,1,1,YES
yaw145_pitch+070_roll+000,145.0,70.0,0.0,0.01944483,01,unlabeled,unlabeled,1,1,1,YES
yaw145_pitch+075_roll+000,145.0,75.0,0.0,0.02070021,01,unlabeled,unlabeled,1,1,1,YES
yaw145_pitch+080_roll+000,145.0,80.0,0.0,0.02365882,01,unlabeled,unlabeled,1,1,1,YES
yaw145_pitch+085_roll+000,145.0,85.0,0.0,0.02972278,01,unlabeled,unlabeled,1,1,1,YES
yaw145_pitch+090_roll+000,145.0,90.0,0.0,0.04019040,01,unlabeled,unlabeled,1,1,1,YES
yaw145_pitch-005_roll+000,145.0,-5.0,0.0,0.02779658,01,unlabeled,unlabeled,1,1,1,YES
yaw145_pitch-010_roll+000,145.0,-10.0,0.0,0.02474700,01,unlabeled,unlabeled,1,1,1,YES
yaw145_pitch-015_roll+000,145.0,-15.0,0.0,0.02493238,01,unlabeled,unlabeled,1,1,1,YES
yaw145_pitch-020_roll+000,145.0,-20.0,0.0,0.02407812,01,unlabeled,unlabeled,1,1,1,YES
yaw145_pitch-025_roll+000,145.0,-25.0,0.0,0.02327564,01,unlabeled,unlabeled,1,1,1,YES
yaw145_pitch-030_roll+000,145.0,-30.0,0.0,0.02220669,01,unlabeled,unlabeled,1,1,1,YES
yaw145_pitch-035_roll+000,145.0,-35.0,0.0,0.02184400,01,unlabeled,unlabeled,1,1,1,YES
yaw145_pitch-040_roll+000,145.0,-40.0,0.0,0.02184705,01,unlabeled,unlabeled,1,1,1,YES
yaw145_pitch-045_roll+000,145.0,-45.0,0.0,0.02273932,01,unlabeled,unlabeled,1,1,1,YES
yaw145_pitch-050_roll+000,145.0,-50.0,0.0,0.02385633,01,unlabeled,unlabeled,1,1,1,YES
yaw145_pitch-055_roll+000,145.0,-55.0,0.0,0.02377862,01,unlabeled,unlabeled,1,1,1,YES
yaw145_pitch-060_roll+000,145.0,-60.0,0.0,0.02564200,01,unlabeled,unlabeled,1,1,1,YES
yaw145_pitch-065_roll+000,145.0,-65.0,0.0,0.04254775,01,unlabeled,unlabeled,1,1,1,YES
yaw145_pitch-070_roll+000,145.0,-70.0,0.0,0.09720845,01,unlabeled,unlabeled,1,1,1,YES
yaw145_pitch-075_roll+000,145.0,-75.0,0.0,0.16337191,01,unlabeled,unlabeled,1,1,1,YES
yaw145_pitch-080_roll+000,145.0,-80.0,0.0,0.16158542,01,unlabeled,unlabeled,1,1,1,YES
yaw145_pitch-085_roll+000,145.0,-85.0,0.0,0.09676858,01,unlabeled,unlabeled,1,1,1,YES
yaw145_pitch-090_roll+000,145.0,-90.0,0.0,0.04275179,01,unlabeled,unlabeled,1,1,1,YES
yaw150_pitch+000_roll+000,150.0,0.0,0.0,0.04597004,01,unlabeled,unlabeled,1,1,1,YES
yaw150_pitch+005_roll+000,150.0,5.0,0.0,0.10296853,01,R4_bright_robust,bright/robust-easy,1,1,1,YES
yaw150_pitch+010_roll+000,150.0,10.0,0.0,0.17495170,01,R4_bright_info_boundary,bright/robust-easy + info-boundary,1,1,1,YES
yaw150_pitch+015_roll+000,150.0,15.0,0.0,0.17741257,01,R4_bright_info_boundary,bright/robust-easy + info-boundary,1,1,1,YES
yaw150_pitch+020_roll+000,150.0,20.0,0.0,0.10815077,01,R4_bright_info_boundary,bright/robust-easy + info-boundary,1,1,1,YES
yaw150_pitch+025_roll+000,150.0,25.0,0.0,0.04763879,01,R4_bright_info_boundary,bright/robust-easy + info-boundary,1,1,1,YES
yaw150_pitch+030_roll+000,150.0,30.0,0.0,0.02513195,01,unlabeled,unlabeled,1,1,1,YES
yaw150_pitch+035_roll+000,150.0,35.0,0.0,0.02105446,01,unlabeled,unlabeled,1,1,1,YES
yaw150_pitch+040_roll+000,150.0,40.0,0.0,0.02012413,01,unlabeled,unlabeled,1,1,1,YES
yaw150_pitch+045_roll+000,150.0,45.0,0.0,0.01976264,01,unlabeled,unlabeled,1,1,1,YES
yaw150_pitch+050_roll+000,150.0,50.0,0.0,0.01934655,01,unlabeled,unlabeled,1,1,1,YES
yaw150_pitch+055_roll+000,150.0,55.0,0.0,0.01893548,01,unlabeled,unlabeled,1,1,1,YES
yaw150_pitch+060_roll+000,150.0,60.0,0.0,0.01877483,01,unlabeled,unlabeled,1,1,1,YES
yaw150_pitch+065_roll+000,150.0,65.0,0.0,0.01911439,01,unlabeled,unlabeled,1,1,1,YES
yaw150_pitch+070_roll+000,150.0,70.0,0.0,0.01936143,01,unlabeled,unlabeled,1,1,1,YES
yaw150_pitch+075_roll+000,150.0,75.0,0.0,0.02078373,01,unlabeled,unlabeled,1,1,1,YES
yaw150_pitch+080_roll+000,150.0,80.0,0.0,0.02395940,01,unlabeled,unlabeled,1,1,1,YES
yaw150_pitch+085_roll+000,150.0,85.0,0.0,0.03008430,01,unlabeled,unlabeled,1,1,1,YES
yaw150_pitch+090_roll+000,150.0,90.0,0.0,0.04008618,01,unlabeled,unlabeled,1,1,1,YES
yaw150_pitch-005_roll+000,150.0,-5.0,0.0,0.02755520,01,unlabeled,unlabeled,1,1,1,YES
yaw150_pitch-010_roll+000,150.0,-10.0,0.0,0.02505099,01,unlabeled,unlabeled,1,1,1,YES
yaw150_pitch-015_roll+000,150.0,-15.0,0.0,0.02484831,01,unlabeled,unlabeled,1,1,1,YES
yaw150_pitch-020_roll+000,150.0,-20.0,0.0,0.02488740,01,unlabeled,unlabeled,1,1,1,YES
yaw150_pitch-025_roll+000,150.0,-25.0,0.0,0.02415270,01,unlabeled,unlabeled,1,1,1,YES
yaw150_pitch-030_roll+000,150.0,-30.0,0.0,0.02245243,01,unlabeled,unlabeled,1,1,1,YES
yaw150_pitch-035_roll+000,150.0,-35.0,0.0,0.02216725,01,unlabeled,unlabeled,1,1,1,YES
yaw150_pitch-040_roll+000,150.0,-40.0,0.0,0.02252682,01,unlabeled,unlabeled,1,1,1,YES
yaw150_pitch-045_roll+000,150.0,-45.0,0.0,0.02367368,01,unlabeled,unlabeled,1,1,1,YES
yaw150_pitch-050_roll+000,150.0,-50.0,0.0,0.02459538,01,unlabeled,unlabeled,1,1,1,YES
yaw150_pitch-055_roll+000,150.0,-55.0,0.0,0.02464250,01,unlabeled,unlabeled,1,1,1,YES
yaw150_pitch-060_roll+000,150.0,-60.0,0.0,0.02683897,01,unlabeled,unlabeled,1,1,1,YES
yaw150_pitch-065_roll+000,150.0,-65.0,0.0,0.04442050,01,unlabeled,unlabeled,1,1,1,YES
yaw150_pitch-070_roll+000,150.0,-70.0,0.0,0.09991799,01,unlabeled,unlabeled,1,1,1,YES
yaw150_pitch-075_roll+000,150.0,-75.0,0.0,0.16470213,01,unlabeled,unlabeled,1,1,1,YES
yaw150_pitch-080_roll+000,150.0,-80.0,0.0,0.16327443,01,unlabeled,unlabeled,1,1,1,YES
yaw150_pitch-085_roll+000,150.0,-85.0,0.0,0.09815601,01,unlabeled,unlabeled,1,1,1,YES
yaw150_pitch-090_roll+000,150.0,-90.0,0.0,0.04295246,01,unlabeled,unlabeled,1,1,1,YES
yaw155_pitch+000_roll+000,155.0,0.0,0.0,0.03496585,01,unlabeled,unlabeled,1,1,1,YES
yaw155_pitch+005_roll+000,155.0,5.0,0.0,0.06649338,01,R4_bright_robust,bright/robust-easy,1,1,1,YES
yaw155_pitch+010_roll+000,155.0,10.0,0.0,0.10743143,01,R4_bright_info_boundary,bright/robust-easy + info-boundary,1,1,1,YES
yaw155_pitch+015_roll+000,155.0,15.0,0.0,0.11083412,01,R4_bright_info_boundary,bright/robust-easy + info-boundary,1,1,1,YES
yaw155_pitch+020_roll+000,155.0,20.0,0.0,0.07199395,01,R4_bright_info_boundary,bright/robust-easy + info-boundary,1,1,1,YES
yaw155_pitch+025_roll+000,155.0,25.0,0.0,0.03697536,01,R4_bright_info_boundary,bright/robust-easy + info-boundary,1,1,1,YES
yaw155_pitch+030_roll+000,155.0,30.0,0.0,0.02367011,01,unlabeled,unlabeled,1,1,1,YES
yaw155_pitch+035_roll+000,155.0,35.0,0.0,0.02075139,01,unlabeled,unlabeled,1,1,1,YES
yaw155_pitch+040_roll+000,155.0,40.0,0.0,0.01980949,01,unlabeled,unlabeled,1,1,1,YES
yaw155_pitch+045_roll+000,155.0,45.0,0.0,0.01954647,01,unlabeled,unlabeled,1,1,1,YES
yaw155_pitch+050_roll+000,155.0,50.0,0.0,0.01904274,01,unlabeled,unlabeled,1,1,1,YES
yaw155_pitch+055_roll+000,155.0,55.0,0.0,0.01902894,01,unlabeled,unlabeled,1,1,1,YES
yaw155_pitch+060_roll+000,155.0,60.0,0.0,0.01879765,01,unlabeled,unlabeled,1,1,1,YES
yaw155_pitch+065_roll+000,155.0,65.0,0.0,0.01870719,01,unlabeled,unlabeled,1,1,1,YES
yaw155_pitch+070_roll+000,155.0,70.0,0.0,0.01898187,01,unlabeled,unlabeled,1,1,1,YES
yaw155_pitch+075_roll+000,155.0,75.0,0.0,0.02009758,01,unlabeled,unlabeled,1,1,1,YES
yaw155_pitch+080_roll+000,155.0,80.0,0.0,0.02306304,01,unlabeled,unlabeled,1,1,1,YES
yaw155_pitch+085_roll+000,155.0,85.0,0.0,0.02814230,01,unlabeled,unlabeled,1,1,1,YES
yaw155_pitch+090_roll+000,155.0,90.0,0.0,0.03586966,01,unlabeled,unlabeled,1,1,1,YES
yaw155_pitch-005_roll+000,155.0,-5.0,0.0,0.02515630,01,unlabeled,unlabeled,1,1,1,YES
yaw155_pitch-010_roll+000,155.0,-10.0,0.0,0.02392041,01,unlabeled,unlabeled,1,1,1,YES
yaw155_pitch-015_roll+000,155.0,-15.0,0.0,0.02428480,01,unlabeled,unlabeled,1,1,1,YES
yaw155_pitch-020_roll+000,155.0,-20.0,0.0,0.02386451,01,unlabeled,unlabeled,1,1,1,YES
yaw155_pitch-025_roll+000,155.0,-25.0,0.0,0.02289338,01,unlabeled,unlabeled,1,1,1,YES
yaw155_pitch-030_roll+000,155.0,-30.0,0.0,0.02189624,01,unlabeled,unlabeled,1,1,1,YES
yaw155_pitch-035_roll+000,155.0,-35.0,0.0,0.02155579,01,unlabeled,unlabeled,1,1,1,YES
yaw155_pitch-040_roll+000,155.0,-40.0,0.0,0.02160870,01,unlabeled,unlabeled,1,1,1,YES
yaw155_pitch-045_roll+000,155.0,-45.0,0.0,0.02234898,01,unlabeled,unlabeled,1,1,1,YES
yaw155_pitch-050_roll+000,155.0,-50.0,0.0,0.02385517,01,unlabeled,unlabeled,1,1,1,YES
yaw155_pitch-055_roll+000,155.0,-55.0,0.0,0.02365296,01,unlabeled,unlabeled,1,1,1,YES
yaw155_pitch-060_roll+000,155.0,-60.0,0.0,0.02477312,01,unlabeled,unlabeled,1,1,1,YES
yaw155_pitch-065_roll+000,155.0,-65.0,0.0,0.03494071,01,unlabeled,unlabeled,1,1,1,YES
yaw155_pitch-070_roll+000,155.0,-70.0,0.0,0.06733038,01,unlabeled,unlabeled,1,1,1,YES
yaw155_pitch-075_roll+000,155.0,-75.0,0.0,0.10534130,01,unlabeled,unlabeled,1,1,1,YES
yaw155_pitch-080_roll+000,155.0,-80.0,0.0,0.10372780,01,unlabeled,unlabeled,1,1,1,YES
yaw155_pitch-085_roll+000,155.0,-85.0,0.0,0.06530967,01,unlabeled,unlabeled,1,1,1,YES
yaw155_pitch-090_roll+000,155.0,-90.0,0.0,0.03281059,01,unlabeled,unlabeled,1,1,1,YES
yaw160_pitch+000_roll+000,160.0,0.0,0.0,0.02600569,01,unlabeled,unlabeled,1,1,1,YES
yaw160_pitch+005_roll+000,160.0,5.0,0.0,0.03571539,01,R4_bright_robust,bright/robust-easy,1,1,1,YES
yaw160_pitch+010_roll+000,160.0,10.0,0.0,0.04871211,01,R4_bright_info_boundary,bright/robust-easy + info-boundary,1,1,1,YES
yaw160_pitch+015_roll+000,160.0,15.0,0.0,0.05048418,01,R4_bright_info_boundary,bright/robust-easy + info-boundary,1,1,1,YES
yaw160_pitch+020_roll+000,160.0,20.0,0.0,0.03863843,01,R4_bright_info_boundary,bright/robust-easy + info-boundary,1,1,1,YES
yaw160_pitch+025_roll+000,160.0,25.0,0.0,0.02682769,01,R4_bright_info_boundary,bright/robust-easy + info-boundary,1,1,1,YES
yaw160_pitch+030_roll+000,160.0,30.0,0.0,0.02148557,01,unlabeled,unlabeled,1,1,1,YES
yaw160_pitch+035_roll+000,160.0,35.0,0.0,0.01992330,01,unlabeled,unlabeled,1,1,1,YES
yaw160_pitch+040_roll+000,160.0,40.0,0.0,0.01919764,01,unlabeled,unlabeled,1,1,1,YES
yaw160_pitch+045_roll+000,160.0,45.0,0.0,0.01873943,01,unlabeled,unlabeled,1,1,1,YES
yaw160_pitch+050_roll+000,160.0,50.0,0.0,0.01844636,01,unlabeled,unlabeled,1,1,1,YES
yaw160_pitch+055_roll+000,160.0,55.0,0.0,0.01830653,01,unlabeled,unlabeled,1,1,1,YES
yaw160_pitch+060_roll+000,160.0,60.0,0.0,0.01823159,01,unlabeled,unlabeled,1,1,1,YES
yaw160_pitch+065_roll+000,160.0,65.0,0.0,0.01806709,01,unlabeled,unlabeled,1,1,1,YES
yaw160_pitch+070_roll+000,160.0,70.0,0.0,0.01824511,01,unlabeled,unlabeled,1,1,1,YES
yaw160_pitch+075_roll+000,160.0,75.0,0.0,0.01917223,01,unlabeled,unlabeled,1,1,1,YES
yaw160_pitch+080_roll+000,160.0,80.0,0.0,0.02117756,01,unlabeled,unlabeled,1,1,1,YES
yaw160_pitch+085_roll+000,160.0,85.0,0.0,0.02503346,01,unlabeled,unlabeled,1,1,1,YES
yaw160_pitch+090_roll+000,160.0,90.0,0.0,0.03009325,01,unlabeled,unlabeled,1,1,1,YES
yaw160_pitch-005_roll+000,160.0,-5.0,0.0,0.02295537,01,unlabeled,unlabeled,1,1,1,YES
yaw160_pitch-010_roll+000,160.0,-10.0,0.0,0.02210831,01,unlabeled,unlabeled,1,1,1,YES
yaw160_pitch-015_roll+000,160.0,-15.0,0.0,0.02238805,01,unlabeled,unlabeled,1,1,1,YES
yaw160_pitch-020_roll+000,160.0,-20.0,0.0,0.02244540,01,unlabeled,unlabeled,1,1,1,YES
yaw160_pitch-025_roll+000,160.0,-25.0,0.0,0.02193516,01,unlabeled,unlabeled,1,1,1,YES
yaw160_pitch-030_roll+000,160.0,-30.0,0.0,0.02135722,01,unlabeled,unlabeled,1,1,1,YES
yaw160_pitch-035_roll+000,160.0,-35.0,0.0,0.02074134,01,unlabeled,unlabeled,1,1,1,YES
yaw160_pitch-040_roll+000,160.0,-40.0,0.0,0.02096739,01,unlabeled,unlabeled,1,1,1,YES
yaw160_pitch-045_roll+000,160.0,-45.0,0.0,0.02116575,01,unlabeled,unlabeled,1,1,1,YES
yaw160_pitch-050_roll+000,160.0,-50.0,0.0,0.02145942,01,unlabeled,unlabeled,1,1,1,YES
yaw160_pitch-055_roll+000,160.0,-55.0,0.0,0.02178465,01,unlabeled,unlabeled,1,1,1,YES
yaw160_pitch-060_roll+000,160.0,-60.0,0.0,0.02210437,01,unlabeled,unlabeled,1,1,1,YES
yaw160_pitch-065_roll+000,160.0,-65.0,0.0,0.02525328,01,unlabeled,unlabeled,1,1,1,YES
yaw160_pitch-070_roll+000,160.0,-70.0,0.0,0.03554232,01,unlabeled,unlabeled,1,1,1,YES
yaw160_pitch-075_roll+000,160.0,-75.0,0.0,0.04723794,01,unlabeled,unlabeled,1,1,1,YES
yaw160_pitch-080_roll+000,160.0,-80.0,0.0,0.04724204,01,unlabeled,unlabeled,1,1,1,YES
yaw160_pitch-085_roll+000,160.0,-85.0,0.0,0.03548988,01,unlabeled,unlabeled,1,1,1,YES
yaw160_pitch-090_roll+000,160.0,-90.0,0.0,0.02589260,01,unlabeled,unlabeled,1,1,1,YES
yaw165_pitch+000_roll+000,165.0,0.0,0.0,0.02206983,01,unlabeled,unlabeled,1,1,1,YES
yaw165_pitch+005_roll+000,165.0,5.0,0.0,0.02419877,01,unlabeled,unlabeled,1,1,1,YES
yaw165_pitch+010_roll+000,165.0,10.0,0.0,0.02690768,01,unlabeled,unlabeled,1,1,1,YES
yaw165_pitch+015_roll+000,165.0,15.0,0.0,0.02782479,01,unlabeled,unlabeled,1,1,1,YES
yaw165_pitch+020_roll+000,165.0,20.0,0.0,0.02523650,01,unlabeled,unlabeled,1,1,1,YES
yaw165_pitch+025_roll+000,165.0,25.0,0.0,0.02176672,01,unlabeled,unlabeled,1,1,1,YES
yaw165_pitch+030_roll+000,165.0,30.0,0.0,0.01987904,01,unlabeled,unlabeled,1,1,1,YES
yaw165_pitch+035_roll+000,165.0,35.0,0.0,0.01894177,01,unlabeled,unlabeled,1,1,1,YES
yaw165_pitch+040_roll+000,165.0,40.0,0.0,0.01828010,01,unlabeled,unlabeled,1,1,1,YES
yaw165_pitch+045_roll+000,165.0,45.0,0.0,0.01786172,01,unlabeled,unlabeled,1,1,1,YES
yaw165_pitch+050_roll+000,165.0,50.0,0.0,0.01750654,01,unlabeled,unlabeled,1,1,1,YES
yaw165_pitch+055_roll+000,165.0,55.0,0.0,0.01769952,01,unlabeled,unlabeled,1,1,1,YES
yaw165_pitch+060_roll+000,165.0,60.0,0.0,0.01734502,01,unlabeled,unlabeled,1,1,1,YES
yaw165_pitch+065_roll+000,165.0,65.0,0.0,0.01726665,01,unlabeled,unlabeled,1,1,1,YES
yaw165_pitch+070_roll+000,165.0,70.0,0.0,0.01747037,01,unlabeled,unlabeled,1,1,1,YES
yaw165_pitch+075_roll+000,165.0,75.0,0.0,0.01778617,01,unlabeled,unlabeled,1,1,1,YES
yaw165_pitch+080_roll+000,165.0,80.0,0.0,0.01911583,01,unlabeled,unlabeled,1,1,1,YES
yaw165_pitch+085_roll+000,165.0,85.0,0.0,0.02155171,01,unlabeled,unlabeled,1,1,1,YES
yaw165_pitch+090_roll+000,165.0,90.0,0.0,0.02501403,01,unlabeled,unlabeled,1,1,1,YES
yaw165_pitch-005_roll+000,165.0,-5.0,0.0,0.02122256,01,unlabeled,unlabeled,1,1,1,YES
yaw165_pitch-010_roll+000,165.0,-10.0,0.0,0.02106527,01,unlabeled,unlabeled,1,1,1,YES
yaw165_pitch-015_roll+000,165.0,-15.0,0.0,0.02121351,01,unlabeled,unlabeled,1,1,1,YES
yaw165_pitch-020_roll+000,165.0,-20.0,0.0,0.02085778,01,unlabeled,unlabeled,1,1,1,YES
yaw165_pitch-025_roll+000,165.0,-25.0,0.0,0.02050792,01,unlabeled,unlabeled,1,1,1,YES
yaw165_pitch-030_roll+000,165.0,-30.0,0.0,0.02018409,01,unlabeled,unlabeled,1,1,1,YES
yaw165_pitch-035_roll+000,165.0,-35.0,0.0,0.02021687,01,unlabeled,unlabeled,1,1,1,YES
yaw165_pitch-040_roll+000,165.0,-40.0,0.0,0.02007699,01,unlabeled,unlabeled,1,1,1,YES
yaw165_pitch-045_roll+000,165.0,-45.0,0.0,0.01994865,01,unlabeled,unlabeled,1,1,1,YES
yaw165_pitch-050_roll+000,165.0,-50.0,0.0,0.02024178,01,unlabeled,unlabeled,1,1,1,YES
yaw165_pitch-055_roll+000,165.0,-55.0,0.0,0.01994000,01,unlabeled,unlabeled,1,1,1,YES
yaw165_pitch-060_roll+000,165.0,-60.0,0.0,0.02027491,01,unlabeled,unlabeled,1,1,1,YES
yaw165_pitch-065_roll+000,165.0,-65.0,0.0,0.02115359,01,unlabeled,unlabeled,1,1,1,YES
yaw165_pitch-070_roll+000,165.0,-70.0,0.0,0.02328656,01,unlabeled,unlabeled,1,1,1,YES
yaw165_pitch-075_roll+000,165.0,-75.0,0.0,0.02595922,01,unlabeled,unlabeled,1,1,1,YES
yaw165_pitch-080_roll+000,165.0,-80.0,0.0,0.02583170,01,unlabeled,unlabeled,1,1,1,YES
yaw165_pitch-085_roll+000,165.0,-85.0,0.0,0.02330880,01,unlabeled,unlabeled,1,1,1,YES
yaw165_pitch-090_roll+000,165.0,-90.0,0.0,0.02138369,01,unlabeled,unlabeled,1,1,1,YES
yaw170_pitch+000_roll+000,170.0,0.0,0.0,0.01978737,01,unlabeled,unlabeled,1,1,1,YES
yaw170_pitch+005_roll+000,170.0,5.0,0.0,0.02039139,01,unlabeled,unlabeled,1,1,1,YES
yaw170_pitch+010_roll+000,170.0,10.0,0.0,0.02161196,01,unlabeled,unlabeled,1,1,1,YES
yaw170_pitch+015_roll+000,170.0,15.0,0.0,0.02211779,01,unlabeled,unlabeled,1,1,1,YES
yaw170_pitch+020_roll+000,170.0,20.0,0.0,0.02135942,01,unlabeled,unlabeled,1,1,1,YES
yaw170_pitch+025_roll+000,170.0,25.0,0.0,0.01985451,01,unlabeled,unlabeled,1,1,1,YES
yaw170_pitch+030_roll+000,170.0,30.0,0.0,0.01835031,01,unlabeled,unlabeled,1,1,1,YES
yaw170_pitch+035_roll+000,170.0,35.0,0.0,0.01724556,01,unlabeled,unlabeled,1,1,1,YES
yaw170_pitch+040_roll+000,170.0,40.0,0.0,0.01662313,01,unlabeled,unlabeled,1,1,1,YES
yaw170_pitch+045_roll+000,170.0,45.0,0.0,0.01647080,01,unlabeled,unlabeled,1,1,1,YES
yaw170_pitch+050_roll+000,170.0,50.0,0.0,0.01650870,01,unlabeled,unlabeled,1,1,1,YES
yaw170_pitch+055_roll+000,170.0,55.0,0.0,0.01638518,01,unlabeled,unlabeled,1,1,1,YES
yaw170_pitch+060_roll+000,170.0,60.0,0.0,0.01638370,01,unlabeled,unlabeled,1,1,1,YES
yaw170_pitch+065_roll+000,170.0,65.0,0.0,0.01616451,01,unlabeled,unlabeled,1,1,1,YES
yaw170_pitch+070_roll+000,170.0,70.0,0.0,0.01622383,01,unlabeled,unlabeled,1,1,1,YES
yaw170_pitch+075_roll+000,170.0,75.0,0.0,0.01664569,01,unlabeled,unlabeled,1,1,1,YES
yaw170_pitch+080_roll+000,170.0,80.0,0.0,0.01729868,01,unlabeled,unlabeled,1,1,1,YES
yaw170_pitch+085_roll+000,170.0,85.0,0.0,0.01849043,01,unlabeled,unlabeled,1,1,1,YES
yaw170_pitch+090_roll+000,170.0,90.0,0.0,0.02005690,01,unlabeled,unlabeled,1,1,1,YES
yaw170_pitch-005_roll+000,170.0,-5.0,0.0,0.01945366,01,unlabeled,unlabeled,1,1,1,YES
yaw170_pitch-010_roll+000,170.0,-10.0,0.0,0.01957273,01,unlabeled,unlabeled,1,1,1,YES
yaw170_pitch-015_roll+000,170.0,-15.0,0.0,0.01950514,01,unlabeled,unlabeled,1,1,1,YES
yaw170_pitch-020_roll+000,170.0,-20.0,0.0,0.01935714,01,unlabeled,unlabeled,1,1,1,YES
yaw170_pitch-025_roll+000,170.0,-25.0,0.0,0.01895231,01,unlabeled,unlabeled,1,1,1,YES
yaw170_pitch-030_roll+000,170.0,-30.0,0.0,0.01878291,01,unlabeled,unlabeled,1,1,1,YES
yaw170_pitch-035_roll+000,170.0,-35.0,0.0,0.01861747,01,unlabeled,unlabeled,1,1,1,YES
yaw170_pitch-040_roll+000,170.0,-40.0,0.0,0.01864172,01,unlabeled,unlabeled,1,1,1,YES
yaw170_pitch-045_roll+000,170.0,-45.0,0.0,0.01889750,01,unlabeled,unlabeled,1,1,1,YES
yaw170_pitch-050_roll+000,170.0,-50.0,0.0,0.01898429,01,unlabeled,unlabeled,1,1,1,YES
yaw170_pitch-055_roll+000,170.0,-55.0,0.0,0.01937500,01,unlabeled,unlabeled,1,1,1,YES
yaw170_pitch-060_roll+000,170.0,-60.0,0.0,0.01893520,01,unlabeled,unlabeled,1,1,1,YES
yaw170_pitch-065_roll+000,170.0,-65.0,0.0,0.01914102,01,unlabeled,unlabeled,1,1,1,YES
yaw170_pitch-070_roll+000,170.0,-70.0,0.0,0.01968182,01,unlabeled,unlabeled,1,1,1,YES
yaw170_pitch-075_roll+000,170.0,-75.0,0.0,0.02001422,01,unlabeled,unlabeled,1,1,1,YES
yaw170_pitch-080_roll+000,170.0,-80.0,0.0,0.02062454,01,unlabeled,unlabeled,1,1,1,YES
yaw170_pitch-085_roll+000,170.0,-85.0,0.0,0.01982339,01,unlabeled,unlabeled,1,1,1,YES
yaw170_pitch-090_roll+000,170.0,-90.0,0.0,0.01940890,01,unlabeled,unlabeled,1,1,1,YES
yaw175_pitch+000_roll+000,175.0,0.0,0.0,0.01781854,01,unlabeled,unlabeled,1,1,1,YES
yaw175_pitch+005_roll+000,175.0,5.0,0.0,0.01810580,01,unlabeled,unlabeled,1,1,1,YES
yaw175_pitch+010_roll+000,175.0,10.0,0.0,0.01899532,01,unlabeled,unlabeled,1,1,1,YES
yaw175_pitch+015_roll+000,175.0,15.0,0.0,0.01977806,01,unlabeled,unlabeled,1,1,1,YES
yaw175_pitch+020_roll+000,175.0,20.0,0.0,0.01942436,01,unlabeled,unlabeled,1,1,1,YES
yaw175_pitch+025_roll+000,175.0,25.0,0.0,0.01809316,01,unlabeled,unlabeled,1,1,1,YES
yaw175_pitch+030_roll+000,175.0,30.0,0.0,0.01657454,01,unlabeled,unlabeled,1,1,1,YES
yaw175_pitch+035_roll+000,175.0,35.0,0.0,0.01553183,01,unlabeled,unlabeled,1,1,1,YES
yaw175_pitch+040_roll+000,175.0,40.0,0.0,0.01525720,01,unlabeled,unlabeled,1,1,1,YES
yaw175_pitch+045_roll+000,175.0,45.0,0.0,0.01530173,01,unlabeled,unlabeled,1,1,1,YES
yaw175_pitch+050_roll+000,175.0,50.0,0.0,0.01521616,01,unlabeled,unlabeled,1,1,1,YES
yaw175_pitch+055_roll+000,175.0,55.0,0.0,0.01513333,01,unlabeled,unlabeled,1,1,1,YES
yaw175_pitch+060_roll+000,175.0,60.0,0.0,0.01509635,01,unlabeled,unlabeled,1,1,1,YES
yaw175_pitch+065_roll+000,175.0,65.0,0.0,0.01503096,01,unlabeled,unlabeled,1,1,1,YES
yaw175_pitch+070_roll+000,175.0,70.0,0.0,0.01520332,01,unlabeled,unlabeled,1,1,1,YES
yaw175_pitch+075_roll+000,175.0,75.0,0.0,0.01520163,01,unlabeled,unlabeled,1,1,1,YES
yaw175_pitch+080_roll+000,175.0,80.0,0.0,0.01573933,01,unlabeled,unlabeled,1,1,1,YES
yaw175_pitch+085_roll+000,175.0,85.0,0.0,0.01638598,01,unlabeled,unlabeled,1,1,1,YES
yaw175_pitch+090_roll+000,175.0,90.0,0.0,0.01693244,01,unlabeled,unlabeled,1,1,1,YES
yaw175_pitch-005_roll+000,175.0,-5.0,0.0,0.01766488,01,unlabeled,unlabeled,1,1,1,YES
yaw175_pitch-010_roll+000,175.0,-10.0,0.0,0.01780218,01,unlabeled,unlabeled,1,1,1,YES
yaw175_pitch-015_roll+000,175.0,-15.0,0.0,0.01753621,01,unlabeled,unlabeled,1,1,1,YES
yaw175_pitch-020_roll+000,175.0,-20.0,0.0,0.01740259,01,unlabeled,unlabeled,1,1,1,YES
yaw175_pitch-025_roll+000,175.0,-25.0,0.0,0.01733293,01,unlabeled,unlabeled,1,1,1,YES
yaw175_pitch-030_roll+000,175.0,-30.0,0.0,0.01707019,01,unlabeled,unlabeled,1,1,1,YES
yaw175_pitch-035_roll+000,175.0,-35.0,0.0,0.01720628,01,unlabeled,unlabeled,1,1,1,YES
yaw175_pitch-040_roll+000,175.0,-40.0,0.0,0.01738845,01,unlabeled,unlabeled,1,1,1,YES
yaw175_pitch-045_roll+000,175.0,-45.0,0.0,0.01731721,01,unlabeled,unlabeled,1,1,1,YES
yaw175_pitch-050_roll+000,175.0,-50.0,0.0,0.01762094,01,unlabeled,unlabeled,1,1,1,YES
yaw175_pitch-055_roll+000,175.0,-55.0,0.0,0.01763772,01,unlabeled,unlabeled,1,1,1,YES
yaw175_pitch-060_roll+000,175.0,-60.0,0.0,0.01783940,01,unlabeled,unlabeled,1,1,1,YES
yaw175_pitch-065_roll+000,175.0,-65.0,0.0,0.01878356,01,unlabeled,unlabeled,1,1,1,YES
yaw175_pitch-070_roll+000,175.0,-70.0,0.0,0.01854240,01,unlabeled,unlabeled,1,1,1,YES
yaw175_pitch-075_roll+000,175.0,-75.0,0.0,0.01882867,01,unlabeled,unlabeled,1,1,1,YES
yaw175_pitch-080_roll+000,175.0,-80.0,0.0,0.01908258,01,unlabeled,unlabeled,1,1,1,YES
yaw175_pitch-085_roll+000,175.0,-85.0,0.0,0.01813891,01,unlabeled,unlabeled,1,1,1,YES
yaw175_pitch-090_roll+000,175.0,-90.0,0.0,0.01776795,01,unlabeled,unlabeled,1,1,1,YES
yaw180_pitch+000_roll+000,180.0,0.0,0.0,0.01574498,01,unlabeled,unlabeled,1,1,1,YES
yaw180_pitch+005_roll+000,180.0,5.0,0.0,0.01604606,01,unlabeled,unlabeled,1,1,1,YES
yaw180_pitch+010_roll+000,180.0,10.0,0.0,0.01682999,01,unlabeled,unlabeled,1,1,1,YES
yaw180_pitch+015_roll+000,180.0,15.0,0.0,0.01760735,01,unlabeled,unlabeled,1,1,1,YES
yaw180_pitch+020_roll+000,180.0,20.0,0.0,0.01730343,01,unlabeled,unlabeled,1,1,1,YES
yaw180_pitch+025_roll+000,180.0,25.0,0.0,0.01658212,01,unlabeled,unlabeled,1,1,1,YES
yaw180_pitch+030_roll+000,180.0,30.0,0.0,0.01513227,01,unlabeled,unlabeled,1,1,1,YES
yaw180_pitch+035_roll+000,180.0,35.0,0.0,0.01386190,01,unlabeled,unlabeled,1,1,1,YES
yaw180_pitch+040_roll+000,180.0,40.0,0.0,0.01369501,01,unlabeled,unlabeled,1,1,1,YES
yaw180_pitch+045_roll+000,180.0,45.0,0.0,0.01382642,01,unlabeled,unlabeled,1,1,1,YES
yaw180_pitch+050_roll+000,180.0,50.0,0.0,0.01371493,01,unlabeled,unlabeled,1,1,1,YES
yaw180_pitch+055_roll+000,180.0,55.0,0.0,0.01376743,01,unlabeled,unlabeled,1,1,1,YES
yaw180_pitch+060_roll+000,180.0,60.0,0.0,0.01365887,01,unlabeled,unlabeled,1,1,1,YES
yaw180_pitch+065_roll+000,180.0,65.0,0.0,0.01352648,01,unlabeled,unlabeled,1,1,1,YES
yaw180_pitch+070_roll+000,180.0,70.0,0.0,0.01377971,01,unlabeled,unlabeled,1,1,1,YES
yaw180_pitch+075_roll+000,180.0,75.0,0.0,0.01364986,01,unlabeled,unlabeled,1,1,1,YES
yaw180_pitch+080_roll+000,180.0,80.0,0.0,0.01417125,01,unlabeled,unlabeled,1,1,1,YES
yaw180_pitch+085_roll+000,180.0,85.0,0.0,0.01469153,01,unlabeled,unlabeled,1,1,1,YES
yaw180_pitch+090_roll+000,180.0,90.0,0.0,0.01526554,01,unlabeled,unlabeled,1,1,1,YES
yaw180_pitch-005_roll+000,180.0,-5.0,0.0,0.01574739,01,unlabeled,unlabeled,1,1,1,YES
yaw180_pitch-010_roll+000,180.0,-10.0,0.0,0.01565835,01,unlabeled,unlabeled,1,1,1,YES
yaw180_pitch-015_roll+000,180.0,-15.0,0.0,0.01539013,01,unlabeled,unlabeled,1,1,1,YES
yaw180_pitch-020_roll+000,180.0,-20.0,0.0,0.01532739,01,unlabeled,unlabeled,1,1,1,YES
yaw180_pitch-025_roll+000,180.0,-25.0,0.0,0.01522142,01,unlabeled,unlabeled,1,1,1,YES
yaw180_pitch-030_roll+000,180.0,-30.0,0.0,0.01531340,01,unlabeled,unlabeled,1,1,1,YES
yaw180_pitch-035_roll+000,180.0,-35.0,0.0,0.01513316,01,unlabeled,unlabeled,1,1,1,YES
yaw180_pitch-040_roll+000,180.0,-40.0,0.0,0.01549441,01,unlabeled,unlabeled,1,1,1,YES
yaw180_pitch-045_roll+000,180.0,-45.0,0.0,0.01573665,01,unlabeled,unlabeled,1,1,1,YES
yaw180_pitch-050_roll+000,180.0,-50.0,0.0,0.01587427,01,unlabeled,unlabeled,1,1,1,YES
yaw180_pitch-055_roll+000,180.0,-55.0,0.0,0.01601655,01,unlabeled,unlabeled,1,1,1,YES
yaw180_pitch-060_roll+000,180.0,-60.0,0.0,0.01621829,01,unlabeled,unlabeled,1,1,1,YES
yaw180_pitch-065_roll+000,180.0,-65.0,0.0,0.01651423,01,unlabeled,unlabeled,1,1,1,YES
yaw180_pitch-070_roll+000,180.0,-70.0,0.0,0.01697359,01,unlabeled,unlabeled,1,1,1,YES
yaw180_pitch-075_roll+000,180.0,-75.0,0.0,0.01730737,01,unlabeled,unlabeled,1,1,1,YES
yaw180_pitch-080_roll+000,180.0,-80.0,0.0,0.01706915,01,unlabeled,unlabeled,1,1,1,YES
yaw180_pitch-085_roll+000,180.0,-85.0,0.0,0.01646464,01,unlabeled,unlabeled,1,1,1,YES
yaw180_pitch-090_roll+000,180.0,-90.0,0.0,0.01634783,01,unlabeled,unlabeled,1,1,1,YES
yaw185_pitch+000_roll+000,185.0,0.0,0.0,0.01676982,01,unlabeled,unlabeled,1,1,1,YES
yaw185_pitch+005_roll+000,185.0,5.0,0.0,0.01662742,01,unlabeled,unlabeled,1,1,1,YES
yaw185_pitch+010_roll+000,185.0,10.0,0.0,0.01750839,01,unlabeled,unlabeled,1,1,1,YES
yaw185_pitch+015_roll+000,185.0,15.0,0.0,0.01829197,01,unlabeled,unlabeled,1,1,1,YES
yaw185_pitch+020_roll+000,185.0,20.0,0.0,0.01838414,01,unlabeled,unlabeled,1,1,1,YES
yaw185_pitch+025_roll+000,185.0,25.0,0.0,0.01768982,01,unlabeled,unlabeled,1,1,1,YES
yaw185_pitch+030_roll+000,185.0,30.0,0.0,0.01606225,01,unlabeled,unlabeled,1,1,1,YES
yaw185_pitch+035_roll+000,185.0,35.0,0.0,0.01448898,01,unlabeled,unlabeled,1,1,1,YES
yaw185_pitch+040_roll+000,185.0,40.0,0.0,0.01425797,01,unlabeled,unlabeled,1,1,1,YES
yaw185_pitch+045_roll+000,185.0,45.0,0.0,0.01427996,01,unlabeled,unlabeled,1,1,1,YES
yaw185_pitch+050_roll+000,185.0,50.0,0.0,0.01428234,01,unlabeled,unlabeled,1,1,1,YES
yaw185_pitch+055_roll+000,185.0,55.0,0.0,0.01447456,01,unlabeled,unlabeled,1,1,1,YES
yaw185_pitch+060_roll+000,185.0,60.0,0.0,0.01443369,01,unlabeled,unlabeled,1,1,1,YES
yaw185_pitch+065_roll+000,185.0,65.0,0.0,0.01421232,01,unlabeled,unlabeled,1,1,1,YES
yaw185_pitch+070_roll+000,185.0,70.0,0.0,0.01430367,01,unlabeled,unlabeled,1,1,1,YES
yaw185_pitch+075_roll+000,185.0,75.0,0.0,0.01434500,01,unlabeled,unlabeled,1,1,1,YES
yaw185_pitch+080_roll+000,185.0,80.0,0.0,0.01472127,01,unlabeled,unlabeled,1,1,1,YES
yaw185_pitch+085_roll+000,185.0,85.0,0.0,0.01511523,01,unlabeled,unlabeled,1,1,1,YES
yaw185_pitch+090_roll+000,185.0,90.0,0.0,0.01572835,01,unlabeled,unlabeled,1,1,1,YES
yaw185_pitch-005_roll+000,185.0,-5.0,0.0,0.01604613,01,unlabeled,unlabeled,1,1,1,YES
yaw185_pitch-010_roll+000,185.0,-10.0,0.0,0.01582436,01,unlabeled,unlabeled,1,1,1,YES
yaw185_pitch-015_roll+000,185.0,-15.0,0.0,0.01559235,01,unlabeled,unlabeled,1,1,1,YES
yaw185_pitch-020_roll+000,185.0,-20.0,0.0,0.01576314,01,unlabeled,unlabeled,1,1,1,YES
yaw185_pitch-025_roll+000,185.0,-25.0,0.0,0.01571001,01,unlabeled,unlabeled,1,1,1,YES
yaw185_pitch-030_roll+000,185.0,-30.0,0.0,0.01551167,01,unlabeled,unlabeled,1,1,1,YES
yaw185_pitch-035_roll+000,185.0,-35.0,0.0,0.01562850,01,unlabeled,unlabeled,1,1,1,YES
yaw185_pitch-040_roll+000,185.0,-40.0,0.0,0.01610138,01,unlabeled,unlabeled,1,1,1,YES
yaw185_pitch-045_roll+000,185.0,-45.0,0.0,0.01683322,01,unlabeled,unlabeled,1,1,1,YES
yaw185_pitch-050_roll+000,185.0,-50.0,0.0,0.01685118,01,unlabeled,unlabeled,1,1,1,YES
yaw185_pitch-055_roll+000,185.0,-55.0,0.0,0.01648043,01,unlabeled,unlabeled,1,1,1,YES
yaw185_pitch-060_roll+000,185.0,-60.0,0.0,0.01669877,01,unlabeled,unlabeled,1,1,1,YES
yaw185_pitch-065_roll+000,185.0,-65.0,0.0,0.01708894,01,unlabeled,unlabeled,1,1,1,YES
yaw185_pitch-070_roll+000,185.0,-70.0,0.0,0.01742733,01,unlabeled,unlabeled,1,1,1,YES
yaw185_pitch-075_roll+000,185.0,-75.0,0.0,0.01770890,01,unlabeled,unlabeled,1,1,1,YES
yaw185_pitch-080_roll+000,185.0,-80.0,0.0,0.01757076,01,unlabeled,unlabeled,1,1,1,YES
yaw185_pitch-085_roll+000,185.0,-85.0,0.0,0.01707162,01,unlabeled,unlabeled,1,1,1,YES
yaw185_pitch-090_roll+000,185.0,-90.0,0.0,0.01689566,01,unlabeled,unlabeled,1,1,1,YES
yaw190_pitch+000_roll+000,190.0,0.0,0.0,0.01664703,01,R5_neutral,neutral-control,1,1,1,YES
yaw190_pitch+005_roll+000,190.0,5.0,0.0,0.01736166,01,R5_neutral,neutral-control,1,1,1,YES
yaw190_pitch+010_roll+000,190.0,10.0,0.0,0.01801195,01,R5_neutral,neutral-control,1,1,1,YES
yaw190_pitch+015_roll+000,190.0,15.0,0.0,0.01874335,01,unlabeled,unlabeled,1,1,1,YES
yaw190_pitch+020_roll+000,190.0,20.0,0.0,0.01923319,01,unlabeled,unlabeled,1,1,1,YES
yaw190_pitch+025_roll+000,190.0,25.0,0.0,0.01885491,01,unlabeled,unlabeled,1,1,1,YES
yaw190_pitch+030_roll+000,190.0,30.0,0.0,0.01679430,01,unlabeled,unlabeled,1,1,1,YES
yaw190_pitch+035_roll+000,190.0,35.0,0.0,0.01522063,01,unlabeled,unlabeled,1,1,1,YES
yaw190_pitch+040_roll+000,190.0,40.0,0.0,0.01510955,01,unlabeled,unlabeled,1,1,1,YES
yaw190_pitch+045_roll+000,190.0,45.0,0.0,0.01532001,01,unlabeled,unlabeled,1,1,1,YES
yaw190_pitch+050_roll+000,190.0,50.0,0.0,0.01508844,01,unlabeled,unlabeled,1,1,1,YES
yaw190_pitch+055_roll+000,190.0,55.0,0.0,0.01529236,01,unlabeled,unlabeled,1,1,1,YES
yaw190_pitch+060_roll+000,190.0,60.0,0.0,0.01506304,01,unlabeled,unlabeled,1,1,1,YES
yaw190_pitch+065_roll+000,190.0,65.0,0.0,0.01505015,01,unlabeled,unlabeled,1,1,1,YES
yaw190_pitch+070_roll+000,190.0,70.0,0.0,0.01486475,01,unlabeled,unlabeled,1,1,1,YES
yaw190_pitch+075_roll+000,190.0,75.0,0.0,0.01503577,01,unlabeled,unlabeled,1,1,1,YES
yaw190_pitch+080_roll+000,190.0,80.0,0.0,0.01520740,01,unlabeled,unlabeled,1,1,1,YES
yaw190_pitch+085_roll+000,190.0,85.0,0.0,0.01540056,01,unlabeled,unlabeled,1,1,1,YES
yaw190_pitch+090_roll+000,190.0,90.0,0.0,0.01615328,01,unlabeled,unlabeled,1,1,1,YES
yaw190_pitch-005_roll+000,190.0,-5.0,0.0,0.01660681,01,R5_neutral,neutral-control,1,1,1,YES
yaw190_pitch-010_roll+000,190.0,-10.0,0.0,0.01643582,01,R5_neutral,neutral-control,1,1,1,YES
yaw190_pitch-015_roll+000,190.0,-15.0,0.0,0.01627732,01,unlabeled,unlabeled,1,1,1,YES
yaw190_pitch-020_roll+000,190.0,-20.0,0.0,0.01652706,01,unlabeled,unlabeled,1,1,1,YES
yaw190_pitch-025_roll+000,190.0,-25.0,0.0,0.01629597,01,unlabeled,unlabeled,1,1,1,YES
yaw190_pitch-030_roll+000,190.0,-30.0,0.0,0.01628240,01,unlabeled,unlabeled,1,1,1,YES
yaw190_pitch-035_roll+000,190.0,-35.0,0.0,0.01641476,01,unlabeled,unlabeled,1,1,1,YES
yaw190_pitch-040_roll+000,190.0,-40.0,0.0,0.01676173,01,unlabeled,unlabeled,1,1,1,YES
yaw190_pitch-045_roll+000,190.0,-45.0,0.0,0.01698342,01,unlabeled,unlabeled,1,1,1,YES
yaw190_pitch-050_roll+000,190.0,-50.0,0.0,0.01719878,01,unlabeled,unlabeled,1,1,1,YES
yaw190_pitch-055_roll+000,190.0,-55.0,0.0,0.01713542,01,unlabeled,unlabeled,1,1,1,YES
yaw190_pitch-060_roll+000,190.0,-60.0,0.0,0.01736737,01,unlabeled,unlabeled,1,1,1,YES
yaw190_pitch-065_roll+000,190.0,-65.0,0.0,0.01798563,01,unlabeled,unlabeled,1,1,1,YES
yaw190_pitch-070_roll+000,190.0,-70.0,0.0,0.01885664,01,unlabeled,unlabeled,1,1,1,YES
yaw190_pitch-075_roll+000,190.0,-75.0,0.0,0.01870249,01,unlabeled,unlabeled,1,1,1,YES
yaw190_pitch-080_roll+000,190.0,-80.0,0.0,0.01834587,01,unlabeled,unlabeled,1,1,1,YES
yaw190_pitch-085_roll+000,190.0,-85.0,0.0,0.01767102,01,unlabeled,unlabeled,1,1,1,YES
yaw190_pitch-090_roll+000,190.0,-90.0,0.0,0.01687525,01,unlabeled,unlabeled,1,1,1,YES
yaw195_pitch+000_roll+000,195.0,0.0,0.0,0.01709851,01,R5_neutral,neutral-control,1,1,1,YES
yaw195_pitch+005_roll+000,195.0,5.0,0.0,0.01748908,01,R5_neutral,neutral-control,1,1,1,YES
yaw195_pitch+010_roll+000,195.0,10.0,0.0,0.01836559,01,R5_neutral,neutral-control,1,1,1,YES
yaw195_pitch+015_roll+000,195.0,15.0,0.0,0.01933889,01,unlabeled,unlabeled,1,1,1,YES
yaw195_pitch+020_roll+000,195.0,20.0,0.0,0.02013258,01,unlabeled,unlabeled,1,1,1,YES
yaw195_pitch+025_roll+000,195.0,25.0,0.0,0.02028294,01,unlabeled,unlabeled,1,1,1,YES
yaw195_pitch+030_roll+000,195.0,30.0,0.0,0.01749828,01,unlabeled,unlabeled,1,1,1,YES
yaw195_pitch+035_roll+000,195.0,35.0,0.0,0.01697276,01,unlabeled,unlabeled,1,1,1,YES
yaw195_pitch+040_roll+000,195.0,40.0,0.0,0.01673383,01,unlabeled,unlabeled,1,1,1,YES
yaw195_pitch+045_roll+000,195.0,45.0,0.0,0.01640945,01,unlabeled,unlabeled,1,1,1,YES
yaw195_pitch+050_roll+000,195.0,50.0,0.0,0.01650910,01,unlabeled,unlabeled,1,1,1,YES
yaw195_pitch+055_roll+000,195.0,55.0,0.0,0.01627606,01,unlabeled,unlabeled,1,1,1,YES
yaw195_pitch+060_roll+000,195.0,60.0,0.0,0.01609214,01,unlabeled,unlabeled,1,1,1,YES
yaw195_pitch+065_roll+000,195.0,65.0,0.0,0.01605866,01,unlabeled,unlabeled,1,1,1,YES
yaw195_pitch+070_roll+000,195.0,70.0,0.0,0.01597055,01,unlabeled,unlabeled,1,1,1,YES
yaw195_pitch+075_roll+000,195.0,75.0,0.0,0.01593714,01,unlabeled,unlabeled,1,1,1,YES
yaw195_pitch+080_roll+000,195.0,80.0,0.0,0.01602623,01,unlabeled,unlabeled,1,1,1,YES
yaw195_pitch+085_roll+000,195.0,85.0,0.0,0.01628294,01,unlabeled,unlabeled,1,1,1,YES
yaw195_pitch+090_roll+000,195.0,90.0,0.0,0.01648935,01,unlabeled,unlabeled,1,1,1,YES
yaw195_pitch-005_roll+000,195.0,-5.0,0.0,0.01711696,01,R5_neutral,neutral-control,1,1,1,YES
yaw195_pitch-010_roll+000,195.0,-10.0,0.0,0.01695514,01,R5_neutral,neutral-control,1,1,1,YES
yaw195_pitch-015_roll+000,195.0,-15.0,0.0,0.01699673,01,unlabeled,unlabeled,1,1,1,YES
yaw195_pitch-020_roll+000,195.0,-20.0,0.0,0.01706410,01,unlabeled,unlabeled,1,1,1,YES
yaw195_pitch-025_roll+000,195.0,-25.0,0.0,0.01705402,01,unlabeled,unlabeled,1,1,1,YES
yaw195_pitch-030_roll+000,195.0,-30.0,0.0,0.01709909,01,unlabeled,unlabeled,1,1,1,YES
yaw195_pitch-035_roll+000,195.0,-35.0,0.0,0.01730671,01,unlabeled,unlabeled,1,1,1,YES
yaw195_pitch-040_roll+000,195.0,-40.0,0.0,0.01769680,01,unlabeled,unlabeled,1,1,1,YES
yaw195_pitch-045_roll+000,195.0,-45.0,0.0,0.01803222,01,unlabeled,unlabeled,1,1,1,YES
yaw195_pitch-050_roll+000,195.0,-50.0,0.0,0.01832304,01,unlabeled,unlabeled,1,1,1,YES
yaw195_pitch-055_roll+000,195.0,-55.0,0.0,0.01833746,01,unlabeled,unlabeled,1,1,1,YES
yaw195_pitch-060_roll+000,195.0,-60.0,0.0,0.01900413,01,unlabeled,unlabeled,1,1,1,YES
yaw195_pitch-065_roll+000,195.0,-65.0,0.0,0.01950576,01,unlabeled,unlabeled,1,1,1,YES
yaw195_pitch-070_roll+000,195.0,-70.0,0.0,0.02023656,01,unlabeled,unlabeled,1,1,1,YES
yaw195_pitch-075_roll+000,195.0,-75.0,0.0,0.01978518,01,unlabeled,unlabeled,1,1,1,YES
yaw195_pitch-080_roll+000,195.0,-80.0,0.0,0.01900740,01,unlabeled,unlabeled,1,1,1,YES
yaw195_pitch-085_roll+000,195.0,-85.0,0.0,0.01850426,01,unlabeled,unlabeled,1,1,1,YES
yaw195_pitch-090_roll+000,195.0,-90.0,0.0,0.01831015,01,unlabeled,unlabeled,1,1,1,YES
yaw200_pitch+000_roll+000,200.0,0.0,0.0,0.01786303,01,R5_neutral,neutral-control,1,1,1,YES
yaw200_pitch+005_roll+000,200.0,5.0,0.0,0.01794807,01,R5_neutral,neutral-control,1,1,1,YES
yaw200_pitch+010_roll+000,200.0,10.0,0.0,0.01858053,01,R5_neutral,neutral-control,1,1,1,YES
yaw200_pitch+015_roll+000,200.0,15.0,0.0,0.01948269,01,unlabeled,unlabeled,1,1,1,YES
yaw200_pitch+020_roll+000,200.0,20.0,0.0,0.02002439,01,unlabeled,unlabeled,1,1,1,YES
yaw200_pitch+025_roll+000,200.0,25.0,0.0,0.02034344,01,unlabeled,unlabeled,1,1,1,YES
yaw200_pitch+030_roll+000,200.0,30.0,0.0,0.01894029,01,unlabeled,unlabeled,1,1,1,YES
yaw200_pitch+035_roll+000,200.0,35.0,0.0,0.01905440,01,unlabeled,unlabeled,1,1,1,YES
yaw200_pitch+040_roll+000,200.0,40.0,0.0,0.01860742,01,unlabeled,unlabeled,1,1,1,YES
yaw200_pitch+045_roll+000,200.0,45.0,0.0,0.01802321,01,unlabeled,unlabeled,1,1,1,YES
yaw200_pitch+050_roll+000,200.0,50.0,0.0,0.01768148,01,unlabeled,unlabeled,1,1,1,YES
yaw200_pitch+055_roll+000,200.0,55.0,0.0,0.01736930,01,unlabeled,unlabeled,1,1,1,YES
yaw200_pitch+060_roll+000,200.0,60.0,0.0,0.01743162,01,unlabeled,unlabeled,1,1,1,YES
yaw200_pitch+065_roll+000,200.0,65.0,0.0,0.01733840,01,unlabeled,unlabeled,1,1,1,YES
yaw200_pitch+070_roll+000,200.0,70.0,0.0,0.01719643,01,unlabeled,unlabeled,1,1,1,YES
yaw200_pitch+075_roll+000,200.0,75.0,0.0,0.01723723,01,unlabeled,unlabeled,1,1,1,YES
yaw200_pitch+080_roll+000,200.0,80.0,0.0,0.01730188,01,unlabeled,unlabeled,1,1,1,YES
yaw200_pitch+085_roll+000,200.0,85.0,0.0,0.01746068,01,unlabeled,unlabeled,1,1,1,YES
yaw200_pitch+090_roll+000,200.0,90.0,0.0,0.01753112,01,unlabeled,unlabeled,1,1,1,YES
yaw200_pitch-005_roll+000,200.0,-5.0,0.0,0.01775737,01,R5_neutral,neutral-control,1,1,1,YES
yaw200_pitch-010_roll+000,200.0,-10.0,0.0,0.01772868,01,R5_neutral,neutral-control,1,1,1,YES
yaw200_pitch-015_roll+000,200.0,-15.0,0.0,0.01787244,01,unlabeled,unlabeled,1,1,1,YES
yaw200_pitch-020_roll+000,200.0,-20.0,0.0,0.01801075,01,unlabeled,unlabeled,1,1,1,YES
yaw200_pitch-025_roll+000,200.0,-25.0,0.0,0.01806050,01,unlabeled,unlabeled,1,1,1,YES
yaw200_pitch-030_roll+000,200.0,-30.0,0.0,0.01827978,01,unlabeled,unlabeled,1,1,1,YES
yaw200_pitch-035_roll+000,200.0,-35.0,0.0,0.01866537,01,unlabeled,unlabeled,1,1,1,YES
yaw200_pitch-040_roll+000,200.0,-40.0,0.0,0.01878827,01,unlabeled,unlabeled,1,1,1,YES
yaw200_pitch-045_roll+000,200.0,-45.0,0.0,0.01918500,01,unlabeled,unlabeled,1,1,1,YES
yaw200_pitch-050_roll+000,200.0,-50.0,0.0,0.01963288,01,unlabeled,unlabeled,1,1,1,YES
yaw200_pitch-055_roll+000,200.0,-55.0,0.0,0.02000985,01,unlabeled,unlabeled,1,1,1,YES
yaw200_pitch-060_roll+000,200.0,-60.0,0.0,0.02079489,01,unlabeled,unlabeled,1,1,1,YES
yaw200_pitch-065_roll+000,200.0,-65.0,0.0,0.02085270,01,unlabeled,unlabeled,1,1,1,YES
yaw200_pitch-070_roll+000,200.0,-70.0,0.0,0.02122109,01,unlabeled,unlabeled,1,1,1,YES
yaw200_pitch-075_roll+000,200.0,-75.0,0.0,0.02050997,01,unlabeled,unlabeled,1,1,1,YES
yaw200_pitch-080_roll+000,200.0,-80.0,0.0,0.02009330,01,unlabeled,unlabeled,1,1,1,YES
yaw200_pitch-085_roll+000,200.0,-85.0,0.0,0.01912571,01,unlabeled,unlabeled,1,1,1,YES
yaw200_pitch-090_roll+000,200.0,-90.0,0.0,0.01885878,01,unlabeled,unlabeled,1,1,1,YES
yaw205_pitch+000_roll+000,205.0,0.0,0.0,0.01871675,01,R5_neutral,neutral-control,1,1,1,YES
yaw205_pitch+005_roll+000,205.0,5.0,0.0,0.01867669,01,R5_neutral,neutral-control,1,1,1,YES
yaw205_pitch+010_roll+000,205.0,10.0,0.0,0.01891162,01,R5_neutral,neutral-control,1,1,1,YES
yaw205_pitch+015_roll+000,205.0,15.0,0.0,0.01954667,01,unlabeled,unlabeled,1,1,1,YES
yaw205_pitch+020_roll+000,205.0,20.0,0.0,0.02010006,01,unlabeled,unlabeled,1,1,1,YES
yaw205_pitch+025_roll+000,205.0,25.0,0.0,0.02066655,01,unlabeled,unlabeled,1,1,1,YES
yaw205_pitch+030_roll+000,205.0,30.0,0.0,0.02102995,01,unlabeled,unlabeled,1,1,1,YES
yaw205_pitch+035_roll+000,205.0,35.0,0.0,0.02095785,01,unlabeled,unlabeled,1,1,1,YES
yaw205_pitch+040_roll+000,205.0,40.0,0.0,0.02034685,01,unlabeled,unlabeled,1,1,1,YES
yaw205_pitch+045_roll+000,205.0,45.0,0.0,0.01959076,01,unlabeled,unlabeled,1,1,1,YES
yaw205_pitch+050_roll+000,205.0,50.0,0.0,0.01908919,01,unlabeled,unlabeled,1,1,1,YES
yaw205_pitch+055_roll+000,205.0,55.0,0.0,0.01847914,01,unlabeled,unlabeled,1,1,1,YES
yaw205_pitch+060_roll+000,205.0,60.0,0.0,0.01808054,01,unlabeled,unlabeled,1,1,1,YES
yaw205_pitch+065_roll+000,205.0,65.0,0.0,0.01807515,01,unlabeled,unlabeled,1,1,1,YES
yaw205_pitch+070_roll+000,205.0,70.0,0.0,0.01799743,01,unlabeled,unlabeled,1,1,1,YES
yaw205_pitch+075_roll+000,205.0,75.0,0.0,0.01811403,01,unlabeled,unlabeled,1,1,1,YES
yaw205_pitch+080_roll+000,205.0,80.0,0.0,0.01840985,01,unlabeled,unlabeled,1,1,1,YES
yaw205_pitch+085_roll+000,205.0,85.0,0.0,0.01883664,01,unlabeled,unlabeled,1,1,1,YES
yaw205_pitch+090_roll+000,205.0,90.0,0.0,0.01877454,01,unlabeled,unlabeled,1,1,1,YES
yaw205_pitch-005_roll+000,205.0,-5.0,0.0,0.01863161,01,R5_control,neutral-control,1,1,1,YES
yaw205_pitch-010_roll+000,205.0,-10.0,0.0,0.01864380,01,R5_control,neutral-control,1,1,1,YES
yaw205_pitch-015_roll+000,205.0,-15.0,0.0,0.01878890,01,unlabeled,unlabeled,1,1,1,YES
yaw205_pitch-020_roll+000,205.0,-20.0,0.0,0.01916506,01,unlabeled,unlabeled,1,1,1,YES
yaw205_pitch-025_roll+000,205.0,-25.0,0.0,0.01953675,01,unlabeled,unlabeled,1,1,1,YES
yaw205_pitch-030_roll+000,205.0,-30.0,0.0,0.01984654,01,unlabeled,unlabeled,1,1,1,YES
yaw205_pitch-035_roll+000,205.0,-35.0,0.0,0.02008972,01,unlabeled,unlabeled,1,1,1,YES
yaw205_pitch-040_roll+000,205.0,-40.0,0.0,0.02038655,01,unlabeled,unlabeled,1,1,1,YES
yaw205_pitch-045_roll+000,205.0,-45.0,0.0,0.02056612,01,unlabeled,unlabeled,1,1,1,YES
yaw205_pitch-050_roll+000,205.0,-50.0,0.0,0.02058872,01,unlabeled,unlabeled,1,1,1,YES
yaw205_pitch-055_roll+000,205.0,-55.0,0.0,0.02112305,01,unlabeled,unlabeled,1,1,1,YES
yaw205_pitch-060_roll+000,205.0,-60.0,0.0,0.02124972,01,unlabeled,unlabeled,1,1,1,YES
yaw205_pitch-065_roll+000,205.0,-65.0,0.0,0.02111906,01,unlabeled,unlabeled,1,1,1,YES
yaw205_pitch-070_roll+000,205.0,-70.0,0.0,0.02110383,01,unlabeled,unlabeled,1,1,1,YES
yaw205_pitch-075_roll+000,205.0,-75.0,0.0,0.02046363,01,unlabeled,unlabeled,1,1,1,YES
yaw205_pitch-080_roll+000,205.0,-80.0,0.0,0.01970376,01,unlabeled,unlabeled,1,1,1,YES
yaw205_pitch-085_roll+000,205.0,-85.0,0.0,0.01951091,01,unlabeled,unlabeled,1,1,1,YES
yaw205_pitch-090_roll+000,205.0,-90.0,0.0,0.01918023,01,unlabeled,unlabeled,1,1,1,YES
yaw210_pitch+000_roll+000,210.0,0.0,0.0,0.02076138,01,R5_neutral,neutral-control,1,1,1,YES
yaw210_pitch+005_roll+000,210.0,5.0,0.0,0.02071600,01,R5_neutral,neutral-control,1,1,1,YES
yaw210_pitch+010_roll+000,210.0,10.0,0.0,0.02100427,01,R5_neutral,neutral-control,1,1,1,YES
yaw210_pitch+015_roll+000,210.0,15.0,0.0,0.02097254,01,unlabeled,unlabeled,1,1,1,YES
yaw210_pitch+020_roll+000,210.0,20.0,0.0,0.02142580,01,unlabeled,unlabeled,1,1,1,YES
yaw210_pitch+025_roll+000,210.0,25.0,0.0,0.02231120,01,unlabeled,unlabeled,1,1,1,YES
yaw210_pitch+030_roll+000,210.0,30.0,0.0,0.02230728,01,unlabeled,unlabeled,1,1,1,YES
yaw210_pitch+035_roll+000,210.0,35.0,0.0,0.02261169,01,unlabeled,unlabeled,1,1,1,YES
yaw210_pitch+040_roll+000,210.0,40.0,0.0,0.02247174,01,unlabeled,unlabeled,1,1,1,YES
yaw210_pitch+045_roll+000,210.0,45.0,0.0,0.02242896,01,unlabeled,unlabeled,1,1,1,YES
yaw210_pitch+050_roll+000,210.0,50.0,0.0,0.02174080,01,unlabeled,unlabeled,1,1,1,YES
yaw210_pitch+055_roll+000,210.0,55.0,0.0,0.02116855,01,unlabeled,unlabeled,1,1,1,YES
yaw210_pitch+060_roll+000,210.0,60.0,0.0,0.02089056,01,unlabeled,unlabeled,1,1,1,YES
yaw210_pitch+065_roll+000,210.0,65.0,0.0,0.02071619,01,unlabeled,unlabeled,1,1,1,YES
yaw210_pitch+070_roll+000,210.0,70.0,0.0,0.02020237,01,unlabeled,unlabeled,1,1,1,YES
yaw210_pitch+075_roll+000,210.0,75.0,0.0,0.02061412,01,unlabeled,unlabeled,1,1,1,YES
yaw210_pitch+080_roll+000,210.0,80.0,0.0,0.02032967,01,unlabeled,unlabeled,1,1,1,YES
yaw210_pitch+085_roll+000,210.0,85.0,0.0,0.02037175,01,unlabeled,unlabeled,1,1,1,YES
yaw210_pitch+090_roll+000,210.0,90.0,0.0,0.01986608,01,unlabeled,unlabeled,1,1,1,YES
yaw210_pitch-005_roll+000,210.0,-5.0,0.0,0.02091657,01,R5_control,neutral-control,1,1,1,YES
yaw210_pitch-010_roll+000,210.0,-10.0,0.0,0.02108413,01,R5_control,neutral-control,1,1,1,YES
yaw210_pitch-015_roll+000,210.0,-15.0,0.0,0.02114641,01,unlabeled,unlabeled,1,1,1,YES
yaw210_pitch-020_roll+000,210.0,-20.0,0.0,0.02122544,01,unlabeled,unlabeled,1,1,1,YES
yaw210_pitch-025_roll+000,210.0,-25.0,0.0,0.02170978,01,unlabeled,unlabeled,1,1,1,YES
yaw210_pitch-030_roll+000,210.0,-30.0,0.0,0.02177108,01,unlabeled,unlabeled,1,1,1,YES
yaw210_pitch-035_roll+000,210.0,-35.0,0.0,0.02175897,01,unlabeled,unlabeled,1,1,1,YES
yaw210_pitch-040_roll+000,210.0,-40.0,0.0,0.02188083,01,unlabeled,unlabeled,1,1,1,YES
yaw210_pitch-045_roll+000,210.0,-45.0,0.0,0.02170474,01,unlabeled,unlabeled,1,1,1,YES
yaw210_pitch-050_roll+000,210.0,-50.0,0.0,0.02122532,01,unlabeled,unlabeled,1,1,1,YES
yaw210_pitch-055_roll+000,210.0,-55.0,0.0,0.02126962,01,unlabeled,unlabeled,1,1,1,YES
yaw210_pitch-060_roll+000,210.0,-60.0,0.0,0.02065249,01,unlabeled,unlabeled,1,1,1,YES
yaw210_pitch-065_roll+000,210.0,-65.0,0.0,0.02033633,01,unlabeled,unlabeled,1,1,1,YES
yaw210_pitch-070_roll+000,210.0,-70.0,0.0,0.02058289,01,unlabeled,unlabeled,1,1,1,YES
yaw210_pitch-075_roll+000,210.0,-75.0,0.0,0.02045740,01,unlabeled,unlabeled,1,1,1,YES
yaw210_pitch-080_roll+000,210.0,-80.0,0.0,0.02011243,01,unlabeled,unlabeled,1,1,1,YES
yaw210_pitch-085_roll+000,210.0,-85.0,0.0,0.02005441,01,unlabeled,unlabeled,1,1,1,YES
yaw210_pitch-090_roll+000,210.0,-90.0,0.0,0.02011833,01,unlabeled,unlabeled,1,1,1,YES
yaw215_pitch+000_roll+000,215.0,0.0,0.0,0.02402265,01,unlabeled,unlabeled,1,1,1,YES
yaw215_pitch+005_roll+000,215.0,5.0,0.0,0.02368802,01,unlabeled,unlabeled,1,1,1,YES
yaw215_pitch+010_roll+000,215.0,10.0,0.0,0.02351593,01,unlabeled,unlabeled,1,1,1,YES
yaw215_pitch+015_roll+000,215.0,15.0,0.0,0.02361009,01,unlabeled,unlabeled,1,1,1,YES
yaw215_pitch+020_roll+000,215.0,20.0,0.0,0.02386227,01,unlabeled,unlabeled,1,1,1,YES
yaw215_pitch+025_roll+000,215.0,25.0,0.0,0.02438901,01,unlabeled,unlabeled,1,1,1,YES
yaw215_pitch+030_roll+000,215.0,30.0,0.0,0.02525425,01,unlabeled,unlabeled,1,1,1,YES
yaw215_pitch+035_roll+000,215.0,35.0,0.0,0.02558100,01,unlabeled,unlabeled,1,1,1,YES
yaw215_pitch+040_roll+000,215.0,40.0,0.0,0.02573688,01,unlabeled,unlabeled,1,1,1,YES
yaw215_pitch+045_roll+000,215.0,45.0,0.0,0.02562723,01,unlabeled,unlabeled,1,1,1,YES
yaw215_pitch+050_roll+000,215.0,50.0,0.0,0.02524929,01,unlabeled,unlabeled,1,1,1,YES
yaw215_pitch+055_roll+000,215.0,55.0,0.0,0.02472403,01,unlabeled,unlabeled,1,1,1,YES
yaw215_pitch+060_roll+000,215.0,60.0,0.0,0.02414144,01,unlabeled,unlabeled,1,1,1,YES
yaw215_pitch+065_roll+000,215.0,65.0,0.0,0.02395747,01,unlabeled,unlabeled,1,1,1,YES
yaw215_pitch+070_roll+000,215.0,70.0,0.0,0.02344494,01,unlabeled,unlabeled,1,1,1,YES
yaw215_pitch+075_roll+000,215.0,75.0,0.0,0.02331771,01,unlabeled,unlabeled,1,1,1,YES
yaw215_pitch+080_roll+000,215.0,80.0,0.0,0.02314062,01,unlabeled,unlabeled,1,1,1,YES
yaw215_pitch+085_roll+000,215.0,85.0,0.0,0.02320121,01,unlabeled,unlabeled,1,1,1,YES
yaw215_pitch+090_roll+000,215.0,90.0,0.0,0.02338465,01,unlabeled,unlabeled,1,1,1,YES
yaw215_pitch-005_roll+000,215.0,-5.0,0.0,0.02368447,01,unlabeled,unlabeled,1,1,1,YES
yaw215_pitch-010_roll+000,215.0,-10.0,0.0,0.02370924,01,unlabeled,unlabeled,1,1,1,YES
yaw215_pitch-015_roll+000,215.0,-15.0,0.0,0.02378939,01,unlabeled,unlabeled,1,1,1,YES
yaw215_pitch-020_roll+000,215.0,-20.0,0.0,0.02354548,01,unlabeled,unlabeled,1,1,1,YES
yaw215_pitch-025_roll+000,215.0,-25.0,0.0,0.02361552,01,unlabeled,unlabeled,1,1,1,YES
yaw215_pitch-030_roll+000,215.0,-30.0,0.0,0.02309526,01,unlabeled,unlabeled,1,1,1,YES
yaw215_pitch-035_roll+000,215.0,-35.0,0.0,0.02307309,01,unlabeled,unlabeled,1,1,1,YES
yaw215_pitch-040_roll+000,215.0,-40.0,0.0,0.02278752,01,unlabeled,unlabeled,1,1,1,YES
yaw215_pitch-045_roll+000,215.0,-45.0,0.0,0.02304669,01,unlabeled,unlabeled,1,1,1,YES
yaw215_pitch-050_roll+000,215.0,-50.0,0.0,0.02252560,01,unlabeled,unlabeled,1,1,1,YES
yaw215_pitch-055_roll+000,215.0,-55.0,0.0,0.02238223,01,unlabeled,unlabeled,1,1,1,YES
yaw215_pitch-060_roll+000,215.0,-60.0,0.0,0.02280427,01,unlabeled,unlabeled,1,1,1,YES
yaw215_pitch-065_roll+000,215.0,-65.0,0.0,0.02169484,01,unlabeled,unlabeled,1,1,1,YES
yaw215_pitch-070_roll+000,215.0,-70.0,0.0,0.02209018,01,unlabeled,unlabeled,1,1,1,YES
yaw215_pitch-075_roll+000,215.0,-75.0,0.0,0.02228018,01,unlabeled,unlabeled,1,1,1,YES
yaw215_pitch-080_roll+000,215.0,-80.0,0.0,0.02244660,01,unlabeled,unlabeled,1,1,1,YES
yaw215_pitch-085_roll+000,215.0,-85.0,0.0,0.02257983,01,unlabeled,unlabeled,1,1,1,YES
yaw215_pitch-090_roll+000,215.0,-90.0,0.0,0.02242346,01,unlabeled,unlabeled,1,1,1,YES
yaw220_pitch+000_roll+000,220.0,0.0,0.0,0.02660420,01,unlabeled,unlabeled,1,1,1,YES
yaw220_pitch+005_roll+000,220.0,5.0,0.0,0.02683325,01,unlabeled,unlabeled,1,1,1,YES
yaw220_pitch+010_roll+000,220.0,10.0,0.0,0.02659884,01,unlabeled,unlabeled,1,1,1,YES
yaw220_pitch+015_roll+000,220.0,15.0,0.0,0.02648995,01,unlabeled,unlabeled,1,1,1,YES
yaw220_pitch+020_roll+000,220.0,20.0,0.0,0.02685942,01,unlabeled,unlabeled,1,1,1,YES
yaw220_pitch+025_roll+000,220.0,25.0,0.0,0.02689722,01,unlabeled,unlabeled,1,1,1,YES
yaw220_pitch+030_roll+000,220.0,30.0,0.0,0.02780135,01,unlabeled,unlabeled,1,1,1,YES
yaw220_pitch+035_roll+000,220.0,35.0,0.0,0.02761684,01,unlabeled,unlabeled,1,1,1,YES
yaw220_pitch+040_roll+000,220.0,40.0,0.0,0.02869153,01,unlabeled,unlabeled,1,1,1,YES
yaw220_pitch+045_roll+000,220.0,45.0,0.0,0.02791821,01,unlabeled,unlabeled,1,1,1,YES
yaw220_pitch+050_roll+000,220.0,50.0,0.0,0.02832622,01,unlabeled,unlabeled,1,1,1,YES
yaw220_pitch+055_roll+000,220.0,55.0,0.0,0.02877159,01,unlabeled,unlabeled,1,1,1,YES
yaw220_pitch+060_roll+000,220.0,60.0,0.0,0.02809054,01,unlabeled,unlabeled,1,1,1,YES
yaw220_pitch+065_roll+000,220.0,65.0,0.0,0.02769783,01,unlabeled,unlabeled,1,1,1,YES
yaw220_pitch+070_roll+000,220.0,70.0,0.0,0.02716171,01,unlabeled,unlabeled,1,1,1,YES
yaw220_pitch+075_roll+000,220.0,75.0,0.0,0.02717345,01,unlabeled,unlabeled,1,1,1,YES
yaw220_pitch+080_roll+000,220.0,80.0,0.0,0.02683374,01,unlabeled,unlabeled,1,1,1,YES
yaw220_pitch+085_roll+000,220.0,85.0,0.0,0.02658665,01,unlabeled,unlabeled,1,1,1,YES
yaw220_pitch+090_roll+000,220.0,90.0,0.0,0.02774631,01,unlabeled,unlabeled,1,1,1,YES
yaw220_pitch-005_roll+000,220.0,-5.0,0.0,0.02652039,01,unlabeled,unlabeled,1,1,1,YES
yaw220_pitch-010_roll+000,220.0,-10.0,0.0,0.02644321,01,unlabeled,unlabeled,1,1,1,YES
yaw220_pitch-015_roll+000,220.0,-15.0,0.0,0.02645406,01,unlabeled,unlabeled,1,1,1,YES
yaw220_pitch-020_roll+000,220.0,-20.0,0.0,0.02548596,01,unlabeled,unlabeled,1,1,1,YES
yaw220_pitch-025_roll+000,220.0,-25.0,0.0,0.02553772,01,unlabeled,unlabeled,1,1,1,YES
yaw220_pitch-030_roll+000,220.0,-30.0,0.0,0.02546621,01,unlabeled,unlabeled,1,1,1,YES
yaw220_pitch-035_roll+000,220.0,-35.0,0.0,0.02551952,01,unlabeled,unlabeled,1,1,1,YES
yaw220_pitch-040_roll+000,220.0,-40.0,0.0,0.02535258,01,unlabeled,unlabeled,1,1,1,YES
yaw220_pitch-045_roll+000,220.0,-45.0,0.0,0.02474079,01,unlabeled,unlabeled,1,1,1,YES
yaw220_pitch-050_roll+000,220.0,-50.0,0.0,0.02462484,01,unlabeled,unlabeled,1,1,1,YES
yaw220_pitch-055_roll+000,220.0,-55.0,0.0,0.02467342,01,unlabeled,unlabeled,1,1,1,YES
yaw220_pitch-060_roll+000,220.0,-60.0,0.0,0.02448021,01,unlabeled,unlabeled,1,1,1,YES
yaw220_pitch-065_roll+000,220.0,-65.0,0.0,0.02446452,01,unlabeled,unlabeled,1,1,1,YES
yaw220_pitch-070_roll+000,220.0,-70.0,0.0,0.02424156,01,unlabeled,unlabeled,1,1,1,YES
yaw220_pitch-075_roll+000,220.0,-75.0,0.0,0.02457134,01,unlabeled,unlabeled,1,1,1,YES
yaw220_pitch-080_roll+000,220.0,-80.0,0.0,0.02469133,01,unlabeled,unlabeled,1,1,1,YES
yaw220_pitch-085_roll+000,220.0,-85.0,0.0,0.02471483,01,unlabeled,unlabeled,1,1,1,YES
yaw220_pitch-090_roll+000,220.0,-90.0,0.0,0.02475664,01,unlabeled,unlabeled,1,1,1,YES
yaw225_pitch+000_roll+000,225.0,0.0,0.0,0.03119636,01,unlabeled,unlabeled,1,1,1,YES
yaw225_pitch+005_roll+000,225.0,5.0,0.0,0.03151634,01,unlabeled,unlabeled,1,1,1,YES
yaw225_pitch+010_roll+000,225.0,10.0,0.0,0.03144046,01,unlabeled,unlabeled,1,1,1,YES
yaw225_pitch+015_roll+000,225.0,15.0,0.0,0.03121320,01,unlabeled,unlabeled,1,1,1,YES
yaw225_pitch+020_roll+000,225.0,20.0,0.0,0.03166878,01,unlabeled,unlabeled,1,1,1,YES
yaw225_pitch+025_roll+000,225.0,25.0,0.0,0.03137024,01,unlabeled,unlabeled,1,1,1,YES
yaw225_pitch+030_roll+000,225.0,30.0,0.0,0.03158570,01,unlabeled,unlabeled,1,1,1,YES
yaw225_pitch+035_roll+000,225.0,35.0,0.0,0.03176374,01,unlabeled,unlabeled,1,1,1,YES
yaw225_pitch+040_roll+000,225.0,40.0,0.0,0.03212149,01,unlabeled,unlabeled,1,1,1,YES
yaw225_pitch+045_roll+000,225.0,45.0,0.0,0.03302330,01,unlabeled,unlabeled,1,1,1,YES
yaw225_pitch+050_roll+000,225.0,50.0,0.0,0.03288185,01,unlabeled,unlabeled,1,1,1,YES
yaw225_pitch+055_roll+000,225.0,55.0,0.0,0.03300156,01,unlabeled,unlabeled,1,1,1,YES
yaw225_pitch+060_roll+000,225.0,60.0,0.0,0.03367038,01,unlabeled,unlabeled,1,1,1,YES
yaw225_pitch+065_roll+000,225.0,65.0,0.0,0.03369769,01,unlabeled,unlabeled,1,1,1,YES
yaw225_pitch+070_roll+000,225.0,70.0,0.0,0.03370828,01,unlabeled,unlabeled,1,1,1,YES
yaw225_pitch+075_roll+000,225.0,75.0,0.0,0.03325986,01,unlabeled,unlabeled,1,1,1,YES
yaw225_pitch+080_roll+000,225.0,80.0,0.0,0.03319653,01,unlabeled,unlabeled,1,1,1,YES
yaw225_pitch+085_roll+000,225.0,85.0,0.0,0.03268113,01,unlabeled,unlabeled,1,1,1,YES
yaw225_pitch+090_roll+000,225.0,90.0,0.0,0.03217179,01,unlabeled,unlabeled,1,1,1,YES
yaw225_pitch-005_roll+000,225.0,-5.0,0.0,0.03162536,01,unlabeled,unlabeled,1,1,1,YES
yaw225_pitch-010_roll+000,225.0,-10.0,0.0,0.03141370,01,unlabeled,unlabeled,1,1,1,YES
yaw225_pitch-015_roll+000,225.0,-15.0,0.0,0.03101143,01,unlabeled,unlabeled,1,1,1,YES
yaw225_pitch-020_roll+000,225.0,-20.0,0.0,0.03044989,01,unlabeled,unlabeled,1,1,1,YES
yaw225_pitch-025_roll+000,225.0,-25.0,0.0,0.03009133,01,unlabeled,unlabeled,1,1,1,YES
yaw225_pitch-030_roll+000,225.0,-30.0,0.0,0.02977957,01,unlabeled,unlabeled,1,1,1,YES
yaw225_pitch-035_roll+000,225.0,-35.0,0.0,0.02963581,01,unlabeled,unlabeled,1,1,1,YES
yaw225_pitch-040_roll+000,225.0,-40.0,0.0,0.02928635,01,unlabeled,unlabeled,1,1,1,YES
yaw225_pitch-045_roll+000,225.0,-45.0,0.0,0.02928253,01,unlabeled,unlabeled,1,1,1,YES
yaw225_pitch-050_roll+000,225.0,-50.0,0.0,0.02890960,01,unlabeled,unlabeled,1,1,1,YES
yaw225_pitch-055_roll+000,225.0,-55.0,0.0,0.02886681,01,unlabeled,unlabeled,1,1,1,YES
yaw225_pitch-060_roll+000,225.0,-60.0,0.0,0.02862967,01,unlabeled,unlabeled,1,1,1,YES
yaw225_pitch-065_roll+000,225.0,-65.0,0.0,0.02815710,01,unlabeled,unlabeled,1,1,1,YES
yaw225_pitch-070_roll+000,225.0,-70.0,0.0,0.02834945,01,unlabeled,unlabeled,1,1,1,YES
yaw225_pitch-075_roll+000,225.0,-75.0,0.0,0.02842748,01,unlabeled,unlabeled,1,1,1,YES
yaw225_pitch-080_roll+000,225.0,-80.0,0.0,0.02864126,01,unlabeled,unlabeled,1,1,1,YES
yaw225_pitch-085_roll+000,225.0,-85.0,0.0,0.02856182,01,unlabeled,unlabeled,1,1,1,YES
yaw225_pitch-090_roll+000,225.0,-90.0,0.0,0.02890078,01,unlabeled,unlabeled,1,1,1,YES
yaw230_pitch+000_roll+000,230.0,0.0,0.0,0.04098467,01,unlabeled,unlabeled,1,1,1,YES
yaw230_pitch+005_roll+000,230.0,5.0,0.0,0.04109365,01,unlabeled,unlabeled,1,1,1,YES
yaw230_pitch+010_roll+000,230.0,10.0,0.0,0.04145951,01,unlabeled,unlabeled,1,1,1,YES
yaw230_pitch+015_roll+000,230.0,15.0,0.0,0.04130265,01,R1_high_info,high-info,1,1,1,YES
yaw230_pitch+020_roll+000,230.0,20.0,0.0,0.04103184,01,R1_high_info,high-info,1,1,1,YES
yaw230_pitch+025_roll+000,230.0,25.0,0.0,0.04053040,01,R1_high_info,high-info,1,1,1,YES
yaw230_pitch+030_roll+000,230.0,30.0,0.0,0.04101995,01,R1_high_info,high-info,1,1,1,YES
yaw230_pitch+035_roll+000,230.0,35.0,0.0,0.04105694,01,R1_high_info,high-info,1,1,1,YES
yaw230_pitch+040_roll+000,230.0,40.0,0.0,0.04127721,01,unlabeled,unlabeled,1,1,1,YES
yaw230_pitch+045_roll+000,230.0,45.0,0.0,0.04146685,01,unlabeled,unlabeled,1,1,1,YES
yaw230_pitch+050_roll+000,230.0,50.0,0.0,0.04234922,01,unlabeled,unlabeled,1,1,1,YES
yaw230_pitch+055_roll+000,230.0,55.0,0.0,0.04190799,01,unlabeled,unlabeled,1,1,1,YES
yaw230_pitch+060_roll+000,230.0,60.0,0.0,0.04235137,01,unlabeled,unlabeled,1,1,1,YES
yaw230_pitch+065_roll+000,230.0,65.0,0.0,0.04300184,01,unlabeled,unlabeled,1,1,1,YES
yaw230_pitch+070_roll+000,230.0,70.0,0.0,0.04363591,01,unlabeled,unlabeled,1,1,1,YES
yaw230_pitch+075_roll+000,230.0,75.0,0.0,0.04317253,01,unlabeled,unlabeled,1,1,1,YES
yaw230_pitch+080_roll+000,230.0,80.0,0.0,0.04361130,01,unlabeled,unlabeled,1,1,1,YES
yaw230_pitch+085_roll+000,230.0,85.0,0.0,0.04353234,01,unlabeled,unlabeled,1,1,1,YES
yaw230_pitch+090_roll+000,230.0,90.0,0.0,0.04285624,01,unlabeled,unlabeled,1,1,1,YES
yaw230_pitch-005_roll+000,230.0,-5.0,0.0,0.04122589,01,unlabeled,unlabeled,1,1,1,YES
yaw230_pitch-010_roll+000,230.0,-10.0,0.0,0.04114674,01,unlabeled,unlabeled,1,1,1,YES
yaw230_pitch-015_roll+000,230.0,-15.0,0.0,0.04014921,01,unlabeled,unlabeled,1,1,1,YES
yaw230_pitch-020_roll+000,230.0,-20.0,0.0,0.03999842,01,unlabeled,unlabeled,1,1,1,YES
yaw230_pitch-025_roll+000,230.0,-25.0,0.0,0.03947050,01,unlabeled,unlabeled,1,1,1,YES
yaw230_pitch-030_roll+000,230.0,-30.0,0.0,0.03843358,01,unlabeled,unlabeled,1,1,1,YES
yaw230_pitch-035_roll+000,230.0,-35.0,0.0,0.03809073,01,unlabeled,unlabeled,1,1,1,YES
yaw230_pitch-040_roll+000,230.0,-40.0,0.0,0.03812124,01,unlabeled,unlabeled,1,1,1,YES
yaw230_pitch-045_roll+000,230.0,-45.0,0.0,0.03735683,01,unlabeled,unlabeled,1,1,1,YES
yaw230_pitch-050_roll+000,230.0,-50.0,0.0,0.03718663,01,unlabeled,unlabeled,1,1,1,YES
yaw230_pitch-055_roll+000,230.0,-55.0,0.0,0.03658179,01,unlabeled,unlabeled,1,1,1,YES
yaw230_pitch-060_roll+000,230.0,-60.0,0.0,0.03659922,01,unlabeled,unlabeled,1,1,1,YES
yaw230_pitch-065_roll+000,230.0,-65.0,0.0,0.03649477,01,unlabeled,unlabeled,1,1,1,YES
yaw230_pitch-070_roll+000,230.0,-70.0,0.0,0.03681813,01,unlabeled,unlabeled,1,1,1,YES
yaw230_pitch-075_roll+000,230.0,-75.0,0.0,0.03692154,01,unlabeled,unlabeled,1,1,1,YES
yaw230_pitch-080_roll+000,230.0,-80.0,0.0,0.03688414,01,unlabeled,unlabeled,1,1,1,YES
yaw230_pitch-085_roll+000,230.0,-85.0,0.0,0.03704527,01,unlabeled,unlabeled,1,1,1,YES
yaw230_pitch-090_roll+000,230.0,-90.0,0.0,0.03699121,01,unlabeled,unlabeled,1,1,1,YES
yaw235_pitch+000_roll+000,235.0,0.0,0.0,0.05254317,01,unlabeled,unlabeled,1,1,1,YES
yaw235_pitch+005_roll+000,235.0,5.0,0.0,0.05282221,01,unlabeled,unlabeled,1,1,1,YES
yaw235_pitch+010_roll+000,235.0,10.0,0.0,0.05263705,01,unlabeled,unlabeled,1,1,1,YES
yaw235_pitch+015_roll+000,235.0,15.0,0.0,0.05228200,01,R1_high_info,high-info,1,1,1,YES
yaw235_pitch+020_roll+000,235.0,20.0,0.0,0.05212304,01,R1_high_info,high-info,1,1,1,YES
yaw235_pitch+025_roll+000,235.0,25.0,0.0,0.05180625,01,R1_high_info,high-info,1,1,1,YES
yaw235_pitch+030_roll+000,235.0,30.0,0.0,0.05150686,01,R1_high_info,high-info,1,1,1,YES
yaw235_pitch+035_roll+000,235.0,35.0,0.0,0.05133057,01,R1_high_info,high-info,1,1,1,YES
yaw235_pitch+040_roll+000,235.0,40.0,0.0,0.05238388,01,unlabeled,unlabeled,1,1,1,YES
yaw235_pitch+045_roll+000,235.0,45.0,0.0,0.05233044,01,unlabeled,unlabeled,1,1,1,YES
yaw235_pitch+050_roll+000,235.0,50.0,0.0,0.05226663,01,unlabeled,unlabeled,1,1,1,YES
yaw235_pitch+055_roll+000,235.0,55.0,0.0,0.05275789,01,unlabeled,unlabeled,1,1,1,YES
yaw235_pitch+060_roll+000,235.0,60.0,0.0,0.05221127,01,unlabeled,unlabeled,1,1,1,YES
yaw235_pitch+065_roll+000,235.0,65.0,0.0,0.05330637,01,unlabeled,unlabeled,1,1,1,YES
yaw235_pitch+070_roll+000,235.0,70.0,0.0,0.05385807,01,unlabeled,unlabeled,1,1,1,YES
yaw235_pitch+075_roll+000,235.0,75.0,0.0,0.05358189,01,unlabeled,unlabeled,1,1,1,YES
yaw235_pitch+080_roll+000,235.0,80.0,0.0,0.05382662,01,unlabeled,unlabeled,1,1,1,YES
yaw235_pitch+085_roll+000,235.0,85.0,0.0,0.05454716,01,unlabeled,unlabeled,1,1,1,YES
yaw235_pitch+090_roll+000,235.0,90.0,0.0,0.05371153,01,unlabeled,unlabeled,1,1,1,YES
yaw235_pitch-005_roll+000,235.0,-5.0,0.0,0.05186558,01,unlabeled,unlabeled,1,1,1,YES
yaw235_pitch-010_roll+000,235.0,-10.0,0.0,0.05123741,01,unlabeled,unlabeled,1,1,1,YES
yaw235_pitch-015_roll+000,235.0,-15.0,0.0,0.05058884,01,unlabeled,unlabeled,1,1,1,YES
yaw235_pitch-020_roll+000,235.0,-20.0,0.0,0.04985337,01,unlabeled,unlabeled,1,1,1,YES
yaw235_pitch-025_roll+000,235.0,-25.0,0.0,0.04851259,01,unlabeled,unlabeled,1,1,1,YES
yaw235_pitch-030_roll+000,235.0,-30.0,0.0,0.04784640,01,unlabeled,unlabeled,1,1,1,YES
yaw235_pitch-035_roll+000,235.0,-35.0,0.0,0.04734972,01,unlabeled,unlabeled,1,1,1,YES
yaw235_pitch-040_roll+000,235.0,-40.0,0.0,0.04722562,01,unlabeled,unlabeled,1,1,1,YES
yaw235_pitch-045_roll+000,235.0,-45.0,0.0,0.04680694,01,unlabeled,unlabeled,1,1,1,YES
yaw235_pitch-050_roll+000,235.0,-50.0,0.0,0.04629120,01,unlabeled,unlabeled,1,1,1,YES
yaw235_pitch-055_roll+000,235.0,-55.0,0.0,0.04576467,01,unlabeled,unlabeled,1,1,1,YES
yaw235_pitch-060_roll+000,235.0,-60.0,0.0,0.04573152,01,unlabeled,unlabeled,1,1,1,YES
yaw235_pitch-065_roll+000,235.0,-65.0,0.0,0.04639565,01,unlabeled,unlabeled,1,1,1,YES
yaw235_pitch-070_roll+000,235.0,-70.0,0.0,0.04568953,01,unlabeled,unlabeled,1,1,1,YES
yaw235_pitch-075_roll+000,235.0,-75.0,0.0,0.04619766,01,unlabeled,unlabeled,1,1,1,YES
yaw235_pitch-080_roll+000,235.0,-80.0,0.0,0.04605639,01,unlabeled,unlabeled,1,1,1,YES
yaw235_pitch-085_roll+000,235.0,-85.0,0.0,0.04628607,01,unlabeled,unlabeled,1,1,1,YES
yaw235_pitch-090_roll+000,235.0,-90.0,0.0,0.04679657,01,unlabeled,unlabeled,1,1,1,YES
yaw240_pitch+000_roll+000,240.0,0.0,0.0,0.05221084,01,unlabeled,unlabeled,1,1,1,YES
yaw240_pitch+005_roll+000,240.0,5.0,0.0,0.05231861,01,unlabeled,unlabeled,1,1,1,YES
yaw240_pitch+010_roll+000,240.0,10.0,0.0,0.05283773,01,unlabeled,unlabeled,1,1,1,YES
yaw240_pitch+015_roll+000,240.0,15.0,0.0,0.05261230,01,R1_high_info,high-info,1,1,1,YES
yaw240_pitch+020_roll+000,240.0,20.0,0.0,0.05270049,01,R1_high_info,high-info,1,1,1,YES
yaw240_pitch+025_roll+000,240.0,25.0,0.0,0.05214143,01,R1_high_info,high-info,1,1,1,YES
yaw240_pitch+030_roll+000,240.0,30.0,0.0,0.05175591,01,R1_high_info,high-info,1,1,1,YES
yaw240_pitch+035_roll+000,240.0,35.0,0.0,0.05156162,01,R1_high_info,high-info,1,1,1,YES
yaw240_pitch+040_roll+000,240.0,40.0,0.0,0.05197208,01,R1_high_info,high-info,1,1,1,YES
yaw240_pitch+045_roll+000,240.0,45.0,0.0,0.05167585,01,unlabeled,unlabeled,1,1,1,YES
yaw240_pitch+050_roll+000,240.0,50.0,0.0,0.05208270,01,unlabeled,unlabeled,1,1,1,YES
yaw240_pitch+055_roll+000,240.0,55.0,0.0,0.05250009,01,unlabeled,unlabeled,1,1,1,YES
yaw240_pitch+060_roll+000,240.0,60.0,0.0,0.05300046,01,unlabeled,unlabeled,1,1,1,YES
yaw240_pitch+065_roll+000,240.0,65.0,0.0,0.05350022,01,unlabeled,unlabeled,1,1,1,YES
yaw240_pitch+070_roll+000,240.0,70.0,0.0,0.05368091,01,unlabeled,unlabeled,1,1,1,YES
yaw240_pitch+075_roll+000,240.0,75.0,0.0,0.05348061,01,unlabeled,unlabeled,1,1,1,YES
yaw240_pitch+080_roll+000,240.0,80.0,0.0,0.05439101,01,unlabeled,unlabeled,1,1,1,YES
yaw240_pitch+085_roll+000,240.0,85.0,0.0,0.05457509,01,unlabeled,unlabeled,1,1,1,YES
yaw240_pitch+090_roll+000,240.0,90.0,0.0,0.05565755,01,unlabeled,unlabeled,1,1,1,YES
yaw240_pitch-005_roll+000,240.0,-5.0,0.0,0.05170612,01,unlabeled,unlabeled,1,1,1,YES
yaw240_pitch-010_roll+000,240.0,-10.0,0.0,0.05128360,01,unlabeled,unlabeled,1,1,1,YES
yaw240_pitch-015_roll+000,240.0,-15.0,0.0,0.05028327,01,unlabeled,unlabeled,1,1,1,YES
yaw240_pitch-020_roll+000,240.0,-20.0,0.0,0.04949278,01,unlabeled,unlabeled,1,1,1,YES
yaw240_pitch-025_roll+000,240.0,-25.0,0.0,0.04899824,01,unlabeled,unlabeled,1,1,1,YES
yaw240_pitch-030_roll+000,240.0,-30.0,0.0,0.04740967,01,unlabeled,unlabeled,1,1,1,YES
yaw240_pitch-035_roll+000,240.0,-35.0,0.0,0.04671800,01,unlabeled,unlabeled,1,1,1,YES
yaw240_pitch-040_roll+000,240.0,-40.0,0.0,0.04670024,01,unlabeled,unlabeled,1,1,1,YES
yaw240_pitch-045_roll+000,240.0,-45.0,0.0,0.04608449,01,unlabeled,unlabeled,1,1,1,YES
yaw240_pitch-050_roll+000,240.0,-50.0,0.0,0.04575823,01,unlabeled,unlabeled,1,1,1,YES
yaw240_pitch-055_roll+000,240.0,-55.0,0.0,0.04529295,01,unlabeled,unlabeled,1,1,1,YES
yaw240_pitch-060_roll+000,240.0,-60.0,0.0,0.04535474,01,unlabeled,unlabeled,1,1,1,YES
yaw240_pitch-065_roll+000,240.0,-65.0,0.0,0.04506955,01,unlabeled,unlabeled,1,1,1,YES
yaw240_pitch-070_roll+000,240.0,-70.0,0.0,0.04588758,01,unlabeled,unlabeled,1,1,1,YES
yaw240_pitch-075_roll+000,240.0,-75.0,0.0,0.04581427,01,unlabeled,unlabeled,1,1,1,YES
yaw240_pitch-080_roll+000,240.0,-80.0,0.0,0.04625458,01,unlabeled,unlabeled,1,1,1,YES
yaw240_pitch-085_roll+000,240.0,-85.0,0.0,0.04609291,01,unlabeled,unlabeled,1,1,1,YES
yaw240_pitch-090_roll+000,240.0,-90.0,0.0,0.04611486,01,unlabeled,unlabeled,1,1,1,YES
yaw245_pitch+000_roll+000,245.0,0.0,0.0,0.04071595,01,unlabeled,unlabeled,1,1,1,YES
yaw245_pitch+005_roll+000,245.0,5.0,0.0,0.04136746,01,unlabeled,unlabeled,1,1,1,YES
yaw245_pitch+010_roll+000,245.0,10.0,0.0,0.04167865,01,unlabeled,unlabeled,1,1,1,YES
yaw245_pitch+015_roll+000,245.0,15.0,0.0,0.04172560,01,R1_high_info,high-info,1,1,1,YES
yaw245_pitch+020_roll+000,245.0,20.0,0.0,0.04182278,01,R1_high_info,high-info,1,1,1,YES
yaw245_pitch+025_roll+000,245.0,25.0,0.0,0.04110295,01,R1_high_info,high-info,1,1,1,YES
yaw245_pitch+030_roll+000,245.0,30.0,0.0,0.04084094,01,R1_high_info,high-info,1,1,1,YES
yaw245_pitch+035_roll+000,245.0,35.0,0.0,0.04067748,01,R1_high_info,high-info,1,1,1,YES
yaw245_pitch+040_roll+000,245.0,40.0,0.0,0.04115382,01,R1_high_info,high-info,1,1,1,YES
yaw245_pitch+045_roll+000,245.0,45.0,0.0,0.04102079,01,unlabeled,unlabeled,1,1,1,YES
yaw245_pitch+050_roll+000,245.0,50.0,0.0,0.04082131,01,unlabeled,unlabeled,1,1,1,YES
yaw245_pitch+055_roll+000,245.0,55.0,0.0,0.04152547,01,unlabeled,unlabeled,1,1,1,YES
yaw245_pitch+060_roll+000,245.0,60.0,0.0,0.04157663,01,unlabeled,unlabeled,1,1,1,YES
yaw245_pitch+065_roll+000,245.0,65.0,0.0,0.04239686,01,unlabeled,unlabeled,1,1,1,YES
yaw245_pitch+070_roll+000,245.0,70.0,0.0,0.04231168,01,unlabeled,unlabeled,1,1,1,YES
yaw245_pitch+075_roll+000,245.0,75.0,0.0,0.04269633,01,unlabeled,unlabeled,1,1,1,YES
yaw245_pitch+080_roll+000,245.0,80.0,0.0,0.04298380,01,unlabeled,unlabeled,1,1,1,YES
yaw245_pitch+085_roll+000,245.0,85.0,0.0,0.04331470,01,unlabeled,unlabeled,1,1,1,YES
yaw245_pitch+090_roll+000,245.0,90.0,0.0,0.04432932,01,unlabeled,unlabeled,1,1,1,YES
yaw245_pitch-005_roll+000,245.0,-5.0,0.0,0.04100001,01,unlabeled,unlabeled,1,1,1,YES
yaw245_pitch-010_roll+000,245.0,-10.0,0.0,0.04045808,01,unlabeled,unlabeled,1,1,1,YES
yaw245_pitch-015_roll+000,245.0,-15.0,0.0,0.03962285,01,unlabeled,unlabeled,1,1,1,YES
yaw245_pitch-020_roll+000,245.0,-20.0,0.0,0.03886366,01,unlabeled,unlabeled,1,1,1,YES
yaw245_pitch-025_roll+000,245.0,-25.0,0.0,0.03837424,01,unlabeled,unlabeled,1,1,1,YES
yaw245_pitch-030_roll+000,245.0,-30.0,0.0,0.03797397,01,unlabeled,unlabeled,1,1,1,YES
yaw245_pitch-035_roll+000,245.0,-35.0,0.0,0.03743790,01,unlabeled,unlabeled,1,1,1,YES
yaw245_pitch-040_roll+000,245.0,-40.0,0.0,0.03753638,01,unlabeled,unlabeled,1,1,1,YES
yaw245_pitch-045_roll+000,245.0,-45.0,0.0,0.03681773,01,unlabeled,unlabeled,1,1,1,YES
yaw245_pitch-050_roll+000,245.0,-50.0,0.0,0.03651910,01,unlabeled,unlabeled,1,1,1,YES
yaw245_pitch-055_roll+000,245.0,-55.0,0.0,0.03600730,01,unlabeled,unlabeled,1,1,1,YES
yaw245_pitch-060_roll+000,245.0,-60.0,0.0,0.03642472,01,unlabeled,unlabeled,1,1,1,YES
yaw245_pitch-065_roll+000,245.0,-65.0,0.0,0.03614791,01,unlabeled,unlabeled,1,1,1,YES
yaw245_pitch-070_roll+000,245.0,-70.0,0.0,0.03609458,01,unlabeled,unlabeled,1,1,1,YES
yaw245_pitch-075_roll+000,245.0,-75.0,0.0,0.03607874,01,unlabeled,unlabeled,1,1,1,YES
yaw245_pitch-080_roll+000,245.0,-80.0,0.0,0.03574901,01,unlabeled,unlabeled,1,1,1,YES
yaw245_pitch-085_roll+000,245.0,-85.0,0.0,0.03559133,01,unlabeled,unlabeled,1,1,1,YES
yaw245_pitch-090_roll+000,245.0,-90.0,0.0,0.03600799,01,unlabeled,unlabeled,1,1,1,YES
yaw250_pitch+000_roll+000,250.0,0.0,0.0,0.03115901,01,unlabeled,unlabeled,1,1,1,YES
yaw250_pitch+005_roll+000,250.0,5.0,0.0,0.03171478,01,unlabeled,unlabeled,1,1,1,YES
yaw250_pitch+010_roll+000,250.0,10.0,0.0,0.03157672,01,unlabeled,unlabeled,1,1,1,YES
yaw250_pitch+015_roll+000,250.0,15.0,0.0,0.03176390,01,R1_high_info,high-info,1,1,1,YES
yaw250_pitch+020_roll+000,250.0,20.0,0.0,0.03199994,01,R1_high_info,high-info,1,1,1,YES
yaw250_pitch+025_roll+000,250.0,25.0,0.0,0.03198332,01,R1_high_info,high-info,1,1,1,YES
yaw250_pitch+030_roll+000,250.0,30.0,0.0,0.03152856,01,R1_high_info,high-info,1,1,1,YES
yaw250_pitch+035_roll+000,250.0,35.0,0.0,0.03137455,01,R1_high_info,high-info,1,1,1,YES
yaw250_pitch+040_roll+000,250.0,40.0,0.0,0.03117641,01,R1_high_info,high-info,1,1,1,YES
yaw250_pitch+045_roll+000,250.0,45.0,0.0,0.03085044,01,unlabeled,unlabeled,1,1,1,YES
yaw250_pitch+050_roll+000,250.0,50.0,0.0,0.03128275,01,unlabeled,unlabeled,1,1,1,YES
yaw250_pitch+055_roll+000,250.0,55.0,0.0,0.03145934,01,unlabeled,unlabeled,1,1,1,YES
yaw250_pitch+060_roll+000,250.0,60.0,0.0,0.03195681,01,unlabeled,unlabeled,1,1,1,YES
yaw250_pitch+065_roll+000,250.0,65.0,0.0,0.03176421,01,unlabeled,unlabeled,1,1,1,YES
yaw250_pitch+070_roll+000,250.0,70.0,0.0,0.03243652,01,unlabeled,unlabeled,1,1,1,YES
yaw250_pitch+075_roll+000,250.0,75.0,0.0,0.03268985,01,unlabeled,unlabeled,1,1,1,YES
yaw250_pitch+080_roll+000,250.0,80.0,0.0,0.03276177,01,unlabeled,unlabeled,1,1,1,YES
yaw250_pitch+085_roll+000,250.0,85.0,0.0,0.03285900,01,unlabeled,unlabeled,1,1,1,YES
yaw250_pitch+090_roll+000,250.0,90.0,0.0,0.03188661,01,unlabeled,unlabeled,1,1,1,YES
yaw250_pitch-005_roll+000,250.0,-5.0,0.0,0.03101985,01,unlabeled,unlabeled,1,1,1,YES
yaw250_pitch-010_roll+000,250.0,-10.0,0.0,0.03043819,01,unlabeled,unlabeled,1,1,1,YES
yaw250_pitch-015_roll+000,250.0,-15.0,0.0,0.03001232,01,unlabeled,unlabeled,1,1,1,YES
yaw250_pitch-020_roll+000,250.0,-20.0,0.0,0.03023302,01,unlabeled,unlabeled,1,1,1,YES
yaw250_pitch-025_roll+000,250.0,-25.0,0.0,0.02935728,01,unlabeled,unlabeled,1,1,1,YES
yaw250_pitch-030_roll+000,250.0,-30.0,0.0,0.02913616,01,unlabeled,unlabeled,1,1,1,YES
yaw250_pitch-035_roll+000,250.0,-35.0,0.0,0.02948229,01,unlabeled,unlabeled,1,1,1,YES
yaw250_pitch-040_roll+000,250.0,-40.0,0.0,0.02866748,01,unlabeled,unlabeled,1,1,1,YES
yaw250_pitch-045_roll+000,250.0,-45.0,0.0,0.02838520,01,unlabeled,unlabeled,1,1,1,YES
yaw250_pitch-050_roll+000,250.0,-50.0,0.0,0.02778249,01,unlabeled,unlabeled,1,1,1,YES
yaw250_pitch-055_roll+000,250.0,-55.0,0.0,0.02758320,01,unlabeled,unlabeled,1,1,1,YES
yaw250_pitch-060_roll+000,250.0,-60.0,0.0,0.02787903,01,unlabeled,unlabeled,1,1,1,YES
yaw250_pitch-065_roll+000,250.0,-65.0,0.0,0.02788377,01,unlabeled,unlabeled,1,1,1,YES
yaw250_pitch-070_roll+000,250.0,-70.0,0.0,0.02708040,01,unlabeled,unlabeled,1,1,1,YES
yaw250_pitch-075_roll+000,250.0,-75.0,0.0,0.02680989,01,unlabeled,unlabeled,1,1,1,YES
yaw250_pitch-080_roll+000,250.0,-80.0,0.0,0.02666780,01,unlabeled,unlabeled,1,1,1,YES
yaw250_pitch-085_roll+000,250.0,-85.0,0.0,0.02662624,01,unlabeled,unlabeled,1,1,1,YES
yaw250_pitch-090_roll+000,250.0,-90.0,0.0,0.02643557,01,unlabeled,unlabeled,1,1,1,YES
yaw255_pitch+000_roll+000,255.0,0.0,0.0,0.02658720,01,unlabeled,unlabeled,1,1,1,YES
yaw255_pitch+005_roll+000,255.0,5.0,0.0,0.02660957,01,unlabeled,unlabeled,1,1,1,YES
yaw255_pitch+010_roll+000,255.0,10.0,0.0,0.02665882,01,unlabeled,unlabeled,1,1,1,YES
yaw255_pitch+015_roll+000,255.0,15.0,0.0,0.02677498,01,unlabeled,unlabeled,1,1,1,YES
yaw255_pitch+020_roll+000,255.0,20.0,0.0,0.02711644,01,unlabeled,unlabeled,1,1,1,YES
yaw255_pitch+025_roll+000,255.0,25.0,0.0,0.02667934,01,unlabeled,unlabeled,1,1,1,YES
yaw255_pitch+030_roll+000,255.0,30.0,0.0,0.02692422,01,unlabeled,unlabeled,1,1,1,YES
yaw255_pitch+035_roll+000,255.0,35.0,0.0,0.02689278,01,unlabeled,unlabeled,1,1,1,YES
yaw255_pitch+040_roll+000,255.0,40.0,0.0,0.02626134,01,unlabeled,unlabeled,1,1,1,YES
yaw255_pitch+045_roll+000,255.0,45.0,0.0,0.02631998,01,unlabeled,unlabeled,1,1,1,YES
yaw255_pitch+050_roll+000,255.0,50.0,0.0,0.02599396,01,unlabeled,unlabeled,1,1,1,YES
yaw255_pitch+055_roll+000,255.0,55.0,0.0,0.02596249,01,unlabeled,unlabeled,1,1,1,YES
yaw255_pitch+060_roll+000,255.0,60.0,0.0,0.02641773,01,unlabeled,unlabeled,1,1,1,YES
yaw255_pitch+065_roll+000,255.0,65.0,0.0,0.02662575,01,unlabeled,unlabeled,1,1,1,YES
yaw255_pitch+070_roll+000,255.0,70.0,0.0,0.02655533,01,unlabeled,unlabeled,1,1,1,YES
yaw255_pitch+075_roll+000,255.0,75.0,0.0,0.02698638,01,unlabeled,unlabeled,1,1,1,YES
yaw255_pitch+080_roll+000,255.0,80.0,0.0,0.02708647,01,unlabeled,unlabeled,1,1,1,YES
yaw255_pitch+085_roll+000,255.0,85.0,0.0,0.02720940,01,unlabeled,unlabeled,1,1,1,YES
yaw255_pitch+090_roll+000,255.0,90.0,0.0,0.02762649,01,unlabeled,unlabeled,1,1,1,YES
yaw255_pitch-005_roll+000,255.0,-5.0,0.0,0.02615515,01,unlabeled,unlabeled,1,1,1,YES
yaw255_pitch-010_roll+000,255.0,-10.0,0.0,0.02555877,01,unlabeled,unlabeled,1,1,1,YES
yaw255_pitch-015_roll+000,255.0,-15.0,0.0,0.02570787,01,unlabeled,unlabeled,1,1,1,YES
yaw255_pitch-020_roll+000,255.0,-20.0,0.0,0.02556398,01,unlabeled,unlabeled,1,1,1,YES
yaw255_pitch-025_roll+000,255.0,-25.0,0.0,0.02581880,01,unlabeled,unlabeled,1,1,1,YES
yaw255_pitch-030_roll+000,255.0,-30.0,0.0,0.02507626,01,unlabeled,unlabeled,1,1,1,YES
yaw255_pitch-035_roll+000,255.0,-35.0,0.0,0.02506397,01,unlabeled,unlabeled,1,1,1,YES
yaw255_pitch-040_roll+000,255.0,-40.0,0.0,0.02430319,01,unlabeled,unlabeled,1,1,1,YES
yaw255_pitch-045_roll+000,255.0,-45.0,0.0,0.02441932,01,unlabeled,unlabeled,1,1,1,YES
yaw255_pitch-050_roll+000,255.0,-50.0,0.0,0.02390451,01,unlabeled,unlabeled,1,1,1,YES
yaw255_pitch-055_roll+000,255.0,-55.0,0.0,0.02358463,01,unlabeled,unlabeled,1,1,1,YES
yaw255_pitch-060_roll+000,255.0,-60.0,0.0,0.02325580,01,unlabeled,unlabeled,1,1,1,YES
yaw255_pitch-065_roll+000,255.0,-65.0,0.0,0.02268622,01,unlabeled,unlabeled,1,1,1,YES
yaw255_pitch-070_roll+000,255.0,-70.0,0.0,0.02241091,01,unlabeled,unlabeled,1,1,1,YES
yaw255_pitch-075_roll+000,255.0,-75.0,0.0,0.02236438,01,unlabeled,unlabeled,1,1,1,YES
yaw255_pitch-080_roll+000,255.0,-80.0,0.0,0.02213064,01,unlabeled,unlabeled,1,1,1,YES
yaw255_pitch-085_roll+000,255.0,-85.0,0.0,0.02206774,01,unlabeled,unlabeled,1,1,1,YES
yaw255_pitch-090_roll+000,255.0,-90.0,0.0,0.02158816,01,unlabeled,unlabeled,1,1,1,YES
yaw260_pitch+000_roll+000,260.0,0.0,0.0,0.02239602,01,unlabeled,unlabeled,1,1,1,YES
yaw260_pitch+005_roll+000,260.0,5.0,0.0,0.02324259,01,unlabeled,unlabeled,1,1,1,YES
yaw260_pitch+010_roll+000,260.0,10.0,0.0,0.02380474,01,unlabeled,unlabeled,1,1,1,YES
yaw260_pitch+015_roll+000,260.0,15.0,0.0,0.02387542,01,unlabeled,unlabeled,1,1,1,YES
yaw260_pitch+020_roll+000,260.0,20.0,0.0,0.02410477,01,unlabeled,unlabeled,1,1,1,YES
yaw260_pitch+025_roll+000,260.0,25.0,0.0,0.02408628,01,unlabeled,unlabeled,1,1,1,YES
yaw260_pitch+030_roll+000,260.0,30.0,0.0,0.02425941,01,unlabeled,unlabeled,1,1,1,YES
yaw260_pitch+035_roll+000,260.0,35.0,0.0,0.02425680,01,unlabeled,unlabeled,1,1,1,YES
yaw260_pitch+040_roll+000,260.0,40.0,0.0,0.02414648,01,unlabeled,unlabeled,1,1,1,YES
yaw260_pitch+045_roll+000,260.0,45.0,0.0,0.02416332,01,unlabeled,unlabeled,1,1,1,YES
yaw260_pitch+050_roll+000,260.0,50.0,0.0,0.02403367,01,unlabeled,unlabeled,1,1,1,YES
yaw260_pitch+055_roll+000,260.0,55.0,0.0,0.02344370,01,unlabeled,unlabeled,1,1,1,YES
yaw260_pitch+060_roll+000,260.0,60.0,0.0,0.02334095,01,unlabeled,unlabeled,1,1,1,YES
yaw260_pitch+065_roll+000,260.0,65.0,0.0,0.02334640,01,unlabeled,unlabeled,1,1,1,YES
yaw260_pitch+070_roll+000,260.0,70.0,0.0,0.02358836,01,unlabeled,unlabeled,1,1,1,YES
yaw260_pitch+075_roll+000,260.0,75.0,0.0,0.02403758,01,unlabeled,unlabeled,1,1,1,YES
yaw260_pitch+080_roll+000,260.0,80.0,0.0,0.02447669,01,unlabeled,unlabeled,1,1,1,YES
yaw260_pitch+085_roll+000,260.0,85.0,0.0,0.02526738,01,unlabeled,unlabeled,1,1,1,YES
yaw260_pitch+090_roll+000,260.0,90.0,0.0,0.02487137,01,unlabeled,unlabeled,1,1,1,YES
yaw260_pitch-005_roll+000,260.0,-5.0,0.0,0.02298371,01,unlabeled,unlabeled,1,1,1,YES
yaw260_pitch-010_roll+000,260.0,-10.0,0.0,0.02274982,01,unlabeled,unlabeled,1,1,1,YES
yaw260_pitch-015_roll+000,260.0,-15.0,0.0,0.02327505,01,unlabeled,unlabeled,1,1,1,YES
yaw260_pitch-020_roll+000,260.0,-20.0,0.0,0.02264338,01,unlabeled,unlabeled,1,1,1,YES
yaw260_pitch-025_roll+000,260.0,-25.0,0.0,0.02266829,01,unlabeled,unlabeled,1,1,1,YES
yaw260_pitch-030_roll+000,260.0,-30.0,0.0,0.02253601,01,unlabeled,unlabeled,1,1,1,YES
yaw260_pitch-035_roll+000,260.0,-35.0,0.0,0.02249818,01,unlabeled,unlabeled,1,1,1,YES
yaw260_pitch-040_roll+000,260.0,-40.0,0.0,0.02238373,01,unlabeled,unlabeled,1,1,1,YES
yaw260_pitch-045_roll+000,260.0,-45.0,0.0,0.02200860,01,unlabeled,unlabeled,1,1,1,YES
yaw260_pitch-050_roll+000,260.0,-50.0,0.0,0.02153293,01,unlabeled,unlabeled,1,1,1,YES
yaw260_pitch-055_roll+000,260.0,-55.0,0.0,0.02090480,01,unlabeled,unlabeled,1,1,1,YES
yaw260_pitch-060_roll+000,260.0,-60.0,0.0,0.02059042,01,unlabeled,unlabeled,1,1,1,YES
yaw260_pitch-065_roll+000,260.0,-65.0,0.0,0.01991488,01,unlabeled,unlabeled,1,1,1,YES
yaw260_pitch-070_roll+000,260.0,-70.0,0.0,0.01960593,01,unlabeled,unlabeled,1,1,1,YES
yaw260_pitch-075_roll+000,260.0,-75.0,0.0,0.01944200,01,unlabeled,unlabeled,1,1,1,YES
yaw260_pitch-080_roll+000,260.0,-80.0,0.0,0.01930355,01,unlabeled,unlabeled,1,1,1,YES
yaw260_pitch-085_roll+000,260.0,-85.0,0.0,0.01929371,01,unlabeled,unlabeled,1,1,1,YES
yaw260_pitch-090_roll+000,260.0,-90.0,0.0,0.01901479,01,unlabeled,unlabeled,1,1,1,YES
yaw265_pitch+000_roll+000,265.0,0.0,0.0,0.02000165,01,unlabeled,unlabeled,1,1,1,YES
yaw265_pitch+005_roll+000,265.0,5.0,0.0,0.02006329,01,unlabeled,unlabeled,1,1,1,YES
yaw265_pitch+010_roll+000,265.0,10.0,0.0,0.02064600,01,unlabeled,unlabeled,1,1,1,YES
yaw265_pitch+015_roll+000,265.0,15.0,0.0,0.02102117,01,unlabeled,unlabeled,1,1,1,YES
yaw265_pitch+020_roll+000,265.0,20.0,0.0,0.02176152,01,unlabeled,unlabeled,1,1,1,YES
yaw265_pitch+025_roll+000,265.0,25.0,0.0,0.02177914,01,unlabeled,unlabeled,1,1,1,YES
yaw265_pitch+030_roll+000,265.0,30.0,0.0,0.02190316,01,unlabeled,unlabeled,1,1,1,YES
yaw265_pitch+035_roll+000,265.0,35.0,0.0,0.02217858,01,unlabeled,unlabeled,1,1,1,YES
yaw265_pitch+040_roll+000,265.0,40.0,0.0,0.02229069,01,unlabeled,unlabeled,1,1,1,YES
yaw265_pitch+045_roll+000,265.0,45.0,0.0,0.02229379,01,unlabeled,unlabeled,1,1,1,YES
yaw265_pitch+050_roll+000,265.0,50.0,0.0,0.02189195,01,unlabeled,unlabeled,1,1,1,YES
yaw265_pitch+055_roll+000,265.0,55.0,0.0,0.02215616,01,unlabeled,unlabeled,1,1,1,YES
yaw265_pitch+060_roll+000,265.0,60.0,0.0,0.02202518,01,unlabeled,unlabeled,1,1,1,YES
yaw265_pitch+065_roll+000,265.0,65.0,0.0,0.02157403,01,unlabeled,unlabeled,1,1,1,YES
yaw265_pitch+070_roll+000,265.0,70.0,0.0,0.02127854,01,unlabeled,unlabeled,1,1,1,YES
yaw265_pitch+075_roll+000,265.0,75.0,0.0,0.02126261,01,unlabeled,unlabeled,1,1,1,YES
yaw265_pitch+080_roll+000,265.0,80.0,0.0,0.02190714,01,unlabeled,unlabeled,1,1,1,YES
yaw265_pitch+085_roll+000,265.0,85.0,0.0,0.02232903,01,unlabeled,unlabeled,1,1,1,YES
yaw265_pitch+090_roll+000,265.0,90.0,0.0,0.02211855,01,unlabeled,unlabeled,1,1,1,YES
yaw265_pitch-005_roll+000,265.0,-5.0,0.0,0.02052094,01,unlabeled,unlabeled,1,1,1,YES
yaw265_pitch-010_roll+000,265.0,-10.0,0.0,0.02027872,01,unlabeled,unlabeled,1,1,1,YES
yaw265_pitch-015_roll+000,265.0,-15.0,0.0,0.02032510,01,unlabeled,unlabeled,1,1,1,YES
yaw265_pitch-020_roll+000,265.0,-20.0,0.0,0.02058180,01,unlabeled,unlabeled,1,1,1,YES
yaw265_pitch-025_roll+000,265.0,-25.0,0.0,0.02148903,01,unlabeled,unlabeled,1,1,1,YES
yaw265_pitch-030_roll+000,265.0,-30.0,0.0,0.02113696,01,unlabeled,unlabeled,1,1,1,YES
yaw265_pitch-035_roll+000,265.0,-35.0,0.0,0.02098874,01,unlabeled,unlabeled,1,1,1,YES
yaw265_pitch-040_roll+000,265.0,-40.0,0.0,0.02030678,01,unlabeled,unlabeled,1,1,1,YES
yaw265_pitch-045_roll+000,265.0,-45.0,0.0,0.01975424,01,unlabeled,unlabeled,1,1,1,YES
yaw265_pitch-050_roll+000,265.0,-50.0,0.0,0.01902612,01,unlabeled,unlabeled,1,1,1,YES
yaw265_pitch-055_roll+000,265.0,-55.0,0.0,0.01857590,01,unlabeled,unlabeled,1,1,1,YES
yaw265_pitch-060_roll+000,265.0,-60.0,0.0,0.01802373,01,unlabeled,unlabeled,1,1,1,YES
yaw265_pitch-065_roll+000,265.0,-65.0,0.0,0.01752643,01,unlabeled,unlabeled,1,1,1,YES
yaw265_pitch-070_roll+000,265.0,-70.0,0.0,0.01734294,01,unlabeled,unlabeled,1,1,1,YES
yaw265_pitch-075_roll+000,265.0,-75.0,0.0,0.01708467,01,unlabeled,unlabeled,1,1,1,YES
yaw265_pitch-080_roll+000,265.0,-80.0,0.0,0.01686830,01,unlabeled,unlabeled,1,1,1,YES
yaw265_pitch-085_roll+000,265.0,-85.0,0.0,0.01678142,01,unlabeled,unlabeled,1,1,1,YES
yaw265_pitch-090_roll+000,265.0,-90.0,0.0,0.01631677,01,unlabeled,unlabeled,1,1,1,YES
yaw270_pitch+000_roll+000,270.0,0.0,0.0,0.01798923,01,unlabeled,unlabeled,1,1,1,YES
yaw270_pitch+005_roll+000,270.0,5.0,0.0,0.01764413,01,unlabeled,unlabeled,1,1,1,YES
yaw270_pitch+010_roll+000,270.0,10.0,0.0,0.01781288,01,unlabeled,unlabeled,1,1,1,YES
yaw270_pitch+015_roll+000,270.0,15.0,0.0,0.01819172,01,unlabeled,unlabeled,1,1,1,YES
yaw270_pitch+020_roll+000,270.0,20.0,0.0,0.01911211,01,unlabeled,unlabeled,1,1,1,YES
yaw270_pitch+025_roll+000,270.0,25.0,0.0,0.01944289,01,unlabeled,unlabeled,1,1,1,YES
yaw270_pitch+030_roll+000,270.0,30.0,0.0,0.01980523,01,unlabeled,unlabeled,1,1,1,YES
yaw270_pitch+035_roll+000,270.0,35.0,0.0,0.02025199,01,unlabeled,unlabeled,1,1,1,YES
yaw270_pitch+040_roll+000,270.0,40.0,0.0,0.02023677,01,unlabeled,unlabeled,1,1,1,YES
yaw270_pitch+045_roll+000,270.0,45.0,0.0,0.02036089,01,unlabeled,unlabeled,1,1,1,YES
yaw270_pitch+050_roll+000,270.0,50.0,0.0,0.02037176,01,unlabeled,unlabeled,1,1,1,YES
yaw270_pitch+055_roll+000,270.0,55.0,0.0,0.02057884,01,unlabeled,unlabeled,1,1,1,YES
yaw270_pitch+060_roll+000,270.0,60.0,0.0,0.02070982,01,unlabeled,unlabeled,1,1,1,YES
yaw270_pitch+065_roll+000,270.0,65.0,0.0,0.02062201,01,unlabeled,unlabeled,1,1,1,YES
yaw270_pitch+070_roll+000,270.0,70.0,0.0,0.02007281,01,unlabeled,unlabeled,1,1,1,YES
yaw270_pitch+075_roll+000,270.0,75.0,0.0,0.02031811,01,unlabeled,unlabeled,1,1,1,YES
yaw270_pitch+080_roll+000,270.0,80.0,0.0,0.02043135,01,unlabeled,unlabeled,1,1,1,YES
yaw270_pitch+085_roll+000,270.0,85.0,0.0,0.02051396,01,unlabeled,unlabeled,1,1,1,YES
yaw270_pitch+090_roll+000,270.0,90.0,0.0,0.01951560,01,unlabeled,unlabeled,1,1,1,YES
yaw270_pitch-005_roll+000,270.0,-5.0,0.0,0.01818607,01,unlabeled,unlabeled,1,1,1,YES
yaw270_pitch-010_roll+000,270.0,-10.0,0.0,0.01895985,01,unlabeled,unlabeled,1,1,1,YES
yaw270_pitch-015_roll+000,270.0,-15.0,0.0,0.01952884,01,unlabeled,unlabeled,1,1,1,YES
yaw270_pitch-020_roll+000,270.0,-20.0,0.0,0.01982961,01,unlabeled,unlabeled,1,1,1,YES
yaw270_pitch-025_roll+000,270.0,-25.0,0.0,0.01936249,01,unlabeled,unlabeled,1,1,1,YES
yaw270_pitch-030_roll+000,270.0,-30.0,0.0,0.01944967,01,unlabeled,unlabeled,1,1,1,YES
yaw270_pitch-035_roll+000,270.0,-35.0,0.0,0.01897686,01,unlabeled,unlabeled,1,1,1,YES
yaw270_pitch-040_roll+000,270.0,-40.0,0.0,0.01797065,01,unlabeled,unlabeled,1,1,1,YES
yaw270_pitch-045_roll+000,270.0,-45.0,0.0,0.01739410,01,unlabeled,unlabeled,1,1,1,YES
yaw270_pitch-050_roll+000,270.0,-50.0,0.0,0.01687240,01,unlabeled,unlabeled,1,1,1,YES
yaw270_pitch-055_roll+000,270.0,-55.0,0.0,0.01628050,01,unlabeled,unlabeled,1,1,1,YES
yaw270_pitch-060_roll+000,270.0,-60.0,0.0,0.01574415,01,unlabeled,unlabeled,1,1,1,YES
yaw270_pitch-065_roll+000,270.0,-65.0,0.0,0.01499053,01,unlabeled,unlabeled,1,1,1,YES
yaw270_pitch-070_roll+000,270.0,-70.0,0.0,0.01492805,01,unlabeled,unlabeled,1,1,1,YES
yaw270_pitch-075_roll+000,270.0,-75.0,0.0,0.01448113,01,unlabeled,unlabeled,1,1,1,YES
yaw270_pitch-080_roll+000,270.0,-80.0,0.0,0.01404187,01,unlabeled,unlabeled,1,1,1,YES
yaw270_pitch-085_roll+000,270.0,-85.0,0.0,0.01384126,01,unlabeled,unlabeled,1,1,1,YES
yaw270_pitch-090_roll+000,270.0,-90.0,0.0,0.01323237,01,unlabeled,unlabeled,1,1,1,YES
yaw275_pitch+000_roll+000,275.0,0.0,0.0,0.01715017,01,unlabeled,unlabeled,1,1,1,YES
yaw275_pitch+005_roll+000,275.0,5.0,0.0,0.01639655,01,unlabeled,unlabeled,1,1,1,YES
yaw275_pitch+010_roll+000,275.0,10.0,0.0,0.01597465,01,unlabeled,unlabeled,1,1,1,YES
yaw275_pitch+015_roll+000,275.0,15.0,0.0,0.01560634,01,unlabeled,unlabeled,1,1,1,YES
yaw275_pitch+020_roll+000,275.0,20.0,0.0,0.01617683,01,unlabeled,unlabeled,1,1,1,YES
yaw275_pitch+025_roll+000,275.0,25.0,0.0,0.01699737,01,unlabeled,unlabeled,1,1,1,YES
yaw275_pitch+030_roll+000,275.0,30.0,0.0,0.01755591,01,unlabeled,unlabeled,1,1,1,YES
yaw275_pitch+035_roll+000,275.0,35.0,0.0,0.01826683,01,unlabeled,unlabeled,1,1,1,YES
yaw275_pitch+040_roll+000,275.0,40.0,0.0,0.01839964,01,unlabeled,unlabeled,1,1,1,YES
yaw275_pitch+045_roll+000,275.0,45.0,0.0,0.01848345,01,unlabeled,unlabeled,1,1,1,YES
yaw275_pitch+050_roll+000,275.0,50.0,0.0,0.01886614,01,unlabeled,unlabeled,1,1,1,YES
yaw275_pitch+055_roll+000,275.0,55.0,0.0,0.01896443,01,unlabeled,unlabeled,1,1,1,YES
yaw275_pitch+060_roll+000,275.0,60.0,0.0,0.01903871,01,unlabeled,unlabeled,1,1,1,YES
yaw275_pitch+065_roll+000,275.0,65.0,0.0,0.01927812,01,unlabeled,unlabeled,1,1,1,YES
yaw275_pitch+070_roll+000,275.0,70.0,0.0,0.01899304,01,unlabeled,unlabeled,1,1,1,YES
yaw275_pitch+075_roll+000,275.0,75.0,0.0,0.01910207,01,unlabeled,unlabeled,1,1,1,YES
yaw275_pitch+080_roll+000,275.0,80.0,0.0,0.01998146,01,unlabeled,unlabeled,1,1,1,YES
yaw275_pitch+085_roll+000,275.0,85.0,0.0,0.01983650,01,unlabeled,unlabeled,1,1,1,YES
yaw275_pitch+090_roll+000,275.0,90.0,0.0,0.01877702,01,unlabeled,unlabeled,1,1,1,YES
yaw275_pitch-005_roll+000,275.0,-5.0,0.0,0.01771952,01,unlabeled,unlabeled,1,1,1,YES
yaw275_pitch-010_roll+000,275.0,-10.0,0.0,0.01839339,01,unlabeled,unlabeled,1,1,1,YES
yaw275_pitch-015_roll+000,275.0,-15.0,0.0,0.01901817,01,unlabeled,unlabeled,1,1,1,YES
yaw275_pitch-020_roll+000,275.0,-20.0,0.0,0.01884013,01,unlabeled,unlabeled,1,1,1,YES
yaw275_pitch-025_roll+000,275.0,-25.0,0.0,0.01834064,01,unlabeled,unlabeled,1,1,1,YES
yaw275_pitch-030_roll+000,275.0,-30.0,0.0,0.01791271,01,unlabeled,unlabeled,1,1,1,YES
yaw275_pitch-035_roll+000,275.0,-35.0,0.0,0.01703018,01,unlabeled,unlabeled,1,1,1,YES
yaw275_pitch-040_roll+000,275.0,-40.0,0.0,0.01645005,01,unlabeled,unlabeled,1,1,1,YES
yaw275_pitch-045_roll+000,275.0,-45.0,0.0,0.01564790,01,unlabeled,unlabeled,1,1,1,YES
yaw275_pitch-050_roll+000,275.0,-50.0,0.0,0.01471977,01,unlabeled,unlabeled,1,1,1,YES
yaw275_pitch-055_roll+000,275.0,-55.0,0.0,0.01420144,01,unlabeled,unlabeled,1,1,1,YES
yaw275_pitch-060_roll+000,275.0,-60.0,0.0,0.01352771,01,unlabeled,unlabeled,1,1,1,YES
yaw275_pitch-065_roll+000,275.0,-65.0,0.0,0.01326740,01,R2_dark_rollsens,dark/roll-sensitive,1,1,1,YES
yaw275_pitch-070_roll+000,275.0,-70.0,0.0,0.01244211,01,R2_dark_rollsens,dark/roll-sensitive,1,1,1,YES
yaw275_pitch-075_roll+000,275.0,-75.0,0.0,0.01224028,01,R2_dark_rollsens,dark/roll-sensitive,1,1,1,YES
yaw275_pitch-080_roll+000,275.0,-80.0,0.0,0.01237184,01,R2_dark_rollsens,dark/roll-sensitive,1,1,1,YES
yaw275_pitch-085_roll+000,275.0,-85.0,0.0,0.01243234,01,R2_dark_rollsens,dark/roll-sensitive,1,1,1,YES
yaw275_pitch-090_roll+000,275.0,-90.0,0.0,0.01259022,01,unlabeled,unlabeled,1,1,1,YES
yaw280_pitch+000_roll+000,280.0,0.0,0.0,0.01617704,01,unlabeled,unlabeled,1,1,1,YES
yaw280_pitch+005_roll+000,280.0,5.0,0.0,0.01558217,01,unlabeled,unlabeled,1,1,1,YES
yaw280_pitch+010_roll+000,280.0,10.0,0.0,0.01502912,01,unlabeled,unlabeled,1,1,1,YES
yaw280_pitch+015_roll+000,280.0,15.0,0.0,0.01490125,01,unlabeled,unlabeled,1,1,1,YES
yaw280_pitch+020_roll+000,280.0,20.0,0.0,0.01483216,01,unlabeled,unlabeled,1,1,1,YES
yaw280_pitch+025_roll+000,280.0,25.0,0.0,0.01509268,01,unlabeled,unlabeled,1,1,1,YES
yaw280_pitch+030_roll+000,280.0,30.0,0.0,0.01524519,01,unlabeled,unlabeled,1,1,1,YES
yaw280_pitch+035_roll+000,280.0,35.0,0.0,0.01599644,01,unlabeled,unlabeled,1,1,1,YES
yaw280_pitch+040_roll+000,280.0,40.0,0.0,0.01661396,01,unlabeled,unlabeled,1,1,1,YES
yaw280_pitch+045_roll+000,280.0,45.0,0.0,0.01718444,01,unlabeled,unlabeled,1,1,1,YES
yaw280_pitch+050_roll+000,280.0,50.0,0.0,0.01771496,01,unlabeled,unlabeled,1,1,1,YES
yaw280_pitch+055_roll+000,280.0,55.0,0.0,0.01756249,01,unlabeled,unlabeled,1,1,1,YES
yaw280_pitch+060_roll+000,280.0,60.0,0.0,0.01800406,01,unlabeled,unlabeled,1,1,1,YES
yaw280_pitch+065_roll+000,280.0,65.0,0.0,0.01821579,01,unlabeled,unlabeled,1,1,1,YES
yaw280_pitch+070_roll+000,280.0,70.0,0.0,0.01806117,01,unlabeled,unlabeled,1,1,1,YES
yaw280_pitch+075_roll+000,280.0,75.0,0.0,0.01786528,01,unlabeled,unlabeled,1,1,1,YES
yaw280_pitch+080_roll+000,280.0,80.0,0.0,0.01899972,01,unlabeled,unlabeled,1,1,1,YES
yaw280_pitch+085_roll+000,280.0,85.0,0.0,0.01929320,01,unlabeled,unlabeled,1,1,1,YES
yaw280_pitch+090_roll+000,280.0,90.0,0.0,0.01817575,01,unlabeled,unlabeled,1,1,1,YES
yaw280_pitch-005_roll+000,280.0,-5.0,0.0,0.01764138,01,unlabeled,unlabeled,1,1,1,YES
yaw280_pitch-010_roll+000,280.0,-10.0,0.0,0.01854794,01,unlabeled,unlabeled,1,1,1,YES
yaw280_pitch-015_roll+000,280.0,-15.0,0.0,0.01823526,01,unlabeled,unlabeled,1,1,1,YES
yaw280_pitch-020_roll+000,280.0,-20.0,0.0,0.01784836,01,unlabeled,unlabeled,1,1,1,YES
yaw280_pitch-025_roll+000,280.0,-25.0,0.0,0.01742092,01,unlabeled,unlabeled,1,1,1,YES
yaw280_pitch-030_roll+000,280.0,-30.0,0.0,0.01640020,01,unlabeled,unlabeled,1,1,1,YES
yaw280_pitch-035_roll+000,280.0,-35.0,0.0,0.01547878,01,unlabeled,unlabeled,1,1,1,YES
yaw280_pitch-040_roll+000,280.0,-40.0,0.0,0.01464875,01,unlabeled,unlabeled,1,1,1,YES
yaw280_pitch-045_roll+000,280.0,-45.0,0.0,0.01373574,01,unlabeled,unlabeled,1,1,1,YES
yaw280_pitch-050_roll+000,280.0,-50.0,0.0,0.01303731,01,unlabeled,unlabeled,1,1,1,YES
yaw280_pitch-055_roll+000,280.0,-55.0,0.0,0.01232449,01,unlabeled,unlabeled,1,1,1,YES
yaw280_pitch-060_roll+000,280.0,-60.0,0.0,0.01162238,01,unlabeled,unlabeled,1,1,1,YES
yaw280_pitch-065_roll+000,280.0,-65.0,0.0,0.01112832,01,R2_dark_rollsens,dark/roll-sensitive,1,1,1,YES
yaw280_pitch-070_roll+000,280.0,-70.0,0.0,0.01118219,01,R2_dark_rollsens,dark/roll-sensitive,1,1,1,YES
yaw280_pitch-075_roll+000,280.0,-75.0,0.0,0.01132934,01,R2_dark_rollsens,dark/roll-sensitive,1,1,1,YES
yaw280_pitch-080_roll+000,280.0,-80.0,0.0,0.01180178,01,R2_control,dark/roll-sensitive-control,1,1,1,YES
yaw280_pitch-085_roll+000,280.0,-85.0,0.0,0.01188527,01,R2_control,dark/roll-sensitive-control,1,1,1,YES
yaw280_pitch-090_roll+000,280.0,-90.0,0.0,0.01199732,01,unlabeled,unlabeled,1,1,1,YES
yaw285_pitch+000_roll+000,285.0,0.0,0.0,0.01615056,01,unlabeled,unlabeled,1,1,1,YES
yaw285_pitch+005_roll+000,285.0,5.0,0.0,0.01493195,01,unlabeled,unlabeled,1,1,1,YES
yaw285_pitch+010_roll+000,285.0,10.0,0.0,0.01451968,01,unlabeled,unlabeled,1,1,1,YES
yaw285_pitch+015_roll+000,285.0,15.0,0.0,0.01398693,01,unlabeled,unlabeled,1,1,1,YES
yaw285_pitch+020_roll+000,285.0,20.0,0.0,0.01402503,01,unlabeled,unlabeled,1,1,1,YES
yaw285_pitch+025_roll+000,285.0,25.0,0.0,0.01423117,01,unlabeled,unlabeled,1,1,1,YES
yaw285_pitch+030_roll+000,285.0,30.0,0.0,0.01459794,01,unlabeled,unlabeled,1,1,1,YES
yaw285_pitch+035_roll+000,285.0,35.0,0.0,0.01489594,01,unlabeled,unlabeled,1,1,1,YES
yaw285_pitch+040_roll+000,285.0,40.0,0.0,0.01537604,01,unlabeled,unlabeled,1,1,1,YES
yaw285_pitch+045_roll+000,285.0,45.0,0.0,0.01607560,01,unlabeled,unlabeled,1,1,1,YES
yaw285_pitch+050_roll+000,285.0,50.0,0.0,0.01648405,01,unlabeled,unlabeled,1,1,1,YES
yaw285_pitch+055_roll+000,285.0,55.0,0.0,0.01637844,01,unlabeled,unlabeled,1,1,1,YES
yaw285_pitch+060_roll+000,285.0,60.0,0.0,0.01652064,01,unlabeled,unlabeled,1,1,1,YES
yaw285_pitch+065_roll+000,285.0,65.0,0.0,0.01712591,01,unlabeled,unlabeled,1,1,1,YES
yaw285_pitch+070_roll+000,285.0,70.0,0.0,0.01695038,01,unlabeled,unlabeled,1,1,1,YES
yaw285_pitch+075_roll+000,285.0,75.0,0.0,0.01725512,01,unlabeled,unlabeled,1,1,1,YES
yaw285_pitch+080_roll+000,285.0,80.0,0.0,0.01817551,01,unlabeled,unlabeled,1,1,1,YES
yaw285_pitch+085_roll+000,285.0,85.0,0.0,0.01831760,01,unlabeled,unlabeled,1,1,1,YES
yaw285_pitch+090_roll+000,285.0,90.0,0.0,0.01767703,01,unlabeled,unlabeled,1,1,1,YES
yaw285_pitch-005_roll+000,285.0,-5.0,0.0,0.01660634,01,unlabeled,unlabeled,1,1,1,YES
yaw285_pitch-010_roll+000,285.0,-10.0,0.0,0.01718558,01,unlabeled,unlabeled,1,1,1,YES
yaw285_pitch-015_roll+000,285.0,-15.0,0.0,0.01737182,01,unlabeled,unlabeled,1,1,1,YES
yaw285_pitch-020_roll+000,285.0,-20.0,0.0,0.01703014,01,unlabeled,unlabeled,1,1,1,YES
yaw285_pitch-025_roll+000,285.0,-25.0,0.0,0.01642395,01,unlabeled,unlabeled,1,1,1,YES
yaw285_pitch-030_roll+000,285.0,-30.0,0.0,0.01539059,01,unlabeled,unlabeled,1,1,1,YES
yaw285_pitch-035_roll+000,285.0,-35.0,0.0,0.01431816,01,unlabeled,unlabeled,1,1,1,YES
yaw285_pitch-040_roll+000,285.0,-40.0,0.0,0.01328139,01,unlabeled,unlabeled,1,1,1,YES
yaw285_pitch-045_roll+000,285.0,-45.0,0.0,0.01250314,01,unlabeled,unlabeled,1,1,1,YES
yaw285_pitch-050_roll+000,285.0,-50.0,0.0,0.01166751,01,unlabeled,unlabeled,1,1,1,YES
yaw285_pitch-055_roll+000,285.0,-55.0,0.0,0.01133927,01,unlabeled,unlabeled,1,1,1,YES
yaw285_pitch-060_roll+000,285.0,-60.0,0.0,0.01103356,01,unlabeled,unlabeled,1,1,1,YES
yaw285_pitch-065_roll+000,285.0,-65.0,0.0,0.01073014,01,R2_dark_rollsens,dark/roll-sensitive,1,1,1,YES
yaw285_pitch-070_roll+000,285.0,-70.0,0.0,0.01062832,01,R2_dark_rollsens,dark/roll-sensitive,1,1,1,YES
yaw285_pitch-075_roll+000,285.0,-75.0,0.0,0.01107836,01,R2_dark_rollsens,dark/roll-sensitive,1,1,1,YES
yaw285_pitch-080_roll+000,285.0,-80.0,0.0,0.01143705,01,R2_control,dark/roll-sensitive-control,1,1,1,YES
yaw285_pitch-085_roll+000,285.0,-85.0,0.0,0.01139125,01,R2_control,dark/roll-sensitive-control,1,1,1,YES
yaw285_pitch-090_roll+000,285.0,-90.0,0.0,0.01123913,01,unlabeled,unlabeled,1,1,1,YES
yaw290_pitch+000_roll+000,290.0,0.0,0.0,0.01671309,01,unlabeled,unlabeled,1,1,1,YES
yaw290_pitch+005_roll+000,290.0,5.0,0.0,0.01539930,01,unlabeled,unlabeled,1,1,1,YES
yaw290_pitch+010_roll+000,290.0,10.0,0.0,0.01433891,01,unlabeled,unlabeled,1,1,1,YES
yaw290_pitch+015_roll+000,290.0,15.0,0.0,0.01418057,01,unlabeled,unlabeled,1,1,1,YES
yaw290_pitch+020_roll+000,290.0,20.0,0.0,0.01375232,01,unlabeled,unlabeled,1,1,1,YES
yaw290_pitch+025_roll+000,290.0,25.0,0.0,0.01388425,01,unlabeled,unlabeled,1,1,1,YES
yaw290_pitch+030_roll+000,290.0,30.0,0.0,0.01421045,01,unlabeled,unlabeled,1,1,1,YES
yaw290_pitch+035_roll+000,290.0,35.0,0.0,0.01507148,01,unlabeled,unlabeled,1,1,1,YES
yaw290_pitch+040_roll+000,290.0,40.0,0.0,0.01597763,01,unlabeled,unlabeled,1,1,1,YES
yaw290_pitch+045_roll+000,290.0,45.0,0.0,0.01627657,01,unlabeled,unlabeled,1,1,1,YES
yaw290_pitch+050_roll+000,290.0,50.0,0.0,0.01596143,01,unlabeled,unlabeled,1,1,1,YES
yaw290_pitch+055_roll+000,290.0,55.0,0.0,0.01566948,01,unlabeled,unlabeled,1,1,1,YES
yaw290_pitch+060_roll+000,290.0,60.0,0.0,0.01577529,01,unlabeled,unlabeled,1,1,1,YES
yaw290_pitch+065_roll+000,290.0,65.0,0.0,0.01598110,01,unlabeled,unlabeled,1,1,1,YES
yaw290_pitch+070_roll+000,290.0,70.0,0.0,0.01632742,01,unlabeled,unlabeled,1,1,1,YES
yaw290_pitch+075_roll+000,290.0,75.0,0.0,0.01663734,01,unlabeled,unlabeled,1,1,1,YES
yaw290_pitch+080_roll+000,290.0,80.0,0.0,0.01704387,01,unlabeled,unlabeled,1,1,1,YES
yaw290_pitch+085_roll+000,290.0,85.0,0.0,0.01803999,01,unlabeled,unlabeled,1,1,1,YES
yaw290_pitch+090_roll+000,290.0,90.0,0.0,0.01688982,01,unlabeled,unlabeled,1,1,1,YES
yaw290_pitch-005_roll+000,290.0,-5.0,0.0,0.01759576,01,unlabeled,unlabeled,1,1,1,YES
yaw290_pitch-010_roll+000,290.0,-10.0,0.0,0.01789745,01,unlabeled,unlabeled,1,1,1,YES
yaw290_pitch-015_roll+000,290.0,-15.0,0.0,0.01771929,01,unlabeled,unlabeled,1,1,1,YES
yaw290_pitch-020_roll+000,290.0,-20.0,0.0,0.01759167,01,unlabeled,unlabeled,1,1,1,YES
yaw290_pitch-025_roll+000,290.0,-25.0,0.0,0.01639340,01,unlabeled,unlabeled,1,1,1,YES
yaw290_pitch-030_roll+000,290.0,-30.0,0.0,0.01524564,01,unlabeled,unlabeled,1,1,1,YES
yaw290_pitch-035_roll+000,290.0,-35.0,0.0,0.01424167,01,unlabeled,unlabeled,1,1,1,YES
yaw290_pitch-040_roll+000,290.0,-40.0,0.0,0.01306403,01,unlabeled,unlabeled,1,1,1,YES
yaw290_pitch-045_roll+000,290.0,-45.0,0.0,0.01216662,01,unlabeled,unlabeled,1,1,1,YES
yaw290_pitch-050_roll+000,290.0,-50.0,0.0,0.01167456,01,unlabeled,unlabeled,1,1,1,YES
yaw290_pitch-055_roll+000,290.0,-55.0,0.0,0.01136414,01,unlabeled,unlabeled,1,1,1,YES
yaw290_pitch-060_roll+000,290.0,-60.0,0.0,0.01122717,01,unlabeled,unlabeled,1,1,1,YES
yaw290_pitch-065_roll+000,290.0,-65.0,0.0,0.01071871,01,R2_dark_rollsens,dark/roll-sensitive,1,1,1,YES
yaw290_pitch-070_roll+000,290.0,-70.0,0.0,0.01068321,01,R2_dark_rollsens,dark/roll-sensitive,1,1,1,YES
yaw290_pitch-075_roll+000,290.0,-75.0,0.0,0.01130033,01,R2_dark_rollsens,dark/roll-sensitive,1,1,1,YES
yaw290_pitch-080_roll+000,290.0,-80.0,0.0,0.01132902,01,R2_dark_rollsens,dark/roll-sensitive,1,1,1,YES
yaw290_pitch-085_roll+000,290.0,-85.0,0.0,0.01108956,01,R2_dark_rollsens,dark/roll-sensitive,1,1,1,YES
yaw290_pitch-090_roll+000,290.0,-90.0,0.0,0.01117430,01,unlabeled,unlabeled,1,1,1,YES
yaw295_pitch+000_roll+000,295.0,0.0,0.0,0.01749786,01,unlabeled,unlabeled,1,1,1,YES
yaw295_pitch+005_roll+000,295.0,5.0,0.0,0.01663537,01,unlabeled,unlabeled,1,1,1,YES
yaw295_pitch+010_roll+000,295.0,10.0,0.0,0.01581528,01,unlabeled,unlabeled,1,1,1,YES
yaw295_pitch+015_roll+000,295.0,15.0,0.0,0.01522181,01,unlabeled,unlabeled,1,1,1,YES
yaw295_pitch+020_roll+000,295.0,20.0,0.0,0.01468108,01,unlabeled,unlabeled,1,1,1,YES
yaw295_pitch+025_roll+000,295.0,25.0,0.0,0.01451160,01,unlabeled,unlabeled,1,1,1,YES
yaw295_pitch+030_roll+000,295.0,30.0,0.0,0.01459623,01,unlabeled,unlabeled,1,1,1,YES
yaw295_pitch+035_roll+000,295.0,35.0,0.0,0.01515098,01,unlabeled,unlabeled,1,1,1,YES
yaw295_pitch+040_roll+000,295.0,40.0,0.0,0.01579911,01,unlabeled,unlabeled,1,1,1,YES
yaw295_pitch+045_roll+000,295.0,45.0,0.0,0.01678681,01,unlabeled,unlabeled,1,1,1,YES
yaw295_pitch+050_roll+000,295.0,50.0,0.0,0.01624495,01,unlabeled,unlabeled,1,1,1,YES
yaw295_pitch+055_roll+000,295.0,55.0,0.0,0.01544721,01,unlabeled,unlabeled,1,1,1,YES
yaw295_pitch+060_roll+000,295.0,60.0,0.0,0.01511459,01,unlabeled,unlabeled,1,1,1,YES
yaw295_pitch+065_roll+000,295.0,65.0,0.0,0.01560917,01,unlabeled,unlabeled,1,1,1,YES
yaw295_pitch+070_roll+000,295.0,70.0,0.0,0.01620436,01,unlabeled,unlabeled,1,1,1,YES
yaw295_pitch+075_roll+000,295.0,75.0,0.0,0.01581856,01,unlabeled,unlabeled,1,1,1,YES
yaw295_pitch+080_roll+000,295.0,80.0,0.0,0.01650119,01,unlabeled,unlabeled,1,1,1,YES
yaw295_pitch+085_roll+000,295.0,85.0,0.0,0.01748134,01,unlabeled,unlabeled,1,1,1,YES
yaw295_pitch+090_roll+000,295.0,90.0,0.0,0.01697364,01,unlabeled,unlabeled,1,1,1,YES
yaw295_pitch-005_roll+000,295.0,-5.0,0.0,0.01856601,01,unlabeled,unlabeled,1,1,1,YES
yaw295_pitch-010_roll+000,295.0,-10.0,0.0,0.01916594,01,unlabeled,unlabeled,1,1,1,YES
yaw295_pitch-015_roll+000,295.0,-15.0,0.0,0.01995344,01,unlabeled,unlabeled,1,1,1,YES
yaw295_pitch-020_roll+000,295.0,-20.0,0.0,0.01863892,01,unlabeled,unlabeled,1,1,1,YES
yaw295_pitch-025_roll+000,295.0,-25.0,0.0,0.01723448,01,unlabeled,unlabeled,1,1,1,YES
yaw295_pitch-030_roll+000,295.0,-30.0,0.0,0.01568569,01,unlabeled,unlabeled,1,1,1,YES
yaw295_pitch-035_roll+000,295.0,-35.0,0.0,0.01444370,01,unlabeled,unlabeled,1,1,1,YES
yaw295_pitch-040_roll+000,295.0,-40.0,0.0,0.01379466,01,unlabeled,unlabeled,1,1,1,YES
yaw295_pitch-045_roll+000,295.0,-45.0,0.0,0.01318588,01,unlabeled,unlabeled,1,1,1,YES
yaw295_pitch-050_roll+000,295.0,-50.0,0.0,0.01281899,01,unlabeled,unlabeled,1,1,1,YES
yaw295_pitch-055_roll+000,295.0,-55.0,0.0,0.01225016,01,unlabeled,unlabeled,1,1,1,YES
yaw295_pitch-060_roll+000,295.0,-60.0,0.0,0.01238294,01,unlabeled,unlabeled,1,1,1,YES
yaw295_pitch-065_roll+000,295.0,-65.0,0.0,0.01208995,01,R2_dark_rollsens,dark/roll-sensitive,1,1,1,YES
yaw295_pitch-070_roll+000,295.0,-70.0,0.0,0.01234958,01,R2_dark_rollsens,dark/roll-sensitive,1,1,1,YES
yaw295_pitch-075_roll+000,295.0,-75.0,0.0,0.01350910,01,R2_dark_rollsens,dark/roll-sensitive,1,1,1,YES
yaw295_pitch-080_roll+000,295.0,-80.0,0.0,0.01305593,01,R2_dark_rollsens,dark/roll-sensitive,1,1,1,YES
yaw295_pitch-085_roll+000,295.0,-85.0,0.0,0.01235747,01,R2_dark_rollsens,dark/roll-sensitive,1,1,1,YES
yaw295_pitch-090_roll+000,295.0,-90.0,0.0,0.01242443,01,unlabeled,unlabeled,1,1,1,YES
yaw300_pitch+000_roll+000,300.0,0.0,0.0,0.01813208,01,unlabeled,unlabeled,1,1,1,YES
yaw300_pitch+005_roll+000,300.0,5.0,0.0,0.01747642,01,unlabeled,unlabeled,1,1,1,YES
yaw300_pitch+010_roll+000,300.0,10.0,0.0,0.01655037,01,unlabeled,unlabeled,1,1,1,YES
yaw300_pitch+015_roll+000,300.0,15.0,0.0,0.01569420,01,unlabeled,unlabeled,1,1,1,YES
yaw300_pitch+020_roll+000,300.0,20.0,0.0,0.01514804,01,unlabeled,unlabeled,1,1,1,YES
yaw300_pitch+025_roll+000,300.0,25.0,0.0,0.01481291,01,unlabeled,unlabeled,1,1,1,YES
yaw300_pitch+030_roll+000,300.0,30.0,0.0,0.01477485,01,unlabeled,unlabeled,1,1,1,YES
yaw300_pitch+035_roll+000,300.0,35.0,0.0,0.01509945,01,unlabeled,unlabeled,1,1,1,YES
yaw300_pitch+040_roll+000,300.0,40.0,0.0,0.01586088,01,unlabeled,unlabeled,1,1,1,YES
yaw300_pitch+045_roll+000,300.0,45.0,0.0,0.01629830,01,unlabeled,unlabeled,1,1,1,YES
yaw300_pitch+050_roll+000,300.0,50.0,0.0,0.01611008,01,unlabeled,unlabeled,1,1,1,YES
yaw300_pitch+055_roll+000,300.0,55.0,0.0,0.01484669,01,unlabeled,unlabeled,1,1,1,YES
yaw300_pitch+060_roll+000,300.0,60.0,0.0,0.01452943,01,unlabeled,unlabeled,1,1,1,YES
yaw300_pitch+065_roll+000,300.0,65.0,0.0,0.01466542,01,unlabeled,unlabeled,1,1,1,YES
yaw300_pitch+070_roll+000,300.0,70.0,0.0,0.01536451,01,unlabeled,unlabeled,1,1,1,YES
yaw300_pitch+075_roll+000,300.0,75.0,0.0,0.01570916,01,unlabeled,unlabeled,1,1,1,YES
yaw300_pitch+080_roll+000,300.0,80.0,0.0,0.01594479,01,unlabeled,unlabeled,1,1,1,YES
yaw300_pitch+085_roll+000,300.0,85.0,0.0,0.01684661,01,unlabeled,unlabeled,1,1,1,YES
yaw300_pitch+090_roll+000,300.0,90.0,0.0,0.01634849,01,unlabeled,unlabeled,1,1,1,YES
yaw300_pitch-005_roll+000,300.0,-5.0,0.0,0.01899061,01,unlabeled,unlabeled,1,1,1,YES
yaw300_pitch-010_roll+000,300.0,-10.0,0.0,0.01954149,01,unlabeled,unlabeled,1,1,1,YES
yaw300_pitch-015_roll+000,300.0,-15.0,0.0,0.02021973,01,unlabeled,unlabeled,1,1,1,YES
yaw300_pitch-020_roll+000,300.0,-20.0,0.0,0.01896199,01,unlabeled,unlabeled,1,1,1,YES
yaw300_pitch-025_roll+000,300.0,-25.0,0.0,0.01779191,01,unlabeled,unlabeled,1,1,1,YES
yaw300_pitch-030_roll+000,300.0,-30.0,0.0,0.01637374,01,unlabeled,unlabeled,1,1,1,YES
yaw300_pitch-035_roll+000,300.0,-35.0,0.0,0.01507334,01,unlabeled,unlabeled,1,1,1,YES
yaw300_pitch-040_roll+000,300.0,-40.0,0.0,0.01453044,01,unlabeled,unlabeled,1,1,1,YES
yaw300_pitch-045_roll+000,300.0,-45.0,0.0,0.01415634,01,unlabeled,unlabeled,1,1,1,YES
yaw300_pitch-050_roll+000,300.0,-50.0,0.0,0.01400304,01,unlabeled,unlabeled,1,1,1,YES
yaw300_pitch-055_roll+000,300.0,-55.0,0.0,0.01393821,01,unlabeled,unlabeled,1,1,1,YES
yaw300_pitch-060_roll+000,300.0,-60.0,0.0,0.01352403,01,unlabeled,unlabeled,1,1,1,YES
yaw300_pitch-065_roll+000,300.0,-65.0,0.0,0.01352778,01,unlabeled,unlabeled,1,1,1,YES
yaw300_pitch-070_roll+000,300.0,-70.0,0.0,0.01424384,01,unlabeled,unlabeled,1,1,1,YES
yaw300_pitch-075_roll+000,300.0,-75.0,0.0,0.01371159,01,unlabeled,unlabeled,1,1,1,YES
yaw300_pitch-080_roll+000,300.0,-80.0,0.0,0.01469870,01,unlabeled,unlabeled,1,1,1,YES
yaw300_pitch-085_roll+000,300.0,-85.0,0.0,0.01487359,01,unlabeled,unlabeled,1,1,1,YES
yaw300_pitch-090_roll+000,300.0,-90.0,0.0,0.01525425,01,unlabeled,unlabeled,1,1,1,YES
yaw305_pitch+000_roll+000,305.0,0.0,0.0,0.01955204,01,unlabeled,unlabeled,1,1,1,YES
yaw305_pitch+005_roll+000,305.0,5.0,0.0,0.01872636,01,unlabeled,unlabeled,1,1,1,YES
yaw305_pitch+010_roll+000,305.0,10.0,0.0,0.01780186,01,unlabeled,unlabeled,1,1,1,YES
yaw305_pitch+015_roll+000,305.0,15.0,0.0,0.01737526,01,unlabeled,unlabeled,1,1,1,YES
yaw305_pitch+020_roll+000,305.0,20.0,0.0,0.01667912,01,unlabeled,unlabeled,1,1,1,YES
yaw305_pitch+025_roll+000,305.0,25.0,0.0,0.01617983,01,unlabeled,unlabeled,1,1,1,YES
yaw305_pitch+030_roll+000,305.0,30.0,0.0,0.01581638,01,unlabeled,unlabeled,1,1,1,YES
yaw305_pitch+035_roll+000,305.0,35.0,0.0,0.01599215,01,unlabeled,unlabeled,1,1,1,YES
yaw305_pitch+040_roll+000,305.0,40.0,0.0,0.01593744,01,unlabeled,unlabeled,1,1,1,YES
yaw305_pitch+045_roll+000,305.0,45.0,0.0,0.01610823,01,unlabeled,unlabeled,1,1,1,YES
yaw305_pitch+050_roll+000,305.0,50.0,0.0,0.01618699,01,unlabeled,unlabeled,1,1,1,YES
yaw305_pitch+055_roll+000,305.0,55.0,0.0,0.01569032,01,unlabeled,unlabeled,1,1,1,YES
yaw305_pitch+060_roll+000,305.0,60.0,0.0,0.01576076,01,unlabeled,unlabeled,1,1,1,YES
yaw305_pitch+065_roll+000,305.0,65.0,0.0,0.01572159,01,unlabeled,unlabeled,1,1,1,YES
yaw305_pitch+070_roll+000,305.0,70.0,0.0,0.01647673,01,unlabeled,unlabeled,1,1,1,YES
yaw305_pitch+075_roll+000,305.0,75.0,0.0,0.01644050,01,unlabeled,unlabeled,1,1,1,YES
yaw305_pitch+080_roll+000,305.0,80.0,0.0,0.01691173,01,unlabeled,unlabeled,1,1,1,YES
yaw305_pitch+085_roll+000,305.0,85.0,0.0,0.01714035,01,unlabeled,unlabeled,1,1,1,YES
yaw305_pitch+090_roll+000,305.0,90.0,0.0,0.01651785,01,unlabeled,unlabeled,1,1,1,YES
yaw305_pitch-005_roll+000,305.0,-5.0,0.0,0.02159924,01,unlabeled,unlabeled,1,1,1,YES
yaw305_pitch-010_roll+000,305.0,-10.0,0.0,0.02181751,01,unlabeled,unlabeled,1,1,1,YES
yaw305_pitch-015_roll+000,305.0,-15.0,0.0,0.02131126,01,unlabeled,unlabeled,1,1,1,YES
yaw305_pitch-020_roll+000,305.0,-20.0,0.0,0.02083557,01,unlabeled,unlabeled,1,1,1,YES
yaw305_pitch-025_roll+000,305.0,-25.0,0.0,0.01913573,01,unlabeled,unlabeled,1,1,1,YES
yaw305_pitch-030_roll+000,305.0,-30.0,0.0,0.01751482,01,unlabeled,unlabeled,1,1,1,YES
yaw305_pitch-035_roll+000,305.0,-35.0,0.0,0.01663291,01,unlabeled,unlabeled,1,1,1,YES
yaw305_pitch-040_roll+000,305.0,-40.0,0.0,0.01614000,01,unlabeled,unlabeled,1,1,1,YES
yaw305_pitch-045_roll+000,305.0,-45.0,0.0,0.01585796,01,unlabeled,unlabeled,1,1,1,YES
yaw305_pitch-050_roll+000,305.0,-50.0,0.0,0.01537180,01,unlabeled,unlabeled,1,1,1,YES
yaw305_pitch-055_roll+000,305.0,-55.0,0.0,0.01529170,01,unlabeled,unlabeled,1,1,1,YES
yaw305_pitch-060_roll+000,305.0,-60.0,0.0,0.01509223,01,unlabeled,unlabeled,1,1,1,YES
yaw305_pitch-065_roll+000,305.0,-65.0,0.0,0.01518129,01,unlabeled,unlabeled,1,1,1,YES
yaw305_pitch-070_roll+000,305.0,-70.0,0.0,0.01510260,01,unlabeled,unlabeled,1,1,1,YES
yaw305_pitch-075_roll+000,305.0,-75.0,0.0,0.01576731,01,unlabeled,unlabeled,1,1,1,YES
yaw305_pitch-080_roll+000,305.0,-80.0,0.0,0.01640837,01,unlabeled,unlabeled,1,1,1,YES
yaw305_pitch-085_roll+000,305.0,-85.0,0.0,0.01749750,01,unlabeled,unlabeled,1,1,1,YES
yaw305_pitch-090_roll+000,305.0,-90.0,0.0,0.01918125,01,unlabeled,unlabeled,1,1,1,YES
yaw310_pitch+000_roll+000,310.0,0.0,0.0,0.02249950,01,unlabeled,unlabeled,1,1,1,YES
yaw310_pitch+005_roll+000,310.0,5.0,0.0,0.02081690,01,unlabeled,unlabeled,1,1,1,YES
yaw310_pitch+010_roll+000,310.0,10.0,0.0,0.01948351,01,unlabeled,unlabeled,1,1,1,YES
yaw310_pitch+015_roll+000,310.0,15.0,0.0,0.01859945,01,unlabeled,unlabeled,1,1,1,YES
yaw310_pitch+020_roll+000,310.0,20.0,0.0,0.01798441,01,unlabeled,unlabeled,1,1,1,YES
yaw310_pitch+025_roll+000,310.0,25.0,0.0,0.01730249,01,unlabeled,unlabeled,1,1,1,YES
yaw310_pitch+030_roll+000,310.0,30.0,0.0,0.01697575,01,unlabeled,unlabeled,1,1,1,YES
yaw310_pitch+035_roll+000,310.0,35.0,0.0,0.01674015,01,unlabeled,unlabeled,1,1,1,YES
yaw310_pitch+040_roll+000,310.0,40.0,0.0,0.01661695,01,unlabeled,unlabeled,1,1,1,YES
yaw310_pitch+045_roll+000,310.0,45.0,0.0,0.01667108,01,unlabeled,unlabeled,1,1,1,YES
yaw310_pitch+050_roll+000,310.0,50.0,0.0,0.01660461,01,unlabeled,unlabeled,1,1,1,YES
yaw310_pitch+055_roll+000,310.0,55.0,0.0,0.01638122,01,unlabeled,unlabeled,1,1,1,YES
yaw310_pitch+060_roll+000,310.0,60.0,0.0,0.01655429,01,unlabeled,unlabeled,1,1,1,YES
yaw310_pitch+065_roll+000,310.0,65.0,0.0,0.01742074,01,unlabeled,unlabeled,1,1,1,YES
yaw310_pitch+070_roll+000,310.0,70.0,0.0,0.01924971,01,unlabeled,unlabeled,1,1,1,YES
yaw310_pitch+075_roll+000,310.0,75.0,0.0,0.02103907,01,unlabeled,unlabeled,1,1,1,YES
yaw310_pitch+080_roll+000,310.0,80.0,0.0,0.02093990,01,unlabeled,unlabeled,1,1,1,YES
yaw310_pitch+085_roll+000,310.0,85.0,0.0,0.01961511,01,unlabeled,unlabeled,1,1,1,YES
yaw310_pitch+090_roll+000,310.0,90.0,0.0,0.01761115,01,unlabeled,unlabeled,1,1,1,YES
yaw310_pitch-005_roll+000,310.0,-5.0,0.0,0.02488454,01,unlabeled,unlabeled,1,1,1,YES
yaw310_pitch-010_roll+000,310.0,-10.0,0.0,0.02694751,01,unlabeled,unlabeled,1,1,1,YES
yaw310_pitch-015_roll+000,310.0,-15.0,0.0,0.02667708,01,unlabeled,unlabeled,1,1,1,YES
yaw310_pitch-020_roll+000,310.0,-20.0,0.0,0.02372713,01,unlabeled,unlabeled,1,1,1,YES
yaw310_pitch-025_roll+000,310.0,-25.0,0.0,0.02051205,01,unlabeled,unlabeled,1,1,1,YES
yaw310_pitch-030_roll+000,310.0,-30.0,0.0,0.01877711,01,unlabeled,unlabeled,1,1,1,YES
yaw310_pitch-035_roll+000,310.0,-35.0,0.0,0.01777086,01,unlabeled,unlabeled,1,1,1,YES
yaw310_pitch-040_roll+000,310.0,-40.0,0.0,0.01716496,01,unlabeled,unlabeled,1,1,1,YES
yaw310_pitch-045_roll+000,310.0,-45.0,0.0,0.01706880,01,unlabeled,unlabeled,1,1,1,YES
yaw310_pitch-050_roll+000,310.0,-50.0,0.0,0.01679979,01,unlabeled,unlabeled,1,1,1,YES
yaw310_pitch-055_roll+000,310.0,-55.0,0.0,0.01666245,01,unlabeled,unlabeled,1,1,1,YES
yaw310_pitch-060_roll+000,310.0,-60.0,0.0,0.01672282,01,unlabeled,unlabeled,1,1,1,YES
yaw310_pitch-065_roll+000,310.0,-65.0,0.0,0.01658593,01,unlabeled,unlabeled,1,1,1,YES
yaw310_pitch-070_roll+000,310.0,-70.0,0.0,0.01692940,01,unlabeled,unlabeled,1,1,1,YES
yaw310_pitch-075_roll+000,310.0,-75.0,0.0,0.01761938,01,unlabeled,unlabeled,1,1,1,YES
yaw310_pitch-080_roll+000,310.0,-80.0,0.0,0.01893294,01,unlabeled,unlabeled,1,1,1,YES
yaw310_pitch-085_roll+000,310.0,-85.0,0.0,0.02058317,01,unlabeled,unlabeled,1,1,1,YES
yaw310_pitch-090_roll+000,310.0,-90.0,0.0,0.02348808,01,unlabeled,unlabeled,1,1,1,YES
yaw315_pitch+000_roll+000,315.0,0.0,0.0,0.02706560,01,unlabeled,unlabeled,1,1,1,YES
yaw315_pitch+005_roll+000,315.0,5.0,0.0,0.02293072,01,unlabeled,unlabeled,1,1,1,YES
yaw315_pitch+010_roll+000,315.0,10.0,0.0,0.02136536,01,unlabeled,unlabeled,1,1,1,YES
yaw315_pitch+015_roll+000,315.0,15.0,0.0,0.02013641,01,unlabeled,unlabeled,1,1,1,YES
yaw315_pitch+020_roll+000,315.0,20.0,0.0,0.01921118,01,unlabeled,unlabeled,1,1,1,YES
yaw315_pitch+025_roll+000,315.0,25.0,0.0,0.01841944,01,unlabeled,unlabeled,1,1,1,YES
yaw315_pitch+030_roll+000,315.0,30.0,0.0,0.01815150,01,unlabeled,unlabeled,1,1,1,YES
yaw315_pitch+035_roll+000,315.0,35.0,0.0,0.01776921,01,unlabeled,unlabeled,1,1,1,YES
yaw315_pitch+040_roll+000,315.0,40.0,0.0,0.01739407,01,unlabeled,unlabeled,1,1,1,YES
yaw315_pitch+045_roll+000,315.0,45.0,0.0,0.01719944,01,unlabeled,unlabeled,1,1,1,YES
yaw315_pitch+050_roll+000,315.0,50.0,0.0,0.01728151,01,unlabeled,unlabeled,1,1,1,YES
yaw315_pitch+055_roll+000,315.0,55.0,0.0,0.01733653,01,unlabeled,unlabeled,1,1,1,YES
yaw315_pitch+060_roll+000,315.0,60.0,0.0,0.01790549,01,unlabeled,unlabeled,1,1,1,YES
yaw315_pitch+065_roll+000,315.0,65.0,0.0,0.02133298,01,unlabeled,unlabeled,1,1,1,YES
yaw315_pitch+070_roll+000,315.0,70.0,0.0,0.03055937,01,unlabeled,unlabeled,1,1,1,YES
yaw315_pitch+075_roll+000,315.0,75.0,0.0,0.04010493,01,unlabeled,unlabeled,1,1,1,YES
yaw315_pitch+080_roll+000,315.0,80.0,0.0,0.03870862,01,unlabeled,unlabeled,1,1,1,YES
yaw315_pitch+085_roll+000,315.0,85.0,0.0,0.02905718,01,unlabeled,unlabeled,1,1,1,YES
yaw315_pitch+090_roll+000,315.0,90.0,0.0,0.02104213,01,unlabeled,unlabeled,1,1,1,YES
yaw315_pitch-005_roll+000,315.0,-5.0,0.0,0.03653964,01,unlabeled,unlabeled,1,1,1,YES
yaw315_pitch-010_roll+000,315.0,-10.0,0.0,0.04718675,01,unlabeled,unlabeled,1,1,1,YES
yaw315_pitch-015_roll+000,315.0,-15.0,0.0,0.04761411,01,unlabeled,unlabeled,1,1,1,YES
yaw315_pitch-020_roll+000,315.0,-20.0,0.0,0.03597224,01,unlabeled,unlabeled,1,1,1,YES
yaw315_pitch-025_roll+000,315.0,-25.0,0.0,0.02487461,01,unlabeled,unlabeled,1,1,1,YES
yaw315_pitch-030_roll+000,315.0,-30.0,0.0,0.02046345,01,unlabeled,unlabeled,1,1,1,YES
yaw315_pitch-035_roll+000,315.0,-35.0,0.0,0.01900196,01,unlabeled,unlabeled,1,1,1,YES
yaw315_pitch-040_roll+000,315.0,-40.0,0.0,0.01854743,01,unlabeled,unlabeled,1,1,1,YES
yaw315_pitch-045_roll+000,315.0,-45.0,0.0,0.01830413,01,unlabeled,unlabeled,1,1,1,YES
yaw315_pitch-050_roll+000,315.0,-50.0,0.0,0.01800553,01,unlabeled,unlabeled,1,1,1,YES
yaw315_pitch-055_roll+000,315.0,-55.0,0.0,0.01775421,01,unlabeled,unlabeled,1,1,1,YES
yaw315_pitch-060_roll+000,315.0,-60.0,0.0,0.01770595,01,unlabeled,unlabeled,1,1,1,YES
yaw315_pitch-065_roll+000,315.0,-65.0,0.0,0.01782835,01,unlabeled,unlabeled,1,1,1,YES
yaw315_pitch-070_roll+000,315.0,-70.0,0.0,0.01831926,01,unlabeled,unlabeled,1,1,1,YES
yaw315_pitch-075_roll+000,315.0,-75.0,0.0,0.01956529,01,unlabeled,unlabeled,1,1,1,YES
yaw315_pitch-080_roll+000,315.0,-80.0,0.0,0.02148834,01,unlabeled,unlabeled,1,1,1,YES
yaw315_pitch-085_roll+000,315.0,-85.0,0.0,0.02507190,01,unlabeled,unlabeled,1,1,1,YES
yaw315_pitch-090_roll+000,315.0,-90.0,0.0,0.03037972,01,unlabeled,unlabeled,1,1,1,YES
yaw320_pitch+000_roll+000,320.0,0.0,0.0,0.03722815,01,unlabeled,unlabeled,1,1,1,YES
yaw320_pitch+005_roll+000,320.0,5.0,0.0,0.02614776,01,unlabeled,unlabeled,1,1,1,YES
yaw320_pitch+010_roll+000,320.0,10.0,0.0,0.02287600,01,unlabeled,unlabeled,1,1,1,YES
yaw320_pitch+015_roll+000,320.0,15.0,0.0,0.02173593,01,unlabeled,unlabeled,1,1,1,YES
yaw320_pitch+020_roll+000,320.0,20.0,0.0,0.02008765,01,unlabeled,unlabeled,1,1,1,YES
yaw320_pitch+025_roll+000,320.0,25.0,0.0,0.01935287,01,unlabeled,unlabeled,1,1,1,YES
yaw320_pitch+030_roll+000,320.0,30.0,0.0,0.01927490,01,unlabeled,unlabeled,1,1,1,YES
yaw320_pitch+035_roll+000,320.0,35.0,0.0,0.01886832,01,unlabeled,unlabeled,1,1,1,YES
yaw320_pitch+040_roll+000,320.0,40.0,0.0,0.01870019,01,unlabeled,unlabeled,1,1,1,YES
yaw320_pitch+045_roll+000,320.0,45.0,0.0,0.01807428,01,unlabeled,unlabeled,1,1,1,YES
yaw320_pitch+050_roll+000,320.0,50.0,0.0,0.01811309,01,unlabeled,unlabeled,1,1,1,YES
yaw320_pitch+055_roll+000,320.0,55.0,0.0,0.01774805,01,unlabeled,unlabeled,1,1,1,YES
yaw320_pitch+060_roll+000,320.0,60.0,0.0,0.01997700,01,unlabeled,unlabeled,1,1,1,YES
yaw320_pitch+065_roll+000,320.0,65.0,0.0,0.02989268,01,unlabeled,unlabeled,1,1,1,YES
yaw320_pitch+070_roll+000,320.0,70.0,0.0,0.05843734,01,unlabeled,unlabeled,1,1,1,YES
yaw320_pitch+075_roll+000,320.0,75.0,0.0,0.09104313,01,unlabeled,unlabeled,1,1,1,YES
yaw320_pitch+080_roll+000,320.0,80.0,0.0,0.08831930,01,unlabeled,unlabeled,1,1,1,YES
yaw320_pitch+085_roll+000,320.0,85.0,0.0,0.05390976,01,unlabeled,unlabeled,1,1,1,YES
yaw320_pitch+090_roll+000,320.0,90.0,0.0,0.02895831,01,unlabeled,unlabeled,1,1,1,YES
yaw320_pitch-005_roll+000,320.0,-5.0,0.0,0.06590843,01,unlabeled,unlabeled,1,1,1,YES
yaw320_pitch-010_roll+000,320.0,-10.0,0.0,0.10228469,01,unlabeled,unlabeled,1,1,1,YES
yaw320_pitch-015_roll+000,320.0,-15.0,0.0,0.10256047,01,unlabeled,unlabeled,1,1,1,YES
yaw320_pitch-020_roll+000,320.0,-20.0,0.0,0.06670464,01,unlabeled,unlabeled,1,1,1,YES
yaw320_pitch-025_roll+000,320.0,-25.0,0.0,0.03425155,01,unlabeled,unlabeled,1,1,1,YES
yaw320_pitch-030_roll+000,320.0,-30.0,0.0,0.02245562,01,unlabeled,unlabeled,1,1,1,YES
yaw320_pitch-035_roll+000,320.0,-35.0,0.0,0.02013825,01,unlabeled,unlabeled,1,1,1,YES
yaw320_pitch-040_roll+000,320.0,-40.0,0.0,0.02007107,01,unlabeled,unlabeled,1,1,1,YES
yaw320_pitch-045_roll+000,320.0,-45.0,0.0,0.01998849,01,unlabeled,unlabeled,1,1,1,YES
yaw320_pitch-050_roll+000,320.0,-50.0,0.0,0.01892939,01,unlabeled,unlabeled,1,1,1,YES
yaw320_pitch-055_roll+000,320.0,-55.0,0.0,0.01875153,01,unlabeled,unlabeled,1,1,1,YES
yaw320_pitch-060_roll+000,320.0,-60.0,0.0,0.01882094,01,unlabeled,unlabeled,1,1,1,YES
yaw320_pitch-065_roll+000,320.0,-65.0,0.0,0.01880535,01,unlabeled,unlabeled,1,1,1,YES
yaw320_pitch-070_roll+000,320.0,-70.0,0.0,0.01992389,01,unlabeled,unlabeled,1,1,1,YES
yaw320_pitch-075_roll+000,320.0,-75.0,0.0,0.02188986,01,unlabeled,unlabeled,1,1,1,YES
yaw320_pitch-080_roll+000,320.0,-80.0,0.0,0.02527006,01,unlabeled,unlabeled,1,1,1,YES
yaw320_pitch-085_roll+000,320.0,-85.0,0.0,0.02952007,01,unlabeled,unlabeled,1,1,1,YES
yaw320_pitch-090_roll+000,320.0,-90.0,0.0,0.03763666,01,unlabeled,unlabeled,1,1,1,YES
yaw325_pitch+000_roll+000,325.0,0.0,0.0,0.04634938,01,unlabeled,unlabeled,1,1,1,YES
yaw325_pitch+005_roll+000,325.0,5.0,0.0,0.02787716,01,unlabeled,unlabeled,1,1,1,YES
yaw325_pitch+010_roll+000,325.0,10.0,0.0,0.02389868,01,unlabeled,unlabeled,1,1,1,YES
yaw325_pitch+015_roll+000,325.0,15.0,0.0,0.02235803,01,unlabeled,unlabeled,1,1,1,YES
yaw325_pitch+020_roll+000,325.0,20.0,0.0,0.02099536,01,unlabeled,unlabeled,1,1,1,YES
yaw325_pitch+025_roll+000,325.0,25.0,0.0,0.02041763,01,unlabeled,unlabeled,1,1,1,YES
yaw325_pitch+030_roll+000,325.0,30.0,0.0,0.02048350,01,unlabeled,unlabeled,1,1,1,YES
yaw325_pitch+035_roll+000,325.0,35.0,0.0,0.02005704,01,unlabeled,unlabeled,1,1,1,YES
yaw325_pitch+040_roll+000,325.0,40.0,0.0,0.01925148,01,unlabeled,unlabeled,1,1,1,YES
yaw325_pitch+045_roll+000,325.0,45.0,0.0,0.01887633,01,unlabeled,unlabeled,1,1,1,YES
yaw325_pitch+050_roll+000,325.0,50.0,0.0,0.01853800,01,unlabeled,unlabeled,1,1,1,YES
yaw325_pitch+055_roll+000,325.0,55.0,0.0,0.01836708,01,unlabeled,unlabeled,1,1,1,YES
yaw325_pitch+060_roll+000,325.0,60.0,0.0,0.02165661,01,unlabeled,unlabeled,1,1,1,YES
yaw325_pitch+065_roll+000,325.0,65.0,0.0,0.03994389,01,unlabeled,unlabeled,1,1,1,YES
yaw325_pitch+070_roll+000,325.0,70.0,0.0,0.09080112,01,unlabeled,unlabeled,1,1,1,YES
yaw325_pitch+075_roll+000,325.0,75.0,0.0,0.14952630,01,unlabeled,unlabeled,1,1,1,YES
yaw325_pitch+080_roll+000,325.0,80.0,0.0,0.14627946,01,unlabeled,unlabeled,1,1,1,YES
yaw325_pitch+085_roll+000,325.0,85.0,0.0,0.08440211,01,unlabeled,unlabeled,1,1,1,YES
yaw325_pitch+090_roll+000,325.0,90.0,0.0,0.03837591,01,unlabeled,unlabeled,1,1,1,YES
yaw325_pitch-005_roll+000,325.0,-5.0,0.0,0.09980584,01,unlabeled,unlabeled,1,1,1,YES
yaw325_pitch-010_roll+000,325.0,-10.0,0.0,0.16611312,01,unlabeled,unlabeled,1,1,1,YES
yaw325_pitch-015_roll+000,325.0,-15.0,0.0,0.16670680,01,unlabeled,unlabeled,1,1,1,YES
yaw325_pitch-020_roll+000,325.0,-20.0,0.0,0.10011950,01,unlabeled,unlabeled,1,1,1,YES
yaw325_pitch-025_roll+000,325.0,-25.0,0.0,0.04440617,01,unlabeled,unlabeled,1,1,1,YES
yaw325_pitch-030_roll+000,325.0,-30.0,0.0,0.02412486,01,unlabeled,unlabeled,1,1,1,YES
yaw325_pitch-035_roll+000,325.0,-35.0,0.0,0.02072046,01,unlabeled,unlabeled,1,1,1,YES
yaw325_pitch-040_roll+000,325.0,-40.0,0.0,0.02088096,01,unlabeled,unlabeled,1,1,1,YES
yaw325_pitch-045_roll+000,325.0,-45.0,0.0,0.02072398,01,unlabeled,unlabeled,1,1,1,YES
yaw325_pitch-050_roll+000,325.0,-50.0,0.0,0.02029121,01,unlabeled,unlabeled,1,1,1,YES
yaw325_pitch-055_roll+000,325.0,-55.0,0.0,0.01964429,01,unlabeled,unlabeled,1,1,1,YES
yaw325_pitch-060_roll+000,325.0,-60.0,0.0,0.01945349,01,unlabeled,unlabeled,1,1,1,YES
yaw325_pitch-065_roll+000,325.0,-65.0,0.0,0.01937147,01,unlabeled,unlabeled,1,1,1,YES
yaw325_pitch-070_roll+000,325.0,-70.0,0.0,0.02127603,01,unlabeled,unlabeled,1,1,1,YES
yaw325_pitch-075_roll+000,325.0,-75.0,0.0,0.02458529,01,unlabeled,unlabeled,1,1,1,YES
yaw325_pitch-080_roll+000,325.0,-80.0,0.0,0.02804761,01,unlabeled,unlabeled,1,1,1,YES
yaw325_pitch-085_roll+000,325.0,-85.0,0.0,0.03311088,01,unlabeled,unlabeled,1,1,1,YES
yaw325_pitch-090_roll+000,325.0,-90.0,0.0,0.04352647,01,unlabeled,unlabeled,1,1,1,YES
yaw330_pitch+000_roll+000,330.0,0.0,0.0,0.04543056,01,unlabeled,unlabeled,1,1,1,YES
yaw330_pitch+005_roll+000,330.0,5.0,0.0,0.02682043,01,unlabeled,unlabeled,1,1,1,YES
yaw330_pitch+010_roll+000,330.0,10.0,0.0,0.02318636,01,unlabeled,unlabeled,1,1,1,YES
yaw330_pitch+015_roll+000,330.0,15.0,0.0,0.02160791,01,unlabeled,unlabeled,1,1,1,YES
yaw330_pitch+020_roll+000,330.0,20.0,0.0,0.02062324,01,unlabeled,unlabeled,1,1,1,YES
yaw330_pitch+025_roll+000,330.0,25.0,0.0,0.02025567,01,unlabeled,unlabeled,1,1,1,YES
yaw330_pitch+030_roll+000,330.0,30.0,0.0,0.01968101,01,unlabeled,unlabeled,1,1,1,YES
yaw330_pitch+035_roll+000,330.0,35.0,0.0,0.01981147,01,unlabeled,unlabeled,1,1,1,YES
yaw330_pitch+040_roll+000,330.0,40.0,0.0,0.01952966,01,unlabeled,unlabeled,1,1,1,YES
yaw330_pitch+045_roll+000,330.0,45.0,0.0,0.01885447,01,unlabeled,unlabeled,1,1,1,YES
yaw330_pitch+050_roll+000,330.0,50.0,0.0,0.01909374,01,unlabeled,unlabeled,1,1,1,YES
yaw330_pitch+055_roll+000,330.0,55.0,0.0,0.01871676,01,unlabeled,unlabeled,1,1,1,YES
yaw330_pitch+060_roll+000,330.0,60.0,0.0,0.02176153,01,unlabeled,unlabeled,1,1,1,YES
yaw330_pitch+065_roll+000,330.0,65.0,0.0,0.03981743,01,unlabeled,unlabeled,1,1,1,YES
yaw330_pitch+070_roll+000,330.0,70.0,0.0,0.09120360,01,unlabeled,unlabeled,1,1,1,YES
yaw330_pitch+075_roll+000,330.0,75.0,0.0,0.15007978,01,unlabeled,unlabeled,1,1,1,YES
yaw330_pitch+080_roll+000,330.0,80.0,0.0,0.14524840,01,unlabeled,unlabeled,1,1,1,YES
yaw330_pitch+085_roll+000,330.0,85.0,0.0,0.08611518,01,unlabeled,unlabeled,1,1,1,YES
yaw330_pitch+090_roll+000,330.0,90.0,0.0,0.03779334,01,unlabeled,unlabeled,1,1,1,YES
yaw330_pitch-005_roll+000,330.0,-5.0,0.0,0.09805147,01,unlabeled,unlabeled,1,1,1,YES
yaw330_pitch-010_roll+000,330.0,-10.0,0.0,0.16627136,01,unlabeled,unlabeled,1,1,1,YES
yaw330_pitch-015_roll+000,330.0,-15.0,0.0,0.16542734,01,unlabeled,unlabeled,1,1,1,YES
yaw330_pitch-020_roll+000,330.0,-20.0,0.0,0.09901341,01,unlabeled,unlabeled,1,1,1,YES
yaw330_pitch-025_roll+000,330.0,-25.0,0.0,0.04372025,01,unlabeled,unlabeled,1,1,1,YES
yaw330_pitch-030_roll+000,330.0,-30.0,0.0,0.02430065,01,unlabeled,unlabeled,1,1,1,YES
yaw330_pitch-035_roll+000,330.0,-35.0,0.0,0.02073390,01,unlabeled,unlabeled,1,1,1,YES
yaw330_pitch-040_roll+000,330.0,-40.0,0.0,0.02085426,01,unlabeled,unlabeled,1,1,1,YES
yaw330_pitch-045_roll+000,330.0,-45.0,0.0,0.02070055,01,unlabeled,unlabeled,1,1,1,YES
yaw330_pitch-050_roll+000,330.0,-50.0,0.0,0.01981498,01,unlabeled,unlabeled,1,1,1,YES
yaw330_pitch-055_roll+000,330.0,-55.0,0.0,0.01929690,01,unlabeled,unlabeled,1,1,1,YES
yaw330_pitch-060_roll+000,330.0,-60.0,0.0,0.01921598,01,unlabeled,unlabeled,1,1,1,YES
yaw330_pitch-065_roll+000,330.0,-65.0,0.0,0.02003432,01,unlabeled,unlabeled,1,1,1,YES
yaw330_pitch-070_roll+000,330.0,-70.0,0.0,0.02153446,01,unlabeled,unlabeled,1,1,1,YES
yaw330_pitch-075_roll+000,330.0,-75.0,0.0,0.02463412,01,unlabeled,unlabeled,1,1,1,YES
yaw330_pitch-080_roll+000,330.0,-80.0,0.0,0.02843617,01,unlabeled,unlabeled,1,1,1,YES
yaw330_pitch-085_roll+000,330.0,-85.0,0.0,0.03355604,01,unlabeled,unlabeled,1,1,1,YES
yaw330_pitch-090_roll+000,330.0,-90.0,0.0,0.04468212,01,unlabeled,unlabeled,1,1,1,YES
yaw335_pitch+000_roll+000,335.0,0.0,0.0,0.03381949,01,unlabeled,unlabeled,1,1,1,YES
yaw335_pitch+005_roll+000,335.0,5.0,0.0,0.02361936,01,unlabeled,unlabeled,1,1,1,YES
yaw335_pitch+010_roll+000,335.0,10.0,0.0,0.02141142,01,unlabeled,unlabeled,1,1,1,YES
yaw335_pitch+015_roll+000,335.0,15.0,0.0,0.02050600,01,unlabeled,unlabeled,1,1,1,YES
yaw335_pitch+020_roll+000,335.0,20.0,0.0,0.01976803,01,unlabeled,unlabeled,1,1,1,YES
yaw335_pitch+025_roll+000,335.0,25.0,0.0,0.01965174,01,unlabeled,unlabeled,1,1,1,YES
yaw335_pitch+030_roll+000,335.0,30.0,0.0,0.01885589,01,unlabeled,unlabeled,1,1,1,YES
yaw335_pitch+035_roll+000,335.0,35.0,0.0,0.01889564,01,unlabeled,unlabeled,1,1,1,YES
yaw335_pitch+040_roll+000,335.0,40.0,0.0,0.01843789,01,unlabeled,unlabeled,1,1,1,YES
yaw335_pitch+045_roll+000,335.0,45.0,0.0,0.01808434,01,unlabeled,unlabeled,1,1,1,YES
yaw335_pitch+050_roll+000,335.0,50.0,0.0,0.01794398,01,unlabeled,unlabeled,1,1,1,YES
yaw335_pitch+055_roll+000,335.0,55.0,0.0,0.01809225,01,unlabeled,unlabeled,1,1,1,YES
yaw335_pitch+060_roll+000,335.0,60.0,0.0,0.01971101,01,unlabeled,unlabeled,1,1,1,YES
yaw335_pitch+065_roll+000,335.0,65.0,0.0,0.03012847,01,unlabeled,unlabeled,1,1,1,YES
yaw335_pitch+070_roll+000,335.0,70.0,0.0,0.05858135,01,unlabeled,unlabeled,1,1,1,YES
yaw335_pitch+075_roll+000,335.0,75.0,0.0,0.09125222,01,unlabeled,unlabeled,1,1,1,YES
yaw335_pitch+080_roll+000,335.0,80.0,0.0,0.08792788,01,unlabeled,unlabeled,1,1,1,YES
yaw335_pitch+085_roll+000,335.0,85.0,0.0,0.05500423,01,unlabeled,unlabeled,1,1,1,YES
yaw335_pitch+090_roll+000,335.0,90.0,0.0,0.02939418,01,unlabeled,unlabeled,1,1,1,YES
yaw335_pitch-005_roll+000,335.0,-5.0,0.0,0.06417600,01,unlabeled,unlabeled,1,1,1,YES
yaw335_pitch-010_roll+000,335.0,-10.0,0.0,0.10104318,01,unlabeled,unlabeled,1,1,1,YES
yaw335_pitch-015_roll+000,335.0,-15.0,0.0,0.10171544,01,unlabeled,unlabeled,1,1,1,YES
yaw335_pitch-020_roll+000,335.0,-20.0,0.0,0.06483889,01,unlabeled,unlabeled,1,1,1,YES
yaw335_pitch-025_roll+000,335.0,-25.0,0.0,0.03353322,01,unlabeled,unlabeled,1,1,1,YES
yaw335_pitch-030_roll+000,335.0,-30.0,0.0,0.02199781,01,unlabeled,unlabeled,1,1,1,YES
yaw335_pitch-035_roll+000,335.0,-35.0,0.0,0.01984316,01,unlabeled,unlabeled,1,1,1,YES
yaw335_pitch-040_roll+000,335.0,-40.0,0.0,0.01985957,01,unlabeled,unlabeled,1,1,1,YES
yaw335_pitch-045_roll+000,335.0,-45.0,0.0,0.01970260,01,unlabeled,unlabeled,1,1,1,YES
yaw335_pitch-050_roll+000,335.0,-50.0,0.0,0.01909677,01,unlabeled,unlabeled,1,1,1,YES
yaw335_pitch-055_roll+000,335.0,-55.0,0.0,0.01884829,01,unlabeled,unlabeled,1,1,1,YES
yaw335_pitch-060_roll+000,335.0,-60.0,0.0,0.01884959,01,unlabeled,unlabeled,1,1,1,YES
yaw335_pitch-065_roll+000,335.0,-65.0,0.0,0.01942283,01,unlabeled,unlabeled,1,1,1,YES
yaw335_pitch-070_roll+000,335.0,-70.0,0.0,0.02053685,01,unlabeled,unlabeled,1,1,1,YES
yaw335_pitch-075_roll+000,335.0,-75.0,0.0,0.02255256,01,unlabeled,unlabeled,1,1,1,YES
yaw335_pitch-080_roll+000,335.0,-80.0,0.0,0.02544736,01,unlabeled,unlabeled,1,1,1,YES
yaw335_pitch-085_roll+000,335.0,-85.0,0.0,0.03051141,01,unlabeled,unlabeled,1,1,1,YES
yaw335_pitch-090_roll+000,335.0,-90.0,0.0,0.03994938,01,unlabeled,unlabeled,1,1,1,YES
yaw340_pitch+000_roll+000,340.0,0.0,0.0,0.02435302,01,unlabeled,unlabeled,1,1,1,YES
yaw340_pitch+005_roll+000,340.0,5.0,0.0,0.02053366,01,unlabeled,unlabeled,1,1,1,YES
yaw340_pitch+010_roll+000,340.0,10.0,0.0,0.01975894,01,unlabeled,unlabeled,1,1,1,YES
yaw340_pitch+015_roll+000,340.0,15.0,0.0,0.01915627,01,unlabeled,unlabeled,1,1,1,YES
yaw340_pitch+020_roll+000,340.0,20.0,0.0,0.01890911,01,unlabeled,unlabeled,1,1,1,YES
yaw340_pitch+025_roll+000,340.0,25.0,0.0,0.01842614,01,unlabeled,unlabeled,1,1,1,YES
yaw340_pitch+030_roll+000,340.0,30.0,0.0,0.01794693,01,unlabeled,unlabeled,1,1,1,YES
yaw340_pitch+035_roll+000,340.0,35.0,0.0,0.01729998,01,unlabeled,unlabeled,1,1,1,YES
yaw340_pitch+040_roll+000,340.0,40.0,0.0,0.01724754,01,unlabeled,unlabeled,1,1,1,YES
yaw340_pitch+045_roll+000,340.0,45.0,0.0,0.01711765,01,unlabeled,unlabeled,1,1,1,YES
yaw340_pitch+050_roll+000,340.0,50.0,0.0,0.01682986,01,unlabeled,unlabeled,1,1,1,YES
yaw340_pitch+055_roll+000,340.0,55.0,0.0,0.01687237,01,unlabeled,unlabeled,1,1,1,YES
yaw340_pitch+060_roll+000,340.0,60.0,0.0,0.01759139,01,unlabeled,unlabeled,1,1,1,YES
yaw340_pitch+065_roll+000,340.0,65.0,0.0,0.02085877,01,unlabeled,unlabeled,1,1,1,YES
yaw340_pitch+070_roll+000,340.0,70.0,0.0,0.02964261,01,unlabeled,unlabeled,1,1,1,YES
yaw340_pitch+075_roll+000,340.0,75.0,0.0,0.03939240,01,unlabeled,unlabeled,1,1,1,YES
yaw340_pitch+080_roll+000,340.0,80.0,0.0,0.03877098,01,unlabeled,unlabeled,1,1,1,YES
yaw340_pitch+085_roll+000,340.0,85.0,0.0,0.02840173,01,unlabeled,unlabeled,1,1,1,YES
yaw340_pitch+090_roll+000,340.0,90.0,0.0,0.02135375,01,unlabeled,unlabeled,1,1,1,YES
yaw340_pitch-005_roll+000,340.0,-5.0,0.0,0.03418526,01,unlabeled,unlabeled,1,1,1,YES
yaw340_pitch-010_roll+000,340.0,-10.0,0.0,0.04582260,01,unlabeled,unlabeled,1,1,1,YES
yaw340_pitch-015_roll+000,340.0,-15.0,0.0,0.04689157,01,unlabeled,unlabeled,1,1,1,YES
yaw340_pitch-020_roll+000,340.0,-20.0,0.0,0.03450659,01,unlabeled,unlabeled,1,1,1,YES
yaw340_pitch-025_roll+000,340.0,-25.0,0.0,0.02413357,01,unlabeled,unlabeled,1,1,1,YES
yaw340_pitch-030_roll+000,340.0,-30.0,0.0,0.01969717,01,unlabeled,unlabeled,1,1,1,YES
yaw340_pitch-035_roll+000,340.0,-35.0,0.0,0.01876357,01,unlabeled,unlabeled,1,1,1,YES
yaw340_pitch-040_roll+000,340.0,-40.0,0.0,0.01850352,01,unlabeled,unlabeled,1,1,1,YES
yaw340_pitch-045_roll+000,340.0,-45.0,0.0,0.01844990,01,unlabeled,unlabeled,1,1,1,YES
yaw340_pitch-050_roll+000,340.0,-50.0,0.0,0.01844559,01,unlabeled,unlabeled,1,1,1,YES
yaw340_pitch-055_roll+000,340.0,-55.0,0.0,0.01813804,01,unlabeled,unlabeled,1,1,1,YES
yaw340_pitch-060_roll+000,340.0,-60.0,0.0,0.01793119,01,unlabeled,unlabeled,1,1,1,YES
yaw340_pitch-065_roll+000,340.0,-65.0,0.0,0.01861677,01,unlabeled,unlabeled,1,1,1,YES
yaw340_pitch-070_roll+000,340.0,-70.0,0.0,0.01927945,01,unlabeled,unlabeled,1,1,1,YES
yaw340_pitch-075_roll+000,340.0,-75.0,0.0,0.02111441,01,unlabeled,unlabeled,1,1,1,YES
yaw340_pitch-080_roll+000,340.0,-80.0,0.0,0.02355721,01,unlabeled,unlabeled,1,1,1,YES
yaw340_pitch-085_roll+000,340.0,-85.0,0.0,0.02759854,01,unlabeled,unlabeled,1,1,1,YES
yaw340_pitch-090_roll+000,340.0,-90.0,0.0,0.03348164,01,unlabeled,unlabeled,1,1,1,YES
yaw345_pitch+000_roll+000,345.0,0.0,0.0,0.01957565,01,unlabeled,unlabeled,1,1,1,YES
yaw345_pitch+005_roll+000,345.0,5.0,0.0,0.01872599,01,unlabeled,unlabeled,1,1,1,YES
yaw345_pitch+010_roll+000,345.0,10.0,0.0,0.01815524,01,unlabeled,unlabeled,1,1,1,YES
yaw345_pitch+015_roll+000,345.0,15.0,0.0,0.01741751,01,unlabeled,unlabeled,1,1,1,YES
yaw345_pitch+020_roll+000,345.0,20.0,0.0,0.01775641,01,unlabeled,unlabeled,1,1,1,YES
yaw345_pitch+025_roll+000,345.0,25.0,0.0,0.01757729,01,unlabeled,unlabeled,1,1,1,YES
yaw345_pitch+030_roll+000,345.0,30.0,0.0,0.01682828,01,unlabeled,unlabeled,1,1,1,YES
yaw345_pitch+035_roll+000,345.0,35.0,0.0,0.01653306,01,unlabeled,unlabeled,1,1,1,YES
yaw345_pitch+040_roll+000,345.0,40.0,0.0,0.01615723,01,unlabeled,unlabeled,1,1,1,YES
yaw345_pitch+045_roll+000,345.0,45.0,0.0,0.01601129,01,unlabeled,unlabeled,1,1,1,YES
yaw345_pitch+050_roll+000,345.0,50.0,0.0,0.01599826,01,unlabeled,unlabeled,1,1,1,YES
yaw345_pitch+055_roll+000,345.0,55.0,0.0,0.01597697,01,unlabeled,unlabeled,1,1,1,YES
yaw345_pitch+060_roll+000,345.0,60.0,0.0,0.01603731,01,unlabeled,unlabeled,1,1,1,YES
yaw345_pitch+065_roll+000,345.0,65.0,0.0,0.01654383,01,unlabeled,unlabeled,1,1,1,YES
yaw345_pitch+070_roll+000,345.0,70.0,0.0,0.01827515,01,unlabeled,unlabeled,1,1,1,YES
yaw345_pitch+075_roll+000,345.0,75.0,0.0,0.01986281,01,unlabeled,unlabeled,1,1,1,YES
yaw345_pitch+080_roll+000,345.0,80.0,0.0,0.02018092,01,unlabeled,unlabeled,1,1,1,YES
yaw345_pitch+085_roll+000,345.0,85.0,0.0,0.01830189,01,unlabeled,unlabeled,1,1,1,YES
yaw345_pitch+090_roll+000,345.0,90.0,0.0,0.01699636,01,unlabeled,unlabeled,1,1,1,YES
yaw345_pitch-005_roll+000,345.0,-5.0,0.0,0.02249324,01,unlabeled,unlabeled,1,1,1,YES
yaw345_pitch-010_roll+000,345.0,-10.0,0.0,0.02529119,01,unlabeled,unlabeled,1,1,1,YES
yaw345_pitch-015_roll+000,345.0,-15.0,0.0,0.02517760,01,unlabeled,unlabeled,1,1,1,YES
yaw345_pitch-020_roll+000,345.0,-20.0,0.0,0.02250176,01,unlabeled,unlabeled,1,1,1,YES
yaw345_pitch-025_roll+000,345.0,-25.0,0.0,0.01980803,01,unlabeled,unlabeled,1,1,1,YES
yaw345_pitch-030_roll+000,345.0,-30.0,0.0,0.01816987,01,unlabeled,unlabeled,1,1,1,YES
yaw345_pitch-035_roll+000,345.0,-35.0,0.0,0.01746465,01,unlabeled,unlabeled,1,1,1,YES
yaw345_pitch-040_roll+000,345.0,-40.0,0.0,0.01749102,01,unlabeled,unlabeled,1,1,1,YES
yaw345_pitch-045_roll+000,345.0,-45.0,0.0,0.01737063,01,unlabeled,unlabeled,1,1,1,YES
yaw345_pitch-050_roll+000,345.0,-50.0,0.0,0.01726705,01,unlabeled,unlabeled,1,1,1,YES
yaw345_pitch-055_roll+000,345.0,-55.0,0.0,0.01737483,01,unlabeled,unlabeled,1,1,1,YES
yaw345_pitch-060_roll+000,345.0,-60.0,0.0,0.01723478,01,unlabeled,unlabeled,1,1,1,YES
yaw345_pitch-065_roll+000,345.0,-65.0,0.0,0.01720879,01,unlabeled,unlabeled,1,1,1,YES
yaw345_pitch-070_roll+000,345.0,-70.0,0.0,0.01831195,01,unlabeled,unlabeled,1,1,1,YES
yaw345_pitch-075_roll+000,345.0,-75.0,0.0,0.01980652,01,unlabeled,unlabeled,1,1,1,YES
yaw345_pitch-080_roll+000,345.0,-80.0,0.0,0.02105304,01,unlabeled,unlabeled,1,1,1,YES
yaw345_pitch-085_roll+000,345.0,-85.0,0.0,0.02363354,01,unlabeled,unlabeled,1,1,1,YES
yaw345_pitch-090_roll+000,345.0,-90.0,0.0,0.02724081,01,unlabeled,unlabeled,1,1,1,YES
yaw350_pitch+000_roll+000,350.0,0.0,0.0,0.01815956,01,unlabeled,unlabeled,1,1,1,YES
yaw350_pitch+005_roll+000,350.0,5.0,0.0,0.01739049,01,unlabeled,unlabeled,1,1,1,YES
yaw350_pitch+010_roll+000,350.0,10.0,0.0,0.01654502,01,unlabeled,unlabeled,1,1,1,YES
yaw350_pitch+015_roll+000,350.0,15.0,0.0,0.01623838,01,unlabeled,unlabeled,1,1,1,YES
yaw350_pitch+020_roll+000,350.0,20.0,0.0,0.01621413,01,unlabeled,unlabeled,1,1,1,YES
yaw350_pitch+025_roll+000,350.0,25.0,0.0,0.01623714,01,unlabeled,unlabeled,1,1,1,YES
yaw350_pitch+030_roll+000,350.0,30.0,0.0,0.01586217,01,unlabeled,unlabeled,1,1,1,YES
yaw350_pitch+035_roll+000,350.0,35.0,0.0,0.01532075,01,unlabeled,unlabeled,1,1,1,YES
yaw350_pitch+040_roll+000,350.0,40.0,0.0,0.01511421,01,unlabeled,unlabeled,1,1,1,YES
yaw350_pitch+045_roll+000,350.0,45.0,0.0,0.01499168,01,unlabeled,unlabeled,1,1,1,YES
yaw350_pitch+050_roll+000,350.0,50.0,0.0,0.01500450,01,unlabeled,unlabeled,1,1,1,YES
yaw350_pitch+055_roll+000,350.0,55.0,0.0,0.01478230,01,unlabeled,unlabeled,1,1,1,YES
yaw350_pitch+060_roll+000,350.0,60.0,0.0,0.01491344,01,unlabeled,unlabeled,1,1,1,YES
yaw350_pitch+065_roll+000,350.0,65.0,0.0,0.01492433,01,unlabeled,unlabeled,1,1,1,YES
yaw350_pitch+070_roll+000,350.0,70.0,0.0,0.01508369,01,unlabeled,unlabeled,1,1,1,YES
yaw350_pitch+075_roll+000,350.0,75.0,0.0,0.01593517,01,unlabeled,unlabeled,1,1,1,YES
yaw350_pitch+080_roll+000,350.0,80.0,0.0,0.01574934,01,unlabeled,unlabeled,1,1,1,YES
yaw350_pitch+085_roll+000,350.0,85.0,0.0,0.01558130,01,unlabeled,unlabeled,1,1,1,YES
yaw350_pitch+090_roll+000,350.0,90.0,0.0,0.01583545,01,unlabeled,unlabeled,1,1,1,YES
yaw350_pitch-005_roll+000,350.0,-5.0,0.0,0.01896652,01,unlabeled,unlabeled,1,1,1,YES
yaw350_pitch-010_roll+000,350.0,-10.0,0.0,0.02021769,01,unlabeled,unlabeled,1,1,1,YES
yaw350_pitch-015_roll+000,350.0,-15.0,0.0,0.01974967,01,unlabeled,unlabeled,1,1,1,YES
yaw350_pitch-020_roll+000,350.0,-20.0,0.0,0.01907680,01,unlabeled,unlabeled,1,1,1,YES
yaw350_pitch-025_roll+000,350.0,-25.0,0.0,0.01761082,01,unlabeled,unlabeled,1,1,1,YES
yaw350_pitch-030_roll+000,350.0,-30.0,0.0,0.01658468,01,unlabeled,unlabeled,1,1,1,YES
yaw350_pitch-035_roll+000,350.0,-35.0,0.0,0.01617765,01,unlabeled,unlabeled,1,1,1,YES
yaw350_pitch-040_roll+000,350.0,-40.0,0.0,0.01615161,01,unlabeled,unlabeled,1,1,1,YES
yaw350_pitch-045_roll+000,350.0,-45.0,0.0,0.01606529,01,unlabeled,unlabeled,1,1,1,YES
yaw350_pitch-050_roll+000,350.0,-50.0,0.0,0.01609747,01,unlabeled,unlabeled,1,1,1,YES
yaw350_pitch-055_roll+000,350.0,-55.0,0.0,0.01599495,01,unlabeled,unlabeled,1,1,1,YES
yaw350_pitch-060_roll+000,350.0,-60.0,0.0,0.01618734,01,unlabeled,unlabeled,1,1,1,YES
yaw350_pitch-065_roll+000,350.0,-65.0,0.0,0.01692350,01,unlabeled,unlabeled,1,1,1,YES
yaw350_pitch-070_roll+000,350.0,-70.0,0.0,0.01715844,01,unlabeled,unlabeled,1,1,1,YES
yaw350_pitch-075_roll+000,350.0,-75.0,0.0,0.01803830,01,unlabeled,unlabeled,1,1,1,YES
yaw350_pitch-080_roll+000,350.0,-80.0,0.0,0.01934280,01,unlabeled,unlabeled,1,1,1,YES
yaw350_pitch-085_roll+000,350.0,-85.0,0.0,0.02088677,01,unlabeled,unlabeled,1,1,1,YES
yaw350_pitch-090_roll+000,350.0,-90.0,0.0,0.02229001,01,unlabeled,unlabeled,1,1,1,YES
yaw355_pitch+000_roll+000,355.0,0.0,0.0,0.01572191,01,unlabeled,unlabeled,1,1,1,YES
yaw355_pitch+005_roll+000,355.0,5.0,0.0,0.01536721,01,unlabeled,unlabeled,1,1,1,YES
yaw355_pitch+010_roll+000,355.0,10.0,0.0,0.01482340,01,unlabeled,unlabeled,1,1,1,YES
yaw355_pitch+015_roll+000,355.0,15.0,0.0,0.01452242,01,unlabeled,unlabeled,1,1,1,YES
yaw355_pitch+020_roll+000,355.0,20.0,0.0,0.01475536,01,unlabeled,unlabeled,1,1,1,YES
yaw355_pitch+025_roll+000,355.0,25.0,0.0,0.01478468,01,unlabeled,unlabeled,1,1,1,YES
yaw355_pitch+030_roll+000,355.0,30.0,0.0,0.01461279,01,unlabeled,unlabeled,1,1,1,YES
yaw355_pitch+035_roll+000,355.0,35.0,0.0,0.01431975,01,unlabeled,unlabeled,1,1,1,YES
yaw355_pitch+040_roll+000,355.0,40.0,0.0,0.01397089,01,unlabeled,unlabeled,1,1,1,YES
yaw355_pitch+045_roll+000,355.0,45.0,0.0,0.01378154,01,unlabeled,unlabeled,1,1,1,YES
yaw355_pitch+050_roll+000,355.0,50.0,0.0,0.01379170,01,unlabeled,unlabeled,1,1,1,YES
yaw355_pitch+055_roll+000,355.0,55.0,0.0,0.01370196,01,unlabeled,unlabeled,1,1,1,YES
yaw355_pitch+060_roll+000,355.0,60.0,0.0,0.01376153,01,unlabeled,unlabeled,1,1,1,YES
yaw355_pitch+065_roll+000,355.0,65.0,0.0,0.01386050,01,unlabeled,unlabeled,1,1,1,YES
yaw355_pitch+070_roll+000,355.0,70.0,0.0,0.01397361,01,unlabeled,unlabeled,1,1,1,YES
yaw355_pitch+075_roll+000,355.0,75.0,0.0,0.01390339,01,unlabeled,unlabeled,1,1,1,YES
yaw355_pitch+080_roll+000,355.0,80.0,0.0,0.01415250,01,unlabeled,unlabeled,1,1,1,YES
yaw355_pitch+085_roll+000,355.0,85.0,0.0,0.01415655,01,unlabeled,unlabeled,1,1,1,YES
yaw355_pitch+090_roll+000,355.0,90.0,0.0,0.01446516,01,unlabeled,unlabeled,1,1,1,YES
yaw355_pitch-005_roll+000,355.0,-5.0,0.0,0.01700718,01,unlabeled,unlabeled,1,1,1,YES
yaw355_pitch-010_roll+000,355.0,-10.0,0.0,0.01791503,01,unlabeled,unlabeled,1,1,1,YES
yaw355_pitch-015_roll+000,355.0,-15.0,0.0,0.01764833,01,unlabeled,unlabeled,1,1,1,YES
yaw355_pitch-020_roll+000,355.0,-20.0,0.0,0.01725069,01,unlabeled,unlabeled,1,1,1,YES
yaw355_pitch-025_roll+000,355.0,-25.0,0.0,0.01626895,01,unlabeled,unlabeled,1,1,1,YES
yaw355_pitch-030_roll+000,355.0,-30.0,0.0,0.01536164,01,unlabeled,unlabeled,1,1,1,YES
yaw355_pitch-035_roll+000,355.0,-35.0,0.0,0.01471640,01,unlabeled,unlabeled,1,1,1,YES
yaw355_pitch-040_roll+000,355.0,-40.0,0.0,0.01467009,01,unlabeled,unlabeled,1,1,1,YES
yaw355_pitch-045_roll+000,355.0,-45.0,0.0,0.01456775,01,unlabeled,unlabeled,1,1,1,YES
yaw355_pitch-050_roll+000,355.0,-50.0,0.0,0.01475150,01,unlabeled,unlabeled,1,1,1,YES
yaw355_pitch-055_roll+000,355.0,-55.0,0.0,0.01469707,01,unlabeled,unlabeled,1,1,1,YES
yaw355_pitch-060_roll+000,355.0,-60.0,0.0,0.01469753,01,unlabeled,unlabeled,1,1,1,YES
yaw355_pitch-065_roll+000,355.0,-65.0,0.0,0.01490574,01,unlabeled,unlabeled,1,1,1,YES
yaw355_pitch-070_roll+000,355.0,-70.0,0.0,0.01578708,01,unlabeled,unlabeled,1,1,1,YES
yaw355_pitch-075_roll+000,355.0,-75.0,0.0,0.01634974,01,unlabeled,unlabeled,1,1,1,YES
yaw355_pitch-080_roll+000,355.0,-80.0,0.0,0.01695870,01,unlabeled,unlabeled,1,1,1,YES
yaw355_pitch-085_roll+000,355.0,-85.0,0.0,0.01832760,01,unlabeled,unlabeled,1,1,1,YES
yaw355_pitch-090_roll+000,355.0,-90.0,0.0,0.01874475,01,unlabeled,unlabeled,1,1,1,YES
