region,category,priority,yaw_deg,pitch_deg,roll,grid_type,source,ocs_total,brightness_rank,rank_shift_vs_roll0,pixel_local_contrast,neighbor_contrast_ypr,roll_sensitivity_score,n_pixels_camera_visible,n_pixels_contributing,mean_lit,image_usable,glint_flag,saturation_flag
R3_low_info_connectivity,low-info/ocs-hard,primary,55.0,+60.0,-60,integer5,21_pack,1.598010e-02,83,37,1.075251,0.318292,2.154159,4355,3633,2.746477e-02,1,1,0
R3_low_info_connectivity,low-info/ocs-hard,primary,55.0,+60.0,-45,integer5,21_pack,2.048936e-02,76,30,1.178139,0.588795,2.154159,5291,4592,2.786046e-02,1,1,0
R3_low_info_connectivity,low-info/ocs-hard,primary,55.0,+60.0,-30,integer5,21_pack,2.689472e-02,50,4,0.324931,1.729456,2.154159,5996,2774,6.053722e-02,1,0,0
R3_low_info_connectivity,low-info/ocs-hard,primary,55.0,+60.0,-15,integer5,21_pack,8.550375e-02,25,-21,0.344331,1.116106,2.154159,6356,3587,1.488386e-01,1,0,0
R3_low_info_connectivity,low-info/ocs-hard,primary,55.0,+60.0,0,integer5,01_fullrun,6.625763e-02,46,0,0.268506,1.033475,2.154159,6327,4121,1.003911e-01,1,0,0
R3_low_info_connectivity,low-info/ocs-hard,primary,55.0,+60.0,15,integer5,21_pack,2.850029e-02,98,52,0.562257,1.184680,2.154159,6016,4537,3.922314e-02,1,1,0
R3_low_info_connectivity,low-info/ocs-hard,primary,55.0,+60.0,30,integer5,21_pack,2.245574e-02,97,51,0.896586,0.643331,2.154159,5930,4973,2.819491e-02,1,1,0
R3_low_info_connectivity,low-info/ocs-hard,primary,55.0,+60.0,45,integer5,21_pack,1.530851e-02,103,57,1.251684,0.536255,2.154159,6167,4989,1.915938e-02,1,1,0
R3_low_info_connectivity,low-info/ocs-hard,primary,55.0,+60.0,60,integer5,21_pack,1.464699e-02,81,35,0.309178,0.176572,2.154159,6051,1586,5.766432e-02,1,0,0
R3_low_info_connectivity,low-info/ocs-hard,primary,55.0,+62.5,-60,half2p5,21_pack,1.572014e-02,84,39,1.255628,0.343070,1.967702,4282,4189,2.343192e-02,1,1,0
R3_low_info_connectivity,low-info/ocs-hard,primary,55.0,+62.5,-45,half2p5,21_pack,2.020450e-02,79,34,1.347009,0.611703,1.967702,5239,5171,2.439696e-02,1,1,0
R3_low_info_connectivity,low-info/ocs-hard,primary,55.0,+62.5,-30,half2p5,21_pack,2.659396e-02,51,6,0.599289,1.783268,1.967702,5955,3362,4.939092e-02,1,0,0
R3_low_info_connectivity,low-info/ocs-hard,primary,55.0,+62.5,-15,half2p5,21_pack,7.717834e-02,28,-17,0.579898,1.136568,1.967702,6340,4235,1.137900e-01,1,0,0
R3_low_info_connectivity,low-info/ocs-hard,primary,55.0,+62.5,0,half2p5,21_pack,6.647777e-02,45,0,0.505308,1.048897,1.967702,6326,4819,8.613535e-02,1,0,0
R3_low_info_connectivity,low-info/ocs-hard,primary,55.0,+62.5,15,half2p5,21_pack,2.852209e-02,97,52,0.712045,1.194908,1.967702,6018,5250,3.392220e-02,1,1,0
R3_low_info_connectivity,low-info/ocs-hard,primary,55.0,+62.5,30,half2p5,21_pack,2.227006e-02,102,57,1.014741,0.642509,1.967702,5908,5719,2.431438e-02,1,1,0
R3_low_info_connectivity,low-info/ocs-hard,primary,55.0,+62.5,45,half2p5,21_pack,1.511115e-02,106,61,1.434973,0.540152,1.967702,6156,5752,1.640365e-02,1,1,0
R3_low_info_connectivity,low-info/ocs-hard,primary,55.0,+62.5,60,half2p5,21_pack,1.451869e-02,83,38,0.773584,0.176672,1.967702,6058,2343,3.869163e-02,1,0,0
R3_low_info_connectivity,low-info/ocs-hard,primary,55.0,+65.0,-60,integer5,21_pack,1.530430e-02,87,44,1.140648,0.334159,1.817200,4221,4129,2.314358e-02,1,1,0
R3_low_info_connectivity,low-info/ocs-hard,primary,55.0,+65.0,-45,integer5,21_pack,1.995866e-02,81,38,1.289701,0.605767,1.817200,5198,5133,2.427851e-02,1,1,0
R3_low_info_connectivity,low-info/ocs-hard,primary,55.0,+65.0,-30,integer5,21_pack,2.637539e-02,53,10,0.544318,1.651984,1.817200,5925,3292,5.002661e-02,1,0,0
R3_low_info_connectivity,low-info/ocs-hard,primary,55.0,+65.0,-15,integer5,21_pack,7.112510e-02,34,-9,0.571761,1.019449,1.817200,6318,4190,1.059914e-01,1,0,0
R3_low_info_connectivity,low-info/ocs-hard,primary,55.0,+65.0,0,integer5,01_fullrun,6.669558e-02,43,0,0.487543,0.923102,1.817200,6326,4776,8.719562e-02,1,0,0
R3_low_info_connectivity,low-info/ocs-hard,primary,55.0,+65.0,15,integer5,21_pack,2.880357e-02,96,53,0.726661,1.191226,1.817200,6012,5204,3.455979e-02,1,1,0
R3_low_info_connectivity,low-info/ocs-hard,primary,55.0,+65.0,30,integer5,21_pack,2.241755e-02,99,56,0.960366,0.648042,1.817200,5874,5674,2.466952e-02,1,1,0
R3_low_info_connectivity,low-info/ocs-hard,primary,55.0,+65.0,45,integer5,21_pack,1.516737e-02,105,62,1.403678,0.546478,1.817200,6135,5723,1.654811e-02,1,1,0
R3_low_info_connectivity,low-info/ocs-hard,primary,55.0,+65.0,60,integer5,21_pack,1.451649e-02,84,41,0.729839,0.167300,1.817200,6060,2277,3.980709e-02,1,0,0
R3_low_info_connectivity,low-info/ocs-hard,primary,55.0,+67.5,-60,half2p5,21_pack,1.519974e-02,88,47,1.152460,0.333980,1.711826,4150,4057,2.339339e-02,1,1,0
R3_low_info_connectivity,low-info/ocs-hard,primary,55.0,+67.5,-45,half2p5,21_pack,1.988630e-02,82,41,1.274130,0.615175,1.711826,5140,5078,2.445250e-02,1,1,0
R3_low_info_connectivity,low-info/ocs-hard,primary,55.0,+67.5,-30,half2p5,21_pack,2.648749e-02,52,11,0.562292,1.558031,1.711826,5895,3243,5.099831e-02,1,0,0
R3_low_info_connectivity,low-info/ocs-hard,primary,55.0,+67.5,-15,half2p5,21_pack,6.505185e-02,37,-4,0.556725,0.929727,1.711826,6288,4124,9.849245e-02,1,0,0
R3_low_info_connectivity,low-info/ocs-hard,primary,55.0,+67.5,0,half2p5,21_pack,6.684434e-02,41,0,0.469070,0.824187,1.711826,6307,4739,8.807242e-02,1,0,0
R3_low_info_connectivity,low-info/ocs-hard,primary,55.0,+67.5,15,half2p5,21_pack,2.884975e-02,95,54,0.642230,1.189803,1.711826,6014,5181,3.476886e-02,1,1,0
R3_low_info_connectivity,low-info/ocs-hard,primary,55.0,+67.5,30,half2p5,21_pack,2.244478e-02,98,57,0.954583,0.662693,1.711826,5838,5653,2.479124e-02,1,1,0
R3_low_info_connectivity,low-info/ocs-hard,primary,55.0,+67.5,45,half2p5,21_pack,1.531919e-02,102,61,1.423915,0.544794,1.711826,6115,5738,1.667006e-02,1,1,0
R3_low_info_connectivity,low-info/ocs-hard,primary,55.0,+67.5,60,half2p5,21_pack,1.459895e-02,82,41,0.719773,0.167813,1.711826,6058,2229,4.089531e-02,1,0,0
R3_low_info_connectivity,low-info/ocs-hard,primary,55.0,+70.0,-60,integer5,21_pack,1.502179e-02,90,48,1.144881,0.331327,1.746005,4088,3985,2.353722e-02,1,1,0
R3_low_info_connectivity,low-info/ocs-hard,primary,55.0,+70.0,-45,integer5,21_pack,1.956058e-02,84,42,1.281274,0.617624,1.746005,5089,5015,2.435414e-02,1,1,0
R3_low_info_connectivity,low-info/ocs-hard,primary,55.0,+70.0,-30,integer5,21_pack,2.603617e-02,54,12,0.522779,1.411286,1.746005,5853,3149,5.162574e-02,1,0,0
R3_low_info_connectivity,low-info/ocs-hard,primary,55.0,+70.0,-15,integer5,21_pack,5.949927e-02,38,-4,0.548750,0.926484,1.746005,6252,4049,9.175416e-02,1,0,0
R3_low_info_connectivity,low-info/ocs-hard,primary,55.0,+70.0,0,integer5,01_fullrun,6.682134e-02,42,0,0.457997,0.817461,1.746005,6307,4683,8.909492e-02,1,0,0
R3_low_info_connectivity,low-info/ocs-hard,primary,55.0,+70.0,15,integer5,21_pack,2.931572e-02,92,50,0.652150,1.187832,1.746005,6000,5139,3.561917e-02,1,1,0
R3_low_info_connectivity,low-info/ocs-hard,primary,55.0,+70.0,30,integer5,21_pack,2.241718e-02,100,58,0.905723,0.657699,1.746005,5786,5594,2.502191e-02,1,1,0
R3_low_info_connectivity,low-info/ocs-hard,primary,55.0,+70.0,45,integer5,21_pack,1.523288e-02,104,62,1.376538,0.532333,1.746005,6088,5711,1.665451e-02,1,1,0
R3_low_info_connectivity,low-info/ocs-hard,primary,55.0,+70.0,60,integer5,21_pack,1.470992e-02,80,38,0.650020,0.154403,1.746005,6047,2190,4.193997e-02,1,0,0
R3_low_info_connectivity,low-info/ocs-hard,primary,57.5,+60.0,-60,half2p5,21_pack,1.494299e-02,91,55,0.934702,0.374175,1.862789,4212,3452,2.702891e-02,1,1,0
R3_low_info_connectivity,low-info/ocs-hard,primary,57.5,+60.0,-45,half2p5,21_pack,1.972369e-02,83,47,1.175740,0.646354,1.862789,5170,4406,2.795154e-02,1,1,0
R3_low_info_connectivity,low-info/ocs-hard,primary,57.5,+60.0,-30,half2p5,21_pack,2.526213e-02,55,19,0.333571,1.932769,1.862789,5912,2608,6.048176e-02,1,0,0
R3_low_info_connectivity,low-info/ocs-hard,primary,57.5,+60.0,-15,half2p5,21_pack,5.804432e-02,39,3,0.373189,1.220451,1.862789,6325,3458,1.048085e-01,1,0,0
R3_low_info_connectivity,low-info/ocs-hard,primary,57.5,+60.0,0,half2p5,21_pack,6.942464e-02,36,0,0.277298,1.093712,1.862789,6377,4030,1.075649e-01,1,0,0
R3_low_info_connectivity,low-info/ocs-hard,primary,57.5,+60.0,15,half2p5,21_pack,2.916910e-02,93,57,0.512138,1.181315,1.862789,6087,4446,4.096524e-02,1,1,0
R3_low_info_connectivity,low-info/ocs-hard,primary,57.5,+60.0,30,half2p5,21_pack,2.302063e-02,95,59,0.814205,0.655089,1.862789,5886,4902,2.932282e-02,1,1,0
R3_low_info_connectivity,low-info/ocs-hard,primary,57.5,+60.0,45,half2p5,21_pack,1.628313e-02,98,62,1.197727,0.575116,1.862789,6165,5017,2.026543e-02,1,1,0
R3_low_info_connectivity,low-info/ocs-hard,primary,57.5,+60.0,60,half2p5,21_pack,1.364188e-02,90,54,0.310386,0.250361,1.862789,6105,1514,5.626138e-02,1,0,0
R3_low_info_connectivity,low-info/ocs-hard,primary,57.5,+62.5,-60,half2p5,21_pack,1.486384e-02,92,57,1.165888,0.395268,1.879156,4141,4047,2.293295e-02,1,1,0
R3_low_info_connectivity,low-info/ocs-hard,primary,57.5,+62.5,-45,half2p5,21_pack,1.946798e-02,85,50,1.333674,0.666297,1.879156,5119,5050,2.407085e-02,1,1,0
R3_low_info_connectivity,low-info/ocs-hard,primary,57.5,+62.5,-30,half2p5,21_pack,2.505292e-02,56,21,0.642829,1.982755,1.879156,5874,3238,4.831072e-02,1,0,0
R3_low_info_connectivity,low-info/ocs-hard,primary,57.5,+62.5,-15,half2p5,21_pack,5.378006e-02,41,6,0.621166,1.243367,1.879156,6305,4155,8.081877e-02,1,0,0
R3_low_info_connectivity,low-info/ocs-hard,primary,57.5,+62.5,0,half2p5,21_pack,6.947678e-02,35,0,0.525357,1.106217,1.879156,6359,4791,9.054728e-02,1,0,0
R3_low_info_connectivity,low-info/ocs-hard,primary,57.5,+62.5,15,half2p5,21_pack,2.955031e-02,90,55,0.687836,1.190510,1.879156,6079,5218,3.536062e-02,1,1,0
R3_low_info_connectivity,low-info/ocs-hard,primary,57.5,+62.5,30,half2p5,21_pack,2.304697e-02,94,59,0.929391,0.679629,1.879156,5859,5669,2.538454e-02,1,1,0
R3_low_info_connectivity,low-info/ocs-hard,primary,57.5,+62.5,45,half2p5,21_pack,1.609443e-02,100,65,1.338118,0.582889,1.879156,6147,5836,1.721957e-02,1,1,0
R3_low_info_connectivity,low-info/ocs-hard,primary,57.5,+62.5,60,half2p5,21_pack,1.406328e-02,86,51,0.839433,0.259822,1.879156,6101,2329,3.770326e-02,1,0,0
R3_low_info_connectivity,low-info/ocs-hard,primary,57.5,+65.0,-60,half2p5,21_pack,1.447813e-02,96,63,1.013903,0.382921,1.932525,4078,3969,2.277684e-02,1,1,0
R3_low_info_connectivity,low-info/ocs-hard,primary,57.5,+65.0,-45,half2p5,21_pack,1.912822e-02,86,53,1.306714,0.657367,1.932525,5060,4994,2.391597e-02,1,1,0
R3_low_info_connectivity,low-info/ocs-hard,primary,57.5,+65.0,-30,half2p5,21_pack,2.492972e-02,57,24,0.613220,1.816581,1.932525,5836,3169,4.911985e-02,1,0,0
R3_low_info_connectivity,low-info/ocs-hard,primary,57.5,+65.0,-15,half2p5,21_pack,5.027023e-02,46,13,0.606567,1.106738,1.932525,6278,4059,7.733102e-02,1,0,0
R3_low_info_connectivity,low-info/ocs-hard,primary,57.5,+65.0,0,half2p5,21_pack,6.997713e-02,33,0,0.518980,0.966546,1.932525,6364,4761,9.177406e-02,1,0,0
R3_low_info_connectivity,low-info/ocs-hard,primary,57.5,+65.0,15,half2p5,21_pack,2.947350e-02,91,58,0.614172,1.185458,1.932525,6079,5158,3.567896e-02,1,1,0
R3_low_info_connectivity,low-info/ocs-hard,primary,57.5,+65.0,30,half2p5,21_pack,2.311637e-02,93,60,0.934903,0.695723,1.932525,5822,5639,2.559644e-02,1,1,0
R3_low_info_connectivity,low-info/ocs-hard,primary,57.5,+65.0,45,half2p5,21_pack,1.620459e-02,99,66,1.393814,0.584285,1.932525,6125,5794,1.746310e-02,1,1,0
R3_low_info_connectivity,low-info/ocs-hard,primary,57.5,+65.0,60,half2p5,21_pack,1.384343e-02,89,56,0.763342,0.262159,1.932525,6097,2244,3.851969e-02,1,0,0
R3_low_info_connectivity,low-info/ocs-hard,primary,57.5,+67.5,-60,half2p5,21_pack,1.442817e-02,98,64,1.060061,0.372825,1.939891,3997,3903,2.308206e-02,1,1,0
R3_low_info_connectivity,low-info/ocs-hard,primary,57.5,+67.5,-45,half2p5,21_pack,1.879451e-02,87,53,1.240209,0.658246,1.939891,5005,4937,2.377004e-02,1,1,0
R3_low_info_connectivity,low-info/ocs-hard,primary,57.5,+67.5,-30,half2p5,21_pack,2.462510e-02,58,24,0.587182,1.712783,1.939891,5792,3073,5.003541e-02,1,0,0
R3_low_info_connectivity,low-info/ocs-hard,primary,57.5,+67.5,-15,half2p5,21_pack,4.723922e-02,50,16,0.595676,1.008336,1.939891,6244,4012,7.351970e-02,1,0,0
R3_low_info_connectivity,low-info/ocs-hard,primary,57.5,+67.5,0,half2p5,21_pack,6.973055e-02,34,0,0.488872,0.857846,1.939891,6357,4701,9.261787e-02,1,0,0
R3_low_info_connectivity,low-info/ocs-hard,primary,57.5,+67.5,15,half2p5,21_pack,2.972530e-02,88,54,0.580934,1.184254,1.939891,6075,5119,3.625793e-02,1,0,0
R3_low_info_connectivity,low-info/ocs-hard,primary,57.5,+67.5,30,half2p5,21_pack,2.345464e-02,90,56,0.868979,0.697640,1.939891,5787,5619,2.606344e-02,1,1,0
R3_low_info_connectivity,low-info/ocs-hard,primary,57.5,+67.5,45,half2p5,21_pack,1.635049e-02,97,63,1.345008,0.583270,1.939891,6106,5784,1.765081e-02,1,1,0
R3_low_info_connectivity,low-info/ocs-hard,primary,57.5,+67.5,60,half2p5,21_pack,1.403729e-02,88,54,0.759858,0.265155,1.939891,6101,2213,3.960626e-02,1,0,0
R3_low_info_connectivity,low-info/ocs-hard,primary,57.5,+70.0,-60,half2p5,21_pack,1.426306e-02,100,68,0.986267,0.361405,1.975819,3938,3841,2.318624e-02,1,1,0
R3_low_info_connectivity,low-info/ocs-hard,primary,57.5,+70.0,-45,half2p5,21_pack,1.862066e-02,89,57,1.282978,0.652947,1.975819,4948,4857,2.393806e-02,1,1,0
R3_low_info_connectivity,low-info/ocs-hard,primary,57.5,+70.0,-30,half2p5,21_pack,2.458861e-02,59,27,0.557562,1.548381,1.975819,5765,3016,5.090548e-02,1,0,0
R3_low_info_connectivity,low-info/ocs-hard,primary,57.5,+70.0,-15,half2p5,21_pack,4.440913e-02,53,21,0.566529,1.002339,1.975819,6222,3948,7.023556e-02,1,0,0
R3_low_info_connectivity,low-info/ocs-hard,primary,57.5,+70.0,0,half2p5,21_pack,7.026403e-02,32,0,0.484202,0.848199,1.975819,6343,4653,9.428919e-02,1,0,0
R3_low_info_connectivity,low-info/ocs-hard,primary,57.5,+70.0,15,half2p5,21_pack,3.019436e-02,85,53,0.579698,1.182697,1.975819,6073,5075,3.714939e-02,1,0,0
R3_low_info_connectivity,low-info/ocs-hard,primary,57.5,+70.0,30,half2p5,21_pack,2.330805e-02,92,60,0.859593,0.693067,1.975819,5733,5541,2.626514e-02,1,1,0
R3_low_info_connectivity,low-info/ocs-hard,primary,57.5,+70.0,45,half2p5,21_pack,1.636616e-02,96,64,1.349160,0.567550,1.975819,6071,5737,1.781245e-02,1,1,0
R3_low_info_connectivity,low-info/ocs-hard,primary,57.5,+70.0,60,half2p5,21_pack,1.404909e-02,87,55,0.689732,0.264550,1.975819,6085,2156,4.068755e-02,1,0,0
R3_low_info_connectivity,low-info/ocs-hard,primary,60.0,+60.0,-60,integer5,21_pack,1.429260e-02,99,55,1.017911,0.357870,1.917099,4101,3992,2.235541e-02,1,1,0
R3_low_info_connectivity,low-info/ocs-hard,primary,60.0,+60.0,-45,integer5,21_pack,1.853450e-02,91,47,1.235662,0.605481,1.917099,5047,4986,2.321082e-02,1,1,0
R3_low_info_connectivity,low-info/ocs-hard,primary,60.0,+60.0,-30,integer5,21_pack,2.382787e-02,62,18,0.692193,1.419793,1.917099,5835,3221,4.619091e-02,1,0,0
R3_low_info_connectivity,low-info/ocs-hard,primary,60.0,+60.0,-15,integer5,21_pack,4.222377e-02,54,10,0.647696,1.067742,1.917099,6299,4115,6.406917e-02,1,0,0
R3_low_info_connectivity,low-info/ocs-hard,primary,60.0,+60.0,0,integer5,01_fullrun,6.654182e-02,44,0,0.557960,0.868764,1.917099,6398,4758,8.732371e-02,1,0,0
R3_low_info_connectivity,low-info/ocs-hard,primary,60.0,+60.0,15,integer5,21_pack,2.964026e-02,89,45,0.656318,1.170888,1.917099,6129,5197,3.561158e-02,1,0,0
R3_low_info_connectivity,low-info/ocs-hard,primary,60.0,+60.0,30,integer5,21_pack,2.353338e-02,88,44,0.896125,0.631935,1.917099,5845,5655,2.598446e-02,1,1,0
R3_low_info_connectivity,low-info/ocs-hard,primary,60.0,+60.0,45,integer5,21_pack,1.701358e-02,94,50,1.344206,0.620234,1.917099,6146,5857,1.813771e-02,1,1,0
R3_low_info_connectivity,low-info/ocs-hard,primary,60.0,+60.0,60,integer5,21_pack,1.348280e-02,93,49,0.921699,0.367416,1.917099,6161,2354,3.576312e-02,1,0,0
R3_low_info_connectivity,low-info/ocs-hard,primary,60.0,+62.5,-60,half2p5,21_pack,1.404497e-02,103,64,1.011158,0.365541,1.963674,4018,3909,2.243454e-02,1,1,0
R3_low_info_connectivity,low-info/ocs-hard,primary,60.0,+62.5,-45,half2p5,21_pack,1.841008e-02,92,53,1.271749,0.613764,1.963674,4990,4914,2.339281e-02,1,1,0
R3_low_info_connectivity,low-info/ocs-hard,primary,60.0,+62.5,-30,half2p5,21_pack,2.353974e-02,64,25,0.656065,1.441089,1.963674,5786,3115,4.718517e-02,1,0,0
R3_low_info_connectivity,low-info/ocs-hard,primary,60.0,+62.5,-15,half2p5,21_pack,4.011597e-02,56,17,0.634287,1.095473,1.963674,6262,4016,6.237141e-02,1,0,0
R3_low_info_connectivity,low-info/ocs-hard,primary,60.0,+62.5,0,half2p5,21_pack,6.768928e-02,39,0,0.549966,0.883659,1.963674,6398,4751,8.896041e-02,1,0,0
R3_low_info_connectivity,low-info/ocs-hard,primary,60.0,+62.5,15,half2p5,21_pack,3.005088e-02,86,47,0.629105,1.178503,1.963674,6147,5166,3.632158e-02,1,1,0
R3_low_info_connectivity,low-info/ocs-hard,primary,60.0,+62.5,30,half2p5,21_pack,2.367310e-02,85,46,0.889461,0.658020,1.963674,5798,5616,2.632025e-02,1,1,0
R3_low_info_connectivity,low-info/ocs-hard,primary,60.0,+62.5,45,half2p5,21_pack,1.725776e-02,93,54,1.342835,0.644987,1.963674,6114,5822,1.850862e-02,1,1,0
R3_low_info_connectivity,low-info/ocs-hard,primary,60.0,+62.5,60,half2p5,21_pack,1.351450e-02,92,53,0.829634,0.384122,1.963674,6152,2276,3.707573e-02,1,0,0
R3_low_info_connectivity,low-info/ocs-hard,primary,60.0,+65.0,-60,integer5,21_pack,1.373716e-02,107,69,0.860696,0.352227,1.986205,3938,3824,2.243061e-02,1,1,0
R3_low_info_connectivity,low-info/ocs-hard,primary,60.0,+65.0,-45,integer5,21_pack,1.820527e-02,94,56,1.246619,0.607313,1.986205,4919,4845,2.346202e-02,1,1,0
R3_low_info_connectivity,low-info/ocs-hard,primary,60.0,+65.0,-30,integer5,21_pack,2.321380e-02,72,34,0.590473,1.336492,1.986205,5739,3025,4.791624e-02,1,0,0
R3_low_info_connectivity,low-info/ocs-hard,primary,60.0,+65.0,-15,integer5,21_pack,3.837742e-02,59,21,0.611112,1.115094,1.986205,6236,3961,6.049686e-02,1,0,0
R3_low_info_connectivity,low-info/ocs-hard,primary,60.0,+65.0,0,integer5,01_fullrun,6.779129e-02,38,0,0.556376,0.885653,1.986205,6388,4675,9.054286e-02,1,0,0
R3_low_info_connectivity,low-info/ocs-hard,primary,60.0,+65.0,15,integer5,21_pack,3.065191e-02,83,45,0.623206,1.170756,1.986205,6146,5130,3.730801e-02,1,1,0
R3_low_info_connectivity,low-info/ocs-hard,primary,60.0,+65.0,30,integer5,21_pack,2.373804e-02,84,46,0.882661,0.665878,1.986205,5733,5563,2.664389e-02,1,1,0
R3_low_info_connectivity,low-info/ocs-hard,primary,60.0,+65.0,45,integer5,21_pack,1.732181e-02,90,52,1.308420,0.642326,1.986205,6102,5806,1.862852e-02,1,1,0
R3_low_info_connectivity,low-info/ocs-hard,primary,60.0,+65.0,60,integer5,21_pack,1.340435e-02,95,57,0.784771,0.389826,1.986205,6144,2244,3.729794e-02,1,0,0
R3_low_info_connectivity,low-info/ocs-hard,primary,60.0,+67.5,-60,half2p5,21_pack,1.394131e-02,104,64,0.866046,0.333632,1.990946,3882,3781,2.302284e-02,1,1,0
R3_low_info_connectivity,low-info/ocs-hard,primary,60.0,+67.5,-45,half2p5,21_pack,1.823780e-02,93,53,1.283671,0.604846,1.990946,4858,4783,2.380861e-02,1,1,0
R3_low_info_connectivity,low-info/ocs-hard,primary,60.0,+67.5,-30,half2p5,21_pack,2.323759e-02,71,31,0.584732,1.245023,1.990946,5694,2951,4.916814e-02,1,0,0
R3_low_info_connectivity,low-info/ocs-hard,primary,60.0,+67.5,-15,half2p5,21_pack,3.703440e-02,60,20,0.572452,1.137442,1.990946,6207,3895,5.936900e-02,1,0,0
R3_low_info_connectivity,low-info/ocs-hard,primary,60.0,+67.5,0,half2p5,21_pack,6.760830e-02,40,0,0.518744,0.899002,1.990946,6367,4614,9.149226e-02,1,0,0
R3_low_info_connectivity,low-info/ocs-hard,primary,60.0,+67.5,15,half2p5,21_pack,3.109787e-02,81,41,0.613392,1.168841,1.990946,6135,5077,3.824595e-02,1,1,0
R3_low_info_connectivity,low-info/ocs-hard,primary,60.0,+67.5,30,half2p5,21_pack,2.339905e-02,91,51,0.898543,0.685313,1.990946,5635,5460,2.675885e-02,1,1,0
R3_low_info_connectivity,low-info/ocs-hard,primary,60.0,+67.5,45,half2p5,21_pack,1.730898e-02,91,51,1.319815,0.658971,1.990946,6076,5783,1.868875e-02,1,1,0
R3_low_info_connectivity,low-info/ocs-hard,primary,60.0,+67.5,60,half2p5,21_pack,1.336040e-02,96,56,0.746403,0.371438,1.990946,6137,2194,3.802287e-02,1,0,0
R3_low_info_connectivity,low-info/ocs-hard,primary,60.0,+70.0,-60,integer5,21_pack,1.387607e-02,105,68,0.803805,0.305171,2.009055,3837,3731,2.322219e-02,1,1,0
R3_low_info_connectivity,low-info/ocs-hard,primary,60.0,+70.0,-45,integer5,21_pack,1.773201e-02,95,58,1.209651,0.582358,2.009055,4804,4724,2.343744e-02,1,1,0
R3_low_info_connectivity,low-info/ocs-hard,primary,60.0,+70.0,-30,integer5,21_pack,2.312613e-02,73,36,0.559960,1.145432,2.009055,5653,2889,4.998242e-02,1,0,0
R3_low_info_connectivity,low-info/ocs-hard,primary,60.0,+70.0,-15,integer5,21_pack,3.592834e-02,61,24,0.541819,1.144665,2.009055,6175,3816,5.878827e-02,1,0,0
R3_low_info_connectivity,low-info/ocs-hard,primary,60.0,+70.0,0,integer5,01_fullrun,6.797072e-02,37,0,0.499788,0.897170,2.009055,6361,4578,9.270603e-02,1,0,0
R3_low_info_connectivity,low-info/ocs-hard,primary,60.0,+70.0,15,integer5,21_pack,3.128576e-02,80,43,0.550084,1.161836,2.009055,6138,5043,3.873643e-02,1,1,0
R3_low_info_connectivity,low-info/ocs-hard,primary,60.0,+70.0,30,integer5,21_pack,2.347094e-02,89,52,0.888278,0.677024,2.009055,5591,5373,2.727568e-02,1,1,0
R3_low_info_connectivity,low-info/ocs-hard,primary,60.0,+70.0,45,integer5,21_pack,1.737635e-02,89,52,1.268167,0.650873,2.009055,6055,5751,1.886589e-02,1,1,0
R3_low_info_connectivity,low-info/ocs-hard,primary,60.0,+70.0,60,integer5,21_pack,1.345386e-02,94,57,0.696465,0.362262,2.009055,6126,2133,3.938383e-02,1,0,0
R3_low_info_connectivity,low-info/ocs-hard,primary,62.5,+60.0,-60,half2p5,21_pack,1.383861e-02,106,53,0.902233,0.294941,1.843431,3988,3881,2.226438e-02,1,1,0
R3_low_info_connectivity,low-info/ocs-hard,primary,62.5,+60.0,-45,half2p5,21_pack,1.766149e-02,96,43,1.322727,0.553906,1.843431,4896,4825,2.285556e-02,1,1,0
R3_low_info_connectivity,low-info/ocs-hard,primary,62.5,+60.0,-30,half2p5,21_pack,2.242216e-02,85,32,0.689799,1.028960,1.843431,5744,3112,4.498832e-02,1,0,0
R3_low_info_connectivity,low-info/ocs-hard,primary,62.5,+60.0,-15,half2p5,21_pack,3.407937e-02,62,9,0.640754,1.203562,1.843431,6246,3999,5.321109e-02,1,0,0
R3_low_info_connectivity,low-info/ocs-hard,primary,62.5,+60.0,0,half2p5,21_pack,6.036954e-02,53,0,0.588730,0.908586,1.843431,6416,4714,7.996321e-02,1,0,0
R3_low_info_connectivity,low-info/ocs-hard,primary,62.5,+60.0,15,half2p5,21_pack,3.040916e-02,84,31,0.622814,1.155149,1.843431,6203,5157,3.681876e-02,1,0,0
R3_low_info_connectivity,low-info/ocs-hard,primary,62.5,+60.0,30,half2p5,21_pack,2.356323e-02,87,34,0.906770,0.626277,1.843431,5695,5513,2.668755e-02,1,1,0
R3_low_info_connectivity,low-info/ocs-hard,primary,62.5,+60.0,45,half2p5,21_pack,1.794519e-02,88,35,1.256098,0.681783,1.843431,6127,5851,1.915048e-02,1,1,0
R3_low_info_connectivity,low-info/ocs-hard,primary,62.5,+60.0,60,half2p5,21_pack,1.265639e-02,106,53,0.907931,0.417584,1.843431,6179,2319,3.407776e-02,1,0,0
R3_low_info_connectivity,low-info/ocs-hard,primary,62.5,+62.5,-60,half2p5,21_pack,1.412931e-02,102,50,0.827847,0.301155,1.852757,3964,3843,2.295686e-02,1,0,0
R3_low_info_connectivity,low-info/ocs-hard,primary,62.5,+62.5,-45,half2p5,21_pack,1.742720e-02,98,46,1.236114,0.560840,1.852757,4849,4769,2.281720e-02,1,1,0
R3_low_info_connectivity,low-info/ocs-hard,primary,62.5,+62.5,-30,half2p5,21_pack,2.216149e-02,88,36,0.666643,1.037928,1.852757,5684,3004,4.606393e-02,1,0,0
R3_low_info_connectivity,low-info/ocs-hard,primary,62.5,+62.5,-15,half2p5,21_pack,3.320526e-02,64,12,0.615642,1.216115,1.852757,6210,3902,5.313511e-02,1,0,0
R3_low_info_connectivity,low-info/ocs-hard,primary,62.5,+62.5,0,half2p5,21_pack,6.042397e-02,52,0,0.560090,0.911503,1.852757,6408,4668,8.082400e-02,1,0,0
R3_low_info_connectivity,low-info/ocs-hard,primary,62.5,+62.5,15,half2p5,21_pack,3.094376e-02,82,30,0.580400,1.151408,1.852757,6211,5099,3.789221e-02,1,0,0
R3_low_info_connectivity,low-info/ocs-hard,primary,62.5,+62.5,30,half2p5,21_pack,2.364114e-02,86,34,0.913663,0.642149,1.852757,5728,5473,2.697149e-02,1,1,0
R3_low_info_connectivity,low-info/ocs-hard,primary,62.5,+62.5,45,half2p5,21_pack,1.813139e-02,87,35,1.251817,0.690484,1.852757,6110,5837,1.939561e-02,1,1,0
R3_low_info_connectivity,low-info/ocs-hard,primary,62.5,+62.5,60,half2p5,21_pack,1.253981e-02,107,55,0.843831,0.429281,1.852757,6173,2274,3.443201e-02,1,0,0
R3_low_info_connectivity,low-info/ocs-hard,primary,62.5,+65.0,-60,half2p5,21_pack,1.424276e-02,101,50,0.760808,0.293368,1.852732,3935,3809,2.334775e-02,1,0,0
R3_low_info_connectivity,low-info/ocs-hard,primary,62.5,+65.0,-45,half2p5,21_pack,1.766040e-02,97,46,1.322359,0.546901,1.852732,4783,4706,2.343206e-02,1,1,0
R3_low_info_connectivity,low-info/ocs-hard,primary,62.5,+65.0,-30,half2p5,21_pack,2.179415e-02,93,42,0.625608,0.976166,1.852732,5644,2909,4.677979e-02,1,0,0
R3_low_info_connectivity,low-info/ocs-hard,primary,62.5,+65.0,-15,half2p5,21_pack,3.247644e-02,66,15,0.583095,1.225952,1.852732,6178,3844,5.275298e-02,1,0,0
R3_low_info_connectivity,low-info/ocs-hard,primary,62.5,+65.0,0,half2p5,21_pack,6.108941e-02,51,0,0.565438,0.916779,1.852732,6391,4605,8.283202e-02,1,0,0
R3_low_info_connectivity,low-info/ocs-hard,primary,62.5,+65.0,15,half2p5,21_pack,3.163498e-02,78,27,0.622130,1.145592,1.852732,6214,5068,3.897560e-02,1,1,0
R3_low_info_connectivity,low-info/ocs-hard,primary,62.5,+65.0,30,half2p5,21_pack,2.415293e-02,81,30,0.858569,0.657708,1.852732,5791,5440,2.772253e-02,1,1,0
R3_low_info_connectivity,low-info/ocs-hard,primary,62.5,+65.0,45,half2p5,21_pack,1.840097e-02,86,35,1.300291,0.687431,1.852732,6076,5809,1.977886e-02,1,1,0
R3_low_info_connectivity,low-info/ocs-hard,primary,62.5,+65.0,60,half2p5,21_pack,1.285514e-02,103,52,0.831409,0.428652,1.852732,6164,2222,3.612391e-02,1,0,0
R3_low_info_connectivity,low-info/ocs-hard,primary,62.5,+67.5,-60,half2p5,21_pack,1.447651e-02,97,48,0.722435,0.282605,1.865869,3906,3761,2.403379e-02,1,0,0
R3_low_info_connectivity,low-info/ocs-hard,primary,62.5,+67.5,-45,half2p5,21_pack,1.719045e-02,99,50,1.237706,0.531724,1.865869,4723,4643,2.311801e-02,1,1,0
R3_low_info_connectivity,low-info/ocs-hard,primary,62.5,+67.5,-30,half2p5,21_pack,2.165905e-02,95,46,0.573822,0.926874,1.865869,5594,2818,4.799106e-02,1,0,0
R3_low_info_connectivity,low-info/ocs-hard,primary,62.5,+67.5,-15,half2p5,21_pack,3.195423e-02,67,18,0.547237,1.244534,1.865869,6146,3763,5.302200e-02,1,0,0
R3_low_info_connectivity,low-info/ocs-hard,primary,62.5,+67.5,0,half2p5,21_pack,6.148202e-02,49,0,0.562844,0.933949,1.865869,6386,4551,8.435353e-02,1,0,0
R3_low_info_connectivity,low-info/ocs-hard,primary,62.5,+67.5,15,half2p5,21_pack,3.194300e-02,77,28,0.475008,1.140878,1.865869,6219,5013,3.978688e-02,1,0,0
R3_low_info_connectivity,low-info/ocs-hard,primary,62.5,+67.5,30,half2p5,21_pack,2.374191e-02,83,34,0.629407,0.678251,1.865869,5816,5387,2.751887e-02,1,0,0
R3_low_info_connectivity,low-info/ocs-hard,primary,62.5,+67.5,45,half2p5,21_pack,1.852125e-02,85,36,1.283010,0.704663,1.865869,6047,5782,2.000112e-02,1,1,0
R3_low_info_connectivity,low-info/ocs-hard,primary,62.5,+67.5,60,half2p5,21_pack,1.298011e-02,101,52,0.793006,0.443156,1.865869,6169,2179,3.719487e-02,1,0,0
R3_low_info_connectivity,low-info/ocs-hard,primary,62.5,+70.0,-60,half2p5,21_pack,1.480056e-02,93,43,0.704569,0.274062,1.832461,3882,3725,2.480926e-02,1,0,0
R3_low_info_connectivity,low-info/ocs-hard,primary,62.5,+70.0,-45,half2p5,21_pack,1.704297e-02,100,50,1.259525,0.524548,1.832461,4649,4571,2.328070e-02,1,1,0
R3_low_info_connectivity,low-info/ocs-hard,primary,62.5,+70.0,-30,half2p5,21_pack,2.159918e-02,96,46,0.543842,0.876982,1.832461,5546,2731,4.938300e-02,1,0,0
R3_low_info_connectivity,low-info/ocs-hard,primary,62.5,+70.0,-15,half2p5,21_pack,3.150256e-02,68,18,0.508737,1.248423,1.832461,6126,3697,5.320572e-02,1,0,0
R3_low_info_connectivity,low-info/ocs-hard,primary,62.5,+70.0,0,half2p5,21_pack,6.130155e-02,50,0,0.533058,0.934349,1.832461,6364,4475,8.553431e-02,1,0,0
R3_low_info_connectivity,low-info/ocs-hard,primary,62.5,+70.0,15,half2p5,21_pack,3.266032e-02,75,25,0.521536,1.137903,1.832461,6211,4973,4.100756e-02,1,1,0
R3_low_info_connectivity,low-info/ocs-hard,primary,62.5,+70.0,30,half2p5,21_pack,2.483771e-02,79,29,0.868351,0.675243,1.832461,5815,5355,2.896103e-02,1,1,0
R3_low_info_connectivity,low-info/ocs-hard,primary,62.5,+70.0,45,half2p5,21_pack,1.858647e-02,84,34,1.260725,0.696419,1.832461,6029,5754,2.016921e-02,1,1,0
R3_low_info_connectivity,low-info/ocs-hard,primary,62.5,+70.0,60,half2p5,21_pack,1.332111e-02,97,47,0.764617,0.433721,1.832461,6146,2131,3.903183e-02,1,0,0
R3_low_info_connectivity,low-info/ocs-hard,primary,65.0,+60.0,-60,integer5,21_pack,1.469847e-02,95,34,0.814905,0.243156,1.591895,4051,3903,2.351449e-02,1,0,0
R3_low_info_connectivity,low-info/ocs-hard,primary,65.0,+60.0,-45,integer5,21_pack,1.665668e-02,102,41,1.324891,0.485939,1.591895,4748,4672,2.226115e-02,1,1,0
R3_low_info_connectivity,low-info/ocs-hard,primary,65.0,+60.0,-30,integer5,21_pack,2.090310e-02,98,37,1.316606,0.744809,1.591895,5626,5567,2.344506e-02,1,1,0
R3_low_info_connectivity,low-info/ocs-hard,primary,65.0,+60.0,-15,integer5,21_pack,3.032586e-02,69,8,0.640660,1.086347,1.591895,6191,3887,4.871475e-02,1,0,0
R3_low_info_connectivity,low-info/ocs-hard,primary,65.0,+60.0,0,integer5,01_fullrun,5.211601e-02,61,0,0.648594,0.770285,1.591895,6413,4636,7.019233e-02,1,0,0
R3_low_info_connectivity,low-info/ocs-hard,primary,65.0,+60.0,15,integer5,21_pack,3.139416e-02,79,18,0.552030,0.989713,1.591895,6273,5117,3.830852e-02,1,0,0
R3_low_info_connectivity,low-info/ocs-hard,primary,65.0,+60.0,30,integer5,21_pack,2.453397e-02,80,19,0.869381,0.578962,1.591895,5884,5480,2.795434e-02,1,1,0
R3_low_info_connectivity,low-info/ocs-hard,primary,65.0,+60.0,45,integer5,21_pack,1.901613e-02,82,21,1.281901,0.676994,1.591895,6105,5860,2.026219e-02,1,1,0
R3_low_info_connectivity,low-info/ocs-hard,primary,65.0,+60.0,60,integer5,21_pack,1.277507e-02,105,44,1.857540,0.415017,1.591895,6202,5654,1.410813e-02,1,1,0
R3_low_info_connectivity,low-info/ocs-hard,primary,65.0,+62.5,-60,half2p5,21_pack,1.478096e-02,94,36,0.712778,0.242068,1.592880,4019,3846,2.399690e-02,1,0,0
R3_low_info_connectivity,low-info/ocs-hard,primary,65.0,+62.5,-45,half2p5,21_pack,1.658252e-02,104,46,1.224250,0.485889,1.592880,4690,4609,2.246497e-02,1,1,0
R3_low_info_connectivity,low-info/ocs-hard,primary,65.0,+62.5,-30,half2p5,21_pack,2.070417e-02,100,42,1.308053,0.748854,1.592880,5578,5512,2.345365e-02,1,1,0
R3_low_info_connectivity,low-info/ocs-hard,primary,65.0,+62.5,-15,half2p5,21_pack,2.977131e-02,70,12,0.594295,1.112513,1.592880,6156,3800,4.891886e-02,1,0,0
R3_low_info_connectivity,low-info/ocs-hard,primary,65.0,+62.5,0,half2p5,21_pack,5.227029e-02,58,0,0.631208,0.789313,1.592880,6412,4570,7.141684e-02,1,0,0
R3_low_info_connectivity,low-info/ocs-hard,primary,65.0,+62.5,15,half2p5,21_pack,3.221846e-02,76,18,0.585643,1.001414,1.592880,6278,5069,3.968665e-02,1,0,0
R3_low_info_connectivity,low-info/ocs-hard,primary,65.0,+62.5,30,half2p5,21_pack,2.504280e-02,78,20,0.941615,0.594382,1.592880,5916,5451,2.868591e-02,1,1,0
R3_low_info_connectivity,low-info/ocs-hard,primary,65.0,+62.5,45,half2p5,21_pack,1.899920e-02,83,25,1.188770,0.684611,1.592880,6077,5826,2.036230e-02,1,1,0
R3_low_info_connectivity,low-info/ocs-hard,primary,65.0,+62.5,60,half2p5,21_pack,1.277641e-02,104,46,1.906858,0.426065,1.592880,6201,5617,1.420255e-02,1,1,0
R3_low_info_connectivity,low-info/ocs-hard,primary,65.0,+65.0,-60,integer5,21_pack,1.519658e-02,89,35,0.653330,0.222856,1.595275,4011,3815,2.487214e-02,1,0,0
R3_low_info_connectivity,low-info/ocs-hard,primary,65.0,+65.0,-45,integer5,21_pack,1.663619e-02,103,49,1.313719,0.455545,1.595275,4640,4556,2.279986e-02,1,1,0
R3_low_info_connectivity,low-info/ocs-hard,primary,65.0,+65.0,-30,integer5,21_pack,2.048556e-02,101,47,1.294943,0.727868,1.595275,5528,5452,2.346140e-02,1,1,0
R3_low_info_connectivity,low-info/ocs-hard,primary,65.0,+65.0,-15,integer5,21_pack,2.961353e-02,71,17,0.554466,1.129127,1.595275,6126,3728,4.959937e-02,1,0,0
R3_low_info_connectivity,low-info/ocs-hard,primary,65.0,+65.0,0,integer5,01_fullrun,5.274215e-02,54,0,0.642022,0.801828,1.595275,6394,4515,7.293937e-02,1,0,0
R3_low_info_connectivity,low-info/ocs-hard,primary,65.0,+65.0,15,integer5,21_pack,3.271301e-02,74,20,0.529592,1.000841,1.595275,6282,5014,4.073786e-02,1,0,0
R3_low_info_connectivity,low-info/ocs-hard,primary,65.0,+65.0,30,integer5,21_pack,2.525883e-02,76,22,0.836361,0.611605,1.595275,5915,5398,2.921745e-02,1,1,0
R3_low_info_connectivity,low-info/ocs-hard,primary,65.0,+65.0,45,integer5,21_pack,1.922262e-02,81,27,1.214036,0.680196,1.595275,6044,5788,2.073700e-02,1,1,0
R3_low_info_connectivity,low-info/ocs-hard,primary,65.0,+65.0,60,integer5,21_pack,1.290112e-02,102,48,1.808984,0.424642,1.595275,6190,5616,1.434373e-02,1,1,0
R3_low_info_connectivity,low-info/ocs-hard,primary,65.0,+67.5,-60,half2p5,21_pack,1.541268e-02,86,30,0.592414,0.214799,1.582070,3997,3787,2.541234e-02,1,0,0
R3_low_info_connectivity,low-info/ocs-hard,primary,65.0,+67.5,-45,half2p5,21_pack,1.640106e-02,106,50,1.192485,0.428641,1.582070,4569,4479,2.286403e-02,1,1,0
R3_low_info_connectivity,low-info/ocs-hard,primary,65.0,+67.5,-30,half2p5,21_pack,2.043517e-02,102,46,1.285021,0.712898,1.582070,5478,5413,2.357231e-02,1,1,0
R3_low_info_connectivity,low-info/ocs-hard,primary,65.0,+67.5,-15,half2p5,21_pack,2.940599e-02,72,16,0.523057,1.139568,1.582070,6098,3660,5.016682e-02,1,0,0
R3_low_info_connectivity,low-info/ocs-hard,primary,65.0,+67.5,0,half2p5,21_pack,5.267475e-02,56,0,0.593166,0.812347,1.582070,6385,4455,7.382725e-02,1,0,0
R3_low_info_connectivity,low-info/ocs-hard,primary,65.0,+67.5,15,half2p5,21_pack,3.350332e-02,73,17,0.526324,0.987647,1.582070,6287,4979,4.201531e-02,1,0,0
R3_low_info_connectivity,low-info/ocs-hard,primary,65.0,+67.5,30,half2p5,21_pack,2.508702e-02,77,21,0.608059,0.621545,1.582070,5914,5365,2.919720e-02,1,0,0
R3_low_info_connectivity,low-info/ocs-hard,primary,65.0,+67.5,45,half2p5,21_pack,1.925121e-02,80,24,1.098980,0.693985,1.582070,6021,5740,2.094151e-02,1,1,0
R3_low_info_connectivity,low-info/ocs-hard,primary,65.0,+67.5,60,half2p5,21_pack,1.307901e-02,100,44,1.791451,0.437282,1.582070,6184,5631,1.450278e-02,1,1,0
R3_low_info_connectivity,low-info/ocs-hard,primary,65.0,+70.0,-60,integer5,21_pack,1.567676e-02,85,30,0.540865,0.170696,1.570585,3998,3740,2.617259e-02,1,0,0
R3_low_info_connectivity,low-info/ocs-hard,primary,65.0,+70.0,-45,integer5,21_pack,1.619356e-02,107,52,1.207434,0.408308,1.570585,4501,4413,2.291238e-02,1,1,0
R3_low_info_connectivity,low-info/ocs-hard,primary,65.0,+70.0,-30,integer5,21_pack,2.020393e-02,103,48,1.295167,0.694148,1.570585,5423,5343,2.361091e-02,1,1,0
R3_low_info_connectivity,low-info/ocs-hard,primary,65.0,+70.0,-15,integer5,21_pack,2.887275e-02,73,18,0.485636,1.141843,1.570585,6045,3556,5.069772e-02,1,0,0
R3_low_info_connectivity,low-info/ocs-hard,primary,65.0,+70.0,0,integer5,01_fullrun,5.271370e-02,55,0,0.582001,0.811366,1.570585,6360,4394,7.490751e-02,1,0,0
R3_low_info_connectivity,low-info/ocs-hard,primary,65.0,+70.0,15,integer5,21_pack,3.427288e-02,72,17,0.452081,0.984038,1.570585,6268,4924,4.346048e-02,1,0,0
R3_low_info_connectivity,low-info/ocs-hard,primary,65.0,+70.0,30,integer5,21_pack,2.600912e-02,74,19,0.868595,0.613164,1.570585,5914,5324,3.050350e-02,1,1,0
R3_low_info_connectivity,low-info/ocs-hard,primary,65.0,+70.0,45,integer5,21_pack,1.985491e-02,79,24,1.255819,0.684581,1.570585,5978,5720,2.167373e-02,1,1,0
R3_low_info_connectivity,low-info/ocs-hard,primary,65.0,+70.0,60,integer5,21_pack,1.311526e-02,98,43,1.759636,0.427307,1.570585,6163,5626,1.455590e-02,1,1,0
R4_bright_info_boundary,bright/robust-easy + info-boundary,primary,145.0,+10.0,-60,integer5,21_pack,1.738567e-01,9,0,0.423336,0.147761,0.054179,5417,2817,3.853598e-01,1,0,0
R4_bright_info_boundary,bright/robust-easy + info-boundary,primary,145.0,+10.0,-45,integer5,21_pack,1.747140e-01,9,0,0.454282,0.147758,0.054179,5601,2903,3.757879e-01,1,0,0
R4_bright_info_boundary,bright/robust-easy + info-boundary,primary,145.0,+10.0,-30,integer5,21_pack,1.738717e-01,9,0,0.458777,0.148725,0.054179,5619,2900,3.743629e-01,1,0,0
R4_bright_info_boundary,bright/robust-easy + info-boundary,primary,145.0,+10.0,-15,integer5,21_pack,1.749033e-01,8,-1,0.464248,0.150776,0.054179,5472,2928,3.729829e-01,1,0,0
R4_bright_info_boundary,bright/robust-easy + info-boundary,primary,145.0,+10.0,0,integer5,01_fullrun,1.735689e-01,9,0,0.473793,0.163813,0.054179,5413,2929,3.700108e-01,1,0,0
R4_bright_info_boundary,bright/robust-easy + info-boundary,primary,145.0,+10.0,15,integer5,21_pack,1.713111e-01,27,18,0.456538,0.170647,0.054179,5496,2850,3.753207e-01,1,0,1
R4_bright_info_boundary,bright/robust-easy + info-boundary,primary,145.0,+10.0,30,integer5,21_pack,1.697110e-01,8,-1,0.437716,0.168638,0.054179,5395,2780,3.811775e-01,1,0,0
R4_bright_info_boundary,bright/robust-easy + info-boundary,primary,145.0,+10.0,45,integer5,21_pack,1.667385e-01,8,-1,0.425787,0.158754,0.054179,5189,2709,3.843162e-01,1,0,1
R4_bright_info_boundary,bright/robust-easy + info-boundary,primary,145.0,+10.0,60,integer5,21_pack,1.656068e-01,8,-1,0.413729,0.151769,0.054179,4876,2661,3.885933e-01,1,0,1
R4_bright_info_boundary,bright/robust-easy + info-boundary,primary,145.0,+12.5,-60,half2p5,21_pack,1.872515e-01,4,0,0.420018,0.148845,0.056708,5508,2757,4.240826e-01,1,0,0
R4_bright_info_boundary,bright/robust-easy + info-boundary,primary,145.0,+12.5,-45,half2p5,21_pack,1.885248e-01,4,0,0.466932,0.148747,0.056708,5641,2889,4.074581e-01,1,0,1
R4_bright_info_boundary,bright/robust-easy + info-boundary,primary,145.0,+12.5,-30,half2p5,21_pack,1.881420e-01,4,0,0.462495,0.149466,0.056708,5607,2874,4.087530e-01,1,0,0
R4_bright_info_boundary,bright/robust-easy + info-boundary,primary,145.0,+12.5,-15,half2p5,21_pack,1.889714e-01,4,0,0.460187,0.151473,0.056708,5397,2882,4.094152e-01,1,0,0
R4_bright_info_boundary,bright/robust-easy + info-boundary,primary,145.0,+12.5,0,half2p5,21_pack,1.864211e-01,4,0,0.457086,0.164639,0.056708,5488,2832,4.110209e-01,1,0,0
R4_bright_info_boundary,bright/robust-easy + info-boundary,primary,145.0,+12.5,15,half2p5,21_pack,1.847902e-01,18,14,0.459106,0.171617,0.056708,5504,2815,4.098854e-01,1,0,1
R4_bright_info_boundary,bright/robust-easy + info-boundary,primary,145.0,+12.5,30,half2p5,21_pack,1.817221e-01,3,-1,0.441266,0.169705,0.056708,5362,2727,4.160873e-01,1,0,0
R4_bright_info_boundary,bright/robust-easy + info-boundary,primary,145.0,+12.5,45,half2p5,21_pack,1.800849e-01,3,-1,0.424473,0.159682,0.056708,5116,2665,4.219315e-01,1,0,1
R4_bright_info_boundary,bright/robust-easy + info-boundary,primary,145.0,+12.5,60,half2p5,21_pack,1.784843e-01,3,-1,0.413059,0.152666,0.056708,4764,2615,4.261773e-01,1,0,1
R4_bright_info_boundary,bright/robust-easy + info-boundary,primary,145.0,+15.0,-60,integer5,21_pack,1.752007e-01,7,1,0.417477,0.321373,0.052048,5586,2697,4.056176e-01,1,0,0
R4_bright_info_boundary,bright/robust-easy + info-boundary,primary,145.0,+15.0,-45,integer5,21_pack,1.785108e-01,7,1,0.469122,0.320841,0.052048,5677,2871,3.882336e-01,1,0,0
R4_bright_info_boundary,bright/robust-easy + info-boundary,primary,145.0,+15.0,-30,integer5,21_pack,1.788643e-01,7,1,0.452554,0.301011,0.052048,5611,2839,3.933871e-01,1,0,0
R4_bright_info_boundary,bright/robust-easy + info-boundary,primary,145.0,+15.0,-15,integer5,21_pack,1.788036e-01,7,1,0.515672,0.315701,0.052048,5360,2988,3.736436e-01,1,0,0
R4_bright_info_boundary,bright/robust-easy + info-boundary,primary,145.0,+15.0,0,integer5,01_fullrun,1.778806e-01,6,0,0.451667,0.328536,0.052048,5531,2827,3.928844e-01,1,0,1
R4_bright_info_boundary,bright/robust-easy + info-boundary,primary,145.0,+15.0,15,integer5,21_pack,1.752967e-01,23,17,0.437796,0.337878,0.052048,5498,2757,3.970077e-01,1,0,0
R4_bright_info_boundary,bright/robust-easy + info-boundary,primary,145.0,+15.0,30,integer5,21_pack,1.730988e-01,6,0,0.426117,0.332256,0.052048,5334,2697,4.007513e-01,1,0,0
R4_bright_info_boundary,bright/robust-easy + info-boundary,primary,145.0,+15.0,45,integer5,21_pack,1.701801e-01,7,1,0.422061,0.316417,0.052048,5055,2639,4.026533e-01,1,0,0
R4_bright_info_boundary,bright/robust-easy + info-boundary,primary,145.0,+15.0,60,integer5,21_pack,1.697410e-01,6,0,0.400804,0.309566,0.052048,4666,2586,4.098456e-01,1,0,0
R4_bright_info_boundary,bright/robust-easy + info-boundary,primary,145.0,+17.5,-60,half2p5,21_pack,1.447839e-01,15,1,0.393334,0.576797,0.057587,5666,2629,3.438680e-01,1,0,0
R4_bright_info_boundary,bright/robust-easy + info-boundary,primary,145.0,+17.5,-45,half2p5,21_pack,1.488570e-01,14,0,0.440390,0.575127,0.057587,5706,2807,3.311225e-01,1,0,0
R4_bright_info_boundary,bright/robust-easy + info-boundary,primary,145.0,+17.5,-30,half2p5,21_pack,1.487065e-01,14,0,0.447293,0.555536,0.057587,5579,2820,3.292629e-01,1,0,0
R4_bright_info_boundary,bright/robust-easy + info-boundary,primary,145.0,+17.5,-15,half2p5,21_pack,1.482555e-01,14,0,0.565945,0.571836,0.057587,5474,3104,2.982299e-01,1,0,0
R4_bright_info_boundary,bright/robust-easy + info-boundary,primary,145.0,+17.5,0,half2p5,21_pack,1.458012e-01,14,0,0.439953,0.586123,0.057587,5583,2758,3.300872e-01,1,0,0
R4_bright_info_boundary,bright/robust-easy + info-boundary,primary,145.0,+17.5,15,half2p5,21_pack,1.439804e-01,36,22,0.429096,0.590467,0.057587,5497,2704,3.324746e-01,1,0,0
R4_bright_info_boundary,bright/robust-easy + info-boundary,primary,145.0,+17.5,30,half2p5,21_pack,1.424818e-01,13,-1,0.421392,0.571224,0.057587,5280,2660,3.344565e-01,1,0,0
R4_bright_info_boundary,bright/robust-easy + info-boundary,primary,145.0,+17.5,45,half2p5,21_pack,1.405139e-01,12,-2,0.407418,0.565089,0.057587,4977,2595,3.380991e-01,1,0,0
R4_bright_info_boundary,bright/robust-easy + info-boundary,primary,145.0,+17.5,60,half2p5,21_pack,1.405246e-01,12,-2,0.379572,0.551844,0.057587,4565,2538,3.457186e-01,1,0,0
R4_bright_info_boundary,bright/robust-easy + info-boundary,primary,145.0,+20.0,-60,integer5,21_pack,1.057176e-01,22,0,0.380404,0.780722,0.061137,5723,2597,2.541776e-01,1,0,0
R4_bright_info_boundary,bright/robust-easy + info-boundary,primary,145.0,+20.0,-45,integer5,21_pack,1.099167e-01,21,-1,0.417607,0.779427,0.061137,5735,2751,2.494797e-01,1,0,0
R4_bright_info_boundary,bright/robust-easy + info-boundary,primary,145.0,+20.0,-30,integer5,21_pack,1.090370e-01,21,-1,0.439396,0.752449,0.061137,5549,2783,2.446373e-01,1,0,0
R4_bright_info_boundary,bright/robust-easy + info-boundary,primary,145.0,+20.0,-15,integer5,21_pack,1.089649e-01,21,-1,0.589780,0.776140,0.061137,5557,3160,2.153087e-01,1,0,0
R4_bright_info_boundary,bright/robust-easy + info-boundary,primary,145.0,+20.0,0,integer5,01_fullrun,1.068997e-01,22,0,0.411680,0.795531,0.061137,5602,2690,2.481339e-01,1,0,0
R4_bright_info_boundary,bright/robust-easy + info-boundary,primary,145.0,+20.0,15,integer5,21_pack,1.056098e-01,45,23,0.393341,0.790186,0.061137,5484,2635,2.502566e-01,1,0,0
R4_bright_info_boundary,bright/robust-easy + info-boundary,primary,145.0,+20.0,30,integer5,21_pack,1.038832e-01,20,-2,0.395805,0.771381,0.061137,5253,2597,2.497671e-01,1,0,0
R4_bright_info_boundary,bright/robust-easy + info-boundary,primary,145.0,+20.0,45,integer5,21_pack,1.034827e-01,19,-3,0.379455,0.753391,0.061137,4894,2555,2.528942e-01,1,0,0
R4_bright_info_boundary,bright/robust-easy + info-boundary,primary,145.0,+20.0,60,integer5,21_pack,1.034163e-01,19,-3,0.358556,0.744625,0.061137,4490,2507,2.575708e-01,1,0,0
R4_bright_info_boundary,bright/robust-easy + info-boundary,primary,145.0,+22.5,-60,half2p5,21_pack,7.039417e-02,30,-1,0.353866,0.920167,0.067987,5799,2568,1.711605e-01,1,0,0
R4_bright_info_boundary,bright/robust-easy + info-boundary,primary,145.0,+22.5,-45,half2p5,21_pack,7.371503e-02,29,-2,0.385487,0.911552,0.067987,5745,2662,1.729059e-01,1,0,0
R4_bright_info_boundary,bright/robust-easy + info-boundary,primary,145.0,+22.5,-30,half2p5,21_pack,7.444189e-02,29,-2,0.422919,0.898381,0.067987,5496,2765,1.681064e-01,1,0,0
R4_bright_info_boundary,bright/robust-easy + info-boundary,primary,145.0,+22.5,-15,half2p5,21_pack,7.410121e-02,31,0,0.603659,0.881054,0.067987,5643,3232,1.431581e-01,1,0,0
R4_bright_info_boundary,bright/robust-easy + info-boundary,primary,145.0,+22.5,0,half2p5,21_pack,7.160790e-02,31,0,0.730118,0.917888,0.067987,5635,3554,1.258072e-01,1,0,0
R4_bright_info_boundary,bright/robust-easy + info-boundary,primary,145.0,+22.5,15,half2p5,21_pack,7.060175e-02,54,23,0.353027,0.907296,0.067987,5479,2576,1.711321e-01,1,0,0
R4_bright_info_boundary,bright/robust-easy + info-boundary,primary,145.0,+22.5,30,half2p5,21_pack,6.979094e-02,28,-3,0.362989,0.886564,0.067987,5199,2554,1.706240e-01,1,0,0
R4_bright_info_boundary,bright/robust-easy + info-boundary,primary,145.0,+22.5,45,half2p5,21_pack,6.957652e-02,28,-3,0.337322,0.879051,0.067987,4824,2508,1.732196e-01,1,0,0
R4_bright_info_boundary,bright/robust-easy + info-boundary,primary,145.0,+22.5,60,half2p5,21_pack,6.984142e-02,27,-4,0.335735,0.864900,0.067987,4388,2509,1.738098e-01,1,0,0
R4_bright_info_boundary,bright/robust-easy + info-boundary,primary,145.0,+25.0,-60,integer5,21_pack,4.575158e-02,41,-34,0.325081,0.527553,0.082243,5848,2555,1.118091e-01,1,0,0
R4_bright_info_boundary,bright/robust-easy + info-boundary,primary,145.0,+25.0,-45,integer5,21_pack,4.589465e-02,41,-34,0.314930,0.540529,0.082243,5775,2575,1.112876e-01,1,0,0
R4_bright_info_boundary,bright/robust-easy + info-boundary,primary,145.0,+25.0,-30,integer5,21_pack,4.879500e-02,40,-35,0.450460,0.530177,0.082243,5521,2857,1.066417e-01,1,0,0
R4_bright_info_boundary,bright/robust-easy + info-boundary,primary,145.0,+25.0,-15,integer5,21_pack,4.827989e-02,48,-27,0.589381,0.510859,0.082243,5711,3275,9.204853e-02,1,0,0
R4_bright_info_boundary,bright/robust-easy + info-boundary,primary,145.0,+25.0,0,integer5,01_fullrun,4.716163e-02,75,0,0.724596,0.526285,0.082243,5665,3600,8.179904e-02,1,0,0
R4_bright_info_boundary,bright/robust-easy + info-boundary,primary,145.0,+25.0,15,integer5,21_pack,4.550757e-02,65,-10,0.318419,0.513849,0.082243,5475,2512,1.131165e-01,1,0,0
R4_bright_info_boundary,bright/robust-easy + info-boundary,primary,145.0,+25.0,30,integer5,21_pack,4.545720e-02,50,-25,0.316455,0.491063,0.082243,5166,2509,1.131264e-01,1,0,0
R4_bright_info_boundary,bright/robust-easy + info-boundary,primary,145.0,+25.0,45,integer5,21_pack,4.498378e-02,39,-36,0.317714,0.477528,0.082243,4751,2479,1.133030e-01,1,0,0
R4_bright_info_boundary,bright/robust-easy + info-boundary,primary,145.0,+25.0,60,integer5,21_pack,4.523710e-02,38,-37,0.357398,0.478307,0.082243,4384,2504,1.128034e-01,1,0,0
R4_bright_info_boundary,bright/robust-easy + info-boundary,primary,147.5,+10.0,-60,half2p5,21_pack,1.851550e-01,5,0,0.437477,0.149184,0.066466,5508,2754,4.197913e-01,1,0,1
R4_bright_info_boundary,bright/robust-easy + info-boundary,primary,147.5,+10.0,-45,half2p5,21_pack,1.884507e-01,5,0,0.464752,0.149160,0.066466,5715,2859,4.115716e-01,1,0,1
R4_bright_info_boundary,bright/robust-easy + info-boundary,primary,147.5,+10.0,-30,half2p5,21_pack,1.875536e-01,5,0,0.473181,0.150370,0.066466,5736,2873,4.076166e-01,1,0,0
R4_bright_info_boundary,bright/robust-easy + info-boundary,primary,147.5,+10.0,-15,half2p5,21_pack,1.857209e-01,5,0,0.611196,0.152271,0.066466,5591,3190,3.635231e-01,1,0,1
R4_bright_info_boundary,bright/robust-easy + info-boundary,primary,147.5,+10.0,0,half2p5,21_pack,1.855153e-01,5,0,0.483256,0.165500,0.066466,5524,2863,4.045947e-01,1,0,1
R4_bright_info_boundary,bright/robust-easy + info-boundary,primary,147.5,+10.0,15,half2p5,21_pack,1.835250e-01,19,14,0.463902,0.173695,0.066466,5608,2784,4.116118e-01,1,0,1
R4_bright_info_boundary,bright/robust-easy + info-boundary,primary,147.5,+10.0,30,half2p5,21_pack,1.812770e-01,5,0,0.444094,0.172988,0.066466,5499,2704,4.185988e-01,1,0,1
R4_bright_info_boundary,bright/robust-easy + info-boundary,primary,147.5,+10.0,45,half2p5,21_pack,1.786718e-01,4,-1,0.425320,0.169575,0.066466,5291,2624,4.251616e-01,1,0,1
R4_bright_info_boundary,bright/robust-easy + info-boundary,primary,147.5,+10.0,60,half2p5,21_pack,1.762495e-01,5,0,0.422620,0.162670,0.066466,4962,2581,4.263849e-01,1,0,1
R4_bright_info_boundary,bright/robust-easy + info-boundary,primary,147.5,+12.5,-60,half2p5,21_pack,2.015818e-01,1,0,0.431984,0.150213,0.052620,5599,2722,4.624077e-01,1,0,1
R4_bright_info_boundary,bright/robust-easy + info-boundary,primary,147.5,+12.5,-45,half2p5,21_pack,2.015407e-01,1,0,0.474786,0.150095,0.052620,5743,2819,4.464056e-01,1,0,1
R4_bright_info_boundary,bright/robust-easy + info-boundary,primary,147.5,+12.5,-30,half2p5,21_pack,2.010284e-01,1,0,0.479643,0.151011,0.052620,5731,2825,4.443251e-01,1,0,1
R4_bright_info_boundary,bright/robust-easy + info-boundary,primary,147.5,+12.5,-15,half2p5,21_pack,2.018225e-01,1,0,0.477534,0.152928,0.052620,5530,2830,4.452923e-01,1,0,1
R4_bright_info_boundary,bright/robust-easy + info-boundary,primary,147.5,+12.5,0,half2p5,21_pack,2.011461e-01,1,0,0.473288,0.166301,0.052620,5588,2808,4.472769e-01,1,0,1
R4_bright_info_boundary,bright/robust-easy + info-boundary,primary,147.5,+12.5,15,half2p5,21_pack,1.974041e-01,10,9,0.466290,0.174759,0.052620,5607,2741,4.496857e-01,1,0,1
R4_bright_info_boundary,bright/robust-easy + info-boundary,primary,147.5,+12.5,30,half2p5,21_pack,1.941405e-01,1,0,0.443236,0.174023,0.052620,5467,2642,4.588231e-01,1,0,1
R4_bright_info_boundary,bright/robust-easy + info-boundary,primary,147.5,+12.5,45,half2p5,21_pack,1.927349e-01,1,0,0.433782,0.170467,0.052620,5224,2602,4.625035e-01,1,0,1
R4_bright_info_boundary,bright/robust-easy + info-boundary,primary,147.5,+12.5,60,half2p5,21_pack,1.913991e-01,1,0,0.419513,0.163461,0.052620,4865,2553,4.681134e-01,1,0,1
R4_bright_info_boundary,bright/robust-easy + info-boundary,primary,147.5,+15.0,-60,half2p5,21_pack,1.887769e-01,3,1,0.420829,0.324045,0.064529,5666,2648,4.451361e-01,1,0,1
R4_bright_info_boundary,bright/robust-easy + info-boundary,primary,147.5,+15.0,-45,half2p5,21_pack,1.916573e-01,2,0,0.467878,0.323542,0.064529,5778,2800,4.273949e-01,1,0,1
R4_bright_info_boundary,bright/robust-easy + info-boundary,primary,147.5,+15.0,-30,half2p5,21_pack,1.903675e-01,2,0,0.469972,0.303721,0.064529,5712,2788,4.263458e-01,1,0,1
R4_bright_info_boundary,bright/robust-easy + info-boundary,primary,147.5,+15.0,-15,half2p5,21_pack,1.926373e-01,2,0,0.478467,0.318636,0.064529,5376,2840,4.235299e-01,1,0,1
R4_bright_info_boundary,bright/robust-easy + info-boundary,primary,147.5,+15.0,0,half2p5,21_pack,1.902424e-01,2,0,0.461780,0.331763,0.064529,5627,2765,4.296097e-01,1,0,1
R4_bright_info_boundary,bright/robust-easy + info-boundary,primary,147.5,+15.0,15,half2p5,21_pack,1.858537e-01,16,14,0.459097,0.341419,0.064529,5608,2697,4.302810e-01,1,0,1
R4_bright_info_boundary,bright/robust-easy + info-boundary,primary,147.5,+15.0,30,half2p5,21_pack,1.841495e-01,2,0,0.435889,0.338045,0.064529,5447,2619,4.390329e-01,1,0,1
R4_bright_info_boundary,bright/robust-easy + info-boundary,primary,147.5,+15.0,45,half2p5,21_pack,1.819002e-01,2,0,0.423142,0.324251,0.064529,5153,2561,4.434917e-01,1,0,1
R4_bright_info_boundary,bright/robust-easy + info-boundary,primary,147.5,+15.0,60,half2p5,21_pack,1.805479e-01,2,0,0.404457,0.317444,0.064529,4756,2503,4.503949e-01,1,0,1
R4_bright_info_boundary,bright/robust-easy + info-boundary,primary,147.5,+17.5,-60,half2p5,21_pack,1.558669e-01,10,0,0.405092,0.581328,0.071806,5732,2599,3.744636e-01,1,0,0
R4_bright_info_boundary,bright/robust-easy + info-boundary,primary,147.5,+17.5,-45,half2p5,21_pack,1.582648e-01,11,1,0.455681,0.579701,0.071806,5806,2759,3.581744e-01,1,0,0
R4_bright_info_boundary,bright/robust-easy + info-boundary,primary,147.5,+17.5,-30,half2p5,21_pack,1.585802e-01,10,0,0.455492,0.560207,0.071806,5702,2762,3.584984e-01,1,0,0
R4_bright_info_boundary,bright/robust-easy + info-boundary,primary,147.5,+17.5,-15,half2p5,21_pack,1.596931e-01,10,0,0.553919,0.576726,0.071806,5554,3015,3.307203e-01,1,0,0
R4_bright_info_boundary,bright/robust-easy + info-boundary,primary,147.5,+17.5,0,half2p5,21_pack,1.567501e-01,10,0,0.445501,0.591901,0.071806,5672,2714,3.606284e-01,1,0,0
R4_bright_info_boundary,bright/robust-easy + info-boundary,primary,147.5,+17.5,15,half2p5,21_pack,1.533384e-01,32,22,0.431276,0.597055,0.071806,5594,2624,3.648790e-01,1,0,0
R4_bright_info_boundary,bright/robust-easy + info-boundary,primary,147.5,+17.5,30,half2p5,21_pack,1.507664e-01,11,1,0.419296,0.584159,0.071806,5395,2558,3.680155e-01,1,0,0
R4_bright_info_boundary,bright/robust-easy + info-boundary,primary,147.5,+17.5,45,half2p5,21_pack,1.495916e-01,10,0,0.412396,0.579738,0.071806,5086,2525,3.699199e-01,1,0,0
R4_bright_info_boundary,bright/robust-easy + info-boundary,primary,147.5,+17.5,60,half2p5,21_pack,1.485915e-01,10,0,0.397599,0.566441,0.071806,4667,2478,3.744163e-01,1,0,0
R4_bright_info_boundary,bright/robust-easy + info-boundary,primary,147.5,+20.0,-60,half2p5,21_pack,1.132760e-01,18,0,0.389260,0.786520,0.073630,5800,2559,2.763946e-01,1,0,0
R4_bright_info_boundary,bright/robust-easy + info-boundary,primary,147.5,+20.0,-45,half2p5,21_pack,1.171073e-01,17,-1,0.420671,0.785366,0.073630,5837,2695,2.713234e-01,1,0,1
R4_bright_info_boundary,bright/robust-easy + info-boundary,primary,147.5,+20.0,-30,half2p5,21_pack,1.162034e-01,17,-1,0.442769,0.758473,0.073630,5685,2729,2.658749e-01,1,0,0
R4_bright_info_boundary,bright/robust-easy + info-boundary,primary,147.5,+20.0,-15,half2p5,21_pack,1.166536e-01,17,-1,0.573811,0.782073,0.073630,5616,3067,2.374906e-01,1,0,0
R4_bright_info_boundary,bright/robust-easy + info-boundary,primary,147.5,+20.0,0,half2p5,21_pack,1.144700e-01,18,0,0.723981,0.803823,0.073630,5704,3441,2.077156e-01,1,0,0
R4_bright_info_boundary,bright/robust-easy + info-boundary,primary,147.5,+20.0,15,half2p5,21_pack,1.115100e-01,43,25,0.394008,0.798325,0.073630,5586,2542,2.739053e-01,1,0,0
R4_bright_info_boundary,bright/robust-easy + info-boundary,primary,147.5,+20.0,30,half2p5,21_pack,1.105906e-01,18,0,0.399405,0.782869,0.073630,5366,2536,2.722894e-01,1,0,0
R4_bright_info_boundary,bright/robust-easy + info-boundary,primary,147.5,+20.0,45,half2p5,21_pack,1.093860e-01,17,-1,0.387809,0.766298,0.073630,4999,2489,2.744094e-01,1,0,0
R4_bright_info_boundary,bright/robust-easy + info-boundary,primary,147.5,+20.0,60,half2p5,21_pack,1.087792e-01,17,-1,0.368264,0.757974,0.073630,4583,2435,2.789386e-01,1,0,0
R4_bright_info_boundary,bright/robust-easy + info-boundary,primary,147.5,+22.5,-60,half2p5,21_pack,7.500103e-02,26,0,0.363318,0.926292,0.082305,5864,2526,1.853941e-01,1,0,0
R4_bright_info_boundary,bright/robust-easy + info-boundary,primary,147.5,+22.5,-45,half2p5,21_pack,7.770423e-02,25,-1,0.395926,0.917347,0.082305,5860,2615,1.855388e-01,1,0,0
R4_bright_info_boundary,bright/robust-easy + info-boundary,primary,147.5,+22.5,-30,half2p5,21_pack,7.898378e-02,25,-1,0.424206,0.904031,0.082305,5655,2724,1.810476e-01,1,0,0
R4_bright_info_boundary,bright/robust-easy + info-boundary,primary,147.5,+22.5,-15,half2p5,21_pack,7.757071e-02,27,1,0.600010,0.885982,0.082305,5697,3124,1.550418e-01,1,0,0
R4_bright_info_boundary,bright/robust-easy + info-boundary,primary,147.5,+22.5,0,half2p5,21_pack,7.612514e-02,26,0,0.734029,0.932923,0.082305,5737,3493,1.360791e-01,1,0,0
R4_bright_info_boundary,bright/robust-easy + info-boundary,primary,147.5,+22.5,15,half2p5,21_pack,7.388399e-02,52,26,0.355186,0.923133,0.082305,5583,2489,1.853478e-01,1,0,0
R4_bright_info_boundary,bright/robust-easy + info-boundary,primary,147.5,+22.5,30,half2p5,21_pack,7.279155e-02,26,0,0.365499,0.897954,0.082305,5318,2463,1.845349e-01,1,0,0
R4_bright_info_boundary,bright/robust-easy + info-boundary,primary,147.5,+22.5,45,half2p5,21_pack,7.278492e-02,25,-1,0.352125,0.896227,0.082305,4948,2447,1.857246e-01,1,0,0
R4_bright_info_boundary,bright/robust-easy + info-boundary,primary,147.5,+22.5,60,half2p5,21_pack,7.299349e-02,25,-1,0.337080,0.882418,0.082305,4501,2426,1.878691e-01,1,0,0
R4_bright_info_boundary,bright/robust-easy + info-boundary,primary,147.5,+25.0,-60,half2p5,21_pack,4.796238e-02,38,-30,0.341158,0.530676,0.096018,5916,2510,1.193133e-01,1,0,0
R4_bright_info_boundary,bright/robust-easy + info-boundary,primary,147.5,+25.0,-45,half2p5,21_pack,4.811801e-02,38,-30,0.317427,0.543596,0.096018,5858,2517,1.193676e-01,1,0,0
R4_bright_info_boundary,bright/robust-easy + info-boundary,primary,147.5,+25.0,-30,half2p5,21_pack,5.100938e-02,36,-32,0.416405,0.532831,0.096018,5580,2680,1.188440e-01,1,0,0
R4_bright_info_boundary,bright/robust-easy + info-boundary,primary,147.5,+25.0,-15,half2p5,21_pack,5.032390e-02,45,-23,0.589846,0.513129,0.096018,5763,3191,9.847124e-02,1,0,0
R4_bright_info_boundary,bright/robust-easy + info-boundary,primary,147.5,+25.0,0,half2p5,21_pack,4.909751e-02,68,0,0.720832,0.540564,0.096018,5751,3527,8.691925e-02,1,0,0
R4_bright_info_boundary,bright/robust-easy + info-boundary,primary,147.5,+25.0,15,half2p5,21_pack,4.682091e-02,64,-4,0.320232,0.528265,0.096018,5566,2420,1.208054e-01,1,0,0
R4_bright_info_boundary,bright/robust-easy + info-boundary,primary,147.5,+25.0,30,half2p5,21_pack,4.734728e-02,43,-25,0.324920,0.498869,0.096018,5280,2453,1.205201e-01,1,0,0
R4_bright_info_boundary,bright/robust-easy + info-boundary,primary,147.5,+25.0,45,half2p5,21_pack,4.668149e-02,36,-32,0.321633,0.492061,0.096018,4871,2415,1.206951e-01,1,0,0
R4_bright_info_boundary,bright/robust-easy + info-boundary,primary,147.5,+25.0,60,half2p5,21_pack,4.638191e-02,37,-31,0.309798,0.493131,0.096018,4389,2398,1.207706e-01,1,0,0
R4_bright_info_boundary,bright/robust-easy + info-boundary,primary,150.0,+10.0,-60,integer5,21_pack,1.748387e-01,8,0,0.441797,0.320727,0.065676,5582,2701,4.041800e-01,1,0,1
R4_bright_info_boundary,bright/robust-easy + info-boundary,primary,150.0,+10.0,-45,integer5,21_pack,1.750517e-01,8,0,0.470165,0.324299,0.065676,5783,2768,3.948772e-01,1,0,1
R4_bright_info_boundary,bright/robust-easy + info-boundary,primary,150.0,+10.0,-30,integer5,21_pack,1.753284e-01,8,0,0.470598,0.325525,0.065676,5833,2775,3.945039e-01,1,0,1
R4_bright_info_boundary,bright/robust-easy + info-boundary,primary,150.0,+10.0,-15,integer5,21_pack,1.738558e-01,9,1,0.626681,0.326392,0.065676,5688,3144,3.452778e-01,1,0,0
R4_bright_info_boundary,bright/robust-easy + info-boundary,primary,150.0,+10.0,0,integer5,01_fullrun,1.749517e-01,8,0,0.484533,0.338011,0.065676,5606,2807,3.891685e-01,1,0,1
R4_bright_info_boundary,bright/robust-easy + info-boundary,primary,150.0,+10.0,15,integer5,21_pack,1.719062e-01,26,18,0.467977,0.351770,0.065676,5715,2714,3.954974e-01,1,0,0
R4_bright_info_boundary,bright/robust-easy + info-boundary,primary,150.0,+10.0,30,integer5,21_pack,1.694736e-01,9,1,0.442097,0.354682,0.065676,5607,2615,4.046618e-01,1,0,0
R4_bright_info_boundary,bright/robust-easy + info-boundary,primary,150.0,+10.0,45,integer5,21_pack,1.663204e-01,9,1,0.432673,0.349243,0.065676,5388,2543,4.083768e-01,1,0,0
R4_bright_info_boundary,bright/robust-easy + info-boundary,primary,150.0,+10.0,60,integer5,21_pack,1.640485e-01,9,1,0.419733,0.343294,0.065676,5037,2482,4.126980e-01,1,0,0
R4_bright_info_boundary,bright/robust-easy + info-boundary,primary,150.0,+12.5,-60,half2p5,21_pack,1.895927e-01,2,-1,0.440407,0.322761,0.065167,5662,2674,4.427129e-01,1,0,1
R4_bright_info_boundary,bright/robust-easy + info-boundary,primary,150.0,+12.5,-45,half2p5,21_pack,1.895756e-01,3,0,0.477725,0.326213,0.065167,5819,2758,4.291905e-01,1,0,1
R4_bright_info_boundary,bright/robust-easy + info-boundary,primary,150.0,+12.5,-30,half2p5,21_pack,1.896900e-01,3,0,0.474059,0.326874,0.065167,5835,2753,4.302296e-01,1,0,1
R4_bright_info_boundary,bright/robust-easy + info-boundary,primary,150.0,+12.5,-15,half2p5,21_pack,1.889924e-01,3,0,0.476815,0.327788,0.065167,5639,2746,4.297399e-01,1,0,1
R4_bright_info_boundary,bright/robust-easy + info-boundary,primary,150.0,+12.5,0,half2p5,21_pack,1.883958e-01,3,0,0.482834,0.339709,0.065167,5662,2753,4.272942e-01,1,0,1
R4_bright_info_boundary,bright/robust-easy + info-boundary,primary,150.0,+12.5,15,half2p5,21_pack,1.852616e-01,17,14,0.468360,0.354203,0.065167,5721,2670,4.332476e-01,1,0,1
R4_bright_info_boundary,bright/robust-easy + info-boundary,primary,150.0,+12.5,30,half2p5,21_pack,1.816985e-01,4,1,0.444865,0.357032,0.065167,5563,2566,4.421367e-01,1,0,0
R4_bright_info_boundary,bright/robust-easy + info-boundary,primary,150.0,+12.5,45,half2p5,21_pack,1.776049e-01,5,2,0.438806,0.351189,0.065167,5319,2496,4.442958e-01,1,0,1
R4_bright_info_boundary,bright/robust-easy + info-boundary,primary,150.0,+12.5,60,half2p5,21_pack,1.782297e-01,4,1,0.429266,0.344945,0.065167,4942,2481,4.485544e-01,1,0,1
R4_bright_info_boundary,bright/robust-easy + info-boundary,primary,150.0,+15.0,-60,integer5,21_pack,1.785177e-01,6,-1,0.442363,0.468300,0.069819,5738,2645,4.214223e-01,1,0,0
R4_bright_info_boundary,bright/robust-easy + info-boundary,primary,150.0,+15.0,-45,integer5,21_pack,1.795084e-01,6,-1,0.466811,0.467845,0.069819,5870,2718,4.123797e-01,1,0,0
R4_bright_info_boundary,bright/robust-easy + info-boundary,primary,150.0,+15.0,-30,integer5,21_pack,1.802111e-01,6,-1,0.475222,0.463767,0.069819,5808,2748,4.094743e-01,1,0,0
R4_bright_info_boundary,bright/robust-easy + info-boundary,primary,150.0,+15.0,-15,integer5,21_pack,1.819999e-01,6,-1,0.475968,0.472514,0.069819,5564,2778,4.090730e-01,1,0,0
R4_bright_info_boundary,bright/robust-easy + info-boundary,primary,150.0,+15.0,0,integer5,01_fullrun,1.774126e-01,7,0,0.470036,0.490994,0.069819,5702,2694,4.111959e-01,1,0,0
R4_bright_info_boundary,bright/robust-easy + info-boundary,primary,150.0,+15.0,15,integer5,21_pack,1.751459e-01,24,17,0.456465,0.509958,0.069819,5715,2627,4.162956e-01,1,0,0
R4_bright_info_boundary,bright/robust-easy + info-boundary,primary,150.0,+15.0,30,integer5,21_pack,1.720594e-01,7,0,0.432354,0.501587,0.069819,5542,2528,4.249748e-01,1,0,0
R4_bright_info_boundary,bright/robust-easy + info-boundary,primary,150.0,+15.0,45,integer5,21_pack,1.706442e-01,6,-1,0.414911,0.495750,0.069819,5256,2473,4.308533e-01,1,0,0
R4_bright_info_boundary,bright/robust-easy + info-boundary,primary,150.0,+15.0,60,integer5,21_pack,1.697025e-01,7,0,0.410170,0.489460,0.069819,4857,2449,4.326745e-01,1,0,1
R4_bright_info_boundary,bright/robust-easy + info-boundary,primary,150.0,+17.5,-60,half2p5,21_pack,1.472301e-01,13,0,0.433692,0.719134,0.068249,5808,2598,3.538502e-01,1,0,0
R4_bright_info_boundary,bright/robust-easy + info-boundary,primary,150.0,+17.5,-45,half2p5,21_pack,1.497535e-01,12,-1,0.448643,0.717145,0.068249,5905,2691,3.474763e-01,1,0,0
R4_bright_info_boundary,bright/robust-easy + info-boundary,primary,150.0,+17.5,-30,half2p5,21_pack,1.492642e-01,12,-1,0.456915,0.702790,0.068249,5809,2699,3.453145e-01,1,0,0
R4_bright_info_boundary,bright/robust-easy + info-boundary,primary,150.0,+17.5,-15,half2p5,21_pack,1.497371e-01,13,0,0.531811,0.711969,0.068249,5582,2879,3.247505e-01,1,0,0
R4_bright_info_boundary,bright/robust-easy + info-boundary,primary,150.0,+17.5,0,half2p5,21_pack,1.472228e-01,13,0,0.457114,0.743285,0.068249,5763,2663,3.451960e-01,1,0,0
R4_bright_info_boundary,bright/robust-easy + info-boundary,primary,150.0,+17.5,15,half2p5,21_pack,1.441437e-01,35,22,0.438400,0.744579,0.068249,5723,2567,3.506161e-01,1,0,0
R4_bright_info_boundary,bright/robust-easy + info-boundary,primary,150.0,+17.5,30,half2p5,21_pack,1.426777e-01,12,-1,0.419147,0.731703,0.068249,5501,2503,3.559240e-01,1,0,0
R4_bright_info_boundary,bright/robust-easy + info-boundary,primary,150.0,+17.5,45,half2p5,21_pack,1.401689e-01,13,0,0.420793,0.728595,0.068249,5184,2463,3.553443e-01,1,0,0
R4_bright_info_boundary,bright/robust-easy + info-boundary,primary,150.0,+17.5,60,half2p5,21_pack,1.398194e-01,13,0,0.398402,0.715205,0.068249,4759,2416,3.613537e-01,1,0,0
R4_bright_info_boundary,bright/robust-easy + info-boundary,primary,150.0,+20.0,-60,integer5,21_pack,1.079740e-01,20,0,0.384559,0.903403,0.078486,5873,2502,2.694597e-01,1,0,0
R4_bright_info_boundary,bright/robust-easy + info-boundary,primary,150.0,+20.0,-45,integer5,21_pack,1.100816e-01,19,-1,0.426347,0.901234,0.078486,5920,2633,2.610513e-01,1,0,0
R4_bright_info_boundary,bright/robust-easy + info-boundary,primary,150.0,+20.0,-30,integer5,21_pack,1.104667e-01,20,0,0.436949,0.878235,0.078486,5791,2662,2.591106e-01,1,0,0
R4_bright_info_boundary,bright/robust-easy + info-boundary,primary,150.0,+20.0,-15,integer5,21_pack,1.106133e-01,20,0,0.570377,0.895586,0.078486,5666,2982,2.316124e-01,1,0,0
R4_bright_info_boundary,bright/robust-easy + info-boundary,primary,150.0,+20.0,0,integer5,01_fullrun,1.081508e-01,20,0,0.726844,0.926253,0.078486,5789,3361,2.009199e-01,1,0,0
R4_bright_info_boundary,bright/robust-easy + info-boundary,primary,150.0,+20.0,15,integer5,21_pack,1.055487e-01,46,26,0.403682,0.936618,0.078486,5702,2505,2.630916e-01,1,0,0
R4_bright_info_boundary,bright/robust-easy + info-boundary,primary,150.0,+20.0,30,integer5,21_pack,1.038071e-01,21,1,0.399662,0.918882,0.078486,5471,2459,2.635909e-01,1,0,0
R4_bright_info_boundary,bright/robust-easy + info-boundary,primary,150.0,+20.0,45,integer5,21_pack,1.025068e-01,21,1,0.396517,0.906864,0.078486,5120,2420,2.644840e-01,1,0,0
R4_bright_info_boundary,bright/robust-easy + info-boundary,primary,150.0,+20.0,60,integer5,21_pack,1.022295e-01,21,1,0.371740,0.898826,0.078486,4673,2366,2.697885e-01,1,0,0
R4_bright_info_boundary,bright/robust-easy + info-boundary,primary,150.0,+22.5,-60,half2p5,21_pack,7.139312e-02,29,0,0.374247,1.018174,0.083820,5927,2472,1.803308e-01,1,0,0
R4_bright_info_boundary,bright/robust-easy + info-boundary,primary,150.0,+22.5,-45,half2p5,21_pack,7.393717e-02,27,-2,0.402633,1.007756,0.083820,5932,2550,1.810442e-01,1,0,0
R4_bright_info_boundary,bright/robust-easy + info-boundary,primary,150.0,+22.5,-30,half2p5,21_pack,7.507901e-02,28,-1,0.430596,0.982250,0.083820,5769,2627,1.784516e-01,1,0,0
R4_bright_info_boundary,bright/robust-easy + info-boundary,primary,150.0,+22.5,-15,half2p5,21_pack,7.494500e-02,30,1,0.584471,0.976388,0.083820,5741,3027,1.545938e-01,1,0,0
R4_bright_info_boundary,bright/robust-easy + info-boundary,primary,150.0,+22.5,0,half2p5,21_pack,7.269508e-02,29,0,0.731213,1.033019,0.083820,5836,3422,1.326438e-01,1,0,0
R4_bright_info_boundary,bright/robust-easy + info-boundary,primary,150.0,+22.5,15,half2p5,21_pack,7.040103e-02,55,26,0.370845,1.030292,0.083820,5678,2465,1.783298e-01,1,0,0
R4_bright_info_boundary,bright/robust-easy + info-boundary,primary,150.0,+22.5,30,half2p5,21_pack,6.966774e-02,29,0,0.366690,1.006954,0.083820,5432,2426,1.793093e-01,1,0,0
R4_bright_info_boundary,bright/robust-easy + info-boundary,primary,150.0,+22.5,45,half2p5,21_pack,6.917523e-02,29,0,0.348297,1.010442,0.083820,5054,2373,1.820182e-01,1,0,0
R4_bright_info_boundary,bright/robust-easy + info-boundary,primary,150.0,+22.5,60,half2p5,21_pack,6.905928e-02,29,0,0.342779,0.996691,0.083820,4587,2370,1.819431e-01,1,0,0
R4_bright_info_boundary,bright/robust-easy + info-boundary,primary,150.0,+25.0,-60,integer5,21_pack,4.618230e-02,40,-31,0.354859,0.616075,0.111377,5995,2438,1.182779e-01,1,0,0
R4_bright_info_boundary,bright/robust-easy + info-boundary,primary,150.0,+25.0,-45,integer5,21_pack,4.648134e-02,40,-31,0.340856,0.628534,0.111377,5951,2491,1.165110e-01,1,0,0
R4_bright_info_boundary,bright/robust-easy + info-boundary,primary,150.0,+25.0,-30,integer5,21_pack,4.956790e-02,39,-32,0.439663,0.603146,0.111377,5722,2580,1.199617e-01,1,0,0
R4_bright_info_boundary,bright/robust-easy + info-boundary,primary,150.0,+25.0,-15,integer5,21_pack,4.886240e-02,47,-24,0.595825,0.599940,0.111377,5811,3084,9.892870e-02,1,0,0
R4_bright_info_boundary,bright/robust-easy + info-boundary,primary,150.0,+25.0,0,integer5,01_fullrun,4.763879e-02,71,0,0.739216,0.636806,0.111377,5855,3435,8.659562e-02,1,0,0
R4_bright_info_boundary,bright/robust-easy + info-boundary,primary,150.0,+25.0,15,integer5,21_pack,4.482312e-02,66,-5,0.326841,0.632105,0.111377,5666,2351,1.190451e-01,1,0,0
R4_bright_info_boundary,bright/robust-easy + info-boundary,primary,150.0,+25.0,30,integer5,21_pack,4.515928e-02,51,-20,0.334784,0.603696,0.111377,5400,2370,1.189763e-01,1,0,0
R4_bright_info_boundary,bright/robust-easy + info-boundary,primary,150.0,+25.0,45,integer5,21_pack,4.477690e-02,40,-31,0.321514,0.602843,0.111377,4975,2338,1.195836e-01,1,0,0
R4_bright_info_boundary,bright/robust-easy + info-boundary,primary,150.0,+25.0,60,integer5,21_pack,4.439646e-02,40,-31,0.320778,0.604243,0.111377,4506,2330,1.189746e-01,1,0,0
R4_bright_info_boundary,bright/robust-easy + info-boundary,primary,152.5,+10.0,-60,half2p5,21_pack,1.456594e-01,14,-1,0.443782,0.561709,0.070625,5649,2664,3.414022e-01,1,0,0
R4_bright_info_boundary,bright/robust-easy + info-boundary,primary,152.5,+10.0,-45,half2p5,21_pack,1.451461e-01,15,0,0.459400,0.562727,0.070625,5879,2693,3.365356e-01,1,0,0
R4_bright_info_boundary,bright/robust-easy + info-boundary,primary,152.5,+10.0,-30,half2p5,21_pack,1.445378e-01,15,0,0.471645,0.562541,0.070625,5922,2713,3.326546e-01,1,0,0
R4_bright_info_boundary,bright/robust-easy + info-boundary,primary,152.5,+10.0,-15,half2p5,21_pack,1.457707e-01,15,0,0.631539,0.562103,0.070625,5796,3133,2.905172e-01,1,0,0
R4_bright_info_boundary,bright/robust-easy + info-boundary,primary,152.5,+10.0,0,half2p5,21_pack,1.446893e-01,15,0,0.480172,0.570551,0.070625,5679,2736,3.302040e-01,1,0,0
R4_bright_info_boundary,bright/robust-easy + info-boundary,primary,152.5,+10.0,15,half2p5,21_pack,1.428799e-01,37,22,0.465059,0.582416,0.070625,5810,2663,3.350131e-01,1,0,0
R4_bright_info_boundary,bright/robust-easy + info-boundary,primary,152.5,+10.0,30,half2p5,21_pack,1.405016e-01,15,0,0.437045,0.593059,0.070625,5709,2554,3.434966e-01,1,0,0
R4_bright_info_boundary,bright/robust-easy + info-boundary,primary,152.5,+10.0,45,half2p5,21_pack,1.372351e-01,15,0,0.431681,0.582038,0.070625,5485,2481,3.453825e-01,1,0,0
R4_bright_info_boundary,bright/robust-easy + info-boundary,primary,152.5,+10.0,60,half2p5,21_pack,1.357096e-01,15,0,0.416104,0.562156,0.070625,5117,2421,3.500079e-01,1,0,0
R4_bright_info_boundary,bright/robust-easy + info-boundary,primary,152.5,+12.5,-60,half2p5,21_pack,1.556575e-01,11,0,0.459522,0.564529,0.082084,5723,2644,3.675957e-01,1,0,1
R4_bright_info_boundary,bright/robust-easy + info-boundary,primary,152.5,+12.5,-45,half2p5,21_pack,1.592925e-01,10,-1,0.470629,0.565200,0.082084,5926,2730,3.643297e-01,1,0,1
R4_bright_info_boundary,bright/robust-easy + info-boundary,primary,152.5,+12.5,-30,half2p5,21_pack,1.565043e-01,11,0,0.473752,0.564165,0.082084,5923,2690,3.632754e-01,1,0,0
R4_bright_info_boundary,bright/robust-easy + info-boundary,primary,152.5,+12.5,-15,half2p5,21_pack,1.577131e-01,11,0,0.474354,0.563917,0.082084,5750,2709,3.635135e-01,1,0,0
R4_bright_info_boundary,bright/robust-easy + info-boundary,primary,152.5,+12.5,0,half2p5,21_pack,1.559515e-01,11,0,0.478230,0.572888,0.082084,5741,2687,3.623964e-01,1,0,0
R4_bright_info_boundary,bright/robust-easy + info-boundary,primary,152.5,+12.5,15,half2p5,21_pack,1.533529e-01,31,20,0.461542,0.586117,0.082084,5812,2604,3.677164e-01,1,0,0
R4_bright_info_boundary,bright/robust-easy + info-boundary,primary,152.5,+12.5,30,half2p5,21_pack,1.510987e-01,10,-1,0.433213,0.596580,0.082084,5667,2498,3.776855e-01,1,0,0
R4_bright_info_boundary,bright/robust-easy + info-boundary,primary,152.5,+12.5,45,half2p5,21_pack,1.484757e-01,11,0,0.443610,0.584953,0.082084,5414,2485,3.730705e-01,1,0,0
R4_bright_info_boundary,bright/robust-easy + info-boundary,primary,152.5,+12.5,60,half2p5,21_pack,1.466634e-01,11,0,0.418473,0.564289,0.082084,5028,2398,3.818866e-01,1,0,0
R4_bright_info_boundary,bright/robust-easy + info-boundary,primary,152.5,+15.0,-60,half2p5,21_pack,1.484113e-01,12,0,0.444989,0.689627,0.070382,5792,2604,3.558673e-01,1,0,0
R4_bright_info_boundary,bright/robust-easy + info-boundary,primary,152.5,+15.0,-45,half2p5,21_pack,1.489365e-01,13,1,0.460851,0.689437,0.070382,5956,2650,3.509274e-01,1,0,0
R4_bright_info_boundary,bright/robust-easy + info-boundary,primary,152.5,+15.0,-30,half2p5,21_pack,1.488452e-01,13,1,0.470217,0.679412,0.070382,5917,2669,3.482155e-01,1,0,0
R4_bright_info_boundary,bright/robust-easy + info-boundary,primary,152.5,+15.0,-15,half2p5,21_pack,1.500198e-01,12,0,0.462331,0.679051,0.070382,5697,2673,3.504384e-01,1,0,0
R4_bright_info_boundary,bright/robust-easy + info-boundary,primary,152.5,+15.0,0,half2p5,21_pack,1.476620e-01,12,0,0.469208,0.702939,0.070382,5784,2644,3.487139e-01,1,0,0
R4_bright_info_boundary,bright/robust-easy + info-boundary,primary,152.5,+15.0,15,half2p5,21_pack,1.449261e-01,34,22,0.449168,0.726233,0.070382,5814,2547,3.552872e-01,1,0,0
R4_bright_info_boundary,bright/robust-easy + info-boundary,primary,152.5,+15.0,30,half2p5,21_pack,1.421560e-01,14,2,0.431251,0.724245,0.070382,5640,2462,3.605281e-01,1,0,0
R4_bright_info_boundary,bright/robust-easy + info-boundary,primary,152.5,+15.0,45,half2p5,21_pack,1.397956e-01,14,2,0.421950,0.712817,0.070382,5352,2406,3.627937e-01,1,0,0
R4_bright_info_boundary,bright/robust-easy + info-boundary,primary,152.5,+15.0,60,half2p5,21_pack,1.397712e-01,14,2,0.405410,0.690971,0.070382,4939,2372,3.679297e-01,1,0,0
R4_bright_info_boundary,bright/robust-easy + info-boundary,primary,152.5,+17.5,-60,half2p5,21_pack,1.237346e-01,16,0,0.426291,0.915652,0.093247,5856,2556,3.022681e-01,1,0,0
R4_bright_info_boundary,bright/robust-easy + info-boundary,primary,152.5,+17.5,-45,half2p5,21_pack,1.243031e-01,16,0,0.443000,0.918034,0.093247,5985,2608,2.976024e-01,1,0,0
R4_bright_info_boundary,bright/robust-easy + info-boundary,primary,152.5,+17.5,-30,half2p5,21_pack,1.259792e-01,16,0,0.453019,0.913130,0.093247,5895,2659,2.958301e-01,1,0,0
R4_bright_info_boundary,bright/robust-easy + info-boundary,primary,152.5,+17.5,-15,half2p5,21_pack,1.271763e-01,16,0,0.460686,0.912550,0.093247,5538,2698,2.943244e-01,1,0,0
R4_bright_info_boundary,bright/robust-easy + info-boundary,primary,152.5,+17.5,0,half2p5,21_pack,1.231026e-01,16,0,0.451190,0.953788,0.093247,5836,2596,2.960905e-01,1,0,0
R4_bright_info_boundary,bright/robust-easy + info-boundary,primary,152.5,+17.5,15,half2p5,21_pack,1.207565e-01,41,25,0.429824,0.940425,0.093247,5808,2500,3.016008e-01,1,0,0
R4_bright_info_boundary,bright/robust-easy + info-boundary,primary,152.5,+17.5,30,half2p5,21_pack,1.183226e-01,16,0,0.413863,0.944439,0.093247,5616,2425,3.046617e-01,1,0,0
R4_bright_info_boundary,bright/robust-easy + info-boundary,primary,152.5,+17.5,45,half2p5,21_pack,1.172356e-01,16,0,0.405730,0.935909,0.093247,5282,2387,3.066683e-01,1,0,0
R4_bright_info_boundary,bright/robust-easy + info-boundary,primary,152.5,+17.5,60,half2p5,21_pack,1.158164e-01,16,0,0.389972,0.928209,0.093247,4844,2330,3.103675e-01,1,0,0
R4_bright_info_boundary,bright/robust-easy + info-boundary,primary,152.5,+20.0,-60,half2p5,21_pack,9.069672e-02,24,0,0.404395,1.088876,0.082810,5930,2465,2.297400e-01,1,0,0
R4_bright_info_boundary,bright/robust-easy + info-boundary,primary,152.5,+20.0,-45,half2p5,21_pack,9.295677e-02,24,0,0.421608,1.081103,0.082810,6010,2557,2.269929e-01,1,0,0
R4_bright_info_boundary,bright/robust-easy + info-boundary,primary,152.5,+20.0,-30,half2p5,21_pack,9.412239e-02,24,0,0.431611,1.048818,0.082810,5886,2600,2.260380e-01,1,0,0
R4_bright_info_boundary,bright/robust-easy + info-boundary,primary,152.5,+20.0,-15,half2p5,21_pack,9.441665e-02,24,0,0.544037,1.057855,0.082810,5715,2854,2.065649e-01,1,0,0
R4_bright_info_boundary,bright/robust-easy + info-boundary,primary,152.5,+20.0,0,half2p5,21_pack,9.206339e-02,24,0,0.727007,1.104832,0.082810,5875,3305,1.739312e-01,1,0,0
R4_bright_info_boundary,bright/robust-easy + info-boundary,primary,152.5,+20.0,15,half2p5,21_pack,8.885001e-02,49,25,0.402611,1.106328,0.082810,5804,2447,2.267177e-01,1,0,0
R4_bright_info_boundary,bright/robust-easy + info-boundary,primary,152.5,+20.0,30,half2p5,21_pack,8.821058e-02,24,0,0.389734,1.096526,0.082810,5574,2396,2.298772e-01,1,0,0
R4_bright_info_boundary,bright/robust-easy + info-boundary,primary,152.5,+20.0,45,half2p5,21_pack,8.717624e-02,24,0,0.384676,1.098366,0.082810,5222,2363,2.303543e-01,1,0,0
R4_bright_info_boundary,bright/robust-easy + info-boundary,primary,152.5,+20.0,60,half2p5,21_pack,8.691399e-02,23,-1,0.365620,1.074505,0.082810,4773,2320,2.339180e-01,1,0,0
R4_bright_info_boundary,bright/robust-easy + info-boundary,primary,152.5,+22.5,-60,half2p5,21_pack,6.209753e-02,33,-15,0.398939,1.151419,0.105489,5991,2447,1.584537e-01,1,0,0
R4_bright_info_boundary,bright/robust-easy + info-boundary,primary,152.5,+22.5,-45,half2p5,21_pack,6.472133e-02,33,-15,0.429236,1.143298,0.105489,6017,2531,1.596678e-01,1,0,0
R4_bright_info_boundary,bright/robust-easy + info-boundary,primary,152.5,+22.5,-30,half2p5,21_pack,6.573851e-02,33,-15,0.446446,1.115504,0.105489,5881,2576,1.593441e-01,1,0,0
R4_bright_info_boundary,bright/robust-easy + info-boundary,primary,152.5,+22.5,-15,half2p5,21_pack,6.571105e-02,36,-12,0.577195,1.106698,0.105489,5782,2922,1.404171e-01,1,0,0
R4_bright_info_boundary,bright/robust-easy + info-boundary,primary,152.5,+22.5,0,half2p5,21_pack,6.333954e-02,48,0,0.727210,1.169391,0.105489,5903,3338,1.184815e-01,1,0,0
R4_bright_info_boundary,bright/robust-easy + info-boundary,primary,152.5,+22.5,15,half2p5,21_pack,6.156409e-02,58,10,0.366411,1.169833,0.105489,5795,2429,1.582566e-01,1,0,0
R4_bright_info_boundary,bright/robust-easy + info-boundary,primary,152.5,+22.5,30,half2p5,21_pack,5.960695e-02,33,-15,0.352379,1.151816,0.105489,5538,2329,1.598046e-01,1,0,0
R4_bright_info_boundary,bright/robust-easy + info-boundary,primary,152.5,+22.5,45,half2p5,21_pack,5.969696e-02,33,-15,0.351390,1.143624,0.105489,5145,2327,1.601835e-01,1,0,0
R4_bright_info_boundary,bright/robust-easy + info-boundary,primary,152.5,+22.5,60,half2p5,21_pack,5.915561e-02,33,-15,0.341689,1.126708,0.105489,4670,2295,1.609442e-01,1,0,0
R4_bright_info_boundary,bright/robust-easy + info-boundary,primary,152.5,+25.0,-60,half2p5,21_pack,4.185781e-02,44,-34,0.404069,0.741026,0.124581,6051,2389,1.094012e-01,1,0,0
R4_bright_info_boundary,bright/robust-easy + info-boundary,primary,152.5,+25.0,-45,half2p5,21_pack,4.276570e-02,43,-35,0.405081,0.750881,0.124581,6049,2460,1.085481e-01,1,0,0
R4_bright_info_boundary,bright/robust-easy + info-boundary,primary,152.5,+25.0,-30,half2p5,21_pack,4.461589e-02,43,-35,0.478331,0.721911,0.124581,5849,2517,1.106798e-01,1,0,0
R4_bright_info_boundary,bright/robust-easy + info-boundary,primary,152.5,+25.0,-15,half2p5,21_pack,4.473942e-02,52,-26,0.601037,0.709087,0.124581,5848,2997,9.321066e-02,1,0,0
R4_bright_info_boundary,bright/robust-easy + info-boundary,primary,152.5,+25.0,0,half2p5,21_pack,4.301867e-02,78,0,0.724541,0.771687,0.124581,5927,3370,7.970563e-02,1,0,0
R4_bright_info_boundary,bright/robust-easy + info-boundary,primary,152.5,+25.0,15,half2p5,21_pack,4.035589e-02,68,-10,0.321544,0.759836,0.124581,5778,2356,1.069531e-01,1,0,0
R4_bright_info_boundary,bright/robust-easy + info-boundary,primary,152.5,+25.0,30,half2p5,21_pack,4.014836e-02,57,-21,0.337217,0.729610,0.124581,5507,2300,1.089938e-01,1,0,0
R4_bright_info_boundary,bright/robust-easy + info-boundary,primary,152.5,+25.0,45,half2p5,21_pack,4.018743e-02,43,-35,0.340535,0.733022,0.124581,5079,2284,1.098642e-01,1,0,0
R4_bright_info_boundary,bright/robust-easy + info-boundary,primary,152.5,+25.0,60,half2p5,21_pack,3.951801e-02,43,-35,0.316098,0.725056,0.124581,4595,2258,1.092781e-01,1,0,0
R4_bright_info_boundary,bright/robust-easy + info-boundary,primary,155.0,+10.0,-60,integer5,21_pack,1.074610e-01,21,0,0.439003,0.774528,0.071933,5694,2615,2.565908e-01,1,0,1
R4_bright_info_boundary,bright/robust-easy + info-boundary,primary,155.0,+10.0,-45,integer5,21_pack,1.063569e-01,22,1,0.438295,0.776578,0.071933,5947,2596,2.558133e-01,1,0,0
R4_bright_info_boundary,bright/robust-easy + info-boundary,primary,155.0,+10.0,-30,integer5,21_pack,1.066969e-01,22,1,0.450056,0.775621,0.071933,6024,2635,2.528326e-01,1,0,0
R4_bright_info_boundary,bright/robust-easy + info-boundary,primary,155.0,+10.0,-15,integer5,21_pack,1.064943e-01,22,1,0.639754,0.761093,0.071933,5866,3083,2.156825e-01,1,0,0
R4_bright_info_boundary,bright/robust-easy + info-boundary,primary,155.0,+10.0,0,integer5,01_fullrun,1.074314e-01,21,0,0.459754,0.761883,0.071933,5742,2664,2.518019e-01,1,0,0
R4_bright_info_boundary,bright/robust-easy + info-boundary,primary,155.0,+10.0,15,integer5,21_pack,1.050400e-01,47,26,0.449667,0.782978,0.071933,5884,2584,2.538190e-01,1,0,0
R4_bright_info_boundary,bright/robust-easy + info-boundary,primary,155.0,+10.0,30,integer5,21_pack,1.037268e-01,22,1,0.414341,0.785173,0.071933,5802,2466,2.626393e-01,1,0,0
R4_bright_info_boundary,bright/robust-easy + info-boundary,primary,155.0,+10.0,45,integer5,21_pack,1.006327e-01,22,1,0.407508,0.785912,0.071933,5571,2385,2.634588e-01,1,0,0
R4_bright_info_boundary,bright/robust-easy + info-boundary,primary,155.0,+10.0,60,integer5,21_pack,9.991800e-02,22,1,0.397103,0.768018,0.071933,5200,2352,2.652579e-01,1,0,0
R4_bright_info_boundary,bright/robust-easy + info-boundary,primary,155.0,+12.5,-60,half2p5,21_pack,1.151720e-01,17,0,0.452119,0.777901,0.076486,5772,2602,2.763769e-01,1,0,0
R4_bright_info_boundary,bright/robust-easy + info-boundary,primary,155.0,+12.5,-45,half2p5,21_pack,1.143918e-01,18,1,0.459569,0.779277,0.076486,5986,2607,2.739781e-01,1,0,0
R4_bright_info_boundary,bright/robust-easy + info-boundary,primary,155.0,+12.5,-30,half2p5,21_pack,1.146278e-01,18,1,0.455151,0.777398,0.076486,6005,2600,2.752824e-01,1,0,0
R4_bright_info_boundary,bright/robust-easy + info-boundary,primary,155.0,+12.5,-15,half2p5,21_pack,1.164400e-01,18,1,0.460666,0.762597,0.076486,5841,2648,2.745655e-01,1,0,0
R4_bright_info_boundary,bright/robust-easy + info-boundary,primary,155.0,+12.5,0,half2p5,21_pack,1.160702e-01,17,0,0.466024,0.764147,0.076486,5810,2643,2.742114e-01,1,0,0
R4_bright_info_boundary,bright/robust-easy + info-boundary,primary,155.0,+12.5,15,half2p5,21_pack,1.133716e-01,42,25,0.447055,0.786917,0.076486,5899,2535,2.792468e-01,1,0,0
R4_bright_info_boundary,bright/robust-easy + info-boundary,primary,155.0,+12.5,30,half2p5,21_pack,1.109576e-01,17,0,0.413464,0.789382,0.076486,5768,2419,2.864066e-01,1,0,0
R4_bright_info_boundary,bright/robust-easy + info-boundary,primary,155.0,+12.5,45,half2p5,21_pack,1.090431e-01,18,1,0.410742,0.789653,0.076486,5503,2373,2.869211e-01,1,0,0
R4_bright_info_boundary,bright/robust-easy + info-boundary,primary,155.0,+12.5,60,half2p5,21_pack,1.077897e-01,18,1,0.402898,0.770865,0.076486,5104,2333,2.884859e-01,1,0,0
R4_bright_info_boundary,bright/robust-easy + info-boundary,primary,155.0,+15.0,-60,integer5,21_pack,1.104407e-01,19,0,0.426616,0.889270,0.080930,5839,2546,2.708525e-01,1,0,0
R4_bright_info_boundary,bright/robust-easy + info-boundary,primary,155.0,+15.0,-45,integer5,21_pack,1.099619e-01,20,1,0.456495,0.887400,0.080930,6026,2604,2.636715e-01,1,0,0
R4_bright_info_boundary,bright/robust-easy + info-boundary,primary,155.0,+15.0,-30,integer5,21_pack,1.104672e-01,19,0,0.452031,0.869802,0.080930,6006,2595,2.658018e-01,1,0,0
R4_bright_info_boundary,bright/robust-easy + info-boundary,primary,155.0,+15.0,-15,integer5,21_pack,1.117665e-01,19,0,0.442519,0.847791,0.080930,5782,2598,2.686175e-01,1,0,0
R4_bright_info_boundary,bright/robust-easy + info-boundary,primary,155.0,+15.0,0,integer5,01_fullrun,1.108341e-01,19,0,0.451763,0.866453,0.080930,5865,2588,2.674060e-01,1,0,0
R4_bright_info_boundary,bright/robust-easy + info-boundary,primary,155.0,+15.0,15,integer5,21_pack,1.083106e-01,44,25,0.429867,0.896273,0.080930,5899,2488,2.718207e-01,1,0,0
R4_bright_info_boundary,bright/robust-easy + info-boundary,primary,155.0,+15.0,30,integer5,21_pack,1.050871e-01,19,0,0.408324,0.898727,0.080930,5730,2382,2.754670e-01,1,0,0
R4_bright_info_boundary,bright/robust-easy + info-boundary,primary,155.0,+15.0,45,integer5,21_pack,1.034283e-01,20,1,0.399614,0.900751,0.080930,5441,2329,2.772886e-01,1,0,0
R4_bright_info_boundary,bright/robust-easy + info-boundary,primary,155.0,+15.0,60,integer5,21_pack,1.030142e-01,20,1,0.394091,0.880569,0.080930,5017,2308,2.786912e-01,1,0,0
R4_bright_info_boundary,bright/robust-easy + info-boundary,primary,155.0,+17.5,-60,half2p5,21_pack,9.263451e-02,23,0,0.412944,1.062320,0.092871,5905,2481,2.331353e-01,1,0,0
R4_bright_info_boundary,bright/robust-easy + info-boundary,primary,155.0,+17.5,-45,half2p5,21_pack,9.359873e-02,23,0,0.441398,1.056497,0.092871,6046,2561,2.282035e-01,1,0,0
R4_bright_info_boundary,bright/robust-easy + info-boundary,primary,155.0,+17.5,-30,half2p5,21_pack,9.462669e-02,23,0,0.438452,1.044672,0.092871,5988,2578,2.291884e-01,1,0,0
R4_bright_info_boundary,bright/robust-easy + info-boundary,primary,155.0,+17.5,-15,half2p5,21_pack,9.530789e-02,23,0,0.446178,1.040349,0.092871,5700,2600,2.288851e-01,1,0,0
R4_bright_info_boundary,bright/robust-easy + info-boundary,primary,155.0,+17.5,0,half2p5,21_pack,9.387110e-02,23,0,0.435459,1.073353,0.092871,5895,2541,2.306690e-01,1,0,0
R4_bright_info_boundary,bright/robust-easy + info-boundary,primary,155.0,+17.5,15,half2p5,21_pack,9.069440e-02,48,25,0.420409,1.097028,0.092871,5893,2447,2.314240e-01,1,0,0
R4_bright_info_boundary,bright/robust-easy + info-boundary,primary,155.0,+17.5,30,half2p5,21_pack,8.862825e-02,23,0,0.387019,1.097461,0.092871,5706,2341,2.363919e-01,1,0,0
R4_bright_info_boundary,bright/robust-easy + info-boundary,primary,155.0,+17.5,45,half2p5,21_pack,8.755297e-02,23,0,0.390556,1.087952,0.092871,5376,2320,2.356378e-01,1,0,0
R4_bright_info_boundary,bright/robust-easy + info-boundary,primary,155.0,+17.5,60,half2p5,21_pack,8.680794e-02,24,1,0.378899,1.066777,0.092871,4925,2274,2.383586e-01,1,0,0
R4_bright_info_boundary,bright/robust-easy + info-boundary,primary,155.0,+20.0,-60,integer5,21_pack,7.011379e-02,31,1,0.397006,1.186028,0.110177,5972,2424,1.806062e-01,1,0,0
R4_bright_info_boundary,bright/robust-easy + info-boundary,primary,155.0,+20.0,-45,integer5,21_pack,7.163909e-02,31,1,0.423531,1.197407,0.110177,6092,2502,1.787824e-01,1,0,0
R4_bright_info_boundary,bright/robust-easy + info-boundary,primary,155.0,+20.0,-30,integer5,21_pack,7.355849e-02,30,0,0.440623,1.171568,0.110177,5968,2552,1.799758e-01,1,0,0
R4_bright_info_boundary,bright/robust-easy + info-boundary,primary,155.0,+20.0,-15,integer5,21_pack,7.390038e-02,32,2,0.512031,1.173156,0.110177,5698,2706,1.705222e-01,1,0,0
R4_bright_info_boundary,bright/robust-easy + info-boundary,primary,155.0,+20.0,0,integer5,01_fullrun,7.199395e-02,30,0,0.718475,1.227399,0.110177,5927,3220,1.396053e-01,1,0,0
R4_bright_info_boundary,bright/robust-easy + info-boundary,primary,155.0,+20.0,15,integer5,21_pack,6.846071e-02,56,26,0.385888,1.219323,0.110177,5891,2376,1.799107e-01,1,0,0
R4_bright_info_boundary,bright/robust-easy + info-boundary,primary,155.0,+20.0,30,integer5,21_pack,6.777050e-02,31,1,0.364242,1.214117,0.110177,5682,2323,1.821602e-01,1,0,0
R4_bright_info_boundary,bright/robust-easy + info-boundary,primary,155.0,+20.0,45,integer5,21_pack,6.702209e-02,31,1,0.368744,1.203151,0.110177,5326,2290,1.827445e-01,1,0,0
R4_bright_info_boundary,bright/robust-easy + info-boundary,primary,155.0,+20.0,60,integer5,21_pack,6.618018e-02,31,1,0.358060,1.192992,0.110177,4835,2241,1.843945e-01,1,0,0
R4_bright_info_boundary,bright/robust-easy + info-boundary,primary,155.0,+22.5,-60,half2p5,21_pack,5.001512e-02,35,-30,0.420961,1.196368,0.115601,6030,2390,1.306668e-01,1,0,0
R4_bright_info_boundary,bright/robust-easy + info-boundary,primary,155.0,+22.5,-45,half2p5,21_pack,5.187477e-02,35,-30,0.425814,1.200089,0.115601,6106,2457,1.318296e-01,1,0,0
R4_bright_info_boundary,bright/robust-easy + info-boundary,primary,155.0,+22.5,-30,half2p5,21_pack,5.332473e-02,35,-30,0.473869,1.163436,0.115601,5957,2511,1.326001e-01,1,0,0
R4_bright_info_boundary,bright/robust-easy + info-boundary,primary,155.0,+22.5,-15,half2p5,21_pack,5.288557e-02,42,-23,0.571268,1.153084,0.115601,5787,2779,1.188258e-01,1,0,0
R4_bright_info_boundary,bright/robust-easy + info-boundary,primary,155.0,+22.5,0,half2p5,21_pack,5.136991e-02,65,0,0.725736,1.224495,0.115601,5955,3234,9.918151e-02,1,0,0
R4_bright_info_boundary,bright/robust-easy + info-boundary,primary,155.0,+22.5,15,half2p5,21_pack,4.876035e-02,62,-3,0.344849,1.236559,0.115601,5874,2342,1.299996e-01,1,0,0
R4_bright_info_boundary,bright/robust-easy + info-boundary,primary,155.0,+22.5,30,half2p5,21_pack,4.846672e-02,40,-25,0.364267,1.203101,0.115601,5644,2276,1.329638e-01,1,0,0
R4_bright_info_boundary,bright/robust-easy + info-boundary,primary,155.0,+22.5,45,half2p5,21_pack,4.809738e-02,34,-31,0.341663,1.206167,0.115601,5255,2269,1.323576e-01,1,0,0
R4_bright_info_boundary,bright/robust-easy + info-boundary,primary,155.0,+22.5,60,half2p5,21_pack,4.751503e-02,35,-30,0.325737,1.189716,0.115601,4749,2220,1.336411e-01,1,0,0
R4_bright_info_boundary,bright/robust-easy + info-boundary,primary,155.0,+25.0,-60,integer5,21_pack,3.546337e-02,51,-35,0.461902,0.803637,0.136579,6076,2352,9.414658e-02,1,0,0
R4_bright_info_boundary,bright/robust-easy + info-boundary,primary,155.0,+25.0,-45,integer5,21_pack,3.624655e-02,46,-40,0.458017,0.811720,0.136579,6114,2400,9.430123e-02,1,0,0
R4_bright_info_boundary,bright/robust-easy + info-boundary,primary,155.0,+25.0,-30,integer5,21_pack,3.829762e-02,46,-40,0.543713,0.772094,0.136579,5937,2458,9.728633e-02,1,0,0
R4_bright_info_boundary,bright/robust-easy + info-boundary,primary,155.0,+25.0,-15,integer5,21_pack,3.844699e-02,58,-28,0.624365,0.759441,0.136579,5862,2839,8.455882e-02,1,0,0
R4_bright_info_boundary,bright/robust-easy + info-boundary,primary,155.0,+25.0,0,integer5,01_fullrun,3.697536e-02,86,0,0.717799,0.832058,0.136579,5992,3289,7.019569e-02,1,0,0
R4_bright_info_boundary,bright/robust-easy + info-boundary,primary,155.0,+25.0,15,integer5,21_pack,3.459738e-02,71,-15,0.312039,0.826788,0.136579,5878,2289,9.437551e-02,1,0,0
R4_bright_info_boundary,bright/robust-easy + info-boundary,primary,155.0,+25.0,30,integer5,21_pack,3.416494e-02,65,-21,0.333451,0.804786,0.136579,5607,2239,9.527708e-02,1,0,0
R4_bright_info_boundary,bright/robust-easy + info-boundary,primary,155.0,+25.0,45,integer5,21_pack,3.432034e-02,48,-38,0.334243,0.770533,0.136579,5179,2246,9.541217e-02,1,0,0
R4_bright_info_boundary,bright/robust-easy + info-boundary,primary,155.0,+25.0,60,integer5,21_pack,3.355941e-02,46,-40,0.334681,0.772259,0.136579,4660,2197,9.537755e-02,1,0,0
R4_bright_info_boundary,bright/robust-easy + info-boundary,primary,157.5,+10.0,-60,half2p5,21_pack,7.239977e-02,28,0,0.425265,0.870639,0.079124,5745,2538,1.781179e-01,1,0,0
R4_bright_info_boundary,bright/robust-easy + info-boundary,primary,157.5,+10.0,-45,half2p5,21_pack,7.224938e-02,30,2,0.416706,0.872192,0.079124,6023,2556,1.764961e-01,1,0,0
R4_bright_info_boundary,bright/robust-easy + info-boundary,primary,157.5,+10.0,-30,half2p5,21_pack,7.209867e-02,31,3,0.419876,0.887110,0.079124,6100,2557,1.760591e-01,1,0,0
R4_bright_info_boundary,bright/robust-easy + info-boundary,primary,157.5,+10.0,-15,half2p5,21_pack,7.234225e-02,33,5,0.626223,0.882243,0.079124,5956,3034,1.488807e-01,1,0,0
R4_bright_info_boundary,bright/robust-easy + info-boundary,primary,157.5,+10.0,0,half2p5,21_pack,7.308167e-02,28,0,0.431821,0.876237,0.079124,5791,2580,1.768686e-01,1,0,0
R4_bright_info_boundary,bright/robust-easy + info-boundary,primary,157.5,+10.0,15,half2p5,21_pack,7.246250e-02,53,25,0.424999,0.901145,0.079124,5966,2501,1.809096e-01,1,0,0
R4_bright_info_boundary,bright/robust-easy + info-boundary,primary,157.5,+10.0,30,half2p5,21_pack,6.938376e-02,30,2,0.389790,0.913845,0.079124,5877,2368,1.829524e-01,1,0,0
R4_bright_info_boundary,bright/robust-easy + info-boundary,primary,157.5,+10.0,45,half2p5,21_pack,6.826923e-02,30,2,0.371926,0.910641,0.079124,5653,2314,1.842144e-01,1,0,0
R4_bright_info_boundary,bright/robust-easy + info-boundary,primary,157.5,+10.0,60,half2p5,21_pack,6.745733e-02,30,2,0.371675,0.893697,0.079124,5264,2284,1.844145e-01,1,0,0
R4_bright_info_boundary,bright/robust-easy + info-boundary,primary,157.5,+12.5,-60,half2p5,21_pack,7.776293e-02,25,0,0.429268,0.872514,0.083187,5808,2542,1.910113e-01,1,0,0
R4_bright_info_boundary,bright/robust-easy + info-boundary,primary,157.5,+12.5,-45,half2p5,21_pack,7.703635e-02,26,1,0.432134,0.872936,0.083187,6066,2535,1.897491e-01,1,0,0
R4_bright_info_boundary,bright/robust-easy + info-boundary,primary,157.5,+12.5,-30,half2p5,21_pack,7.797986e-02,26,1,0.423771,0.886060,0.083187,6100,2545,1.913183e-01,1,0,0
R4_bright_info_boundary,bright/robust-easy + info-boundary,primary,157.5,+12.5,-15,half2p5,21_pack,7.784685e-02,26,1,0.438972,0.880845,0.083187,5914,2553,1.903935e-01,1,0,0
R4_bright_info_boundary,bright/robust-easy + info-boundary,primary,157.5,+12.5,0,half2p5,21_pack,7.852142e-02,25,0,0.437785,0.875859,0.083187,5846,2544,1.927227e-01,1,0,0
R4_bright_info_boundary,bright/robust-easy + info-boundary,primary,157.5,+12.5,15,half2p5,21_pack,7.748263e-02,50,25,0.424690,0.904526,0.083187,5990,2463,1.964273e-01,1,0,0
R4_bright_info_boundary,bright/robust-easy + info-boundary,primary,157.5,+12.5,30,half2p5,21_pack,7.411627e-02,25,0,0.396232,0.916761,0.083187,5861,2352,1.967606e-01,1,0,0
R4_bright_info_boundary,bright/robust-easy + info-boundary,primary,157.5,+12.5,45,half2p5,21_pack,7.250250e-02,26,1,0.381512,0.913872,0.083187,5588,2285,1.981202e-01,1,0,0
R4_bright_info_boundary,bright/robust-easy + info-boundary,primary,157.5,+12.5,60,half2p5,21_pack,7.218593e-02,26,1,0.369590,0.895728,0.083187,5176,2253,2.000568e-01,1,0,0
R4_bright_info_boundary,bright/robust-easy + info-boundary,primary,157.5,+15.0,-60,half2p5,21_pack,7.402013e-02,27,0,0.400823,0.954359,0.089101,5870,2455,1.882610e-01,1,0,0
R4_bright_info_boundary,bright/robust-easy + info-boundary,primary,157.5,+15.0,-45,half2p5,21_pack,7.374997e-02,28,1,0.449176,0.950415,0.089101,6097,2540,1.812968e-01,1,0,0
R4_bright_info_boundary,bright/robust-easy + info-boundary,primary,157.5,+15.0,-30,half2p5,21_pack,7.518400e-02,27,0,0.428683,0.951797,0.089101,6077,2531,1.854792e-01,1,0,0
R4_bright_info_boundary,bright/robust-easy + info-boundary,primary,157.5,+15.0,-15,half2p5,21_pack,7.589535e-02,29,2,0.443351,0.928664,0.089101,5868,2535,1.869387e-01,1,0,0
R4_bright_info_boundary,bright/robust-easy + info-boundary,primary,157.5,+15.0,0,half2p5,21_pack,7.573243e-02,27,0,0.434646,0.951635,0.089101,5900,2494,1.896039e-01,1,0,0
R4_bright_info_boundary,bright/robust-easy + info-boundary,primary,157.5,+15.0,15,half2p5,21_pack,7.436044e-02,51,24,0.419829,1.003663,0.089101,5974,2426,1.913873e-01,1,0,0
R4_bright_info_boundary,bright/robust-easy + info-boundary,primary,157.5,+15.0,30,half2p5,21_pack,7.104751e-02,27,0,0.376423,0.999859,0.089101,5825,2301,1.927943e-01,1,0,0
R4_bright_info_boundary,bright/robust-easy + info-boundary,primary,157.5,+15.0,45,half2p5,21_pack,7.055670e-02,27,0,0.376379,0.996789,0.089101,5542,2294,1.920467e-01,1,0,0
R4_bright_info_boundary,bright/robust-easy + info-boundary,primary,157.5,+15.0,60,half2p5,21_pack,6.936220e-02,28,1,0.371751,0.976788,0.089101,5084,2238,1.935195e-01,1,0,0
R4_bright_info_boundary,bright/robust-easy + info-boundary,primary,157.5,+17.5,-60,half2p5,21_pack,6.401741e-02,32,-15,0.386483,1.113344,0.100159,5943,2424,1.649026e-01,1,0,0
R4_bright_info_boundary,bright/robust-easy + info-boundary,primary,157.5,+17.5,-45,half2p5,21_pack,6.537168e-02,32,-15,0.413244,1.105113,0.100159,6122,2516,1.622337e-01,1,0,0
R4_bright_info_boundary,bright/robust-easy + info-boundary,primary,157.5,+17.5,-30,half2p5,21_pack,6.612819e-02,32,-15,0.435469,1.096570,0.100159,6071,2512,1.643724e-01,1,0,0
R4_bright_info_boundary,bright/robust-easy + info-boundary,primary,157.5,+17.5,-15,half2p5,21_pack,6.629729e-02,35,-12,0.443134,1.079506,0.100159,5798,2492,1.661153e-01,1,0,0
R4_bright_info_boundary,bright/robust-easy + info-boundary,primary,157.5,+17.5,0,half2p5,21_pack,6.619719e-02,47,0,0.439347,1.118168,0.100159,5940,2487,1.661980e-01,1,0,0
R4_bright_info_boundary,bright/robust-easy + info-boundary,primary,157.5,+17.5,15,half2p5,21_pack,6.482647e-02,57,10,0.388402,1.169258,0.100159,5976,2391,1.692913e-01,1,0,0
R4_bright_info_boundary,bright/robust-easy + info-boundary,primary,157.5,+17.5,30,half2p5,21_pack,6.170531e-02,32,-15,0.346035,1.161862,0.100159,5792,2272,1.695806e-01,1,0,0
R4_bright_info_boundary,bright/robust-easy + info-boundary,primary,157.5,+17.5,45,half2p5,21_pack,6.079766e-02,32,-15,0.359345,1.142825,0.100159,5468,2262,1.678248e-01,1,0,0
R4_bright_info_boundary,bright/robust-easy + info-boundary,primary,157.5,+17.5,60,half2p5,21_pack,5.989559e-02,32,-15,0.352252,1.122730,0.100159,5015,2203,1.697627e-01,1,0,0
R4_bright_info_boundary,bright/robust-easy + info-boundary,primary,157.5,+20.0,-60,half2p5,21_pack,5.108619e-02,34,-23,0.382982,1.181021,0.148565,6010,2382,1.339133e-01,1,0,0
R4_bright_info_boundary,bright/robust-easy + info-boundary,primary,157.5,+20.0,-45,half2p5,21_pack,5.230727e-02,34,-23,0.423136,1.185976,0.148565,6142,2429,1.344611e-01,1,0,0
R4_bright_info_boundary,bright/robust-easy + info-boundary,primary,157.5,+20.0,-30,half2p5,21_pack,5.378666e-02,34,-23,0.465906,1.144980,0.148565,6045,2504,1.341226e-01,1,0,0
R4_bright_info_boundary,bright/robust-easy + info-boundary,primary,157.5,+20.0,-15,half2p5,21_pack,5.512044e-02,40,-17,0.490128,1.145585,0.148565,5650,2513,1.369563e-01,1,0,0
R4_bright_info_boundary,bright/robust-easy + info-boundary,primary,157.5,+20.0,0,half2p5,21_pack,5.266181e-02,57,0,0.717315,1.204315,0.148565,5982,3116,1.055262e-01,1,0,0
R4_bright_info_boundary,bright/robust-easy + info-boundary,primary,157.5,+20.0,15,half2p5,21_pack,5.079436e-02,60,3,0.375145,1.240662,0.148565,5989,2359,1.344465e-01,1,0,0
R4_bright_info_boundary,bright/robust-easy + info-boundary,primary,157.5,+20.0,30,half2p5,21_pack,4.861887e-02,39,-18,0.329256,1.216456,0.148565,5760,2231,1.360715e-01,1,0,0
R4_bright_info_boundary,bright/robust-easy + info-boundary,primary,157.5,+20.0,45,half2p5,21_pack,4.798077e-02,35,-22,0.341348,1.197684,0.148565,5407,2203,1.359924e-01,1,0,0
R4_bright_info_boundary,bright/robust-easy + info-boundary,primary,157.5,+20.0,60,half2p5,21_pack,4.752901e-02,34,-23,0.318052,1.182250,0.148565,4908,2166,1.370132e-01,1,0,0
R4_bright_info_boundary,bright/robust-easy + info-boundary,primary,157.5,+22.5,-60,half2p5,21_pack,3.862957e-02,48,-36,0.421722,1.114707,0.144832,6062,2336,1.032545e-01,1,0,0
R4_bright_info_boundary,bright/robust-easy + info-boundary,primary,157.5,+22.5,-45,half2p5,21_pack,4.044487e-02,44,-40,0.457661,1.140371,0.144832,6164,2404,1.050488e-01,1,0,0
R4_bright_info_boundary,bright/robust-easy + info-boundary,primary,157.5,+22.5,-30,half2p5,21_pack,4.211464e-02,44,-40,0.527092,1.113753,0.144832,6042,2463,1.067654e-01,1,0,0
R4_bright_info_boundary,bright/robust-easy + info-boundary,primary,157.5,+22.5,-15,half2p5,21_pack,4.140332e-02,55,-29,0.590128,1.085384,0.144832,5799,2648,9.762905e-02,1,0,0
R4_bright_info_boundary,bright/robust-easy + info-boundary,primary,157.5,+22.5,0,half2p5,21_pack,4.042275e-02,84,0,0.737099,1.162686,0.144832,6019,3155,7.999970e-02,1,0,0
R4_bright_info_boundary,bright/robust-easy + info-boundary,primary,157.5,+22.5,15,half2p5,21_pack,3.807520e-02,69,-15,0.335593,1.186017,0.144832,5965,2282,1.041810e-01,1,0,0
R4_bright_info_boundary,bright/robust-easy + info-boundary,primary,157.5,+22.5,30,half2p5,21_pack,3.702044e-02,59,-25,0.311786,1.134429,0.144832,5736,2215,1.043590e-01,1,0,0
R4_bright_info_boundary,bright/robust-easy + info-boundary,primary,157.5,+22.5,45,half2p5,21_pack,3.695343e-02,44,-40,0.358781,1.139817,0.144832,5345,2176,1.060371e-01,1,0,0
R4_bright_info_boundary,bright/robust-easy + info-boundary,primary,157.5,+22.5,60,half2p5,21_pack,3.645778e-02,44,-40,0.315513,1.124427,0.144832,4825,2153,1.057324e-01,1,0,0
R4_bright_info_boundary,bright/robust-easy + info-boundary,primary,157.5,+25.0,-60,half2p5,21_pack,2.960786e-02,59,-37,0.474009,0.744465,0.157998,6107,2311,7.999612e-02,1,0,0
R4_bright_info_boundary,bright/robust-easy + info-boundary,primary,157.5,+25.0,-45,half2p5,21_pack,3.059421e-02,50,-46,0.522998,0.768713,0.157998,6166,2344,8.149738e-02,1,0,0
R4_bright_info_boundary,bright/robust-easy + info-boundary,primary,157.5,+25.0,-30,half2p5,21_pack,3.279168e-02,47,-49,0.609819,0.740362,0.157998,5967,2408,8.502940e-02,1,0,0
R4_bright_info_boundary,bright/robust-easy + info-boundary,primary,157.5,+25.0,-15,half2p5,21_pack,3.261033e-02,65,-31,0.681690,0.709104,0.157998,5855,2743,7.423204e-02,1,0,0
R4_bright_info_boundary,bright/robust-easy + info-boundary,primary,157.5,+25.0,0,half2p5,21_pack,3.118434e-02,96,0,0.729971,0.775187,0.157998,6047,3219,6.048915e-02,1,0,0
R4_bright_info_boundary,bright/robust-easy + info-boundary,primary,157.5,+25.0,15,half2p5,21_pack,2.898736e-02,94,-2,0.866320,0.791874,0.157998,5959,3598,5.030479e-02,1,0,0
R4_bright_info_boundary,bright/robust-easy + info-boundary,primary,157.5,+25.0,30,half2p5,21_pack,2.814576e-02,73,-23,0.287454,0.741389,0.157998,5703,2158,8.143733e-02,1,0,0
R4_bright_info_boundary,bright/robust-easy + info-boundary,primary,157.5,+25.0,45,half2p5,21_pack,2.829203e-02,52,-44,0.312634,0.749023,0.157998,5275,2164,8.163357e-02,1,0,0
R4_bright_info_boundary,bright/robust-easy + info-boundary,primary,157.5,+25.0,60,half2p5,21_pack,2.804716e-02,49,-47,0.332769,0.739680,0.157998,4725,2123,8.248992e-02,1,0,0
R4_bright_info_boundary,bright/robust-easy + info-boundary,primary,160.0,+10.0,-60,integer5,21_pack,4.752043e-02,39,-30,0.398417,0.495519,0.109821,5781,2466,1.203232e-01,1,0,0
R4_bright_info_boundary,bright/robust-easy + info-boundary,primary,160.0,+10.0,-45,integer5,21_pack,4.718063e-02,39,-30,0.387713,0.500775,0.109821,6084,2481,1.187405e-01,1,0,0
R4_bright_info_boundary,bright/robust-easy + info-boundary,primary,160.0,+10.0,-30,integer5,21_pack,4.704852e-02,41,-28,0.380863,0.499573,0.109821,6165,2466,1.191283e-01,1,0,0
R4_bright_info_boundary,bright/robust-easy + info-boundary,primary,160.0,+10.0,-15,integer5,21_pack,4.791652e-02,49,-20,0.609881,0.504912,0.109821,6025,2973,1.006358e-01,1,0,0
R4_bright_info_boundary,bright/robust-easy + info-boundary,primary,160.0,+10.0,0,integer5,01_fullrun,4.871211e-02,69,0,0.445437,0.495198,0.109821,5826,2501,1.216145e-01,1,0,0
R4_bright_info_boundary,bright/robust-easy + info-boundary,primary,160.0,+10.0,15,integer5,21_pack,4.760547e-02,63,-6,0.420659,0.524719,0.109821,6018,2386,1.245800e-01,1,0,0
R4_bright_info_boundary,bright/robust-easy + info-boundary,primary,160.0,+10.0,30,integer5,21_pack,4.624795e-02,47,-22,0.405309,0.554845,0.109821,5955,2301,1.254983e-01,1,0,0
R4_bright_info_boundary,bright/robust-easy + info-boundary,primary,160.0,+10.0,45,integer5,21_pack,4.426420e-02,41,-28,0.332754,0.523661,0.109821,5726,2219,1.245539e-01,1,0,0
R4_bright_info_boundary,bright/robust-easy + info-boundary,primary,160.0,+10.0,60,integer5,21_pack,4.358615e-02,41,-28,0.320168,0.501225,0.109821,5325,2180,1.248400e-01,1,0,0
R4_bright_info_boundary,bright/robust-easy + info-boundary,primary,160.0,+12.5,-60,half2p5,21_pack,4.972160e-02,36,-30,0.375277,0.496681,0.091057,5861,2438,1.273425e-01,1,0,0
R4_bright_info_boundary,bright/robust-easy + info-boundary,primary,160.0,+12.5,-45,half2p5,21_pack,4.987085e-02,36,-30,0.390355,0.500917,0.091057,6108,2471,1.260190e-01,1,0,0
R4_bright_info_boundary,bright/robust-easy + info-boundary,primary,160.0,+12.5,-30,half2p5,21_pack,5.033426e-02,37,-29,0.402782,0.498316,0.091057,6157,2479,1.267795e-01,1,0,0
R4_bright_info_boundary,bright/robust-easy + info-boundary,primary,160.0,+12.5,-15,half2p5,21_pack,5.108307e-02,43,-23,0.419976,0.503037,0.091057,5987,2478,1.287175e-01,1,0,0
R4_bright_info_boundary,bright/robust-easy + info-boundary,primary,160.0,+12.5,0,half2p5,21_pack,5.103548e-02,66,0,0.451118,0.494130,0.091057,5872,2430,1.311378e-01,1,0,0
R4_bright_info_boundary,bright/robust-easy + info-boundary,primary,160.0,+12.5,15,half2p5,21_pack,5.108765e-02,59,-7,0.446668,0.526652,0.091057,6043,2382,1.339171e-01,1,0,0
R4_bright_info_boundary,bright/robust-easy + info-boundary,primary,160.0,+12.5,30,half2p5,21_pack,4.833673e-02,41,-25,0.376686,0.555844,0.091057,5924,2272,1.328406e-01,1,0,0
R4_bright_info_boundary,bright/robust-easy + info-boundary,primary,160.0,+12.5,45,half2p5,21_pack,4.667773e-02,37,-29,0.329726,0.524941,0.091057,5657,2196,1.327209e-01,1,0,0
R4_bright_info_boundary,bright/robust-easy + info-boundary,primary,160.0,+12.5,60,half2p5,21_pack,4.658807e-02,36,-30,0.317315,0.501761,0.091057,5227,2170,1.340531e-01,1,0,0
R4_bright_info_boundary,bright/robust-easy + info-boundary,primary,160.0,+15.0,-60,integer5,21_pack,4.878109e-02,37,-30,0.374863,0.574637,0.131204,5936,2431,1.252935e-01,1,0,0
R4_bright_info_boundary,bright/robust-easy + info-boundary,primary,160.0,+15.0,-45,integer5,21_pack,4.858762e-02,37,-30,0.396465,0.574637,0.131204,6136,2463,1.231752e-01,1,0,0
R4_bright_info_boundary,bright/robust-easy + info-boundary,primary,160.0,+15.0,-30,integer5,21_pack,4.996409e-02,38,-29,0.424757,0.559078,0.131204,6146,2495,1.250401e-01,1,0,0
R4_bright_info_boundary,bright/robust-easy + info-boundary,primary,160.0,+15.0,-15,integer5,21_pack,5.092330e-02,44,-23,0.458769,0.541237,0.131204,5940,2471,1.286784e-01,1,0,0
R4_bright_info_boundary,bright/robust-easy + info-boundary,primary,160.0,+15.0,0,integer5,01_fullrun,5.048418e-02,67,0,0.458215,0.565506,0.131204,5928,2433,1.295612e-01,1,0,0
R4_bright_info_boundary,bright/robust-easy + info-boundary,primary,160.0,+15.0,15,integer5,21_pack,4.962127e-02,61,-6,0.432478,0.623974,0.131204,6051,2370,1.307319e-01,1,0,0
R4_bright_info_boundary,bright/robust-easy + info-boundary,primary,160.0,+15.0,30,integer5,21_pack,4.617631e-02,49,-18,0.332793,0.633237,0.131204,5897,2227,1.294676e-01,1,0,0
R4_bright_info_boundary,bright/robust-easy + info-boundary,primary,160.0,+15.0,45,integer5,21_pack,4.551987e-02,38,-29,0.322154,0.601778,0.131204,5614,2180,1.303787e-01,1,0,0
R4_bright_info_boundary,bright/robust-easy + info-boundary,primary,160.0,+15.0,60,integer5,21_pack,4.458694e-02,39,-28,0.320652,0.577571,0.131204,5144,2131,1.306430e-01,1,0,0
R4_bright_info_boundary,bright/robust-easy + info-boundary,primary,160.0,+17.5,-60,half2p5,21_pack,4.345496e-02,42,-35,0.355557,0.695343,0.132329,5983,2373,1.143414e-01,1,0,0
R4_bright_info_boundary,bright/robust-easy + info-boundary,primary,160.0,+17.5,-45,half2p5,21_pack,4.406976e-02,42,-35,0.388255,0.710157,0.132329,6165,2423,1.135662e-01,1,0,0
R4_bright_info_boundary,bright/robust-easy + info-boundary,primary,160.0,+17.5,-30,half2p5,21_pack,4.542810e-02,42,-35,0.435003,0.695139,0.132329,6131,2450,1.157765e-01,1,0,0
R4_bright_info_boundary,bright/robust-easy + info-boundary,primary,160.0,+17.5,-15,half2p5,21_pack,4.601447e-02,51,-26,0.506493,0.675548,0.132329,5882,2426,1.184310e-01,1,0,0
R4_bright_info_boundary,bright/robust-easy + info-boundary,primary,160.0,+17.5,0,half2p5,21_pack,4.554065e-02,77,0,0.484317,0.714354,0.132329,5974,2396,1.186791e-01,1,0,0
R4_bright_info_boundary,bright/robust-easy + info-boundary,primary,160.0,+17.5,15,half2p5,21_pack,4.405674e-02,67,-10,0.412248,0.775497,0.132329,6056,2328,1.181657e-01,1,0,0
R4_bright_info_boundary,bright/robust-easy + info-boundary,primary,160.0,+17.5,30,half2p5,21_pack,4.137075e-02,52,-25,0.316713,0.772901,0.132329,5873,2196,1.176313e-01,1,0,0
R4_bright_info_boundary,bright/robust-easy + info-boundary,primary,160.0,+17.5,45,half2p5,21_pack,4.085690e-02,42,-35,0.316497,0.737571,0.132329,5561,2156,1.183256e-01,1,0,0
R4_bright_info_boundary,bright/robust-easy + info-boundary,primary,160.0,+17.5,60,half2p5,21_pack,4.026467e-02,42,-35,0.297369,0.732164,0.132329,5076,2127,1.182003e-01,1,0,0
R4_bright_info_boundary,bright/robust-easy + info-boundary,primary,160.0,+20.0,-60,integer5,21_pack,3.692299e-02,50,-35,0.368937,0.786857,0.147743,6052,2343,9.839805e-02,1,0,0
R4_bright_info_boundary,bright/robust-easy + info-boundary,primary,160.0,+20.0,-45,integer5,21_pack,3.784098e-02,45,-40,0.406961,0.793160,0.147743,6179,2387,9.898559e-02,1,0,0
R4_bright_info_boundary,bright/robust-easy + info-boundary,primary,160.0,+20.0,-30,integer5,21_pack,3.908171e-02,45,-40,0.491380,0.741890,0.147743,6114,2423,1.007122e-01,1,0,0
R4_bright_info_boundary,bright/robust-easy + info-boundary,primary,160.0,+20.0,-15,integer5,21_pack,3.963322e-02,57,-28,0.537075,0.742807,0.147743,5800,2419,1.023023e-01,1,0,0
R4_bright_info_boundary,bright/robust-easy + info-boundary,primary,160.0,+20.0,0,integer5,01_fullrun,3.863843e-02,85,0,0.760328,0.799794,0.147743,6014,3024,7.978104e-02,1,0,0
R4_bright_info_boundary,bright/robust-easy + info-boundary,primary,160.0,+20.0,15,integer5,21_pack,3.685769e-02,70,-15,0.404573,0.856116,0.147743,6045,2261,1.017863e-01,1,0,0
R4_bright_info_boundary,bright/robust-easy + info-boundary,primary,160.0,+20.0,30,integer5,21_pack,3.465911e-02,63,-22,0.291362,0.854686,0.147743,5838,2159,1.002367e-01,1,0,0
R4_bright_info_boundary,bright/robust-easy + info-boundary,primary,160.0,+20.0,45,integer5,21_pack,3.479224e-02,47,-38,0.346670,0.799633,0.147743,5489,2146,1.012312e-01,1,0,0
R4_bright_info_boundary,bright/robust-easy + info-boundary,primary,160.0,+20.0,60,integer5,21_pack,3.417330e-02,45,-40,0.319399,0.781534,0.147743,4990,2090,1.020946e-01,1,0,0
R4_bright_info_boundary,bright/robust-easy + info-boundary,primary,160.0,+22.5,-60,half2p5,21_pack,3.020496e-02,57,-35,0.433219,0.748637,0.170892,6088,2296,8.214258e-02,1,0,0
R4_bright_info_boundary,bright/robust-easy + info-boundary,primary,160.0,+22.5,-45,half2p5,21_pack,3.196128e-02,48,-44,0.531145,0.774561,0.170892,6206,2354,8.477731e-02,1,0,0
R4_bright_info_boundary,bright/robust-easy + info-boundary,primary,160.0,+22.5,-30,half2p5,21_pack,3.239169e-02,48,-44,0.554420,0.780750,0.170892,6089,2374,8.519516e-02,1,0,0
R4_bright_info_boundary,bright/robust-easy + info-boundary,primary,160.0,+22.5,-15,half2p5,21_pack,3.367648e-02,63,-29,0.661522,0.748676,0.170892,5765,2497,8.421124e-02,1,0,0
R4_bright_info_boundary,bright/robust-easy + info-boundary,primary,160.0,+22.5,0,half2p5,21_pack,3.178474e-02,92,0,0.781337,0.823499,0.170892,6057,3066,6.473041e-02,1,0,0
R4_bright_info_boundary,bright/robust-easy + info-boundary,primary,160.0,+22.5,15,half2p5,21_pack,2.978297e-02,87,-5,0.359738,0.818785,0.170892,6041,2215,8.395685e-02,1,0,0
R4_bright_info_boundary,bright/robust-easy + info-boundary,primary,160.0,+22.5,30,half2p5,21_pack,2.854892e-02,72,-20,0.306001,0.794923,0.170892,5812,2129,8.372903e-02,1,0,0
R4_bright_info_boundary,bright/robust-easy + info-boundary,primary,160.0,+22.5,45,half2p5,21_pack,2.844791e-02,51,-41,0.316012,0.751555,0.170892,5430,2104,8.442413e-02,1,0,0
R4_bright_info_boundary,bright/robust-easy + info-boundary,primary,160.0,+22.5,60,half2p5,21_pack,2.856225e-02,48,-44,0.434347,0.734346,0.170892,4890,2073,8.603101e-02,1,0,0
R4_bright_info_boundary,bright/robust-easy + info-boundary,primary,160.0,+25.0,-60,integer5,21_pack,2.543347e-02,66,-33,0.503807,0.475408,0.177562,6129,2276,6.977427e-02,1,0,0
R4_bright_info_boundary,bright/robust-easy + info-boundary,primary,160.0,+25.0,-45,integer5,21_pack,2.573015e-02,53,-46,0.570138,0.516082,0.177562,6227,2252,7.134044e-02,1,0,0
R4_bright_info_boundary,bright/robust-easy + info-boundary,primary,160.0,+25.0,-30,integer5,21_pack,2.796825e-02,49,-50,0.695115,0.491762,0.177562,6084,2318,7.533794e-02,1,0,0
R4_bright_info_boundary,bright/robust-easy + info-boundary,primary,160.0,+25.0,-15,integer5,21_pack,2.812844e-02,74,-25,0.745155,0.457118,0.177562,5867,2601,6.752540e-02,1,0,0
R4_bright_info_boundary,bright/robust-easy + info-boundary,primary,160.0,+25.0,0,integer5,01_fullrun,2.682769e-02,99,0,0.750316,0.512014,0.177562,6094,3135,5.343278e-02,1,0,0
R4_bright_info_boundary,bright/robust-easy + info-boundary,primary,160.0,+25.0,15,integer5,21_pack,2.485918e-02,99,0,0.858896,0.535767,0.177562,6028,3519,4.410924e-02,1,0,0
R4_bright_info_boundary,bright/robust-easy + info-boundary,primary,160.0,+25.0,30,integer5,21_pack,2.392281e-02,82,-17,0.316468,0.479004,0.177562,5770,2091,7.143650e-02,1,0,0
R4_bright_info_boundary,bright/robust-easy + info-boundary,primary,160.0,+25.0,45,integer5,21_pack,2.383018e-02,76,-23,0.370748,0.458265,0.177562,5350,2058,7.230091e-02,1,0,0
R4_bright_info_boundary,bright/robust-easy + info-boundary,primary,160.0,+25.0,60,integer5,21_pack,2.358512e-02,53,-46,0.342334,0.456693,0.177562,4816,2031,7.250869e-02,1,0,0
R5_control,neutral-control,control,205.0,-10.0,-60,integer5,21_pack,1.949030e-02,81,-21,0.886697,0.145863,0.415195,5186,3110,3.913092e-02,1,1,0
R5_control,neutral-control,control,205.0,-10.0,-45,integer5,21_pack,1.684063e-02,101,-1,0.639773,0.148969,0.415195,5779,2826,3.720902e-02,1,1,0
R5_control,neutral-control,control,205.0,-10.0,-30,integer5,21_pack,1.702908e-02,106,4,1.132564,0.041218,0.415195,6021,5780,1.839608e-02,1,1,0
R5_control,neutral-control,control,205.0,-10.0,-15,integer5,21_pack,1.754707e-02,102,0,0.649884,0.091021,0.415195,5886,5718,1.916119e-02,1,0,0
R5_control,neutral-control,control,205.0,-10.0,0,integer5,01_fullrun,1.864380e-02,102,0,0.449651,0.178661,0.415195,5420,5295,2.198520e-02,1,0,0
R5_control,neutral-control,control,205.0,-10.0,15,integer5,21_pack,2.095003e-02,102,0,0.830913,0.115217,0.415195,5494,4646,2.815576e-02,1,1,0
R5_control,neutral-control,control,205.0,-10.0,30,integer5,21_pack,2.045548e-02,105,3,1.028487,0.278768,0.415195,5725,4040,3.161479e-02,1,1,0
R5_control,neutral-control,control,205.0,-10.0,45,integer5,21_pack,1.564842e-02,101,-1,0.677828,0.416451,0.415195,5612,3246,3.010120e-02,1,1,0
R5_control,neutral-control,control,205.0,-10.0,60,integer5,21_pack,1.356113e-02,91,-11,1.193243,0.142918,0.415195,5138,4948,1.711308e-02,1,1,0
R5_control,neutral-control,control,205.0,-5.0,-60,integer5,21_pack,1.801810e-02,82,-21,0.737886,0.088150,0.450523,5196,3142,3.580673e-02,1,1,0
R5_control,neutral-control,control,205.0,-5.0,-45,integer5,21_pack,1.649684e-02,105,2,1.270247,0.088976,0.450523,5788,5535,1.860995e-02,1,1,0
R5_control,neutral-control,control,205.0,-5.0,-30,integer5,21_pack,1.677698e-02,107,4,0.898792,0.055878,0.450523,6034,5811,1.802706e-02,1,1,0
R5_control,neutral-control,control,205.0,-5.0,-15,integer5,21_pack,1.744146e-02,103,0,0.562632,0.105277,0.450523,5887,5714,1.905920e-02,1,0,0
R5_control,neutral-control,control,205.0,-5.0,0,integer5,01_fullrun,1.863161e-02,103,0,0.474349,0.181578,0.450523,5439,5313,2.189639e-02,1,0,0
R5_control,neutral-control,control,205.0,-5.0,15,integer5,21_pack,2.088916e-02,103,0,1.057088,0.115545,0.450523,5513,4660,2.798963e-02,1,1,0
R5_control,neutral-control,control,205.0,-5.0,30,integer5,21_pack,1.909425e-02,107,4,0.996545,0.318596,0.450523,5740,4041,2.950365e-02,1,1,0
R5_control,neutral-control,control,205.0,-5.0,45,integer5,21_pack,1.504519e-02,107,4,1.196396,0.380301,0.450523,5618,5454,1.722442e-02,1,1,0
R5_control,neutral-control,control,205.0,-5.0,60,integer5,21_pack,1.310519e-02,99,-4,1.070226,0.137831,0.450523,5122,4937,1.657456e-02,1,1,0
R5_control,neutral-control,control,210.0,-10.0,-60,integer5,21_pack,2.061895e-02,79,-21,0.791076,0.101406,0.440399,5285,3022,4.260240e-02,1,1,0
R5_control,neutral-control,control,210.0,-10.0,-45,integer5,21_pack,1.862897e-02,88,-12,1.378492,0.102694,0.440399,5895,5464,2.128826e-02,1,1,0
R5_control,neutral-control,control,210.0,-10.0,-30,integer5,21_pack,1.888544e-02,105,5,1.057856,0.045007,0.440399,6146,5730,2.057948e-02,1,1,0
R5_control,neutral-control,control,210.0,-10.0,-15,integer5,21_pack,1.948409e-02,101,1,0.591345,0.110945,0.440399,5996,5618,2.165511e-02,1,0,0
R5_control,neutral-control,control,210.0,-10.0,0,integer5,01_fullrun,2.108413e-02,100,0,0.430168,0.189544,0.440399,5522,5200,2.531712e-02,1,0,0
R5_control,neutral-control,control,210.0,-10.0,15,integer5,21_pack,2.353417e-02,101,1,0.730715,0.109885,0.440399,5665,4578,3.209852e-02,1,1,0
R5_control,neutral-control,control,210.0,-10.0,30,integer5,21_pack,2.227096e-02,101,1,0.897765,0.297862,0.440399,5868,3972,3.500995e-02,1,1,0
R5_control,neutral-control,control,210.0,-10.0,45,integer5,21_pack,1.727146e-02,92,-8,1.199917,0.406841,0.440399,5712,5397,1.998198e-02,1,1,0
R5_control,neutral-control,control,210.0,-10.0,60,integer5,21_pack,1.488927e-02,79,-21,0.919894,0.148143,0.440399,5235,4915,1.891524e-02,1,1,0
R5_control,neutral-control,control,210.0,-5.0,-60,integer5,21_pack,1.956841e-02,80,-21,0.826777,0.052675,0.498121,5265,3048,4.008690e-02,1,1,0
R5_control,neutral-control,control,210.0,-5.0,-45,integer5,21_pack,1.856410e-02,90,-11,1.320758,0.052832,0.498121,5883,5442,2.129989e-02,1,1,0
R5_control,neutral-control,control,210.0,-5.0,-30,integer5,21_pack,1.889530e-02,104,3,0.902095,0.049659,0.498121,6128,5783,2.040152e-02,1,1,0
R5_control,neutral-control,control,210.0,-5.0,-15,integer5,21_pack,1.950706e-02,100,-1,0.491642,0.102224,0.498121,5985,5643,2.158459e-02,1,0,0
R5_control,neutral-control,control,210.0,-5.0,0,integer5,01_fullrun,2.091657e-02,101,0,0.439523,0.211361,0.498121,5523,5211,2.506290e-02,1,0,0
R5_control,neutral-control,control,210.0,-5.0,15,integer5,21_pack,2.404943e-02,100,-1,1.059974,0.149706,0.498121,5659,4606,3.260189e-02,1,1,0
R5_control,neutral-control,control,210.0,-5.0,30,integer5,21_pack,2.076911e-02,104,3,0.881585,0.362878,0.498121,5861,3990,3.250177e-02,1,1,0
R5_control,neutral-control,control,210.0,-5.0,45,integer5,21_pack,1.661810e-02,95,-6,1.014078,0.365356,0.498121,5706,5375,1.930478e-02,1,1,0
R5_control,neutral-control,control,210.0,-5.0,60,integer5,21_pack,1.445543e-02,85,-16,0.722030,0.139197,0.498121,5227,4911,1.837905e-02,1,0,0
R1_high_info,high-info,primary,240.0,+30.0,-60,integer5,21_pack,2.396684e-02,71,8,0.510705,0.206937,3.237817,4436,3118,4.799507e-02,1,0,0
R1_high_info,high-info,primary,240.0,+30.0,-45,integer5,21_pack,2.176242e-02,54,-9,0.539585,0.205854,3.237817,5310,4041,3.362639e-02,1,0,0
R1_high_info,high-info,primary,240.0,+30.0,-30,integer5,21_pack,2.342136e-02,65,2,0.419795,0.240666,3.237817,6000,4719,3.099018e-02,1,0,0
R1_high_info,high-info,primary,240.0,+30.0,-15,integer5,21_pack,2.717808e-02,75,12,0.782005,0.864266,3.237817,6378,5127,3.309920e-02,1,1,0
R1_high_info,high-info,primary,240.0,+30.0,0,integer5,01_fullrun,5.175591e-02,63,0,0.829698,2.022036,3.237817,6369,5111,6.322895e-02,1,1,0
R1_high_info,high-info,primary,240.0,+30.0,15,integer5,21_pack,1.596705e-01,30,-33,0.788026,1.890763,3.237817,6111,4346,2.294018e-01,1,0,0
R1_high_info,high-info,primary,240.0,+30.0,30,integer5,21_pack,3.265351e-02,67,4,0.896615,2.207049,3.237817,6022,4691,4.346367e-02,1,1,0
R1_high_info,high-info,primary,240.0,+30.0,45,integer5,21_pack,2.399561e-02,73,10,0.599057,0.591120,3.237817,6217,4961,3.020122e-02,1,1,0
R1_high_info,high-info,primary,240.0,+30.0,60,integer5,21_pack,2.101355e-02,73,10,0.523963,0.170416,3.237817,6108,4912,2.671179e-02,1,0,0
R1_high_info,high-info,primary,240.0,+32.5,-60,half2p5,21_pack,2.351112e-02,73,13,0.477073,0.208735,3.118261,4363,3089,4.752448e-02,1,0,0
R1_high_info,high-info,primary,240.0,+32.5,-45,half2p5,21_pack,2.175059e-02,55,-5,0.526561,0.207262,3.118261,5249,4058,3.346732e-02,1,0,0
R1_high_info,high-info,primary,240.0,+32.5,-30,half2p5,21_pack,2.374889e-02,63,3,0.582021,0.242075,3.118261,5964,4747,3.123820e-02,1,1,0
R1_high_info,high-info,primary,240.0,+32.5,-15,half2p5,21_pack,2.653611e-02,77,17,0.765485,0.868541,3.118261,6376,5147,3.219178e-02,1,1,0
R1_high_info,high-info,primary,240.0,+32.5,0,half2p5,21_pack,5.217276e-02,60,0,0.614726,2.070336,3.118261,6386,4069,8.006045e-02,1,0,0
R1_high_info,high-info,primary,240.0,+32.5,15,half2p5,21_pack,1.511782e-01,33,-27,0.778005,1.931459,3.118261,6122,4375,2.157611e-01,1,0,0
R1_high_info,high-info,primary,240.0,+32.5,30,half2p5,21_pack,3.237972e-02,68,8,0.888242,2.251814,3.118261,5989,4702,4.299842e-02,1,1,0
R1_high_info,high-info,primary,240.0,+32.5,45,half2p5,21_pack,2.386366e-02,75,15,0.667166,0.611195,3.118261,6192,4979,2.992656e-02,1,1,0
R1_high_info,high-info,primary,240.0,+32.5,60,half2p5,21_pack,2.089254e-02,74,14,0.561921,0.190553,3.118261,6124,4969,2.625331e-02,1,0,0
R1_high_info,high-info,primary,240.0,+35.0,-60,integer5,21_pack,2.268044e-02,76,12,0.394098,0.207150,3.013301,4300,3069,4.614414e-02,1,0,0
R1_high_info,high-info,primary,240.0,+35.0,-45,integer5,21_pack,2.148200e-02,58,-6,0.457772,0.205193,3.013301,5176,4036,3.323423e-02,1,0,0
R1_high_info,high-info,primary,240.0,+35.0,-30,integer5,21_pack,2.341769e-02,66,2,0.516700,0.231520,3.013301,5932,4773,3.063477e-02,1,0,0
R1_high_info,high-info,primary,240.0,+35.0,-15,integer5,21_pack,2.591265e-02,81,17,0.705942,0.886298,3.013301,6353,5179,3.124121e-02,1,1,0
R1_high_info,high-info,primary,240.0,+35.0,0,integer5,01_fullrun,5.156162e-02,64,0,0.608730,2.062436,3.013301,6393,4067,7.916154e-02,1,0,0
R1_high_info,high-info,primary,240.0,+35.0,15,integer5,21_pack,1.421673e-01,38,-26,0.761209,1.934116,3.013301,6146,4379,2.027154e-01,1,0,0
R1_high_info,high-info,primary,240.0,+35.0,30,integer5,21_pack,3.188807e-02,69,5,0.883559,2.261486,3.013301,5942,4705,4.231852e-02,1,0,0
R1_high_info,high-info,primary,240.0,+35.0,45,integer5,21_pack,2.398434e-02,74,10,0.729414,0.595383,3.013301,6192,5018,2.984414e-02,1,1,0
R1_high_info,high-info,primary,240.0,+35.0,60,integer5,21_pack,2.044898e-02,77,13,0.483183,0.181637,3.013301,6132,5000,2.553663e-02,1,0,0
R1_high_info,high-info,primary,240.0,+37.5,-60,half2p5,21_pack,2.232102e-02,77,18,0.478701,0.172875,2.837527,4230,3060,4.554646e-02,1,0,0
R1_high_info,high-info,primary,240.0,+37.5,-45,half2p5,21_pack,2.129254e-02,61,2,0.502619,0.170665,2.837527,5123,4002,3.322097e-02,1,1,0
R1_high_info,high-info,primary,240.0,+37.5,-30,half2p5,21_pack,2.291726e-02,77,18,0.542917,0.218787,2.837527,5899,4762,3.004936e-02,1,1,0
R1_high_info,high-info,primary,240.0,+37.5,-15,half2p5,21_pack,2.613330e-02,80,21,0.849663,0.894784,2.837527,6339,5208,3.133179e-02,1,1,0
R1_high_info,high-info,primary,240.0,+37.5,0,half2p5,21_pack,5.217443e-02,59,0,0.613260,2.026122,2.837527,6398,4120,7.907194e-02,1,0,0
R1_high_info,high-info,primary,240.0,+37.5,15,half2p5,21_pack,1.312232e-01,39,-20,0.754856,1.903714,2.837527,6142,4379,1.871103e-01,1,0,0
R1_high_info,high-info,primary,240.0,+37.5,30,half2p5,21_pack,3.092154e-02,70,11,0.849149,2.240082,2.837527,5919,4710,4.099229e-02,1,0,0
R1_high_info,high-info,primary,240.0,+37.5,45,half2p5,21_pack,2.350851e-02,77,18,0.647022,0.581901,2.837527,6179,5042,2.911282e-02,1,1,0
R1_high_info,high-info,primary,240.0,+37.5,60,half2p5,21_pack,2.054732e-02,75,16,0.597290,0.192052,2.837527,6145,5067,2.532015e-02,1,1,0
R1_high_info,high-info,primary,240.0,+40.0,-60,integer5,21_pack,2.141155e-02,78,16,0.434559,0.148031,2.705630,4140,3005,4.449032e-02,1,0,0
R1_high_info,high-info,primary,240.0,+40.0,-45,integer5,21_pack,2.102151e-02,70,8,0.531853,0.145987,2.705630,5071,3985,3.293802e-02,1,1,0
R1_high_info,high-info,primary,240.0,+40.0,-30,integer5,21_pack,2.281721e-02,83,21,0.573974,0.219702,2.705630,5862,4784,2.978059e-02,1,1,0
R1_high_info,high-info,primary,240.0,+40.0,-15,integer5,21_pack,2.562674e-02,87,25,0.831208,0.895283,2.705630,6310,5219,3.065971e-02,1,1,0
R1_high_info,high-info,primary,240.0,+40.0,0,integer5,01_fullrun,5.197208e-02,62,0,0.600168,2.019049,2.705630,6393,4096,7.922679e-02,1,0,0
R1_high_info,high-info,primary,240.0,+40.0,15,integer5,21_pack,1.219748e-01,40,-22,0.739551,1.899216,2.705630,6133,4369,1.743211e-01,1,0,0
R1_high_info,high-info,primary,240.0,+40.0,30,integer5,21_pack,3.042901e-02,71,9,0.791140,2.245038,2.705630,5866,4710,4.033935e-02,1,0,0
R1_high_info,high-info,primary,240.0,+40.0,45,integer5,21_pack,2.329412e-02,78,16,0.657120,0.548815,2.705630,6159,5063,2.872766e-02,1,1,0
R1_high_info,high-info,primary,240.0,+40.0,60,integer5,21_pack,2.015295e-02,78,16,0.630920,0.191325,2.705630,6141,5101,2.466865e-02,1,0,0
R1_high_info,high-info,primary,242.5,+30.0,-60,half2p5,21_pack,2.622085e-02,64,-8,0.465208,0.353063,3.686845,4355,2946,5.557455e-02,1,0,0
R1_high_info,high-info,primary,242.5,+30.0,-45,half2p5,21_pack,2.169048e-02,56,-16,0.654373,0.355679,3.686845,5236,3873,3.496903e-02,1,1,0
R1_high_info,high-info,primary,242.5,+30.0,-30,half2p5,21_pack,2.394654e-02,61,-11,0.651751,0.249035,3.686845,5926,4604,3.247651e-02,1,1,0
R1_high_info,high-info,primary,242.5,+30.0,-15,half2p5,21_pack,2.655038e-02,76,4,0.748855,0.907050,3.686845,6349,5010,3.308986e-02,1,1,0
R1_high_info,high-info,primary,242.5,+30.0,0,half2p5,21_pack,4.732182e-02,72,0,0.834266,2.122040,3.686845,6402,5035,5.868457e-02,1,1,0
R1_high_info,high-info,primary,242.5,+30.0,15,half2p5,21_pack,1.947152e-01,11,-61,0.812515,1.967724,3.686845,6150,4255,2.857343e-01,1,0,0
R1_high_info,high-info,primary,242.5,+30.0,30,half2p5,21_pack,3.662708e-02,60,-12,0.928133,2.247421,3.686845,5988,4564,5.010933e-02,1,0,0
R1_high_info,high-info,primary,242.5,+30.0,45,half2p5,21_pack,2.476372e-02,68,-4,0.708850,0.724803,3.686845,6211,4862,3.180262e-02,1,1,0
R1_high_info,high-info,primary,242.5,+30.0,60,half2p5,21_pack,2.135518e-02,68,-4,0.557135,0.204092,3.686845,6129,4848,2.750442e-02,1,0,0
R1_high_info,high-info,primary,242.5,+32.5,-60,half2p5,21_pack,2.576897e-02,65,-8,0.518828,0.361079,3.630242,4281,2887,5.573296e-02,1,0,0
R1_high_info,high-info,primary,242.5,+32.5,-45,half2p5,21_pack,2.140753e-02,60,-13,0.564598,0.362960,3.630242,5157,3854,3.468301e-02,1,1,0
R1_high_info,high-info,primary,242.5,+32.5,-30,half2p5,21_pack,2.339067e-02,67,-6,0.612120,0.254995,3.630242,5880,4596,3.177786e-02,1,1,0
R1_high_info,high-info,primary,242.5,+32.5,-15,half2p5,21_pack,2.634592e-02,78,5,0.767929,0.910622,3.630242,6340,5030,3.270448e-02,1,1,0
R1_high_info,high-info,primary,242.5,+32.5,0,half2p5,21_pack,4.725992e-02,73,0,0.889888,2.152437,3.630242,6413,5101,5.784949e-02,1,1,0
R1_high_info,high-info,primary,242.5,+32.5,15,half2p5,21_pack,1.885217e-01,14,-59,0.809861,1.998160,3.630242,6169,4293,2.741967e-01,1,0,0
R1_high_info,high-info,primary,242.5,+32.5,30,half2p5,21_pack,3.602951e-02,61,-12,0.912652,2.278114,3.630242,5956,4568,4.924863e-02,1,0,0
R1_high_info,high-info,primary,242.5,+32.5,45,half2p5,21_pack,2.454295e-02,69,-4,0.746209,0.744059,3.630242,6195,4871,3.146086e-02,1,1,0
R1_high_info,high-info,primary,242.5,+32.5,60,half2p5,21_pack,2.130126e-02,69,-4,0.604031,0.224043,3.630242,6141,4900,2.714383e-02,1,1,0
R1_high_info,high-info,primary,242.5,+35.0,-60,half2p5,21_pack,2.486030e-02,68,-6,0.404983,0.354432,3.533268,4202,2870,5.408619e-02,1,0,0
R1_high_info,high-info,primary,242.5,+35.0,-45,half2p5,21_pack,2.161271e-02,57,-17,0.586055,0.355620,3.533268,5095,3871,3.486166e-02,1,1,0
R1_high_info,high-info,primary,242.5,+35.0,-30,half2p5,21_pack,2.338046e-02,68,-6,0.717212,0.232727,3.533268,5850,4612,3.165378e-02,1,1,0
R1_high_info,high-info,primary,242.5,+35.0,-15,half2p5,21_pack,2.554747e-02,88,14,0.678335,0.918880,3.533268,6325,5079,3.140737e-02,1,1,0
R1_high_info,high-info,primary,242.5,+35.0,0,half2p5,21_pack,4.725503e-02,74,0,0.612506,2.205292,3.533268,6414,3972,7.428493e-02,1,0,0
R1_high_info,high-info,primary,242.5,+35.0,15,half2p5,21_pack,1.791348e-01,21,-53,0.810231,2.054585,3.533268,6180,4306,2.597574e-01,1,0,0
R1_high_info,high-info,primary,242.5,+35.0,30,half2p5,21_pack,3.515558e-02,62,-12,0.866339,2.341773,3.533268,5921,4591,4.781332e-02,1,0,0
R1_high_info,high-info,primary,242.5,+35.0,45,half2p5,21_pack,2.444020e-02,70,-4,0.701395,0.748443,3.533268,6188,4925,3.098563e-02,1,1,0
R1_high_info,high-info,primary,242.5,+35.0,60,half2p5,21_pack,2.111759e-02,72,-2,0.621756,0.214848,3.533268,6167,4962,2.657355e-02,1,1,0
R1_high_info,high-info,primary,242.5,+37.5,-60,half2p5,21_pack,2.427509e-02,69,-1,0.420866,0.334775,3.503160,4154,2862,5.296063e-02,1,0,0
R1_high_info,high-info,primary,242.5,+37.5,-45,half2p5,21_pack,2.107295e-02,68,-2,0.547288,0.334987,3.503160,5029,3847,3.420308e-02,1,1,0
R1_high_info,high-info,primary,242.5,+37.5,-30,half2p5,21_pack,2.305418e-02,74,4,0.564403,0.229087,3.503160,5824,4624,3.113106e-02,1,1,0
R1_high_info,high-info,primary,242.5,+37.5,-15,half2p5,21_pack,2.574044e-02,82,12,0.704249,0.940267,3.503160,6303,5105,3.148343e-02,1,0,0
R1_high_info,high-info,primary,242.5,+37.5,0,half2p5,21_pack,4.764066e-02,70,0,0.589728,2.262753,3.503160,6413,4013,7.412599e-02,1,0,0
R1_high_info,high-info,primary,242.5,+37.5,15,half2p5,21_pack,1.758585e-01,22,-48,0.789651,2.111072,3.503160,6193,4381,2.506410e-01,1,0,0
R1_high_info,high-info,primary,242.5,+37.5,30,half2p5,21_pack,3.419544e-02,64,-6,0.869663,2.412124,3.503160,5878,4552,4.690594e-02,1,0,0
R1_high_info,high-info,primary,242.5,+37.5,45,half2p5,21_pack,2.440728e-02,71,1,0.743841,0.767392,3.503160,6168,4938,3.086244e-02,1,1,0
R1_high_info,high-info,primary,242.5,+37.5,60,half2p5,21_pack,2.141638e-02,67,-3,0.785816,0.225770,3.503160,6170,5010,2.669134e-02,1,1,0
R1_high_info,high-info,primary,242.5,+40.0,-60,half2p5,21_pack,2.339002e-02,74,-2,0.363847,0.337135,3.351376,4074,2838,5.146123e-02,1,0,0
R1_high_info,high-info,primary,242.5,+40.0,-45,half2p5,21_pack,2.104740e-02,69,-7,0.603362,0.337335,3.351376,4964,3824,3.436707e-02,1,1,0
R1_high_info,high-info,primary,242.5,+40.0,-30,half2p5,21_pack,2.282163e-02,81,5,0.612434,0.230115,3.351376,5791,4647,3.066450e-02,1,1,0
R1_high_info,high-info,primary,242.5,+40.0,-15,half2p5,21_pack,2.565876e-02,85,9,0.838032,0.941391,3.351376,6267,5133,3.121234e-02,1,1,0
R1_high_info,high-info,primary,242.5,+40.0,0,half2p5,21_pack,4.693503e-02,76,0,0.605801,2.228960,3.351376,6410,3959,7.402417e-02,1,0,0
R1_high_info,high-info,primary,242.5,+40.0,15,half2p5,21_pack,1.619483e-01,29,-47,0.788366,2.079116,3.351376,6197,4329,2.335881e-01,1,0,0
R1_high_info,high-info,primary,242.5,+40.0,30,half2p5,21_pack,3.360842e-02,66,-10,0.847836,2.384657,3.351376,5832,4579,4.582890e-02,1,0,0
R1_high_info,high-info,primary,242.5,+40.0,45,half2p5,21_pack,2.410611e-02,72,-4,0.762170,0.763304,3.351376,6150,4967,3.030364e-02,1,1,0
R1_high_info,high-info,primary,242.5,+40.0,60,half2p5,21_pack,2.045621e-02,76,0,0.529348,0.223941,3.351376,6163,5051,2.528773e-02,1,0,0
R1_high_info,high-info,primary,245.0,+30.0,-60,integer5,21_pack,2.971689e-02,58,-23,0.414495,0.525575,3.838430,4289,2775,6.686554e-02,1,0,0
R1_high_info,high-info,primary,245.0,+30.0,-45,integer5,21_pack,2.143604e-02,59,-22,0.541107,0.542464,3.838430,5142,3717,3.600924e-02,1,1,0
R1_high_info,high-info,primary,245.0,+30.0,-30,integer5,21_pack,2.327988e-02,70,-11,0.638126,0.230946,3.838430,5848,4401,3.302869e-02,1,1,0
R1_high_info,high-info,primary,245.0,+30.0,-15,integer5,21_pack,2.625556e-02,79,-2,0.818165,0.812504,3.838430,6319,4889,3.353228e-02,1,1,0
R1_high_info,high-info,primary,245.0,+30.0,0,integer5,01_fullrun,4.084094e-02,81,0,0.795854,2.055619,3.838430,6401,4936,5.166334e-02,1,1,0
R1_high_info,high-info,primary,245.0,+30.0,15,integer5,21_pack,2.083770e-01,1,-80,0.828622,1.834296,3.838430,6179,4165,3.123897e-01,1,0,1
R1_high_info,high-info,primary,245.0,+30.0,30,integer5,21_pack,4.084572e-02,53,-28,0.837554,2.067605,3.838430,5941,4416,5.775365e-02,1,0,0
R1_high_info,high-info,primary,245.0,+30.0,45,integer5,21_pack,2.559017e-02,63,-18,0.827762,0.874677,3.838430,6202,4759,3.357526e-02,1,1,0
R1_high_info,high-info,primary,245.0,+30.0,60,integer5,21_pack,2.197992e-02,57,-24,0.741620,0.206289,3.838430,6155,4781,2.870577e-02,1,1,0
R1_high_info,high-info,primary,245.0,+32.5,-60,half2p5,21_pack,2.937607e-02,60,-20,0.433975,0.528097,3.854539,4197,2726,6.728679e-02,1,0,0
R1_high_info,high-info,primary,245.0,+32.5,-45,half2p5,21_pack,2.124763e-02,62,-18,0.477155,0.544571,3.854539,5070,3707,3.578902e-02,1,1,0
R1_high_info,high-info,primary,245.0,+32.5,-30,half2p5,21_pack,2.296475e-02,76,-4,0.587753,0.231707,3.854539,5795,4432,3.235369e-02,1,0,0
R1_high_info,high-info,primary,245.0,+32.5,-15,half2p5,21_pack,2.573534e-02,83,3,0.706568,0.814429,3.854539,6309,4939,3.253515e-02,1,1,0
R1_high_info,high-info,primary,245.0,+32.5,0,half2p5,21_pack,4.091531e-02,80,0,0.826197,2.068794,3.854539,6417,5009,5.100312e-02,1,1,0
R1_high_info,high-info,primary,245.0,+32.5,15,half2p5,21_pack,2.079097e-01,2,-78,0.826617,1.847867,3.854539,6204,4196,3.093864e-01,1,0,1
R1_high_info,high-info,primary,245.0,+32.5,30,half2p5,21_pack,4.078239e-02,54,-26,0.834693,2.080232,3.854539,5908,4414,5.769023e-02,1,0,0
R1_high_info,high-info,primary,245.0,+32.5,45,half2p5,21_pack,2.535419e-02,64,-16,0.836339,0.908156,3.854539,6186,4778,3.313337e-02,1,1,0
R1_high_info,high-info,primary,245.0,+32.5,60,half2p5,21_pack,2.155372e-02,64,-16,0.481882,0.214650,3.854539,6176,4872,2.762339e-02,1,0,0
R1_high_info,high-info,primary,245.0,+35.0,-60,integer5,21_pack,2.814579e-02,62,-21,0.410034,0.547641,3.852806,4104,2637,6.664464e-02,1,0,0
R1_high_info,high-info,primary,245.0,+35.0,-45,integer5,21_pack,2.113580e-02,66,-17,0.513949,0.564597,3.852806,4990,3678,3.588136e-02,1,0,0
R1_high_info,high-info,primary,245.0,+35.0,-30,integer5,21_pack,2.301145e-02,75,-8,0.650871,0.240962,3.852806,5764,4460,3.221596e-02,1,1,0
R1_high_info,high-info,primary,245.0,+35.0,-15,integer5,21_pack,2.563502e-02,86,3,0.817517,0.840865,3.852806,6282,4942,3.238866e-02,1,1,0
R1_high_info,high-info,primary,245.0,+35.0,0,integer5,01_fullrun,4.067748e-02,83,0,0.860042,2.083502,3.852806,6432,5099,4.981165e-02,1,1,0
R1_high_info,high-info,primary,245.0,+35.0,15,integer5,21_pack,2.062671e-01,3,-80,0.821263,1.868830,3.852806,6214,4230,3.044750e-01,1,0,1
R1_high_info,high-info,primary,245.0,+35.0,30,integer5,21_pack,4.073119e-02,55,-28,0.837781,2.094600,3.852806,5866,4429,5.742267e-02,1,0,0
R1_high_info,high-info,primary,245.0,+35.0,45,integer5,21_pack,2.526614e-02,65,-18,0.824598,0.912420,3.852806,6168,4808,3.281228e-02,1,1,0
R1_high_info,high-info,primary,245.0,+35.0,60,integer5,21_pack,2.158939e-02,63,-20,0.649114,0.212762,3.852806,6188,4905,2.748295e-02,1,1,0
R1_high_info,high-info,primary,245.0,+37.5,-60,half2p5,21_pack,2.850564e-02,61,-21,0.323825,0.568647,3.787655,4059,2669,6.668745e-02,1,0,0
R1_high_info,high-info,primary,245.0,+37.5,-45,half2p5,21_pack,2.123135e-02,64,-18,0.677412,0.584875,3.787655,4926,3652,3.630017e-02,1,1,0
R1_high_info,high-info,primary,245.0,+37.5,-30,half2p5,21_pack,2.284107e-02,80,-2,0.686637,0.235197,3.787655,5732,4470,3.190589e-02,1,1,0
R1_high_info,high-info,primary,245.0,+37.5,-15,half2p5,21_pack,2.526669e-02,89,7,0.746087,0.850947,3.787655,6254,4980,3.167969e-02,1,1,0
R1_high_info,high-info,primary,245.0,+37.5,0,half2p5,21_pack,4.068319e-02,82,0,0.564824,2.105138,3.787655,6429,3824,6.642922e-02,1,0,0
R1_high_info,high-info,primary,245.0,+37.5,15,half2p5,21_pack,2.006948e-01,8,-74,0.824715,1.891382,3.787655,6231,4264,2.938873e-01,1,0,0
R1_high_info,high-info,primary,245.0,+37.5,30,half2p5,21_pack,4.048250e-02,56,-26,0.860250,2.119804,3.787655,5753,4380,5.771054e-02,1,0,0
R1_high_info,high-info,primary,245.0,+37.5,45,half2p5,21_pack,2.520681e-02,66,-16,0.811093,0.943123,3.787655,6159,4840,3.251880e-02,1,1,0
R1_high_info,high-info,primary,245.0,+37.5,60,half2p5,21_pack,2.151826e-02,65,-17,0.707651,0.233571,3.787655,6192,4968,2.704504e-02,1,1,0
R1_high_info,high-info,primary,245.0,+40.0,-60,integer5,21_pack,2.766417e-02,63,-16,0.374032,0.546800,3.736401,4070,2643,6.535554e-02,1,0,0
R1_high_info,high-info,primary,245.0,+40.0,-45,integer5,21_pack,2.080660e-02,71,-8,0.701569,0.562193,3.736401,4836,3623,3.585872e-02,1,1,0
R1_high_info,high-info,primary,245.0,+40.0,-30,integer5,21_pack,2.232442e-02,86,7,0.586355,0.236420,3.736401,5685,4469,3.119118e-02,1,1,0
R1_high_info,high-info,primary,245.0,+40.0,-15,integer5,21_pack,2.499013e-02,93,14,0.804629,0.853569,3.736401,6218,4997,3.122635e-02,1,1,0
R1_high_info,high-info,primary,245.0,+40.0,0,integer5,01_fullrun,4.115382e-02,79,0,0.576395,2.114184,3.736401,6422,3867,6.645044e-02,1,0,0
R1_high_info,high-info,primary,245.0,+40.0,15,integer5,21_pack,1.932308e-01,12,-67,0.823344,1.900051,3.736401,6252,4276,2.821633e-01,1,0,0
R1_high_info,high-info,primary,245.0,+40.0,30,integer5,21_pack,3.895386e-02,58,-21,0.800752,2.130749,3.736401,5823,4392,5.537964e-02,1,0,0
R1_high_info,high-info,primary,245.0,+40.0,45,integer5,21_pack,2.502135e-02,67,-12,0.830709,0.931022,3.736401,6148,4880,3.201495e-02,1,1,0
R1_high_info,high-info,primary,245.0,+40.0,60,integer5,21_pack,2.117897e-02,70,-9,0.634071,0.234292,3.736401,6199,5005,2.642181e-02,1,1,0
R1_high_info,high-info,primary,247.5,+30.0,-60,half2p5,21_pack,3.347139e-02,55,-34,0.399447,0.664227,3.692265,4231,2589,8.072418e-02,1,0,0
R1_high_info,high-info,primary,247.5,+30.0,-45,half2p5,21_pack,2.123439e-02,63,-26,0.520268,0.705413,3.692265,5046,3532,3.753885e-02,1,0,0
R1_high_info,high-info,primary,247.5,+30.0,-30,half2p5,21_pack,2.288131e-02,78,-11,0.609584,0.249445,3.692265,5788,4261,3.352983e-02,1,1,0
R1_high_info,high-info,primary,247.5,+30.0,-15,half2p5,21_pack,2.567863e-02,84,-5,0.753932,0.673556,3.692265,6278,4778,3.355735e-02,1,1,0
R1_high_info,high-info,primary,247.5,+30.0,0,half2p5,21_pack,3.558360e-02,89,0,0.759594,2.168185,3.692265,6394,4868,4.564165e-02,1,1,0
R1_high_info,high-info,primary,247.5,+30.0,15,half2p5,21_pack,1.982623e-01,9,-80,0.820739,1.925908,3.692265,6192,4055,3.052890e-01,1,0,1
R1_high_info,high-info,primary,247.5,+30.0,30,half2p5,21_pack,4.623972e-02,48,-41,0.722521,2.068192,3.692265,5880,4298,6.717546e-02,1,0,0
R1_high_info,high-info,primary,247.5,+30.0,45,half2p5,21_pack,2.615716e-02,58,-31,0.823922,1.024794,3.692265,6171,4649,3.513121e-02,1,1,0
R1_high_info,high-info,primary,247.5,+30.0,60,half2p5,21_pack,2.200202e-02,56,-33,0.562467,0.204101,3.692265,6164,4740,2.898318e-02,1,0,0
R1_high_info,high-info,primary,247.5,+32.5,-60,half2p5,21_pack,3.457825e-02,52,-36,0.310345,0.693559,3.736347,4145,2562,8.427247e-02,1,0,0
R1_high_info,high-info,primary,247.5,+32.5,-45,half2p5,21_pack,2.112051e-02,67,-21,0.503241,0.736891,3.736347,4967,3527,3.739047e-02,1,0,0
R1_high_info,high-info,primary,247.5,+32.5,-30,half2p5,21_pack,2.282107e-02,82,-6,0.682088,0.250062,3.736347,5716,4282,3.327754e-02,1,1,0
R1_high_info,high-info,primary,247.5,+32.5,-15,half2p5,21_pack,2.521821e-02,90,2,0.755131,0.677384,3.736347,6253,4788,3.288684e-02,1,1,0
R1_high_info,high-info,primary,247.5,+32.5,0,half2p5,21_pack,3.579356e-02,88,0,0.837556,2.161998,3.736347,6410,4936,4.527847e-02,1,1,0
R1_high_info,high-info,primary,247.5,+32.5,15,half2p5,21_pack,2.025427e-01,6,-82,0.827497,1.914727,3.736347,6233,4094,3.089090e-01,1,0,1
R1_high_info,high-info,primary,247.5,+32.5,30,half2p5,21_pack,4.705830e-02,46,-42,0.715336,2.055562,3.736347,5786,4226,6.952943e-02,1,0,0
R1_high_info,high-info,primary,247.5,+32.5,45,half2p5,21_pack,2.608962e-02,59,-29,0.877803,1.073150,3.736347,6161,4660,3.495778e-02,1,1,0
R1_high_info,high-info,primary,247.5,+32.5,60,half2p5,21_pack,2.178197e-02,61,-27,0.556533,0.204532,3.736347,6171,4767,2.853080e-02,1,0,0
R1_high_info,high-info,primary,247.5,+35.0,-60,half2p5,21_pack,3.445631e-02,53,-34,0.265007,0.759543,3.725903,4116,2528,8.510473e-02,1,0,0
R1_high_info,high-info,primary,247.5,+35.0,-45,half2p5,21_pack,2.122206e-02,65,-22,0.649152,0.808845,3.725903,4900,3485,3.802302e-02,1,1,0
R1_high_info,high-info,primary,247.5,+35.0,-30,half2p5,21_pack,2.286045e-02,79,-8,0.753365,0.238087,3.725903,5679,4290,3.327280e-02,1,1,0
R1_high_info,high-info,primary,247.5,+35.0,-15,half2p5,21_pack,2.511229e-02,91,4,0.712785,0.685514,3.725903,6221,4795,3.270090e-02,1,1,0
R1_high_info,high-info,primary,247.5,+35.0,0,half2p5,21_pack,3.598768e-02,87,0,0.870538,2.140600,3.725903,6408,4987,4.505847e-02,1,1,0
R1_high_info,high-info,primary,247.5,+35.0,15,half2p5,21_pack,2.023581e-01,7,-80,0.841493,1.894059,3.725903,6233,4110,3.074261e-01,1,0,1
R1_high_info,high-info,primary,247.5,+35.0,30,half2p5,21_pack,4.782060e-02,42,-45,0.699608,2.028318,3.725903,5756,4239,7.043907e-02,1,0,0
R1_high_info,high-info,primary,247.5,+35.0,45,half2p5,21_pack,2.579251e-02,62,-25,0.742634,1.128321,3.725903,6159,4727,3.406982e-02,1,1,0
R1_high_info,high-info,primary,247.5,+35.0,60,half2p5,21_pack,2.192804e-02,58,-29,0.780232,0.219495,3.725903,6190,4806,2.848905e-02,1,1,0
R1_high_info,high-info,primary,247.5,+37.5,-60,half2p5,21_pack,3.380898e-02,54,-37,0.322498,0.802603,3.803542,4127,2481,8.508779e-02,1,0,0
R1_high_info,high-info,primary,247.5,+37.5,-45,half2p5,21_pack,2.074806e-02,72,-19,0.610460,0.856329,3.803542,4818,3484,3.718445e-02,1,1,0
R1_high_info,high-info,primary,247.5,+37.5,-30,half2p5,21_pack,2.248451e-02,84,-7,0.644151,0.239896,3.803542,5618,4322,3.248333e-02,1,1,0
R1_high_info,high-info,primary,247.5,+37.5,-15,half2p5,21_pack,2.503696e-02,92,1,0.814503,0.710855,3.803542,6200,4848,3.224638e-02,1,1,0
R1_high_info,high-info,primary,247.5,+37.5,0,half2p5,21_pack,3.509893e-02,91,0,0.911255,2.121755,3.803542,6416,5069,4.323480e-02,1,1,0
R1_high_info,high-info,primary,247.5,+37.5,15,half2p5,21_pack,2.056014e-01,4,-87,0.831168,1.873252,3.803542,6282,4146,3.096412e-01,1,0,1
R1_high_info,high-info,primary,247.5,+37.5,30,half2p5,21_pack,4.728792e-02,45,-46,0.701937,2.008012,3.803542,5908,4253,6.942514e-02,1,0,0
R1_high_info,high-info,primary,247.5,+37.5,45,half2p5,21_pack,2.586756e-02,61,-30,0.858311,1.174511,3.803542,6128,4737,3.409682e-02,1,1,0
R1_high_info,high-info,primary,247.5,+37.5,60,half2p5,21_pack,2.146857e-02,66,-25,0.521285,0.240674,3.803542,6206,4891,2.740738e-02,1,0,0
R1_high_info,high-info,primary,247.5,+40.0,-60,half2p5,21_pack,3.312993e-02,56,-34,0.275006,0.802753,3.802700,4134,2491,8.304410e-02,1,0,0
R1_high_info,high-info,primary,247.5,+40.0,-45,half2p5,21_pack,2.032118e-02,77,-13,0.525548,0.857908,3.802700,4737,3437,3.691741e-02,1,1,0
R1_high_info,high-info,primary,247.5,+40.0,-30,half2p5,21_pack,2.231817e-02,87,-3,0.719962,0.224711,3.802700,5580,4343,3.208711e-02,1,1,0
R1_high_info,high-info,primary,247.5,+40.0,-15,half2p5,21_pack,2.483472e-02,95,5,0.929705,0.713353,3.802700,6166,4862,3.189380e-02,1,1,0
R1_high_info,high-info,primary,247.5,+40.0,0,half2p5,21_pack,3.511555e-02,90,0,0.546207,2.115814,3.802700,6406,3708,5.913188e-02,1,0,0
R1_high_info,high-info,primary,247.5,+40.0,15,half2p5,21_pack,2.035455e-01,5,-85,0.830683,1.866978,3.802700,6299,4155,3.058810e-01,1,0,1
R1_high_info,high-info,primary,247.5,+40.0,30,half2p5,21_pack,4.732936e-02,44,-46,0.715769,2.000554,3.802700,5944,4308,6.859886e-02,1,0,0
R1_high_info,high-info,primary,247.5,+40.0,45,half2p5,21_pack,2.587806e-02,60,-30,0.873055,1.174019,3.802700,6117,4780,3.380382e-02,1,1,0
R1_high_info,high-info,primary,247.5,+40.0,60,half2p5,21_pack,2.117175e-02,71,-19,0.564895,0.241024,3.802700,6201,4926,2.683640e-02,1,0,0
R1_high_info,high-info,primary,250.0,+30.0,-60,integer5,21_pack,3.787648e-02,49,-44,0.348174,0.640238,3.238659,4191,2434,9.716525e-02,1,0,0
R1_high_info,high-info,primary,250.0,+30.0,-45,integer5,21_pack,2.072162e-02,73,-20,0.420457,0.689061,3.238659,4954,3372,3.837056e-02,1,0,0
R1_high_info,high-info,primary,250.0,+30.0,-30,integer5,21_pack,2.202965e-02,90,-3,0.505477,0.226583,3.238659,5687,4070,3.379677e-02,1,1,0
R1_high_info,high-info,primary,250.0,+30.0,-15,integer5,21_pack,2.490698e-02,94,1,0.671282,0.508667,3.238659,6207,4622,3.364752e-02,1,1,0
R1_high_info,high-info,primary,250.0,+30.0,0,integer5,01_fullrun,3.152856e-02,93,0,0.694553,2.188651,3.238659,6378,4781,4.117630e-02,1,0,0
R1_high_info,high-info,primary,250.0,+30.0,15,integer5,21_pack,1.654150e-01,28,-65,0.803654,1.912069,3.238659,6218,3940,2.621445e-01,1,0,0
R1_high_info,high-info,primary,250.0,+30.0,30,integer5,21_pack,5.111372e-02,38,-55,0.646993,2.028129,3.238659,5747,4051,7.878386e-02,1,0,0
R1_high_info,high-info,primary,250.0,+30.0,45,integer5,21_pack,2.633159e-02,57,-36,0.776029,0.983696,3.238659,6125,4515,3.641507e-02,1,1,0
R1_high_info,high-info,primary,250.0,+30.0,60,integer5,21_pack,2.216897e-02,54,-39,0.633619,0.193214,3.238659,6165,4641,2.982606e-02,1,1,0
R1_high_info,high-info,primary,250.0,+32.5,-60,half2p5,21_pack,3.877701e-02,47,-47,0.323479,0.665276,3.345004,4200,2385,1.015191e-01,1,0,0
R1_high_info,high-info,primary,250.0,+32.5,-45,half2p5,21_pack,2.050726e-02,75,-19,0.491645,0.717248,3.345004,4858,3318,3.859163e-02,1,0,0
R1_high_info,high-info,primary,250.0,+32.5,-30,half2p5,21_pack,2.214872e-02,89,-5,0.634066,0.227058,3.345004,5621,4073,3.395440e-02,1,1,0
R1_high_info,high-info,primary,250.0,+32.5,-15,half2p5,21_pack,2.461080e-02,96,2,0.675903,0.519297,3.345004,6193,4663,3.295508e-02,1,1,0
R1_high_info,high-info,primary,250.0,+32.5,0,half2p5,21_pack,3.150439e-02,94,0,0.801786,2.173081,3.345004,6395,4852,4.054266e-02,1,1,0
R1_high_info,high-info,primary,250.0,+32.5,15,half2p5,21_pack,1.745251e-01,25,-69,0.808082,1.891819,3.345004,6250,3965,2.748380e-01,1,0,0
R1_high_info,high-info,primary,250.0,+32.5,30,half2p5,21_pack,5.385597e-02,37,-57,0.658690,2.008455,3.345004,5879,4104,8.193859e-02,1,0,0
R1_high_info,high-info,primary,250.0,+32.5,45,half2p5,21_pack,2.644326e-02,55,-39,0.805367,1.027922,3.345004,6130,4559,3.621657e-02,1,1,0
R1_high_info,high-info,primary,250.0,+32.5,60,half2p5,21_pack,2.202489e-02,55,-39,0.591774,0.193566,3.345004,6185,4722,2.912392e-02,1,0,0
R1_high_info,high-info,primary,250.0,+35.0,-60,integer5,21_pack,3.959122e-02,46,-49,0.323445,0.724705,3.429275,4235,2367,1.044390e-01,1,0,0
R1_high_info,high-info,primary,250.0,+35.0,-45,integer5,21_pack,2.067296e-02,74,-21,0.576395,0.784060,3.429275,4801,3312,3.897393e-02,1,1,0
R1_high_info,high-info,primary,250.0,+35.0,-30,integer5,21_pack,2.195933e-02,91,-4,0.602071,0.217318,3.429275,5584,4110,3.336102e-02,1,1,0
R1_high_info,high-info,primary,250.0,+35.0,-15,integer5,21_pack,2.425454e-02,99,4,0.638069,0.526598,3.429275,6159,4678,3.237388e-02,1,0,0
R1_high_info,high-info,primary,250.0,+35.0,0,integer5,01_fullrun,3.137455e-02,95,0,0.793449,2.172237,3.429275,6405,4932,3.972066e-02,1,1,0
R1_high_info,high-info,primary,250.0,+35.0,15,integer5,21_pack,1.821338e-01,20,-75,0.816276,1.890134,3.429275,6290,4028,2.823339e-01,1,0,0
R1_high_info,high-info,primary,250.0,+35.0,30,integer5,21_pack,5.550749e-02,36,-59,0.656769,1.998668,3.429275,5936,4122,8.408249e-02,1,0,0
R1_high_info,high-info,primary,250.0,+35.0,45,integer5,21_pack,2.640755e-02,56,-39,0.802107,1.082978,3.429275,6106,4579,3.600970e-02,1,1,0
R1_high_info,high-info,primary,250.0,+35.0,60,integer5,21_pack,2.184629e-02,60,-35,0.611356,0.217705,3.429275,6203,4754,2.869329e-02,1,1,0
R1_high_info,high-info,primary,250.0,+37.5,-60,half2p5,21_pack,4.125685e-02,45,-53,0.306313,0.761843,3.462257,4246,2385,1.080114e-01,1,0,0
R1_high_info,high-info,primary,250.0,+37.5,-45,half2p5,21_pack,2.029851e-02,78,-20,0.486929,0.826889,3.462257,4717,3306,3.833744e-02,1,1,0
R1_high_info,high-info,primary,250.0,+37.5,-30,half2p5,21_pack,2.183763e-02,92,-6,0.619117,0.218607,3.462257,5533,4136,3.296757e-02,1,1,0
R1_high_info,high-info,primary,250.0,+37.5,-15,half2p5,21_pack,2.457531e-02,97,-1,0.829724,0.543255,3.462257,6137,4727,3.246200e-02,1,1,0
R1_high_info,high-info,primary,250.0,+37.5,0,half2p5,21_pack,3.099334e-02,98,0,0.820497,2.150969,3.462257,6400,4991,3.877420e-02,1,0,0
R1_high_info,high-info,primary,250.0,+37.5,15,half2p5,21_pack,1.859892e-01,15,-83,0.825315,1.866997,3.462257,6322,4046,2.870276e-01,1,0,1
R1_high_info,high-info,primary,250.0,+37.5,30,half2p5,21_pack,5.738349e-02,35,-63,0.656043,1.972069,3.462257,5994,4169,8.594428e-02,1,0,0
R1_high_info,high-info,primary,250.0,+37.5,45,half2p5,21_pack,2.669391e-02,54,-44,0.915598,1.121430,3.462257,6108,4625,3.603814e-02,1,1,0
R1_high_info,high-info,primary,250.0,+37.5,60,half2p5,21_pack,2.167812e-02,62,-36,0.564395,0.238467,3.462257,6212,4836,2.798963e-02,1,0,0
R1_high_info,high-info,primary,250.0,+40.0,-60,integer5,21_pack,4.229285e-02,43,-54,0.311237,0.761656,3.499372,4275,2395,1.102614e-01,1,0,0
R1_high_info,high-info,primary,250.0,+40.0,-45,integer5,21_pack,2.019951e-02,80,-17,0.564623,0.828053,3.499372,4631,3272,3.854691e-02,1,1,0
R1_high_info,high-info,primary,250.0,+40.0,-30,integer5,21_pack,2.147673e-02,97,0,0.622264,0.216251,3.499372,5463,4148,3.232893e-02,1,1,0
R1_high_info,high-info,primary,250.0,+40.0,-15,integer5,21_pack,2.430349e-02,98,1,0.852514,0.512655,3.499372,6090,4728,3.209617e-02,1,1,0
R1_high_info,high-info,primary,250.0,+40.0,0,integer5,01_fullrun,3.117641e-02,97,0,0.903317,2.140581,3.499372,6403,5071,3.838791e-02,1,1,0
R1_high_info,high-info,primary,250.0,+40.0,15,integer5,21_pack,1.900773e-01,13,-84,0.826315,1.857136,3.499372,6340,4070,2.916070e-01,1,0,1
R1_high_info,high-info,primary,250.0,+40.0,30,integer5,21_pack,5.864260e-02,34,-63,0.661476,1.958631,3.499372,6032,4236,8.644088e-02,1,0,0
R1_high_info,high-info,primary,250.0,+40.0,45,integer5,21_pack,2.688444e-02,53,-44,0.918517,1.118145,3.499372,6079,4661,3.601504e-02,1,1,0
R1_high_info,high-info,primary,250.0,+40.0,60,integer5,21_pack,2.185374e-02,59,-38,0.675089,0.238655,3.499372,6220,4906,2.781379e-02,1,1,0
R2_control,dark/roll-sensitive-control,control,280.0,-85.0,-60,integer5,21_pack,2.367917e-02,72,-32,0.471165,0.311699,1.027388,5919,4944,2.990542e-02,1,0,0
R2_control,dark/roll-sensitive-control,control,280.0,-85.0,-45,integer5,21_pack,3.242260e-02,47,-57,0.692368,0.326545,1.027388,6020,4234,4.781442e-02,1,1,0
R2_control,dark/roll-sensitive-control,control,280.0,-85.0,-30,integer5,21_pack,2.422487e-02,60,-44,0.483520,0.659092,1.027388,5777,3365,4.495090e-02,1,0,0
R2_control,dark/roll-sensitive-control,control,280.0,-85.0,-15,integer5,21_pack,1.637889e-02,105,1,0.764511,0.705268,1.027388,5274,2434,4.201709e-02,1,1,0
R2_control,dark/roll-sensitive-control,control,280.0,-85.0,0,integer5,01_fullrun,1.188527e-02,104,0,1.688118,0.326538,1.027388,4499,4379,1.694712e-02,1,1,0
R2_control,dark/roll-sensitive-control,control,280.0,-85.0,15,integer5,21_pack,1.302008e-02,106,2,0.966302,0.608596,1.027388,3833,3722,2.184234e-02,1,1,0
R2_control,dark/roll-sensitive-control,control,280.0,-85.0,30,integer5,21_pack,2.124822e-02,103,-1,0.285989,0.971330,1.027388,4695,3634,3.650897e-02,1,0,0
R2_control,dark/roll-sensitive-control,control,280.0,-85.0,45,integer5,21_pack,3.566181e-02,46,-58,0.409804,0.498893,1.027388,5501,3422,6.507067e-02,1,0,0
R2_control,dark/roll-sensitive-control,control,280.0,-85.0,60,integer5,21_pack,2.976344e-02,47,-57,0.450952,0.180309,1.027388,6011,2951,6.297612e-02,1,0,0
R2_control,dark/roll-sensitive-control,control,280.0,-80.0,-60,integer5,21_pack,2.268443e-02,75,-30,0.466365,0.181884,0.872831,6017,5034,2.813693e-02,1,0,0
R2_control,dark/roll-sensitive-control,control,280.0,-80.0,-45,integer5,21_pack,2.722313e-02,51,-54,0.661844,0.185936,0.872831,6119,4386,3.875533e-02,1,1,0
R2_control,dark/roll-sensitive-control,control,280.0,-80.0,-30,integer5,21_pack,2.332259e-02,69,-36,0.490174,0.474758,0.872831,5885,3530,4.125380e-02,1,0,0
R2_control,dark/roll-sensitive-control,control,280.0,-80.0,-15,integer5,21_pack,1.659754e-02,104,-1,0.726392,0.668236,0.872831,5383,2601,3.984421e-02,1,1,0
R2_control,dark/roll-sensitive-control,control,280.0,-80.0,0,integer5,01_fullrun,1.180178e-02,105,0,1.695603,0.350325,0.872831,4643,4538,1.623847e-02,1,1,0
R2_control,dark/roll-sensitive-control,control,280.0,-80.0,15,integer5,21_pack,1.266903e-02,107,2,1.129982,0.521792,0.872831,3994,3881,2.038270e-02,1,1,0
R2_control,dark/roll-sensitive-control,control,280.0,-80.0,30,integer5,21_pack,1.943905e-02,106,1,0.413121,0.850120,0.872831,4784,3785,3.206794e-02,1,0,0
R2_control,dark/roll-sensitive-control,control,280.0,-80.0,45,integer5,21_pack,3.037510e-02,50,-55,0.605556,0.424887,0.872831,5559,3533,5.368290e-02,1,0,0
R2_control,dark/roll-sensitive-control,control,280.0,-80.0,60,integer5,21_pack,2.740198e-02,50,-55,0.482803,0.102917,0.872831,6053,3065,5.582303e-02,1,0,0
R2_control,dark/roll-sensitive-control,control,285.0,-85.0,-60,integer5,21_pack,2.535335e-02,67,-40,0.395880,0.217663,1.070117,5976,4684,3.379717e-02,1,0,0
R2_control,dark/roll-sensitive-control,control,285.0,-85.0,-45,integer5,21_pack,3.154575e-02,49,-58,0.660597,0.373547,1.070117,5967,3984,4.944058e-02,1,1,0
R2_control,dark/roll-sensitive-control,control,285.0,-85.0,-30,integer5,21_pack,2.175240e-02,94,-13,0.568234,0.802121,1.070117,5671,3101,4.379932e-02,1,0,0
R2_control,dark/roll-sensitive-control,control,285.0,-85.0,-15,integer5,21_pack,1.364651e-02,107,0,0.869221,0.664316,1.070117,5003,2034,4.189215e-02,1,1,0
R2_control,dark/roll-sensitive-control,control,285.0,-85.0,0,integer5,01_fullrun,1.139125e-02,107,0,1.634986,0.269530,1.070117,4177,4049,1.756652e-02,1,1,0
R2_control,dark/roll-sensitive-control,control,285.0,-85.0,15,integer5,21_pack,1.498723e-02,104,-3,0.585666,0.823113,1.070117,4070,3735,2.505490e-02,1,1,0
R2_control,dark/roll-sensitive-control,control,285.0,-85.0,30,integer5,21_pack,2.567254e-02,75,-32,0.270609,0.819798,1.070117,4989,3562,4.500252e-02,1,0,0
R2_control,dark/roll-sensitive-control,control,285.0,-85.0,45,integer5,21_pack,3.591157e-02,45,-62,0.464059,0.350865,1.070117,5695,3264,6.869833e-02,1,0,0
R2_control,dark/roll-sensitive-control,control,285.0,-85.0,60,integer5,21_pack,2.596260e-02,51,-56,0.688744,0.321587,1.070117,6116,2822,5.744511e-02,1,1,0
R2_control,dark/roll-sensitive-control,control,285.0,-80.0,-60,integer5,21_pack,2.397592e-02,70,-36,0.436273,0.111558,0.955708,6093,4828,3.100773e-02,1,0,0
R2_control,dark/roll-sensitive-control,control,285.0,-80.0,-45,integer5,21_pack,2.680864e-02,52,-54,0.733302,0.247377,0.955708,6080,4135,4.048193e-02,1,1,0
R2_control,dark/roll-sensitive-control,control,285.0,-80.0,-30,integer5,21_pack,2.089780e-02,99,-7,0.547633,0.631473,0.955708,5737,3214,4.059912e-02,1,1,0
R2_control,dark/roll-sensitive-control,control,285.0,-80.0,-15,integer5,21_pack,1.385129e-02,106,0,0.820885,0.614519,0.955708,5133,2210,3.913452e-02,1,1,0
R2_control,dark/roll-sensitive-control,control,285.0,-80.0,0,integer5,01_fullrun,1.143705e-02,106,0,1.625042,0.217034,0.955708,4342,4232,1.687447e-02,1,1,0
R2_control,dark/roll-sensitive-control,control,285.0,-80.0,15,integer5,21_pack,1.430113e-02,105,-1,0.701411,0.689909,0.955708,4181,3859,2.313969e-02,1,1,0
R2_control,dark/roll-sensitive-control,control,285.0,-80.0,30,integer5,21_pack,2.253943e-02,96,-10,0.389728,0.757415,0.955708,5084,3694,3.809851e-02,1,0,0
R2_control,dark/roll-sensitive-control,control,285.0,-80.0,45,integer5,21_pack,3.157381e-02,49,-57,0.786531,0.345888,0.955708,5778,3386,5.822399e-02,1,0,0
R2_control,dark/roll-sensitive-control,control,285.0,-80.0,60,integer5,21_pack,2.424484e-02,52,-54,0.692435,0.262599,0.955708,6172,2915,5.193291e-02,1,0,0
