record_id,region,all_regions,category,priority,yaw_deci,pitch_deci,yaw_deg,pitch_deg,roll,grid_type,geom,label,render_needed,roll0_reuse_source,roll0_reuse_label,source_p2_candidate
R3_low_info_connectivity__yaw0550_pitchp0600,R3_low_info_connectivity,R3_low_info_connectivity,low-info/ocs-hard,primary,550,600,55.0,+60.0,-60,integer5,phase63(L1-G1),yaw0550_pitchp0600_roll-060,YES,21_pack (new render),,P2 R3 low-info yaw55~65 pitch+60~70 (mean_nc 最低=0.798)
R3_low_info_connectivity__yaw0550_pitchp0600,R3_low_info_connectivity,R3_low_info_connectivity,low-info/ocs-hard,primary,550,600,55.0,+60.0,-45,integer5,phase63(L1-G1),yaw0550_pitchp0600_roll-045,YES,21_pack (new render),,P2 R3 low-info yaw55~65 pitch+60~70 (mean_nc 最低=0.798)
R3_low_info_connectivity__yaw0550_pitchp0600,R3_low_info_connectivity,R3_low_info_connectivity,low-info/ocs-hard,primary,550,600,55.0,+60.0,-30,integer5,phase63(L1-G1),yaw0550_pitchp0600_roll-030,YES,21_pack (new render),,P2 R3 low-info yaw55~65 pitch+60~70 (mean_nc 最低=0.798)
R3_low_info_connectivity__yaw0550_pitchp0600,R3_low_info_connectivity,R3_low_info_connectivity,low-info/ocs-hard,primary,550,600,55.0,+60.0,-15,integer5,phase63(L1-G1),yaw0550_pitchp0600_roll-015,YES,21_pack (new render),,P2 R3 low-info yaw55~65 pitch+60~70 (mean_nc 最低=0.798)
R3_low_info_connectivity__yaw0550_pitchp0600,R3_low_info_connectivity,R3_low_info_connectivity,low-info/ocs-hard,primary,550,600,55.0,+60.0,0,integer5,phase63(L1-G1),yaw0550_pitchp0600_roll+000,NO,01_fullrun (roll+000 整数点复用),yaw055_pitch+060_roll+000,P2 R3 low-info yaw55~65 pitch+60~70 (mean_nc 最低=0.798)
R3_low_info_connectivity__yaw0550_pitchp0600,R3_low_info_connectivity,R3_low_info_connectivity,low-info/ocs-hard,primary,550,600,55.0,+60.0,15,integer5,phase63(L1-G1),yaw0550_pitchp0600_roll+015,YES,21_pack (new render),,P2 R3 low-info yaw55~65 pitch+60~70 (mean_nc 最低=0.798)
R3_low_info_connectivity__yaw0550_pitchp0600,R3_low_info_connectivity,R3_low_info_connectivity,low-info/ocs-hard,primary,550,600,55.0,+60.0,30,integer5,phase63(L1-G1),yaw0550_pitchp0600_roll+030,YES,21_pack (new render),,P2 R3 low-info yaw55~65 pitch+60~70 (mean_nc 最低=0.798)
R3_low_info_connectivity__yaw0550_pitchp0600,R3_low_info_connectivity,R3_low_info_connectivity,low-info/ocs-hard,primary,550,600,55.0,+60.0,45,integer5,phase63(L1-G1),yaw0550_pitchp0600_roll+045,YES,21_pack (new render),,P2 R3 low-info yaw55~65 pitch+60~70 (mean_nc 最低=0.798)
R3_low_info_connectivity__yaw0550_pitchp0600,R3_low_info_connectivity,R3_low_info_connectivity,low-info/ocs-hard,primary,550,600,55.0,+60.0,60,integer5,phase63(L1-G1),yaw0550_pitchp0600_roll+060,YES,21_pack (new render),,P2 R3 low-info yaw55~65 pitch+60~70 (mean_nc 最低=0.798)
R3_low_info_connectivity__yaw0550_pitchp0625,R3_low_info_connectivity,R3_low_info_connectivity,low-info/ocs-hard,primary,550,625,55.0,+62.5,-60,half2p5,phase63(L1-G1),yaw0550_pitchp0625_roll-060,YES,21_pack (new render),,P2 R3 low-info yaw55~65 pitch+60~70 (mean_nc 最低=0.798)
R3_low_info_connectivity__yaw0550_pitchp0625,R3_low_info_connectivity,R3_low_info_connectivity,low-info/ocs-hard,primary,550,625,55.0,+62.5,-45,half2p5,phase63(L1-G1),yaw0550_pitchp0625_roll-045,YES,21_pack (new render),,P2 R3 low-info yaw55~65 pitch+60~70 (mean_nc 最低=0.798)
R3_low_info_connectivity__yaw0550_pitchp0625,R3_low_info_connectivity,R3_low_info_connectivity,low-info/ocs-hard,primary,550,625,55.0,+62.5,-30,half2p5,phase63(L1-G1),yaw0550_pitchp0625_roll-030,YES,21_pack (new render),,P2 R3 low-info yaw55~65 pitch+60~70 (mean_nc 最低=0.798)
R3_low_info_connectivity__yaw0550_pitchp0625,R3_low_info_connectivity,R3_low_info_connectivity,low-info/ocs-hard,primary,550,625,55.0,+62.5,-15,half2p5,phase63(L1-G1),yaw0550_pitchp0625_roll-015,YES,21_pack (new render),,P2 R3 low-info yaw55~65 pitch+60~70 (mean_nc 最低=0.798)
R3_low_info_connectivity__yaw0550_pitchp0625,R3_low_info_connectivity,R3_low_info_connectivity,low-info/ocs-hard,primary,550,625,55.0,+62.5,0,half2p5,phase63(L1-G1),yaw0550_pitchp0625_roll+000,YES,"21_pack (半度点 fullrun 无网格, roll=0 新渲染)",,P2 R3 low-info yaw55~65 pitch+60~70 (mean_nc 最低=0.798)
R3_low_info_connectivity__yaw0550_pitchp0625,R3_low_info_connectivity,R3_low_info_connectivity,low-info/ocs-hard,primary,550,625,55.0,+62.5,15,half2p5,phase63(L1-G1),yaw0550_pitchp0625_roll+015,YES,21_pack (new render),,P2 R3 low-info yaw55~65 pitch+60~70 (mean_nc 最低=0.798)
R3_low_info_connectivity__yaw0550_pitchp0625,R3_low_info_connectivity,R3_low_info_connectivity,low-info/ocs-hard,primary,550,625,55.0,+62.5,30,half2p5,phase63(L1-G1),yaw0550_pitchp0625_roll+030,YES,21_pack (new render),,P2 R3 low-info yaw55~65 pitch+60~70 (mean_nc 最低=0.798)
R3_low_info_connectivity__yaw0550_pitchp0625,R3_low_info_connectivity,R3_low_info_connectivity,low-info/ocs-hard,primary,550,625,55.0,+62.5,45,half2p5,phase63(L1-G1),yaw0550_pitchp0625_roll+045,YES,21_pack (new render),,P2 R3 low-info yaw55~65 pitch+60~70 (mean_nc 最低=0.798)
R3_low_info_connectivity__yaw0550_pitchp0625,R3_low_info_connectivity,R3_low_info_connectivity,low-info/ocs-hard,primary,550,625,55.0,+62.5,60,half2p5,phase63(L1-G1),yaw0550_pitchp0625_roll+060,YES,21_pack (new render),,P2 R3 low-info yaw55~65 pitch+60~70 (mean_nc 最低=0.798)
R3_low_info_connectivity__yaw0550_pitchp0650,R3_low_info_connectivity,R3_low_info_connectivity,low-info/ocs-hard,primary,550,650,55.0,+65.0,-60,integer5,phase63(L1-G1),yaw0550_pitchp0650_roll-060,YES,21_pack (new render),,P2 R3 low-info yaw55~65 pitch+60~70 (mean_nc 最低=0.798)
R3_low_info_connectivity__yaw0550_pitchp0650,R3_low_info_connectivity,R3_low_info_connectivity,low-info/ocs-hard,primary,550,650,55.0,+65.0,-45,integer5,phase63(L1-G1),yaw0550_pitchp0650_roll-045,YES,21_pack (new render),,P2 R3 low-info yaw55~65 pitch+60~70 (mean_nc 最低=0.798)
R3_low_info_connectivity__yaw0550_pitchp0650,R3_low_info_connectivity,R3_low_info_connectivity,low-info/ocs-hard,primary,550,650,55.0,+65.0,-30,integer5,phase63(L1-G1),yaw0550_pitchp0650_roll-030,YES,21_pack (new render),,P2 R3 low-info yaw55~65 pitch+60~70 (mean_nc 最低=0.798)
R3_low_info_connectivity__yaw0550_pitchp0650,R3_low_info_connectivity,R3_low_info_connectivity,low-info/ocs-hard,primary,550,650,55.0,+65.0,-15,integer5,phase63(L1-G1),yaw0550_pitchp0650_roll-015,YES,21_pack (new render),,P2 R3 low-info yaw55~65 pitch+60~70 (mean_nc 最低=0.798)
R3_low_info_connectivity__yaw0550_pitchp0650,R3_low_info_connectivity,R3_low_info_connectivity,low-info/ocs-hard,primary,550,650,55.0,+65.0,0,integer5,phase63(L1-G1),yaw0550_pitchp0650_roll+000,NO,01_fullrun (roll+000 整数点复用),yaw055_pitch+065_roll+000,P2 R3 low-info yaw55~65 pitch+60~70 (mean_nc 最低=0.798)
R3_low_info_connectivity__yaw0550_pitchp0650,R3_low_info_connectivity,R3_low_info_connectivity,low-info/ocs-hard,primary,550,650,55.0,+65.0,15,integer5,phase63(L1-G1),yaw0550_pitchp0650_roll+015,YES,21_pack (new render),,P2 R3 low-info yaw55~65 pitch+60~70 (mean_nc 最低=0.798)
R3_low_info_connectivity__yaw0550_pitchp0650,R3_low_info_connectivity,R3_low_info_connectivity,low-info/ocs-hard,primary,550,650,55.0,+65.0,30,integer5,phase63(L1-G1),yaw0550_pitchp0650_roll+030,YES,21_pack (new render),,P2 R3 low-info yaw55~65 pitch+60~70 (mean_nc 最低=0.798)
R3_low_info_connectivity__yaw0550_pitchp0650,R3_low_info_connectivity,R3_low_info_connectivity,low-info/ocs-hard,primary,550,650,55.0,+65.0,45,integer5,phase63(L1-G1),yaw0550_pitchp0650_roll+045,YES,21_pack (new render),,P2 R3 low-info yaw55~65 pitch+60~70 (mean_nc 最低=0.798)
R3_low_info_connectivity__yaw0550_pitchp0650,R3_low_info_connectivity,R3_low_info_connectivity,low-info/ocs-hard,primary,550,650,55.0,+65.0,60,integer5,phase63(L1-G1),yaw0550_pitchp0650_roll+060,YES,21_pack (new render),,P2 R3 low-info yaw55~65 pitch+60~70 (mean_nc 最低=0.798)
R3_low_info_connectivity__yaw0550_pitchp0675,R3_low_info_connectivity,R3_low_info_connectivity,low-info/ocs-hard,primary,550,675,55.0,+67.5,-60,half2p5,phase63(L1-G1),yaw0550_pitchp0675_roll-060,YES,21_pack (new render),,P2 R3 low-info yaw55~65 pitch+60~70 (mean_nc 最低=0.798)
R3_low_info_connectivity__yaw0550_pitchp0675,R3_low_info_connectivity,R3_low_info_connectivity,low-info/ocs-hard,primary,550,675,55.0,+67.5,-45,half2p5,phase63(L1-G1),yaw0550_pitchp0675_roll-045,YES,21_pack (new render),,P2 R3 low-info yaw55~65 pitch+60~70 (mean_nc 最低=0.798)
R3_low_info_connectivity__yaw0550_pitchp0675,R3_low_info_connectivity,R3_low_info_connectivity,low-info/ocs-hard,primary,550,675,55.0,+67.5,-30,half2p5,phase63(L1-G1),yaw0550_pitchp0675_roll-030,YES,21_pack (new render),,P2 R3 low-info yaw55~65 pitch+60~70 (mean_nc 最低=0.798)
R3_low_info_connectivity__yaw0550_pitchp0675,R3_low_info_connectivity,R3_low_info_connectivity,low-info/ocs-hard,primary,550,675,55.0,+67.5,-15,half2p5,phase63(L1-G1),yaw0550_pitchp0675_roll-015,YES,21_pack (new render),,P2 R3 low-info yaw55~65 pitch+60~70 (mean_nc 最低=0.798)
R3_low_info_connectivity__yaw0550_pitchp0675,R3_low_info_connectivity,R3_low_info_connectivity,low-info/ocs-hard,primary,550,675,55.0,+67.5,0,half2p5,phase63(L1-G1),yaw0550_pitchp0675_roll+000,YES,"21_pack (半度点 fullrun 无网格, roll=0 新渲染)",,P2 R3 low-info yaw55~65 pitch+60~70 (mean_nc 最低=0.798)
R3_low_info_connectivity__yaw0550_pitchp0675,R3_low_info_connectivity,R3_low_info_connectivity,low-info/ocs-hard,primary,550,675,55.0,+67.5,15,half2p5,phase63(L1-G1),yaw0550_pitchp0675_roll+015,YES,21_pack (new render),,P2 R3 low-info yaw55~65 pitch+60~70 (mean_nc 最低=0.798)
R3_low_info_connectivity__yaw0550_pitchp0675,R3_low_info_connectivity,R3_low_info_connectivity,low-info/ocs-hard,primary,550,675,55.0,+67.5,30,half2p5,phase63(L1-G1),yaw0550_pitchp0675_roll+030,YES,21_pack (new render),,P2 R3 low-info yaw55~65 pitch+60~70 (mean_nc 最低=0.798)
R3_low_info_connectivity__yaw0550_pitchp0675,R3_low_info_connectivity,R3_low_info_connectivity,low-info/ocs-hard,primary,550,675,55.0,+67.5,45,half2p5,phase63(L1-G1),yaw0550_pitchp0675_roll+045,YES,21_pack (new render),,P2 R3 low-info yaw55~65 pitch+60~70 (mean_nc 最低=0.798)
R3_low_info_connectivity__yaw0550_pitchp0675,R3_low_info_connectivity,R3_low_info_connectivity,low-info/ocs-hard,primary,550,675,55.0,+67.5,60,half2p5,phase63(L1-G1),yaw0550_pitchp0675_roll+060,YES,21_pack (new render),,P2 R3 low-info yaw55~65 pitch+60~70 (mean_nc 最低=0.798)
R3_low_info_connectivity__yaw0550_pitchp0700,R3_low_info_connectivity,R3_low_info_connectivity,low-info/ocs-hard,primary,550,700,55.0,+70.0,-60,integer5,phase63(L1-G1),yaw0550_pitchp0700_roll-060,YES,21_pack (new render),,P2 R3 low-info yaw55~65 pitch+60~70 (mean_nc 最低=0.798)
R3_low_info_connectivity__yaw0550_pitchp0700,R3_low_info_connectivity,R3_low_info_connectivity,low-info/ocs-hard,primary,550,700,55.0,+70.0,-45,integer5,phase63(L1-G1),yaw0550_pitchp0700_roll-045,YES,21_pack (new render),,P2 R3 low-info yaw55~65 pitch+60~70 (mean_nc 最低=0.798)
R3_low_info_connectivity__yaw0550_pitchp0700,R3_low_info_connectivity,R3_low_info_connectivity,low-info/ocs-hard,primary,550,700,55.0,+70.0,-30,integer5,phase63(L1-G1),yaw0550_pitchp0700_roll-030,YES,21_pack (new render),,P2 R3 low-info yaw55~65 pitch+60~70 (mean_nc 最低=0.798)
R3_low_info_connectivity__yaw0550_pitchp0700,R3_low_info_connectivity,R3_low_info_connectivity,low-info/ocs-hard,primary,550,700,55.0,+70.0,-15,integer5,phase63(L1-G1),yaw0550_pitchp0700_roll-015,YES,21_pack (new render),,P2 R3 low-info yaw55~65 pitch+60~70 (mean_nc 最低=0.798)
R3_low_info_connectivity__yaw0550_pitchp0700,R3_low_info_connectivity,R3_low_info_connectivity,low-info/ocs-hard,primary,550,700,55.0,+70.0,0,integer5,phase63(L1-G1),yaw0550_pitchp0700_roll+000,NO,01_fullrun (roll+000 整数点复用),yaw055_pitch+070_roll+000,P2 R3 low-info yaw55~65 pitch+60~70 (mean_nc 最低=0.798)
R3_low_info_connectivity__yaw0550_pitchp0700,R3_low_info_connectivity,R3_low_info_connectivity,low-info/ocs-hard,primary,550,700,55.0,+70.0,15,integer5,phase63(L1-G1),yaw0550_pitchp0700_roll+015,YES,21_pack (new render),,P2 R3 low-info yaw55~65 pitch+60~70 (mean_nc 最低=0.798)
R3_low_info_connectivity__yaw0550_pitchp0700,R3_low_info_connectivity,R3_low_info_connectivity,low-info/ocs-hard,primary,550,700,55.0,+70.0,30,integer5,phase63(L1-G1),yaw0550_pitchp0700_roll+030,YES,21_pack (new render),,P2 R3 low-info yaw55~65 pitch+60~70 (mean_nc 最低=0.798)
R3_low_info_connectivity__yaw0550_pitchp0700,R3_low_info_connectivity,R3_low_info_connectivity,low-info/ocs-hard,primary,550,700,55.0,+70.0,45,integer5,phase63(L1-G1),yaw0550_pitchp0700_roll+045,YES,21_pack (new render),,P2 R3 low-info yaw55~65 pitch+60~70 (mean_nc 最低=0.798)
R3_low_info_connectivity__yaw0550_pitchp0700,R3_low_info_connectivity,R3_low_info_connectivity,low-info/ocs-hard,primary,550,700,55.0,+70.0,60,integer5,phase63(L1-G1),yaw0550_pitchp0700_roll+060,YES,21_pack (new render),,P2 R3 low-info yaw55~65 pitch+60~70 (mean_nc 最低=0.798)
R3_low_info_connectivity__yaw0575_pitchp0600,R3_low_info_connectivity,R3_low_info_connectivity,low-info/ocs-hard,primary,575,600,57.5,+60.0,-60,half2p5,phase63(L1-G1),yaw0575_pitchp0600_roll-060,YES,21_pack (new render),,P2 R3 low-info yaw55~65 pitch+60~70 (mean_nc 最低=0.798)
R3_low_info_connectivity__yaw0575_pitchp0600,R3_low_info_connectivity,R3_low_info_connectivity,low-info/ocs-hard,primary,575,600,57.5,+60.0,-45,half2p5,phase63(L1-G1),yaw0575_pitchp0600_roll-045,YES,21_pack (new render),,P2 R3 low-info yaw55~65 pitch+60~70 (mean_nc 最低=0.798)
R3_low_info_connectivity__yaw0575_pitchp0600,R3_low_info_connectivity,R3_low_info_connectivity,low-info/ocs-hard,primary,575,600,57.5,+60.0,-30,half2p5,phase63(L1-G1),yaw0575_pitchp0600_roll-030,YES,21_pack (new render),,P2 R3 low-info yaw55~65 pitch+60~70 (mean_nc 最低=0.798)
R3_low_info_connectivity__yaw0575_pitchp0600,R3_low_info_connectivity,R3_low_info_connectivity,low-info/ocs-hard,primary,575,600,57.5,+60.0,-15,half2p5,phase63(L1-G1),yaw0575_pitchp0600_roll-015,YES,21_pack (new render),,P2 R3 low-info yaw55~65 pitch+60~70 (mean_nc 最低=0.798)
R3_low_info_connectivity__yaw0575_pitchp0600,R3_low_info_connectivity,R3_low_info_connectivity,low-info/ocs-hard,primary,575,600,57.5,+60.0,0,half2p5,phase63(L1-G1),yaw0575_pitchp0600_roll+000,YES,"21_pack (半度点 fullrun 无网格, roll=0 新渲染)",,P2 R3 low-info yaw55~65 pitch+60~70 (mean_nc 最低=0.798)
R3_low_info_connectivity__yaw0575_pitchp0600,R3_low_info_connectivity,R3_low_info_connectivity,low-info/ocs-hard,primary,575,600,57.5,+60.0,15,half2p5,phase63(L1-G1),yaw0575_pitchp0600_roll+015,YES,21_pack (new render),,P2 R3 low-info yaw55~65 pitch+60~70 (mean_nc 最低=0.798)
R3_low_info_connectivity__yaw0575_pitchp0600,R3_low_info_connectivity,R3_low_info_connectivity,low-info/ocs-hard,primary,575,600,57.5,+60.0,30,half2p5,phase63(L1-G1),yaw0575_pitchp0600_roll+030,YES,21_pack (new render),,P2 R3 low-info yaw55~65 pitch+60~70 (mean_nc 最低=0.798)
R3_low_info_connectivity__yaw0575_pitchp0600,R3_low_info_connectivity,R3_low_info_connectivity,low-info/ocs-hard,primary,575,600,57.5,+60.0,45,half2p5,phase63(L1-G1),yaw0575_pitchp0600_roll+045,YES,21_pack (new render),,P2 R3 low-info yaw55~65 pitch+60~70 (mean_nc 最低=0.798)
R3_low_info_connectivity__yaw0575_pitchp0600,R3_low_info_connectivity,R3_low_info_connectivity,low-info/ocs-hard,primary,575,600,57.5,+60.0,60,half2p5,phase63(L1-G1),yaw0575_pitchp0600_roll+060,YES,21_pack (new render),,P2 R3 low-info yaw55~65 pitch+60~70 (mean_nc 最低=0.798)
R3_low_info_connectivity__yaw0575_pitchp0625,R3_low_info_connectivity,R3_low_info_connectivity,low-info/ocs-hard,primary,575,625,57.5,+62.5,-60,half2p5,phase63(L1-G1),yaw0575_pitchp0625_roll-060,YES,21_pack (new render),,P2 R3 low-info yaw55~65 pitch+60~70 (mean_nc 最低=0.798)
R3_low_info_connectivity__yaw0575_pitchp0625,R3_low_info_connectivity,R3_low_info_connectivity,low-info/ocs-hard,primary,575,625,57.5,+62.5,-45,half2p5,phase63(L1-G1),yaw0575_pitchp0625_roll-045,YES,21_pack (new render),,P2 R3 low-info yaw55~65 pitch+60~70 (mean_nc 最低=0.798)
R3_low_info_connectivity__yaw0575_pitchp0625,R3_low_info_connectivity,R3_low_info_connectivity,low-info/ocs-hard,primary,575,625,57.5,+62.5,-30,half2p5,phase63(L1-G1),yaw0575_pitchp0625_roll-030,YES,21_pack (new render),,P2 R3 low-info yaw55~65 pitch+60~70 (mean_nc 最低=0.798)
R3_low_info_connectivity__yaw0575_pitchp0625,R3_low_info_connectivity,R3_low_info_connectivity,low-info/ocs-hard,primary,575,625,57.5,+62.5,-15,half2p5,phase63(L1-G1),yaw0575_pitchp0625_roll-015,YES,21_pack (new render),,P2 R3 low-info yaw55~65 pitch+60~70 (mean_nc 最低=0.798)
R3_low_info_connectivity__yaw0575_pitchp0625,R3_low_info_connectivity,R3_low_info_connectivity,low-info/ocs-hard,primary,575,625,57.5,+62.5,0,half2p5,phase63(L1-G1),yaw0575_pitchp0625_roll+000,YES,"21_pack (半度点 fullrun 无网格, roll=0 新渲染)",,P2 R3 low-info yaw55~65 pitch+60~70 (mean_nc 最低=0.798)
R3_low_info_connectivity__yaw0575_pitchp0625,R3_low_info_connectivity,R3_low_info_connectivity,low-info/ocs-hard,primary,575,625,57.5,+62.5,15,half2p5,phase63(L1-G1),yaw0575_pitchp0625_roll+015,YES,21_pack (new render),,P2 R3 low-info yaw55~65 pitch+60~70 (mean_nc 最低=0.798)
R3_low_info_connectivity__yaw0575_pitchp0625,R3_low_info_connectivity,R3_low_info_connectivity,low-info/ocs-hard,primary,575,625,57.5,+62.5,30,half2p5,phase63(L1-G1),yaw0575_pitchp0625_roll+030,YES,21_pack (new render),,P2 R3 low-info yaw55~65 pitch+60~70 (mean_nc 最低=0.798)
R3_low_info_connectivity__yaw0575_pitchp0625,R3_low_info_connectivity,R3_low_info_connectivity,low-info/ocs-hard,primary,575,625,57.5,+62.5,45,half2p5,phase63(L1-G1),yaw0575_pitchp0625_roll+045,YES,21_pack (new render),,P2 R3 low-info yaw55~65 pitch+60~70 (mean_nc 最低=0.798)
R3_low_info_connectivity__yaw0575_pitchp0625,R3_low_info_connectivity,R3_low_info_connectivity,low-info/ocs-hard,primary,575,625,57.5,+62.5,60,half2p5,phase63(L1-G1),yaw0575_pitchp0625_roll+060,YES,21_pack (new render),,P2 R3 low-info yaw55~65 pitch+60~70 (mean_nc 最低=0.798)
R3_low_info_connectivity__yaw0575_pitchp0650,R3_low_info_connectivity,R3_low_info_connectivity,low-info/ocs-hard,primary,575,650,57.5,+65.0,-60,half2p5,phase63(L1-G1),yaw0575_pitchp0650_roll-060,YES,21_pack (new render),,P2 R3 low-info yaw55~65 pitch+60~70 (mean_nc 最低=0.798)
R3_low_info_connectivity__yaw0575_pitchp0650,R3_low_info_connectivity,R3_low_info_connectivity,low-info/ocs-hard,primary,575,650,57.5,+65.0,-45,half2p5,phase63(L1-G1),yaw0575_pitchp0650_roll-045,YES,21_pack (new render),,P2 R3 low-info yaw55~65 pitch+60~70 (mean_nc 最低=0.798)
R3_low_info_connectivity__yaw0575_pitchp0650,R3_low_info_connectivity,R3_low_info_connectivity,low-info/ocs-hard,primary,575,650,57.5,+65.0,-30,half2p5,phase63(L1-G1),yaw0575_pitchp0650_roll-030,YES,21_pack (new render),,P2 R3 low-info yaw55~65 pitch+60~70 (mean_nc 最低=0.798)
R3_low_info_connectivity__yaw0575_pitchp0650,R3_low_info_connectivity,R3_low_info_connectivity,low-info/ocs-hard,primary,575,650,57.5,+65.0,-15,half2p5,phase63(L1-G1),yaw0575_pitchp0650_roll-015,YES,21_pack (new render),,P2 R3 low-info yaw55~65 pitch+60~70 (mean_nc 最低=0.798)
R3_low_info_connectivity__yaw0575_pitchp0650,R3_low_info_connectivity,R3_low_info_connectivity,low-info/ocs-hard,primary,575,650,57.5,+65.0,0,half2p5,phase63(L1-G1),yaw0575_pitchp0650_roll+000,YES,"21_pack (半度点 fullrun 无网格, roll=0 新渲染)",,P2 R3 low-info yaw55~65 pitch+60~70 (mean_nc 最低=0.798)
R3_low_info_connectivity__yaw0575_pitchp0650,R3_low_info_connectivity,R3_low_info_connectivity,low-info/ocs-hard,primary,575,650,57.5,+65.0,15,half2p5,phase63(L1-G1),yaw0575_pitchp0650_roll+015,YES,21_pack (new render),,P2 R3 low-info yaw55~65 pitch+60~70 (mean_nc 最低=0.798)
R3_low_info_connectivity__yaw0575_pitchp0650,R3_low_info_connectivity,R3_low_info_connectivity,low-info/ocs-hard,primary,575,650,57.5,+65.0,30,half2p5,phase63(L1-G1),yaw0575_pitchp0650_roll+030,YES,21_pack (new render),,P2 R3 low-info yaw55~65 pitch+60~70 (mean_nc 最低=0.798)
R3_low_info_connectivity__yaw0575_pitchp0650,R3_low_info_connectivity,R3_low_info_connectivity,low-info/ocs-hard,primary,575,650,57.5,+65.0,45,half2p5,phase63(L1-G1),yaw0575_pitchp0650_roll+045,YES,21_pack (new render),,P2 R3 low-info yaw55~65 pitch+60~70 (mean_nc 最低=0.798)
R3_low_info_connectivity__yaw0575_pitchp0650,R3_low_info_connectivity,R3_low_info_connectivity,low-info/ocs-hard,primary,575,650,57.5,+65.0,60,half2p5,phase63(L1-G1),yaw0575_pitchp0650_roll+060,YES,21_pack (new render),,P2 R3 low-info yaw55~65 pitch+60~70 (mean_nc 最低=0.798)
R3_low_info_connectivity__yaw0575_pitchp0675,R3_low_info_connectivity,R3_low_info_connectivity,low-info/ocs-hard,primary,575,675,57.5,+67.5,-60,half2p5,phase63(L1-G1),yaw0575_pitchp0675_roll-060,YES,21_pack (new render),,P2 R3 low-info yaw55~65 pitch+60~70 (mean_nc 最低=0.798)
R3_low_info_connectivity__yaw0575_pitchp0675,R3_low_info_connectivity,R3_low_info_connectivity,low-info/ocs-hard,primary,575,675,57.5,+67.5,-45,half2p5,phase63(L1-G1),yaw0575_pitchp0675_roll-045,YES,21_pack (new render),,P2 R3 low-info yaw55~65 pitch+60~70 (mean_nc 最低=0.798)
R3_low_info_connectivity__yaw0575_pitchp0675,R3_low_info_connectivity,R3_low_info_connectivity,low-info/ocs-hard,primary,575,675,57.5,+67.5,-30,half2p5,phase63(L1-G1),yaw0575_pitchp0675_roll-030,YES,21_pack (new render),,P2 R3 low-info yaw55~65 pitch+60~70 (mean_nc 最低=0.798)
R3_low_info_connectivity__yaw0575_pitchp0675,R3_low_info_connectivity,R3_low_info_connectivity,low-info/ocs-hard,primary,575,675,57.5,+67.5,-15,half2p5,phase63(L1-G1),yaw0575_pitchp0675_roll-015,YES,21_pack (new render),,P2 R3 low-info yaw55~65 pitch+60~70 (mean_nc 最低=0.798)
R3_low_info_connectivity__yaw0575_pitchp0675,R3_low_info_connectivity,R3_low_info_connectivity,low-info/ocs-hard,primary,575,675,57.5,+67.5,0,half2p5,phase63(L1-G1),yaw0575_pitchp0675_roll+000,YES,"21_pack (半度点 fullrun 无网格, roll=0 新渲染)",,P2 R3 low-info yaw55~65 pitch+60~70 (mean_nc 最低=0.798)
R3_low_info_connectivity__yaw0575_pitchp0675,R3_low_info_connectivity,R3_low_info_connectivity,low-info/ocs-hard,primary,575,675,57.5,+67.5,15,half2p5,phase63(L1-G1),yaw0575_pitchp0675_roll+015,YES,21_pack (new render),,P2 R3 low-info yaw55~65 pitch+60~70 (mean_nc 最低=0.798)
R3_low_info_connectivity__yaw0575_pitchp0675,R3_low_info_connectivity,R3_low_info_connectivity,low-info/ocs-hard,primary,575,675,57.5,+67.5,30,half2p5,phase63(L1-G1),yaw0575_pitchp0675_roll+030,YES,21_pack (new render),,P2 R3 low-info yaw55~65 pitch+60~70 (mean_nc 最低=0.798)
R3_low_info_connectivity__yaw0575_pitchp0675,R3_low_info_connectivity,R3_low_info_connectivity,low-info/ocs-hard,primary,575,675,57.5,+67.5,45,half2p5,phase63(L1-G1),yaw0575_pitchp0675_roll+045,YES,21_pack (new render),,P2 R3 low-info yaw55~65 pitch+60~70 (mean_nc 最低=0.798)
R3_low_info_connectivity__yaw0575_pitchp0675,R3_low_info_connectivity,R3_low_info_connectivity,low-info/ocs-hard,primary,575,675,57.5,+67.5,60,half2p5,phase63(L1-G1),yaw0575_pitchp0675_roll+060,YES,21_pack (new render),,P2 R3 low-info yaw55~65 pitch+60~70 (mean_nc 最低=0.798)
R3_low_info_connectivity__yaw0575_pitchp0700,R3_low_info_connectivity,R3_low_info_connectivity,low-info/ocs-hard,primary,575,700,57.5,+70.0,-60,half2p5,phase63(L1-G1),yaw0575_pitchp0700_roll-060,YES,21_pack (new render),,P2 R3 low-info yaw55~65 pitch+60~70 (mean_nc 最低=0.798)
R3_low_info_connectivity__yaw0575_pitchp0700,R3_low_info_connectivity,R3_low_info_connectivity,low-info/ocs-hard,primary,575,700,57.5,+70.0,-45,half2p5,phase63(L1-G1),yaw0575_pitchp0700_roll-045,YES,21_pack (new render),,P2 R3 low-info yaw55~65 pitch+60~70 (mean_nc 最低=0.798)
R3_low_info_connectivity__yaw0575_pitchp0700,R3_low_info_connectivity,R3_low_info_connectivity,low-info/ocs-hard,primary,575,700,57.5,+70.0,-30,half2p5,phase63(L1-G1),yaw0575_pitchp0700_roll-030,YES,21_pack (new render),,P2 R3 low-info yaw55~65 pitch+60~70 (mean_nc 最低=0.798)
R3_low_info_connectivity__yaw0575_pitchp0700,R3_low_info_connectivity,R3_low_info_connectivity,low-info/ocs-hard,primary,575,700,57.5,+70.0,-15,half2p5,phase63(L1-G1),yaw0575_pitchp0700_roll-015,YES,21_pack (new render),,P2 R3 low-info yaw55~65 pitch+60~70 (mean_nc 最低=0.798)
R3_low_info_connectivity__yaw0575_pitchp0700,R3_low_info_connectivity,R3_low_info_connectivity,low-info/ocs-hard,primary,575,700,57.5,+70.0,0,half2p5,phase63(L1-G1),yaw0575_pitchp0700_roll+000,YES,"21_pack (半度点 fullrun 无网格, roll=0 新渲染)",,P2 R3 low-info yaw55~65 pitch+60~70 (mean_nc 最低=0.798)
R3_low_info_connectivity__yaw0575_pitchp0700,R3_low_info_connectivity,R3_low_info_connectivity,low-info/ocs-hard,primary,575,700,57.5,+70.0,15,half2p5,phase63(L1-G1),yaw0575_pitchp0700_roll+015,YES,21_pack (new render),,P2 R3 low-info yaw55~65 pitch+60~70 (mean_nc 最低=0.798)
R3_low_info_connectivity__yaw0575_pitchp0700,R3_low_info_connectivity,R3_low_info_connectivity,low-info/ocs-hard,primary,575,700,57.5,+70.0,30,half2p5,phase63(L1-G1),yaw0575_pitchp0700_roll+030,YES,21_pack (new render),,P2 R3 low-info yaw55~65 pitch+60~70 (mean_nc 最低=0.798)
R3_low_info_connectivity__yaw0575_pitchp0700,R3_low_info_connectivity,R3_low_info_connectivity,low-info/ocs-hard,primary,575,700,57.5,+70.0,45,half2p5,phase63(L1-G1),yaw0575_pitchp0700_roll+045,YES,21_pack (new render),,P2 R3 low-info yaw55~65 pitch+60~70 (mean_nc 最低=0.798)
R3_low_info_connectivity__yaw0575_pitchp0700,R3_low_info_connectivity,R3_low_info_connectivity,low-info/ocs-hard,primary,575,700,57.5,+70.0,60,half2p5,phase63(L1-G1),yaw0575_pitchp0700_roll+060,YES,21_pack (new render),,P2 R3 low-info yaw55~65 pitch+60~70 (mean_nc 最低=0.798)
R3_low_info_connectivity__yaw0600_pitchp0600,R3_low_info_connectivity,R3_low_info_connectivity,low-info/ocs-hard,primary,600,600,60.0,+60.0,-60,integer5,phase63(L1-G1),yaw0600_pitchp0600_roll-060,YES,21_pack (new render),,P2 R3 low-info yaw55~65 pitch+60~70 (mean_nc 最低=0.798)
R3_low_info_connectivity__yaw0600_pitchp0600,R3_low_info_connectivity,R3_low_info_connectivity,low-info/ocs-hard,primary,600,600,60.0,+60.0,-45,integer5,phase63(L1-G1),yaw0600_pitchp0600_roll-045,YES,21_pack (new render),,P2 R3 low-info yaw55~65 pitch+60~70 (mean_nc 最低=0.798)
R3_low_info_connectivity__yaw0600_pitchp0600,R3_low_info_connectivity,R3_low_info_connectivity,low-info/ocs-hard,primary,600,600,60.0,+60.0,-30,integer5,phase63(L1-G1),yaw0600_pitchp0600_roll-030,YES,21_pack (new render),,P2 R3 low-info yaw55~65 pitch+60~70 (mean_nc 最低=0.798)
R3_low_info_connectivity__yaw0600_pitchp0600,R3_low_info_connectivity,R3_low_info_connectivity,low-info/ocs-hard,primary,600,600,60.0,+60.0,-15,integer5,phase63(L1-G1),yaw0600_pitchp0600_roll-015,YES,21_pack (new render),,P2 R3 low-info yaw55~65 pitch+60~70 (mean_nc 最低=0.798)
R3_low_info_connectivity__yaw0600_pitchp0600,R3_low_info_connectivity,R3_low_info_connectivity,low-info/ocs-hard,primary,600,600,60.0,+60.0,0,integer5,phase63(L1-G1),yaw0600_pitchp0600_roll+000,NO,01_fullrun (roll+000 整数点复用),yaw060_pitch+060_roll+000,P2 R3 low-info yaw55~65 pitch+60~70 (mean_nc 最低=0.798)
R3_low_info_connectivity__yaw0600_pitchp0600,R3_low_info_connectivity,R3_low_info_connectivity,low-info/ocs-hard,primary,600,600,60.0,+60.0,15,integer5,phase63(L1-G1),yaw0600_pitchp0600_roll+015,YES,21_pack (new render),,P2 R3 low-info yaw55~65 pitch+60~70 (mean_nc 最低=0.798)
R3_low_info_connectivity__yaw0600_pitchp0600,R3_low_info_connectivity,R3_low_info_connectivity,low-info/ocs-hard,primary,600,600,60.0,+60.0,30,integer5,phase63(L1-G1),yaw0600_pitchp0600_roll+030,YES,21_pack (new render),,P2 R3 low-info yaw55~65 pitch+60~70 (mean_nc 最低=0.798)
R3_low_info_connectivity__yaw0600_pitchp0600,R3_low_info_connectivity,R3_low_info_connectivity,low-info/ocs-hard,primary,600,600,60.0,+60.0,45,integer5,phase63(L1-G1),yaw0600_pitchp0600_roll+045,YES,21_pack (new render),,P2 R3 low-info yaw55~65 pitch+60~70 (mean_nc 最低=0.798)
R3_low_info_connectivity__yaw0600_pitchp0600,R3_low_info_connectivity,R3_low_info_connectivity,low-info/ocs-hard,primary,600,600,60.0,+60.0,60,integer5,phase63(L1-G1),yaw0600_pitchp0600_roll+060,YES,21_pack (new render),,P2 R3 low-info yaw55~65 pitch+60~70 (mean_nc 最低=0.798)
R3_low_info_connectivity__yaw0600_pitchp0625,R3_low_info_connectivity,R3_low_info_connectivity,low-info/ocs-hard,primary,600,625,60.0,+62.5,-60,half2p5,phase63(L1-G1),yaw0600_pitchp0625_roll-060,YES,21_pack (new render),,P2 R3 low-info yaw55~65 pitch+60~70 (mean_nc 最低=0.798)
R3_low_info_connectivity__yaw0600_pitchp0625,R3_low_info_connectivity,R3_low_info_connectivity,low-info/ocs-hard,primary,600,625,60.0,+62.5,-45,half2p5,phase63(L1-G1),yaw0600_pitchp0625_roll-045,YES,21_pack (new render),,P2 R3 low-info yaw55~65 pitch+60~70 (mean_nc 最低=0.798)
R3_low_info_connectivity__yaw0600_pitchp0625,R3_low_info_connectivity,R3_low_info_connectivity,low-info/ocs-hard,primary,600,625,60.0,+62.5,-30,half2p5,phase63(L1-G1),yaw0600_pitchp0625_roll-030,YES,21_pack (new render),,P2 R3 low-info yaw55~65 pitch+60~70 (mean_nc 最低=0.798)
R3_low_info_connectivity__yaw0600_pitchp0625,R3_low_info_connectivity,R3_low_info_connectivity,low-info/ocs-hard,primary,600,625,60.0,+62.5,-15,half2p5,phase63(L1-G1),yaw0600_pitchp0625_roll-015,YES,21_pack (new render),,P2 R3 low-info yaw55~65 pitch+60~70 (mean_nc 最低=0.798)
R3_low_info_connectivity__yaw0600_pitchp0625,R3_low_info_connectivity,R3_low_info_connectivity,low-info/ocs-hard,primary,600,625,60.0,+62.5,0,half2p5,phase63(L1-G1),yaw0600_pitchp0625_roll+000,YES,"21_pack (半度点 fullrun 无网格, roll=0 新渲染)",,P2 R3 low-info yaw55~65 pitch+60~70 (mean_nc 最低=0.798)
R3_low_info_connectivity__yaw0600_pitchp0625,R3_low_info_connectivity,R3_low_info_connectivity,low-info/ocs-hard,primary,600,625,60.0,+62.5,15,half2p5,phase63(L1-G1),yaw0600_pitchp0625_roll+015,YES,21_pack (new render),,P2 R3 low-info yaw55~65 pitch+60~70 (mean_nc 最低=0.798)
R3_low_info_connectivity__yaw0600_pitchp0625,R3_low_info_connectivity,R3_low_info_connectivity,low-info/ocs-hard,primary,600,625,60.0,+62.5,30,half2p5,phase63(L1-G1),yaw0600_pitchp0625_roll+030,YES,21_pack (new render),,P2 R3 low-info yaw55~65 pitch+60~70 (mean_nc 最低=0.798)
R3_low_info_connectivity__yaw0600_pitchp0625,R3_low_info_connectivity,R3_low_info_connectivity,low-info/ocs-hard,primary,600,625,60.0,+62.5,45,half2p5,phase63(L1-G1),yaw0600_pitchp0625_roll+045,YES,21_pack (new render),,P2 R3 low-info yaw55~65 pitch+60~70 (mean_nc 最低=0.798)
R3_low_info_connectivity__yaw0600_pitchp0625,R3_low_info_connectivity,R3_low_info_connectivity,low-info/ocs-hard,primary,600,625,60.0,+62.5,60,half2p5,phase63(L1-G1),yaw0600_pitchp0625_roll+060,YES,21_pack (new render),,P2 R3 low-info yaw55~65 pitch+60~70 (mean_nc 最低=0.798)
R3_low_info_connectivity__yaw0600_pitchp0650,R3_low_info_connectivity,R3_low_info_connectivity,low-info/ocs-hard,primary,600,650,60.0,+65.0,-60,integer5,phase63(L1-G1),yaw0600_pitchp0650_roll-060,YES,21_pack (new render),,P2 R3 low-info yaw55~65 pitch+60~70 (mean_nc 最低=0.798)
R3_low_info_connectivity__yaw0600_pitchp0650,R3_low_info_connectivity,R3_low_info_connectivity,low-info/ocs-hard,primary,600,650,60.0,+65.0,-45,integer5,phase63(L1-G1),yaw0600_pitchp0650_roll-045,YES,21_pack (new render),,P2 R3 low-info yaw55~65 pitch+60~70 (mean_nc 最低=0.798)
R3_low_info_connectivity__yaw0600_pitchp0650,R3_low_info_connectivity,R3_low_info_connectivity,low-info/ocs-hard,primary,600,650,60.0,+65.0,-30,integer5,phase63(L1-G1),yaw0600_pitchp0650_roll-030,YES,21_pack (new render),,P2 R3 low-info yaw55~65 pitch+60~70 (mean_nc 最低=0.798)
R3_low_info_connectivity__yaw0600_pitchp0650,R3_low_info_connectivity,R3_low_info_connectivity,low-info/ocs-hard,primary,600,650,60.0,+65.0,-15,integer5,phase63(L1-G1),yaw0600_pitchp0650_roll-015,YES,21_pack (new render),,P2 R3 low-info yaw55~65 pitch+60~70 (mean_nc 最低=0.798)
R3_low_info_connectivity__yaw0600_pitchp0650,R3_low_info_connectivity,R3_low_info_connectivity,low-info/ocs-hard,primary,600,650,60.0,+65.0,0,integer5,phase63(L1-G1),yaw0600_pitchp0650_roll+000,NO,01_fullrun (roll+000 整数点复用),yaw060_pitch+065_roll+000,P2 R3 low-info yaw55~65 pitch+60~70 (mean_nc 最低=0.798)
R3_low_info_connectivity__yaw0600_pitchp0650,R3_low_info_connectivity,R3_low_info_connectivity,low-info/ocs-hard,primary,600,650,60.0,+65.0,15,integer5,phase63(L1-G1),yaw0600_pitchp0650_roll+015,YES,21_pack (new render),,P2 R3 low-info yaw55~65 pitch+60~70 (mean_nc 最低=0.798)
R3_low_info_connectivity__yaw0600_pitchp0650,R3_low_info_connectivity,R3_low_info_connectivity,low-info/ocs-hard,primary,600,650,60.0,+65.0,30,integer5,phase63(L1-G1),yaw0600_pitchp0650_roll+030,YES,21_pack (new render),,P2 R3 low-info yaw55~65 pitch+60~70 (mean_nc 最低=0.798)
R3_low_info_connectivity__yaw0600_pitchp0650,R3_low_info_connectivity,R3_low_info_connectivity,low-info/ocs-hard,primary,600,650,60.0,+65.0,45,integer5,phase63(L1-G1),yaw0600_pitchp0650_roll+045,YES,21_pack (new render),,P2 R3 low-info yaw55~65 pitch+60~70 (mean_nc 最低=0.798)
R3_low_info_connectivity__yaw0600_pitchp0650,R3_low_info_connectivity,R3_low_info_connectivity,low-info/ocs-hard,primary,600,650,60.0,+65.0,60,integer5,phase63(L1-G1),yaw0600_pitchp0650_roll+060,YES,21_pack (new render),,P2 R3 low-info yaw55~65 pitch+60~70 (mean_nc 最低=0.798)
R3_low_info_connectivity__yaw0600_pitchp0675,R3_low_info_connectivity,R3_low_info_connectivity,low-info/ocs-hard,primary,600,675,60.0,+67.5,-60,half2p5,phase63(L1-G1),yaw0600_pitchp0675_roll-060,YES,21_pack (new render),,P2 R3 low-info yaw55~65 pitch+60~70 (mean_nc 最低=0.798)
R3_low_info_connectivity__yaw0600_pitchp0675,R3_low_info_connectivity,R3_low_info_connectivity,low-info/ocs-hard,primary,600,675,60.0,+67.5,-45,half2p5,phase63(L1-G1),yaw0600_pitchp0675_roll-045,YES,21_pack (new render),,P2 R3 low-info yaw55~65 pitch+60~70 (mean_nc 最低=0.798)
R3_low_info_connectivity__yaw0600_pitchp0675,R3_low_info_connectivity,R3_low_info_connectivity,low-info/ocs-hard,primary,600,675,60.0,+67.5,-30,half2p5,phase63(L1-G1),yaw0600_pitchp0675_roll-030,YES,21_pack (new render),,P2 R3 low-info yaw55~65 pitch+60~70 (mean_nc 最低=0.798)
R3_low_info_connectivity__yaw0600_pitchp0675,R3_low_info_connectivity,R3_low_info_connectivity,low-info/ocs-hard,primary,600,675,60.0,+67.5,-15,half2p5,phase63(L1-G1),yaw0600_pitchp0675_roll-015,YES,21_pack (new render),,P2 R3 low-info yaw55~65 pitch+60~70 (mean_nc 最低=0.798)
R3_low_info_connectivity__yaw0600_pitchp0675,R3_low_info_connectivity,R3_low_info_connectivity,low-info/ocs-hard,primary,600,675,60.0,+67.5,0,half2p5,phase63(L1-G1),yaw0600_pitchp0675_roll+000,YES,"21_pack (半度点 fullrun 无网格, roll=0 新渲染)",,P2 R3 low-info yaw55~65 pitch+60~70 (mean_nc 最低=0.798)
R3_low_info_connectivity__yaw0600_pitchp0675,R3_low_info_connectivity,R3_low_info_connectivity,low-info/ocs-hard,primary,600,675,60.0,+67.5,15,half2p5,phase63(L1-G1),yaw0600_pitchp0675_roll+015,YES,21_pack (new render),,P2 R3 low-info yaw55~65 pitch+60~70 (mean_nc 最低=0.798)
R3_low_info_connectivity__yaw0600_pitchp0675,R3_low_info_connectivity,R3_low_info_connectivity,low-info/ocs-hard,primary,600,675,60.0,+67.5,30,half2p5,phase63(L1-G1),yaw0600_pitchp0675_roll+030,YES,21_pack (new render),,P2 R3 low-info yaw55~65 pitch+60~70 (mean_nc 最低=0.798)
R3_low_info_connectivity__yaw0600_pitchp0675,R3_low_info_connectivity,R3_low_info_connectivity,low-info/ocs-hard,primary,600,675,60.0,+67.5,45,half2p5,phase63(L1-G1),yaw0600_pitchp0675_roll+045,YES,21_pack (new render),,P2 R3 low-info yaw55~65 pitch+60~70 (mean_nc 最低=0.798)
R3_low_info_connectivity__yaw0600_pitchp0675,R3_low_info_connectivity,R3_low_info_connectivity,low-info/ocs-hard,primary,600,675,60.0,+67.5,60,half2p5,phase63(L1-G1),yaw0600_pitchp0675_roll+060,YES,21_pack (new render),,P2 R3 low-info yaw55~65 pitch+60~70 (mean_nc 最低=0.798)
R3_low_info_connectivity__yaw0600_pitchp0700,R3_low_info_connectivity,R3_low_info_connectivity,low-info/ocs-hard,primary,600,700,60.0,+70.0,-60,integer5,phase63(L1-G1),yaw0600_pitchp0700_roll-060,YES,21_pack (new render),,P2 R3 low-info yaw55~65 pitch+60~70 (mean_nc 最低=0.798)
R3_low_info_connectivity__yaw0600_pitchp0700,R3_low_info_connectivity,R3_low_info_connectivity,low-info/ocs-hard,primary,600,700,60.0,+70.0,-45,integer5,phase63(L1-G1),yaw0600_pitchp0700_roll-045,YES,21_pack (new render),,P2 R3 low-info yaw55~65 pitch+60~70 (mean_nc 最低=0.798)
R3_low_info_connectivity__yaw0600_pitchp0700,R3_low_info_connectivity,R3_low_info_connectivity,low-info/ocs-hard,primary,600,700,60.0,+70.0,-30,integer5,phase63(L1-G1),yaw0600_pitchp0700_roll-030,YES,21_pack (new render),,P2 R3 low-info yaw55~65 pitch+60~70 (mean_nc 最低=0.798)
R3_low_info_connectivity__yaw0600_pitchp0700,R3_low_info_connectivity,R3_low_info_connectivity,low-info/ocs-hard,primary,600,700,60.0,+70.0,-15,integer5,phase63(L1-G1),yaw0600_pitchp0700_roll-015,YES,21_pack (new render),,P2 R3 low-info yaw55~65 pitch+60~70 (mean_nc 最低=0.798)
R3_low_info_connectivity__yaw0600_pitchp0700,R3_low_info_connectivity,R3_low_info_connectivity,low-info/ocs-hard,primary,600,700,60.0,+70.0,0,integer5,phase63(L1-G1),yaw0600_pitchp0700_roll+000,NO,01_fullrun (roll+000 整数点复用),yaw060_pitch+070_roll+000,P2 R3 low-info yaw55~65 pitch+60~70 (mean_nc 最低=0.798)
R3_low_info_connectivity__yaw0600_pitchp0700,R3_low_info_connectivity,R3_low_info_connectivity,low-info/ocs-hard,primary,600,700,60.0,+70.0,15,integer5,phase63(L1-G1),yaw0600_pitchp0700_roll+015,YES,21_pack (new render),,P2 R3 low-info yaw55~65 pitch+60~70 (mean_nc 最低=0.798)
R3_low_info_connectivity__yaw0600_pitchp0700,R3_low_info_connectivity,R3_low_info_connectivity,low-info/ocs-hard,primary,600,700,60.0,+70.0,30,integer5,phase63(L1-G1),yaw0600_pitchp0700_roll+030,YES,21_pack (new render),,P2 R3 low-info yaw55~65 pitch+60~70 (mean_nc 最低=0.798)
R3_low_info_connectivity__yaw0600_pitchp0700,R3_low_info_connectivity,R3_low_info_connectivity,low-info/ocs-hard,primary,600,700,60.0,+70.0,45,integer5,phase63(L1-G1),yaw0600_pitchp0700_roll+045,YES,21_pack (new render),,P2 R3 low-info yaw55~65 pitch+60~70 (mean_nc 最低=0.798)
R3_low_info_connectivity__yaw0600_pitchp0700,R3_low_info_connectivity,R3_low_info_connectivity,low-info/ocs-hard,primary,600,700,60.0,+70.0,60,integer5,phase63(L1-G1),yaw0600_pitchp0700_roll+060,YES,21_pack (new render),,P2 R3 low-info yaw55~65 pitch+60~70 (mean_nc 最低=0.798)
R3_low_info_connectivity__yaw0625_pitchp0600,R3_low_info_connectivity,R3_low_info_connectivity,low-info/ocs-hard,primary,625,600,62.5,+60.0,-60,half2p5,phase63(L1-G1),yaw0625_pitchp0600_roll-060,YES,21_pack (new render),,P2 R3 low-info yaw55~65 pitch+60~70 (mean_nc 最低=0.798)
R3_low_info_connectivity__yaw0625_pitchp0600,R3_low_info_connectivity,R3_low_info_connectivity,low-info/ocs-hard,primary,625,600,62.5,+60.0,-45,half2p5,phase63(L1-G1),yaw0625_pitchp0600_roll-045,YES,21_pack (new render),,P2 R3 low-info yaw55~65 pitch+60~70 (mean_nc 最低=0.798)
R3_low_info_connectivity__yaw0625_pitchp0600,R3_low_info_connectivity,R3_low_info_connectivity,low-info/ocs-hard,primary,625,600,62.5,+60.0,-30,half2p5,phase63(L1-G1),yaw0625_pitchp0600_roll-030,YES,21_pack (new render),,P2 R3 low-info yaw55~65 pitch+60~70 (mean_nc 最低=0.798)
R3_low_info_connectivity__yaw0625_pitchp0600,R3_low_info_connectivity,R3_low_info_connectivity,low-info/ocs-hard,primary,625,600,62.5,+60.0,-15,half2p5,phase63(L1-G1),yaw0625_pitchp0600_roll-015,YES,21_pack (new render),,P2 R3 low-info yaw55~65 pitch+60~70 (mean_nc 最低=0.798)
R3_low_info_connectivity__yaw0625_pitchp0600,R3_low_info_connectivity,R3_low_info_connectivity,low-info/ocs-hard,primary,625,600,62.5,+60.0,0,half2p5,phase63(L1-G1),yaw0625_pitchp0600_roll+000,YES,"21_pack (半度点 fullrun 无网格, roll=0 新渲染)",,P2 R3 low-info yaw55~65 pitch+60~70 (mean_nc 最低=0.798)
R3_low_info_connectivity__yaw0625_pitchp0600,R3_low_info_connectivity,R3_low_info_connectivity,low-info/ocs-hard,primary,625,600,62.5,+60.0,15,half2p5,phase63(L1-G1),yaw0625_pitchp0600_roll+015,YES,21_pack (new render),,P2 R3 low-info yaw55~65 pitch+60~70 (mean_nc 最低=0.798)
R3_low_info_connectivity__yaw0625_pitchp0600,R3_low_info_connectivity,R3_low_info_connectivity,low-info/ocs-hard,primary,625,600,62.5,+60.0,30,half2p5,phase63(L1-G1),yaw0625_pitchp0600_roll+030,YES,21_pack (new render),,P2 R3 low-info yaw55~65 pitch+60~70 (mean_nc 最低=0.798)
R3_low_info_connectivity__yaw0625_pitchp0600,R3_low_info_connectivity,R3_low_info_connectivity,low-info/ocs-hard,primary,625,600,62.5,+60.0,45,half2p5,phase63(L1-G1),yaw0625_pitchp0600_roll+045,YES,21_pack (new render),,P2 R3 low-info yaw55~65 pitch+60~70 (mean_nc 最低=0.798)
R3_low_info_connectivity__yaw0625_pitchp0600,R3_low_info_connectivity,R3_low_info_connectivity,low-info/ocs-hard,primary,625,600,62.5,+60.0,60,half2p5,phase63(L1-G1),yaw0625_pitchp0600_roll+060,YES,21_pack (new render),,P2 R3 low-info yaw55~65 pitch+60~70 (mean_nc 最低=0.798)
R3_low_info_connectivity__yaw0625_pitchp0625,R3_low_info_connectivity,R3_low_info_connectivity,low-info/ocs-hard,primary,625,625,62.5,+62.5,-60,half2p5,phase63(L1-G1),yaw0625_pitchp0625_roll-060,YES,21_pack (new render),,P2 R3 low-info yaw55~65 pitch+60~70 (mean_nc 最低=0.798)
R3_low_info_connectivity__yaw0625_pitchp0625,R3_low_info_connectivity,R3_low_info_connectivity,low-info/ocs-hard,primary,625,625,62.5,+62.5,-45,half2p5,phase63(L1-G1),yaw0625_pitchp0625_roll-045,YES,21_pack (new render),,P2 R3 low-info yaw55~65 pitch+60~70 (mean_nc 最低=0.798)
R3_low_info_connectivity__yaw0625_pitchp0625,R3_low_info_connectivity,R3_low_info_connectivity,low-info/ocs-hard,primary,625,625,62.5,+62.5,-30,half2p5,phase63(L1-G1),yaw0625_pitchp0625_roll-030,YES,21_pack (new render),,P2 R3 low-info yaw55~65 pitch+60~70 (mean_nc 最低=0.798)
R3_low_info_connectivity__yaw0625_pitchp0625,R3_low_info_connectivity,R3_low_info_connectivity,low-info/ocs-hard,primary,625,625,62.5,+62.5,-15,half2p5,phase63(L1-G1),yaw0625_pitchp0625_roll-015,YES,21_pack (new render),,P2 R3 low-info yaw55~65 pitch+60~70 (mean_nc 最低=0.798)
R3_low_info_connectivity__yaw0625_pitchp0625,R3_low_info_connectivity,R3_low_info_connectivity,low-info/ocs-hard,primary,625,625,62.5,+62.5,0,half2p5,phase63(L1-G1),yaw0625_pitchp0625_roll+000,YES,"21_pack (半度点 fullrun 无网格, roll=0 新渲染)",,P2 R3 low-info yaw55~65 pitch+60~70 (mean_nc 最低=0.798)
R3_low_info_connectivity__yaw0625_pitchp0625,R3_low_info_connectivity,R3_low_info_connectivity,low-info/ocs-hard,primary,625,625,62.5,+62.5,15,half2p5,phase63(L1-G1),yaw0625_pitchp0625_roll+015,YES,21_pack (new render),,P2 R3 low-info yaw55~65 pitch+60~70 (mean_nc 最低=0.798)
R3_low_info_connectivity__yaw0625_pitchp0625,R3_low_info_connectivity,R3_low_info_connectivity,low-info/ocs-hard,primary,625,625,62.5,+62.5,30,half2p5,phase63(L1-G1),yaw0625_pitchp0625_roll+030,YES,21_pack (new render),,P2 R3 low-info yaw55~65 pitch+60~70 (mean_nc 最低=0.798)
R3_low_info_connectivity__yaw0625_pitchp0625,R3_low_info_connectivity,R3_low_info_connectivity,low-info/ocs-hard,primary,625,625,62.5,+62.5,45,half2p5,phase63(L1-G1),yaw0625_pitchp0625_roll+045,YES,21_pack (new render),,P2 R3 low-info yaw55~65 pitch+60~70 (mean_nc 最低=0.798)
R3_low_info_connectivity__yaw0625_pitchp0625,R3_low_info_connectivity,R3_low_info_connectivity,low-info/ocs-hard,primary,625,625,62.5,+62.5,60,half2p5,phase63(L1-G1),yaw0625_pitchp0625_roll+060,YES,21_pack (new render),,P2 R3 low-info yaw55~65 pitch+60~70 (mean_nc 最低=0.798)
R3_low_info_connectivity__yaw0625_pitchp0650,R3_low_info_connectivity,R3_low_info_connectivity,low-info/ocs-hard,primary,625,650,62.5,+65.0,-60,half2p5,phase63(L1-G1),yaw0625_pitchp0650_roll-060,YES,21_pack (new render),,P2 R3 low-info yaw55~65 pitch+60~70 (mean_nc 最低=0.798)
R3_low_info_connectivity__yaw0625_pitchp0650,R3_low_info_connectivity,R3_low_info_connectivity,low-info/ocs-hard,primary,625,650,62.5,+65.0,-45,half2p5,phase63(L1-G1),yaw0625_pitchp0650_roll-045,YES,21_pack (new render),,P2 R3 low-info yaw55~65 pitch+60~70 (mean_nc 最低=0.798)
R3_low_info_connectivity__yaw0625_pitchp0650,R3_low_info_connectivity,R3_low_info_connectivity,low-info/ocs-hard,primary,625,650,62.5,+65.0,-30,half2p5,phase63(L1-G1),yaw0625_pitchp0650_roll-030,YES,21_pack (new render),,P2 R3 low-info yaw55~65 pitch+60~70 (mean_nc 最低=0.798)
R3_low_info_connectivity__yaw0625_pitchp0650,R3_low_info_connectivity,R3_low_info_connectivity,low-info/ocs-hard,primary,625,650,62.5,+65.0,-15,half2p5,phase63(L1-G1),yaw0625_pitchp0650_roll-015,YES,21_pack (new render),,P2 R3 low-info yaw55~65 pitch+60~70 (mean_nc 最低=0.798)
R3_low_info_connectivity__yaw0625_pitchp0650,R3_low_info_connectivity,R3_low_info_connectivity,low-info/ocs-hard,primary,625,650,62.5,+65.0,0,half2p5,phase63(L1-G1),yaw0625_pitchp0650_roll+000,YES,"21_pack (半度点 fullrun 无网格, roll=0 新渲染)",,P2 R3 low-info yaw55~65 pitch+60~70 (mean_nc 最低=0.798)
R3_low_info_connectivity__yaw0625_pitchp0650,R3_low_info_connectivity,R3_low_info_connectivity,low-info/ocs-hard,primary,625,650,62.5,+65.0,15,half2p5,phase63(L1-G1),yaw0625_pitchp0650_roll+015,YES,21_pack (new render),,P2 R3 low-info yaw55~65 pitch+60~70 (mean_nc 最低=0.798)
R3_low_info_connectivity__yaw0625_pitchp0650,R3_low_info_connectivity,R3_low_info_connectivity,low-info/ocs-hard,primary,625,650,62.5,+65.0,30,half2p5,phase63(L1-G1),yaw0625_pitchp0650_roll+030,YES,21_pack (new render),,P2 R3 low-info yaw55~65 pitch+60~70 (mean_nc 最低=0.798)
R3_low_info_connectivity__yaw0625_pitchp0650,R3_low_info_connectivity,R3_low_info_connectivity,low-info/ocs-hard,primary,625,650,62.5,+65.0,45,half2p5,phase63(L1-G1),yaw0625_pitchp0650_roll+045,YES,21_pack (new render),,P2 R3 low-info yaw55~65 pitch+60~70 (mean_nc 最低=0.798)
R3_low_info_connectivity__yaw0625_pitchp0650,R3_low_info_connectivity,R3_low_info_connectivity,low-info/ocs-hard,primary,625,650,62.5,+65.0,60,half2p5,phase63(L1-G1),yaw0625_pitchp0650_roll+060,YES,21_pack (new render),,P2 R3 low-info yaw55~65 pitch+60~70 (mean_nc 最低=0.798)
R3_low_info_connectivity__yaw0625_pitchp0675,R3_low_info_connectivity,R3_low_info_connectivity,low-info/ocs-hard,primary,625,675,62.5,+67.5,-60,half2p5,phase63(L1-G1),yaw0625_pitchp0675_roll-060,YES,21_pack (new render),,P2 R3 low-info yaw55~65 pitch+60~70 (mean_nc 最低=0.798)
R3_low_info_connectivity__yaw0625_pitchp0675,R3_low_info_connectivity,R3_low_info_connectivity,low-info/ocs-hard,primary,625,675,62.5,+67.5,-45,half2p5,phase63(L1-G1),yaw0625_pitchp0675_roll-045,YES,21_pack (new render),,P2 R3 low-info yaw55~65 pitch+60~70 (mean_nc 最低=0.798)
R3_low_info_connectivity__yaw0625_pitchp0675,R3_low_info_connectivity,R3_low_info_connectivity,low-info/ocs-hard,primary,625,675,62.5,+67.5,-30,half2p5,phase63(L1-G1),yaw0625_pitchp0675_roll-030,YES,21_pack (new render),,P2 R3 low-info yaw55~65 pitch+60~70 (mean_nc 最低=0.798)
R3_low_info_connectivity__yaw0625_pitchp0675,R3_low_info_connectivity,R3_low_info_connectivity,low-info/ocs-hard,primary,625,675,62.5,+67.5,-15,half2p5,phase63(L1-G1),yaw0625_pitchp0675_roll-015,YES,21_pack (new render),,P2 R3 low-info yaw55~65 pitch+60~70 (mean_nc 最低=0.798)
R3_low_info_connectivity__yaw0625_pitchp0675,R3_low_info_connectivity,R3_low_info_connectivity,low-info/ocs-hard,primary,625,675,62.5,+67.5,0,half2p5,phase63(L1-G1),yaw0625_pitchp0675_roll+000,YES,"21_pack (半度点 fullrun 无网格, roll=0 新渲染)",,P2 R3 low-info yaw55~65 pitch+60~70 (mean_nc 最低=0.798)
R3_low_info_connectivity__yaw0625_pitchp0675,R3_low_info_connectivity,R3_low_info_connectivity,low-info/ocs-hard,primary,625,675,62.5,+67.5,15,half2p5,phase63(L1-G1),yaw0625_pitchp0675_roll+015,YES,21_pack (new render),,P2 R3 low-info yaw55~65 pitch+60~70 (mean_nc 最低=0.798)
R3_low_info_connectivity__yaw0625_pitchp0675,R3_low_info_connectivity,R3_low_info_connectivity,low-info/ocs-hard,primary,625,675,62.5,+67.5,30,half2p5,phase63(L1-G1),yaw0625_pitchp0675_roll+030,YES,21_pack (new render),,P2 R3 low-info yaw55~65 pitch+60~70 (mean_nc 最低=0.798)
R3_low_info_connectivity__yaw0625_pitchp0675,R3_low_info_connectivity,R3_low_info_connectivity,low-info/ocs-hard,primary,625,675,62.5,+67.5,45,half2p5,phase63(L1-G1),yaw0625_pitchp0675_roll+045,YES,21_pack (new render),,P2 R3 low-info yaw55~65 pitch+60~70 (mean_nc 最低=0.798)
R3_low_info_connectivity__yaw0625_pitchp0675,R3_low_info_connectivity,R3_low_info_connectivity,low-info/ocs-hard,primary,625,675,62.5,+67.5,60,half2p5,phase63(L1-G1),yaw0625_pitchp0675_roll+060,YES,21_pack (new render),,P2 R3 low-info yaw55~65 pitch+60~70 (mean_nc 最低=0.798)
R3_low_info_connectivity__yaw0625_pitchp0700,R3_low_info_connectivity,R3_low_info_connectivity,low-info/ocs-hard,primary,625,700,62.5,+70.0,-60,half2p5,phase63(L1-G1),yaw0625_pitchp0700_roll-060,YES,21_pack (new render),,P2 R3 low-info yaw55~65 pitch+60~70 (mean_nc 最低=0.798)
R3_low_info_connectivity__yaw0625_pitchp0700,R3_low_info_connectivity,R3_low_info_connectivity,low-info/ocs-hard,primary,625,700,62.5,+70.0,-45,half2p5,phase63(L1-G1),yaw0625_pitchp0700_roll-045,YES,21_pack (new render),,P2 R3 low-info yaw55~65 pitch+60~70 (mean_nc 最低=0.798)
R3_low_info_connectivity__yaw0625_pitchp0700,R3_low_info_connectivity,R3_low_info_connectivity,low-info/ocs-hard,primary,625,700,62.5,+70.0,-30,half2p5,phase63(L1-G1),yaw0625_pitchp0700_roll-030,YES,21_pack (new render),,P2 R3 low-info yaw55~65 pitch+60~70 (mean_nc 最低=0.798)
R3_low_info_connectivity__yaw0625_pitchp0700,R3_low_info_connectivity,R3_low_info_connectivity,low-info/ocs-hard,primary,625,700,62.5,+70.0,-15,half2p5,phase63(L1-G1),yaw0625_pitchp0700_roll-015,YES,21_pack (new render),,P2 R3 low-info yaw55~65 pitch+60~70 (mean_nc 最低=0.798)
R3_low_info_connectivity__yaw0625_pitchp0700,R3_low_info_connectivity,R3_low_info_connectivity,low-info/ocs-hard,primary,625,700,62.5,+70.0,0,half2p5,phase63(L1-G1),yaw0625_pitchp0700_roll+000,YES,"21_pack (半度点 fullrun 无网格, roll=0 新渲染)",,P2 R3 low-info yaw55~65 pitch+60~70 (mean_nc 最低=0.798)
R3_low_info_connectivity__yaw0625_pitchp0700,R3_low_info_connectivity,R3_low_info_connectivity,low-info/ocs-hard,primary,625,700,62.5,+70.0,15,half2p5,phase63(L1-G1),yaw0625_pitchp0700_roll+015,YES,21_pack (new render),,P2 R3 low-info yaw55~65 pitch+60~70 (mean_nc 最低=0.798)
R3_low_info_connectivity__yaw0625_pitchp0700,R3_low_info_connectivity,R3_low_info_connectivity,low-info/ocs-hard,primary,625,700,62.5,+70.0,30,half2p5,phase63(L1-G1),yaw0625_pitchp0700_roll+030,YES,21_pack (new render),,P2 R3 low-info yaw55~65 pitch+60~70 (mean_nc 最低=0.798)
R3_low_info_connectivity__yaw0625_pitchp0700,R3_low_info_connectivity,R3_low_info_connectivity,low-info/ocs-hard,primary,625,700,62.5,+70.0,45,half2p5,phase63(L1-G1),yaw0625_pitchp0700_roll+045,YES,21_pack (new render),,P2 R3 low-info yaw55~65 pitch+60~70 (mean_nc 最低=0.798)
R3_low_info_connectivity__yaw0625_pitchp0700,R3_low_info_connectivity,R3_low_info_connectivity,low-info/ocs-hard,primary,625,700,62.5,+70.0,60,half2p5,phase63(L1-G1),yaw0625_pitchp0700_roll+060,YES,21_pack (new render),,P2 R3 low-info yaw55~65 pitch+60~70 (mean_nc 最低=0.798)
R3_low_info_connectivity__yaw0650_pitchp0600,R3_low_info_connectivity,R3_low_info_connectivity,low-info/ocs-hard,primary,650,600,65.0,+60.0,-60,integer5,phase63(L1-G1),yaw0650_pitchp0600_roll-060,YES,21_pack (new render),,P2 R3 low-info yaw55~65 pitch+60~70 (mean_nc 最低=0.798)
R3_low_info_connectivity__yaw0650_pitchp0600,R3_low_info_connectivity,R3_low_info_connectivity,low-info/ocs-hard,primary,650,600,65.0,+60.0,-45,integer5,phase63(L1-G1),yaw0650_pitchp0600_roll-045,YES,21_pack (new render),,P2 R3 low-info yaw55~65 pitch+60~70 (mean_nc 最低=0.798)
R3_low_info_connectivity__yaw0650_pitchp0600,R3_low_info_connectivity,R3_low_info_connectivity,low-info/ocs-hard,primary,650,600,65.0,+60.0,-30,integer5,phase63(L1-G1),yaw0650_pitchp0600_roll-030,YES,21_pack (new render),,P2 R3 low-info yaw55~65 pitch+60~70 (mean_nc 最低=0.798)
R3_low_info_connectivity__yaw0650_pitchp0600,R3_low_info_connectivity,R3_low_info_connectivity,low-info/ocs-hard,primary,650,600,65.0,+60.0,-15,integer5,phase63(L1-G1),yaw0650_pitchp0600_roll-015,YES,21_pack (new render),,P2 R3 low-info yaw55~65 pitch+60~70 (mean_nc 最低=0.798)
R3_low_info_connectivity__yaw0650_pitchp0600,R3_low_info_connectivity,R3_low_info_connectivity,low-info/ocs-hard,primary,650,600,65.0,+60.0,0,integer5,phase63(L1-G1),yaw0650_pitchp0600_roll+000,NO,01_fullrun (roll+000 整数点复用),yaw065_pitch+060_roll+000,P2 R3 low-info yaw55~65 pitch+60~70 (mean_nc 最低=0.798)
R3_low_info_connectivity__yaw0650_pitchp0600,R3_low_info_connectivity,R3_low_info_connectivity,low-info/ocs-hard,primary,650,600,65.0,+60.0,15,integer5,phase63(L1-G1),yaw0650_pitchp0600_roll+015,YES,21_pack (new render),,P2 R3 low-info yaw55~65 pitch+60~70 (mean_nc 最低=0.798)
R3_low_info_connectivity__yaw0650_pitchp0600,R3_low_info_connectivity,R3_low_info_connectivity,low-info/ocs-hard,primary,650,600,65.0,+60.0,30,integer5,phase63(L1-G1),yaw0650_pitchp0600_roll+030,YES,21_pack (new render),,P2 R3 low-info yaw55~65 pitch+60~70 (mean_nc 最低=0.798)
R3_low_info_connectivity__yaw0650_pitchp0600,R3_low_info_connectivity,R3_low_info_connectivity,low-info/ocs-hard,primary,650,600,65.0,+60.0,45,integer5,phase63(L1-G1),yaw0650_pitchp0600_roll+045,YES,21_pack (new render),,P2 R3 low-info yaw55~65 pitch+60~70 (mean_nc 最低=0.798)
R3_low_info_connectivity__yaw0650_pitchp0600,R3_low_info_connectivity,R3_low_info_connectivity,low-info/ocs-hard,primary,650,600,65.0,+60.0,60,integer5,phase63(L1-G1),yaw0650_pitchp0600_roll+060,YES,21_pack (new render),,P2 R3 low-info yaw55~65 pitch+60~70 (mean_nc 最低=0.798)
R3_low_info_connectivity__yaw0650_pitchp0625,R3_low_info_connectivity,R3_low_info_connectivity,low-info/ocs-hard,primary,650,625,65.0,+62.5,-60,half2p5,phase63(L1-G1),yaw0650_pitchp0625_roll-060,YES,21_pack (new render),,P2 R3 low-info yaw55~65 pitch+60~70 (mean_nc 最低=0.798)
R3_low_info_connectivity__yaw0650_pitchp0625,R3_low_info_connectivity,R3_low_info_connectivity,low-info/ocs-hard,primary,650,625,65.0,+62.5,-45,half2p5,phase63(L1-G1),yaw0650_pitchp0625_roll-045,YES,21_pack (new render),,P2 R3 low-info yaw55~65 pitch+60~70 (mean_nc 最低=0.798)
R3_low_info_connectivity__yaw0650_pitchp0625,R3_low_info_connectivity,R3_low_info_connectivity,low-info/ocs-hard,primary,650,625,65.0,+62.5,-30,half2p5,phase63(L1-G1),yaw0650_pitchp0625_roll-030,YES,21_pack (new render),,P2 R3 low-info yaw55~65 pitch+60~70 (mean_nc 最低=0.798)
R3_low_info_connectivity__yaw0650_pitchp0625,R3_low_info_connectivity,R3_low_info_connectivity,low-info/ocs-hard,primary,650,625,65.0,+62.5,-15,half2p5,phase63(L1-G1),yaw0650_pitchp0625_roll-015,YES,21_pack (new render),,P2 R3 low-info yaw55~65 pitch+60~70 (mean_nc 最低=0.798)
R3_low_info_connectivity__yaw0650_pitchp0625,R3_low_info_connectivity,R3_low_info_connectivity,low-info/ocs-hard,primary,650,625,65.0,+62.5,0,half2p5,phase63(L1-G1),yaw0650_pitchp0625_roll+000,YES,"21_pack (半度点 fullrun 无网格, roll=0 新渲染)",,P2 R3 low-info yaw55~65 pitch+60~70 (mean_nc 最低=0.798)
R3_low_info_connectivity__yaw0650_pitchp0625,R3_low_info_connectivity,R3_low_info_connectivity,low-info/ocs-hard,primary,650,625,65.0,+62.5,15,half2p5,phase63(L1-G1),yaw0650_pitchp0625_roll+015,YES,21_pack (new render),,P2 R3 low-info yaw55~65 pitch+60~70 (mean_nc 最低=0.798)
R3_low_info_connectivity__yaw0650_pitchp0625,R3_low_info_connectivity,R3_low_info_connectivity,low-info/ocs-hard,primary,650,625,65.0,+62.5,30,half2p5,phase63(L1-G1),yaw0650_pitchp0625_roll+030,YES,21_pack (new render),,P2 R3 low-info yaw55~65 pitch+60~70 (mean_nc 最低=0.798)
R3_low_info_connectivity__yaw0650_pitchp0625,R3_low_info_connectivity,R3_low_info_connectivity,low-info/ocs-hard,primary,650,625,65.0,+62.5,45,half2p5,phase63(L1-G1),yaw0650_pitchp0625_roll+045,YES,21_pack (new render),,P2 R3 low-info yaw55~65 pitch+60~70 (mean_nc 最低=0.798)
R3_low_info_connectivity__yaw0650_pitchp0625,R3_low_info_connectivity,R3_low_info_connectivity,low-info/ocs-hard,primary,650,625,65.0,+62.5,60,half2p5,phase63(L1-G1),yaw0650_pitchp0625_roll+060,YES,21_pack (new render),,P2 R3 low-info yaw55~65 pitch+60~70 (mean_nc 最低=0.798)
R3_low_info_connectivity__yaw0650_pitchp0650,R3_low_info_connectivity,R3_low_info_connectivity,low-info/ocs-hard,primary,650,650,65.0,+65.0,-60,integer5,phase63(L1-G1),yaw0650_pitchp0650_roll-060,YES,21_pack (new render),,P2 R3 low-info yaw55~65 pitch+60~70 (mean_nc 最低=0.798)
R3_low_info_connectivity__yaw0650_pitchp0650,R3_low_info_connectivity,R3_low_info_connectivity,low-info/ocs-hard,primary,650,650,65.0,+65.0,-45,integer5,phase63(L1-G1),yaw0650_pitchp0650_roll-045,YES,21_pack (new render),,P2 R3 low-info yaw55~65 pitch+60~70 (mean_nc 最低=0.798)
R3_low_info_connectivity__yaw0650_pitchp0650,R3_low_info_connectivity,R3_low_info_connectivity,low-info/ocs-hard,primary,650,650,65.0,+65.0,-30,integer5,phase63(L1-G1),yaw0650_pitchp0650_roll-030,YES,21_pack (new render),,P2 R3 low-info yaw55~65 pitch+60~70 (mean_nc 最低=0.798)
R3_low_info_connectivity__yaw0650_pitchp0650,R3_low_info_connectivity,R3_low_info_connectivity,low-info/ocs-hard,primary,650,650,65.0,+65.0,-15,integer5,phase63(L1-G1),yaw0650_pitchp0650_roll-015,YES,21_pack (new render),,P2 R3 low-info yaw55~65 pitch+60~70 (mean_nc 最低=0.798)
R3_low_info_connectivity__yaw0650_pitchp0650,R3_low_info_connectivity,R3_low_info_connectivity,low-info/ocs-hard,primary,650,650,65.0,+65.0,0,integer5,phase63(L1-G1),yaw0650_pitchp0650_roll+000,NO,01_fullrun (roll+000 整数点复用),yaw065_pitch+065_roll+000,P2 R3 low-info yaw55~65 pitch+60~70 (mean_nc 最低=0.798)
R3_low_info_connectivity__yaw0650_pitchp0650,R3_low_info_connectivity,R3_low_info_connectivity,low-info/ocs-hard,primary,650,650,65.0,+65.0,15,integer5,phase63(L1-G1),yaw0650_pitchp0650_roll+015,YES,21_pack (new render),,P2 R3 low-info yaw55~65 pitch+60~70 (mean_nc 最低=0.798)
R3_low_info_connectivity__yaw0650_pitchp0650,R3_low_info_connectivity,R3_low_info_connectivity,low-info/ocs-hard,primary,650,650,65.0,+65.0,30,integer5,phase63(L1-G1),yaw0650_pitchp0650_roll+030,YES,21_pack (new render),,P2 R3 low-info yaw55~65 pitch+60~70 (mean_nc 最低=0.798)
R3_low_info_connectivity__yaw0650_pitchp0650,R3_low_info_connectivity,R3_low_info_connectivity,low-info/ocs-hard,primary,650,650,65.0,+65.0,45,integer5,phase63(L1-G1),yaw0650_pitchp0650_roll+045,YES,21_pack (new render),,P2 R3 low-info yaw55~65 pitch+60~70 (mean_nc 最低=0.798)
R3_low_info_connectivity__yaw0650_pitchp0650,R3_low_info_connectivity,R3_low_info_connectivity,low-info/ocs-hard,primary,650,650,65.0,+65.0,60,integer5,phase63(L1-G1),yaw0650_pitchp0650_roll+060,YES,21_pack (new render),,P2 R3 low-info yaw55~65 pitch+60~70 (mean_nc 最低=0.798)
R3_low_info_connectivity__yaw0650_pitchp0675,R3_low_info_connectivity,R3_low_info_connectivity,low-info/ocs-hard,primary,650,675,65.0,+67.5,-60,half2p5,phase63(L1-G1),yaw0650_pitchp0675_roll-060,YES,21_pack (new render),,P2 R3 low-info yaw55~65 pitch+60~70 (mean_nc 最低=0.798)
R3_low_info_connectivity__yaw0650_pitchp0675,R3_low_info_connectivity,R3_low_info_connectivity,low-info/ocs-hard,primary,650,675,65.0,+67.5,-45,half2p5,phase63(L1-G1),yaw0650_pitchp0675_roll-045,YES,21_pack (new render),,P2 R3 low-info yaw55~65 pitch+60~70 (mean_nc 最低=0.798)
R3_low_info_connectivity__yaw0650_pitchp0675,R3_low_info_connectivity,R3_low_info_connectivity,low-info/ocs-hard,primary,650,675,65.0,+67.5,-30,half2p5,phase63(L1-G1),yaw0650_pitchp0675_roll-030,YES,21_pack (new render),,P2 R3 low-info yaw55~65 pitch+60~70 (mean_nc 最低=0.798)
R3_low_info_connectivity__yaw0650_pitchp0675,R3_low_info_connectivity,R3_low_info_connectivity,low-info/ocs-hard,primary,650,675,65.0,+67.5,-15,half2p5,phase63(L1-G1),yaw0650_pitchp0675_roll-015,YES,21_pack (new render),,P2 R3 low-info yaw55~65 pitch+60~70 (mean_nc 最低=0.798)
R3_low_info_connectivity__yaw0650_pitchp0675,R3_low_info_connectivity,R3_low_info_connectivity,low-info/ocs-hard,primary,650,675,65.0,+67.5,0,half2p5,phase63(L1-G1),yaw0650_pitchp0675_roll+000,YES,"21_pack (半度点 fullrun 无网格, roll=0 新渲染)",,P2 R3 low-info yaw55~65 pitch+60~70 (mean_nc 最低=0.798)
R3_low_info_connectivity__yaw0650_pitchp0675,R3_low_info_connectivity,R3_low_info_connectivity,low-info/ocs-hard,primary,650,675,65.0,+67.5,15,half2p5,phase63(L1-G1),yaw0650_pitchp0675_roll+015,YES,21_pack (new render),,P2 R3 low-info yaw55~65 pitch+60~70 (mean_nc 最低=0.798)
R3_low_info_connectivity__yaw0650_pitchp0675,R3_low_info_connectivity,R3_low_info_connectivity,low-info/ocs-hard,primary,650,675,65.0,+67.5,30,half2p5,phase63(L1-G1),yaw0650_pitchp0675_roll+030,YES,21_pack (new render),,P2 R3 low-info yaw55~65 pitch+60~70 (mean_nc 最低=0.798)
R3_low_info_connectivity__yaw0650_pitchp0675,R3_low_info_connectivity,R3_low_info_connectivity,low-info/ocs-hard,primary,650,675,65.0,+67.5,45,half2p5,phase63(L1-G1),yaw0650_pitchp0675_roll+045,YES,21_pack (new render),,P2 R3 low-info yaw55~65 pitch+60~70 (mean_nc 最低=0.798)
R3_low_info_connectivity__yaw0650_pitchp0675,R3_low_info_connectivity,R3_low_info_connectivity,low-info/ocs-hard,primary,650,675,65.0,+67.5,60,half2p5,phase63(L1-G1),yaw0650_pitchp0675_roll+060,YES,21_pack (new render),,P2 R3 low-info yaw55~65 pitch+60~70 (mean_nc 最低=0.798)
R3_low_info_connectivity__yaw0650_pitchp0700,R3_low_info_connectivity,R3_low_info_connectivity,low-info/ocs-hard,primary,650,700,65.0,+70.0,-60,integer5,phase63(L1-G1),yaw0650_pitchp0700_roll-060,YES,21_pack (new render),,P2 R3 low-info yaw55~65 pitch+60~70 (mean_nc 最低=0.798)
R3_low_info_connectivity__yaw0650_pitchp0700,R3_low_info_connectivity,R3_low_info_connectivity,low-info/ocs-hard,primary,650,700,65.0,+70.0,-45,integer5,phase63(L1-G1),yaw0650_pitchp0700_roll-045,YES,21_pack (new render),,P2 R3 low-info yaw55~65 pitch+60~70 (mean_nc 最低=0.798)
R3_low_info_connectivity__yaw0650_pitchp0700,R3_low_info_connectivity,R3_low_info_connectivity,low-info/ocs-hard,primary,650,700,65.0,+70.0,-30,integer5,phase63(L1-G1),yaw0650_pitchp0700_roll-030,YES,21_pack (new render),,P2 R3 low-info yaw55~65 pitch+60~70 (mean_nc 最低=0.798)
R3_low_info_connectivity__yaw0650_pitchp0700,R3_low_info_connectivity,R3_low_info_connectivity,low-info/ocs-hard,primary,650,700,65.0,+70.0,-15,integer5,phase63(L1-G1),yaw0650_pitchp0700_roll-015,YES,21_pack (new render),,P2 R3 low-info yaw55~65 pitch+60~70 (mean_nc 最低=0.798)
R3_low_info_connectivity__yaw0650_pitchp0700,R3_low_info_connectivity,R3_low_info_connectivity,low-info/ocs-hard,primary,650,700,65.0,+70.0,0,integer5,phase63(L1-G1),yaw0650_pitchp0700_roll+000,NO,01_fullrun (roll+000 整数点复用),yaw065_pitch+070_roll+000,P2 R3 low-info yaw55~65 pitch+60~70 (mean_nc 最低=0.798)
R3_low_info_connectivity__yaw0650_pitchp0700,R3_low_info_connectivity,R3_low_info_connectivity,low-info/ocs-hard,primary,650,700,65.0,+70.0,15,integer5,phase63(L1-G1),yaw0650_pitchp0700_roll+015,YES,21_pack (new render),,P2 R3 low-info yaw55~65 pitch+60~70 (mean_nc 最低=0.798)
R3_low_info_connectivity__yaw0650_pitchp0700,R3_low_info_connectivity,R3_low_info_connectivity,low-info/ocs-hard,primary,650,700,65.0,+70.0,30,integer5,phase63(L1-G1),yaw0650_pitchp0700_roll+030,YES,21_pack (new render),,P2 R3 low-info yaw55~65 pitch+60~70 (mean_nc 最低=0.798)
R3_low_info_connectivity__yaw0650_pitchp0700,R3_low_info_connectivity,R3_low_info_connectivity,low-info/ocs-hard,primary,650,700,65.0,+70.0,45,integer5,phase63(L1-G1),yaw0650_pitchp0700_roll+045,YES,21_pack (new render),,P2 R3 low-info yaw55~65 pitch+60~70 (mean_nc 最低=0.798)
R3_low_info_connectivity__yaw0650_pitchp0700,R3_low_info_connectivity,R3_low_info_connectivity,low-info/ocs-hard,primary,650,700,65.0,+70.0,60,integer5,phase63(L1-G1),yaw0650_pitchp0700_roll+060,YES,21_pack (new render),,P2 R3 low-info yaw55~65 pitch+60~70 (mean_nc 最低=0.798)
R4_bright_info_boundary__yaw1450_pitchp0100,R4_bright_info_boundary,R4_bright_info_boundary,bright/robust-easy + info-boundary,primary,1450,100,145.0,+10.0,-60,integer5,phase63(L1-G1),yaw1450_pitchp0100_roll-060,YES,21_pack (new render),,P2 R4 brightest yaw150/+15 (b_rank=1) 与 info-max yaw155/+20 (info_rank=1)
R4_bright_info_boundary__yaw1450_pitchp0100,R4_bright_info_boundary,R4_bright_info_boundary,bright/robust-easy + info-boundary,primary,1450,100,145.0,+10.0,-45,integer5,phase63(L1-G1),yaw1450_pitchp0100_roll-045,YES,21_pack (new render),,P2 R4 brightest yaw150/+15 (b_rank=1) 与 info-max yaw155/+20 (info_rank=1)
R4_bright_info_boundary__yaw1450_pitchp0100,R4_bright_info_boundary,R4_bright_info_boundary,bright/robust-easy + info-boundary,primary,1450,100,145.0,+10.0,-30,integer5,phase63(L1-G1),yaw1450_pitchp0100_roll-030,YES,21_pack (new render),,P2 R4 brightest yaw150/+15 (b_rank=1) 与 info-max yaw155/+20 (info_rank=1)
R4_bright_info_boundary__yaw1450_pitchp0100,R4_bright_info_boundary,R4_bright_info_boundary,bright/robust-easy + info-boundary,primary,1450,100,145.0,+10.0,-15,integer5,phase63(L1-G1),yaw1450_pitchp0100_roll-015,YES,21_pack (new render),,P2 R4 brightest yaw150/+15 (b_rank=1) 与 info-max yaw155/+20 (info_rank=1)
R4_bright_info_boundary__yaw1450_pitchp0100,R4_bright_info_boundary,R4_bright_info_boundary,bright/robust-easy + info-boundary,primary,1450,100,145.0,+10.0,0,integer5,phase63(L1-G1),yaw1450_pitchp0100_roll+000,NO,01_fullrun (roll+000 整数点复用),yaw145_pitch+010_roll+000,P2 R4 brightest yaw150/+15 (b_rank=1) 与 info-max yaw155/+20 (info_rank=1)
R4_bright_info_boundary__yaw1450_pitchp0100,R4_bright_info_boundary,R4_bright_info_boundary,bright/robust-easy + info-boundary,primary,1450,100,145.0,+10.0,15,integer5,phase63(L1-G1),yaw1450_pitchp0100_roll+015,YES,21_pack (new render),,P2 R4 brightest yaw150/+15 (b_rank=1) 与 info-max yaw155/+20 (info_rank=1)
R4_bright_info_boundary__yaw1450_pitchp0100,R4_bright_info_boundary,R4_bright_info_boundary,bright/robust-easy + info-boundary,primary,1450,100,145.0,+10.0,30,integer5,phase63(L1-G1),yaw1450_pitchp0100_roll+030,YES,21_pack (new render),,P2 R4 brightest yaw150/+15 (b_rank=1) 与 info-max yaw155/+20 (info_rank=1)
R4_bright_info_boundary__yaw1450_pitchp0100,R4_bright_info_boundary,R4_bright_info_boundary,bright/robust-easy + info-boundary,primary,1450,100,145.0,+10.0,45,integer5,phase63(L1-G1),yaw1450_pitchp0100_roll+045,YES,21_pack (new render),,P2 R4 brightest yaw150/+15 (b_rank=1) 与 info-max yaw155/+20 (info_rank=1)
R4_bright_info_boundary__yaw1450_pitchp0100,R4_bright_info_boundary,R4_bright_info_boundary,bright/robust-easy + info-boundary,primary,1450,100,145.0,+10.0,60,integer5,phase63(L1-G1),yaw1450_pitchp0100_roll+060,YES,21_pack (new render),,P2 R4 brightest yaw150/+15 (b_rank=1) 与 info-max yaw155/+20 (info_rank=1)
R4_bright_info_boundary__yaw1450_pitchp0125,R4_bright_info_boundary,R4_bright_info_boundary,bright/robust-easy + info-boundary,primary,1450,125,145.0,+12.5,-60,half2p5,phase63(L1-G1),yaw1450_pitchp0125_roll-060,YES,21_pack (new render),,P2 R4 brightest yaw150/+15 (b_rank=1) 与 info-max yaw155/+20 (info_rank=1)
R4_bright_info_boundary__yaw1450_pitchp0125,R4_bright_info_boundary,R4_bright_info_boundary,bright/robust-easy + info-boundary,primary,1450,125,145.0,+12.5,-45,half2p5,phase63(L1-G1),yaw1450_pitchp0125_roll-045,YES,21_pack (new render),,P2 R4 brightest yaw150/+15 (b_rank=1) 与 info-max yaw155/+20 (info_rank=1)
R4_bright_info_boundary__yaw1450_pitchp0125,R4_bright_info_boundary,R4_bright_info_boundary,bright/robust-easy + info-boundary,primary,1450,125,145.0,+12.5,-30,half2p5,phase63(L1-G1),yaw1450_pitchp0125_roll-030,YES,21_pack (new render),,P2 R4 brightest yaw150/+15 (b_rank=1) 与 info-max yaw155/+20 (info_rank=1)
R4_bright_info_boundary__yaw1450_pitchp0125,R4_bright_info_boundary,R4_bright_info_boundary,bright/robust-easy + info-boundary,primary,1450,125,145.0,+12.5,-15,half2p5,phase63(L1-G1),yaw1450_pitchp0125_roll-015,YES,21_pack (new render),,P2 R4 brightest yaw150/+15 (b_rank=1) 与 info-max yaw155/+20 (info_rank=1)
R4_bright_info_boundary__yaw1450_pitchp0125,R4_bright_info_boundary,R4_bright_info_boundary,bright/robust-easy + info-boundary,primary,1450,125,145.0,+12.5,0,half2p5,phase63(L1-G1),yaw1450_pitchp0125_roll+000,YES,"21_pack (半度点 fullrun 无网格, roll=0 新渲染)",,P2 R4 brightest yaw150/+15 (b_rank=1) 与 info-max yaw155/+20 (info_rank=1)
R4_bright_info_boundary__yaw1450_pitchp0125,R4_bright_info_boundary,R4_bright_info_boundary,bright/robust-easy + info-boundary,primary,1450,125,145.0,+12.5,15,half2p5,phase63(L1-G1),yaw1450_pitchp0125_roll+015,YES,21_pack (new render),,P2 R4 brightest yaw150/+15 (b_rank=1) 与 info-max yaw155/+20 (info_rank=1)
R4_bright_info_boundary__yaw1450_pitchp0125,R4_bright_info_boundary,R4_bright_info_boundary,bright/robust-easy + info-boundary,primary,1450,125,145.0,+12.5,30,half2p5,phase63(L1-G1),yaw1450_pitchp0125_roll+030,YES,21_pack (new render),,P2 R4 brightest yaw150/+15 (b_rank=1) 与 info-max yaw155/+20 (info_rank=1)
R4_bright_info_boundary__yaw1450_pitchp0125,R4_bright_info_boundary,R4_bright_info_boundary,bright/robust-easy + info-boundary,primary,1450,125,145.0,+12.5,45,half2p5,phase63(L1-G1),yaw1450_pitchp0125_roll+045,YES,21_pack (new render),,P2 R4 brightest yaw150/+15 (b_rank=1) 与 info-max yaw155/+20 (info_rank=1)
R4_bright_info_boundary__yaw1450_pitchp0125,R4_bright_info_boundary,R4_bright_info_boundary,bright/robust-easy + info-boundary,primary,1450,125,145.0,+12.5,60,half2p5,phase63(L1-G1),yaw1450_pitchp0125_roll+060,YES,21_pack (new render),,P2 R4 brightest yaw150/+15 (b_rank=1) 与 info-max yaw155/+20 (info_rank=1)
R4_bright_info_boundary__yaw1450_pitchp0150,R4_bright_info_boundary,R4_bright_info_boundary,bright/robust-easy + info-boundary,primary,1450,150,145.0,+15.0,-60,integer5,phase63(L1-G1),yaw1450_pitchp0150_roll-060,YES,21_pack (new render),,P2 R4 brightest yaw150/+15 (b_rank=1) 与 info-max yaw155/+20 (info_rank=1)
R4_bright_info_boundary__yaw1450_pitchp0150,R4_bright_info_boundary,R4_bright_info_boundary,bright/robust-easy + info-boundary,primary,1450,150,145.0,+15.0,-45,integer5,phase63(L1-G1),yaw1450_pitchp0150_roll-045,YES,21_pack (new render),,P2 R4 brightest yaw150/+15 (b_rank=1) 与 info-max yaw155/+20 (info_rank=1)
R4_bright_info_boundary__yaw1450_pitchp0150,R4_bright_info_boundary,R4_bright_info_boundary,bright/robust-easy + info-boundary,primary,1450,150,145.0,+15.0,-30,integer5,phase63(L1-G1),yaw1450_pitchp0150_roll-030,YES,21_pack (new render),,P2 R4 brightest yaw150/+15 (b_rank=1) 与 info-max yaw155/+20 (info_rank=1)
R4_bright_info_boundary__yaw1450_pitchp0150,R4_bright_info_boundary,R4_bright_info_boundary,bright/robust-easy + info-boundary,primary,1450,150,145.0,+15.0,-15,integer5,phase63(L1-G1),yaw1450_pitchp0150_roll-015,YES,21_pack (new render),,P2 R4 brightest yaw150/+15 (b_rank=1) 与 info-max yaw155/+20 (info_rank=1)
R4_bright_info_boundary__yaw1450_pitchp0150,R4_bright_info_boundary,R4_bright_info_boundary,bright/robust-easy + info-boundary,primary,1450,150,145.0,+15.0,0,integer5,phase63(L1-G1),yaw1450_pitchp0150_roll+000,NO,01_fullrun (roll+000 整数点复用),yaw145_pitch+015_roll+000,P2 R4 brightest yaw150/+15 (b_rank=1) 与 info-max yaw155/+20 (info_rank=1)
R4_bright_info_boundary__yaw1450_pitchp0150,R4_bright_info_boundary,R4_bright_info_boundary,bright/robust-easy + info-boundary,primary,1450,150,145.0,+15.0,15,integer5,phase63(L1-G1),yaw1450_pitchp0150_roll+015,YES,21_pack (new render),,P2 R4 brightest yaw150/+15 (b_rank=1) 与 info-max yaw155/+20 (info_rank=1)
R4_bright_info_boundary__yaw1450_pitchp0150,R4_bright_info_boundary,R4_bright_info_boundary,bright/robust-easy + info-boundary,primary,1450,150,145.0,+15.0,30,integer5,phase63(L1-G1),yaw1450_pitchp0150_roll+030,YES,21_pack (new render),,P2 R4 brightest yaw150/+15 (b_rank=1) 与 info-max yaw155/+20 (info_rank=1)
R4_bright_info_boundary__yaw1450_pitchp0150,R4_bright_info_boundary,R4_bright_info_boundary,bright/robust-easy + info-boundary,primary,1450,150,145.0,+15.0,45,integer5,phase63(L1-G1),yaw1450_pitchp0150_roll+045,YES,21_pack (new render),,P2 R4 brightest yaw150/+15 (b_rank=1) 与 info-max yaw155/+20 (info_rank=1)
R4_bright_info_boundary__yaw1450_pitchp0150,R4_bright_info_boundary,R4_bright_info_boundary,bright/robust-easy + info-boundary,primary,1450,150,145.0,+15.0,60,integer5,phase63(L1-G1),yaw1450_pitchp0150_roll+060,YES,21_pack (new render),,P2 R4 brightest yaw150/+15 (b_rank=1) 与 info-max yaw155/+20 (info_rank=1)
R4_bright_info_boundary__yaw1450_pitchp0175,R4_bright_info_boundary,R4_bright_info_boundary,bright/robust-easy + info-boundary,primary,1450,175,145.0,+17.5,-60,half2p5,phase63(L1-G1),yaw1450_pitchp0175_roll-060,YES,21_pack (new render),,P2 R4 brightest yaw150/+15 (b_rank=1) 与 info-max yaw155/+20 (info_rank=1)
R4_bright_info_boundary__yaw1450_pitchp0175,R4_bright_info_boundary,R4_bright_info_boundary,bright/robust-easy + info-boundary,primary,1450,175,145.0,+17.5,-45,half2p5,phase63(L1-G1),yaw1450_pitchp0175_roll-045,YES,21_pack (new render),,P2 R4 brightest yaw150/+15 (b_rank=1) 与 info-max yaw155/+20 (info_rank=1)
R4_bright_info_boundary__yaw1450_pitchp0175,R4_bright_info_boundary,R4_bright_info_boundary,bright/robust-easy + info-boundary,primary,1450,175,145.0,+17.5,-30,half2p5,phase63(L1-G1),yaw1450_pitchp0175_roll-030,YES,21_pack (new render),,P2 R4 brightest yaw150/+15 (b_rank=1) 与 info-max yaw155/+20 (info_rank=1)
R4_bright_info_boundary__yaw1450_pitchp0175,R4_bright_info_boundary,R4_bright_info_boundary,bright/robust-easy + info-boundary,primary,1450,175,145.0,+17.5,-15,half2p5,phase63(L1-G1),yaw1450_pitchp0175_roll-015,YES,21_pack (new render),,P2 R4 brightest yaw150/+15 (b_rank=1) 与 info-max yaw155/+20 (info_rank=1)
R4_bright_info_boundary__yaw1450_pitchp0175,R4_bright_info_boundary,R4_bright_info_boundary,bright/robust-easy + info-boundary,primary,1450,175,145.0,+17.5,0,half2p5,phase63(L1-G1),yaw1450_pitchp0175_roll+000,YES,"21_pack (半度点 fullrun 无网格, roll=0 新渲染)",,P2 R4 brightest yaw150/+15 (b_rank=1) 与 info-max yaw155/+20 (info_rank=1)
R4_bright_info_boundary__yaw1450_pitchp0175,R4_bright_info_boundary,R4_bright_info_boundary,bright/robust-easy + info-boundary,primary,1450,175,145.0,+17.5,15,half2p5,phase63(L1-G1),yaw1450_pitchp0175_roll+015,YES,21_pack (new render),,P2 R4 brightest yaw150/+15 (b_rank=1) 与 info-max yaw155/+20 (info_rank=1)
R4_bright_info_boundary__yaw1450_pitchp0175,R4_bright_info_boundary,R4_bright_info_boundary,bright/robust-easy + info-boundary,primary,1450,175,145.0,+17.5,30,half2p5,phase63(L1-G1),yaw1450_pitchp0175_roll+030,YES,21_pack (new render),,P2 R4 brightest yaw150/+15 (b_rank=1) 与 info-max yaw155/+20 (info_rank=1)
R4_bright_info_boundary__yaw1450_pitchp0175,R4_bright_info_boundary,R4_bright_info_boundary,bright/robust-easy + info-boundary,primary,1450,175,145.0,+17.5,45,half2p5,phase63(L1-G1),yaw1450_pitchp0175_roll+045,YES,21_pack (new render),,P2 R4 brightest yaw150/+15 (b_rank=1) 与 info-max yaw155/+20 (info_rank=1)
R4_bright_info_boundary__yaw1450_pitchp0175,R4_bright_info_boundary,R4_bright_info_boundary,bright/robust-easy + info-boundary,primary,1450,175,145.0,+17.5,60,half2p5,phase63(L1-G1),yaw1450_pitchp0175_roll+060,YES,21_pack (new render),,P2 R4 brightest yaw150/+15 (b_rank=1) 与 info-max yaw155/+20 (info_rank=1)
R4_bright_info_boundary__yaw1450_pitchp0200,R4_bright_info_boundary,R4_bright_info_boundary,bright/robust-easy + info-boundary,primary,1450,200,145.0,+20.0,-60,integer5,phase63(L1-G1),yaw1450_pitchp0200_roll-060,YES,21_pack (new render),,P2 R4 brightest yaw150/+15 (b_rank=1) 与 info-max yaw155/+20 (info_rank=1)
R4_bright_info_boundary__yaw1450_pitchp0200,R4_bright_info_boundary,R4_bright_info_boundary,bright/robust-easy + info-boundary,primary,1450,200,145.0,+20.0,-45,integer5,phase63(L1-G1),yaw1450_pitchp0200_roll-045,YES,21_pack (new render),,P2 R4 brightest yaw150/+15 (b_rank=1) 与 info-max yaw155/+20 (info_rank=1)
R4_bright_info_boundary__yaw1450_pitchp0200,R4_bright_info_boundary,R4_bright_info_boundary,bright/robust-easy + info-boundary,primary,1450,200,145.0,+20.0,-30,integer5,phase63(L1-G1),yaw1450_pitchp0200_roll-030,YES,21_pack (new render),,P2 R4 brightest yaw150/+15 (b_rank=1) 与 info-max yaw155/+20 (info_rank=1)
R4_bright_info_boundary__yaw1450_pitchp0200,R4_bright_info_boundary,R4_bright_info_boundary,bright/robust-easy + info-boundary,primary,1450,200,145.0,+20.0,-15,integer5,phase63(L1-G1),yaw1450_pitchp0200_roll-015,YES,21_pack (new render),,P2 R4 brightest yaw150/+15 (b_rank=1) 与 info-max yaw155/+20 (info_rank=1)
R4_bright_info_boundary__yaw1450_pitchp0200,R4_bright_info_boundary,R4_bright_info_boundary,bright/robust-easy + info-boundary,primary,1450,200,145.0,+20.0,0,integer5,phase63(L1-G1),yaw1450_pitchp0200_roll+000,NO,01_fullrun (roll+000 整数点复用),yaw145_pitch+020_roll+000,P2 R4 brightest yaw150/+15 (b_rank=1) 与 info-max yaw155/+20 (info_rank=1)
R4_bright_info_boundary__yaw1450_pitchp0200,R4_bright_info_boundary,R4_bright_info_boundary,bright/robust-easy + info-boundary,primary,1450,200,145.0,+20.0,15,integer5,phase63(L1-G1),yaw1450_pitchp0200_roll+015,YES,21_pack (new render),,P2 R4 brightest yaw150/+15 (b_rank=1) 与 info-max yaw155/+20 (info_rank=1)
R4_bright_info_boundary__yaw1450_pitchp0200,R4_bright_info_boundary,R4_bright_info_boundary,bright/robust-easy + info-boundary,primary,1450,200,145.0,+20.0,30,integer5,phase63(L1-G1),yaw1450_pitchp0200_roll+030,YES,21_pack (new render),,P2 R4 brightest yaw150/+15 (b_rank=1) 与 info-max yaw155/+20 (info_rank=1)
R4_bright_info_boundary__yaw1450_pitchp0200,R4_bright_info_boundary,R4_bright_info_boundary,bright/robust-easy + info-boundary,primary,1450,200,145.0,+20.0,45,integer5,phase63(L1-G1),yaw1450_pitchp0200_roll+045,YES,21_pack (new render),,P2 R4 brightest yaw150/+15 (b_rank=1) 与 info-max yaw155/+20 (info_rank=1)
R4_bright_info_boundary__yaw1450_pitchp0200,R4_bright_info_boundary,R4_bright_info_boundary,bright/robust-easy + info-boundary,primary,1450,200,145.0,+20.0,60,integer5,phase63(L1-G1),yaw1450_pitchp0200_roll+060,YES,21_pack (new render),,P2 R4 brightest yaw150/+15 (b_rank=1) 与 info-max yaw155/+20 (info_rank=1)
R4_bright_info_boundary__yaw1450_pitchp0225,R4_bright_info_boundary,R4_bright_info_boundary,bright/robust-easy + info-boundary,primary,1450,225,145.0,+22.5,-60,half2p5,phase63(L1-G1),yaw1450_pitchp0225_roll-060,YES,21_pack (new render),,P2 R4 brightest yaw150/+15 (b_rank=1) 与 info-max yaw155/+20 (info_rank=1)
R4_bright_info_boundary__yaw1450_pitchp0225,R4_bright_info_boundary,R4_bright_info_boundary,bright/robust-easy + info-boundary,primary,1450,225,145.0,+22.5,-45,half2p5,phase63(L1-G1),yaw1450_pitchp0225_roll-045,YES,21_pack (new render),,P2 R4 brightest yaw150/+15 (b_rank=1) 与 info-max yaw155/+20 (info_rank=1)
R4_bright_info_boundary__yaw1450_pitchp0225,R4_bright_info_boundary,R4_bright_info_boundary,bright/robust-easy + info-boundary,primary,1450,225,145.0,+22.5,-30,half2p5,phase63(L1-G1),yaw1450_pitchp0225_roll-030,YES,21_pack (new render),,P2 R4 brightest yaw150/+15 (b_rank=1) 与 info-max yaw155/+20 (info_rank=1)
R4_bright_info_boundary__yaw1450_pitchp0225,R4_bright_info_boundary,R4_bright_info_boundary,bright/robust-easy + info-boundary,primary,1450,225,145.0,+22.5,-15,half2p5,phase63(L1-G1),yaw1450_pitchp0225_roll-015,YES,21_pack (new render),,P2 R4 brightest yaw150/+15 (b_rank=1) 与 info-max yaw155/+20 (info_rank=1)
R4_bright_info_boundary__yaw1450_pitchp0225,R4_bright_info_boundary,R4_bright_info_boundary,bright/robust-easy + info-boundary,primary,1450,225,145.0,+22.5,0,half2p5,phase63(L1-G1),yaw1450_pitchp0225_roll+000,YES,"21_pack (半度点 fullrun 无网格, roll=0 新渲染)",,P2 R4 brightest yaw150/+15 (b_rank=1) 与 info-max yaw155/+20 (info_rank=1)
R4_bright_info_boundary__yaw1450_pitchp0225,R4_bright_info_boundary,R4_bright_info_boundary,bright/robust-easy + info-boundary,primary,1450,225,145.0,+22.5,15,half2p5,phase63(L1-G1),yaw1450_pitchp0225_roll+015,YES,21_pack (new render),,P2 R4 brightest yaw150/+15 (b_rank=1) 与 info-max yaw155/+20 (info_rank=1)
R4_bright_info_boundary__yaw1450_pitchp0225,R4_bright_info_boundary,R4_bright_info_boundary,bright/robust-easy + info-boundary,primary,1450,225,145.0,+22.5,30,half2p5,phase63(L1-G1),yaw1450_pitchp0225_roll+030,YES,21_pack (new render),,P2 R4 brightest yaw150/+15 (b_rank=1) 与 info-max yaw155/+20 (info_rank=1)
R4_bright_info_boundary__yaw1450_pitchp0225,R4_bright_info_boundary,R4_bright_info_boundary,bright/robust-easy + info-boundary,primary,1450,225,145.0,+22.5,45,half2p5,phase63(L1-G1),yaw1450_pitchp0225_roll+045,YES,21_pack (new render),,P2 R4 brightest yaw150/+15 (b_rank=1) 与 info-max yaw155/+20 (info_rank=1)
R4_bright_info_boundary__yaw1450_pitchp0225,R4_bright_info_boundary,R4_bright_info_boundary,bright/robust-easy + info-boundary,primary,1450,225,145.0,+22.5,60,half2p5,phase63(L1-G1),yaw1450_pitchp0225_roll+060,YES,21_pack (new render),,P2 R4 brightest yaw150/+15 (b_rank=1) 与 info-max yaw155/+20 (info_rank=1)
R4_bright_info_boundary__yaw1450_pitchp0250,R4_bright_info_boundary,R4_bright_info_boundary,bright/robust-easy + info-boundary,primary,1450,250,145.0,+25.0,-60,integer5,phase63(L1-G1),yaw1450_pitchp0250_roll-060,YES,21_pack (new render),,P2 R4 brightest yaw150/+15 (b_rank=1) 与 info-max yaw155/+20 (info_rank=1)
R4_bright_info_boundary__yaw1450_pitchp0250,R4_bright_info_boundary,R4_bright_info_boundary,bright/robust-easy + info-boundary,primary,1450,250,145.0,+25.0,-45,integer5,phase63(L1-G1),yaw1450_pitchp0250_roll-045,YES,21_pack (new render),,P2 R4 brightest yaw150/+15 (b_rank=1) 与 info-max yaw155/+20 (info_rank=1)
R4_bright_info_boundary__yaw1450_pitchp0250,R4_bright_info_boundary,R4_bright_info_boundary,bright/robust-easy + info-boundary,primary,1450,250,145.0,+25.0,-30,integer5,phase63(L1-G1),yaw1450_pitchp0250_roll-030,YES,21_pack (new render),,P2 R4 brightest yaw150/+15 (b_rank=1) 与 info-max yaw155/+20 (info_rank=1)
R4_bright_info_boundary__yaw1450_pitchp0250,R4_bright_info_boundary,R4_bright_info_boundary,bright/robust-easy + info-boundary,primary,1450,250,145.0,+25.0,-15,integer5,phase63(L1-G1),yaw1450_pitchp0250_roll-015,YES,21_pack (new render),,P2 R4 brightest yaw150/+15 (b_rank=1) 与 info-max yaw155/+20 (info_rank=1)
R4_bright_info_boundary__yaw1450_pitchp0250,R4_bright_info_boundary,R4_bright_info_boundary,bright/robust-easy + info-boundary,primary,1450,250,145.0,+25.0,0,integer5,phase63(L1-G1),yaw1450_pitchp0250_roll+000,NO,01_fullrun (roll+000 整数点复用),yaw145_pitch+025_roll+000,P2 R4 brightest yaw150/+15 (b_rank=1) 与 info-max yaw155/+20 (info_rank=1)
R4_bright_info_boundary__yaw1450_pitchp0250,R4_bright_info_boundary,R4_bright_info_boundary,bright/robust-easy + info-boundary,primary,1450,250,145.0,+25.0,15,integer5,phase63(L1-G1),yaw1450_pitchp0250_roll+015,YES,21_pack (new render),,P2 R4 brightest yaw150/+15 (b_rank=1) 与 info-max yaw155/+20 (info_rank=1)
R4_bright_info_boundary__yaw1450_pitchp0250,R4_bright_info_boundary,R4_bright_info_boundary,bright/robust-easy + info-boundary,primary,1450,250,145.0,+25.0,30,integer5,phase63(L1-G1),yaw1450_pitchp0250_roll+030,YES,21_pack (new render),,P2 R4 brightest yaw150/+15 (b_rank=1) 与 info-max yaw155/+20 (info_rank=1)
R4_bright_info_boundary__yaw1450_pitchp0250,R4_bright_info_boundary,R4_bright_info_boundary,bright/robust-easy + info-boundary,primary,1450,250,145.0,+25.0,45,integer5,phase63(L1-G1),yaw1450_pitchp0250_roll+045,YES,21_pack (new render),,P2 R4 brightest yaw150/+15 (b_rank=1) 与 info-max yaw155/+20 (info_rank=1)
R4_bright_info_boundary__yaw1450_pitchp0250,R4_bright_info_boundary,R4_bright_info_boundary,bright/robust-easy + info-boundary,primary,1450,250,145.0,+25.0,60,integer5,phase63(L1-G1),yaw1450_pitchp0250_roll+060,YES,21_pack (new render),,P2 R4 brightest yaw150/+15 (b_rank=1) 与 info-max yaw155/+20 (info_rank=1)
R4_bright_info_boundary__yaw1475_pitchp0100,R4_bright_info_boundary,R4_bright_info_boundary,bright/robust-easy + info-boundary,primary,1475,100,147.5,+10.0,-60,half2p5,phase63(L1-G1),yaw1475_pitchp0100_roll-060,YES,21_pack (new render),,P2 R4 brightest yaw150/+15 (b_rank=1) 与 info-max yaw155/+20 (info_rank=1)
R4_bright_info_boundary__yaw1475_pitchp0100,R4_bright_info_boundary,R4_bright_info_boundary,bright/robust-easy + info-boundary,primary,1475,100,147.5,+10.0,-45,half2p5,phase63(L1-G1),yaw1475_pitchp0100_roll-045,YES,21_pack (new render),,P2 R4 brightest yaw150/+15 (b_rank=1) 与 info-max yaw155/+20 (info_rank=1)
R4_bright_info_boundary__yaw1475_pitchp0100,R4_bright_info_boundary,R4_bright_info_boundary,bright/robust-easy + info-boundary,primary,1475,100,147.5,+10.0,-30,half2p5,phase63(L1-G1),yaw1475_pitchp0100_roll-030,YES,21_pack (new render),,P2 R4 brightest yaw150/+15 (b_rank=1) 与 info-max yaw155/+20 (info_rank=1)
R4_bright_info_boundary__yaw1475_pitchp0100,R4_bright_info_boundary,R4_bright_info_boundary,bright/robust-easy + info-boundary,primary,1475,100,147.5,+10.0,-15,half2p5,phase63(L1-G1),yaw1475_pitchp0100_roll-015,YES,21_pack (new render),,P2 R4 brightest yaw150/+15 (b_rank=1) 与 info-max yaw155/+20 (info_rank=1)
R4_bright_info_boundary__yaw1475_pitchp0100,R4_bright_info_boundary,R4_bright_info_boundary,bright/robust-easy + info-boundary,primary,1475,100,147.5,+10.0,0,half2p5,phase63(L1-G1),yaw1475_pitchp0100_roll+000,YES,"21_pack (半度点 fullrun 无网格, roll=0 新渲染)",,P2 R4 brightest yaw150/+15 (b_rank=1) 与 info-max yaw155/+20 (info_rank=1)
R4_bright_info_boundary__yaw1475_pitchp0100,R4_bright_info_boundary,R4_bright_info_boundary,bright/robust-easy + info-boundary,primary,1475,100,147.5,+10.0,15,half2p5,phase63(L1-G1),yaw1475_pitchp0100_roll+015,YES,21_pack (new render),,P2 R4 brightest yaw150/+15 (b_rank=1) 与 info-max yaw155/+20 (info_rank=1)
R4_bright_info_boundary__yaw1475_pitchp0100,R4_bright_info_boundary,R4_bright_info_boundary,bright/robust-easy + info-boundary,primary,1475,100,147.5,+10.0,30,half2p5,phase63(L1-G1),yaw1475_pitchp0100_roll+030,YES,21_pack (new render),,P2 R4 brightest yaw150/+15 (b_rank=1) 与 info-max yaw155/+20 (info_rank=1)
R4_bright_info_boundary__yaw1475_pitchp0100,R4_bright_info_boundary,R4_bright_info_boundary,bright/robust-easy + info-boundary,primary,1475,100,147.5,+10.0,45,half2p5,phase63(L1-G1),yaw1475_pitchp0100_roll+045,YES,21_pack (new render),,P2 R4 brightest yaw150/+15 (b_rank=1) 与 info-max yaw155/+20 (info_rank=1)
R4_bright_info_boundary__yaw1475_pitchp0100,R4_bright_info_boundary,R4_bright_info_boundary,bright/robust-easy + info-boundary,primary,1475,100,147.5,+10.0,60,half2p5,phase63(L1-G1),yaw1475_pitchp0100_roll+060,YES,21_pack (new render),,P2 R4 brightest yaw150/+15 (b_rank=1) 与 info-max yaw155/+20 (info_rank=1)
R4_bright_info_boundary__yaw1475_pitchp0125,R4_bright_info_boundary,R4_bright_info_boundary,bright/robust-easy + info-boundary,primary,1475,125,147.5,+12.5,-60,half2p5,phase63(L1-G1),yaw1475_pitchp0125_roll-060,YES,21_pack (new render),,P2 R4 brightest yaw150/+15 (b_rank=1) 与 info-max yaw155/+20 (info_rank=1)
R4_bright_info_boundary__yaw1475_pitchp0125,R4_bright_info_boundary,R4_bright_info_boundary,bright/robust-easy + info-boundary,primary,1475,125,147.5,+12.5,-45,half2p5,phase63(L1-G1),yaw1475_pitchp0125_roll-045,YES,21_pack (new render),,P2 R4 brightest yaw150/+15 (b_rank=1) 与 info-max yaw155/+20 (info_rank=1)
R4_bright_info_boundary__yaw1475_pitchp0125,R4_bright_info_boundary,R4_bright_info_boundary,bright/robust-easy + info-boundary,primary,1475,125,147.5,+12.5,-30,half2p5,phase63(L1-G1),yaw1475_pitchp0125_roll-030,YES,21_pack (new render),,P2 R4 brightest yaw150/+15 (b_rank=1) 与 info-max yaw155/+20 (info_rank=1)
R4_bright_info_boundary__yaw1475_pitchp0125,R4_bright_info_boundary,R4_bright_info_boundary,bright/robust-easy + info-boundary,primary,1475,125,147.5,+12.5,-15,half2p5,phase63(L1-G1),yaw1475_pitchp0125_roll-015,YES,21_pack (new render),,P2 R4 brightest yaw150/+15 (b_rank=1) 与 info-max yaw155/+20 (info_rank=1)
R4_bright_info_boundary__yaw1475_pitchp0125,R4_bright_info_boundary,R4_bright_info_boundary,bright/robust-easy + info-boundary,primary,1475,125,147.5,+12.5,0,half2p5,phase63(L1-G1),yaw1475_pitchp0125_roll+000,YES,"21_pack (半度点 fullrun 无网格, roll=0 新渲染)",,P2 R4 brightest yaw150/+15 (b_rank=1) 与 info-max yaw155/+20 (info_rank=1)
R4_bright_info_boundary__yaw1475_pitchp0125,R4_bright_info_boundary,R4_bright_info_boundary,bright/robust-easy + info-boundary,primary,1475,125,147.5,+12.5,15,half2p5,phase63(L1-G1),yaw1475_pitchp0125_roll+015,YES,21_pack (new render),,P2 R4 brightest yaw150/+15 (b_rank=1) 与 info-max yaw155/+20 (info_rank=1)
R4_bright_info_boundary__yaw1475_pitchp0125,R4_bright_info_boundary,R4_bright_info_boundary,bright/robust-easy + info-boundary,primary,1475,125,147.5,+12.5,30,half2p5,phase63(L1-G1),yaw1475_pitchp0125_roll+030,YES,21_pack (new render),,P2 R4 brightest yaw150/+15 (b_rank=1) 与 info-max yaw155/+20 (info_rank=1)
R4_bright_info_boundary__yaw1475_pitchp0125,R4_bright_info_boundary,R4_bright_info_boundary,bright/robust-easy + info-boundary,primary,1475,125,147.5,+12.5,45,half2p5,phase63(L1-G1),yaw1475_pitchp0125_roll+045,YES,21_pack (new render),,P2 R4 brightest yaw150/+15 (b_rank=1) 与 info-max yaw155/+20 (info_rank=1)
R4_bright_info_boundary__yaw1475_pitchp0125,R4_bright_info_boundary,R4_bright_info_boundary,bright/robust-easy + info-boundary,primary,1475,125,147.5,+12.5,60,half2p5,phase63(L1-G1),yaw1475_pitchp0125_roll+060,YES,21_pack (new render),,P2 R4 brightest yaw150/+15 (b_rank=1) 与 info-max yaw155/+20 (info_rank=1)
R4_bright_info_boundary__yaw1475_pitchp0150,R4_bright_info_boundary,R4_bright_info_boundary,bright/robust-easy + info-boundary,primary,1475,150,147.5,+15.0,-60,half2p5,phase63(L1-G1),yaw1475_pitchp0150_roll-060,YES,21_pack (new render),,P2 R4 brightest yaw150/+15 (b_rank=1) 与 info-max yaw155/+20 (info_rank=1)
R4_bright_info_boundary__yaw1475_pitchp0150,R4_bright_info_boundary,R4_bright_info_boundary,bright/robust-easy + info-boundary,primary,1475,150,147.5,+15.0,-45,half2p5,phase63(L1-G1),yaw1475_pitchp0150_roll-045,YES,21_pack (new render),,P2 R4 brightest yaw150/+15 (b_rank=1) 与 info-max yaw155/+20 (info_rank=1)
R4_bright_info_boundary__yaw1475_pitchp0150,R4_bright_info_boundary,R4_bright_info_boundary,bright/robust-easy + info-boundary,primary,1475,150,147.5,+15.0,-30,half2p5,phase63(L1-G1),yaw1475_pitchp0150_roll-030,YES,21_pack (new render),,P2 R4 brightest yaw150/+15 (b_rank=1) 与 info-max yaw155/+20 (info_rank=1)
R4_bright_info_boundary__yaw1475_pitchp0150,R4_bright_info_boundary,R4_bright_info_boundary,bright/robust-easy + info-boundary,primary,1475,150,147.5,+15.0,-15,half2p5,phase63(L1-G1),yaw1475_pitchp0150_roll-015,YES,21_pack (new render),,P2 R4 brightest yaw150/+15 (b_rank=1) 与 info-max yaw155/+20 (info_rank=1)
R4_bright_info_boundary__yaw1475_pitchp0150,R4_bright_info_boundary,R4_bright_info_boundary,bright/robust-easy + info-boundary,primary,1475,150,147.5,+15.0,0,half2p5,phase63(L1-G1),yaw1475_pitchp0150_roll+000,YES,"21_pack (半度点 fullrun 无网格, roll=0 新渲染)",,P2 R4 brightest yaw150/+15 (b_rank=1) 与 info-max yaw155/+20 (info_rank=1)
R4_bright_info_boundary__yaw1475_pitchp0150,R4_bright_info_boundary,R4_bright_info_boundary,bright/robust-easy + info-boundary,primary,1475,150,147.5,+15.0,15,half2p5,phase63(L1-G1),yaw1475_pitchp0150_roll+015,YES,21_pack (new render),,P2 R4 brightest yaw150/+15 (b_rank=1) 与 info-max yaw155/+20 (info_rank=1)
R4_bright_info_boundary__yaw1475_pitchp0150,R4_bright_info_boundary,R4_bright_info_boundary,bright/robust-easy + info-boundary,primary,1475,150,147.5,+15.0,30,half2p5,phase63(L1-G1),yaw1475_pitchp0150_roll+030,YES,21_pack (new render),,P2 R4 brightest yaw150/+15 (b_rank=1) 与 info-max yaw155/+20 (info_rank=1)
R4_bright_info_boundary__yaw1475_pitchp0150,R4_bright_info_boundary,R4_bright_info_boundary,bright/robust-easy + info-boundary,primary,1475,150,147.5,+15.0,45,half2p5,phase63(L1-G1),yaw1475_pitchp0150_roll+045,YES,21_pack (new render),,P2 R4 brightest yaw150/+15 (b_rank=1) 与 info-max yaw155/+20 (info_rank=1)
R4_bright_info_boundary__yaw1475_pitchp0150,R4_bright_info_boundary,R4_bright_info_boundary,bright/robust-easy + info-boundary,primary,1475,150,147.5,+15.0,60,half2p5,phase63(L1-G1),yaw1475_pitchp0150_roll+060,YES,21_pack (new render),,P2 R4 brightest yaw150/+15 (b_rank=1) 与 info-max yaw155/+20 (info_rank=1)
R4_bright_info_boundary__yaw1475_pitchp0175,R4_bright_info_boundary,R4_bright_info_boundary,bright/robust-easy + info-boundary,primary,1475,175,147.5,+17.5,-60,half2p5,phase63(L1-G1),yaw1475_pitchp0175_roll-060,YES,21_pack (new render),,P2 R4 brightest yaw150/+15 (b_rank=1) 与 info-max yaw155/+20 (info_rank=1)
R4_bright_info_boundary__yaw1475_pitchp0175,R4_bright_info_boundary,R4_bright_info_boundary,bright/robust-easy + info-boundary,primary,1475,175,147.5,+17.5,-45,half2p5,phase63(L1-G1),yaw1475_pitchp0175_roll-045,YES,21_pack (new render),,P2 R4 brightest yaw150/+15 (b_rank=1) 与 info-max yaw155/+20 (info_rank=1)
R4_bright_info_boundary__yaw1475_pitchp0175,R4_bright_info_boundary,R4_bright_info_boundary,bright/robust-easy + info-boundary,primary,1475,175,147.5,+17.5,-30,half2p5,phase63(L1-G1),yaw1475_pitchp0175_roll-030,YES,21_pack (new render),,P2 R4 brightest yaw150/+15 (b_rank=1) 与 info-max yaw155/+20 (info_rank=1)
R4_bright_info_boundary__yaw1475_pitchp0175,R4_bright_info_boundary,R4_bright_info_boundary,bright/robust-easy + info-boundary,primary,1475,175,147.5,+17.5,-15,half2p5,phase63(L1-G1),yaw1475_pitchp0175_roll-015,YES,21_pack (new render),,P2 R4 brightest yaw150/+15 (b_rank=1) 与 info-max yaw155/+20 (info_rank=1)
R4_bright_info_boundary__yaw1475_pitchp0175,R4_bright_info_boundary,R4_bright_info_boundary,bright/robust-easy + info-boundary,primary,1475,175,147.5,+17.5,0,half2p5,phase63(L1-G1),yaw1475_pitchp0175_roll+000,YES,"21_pack (半度点 fullrun 无网格, roll=0 新渲染)",,P2 R4 brightest yaw150/+15 (b_rank=1) 与 info-max yaw155/+20 (info_rank=1)
R4_bright_info_boundary__yaw1475_pitchp0175,R4_bright_info_boundary,R4_bright_info_boundary,bright/robust-easy + info-boundary,primary,1475,175,147.5,+17.5,15,half2p5,phase63(L1-G1),yaw1475_pitchp0175_roll+015,YES,21_pack (new render),,P2 R4 brightest yaw150/+15 (b_rank=1) 与 info-max yaw155/+20 (info_rank=1)
R4_bright_info_boundary__yaw1475_pitchp0175,R4_bright_info_boundary,R4_bright_info_boundary,bright/robust-easy + info-boundary,primary,1475,175,147.5,+17.5,30,half2p5,phase63(L1-G1),yaw1475_pitchp0175_roll+030,YES,21_pack (new render),,P2 R4 brightest yaw150/+15 (b_rank=1) 与 info-max yaw155/+20 (info_rank=1)
R4_bright_info_boundary__yaw1475_pitchp0175,R4_bright_info_boundary,R4_bright_info_boundary,bright/robust-easy + info-boundary,primary,1475,175,147.5,+17.5,45,half2p5,phase63(L1-G1),yaw1475_pitchp0175_roll+045,YES,21_pack (new render),,P2 R4 brightest yaw150/+15 (b_rank=1) 与 info-max yaw155/+20 (info_rank=1)
R4_bright_info_boundary__yaw1475_pitchp0175,R4_bright_info_boundary,R4_bright_info_boundary,bright/robust-easy + info-boundary,primary,1475,175,147.5,+17.5,60,half2p5,phase63(L1-G1),yaw1475_pitchp0175_roll+060,YES,21_pack (new render),,P2 R4 brightest yaw150/+15 (b_rank=1) 与 info-max yaw155/+20 (info_rank=1)
R4_bright_info_boundary__yaw1475_pitchp0200,R4_bright_info_boundary,R4_bright_info_boundary,bright/robust-easy + info-boundary,primary,1475,200,147.5,+20.0,-60,half2p5,phase63(L1-G1),yaw1475_pitchp0200_roll-060,YES,21_pack (new render),,P2 R4 brightest yaw150/+15 (b_rank=1) 与 info-max yaw155/+20 (info_rank=1)
R4_bright_info_boundary__yaw1475_pitchp0200,R4_bright_info_boundary,R4_bright_info_boundary,bright/robust-easy + info-boundary,primary,1475,200,147.5,+20.0,-45,half2p5,phase63(L1-G1),yaw1475_pitchp0200_roll-045,YES,21_pack (new render),,P2 R4 brightest yaw150/+15 (b_rank=1) 与 info-max yaw155/+20 (info_rank=1)
R4_bright_info_boundary__yaw1475_pitchp0200,R4_bright_info_boundary,R4_bright_info_boundary,bright/robust-easy + info-boundary,primary,1475,200,147.5,+20.0,-30,half2p5,phase63(L1-G1),yaw1475_pitchp0200_roll-030,YES,21_pack (new render),,P2 R4 brightest yaw150/+15 (b_rank=1) 与 info-max yaw155/+20 (info_rank=1)
R4_bright_info_boundary__yaw1475_pitchp0200,R4_bright_info_boundary,R4_bright_info_boundary,bright/robust-easy + info-boundary,primary,1475,200,147.5,+20.0,-15,half2p5,phase63(L1-G1),yaw1475_pitchp0200_roll-015,YES,21_pack (new render),,P2 R4 brightest yaw150/+15 (b_rank=1) 与 info-max yaw155/+20 (info_rank=1)
R4_bright_info_boundary__yaw1475_pitchp0200,R4_bright_info_boundary,R4_bright_info_boundary,bright/robust-easy + info-boundary,primary,1475,200,147.5,+20.0,0,half2p5,phase63(L1-G1),yaw1475_pitchp0200_roll+000,YES,"21_pack (半度点 fullrun 无网格, roll=0 新渲染)",,P2 R4 brightest yaw150/+15 (b_rank=1) 与 info-max yaw155/+20 (info_rank=1)
R4_bright_info_boundary__yaw1475_pitchp0200,R4_bright_info_boundary,R4_bright_info_boundary,bright/robust-easy + info-boundary,primary,1475,200,147.5,+20.0,15,half2p5,phase63(L1-G1),yaw1475_pitchp0200_roll+015,YES,21_pack (new render),,P2 R4 brightest yaw150/+15 (b_rank=1) 与 info-max yaw155/+20 (info_rank=1)
R4_bright_info_boundary__yaw1475_pitchp0200,R4_bright_info_boundary,R4_bright_info_boundary,bright/robust-easy + info-boundary,primary,1475,200,147.5,+20.0,30,half2p5,phase63(L1-G1),yaw1475_pitchp0200_roll+030,YES,21_pack (new render),,P2 R4 brightest yaw150/+15 (b_rank=1) 与 info-max yaw155/+20 (info_rank=1)
R4_bright_info_boundary__yaw1475_pitchp0200,R4_bright_info_boundary,R4_bright_info_boundary,bright/robust-easy + info-boundary,primary,1475,200,147.5,+20.0,45,half2p5,phase63(L1-G1),yaw1475_pitchp0200_roll+045,YES,21_pack (new render),,P2 R4 brightest yaw150/+15 (b_rank=1) 与 info-max yaw155/+20 (info_rank=1)
R4_bright_info_boundary__yaw1475_pitchp0200,R4_bright_info_boundary,R4_bright_info_boundary,bright/robust-easy + info-boundary,primary,1475,200,147.5,+20.0,60,half2p5,phase63(L1-G1),yaw1475_pitchp0200_roll+060,YES,21_pack (new render),,P2 R4 brightest yaw150/+15 (b_rank=1) 与 info-max yaw155/+20 (info_rank=1)
R4_bright_info_boundary__yaw1475_pitchp0225,R4_bright_info_boundary,R4_bright_info_boundary,bright/robust-easy + info-boundary,primary,1475,225,147.5,+22.5,-60,half2p5,phase63(L1-G1),yaw1475_pitchp0225_roll-060,YES,21_pack (new render),,P2 R4 brightest yaw150/+15 (b_rank=1) 与 info-max yaw155/+20 (info_rank=1)
R4_bright_info_boundary__yaw1475_pitchp0225,R4_bright_info_boundary,R4_bright_info_boundary,bright/robust-easy + info-boundary,primary,1475,225,147.5,+22.5,-45,half2p5,phase63(L1-G1),yaw1475_pitchp0225_roll-045,YES,21_pack (new render),,P2 R4 brightest yaw150/+15 (b_rank=1) 与 info-max yaw155/+20 (info_rank=1)
R4_bright_info_boundary__yaw1475_pitchp0225,R4_bright_info_boundary,R4_bright_info_boundary,bright/robust-easy + info-boundary,primary,1475,225,147.5,+22.5,-30,half2p5,phase63(L1-G1),yaw1475_pitchp0225_roll-030,YES,21_pack (new render),,P2 R4 brightest yaw150/+15 (b_rank=1) 与 info-max yaw155/+20 (info_rank=1)
R4_bright_info_boundary__yaw1475_pitchp0225,R4_bright_info_boundary,R4_bright_info_boundary,bright/robust-easy + info-boundary,primary,1475,225,147.5,+22.5,-15,half2p5,phase63(L1-G1),yaw1475_pitchp0225_roll-015,YES,21_pack (new render),,P2 R4 brightest yaw150/+15 (b_rank=1) 与 info-max yaw155/+20 (info_rank=1)
R4_bright_info_boundary__yaw1475_pitchp0225,R4_bright_info_boundary,R4_bright_info_boundary,bright/robust-easy + info-boundary,primary,1475,225,147.5,+22.5,0,half2p5,phase63(L1-G1),yaw1475_pitchp0225_roll+000,YES,"21_pack (半度点 fullrun 无网格, roll=0 新渲染)",,P2 R4 brightest yaw150/+15 (b_rank=1) 与 info-max yaw155/+20 (info_rank=1)
R4_bright_info_boundary__yaw1475_pitchp0225,R4_bright_info_boundary,R4_bright_info_boundary,bright/robust-easy + info-boundary,primary,1475,225,147.5,+22.5,15,half2p5,phase63(L1-G1),yaw1475_pitchp0225_roll+015,YES,21_pack (new render),,P2 R4 brightest yaw150/+15 (b_rank=1) 与 info-max yaw155/+20 (info_rank=1)
R4_bright_info_boundary__yaw1475_pitchp0225,R4_bright_info_boundary,R4_bright_info_boundary,bright/robust-easy + info-boundary,primary,1475,225,147.5,+22.5,30,half2p5,phase63(L1-G1),yaw1475_pitchp0225_roll+030,YES,21_pack (new render),,P2 R4 brightest yaw150/+15 (b_rank=1) 与 info-max yaw155/+20 (info_rank=1)
R4_bright_info_boundary__yaw1475_pitchp0225,R4_bright_info_boundary,R4_bright_info_boundary,bright/robust-easy + info-boundary,primary,1475,225,147.5,+22.5,45,half2p5,phase63(L1-G1),yaw1475_pitchp0225_roll+045,YES,21_pack (new render),,P2 R4 brightest yaw150/+15 (b_rank=1) 与 info-max yaw155/+20 (info_rank=1)
R4_bright_info_boundary__yaw1475_pitchp0225,R4_bright_info_boundary,R4_bright_info_boundary,bright/robust-easy + info-boundary,primary,1475,225,147.5,+22.5,60,half2p5,phase63(L1-G1),yaw1475_pitchp0225_roll+060,YES,21_pack (new render),,P2 R4 brightest yaw150/+15 (b_rank=1) 与 info-max yaw155/+20 (info_rank=1)
R4_bright_info_boundary__yaw1475_pitchp0250,R4_bright_info_boundary,R4_bright_info_boundary,bright/robust-easy + info-boundary,primary,1475,250,147.5,+25.0,-60,half2p5,phase63(L1-G1),yaw1475_pitchp0250_roll-060,YES,21_pack (new render),,P2 R4 brightest yaw150/+15 (b_rank=1) 与 info-max yaw155/+20 (info_rank=1)
R4_bright_info_boundary__yaw1475_pitchp0250,R4_bright_info_boundary,R4_bright_info_boundary,bright/robust-easy + info-boundary,primary,1475,250,147.5,+25.0,-45,half2p5,phase63(L1-G1),yaw1475_pitchp0250_roll-045,YES,21_pack (new render),,P2 R4 brightest yaw150/+15 (b_rank=1) 与 info-max yaw155/+20 (info_rank=1)
R4_bright_info_boundary__yaw1475_pitchp0250,R4_bright_info_boundary,R4_bright_info_boundary,bright/robust-easy + info-boundary,primary,1475,250,147.5,+25.0,-30,half2p5,phase63(L1-G1),yaw1475_pitchp0250_roll-030,YES,21_pack (new render),,P2 R4 brightest yaw150/+15 (b_rank=1) 与 info-max yaw155/+20 (info_rank=1)
R4_bright_info_boundary__yaw1475_pitchp0250,R4_bright_info_boundary,R4_bright_info_boundary,bright/robust-easy + info-boundary,primary,1475,250,147.5,+25.0,-15,half2p5,phase63(L1-G1),yaw1475_pitchp0250_roll-015,YES,21_pack (new render),,P2 R4 brightest yaw150/+15 (b_rank=1) 与 info-max yaw155/+20 (info_rank=1)
R4_bright_info_boundary__yaw1475_pitchp0250,R4_bright_info_boundary,R4_bright_info_boundary,bright/robust-easy + info-boundary,primary,1475,250,147.5,+25.0,0,half2p5,phase63(L1-G1),yaw1475_pitchp0250_roll+000,YES,"21_pack (半度点 fullrun 无网格, roll=0 新渲染)",,P2 R4 brightest yaw150/+15 (b_rank=1) 与 info-max yaw155/+20 (info_rank=1)
R4_bright_info_boundary__yaw1475_pitchp0250,R4_bright_info_boundary,R4_bright_info_boundary,bright/robust-easy + info-boundary,primary,1475,250,147.5,+25.0,15,half2p5,phase63(L1-G1),yaw1475_pitchp0250_roll+015,YES,21_pack (new render),,P2 R4 brightest yaw150/+15 (b_rank=1) 与 info-max yaw155/+20 (info_rank=1)
R4_bright_info_boundary__yaw1475_pitchp0250,R4_bright_info_boundary,R4_bright_info_boundary,bright/robust-easy + info-boundary,primary,1475,250,147.5,+25.0,30,half2p5,phase63(L1-G1),yaw1475_pitchp0250_roll+030,YES,21_pack (new render),,P2 R4 brightest yaw150/+15 (b_rank=1) 与 info-max yaw155/+20 (info_rank=1)
R4_bright_info_boundary__yaw1475_pitchp0250,R4_bright_info_boundary,R4_bright_info_boundary,bright/robust-easy + info-boundary,primary,1475,250,147.5,+25.0,45,half2p5,phase63(L1-G1),yaw1475_pitchp0250_roll+045,YES,21_pack (new render),,P2 R4 brightest yaw150/+15 (b_rank=1) 与 info-max yaw155/+20 (info_rank=1)
R4_bright_info_boundary__yaw1475_pitchp0250,R4_bright_info_boundary,R4_bright_info_boundary,bright/robust-easy + info-boundary,primary,1475,250,147.5,+25.0,60,half2p5,phase63(L1-G1),yaw1475_pitchp0250_roll+060,YES,21_pack (new render),,P2 R4 brightest yaw150/+15 (b_rank=1) 与 info-max yaw155/+20 (info_rank=1)
R4_bright_info_boundary__yaw1500_pitchp0100,R4_bright_info_boundary,R4_bright_info_boundary,bright/robust-easy + info-boundary,primary,1500,100,150.0,+10.0,-60,integer5,phase63(L1-G1),yaw1500_pitchp0100_roll-060,YES,21_pack (new render),,P2 R4 brightest yaw150/+15 (b_rank=1) 与 info-max yaw155/+20 (info_rank=1)
R4_bright_info_boundary__yaw1500_pitchp0100,R4_bright_info_boundary,R4_bright_info_boundary,bright/robust-easy + info-boundary,primary,1500,100,150.0,+10.0,-45,integer5,phase63(L1-G1),yaw1500_pitchp0100_roll-045,YES,21_pack (new render),,P2 R4 brightest yaw150/+15 (b_rank=1) 与 info-max yaw155/+20 (info_rank=1)
R4_bright_info_boundary__yaw1500_pitchp0100,R4_bright_info_boundary,R4_bright_info_boundary,bright/robust-easy + info-boundary,primary,1500,100,150.0,+10.0,-30,integer5,phase63(L1-G1),yaw1500_pitchp0100_roll-030,YES,21_pack (new render),,P2 R4 brightest yaw150/+15 (b_rank=1) 与 info-max yaw155/+20 (info_rank=1)
R4_bright_info_boundary__yaw1500_pitchp0100,R4_bright_info_boundary,R4_bright_info_boundary,bright/robust-easy + info-boundary,primary,1500,100,150.0,+10.0,-15,integer5,phase63(L1-G1),yaw1500_pitchp0100_roll-015,YES,21_pack (new render),,P2 R4 brightest yaw150/+15 (b_rank=1) 与 info-max yaw155/+20 (info_rank=1)
R4_bright_info_boundary__yaw1500_pitchp0100,R4_bright_info_boundary,R4_bright_info_boundary,bright/robust-easy + info-boundary,primary,1500,100,150.0,+10.0,0,integer5,phase63(L1-G1),yaw1500_pitchp0100_roll+000,NO,01_fullrun (roll+000 整数点复用),yaw150_pitch+010_roll+000,P2 R4 brightest yaw150/+15 (b_rank=1) 与 info-max yaw155/+20 (info_rank=1)
R4_bright_info_boundary__yaw1500_pitchp0100,R4_bright_info_boundary,R4_bright_info_boundary,bright/robust-easy + info-boundary,primary,1500,100,150.0,+10.0,15,integer5,phase63(L1-G1),yaw1500_pitchp0100_roll+015,YES,21_pack (new render),,P2 R4 brightest yaw150/+15 (b_rank=1) 与 info-max yaw155/+20 (info_rank=1)
R4_bright_info_boundary__yaw1500_pitchp0100,R4_bright_info_boundary,R4_bright_info_boundary,bright/robust-easy + info-boundary,primary,1500,100,150.0,+10.0,30,integer5,phase63(L1-G1),yaw1500_pitchp0100_roll+030,YES,21_pack (new render),,P2 R4 brightest yaw150/+15 (b_rank=1) 与 info-max yaw155/+20 (info_rank=1)
R4_bright_info_boundary__yaw1500_pitchp0100,R4_bright_info_boundary,R4_bright_info_boundary,bright/robust-easy + info-boundary,primary,1500,100,150.0,+10.0,45,integer5,phase63(L1-G1),yaw1500_pitchp0100_roll+045,YES,21_pack (new render),,P2 R4 brightest yaw150/+15 (b_rank=1) 与 info-max yaw155/+20 (info_rank=1)
R4_bright_info_boundary__yaw1500_pitchp0100,R4_bright_info_boundary,R4_bright_info_boundary,bright/robust-easy + info-boundary,primary,1500,100,150.0,+10.0,60,integer5,phase63(L1-G1),yaw1500_pitchp0100_roll+060,YES,21_pack (new render),,P2 R4 brightest yaw150/+15 (b_rank=1) 与 info-max yaw155/+20 (info_rank=1)
R4_bright_info_boundary__yaw1500_pitchp0125,R4_bright_info_boundary,R4_bright_info_boundary,bright/robust-easy + info-boundary,primary,1500,125,150.0,+12.5,-60,half2p5,phase63(L1-G1),yaw1500_pitchp0125_roll-060,YES,21_pack (new render),,P2 R4 brightest yaw150/+15 (b_rank=1) 与 info-max yaw155/+20 (info_rank=1)
R4_bright_info_boundary__yaw1500_pitchp0125,R4_bright_info_boundary,R4_bright_info_boundary,bright/robust-easy + info-boundary,primary,1500,125,150.0,+12.5,-45,half2p5,phase63(L1-G1),yaw1500_pitchp0125_roll-045,YES,21_pack (new render),,P2 R4 brightest yaw150/+15 (b_rank=1) 与 info-max yaw155/+20 (info_rank=1)
R4_bright_info_boundary__yaw1500_pitchp0125,R4_bright_info_boundary,R4_bright_info_boundary,bright/robust-easy + info-boundary,primary,1500,125,150.0,+12.5,-30,half2p5,phase63(L1-G1),yaw1500_pitchp0125_roll-030,YES,21_pack (new render),,P2 R4 brightest yaw150/+15 (b_rank=1) 与 info-max yaw155/+20 (info_rank=1)
R4_bright_info_boundary__yaw1500_pitchp0125,R4_bright_info_boundary,R4_bright_info_boundary,bright/robust-easy + info-boundary,primary,1500,125,150.0,+12.5,-15,half2p5,phase63(L1-G1),yaw1500_pitchp0125_roll-015,YES,21_pack (new render),,P2 R4 brightest yaw150/+15 (b_rank=1) 与 info-max yaw155/+20 (info_rank=1)
R4_bright_info_boundary__yaw1500_pitchp0125,R4_bright_info_boundary,R4_bright_info_boundary,bright/robust-easy + info-boundary,primary,1500,125,150.0,+12.5,0,half2p5,phase63(L1-G1),yaw1500_pitchp0125_roll+000,YES,"21_pack (半度点 fullrun 无网格, roll=0 新渲染)",,P2 R4 brightest yaw150/+15 (b_rank=1) 与 info-max yaw155/+20 (info_rank=1)
R4_bright_info_boundary__yaw1500_pitchp0125,R4_bright_info_boundary,R4_bright_info_boundary,bright/robust-easy + info-boundary,primary,1500,125,150.0,+12.5,15,half2p5,phase63(L1-G1),yaw1500_pitchp0125_roll+015,YES,21_pack (new render),,P2 R4 brightest yaw150/+15 (b_rank=1) 与 info-max yaw155/+20 (info_rank=1)
R4_bright_info_boundary__yaw1500_pitchp0125,R4_bright_info_boundary,R4_bright_info_boundary,bright/robust-easy + info-boundary,primary,1500,125,150.0,+12.5,30,half2p5,phase63(L1-G1),yaw1500_pitchp0125_roll+030,YES,21_pack (new render),,P2 R4 brightest yaw150/+15 (b_rank=1) 与 info-max yaw155/+20 (info_rank=1)
R4_bright_info_boundary__yaw1500_pitchp0125,R4_bright_info_boundary,R4_bright_info_boundary,bright/robust-easy + info-boundary,primary,1500,125,150.0,+12.5,45,half2p5,phase63(L1-G1),yaw1500_pitchp0125_roll+045,YES,21_pack (new render),,P2 R4 brightest yaw150/+15 (b_rank=1) 与 info-max yaw155/+20 (info_rank=1)
R4_bright_info_boundary__yaw1500_pitchp0125,R4_bright_info_boundary,R4_bright_info_boundary,bright/robust-easy + info-boundary,primary,1500,125,150.0,+12.5,60,half2p5,phase63(L1-G1),yaw1500_pitchp0125_roll+060,YES,21_pack (new render),,P2 R4 brightest yaw150/+15 (b_rank=1) 与 info-max yaw155/+20 (info_rank=1)
R4_bright_info_boundary__yaw1500_pitchp0150,R4_bright_info_boundary,R4_bright_info_boundary,bright/robust-easy + info-boundary,primary,1500,150,150.0,+15.0,-60,integer5,phase63(L1-G1),yaw1500_pitchp0150_roll-060,YES,21_pack (new render),,P2 R4 brightest yaw150/+15 (b_rank=1) 与 info-max yaw155/+20 (info_rank=1)
R4_bright_info_boundary__yaw1500_pitchp0150,R4_bright_info_boundary,R4_bright_info_boundary,bright/robust-easy + info-boundary,primary,1500,150,150.0,+15.0,-45,integer5,phase63(L1-G1),yaw1500_pitchp0150_roll-045,YES,21_pack (new render),,P2 R4 brightest yaw150/+15 (b_rank=1) 与 info-max yaw155/+20 (info_rank=1)
R4_bright_info_boundary__yaw1500_pitchp0150,R4_bright_info_boundary,R4_bright_info_boundary,bright/robust-easy + info-boundary,primary,1500,150,150.0,+15.0,-30,integer5,phase63(L1-G1),yaw1500_pitchp0150_roll-030,YES,21_pack (new render),,P2 R4 brightest yaw150/+15 (b_rank=1) 与 info-max yaw155/+20 (info_rank=1)
R4_bright_info_boundary__yaw1500_pitchp0150,R4_bright_info_boundary,R4_bright_info_boundary,bright/robust-easy + info-boundary,primary,1500,150,150.0,+15.0,-15,integer5,phase63(L1-G1),yaw1500_pitchp0150_roll-015,YES,21_pack (new render),,P2 R4 brightest yaw150/+15 (b_rank=1) 与 info-max yaw155/+20 (info_rank=1)
R4_bright_info_boundary__yaw1500_pitchp0150,R4_bright_info_boundary,R4_bright_info_boundary,bright/robust-easy + info-boundary,primary,1500,150,150.0,+15.0,0,integer5,phase63(L1-G1),yaw1500_pitchp0150_roll+000,NO,01_fullrun (roll+000 整数点复用),yaw150_pitch+015_roll+000,P2 R4 brightest yaw150/+15 (b_rank=1) 与 info-max yaw155/+20 (info_rank=1)
R4_bright_info_boundary__yaw1500_pitchp0150,R4_bright_info_boundary,R4_bright_info_boundary,bright/robust-easy + info-boundary,primary,1500,150,150.0,+15.0,15,integer5,phase63(L1-G1),yaw1500_pitchp0150_roll+015,YES,21_pack (new render),,P2 R4 brightest yaw150/+15 (b_rank=1) 与 info-max yaw155/+20 (info_rank=1)
R4_bright_info_boundary__yaw1500_pitchp0150,R4_bright_info_boundary,R4_bright_info_boundary,bright/robust-easy + info-boundary,primary,1500,150,150.0,+15.0,30,integer5,phase63(L1-G1),yaw1500_pitchp0150_roll+030,YES,21_pack (new render),,P2 R4 brightest yaw150/+15 (b_rank=1) 与 info-max yaw155/+20 (info_rank=1)
R4_bright_info_boundary__yaw1500_pitchp0150,R4_bright_info_boundary,R4_bright_info_boundary,bright/robust-easy + info-boundary,primary,1500,150,150.0,+15.0,45,integer5,phase63(L1-G1),yaw1500_pitchp0150_roll+045,YES,21_pack (new render),,P2 R4 brightest yaw150/+15 (b_rank=1) 与 info-max yaw155/+20 (info_rank=1)
R4_bright_info_boundary__yaw1500_pitchp0150,R4_bright_info_boundary,R4_bright_info_boundary,bright/robust-easy + info-boundary,primary,1500,150,150.0,+15.0,60,integer5,phase63(L1-G1),yaw1500_pitchp0150_roll+060,YES,21_pack (new render),,P2 R4 brightest yaw150/+15 (b_rank=1) 与 info-max yaw155/+20 (info_rank=1)
R4_bright_info_boundary__yaw1500_pitchp0175,R4_bright_info_boundary,R4_bright_info_boundary,bright/robust-easy + info-boundary,primary,1500,175,150.0,+17.5,-60,half2p5,phase63(L1-G1),yaw1500_pitchp0175_roll-060,YES,21_pack (new render),,P2 R4 brightest yaw150/+15 (b_rank=1) 与 info-max yaw155/+20 (info_rank=1)
R4_bright_info_boundary__yaw1500_pitchp0175,R4_bright_info_boundary,R4_bright_info_boundary,bright/robust-easy + info-boundary,primary,1500,175,150.0,+17.5,-45,half2p5,phase63(L1-G1),yaw1500_pitchp0175_roll-045,YES,21_pack (new render),,P2 R4 brightest yaw150/+15 (b_rank=1) 与 info-max yaw155/+20 (info_rank=1)
R4_bright_info_boundary__yaw1500_pitchp0175,R4_bright_info_boundary,R4_bright_info_boundary,bright/robust-easy + info-boundary,primary,1500,175,150.0,+17.5,-30,half2p5,phase63(L1-G1),yaw1500_pitchp0175_roll-030,YES,21_pack (new render),,P2 R4 brightest yaw150/+15 (b_rank=1) 与 info-max yaw155/+20 (info_rank=1)
R4_bright_info_boundary__yaw1500_pitchp0175,R4_bright_info_boundary,R4_bright_info_boundary,bright/robust-easy + info-boundary,primary,1500,175,150.0,+17.5,-15,half2p5,phase63(L1-G1),yaw1500_pitchp0175_roll-015,YES,21_pack (new render),,P2 R4 brightest yaw150/+15 (b_rank=1) 与 info-max yaw155/+20 (info_rank=1)
R4_bright_info_boundary__yaw1500_pitchp0175,R4_bright_info_boundary,R4_bright_info_boundary,bright/robust-easy + info-boundary,primary,1500,175,150.0,+17.5,0,half2p5,phase63(L1-G1),yaw1500_pitchp0175_roll+000,YES,"21_pack (半度点 fullrun 无网格, roll=0 新渲染)",,P2 R4 brightest yaw150/+15 (b_rank=1) 与 info-max yaw155/+20 (info_rank=1)
R4_bright_info_boundary__yaw1500_pitchp0175,R4_bright_info_boundary,R4_bright_info_boundary,bright/robust-easy + info-boundary,primary,1500,175,150.0,+17.5,15,half2p5,phase63(L1-G1),yaw1500_pitchp0175_roll+015,YES,21_pack (new render),,P2 R4 brightest yaw150/+15 (b_rank=1) 与 info-max yaw155/+20 (info_rank=1)
R4_bright_info_boundary__yaw1500_pitchp0175,R4_bright_info_boundary,R4_bright_info_boundary,bright/robust-easy + info-boundary,primary,1500,175,150.0,+17.5,30,half2p5,phase63(L1-G1),yaw1500_pitchp0175_roll+030,YES,21_pack (new render),,P2 R4 brightest yaw150/+15 (b_rank=1) 与 info-max yaw155/+20 (info_rank=1)
R4_bright_info_boundary__yaw1500_pitchp0175,R4_bright_info_boundary,R4_bright_info_boundary,bright/robust-easy + info-boundary,primary,1500,175,150.0,+17.5,45,half2p5,phase63(L1-G1),yaw1500_pitchp0175_roll+045,YES,21_pack (new render),,P2 R4 brightest yaw150/+15 (b_rank=1) 与 info-max yaw155/+20 (info_rank=1)
R4_bright_info_boundary__yaw1500_pitchp0175,R4_bright_info_boundary,R4_bright_info_boundary,bright/robust-easy + info-boundary,primary,1500,175,150.0,+17.5,60,half2p5,phase63(L1-G1),yaw1500_pitchp0175_roll+060,YES,21_pack (new render),,P2 R4 brightest yaw150/+15 (b_rank=1) 与 info-max yaw155/+20 (info_rank=1)
R4_bright_info_boundary__yaw1500_pitchp0200,R4_bright_info_boundary,R4_bright_info_boundary,bright/robust-easy + info-boundary,primary,1500,200,150.0,+20.0,-60,integer5,phase63(L1-G1),yaw1500_pitchp0200_roll-060,YES,21_pack (new render),,P2 R4 brightest yaw150/+15 (b_rank=1) 与 info-max yaw155/+20 (info_rank=1)
R4_bright_info_boundary__yaw1500_pitchp0200,R4_bright_info_boundary,R4_bright_info_boundary,bright/robust-easy + info-boundary,primary,1500,200,150.0,+20.0,-45,integer5,phase63(L1-G1),yaw1500_pitchp0200_roll-045,YES,21_pack (new render),,P2 R4 brightest yaw150/+15 (b_rank=1) 与 info-max yaw155/+20 (info_rank=1)
R4_bright_info_boundary__yaw1500_pitchp0200,R4_bright_info_boundary,R4_bright_info_boundary,bright/robust-easy + info-boundary,primary,1500,200,150.0,+20.0,-30,integer5,phase63(L1-G1),yaw1500_pitchp0200_roll-030,YES,21_pack (new render),,P2 R4 brightest yaw150/+15 (b_rank=1) 与 info-max yaw155/+20 (info_rank=1)
R4_bright_info_boundary__yaw1500_pitchp0200,R4_bright_info_boundary,R4_bright_info_boundary,bright/robust-easy + info-boundary,primary,1500,200,150.0,+20.0,-15,integer5,phase63(L1-G1),yaw1500_pitchp0200_roll-015,YES,21_pack (new render),,P2 R4 brightest yaw150/+15 (b_rank=1) 与 info-max yaw155/+20 (info_rank=1)
R4_bright_info_boundary__yaw1500_pitchp0200,R4_bright_info_boundary,R4_bright_info_boundary,bright/robust-easy + info-boundary,primary,1500,200,150.0,+20.0,0,integer5,phase63(L1-G1),yaw1500_pitchp0200_roll+000,NO,01_fullrun (roll+000 整数点复用),yaw150_pitch+020_roll+000,P2 R4 brightest yaw150/+15 (b_rank=1) 与 info-max yaw155/+20 (info_rank=1)
R4_bright_info_boundary__yaw1500_pitchp0200,R4_bright_info_boundary,R4_bright_info_boundary,bright/robust-easy + info-boundary,primary,1500,200,150.0,+20.0,15,integer5,phase63(L1-G1),yaw1500_pitchp0200_roll+015,YES,21_pack (new render),,P2 R4 brightest yaw150/+15 (b_rank=1) 与 info-max yaw155/+20 (info_rank=1)
R4_bright_info_boundary__yaw1500_pitchp0200,R4_bright_info_boundary,R4_bright_info_boundary,bright/robust-easy + info-boundary,primary,1500,200,150.0,+20.0,30,integer5,phase63(L1-G1),yaw1500_pitchp0200_roll+030,YES,21_pack (new render),,P2 R4 brightest yaw150/+15 (b_rank=1) 与 info-max yaw155/+20 (info_rank=1)
R4_bright_info_boundary__yaw1500_pitchp0200,R4_bright_info_boundary,R4_bright_info_boundary,bright/robust-easy + info-boundary,primary,1500,200,150.0,+20.0,45,integer5,phase63(L1-G1),yaw1500_pitchp0200_roll+045,YES,21_pack (new render),,P2 R4 brightest yaw150/+15 (b_rank=1) 与 info-max yaw155/+20 (info_rank=1)
R4_bright_info_boundary__yaw1500_pitchp0200,R4_bright_info_boundary,R4_bright_info_boundary,bright/robust-easy + info-boundary,primary,1500,200,150.0,+20.0,60,integer5,phase63(L1-G1),yaw1500_pitchp0200_roll+060,YES,21_pack (new render),,P2 R4 brightest yaw150/+15 (b_rank=1) 与 info-max yaw155/+20 (info_rank=1)
R4_bright_info_boundary__yaw1500_pitchp0225,R4_bright_info_boundary,R4_bright_info_boundary,bright/robust-easy + info-boundary,primary,1500,225,150.0,+22.5,-60,half2p5,phase63(L1-G1),yaw1500_pitchp0225_roll-060,YES,21_pack (new render),,P2 R4 brightest yaw150/+15 (b_rank=1) 与 info-max yaw155/+20 (info_rank=1)
R4_bright_info_boundary__yaw1500_pitchp0225,R4_bright_info_boundary,R4_bright_info_boundary,bright/robust-easy + info-boundary,primary,1500,225,150.0,+22.5,-45,half2p5,phase63(L1-G1),yaw1500_pitchp0225_roll-045,YES,21_pack (new render),,P2 R4 brightest yaw150/+15 (b_rank=1) 与 info-max yaw155/+20 (info_rank=1)
R4_bright_info_boundary__yaw1500_pitchp0225,R4_bright_info_boundary,R4_bright_info_boundary,bright/robust-easy + info-boundary,primary,1500,225,150.0,+22.5,-30,half2p5,phase63(L1-G1),yaw1500_pitchp0225_roll-030,YES,21_pack (new render),,P2 R4 brightest yaw150/+15 (b_rank=1) 与 info-max yaw155/+20 (info_rank=1)
R4_bright_info_boundary__yaw1500_pitchp0225,R4_bright_info_boundary,R4_bright_info_boundary,bright/robust-easy + info-boundary,primary,1500,225,150.0,+22.5,-15,half2p5,phase63(L1-G1),yaw1500_pitchp0225_roll-015,YES,21_pack (new render),,P2 R4 brightest yaw150/+15 (b_rank=1) 与 info-max yaw155/+20 (info_rank=1)
R4_bright_info_boundary__yaw1500_pitchp0225,R4_bright_info_boundary,R4_bright_info_boundary,bright/robust-easy + info-boundary,primary,1500,225,150.0,+22.5,0,half2p5,phase63(L1-G1),yaw1500_pitchp0225_roll+000,YES,"21_pack (半度点 fullrun 无网格, roll=0 新渲染)",,P2 R4 brightest yaw150/+15 (b_rank=1) 与 info-max yaw155/+20 (info_rank=1)
R4_bright_info_boundary__yaw1500_pitchp0225,R4_bright_info_boundary,R4_bright_info_boundary,bright/robust-easy + info-boundary,primary,1500,225,150.0,+22.5,15,half2p5,phase63(L1-G1),yaw1500_pitchp0225_roll+015,YES,21_pack (new render),,P2 R4 brightest yaw150/+15 (b_rank=1) 与 info-max yaw155/+20 (info_rank=1)
R4_bright_info_boundary__yaw1500_pitchp0225,R4_bright_info_boundary,R4_bright_info_boundary,bright/robust-easy + info-boundary,primary,1500,225,150.0,+22.5,30,half2p5,phase63(L1-G1),yaw1500_pitchp0225_roll+030,YES,21_pack (new render),,P2 R4 brightest yaw150/+15 (b_rank=1) 与 info-max yaw155/+20 (info_rank=1)
R4_bright_info_boundary__yaw1500_pitchp0225,R4_bright_info_boundary,R4_bright_info_boundary,bright/robust-easy + info-boundary,primary,1500,225,150.0,+22.5,45,half2p5,phase63(L1-G1),yaw1500_pitchp0225_roll+045,YES,21_pack (new render),,P2 R4 brightest yaw150/+15 (b_rank=1) 与 info-max yaw155/+20 (info_rank=1)
R4_bright_info_boundary__yaw1500_pitchp0225,R4_bright_info_boundary,R4_bright_info_boundary,bright/robust-easy + info-boundary,primary,1500,225,150.0,+22.5,60,half2p5,phase63(L1-G1),yaw1500_pitchp0225_roll+060,YES,21_pack (new render),,P2 R4 brightest yaw150/+15 (b_rank=1) 与 info-max yaw155/+20 (info_rank=1)
R4_bright_info_boundary__yaw1500_pitchp0250,R4_bright_info_boundary,R4_bright_info_boundary,bright/robust-easy + info-boundary,primary,1500,250,150.0,+25.0,-60,integer5,phase63(L1-G1),yaw1500_pitchp0250_roll-060,YES,21_pack (new render),,P2 R4 brightest yaw150/+15 (b_rank=1) 与 info-max yaw155/+20 (info_rank=1)
R4_bright_info_boundary__yaw1500_pitchp0250,R4_bright_info_boundary,R4_bright_info_boundary,bright/robust-easy + info-boundary,primary,1500,250,150.0,+25.0,-45,integer5,phase63(L1-G1),yaw1500_pitchp0250_roll-045,YES,21_pack (new render),,P2 R4 brightest yaw150/+15 (b_rank=1) 与 info-max yaw155/+20 (info_rank=1)
R4_bright_info_boundary__yaw1500_pitchp0250,R4_bright_info_boundary,R4_bright_info_boundary,bright/robust-easy + info-boundary,primary,1500,250,150.0,+25.0,-30,integer5,phase63(L1-G1),yaw1500_pitchp0250_roll-030,YES,21_pack (new render),,P2 R4 brightest yaw150/+15 (b_rank=1) 与 info-max yaw155/+20 (info_rank=1)
R4_bright_info_boundary__yaw1500_pitchp0250,R4_bright_info_boundary,R4_bright_info_boundary,bright/robust-easy + info-boundary,primary,1500,250,150.0,+25.0,-15,integer5,phase63(L1-G1),yaw1500_pitchp0250_roll-015,YES,21_pack (new render),,P2 R4 brightest yaw150/+15 (b_rank=1) 与 info-max yaw155/+20 (info_rank=1)
R4_bright_info_boundary__yaw1500_pitchp0250,R4_bright_info_boundary,R4_bright_info_boundary,bright/robust-easy + info-boundary,primary,1500,250,150.0,+25.0,0,integer5,phase63(L1-G1),yaw1500_pitchp0250_roll+000,NO,01_fullrun (roll+000 整数点复用),yaw150_pitch+025_roll+000,P2 R4 brightest yaw150/+15 (b_rank=1) 与 info-max yaw155/+20 (info_rank=1)
R4_bright_info_boundary__yaw1500_pitchp0250,R4_bright_info_boundary,R4_bright_info_boundary,bright/robust-easy + info-boundary,primary,1500,250,150.0,+25.0,15,integer5,phase63(L1-G1),yaw1500_pitchp0250_roll+015,YES,21_pack (new render),,P2 R4 brightest yaw150/+15 (b_rank=1) 与 info-max yaw155/+20 (info_rank=1)
R4_bright_info_boundary__yaw1500_pitchp0250,R4_bright_info_boundary,R4_bright_info_boundary,bright/robust-easy + info-boundary,primary,1500,250,150.0,+25.0,30,integer5,phase63(L1-G1),yaw1500_pitchp0250_roll+030,YES,21_pack (new render),,P2 R4 brightest yaw150/+15 (b_rank=1) 与 info-max yaw155/+20 (info_rank=1)
R4_bright_info_boundary__yaw1500_pitchp0250,R4_bright_info_boundary,R4_bright_info_boundary,bright/robust-easy + info-boundary,primary,1500,250,150.0,+25.0,45,integer5,phase63(L1-G1),yaw1500_pitchp0250_roll+045,YES,21_pack (new render),,P2 R4 brightest yaw150/+15 (b_rank=1) 与 info-max yaw155/+20 (info_rank=1)
R4_bright_info_boundary__yaw1500_pitchp0250,R4_bright_info_boundary,R4_bright_info_boundary,bright/robust-easy + info-boundary,primary,1500,250,150.0,+25.0,60,integer5,phase63(L1-G1),yaw1500_pitchp0250_roll+060,YES,21_pack (new render),,P2 R4 brightest yaw150/+15 (b_rank=1) 与 info-max yaw155/+20 (info_rank=1)
R4_bright_info_boundary__yaw1525_pitchp0100,R4_bright_info_boundary,R4_bright_info_boundary,bright/robust-easy + info-boundary,primary,1525,100,152.5,+10.0,-60,half2p5,phase63(L1-G1),yaw1525_pitchp0100_roll-060,YES,21_pack (new render),,P2 R4 brightest yaw150/+15 (b_rank=1) 与 info-max yaw155/+20 (info_rank=1)
R4_bright_info_boundary__yaw1525_pitchp0100,R4_bright_info_boundary,R4_bright_info_boundary,bright/robust-easy + info-boundary,primary,1525,100,152.5,+10.0,-45,half2p5,phase63(L1-G1),yaw1525_pitchp0100_roll-045,YES,21_pack (new render),,P2 R4 brightest yaw150/+15 (b_rank=1) 与 info-max yaw155/+20 (info_rank=1)
R4_bright_info_boundary__yaw1525_pitchp0100,R4_bright_info_boundary,R4_bright_info_boundary,bright/robust-easy + info-boundary,primary,1525,100,152.5,+10.0,-30,half2p5,phase63(L1-G1),yaw1525_pitchp0100_roll-030,YES,21_pack (new render),,P2 R4 brightest yaw150/+15 (b_rank=1) 与 info-max yaw155/+20 (info_rank=1)
R4_bright_info_boundary__yaw1525_pitchp0100,R4_bright_info_boundary,R4_bright_info_boundary,bright/robust-easy + info-boundary,primary,1525,100,152.5,+10.0,-15,half2p5,phase63(L1-G1),yaw1525_pitchp0100_roll-015,YES,21_pack (new render),,P2 R4 brightest yaw150/+15 (b_rank=1) 与 info-max yaw155/+20 (info_rank=1)
R4_bright_info_boundary__yaw1525_pitchp0100,R4_bright_info_boundary,R4_bright_info_boundary,bright/robust-easy + info-boundary,primary,1525,100,152.5,+10.0,0,half2p5,phase63(L1-G1),yaw1525_pitchp0100_roll+000,YES,"21_pack (半度点 fullrun 无网格, roll=0 新渲染)",,P2 R4 brightest yaw150/+15 (b_rank=1) 与 info-max yaw155/+20 (info_rank=1)
R4_bright_info_boundary__yaw1525_pitchp0100,R4_bright_info_boundary,R4_bright_info_boundary,bright/robust-easy + info-boundary,primary,1525,100,152.5,+10.0,15,half2p5,phase63(L1-G1),yaw1525_pitchp0100_roll+015,YES,21_pack (new render),,P2 R4 brightest yaw150/+15 (b_rank=1) 与 info-max yaw155/+20 (info_rank=1)
R4_bright_info_boundary__yaw1525_pitchp0100,R4_bright_info_boundary,R4_bright_info_boundary,bright/robust-easy + info-boundary,primary,1525,100,152.5,+10.0,30,half2p5,phase63(L1-G1),yaw1525_pitchp0100_roll+030,YES,21_pack (new render),,P2 R4 brightest yaw150/+15 (b_rank=1) 与 info-max yaw155/+20 (info_rank=1)
R4_bright_info_boundary__yaw1525_pitchp0100,R4_bright_info_boundary,R4_bright_info_boundary,bright/robust-easy + info-boundary,primary,1525,100,152.5,+10.0,45,half2p5,phase63(L1-G1),yaw1525_pitchp0100_roll+045,YES,21_pack (new render),,P2 R4 brightest yaw150/+15 (b_rank=1) 与 info-max yaw155/+20 (info_rank=1)
R4_bright_info_boundary__yaw1525_pitchp0100,R4_bright_info_boundary,R4_bright_info_boundary,bright/robust-easy + info-boundary,primary,1525,100,152.5,+10.0,60,half2p5,phase63(L1-G1),yaw1525_pitchp0100_roll+060,YES,21_pack (new render),,P2 R4 brightest yaw150/+15 (b_rank=1) 与 info-max yaw155/+20 (info_rank=1)
R4_bright_info_boundary__yaw1525_pitchp0125,R4_bright_info_boundary,R4_bright_info_boundary,bright/robust-easy + info-boundary,primary,1525,125,152.5,+12.5,-60,half2p5,phase63(L1-G1),yaw1525_pitchp0125_roll-060,YES,21_pack (new render),,P2 R4 brightest yaw150/+15 (b_rank=1) 与 info-max yaw155/+20 (info_rank=1)
R4_bright_info_boundary__yaw1525_pitchp0125,R4_bright_info_boundary,R4_bright_info_boundary,bright/robust-easy + info-boundary,primary,1525,125,152.5,+12.5,-45,half2p5,phase63(L1-G1),yaw1525_pitchp0125_roll-045,YES,21_pack (new render),,P2 R4 brightest yaw150/+15 (b_rank=1) 与 info-max yaw155/+20 (info_rank=1)
R4_bright_info_boundary__yaw1525_pitchp0125,R4_bright_info_boundary,R4_bright_info_boundary,bright/robust-easy + info-boundary,primary,1525,125,152.5,+12.5,-30,half2p5,phase63(L1-G1),yaw1525_pitchp0125_roll-030,YES,21_pack (new render),,P2 R4 brightest yaw150/+15 (b_rank=1) 与 info-max yaw155/+20 (info_rank=1)
R4_bright_info_boundary__yaw1525_pitchp0125,R4_bright_info_boundary,R4_bright_info_boundary,bright/robust-easy + info-boundary,primary,1525,125,152.5,+12.5,-15,half2p5,phase63(L1-G1),yaw1525_pitchp0125_roll-015,YES,21_pack (new render),,P2 R4 brightest yaw150/+15 (b_rank=1) 与 info-max yaw155/+20 (info_rank=1)
R4_bright_info_boundary__yaw1525_pitchp0125,R4_bright_info_boundary,R4_bright_info_boundary,bright/robust-easy + info-boundary,primary,1525,125,152.5,+12.5,0,half2p5,phase63(L1-G1),yaw1525_pitchp0125_roll+000,YES,"21_pack (半度点 fullrun 无网格, roll=0 新渲染)",,P2 R4 brightest yaw150/+15 (b_rank=1) 与 info-max yaw155/+20 (info_rank=1)
R4_bright_info_boundary__yaw1525_pitchp0125,R4_bright_info_boundary,R4_bright_info_boundary,bright/robust-easy + info-boundary,primary,1525,125,152.5,+12.5,15,half2p5,phase63(L1-G1),yaw1525_pitchp0125_roll+015,YES,21_pack (new render),,P2 R4 brightest yaw150/+15 (b_rank=1) 与 info-max yaw155/+20 (info_rank=1)
R4_bright_info_boundary__yaw1525_pitchp0125,R4_bright_info_boundary,R4_bright_info_boundary,bright/robust-easy + info-boundary,primary,1525,125,152.5,+12.5,30,half2p5,phase63(L1-G1),yaw1525_pitchp0125_roll+030,YES,21_pack (new render),,P2 R4 brightest yaw150/+15 (b_rank=1) 与 info-max yaw155/+20 (info_rank=1)
R4_bright_info_boundary__yaw1525_pitchp0125,R4_bright_info_boundary,R4_bright_info_boundary,bright/robust-easy + info-boundary,primary,1525,125,152.5,+12.5,45,half2p5,phase63(L1-G1),yaw1525_pitchp0125_roll+045,YES,21_pack (new render),,P2 R4 brightest yaw150/+15 (b_rank=1) 与 info-max yaw155/+20 (info_rank=1)
R4_bright_info_boundary__yaw1525_pitchp0125,R4_bright_info_boundary,R4_bright_info_boundary,bright/robust-easy + info-boundary,primary,1525,125,152.5,+12.5,60,half2p5,phase63(L1-G1),yaw1525_pitchp0125_roll+060,YES,21_pack (new render),,P2 R4 brightest yaw150/+15 (b_rank=1) 与 info-max yaw155/+20 (info_rank=1)
R4_bright_info_boundary__yaw1525_pitchp0150,R4_bright_info_boundary,R4_bright_info_boundary,bright/robust-easy + info-boundary,primary,1525,150,152.5,+15.0,-60,half2p5,phase63(L1-G1),yaw1525_pitchp0150_roll-060,YES,21_pack (new render),,P2 R4 brightest yaw150/+15 (b_rank=1) 与 info-max yaw155/+20 (info_rank=1)
R4_bright_info_boundary__yaw1525_pitchp0150,R4_bright_info_boundary,R4_bright_info_boundary,bright/robust-easy + info-boundary,primary,1525,150,152.5,+15.0,-45,half2p5,phase63(L1-G1),yaw1525_pitchp0150_roll-045,YES,21_pack (new render),,P2 R4 brightest yaw150/+15 (b_rank=1) 与 info-max yaw155/+20 (info_rank=1)
R4_bright_info_boundary__yaw1525_pitchp0150,R4_bright_info_boundary,R4_bright_info_boundary,bright/robust-easy + info-boundary,primary,1525,150,152.5,+15.0,-30,half2p5,phase63(L1-G1),yaw1525_pitchp0150_roll-030,YES,21_pack (new render),,P2 R4 brightest yaw150/+15 (b_rank=1) 与 info-max yaw155/+20 (info_rank=1)
R4_bright_info_boundary__yaw1525_pitchp0150,R4_bright_info_boundary,R4_bright_info_boundary,bright/robust-easy + info-boundary,primary,1525,150,152.5,+15.0,-15,half2p5,phase63(L1-G1),yaw1525_pitchp0150_roll-015,YES,21_pack (new render),,P2 R4 brightest yaw150/+15 (b_rank=1) 与 info-max yaw155/+20 (info_rank=1)
R4_bright_info_boundary__yaw1525_pitchp0150,R4_bright_info_boundary,R4_bright_info_boundary,bright/robust-easy + info-boundary,primary,1525,150,152.5,+15.0,0,half2p5,phase63(L1-G1),yaw1525_pitchp0150_roll+000,YES,"21_pack (半度点 fullrun 无网格, roll=0 新渲染)",,P2 R4 brightest yaw150/+15 (b_rank=1) 与 info-max yaw155/+20 (info_rank=1)
R4_bright_info_boundary__yaw1525_pitchp0150,R4_bright_info_boundary,R4_bright_info_boundary,bright/robust-easy + info-boundary,primary,1525,150,152.5,+15.0,15,half2p5,phase63(L1-G1),yaw1525_pitchp0150_roll+015,YES,21_pack (new render),,P2 R4 brightest yaw150/+15 (b_rank=1) 与 info-max yaw155/+20 (info_rank=1)
R4_bright_info_boundary__yaw1525_pitchp0150,R4_bright_info_boundary,R4_bright_info_boundary,bright/robust-easy + info-boundary,primary,1525,150,152.5,+15.0,30,half2p5,phase63(L1-G1),yaw1525_pitchp0150_roll+030,YES,21_pack (new render),,P2 R4 brightest yaw150/+15 (b_rank=1) 与 info-max yaw155/+20 (info_rank=1)
R4_bright_info_boundary__yaw1525_pitchp0150,R4_bright_info_boundary,R4_bright_info_boundary,bright/robust-easy + info-boundary,primary,1525,150,152.5,+15.0,45,half2p5,phase63(L1-G1),yaw1525_pitchp0150_roll+045,YES,21_pack (new render),,P2 R4 brightest yaw150/+15 (b_rank=1) 与 info-max yaw155/+20 (info_rank=1)
R4_bright_info_boundary__yaw1525_pitchp0150,R4_bright_info_boundary,R4_bright_info_boundary,bright/robust-easy + info-boundary,primary,1525,150,152.5,+15.0,60,half2p5,phase63(L1-G1),yaw1525_pitchp0150_roll+060,YES,21_pack (new render),,P2 R4 brightest yaw150/+15 (b_rank=1) 与 info-max yaw155/+20 (info_rank=1)
R4_bright_info_boundary__yaw1525_pitchp0175,R4_bright_info_boundary,R4_bright_info_boundary,bright/robust-easy + info-boundary,primary,1525,175,152.5,+17.5,-60,half2p5,phase63(L1-G1),yaw1525_pitchp0175_roll-060,YES,21_pack (new render),,P2 R4 brightest yaw150/+15 (b_rank=1) 与 info-max yaw155/+20 (info_rank=1)
R4_bright_info_boundary__yaw1525_pitchp0175,R4_bright_info_boundary,R4_bright_info_boundary,bright/robust-easy + info-boundary,primary,1525,175,152.5,+17.5,-45,half2p5,phase63(L1-G1),yaw1525_pitchp0175_roll-045,YES,21_pack (new render),,P2 R4 brightest yaw150/+15 (b_rank=1) 与 info-max yaw155/+20 (info_rank=1)
R4_bright_info_boundary__yaw1525_pitchp0175,R4_bright_info_boundary,R4_bright_info_boundary,bright/robust-easy + info-boundary,primary,1525,175,152.5,+17.5,-30,half2p5,phase63(L1-G1),yaw1525_pitchp0175_roll-030,YES,21_pack (new render),,P2 R4 brightest yaw150/+15 (b_rank=1) 与 info-max yaw155/+20 (info_rank=1)
R4_bright_info_boundary__yaw1525_pitchp0175,R4_bright_info_boundary,R4_bright_info_boundary,bright/robust-easy + info-boundary,primary,1525,175,152.5,+17.5,-15,half2p5,phase63(L1-G1),yaw1525_pitchp0175_roll-015,YES,21_pack (new render),,P2 R4 brightest yaw150/+15 (b_rank=1) 与 info-max yaw155/+20 (info_rank=1)
R4_bright_info_boundary__yaw1525_pitchp0175,R4_bright_info_boundary,R4_bright_info_boundary,bright/robust-easy + info-boundary,primary,1525,175,152.5,+17.5,0,half2p5,phase63(L1-G1),yaw1525_pitchp0175_roll+000,YES,"21_pack (半度点 fullrun 无网格, roll=0 新渲染)",,P2 R4 brightest yaw150/+15 (b_rank=1) 与 info-max yaw155/+20 (info_rank=1)
R4_bright_info_boundary__yaw1525_pitchp0175,R4_bright_info_boundary,R4_bright_info_boundary,bright/robust-easy + info-boundary,primary,1525,175,152.5,+17.5,15,half2p5,phase63(L1-G1),yaw1525_pitchp0175_roll+015,YES,21_pack (new render),,P2 R4 brightest yaw150/+15 (b_rank=1) 与 info-max yaw155/+20 (info_rank=1)
R4_bright_info_boundary__yaw1525_pitchp0175,R4_bright_info_boundary,R4_bright_info_boundary,bright/robust-easy + info-boundary,primary,1525,175,152.5,+17.5,30,half2p5,phase63(L1-G1),yaw1525_pitchp0175_roll+030,YES,21_pack (new render),,P2 R4 brightest yaw150/+15 (b_rank=1) 与 info-max yaw155/+20 (info_rank=1)
R4_bright_info_boundary__yaw1525_pitchp0175,R4_bright_info_boundary,R4_bright_info_boundary,bright/robust-easy + info-boundary,primary,1525,175,152.5,+17.5,45,half2p5,phase63(L1-G1),yaw1525_pitchp0175_roll+045,YES,21_pack (new render),,P2 R4 brightest yaw150/+15 (b_rank=1) 与 info-max yaw155/+20 (info_rank=1)
R4_bright_info_boundary__yaw1525_pitchp0175,R4_bright_info_boundary,R4_bright_info_boundary,bright/robust-easy + info-boundary,primary,1525,175,152.5,+17.5,60,half2p5,phase63(L1-G1),yaw1525_pitchp0175_roll+060,YES,21_pack (new render),,P2 R4 brightest yaw150/+15 (b_rank=1) 与 info-max yaw155/+20 (info_rank=1)
R4_bright_info_boundary__yaw1525_pitchp0200,R4_bright_info_boundary,R4_bright_info_boundary,bright/robust-easy + info-boundary,primary,1525,200,152.5,+20.0,-60,half2p5,phase63(L1-G1),yaw1525_pitchp0200_roll-060,YES,21_pack (new render),,P2 R4 brightest yaw150/+15 (b_rank=1) 与 info-max yaw155/+20 (info_rank=1)
R4_bright_info_boundary__yaw1525_pitchp0200,R4_bright_info_boundary,R4_bright_info_boundary,bright/robust-easy + info-boundary,primary,1525,200,152.5,+20.0,-45,half2p5,phase63(L1-G1),yaw1525_pitchp0200_roll-045,YES,21_pack (new render),,P2 R4 brightest yaw150/+15 (b_rank=1) 与 info-max yaw155/+20 (info_rank=1)
R4_bright_info_boundary__yaw1525_pitchp0200,R4_bright_info_boundary,R4_bright_info_boundary,bright/robust-easy + info-boundary,primary,1525,200,152.5,+20.0,-30,half2p5,phase63(L1-G1),yaw1525_pitchp0200_roll-030,YES,21_pack (new render),,P2 R4 brightest yaw150/+15 (b_rank=1) 与 info-max yaw155/+20 (info_rank=1)
R4_bright_info_boundary__yaw1525_pitchp0200,R4_bright_info_boundary,R4_bright_info_boundary,bright/robust-easy + info-boundary,primary,1525,200,152.5,+20.0,-15,half2p5,phase63(L1-G1),yaw1525_pitchp0200_roll-015,YES,21_pack (new render),,P2 R4 brightest yaw150/+15 (b_rank=1) 与 info-max yaw155/+20 (info_rank=1)
R4_bright_info_boundary__yaw1525_pitchp0200,R4_bright_info_boundary,R4_bright_info_boundary,bright/robust-easy + info-boundary,primary,1525,200,152.5,+20.0,0,half2p5,phase63(L1-G1),yaw1525_pitchp0200_roll+000,YES,"21_pack (半度点 fullrun 无网格, roll=0 新渲染)",,P2 R4 brightest yaw150/+15 (b_rank=1) 与 info-max yaw155/+20 (info_rank=1)
R4_bright_info_boundary__yaw1525_pitchp0200,R4_bright_info_boundary,R4_bright_info_boundary,bright/robust-easy + info-boundary,primary,1525,200,152.5,+20.0,15,half2p5,phase63(L1-G1),yaw1525_pitchp0200_roll+015,YES,21_pack (new render),,P2 R4 brightest yaw150/+15 (b_rank=1) 与 info-max yaw155/+20 (info_rank=1)
R4_bright_info_boundary__yaw1525_pitchp0200,R4_bright_info_boundary,R4_bright_info_boundary,bright/robust-easy + info-boundary,primary,1525,200,152.5,+20.0,30,half2p5,phase63(L1-G1),yaw1525_pitchp0200_roll+030,YES,21_pack (new render),,P2 R4 brightest yaw150/+15 (b_rank=1) 与 info-max yaw155/+20 (info_rank=1)
R4_bright_info_boundary__yaw1525_pitchp0200,R4_bright_info_boundary,R4_bright_info_boundary,bright/robust-easy + info-boundary,primary,1525,200,152.5,+20.0,45,half2p5,phase63(L1-G1),yaw1525_pitchp0200_roll+045,YES,21_pack (new render),,P2 R4 brightest yaw150/+15 (b_rank=1) 与 info-max yaw155/+20 (info_rank=1)
R4_bright_info_boundary__yaw1525_pitchp0200,R4_bright_info_boundary,R4_bright_info_boundary,bright/robust-easy + info-boundary,primary,1525,200,152.5,+20.0,60,half2p5,phase63(L1-G1),yaw1525_pitchp0200_roll+060,YES,21_pack (new render),,P2 R4 brightest yaw150/+15 (b_rank=1) 与 info-max yaw155/+20 (info_rank=1)
R4_bright_info_boundary__yaw1525_pitchp0225,R4_bright_info_boundary,R4_bright_info_boundary,bright/robust-easy + info-boundary,primary,1525,225,152.5,+22.5,-60,half2p5,phase63(L1-G1),yaw1525_pitchp0225_roll-060,YES,21_pack (new render),,P2 R4 brightest yaw150/+15 (b_rank=1) 与 info-max yaw155/+20 (info_rank=1)
R4_bright_info_boundary__yaw1525_pitchp0225,R4_bright_info_boundary,R4_bright_info_boundary,bright/robust-easy + info-boundary,primary,1525,225,152.5,+22.5,-45,half2p5,phase63(L1-G1),yaw1525_pitchp0225_roll-045,YES,21_pack (new render),,P2 R4 brightest yaw150/+15 (b_rank=1) 与 info-max yaw155/+20 (info_rank=1)
R4_bright_info_boundary__yaw1525_pitchp0225,R4_bright_info_boundary,R4_bright_info_boundary,bright/robust-easy + info-boundary,primary,1525,225,152.5,+22.5,-30,half2p5,phase63(L1-G1),yaw1525_pitchp0225_roll-030,YES,21_pack (new render),,P2 R4 brightest yaw150/+15 (b_rank=1) 与 info-max yaw155/+20 (info_rank=1)
R4_bright_info_boundary__yaw1525_pitchp0225,R4_bright_info_boundary,R4_bright_info_boundary,bright/robust-easy + info-boundary,primary,1525,225,152.5,+22.5,-15,half2p5,phase63(L1-G1),yaw1525_pitchp0225_roll-015,YES,21_pack (new render),,P2 R4 brightest yaw150/+15 (b_rank=1) 与 info-max yaw155/+20 (info_rank=1)
R4_bright_info_boundary__yaw1525_pitchp0225,R4_bright_info_boundary,R4_bright_info_boundary,bright/robust-easy + info-boundary,primary,1525,225,152.5,+22.5,0,half2p5,phase63(L1-G1),yaw1525_pitchp0225_roll+000,YES,"21_pack (半度点 fullrun 无网格, roll=0 新渲染)",,P2 R4 brightest yaw150/+15 (b_rank=1) 与 info-max yaw155/+20 (info_rank=1)
R4_bright_info_boundary__yaw1525_pitchp0225,R4_bright_info_boundary,R4_bright_info_boundary,bright/robust-easy + info-boundary,primary,1525,225,152.5,+22.5,15,half2p5,phase63(L1-G1),yaw1525_pitchp0225_roll+015,YES,21_pack (new render),,P2 R4 brightest yaw150/+15 (b_rank=1) 与 info-max yaw155/+20 (info_rank=1)
R4_bright_info_boundary__yaw1525_pitchp0225,R4_bright_info_boundary,R4_bright_info_boundary,bright/robust-easy + info-boundary,primary,1525,225,152.5,+22.5,30,half2p5,phase63(L1-G1),yaw1525_pitchp0225_roll+030,YES,21_pack (new render),,P2 R4 brightest yaw150/+15 (b_rank=1) 与 info-max yaw155/+20 (info_rank=1)
R4_bright_info_boundary__yaw1525_pitchp0225,R4_bright_info_boundary,R4_bright_info_boundary,bright/robust-easy + info-boundary,primary,1525,225,152.5,+22.5,45,half2p5,phase63(L1-G1),yaw1525_pitchp0225_roll+045,YES,21_pack (new render),,P2 R4 brightest yaw150/+15 (b_rank=1) 与 info-max yaw155/+20 (info_rank=1)
R4_bright_info_boundary__yaw1525_pitchp0225,R4_bright_info_boundary,R4_bright_info_boundary,bright/robust-easy + info-boundary,primary,1525,225,152.5,+22.5,60,half2p5,phase63(L1-G1),yaw1525_pitchp0225_roll+060,YES,21_pack (new render),,P2 R4 brightest yaw150/+15 (b_rank=1) 与 info-max yaw155/+20 (info_rank=1)
R4_bright_info_boundary__yaw1525_pitchp0250,R4_bright_info_boundary,R4_bright_info_boundary,bright/robust-easy + info-boundary,primary,1525,250,152.5,+25.0,-60,half2p5,phase63(L1-G1),yaw1525_pitchp0250_roll-060,YES,21_pack (new render),,P2 R4 brightest yaw150/+15 (b_rank=1) 与 info-max yaw155/+20 (info_rank=1)
R4_bright_info_boundary__yaw1525_pitchp0250,R4_bright_info_boundary,R4_bright_info_boundary,bright/robust-easy + info-boundary,primary,1525,250,152.5,+25.0,-45,half2p5,phase63(L1-G1),yaw1525_pitchp0250_roll-045,YES,21_pack (new render),,P2 R4 brightest yaw150/+15 (b_rank=1) 与 info-max yaw155/+20 (info_rank=1)
R4_bright_info_boundary__yaw1525_pitchp0250,R4_bright_info_boundary,R4_bright_info_boundary,bright/robust-easy + info-boundary,primary,1525,250,152.5,+25.0,-30,half2p5,phase63(L1-G1),yaw1525_pitchp0250_roll-030,YES,21_pack (new render),,P2 R4 brightest yaw150/+15 (b_rank=1) 与 info-max yaw155/+20 (info_rank=1)
R4_bright_info_boundary__yaw1525_pitchp0250,R4_bright_info_boundary,R4_bright_info_boundary,bright/robust-easy + info-boundary,primary,1525,250,152.5,+25.0,-15,half2p5,phase63(L1-G1),yaw1525_pitchp0250_roll-015,YES,21_pack (new render),,P2 R4 brightest yaw150/+15 (b_rank=1) 与 info-max yaw155/+20 (info_rank=1)
R4_bright_info_boundary__yaw1525_pitchp0250,R4_bright_info_boundary,R4_bright_info_boundary,bright/robust-easy + info-boundary,primary,1525,250,152.5,+25.0,0,half2p5,phase63(L1-G1),yaw1525_pitchp0250_roll+000,YES,"21_pack (半度点 fullrun 无网格, roll=0 新渲染)",,P2 R4 brightest yaw150/+15 (b_rank=1) 与 info-max yaw155/+20 (info_rank=1)
R4_bright_info_boundary__yaw1525_pitchp0250,R4_bright_info_boundary,R4_bright_info_boundary,bright/robust-easy + info-boundary,primary,1525,250,152.5,+25.0,15,half2p5,phase63(L1-G1),yaw1525_pitchp0250_roll+015,YES,21_pack (new render),,P2 R4 brightest yaw150/+15 (b_rank=1) 与 info-max yaw155/+20 (info_rank=1)
R4_bright_info_boundary__yaw1525_pitchp0250,R4_bright_info_boundary,R4_bright_info_boundary,bright/robust-easy + info-boundary,primary,1525,250,152.5,+25.0,30,half2p5,phase63(L1-G1),yaw1525_pitchp0250_roll+030,YES,21_pack (new render),,P2 R4 brightest yaw150/+15 (b_rank=1) 与 info-max yaw155/+20 (info_rank=1)
R4_bright_info_boundary__yaw1525_pitchp0250,R4_bright_info_boundary,R4_bright_info_boundary,bright/robust-easy + info-boundary,primary,1525,250,152.5,+25.0,45,half2p5,phase63(L1-G1),yaw1525_pitchp0250_roll+045,YES,21_pack (new render),,P2 R4 brightest yaw150/+15 (b_rank=1) 与 info-max yaw155/+20 (info_rank=1)
R4_bright_info_boundary__yaw1525_pitchp0250,R4_bright_info_boundary,R4_bright_info_boundary,bright/robust-easy + info-boundary,primary,1525,250,152.5,+25.0,60,half2p5,phase63(L1-G1),yaw1525_pitchp0250_roll+060,YES,21_pack (new render),,P2 R4 brightest yaw150/+15 (b_rank=1) 与 info-max yaw155/+20 (info_rank=1)
R4_bright_info_boundary__yaw1550_pitchp0100,R4_bright_info_boundary,R4_bright_info_boundary,bright/robust-easy + info-boundary,primary,1550,100,155.0,+10.0,-60,integer5,phase63(L1-G1),yaw1550_pitchp0100_roll-060,YES,21_pack (new render),,P2 R4 brightest yaw150/+15 (b_rank=1) 与 info-max yaw155/+20 (info_rank=1)
R4_bright_info_boundary__yaw1550_pitchp0100,R4_bright_info_boundary,R4_bright_info_boundary,bright/robust-easy + info-boundary,primary,1550,100,155.0,+10.0,-45,integer5,phase63(L1-G1),yaw1550_pitchp0100_roll-045,YES,21_pack (new render),,P2 R4 brightest yaw150/+15 (b_rank=1) 与 info-max yaw155/+20 (info_rank=1)
R4_bright_info_boundary__yaw1550_pitchp0100,R4_bright_info_boundary,R4_bright_info_boundary,bright/robust-easy + info-boundary,primary,1550,100,155.0,+10.0,-30,integer5,phase63(L1-G1),yaw1550_pitchp0100_roll-030,YES,21_pack (new render),,P2 R4 brightest yaw150/+15 (b_rank=1) 与 info-max yaw155/+20 (info_rank=1)
R4_bright_info_boundary__yaw1550_pitchp0100,R4_bright_info_boundary,R4_bright_info_boundary,bright/robust-easy + info-boundary,primary,1550,100,155.0,+10.0,-15,integer5,phase63(L1-G1),yaw1550_pitchp0100_roll-015,YES,21_pack (new render),,P2 R4 brightest yaw150/+15 (b_rank=1) 与 info-max yaw155/+20 (info_rank=1)
R4_bright_info_boundary__yaw1550_pitchp0100,R4_bright_info_boundary,R4_bright_info_boundary,bright/robust-easy + info-boundary,primary,1550,100,155.0,+10.0,0,integer5,phase63(L1-G1),yaw1550_pitchp0100_roll+000,NO,01_fullrun (roll+000 整数点复用),yaw155_pitch+010_roll+000,P2 R4 brightest yaw150/+15 (b_rank=1) 与 info-max yaw155/+20 (info_rank=1)
R4_bright_info_boundary__yaw1550_pitchp0100,R4_bright_info_boundary,R4_bright_info_boundary,bright/robust-easy + info-boundary,primary,1550,100,155.0,+10.0,15,integer5,phase63(L1-G1),yaw1550_pitchp0100_roll+015,YES,21_pack (new render),,P2 R4 brightest yaw150/+15 (b_rank=1) 与 info-max yaw155/+20 (info_rank=1)
R4_bright_info_boundary__yaw1550_pitchp0100,R4_bright_info_boundary,R4_bright_info_boundary,bright/robust-easy + info-boundary,primary,1550,100,155.0,+10.0,30,integer5,phase63(L1-G1),yaw1550_pitchp0100_roll+030,YES,21_pack (new render),,P2 R4 brightest yaw150/+15 (b_rank=1) 与 info-max yaw155/+20 (info_rank=1)
R4_bright_info_boundary__yaw1550_pitchp0100,R4_bright_info_boundary,R4_bright_info_boundary,bright/robust-easy + info-boundary,primary,1550,100,155.0,+10.0,45,integer5,phase63(L1-G1),yaw1550_pitchp0100_roll+045,YES,21_pack (new render),,P2 R4 brightest yaw150/+15 (b_rank=1) 与 info-max yaw155/+20 (info_rank=1)
R4_bright_info_boundary__yaw1550_pitchp0100,R4_bright_info_boundary,R4_bright_info_boundary,bright/robust-easy + info-boundary,primary,1550,100,155.0,+10.0,60,integer5,phase63(L1-G1),yaw1550_pitchp0100_roll+060,YES,21_pack (new render),,P2 R4 brightest yaw150/+15 (b_rank=1) 与 info-max yaw155/+20 (info_rank=1)
R4_bright_info_boundary__yaw1550_pitchp0125,R4_bright_info_boundary,R4_bright_info_boundary,bright/robust-easy + info-boundary,primary,1550,125,155.0,+12.5,-60,half2p5,phase63(L1-G1),yaw1550_pitchp0125_roll-060,YES,21_pack (new render),,P2 R4 brightest yaw150/+15 (b_rank=1) 与 info-max yaw155/+20 (info_rank=1)
R4_bright_info_boundary__yaw1550_pitchp0125,R4_bright_info_boundary,R4_bright_info_boundary,bright/robust-easy + info-boundary,primary,1550,125,155.0,+12.5,-45,half2p5,phase63(L1-G1),yaw1550_pitchp0125_roll-045,YES,21_pack (new render),,P2 R4 brightest yaw150/+15 (b_rank=1) 与 info-max yaw155/+20 (info_rank=1)
R4_bright_info_boundary__yaw1550_pitchp0125,R4_bright_info_boundary,R4_bright_info_boundary,bright/robust-easy + info-boundary,primary,1550,125,155.0,+12.5,-30,half2p5,phase63(L1-G1),yaw1550_pitchp0125_roll-030,YES,21_pack (new render),,P2 R4 brightest yaw150/+15 (b_rank=1) 与 info-max yaw155/+20 (info_rank=1)
R4_bright_info_boundary__yaw1550_pitchp0125,R4_bright_info_boundary,R4_bright_info_boundary,bright/robust-easy + info-boundary,primary,1550,125,155.0,+12.5,-15,half2p5,phase63(L1-G1),yaw1550_pitchp0125_roll-015,YES,21_pack (new render),,P2 R4 brightest yaw150/+15 (b_rank=1) 与 info-max yaw155/+20 (info_rank=1)
R4_bright_info_boundary__yaw1550_pitchp0125,R4_bright_info_boundary,R4_bright_info_boundary,bright/robust-easy + info-boundary,primary,1550,125,155.0,+12.5,0,half2p5,phase63(L1-G1),yaw1550_pitchp0125_roll+000,YES,"21_pack (半度点 fullrun 无网格, roll=0 新渲染)",,P2 R4 brightest yaw150/+15 (b_rank=1) 与 info-max yaw155/+20 (info_rank=1)
R4_bright_info_boundary__yaw1550_pitchp0125,R4_bright_info_boundary,R4_bright_info_boundary,bright/robust-easy + info-boundary,primary,1550,125,155.0,+12.5,15,half2p5,phase63(L1-G1),yaw1550_pitchp0125_roll+015,YES,21_pack (new render),,P2 R4 brightest yaw150/+15 (b_rank=1) 与 info-max yaw155/+20 (info_rank=1)
R4_bright_info_boundary__yaw1550_pitchp0125,R4_bright_info_boundary,R4_bright_info_boundary,bright/robust-easy + info-boundary,primary,1550,125,155.0,+12.5,30,half2p5,phase63(L1-G1),yaw1550_pitchp0125_roll+030,YES,21_pack (new render),,P2 R4 brightest yaw150/+15 (b_rank=1) 与 info-max yaw155/+20 (info_rank=1)
R4_bright_info_boundary__yaw1550_pitchp0125,R4_bright_info_boundary,R4_bright_info_boundary,bright/robust-easy + info-boundary,primary,1550,125,155.0,+12.5,45,half2p5,phase63(L1-G1),yaw1550_pitchp0125_roll+045,YES,21_pack (new render),,P2 R4 brightest yaw150/+15 (b_rank=1) 与 info-max yaw155/+20 (info_rank=1)
R4_bright_info_boundary__yaw1550_pitchp0125,R4_bright_info_boundary,R4_bright_info_boundary,bright/robust-easy + info-boundary,primary,1550,125,155.0,+12.5,60,half2p5,phase63(L1-G1),yaw1550_pitchp0125_roll+060,YES,21_pack (new render),,P2 R4 brightest yaw150/+15 (b_rank=1) 与 info-max yaw155/+20 (info_rank=1)
R4_bright_info_boundary__yaw1550_pitchp0150,R4_bright_info_boundary,R4_bright_info_boundary,bright/robust-easy + info-boundary,primary,1550,150,155.0,+15.0,-60,integer5,phase63(L1-G1),yaw1550_pitchp0150_roll-060,YES,21_pack (new render),,P2 R4 brightest yaw150/+15 (b_rank=1) 与 info-max yaw155/+20 (info_rank=1)
R4_bright_info_boundary__yaw1550_pitchp0150,R4_bright_info_boundary,R4_bright_info_boundary,bright/robust-easy + info-boundary,primary,1550,150,155.0,+15.0,-45,integer5,phase63(L1-G1),yaw1550_pitchp0150_roll-045,YES,21_pack (new render),,P2 R4 brightest yaw150/+15 (b_rank=1) 与 info-max yaw155/+20 (info_rank=1)
R4_bright_info_boundary__yaw1550_pitchp0150,R4_bright_info_boundary,R4_bright_info_boundary,bright/robust-easy + info-boundary,primary,1550,150,155.0,+15.0,-30,integer5,phase63(L1-G1),yaw1550_pitchp0150_roll-030,YES,21_pack (new render),,P2 R4 brightest yaw150/+15 (b_rank=1) 与 info-max yaw155/+20 (info_rank=1)
R4_bright_info_boundary__yaw1550_pitchp0150,R4_bright_info_boundary,R4_bright_info_boundary,bright/robust-easy + info-boundary,primary,1550,150,155.0,+15.0,-15,integer5,phase63(L1-G1),yaw1550_pitchp0150_roll-015,YES,21_pack (new render),,P2 R4 brightest yaw150/+15 (b_rank=1) 与 info-max yaw155/+20 (info_rank=1)
R4_bright_info_boundary__yaw1550_pitchp0150,R4_bright_info_boundary,R4_bright_info_boundary,bright/robust-easy + info-boundary,primary,1550,150,155.0,+15.0,0,integer5,phase63(L1-G1),yaw1550_pitchp0150_roll+000,NO,01_fullrun (roll+000 整数点复用),yaw155_pitch+015_roll+000,P2 R4 brightest yaw150/+15 (b_rank=1) 与 info-max yaw155/+20 (info_rank=1)
R4_bright_info_boundary__yaw1550_pitchp0150,R4_bright_info_boundary,R4_bright_info_boundary,bright/robust-easy + info-boundary,primary,1550,150,155.0,+15.0,15,integer5,phase63(L1-G1),yaw1550_pitchp0150_roll+015,YES,21_pack (new render),,P2 R4 brightest yaw150/+15 (b_rank=1) 与 info-max yaw155/+20 (info_rank=1)
R4_bright_info_boundary__yaw1550_pitchp0150,R4_bright_info_boundary,R4_bright_info_boundary,bright/robust-easy + info-boundary,primary,1550,150,155.0,+15.0,30,integer5,phase63(L1-G1),yaw1550_pitchp0150_roll+030,YES,21_pack (new render),,P2 R4 brightest yaw150/+15 (b_rank=1) 与 info-max yaw155/+20 (info_rank=1)
R4_bright_info_boundary__yaw1550_pitchp0150,R4_bright_info_boundary,R4_bright_info_boundary,bright/robust-easy + info-boundary,primary,1550,150,155.0,+15.0,45,integer5,phase63(L1-G1),yaw1550_pitchp0150_roll+045,YES,21_pack (new render),,P2 R4 brightest yaw150/+15 (b_rank=1) 与 info-max yaw155/+20 (info_rank=1)
R4_bright_info_boundary__yaw1550_pitchp0150,R4_bright_info_boundary,R4_bright_info_boundary,bright/robust-easy + info-boundary,primary,1550,150,155.0,+15.0,60,integer5,phase63(L1-G1),yaw1550_pitchp0150_roll+060,YES,21_pack (new render),,P2 R4 brightest yaw150/+15 (b_rank=1) 与 info-max yaw155/+20 (info_rank=1)
R4_bright_info_boundary__yaw1550_pitchp0175,R4_bright_info_boundary,R4_bright_info_boundary,bright/robust-easy + info-boundary,primary,1550,175,155.0,+17.5,-60,half2p5,phase63(L1-G1),yaw1550_pitchp0175_roll-060,YES,21_pack (new render),,P2 R4 brightest yaw150/+15 (b_rank=1) 与 info-max yaw155/+20 (info_rank=1)
R4_bright_info_boundary__yaw1550_pitchp0175,R4_bright_info_boundary,R4_bright_info_boundary,bright/robust-easy + info-boundary,primary,1550,175,155.0,+17.5,-45,half2p5,phase63(L1-G1),yaw1550_pitchp0175_roll-045,YES,21_pack (new render),,P2 R4 brightest yaw150/+15 (b_rank=1) 与 info-max yaw155/+20 (info_rank=1)
R4_bright_info_boundary__yaw1550_pitchp0175,R4_bright_info_boundary,R4_bright_info_boundary,bright/robust-easy + info-boundary,primary,1550,175,155.0,+17.5,-30,half2p5,phase63(L1-G1),yaw1550_pitchp0175_roll-030,YES,21_pack (new render),,P2 R4 brightest yaw150/+15 (b_rank=1) 与 info-max yaw155/+20 (info_rank=1)
R4_bright_info_boundary__yaw1550_pitchp0175,R4_bright_info_boundary,R4_bright_info_boundary,bright/robust-easy + info-boundary,primary,1550,175,155.0,+17.5,-15,half2p5,phase63(L1-G1),yaw1550_pitchp0175_roll-015,YES,21_pack (new render),,P2 R4 brightest yaw150/+15 (b_rank=1) 与 info-max yaw155/+20 (info_rank=1)
R4_bright_info_boundary__yaw1550_pitchp0175,R4_bright_info_boundary,R4_bright_info_boundary,bright/robust-easy + info-boundary,primary,1550,175,155.0,+17.5,0,half2p5,phase63(L1-G1),yaw1550_pitchp0175_roll+000,YES,"21_pack (半度点 fullrun 无网格, roll=0 新渲染)",,P2 R4 brightest yaw150/+15 (b_rank=1) 与 info-max yaw155/+20 (info_rank=1)
R4_bright_info_boundary__yaw1550_pitchp0175,R4_bright_info_boundary,R4_bright_info_boundary,bright/robust-easy + info-boundary,primary,1550,175,155.0,+17.5,15,half2p5,phase63(L1-G1),yaw1550_pitchp0175_roll+015,YES,21_pack (new render),,P2 R4 brightest yaw150/+15 (b_rank=1) 与 info-max yaw155/+20 (info_rank=1)
R4_bright_info_boundary__yaw1550_pitchp0175,R4_bright_info_boundary,R4_bright_info_boundary,bright/robust-easy + info-boundary,primary,1550,175,155.0,+17.5,30,half2p5,phase63(L1-G1),yaw1550_pitchp0175_roll+030,YES,21_pack (new render),,P2 R4 brightest yaw150/+15 (b_rank=1) 与 info-max yaw155/+20 (info_rank=1)
R4_bright_info_boundary__yaw1550_pitchp0175,R4_bright_info_boundary,R4_bright_info_boundary,bright/robust-easy + info-boundary,primary,1550,175,155.0,+17.5,45,half2p5,phase63(L1-G1),yaw1550_pitchp0175_roll+045,YES,21_pack (new render),,P2 R4 brightest yaw150/+15 (b_rank=1) 与 info-max yaw155/+20 (info_rank=1)
R4_bright_info_boundary__yaw1550_pitchp0175,R4_bright_info_boundary,R4_bright_info_boundary,bright/robust-easy + info-boundary,primary,1550,175,155.0,+17.5,60,half2p5,phase63(L1-G1),yaw1550_pitchp0175_roll+060,YES,21_pack (new render),,P2 R4 brightest yaw150/+15 (b_rank=1) 与 info-max yaw155/+20 (info_rank=1)
R4_bright_info_boundary__yaw1550_pitchp0200,R4_bright_info_boundary,R4_bright_info_boundary,bright/robust-easy + info-boundary,primary,1550,200,155.0,+20.0,-60,integer5,phase63(L1-G1),yaw1550_pitchp0200_roll-060,YES,21_pack (new render),,P2 R4 brightest yaw150/+15 (b_rank=1) 与 info-max yaw155/+20 (info_rank=1)
R4_bright_info_boundary__yaw1550_pitchp0200,R4_bright_info_boundary,R4_bright_info_boundary,bright/robust-easy + info-boundary,primary,1550,200,155.0,+20.0,-45,integer5,phase63(L1-G1),yaw1550_pitchp0200_roll-045,YES,21_pack (new render),,P2 R4 brightest yaw150/+15 (b_rank=1) 与 info-max yaw155/+20 (info_rank=1)
R4_bright_info_boundary__yaw1550_pitchp0200,R4_bright_info_boundary,R4_bright_info_boundary,bright/robust-easy + info-boundary,primary,1550,200,155.0,+20.0,-30,integer5,phase63(L1-G1),yaw1550_pitchp0200_roll-030,YES,21_pack (new render),,P2 R4 brightest yaw150/+15 (b_rank=1) 与 info-max yaw155/+20 (info_rank=1)
R4_bright_info_boundary__yaw1550_pitchp0200,R4_bright_info_boundary,R4_bright_info_boundary,bright/robust-easy + info-boundary,primary,1550,200,155.0,+20.0,-15,integer5,phase63(L1-G1),yaw1550_pitchp0200_roll-015,YES,21_pack (new render),,P2 R4 brightest yaw150/+15 (b_rank=1) 与 info-max yaw155/+20 (info_rank=1)
R4_bright_info_boundary__yaw1550_pitchp0200,R4_bright_info_boundary,R4_bright_info_boundary,bright/robust-easy + info-boundary,primary,1550,200,155.0,+20.0,0,integer5,phase63(L1-G1),yaw1550_pitchp0200_roll+000,NO,01_fullrun (roll+000 整数点复用),yaw155_pitch+020_roll+000,P2 R4 brightest yaw150/+15 (b_rank=1) 与 info-max yaw155/+20 (info_rank=1)
R4_bright_info_boundary__yaw1550_pitchp0200,R4_bright_info_boundary,R4_bright_info_boundary,bright/robust-easy + info-boundary,primary,1550,200,155.0,+20.0,15,integer5,phase63(L1-G1),yaw1550_pitchp0200_roll+015,YES,21_pack (new render),,P2 R4 brightest yaw150/+15 (b_rank=1) 与 info-max yaw155/+20 (info_rank=1)
R4_bright_info_boundary__yaw1550_pitchp0200,R4_bright_info_boundary,R4_bright_info_boundary,bright/robust-easy + info-boundary,primary,1550,200,155.0,+20.0,30,integer5,phase63(L1-G1),yaw1550_pitchp0200_roll+030,YES,21_pack (new render),,P2 R4 brightest yaw150/+15 (b_rank=1) 与 info-max yaw155/+20 (info_rank=1)
R4_bright_info_boundary__yaw1550_pitchp0200,R4_bright_info_boundary,R4_bright_info_boundary,bright/robust-easy + info-boundary,primary,1550,200,155.0,+20.0,45,integer5,phase63(L1-G1),yaw1550_pitchp0200_roll+045,YES,21_pack (new render),,P2 R4 brightest yaw150/+15 (b_rank=1) 与 info-max yaw155/+20 (info_rank=1)
R4_bright_info_boundary__yaw1550_pitchp0200,R4_bright_info_boundary,R4_bright_info_boundary,bright/robust-easy + info-boundary,primary,1550,200,155.0,+20.0,60,integer5,phase63(L1-G1),yaw1550_pitchp0200_roll+060,YES,21_pack (new render),,P2 R4 brightest yaw150/+15 (b_rank=1) 与 info-max yaw155/+20 (info_rank=1)
R4_bright_info_boundary__yaw1550_pitchp0225,R4_bright_info_boundary,R4_bright_info_boundary,bright/robust-easy + info-boundary,primary,1550,225,155.0,+22.5,-60,half2p5,phase63(L1-G1),yaw1550_pitchp0225_roll-060,YES,21_pack (new render),,P2 R4 brightest yaw150/+15 (b_rank=1) 与 info-max yaw155/+20 (info_rank=1)
R4_bright_info_boundary__yaw1550_pitchp0225,R4_bright_info_boundary,R4_bright_info_boundary,bright/robust-easy + info-boundary,primary,1550,225,155.0,+22.5,-45,half2p5,phase63(L1-G1),yaw1550_pitchp0225_roll-045,YES,21_pack (new render),,P2 R4 brightest yaw150/+15 (b_rank=1) 与 info-max yaw155/+20 (info_rank=1)
R4_bright_info_boundary__yaw1550_pitchp0225,R4_bright_info_boundary,R4_bright_info_boundary,bright/robust-easy + info-boundary,primary,1550,225,155.0,+22.5,-30,half2p5,phase63(L1-G1),yaw1550_pitchp0225_roll-030,YES,21_pack (new render),,P2 R4 brightest yaw150/+15 (b_rank=1) 与 info-max yaw155/+20 (info_rank=1)
R4_bright_info_boundary__yaw1550_pitchp0225,R4_bright_info_boundary,R4_bright_info_boundary,bright/robust-easy + info-boundary,primary,1550,225,155.0,+22.5,-15,half2p5,phase63(L1-G1),yaw1550_pitchp0225_roll-015,YES,21_pack (new render),,P2 R4 brightest yaw150/+15 (b_rank=1) 与 info-max yaw155/+20 (info_rank=1)
R4_bright_info_boundary__yaw1550_pitchp0225,R4_bright_info_boundary,R4_bright_info_boundary,bright/robust-easy + info-boundary,primary,1550,225,155.0,+22.5,0,half2p5,phase63(L1-G1),yaw1550_pitchp0225_roll+000,YES,"21_pack (半度点 fullrun 无网格, roll=0 新渲染)",,P2 R4 brightest yaw150/+15 (b_rank=1) 与 info-max yaw155/+20 (info_rank=1)
R4_bright_info_boundary__yaw1550_pitchp0225,R4_bright_info_boundary,R4_bright_info_boundary,bright/robust-easy + info-boundary,primary,1550,225,155.0,+22.5,15,half2p5,phase63(L1-G1),yaw1550_pitchp0225_roll+015,YES,21_pack (new render),,P2 R4 brightest yaw150/+15 (b_rank=1) 与 info-max yaw155/+20 (info_rank=1)
R4_bright_info_boundary__yaw1550_pitchp0225,R4_bright_info_boundary,R4_bright_info_boundary,bright/robust-easy + info-boundary,primary,1550,225,155.0,+22.5,30,half2p5,phase63(L1-G1),yaw1550_pitchp0225_roll+030,YES,21_pack (new render),,P2 R4 brightest yaw150/+15 (b_rank=1) 与 info-max yaw155/+20 (info_rank=1)
R4_bright_info_boundary__yaw1550_pitchp0225,R4_bright_info_boundary,R4_bright_info_boundary,bright/robust-easy + info-boundary,primary,1550,225,155.0,+22.5,45,half2p5,phase63(L1-G1),yaw1550_pitchp0225_roll+045,YES,21_pack (new render),,P2 R4 brightest yaw150/+15 (b_rank=1) 与 info-max yaw155/+20 (info_rank=1)
R4_bright_info_boundary__yaw1550_pitchp0225,R4_bright_info_boundary,R4_bright_info_boundary,bright/robust-easy + info-boundary,primary,1550,225,155.0,+22.5,60,half2p5,phase63(L1-G1),yaw1550_pitchp0225_roll+060,YES,21_pack (new render),,P2 R4 brightest yaw150/+15 (b_rank=1) 与 info-max yaw155/+20 (info_rank=1)
R4_bright_info_boundary__yaw1550_pitchp0250,R4_bright_info_boundary,R4_bright_info_boundary,bright/robust-easy + info-boundary,primary,1550,250,155.0,+25.0,-60,integer5,phase63(L1-G1),yaw1550_pitchp0250_roll-060,YES,21_pack (new render),,P2 R4 brightest yaw150/+15 (b_rank=1) 与 info-max yaw155/+20 (info_rank=1)
R4_bright_info_boundary__yaw1550_pitchp0250,R4_bright_info_boundary,R4_bright_info_boundary,bright/robust-easy + info-boundary,primary,1550,250,155.0,+25.0,-45,integer5,phase63(L1-G1),yaw1550_pitchp0250_roll-045,YES,21_pack (new render),,P2 R4 brightest yaw150/+15 (b_rank=1) 与 info-max yaw155/+20 (info_rank=1)
R4_bright_info_boundary__yaw1550_pitchp0250,R4_bright_info_boundary,R4_bright_info_boundary,bright/robust-easy + info-boundary,primary,1550,250,155.0,+25.0,-30,integer5,phase63(L1-G1),yaw1550_pitchp0250_roll-030,YES,21_pack (new render),,P2 R4 brightest yaw150/+15 (b_rank=1) 与 info-max yaw155/+20 (info_rank=1)
R4_bright_info_boundary__yaw1550_pitchp0250,R4_bright_info_boundary,R4_bright_info_boundary,bright/robust-easy + info-boundary,primary,1550,250,155.0,+25.0,-15,integer5,phase63(L1-G1),yaw1550_pitchp0250_roll-015,YES,21_pack (new render),,P2 R4 brightest yaw150/+15 (b_rank=1) 与 info-max yaw155/+20 (info_rank=1)
R4_bright_info_boundary__yaw1550_pitchp0250,R4_bright_info_boundary,R4_bright_info_boundary,bright/robust-easy + info-boundary,primary,1550,250,155.0,+25.0,0,integer5,phase63(L1-G1),yaw1550_pitchp0250_roll+000,NO,01_fullrun (roll+000 整数点复用),yaw155_pitch+025_roll+000,P2 R4 brightest yaw150/+15 (b_rank=1) 与 info-max yaw155/+20 (info_rank=1)
R4_bright_info_boundary__yaw1550_pitchp0250,R4_bright_info_boundary,R4_bright_info_boundary,bright/robust-easy + info-boundary,primary,1550,250,155.0,+25.0,15,integer5,phase63(L1-G1),yaw1550_pitchp0250_roll+015,YES,21_pack (new render),,P2 R4 brightest yaw150/+15 (b_rank=1) 与 info-max yaw155/+20 (info_rank=1)
R4_bright_info_boundary__yaw1550_pitchp0250,R4_bright_info_boundary,R4_bright_info_boundary,bright/robust-easy + info-boundary,primary,1550,250,155.0,+25.0,30,integer5,phase63(L1-G1),yaw1550_pitchp0250_roll+030,YES,21_pack (new render),,P2 R4 brightest yaw150/+15 (b_rank=1) 与 info-max yaw155/+20 (info_rank=1)
R4_bright_info_boundary__yaw1550_pitchp0250,R4_bright_info_boundary,R4_bright_info_boundary,bright/robust-easy + info-boundary,primary,1550,250,155.0,+25.0,45,integer5,phase63(L1-G1),yaw1550_pitchp0250_roll+045,YES,21_pack (new render),,P2 R4 brightest yaw150/+15 (b_rank=1) 与 info-max yaw155/+20 (info_rank=1)
R4_bright_info_boundary__yaw1550_pitchp0250,R4_bright_info_boundary,R4_bright_info_boundary,bright/robust-easy + info-boundary,primary,1550,250,155.0,+25.0,60,integer5,phase63(L1-G1),yaw1550_pitchp0250_roll+060,YES,21_pack (new render),,P2 R4 brightest yaw150/+15 (b_rank=1) 与 info-max yaw155/+20 (info_rank=1)
R4_bright_info_boundary__yaw1575_pitchp0100,R4_bright_info_boundary,R4_bright_info_boundary,bright/robust-easy + info-boundary,primary,1575,100,157.5,+10.0,-60,half2p5,phase63(L1-G1),yaw1575_pitchp0100_roll-060,YES,21_pack (new render),,P2 R4 brightest yaw150/+15 (b_rank=1) 与 info-max yaw155/+20 (info_rank=1)
R4_bright_info_boundary__yaw1575_pitchp0100,R4_bright_info_boundary,R4_bright_info_boundary,bright/robust-easy + info-boundary,primary,1575,100,157.5,+10.0,-45,half2p5,phase63(L1-G1),yaw1575_pitchp0100_roll-045,YES,21_pack (new render),,P2 R4 brightest yaw150/+15 (b_rank=1) 与 info-max yaw155/+20 (info_rank=1)
R4_bright_info_boundary__yaw1575_pitchp0100,R4_bright_info_boundary,R4_bright_info_boundary,bright/robust-easy + info-boundary,primary,1575,100,157.5,+10.0,-30,half2p5,phase63(L1-G1),yaw1575_pitchp0100_roll-030,YES,21_pack (new render),,P2 R4 brightest yaw150/+15 (b_rank=1) 与 info-max yaw155/+20 (info_rank=1)
R4_bright_info_boundary__yaw1575_pitchp0100,R4_bright_info_boundary,R4_bright_info_boundary,bright/robust-easy + info-boundary,primary,1575,100,157.5,+10.0,-15,half2p5,phase63(L1-G1),yaw1575_pitchp0100_roll-015,YES,21_pack (new render),,P2 R4 brightest yaw150/+15 (b_rank=1) 与 info-max yaw155/+20 (info_rank=1)
R4_bright_info_boundary__yaw1575_pitchp0100,R4_bright_info_boundary,R4_bright_info_boundary,bright/robust-easy + info-boundary,primary,1575,100,157.5,+10.0,0,half2p5,phase63(L1-G1),yaw1575_pitchp0100_roll+000,YES,"21_pack (半度点 fullrun 无网格, roll=0 新渲染)",,P2 R4 brightest yaw150/+15 (b_rank=1) 与 info-max yaw155/+20 (info_rank=1)
R4_bright_info_boundary__yaw1575_pitchp0100,R4_bright_info_boundary,R4_bright_info_boundary,bright/robust-easy + info-boundary,primary,1575,100,157.5,+10.0,15,half2p5,phase63(L1-G1),yaw1575_pitchp0100_roll+015,YES,21_pack (new render),,P2 R4 brightest yaw150/+15 (b_rank=1) 与 info-max yaw155/+20 (info_rank=1)
R4_bright_info_boundary__yaw1575_pitchp0100,R4_bright_info_boundary,R4_bright_info_boundary,bright/robust-easy + info-boundary,primary,1575,100,157.5,+10.0,30,half2p5,phase63(L1-G1),yaw1575_pitchp0100_roll+030,YES,21_pack (new render),,P2 R4 brightest yaw150/+15 (b_rank=1) 与 info-max yaw155/+20 (info_rank=1)
R4_bright_info_boundary__yaw1575_pitchp0100,R4_bright_info_boundary,R4_bright_info_boundary,bright/robust-easy + info-boundary,primary,1575,100,157.5,+10.0,45,half2p5,phase63(L1-G1),yaw1575_pitchp0100_roll+045,YES,21_pack (new render),,P2 R4 brightest yaw150/+15 (b_rank=1) 与 info-max yaw155/+20 (info_rank=1)
R4_bright_info_boundary__yaw1575_pitchp0100,R4_bright_info_boundary,R4_bright_info_boundary,bright/robust-easy + info-boundary,primary,1575,100,157.5,+10.0,60,half2p5,phase63(L1-G1),yaw1575_pitchp0100_roll+060,YES,21_pack (new render),,P2 R4 brightest yaw150/+15 (b_rank=1) 与 info-max yaw155/+20 (info_rank=1)
R4_bright_info_boundary__yaw1575_pitchp0125,R4_bright_info_boundary,R4_bright_info_boundary,bright/robust-easy + info-boundary,primary,1575,125,157.5,+12.5,-60,half2p5,phase63(L1-G1),yaw1575_pitchp0125_roll-060,YES,21_pack (new render),,P2 R4 brightest yaw150/+15 (b_rank=1) 与 info-max yaw155/+20 (info_rank=1)
R4_bright_info_boundary__yaw1575_pitchp0125,R4_bright_info_boundary,R4_bright_info_boundary,bright/robust-easy + info-boundary,primary,1575,125,157.5,+12.5,-45,half2p5,phase63(L1-G1),yaw1575_pitchp0125_roll-045,YES,21_pack (new render),,P2 R4 brightest yaw150/+15 (b_rank=1) 与 info-max yaw155/+20 (info_rank=1)
R4_bright_info_boundary__yaw1575_pitchp0125,R4_bright_info_boundary,R4_bright_info_boundary,bright/robust-easy + info-boundary,primary,1575,125,157.5,+12.5,-30,half2p5,phase63(L1-G1),yaw1575_pitchp0125_roll-030,YES,21_pack (new render),,P2 R4 brightest yaw150/+15 (b_rank=1) 与 info-max yaw155/+20 (info_rank=1)
R4_bright_info_boundary__yaw1575_pitchp0125,R4_bright_info_boundary,R4_bright_info_boundary,bright/robust-easy + info-boundary,primary,1575,125,157.5,+12.5,-15,half2p5,phase63(L1-G1),yaw1575_pitchp0125_roll-015,YES,21_pack (new render),,P2 R4 brightest yaw150/+15 (b_rank=1) 与 info-max yaw155/+20 (info_rank=1)
R4_bright_info_boundary__yaw1575_pitchp0125,R4_bright_info_boundary,R4_bright_info_boundary,bright/robust-easy + info-boundary,primary,1575,125,157.5,+12.5,0,half2p5,phase63(L1-G1),yaw1575_pitchp0125_roll+000,YES,"21_pack (半度点 fullrun 无网格, roll=0 新渲染)",,P2 R4 brightest yaw150/+15 (b_rank=1) 与 info-max yaw155/+20 (info_rank=1)
R4_bright_info_boundary__yaw1575_pitchp0125,R4_bright_info_boundary,R4_bright_info_boundary,bright/robust-easy + info-boundary,primary,1575,125,157.5,+12.5,15,half2p5,phase63(L1-G1),yaw1575_pitchp0125_roll+015,YES,21_pack (new render),,P2 R4 brightest yaw150/+15 (b_rank=1) 与 info-max yaw155/+20 (info_rank=1)
R4_bright_info_boundary__yaw1575_pitchp0125,R4_bright_info_boundary,R4_bright_info_boundary,bright/robust-easy + info-boundary,primary,1575,125,157.5,+12.5,30,half2p5,phase63(L1-G1),yaw1575_pitchp0125_roll+030,YES,21_pack (new render),,P2 R4 brightest yaw150/+15 (b_rank=1) 与 info-max yaw155/+20 (info_rank=1)
R4_bright_info_boundary__yaw1575_pitchp0125,R4_bright_info_boundary,R4_bright_info_boundary,bright/robust-easy + info-boundary,primary,1575,125,157.5,+12.5,45,half2p5,phase63(L1-G1),yaw1575_pitchp0125_roll+045,YES,21_pack (new render),,P2 R4 brightest yaw150/+15 (b_rank=1) 与 info-max yaw155/+20 (info_rank=1)
R4_bright_info_boundary__yaw1575_pitchp0125,R4_bright_info_boundary,R4_bright_info_boundary,bright/robust-easy + info-boundary,primary,1575,125,157.5,+12.5,60,half2p5,phase63(L1-G1),yaw1575_pitchp0125_roll+060,YES,21_pack (new render),,P2 R4 brightest yaw150/+15 (b_rank=1) 与 info-max yaw155/+20 (info_rank=1)
R4_bright_info_boundary__yaw1575_pitchp0150,R4_bright_info_boundary,R4_bright_info_boundary,bright/robust-easy + info-boundary,primary,1575,150,157.5,+15.0,-60,half2p5,phase63(L1-G1),yaw1575_pitchp0150_roll-060,YES,21_pack (new render),,P2 R4 brightest yaw150/+15 (b_rank=1) 与 info-max yaw155/+20 (info_rank=1)
R4_bright_info_boundary__yaw1575_pitchp0150,R4_bright_info_boundary,R4_bright_info_boundary,bright/robust-easy + info-boundary,primary,1575,150,157.5,+15.0,-45,half2p5,phase63(L1-G1),yaw1575_pitchp0150_roll-045,YES,21_pack (new render),,P2 R4 brightest yaw150/+15 (b_rank=1) 与 info-max yaw155/+20 (info_rank=1)
R4_bright_info_boundary__yaw1575_pitchp0150,R4_bright_info_boundary,R4_bright_info_boundary,bright/robust-easy + info-boundary,primary,1575,150,157.5,+15.0,-30,half2p5,phase63(L1-G1),yaw1575_pitchp0150_roll-030,YES,21_pack (new render),,P2 R4 brightest yaw150/+15 (b_rank=1) 与 info-max yaw155/+20 (info_rank=1)
R4_bright_info_boundary__yaw1575_pitchp0150,R4_bright_info_boundary,R4_bright_info_boundary,bright/robust-easy + info-boundary,primary,1575,150,157.5,+15.0,-15,half2p5,phase63(L1-G1),yaw1575_pitchp0150_roll-015,YES,21_pack (new render),,P2 R4 brightest yaw150/+15 (b_rank=1) 与 info-max yaw155/+20 (info_rank=1)
R4_bright_info_boundary__yaw1575_pitchp0150,R4_bright_info_boundary,R4_bright_info_boundary,bright/robust-easy + info-boundary,primary,1575,150,157.5,+15.0,0,half2p5,phase63(L1-G1),yaw1575_pitchp0150_roll+000,YES,"21_pack (半度点 fullrun 无网格, roll=0 新渲染)",,P2 R4 brightest yaw150/+15 (b_rank=1) 与 info-max yaw155/+20 (info_rank=1)
R4_bright_info_boundary__yaw1575_pitchp0150,R4_bright_info_boundary,R4_bright_info_boundary,bright/robust-easy + info-boundary,primary,1575,150,157.5,+15.0,15,half2p5,phase63(L1-G1),yaw1575_pitchp0150_roll+015,YES,21_pack (new render),,P2 R4 brightest yaw150/+15 (b_rank=1) 与 info-max yaw155/+20 (info_rank=1)
R4_bright_info_boundary__yaw1575_pitchp0150,R4_bright_info_boundary,R4_bright_info_boundary,bright/robust-easy + info-boundary,primary,1575,150,157.5,+15.0,30,half2p5,phase63(L1-G1),yaw1575_pitchp0150_roll+030,YES,21_pack (new render),,P2 R4 brightest yaw150/+15 (b_rank=1) 与 info-max yaw155/+20 (info_rank=1)
R4_bright_info_boundary__yaw1575_pitchp0150,R4_bright_info_boundary,R4_bright_info_boundary,bright/robust-easy + info-boundary,primary,1575,150,157.5,+15.0,45,half2p5,phase63(L1-G1),yaw1575_pitchp0150_roll+045,YES,21_pack (new render),,P2 R4 brightest yaw150/+15 (b_rank=1) 与 info-max yaw155/+20 (info_rank=1)
R4_bright_info_boundary__yaw1575_pitchp0150,R4_bright_info_boundary,R4_bright_info_boundary,bright/robust-easy + info-boundary,primary,1575,150,157.5,+15.0,60,half2p5,phase63(L1-G1),yaw1575_pitchp0150_roll+060,YES,21_pack (new render),,P2 R4 brightest yaw150/+15 (b_rank=1) 与 info-max yaw155/+20 (info_rank=1)
R4_bright_info_boundary__yaw1575_pitchp0175,R4_bright_info_boundary,R4_bright_info_boundary,bright/robust-easy + info-boundary,primary,1575,175,157.5,+17.5,-60,half2p5,phase63(L1-G1),yaw1575_pitchp0175_roll-060,YES,21_pack (new render),,P2 R4 brightest yaw150/+15 (b_rank=1) 与 info-max yaw155/+20 (info_rank=1)
R4_bright_info_boundary__yaw1575_pitchp0175,R4_bright_info_boundary,R4_bright_info_boundary,bright/robust-easy + info-boundary,primary,1575,175,157.5,+17.5,-45,half2p5,phase63(L1-G1),yaw1575_pitchp0175_roll-045,YES,21_pack (new render),,P2 R4 brightest yaw150/+15 (b_rank=1) 与 info-max yaw155/+20 (info_rank=1)
R4_bright_info_boundary__yaw1575_pitchp0175,R4_bright_info_boundary,R4_bright_info_boundary,bright/robust-easy + info-boundary,primary,1575,175,157.5,+17.5,-30,half2p5,phase63(L1-G1),yaw1575_pitchp0175_roll-030,YES,21_pack (new render),,P2 R4 brightest yaw150/+15 (b_rank=1) 与 info-max yaw155/+20 (info_rank=1)
R4_bright_info_boundary__yaw1575_pitchp0175,R4_bright_info_boundary,R4_bright_info_boundary,bright/robust-easy + info-boundary,primary,1575,175,157.5,+17.5,-15,half2p5,phase63(L1-G1),yaw1575_pitchp0175_roll-015,YES,21_pack (new render),,P2 R4 brightest yaw150/+15 (b_rank=1) 与 info-max yaw155/+20 (info_rank=1)
R4_bright_info_boundary__yaw1575_pitchp0175,R4_bright_info_boundary,R4_bright_info_boundary,bright/robust-easy + info-boundary,primary,1575,175,157.5,+17.5,0,half2p5,phase63(L1-G1),yaw1575_pitchp0175_roll+000,YES,"21_pack (半度点 fullrun 无网格, roll=0 新渲染)",,P2 R4 brightest yaw150/+15 (b_rank=1) 与 info-max yaw155/+20 (info_rank=1)
R4_bright_info_boundary__yaw1575_pitchp0175,R4_bright_info_boundary,R4_bright_info_boundary,bright/robust-easy + info-boundary,primary,1575,175,157.5,+17.5,15,half2p5,phase63(L1-G1),yaw1575_pitchp0175_roll+015,YES,21_pack (new render),,P2 R4 brightest yaw150/+15 (b_rank=1) 与 info-max yaw155/+20 (info_rank=1)
R4_bright_info_boundary__yaw1575_pitchp0175,R4_bright_info_boundary,R4_bright_info_boundary,bright/robust-easy + info-boundary,primary,1575,175,157.5,+17.5,30,half2p5,phase63(L1-G1),yaw1575_pitchp0175_roll+030,YES,21_pack (new render),,P2 R4 brightest yaw150/+15 (b_rank=1) 与 info-max yaw155/+20 (info_rank=1)
R4_bright_info_boundary__yaw1575_pitchp0175,R4_bright_info_boundary,R4_bright_info_boundary,bright/robust-easy + info-boundary,primary,1575,175,157.5,+17.5,45,half2p5,phase63(L1-G1),yaw1575_pitchp0175_roll+045,YES,21_pack (new render),,P2 R4 brightest yaw150/+15 (b_rank=1) 与 info-max yaw155/+20 (info_rank=1)
R4_bright_info_boundary__yaw1575_pitchp0175,R4_bright_info_boundary,R4_bright_info_boundary,bright/robust-easy + info-boundary,primary,1575,175,157.5,+17.5,60,half2p5,phase63(L1-G1),yaw1575_pitchp0175_roll+060,YES,21_pack (new render),,P2 R4 brightest yaw150/+15 (b_rank=1) 与 info-max yaw155/+20 (info_rank=1)
R4_bright_info_boundary__yaw1575_pitchp0200,R4_bright_info_boundary,R4_bright_info_boundary,bright/robust-easy + info-boundary,primary,1575,200,157.5,+20.0,-60,half2p5,phase63(L1-G1),yaw1575_pitchp0200_roll-060,YES,21_pack (new render),,P2 R4 brightest yaw150/+15 (b_rank=1) 与 info-max yaw155/+20 (info_rank=1)
R4_bright_info_boundary__yaw1575_pitchp0200,R4_bright_info_boundary,R4_bright_info_boundary,bright/robust-easy + info-boundary,primary,1575,200,157.5,+20.0,-45,half2p5,phase63(L1-G1),yaw1575_pitchp0200_roll-045,YES,21_pack (new render),,P2 R4 brightest yaw150/+15 (b_rank=1) 与 info-max yaw155/+20 (info_rank=1)
R4_bright_info_boundary__yaw1575_pitchp0200,R4_bright_info_boundary,R4_bright_info_boundary,bright/robust-easy + info-boundary,primary,1575,200,157.5,+20.0,-30,half2p5,phase63(L1-G1),yaw1575_pitchp0200_roll-030,YES,21_pack (new render),,P2 R4 brightest yaw150/+15 (b_rank=1) 与 info-max yaw155/+20 (info_rank=1)
R4_bright_info_boundary__yaw1575_pitchp0200,R4_bright_info_boundary,R4_bright_info_boundary,bright/robust-easy + info-boundary,primary,1575,200,157.5,+20.0,-15,half2p5,phase63(L1-G1),yaw1575_pitchp0200_roll-015,YES,21_pack (new render),,P2 R4 brightest yaw150/+15 (b_rank=1) 与 info-max yaw155/+20 (info_rank=1)
R4_bright_info_boundary__yaw1575_pitchp0200,R4_bright_info_boundary,R4_bright_info_boundary,bright/robust-easy + info-boundary,primary,1575,200,157.5,+20.0,0,half2p5,phase63(L1-G1),yaw1575_pitchp0200_roll+000,YES,"21_pack (半度点 fullrun 无网格, roll=0 新渲染)",,P2 R4 brightest yaw150/+15 (b_rank=1) 与 info-max yaw155/+20 (info_rank=1)
R4_bright_info_boundary__yaw1575_pitchp0200,R4_bright_info_boundary,R4_bright_info_boundary,bright/robust-easy + info-boundary,primary,1575,200,157.5,+20.0,15,half2p5,phase63(L1-G1),yaw1575_pitchp0200_roll+015,YES,21_pack (new render),,P2 R4 brightest yaw150/+15 (b_rank=1) 与 info-max yaw155/+20 (info_rank=1)
R4_bright_info_boundary__yaw1575_pitchp0200,R4_bright_info_boundary,R4_bright_info_boundary,bright/robust-easy + info-boundary,primary,1575,200,157.5,+20.0,30,half2p5,phase63(L1-G1),yaw1575_pitchp0200_roll+030,YES,21_pack (new render),,P2 R4 brightest yaw150/+15 (b_rank=1) 与 info-max yaw155/+20 (info_rank=1)
R4_bright_info_boundary__yaw1575_pitchp0200,R4_bright_info_boundary,R4_bright_info_boundary,bright/robust-easy + info-boundary,primary,1575,200,157.5,+20.0,45,half2p5,phase63(L1-G1),yaw1575_pitchp0200_roll+045,YES,21_pack (new render),,P2 R4 brightest yaw150/+15 (b_rank=1) 与 info-max yaw155/+20 (info_rank=1)
R4_bright_info_boundary__yaw1575_pitchp0200,R4_bright_info_boundary,R4_bright_info_boundary,bright/robust-easy + info-boundary,primary,1575,200,157.5,+20.0,60,half2p5,phase63(L1-G1),yaw1575_pitchp0200_roll+060,YES,21_pack (new render),,P2 R4 brightest yaw150/+15 (b_rank=1) 与 info-max yaw155/+20 (info_rank=1)
R4_bright_info_boundary__yaw1575_pitchp0225,R4_bright_info_boundary,R4_bright_info_boundary,bright/robust-easy + info-boundary,primary,1575,225,157.5,+22.5,-60,half2p5,phase63(L1-G1),yaw1575_pitchp0225_roll-060,YES,21_pack (new render),,P2 R4 brightest yaw150/+15 (b_rank=1) 与 info-max yaw155/+20 (info_rank=1)
R4_bright_info_boundary__yaw1575_pitchp0225,R4_bright_info_boundary,R4_bright_info_boundary,bright/robust-easy + info-boundary,primary,1575,225,157.5,+22.5,-45,half2p5,phase63(L1-G1),yaw1575_pitchp0225_roll-045,YES,21_pack (new render),,P2 R4 brightest yaw150/+15 (b_rank=1) 与 info-max yaw155/+20 (info_rank=1)
R4_bright_info_boundary__yaw1575_pitchp0225,R4_bright_info_boundary,R4_bright_info_boundary,bright/robust-easy + info-boundary,primary,1575,225,157.5,+22.5,-30,half2p5,phase63(L1-G1),yaw1575_pitchp0225_roll-030,YES,21_pack (new render),,P2 R4 brightest yaw150/+15 (b_rank=1) 与 info-max yaw155/+20 (info_rank=1)
R4_bright_info_boundary__yaw1575_pitchp0225,R4_bright_info_boundary,R4_bright_info_boundary,bright/robust-easy + info-boundary,primary,1575,225,157.5,+22.5,-15,half2p5,phase63(L1-G1),yaw1575_pitchp0225_roll-015,YES,21_pack (new render),,P2 R4 brightest yaw150/+15 (b_rank=1) 与 info-max yaw155/+20 (info_rank=1)
R4_bright_info_boundary__yaw1575_pitchp0225,R4_bright_info_boundary,R4_bright_info_boundary,bright/robust-easy + info-boundary,primary,1575,225,157.5,+22.5,0,half2p5,phase63(L1-G1),yaw1575_pitchp0225_roll+000,YES,"21_pack (半度点 fullrun 无网格, roll=0 新渲染)",,P2 R4 brightest yaw150/+15 (b_rank=1) 与 info-max yaw155/+20 (info_rank=1)
R4_bright_info_boundary__yaw1575_pitchp0225,R4_bright_info_boundary,R4_bright_info_boundary,bright/robust-easy + info-boundary,primary,1575,225,157.5,+22.5,15,half2p5,phase63(L1-G1),yaw1575_pitchp0225_roll+015,YES,21_pack (new render),,P2 R4 brightest yaw150/+15 (b_rank=1) 与 info-max yaw155/+20 (info_rank=1)
R4_bright_info_boundary__yaw1575_pitchp0225,R4_bright_info_boundary,R4_bright_info_boundary,bright/robust-easy + info-boundary,primary,1575,225,157.5,+22.5,30,half2p5,phase63(L1-G1),yaw1575_pitchp0225_roll+030,YES,21_pack (new render),,P2 R4 brightest yaw150/+15 (b_rank=1) 与 info-max yaw155/+20 (info_rank=1)
R4_bright_info_boundary__yaw1575_pitchp0225,R4_bright_info_boundary,R4_bright_info_boundary,bright/robust-easy + info-boundary,primary,1575,225,157.5,+22.5,45,half2p5,phase63(L1-G1),yaw1575_pitchp0225_roll+045,YES,21_pack (new render),,P2 R4 brightest yaw150/+15 (b_rank=1) 与 info-max yaw155/+20 (info_rank=1)
R4_bright_info_boundary__yaw1575_pitchp0225,R4_bright_info_boundary,R4_bright_info_boundary,bright/robust-easy + info-boundary,primary,1575,225,157.5,+22.5,60,half2p5,phase63(L1-G1),yaw1575_pitchp0225_roll+060,YES,21_pack (new render),,P2 R4 brightest yaw150/+15 (b_rank=1) 与 info-max yaw155/+20 (info_rank=1)
R4_bright_info_boundary__yaw1575_pitchp0250,R4_bright_info_boundary,R4_bright_info_boundary,bright/robust-easy + info-boundary,primary,1575,250,157.5,+25.0,-60,half2p5,phase63(L1-G1),yaw1575_pitchp0250_roll-060,YES,21_pack (new render),,P2 R4 brightest yaw150/+15 (b_rank=1) 与 info-max yaw155/+20 (info_rank=1)
R4_bright_info_boundary__yaw1575_pitchp0250,R4_bright_info_boundary,R4_bright_info_boundary,bright/robust-easy + info-boundary,primary,1575,250,157.5,+25.0,-45,half2p5,phase63(L1-G1),yaw1575_pitchp0250_roll-045,YES,21_pack (new render),,P2 R4 brightest yaw150/+15 (b_rank=1) 与 info-max yaw155/+20 (info_rank=1)
R4_bright_info_boundary__yaw1575_pitchp0250,R4_bright_info_boundary,R4_bright_info_boundary,bright/robust-easy + info-boundary,primary,1575,250,157.5,+25.0,-30,half2p5,phase63(L1-G1),yaw1575_pitchp0250_roll-030,YES,21_pack (new render),,P2 R4 brightest yaw150/+15 (b_rank=1) 与 info-max yaw155/+20 (info_rank=1)
R4_bright_info_boundary__yaw1575_pitchp0250,R4_bright_info_boundary,R4_bright_info_boundary,bright/robust-easy + info-boundary,primary,1575,250,157.5,+25.0,-15,half2p5,phase63(L1-G1),yaw1575_pitchp0250_roll-015,YES,21_pack (new render),,P2 R4 brightest yaw150/+15 (b_rank=1) 与 info-max yaw155/+20 (info_rank=1)
R4_bright_info_boundary__yaw1575_pitchp0250,R4_bright_info_boundary,R4_bright_info_boundary,bright/robust-easy + info-boundary,primary,1575,250,157.5,+25.0,0,half2p5,phase63(L1-G1),yaw1575_pitchp0250_roll+000,YES,"21_pack (半度点 fullrun 无网格, roll=0 新渲染)",,P2 R4 brightest yaw150/+15 (b_rank=1) 与 info-max yaw155/+20 (info_rank=1)
R4_bright_info_boundary__yaw1575_pitchp0250,R4_bright_info_boundary,R4_bright_info_boundary,bright/robust-easy + info-boundary,primary,1575,250,157.5,+25.0,15,half2p5,phase63(L1-G1),yaw1575_pitchp0250_roll+015,YES,21_pack (new render),,P2 R4 brightest yaw150/+15 (b_rank=1) 与 info-max yaw155/+20 (info_rank=1)
R4_bright_info_boundary__yaw1575_pitchp0250,R4_bright_info_boundary,R4_bright_info_boundary,bright/robust-easy + info-boundary,primary,1575,250,157.5,+25.0,30,half2p5,phase63(L1-G1),yaw1575_pitchp0250_roll+030,YES,21_pack (new render),,P2 R4 brightest yaw150/+15 (b_rank=1) 与 info-max yaw155/+20 (info_rank=1)
R4_bright_info_boundary__yaw1575_pitchp0250,R4_bright_info_boundary,R4_bright_info_boundary,bright/robust-easy + info-boundary,primary,1575,250,157.5,+25.0,45,half2p5,phase63(L1-G1),yaw1575_pitchp0250_roll+045,YES,21_pack (new render),,P2 R4 brightest yaw150/+15 (b_rank=1) 与 info-max yaw155/+20 (info_rank=1)
R4_bright_info_boundary__yaw1575_pitchp0250,R4_bright_info_boundary,R4_bright_info_boundary,bright/robust-easy + info-boundary,primary,1575,250,157.5,+25.0,60,half2p5,phase63(L1-G1),yaw1575_pitchp0250_roll+060,YES,21_pack (new render),,P2 R4 brightest yaw150/+15 (b_rank=1) 与 info-max yaw155/+20 (info_rank=1)
R4_bright_info_boundary__yaw1600_pitchp0100,R4_bright_info_boundary,R4_bright_info_boundary,bright/robust-easy + info-boundary,primary,1600,100,160.0,+10.0,-60,integer5,phase63(L1-G1),yaw1600_pitchp0100_roll-060,YES,21_pack (new render),,P2 R4 brightest yaw150/+15 (b_rank=1) 与 info-max yaw155/+20 (info_rank=1)
R4_bright_info_boundary__yaw1600_pitchp0100,R4_bright_info_boundary,R4_bright_info_boundary,bright/robust-easy + info-boundary,primary,1600,100,160.0,+10.0,-45,integer5,phase63(L1-G1),yaw1600_pitchp0100_roll-045,YES,21_pack (new render),,P2 R4 brightest yaw150/+15 (b_rank=1) 与 info-max yaw155/+20 (info_rank=1)
R4_bright_info_boundary__yaw1600_pitchp0100,R4_bright_info_boundary,R4_bright_info_boundary,bright/robust-easy + info-boundary,primary,1600,100,160.0,+10.0,-30,integer5,phase63(L1-G1),yaw1600_pitchp0100_roll-030,YES,21_pack (new render),,P2 R4 brightest yaw150/+15 (b_rank=1) 与 info-max yaw155/+20 (info_rank=1)
R4_bright_info_boundary__yaw1600_pitchp0100,R4_bright_info_boundary,R4_bright_info_boundary,bright/robust-easy + info-boundary,primary,1600,100,160.0,+10.0,-15,integer5,phase63(L1-G1),yaw1600_pitchp0100_roll-015,YES,21_pack (new render),,P2 R4 brightest yaw150/+15 (b_rank=1) 与 info-max yaw155/+20 (info_rank=1)
R4_bright_info_boundary__yaw1600_pitchp0100,R4_bright_info_boundary,R4_bright_info_boundary,bright/robust-easy + info-boundary,primary,1600,100,160.0,+10.0,0,integer5,phase63(L1-G1),yaw1600_pitchp0100_roll+000,NO,01_fullrun (roll+000 整数点复用),yaw160_pitch+010_roll+000,P2 R4 brightest yaw150/+15 (b_rank=1) 与 info-max yaw155/+20 (info_rank=1)
R4_bright_info_boundary__yaw1600_pitchp0100,R4_bright_info_boundary,R4_bright_info_boundary,bright/robust-easy + info-boundary,primary,1600,100,160.0,+10.0,15,integer5,phase63(L1-G1),yaw1600_pitchp0100_roll+015,YES,21_pack (new render),,P2 R4 brightest yaw150/+15 (b_rank=1) 与 info-max yaw155/+20 (info_rank=1)
R4_bright_info_boundary__yaw1600_pitchp0100,R4_bright_info_boundary,R4_bright_info_boundary,bright/robust-easy + info-boundary,primary,1600,100,160.0,+10.0,30,integer5,phase63(L1-G1),yaw1600_pitchp0100_roll+030,YES,21_pack (new render),,P2 R4 brightest yaw150/+15 (b_rank=1) 与 info-max yaw155/+20 (info_rank=1)
R4_bright_info_boundary__yaw1600_pitchp0100,R4_bright_info_boundary,R4_bright_info_boundary,bright/robust-easy + info-boundary,primary,1600,100,160.0,+10.0,45,integer5,phase63(L1-G1),yaw1600_pitchp0100_roll+045,YES,21_pack (new render),,P2 R4 brightest yaw150/+15 (b_rank=1) 与 info-max yaw155/+20 (info_rank=1)
R4_bright_info_boundary__yaw1600_pitchp0100,R4_bright_info_boundary,R4_bright_info_boundary,bright/robust-easy + info-boundary,primary,1600,100,160.0,+10.0,60,integer5,phase63(L1-G1),yaw1600_pitchp0100_roll+060,YES,21_pack (new render),,P2 R4 brightest yaw150/+15 (b_rank=1) 与 info-max yaw155/+20 (info_rank=1)
R4_bright_info_boundary__yaw1600_pitchp0125,R4_bright_info_boundary,R4_bright_info_boundary,bright/robust-easy + info-boundary,primary,1600,125,160.0,+12.5,-60,half2p5,phase63(L1-G1),yaw1600_pitchp0125_roll-060,YES,21_pack (new render),,P2 R4 brightest yaw150/+15 (b_rank=1) 与 info-max yaw155/+20 (info_rank=1)
R4_bright_info_boundary__yaw1600_pitchp0125,R4_bright_info_boundary,R4_bright_info_boundary,bright/robust-easy + info-boundary,primary,1600,125,160.0,+12.5,-45,half2p5,phase63(L1-G1),yaw1600_pitchp0125_roll-045,YES,21_pack (new render),,P2 R4 brightest yaw150/+15 (b_rank=1) 与 info-max yaw155/+20 (info_rank=1)
R4_bright_info_boundary__yaw1600_pitchp0125,R4_bright_info_boundary,R4_bright_info_boundary,bright/robust-easy + info-boundary,primary,1600,125,160.0,+12.5,-30,half2p5,phase63(L1-G1),yaw1600_pitchp0125_roll-030,YES,21_pack (new render),,P2 R4 brightest yaw150/+15 (b_rank=1) 与 info-max yaw155/+20 (info_rank=1)
R4_bright_info_boundary__yaw1600_pitchp0125,R4_bright_info_boundary,R4_bright_info_boundary,bright/robust-easy + info-boundary,primary,1600,125,160.0,+12.5,-15,half2p5,phase63(L1-G1),yaw1600_pitchp0125_roll-015,YES,21_pack (new render),,P2 R4 brightest yaw150/+15 (b_rank=1) 与 info-max yaw155/+20 (info_rank=1)
R4_bright_info_boundary__yaw1600_pitchp0125,R4_bright_info_boundary,R4_bright_info_boundary,bright/robust-easy + info-boundary,primary,1600,125,160.0,+12.5,0,half2p5,phase63(L1-G1),yaw1600_pitchp0125_roll+000,YES,"21_pack (半度点 fullrun 无网格, roll=0 新渲染)",,P2 R4 brightest yaw150/+15 (b_rank=1) 与 info-max yaw155/+20 (info_rank=1)
R4_bright_info_boundary__yaw1600_pitchp0125,R4_bright_info_boundary,R4_bright_info_boundary,bright/robust-easy + info-boundary,primary,1600,125,160.0,+12.5,15,half2p5,phase63(L1-G1),yaw1600_pitchp0125_roll+015,YES,21_pack (new render),,P2 R4 brightest yaw150/+15 (b_rank=1) 与 info-max yaw155/+20 (info_rank=1)
R4_bright_info_boundary__yaw1600_pitchp0125,R4_bright_info_boundary,R4_bright_info_boundary,bright/robust-easy + info-boundary,primary,1600,125,160.0,+12.5,30,half2p5,phase63(L1-G1),yaw1600_pitchp0125_roll+030,YES,21_pack (new render),,P2 R4 brightest yaw150/+15 (b_rank=1) 与 info-max yaw155/+20 (info_rank=1)
R4_bright_info_boundary__yaw1600_pitchp0125,R4_bright_info_boundary,R4_bright_info_boundary,bright/robust-easy + info-boundary,primary,1600,125,160.0,+12.5,45,half2p5,phase63(L1-G1),yaw1600_pitchp0125_roll+045,YES,21_pack (new render),,P2 R4 brightest yaw150/+15 (b_rank=1) 与 info-max yaw155/+20 (info_rank=1)
R4_bright_info_boundary__yaw1600_pitchp0125,R4_bright_info_boundary,R4_bright_info_boundary,bright/robust-easy + info-boundary,primary,1600,125,160.0,+12.5,60,half2p5,phase63(L1-G1),yaw1600_pitchp0125_roll+060,YES,21_pack (new render),,P2 R4 brightest yaw150/+15 (b_rank=1) 与 info-max yaw155/+20 (info_rank=1)
R4_bright_info_boundary__yaw1600_pitchp0150,R4_bright_info_boundary,R4_bright_info_boundary,bright/robust-easy + info-boundary,primary,1600,150,160.0,+15.0,-60,integer5,phase63(L1-G1),yaw1600_pitchp0150_roll-060,YES,21_pack (new render),,P2 R4 brightest yaw150/+15 (b_rank=1) 与 info-max yaw155/+20 (info_rank=1)
R4_bright_info_boundary__yaw1600_pitchp0150,R4_bright_info_boundary,R4_bright_info_boundary,bright/robust-easy + info-boundary,primary,1600,150,160.0,+15.0,-45,integer5,phase63(L1-G1),yaw1600_pitchp0150_roll-045,YES,21_pack (new render),,P2 R4 brightest yaw150/+15 (b_rank=1) 与 info-max yaw155/+20 (info_rank=1)
R4_bright_info_boundary__yaw1600_pitchp0150,R4_bright_info_boundary,R4_bright_info_boundary,bright/robust-easy + info-boundary,primary,1600,150,160.0,+15.0,-30,integer5,phase63(L1-G1),yaw1600_pitchp0150_roll-030,YES,21_pack (new render),,P2 R4 brightest yaw150/+15 (b_rank=1) 与 info-max yaw155/+20 (info_rank=1)
R4_bright_info_boundary__yaw1600_pitchp0150,R4_bright_info_boundary,R4_bright_info_boundary,bright/robust-easy + info-boundary,primary,1600,150,160.0,+15.0,-15,integer5,phase63(L1-G1),yaw1600_pitchp0150_roll-015,YES,21_pack (new render),,P2 R4 brightest yaw150/+15 (b_rank=1) 与 info-max yaw155/+20 (info_rank=1)
R4_bright_info_boundary__yaw1600_pitchp0150,R4_bright_info_boundary,R4_bright_info_boundary,bright/robust-easy + info-boundary,primary,1600,150,160.0,+15.0,0,integer5,phase63(L1-G1),yaw1600_pitchp0150_roll+000,NO,01_fullrun (roll+000 整数点复用),yaw160_pitch+015_roll+000,P2 R4 brightest yaw150/+15 (b_rank=1) 与 info-max yaw155/+20 (info_rank=1)
R4_bright_info_boundary__yaw1600_pitchp0150,R4_bright_info_boundary,R4_bright_info_boundary,bright/robust-easy + info-boundary,primary,1600,150,160.0,+15.0,15,integer5,phase63(L1-G1),yaw1600_pitchp0150_roll+015,YES,21_pack (new render),,P2 R4 brightest yaw150/+15 (b_rank=1) 与 info-max yaw155/+20 (info_rank=1)
R4_bright_info_boundary__yaw1600_pitchp0150,R4_bright_info_boundary,R4_bright_info_boundary,bright/robust-easy + info-boundary,primary,1600,150,160.0,+15.0,30,integer5,phase63(L1-G1),yaw1600_pitchp0150_roll+030,YES,21_pack (new render),,P2 R4 brightest yaw150/+15 (b_rank=1) 与 info-max yaw155/+20 (info_rank=1)
R4_bright_info_boundary__yaw1600_pitchp0150,R4_bright_info_boundary,R4_bright_info_boundary,bright/robust-easy + info-boundary,primary,1600,150,160.0,+15.0,45,integer5,phase63(L1-G1),yaw1600_pitchp0150_roll+045,YES,21_pack (new render),,P2 R4 brightest yaw150/+15 (b_rank=1) 与 info-max yaw155/+20 (info_rank=1)
R4_bright_info_boundary__yaw1600_pitchp0150,R4_bright_info_boundary,R4_bright_info_boundary,bright/robust-easy + info-boundary,primary,1600,150,160.0,+15.0,60,integer5,phase63(L1-G1),yaw1600_pitchp0150_roll+060,YES,21_pack (new render),,P2 R4 brightest yaw150/+15 (b_rank=1) 与 info-max yaw155/+20 (info_rank=1)
R4_bright_info_boundary__yaw1600_pitchp0175,R4_bright_info_boundary,R4_bright_info_boundary,bright/robust-easy + info-boundary,primary,1600,175,160.0,+17.5,-60,half2p5,phase63(L1-G1),yaw1600_pitchp0175_roll-060,YES,21_pack (new render),,P2 R4 brightest yaw150/+15 (b_rank=1) 与 info-max yaw155/+20 (info_rank=1)
R4_bright_info_boundary__yaw1600_pitchp0175,R4_bright_info_boundary,R4_bright_info_boundary,bright/robust-easy + info-boundary,primary,1600,175,160.0,+17.5,-45,half2p5,phase63(L1-G1),yaw1600_pitchp0175_roll-045,YES,21_pack (new render),,P2 R4 brightest yaw150/+15 (b_rank=1) 与 info-max yaw155/+20 (info_rank=1)
R4_bright_info_boundary__yaw1600_pitchp0175,R4_bright_info_boundary,R4_bright_info_boundary,bright/robust-easy + info-boundary,primary,1600,175,160.0,+17.5,-30,half2p5,phase63(L1-G1),yaw1600_pitchp0175_roll-030,YES,21_pack (new render),,P2 R4 brightest yaw150/+15 (b_rank=1) 与 info-max yaw155/+20 (info_rank=1)
R4_bright_info_boundary__yaw1600_pitchp0175,R4_bright_info_boundary,R4_bright_info_boundary,bright/robust-easy + info-boundary,primary,1600,175,160.0,+17.5,-15,half2p5,phase63(L1-G1),yaw1600_pitchp0175_roll-015,YES,21_pack (new render),,P2 R4 brightest yaw150/+15 (b_rank=1) 与 info-max yaw155/+20 (info_rank=1)
R4_bright_info_boundary__yaw1600_pitchp0175,R4_bright_info_boundary,R4_bright_info_boundary,bright/robust-easy + info-boundary,primary,1600,175,160.0,+17.5,0,half2p5,phase63(L1-G1),yaw1600_pitchp0175_roll+000,YES,"21_pack (半度点 fullrun 无网格, roll=0 新渲染)",,P2 R4 brightest yaw150/+15 (b_rank=1) 与 info-max yaw155/+20 (info_rank=1)
R4_bright_info_boundary__yaw1600_pitchp0175,R4_bright_info_boundary,R4_bright_info_boundary,bright/robust-easy + info-boundary,primary,1600,175,160.0,+17.5,15,half2p5,phase63(L1-G1),yaw1600_pitchp0175_roll+015,YES,21_pack (new render),,P2 R4 brightest yaw150/+15 (b_rank=1) 与 info-max yaw155/+20 (info_rank=1)
R4_bright_info_boundary__yaw1600_pitchp0175,R4_bright_info_boundary,R4_bright_info_boundary,bright/robust-easy + info-boundary,primary,1600,175,160.0,+17.5,30,half2p5,phase63(L1-G1),yaw1600_pitchp0175_roll+030,YES,21_pack (new render),,P2 R4 brightest yaw150/+15 (b_rank=1) 与 info-max yaw155/+20 (info_rank=1)
R4_bright_info_boundary__yaw1600_pitchp0175,R4_bright_info_boundary,R4_bright_info_boundary,bright/robust-easy + info-boundary,primary,1600,175,160.0,+17.5,45,half2p5,phase63(L1-G1),yaw1600_pitchp0175_roll+045,YES,21_pack (new render),,P2 R4 brightest yaw150/+15 (b_rank=1) 与 info-max yaw155/+20 (info_rank=1)
R4_bright_info_boundary__yaw1600_pitchp0175,R4_bright_info_boundary,R4_bright_info_boundary,bright/robust-easy + info-boundary,primary,1600,175,160.0,+17.5,60,half2p5,phase63(L1-G1),yaw1600_pitchp0175_roll+060,YES,21_pack (new render),,P2 R4 brightest yaw150/+15 (b_rank=1) 与 info-max yaw155/+20 (info_rank=1)
R4_bright_info_boundary__yaw1600_pitchp0200,R4_bright_info_boundary,R4_bright_info_boundary,bright/robust-easy + info-boundary,primary,1600,200,160.0,+20.0,-60,integer5,phase63(L1-G1),yaw1600_pitchp0200_roll-060,YES,21_pack (new render),,P2 R4 brightest yaw150/+15 (b_rank=1) 与 info-max yaw155/+20 (info_rank=1)
R4_bright_info_boundary__yaw1600_pitchp0200,R4_bright_info_boundary,R4_bright_info_boundary,bright/robust-easy + info-boundary,primary,1600,200,160.0,+20.0,-45,integer5,phase63(L1-G1),yaw1600_pitchp0200_roll-045,YES,21_pack (new render),,P2 R4 brightest yaw150/+15 (b_rank=1) 与 info-max yaw155/+20 (info_rank=1)
R4_bright_info_boundary__yaw1600_pitchp0200,R4_bright_info_boundary,R4_bright_info_boundary,bright/robust-easy + info-boundary,primary,1600,200,160.0,+20.0,-30,integer5,phase63(L1-G1),yaw1600_pitchp0200_roll-030,YES,21_pack (new render),,P2 R4 brightest yaw150/+15 (b_rank=1) 与 info-max yaw155/+20 (info_rank=1)
R4_bright_info_boundary__yaw1600_pitchp0200,R4_bright_info_boundary,R4_bright_info_boundary,bright/robust-easy + info-boundary,primary,1600,200,160.0,+20.0,-15,integer5,phase63(L1-G1),yaw1600_pitchp0200_roll-015,YES,21_pack (new render),,P2 R4 brightest yaw150/+15 (b_rank=1) 与 info-max yaw155/+20 (info_rank=1)
R4_bright_info_boundary__yaw1600_pitchp0200,R4_bright_info_boundary,R4_bright_info_boundary,bright/robust-easy + info-boundary,primary,1600,200,160.0,+20.0,0,integer5,phase63(L1-G1),yaw1600_pitchp0200_roll+000,NO,01_fullrun (roll+000 整数点复用),yaw160_pitch+020_roll+000,P2 R4 brightest yaw150/+15 (b_rank=1) 与 info-max yaw155/+20 (info_rank=1)
R4_bright_info_boundary__yaw1600_pitchp0200,R4_bright_info_boundary,R4_bright_info_boundary,bright/robust-easy + info-boundary,primary,1600,200,160.0,+20.0,15,integer5,phase63(L1-G1),yaw1600_pitchp0200_roll+015,YES,21_pack (new render),,P2 R4 brightest yaw150/+15 (b_rank=1) 与 info-max yaw155/+20 (info_rank=1)
R4_bright_info_boundary__yaw1600_pitchp0200,R4_bright_info_boundary,R4_bright_info_boundary,bright/robust-easy + info-boundary,primary,1600,200,160.0,+20.0,30,integer5,phase63(L1-G1),yaw1600_pitchp0200_roll+030,YES,21_pack (new render),,P2 R4 brightest yaw150/+15 (b_rank=1) 与 info-max yaw155/+20 (info_rank=1)
R4_bright_info_boundary__yaw1600_pitchp0200,R4_bright_info_boundary,R4_bright_info_boundary,bright/robust-easy + info-boundary,primary,1600,200,160.0,+20.0,45,integer5,phase63(L1-G1),yaw1600_pitchp0200_roll+045,YES,21_pack (new render),,P2 R4 brightest yaw150/+15 (b_rank=1) 与 info-max yaw155/+20 (info_rank=1)
R4_bright_info_boundary__yaw1600_pitchp0200,R4_bright_info_boundary,R4_bright_info_boundary,bright/robust-easy + info-boundary,primary,1600,200,160.0,+20.0,60,integer5,phase63(L1-G1),yaw1600_pitchp0200_roll+060,YES,21_pack (new render),,P2 R4 brightest yaw150/+15 (b_rank=1) 与 info-max yaw155/+20 (info_rank=1)
R4_bright_info_boundary__yaw1600_pitchp0225,R4_bright_info_boundary,R4_bright_info_boundary,bright/robust-easy + info-boundary,primary,1600,225,160.0,+22.5,-60,half2p5,phase63(L1-G1),yaw1600_pitchp0225_roll-060,YES,21_pack (new render),,P2 R4 brightest yaw150/+15 (b_rank=1) 与 info-max yaw155/+20 (info_rank=1)
R4_bright_info_boundary__yaw1600_pitchp0225,R4_bright_info_boundary,R4_bright_info_boundary,bright/robust-easy + info-boundary,primary,1600,225,160.0,+22.5,-45,half2p5,phase63(L1-G1),yaw1600_pitchp0225_roll-045,YES,21_pack (new render),,P2 R4 brightest yaw150/+15 (b_rank=1) 与 info-max yaw155/+20 (info_rank=1)
R4_bright_info_boundary__yaw1600_pitchp0225,R4_bright_info_boundary,R4_bright_info_boundary,bright/robust-easy + info-boundary,primary,1600,225,160.0,+22.5,-30,half2p5,phase63(L1-G1),yaw1600_pitchp0225_roll-030,YES,21_pack (new render),,P2 R4 brightest yaw150/+15 (b_rank=1) 与 info-max yaw155/+20 (info_rank=1)
R4_bright_info_boundary__yaw1600_pitchp0225,R4_bright_info_boundary,R4_bright_info_boundary,bright/robust-easy + info-boundary,primary,1600,225,160.0,+22.5,-15,half2p5,phase63(L1-G1),yaw1600_pitchp0225_roll-015,YES,21_pack (new render),,P2 R4 brightest yaw150/+15 (b_rank=1) 与 info-max yaw155/+20 (info_rank=1)
R4_bright_info_boundary__yaw1600_pitchp0225,R4_bright_info_boundary,R4_bright_info_boundary,bright/robust-easy + info-boundary,primary,1600,225,160.0,+22.5,0,half2p5,phase63(L1-G1),yaw1600_pitchp0225_roll+000,YES,"21_pack (半度点 fullrun 无网格, roll=0 新渲染)",,P2 R4 brightest yaw150/+15 (b_rank=1) 与 info-max yaw155/+20 (info_rank=1)
R4_bright_info_boundary__yaw1600_pitchp0225,R4_bright_info_boundary,R4_bright_info_boundary,bright/robust-easy + info-boundary,primary,1600,225,160.0,+22.5,15,half2p5,phase63(L1-G1),yaw1600_pitchp0225_roll+015,YES,21_pack (new render),,P2 R4 brightest yaw150/+15 (b_rank=1) 与 info-max yaw155/+20 (info_rank=1)
R4_bright_info_boundary__yaw1600_pitchp0225,R4_bright_info_boundary,R4_bright_info_boundary,bright/robust-easy + info-boundary,primary,1600,225,160.0,+22.5,30,half2p5,phase63(L1-G1),yaw1600_pitchp0225_roll+030,YES,21_pack (new render),,P2 R4 brightest yaw150/+15 (b_rank=1) 与 info-max yaw155/+20 (info_rank=1)
R4_bright_info_boundary__yaw1600_pitchp0225,R4_bright_info_boundary,R4_bright_info_boundary,bright/robust-easy + info-boundary,primary,1600,225,160.0,+22.5,45,half2p5,phase63(L1-G1),yaw1600_pitchp0225_roll+045,YES,21_pack (new render),,P2 R4 brightest yaw150/+15 (b_rank=1) 与 info-max yaw155/+20 (info_rank=1)
R4_bright_info_boundary__yaw1600_pitchp0225,R4_bright_info_boundary,R4_bright_info_boundary,bright/robust-easy + info-boundary,primary,1600,225,160.0,+22.5,60,half2p5,phase63(L1-G1),yaw1600_pitchp0225_roll+060,YES,21_pack (new render),,P2 R4 brightest yaw150/+15 (b_rank=1) 与 info-max yaw155/+20 (info_rank=1)
R4_bright_info_boundary__yaw1600_pitchp0250,R4_bright_info_boundary,R4_bright_info_boundary,bright/robust-easy + info-boundary,primary,1600,250,160.0,+25.0,-60,integer5,phase63(L1-G1),yaw1600_pitchp0250_roll-060,YES,21_pack (new render),,P2 R4 brightest yaw150/+15 (b_rank=1) 与 info-max yaw155/+20 (info_rank=1)
R4_bright_info_boundary__yaw1600_pitchp0250,R4_bright_info_boundary,R4_bright_info_boundary,bright/robust-easy + info-boundary,primary,1600,250,160.0,+25.0,-45,integer5,phase63(L1-G1),yaw1600_pitchp0250_roll-045,YES,21_pack (new render),,P2 R4 brightest yaw150/+15 (b_rank=1) 与 info-max yaw155/+20 (info_rank=1)
R4_bright_info_boundary__yaw1600_pitchp0250,R4_bright_info_boundary,R4_bright_info_boundary,bright/robust-easy + info-boundary,primary,1600,250,160.0,+25.0,-30,integer5,phase63(L1-G1),yaw1600_pitchp0250_roll-030,YES,21_pack (new render),,P2 R4 brightest yaw150/+15 (b_rank=1) 与 info-max yaw155/+20 (info_rank=1)
R4_bright_info_boundary__yaw1600_pitchp0250,R4_bright_info_boundary,R4_bright_info_boundary,bright/robust-easy + info-boundary,primary,1600,250,160.0,+25.0,-15,integer5,phase63(L1-G1),yaw1600_pitchp0250_roll-015,YES,21_pack (new render),,P2 R4 brightest yaw150/+15 (b_rank=1) 与 info-max yaw155/+20 (info_rank=1)
R4_bright_info_boundary__yaw1600_pitchp0250,R4_bright_info_boundary,R4_bright_info_boundary,bright/robust-easy + info-boundary,primary,1600,250,160.0,+25.0,0,integer5,phase63(L1-G1),yaw1600_pitchp0250_roll+000,NO,01_fullrun (roll+000 整数点复用),yaw160_pitch+025_roll+000,P2 R4 brightest yaw150/+15 (b_rank=1) 与 info-max yaw155/+20 (info_rank=1)
R4_bright_info_boundary__yaw1600_pitchp0250,R4_bright_info_boundary,R4_bright_info_boundary,bright/robust-easy + info-boundary,primary,1600,250,160.0,+25.0,15,integer5,phase63(L1-G1),yaw1600_pitchp0250_roll+015,YES,21_pack (new render),,P2 R4 brightest yaw150/+15 (b_rank=1) 与 info-max yaw155/+20 (info_rank=1)
R4_bright_info_boundary__yaw1600_pitchp0250,R4_bright_info_boundary,R4_bright_info_boundary,bright/robust-easy + info-boundary,primary,1600,250,160.0,+25.0,30,integer5,phase63(L1-G1),yaw1600_pitchp0250_roll+030,YES,21_pack (new render),,P2 R4 brightest yaw150/+15 (b_rank=1) 与 info-max yaw155/+20 (info_rank=1)
R4_bright_info_boundary__yaw1600_pitchp0250,R4_bright_info_boundary,R4_bright_info_boundary,bright/robust-easy + info-boundary,primary,1600,250,160.0,+25.0,45,integer5,phase63(L1-G1),yaw1600_pitchp0250_roll+045,YES,21_pack (new render),,P2 R4 brightest yaw150/+15 (b_rank=1) 与 info-max yaw155/+20 (info_rank=1)
R4_bright_info_boundary__yaw1600_pitchp0250,R4_bright_info_boundary,R4_bright_info_boundary,bright/robust-easy + info-boundary,primary,1600,250,160.0,+25.0,60,integer5,phase63(L1-G1),yaw1600_pitchp0250_roll+060,YES,21_pack (new render),,P2 R4 brightest yaw150/+15 (b_rank=1) 与 info-max yaw155/+20 (info_rank=1)
R5_control__yaw2050_pitchm0100,R5_control,R5_control,neutral-control,control,2050,-100,205.0,-10.0,-60,integer5,phase63(L1-G1),yaw2050_pitchm0100_roll-060,YES,21_pack (new render),,P2 R5 neutral yaw205/210 pitch-5/-10 (utility 最低)
R5_control__yaw2050_pitchm0100,R5_control,R5_control,neutral-control,control,2050,-100,205.0,-10.0,-45,integer5,phase63(L1-G1),yaw2050_pitchm0100_roll-045,YES,21_pack (new render),,P2 R5 neutral yaw205/210 pitch-5/-10 (utility 最低)
R5_control__yaw2050_pitchm0100,R5_control,R5_control,neutral-control,control,2050,-100,205.0,-10.0,-30,integer5,phase63(L1-G1),yaw2050_pitchm0100_roll-030,YES,21_pack (new render),,P2 R5 neutral yaw205/210 pitch-5/-10 (utility 最低)
R5_control__yaw2050_pitchm0100,R5_control,R5_control,neutral-control,control,2050,-100,205.0,-10.0,-15,integer5,phase63(L1-G1),yaw2050_pitchm0100_roll-015,YES,21_pack (new render),,P2 R5 neutral yaw205/210 pitch-5/-10 (utility 最低)
R5_control__yaw2050_pitchm0100,R5_control,R5_control,neutral-control,control,2050,-100,205.0,-10.0,0,integer5,phase63(L1-G1),yaw2050_pitchm0100_roll+000,NO,01_fullrun (roll+000 整数点复用),yaw205_pitch-010_roll+000,P2 R5 neutral yaw205/210 pitch-5/-10 (utility 最低)
R5_control__yaw2050_pitchm0100,R5_control,R5_control,neutral-control,control,2050,-100,205.0,-10.0,15,integer5,phase63(L1-G1),yaw2050_pitchm0100_roll+015,YES,21_pack (new render),,P2 R5 neutral yaw205/210 pitch-5/-10 (utility 最低)
R5_control__yaw2050_pitchm0100,R5_control,R5_control,neutral-control,control,2050,-100,205.0,-10.0,30,integer5,phase63(L1-G1),yaw2050_pitchm0100_roll+030,YES,21_pack (new render),,P2 R5 neutral yaw205/210 pitch-5/-10 (utility 最低)
R5_control__yaw2050_pitchm0100,R5_control,R5_control,neutral-control,control,2050,-100,205.0,-10.0,45,integer5,phase63(L1-G1),yaw2050_pitchm0100_roll+045,YES,21_pack (new render),,P2 R5 neutral yaw205/210 pitch-5/-10 (utility 最低)
R5_control__yaw2050_pitchm0100,R5_control,R5_control,neutral-control,control,2050,-100,205.0,-10.0,60,integer5,phase63(L1-G1),yaw2050_pitchm0100_roll+060,YES,21_pack (new render),,P2 R5 neutral yaw205/210 pitch-5/-10 (utility 最低)
R5_control__yaw2050_pitchm0050,R5_control,R5_control,neutral-control,control,2050,-50,205.0,-5.0,-60,integer5,phase63(L1-G1),yaw2050_pitchm0050_roll-060,YES,21_pack (new render),,P2 R5 neutral yaw205/210 pitch-5/-10 (utility 最低)
R5_control__yaw2050_pitchm0050,R5_control,R5_control,neutral-control,control,2050,-50,205.0,-5.0,-45,integer5,phase63(L1-G1),yaw2050_pitchm0050_roll-045,YES,21_pack (new render),,P2 R5 neutral yaw205/210 pitch-5/-10 (utility 最低)
R5_control__yaw2050_pitchm0050,R5_control,R5_control,neutral-control,control,2050,-50,205.0,-5.0,-30,integer5,phase63(L1-G1),yaw2050_pitchm0050_roll-030,YES,21_pack (new render),,P2 R5 neutral yaw205/210 pitch-5/-10 (utility 最低)
R5_control__yaw2050_pitchm0050,R5_control,R5_control,neutral-control,control,2050,-50,205.0,-5.0,-15,integer5,phase63(L1-G1),yaw2050_pitchm0050_roll-015,YES,21_pack (new render),,P2 R5 neutral yaw205/210 pitch-5/-10 (utility 最低)
R5_control__yaw2050_pitchm0050,R5_control,R5_control,neutral-control,control,2050,-50,205.0,-5.0,0,integer5,phase63(L1-G1),yaw2050_pitchm0050_roll+000,NO,01_fullrun (roll+000 整数点复用),yaw205_pitch-005_roll+000,P2 R5 neutral yaw205/210 pitch-5/-10 (utility 最低)
R5_control__yaw2050_pitchm0050,R5_control,R5_control,neutral-control,control,2050,-50,205.0,-5.0,15,integer5,phase63(L1-G1),yaw2050_pitchm0050_roll+015,YES,21_pack (new render),,P2 R5 neutral yaw205/210 pitch-5/-10 (utility 最低)
R5_control__yaw2050_pitchm0050,R5_control,R5_control,neutral-control,control,2050,-50,205.0,-5.0,30,integer5,phase63(L1-G1),yaw2050_pitchm0050_roll+030,YES,21_pack (new render),,P2 R5 neutral yaw205/210 pitch-5/-10 (utility 最低)
R5_control__yaw2050_pitchm0050,R5_control,R5_control,neutral-control,control,2050,-50,205.0,-5.0,45,integer5,phase63(L1-G1),yaw2050_pitchm0050_roll+045,YES,21_pack (new render),,P2 R5 neutral yaw205/210 pitch-5/-10 (utility 最低)
R5_control__yaw2050_pitchm0050,R5_control,R5_control,neutral-control,control,2050,-50,205.0,-5.0,60,integer5,phase63(L1-G1),yaw2050_pitchm0050_roll+060,YES,21_pack (new render),,P2 R5 neutral yaw205/210 pitch-5/-10 (utility 最低)
R5_control__yaw2100_pitchm0100,R5_control,R5_control,neutral-control,control,2100,-100,210.0,-10.0,-60,integer5,phase63(L1-G1),yaw2100_pitchm0100_roll-060,YES,21_pack (new render),,P2 R5 neutral yaw205/210 pitch-5/-10 (utility 最低)
R5_control__yaw2100_pitchm0100,R5_control,R5_control,neutral-control,control,2100,-100,210.0,-10.0,-45,integer5,phase63(L1-G1),yaw2100_pitchm0100_roll-045,YES,21_pack (new render),,P2 R5 neutral yaw205/210 pitch-5/-10 (utility 最低)
R5_control__yaw2100_pitchm0100,R5_control,R5_control,neutral-control,control,2100,-100,210.0,-10.0,-30,integer5,phase63(L1-G1),yaw2100_pitchm0100_roll-030,YES,21_pack (new render),,P2 R5 neutral yaw205/210 pitch-5/-10 (utility 最低)
R5_control__yaw2100_pitchm0100,R5_control,R5_control,neutral-control,control,2100,-100,210.0,-10.0,-15,integer5,phase63(L1-G1),yaw2100_pitchm0100_roll-015,YES,21_pack (new render),,P2 R5 neutral yaw205/210 pitch-5/-10 (utility 最低)
R5_control__yaw2100_pitchm0100,R5_control,R5_control,neutral-control,control,2100,-100,210.0,-10.0,0,integer5,phase63(L1-G1),yaw2100_pitchm0100_roll+000,NO,01_fullrun (roll+000 整数点复用),yaw210_pitch-010_roll+000,P2 R5 neutral yaw205/210 pitch-5/-10 (utility 最低)
R5_control__yaw2100_pitchm0100,R5_control,R5_control,neutral-control,control,2100,-100,210.0,-10.0,15,integer5,phase63(L1-G1),yaw2100_pitchm0100_roll+015,YES,21_pack (new render),,P2 R5 neutral yaw205/210 pitch-5/-10 (utility 最低)
R5_control__yaw2100_pitchm0100,R5_control,R5_control,neutral-control,control,2100,-100,210.0,-10.0,30,integer5,phase63(L1-G1),yaw2100_pitchm0100_roll+030,YES,21_pack (new render),,P2 R5 neutral yaw205/210 pitch-5/-10 (utility 最低)
R5_control__yaw2100_pitchm0100,R5_control,R5_control,neutral-control,control,2100,-100,210.0,-10.0,45,integer5,phase63(L1-G1),yaw2100_pitchm0100_roll+045,YES,21_pack (new render),,P2 R5 neutral yaw205/210 pitch-5/-10 (utility 最低)
R5_control__yaw2100_pitchm0100,R5_control,R5_control,neutral-control,control,2100,-100,210.0,-10.0,60,integer5,phase63(L1-G1),yaw2100_pitchm0100_roll+060,YES,21_pack (new render),,P2 R5 neutral yaw205/210 pitch-5/-10 (utility 最低)
R5_control__yaw2100_pitchm0050,R5_control,R5_control,neutral-control,control,2100,-50,210.0,-5.0,-60,integer5,phase63(L1-G1),yaw2100_pitchm0050_roll-060,YES,21_pack (new render),,P2 R5 neutral yaw205/210 pitch-5/-10 (utility 最低)
R5_control__yaw2100_pitchm0050,R5_control,R5_control,neutral-control,control,2100,-50,210.0,-5.0,-45,integer5,phase63(L1-G1),yaw2100_pitchm0050_roll-045,YES,21_pack (new render),,P2 R5 neutral yaw205/210 pitch-5/-10 (utility 最低)
R5_control__yaw2100_pitchm0050,R5_control,R5_control,neutral-control,control,2100,-50,210.0,-5.0,-30,integer5,phase63(L1-G1),yaw2100_pitchm0050_roll-030,YES,21_pack (new render),,P2 R5 neutral yaw205/210 pitch-5/-10 (utility 最低)
R5_control__yaw2100_pitchm0050,R5_control,R5_control,neutral-control,control,2100,-50,210.0,-5.0,-15,integer5,phase63(L1-G1),yaw2100_pitchm0050_roll-015,YES,21_pack (new render),,P2 R5 neutral yaw205/210 pitch-5/-10 (utility 最低)
R5_control__yaw2100_pitchm0050,R5_control,R5_control,neutral-control,control,2100,-50,210.0,-5.0,0,integer5,phase63(L1-G1),yaw2100_pitchm0050_roll+000,NO,01_fullrun (roll+000 整数点复用),yaw210_pitch-005_roll+000,P2 R5 neutral yaw205/210 pitch-5/-10 (utility 最低)
R5_control__yaw2100_pitchm0050,R5_control,R5_control,neutral-control,control,2100,-50,210.0,-5.0,15,integer5,phase63(L1-G1),yaw2100_pitchm0050_roll+015,YES,21_pack (new render),,P2 R5 neutral yaw205/210 pitch-5/-10 (utility 最低)
R5_control__yaw2100_pitchm0050,R5_control,R5_control,neutral-control,control,2100,-50,210.0,-5.0,30,integer5,phase63(L1-G1),yaw2100_pitchm0050_roll+030,YES,21_pack (new render),,P2 R5 neutral yaw205/210 pitch-5/-10 (utility 最低)
R5_control__yaw2100_pitchm0050,R5_control,R5_control,neutral-control,control,2100,-50,210.0,-5.0,45,integer5,phase63(L1-G1),yaw2100_pitchm0050_roll+045,YES,21_pack (new render),,P2 R5 neutral yaw205/210 pitch-5/-10 (utility 最低)
R5_control__yaw2100_pitchm0050,R5_control,R5_control,neutral-control,control,2100,-50,210.0,-5.0,60,integer5,phase63(L1-G1),yaw2100_pitchm0050_roll+060,YES,21_pack (new render),,P2 R5 neutral yaw205/210 pitch-5/-10 (utility 最低)
R1_high_info__yaw2400_pitchp0300,R1_high_info,R1_high_info,high-info,primary,2400,300,240.0,+30.0,-60,integer5,phase63(L1-G1),yaw2400_pitchp0300_roll-060,YES,21_pack (new render),,P2 R1 roll_sens peak yaw245 pitch+30/+35 (mean_rs=2.66)
R1_high_info__yaw2400_pitchp0300,R1_high_info,R1_high_info,high-info,primary,2400,300,240.0,+30.0,-45,integer5,phase63(L1-G1),yaw2400_pitchp0300_roll-045,YES,21_pack (new render),,P2 R1 roll_sens peak yaw245 pitch+30/+35 (mean_rs=2.66)
R1_high_info__yaw2400_pitchp0300,R1_high_info,R1_high_info,high-info,primary,2400,300,240.0,+30.0,-30,integer5,phase63(L1-G1),yaw2400_pitchp0300_roll-030,YES,21_pack (new render),,P2 R1 roll_sens peak yaw245 pitch+30/+35 (mean_rs=2.66)
R1_high_info__yaw2400_pitchp0300,R1_high_info,R1_high_info,high-info,primary,2400,300,240.0,+30.0,-15,integer5,phase63(L1-G1),yaw2400_pitchp0300_roll-015,YES,21_pack (new render),,P2 R1 roll_sens peak yaw245 pitch+30/+35 (mean_rs=2.66)
R1_high_info__yaw2400_pitchp0300,R1_high_info,R1_high_info,high-info,primary,2400,300,240.0,+30.0,0,integer5,phase63(L1-G1),yaw2400_pitchp0300_roll+000,NO,01_fullrun (roll+000 整数点复用),yaw240_pitch+030_roll+000,P2 R1 roll_sens peak yaw245 pitch+30/+35 (mean_rs=2.66)
R1_high_info__yaw2400_pitchp0300,R1_high_info,R1_high_info,high-info,primary,2400,300,240.0,+30.0,15,integer5,phase63(L1-G1),yaw2400_pitchp0300_roll+015,YES,21_pack (new render),,P2 R1 roll_sens peak yaw245 pitch+30/+35 (mean_rs=2.66)
R1_high_info__yaw2400_pitchp0300,R1_high_info,R1_high_info,high-info,primary,2400,300,240.0,+30.0,30,integer5,phase63(L1-G1),yaw2400_pitchp0300_roll+030,YES,21_pack (new render),,P2 R1 roll_sens peak yaw245 pitch+30/+35 (mean_rs=2.66)
R1_high_info__yaw2400_pitchp0300,R1_high_info,R1_high_info,high-info,primary,2400,300,240.0,+30.0,45,integer5,phase63(L1-G1),yaw2400_pitchp0300_roll+045,YES,21_pack (new render),,P2 R1 roll_sens peak yaw245 pitch+30/+35 (mean_rs=2.66)
R1_high_info__yaw2400_pitchp0300,R1_high_info,R1_high_info,high-info,primary,2400,300,240.0,+30.0,60,integer5,phase63(L1-G1),yaw2400_pitchp0300_roll+060,YES,21_pack (new render),,P2 R1 roll_sens peak yaw245 pitch+30/+35 (mean_rs=2.66)
R1_high_info__yaw2400_pitchp0325,R1_high_info,R1_high_info,high-info,primary,2400,325,240.0,+32.5,-60,half2p5,phase63(L1-G1),yaw2400_pitchp0325_roll-060,YES,21_pack (new render),,P2 R1 roll_sens peak yaw245 pitch+30/+35 (mean_rs=2.66)
R1_high_info__yaw2400_pitchp0325,R1_high_info,R1_high_info,high-info,primary,2400,325,240.0,+32.5,-45,half2p5,phase63(L1-G1),yaw2400_pitchp0325_roll-045,YES,21_pack (new render),,P2 R1 roll_sens peak yaw245 pitch+30/+35 (mean_rs=2.66)
R1_high_info__yaw2400_pitchp0325,R1_high_info,R1_high_info,high-info,primary,2400,325,240.0,+32.5,-30,half2p5,phase63(L1-G1),yaw2400_pitchp0325_roll-030,YES,21_pack (new render),,P2 R1 roll_sens peak yaw245 pitch+30/+35 (mean_rs=2.66)
R1_high_info__yaw2400_pitchp0325,R1_high_info,R1_high_info,high-info,primary,2400,325,240.0,+32.5,-15,half2p5,phase63(L1-G1),yaw2400_pitchp0325_roll-015,YES,21_pack (new render),,P2 R1 roll_sens peak yaw245 pitch+30/+35 (mean_rs=2.66)
R1_high_info__yaw2400_pitchp0325,R1_high_info,R1_high_info,high-info,primary,2400,325,240.0,+32.5,0,half2p5,phase63(L1-G1),yaw2400_pitchp0325_roll+000,YES,"21_pack (半度点 fullrun 无网格, roll=0 新渲染)",,P2 R1 roll_sens peak yaw245 pitch+30/+35 (mean_rs=2.66)
R1_high_info__yaw2400_pitchp0325,R1_high_info,R1_high_info,high-info,primary,2400,325,240.0,+32.5,15,half2p5,phase63(L1-G1),yaw2400_pitchp0325_roll+015,YES,21_pack (new render),,P2 R1 roll_sens peak yaw245 pitch+30/+35 (mean_rs=2.66)
R1_high_info__yaw2400_pitchp0325,R1_high_info,R1_high_info,high-info,primary,2400,325,240.0,+32.5,30,half2p5,phase63(L1-G1),yaw2400_pitchp0325_roll+030,YES,21_pack (new render),,P2 R1 roll_sens peak yaw245 pitch+30/+35 (mean_rs=2.66)
R1_high_info__yaw2400_pitchp0325,R1_high_info,R1_high_info,high-info,primary,2400,325,240.0,+32.5,45,half2p5,phase63(L1-G1),yaw2400_pitchp0325_roll+045,YES,21_pack (new render),,P2 R1 roll_sens peak yaw245 pitch+30/+35 (mean_rs=2.66)
R1_high_info__yaw2400_pitchp0325,R1_high_info,R1_high_info,high-info,primary,2400,325,240.0,+32.5,60,half2p5,phase63(L1-G1),yaw2400_pitchp0325_roll+060,YES,21_pack (new render),,P2 R1 roll_sens peak yaw245 pitch+30/+35 (mean_rs=2.66)
R1_high_info__yaw2400_pitchp0350,R1_high_info,R1_high_info,high-info,primary,2400,350,240.0,+35.0,-60,integer5,phase63(L1-G1),yaw2400_pitchp0350_roll-060,YES,21_pack (new render),,P2 R1 roll_sens peak yaw245 pitch+30/+35 (mean_rs=2.66)
R1_high_info__yaw2400_pitchp0350,R1_high_info,R1_high_info,high-info,primary,2400,350,240.0,+35.0,-45,integer5,phase63(L1-G1),yaw2400_pitchp0350_roll-045,YES,21_pack (new render),,P2 R1 roll_sens peak yaw245 pitch+30/+35 (mean_rs=2.66)
R1_high_info__yaw2400_pitchp0350,R1_high_info,R1_high_info,high-info,primary,2400,350,240.0,+35.0,-30,integer5,phase63(L1-G1),yaw2400_pitchp0350_roll-030,YES,21_pack (new render),,P2 R1 roll_sens peak yaw245 pitch+30/+35 (mean_rs=2.66)
R1_high_info__yaw2400_pitchp0350,R1_high_info,R1_high_info,high-info,primary,2400,350,240.0,+35.0,-15,integer5,phase63(L1-G1),yaw2400_pitchp0350_roll-015,YES,21_pack (new render),,P2 R1 roll_sens peak yaw245 pitch+30/+35 (mean_rs=2.66)
R1_high_info__yaw2400_pitchp0350,R1_high_info,R1_high_info,high-info,primary,2400,350,240.0,+35.0,0,integer5,phase63(L1-G1),yaw2400_pitchp0350_roll+000,NO,01_fullrun (roll+000 整数点复用),yaw240_pitch+035_roll+000,P2 R1 roll_sens peak yaw245 pitch+30/+35 (mean_rs=2.66)
R1_high_info__yaw2400_pitchp0350,R1_high_info,R1_high_info,high-info,primary,2400,350,240.0,+35.0,15,integer5,phase63(L1-G1),yaw2400_pitchp0350_roll+015,YES,21_pack (new render),,P2 R1 roll_sens peak yaw245 pitch+30/+35 (mean_rs=2.66)
R1_high_info__yaw2400_pitchp0350,R1_high_info,R1_high_info,high-info,primary,2400,350,240.0,+35.0,30,integer5,phase63(L1-G1),yaw2400_pitchp0350_roll+030,YES,21_pack (new render),,P2 R1 roll_sens peak yaw245 pitch+30/+35 (mean_rs=2.66)
R1_high_info__yaw2400_pitchp0350,R1_high_info,R1_high_info,high-info,primary,2400,350,240.0,+35.0,45,integer5,phase63(L1-G1),yaw2400_pitchp0350_roll+045,YES,21_pack (new render),,P2 R1 roll_sens peak yaw245 pitch+30/+35 (mean_rs=2.66)
R1_high_info__yaw2400_pitchp0350,R1_high_info,R1_high_info,high-info,primary,2400,350,240.0,+35.0,60,integer5,phase63(L1-G1),yaw2400_pitchp0350_roll+060,YES,21_pack (new render),,P2 R1 roll_sens peak yaw245 pitch+30/+35 (mean_rs=2.66)
R1_high_info__yaw2400_pitchp0375,R1_high_info,R1_high_info,high-info,primary,2400,375,240.0,+37.5,-60,half2p5,phase63(L1-G1),yaw2400_pitchp0375_roll-060,YES,21_pack (new render),,P2 R1 roll_sens peak yaw245 pitch+30/+35 (mean_rs=2.66)
R1_high_info__yaw2400_pitchp0375,R1_high_info,R1_high_info,high-info,primary,2400,375,240.0,+37.5,-45,half2p5,phase63(L1-G1),yaw2400_pitchp0375_roll-045,YES,21_pack (new render),,P2 R1 roll_sens peak yaw245 pitch+30/+35 (mean_rs=2.66)
R1_high_info__yaw2400_pitchp0375,R1_high_info,R1_high_info,high-info,primary,2400,375,240.0,+37.5,-30,half2p5,phase63(L1-G1),yaw2400_pitchp0375_roll-030,YES,21_pack (new render),,P2 R1 roll_sens peak yaw245 pitch+30/+35 (mean_rs=2.66)
R1_high_info__yaw2400_pitchp0375,R1_high_info,R1_high_info,high-info,primary,2400,375,240.0,+37.5,-15,half2p5,phase63(L1-G1),yaw2400_pitchp0375_roll-015,YES,21_pack (new render),,P2 R1 roll_sens peak yaw245 pitch+30/+35 (mean_rs=2.66)
R1_high_info__yaw2400_pitchp0375,R1_high_info,R1_high_info,high-info,primary,2400,375,240.0,+37.5,0,half2p5,phase63(L1-G1),yaw2400_pitchp0375_roll+000,YES,"21_pack (半度点 fullrun 无网格, roll=0 新渲染)",,P2 R1 roll_sens peak yaw245 pitch+30/+35 (mean_rs=2.66)
R1_high_info__yaw2400_pitchp0375,R1_high_info,R1_high_info,high-info,primary,2400,375,240.0,+37.5,15,half2p5,phase63(L1-G1),yaw2400_pitchp0375_roll+015,YES,21_pack (new render),,P2 R1 roll_sens peak yaw245 pitch+30/+35 (mean_rs=2.66)
R1_high_info__yaw2400_pitchp0375,R1_high_info,R1_high_info,high-info,primary,2400,375,240.0,+37.5,30,half2p5,phase63(L1-G1),yaw2400_pitchp0375_roll+030,YES,21_pack (new render),,P2 R1 roll_sens peak yaw245 pitch+30/+35 (mean_rs=2.66)
R1_high_info__yaw2400_pitchp0375,R1_high_info,R1_high_info,high-info,primary,2400,375,240.0,+37.5,45,half2p5,phase63(L1-G1),yaw2400_pitchp0375_roll+045,YES,21_pack (new render),,P2 R1 roll_sens peak yaw245 pitch+30/+35 (mean_rs=2.66)
R1_high_info__yaw2400_pitchp0375,R1_high_info,R1_high_info,high-info,primary,2400,375,240.0,+37.5,60,half2p5,phase63(L1-G1),yaw2400_pitchp0375_roll+060,YES,21_pack (new render),,P2 R1 roll_sens peak yaw245 pitch+30/+35 (mean_rs=2.66)
R1_high_info__yaw2400_pitchp0400,R1_high_info,R1_high_info,high-info,primary,2400,400,240.0,+40.0,-60,integer5,phase63(L1-G1),yaw2400_pitchp0400_roll-060,YES,21_pack (new render),,P2 R1 roll_sens peak yaw245 pitch+30/+35 (mean_rs=2.66)
R1_high_info__yaw2400_pitchp0400,R1_high_info,R1_high_info,high-info,primary,2400,400,240.0,+40.0,-45,integer5,phase63(L1-G1),yaw2400_pitchp0400_roll-045,YES,21_pack (new render),,P2 R1 roll_sens peak yaw245 pitch+30/+35 (mean_rs=2.66)
R1_high_info__yaw2400_pitchp0400,R1_high_info,R1_high_info,high-info,primary,2400,400,240.0,+40.0,-30,integer5,phase63(L1-G1),yaw2400_pitchp0400_roll-030,YES,21_pack (new render),,P2 R1 roll_sens peak yaw245 pitch+30/+35 (mean_rs=2.66)
R1_high_info__yaw2400_pitchp0400,R1_high_info,R1_high_info,high-info,primary,2400,400,240.0,+40.0,-15,integer5,phase63(L1-G1),yaw2400_pitchp0400_roll-015,YES,21_pack (new render),,P2 R1 roll_sens peak yaw245 pitch+30/+35 (mean_rs=2.66)
R1_high_info__yaw2400_pitchp0400,R1_high_info,R1_high_info,high-info,primary,2400,400,240.0,+40.0,0,integer5,phase63(L1-G1),yaw2400_pitchp0400_roll+000,NO,01_fullrun (roll+000 整数点复用),yaw240_pitch+040_roll+000,P2 R1 roll_sens peak yaw245 pitch+30/+35 (mean_rs=2.66)
R1_high_info__yaw2400_pitchp0400,R1_high_info,R1_high_info,high-info,primary,2400,400,240.0,+40.0,15,integer5,phase63(L1-G1),yaw2400_pitchp0400_roll+015,YES,21_pack (new render),,P2 R1 roll_sens peak yaw245 pitch+30/+35 (mean_rs=2.66)
R1_high_info__yaw2400_pitchp0400,R1_high_info,R1_high_info,high-info,primary,2400,400,240.0,+40.0,30,integer5,phase63(L1-G1),yaw2400_pitchp0400_roll+030,YES,21_pack (new render),,P2 R1 roll_sens peak yaw245 pitch+30/+35 (mean_rs=2.66)
R1_high_info__yaw2400_pitchp0400,R1_high_info,R1_high_info,high-info,primary,2400,400,240.0,+40.0,45,integer5,phase63(L1-G1),yaw2400_pitchp0400_roll+045,YES,21_pack (new render),,P2 R1 roll_sens peak yaw245 pitch+30/+35 (mean_rs=2.66)
R1_high_info__yaw2400_pitchp0400,R1_high_info,R1_high_info,high-info,primary,2400,400,240.0,+40.0,60,integer5,phase63(L1-G1),yaw2400_pitchp0400_roll+060,YES,21_pack (new render),,P2 R1 roll_sens peak yaw245 pitch+30/+35 (mean_rs=2.66)
R1_high_info__yaw2425_pitchp0300,R1_high_info,R1_high_info,high-info,primary,2425,300,242.5,+30.0,-60,half2p5,phase63(L1-G1),yaw2425_pitchp0300_roll-060,YES,21_pack (new render),,P2 R1 roll_sens peak yaw245 pitch+30/+35 (mean_rs=2.66)
R1_high_info__yaw2425_pitchp0300,R1_high_info,R1_high_info,high-info,primary,2425,300,242.5,+30.0,-45,half2p5,phase63(L1-G1),yaw2425_pitchp0300_roll-045,YES,21_pack (new render),,P2 R1 roll_sens peak yaw245 pitch+30/+35 (mean_rs=2.66)
R1_high_info__yaw2425_pitchp0300,R1_high_info,R1_high_info,high-info,primary,2425,300,242.5,+30.0,-30,half2p5,phase63(L1-G1),yaw2425_pitchp0300_roll-030,YES,21_pack (new render),,P2 R1 roll_sens peak yaw245 pitch+30/+35 (mean_rs=2.66)
R1_high_info__yaw2425_pitchp0300,R1_high_info,R1_high_info,high-info,primary,2425,300,242.5,+30.0,-15,half2p5,phase63(L1-G1),yaw2425_pitchp0300_roll-015,YES,21_pack (new render),,P2 R1 roll_sens peak yaw245 pitch+30/+35 (mean_rs=2.66)
R1_high_info__yaw2425_pitchp0300,R1_high_info,R1_high_info,high-info,primary,2425,300,242.5,+30.0,0,half2p5,phase63(L1-G1),yaw2425_pitchp0300_roll+000,YES,"21_pack (半度点 fullrun 无网格, roll=0 新渲染)",,P2 R1 roll_sens peak yaw245 pitch+30/+35 (mean_rs=2.66)
R1_high_info__yaw2425_pitchp0300,R1_high_info,R1_high_info,high-info,primary,2425,300,242.5,+30.0,15,half2p5,phase63(L1-G1),yaw2425_pitchp0300_roll+015,YES,21_pack (new render),,P2 R1 roll_sens peak yaw245 pitch+30/+35 (mean_rs=2.66)
R1_high_info__yaw2425_pitchp0300,R1_high_info,R1_high_info,high-info,primary,2425,300,242.5,+30.0,30,half2p5,phase63(L1-G1),yaw2425_pitchp0300_roll+030,YES,21_pack (new render),,P2 R1 roll_sens peak yaw245 pitch+30/+35 (mean_rs=2.66)
R1_high_info__yaw2425_pitchp0300,R1_high_info,R1_high_info,high-info,primary,2425,300,242.5,+30.0,45,half2p5,phase63(L1-G1),yaw2425_pitchp0300_roll+045,YES,21_pack (new render),,P2 R1 roll_sens peak yaw245 pitch+30/+35 (mean_rs=2.66)
R1_high_info__yaw2425_pitchp0300,R1_high_info,R1_high_info,high-info,primary,2425,300,242.5,+30.0,60,half2p5,phase63(L1-G1),yaw2425_pitchp0300_roll+060,YES,21_pack (new render),,P2 R1 roll_sens peak yaw245 pitch+30/+35 (mean_rs=2.66)
R1_high_info__yaw2425_pitchp0325,R1_high_info,R1_high_info,high-info,primary,2425,325,242.5,+32.5,-60,half2p5,phase63(L1-G1),yaw2425_pitchp0325_roll-060,YES,21_pack (new render),,P2 R1 roll_sens peak yaw245 pitch+30/+35 (mean_rs=2.66)
R1_high_info__yaw2425_pitchp0325,R1_high_info,R1_high_info,high-info,primary,2425,325,242.5,+32.5,-45,half2p5,phase63(L1-G1),yaw2425_pitchp0325_roll-045,YES,21_pack (new render),,P2 R1 roll_sens peak yaw245 pitch+30/+35 (mean_rs=2.66)
R1_high_info__yaw2425_pitchp0325,R1_high_info,R1_high_info,high-info,primary,2425,325,242.5,+32.5,-30,half2p5,phase63(L1-G1),yaw2425_pitchp0325_roll-030,YES,21_pack (new render),,P2 R1 roll_sens peak yaw245 pitch+30/+35 (mean_rs=2.66)
R1_high_info__yaw2425_pitchp0325,R1_high_info,R1_high_info,high-info,primary,2425,325,242.5,+32.5,-15,half2p5,phase63(L1-G1),yaw2425_pitchp0325_roll-015,YES,21_pack (new render),,P2 R1 roll_sens peak yaw245 pitch+30/+35 (mean_rs=2.66)
R1_high_info__yaw2425_pitchp0325,R1_high_info,R1_high_info,high-info,primary,2425,325,242.5,+32.5,0,half2p5,phase63(L1-G1),yaw2425_pitchp0325_roll+000,YES,"21_pack (半度点 fullrun 无网格, roll=0 新渲染)",,P2 R1 roll_sens peak yaw245 pitch+30/+35 (mean_rs=2.66)
R1_high_info__yaw2425_pitchp0325,R1_high_info,R1_high_info,high-info,primary,2425,325,242.5,+32.5,15,half2p5,phase63(L1-G1),yaw2425_pitchp0325_roll+015,YES,21_pack (new render),,P2 R1 roll_sens peak yaw245 pitch+30/+35 (mean_rs=2.66)
R1_high_info__yaw2425_pitchp0325,R1_high_info,R1_high_info,high-info,primary,2425,325,242.5,+32.5,30,half2p5,phase63(L1-G1),yaw2425_pitchp0325_roll+030,YES,21_pack (new render),,P2 R1 roll_sens peak yaw245 pitch+30/+35 (mean_rs=2.66)
R1_high_info__yaw2425_pitchp0325,R1_high_info,R1_high_info,high-info,primary,2425,325,242.5,+32.5,45,half2p5,phase63(L1-G1),yaw2425_pitchp0325_roll+045,YES,21_pack (new render),,P2 R1 roll_sens peak yaw245 pitch+30/+35 (mean_rs=2.66)
R1_high_info__yaw2425_pitchp0325,R1_high_info,R1_high_info,high-info,primary,2425,325,242.5,+32.5,60,half2p5,phase63(L1-G1),yaw2425_pitchp0325_roll+060,YES,21_pack (new render),,P2 R1 roll_sens peak yaw245 pitch+30/+35 (mean_rs=2.66)
R1_high_info__yaw2425_pitchp0350,R1_high_info,R1_high_info,high-info,primary,2425,350,242.5,+35.0,-60,half2p5,phase63(L1-G1),yaw2425_pitchp0350_roll-060,YES,21_pack (new render),,P2 R1 roll_sens peak yaw245 pitch+30/+35 (mean_rs=2.66)
R1_high_info__yaw2425_pitchp0350,R1_high_info,R1_high_info,high-info,primary,2425,350,242.5,+35.0,-45,half2p5,phase63(L1-G1),yaw2425_pitchp0350_roll-045,YES,21_pack (new render),,P2 R1 roll_sens peak yaw245 pitch+30/+35 (mean_rs=2.66)
R1_high_info__yaw2425_pitchp0350,R1_high_info,R1_high_info,high-info,primary,2425,350,242.5,+35.0,-30,half2p5,phase63(L1-G1),yaw2425_pitchp0350_roll-030,YES,21_pack (new render),,P2 R1 roll_sens peak yaw245 pitch+30/+35 (mean_rs=2.66)
R1_high_info__yaw2425_pitchp0350,R1_high_info,R1_high_info,high-info,primary,2425,350,242.5,+35.0,-15,half2p5,phase63(L1-G1),yaw2425_pitchp0350_roll-015,YES,21_pack (new render),,P2 R1 roll_sens peak yaw245 pitch+30/+35 (mean_rs=2.66)
R1_high_info__yaw2425_pitchp0350,R1_high_info,R1_high_info,high-info,primary,2425,350,242.5,+35.0,0,half2p5,phase63(L1-G1),yaw2425_pitchp0350_roll+000,YES,"21_pack (半度点 fullrun 无网格, roll=0 新渲染)",,P2 R1 roll_sens peak yaw245 pitch+30/+35 (mean_rs=2.66)
R1_high_info__yaw2425_pitchp0350,R1_high_info,R1_high_info,high-info,primary,2425,350,242.5,+35.0,15,half2p5,phase63(L1-G1),yaw2425_pitchp0350_roll+015,YES,21_pack (new render),,P2 R1 roll_sens peak yaw245 pitch+30/+35 (mean_rs=2.66)
R1_high_info__yaw2425_pitchp0350,R1_high_info,R1_high_info,high-info,primary,2425,350,242.5,+35.0,30,half2p5,phase63(L1-G1),yaw2425_pitchp0350_roll+030,YES,21_pack (new render),,P2 R1 roll_sens peak yaw245 pitch+30/+35 (mean_rs=2.66)
R1_high_info__yaw2425_pitchp0350,R1_high_info,R1_high_info,high-info,primary,2425,350,242.5,+35.0,45,half2p5,phase63(L1-G1),yaw2425_pitchp0350_roll+045,YES,21_pack (new render),,P2 R1 roll_sens peak yaw245 pitch+30/+35 (mean_rs=2.66)
R1_high_info__yaw2425_pitchp0350,R1_high_info,R1_high_info,high-info,primary,2425,350,242.5,+35.0,60,half2p5,phase63(L1-G1),yaw2425_pitchp0350_roll+060,YES,21_pack (new render),,P2 R1 roll_sens peak yaw245 pitch+30/+35 (mean_rs=2.66)
R1_high_info__yaw2425_pitchp0375,R1_high_info,R1_high_info,high-info,primary,2425,375,242.5,+37.5,-60,half2p5,phase63(L1-G1),yaw2425_pitchp0375_roll-060,YES,21_pack (new render),,P2 R1 roll_sens peak yaw245 pitch+30/+35 (mean_rs=2.66)
R1_high_info__yaw2425_pitchp0375,R1_high_info,R1_high_info,high-info,primary,2425,375,242.5,+37.5,-45,half2p5,phase63(L1-G1),yaw2425_pitchp0375_roll-045,YES,21_pack (new render),,P2 R1 roll_sens peak yaw245 pitch+30/+35 (mean_rs=2.66)
R1_high_info__yaw2425_pitchp0375,R1_high_info,R1_high_info,high-info,primary,2425,375,242.5,+37.5,-30,half2p5,phase63(L1-G1),yaw2425_pitchp0375_roll-030,YES,21_pack (new render),,P2 R1 roll_sens peak yaw245 pitch+30/+35 (mean_rs=2.66)
R1_high_info__yaw2425_pitchp0375,R1_high_info,R1_high_info,high-info,primary,2425,375,242.5,+37.5,-15,half2p5,phase63(L1-G1),yaw2425_pitchp0375_roll-015,YES,21_pack (new render),,P2 R1 roll_sens peak yaw245 pitch+30/+35 (mean_rs=2.66)
R1_high_info__yaw2425_pitchp0375,R1_high_info,R1_high_info,high-info,primary,2425,375,242.5,+37.5,0,half2p5,phase63(L1-G1),yaw2425_pitchp0375_roll+000,YES,"21_pack (半度点 fullrun 无网格, roll=0 新渲染)",,P2 R1 roll_sens peak yaw245 pitch+30/+35 (mean_rs=2.66)
R1_high_info__yaw2425_pitchp0375,R1_high_info,R1_high_info,high-info,primary,2425,375,242.5,+37.5,15,half2p5,phase63(L1-G1),yaw2425_pitchp0375_roll+015,YES,21_pack (new render),,P2 R1 roll_sens peak yaw245 pitch+30/+35 (mean_rs=2.66)
R1_high_info__yaw2425_pitchp0375,R1_high_info,R1_high_info,high-info,primary,2425,375,242.5,+37.5,30,half2p5,phase63(L1-G1),yaw2425_pitchp0375_roll+030,YES,21_pack (new render),,P2 R1 roll_sens peak yaw245 pitch+30/+35 (mean_rs=2.66)
R1_high_info__yaw2425_pitchp0375,R1_high_info,R1_high_info,high-info,primary,2425,375,242.5,+37.5,45,half2p5,phase63(L1-G1),yaw2425_pitchp0375_roll+045,YES,21_pack (new render),,P2 R1 roll_sens peak yaw245 pitch+30/+35 (mean_rs=2.66)
R1_high_info__yaw2425_pitchp0375,R1_high_info,R1_high_info,high-info,primary,2425,375,242.5,+37.5,60,half2p5,phase63(L1-G1),yaw2425_pitchp0375_roll+060,YES,21_pack (new render),,P2 R1 roll_sens peak yaw245 pitch+30/+35 (mean_rs=2.66)
R1_high_info__yaw2425_pitchp0400,R1_high_info,R1_high_info,high-info,primary,2425,400,242.5,+40.0,-60,half2p5,phase63(L1-G1),yaw2425_pitchp0400_roll-060,YES,21_pack (new render),,P2 R1 roll_sens peak yaw245 pitch+30/+35 (mean_rs=2.66)
R1_high_info__yaw2425_pitchp0400,R1_high_info,R1_high_info,high-info,primary,2425,400,242.5,+40.0,-45,half2p5,phase63(L1-G1),yaw2425_pitchp0400_roll-045,YES,21_pack (new render),,P2 R1 roll_sens peak yaw245 pitch+30/+35 (mean_rs=2.66)
R1_high_info__yaw2425_pitchp0400,R1_high_info,R1_high_info,high-info,primary,2425,400,242.5,+40.0,-30,half2p5,phase63(L1-G1),yaw2425_pitchp0400_roll-030,YES,21_pack (new render),,P2 R1 roll_sens peak yaw245 pitch+30/+35 (mean_rs=2.66)
R1_high_info__yaw2425_pitchp0400,R1_high_info,R1_high_info,high-info,primary,2425,400,242.5,+40.0,-15,half2p5,phase63(L1-G1),yaw2425_pitchp0400_roll-015,YES,21_pack (new render),,P2 R1 roll_sens peak yaw245 pitch+30/+35 (mean_rs=2.66)
R1_high_info__yaw2425_pitchp0400,R1_high_info,R1_high_info,high-info,primary,2425,400,242.5,+40.0,0,half2p5,phase63(L1-G1),yaw2425_pitchp0400_roll+000,YES,"21_pack (半度点 fullrun 无网格, roll=0 新渲染)",,P2 R1 roll_sens peak yaw245 pitch+30/+35 (mean_rs=2.66)
R1_high_info__yaw2425_pitchp0400,R1_high_info,R1_high_info,high-info,primary,2425,400,242.5,+40.0,15,half2p5,phase63(L1-G1),yaw2425_pitchp0400_roll+015,YES,21_pack (new render),,P2 R1 roll_sens peak yaw245 pitch+30/+35 (mean_rs=2.66)
R1_high_info__yaw2425_pitchp0400,R1_high_info,R1_high_info,high-info,primary,2425,400,242.5,+40.0,30,half2p5,phase63(L1-G1),yaw2425_pitchp0400_roll+030,YES,21_pack (new render),,P2 R1 roll_sens peak yaw245 pitch+30/+35 (mean_rs=2.66)
R1_high_info__yaw2425_pitchp0400,R1_high_info,R1_high_info,high-info,primary,2425,400,242.5,+40.0,45,half2p5,phase63(L1-G1),yaw2425_pitchp0400_roll+045,YES,21_pack (new render),,P2 R1 roll_sens peak yaw245 pitch+30/+35 (mean_rs=2.66)
R1_high_info__yaw2425_pitchp0400,R1_high_info,R1_high_info,high-info,primary,2425,400,242.5,+40.0,60,half2p5,phase63(L1-G1),yaw2425_pitchp0400_roll+060,YES,21_pack (new render),,P2 R1 roll_sens peak yaw245 pitch+30/+35 (mean_rs=2.66)
R1_high_info__yaw2450_pitchp0300,R1_high_info,R1_high_info,high-info,primary,2450,300,245.0,+30.0,-60,integer5,phase63(L1-G1),yaw2450_pitchp0300_roll-060,YES,21_pack (new render),,P2 R1 roll_sens peak yaw245 pitch+30/+35 (mean_rs=2.66)
R1_high_info__yaw2450_pitchp0300,R1_high_info,R1_high_info,high-info,primary,2450,300,245.0,+30.0,-45,integer5,phase63(L1-G1),yaw2450_pitchp0300_roll-045,YES,21_pack (new render),,P2 R1 roll_sens peak yaw245 pitch+30/+35 (mean_rs=2.66)
R1_high_info__yaw2450_pitchp0300,R1_high_info,R1_high_info,high-info,primary,2450,300,245.0,+30.0,-30,integer5,phase63(L1-G1),yaw2450_pitchp0300_roll-030,YES,21_pack (new render),,P2 R1 roll_sens peak yaw245 pitch+30/+35 (mean_rs=2.66)
R1_high_info__yaw2450_pitchp0300,R1_high_info,R1_high_info,high-info,primary,2450,300,245.0,+30.0,-15,integer5,phase63(L1-G1),yaw2450_pitchp0300_roll-015,YES,21_pack (new render),,P2 R1 roll_sens peak yaw245 pitch+30/+35 (mean_rs=2.66)
R1_high_info__yaw2450_pitchp0300,R1_high_info,R1_high_info,high-info,primary,2450,300,245.0,+30.0,0,integer5,phase63(L1-G1),yaw2450_pitchp0300_roll+000,NO,01_fullrun (roll+000 整数点复用),yaw245_pitch+030_roll+000,P2 R1 roll_sens peak yaw245 pitch+30/+35 (mean_rs=2.66)
R1_high_info__yaw2450_pitchp0300,R1_high_info,R1_high_info,high-info,primary,2450,300,245.0,+30.0,15,integer5,phase63(L1-G1),yaw2450_pitchp0300_roll+015,YES,21_pack (new render),,P2 R1 roll_sens peak yaw245 pitch+30/+35 (mean_rs=2.66)
R1_high_info__yaw2450_pitchp0300,R1_high_info,R1_high_info,high-info,primary,2450,300,245.0,+30.0,30,integer5,phase63(L1-G1),yaw2450_pitchp0300_roll+030,YES,21_pack (new render),,P2 R1 roll_sens peak yaw245 pitch+30/+35 (mean_rs=2.66)
R1_high_info__yaw2450_pitchp0300,R1_high_info,R1_high_info,high-info,primary,2450,300,245.0,+30.0,45,integer5,phase63(L1-G1),yaw2450_pitchp0300_roll+045,YES,21_pack (new render),,P2 R1 roll_sens peak yaw245 pitch+30/+35 (mean_rs=2.66)
R1_high_info__yaw2450_pitchp0300,R1_high_info,R1_high_info,high-info,primary,2450,300,245.0,+30.0,60,integer5,phase63(L1-G1),yaw2450_pitchp0300_roll+060,YES,21_pack (new render),,P2 R1 roll_sens peak yaw245 pitch+30/+35 (mean_rs=2.66)
R1_high_info__yaw2450_pitchp0325,R1_high_info,R1_high_info,high-info,primary,2450,325,245.0,+32.5,-60,half2p5,phase63(L1-G1),yaw2450_pitchp0325_roll-060,YES,21_pack (new render),,P2 R1 roll_sens peak yaw245 pitch+30/+35 (mean_rs=2.66)
R1_high_info__yaw2450_pitchp0325,R1_high_info,R1_high_info,high-info,primary,2450,325,245.0,+32.5,-45,half2p5,phase63(L1-G1),yaw2450_pitchp0325_roll-045,YES,21_pack (new render),,P2 R1 roll_sens peak yaw245 pitch+30/+35 (mean_rs=2.66)
R1_high_info__yaw2450_pitchp0325,R1_high_info,R1_high_info,high-info,primary,2450,325,245.0,+32.5,-30,half2p5,phase63(L1-G1),yaw2450_pitchp0325_roll-030,YES,21_pack (new render),,P2 R1 roll_sens peak yaw245 pitch+30/+35 (mean_rs=2.66)
R1_high_info__yaw2450_pitchp0325,R1_high_info,R1_high_info,high-info,primary,2450,325,245.0,+32.5,-15,half2p5,phase63(L1-G1),yaw2450_pitchp0325_roll-015,YES,21_pack (new render),,P2 R1 roll_sens peak yaw245 pitch+30/+35 (mean_rs=2.66)
R1_high_info__yaw2450_pitchp0325,R1_high_info,R1_high_info,high-info,primary,2450,325,245.0,+32.5,0,half2p5,phase63(L1-G1),yaw2450_pitchp0325_roll+000,YES,"21_pack (半度点 fullrun 无网格, roll=0 新渲染)",,P2 R1 roll_sens peak yaw245 pitch+30/+35 (mean_rs=2.66)
R1_high_info__yaw2450_pitchp0325,R1_high_info,R1_high_info,high-info,primary,2450,325,245.0,+32.5,15,half2p5,phase63(L1-G1),yaw2450_pitchp0325_roll+015,YES,21_pack (new render),,P2 R1 roll_sens peak yaw245 pitch+30/+35 (mean_rs=2.66)
R1_high_info__yaw2450_pitchp0325,R1_high_info,R1_high_info,high-info,primary,2450,325,245.0,+32.5,30,half2p5,phase63(L1-G1),yaw2450_pitchp0325_roll+030,YES,21_pack (new render),,P2 R1 roll_sens peak yaw245 pitch+30/+35 (mean_rs=2.66)
R1_high_info__yaw2450_pitchp0325,R1_high_info,R1_high_info,high-info,primary,2450,325,245.0,+32.5,45,half2p5,phase63(L1-G1),yaw2450_pitchp0325_roll+045,YES,21_pack (new render),,P2 R1 roll_sens peak yaw245 pitch+30/+35 (mean_rs=2.66)
R1_high_info__yaw2450_pitchp0325,R1_high_info,R1_high_info,high-info,primary,2450,325,245.0,+32.5,60,half2p5,phase63(L1-G1),yaw2450_pitchp0325_roll+060,YES,21_pack (new render),,P2 R1 roll_sens peak yaw245 pitch+30/+35 (mean_rs=2.66)
R1_high_info__yaw2450_pitchp0350,R1_high_info,R1_high_info,high-info,primary,2450,350,245.0,+35.0,-60,integer5,phase63(L1-G1),yaw2450_pitchp0350_roll-060,YES,21_pack (new render),,P2 R1 roll_sens peak yaw245 pitch+30/+35 (mean_rs=2.66)
R1_high_info__yaw2450_pitchp0350,R1_high_info,R1_high_info,high-info,primary,2450,350,245.0,+35.0,-45,integer5,phase63(L1-G1),yaw2450_pitchp0350_roll-045,YES,21_pack (new render),,P2 R1 roll_sens peak yaw245 pitch+30/+35 (mean_rs=2.66)
R1_high_info__yaw2450_pitchp0350,R1_high_info,R1_high_info,high-info,primary,2450,350,245.0,+35.0,-30,integer5,phase63(L1-G1),yaw2450_pitchp0350_roll-030,YES,21_pack (new render),,P2 R1 roll_sens peak yaw245 pitch+30/+35 (mean_rs=2.66)
R1_high_info__yaw2450_pitchp0350,R1_high_info,R1_high_info,high-info,primary,2450,350,245.0,+35.0,-15,integer5,phase63(L1-G1),yaw2450_pitchp0350_roll-015,YES,21_pack (new render),,P2 R1 roll_sens peak yaw245 pitch+30/+35 (mean_rs=2.66)
R1_high_info__yaw2450_pitchp0350,R1_high_info,R1_high_info,high-info,primary,2450,350,245.0,+35.0,0,integer5,phase63(L1-G1),yaw2450_pitchp0350_roll+000,NO,01_fullrun (roll+000 整数点复用),yaw245_pitch+035_roll+000,P2 R1 roll_sens peak yaw245 pitch+30/+35 (mean_rs=2.66)
R1_high_info__yaw2450_pitchp0350,R1_high_info,R1_high_info,high-info,primary,2450,350,245.0,+35.0,15,integer5,phase63(L1-G1),yaw2450_pitchp0350_roll+015,YES,21_pack (new render),,P2 R1 roll_sens peak yaw245 pitch+30/+35 (mean_rs=2.66)
R1_high_info__yaw2450_pitchp0350,R1_high_info,R1_high_info,high-info,primary,2450,350,245.0,+35.0,30,integer5,phase63(L1-G1),yaw2450_pitchp0350_roll+030,YES,21_pack (new render),,P2 R1 roll_sens peak yaw245 pitch+30/+35 (mean_rs=2.66)
R1_high_info__yaw2450_pitchp0350,R1_high_info,R1_high_info,high-info,primary,2450,350,245.0,+35.0,45,integer5,phase63(L1-G1),yaw2450_pitchp0350_roll+045,YES,21_pack (new render),,P2 R1 roll_sens peak yaw245 pitch+30/+35 (mean_rs=2.66)
R1_high_info__yaw2450_pitchp0350,R1_high_info,R1_high_info,high-info,primary,2450,350,245.0,+35.0,60,integer5,phase63(L1-G1),yaw2450_pitchp0350_roll+060,YES,21_pack (new render),,P2 R1 roll_sens peak yaw245 pitch+30/+35 (mean_rs=2.66)
R1_high_info__yaw2450_pitchp0375,R1_high_info,R1_high_info,high-info,primary,2450,375,245.0,+37.5,-60,half2p5,phase63(L1-G1),yaw2450_pitchp0375_roll-060,YES,21_pack (new render),,P2 R1 roll_sens peak yaw245 pitch+30/+35 (mean_rs=2.66)
R1_high_info__yaw2450_pitchp0375,R1_high_info,R1_high_info,high-info,primary,2450,375,245.0,+37.5,-45,half2p5,phase63(L1-G1),yaw2450_pitchp0375_roll-045,YES,21_pack (new render),,P2 R1 roll_sens peak yaw245 pitch+30/+35 (mean_rs=2.66)
R1_high_info__yaw2450_pitchp0375,R1_high_info,R1_high_info,high-info,primary,2450,375,245.0,+37.5,-30,half2p5,phase63(L1-G1),yaw2450_pitchp0375_roll-030,YES,21_pack (new render),,P2 R1 roll_sens peak yaw245 pitch+30/+35 (mean_rs=2.66)
R1_high_info__yaw2450_pitchp0375,R1_high_info,R1_high_info,high-info,primary,2450,375,245.0,+37.5,-15,half2p5,phase63(L1-G1),yaw2450_pitchp0375_roll-015,YES,21_pack (new render),,P2 R1 roll_sens peak yaw245 pitch+30/+35 (mean_rs=2.66)
R1_high_info__yaw2450_pitchp0375,R1_high_info,R1_high_info,high-info,primary,2450,375,245.0,+37.5,0,half2p5,phase63(L1-G1),yaw2450_pitchp0375_roll+000,YES,"21_pack (半度点 fullrun 无网格, roll=0 新渲染)",,P2 R1 roll_sens peak yaw245 pitch+30/+35 (mean_rs=2.66)
R1_high_info__yaw2450_pitchp0375,R1_high_info,R1_high_info,high-info,primary,2450,375,245.0,+37.5,15,half2p5,phase63(L1-G1),yaw2450_pitchp0375_roll+015,YES,21_pack (new render),,P2 R1 roll_sens peak yaw245 pitch+30/+35 (mean_rs=2.66)
R1_high_info__yaw2450_pitchp0375,R1_high_info,R1_high_info,high-info,primary,2450,375,245.0,+37.5,30,half2p5,phase63(L1-G1),yaw2450_pitchp0375_roll+030,YES,21_pack (new render),,P2 R1 roll_sens peak yaw245 pitch+30/+35 (mean_rs=2.66)
R1_high_info__yaw2450_pitchp0375,R1_high_info,R1_high_info,high-info,primary,2450,375,245.0,+37.5,45,half2p5,phase63(L1-G1),yaw2450_pitchp0375_roll+045,YES,21_pack (new render),,P2 R1 roll_sens peak yaw245 pitch+30/+35 (mean_rs=2.66)
R1_high_info__yaw2450_pitchp0375,R1_high_info,R1_high_info,high-info,primary,2450,375,245.0,+37.5,60,half2p5,phase63(L1-G1),yaw2450_pitchp0375_roll+060,YES,21_pack (new render),,P2 R1 roll_sens peak yaw245 pitch+30/+35 (mean_rs=2.66)
R1_high_info__yaw2450_pitchp0400,R1_high_info,R1_high_info,high-info,primary,2450,400,245.0,+40.0,-60,integer5,phase63(L1-G1),yaw2450_pitchp0400_roll-060,YES,21_pack (new render),,P2 R1 roll_sens peak yaw245 pitch+30/+35 (mean_rs=2.66)
R1_high_info__yaw2450_pitchp0400,R1_high_info,R1_high_info,high-info,primary,2450,400,245.0,+40.0,-45,integer5,phase63(L1-G1),yaw2450_pitchp0400_roll-045,YES,21_pack (new render),,P2 R1 roll_sens peak yaw245 pitch+30/+35 (mean_rs=2.66)
R1_high_info__yaw2450_pitchp0400,R1_high_info,R1_high_info,high-info,primary,2450,400,245.0,+40.0,-30,integer5,phase63(L1-G1),yaw2450_pitchp0400_roll-030,YES,21_pack (new render),,P2 R1 roll_sens peak yaw245 pitch+30/+35 (mean_rs=2.66)
R1_high_info__yaw2450_pitchp0400,R1_high_info,R1_high_info,high-info,primary,2450,400,245.0,+40.0,-15,integer5,phase63(L1-G1),yaw2450_pitchp0400_roll-015,YES,21_pack (new render),,P2 R1 roll_sens peak yaw245 pitch+30/+35 (mean_rs=2.66)
R1_high_info__yaw2450_pitchp0400,R1_high_info,R1_high_info,high-info,primary,2450,400,245.0,+40.0,0,integer5,phase63(L1-G1),yaw2450_pitchp0400_roll+000,NO,01_fullrun (roll+000 整数点复用),yaw245_pitch+040_roll+000,P2 R1 roll_sens peak yaw245 pitch+30/+35 (mean_rs=2.66)
R1_high_info__yaw2450_pitchp0400,R1_high_info,R1_high_info,high-info,primary,2450,400,245.0,+40.0,15,integer5,phase63(L1-G1),yaw2450_pitchp0400_roll+015,YES,21_pack (new render),,P2 R1 roll_sens peak yaw245 pitch+30/+35 (mean_rs=2.66)
R1_high_info__yaw2450_pitchp0400,R1_high_info,R1_high_info,high-info,primary,2450,400,245.0,+40.0,30,integer5,phase63(L1-G1),yaw2450_pitchp0400_roll+030,YES,21_pack (new render),,P2 R1 roll_sens peak yaw245 pitch+30/+35 (mean_rs=2.66)
R1_high_info__yaw2450_pitchp0400,R1_high_info,R1_high_info,high-info,primary,2450,400,245.0,+40.0,45,integer5,phase63(L1-G1),yaw2450_pitchp0400_roll+045,YES,21_pack (new render),,P2 R1 roll_sens peak yaw245 pitch+30/+35 (mean_rs=2.66)
R1_high_info__yaw2450_pitchp0400,R1_high_info,R1_high_info,high-info,primary,2450,400,245.0,+40.0,60,integer5,phase63(L1-G1),yaw2450_pitchp0400_roll+060,YES,21_pack (new render),,P2 R1 roll_sens peak yaw245 pitch+30/+35 (mean_rs=2.66)
R1_high_info__yaw2475_pitchp0300,R1_high_info,R1_high_info,high-info,primary,2475,300,247.5,+30.0,-60,half2p5,phase63(L1-G1),yaw2475_pitchp0300_roll-060,YES,21_pack (new render),,P2 R1 roll_sens peak yaw245 pitch+30/+35 (mean_rs=2.66)
R1_high_info__yaw2475_pitchp0300,R1_high_info,R1_high_info,high-info,primary,2475,300,247.5,+30.0,-45,half2p5,phase63(L1-G1),yaw2475_pitchp0300_roll-045,YES,21_pack (new render),,P2 R1 roll_sens peak yaw245 pitch+30/+35 (mean_rs=2.66)
R1_high_info__yaw2475_pitchp0300,R1_high_info,R1_high_info,high-info,primary,2475,300,247.5,+30.0,-30,half2p5,phase63(L1-G1),yaw2475_pitchp0300_roll-030,YES,21_pack (new render),,P2 R1 roll_sens peak yaw245 pitch+30/+35 (mean_rs=2.66)
R1_high_info__yaw2475_pitchp0300,R1_high_info,R1_high_info,high-info,primary,2475,300,247.5,+30.0,-15,half2p5,phase63(L1-G1),yaw2475_pitchp0300_roll-015,YES,21_pack (new render),,P2 R1 roll_sens peak yaw245 pitch+30/+35 (mean_rs=2.66)
R1_high_info__yaw2475_pitchp0300,R1_high_info,R1_high_info,high-info,primary,2475,300,247.5,+30.0,0,half2p5,phase63(L1-G1),yaw2475_pitchp0300_roll+000,YES,"21_pack (半度点 fullrun 无网格, roll=0 新渲染)",,P2 R1 roll_sens peak yaw245 pitch+30/+35 (mean_rs=2.66)
R1_high_info__yaw2475_pitchp0300,R1_high_info,R1_high_info,high-info,primary,2475,300,247.5,+30.0,15,half2p5,phase63(L1-G1),yaw2475_pitchp0300_roll+015,YES,21_pack (new render),,P2 R1 roll_sens peak yaw245 pitch+30/+35 (mean_rs=2.66)
R1_high_info__yaw2475_pitchp0300,R1_high_info,R1_high_info,high-info,primary,2475,300,247.5,+30.0,30,half2p5,phase63(L1-G1),yaw2475_pitchp0300_roll+030,YES,21_pack (new render),,P2 R1 roll_sens peak yaw245 pitch+30/+35 (mean_rs=2.66)
R1_high_info__yaw2475_pitchp0300,R1_high_info,R1_high_info,high-info,primary,2475,300,247.5,+30.0,45,half2p5,phase63(L1-G1),yaw2475_pitchp0300_roll+045,YES,21_pack (new render),,P2 R1 roll_sens peak yaw245 pitch+30/+35 (mean_rs=2.66)
R1_high_info__yaw2475_pitchp0300,R1_high_info,R1_high_info,high-info,primary,2475,300,247.5,+30.0,60,half2p5,phase63(L1-G1),yaw2475_pitchp0300_roll+060,YES,21_pack (new render),,P2 R1 roll_sens peak yaw245 pitch+30/+35 (mean_rs=2.66)
R1_high_info__yaw2475_pitchp0325,R1_high_info,R1_high_info,high-info,primary,2475,325,247.5,+32.5,-60,half2p5,phase63(L1-G1),yaw2475_pitchp0325_roll-060,YES,21_pack (new render),,P2 R1 roll_sens peak yaw245 pitch+30/+35 (mean_rs=2.66)
R1_high_info__yaw2475_pitchp0325,R1_high_info,R1_high_info,high-info,primary,2475,325,247.5,+32.5,-45,half2p5,phase63(L1-G1),yaw2475_pitchp0325_roll-045,YES,21_pack (new render),,P2 R1 roll_sens peak yaw245 pitch+30/+35 (mean_rs=2.66)
R1_high_info__yaw2475_pitchp0325,R1_high_info,R1_high_info,high-info,primary,2475,325,247.5,+32.5,-30,half2p5,phase63(L1-G1),yaw2475_pitchp0325_roll-030,YES,21_pack (new render),,P2 R1 roll_sens peak yaw245 pitch+30/+35 (mean_rs=2.66)
R1_high_info__yaw2475_pitchp0325,R1_high_info,R1_high_info,high-info,primary,2475,325,247.5,+32.5,-15,half2p5,phase63(L1-G1),yaw2475_pitchp0325_roll-015,YES,21_pack (new render),,P2 R1 roll_sens peak yaw245 pitch+30/+35 (mean_rs=2.66)
R1_high_info__yaw2475_pitchp0325,R1_high_info,R1_high_info,high-info,primary,2475,325,247.5,+32.5,0,half2p5,phase63(L1-G1),yaw2475_pitchp0325_roll+000,YES,"21_pack (半度点 fullrun 无网格, roll=0 新渲染)",,P2 R1 roll_sens peak yaw245 pitch+30/+35 (mean_rs=2.66)
R1_high_info__yaw2475_pitchp0325,R1_high_info,R1_high_info,high-info,primary,2475,325,247.5,+32.5,15,half2p5,phase63(L1-G1),yaw2475_pitchp0325_roll+015,YES,21_pack (new render),,P2 R1 roll_sens peak yaw245 pitch+30/+35 (mean_rs=2.66)
R1_high_info__yaw2475_pitchp0325,R1_high_info,R1_high_info,high-info,primary,2475,325,247.5,+32.5,30,half2p5,phase63(L1-G1),yaw2475_pitchp0325_roll+030,YES,21_pack (new render),,P2 R1 roll_sens peak yaw245 pitch+30/+35 (mean_rs=2.66)
R1_high_info__yaw2475_pitchp0325,R1_high_info,R1_high_info,high-info,primary,2475,325,247.5,+32.5,45,half2p5,phase63(L1-G1),yaw2475_pitchp0325_roll+045,YES,21_pack (new render),,P2 R1 roll_sens peak yaw245 pitch+30/+35 (mean_rs=2.66)
R1_high_info__yaw2475_pitchp0325,R1_high_info,R1_high_info,high-info,primary,2475,325,247.5,+32.5,60,half2p5,phase63(L1-G1),yaw2475_pitchp0325_roll+060,YES,21_pack (new render),,P2 R1 roll_sens peak yaw245 pitch+30/+35 (mean_rs=2.66)
R1_high_info__yaw2475_pitchp0350,R1_high_info,R1_high_info,high-info,primary,2475,350,247.5,+35.0,-60,half2p5,phase63(L1-G1),yaw2475_pitchp0350_roll-060,YES,21_pack (new render),,P2 R1 roll_sens peak yaw245 pitch+30/+35 (mean_rs=2.66)
R1_high_info__yaw2475_pitchp0350,R1_high_info,R1_high_info,high-info,primary,2475,350,247.5,+35.0,-45,half2p5,phase63(L1-G1),yaw2475_pitchp0350_roll-045,YES,21_pack (new render),,P2 R1 roll_sens peak yaw245 pitch+30/+35 (mean_rs=2.66)
R1_high_info__yaw2475_pitchp0350,R1_high_info,R1_high_info,high-info,primary,2475,350,247.5,+35.0,-30,half2p5,phase63(L1-G1),yaw2475_pitchp0350_roll-030,YES,21_pack (new render),,P2 R1 roll_sens peak yaw245 pitch+30/+35 (mean_rs=2.66)
R1_high_info__yaw2475_pitchp0350,R1_high_info,R1_high_info,high-info,primary,2475,350,247.5,+35.0,-15,half2p5,phase63(L1-G1),yaw2475_pitchp0350_roll-015,YES,21_pack (new render),,P2 R1 roll_sens peak yaw245 pitch+30/+35 (mean_rs=2.66)
R1_high_info__yaw2475_pitchp0350,R1_high_info,R1_high_info,high-info,primary,2475,350,247.5,+35.0,0,half2p5,phase63(L1-G1),yaw2475_pitchp0350_roll+000,YES,"21_pack (半度点 fullrun 无网格, roll=0 新渲染)",,P2 R1 roll_sens peak yaw245 pitch+30/+35 (mean_rs=2.66)
R1_high_info__yaw2475_pitchp0350,R1_high_info,R1_high_info,high-info,primary,2475,350,247.5,+35.0,15,half2p5,phase63(L1-G1),yaw2475_pitchp0350_roll+015,YES,21_pack (new render),,P2 R1 roll_sens peak yaw245 pitch+30/+35 (mean_rs=2.66)
R1_high_info__yaw2475_pitchp0350,R1_high_info,R1_high_info,high-info,primary,2475,350,247.5,+35.0,30,half2p5,phase63(L1-G1),yaw2475_pitchp0350_roll+030,YES,21_pack (new render),,P2 R1 roll_sens peak yaw245 pitch+30/+35 (mean_rs=2.66)
R1_high_info__yaw2475_pitchp0350,R1_high_info,R1_high_info,high-info,primary,2475,350,247.5,+35.0,45,half2p5,phase63(L1-G1),yaw2475_pitchp0350_roll+045,YES,21_pack (new render),,P2 R1 roll_sens peak yaw245 pitch+30/+35 (mean_rs=2.66)
R1_high_info__yaw2475_pitchp0350,R1_high_info,R1_high_info,high-info,primary,2475,350,247.5,+35.0,60,half2p5,phase63(L1-G1),yaw2475_pitchp0350_roll+060,YES,21_pack (new render),,P2 R1 roll_sens peak yaw245 pitch+30/+35 (mean_rs=2.66)
R1_high_info__yaw2475_pitchp0375,R1_high_info,R1_high_info,high-info,primary,2475,375,247.5,+37.5,-60,half2p5,phase63(L1-G1),yaw2475_pitchp0375_roll-060,YES,21_pack (new render),,P2 R1 roll_sens peak yaw245 pitch+30/+35 (mean_rs=2.66)
R1_high_info__yaw2475_pitchp0375,R1_high_info,R1_high_info,high-info,primary,2475,375,247.5,+37.5,-45,half2p5,phase63(L1-G1),yaw2475_pitchp0375_roll-045,YES,21_pack (new render),,P2 R1 roll_sens peak yaw245 pitch+30/+35 (mean_rs=2.66)
R1_high_info__yaw2475_pitchp0375,R1_high_info,R1_high_info,high-info,primary,2475,375,247.5,+37.5,-30,half2p5,phase63(L1-G1),yaw2475_pitchp0375_roll-030,YES,21_pack (new render),,P2 R1 roll_sens peak yaw245 pitch+30/+35 (mean_rs=2.66)
R1_high_info__yaw2475_pitchp0375,R1_high_info,R1_high_info,high-info,primary,2475,375,247.5,+37.5,-15,half2p5,phase63(L1-G1),yaw2475_pitchp0375_roll-015,YES,21_pack (new render),,P2 R1 roll_sens peak yaw245 pitch+30/+35 (mean_rs=2.66)
R1_high_info__yaw2475_pitchp0375,R1_high_info,R1_high_info,high-info,primary,2475,375,247.5,+37.5,0,half2p5,phase63(L1-G1),yaw2475_pitchp0375_roll+000,YES,"21_pack (半度点 fullrun 无网格, roll=0 新渲染)",,P2 R1 roll_sens peak yaw245 pitch+30/+35 (mean_rs=2.66)
R1_high_info__yaw2475_pitchp0375,R1_high_info,R1_high_info,high-info,primary,2475,375,247.5,+37.5,15,half2p5,phase63(L1-G1),yaw2475_pitchp0375_roll+015,YES,21_pack (new render),,P2 R1 roll_sens peak yaw245 pitch+30/+35 (mean_rs=2.66)
R1_high_info__yaw2475_pitchp0375,R1_high_info,R1_high_info,high-info,primary,2475,375,247.5,+37.5,30,half2p5,phase63(L1-G1),yaw2475_pitchp0375_roll+030,YES,21_pack (new render),,P2 R1 roll_sens peak yaw245 pitch+30/+35 (mean_rs=2.66)
R1_high_info__yaw2475_pitchp0375,R1_high_info,R1_high_info,high-info,primary,2475,375,247.5,+37.5,45,half2p5,phase63(L1-G1),yaw2475_pitchp0375_roll+045,YES,21_pack (new render),,P2 R1 roll_sens peak yaw245 pitch+30/+35 (mean_rs=2.66)
R1_high_info__yaw2475_pitchp0375,R1_high_info,R1_high_info,high-info,primary,2475,375,247.5,+37.5,60,half2p5,phase63(L1-G1),yaw2475_pitchp0375_roll+060,YES,21_pack (new render),,P2 R1 roll_sens peak yaw245 pitch+30/+35 (mean_rs=2.66)
R1_high_info__yaw2475_pitchp0400,R1_high_info,R1_high_info,high-info,primary,2475,400,247.5,+40.0,-60,half2p5,phase63(L1-G1),yaw2475_pitchp0400_roll-060,YES,21_pack (new render),,P2 R1 roll_sens peak yaw245 pitch+30/+35 (mean_rs=2.66)
R1_high_info__yaw2475_pitchp0400,R1_high_info,R1_high_info,high-info,primary,2475,400,247.5,+40.0,-45,half2p5,phase63(L1-G1),yaw2475_pitchp0400_roll-045,YES,21_pack (new render),,P2 R1 roll_sens peak yaw245 pitch+30/+35 (mean_rs=2.66)
R1_high_info__yaw2475_pitchp0400,R1_high_info,R1_high_info,high-info,primary,2475,400,247.5,+40.0,-30,half2p5,phase63(L1-G1),yaw2475_pitchp0400_roll-030,YES,21_pack (new render),,P2 R1 roll_sens peak yaw245 pitch+30/+35 (mean_rs=2.66)
R1_high_info__yaw2475_pitchp0400,R1_high_info,R1_high_info,high-info,primary,2475,400,247.5,+40.0,-15,half2p5,phase63(L1-G1),yaw2475_pitchp0400_roll-015,YES,21_pack (new render),,P2 R1 roll_sens peak yaw245 pitch+30/+35 (mean_rs=2.66)
R1_high_info__yaw2475_pitchp0400,R1_high_info,R1_high_info,high-info,primary,2475,400,247.5,+40.0,0,half2p5,phase63(L1-G1),yaw2475_pitchp0400_roll+000,YES,"21_pack (半度点 fullrun 无网格, roll=0 新渲染)",,P2 R1 roll_sens peak yaw245 pitch+30/+35 (mean_rs=2.66)
R1_high_info__yaw2475_pitchp0400,R1_high_info,R1_high_info,high-info,primary,2475,400,247.5,+40.0,15,half2p5,phase63(L1-G1),yaw2475_pitchp0400_roll+015,YES,21_pack (new render),,P2 R1 roll_sens peak yaw245 pitch+30/+35 (mean_rs=2.66)
R1_high_info__yaw2475_pitchp0400,R1_high_info,R1_high_info,high-info,primary,2475,400,247.5,+40.0,30,half2p5,phase63(L1-G1),yaw2475_pitchp0400_roll+030,YES,21_pack (new render),,P2 R1 roll_sens peak yaw245 pitch+30/+35 (mean_rs=2.66)
R1_high_info__yaw2475_pitchp0400,R1_high_info,R1_high_info,high-info,primary,2475,400,247.5,+40.0,45,half2p5,phase63(L1-G1),yaw2475_pitchp0400_roll+045,YES,21_pack (new render),,P2 R1 roll_sens peak yaw245 pitch+30/+35 (mean_rs=2.66)
R1_high_info__yaw2475_pitchp0400,R1_high_info,R1_high_info,high-info,primary,2475,400,247.5,+40.0,60,half2p5,phase63(L1-G1),yaw2475_pitchp0400_roll+060,YES,21_pack (new render),,P2 R1 roll_sens peak yaw245 pitch+30/+35 (mean_rs=2.66)
R1_high_info__yaw2500_pitchp0300,R1_high_info,R1_high_info,high-info,primary,2500,300,250.0,+30.0,-60,integer5,phase63(L1-G1),yaw2500_pitchp0300_roll-060,YES,21_pack (new render),,P2 R1 roll_sens peak yaw245 pitch+30/+35 (mean_rs=2.66)
R1_high_info__yaw2500_pitchp0300,R1_high_info,R1_high_info,high-info,primary,2500,300,250.0,+30.0,-45,integer5,phase63(L1-G1),yaw2500_pitchp0300_roll-045,YES,21_pack (new render),,P2 R1 roll_sens peak yaw245 pitch+30/+35 (mean_rs=2.66)
R1_high_info__yaw2500_pitchp0300,R1_high_info,R1_high_info,high-info,primary,2500,300,250.0,+30.0,-30,integer5,phase63(L1-G1),yaw2500_pitchp0300_roll-030,YES,21_pack (new render),,P2 R1 roll_sens peak yaw245 pitch+30/+35 (mean_rs=2.66)
R1_high_info__yaw2500_pitchp0300,R1_high_info,R1_high_info,high-info,primary,2500,300,250.0,+30.0,-15,integer5,phase63(L1-G1),yaw2500_pitchp0300_roll-015,YES,21_pack (new render),,P2 R1 roll_sens peak yaw245 pitch+30/+35 (mean_rs=2.66)
R1_high_info__yaw2500_pitchp0300,R1_high_info,R1_high_info,high-info,primary,2500,300,250.0,+30.0,0,integer5,phase63(L1-G1),yaw2500_pitchp0300_roll+000,NO,01_fullrun (roll+000 整数点复用),yaw250_pitch+030_roll+000,P2 R1 roll_sens peak yaw245 pitch+30/+35 (mean_rs=2.66)
R1_high_info__yaw2500_pitchp0300,R1_high_info,R1_high_info,high-info,primary,2500,300,250.0,+30.0,15,integer5,phase63(L1-G1),yaw2500_pitchp0300_roll+015,YES,21_pack (new render),,P2 R1 roll_sens peak yaw245 pitch+30/+35 (mean_rs=2.66)
R1_high_info__yaw2500_pitchp0300,R1_high_info,R1_high_info,high-info,primary,2500,300,250.0,+30.0,30,integer5,phase63(L1-G1),yaw2500_pitchp0300_roll+030,YES,21_pack (new render),,P2 R1 roll_sens peak yaw245 pitch+30/+35 (mean_rs=2.66)
R1_high_info__yaw2500_pitchp0300,R1_high_info,R1_high_info,high-info,primary,2500,300,250.0,+30.0,45,integer5,phase63(L1-G1),yaw2500_pitchp0300_roll+045,YES,21_pack (new render),,P2 R1 roll_sens peak yaw245 pitch+30/+35 (mean_rs=2.66)
R1_high_info__yaw2500_pitchp0300,R1_high_info,R1_high_info,high-info,primary,2500,300,250.0,+30.0,60,integer5,phase63(L1-G1),yaw2500_pitchp0300_roll+060,YES,21_pack (new render),,P2 R1 roll_sens peak yaw245 pitch+30/+35 (mean_rs=2.66)
R1_high_info__yaw2500_pitchp0325,R1_high_info,R1_high_info,high-info,primary,2500,325,250.0,+32.5,-60,half2p5,phase63(L1-G1),yaw2500_pitchp0325_roll-060,YES,21_pack (new render),,P2 R1 roll_sens peak yaw245 pitch+30/+35 (mean_rs=2.66)
R1_high_info__yaw2500_pitchp0325,R1_high_info,R1_high_info,high-info,primary,2500,325,250.0,+32.5,-45,half2p5,phase63(L1-G1),yaw2500_pitchp0325_roll-045,YES,21_pack (new render),,P2 R1 roll_sens peak yaw245 pitch+30/+35 (mean_rs=2.66)
R1_high_info__yaw2500_pitchp0325,R1_high_info,R1_high_info,high-info,primary,2500,325,250.0,+32.5,-30,half2p5,phase63(L1-G1),yaw2500_pitchp0325_roll-030,YES,21_pack (new render),,P2 R1 roll_sens peak yaw245 pitch+30/+35 (mean_rs=2.66)
R1_high_info__yaw2500_pitchp0325,R1_high_info,R1_high_info,high-info,primary,2500,325,250.0,+32.5,-15,half2p5,phase63(L1-G1),yaw2500_pitchp0325_roll-015,YES,21_pack (new render),,P2 R1 roll_sens peak yaw245 pitch+30/+35 (mean_rs=2.66)
R1_high_info__yaw2500_pitchp0325,R1_high_info,R1_high_info,high-info,primary,2500,325,250.0,+32.5,0,half2p5,phase63(L1-G1),yaw2500_pitchp0325_roll+000,YES,"21_pack (半度点 fullrun 无网格, roll=0 新渲染)",,P2 R1 roll_sens peak yaw245 pitch+30/+35 (mean_rs=2.66)
R1_high_info__yaw2500_pitchp0325,R1_high_info,R1_high_info,high-info,primary,2500,325,250.0,+32.5,15,half2p5,phase63(L1-G1),yaw2500_pitchp0325_roll+015,YES,21_pack (new render),,P2 R1 roll_sens peak yaw245 pitch+30/+35 (mean_rs=2.66)
R1_high_info__yaw2500_pitchp0325,R1_high_info,R1_high_info,high-info,primary,2500,325,250.0,+32.5,30,half2p5,phase63(L1-G1),yaw2500_pitchp0325_roll+030,YES,21_pack (new render),,P2 R1 roll_sens peak yaw245 pitch+30/+35 (mean_rs=2.66)
R1_high_info__yaw2500_pitchp0325,R1_high_info,R1_high_info,high-info,primary,2500,325,250.0,+32.5,45,half2p5,phase63(L1-G1),yaw2500_pitchp0325_roll+045,YES,21_pack (new render),,P2 R1 roll_sens peak yaw245 pitch+30/+35 (mean_rs=2.66)
R1_high_info__yaw2500_pitchp0325,R1_high_info,R1_high_info,high-info,primary,2500,325,250.0,+32.5,60,half2p5,phase63(L1-G1),yaw2500_pitchp0325_roll+060,YES,21_pack (new render),,P2 R1 roll_sens peak yaw245 pitch+30/+35 (mean_rs=2.66)
R1_high_info__yaw2500_pitchp0350,R1_high_info,R1_high_info,high-info,primary,2500,350,250.0,+35.0,-60,integer5,phase63(L1-G1),yaw2500_pitchp0350_roll-060,YES,21_pack (new render),,P2 R1 roll_sens peak yaw245 pitch+30/+35 (mean_rs=2.66)
R1_high_info__yaw2500_pitchp0350,R1_high_info,R1_high_info,high-info,primary,2500,350,250.0,+35.0,-45,integer5,phase63(L1-G1),yaw2500_pitchp0350_roll-045,YES,21_pack (new render),,P2 R1 roll_sens peak yaw245 pitch+30/+35 (mean_rs=2.66)
R1_high_info__yaw2500_pitchp0350,R1_high_info,R1_high_info,high-info,primary,2500,350,250.0,+35.0,-30,integer5,phase63(L1-G1),yaw2500_pitchp0350_roll-030,YES,21_pack (new render),,P2 R1 roll_sens peak yaw245 pitch+30/+35 (mean_rs=2.66)
R1_high_info__yaw2500_pitchp0350,R1_high_info,R1_high_info,high-info,primary,2500,350,250.0,+35.0,-15,integer5,phase63(L1-G1),yaw2500_pitchp0350_roll-015,YES,21_pack (new render),,P2 R1 roll_sens peak yaw245 pitch+30/+35 (mean_rs=2.66)
R1_high_info__yaw2500_pitchp0350,R1_high_info,R1_high_info,high-info,primary,2500,350,250.0,+35.0,0,integer5,phase63(L1-G1),yaw2500_pitchp0350_roll+000,NO,01_fullrun (roll+000 整数点复用),yaw250_pitch+035_roll+000,P2 R1 roll_sens peak yaw245 pitch+30/+35 (mean_rs=2.66)
R1_high_info__yaw2500_pitchp0350,R1_high_info,R1_high_info,high-info,primary,2500,350,250.0,+35.0,15,integer5,phase63(L1-G1),yaw2500_pitchp0350_roll+015,YES,21_pack (new render),,P2 R1 roll_sens peak yaw245 pitch+30/+35 (mean_rs=2.66)
R1_high_info__yaw2500_pitchp0350,R1_high_info,R1_high_info,high-info,primary,2500,350,250.0,+35.0,30,integer5,phase63(L1-G1),yaw2500_pitchp0350_roll+030,YES,21_pack (new render),,P2 R1 roll_sens peak yaw245 pitch+30/+35 (mean_rs=2.66)
R1_high_info__yaw2500_pitchp0350,R1_high_info,R1_high_info,high-info,primary,2500,350,250.0,+35.0,45,integer5,phase63(L1-G1),yaw2500_pitchp0350_roll+045,YES,21_pack (new render),,P2 R1 roll_sens peak yaw245 pitch+30/+35 (mean_rs=2.66)
R1_high_info__yaw2500_pitchp0350,R1_high_info,R1_high_info,high-info,primary,2500,350,250.0,+35.0,60,integer5,phase63(L1-G1),yaw2500_pitchp0350_roll+060,YES,21_pack (new render),,P2 R1 roll_sens peak yaw245 pitch+30/+35 (mean_rs=2.66)
R1_high_info__yaw2500_pitchp0375,R1_high_info,R1_high_info,high-info,primary,2500,375,250.0,+37.5,-60,half2p5,phase63(L1-G1),yaw2500_pitchp0375_roll-060,YES,21_pack (new render),,P2 R1 roll_sens peak yaw245 pitch+30/+35 (mean_rs=2.66)
R1_high_info__yaw2500_pitchp0375,R1_high_info,R1_high_info,high-info,primary,2500,375,250.0,+37.5,-45,half2p5,phase63(L1-G1),yaw2500_pitchp0375_roll-045,YES,21_pack (new render),,P2 R1 roll_sens peak yaw245 pitch+30/+35 (mean_rs=2.66)
R1_high_info__yaw2500_pitchp0375,R1_high_info,R1_high_info,high-info,primary,2500,375,250.0,+37.5,-30,half2p5,phase63(L1-G1),yaw2500_pitchp0375_roll-030,YES,21_pack (new render),,P2 R1 roll_sens peak yaw245 pitch+30/+35 (mean_rs=2.66)
R1_high_info__yaw2500_pitchp0375,R1_high_info,R1_high_info,high-info,primary,2500,375,250.0,+37.5,-15,half2p5,phase63(L1-G1),yaw2500_pitchp0375_roll-015,YES,21_pack (new render),,P2 R1 roll_sens peak yaw245 pitch+30/+35 (mean_rs=2.66)
R1_high_info__yaw2500_pitchp0375,R1_high_info,R1_high_info,high-info,primary,2500,375,250.0,+37.5,0,half2p5,phase63(L1-G1),yaw2500_pitchp0375_roll+000,YES,"21_pack (半度点 fullrun 无网格, roll=0 新渲染)",,P2 R1 roll_sens peak yaw245 pitch+30/+35 (mean_rs=2.66)
R1_high_info__yaw2500_pitchp0375,R1_high_info,R1_high_info,high-info,primary,2500,375,250.0,+37.5,15,half2p5,phase63(L1-G1),yaw2500_pitchp0375_roll+015,YES,21_pack (new render),,P2 R1 roll_sens peak yaw245 pitch+30/+35 (mean_rs=2.66)
R1_high_info__yaw2500_pitchp0375,R1_high_info,R1_high_info,high-info,primary,2500,375,250.0,+37.5,30,half2p5,phase63(L1-G1),yaw2500_pitchp0375_roll+030,YES,21_pack (new render),,P2 R1 roll_sens peak yaw245 pitch+30/+35 (mean_rs=2.66)
R1_high_info__yaw2500_pitchp0375,R1_high_info,R1_high_info,high-info,primary,2500,375,250.0,+37.5,45,half2p5,phase63(L1-G1),yaw2500_pitchp0375_roll+045,YES,21_pack (new render),,P2 R1 roll_sens peak yaw245 pitch+30/+35 (mean_rs=2.66)
R1_high_info__yaw2500_pitchp0375,R1_high_info,R1_high_info,high-info,primary,2500,375,250.0,+37.5,60,half2p5,phase63(L1-G1),yaw2500_pitchp0375_roll+060,YES,21_pack (new render),,P2 R1 roll_sens peak yaw245 pitch+30/+35 (mean_rs=2.66)
R1_high_info__yaw2500_pitchp0400,R1_high_info,R1_high_info,high-info,primary,2500,400,250.0,+40.0,-60,integer5,phase63(L1-G1),yaw2500_pitchp0400_roll-060,YES,21_pack (new render),,P2 R1 roll_sens peak yaw245 pitch+30/+35 (mean_rs=2.66)
R1_high_info__yaw2500_pitchp0400,R1_high_info,R1_high_info,high-info,primary,2500,400,250.0,+40.0,-45,integer5,phase63(L1-G1),yaw2500_pitchp0400_roll-045,YES,21_pack (new render),,P2 R1 roll_sens peak yaw245 pitch+30/+35 (mean_rs=2.66)
R1_high_info__yaw2500_pitchp0400,R1_high_info,R1_high_info,high-info,primary,2500,400,250.0,+40.0,-30,integer5,phase63(L1-G1),yaw2500_pitchp0400_roll-030,YES,21_pack (new render),,P2 R1 roll_sens peak yaw245 pitch+30/+35 (mean_rs=2.66)
R1_high_info__yaw2500_pitchp0400,R1_high_info,R1_high_info,high-info,primary,2500,400,250.0,+40.0,-15,integer5,phase63(L1-G1),yaw2500_pitchp0400_roll-015,YES,21_pack (new render),,P2 R1 roll_sens peak yaw245 pitch+30/+35 (mean_rs=2.66)
R1_high_info__yaw2500_pitchp0400,R1_high_info,R1_high_info,high-info,primary,2500,400,250.0,+40.0,0,integer5,phase63(L1-G1),yaw2500_pitchp0400_roll+000,NO,01_fullrun (roll+000 整数点复用),yaw250_pitch+040_roll+000,P2 R1 roll_sens peak yaw245 pitch+30/+35 (mean_rs=2.66)
R1_high_info__yaw2500_pitchp0400,R1_high_info,R1_high_info,high-info,primary,2500,400,250.0,+40.0,15,integer5,phase63(L1-G1),yaw2500_pitchp0400_roll+015,YES,21_pack (new render),,P2 R1 roll_sens peak yaw245 pitch+30/+35 (mean_rs=2.66)
R1_high_info__yaw2500_pitchp0400,R1_high_info,R1_high_info,high-info,primary,2500,400,250.0,+40.0,30,integer5,phase63(L1-G1),yaw2500_pitchp0400_roll+030,YES,21_pack (new render),,P2 R1 roll_sens peak yaw245 pitch+30/+35 (mean_rs=2.66)
R1_high_info__yaw2500_pitchp0400,R1_high_info,R1_high_info,high-info,primary,2500,400,250.0,+40.0,45,integer5,phase63(L1-G1),yaw2500_pitchp0400_roll+045,YES,21_pack (new render),,P2 R1 roll_sens peak yaw245 pitch+30/+35 (mean_rs=2.66)
R1_high_info__yaw2500_pitchp0400,R1_high_info,R1_high_info,high-info,primary,2500,400,250.0,+40.0,60,integer5,phase63(L1-G1),yaw2500_pitchp0400_roll+060,YES,21_pack (new render),,P2 R1 roll_sens peak yaw245 pitch+30/+35 (mean_rs=2.66)
R2_control__yaw2800_pitchm0850,R2_control,R2_control,dark/roll-sensitive-control,control,2800,-850,280.0,-85.0,-60,integer5,phase63(L1-G1),yaw2800_pitchm0850_roll-060,YES,21_pack (new render),,P2 R2 dark/roll-sens yaw285 pitch-85/-80 (utility<0)
R2_control__yaw2800_pitchm0850,R2_control,R2_control,dark/roll-sensitive-control,control,2800,-850,280.0,-85.0,-45,integer5,phase63(L1-G1),yaw2800_pitchm0850_roll-045,YES,21_pack (new render),,P2 R2 dark/roll-sens yaw285 pitch-85/-80 (utility<0)
R2_control__yaw2800_pitchm0850,R2_control,R2_control,dark/roll-sensitive-control,control,2800,-850,280.0,-85.0,-30,integer5,phase63(L1-G1),yaw2800_pitchm0850_roll-030,YES,21_pack (new render),,P2 R2 dark/roll-sens yaw285 pitch-85/-80 (utility<0)
R2_control__yaw2800_pitchm0850,R2_control,R2_control,dark/roll-sensitive-control,control,2800,-850,280.0,-85.0,-15,integer5,phase63(L1-G1),yaw2800_pitchm0850_roll-015,YES,21_pack (new render),,P2 R2 dark/roll-sens yaw285 pitch-85/-80 (utility<0)
R2_control__yaw2800_pitchm0850,R2_control,R2_control,dark/roll-sensitive-control,control,2800,-850,280.0,-85.0,0,integer5,phase63(L1-G1),yaw2800_pitchm0850_roll+000,NO,01_fullrun (roll+000 整数点复用),yaw280_pitch-085_roll+000,P2 R2 dark/roll-sens yaw285 pitch-85/-80 (utility<0)
R2_control__yaw2800_pitchm0850,R2_control,R2_control,dark/roll-sensitive-control,control,2800,-850,280.0,-85.0,15,integer5,phase63(L1-G1),yaw2800_pitchm0850_roll+015,YES,21_pack (new render),,P2 R2 dark/roll-sens yaw285 pitch-85/-80 (utility<0)
R2_control__yaw2800_pitchm0850,R2_control,R2_control,dark/roll-sensitive-control,control,2800,-850,280.0,-85.0,30,integer5,phase63(L1-G1),yaw2800_pitchm0850_roll+030,YES,21_pack (new render),,P2 R2 dark/roll-sens yaw285 pitch-85/-80 (utility<0)
R2_control__yaw2800_pitchm0850,R2_control,R2_control,dark/roll-sensitive-control,control,2800,-850,280.0,-85.0,45,integer5,phase63(L1-G1),yaw2800_pitchm0850_roll+045,YES,21_pack (new render),,P2 R2 dark/roll-sens yaw285 pitch-85/-80 (utility<0)
R2_control__yaw2800_pitchm0850,R2_control,R2_control,dark/roll-sensitive-control,control,2800,-850,280.0,-85.0,60,integer5,phase63(L1-G1),yaw2800_pitchm0850_roll+060,YES,21_pack (new render),,P2 R2 dark/roll-sens yaw285 pitch-85/-80 (utility<0)
R2_control__yaw2800_pitchm0800,R2_control,R2_control,dark/roll-sensitive-control,control,2800,-800,280.0,-80.0,-60,integer5,phase63(L1-G1),yaw2800_pitchm0800_roll-060,YES,21_pack (new render),,P2 R2 dark/roll-sens yaw285 pitch-85/-80 (utility<0)
R2_control__yaw2800_pitchm0800,R2_control,R2_control,dark/roll-sensitive-control,control,2800,-800,280.0,-80.0,-45,integer5,phase63(L1-G1),yaw2800_pitchm0800_roll-045,YES,21_pack (new render),,P2 R2 dark/roll-sens yaw285 pitch-85/-80 (utility<0)
R2_control__yaw2800_pitchm0800,R2_control,R2_control,dark/roll-sensitive-control,control,2800,-800,280.0,-80.0,-30,integer5,phase63(L1-G1),yaw2800_pitchm0800_roll-030,YES,21_pack (new render),,P2 R2 dark/roll-sens yaw285 pitch-85/-80 (utility<0)
R2_control__yaw2800_pitchm0800,R2_control,R2_control,dark/roll-sensitive-control,control,2800,-800,280.0,-80.0,-15,integer5,phase63(L1-G1),yaw2800_pitchm0800_roll-015,YES,21_pack (new render),,P2 R2 dark/roll-sens yaw285 pitch-85/-80 (utility<0)
R2_control__yaw2800_pitchm0800,R2_control,R2_control,dark/roll-sensitive-control,control,2800,-800,280.0,-80.0,0,integer5,phase63(L1-G1),yaw2800_pitchm0800_roll+000,NO,01_fullrun (roll+000 整数点复用),yaw280_pitch-080_roll+000,P2 R2 dark/roll-sens yaw285 pitch-85/-80 (utility<0)
R2_control__yaw2800_pitchm0800,R2_control,R2_control,dark/roll-sensitive-control,control,2800,-800,280.0,-80.0,15,integer5,phase63(L1-G1),yaw2800_pitchm0800_roll+015,YES,21_pack (new render),,P2 R2 dark/roll-sens yaw285 pitch-85/-80 (utility<0)
R2_control__yaw2800_pitchm0800,R2_control,R2_control,dark/roll-sensitive-control,control,2800,-800,280.0,-80.0,30,integer5,phase63(L1-G1),yaw2800_pitchm0800_roll+030,YES,21_pack (new render),,P2 R2 dark/roll-sens yaw285 pitch-85/-80 (utility<0)
R2_control__yaw2800_pitchm0800,R2_control,R2_control,dark/roll-sensitive-control,control,2800,-800,280.0,-80.0,45,integer5,phase63(L1-G1),yaw2800_pitchm0800_roll+045,YES,21_pack (new render),,P2 R2 dark/roll-sens yaw285 pitch-85/-80 (utility<0)
R2_control__yaw2800_pitchm0800,R2_control,R2_control,dark/roll-sensitive-control,control,2800,-800,280.0,-80.0,60,integer5,phase63(L1-G1),yaw2800_pitchm0800_roll+060,YES,21_pack (new render),,P2 R2 dark/roll-sens yaw285 pitch-85/-80 (utility<0)
R2_control__yaw2850_pitchm0850,R2_control,R2_control,dark/roll-sensitive-control,control,2850,-850,285.0,-85.0,-60,integer5,phase63(L1-G1),yaw2850_pitchm0850_roll-060,YES,21_pack (new render),,P2 R2 dark/roll-sens yaw285 pitch-85/-80 (utility<0)
R2_control__yaw2850_pitchm0850,R2_control,R2_control,dark/roll-sensitive-control,control,2850,-850,285.0,-85.0,-45,integer5,phase63(L1-G1),yaw2850_pitchm0850_roll-045,YES,21_pack (new render),,P2 R2 dark/roll-sens yaw285 pitch-85/-80 (utility<0)
R2_control__yaw2850_pitchm0850,R2_control,R2_control,dark/roll-sensitive-control,control,2850,-850,285.0,-85.0,-30,integer5,phase63(L1-G1),yaw2850_pitchm0850_roll-030,YES,21_pack (new render),,P2 R2 dark/roll-sens yaw285 pitch-85/-80 (utility<0)
R2_control__yaw2850_pitchm0850,R2_control,R2_control,dark/roll-sensitive-control,control,2850,-850,285.0,-85.0,-15,integer5,phase63(L1-G1),yaw2850_pitchm0850_roll-015,YES,21_pack (new render),,P2 R2 dark/roll-sens yaw285 pitch-85/-80 (utility<0)
R2_control__yaw2850_pitchm0850,R2_control,R2_control,dark/roll-sensitive-control,control,2850,-850,285.0,-85.0,0,integer5,phase63(L1-G1),yaw2850_pitchm0850_roll+000,NO,01_fullrun (roll+000 整数点复用),yaw285_pitch-085_roll+000,P2 R2 dark/roll-sens yaw285 pitch-85/-80 (utility<0)
R2_control__yaw2850_pitchm0850,R2_control,R2_control,dark/roll-sensitive-control,control,2850,-850,285.0,-85.0,15,integer5,phase63(L1-G1),yaw2850_pitchm0850_roll+015,YES,21_pack (new render),,P2 R2 dark/roll-sens yaw285 pitch-85/-80 (utility<0)
R2_control__yaw2850_pitchm0850,R2_control,R2_control,dark/roll-sensitive-control,control,2850,-850,285.0,-85.0,30,integer5,phase63(L1-G1),yaw2850_pitchm0850_roll+030,YES,21_pack (new render),,P2 R2 dark/roll-sens yaw285 pitch-85/-80 (utility<0)
R2_control__yaw2850_pitchm0850,R2_control,R2_control,dark/roll-sensitive-control,control,2850,-850,285.0,-85.0,45,integer5,phase63(L1-G1),yaw2850_pitchm0850_roll+045,YES,21_pack (new render),,P2 R2 dark/roll-sens yaw285 pitch-85/-80 (utility<0)
R2_control__yaw2850_pitchm0850,R2_control,R2_control,dark/roll-sensitive-control,control,2850,-850,285.0,-85.0,60,integer5,phase63(L1-G1),yaw2850_pitchm0850_roll+060,YES,21_pack (new render),,P2 R2 dark/roll-sens yaw285 pitch-85/-80 (utility<0)
R2_control__yaw2850_pitchm0800,R2_control,R2_control,dark/roll-sensitive-control,control,2850,-800,285.0,-80.0,-60,integer5,phase63(L1-G1),yaw2850_pitchm0800_roll-060,YES,21_pack (new render),,P2 R2 dark/roll-sens yaw285 pitch-85/-80 (utility<0)
R2_control__yaw2850_pitchm0800,R2_control,R2_control,dark/roll-sensitive-control,control,2850,-800,285.0,-80.0,-45,integer5,phase63(L1-G1),yaw2850_pitchm0800_roll-045,YES,21_pack (new render),,P2 R2 dark/roll-sens yaw285 pitch-85/-80 (utility<0)
R2_control__yaw2850_pitchm0800,R2_control,R2_control,dark/roll-sensitive-control,control,2850,-800,285.0,-80.0,-30,integer5,phase63(L1-G1),yaw2850_pitchm0800_roll-030,YES,21_pack (new render),,P2 R2 dark/roll-sens yaw285 pitch-85/-80 (utility<0)
R2_control__yaw2850_pitchm0800,R2_control,R2_control,dark/roll-sensitive-control,control,2850,-800,285.0,-80.0,-15,integer5,phase63(L1-G1),yaw2850_pitchm0800_roll-015,YES,21_pack (new render),,P2 R2 dark/roll-sens yaw285 pitch-85/-80 (utility<0)
R2_control__yaw2850_pitchm0800,R2_control,R2_control,dark/roll-sensitive-control,control,2850,-800,285.0,-80.0,0,integer5,phase63(L1-G1),yaw2850_pitchm0800_roll+000,NO,01_fullrun (roll+000 整数点复用),yaw285_pitch-080_roll+000,P2 R2 dark/roll-sens yaw285 pitch-85/-80 (utility<0)
R2_control__yaw2850_pitchm0800,R2_control,R2_control,dark/roll-sensitive-control,control,2850,-800,285.0,-80.0,15,integer5,phase63(L1-G1),yaw2850_pitchm0800_roll+015,YES,21_pack (new render),,P2 R2 dark/roll-sens yaw285 pitch-85/-80 (utility<0)
R2_control__yaw2850_pitchm0800,R2_control,R2_control,dark/roll-sensitive-control,control,2850,-800,285.0,-80.0,30,integer5,phase63(L1-G1),yaw2850_pitchm0800_roll+030,YES,21_pack (new render),,P2 R2 dark/roll-sens yaw285 pitch-85/-80 (utility<0)
R2_control__yaw2850_pitchm0800,R2_control,R2_control,dark/roll-sensitive-control,control,2850,-800,285.0,-80.0,45,integer5,phase63(L1-G1),yaw2850_pitchm0800_roll+045,YES,21_pack (new render),,P2 R2 dark/roll-sens yaw285 pitch-85/-80 (utility<0)
R2_control__yaw2850_pitchm0800,R2_control,R2_control,dark/roll-sensitive-control,control,2850,-800,285.0,-80.0,60,integer5,phase63(L1-G1),yaw2850_pitchm0800_roll+060,YES,21_pack (new render),,P2 R2 dark/roll-sens yaw285 pitch-85/-80 (utility<0)
