{
  "timestamp": "2026-07-06T19:48:18.764836",
  "n_total": 126,
  "n_complete": 126,
  "records": [
    {
      "geom_id": "H00_baseline",
      "pose_id": "A_top1",
      "label": "yaw2450_pitchp0275_roll+015",
      "role": "top1",
      "group": "mandatory",
      "sun_offset": 0,
      "view_offset": 0,
      "yaw": 245.0,
      "pitch": 27.5,
      "roll": 15.0,
      "sun_dir": [
        0.9578262852211513,
        0.0,
        0.2873478855663454
      ],
      "det_dir": [
        0.44543540318737396,
        -0.8908708063747479,
        0.0890870806374748
      ],
      "camera_exr_src": "REUSED_BASELINE",
      "sun_exr_src": "REUSED_BASELINE",
      "status": "COMPLETE",
      "ocs_total": 0.20889048278331757,
      "ocs_metal": 0.19849658012390137,
      "ocs_dark": 0.008774611167609692,
      "ocs_solar": 0.0016192957991734147,
      "n_pixels_camera_visible": 6157,
      "n_pixels_contributing": 4141,
      "image_usable": true,
      "failed_reason": "",
      "anchor_26_geom": "G0_baseline",
      "anchor_ref_ocs_total": 0.20889048278331757,
      "anchor_rel_diff": 0.0
    },
    {
      "geom_id": "H00_baseline",
      "pose_id": "B_R4",
      "label": "yaw1475_pitchp0125_roll+000",
      "role": "R4_robust",
      "group": "mandatory",
      "sun_offset": 0,
      "view_offset": 0,
      "yaw": 147.5,
      "pitch": 12.5,
      "roll": 0.0,
      "sun_dir": [
        0.9578262852211513,
        0.0,
        0.2873478855663454
      ],
      "det_dir": [
        0.44543540318737396,
        -0.8908708063747479,
        0.0890870806374748
      ],
      "camera_exr_src": "REUSED_BASELINE",
      "sun_exr_src": "REUSED_BASELINE",
      "status": "COMPLETE",
      "ocs_total": 0.20114612579345703,
      "ocs_metal": 0.1987210363149643,
      "ocs_dark": 0.0009309276356361806,
      "ocs_solar": 0.001494159223511815,
      "n_pixels_camera_visible": 5588,
      "n_pixels_contributing": 2808,
      "image_usable": true,
      "failed_reason": "",
      "anchor_26_geom": "G0_baseline",
      "anchor_ref_ocs_total": 0.20114612579345703,
      "anchor_rel_diff": 0.0
    },
    {
      "geom_id": "H00_baseline",
      "pose_id": "C_R3",
      "label": "yaw055_pitch+060_roll+000",
      "role": "R3_negative",
      "group": "mandatory",
      "sun_offset": 0,
      "view_offset": 0,
      "yaw": 55.0,
      "pitch": 60.0,
      "roll": 0.0,
      "sun_dir": [
        0.9578262852211513,
        0.0,
        0.2873478855663454
      ],
      "det_dir": [
        0.44543540318737396,
        -0.8908708063747479,
        0.0890870806374748
      ],
      "camera_exr_src": "REUSED_BASELINE",
      "sun_exr_src": "REUSED_BASELINE",
      "status": "COMPLETE",
      "ocs_total": 0.06625763326883316,
      "ocs_metal": 0.06526622921228409,
      "ocs_dark": 0.0,
      "ocs_solar": 0.0009913999820128083,
      "n_pixels_camera_visible": 6327,
      "n_pixels_contributing": 4121,
      "image_usable": true,
      "failed_reason": "",
      "anchor_26_geom": "G0_baseline",
      "anchor_ref_ocs_total": 0.06625763326883316,
      "anchor_rel_diff": 0.0
    },
    {
      "geom_id": "H00_baseline",
      "pose_id": "D1",
      "label": "yaw2450_pitchp0300_roll+015",
      "role": "top1_neighbor",
      "group": "top1_neighbor",
      "sun_offset": 0,
      "view_offset": 0,
      "yaw": 245.0,
      "pitch": 30.0,
      "roll": 15.0,
      "sun_dir": [
        0.9578262852211513,
        0.0,
        0.2873478855663454
      ],
      "det_dir": [
        0.44543540318737396,
        -0.8908708063747479,
        0.0890870806374748
      ],
      "camera_exr_src": "REUSED_BASELINE",
      "sun_exr_src": "REUSED_BASELINE",
      "status": "COMPLETE",
      "ocs_total": 0.20837700366973877,
      "ocs_metal": 0.19810211658477783,
      "ocs_dark": 0.008725477382540703,
      "ocs_solar": 0.0015493892133235931,
      "n_pixels_camera_visible": 6179,
      "n_pixels_contributing": 4165,
      "image_usable": true,
      "failed_reason": "",
      "anchor_26_geom": "G0_baseline",
      "anchor_ref_ocs_total": 0.20837700366973877,
      "anchor_rel_diff": 0.0
    },
    {
      "geom_id": "H00_baseline",
      "pose_id": "D2",
      "label": "yaw2450_pitchp0325_roll+015",
      "role": "top1_neighbor",
      "group": "top1_neighbor",
      "sun_offset": 0,
      "view_offset": 0,
      "yaw": 245.0,
      "pitch": 32.5,
      "roll": 15.0,
      "sun_dir": [
        0.9578262852211513,
        0.0,
        0.2873478855663454
      ],
      "det_dir": [
        0.44543540318737396,
        -0.8908708063747479,
        0.0890870806374748
      ],
      "camera_exr_src": "REUSED_BASELINE",
      "sun_exr_src": "REUSED_BASELINE",
      "status": "COMPLETE",
      "ocs_total": 0.2079097032546997,
      "ocs_metal": 0.19757026433944702,
      "ocs_dark": 0.008775775320827961,
      "ocs_solar": 0.0015636651078239083,
      "n_pixels_camera_visible": 6204,
      "n_pixels_contributing": 4196,
      "image_usable": true,
      "failed_reason": "",
      "anchor_26_geom": "G0_baseline",
      "anchor_ref_ocs_total": 0.2079097032546997,
      "anchor_rel_diff": 0.0
    },
    {
      "geom_id": "H00_baseline",
      "pose_id": "D3",
      "label": "yaw2475_pitchp0375_roll+015",
      "role": "top1_neighbor",
      "group": "top1_neighbor",
      "sun_offset": 0,
      "view_offset": 0,
      "yaw": 247.5,
      "pitch": 37.5,
      "roll": 15.0,
      "sun_dir": [
        0.9578262852211513,
        0.0,
        0.2873478855663454
      ],
      "det_dir": [
        0.44543540318737396,
        -0.8908708063747479,
        0.0890870806374748
      ],
      "camera_exr_src": "REUSED_BASELINE",
      "sun_exr_src": "REUSED_BASELINE",
      "status": "COMPLETE",
      "ocs_total": 0.20560143887996674,
      "ocs_metal": 0.1954682171344757,
      "ocs_dark": 0.008718959055840969,
      "ocs_solar": 0.001414276659488678,
      "n_pixels_camera_visible": 6282,
      "n_pixels_contributing": 4146,
      "image_usable": true,
      "failed_reason": "",
      "anchor_26_geom": "G0_baseline",
      "anchor_ref_ocs_total": 0.20560143887996674,
      "anchor_rel_diff": 0.0
    },
    {
      "geom_id": "H00_baseline",
      "pose_id": "D4",
      "label": "yaw2425_pitchp0225_roll+015",
      "role": "top1_neighbor",
      "group": "top1_neighbor",
      "sun_offset": 0,
      "view_offset": 0,
      "yaw": 242.5,
      "pitch": 22.5,
      "roll": 15.0,
      "sun_dir": [
        0.9578262852211513,
        0.0,
        0.2873478855663454
      ],
      "det_dir": [
        0.44543540318737396,
        -0.8908708063747479,
        0.0890870806374748
      ],
      "camera_exr_src": "REUSED_BASELINE",
      "sun_exr_src": "REUSED_BASELINE",
      "status": "COMPLETE",
      "ocs_total": 0.20368336141109467,
      "ocs_metal": 0.19327542185783386,
      "ocs_dark": 0.008774029091000557,
      "ocs_solar": 0.0016338954446837306,
      "n_pixels_camera_visible": 6033,
      "n_pixels_contributing": 4146,
      "image_usable": true,
      "failed_reason": "",
      "anchor_26_geom": "G0_baseline",
      "anchor_ref_ocs_total": 0.20368336141109467,
      "anchor_rel_diff": 0.0
    },
    {
      "geom_id": "H00_baseline",
      "pose_id": "D5_roll125",
      "label": "yaw2450_pitchp0275_roll+0125",
      "role": "top1_neighbor_roll125",
      "group": "top1_neighbor",
      "sun_offset": 0,
      "view_offset": 0,
      "yaw": 245.0,
      "pitch": 27.5,
      "roll": 12.5,
      "sun_dir": [
        0.9578262852211513,
        0.0,
        0.2873478855663454
      ],
      "det_dir": [
        0.44543540318737396,
        -0.8908708063747479,
        0.0890870806374748
      ],
      "camera_exr_src": "REUSED_BASELINE",
      "sun_exr_src": "REUSED_BASELINE",
      "status": "COMPLETE",
      "ocs_total": 0.19780397415161133,
      "ocs_metal": 0.18736940622329712,
      "ocs_dark": 0.008752585388720036,
      "ocs_solar": 0.0016819757875055075,
      "n_pixels_camera_visible": 6205,
      "n_pixels_contributing": 4131,
      "image_usable": true,
      "failed_reason": "",
      "anchor_26_geom": "G0_baseline",
      "anchor_ref_ocs_total": 0.19780397415161133,
      "anchor_rel_diff": 0.0
    },
    {
      "geom_id": "H00_baseline",
      "pose_id": "D6_roll175",
      "label": "yaw2475_pitchp0300_roll+0175",
      "role": "top1_neighbor_roll175",
      "group": "top1_neighbor",
      "sun_offset": 0,
      "view_offset": 0,
      "yaw": 247.5,
      "pitch": 30.0,
      "roll": 17.5,
      "sun_dir": [
        0.9578262852211513,
        0.0,
        0.2873478855663454
      ],
      "det_dir": [
        0.44543540318737396,
        -0.8908708063747479,
        0.0890870806374748
      ],
      "camera_exr_src": "REUSED_BASELINE",
      "sun_exr_src": "REUSED_BASELINE",
      "status": "COMPLETE",
      "ocs_total": 0.19526323676109314,
      "ocs_metal": 0.18503788113594055,
      "ocs_dark": 0.008692135103046894,
      "ocs_solar": 0.001533191534690559,
      "n_pixels_camera_visible": 6163,
      "n_pixels_contributing": 4080,
      "image_usable": true,
      "failed_reason": "",
      "anchor_26_geom": "G0_baseline",
      "anchor_ref_ocs_total": 0.19526323676109314,
      "anchor_rel_diff": 0.0
    },
    {
      "geom_id": "H00_baseline",
      "pose_id": "E1_R4roll-15",
      "label": "yaw1475_pitchp0125_roll-015",
      "role": "R4_cluster_nsm1",
      "group": "R4_cluster",
      "sun_offset": 0,
      "view_offset": 0,
      "yaw": 147.5,
      "pitch": 12.5,
      "roll": -15.0,
      "sun_dir": [
        0.9578262852211513,
        0.0,
        0.2873478855663454
      ],
      "det_dir": [
        0.44543540318737396,
        -0.8908708063747479,
        0.0890870806374748
      ],
      "camera_exr_src": "REUSED_BASELINE",
      "sun_exr_src": "REUSED_BASELINE",
      "status": "COMPLETE",
      "ocs_total": 0.20182254910469055,
      "ocs_metal": 0.1993950605392456,
      "ocs_dark": 0.0009736453066579998,
      "ocs_solar": 0.001453852979466319,
      "n_pixels_camera_visible": 5530,
      "n_pixels_contributing": 2830,
      "image_usable": true,
      "failed_reason": "",
      "anchor_26_geom": "G0_baseline",
      "anchor_ref_ocs_total": 0.20182254910469055,
      "anchor_rel_diff": 0.0
    },
    {
      "geom_id": "H00_baseline",
      "pose_id": "E2_R4roll+15",
      "label": "yaw1475_pitchp0125_roll+015",
      "role": "R4_cluster_nsm1",
      "group": "R4_cluster",
      "sun_offset": 0,
      "view_offset": 0,
      "yaw": 147.5,
      "pitch": 12.5,
      "roll": 15.0,
      "sun_dir": [
        0.9578262852211513,
        0.0,
        0.2873478855663454
      ],
      "det_dir": [
        0.44543540318737396,
        -0.8908708063747479,
        0.0890870806374748
      ],
      "camera_exr_src": "REUSED_BASELINE",
      "sun_exr_src": "REUSED_BASELINE",
      "status": "COMPLETE",
      "ocs_total": 0.19740408658981323,
      "ocs_metal": 0.19458000361919403,
      "ocs_dark": 0.0009787469170987606,
      "ocs_solar": 0.001845349557697773,
      "n_pixels_camera_visible": 5607,
      "n_pixels_contributing": 2741,
      "image_usable": true,
      "failed_reason": "",
      "anchor_26_geom": "G0_baseline",
      "anchor_ref_ocs_total": 0.19740408658981323,
      "anchor_rel_diff": 0.0
    },
    {
      "geom_id": "H00_baseline",
      "pose_id": "F1_edge",
      "label": "yaw2425_pitchp0275_roll+015",
      "role": "bright_edge_nsm0",
      "group": "bright_edge",
      "sun_offset": 0,
      "view_offset": 0,
      "yaw": 242.5,
      "pitch": 27.5,
      "roll": 15.0,
      "sun_dir": [
        0.9578262852211513,
        0.0,
        0.2873478855663454
      ],
      "det_dir": [
        0.44543540318737396,
        -0.8908708063747479,
        0.0890870806374748
      ],
      "camera_exr_src": "REUSED_BASELINE",
      "sun_exr_src": "REUSED_BASELINE",
      "status": "COMPLETE",
      "ocs_total": 0.19927522540092468,
      "ocs_metal": 0.18886128067970276,
      "ocs_dark": 0.00873334240168333,
      "ocs_solar": 0.001680608605965972,
      "n_pixels_camera_visible": 6132,
      "n_pixels_contributing": 4241,
      "image_usable": true,
      "failed_reason": "",
      "anchor_26_geom": "G0_baseline",
      "anchor_ref_ocs_total": 0.19927522540092468,
      "anchor_rel_diff": 0.0
    },
    {
      "geom_id": "H00_baseline",
      "pose_id": "F2_edge",
      "label": "yaw2475_pitchp0300_roll+015",
      "role": "bright_edge_nsm0",
      "group": "bright_edge",
      "sun_offset": 0,
      "view_offset": 0,
      "yaw": 247.5,
      "pitch": 30.0,
      "roll": 15.0,
      "sun_dir": [
        0.9578262852211513,
        0.0,
        0.2873478855663454
      ],
      "det_dir": [
        0.44543540318737396,
        -0.8908708063747479,
        0.0890870806374748
      ],
      "camera_exr_src": "REUSED_BASELINE",
      "sun_exr_src": "REUSED_BASELINE",
      "status": "COMPLETE",
      "ocs_total": 0.1982622891664505,
      "ocs_metal": 0.18810904026031494,
      "ocs_dark": 0.008724051527678967,
      "ocs_solar": 0.0014292075065895915,
      "n_pixels_camera_visible": 6192,
      "n_pixels_contributing": 4055,
      "image_usable": true,
      "failed_reason": "",
      "anchor_26_geom": "G0_baseline",
      "anchor_ref_ocs_total": 0.1982622891664505,
      "anchor_rel_diff": 0.0
    },
    {
      "geom_id": "H00_baseline",
      "pose_id": "F3_edge",
      "label": "yaw240_pitch+015_roll+015",
      "role": "bright_edge_nsm0",
      "group": "bright_edge",
      "sun_offset": 0,
      "view_offset": 0,
      "yaw": 240.0,
      "pitch": 15.0,
      "roll": 15.0,
      "sun_dir": [
        0.9578262852211513,
        0.0,
        0.2873478855663454
      ],
      "det_dir": [
        0.44543540318737396,
        -0.8908708063747479,
        0.0890870806374748
      ],
      "camera_exr_src": "REUSED_BASELINE",
      "sun_exr_src": "REUSED_BASELINE",
      "status": "COMPLETE",
      "ocs_total": 0.19713082909584045,
      "ocs_metal": 0.18677210807800293,
      "ocs_dark": 0.00874441210180521,
      "ocs_solar": 0.0016142905224114656,
      "n_pixels_camera_visible": 5780,
      "n_pixels_contributing": 4178,
      "image_usable": true,
      "failed_reason": "",
      "anchor_26_geom": "G0_baseline",
      "anchor_ref_ocs_total": 0.19713082909584045,
      "anchor_rel_diff": 0.0
    },
    {
      "geom_id": "Hsp_v0",
      "pose_id": "A_top1",
      "label": "yaw2450_pitchp0275_roll+015",
      "role": "top1",
      "group": "mandatory",
      "sun_offset": 7,
      "view_offset": 0,
      "yaw": 245.0,
      "pitch": 27.5,
      "roll": 15.0,
      "sun_dir": [
        0.985705691479985,
        0.0,
        0.16847637752505384
      ],
      "det_dir": [
        0.44543540318737396,
        -0.8908708063747479,
        0.0890870806374748
      ],
      "camera_exr_src": "REUSED_BASELINE",
      "sun_exr_src": "REUSED_26/G1_sun_plus",
      "status": "COMPLETE",
      "ocs_total": 0.16959145665168762,
      "ocs_metal": 0.15943531692028046,
      "ocs_dark": 0.008611539378762245,
      "ocs_solar": 0.0015446081524714828,
      "n_pixels_camera_visible": 6157,
      "n_pixels_contributing": 4151,
      "image_usable": true,
      "failed_reason": "",
      "anchor_26_geom": "G1_sun_plus",
      "anchor_ref_ocs_total": 0.16959145665168762,
      "anchor_rel_diff": 0.0
    },
    {
      "geom_id": "Hsp_v0",
      "pose_id": "B_R4",
      "label": "yaw1475_pitchp0125_roll+000",
      "role": "R4_robust",
      "group": "mandatory",
      "sun_offset": 7,
      "view_offset": 0,
      "yaw": 147.5,
      "pitch": 12.5,
      "roll": 0.0,
      "sun_dir": [
        0.985705691479985,
        0.0,
        0.16847637752505384
      ],
      "det_dir": [
        0.44543540318737396,
        -0.8908708063747479,
        0.0890870806374748
      ],
      "camera_exr_src": "REUSED_BASELINE",
      "sun_exr_src": "REUSED_26/G1_sun_plus",
      "status": "COMPLETE",
      "ocs_total": 0.17182572185993195,
      "ocs_metal": 0.16941724717617035,
      "ocs_dark": 0.0009204456000588834,
      "ocs_solar": 0.001488018431700766,
      "n_pixels_camera_visible": 5588,
      "n_pixels_contributing": 3264,
      "image_usable": true,
      "failed_reason": "",
      "anchor_26_geom": "G1_sun_plus",
      "anchor_ref_ocs_total": 0.17182572185993195,
      "anchor_rel_diff": 0.0
    },
    {
      "geom_id": "Hsp_v0",
      "pose_id": "C_R3",
      "label": "yaw055_pitch+060_roll+000",
      "role": "R3_negative",
      "group": "mandatory",
      "sun_offset": 7,
      "view_offset": 0,
      "yaw": 55.0,
      "pitch": 60.0,
      "roll": 0.0,
      "sun_dir": [
        0.985705691479985,
        0.0,
        0.16847637752505384
      ],
      "det_dir": [
        0.44543540318737396,
        -0.8908708063747479,
        0.0890870806374748
      ],
      "camera_exr_src": "REUSED_BASELINE",
      "sun_exr_src": "REUSED_26/G1_sun_plus",
      "status": "COMPLETE",
      "ocs_total": 0.1309957653284073,
      "ocs_metal": 0.12981338798999786,
      "ocs_dark": 0.0,
      "ocs_solar": 0.0011823863023892045,
      "n_pixels_camera_visible": 6327,
      "n_pixels_contributing": 4113,
      "image_usable": true,
      "failed_reason": "",
      "anchor_26_geom": "G1_sun_plus",
      "anchor_ref_ocs_total": 0.1309957653284073,
      "anchor_rel_diff": 0.0
    },
    {
      "geom_id": "Hsp_v0",
      "pose_id": "D1",
      "label": "yaw2450_pitchp0300_roll+015",
      "role": "top1_neighbor",
      "group": "top1_neighbor",
      "sun_offset": 7,
      "view_offset": 0,
      "yaw": 245.0,
      "pitch": 30.0,
      "roll": 15.0,
      "sun_dir": [
        0.985705691479985,
        0.0,
        0.16847637752505384
      ],
      "det_dir": [
        0.44543540318737396,
        -0.8908708063747479,
        0.0890870806374748
      ],
      "camera_exr_src": "REUSED_BASELINE",
      "sun_exr_src": "REUSED_26/G1_sun_plus",
      "status": "COMPLETE",
      "ocs_total": 0.17277131974697113,
      "ocs_metal": 0.16270652413368225,
      "ocs_dark": 0.008579903282225132,
      "ocs_solar": 0.0014849023427814245,
      "n_pixels_camera_visible": 6179,
      "n_pixels_contributing": 4172,
      "image_usable": true,
      "failed_reason": "",
      "anchor_26_geom": "G1_sun_plus",
      "anchor_ref_ocs_total": 0.17277131974697113,
      "anchor_rel_diff": 0.0
    },
    {
      "geom_id": "Hsp_v0",
      "pose_id": "D2",
      "label": "yaw2450_pitchp0325_roll+015",
      "role": "top1_neighbor",
      "group": "top1_neighbor",
      "sun_offset": 7,
      "view_offset": 0,
      "yaw": 245.0,
      "pitch": 32.5,
      "roll": 15.0,
      "sun_dir": [
        0.985705691479985,
        0.0,
        0.16847637752505384
      ],
      "det_dir": [
        0.44543540318737396,
        -0.8908708063747479,
        0.0890870806374748
      ],
      "camera_exr_src": "REUSED_BASELINE",
      "sun_exr_src": "REUSED_26/G1_sun_plus",
      "status": "COMPLETE",
      "ocs_total": 0.17613372206687927,
      "ocs_metal": 0.16597849130630493,
      "ocs_dark": 0.008647950366139412,
      "ocs_solar": 0.0015072738751769066,
      "n_pixels_camera_visible": 6204,
      "n_pixels_contributing": 4202,
      "image_usable": true,
      "failed_reason": "",
      "anchor_26_geom": "G1_sun_plus",
      "anchor_ref_ocs_total": 0.17613372206687927,
      "anchor_rel_diff": 0.0
    },
    {
      "geom_id": "Hsp_v0",
      "pose_id": "D3",
      "label": "yaw2475_pitchp0375_roll+015",
      "role": "top1_neighbor",
      "group": "top1_neighbor",
      "sun_offset": 7,
      "view_offset": 0,
      "yaw": 247.5,
      "pitch": 37.5,
      "roll": 15.0,
      "sun_dir": [
        0.985705691479985,
        0.0,
        0.16847637752505384
      ],
      "det_dir": [
        0.44543540318737396,
        -0.8908708063747479,
        0.0890870806374748
      ],
      "camera_exr_src": "REUSED_BASELINE",
      "sun_exr_src": "REUSED_26/G1_sun_plus",
      "status": "COMPLETE",
      "ocs_total": 0.18830133974552155,
      "ocs_metal": 0.17825859785079956,
      "ocs_dark": 0.0086557287722826,
      "ocs_solar": 0.0013870380353182554,
      "n_pixels_camera_visible": 6282,
      "n_pixels_contributing": 4147,
      "image_usable": true,
      "failed_reason": "",
      "anchor_26_geom": "G1_sun_plus",
      "anchor_ref_ocs_total": 0.18830133974552155,
      "anchor_rel_diff": 0.0
    },
    {
      "geom_id": "Hsp_v0",
      "pose_id": "D4",
      "label": "yaw2425_pitchp0225_roll+015",
      "role": "top1_neighbor",
      "group": "top1_neighbor",
      "sun_offset": 7,
      "view_offset": 0,
      "yaw": 242.5,
      "pitch": 22.5,
      "roll": 15.0,
      "sun_dir": [
        0.985705691479985,
        0.0,
        0.16847637752505384
      ],
      "det_dir": [
        0.44543540318737396,
        -0.8908708063747479,
        0.0890870806374748
      ],
      "camera_exr_src": "REUSED_BASELINE",
      "sun_exr_src": "REUSED_26/G1_sun_plus",
      "status": "COMPLETE",
      "ocs_total": 0.15599305927753448,
      "ocs_metal": 0.1458936631679535,
      "ocs_dark": 0.008561953902244568,
      "ocs_solar": 0.0015374493086710572,
      "n_pixels_camera_visible": 6033,
      "n_pixels_contributing": 4173,
      "image_usable": true,
      "failed_reason": "",
      "anchor_26_geom": "G1_sun_plus",
      "anchor_ref_ocs_total": 0.15599305927753448,
      "anchor_rel_diff": 0.0
    },
    {
      "geom_id": "Hsp_v0",
      "pose_id": "D5_roll125",
      "label": "yaw2450_pitchp0275_roll+0125",
      "role": "top1_neighbor_roll125",
      "group": "top1_neighbor",
      "sun_offset": 7,
      "view_offset": 0,
      "yaw": 245.0,
      "pitch": 27.5,
      "roll": 12.5,
      "sun_dir": [
        0.985705691479985,
        0.0,
        0.16847637752505384
      ],
      "det_dir": [
        0.44543540318737396,
        -0.8908708063747479,
        0.0890870806374748
      ],
      "camera_exr_src": "REUSED_BASELINE",
      "sun_exr_src": "REUSED_26/G1_sun_plus",
      "status": "COMPLETE",
      "ocs_total": 0.19528239965438843,
      "ocs_metal": 0.1848534345626831,
      "ocs_dark": 0.00875033251941204,
      "ocs_solar": 0.001678639673627913,
      "n_pixels_camera_visible": 6205,
      "n_pixels_contributing": 4142,
      "image_usable": true,
      "failed_reason": "",
      "anchor_26_geom": "G1_sun_plus",
      "anchor_ref_ocs_total": 0.19528239965438843,
      "anchor_rel_diff": 0.0
    },
    {
      "geom_id": "Hsp_v0",
      "pose_id": "D6_roll175",
      "label": "yaw2475_pitchp0300_roll+0175",
      "role": "top1_neighbor_roll175",
      "group": "top1_neighbor",
      "sun_offset": 7,
      "view_offset": 0,
      "yaw": 247.5,
      "pitch": 30.0,
      "roll": 17.5,
      "sun_dir": [
        0.985705691479985,
        0.0,
        0.16847637752505384
      ],
      "det_dir": [
        0.44543540318737396,
        -0.8908708063747479,
        0.0890870806374748
      ],
      "camera_exr_src": "REUSED_BASELINE",
      "sun_exr_src": "REUSED_26/G1_sun_plus",
      "status": "COMPLETE",
      "ocs_total": 0.13818776607513428,
      "ocs_metal": 0.12835629284381866,
      "ocs_dark": 0.008415876887738705,
      "ocs_solar": 0.0014155779499560595,
      "n_pixels_camera_visible": 6163,
      "n_pixels_contributing": 4094,
      "image_usable": true,
      "failed_reason": "",
      "anchor_26_geom": "G1_sun_plus",
      "anchor_ref_ocs_total": 0.13818776607513428,
      "anchor_rel_diff": 0.0
    },
    {
      "geom_id": "Hsp_v0",
      "pose_id": "E1_R4roll-15",
      "label": "yaw1475_pitchp0125_roll-015",
      "role": "R4_cluster_nsm1",
      "group": "R4_cluster",
      "sun_offset": 7,
      "view_offset": 0,
      "yaw": 147.5,
      "pitch": 12.5,
      "roll": -15.0,
      "sun_dir": [
        0.985705691479985,
        0.0,
        0.16847637752505384
      ],
      "det_dir": [
        0.44543540318737396,
        -0.8908708063747479,
        0.0890870806374748
      ],
      "camera_exr_src": "REUSED_BASELINE",
      "sun_exr_src": "REUSED_26/G1_sun_plus",
      "status": "COMPLETE",
      "ocs_total": 0.17247211933135986,
      "ocs_metal": 0.17010502517223358,
      "ocs_dark": 0.0009610463166609406,
      "ocs_solar": 0.001406058669090271,
      "n_pixels_camera_visible": 5530,
      "n_pixels_contributing": 2828,
      "image_usable": true,
      "failed_reason": "",
      "anchor_26_geom": "G1_sun_plus",
      "anchor_ref_ocs_total": 0.17247211933135986,
      "anchor_rel_diff": 0.0
    },
    {
      "geom_id": "Hsp_v0",
      "pose_id": "E2_R4roll+15",
      "label": "yaw1475_pitchp0125_roll+015",
      "role": "R4_cluster_nsm1",
      "group": "R4_cluster",
      "sun_offset": 7,
      "view_offset": 0,
      "yaw": 147.5,
      "pitch": 12.5,
      "roll": 15.0,
      "sun_dir": [
        0.985705691479985,
        0.0,
        0.16847637752505384
      ],
      "det_dir": [
        0.44543540318737396,
        -0.8908708063747479,
        0.0890870806374748
      ],
      "camera_exr_src": "REUSED_BASELINE",
      "sun_exr_src": "REUSED_26/G1_sun_plus",
      "status": "COMPLETE",
      "ocs_total": 0.16835258901119232,
      "ocs_metal": 0.16560237109661102,
      "ocs_dark": 0.0009656388428993523,
      "ocs_solar": 0.0017845883267000318,
      "n_pixels_camera_visible": 5607,
      "n_pixels_contributing": 2736,
      "image_usable": true,
      "failed_reason": "",
      "anchor_26_geom": "G1_sun_plus",
      "anchor_ref_ocs_total": 0.16835258901119232,
      "anchor_rel_diff": 0.0
    },
    {
      "geom_id": "Hsp_v0",
      "pose_id": "F1_edge",
      "label": "yaw2425_pitchp0275_roll+015",
      "role": "bright_edge_nsm0",
      "group": "bright_edge",
      "sun_offset": 7,
      "view_offset": 0,
      "yaw": 242.5,
      "pitch": 27.5,
      "roll": 15.0,
      "sun_dir": [
        0.985705691479985,
        0.0,
        0.16847637752505384
      ],
      "det_dir": [
        0.44543540318737396,
        -0.8908708063747479,
        0.0890870806374748
      ],
      "camera_exr_src": "REUSED_BASELINE",
      "sun_exr_src": "REUSED_26/G1_sun_plus",
      "status": "COMPLETE",
      "ocs_total": 0.15810108184814453,
      "ocs_metal": 0.14795781672000885,
      "ocs_dark": 0.008549454621970654,
      "ocs_solar": 0.0015938151627779007,
      "n_pixels_camera_visible": 6132,
      "n_pixels_contributing": 4266,
      "image_usable": true,
      "failed_reason": "",
      "anchor_26_geom": "G1_sun_plus",
      "anchor_ref_ocs_total": 0.15810108184814453,
      "anchor_rel_diff": 0.0
    },
    {
      "geom_id": "Hsp_v0",
      "pose_id": "F2_edge",
      "label": "yaw2475_pitchp0300_roll+015",
      "role": "bright_edge_nsm0",
      "group": "bright_edge",
      "sun_offset": 7,
      "view_offset": 0,
      "yaw": 247.5,
      "pitch": 30.0,
      "roll": 15.0,
      "sun_dir": [
        0.985705691479985,
        0.0,
        0.16847637752505384
      ],
      "det_dir": [
        0.44543540318737396,
        -0.8908708063747479,
        0.0890870806374748
      ],
      "camera_exr_src": "REUSED_BASELINE",
      "sun_exr_src": "REUSED_26/G1_sun_plus",
      "status": "COMPLETE",
      "ocs_total": 0.16854442656040192,
      "ocs_metal": 0.15856733918190002,
      "ocs_dark": 0.00859938282519579,
      "ocs_solar": 0.0013776776613667607,
      "n_pixels_camera_visible": 6192,
      "n_pixels_contributing": 4064,
      "image_usable": true,
      "failed_reason": "",
      "anchor_26_geom": "G1_sun_plus",
      "anchor_ref_ocs_total": 0.16854442656040192,
      "anchor_rel_diff": 0.0
    },
    {
      "geom_id": "Hsp_v0",
      "pose_id": "F3_edge",
      "label": "yaw240_pitch+015_roll+015",
      "role": "bright_edge_nsm0",
      "group": "bright_edge",
      "sun_offset": 7,
      "view_offset": 0,
      "yaw": 240.0,
      "pitch": 15.0,
      "roll": 15.0,
      "sun_dir": [
        0.985705691479985,
        0.0,
        0.16847637752505384
      ],
      "det_dir": [
        0.44543540318737396,
        -0.8908708063747479,
        0.0890870806374748
      ],
      "camera_exr_src": "REUSED_BASELINE",
      "sun_exr_src": "REUSED_26/G1_sun_plus",
      "status": "COMPLETE",
      "ocs_total": 0.14275877177715302,
      "ocs_metal": 0.13277485966682434,
      "ocs_dark": 0.008485117927193642,
      "ocs_solar": 0.001498796627856791,
      "n_pixels_camera_visible": 5780,
      "n_pixels_contributing": 4183,
      "image_usable": true,
      "failed_reason": "",
      "anchor_26_geom": "G1_sun_plus",
      "anchor_ref_ocs_total": 0.14275877177715302,
      "anchor_rel_diff": 0.0
    },
    {
      "geom_id": "Hsm_v0",
      "pose_id": "A_top1",
      "label": "yaw2450_pitchp0275_roll+015",
      "role": "top1",
      "group": "mandatory",
      "sun_offset": -7,
      "view_offset": 0,
      "yaw": 245.0,
      "pitch": 27.5,
      "roll": 15.0,
      "sun_dir": [
        0.915667895194329,
        0.0,
        0.4019356984772403
      ],
      "det_dir": [
        0.44543540318737396,
        -0.8908708063747479,
        0.0890870806374748
      ],
      "camera_exr_src": "REUSED_BASELINE",
      "sun_exr_src": "REUSED_26/G2_sun_minus",
      "status": "COMPLETE",
      "ocs_total": 0.18072150647640228,
      "ocs_metal": 0.17055000364780426,
      "ocs_dark": 0.00861126184463501,
      "ocs_solar": 0.0015602490166202188,
      "n_pixels_camera_visible": 6157,
      "n_pixels_contributing": 4125,
      "image_usable": true,
      "failed_reason": "",
      "anchor_26_geom": "G2_sun_minus",
      "anchor_ref_ocs_total": 0.18072150647640228,
      "anchor_rel_diff": 0.0
    },
    {
      "geom_id": "Hsm_v0",
      "pose_id": "B_R4",
      "label": "yaw1475_pitchp0125_roll+000",
      "role": "R4_robust",
      "group": "mandatory",
      "sun_offset": -7,
      "view_offset": 0,
      "yaw": 147.5,
      "pitch": 12.5,
      "roll": 0.0,
      "sun_dir": [
        0.915667895194329,
        0.0,
        0.4019356984772403
      ],
      "det_dir": [
        0.44543540318737396,
        -0.8908708063747479,
        0.0890870806374748
      ],
      "camera_exr_src": "REUSED_BASELINE",
      "sun_exr_src": "REUSED_26/G2_sun_minus",
      "status": "COMPLETE",
      "ocs_total": 0.163129061460495,
      "ocs_metal": 0.16079971194267273,
      "ocs_dark": 0.0009081262978725135,
      "ocs_solar": 0.0014212357345968485,
      "n_pixels_camera_visible": 5588,
      "n_pixels_contributing": 2824,
      "image_usable": true,
      "failed_reason": "",
      "anchor_26_geom": "G2_sun_minus",
      "anchor_ref_ocs_total": 0.163129061460495,
      "anchor_rel_diff": 0.0
    },
    {
      "geom_id": "Hsm_v0",
      "pose_id": "C_R3",
      "label": "yaw055_pitch+060_roll+000",
      "role": "R3_negative",
      "group": "mandatory",
      "sun_offset": -7,
      "view_offset": 0,
      "yaw": 55.0,
      "pitch": 60.0,
      "roll": 0.0,
      "sun_dir": [
        0.915667895194329,
        0.0,
        0.4019356984772403
      ],
      "det_dir": [
        0.44543540318737396,
        -0.8908708063747479,
        0.0890870806374748
      ],
      "camera_exr_src": "REUSED_BASELINE",
      "sun_exr_src": "REUSED_26/G2_sun_minus",
      "status": "COMPLETE",
      "ocs_total": 0.03953714668750763,
      "ocs_metal": 0.038712698966264725,
      "ocs_dark": 0.0,
      "ocs_solar": 0.0008244502241723239,
      "n_pixels_camera_visible": 6327,
      "n_pixels_contributing": 4877,
      "image_usable": true,
      "failed_reason": "",
      "anchor_26_geom": "G2_sun_minus",
      "anchor_ref_ocs_total": 0.03953714668750763,
      "anchor_rel_diff": 0.0
    },
    {
      "geom_id": "Hsm_v0",
      "pose_id": "D1",
      "label": "yaw2450_pitchp0300_roll+015",
      "role": "top1_neighbor",
      "group": "top1_neighbor",
      "sun_offset": -7,
      "view_offset": 0,
      "yaw": 245.0,
      "pitch": 30.0,
      "roll": 15.0,
      "sun_dir": [
        0.915667895194329,
        0.0,
        0.4019356984772403
      ],
      "det_dir": [
        0.44543540318737396,
        -0.8908708063747479,
        0.0890870806374748
      ],
      "camera_exr_src": "REUSED_BASELINE",
      "sun_exr_src": "REUSED_26/G2_sun_minus",
      "status": "COMPLETE",
      "ocs_total": 0.1766311228275299,
      "ocs_metal": 0.1665962040424347,
      "ocs_dark": 0.00854815635830164,
      "ocs_solar": 0.001486768713220954,
      "n_pixels_camera_visible": 6179,
      "n_pixels_contributing": 4148,
      "image_usable": true,
      "failed_reason": "",
      "anchor_26_geom": "G2_sun_minus",
      "anchor_ref_ocs_total": 0.1766311228275299,
      "anchor_rel_diff": 0.0
    },
    {
      "geom_id": "Hsm_v0",
      "pose_id": "D2",
      "label": "yaw2450_pitchp0325_roll+015",
      "role": "top1_neighbor",
      "group": "top1_neighbor",
      "sun_offset": -7,
      "view_offset": 0,
      "yaw": 245.0,
      "pitch": 32.5,
      "roll": 15.0,
      "sun_dir": [
        0.915667895194329,
        0.0,
        0.4019356984772403
      ],
      "det_dir": [
        0.44543540318737396,
        -0.8908708063747479,
        0.0890870806374748
      ],
      "camera_exr_src": "REUSED_BASELINE",
      "sun_exr_src": "REUSED_26/G2_sun_minus",
      "status": "COMPLETE",
      "ocs_total": 0.17271974682807922,
      "ocs_metal": 0.16264578700065613,
      "ocs_dark": 0.008580749854445457,
      "ocs_solar": 0.0014932152116671205,
      "n_pixels_camera_visible": 6204,
      "n_pixels_contributing": 4177,
      "image_usable": true,
      "failed_reason": "",
      "anchor_26_geom": "G2_sun_minus",
      "anchor_ref_ocs_total": 0.17271974682807922,
      "anchor_rel_diff": 0.0
    },
    {
      "geom_id": "Hsm_v0",
      "pose_id": "D3",
      "label": "yaw2475_pitchp0375_roll+015",
      "role": "top1_neighbor",
      "group": "top1_neighbor",
      "sun_offset": -7,
      "view_offset": 0,
      "yaw": 247.5,
      "pitch": 37.5,
      "roll": 15.0,
      "sun_dir": [
        0.915667895194329,
        0.0,
        0.4019356984772403
      ],
      "det_dir": [
        0.44543540318737396,
        -0.8908708063747479,
        0.0890870806374748
      ],
      "camera_exr_src": "REUSED_BASELINE",
      "sun_exr_src": "REUSED_26/G2_sun_minus",
      "status": "COMPLETE",
      "ocs_total": 0.15753455460071564,
      "ocs_metal": 0.14775031805038452,
      "ocs_dark": 0.008458811789751053,
      "ocs_solar": 0.0013254234800115228,
      "n_pixels_camera_visible": 6282,
      "n_pixels_contributing": 4131,
      "image_usable": true,
      "failed_reason": "",
      "anchor_26_geom": "G2_sun_minus",
      "anchor_ref_ocs_total": 0.15753455460071564,
      "anchor_rel_diff": 0.0
    },
    {
      "geom_id": "Hsm_v0",
      "pose_id": "D4",
      "label": "yaw2425_pitchp0225_roll+015",
      "role": "top1_neighbor",
      "group": "top1_neighbor",
      "sun_offset": -7,
      "view_offset": 0,
      "yaw": 242.5,
      "pitch": 22.5,
      "roll": 15.0,
      "sun_dir": [
        0.915667895194329,
        0.0,
        0.4019356984772403
      ],
      "det_dir": [
        0.44543540318737396,
        -0.8908708063747479,
        0.0890870806374748
      ],
      "camera_exr_src": "REUSED_BASELINE",
      "sun_exr_src": "REUSED_26/G2_sun_minus",
      "status": "COMPLETE",
      "ocs_total": 0.18842081725597382,
      "ocs_metal": 0.17815831303596497,
      "ocs_dark": 0.008664174936711788,
      "ocs_solar": 0.0015983283519744873,
      "n_pixels_camera_visible": 6033,
      "n_pixels_contributing": 4150,
      "image_usable": true,
      "failed_reason": "",
      "anchor_26_geom": "G2_sun_minus",
      "anchor_ref_ocs_total": 0.18842081725597382,
      "anchor_rel_diff": 0.0
    },
    {
      "geom_id": "Hsm_v0",
      "pose_id": "D5_roll125",
      "label": "yaw2450_pitchp0275_roll+0125",
      "role": "top1_neighbor_roll125",
      "group": "top1_neighbor",
      "sun_offset": -7,
      "view_offset": 0,
      "yaw": 245.0,
      "pitch": 27.5,
      "roll": 12.5,
      "sun_dir": [
        0.915667895194329,
        0.0,
        0.4019356984772403
      ],
      "det_dir": [
        0.44543540318737396,
        -0.8908708063747479,
        0.0890870806374748
      ],
      "camera_exr_src": "REUSED_BASELINE",
      "sun_exr_src": "REUSED_26/G2_sun_minus",
      "status": "COMPLETE",
      "ocs_total": 0.14114068448543549,
      "ocs_metal": 0.1311608850955963,
      "ocs_dark": 0.008430816233158112,
      "ocs_solar": 0.0015489950310438871,
      "n_pixels_camera_visible": 6205,
      "n_pixels_contributing": 4119,
      "image_usable": true,
      "failed_reason": "",
      "anchor_26_geom": "G2_sun_minus",
      "anchor_ref_ocs_total": 0.14114068448543549,
      "anchor_rel_diff": 0.0
    },
    {
      "geom_id": "Hsm_v0",
      "pose_id": "D6_roll175",
      "label": "yaw2475_pitchp0300_roll+0175",
      "role": "top1_neighbor_roll175",
      "group": "top1_neighbor",
      "sun_offset": -7,
      "view_offset": 0,
      "yaw": 247.5,
      "pitch": 30.0,
      "roll": 17.5,
      "sun_dir": [
        0.915667895194329,
        0.0,
        0.4019356984772403
      ],
      "det_dir": [
        0.44543540318737396,
        -0.8908708063747479,
        0.0890870806374748
      ],
      "camera_exr_src": "REUSED_BASELINE",
      "sun_exr_src": "REUSED_26/G2_sun_minus",
      "status": "COMPLETE",
      "ocs_total": 0.19493061304092407,
      "ocs_metal": 0.18475785851478577,
      "ocs_dark": 0.008646395988762379,
      "ocs_solar": 0.0015263562090694904,
      "n_pixels_camera_visible": 6163,
      "n_pixels_contributing": 4076,
      "image_usable": true,
      "failed_reason": "",
      "anchor_26_geom": "G2_sun_minus",
      "anchor_ref_ocs_total": 0.19493061304092407,
      "anchor_rel_diff": 0.0
    },
    {
      "geom_id": "Hsm_v0",
      "pose_id": "E1_R4roll-15",
      "label": "yaw1475_pitchp0125_roll-015",
      "role": "R4_cluster_nsm1",
      "group": "R4_cluster",
      "sun_offset": -7,
      "view_offset": 0,
      "yaw": 147.5,
      "pitch": 12.5,
      "roll": -15.0,
      "sun_dir": [
        0.915667895194329,
        0.0,
        0.4019356984772403
      ],
      "det_dir": [
        0.44543540318737396,
        -0.8908708063747479,
        0.0890870806374748
      ],
      "camera_exr_src": "REUSED_BASELINE",
      "sun_exr_src": "REUSED_26/G2_sun_minus",
      "status": "COMPLETE",
      "ocs_total": 0.1640557199716568,
      "ocs_metal": 0.1616245061159134,
      "ocs_dark": 0.0009512850665487349,
      "ocs_solar": 0.0014799460768699646,
      "n_pixels_camera_visible": 5530,
      "n_pixels_contributing": 3054,
      "image_usable": true,
      "failed_reason": "",
      "anchor_26_geom": "G2_sun_minus",
      "anchor_ref_ocs_total": 0.1640557199716568,
      "anchor_rel_diff": 0.0
    },
    {
      "geom_id": "Hsm_v0",
      "pose_id": "E2_R4roll+15",
      "label": "yaw1475_pitchp0125_roll+015",
      "role": "R4_cluster_nsm1",
      "group": "R4_cluster",
      "sun_offset": -7,
      "view_offset": 0,
      "yaw": 147.5,
      "pitch": 12.5,
      "roll": 15.0,
      "sun_dir": [
        0.915667895194329,
        0.0,
        0.4019356984772403
      ],
      "det_dir": [
        0.44543540318737396,
        -0.8908708063747479,
        0.0890870806374748
      ],
      "camera_exr_src": "REUSED_BASELINE",
      "sun_exr_src": "REUSED_26/G2_sun_minus",
      "status": "COMPLETE",
      "ocs_total": 0.1600990891456604,
      "ocs_metal": 0.15738776326179504,
      "ocs_dark": 0.0009556607692502439,
      "ocs_solar": 0.0017556491075083613,
      "n_pixels_camera_visible": 5607,
      "n_pixels_contributing": 2751,
      "image_usable": true,
      "failed_reason": "",
      "anchor_26_geom": "G2_sun_minus",
      "anchor_ref_ocs_total": 0.1600990891456604,
      "anchor_rel_diff": 0.0
    },
    {
      "geom_id": "Hsm_v0",
      "pose_id": "F1_edge",
      "label": "yaw2425_pitchp0275_roll+015",
      "role": "bright_edge_nsm0",
      "group": "bright_edge",
      "sun_offset": -7,
      "view_offset": 0,
      "yaw": 242.5,
      "pitch": 27.5,
      "roll": 15.0,
      "sun_dir": [
        0.915667895194329,
        0.0,
        0.4019356984772403
      ],
      "det_dir": [
        0.44543540318737396,
        -0.8908708063747479,
        0.0890870806374748
      ],
      "camera_exr_src": "REUSED_BASELINE",
      "sun_exr_src": "REUSED_26/G2_sun_minus",
      "status": "COMPLETE",
      "ocs_total": 0.17901891469955444,
      "ocs_metal": 0.168784961104393,
      "ocs_dark": 0.008600438013672829,
      "ocs_solar": 0.0016335095278918743,
      "n_pixels_camera_visible": 6132,
      "n_pixels_contributing": 4227,
      "image_usable": true,
      "failed_reason": "",
      "anchor_26_geom": "G2_sun_minus",
      "anchor_ref_ocs_total": 0.17901891469955444,
      "anchor_rel_diff": 0.0
    },
    {
      "geom_id": "Hsm_v0",
      "pose_id": "F2_edge",
      "label": "yaw2475_pitchp0300_roll+015",
      "role": "bright_edge_nsm0",
      "group": "bright_edge",
      "sun_offset": -7,
      "view_offset": 0,
      "yaw": 247.5,
      "pitch": 30.0,
      "roll": 15.0,
      "sun_dir": [
        0.915667895194329,
        0.0,
        0.4019356984772403
      ],
      "det_dir": [
        0.44543540318737396,
        -0.8908708063747479,
        0.0890870806374748
      ],
      "camera_exr_src": "REUSED_BASELINE",
      "sun_exr_src": "REUSED_26/G2_sun_minus",
      "status": "COMPLETE",
      "ocs_total": 0.16262882947921753,
      "ocs_metal": 0.1527487188577652,
      "ocs_dark": 0.008519630879163742,
      "ocs_solar": 0.001360482070595026,
      "n_pixels_camera_visible": 6192,
      "n_pixels_contributing": 4044,
      "image_usable": true,
      "failed_reason": "",
      "anchor_26_geom": "G2_sun_minus",
      "anchor_ref_ocs_total": 0.16262882947921753,
      "anchor_rel_diff": 0.0
    },
    {
      "geom_id": "Hsm_v0",
      "pose_id": "F3_edge",
      "label": "yaw240_pitch+015_roll+015",
      "role": "bright_edge_nsm0",
      "group": "bright_edge",
      "sun_offset": -7,
      "view_offset": 0,
      "yaw": 240.0,
      "pitch": 15.0,
      "roll": 15.0,
      "sun_dir": [
        0.915667895194329,
        0.0,
        0.4019356984772403
      ],
      "det_dir": [
        0.44543540318737396,
        -0.8908708063747479,
        0.0890870806374748
      ],
      "camera_exr_src": "REUSED_BASELINE",
      "sun_exr_src": "REUSED_26/G2_sun_minus",
      "status": "COMPLETE",
      "ocs_total": 0.1944742351770401,
      "ocs_metal": 0.18417291343212128,
      "ocs_dark": 0.008686578832566738,
      "ocs_solar": 0.0016147627029567957,
      "n_pixels_camera_visible": 5780,
      "n_pixels_contributing": 4218,
      "image_usable": true,
      "failed_reason": "",
      "anchor_26_geom": "G2_sun_minus",
      "anchor_ref_ocs_total": 0.1944742351770401,
      "anchor_rel_diff": 0.0
    },
    {
      "geom_id": "Hs0_vp",
      "pose_id": "A_top1",
      "label": "yaw2450_pitchp0275_roll+015",
      "role": "top1",
      "group": "mandatory",
      "sun_offset": 0,
      "view_offset": 7,
      "yaw": 245.0,
      "pitch": 27.5,
      "roll": 15.0,
      "sun_dir": [
        0.9578262852211513,
        0.0,
        0.2873478855663454
      ],
      "det_dir": [
        0.437259804377141,
        -0.874519608754282,
        0.20980781057987746
      ],
      "camera_exr_src": "REUSED_26/G3_view_plus",
      "sun_exr_src": "REUSED_BASELINE",
      "status": "COMPLETE",
      "ocs_total": 0.1875115931034088,
      "ocs_metal": 0.1772422194480896,
      "ocs_dark": 0.008827890269458294,
      "ocs_solar": 0.0014414817560464144,
      "n_pixels_camera_visible": 6266,
      "n_pixels_contributing": 4231,
      "image_usable": true,
      "failed_reason": "",
      "anchor_26_geom": "G3_view_plus",
      "anchor_ref_ocs_total": 0.1875115931034088,
      "anchor_rel_diff": 0.0
    },
    {
      "geom_id": "Hs0_vp",
      "pose_id": "B_R4",
      "label": "yaw1475_pitchp0125_roll+000",
      "role": "R4_robust",
      "group": "mandatory",
      "sun_offset": 0,
      "view_offset": 7,
      "yaw": 147.5,
      "pitch": 12.5,
      "roll": 0.0,
      "sun_dir": [
        0.9578262852211513,
        0.0,
        0.2873478855663454
      ],
      "det_dir": [
        0.437259804377141,
        -0.874519608754282,
        0.20980781057987746
      ],
      "camera_exr_src": "REUSED_26/G3_view_plus",
      "sun_exr_src": "REUSED_BASELINE",
      "status": "COMPLETE",
      "ocs_total": 0.1689455658197403,
      "ocs_metal": 0.16650128364562988,
      "ocs_dark": 0.0009527914808131754,
      "ocs_solar": 0.001491502858698368,
      "n_pixels_camera_visible": 5441,
      "n_pixels_contributing": 3091,
      "image_usable": true,
      "failed_reason": "",
      "anchor_26_geom": "G3_view_plus",
      "anchor_ref_ocs_total": 0.1689455658197403,
      "anchor_rel_diff": 0.0
    },
    {
      "geom_id": "Hs0_vp",
      "pose_id": "C_R3",
      "label": "yaw055_pitch+060_roll+000",
      "role": "R3_negative",
      "group": "mandatory",
      "sun_offset": 0,
      "view_offset": 7,
      "yaw": 55.0,
      "pitch": 60.0,
      "roll": 0.0,
      "sun_dir": [
        0.9578262852211513,
        0.0,
        0.2873478855663454
      ],
      "det_dir": [
        0.437259804377141,
        -0.874519608754282,
        0.20980781057987746
      ],
      "camera_exr_src": "REUSED_26/G3_view_plus",
      "sun_exr_src": "REUSED_BASELINE",
      "status": "COMPLETE",
      "ocs_total": 0.03979351371526718,
      "ocs_metal": 0.03887146711349487,
      "ocs_dark": 0.0,
      "ocs_solar": 0.0009220456704497337,
      "n_pixels_camera_visible": 6330,
      "n_pixels_contributing": 4096,
      "image_usable": true,
      "failed_reason": "",
      "anchor_26_geom": "G3_view_plus",
      "anchor_ref_ocs_total": 0.03979351371526718,
      "anchor_rel_diff": 0.0
    },
    {
      "geom_id": "Hs0_vp",
      "pose_id": "D1",
      "label": "yaw2450_pitchp0300_roll+015",
      "role": "top1_neighbor",
      "group": "top1_neighbor",
      "sun_offset": 0,
      "view_offset": 7,
      "yaw": 245.0,
      "pitch": 30.0,
      "roll": 15.0,
      "sun_dir": [
        0.9578262852211513,
        0.0,
        0.2873478855663454
      ],
      "det_dir": [
        0.437259804377141,
        -0.874519608754282,
        0.20980781057987746
      ],
      "camera_exr_src": "REUSED_26/G3_view_plus",
      "sun_exr_src": "REUSED_BASELINE",
      "status": "COMPLETE",
      "ocs_total": 0.18114528059959412,
      "ocs_metal": 0.17079457640647888,
      "ocs_dark": 0.008828718215227127,
      "ocs_solar": 0.00152199761942029,
      "n_pixels_camera_visible": 6292,
      "n_pixels_contributing": 4242,
      "image_usable": true,
      "failed_reason": "",
      "anchor_26_geom": "G3_view_plus",
      "anchor_ref_ocs_total": 0.18114528059959412,
      "anchor_rel_diff": 0.0
    },
    {
      "geom_id": "Hs0_vp",
      "pose_id": "D2",
      "label": "yaw2450_pitchp0325_roll+015",
      "role": "top1_neighbor",
      "group": "top1_neighbor",
      "sun_offset": 0,
      "view_offset": 7,
      "yaw": 245.0,
      "pitch": 32.5,
      "roll": 15.0,
      "sun_dir": [
        0.9578262852211513,
        0.0,
        0.2873478855663454
      ],
      "det_dir": [
        0.437259804377141,
        -0.874519608754282,
        0.20980781057987746
      ],
      "camera_exr_src": "REUSED_26/G3_view_plus",
      "sun_exr_src": "REUSED_BASELINE",
      "status": "COMPLETE",
      "ocs_total": 0.17550508677959442,
      "ocs_metal": 0.16506019234657288,
      "ocs_dark": 0.00882857758551836,
      "ocs_solar": 0.001616308349184692,
      "n_pixels_camera_visible": 6298,
      "n_pixels_contributing": 4283,
      "image_usable": true,
      "failed_reason": "",
      "anchor_26_geom": "G3_view_plus",
      "anchor_ref_ocs_total": 0.17550508677959442,
      "anchor_rel_diff": 0.0
    },
    {
      "geom_id": "Hs0_vp",
      "pose_id": "D3",
      "label": "yaw2475_pitchp0375_roll+015",
      "role": "top1_neighbor",
      "group": "top1_neighbor",
      "sun_offset": 0,
      "view_offset": 7,
      "yaw": 247.5,
      "pitch": 37.5,
      "roll": 15.0,
      "sun_dir": [
        0.9578262852211513,
        0.0,
        0.2873478855663454
      ],
      "det_dir": [
        0.437259804377141,
        -0.874519608754282,
        0.20980781057987746
      ],
      "camera_exr_src": "REUSED_26/G3_view_plus",
      "sun_exr_src": "REUSED_BASELINE",
      "status": "COMPLETE",
      "ocs_total": 0.1644652634859085,
      "ocs_metal": 0.15425798296928406,
      "ocs_dark": 0.008762517012655735,
      "ocs_solar": 0.0014447603607550263,
      "n_pixels_camera_visible": 6357,
      "n_pixels_contributing": 4203,
      "image_usable": true,
      "failed_reason": "",
      "anchor_26_geom": "G3_view_plus",
      "anchor_ref_ocs_total": 0.1644652634859085,
      "anchor_rel_diff": 0.0
    },
    {
      "geom_id": "Hs0_vp",
      "pose_id": "D4",
      "label": "yaw2425_pitchp0225_roll+015",
      "role": "top1_neighbor",
      "group": "top1_neighbor",
      "sun_offset": 0,
      "view_offset": 7,
      "yaw": 242.5,
      "pitch": 22.5,
      "roll": 15.0,
      "sun_dir": [
        0.9578262852211513,
        0.0,
        0.2873478855663454
      ],
      "det_dir": [
        0.437259804377141,
        -0.874519608754282,
        0.20980781057987746
      ],
      "camera_exr_src": "REUSED_26/G3_view_plus",
      "sun_exr_src": "REUSED_BASELINE",
      "status": "COMPLETE",
      "ocs_total": 0.190316304564476,
      "ocs_metal": 0.179881751537323,
      "ocs_dark": 0.008847838267683983,
      "ocs_solar": 0.0015867020701989532,
      "n_pixels_camera_visible": 6200,
      "n_pixels_contributing": 4240,
      "image_usable": true,
      "failed_reason": "",
      "anchor_26_geom": "G3_view_plus",
      "anchor_ref_ocs_total": 0.190316304564476,
      "anchor_rel_diff": 0.0
    },
    {
      "geom_id": "Hs0_vp",
      "pose_id": "D5_roll125",
      "label": "yaw2450_pitchp0275_roll+0125",
      "role": "top1_neighbor_roll125",
      "group": "top1_neighbor",
      "sun_offset": 0,
      "view_offset": 7,
      "yaw": 245.0,
      "pitch": 27.5,
      "roll": 12.5,
      "sun_dir": [
        0.9578262852211513,
        0.0,
        0.2873478855663454
      ],
      "det_dir": [
        0.437259804377141,
        -0.874519608754282,
        0.20980781057987746
      ],
      "camera_exr_src": "REUSED_26/G3_view_plus",
      "sun_exr_src": "REUSED_BASELINE",
      "status": "COMPLETE",
      "ocs_total": 0.14897216856479645,
      "ocs_metal": 0.1388968527317047,
      "ocs_dark": 0.008629058487713337,
      "ocs_solar": 0.0014462583931162953,
      "n_pixels_camera_visible": 6307,
      "n_pixels_contributing": 4158,
      "image_usable": true,
      "failed_reason": "",
      "anchor_26_geom": "G3_view_plus",
      "anchor_ref_ocs_total": 0.14897216856479645,
      "anchor_rel_diff": 0.0
    },
    {
      "geom_id": "Hs0_vp",
      "pose_id": "D6_roll175",
      "label": "yaw2475_pitchp0300_roll+0175",
      "role": "top1_neighbor_roll175",
      "group": "top1_neighbor",
      "sun_offset": 0,
      "view_offset": 7,
      "yaw": 247.5,
      "pitch": 30.0,
      "roll": 17.5,
      "sun_dir": [
        0.9578262852211513,
        0.0,
        0.2873478855663454
      ],
      "det_dir": [
        0.437259804377141,
        -0.874519608754282,
        0.20980781057987746
      ],
      "camera_exr_src": "REUSED_26/G3_view_plus",
      "sun_exr_src": "REUSED_BASELINE",
      "status": "COMPLETE",
      "ocs_total": 0.20491532981395721,
      "ocs_metal": 0.19438377022743225,
      "ocs_dark": 0.008948183618485928,
      "ocs_solar": 0.001583354314789176,
      "n_pixels_camera_visible": 6272,
      "n_pixels_contributing": 4205,
      "image_usable": true,
      "failed_reason": "",
      "anchor_26_geom": "G3_view_plus",
      "anchor_ref_ocs_total": 0.20491532981395721,
      "anchor_rel_diff": 0.0
    },
    {
      "geom_id": "Hs0_vp",
      "pose_id": "E1_R4roll-15",
      "label": "yaw1475_pitchp0125_roll-015",
      "role": "R4_cluster_nsm1",
      "group": "R4_cluster",
      "sun_offset": 0,
      "view_offset": 7,
      "yaw": 147.5,
      "pitch": 12.5,
      "roll": -15.0,
      "sun_dir": [
        0.9578262852211513,
        0.0,
        0.2873478855663454
      ],
      "det_dir": [
        0.437259804377141,
        -0.874519608754282,
        0.20980781057987746
      ],
      "camera_exr_src": "REUSED_26/G3_view_plus",
      "sun_exr_src": "REUSED_BASELINE",
      "status": "COMPLETE",
      "ocs_total": 0.16874389350414276,
      "ocs_metal": 0.1665225476026535,
      "ocs_dark": 0.0009616723982617259,
      "ocs_solar": 0.001259670127183199,
      "n_pixels_camera_visible": 5660,
      "n_pixels_contributing": 2887,
      "image_usable": true,
      "failed_reason": "",
      "anchor_26_geom": "G3_view_plus",
      "anchor_ref_ocs_total": 0.16874389350414276,
      "anchor_rel_diff": 0.0
    },
    {
      "geom_id": "Hs0_vp",
      "pose_id": "E2_R4roll+15",
      "label": "yaw1475_pitchp0125_roll+015",
      "role": "R4_cluster_nsm1",
      "group": "R4_cluster",
      "sun_offset": 0,
      "view_offset": 7,
      "yaw": 147.5,
      "pitch": 12.5,
      "roll": 15.0,
      "sun_dir": [
        0.9578262852211513,
        0.0,
        0.2873478855663454
      ],
      "det_dir": [
        0.437259804377141,
        -0.874519608754282,
        0.20980781057987746
      ],
      "camera_exr_src": "REUSED_26/G3_view_plus",
      "sun_exr_src": "REUSED_BASELINE",
      "status": "COMPLETE",
      "ocs_total": 0.1665172576904297,
      "ocs_metal": 0.16399815678596497,
      "ocs_dark": 0.0009735618950799108,
      "ocs_solar": 0.0015455264365300536,
      "n_pixels_camera_visible": 5538,
      "n_pixels_contributing": 2876,
      "image_usable": true,
      "failed_reason": "",
      "anchor_26_geom": "G3_view_plus",
      "anchor_ref_ocs_total": 0.1665172576904297,
      "anchor_rel_diff": 0.0
    },
    {
      "geom_id": "Hs0_vp",
      "pose_id": "F1_edge",
      "label": "yaw2425_pitchp0275_roll+015",
      "role": "bright_edge_nsm0",
      "group": "bright_edge",
      "sun_offset": 0,
      "view_offset": 7,
      "yaw": 242.5,
      "pitch": 27.5,
      "roll": 15.0,
      "sun_dir": [
        0.9578262852211513,
        0.0,
        0.2873478855663454
      ],
      "det_dir": [
        0.437259804377141,
        -0.874519608754282,
        0.20980781057987746
      ],
      "camera_exr_src": "REUSED_26/G3_view_plus",
      "sun_exr_src": "REUSED_BASELINE",
      "status": "COMPLETE",
      "ocs_total": 0.17654801905155182,
      "ocs_metal": 0.16630905866622925,
      "ocs_dark": 0.00877518579363823,
      "ocs_solar": 0.0014637613203376532,
      "n_pixels_camera_visible": 6218,
      "n_pixels_contributing": 4303,
      "image_usable": true,
      "failed_reason": "",
      "anchor_26_geom": "G3_view_plus",
      "anchor_ref_ocs_total": 0.17654801905155182,
      "anchor_rel_diff": 0.0
    },
    {
      "geom_id": "Hs0_vp",
      "pose_id": "F2_edge",
      "label": "yaw2475_pitchp0300_roll+015",
      "role": "bright_edge_nsm0",
      "group": "bright_edge",
      "sun_offset": 0,
      "view_offset": 7,
      "yaw": 247.5,
      "pitch": 30.0,
      "roll": 15.0,
      "sun_dir": [
        0.9578262852211513,
        0.0,
        0.2873478855663454
      ],
      "det_dir": [
        0.437259804377141,
        -0.874519608754282,
        0.20980781057987746
      ],
      "camera_exr_src": "REUSED_26/G3_view_plus",
      "sun_exr_src": "REUSED_BASELINE",
      "status": "COMPLETE",
      "ocs_total": 0.17492923140525818,
      "ocs_metal": 0.1648426353931427,
      "ocs_dark": 0.008715769276022911,
      "ocs_solar": 0.0013708114856854081,
      "n_pixels_camera_visible": 6327,
      "n_pixels_contributing": 4109,
      "image_usable": true,
      "failed_reason": "",
      "anchor_26_geom": "G3_view_plus",
      "anchor_ref_ocs_total": 0.17492923140525818,
      "anchor_rel_diff": 0.0
    },
    {
      "geom_id": "Hs0_vp",
      "pose_id": "F3_edge",
      "label": "yaw240_pitch+015_roll+015",
      "role": "bright_edge_nsm0",
      "group": "bright_edge",
      "sun_offset": 0,
      "view_offset": 7,
      "yaw": 240.0,
      "pitch": 15.0,
      "roll": 15.0,
      "sun_dir": [
        0.9578262852211513,
        0.0,
        0.2873478855663454
      ],
      "det_dir": [
        0.437259804377141,
        -0.874519608754282,
        0.20980781057987746
      ],
      "camera_exr_src": "REUSED_26/G3_view_plus",
      "sun_exr_src": "REUSED_BASELINE",
      "status": "COMPLETE",
      "ocs_total": 0.1950487643480301,
      "ocs_metal": 0.18471230566501617,
      "ocs_dark": 0.00887040514498949,
      "ocs_solar": 0.0014660642482340336,
      "n_pixels_camera_visible": 6103,
      "n_pixels_contributing": 4266,
      "image_usable": true,
      "failed_reason": "",
      "anchor_26_geom": "G3_view_plus",
      "anchor_ref_ocs_total": 0.1950487643480301,
      "anchor_rel_diff": 0.0
    },
    {
      "geom_id": "Hs0_vm",
      "pose_id": "A_top1",
      "label": "yaw2450_pitchp0275_roll+015",
      "role": "top1",
      "group": "mandatory",
      "sun_offset": 0,
      "view_offset": -7,
      "yaw": 245.0,
      "pitch": 27.5,
      "roll": 15.0,
      "sun_dir": [
        0.9578262852211513,
        0.0,
        0.2873478855663454
      ],
      "det_dir": [
        0.44697058609971635,
        -0.8939411721994327,
        -0.032961732484506
      ],
      "camera_exr_src": "REUSED_26/G4_view_minus",
      "sun_exr_src": "REUSED_BASELINE",
      "status": "COMPLETE",
      "ocs_total": 0.16396582126617432,
      "ocs_metal": 0.15399667620658875,
      "ocs_dark": 0.008359036408364773,
      "ocs_solar": 0.0016101052751764655,
      "n_pixels_camera_visible": 5937,
      "n_pixels_contributing": 3994,
      "image_usable": true,
      "failed_reason": "",
      "anchor_26_geom": "G4_view_minus",
      "anchor_ref_ocs_total": 0.16396582126617432,
      "anchor_rel_diff": 0.0
    },
    {
      "geom_id": "Hs0_vm",
      "pose_id": "B_R4",
      "label": "yaw1475_pitchp0125_roll+000",
      "role": "R4_robust",
      "group": "mandatory",
      "sun_offset": 0,
      "view_offset": -7,
      "yaw": 147.5,
      "pitch": 12.5,
      "roll": 0.0,
      "sun_dir": [
        0.9578262852211513,
        0.0,
        0.2873478855663454
      ],
      "det_dir": [
        0.44697058609971635,
        -0.8939411721994327,
        -0.032961732484506
      ],
      "camera_exr_src": "REUSED_26/G4_view_minus",
      "sun_exr_src": "REUSED_BASELINE",
      "status": "COMPLETE",
      "ocs_total": 0.16372577846050262,
      "ocs_metal": 0.16095557808876038,
      "ocs_dark": 0.0008907595765776932,
      "ocs_solar": 0.0018794483039528131,
      "n_pixels_camera_visible": 5729,
      "n_pixels_contributing": 2637,
      "image_usable": true,
      "failed_reason": "",
      "anchor_26_geom": "G4_view_minus",
      "anchor_ref_ocs_total": 0.16372577846050262,
      "anchor_rel_diff": 0.0
    },
    {
      "geom_id": "Hs0_vm",
      "pose_id": "C_R3",
      "label": "yaw055_pitch+060_roll+000",
      "role": "R3_negative",
      "group": "mandatory",
      "sun_offset": 0,
      "view_offset": -7,
      "yaw": 55.0,
      "pitch": 60.0,
      "roll": 0.0,
      "sun_dir": [
        0.9578262852211513,
        0.0,
        0.2873478855663454
      ],
      "det_dir": [
        0.44697058609971635,
        -0.8939411721994327,
        -0.032961732484506
      ],
      "camera_exr_src": "REUSED_26/G4_view_minus",
      "sun_exr_src": "REUSED_BASELINE",
      "status": "COMPLETE",
      "ocs_total": 0.13244368135929108,
      "ocs_metal": 0.13146470487117767,
      "ocs_dark": 0.0,
      "ocs_solar": 0.0009789775358512998,
      "n_pixels_camera_visible": 6271,
      "n_pixels_contributing": 4122,
      "image_usable": true,
      "failed_reason": "",
      "anchor_26_geom": "G4_view_minus",
      "anchor_ref_ocs_total": 0.13244368135929108,
      "anchor_rel_diff": 0.0
    },
    {
      "geom_id": "Hs0_vm",
      "pose_id": "D1",
      "label": "yaw2450_pitchp0300_roll+015",
      "role": "top1_neighbor",
      "group": "top1_neighbor",
      "sun_offset": 0,
      "view_offset": -7,
      "yaw": 245.0,
      "pitch": 30.0,
      "roll": 15.0,
      "sun_dir": [
        0.9578262852211513,
        0.0,
        0.2873478855663454
      ],
      "det_dir": [
        0.44697058609971635,
        -0.8939411721994327,
        -0.032961732484506
      ],
      "camera_exr_src": "REUSED_26/G4_view_minus",
      "sun_exr_src": "REUSED_BASELINE",
      "status": "COMPLETE",
      "ocs_total": 0.16832934319972992,
      "ocs_metal": 0.1583593636751175,
      "ocs_dark": 0.008418869227170944,
      "ocs_solar": 0.0015511256642639637,
      "n_pixels_camera_visible": 5991,
      "n_pixels_contributing": 4027,
      "image_usable": true,
      "failed_reason": "",
      "anchor_26_geom": "G4_view_minus",
      "anchor_ref_ocs_total": 0.16832934319972992,
      "anchor_rel_diff": 0.0
    },
    {
      "geom_id": "Hs0_vm",
      "pose_id": "D2",
      "label": "yaw2450_pitchp0325_roll+015",
      "role": "top1_neighbor",
      "group": "top1_neighbor",
      "sun_offset": 0,
      "view_offset": -7,
      "yaw": 245.0,
      "pitch": 32.5,
      "roll": 15.0,
      "sun_dir": [
        0.9578262852211513,
        0.0,
        0.2873478855663454
      ],
      "det_dir": [
        0.44697058609971635,
        -0.8939411721994327,
        -0.032961732484506
      ],
      "camera_exr_src": "REUSED_26/G4_view_minus",
      "sun_exr_src": "REUSED_BASELINE",
      "status": "COMPLETE",
      "ocs_total": 0.17359082400798798,
      "ocs_metal": 0.16369371116161346,
      "ocs_dark": 0.008406913839280605,
      "ocs_solar": 0.0014902087859809399,
      "n_pixels_camera_visible": 6051,
      "n_pixels_contributing": 4054,
      "image_usable": true,
      "failed_reason": "",
      "anchor_26_geom": "G4_view_minus",
      "anchor_ref_ocs_total": 0.17359082400798798,
      "anchor_rel_diff": 0.0
    },
    {
      "geom_id": "Hs0_vm",
      "pose_id": "D3",
      "label": "yaw2475_pitchp0375_roll+015",
      "role": "top1_neighbor",
      "group": "top1_neighbor",
      "sun_offset": 0,
      "view_offset": -7,
      "yaw": 247.5,
      "pitch": 37.5,
      "roll": 15.0,
      "sun_dir": [
        0.9578262852211513,
        0.0,
        0.2873478855663454
      ],
      "det_dir": [
        0.44697058609971635,
        -0.8939411721994327,
        -0.032961732484506
      ],
      "camera_exr_src": "REUSED_26/G4_view_minus",
      "sun_exr_src": "REUSED_BASELINE",
      "status": "COMPLETE",
      "ocs_total": 0.18111972510814667,
      "ocs_metal": 0.17116203904151917,
      "ocs_dark": 0.008510537445545197,
      "ocs_solar": 0.0014471464091911912,
      "n_pixels_camera_visible": 6169,
      "n_pixels_contributing": 4011,
      "image_usable": true,
      "failed_reason": "",
      "anchor_26_geom": "G4_view_minus",
      "anchor_ref_ocs_total": 0.18111972510814667,
      "anchor_rel_diff": 0.0
    },
    {
      "geom_id": "Hs0_vm",
      "pose_id": "D4",
      "label": "yaw2425_pitchp0225_roll+015",
      "role": "top1_neighbor",
      "group": "top1_neighbor",
      "sun_offset": 0,
      "view_offset": -7,
      "yaw": 242.5,
      "pitch": 22.5,
      "roll": 15.0,
      "sun_dir": [
        0.9578262852211513,
        0.0,
        0.2873478855663454
      ],
      "det_dir": [
        0.44697058609971635,
        -0.8939411721994327,
        -0.032961732484506
      ],
      "camera_exr_src": "REUSED_26/G4_view_minus",
      "sun_exr_src": "REUSED_BASELINE",
      "status": "COMPLETE",
      "ocs_total": 0.15209978818893433,
      "ocs_metal": 0.14212629199028015,
      "ocs_dark": 0.00835786759853363,
      "ocs_solar": 0.0016156358178704977,
      "n_pixels_camera_visible": 5842,
      "n_pixels_contributing": 4149,
      "image_usable": true,
      "failed_reason": "",
      "anchor_26_geom": "G4_view_minus",
      "anchor_ref_ocs_total": 0.15209978818893433,
      "anchor_rel_diff": 0.0
    },
    {
      "geom_id": "Hs0_vm",
      "pose_id": "D5_roll125",
      "label": "yaw2450_pitchp0275_roll+0125",
      "role": "top1_neighbor_roll125",
      "group": "top1_neighbor",
      "sun_offset": 0,
      "view_offset": -7,
      "yaw": 245.0,
      "pitch": 27.5,
      "roll": 12.5,
      "sun_dir": [
        0.9578262852211513,
        0.0,
        0.2873478855663454
      ],
      "det_dir": [
        0.44697058609971635,
        -0.8939411721994327,
        -0.032961732484506
      ],
      "camera_exr_src": "REUSED_26/G4_view_minus",
      "sun_exr_src": "REUSED_BASELINE",
      "status": "COMPLETE",
      "ocs_total": 0.18548740446567535,
      "ocs_metal": 0.1755441278219223,
      "ocs_dark": 0.008478915318846703,
      "ocs_solar": 0.001464345376007259,
      "n_pixels_camera_visible": 6010,
      "n_pixels_contributing": 3962,
      "image_usable": true,
      "failed_reason": "",
      "anchor_26_geom": "G4_view_minus",
      "anchor_ref_ocs_total": 0.18548740446567535,
      "anchor_rel_diff": 0.0
    },
    {
      "geom_id": "Hs0_vm",
      "pose_id": "D6_roll175",
      "label": "yaw2475_pitchp0300_roll+0175",
      "role": "top1_neighbor_roll175",
      "group": "top1_neighbor",
      "sun_offset": 0,
      "view_offset": -7,
      "yaw": 247.5,
      "pitch": 30.0,
      "roll": 17.5,
      "sun_dir": [
        0.9578262852211513,
        0.0,
        0.2873478855663454
      ],
      "det_dir": [
        0.44697058609971635,
        -0.8939411721994327,
        -0.032961732484506
      ],
      "camera_exr_src": "REUSED_26/G4_view_minus",
      "sun_exr_src": "REUSED_BASELINE",
      "status": "COMPLETE",
      "ocs_total": 0.13248276710510254,
      "ocs_metal": 0.12290993332862854,
      "ocs_dark": 0.008202612400054932,
      "ocs_solar": 0.0013702192809432745,
      "n_pixels_camera_visible": 5953,
      "n_pixels_contributing": 3922,
      "image_usable": true,
      "failed_reason": "",
      "anchor_26_geom": "G4_view_minus",
      "anchor_ref_ocs_total": 0.13248276710510254,
      "anchor_rel_diff": 0.0
    },
    {
      "geom_id": "Hs0_vm",
      "pose_id": "E1_R4roll-15",
      "label": "yaw1475_pitchp0125_roll-015",
      "role": "R4_cluster_nsm1",
      "group": "R4_cluster",
      "sun_offset": 0,
      "view_offset": -7,
      "yaw": 147.5,
      "pitch": 12.5,
      "roll": -15.0,
      "sun_dir": [
        0.9578262852211513,
        0.0,
        0.2873478855663454
      ],
      "det_dir": [
        0.44697058609971635,
        -0.8939411721994327,
        -0.032961732484506
      ],
      "camera_exr_src": "REUSED_26/G4_view_minus",
      "sun_exr_src": "REUSED_BASELINE",
      "status": "COMPLETE",
      "ocs_total": 0.16748298704624176,
      "ocs_metal": 0.1650230586528778,
      "ocs_dark": 0.000912140472792089,
      "ocs_solar": 0.001547789084725082,
      "n_pixels_camera_visible": 5650,
      "n_pixels_contributing": 3102,
      "image_usable": true,
      "failed_reason": "",
      "anchor_26_geom": "G4_view_minus",
      "anchor_ref_ocs_total": 0.16748298704624176,
      "anchor_rel_diff": 0.0
    },
    {
      "geom_id": "Hs0_vm",
      "pose_id": "E2_R4roll+15",
      "label": "yaw1475_pitchp0125_roll+015",
      "role": "R4_cluster_nsm1",
      "group": "R4_cluster",
      "sun_offset": 0,
      "view_offset": -7,
      "yaw": 147.5,
      "pitch": 12.5,
      "roll": 15.0,
      "sun_dir": [
        0.9578262852211513,
        0.0,
        0.2873478855663454
      ],
      "det_dir": [
        0.44697058609971635,
        -0.8939411721994327,
        -0.032961732484506
      ],
      "camera_exr_src": "REUSED_26/G4_view_minus",
      "sun_exr_src": "REUSED_BASELINE",
      "status": "COMPLETE",
      "ocs_total": 0.1622324287891388,
      "ocs_metal": 0.1594199240207672,
      "ocs_dark": 0.0009273129981011152,
      "ocs_solar": 0.001885194331407547,
      "n_pixels_camera_visible": 5593,
      "n_pixels_contributing": 2575,
      "image_usable": true,
      "failed_reason": "",
      "anchor_26_geom": "G4_view_minus",
      "anchor_ref_ocs_total": 0.1622324287891388,
      "anchor_rel_diff": 0.0
    },
    {
      "geom_id": "Hs0_vm",
      "pose_id": "F1_edge",
      "label": "yaw2425_pitchp0275_roll+015",
      "role": "bright_edge_nsm0",
      "group": "bright_edge",
      "sun_offset": 0,
      "view_offset": -7,
      "yaw": 242.5,
      "pitch": 27.5,
      "roll": 15.0,
      "sun_dir": [
        0.9578262852211513,
        0.0,
        0.2873478855663454
      ],
      "det_dir": [
        0.44697058609971635,
        -0.8939411721994327,
        -0.032961732484506
      ],
      "camera_exr_src": "REUSED_26/G4_view_minus",
      "sun_exr_src": "REUSED_BASELINE",
      "status": "COMPLETE",
      "ocs_total": 0.1567886769771576,
      "ocs_metal": 0.14686807990074158,
      "ocs_dark": 0.008346391841769218,
      "ocs_solar": 0.0015742048854008317,
      "n_pixels_camera_visible": 5875,
      "n_pixels_contributing": 4083,
      "image_usable": true,
      "failed_reason": "",
      "anchor_26_geom": "G4_view_minus",
      "anchor_ref_ocs_total": 0.1567886769771576,
      "anchor_rel_diff": 0.0
    },
    {
      "geom_id": "Hs0_vm",
      "pose_id": "F2_edge",
      "label": "yaw2475_pitchp0300_roll+015",
      "role": "bright_edge_nsm0",
      "group": "bright_edge",
      "sun_offset": 0,
      "view_offset": -7,
      "yaw": 247.5,
      "pitch": 30.0,
      "roll": 15.0,
      "sun_dir": [
        0.9578262852211513,
        0.0,
        0.2873478855663454
      ],
      "det_dir": [
        0.44697058609971635,
        -0.8939411721994327,
        -0.032961732484506
      ],
      "camera_exr_src": "REUSED_26/G4_view_minus",
      "sun_exr_src": "REUSED_BASELINE",
      "status": "COMPLETE",
      "ocs_total": 0.15863952040672302,
      "ocs_metal": 0.1488221436738968,
      "ocs_dark": 0.008342714980244637,
      "ocs_solar": 0.0014746779343113303,
      "n_pixels_camera_visible": 6028,
      "n_pixels_contributing": 3908,
      "image_usable": true,
      "failed_reason": "",
      "anchor_26_geom": "G4_view_minus",
      "anchor_ref_ocs_total": 0.15863952040672302,
      "anchor_rel_diff": 0.0
    },
    {
      "geom_id": "Hs0_vm",
      "pose_id": "F3_edge",
      "label": "yaw240_pitch+015_roll+015",
      "role": "bright_edge_nsm0",
      "group": "bright_edge",
      "sun_offset": 0,
      "view_offset": -7,
      "yaw": 240.0,
      "pitch": 15.0,
      "roll": 15.0,
      "sun_dir": [
        0.9578262852211513,
        0.0,
        0.2873478855663454
      ],
      "det_dir": [
        0.44697058609971635,
        -0.8939411721994327,
        -0.032961732484506
      ],
      "camera_exr_src": "REUSED_26/G4_view_minus",
      "sun_exr_src": "REUSED_BASELINE",
      "status": "COMPLETE",
      "ocs_total": 0.1361619234085083,
      "ocs_metal": 0.12623991072177887,
      "ocs_dark": 0.008291858248412609,
      "ocs_solar": 0.0016301546711474657,
      "n_pixels_camera_visible": 6023,
      "n_pixels_contributing": 4400,
      "image_usable": true,
      "failed_reason": "",
      "anchor_26_geom": "G4_view_minus",
      "anchor_ref_ocs_total": 0.1361619234085083,
      "anchor_rel_diff": 0.0
    },
    {
      "geom_id": "Hsp_vp",
      "pose_id": "A_top1",
      "label": "yaw2450_pitchp0275_roll+015",
      "role": "top1",
      "group": "mandatory",
      "sun_offset": 7,
      "view_offset": 7,
      "yaw": 245.0,
      "pitch": 27.5,
      "roll": 15.0,
      "sun_dir": [
        0.985705691479985,
        0.0,
        0.16847637752505384
      ],
      "det_dir": [
        0.437259804377141,
        -0.874519608754282,
        0.20980781057987746
      ],
      "camera_exr_src": "REUSED_26/G3_view_plus",
      "sun_exr_src": "REUSED_26/G1_sun_plus",
      "status": "COMPLETE",
      "ocs_total": 0.2103959023952484,
      "ocs_metal": 0.20007193088531494,
      "ocs_dark": 0.008854061365127563,
      "ocs_solar": 0.001469908282160759,
      "n_pixels_camera_visible": 6266,
      "n_pixels_contributing": 4232,
      "image_usable": true,
      "failed_reason": ""
    },
    {
      "geom_id": "Hsp_vp",
      "pose_id": "B_R4",
      "label": "yaw1475_pitchp0125_roll+000",
      "role": "R4_robust",
      "group": "mandatory",
      "sun_offset": 7,
      "view_offset": 7,
      "yaw": 147.5,
      "pitch": 12.5,
      "roll": 0.0,
      "sun_dir": [
        0.985705691479985,
        0.0,
        0.16847637752505384
      ],
      "det_dir": [
        0.437259804377141,
        -0.874519608754282,
        0.20980781057987746
      ],
      "camera_exr_src": "REUSED_26/G3_view_plus",
      "sun_exr_src": "REUSED_26/G1_sun_plus",
      "status": "COMPLETE",
      "ocs_total": 0.2025701105594635,
      "ocs_metal": 0.20016790926456451,
      "ocs_dark": 0.0009599485783837736,
      "ocs_solar": 0.0014422470703721046,
      "n_pixels_camera_visible": 5441,
      "n_pixels_contributing": 2910,
      "image_usable": true,
      "failed_reason": ""
    },
    {
      "geom_id": "Hsp_vp",
      "pose_id": "C_R3",
      "label": "yaw055_pitch+060_roll+000",
      "role": "R3_negative",
      "group": "mandatory",
      "sun_offset": 7,
      "view_offset": 7,
      "yaw": 55.0,
      "pitch": 60.0,
      "roll": 0.0,
      "sun_dir": [
        0.985705691479985,
        0.0,
        0.16847637752505384
      ],
      "det_dir": [
        0.437259804377141,
        -0.874519608754282,
        0.20980781057987746
      ],
      "camera_exr_src": "REUSED_26/G3_view_plus",
      "sun_exr_src": "REUSED_26/G1_sun_plus",
      "status": "COMPLETE",
      "ocs_total": 0.06525265425443649,
      "ocs_metal": 0.06411582231521606,
      "ocs_dark": 0.0,
      "ocs_solar": 0.0011368332197889686,
      "n_pixels_camera_visible": 6330,
      "n_pixels_contributing": 4083,
      "image_usable": true,
      "failed_reason": ""
    },
    {
      "geom_id": "Hsp_vp",
      "pose_id": "D1",
      "label": "yaw2450_pitchp0300_roll+015",
      "role": "top1_neighbor",
      "group": "top1_neighbor",
      "sun_offset": 7,
      "view_offset": 7,
      "yaw": 245.0,
      "pitch": 30.0,
      "roll": 15.0,
      "sun_dir": [
        0.985705691479985,
        0.0,
        0.16847637752505384
      ],
      "det_dir": [
        0.437259804377141,
        -0.874519608754282,
        0.20980781057987746
      ],
      "camera_exr_src": "REUSED_26/G3_view_plus",
      "sun_exr_src": "REUSED_26/G1_sun_plus",
      "status": "COMPLETE",
      "ocs_total": 0.20773978531360626,
      "ocs_metal": 0.1973085105419159,
      "ocs_dark": 0.008871966041624546,
      "ocs_solar": 0.001559302443638444,
      "n_pixels_camera_visible": 6292,
      "n_pixels_contributing": 4237,
      "image_usable": true,
      "failed_reason": ""
    },
    {
      "geom_id": "Hsp_vp",
      "pose_id": "D2",
      "label": "yaw2450_pitchp0325_roll+015",
      "role": "top1_neighbor",
      "group": "top1_neighbor",
      "sun_offset": 7,
      "view_offset": 7,
      "yaw": 245.0,
      "pitch": 32.5,
      "roll": 15.0,
      "sun_dir": [
        0.985705691479985,
        0.0,
        0.16847637752505384
      ],
      "det_dir": [
        0.437259804377141,
        -0.874519608754282,
        0.20980781057987746
      ],
      "camera_exr_src": "REUSED_26/G3_view_plus",
      "sun_exr_src": "REUSED_26/G1_sun_plus",
      "status": "COMPLETE",
      "ocs_total": 0.20553602278232574,
      "ocs_metal": 0.1949809342622757,
      "ocs_dark": 0.008890664204955101,
      "ocs_solar": 0.001664447016082704,
      "n_pixels_camera_visible": 6298,
      "n_pixels_contributing": 4269,
      "image_usable": true,
      "failed_reason": ""
    },
    {
      "geom_id": "Hsp_vp",
      "pose_id": "D3",
      "label": "yaw2475_pitchp0375_roll+015",
      "role": "top1_neighbor",
      "group": "top1_neighbor",
      "sun_offset": 7,
      "view_offset": 7,
      "yaw": 247.5,
      "pitch": 37.5,
      "roll": 15.0,
      "sun_dir": [
        0.985705691479985,
        0.0,
        0.16847637752505384
      ],
      "det_dir": [
        0.437259804377141,
        -0.874519608754282,
        0.20980781057987746
      ],
      "camera_exr_src": "REUSED_26/G3_view_plus",
      "sun_exr_src": "REUSED_26/G1_sun_plus",
      "status": "COMPLETE",
      "ocs_total": 0.20813722908496857,
      "ocs_metal": 0.1977338194847107,
      "ocs_dark": 0.008889134041965008,
      "ocs_solar": 0.0015142810298129916,
      "n_pixels_camera_visible": 6357,
      "n_pixels_contributing": 4202,
      "image_usable": true,
      "failed_reason": ""
    },
    {
      "geom_id": "Hsp_vp",
      "pose_id": "D4",
      "label": "yaw2425_pitchp0225_roll+015",
      "role": "top1_neighbor",
      "group": "top1_neighbor",
      "sun_offset": 7,
      "view_offset": 7,
      "yaw": 242.5,
      "pitch": 22.5,
      "roll": 15.0,
      "sun_dir": [
        0.985705691479985,
        0.0,
        0.16847637752505384
      ],
      "det_dir": [
        0.437259804377141,
        -0.874519608754282,
        0.20980781057987746
      ],
      "camera_exr_src": "REUSED_26/G3_view_plus",
      "sun_exr_src": "REUSED_26/G1_sun_plus",
      "status": "COMPLETE",
      "ocs_total": 0.2012261152267456,
      "ocs_metal": 0.19080722332000732,
      "ocs_dark": 0.008823121897876263,
      "ocs_solar": 0.0015957856085151434,
      "n_pixels_camera_visible": 6200,
      "n_pixels_contributing": 4253,
      "image_usable": true,
      "failed_reason": ""
    },
    {
      "geom_id": "Hsp_vp",
      "pose_id": "D5_roll125",
      "label": "yaw2450_pitchp0275_roll+0125",
      "role": "top1_neighbor_roll125",
      "group": "top1_neighbor",
      "sun_offset": 7,
      "view_offset": 7,
      "yaw": 245.0,
      "pitch": 27.5,
      "roll": 12.5,
      "sun_dir": [
        0.985705691479985,
        0.0,
        0.16847637752505384
      ],
      "det_dir": [
        0.437259804377141,
        -0.874519608754282,
        0.20980781057987746
      ],
      "camera_exr_src": "REUSED_26/G3_view_plus",
      "sun_exr_src": "REUSED_26/G1_sun_plus",
      "status": "COMPLETE",
      "ocs_total": 0.20210325717926025,
      "ocs_metal": 0.19174824655056,
      "ocs_dark": 0.008813989348709583,
      "ocs_solar": 0.0015410133637487888,
      "n_pixels_camera_visible": 6307,
      "n_pixels_contributing": 4153,
      "image_usable": true,
      "failed_reason": ""
    },
    {
      "geom_id": "Hsp_vp",
      "pose_id": "D6_roll175",
      "label": "yaw2475_pitchp0300_roll+0175",
      "role": "top1_neighbor_roll175",
      "group": "top1_neighbor",
      "sun_offset": 7,
      "view_offset": 7,
      "yaw": 247.5,
      "pitch": 30.0,
      "roll": 17.5,
      "sun_dir": [
        0.985705691479985,
        0.0,
        0.16847637752505384
      ],
      "det_dir": [
        0.437259804377141,
        -0.874519608754282,
        0.20980781057987746
      ],
      "camera_exr_src": "REUSED_26/G3_view_plus",
      "sun_exr_src": "REUSED_26/G1_sun_plus",
      "status": "COMPLETE",
      "ocs_total": 0.1988244354724884,
      "ocs_metal": 0.18841037154197693,
      "ocs_dark": 0.00885241013020277,
      "ocs_solar": 0.0015616663731634617,
      "n_pixels_camera_visible": 6272,
      "n_pixels_contributing": 4204,
      "image_usable": true,
      "failed_reason": ""
    },
    {
      "geom_id": "Hsp_vp",
      "pose_id": "E1_R4roll-15",
      "label": "yaw1475_pitchp0125_roll-015",
      "role": "R4_cluster_nsm1",
      "group": "R4_cluster",
      "sun_offset": 7,
      "view_offset": 7,
      "yaw": 147.5,
      "pitch": 12.5,
      "roll": -15.0,
      "sun_dir": [
        0.985705691479985,
        0.0,
        0.16847637752505384
      ],
      "det_dir": [
        0.437259804377141,
        -0.874519608754282,
        0.20980781057987746
      ],
      "camera_exr_src": "REUSED_26/G3_view_plus",
      "sun_exr_src": "REUSED_26/G1_sun_plus",
      "status": "COMPLETE",
      "ocs_total": 0.2021504044532776,
      "ocs_metal": 0.19987989962100983,
      "ocs_dark": 0.0009684761171229184,
      "ocs_solar": 0.0013020285405218601,
      "n_pixels_camera_visible": 5660,
      "n_pixels_contributing": 2884,
      "image_usable": true,
      "failed_reason": ""
    },
    {
      "geom_id": "Hsp_vp",
      "pose_id": "E2_R4roll+15",
      "label": "yaw1475_pitchp0125_roll+015",
      "role": "R4_cluster_nsm1",
      "group": "R4_cluster",
      "sun_offset": 7,
      "view_offset": 7,
      "yaw": 147.5,
      "pitch": 12.5,
      "roll": 15.0,
      "sun_dir": [
        0.985705691479985,
        0.0,
        0.16847637752505384
      ],
      "det_dir": [
        0.437259804377141,
        -0.874519608754282,
        0.20980781057987746
      ],
      "camera_exr_src": "REUSED_26/G3_view_plus",
      "sun_exr_src": "REUSED_26/G1_sun_plus",
      "status": "COMPLETE",
      "ocs_total": 0.19995802640914917,
      "ocs_metal": 0.19738078117370605,
      "ocs_dark": 0.0009811962954699993,
      "ocs_solar": 0.0015960560413077474,
      "n_pixels_camera_visible": 5538,
      "n_pixels_contributing": 2867,
      "image_usable": true,
      "failed_reason": ""
    },
    {
      "geom_id": "Hsp_vp",
      "pose_id": "F1_edge",
      "label": "yaw2425_pitchp0275_roll+015",
      "role": "bright_edge_nsm0",
      "group": "bright_edge",
      "sun_offset": 7,
      "view_offset": 7,
      "yaw": 242.5,
      "pitch": 27.5,
      "roll": 15.0,
      "sun_dir": [
        0.985705691479985,
        0.0,
        0.16847637752505384
      ],
      "det_dir": [
        0.437259804377141,
        -0.874519608754282,
        0.20980781057987746
      ],
      "camera_exr_src": "REUSED_26/G3_view_plus",
      "sun_exr_src": "REUSED_26/G1_sun_plus",
      "status": "COMPLETE",
      "ocs_total": 0.1928921639919281,
      "ocs_metal": 0.18263064324855804,
      "ocs_dark": 0.008778097108006477,
      "ocs_solar": 0.0014834072208032012,
      "n_pixels_camera_visible": 6218,
      "n_pixels_contributing": 4310,
      "image_usable": true,
      "failed_reason": ""
    },
    {
      "geom_id": "Hsp_vp",
      "pose_id": "F2_edge",
      "label": "yaw2475_pitchp0300_roll+015",
      "role": "bright_edge_nsm0",
      "group": "bright_edge",
      "sun_offset": 7,
      "view_offset": 7,
      "yaw": 247.5,
      "pitch": 30.0,
      "roll": 15.0,
      "sun_dir": [
        0.985705691479985,
        0.0,
        0.16847637752505384
      ],
      "det_dir": [
        0.437259804377141,
        -0.874519608754282,
        0.20980781057987746
      ],
      "camera_exr_src": "REUSED_26/G3_view_plus",
      "sun_exr_src": "REUSED_26/G1_sun_plus",
      "status": "COMPLETE",
      "ocs_total": 0.20542220771312714,
      "ocs_metal": 0.19523070752620697,
      "ocs_dark": 0.008779245428740978,
      "ocs_solar": 0.0014122650027275085,
      "n_pixels_camera_visible": 6327,
      "n_pixels_contributing": 4108,
      "image_usable": true,
      "failed_reason": ""
    },
    {
      "geom_id": "Hsp_vp",
      "pose_id": "F3_edge",
      "label": "yaw240_pitch+015_roll+015",
      "role": "bright_edge_nsm0",
      "group": "bright_edge",
      "sun_offset": 7,
      "view_offset": 7,
      "yaw": 240.0,
      "pitch": 15.0,
      "roll": 15.0,
      "sun_dir": [
        0.985705691479985,
        0.0,
        0.16847637752505384
      ],
      "det_dir": [
        0.437259804377141,
        -0.874519608754282,
        0.20980781057987746
      ],
      "camera_exr_src": "REUSED_26/G3_view_plus",
      "sun_exr_src": "REUSED_26/G1_sun_plus",
      "status": "COMPLETE",
      "ocs_total": 0.19420313835144043,
      "ocs_metal": 0.18395373225212097,
      "ocs_dark": 0.008795086294412613,
      "ocs_solar": 0.0014543035067617893,
      "n_pixels_camera_visible": 6103,
      "n_pixels_contributing": 4267,
      "image_usable": true,
      "failed_reason": ""
    },
    {
      "geom_id": "Hsp_vm",
      "pose_id": "A_top1",
      "label": "yaw2450_pitchp0275_roll+015",
      "role": "top1",
      "group": "mandatory",
      "sun_offset": 7,
      "view_offset": -7,
      "yaw": 245.0,
      "pitch": 27.5,
      "roll": 15.0,
      "sun_dir": [
        0.985705691479985,
        0.0,
        0.16847637752505384
      ],
      "det_dir": [
        0.44697058609971635,
        -0.8939411721994327,
        -0.032961732484506
      ],
      "camera_exr_src": "REUSED_26/G4_view_minus",
      "sun_exr_src": "REUSED_26/G1_sun_plus",
      "status": "COMPLETE",
      "ocs_total": 0.10038704425096512,
      "ocs_metal": 0.09091633558273315,
      "ocs_dark": 0.008031009696424007,
      "ocs_solar": 0.0014396993210539222,
      "n_pixels_camera_visible": 5937,
      "n_pixels_contributing": 4012,
      "image_usable": true,
      "failed_reason": ""
    },
    {
      "geom_id": "Hsp_vm",
      "pose_id": "B_R4",
      "label": "yaw1475_pitchp0125_roll+000",
      "role": "R4_robust",
      "group": "mandatory",
      "sun_offset": 7,
      "view_offset": -7,
      "yaw": 147.5,
      "pitch": 12.5,
      "roll": 0.0,
      "sun_dir": [
        0.985705691479985,
        0.0,
        0.16847637752505384
      ],
      "det_dir": [
        0.44697058609971635,
        -0.8939411721994327,
        -0.032961732484506
      ],
      "camera_exr_src": "REUSED_26/G4_view_minus",
      "sun_exr_src": "REUSED_26/G1_sun_plus",
      "status": "COMPLETE",
      "ocs_total": 0.10096915811300278,
      "ocs_metal": 0.09832273423671722,
      "ocs_dark": 0.000862575659994036,
      "ocs_solar": 0.0017838606145232916,
      "n_pixels_camera_visible": 5729,
      "n_pixels_contributing": 3469,
      "image_usable": true,
      "failed_reason": ""
    },
    {
      "geom_id": "Hsp_vm",
      "pose_id": "C_R3",
      "label": "yaw055_pitch+060_roll+000",
      "role": "R3_negative",
      "group": "mandatory",
      "sun_offset": 7,
      "view_offset": -7,
      "yaw": 55.0,
      "pitch": 60.0,
      "roll": 0.0,
      "sun_dir": [
        0.985705691479985,
        0.0,
        0.16847637752505384
      ],
      "det_dir": [
        0.44697058609971635,
        -0.8939411721994327,
        -0.032961732484506
      ],
      "camera_exr_src": "REUSED_26/G4_view_minus",
      "sun_exr_src": "REUSED_26/G1_sun_plus",
      "status": "COMPLETE",
      "ocs_total": 0.22555673122406006,
      "ocs_metal": 0.22444628179073334,
      "ocs_dark": 0.0,
      "ocs_solar": 0.0011104883160442114,
      "n_pixels_camera_visible": 6271,
      "n_pixels_contributing": 4116,
      "image_usable": true,
      "failed_reason": ""
    },
    {
      "geom_id": "Hsp_vm",
      "pose_id": "D1",
      "label": "yaw2450_pitchp0300_roll+015",
      "role": "top1_neighbor",
      "group": "top1_neighbor",
      "sun_offset": 7,
      "view_offset": -7,
      "yaw": 245.0,
      "pitch": 30.0,
      "roll": 15.0,
      "sun_dir": [
        0.985705691479985,
        0.0,
        0.16847637752505384
      ],
      "det_dir": [
        0.44697058609971635,
        -0.8939411721994327,
        -0.032961732484506
      ],
      "camera_exr_src": "REUSED_26/G4_view_minus",
      "sun_exr_src": "REUSED_26/G1_sun_plus",
      "status": "COMPLETE",
      "ocs_total": 0.10436384379863739,
      "ocs_metal": 0.09486786276102066,
      "ocs_dark": 0.008103144355118275,
      "ocs_solar": 0.0013928329572081566,
      "n_pixels_camera_visible": 5991,
      "n_pixels_contributing": 4045,
      "image_usable": true,
      "failed_reason": ""
    },
    {
      "geom_id": "Hsp_vm",
      "pose_id": "D2",
      "label": "yaw2450_pitchp0325_roll+015",
      "role": "top1_neighbor",
      "group": "top1_neighbor",
      "sun_offset": 7,
      "view_offset": -7,
      "yaw": 245.0,
      "pitch": 32.5,
      "roll": 15.0,
      "sun_dir": [
        0.985705691479985,
        0.0,
        0.16847637752505384
      ],
      "det_dir": [
        0.44697058609971635,
        -0.8939411721994327,
        -0.032961732484506
      ],
      "camera_exr_src": "REUSED_26/G4_view_minus",
      "sun_exr_src": "REUSED_26/G1_sun_plus",
      "status": "COMPLETE",
      "ocs_total": 0.10922176390886307,
      "ocs_metal": 0.09976906329393387,
      "ocs_dark": 0.00810814369469881,
      "ocs_solar": 0.0013445664662867785,
      "n_pixels_camera_visible": 6051,
      "n_pixels_contributing": 4070,
      "image_usable": true,
      "failed_reason": ""
    },
    {
      "geom_id": "Hsp_vm",
      "pose_id": "D3",
      "label": "yaw2475_pitchp0375_roll+015",
      "role": "top1_neighbor",
      "group": "top1_neighbor",
      "sun_offset": 7,
      "view_offset": -7,
      "yaw": 247.5,
      "pitch": 37.5,
      "roll": 15.0,
      "sun_dir": [
        0.985705691479985,
        0.0,
        0.16847637752505384
      ],
      "det_dir": [
        0.44697058609971635,
        -0.8939411721994327,
        -0.032961732484506
      ],
      "camera_exr_src": "REUSED_26/G4_view_minus",
      "sun_exr_src": "REUSED_26/G1_sun_plus",
      "status": "COMPLETE",
      "ocs_total": 0.12155909091234207,
      "ocs_metal": 0.11196454614400864,
      "ocs_dark": 0.00826674047857523,
      "ocs_solar": 0.0013277934631332755,
      "n_pixels_camera_visible": 6169,
      "n_pixels_contributing": 4020,
      "image_usable": true,
      "failed_reason": ""
    },
    {
      "geom_id": "Hsp_vm",
      "pose_id": "D4",
      "label": "yaw2425_pitchp0225_roll+015",
      "role": "top1_neighbor",
      "group": "top1_neighbor",
      "sun_offset": 7,
      "view_offset": -7,
      "yaw": 242.5,
      "pitch": 22.5,
      "roll": 15.0,
      "sun_dir": [
        0.985705691479985,
        0.0,
        0.16847637752505384
      ],
      "det_dir": [
        0.44697058609971635,
        -0.8939411721994327,
        -0.032961732484506
      ],
      "camera_exr_src": "REUSED_26/G4_view_minus",
      "sun_exr_src": "REUSED_26/G1_sun_plus",
      "status": "COMPLETE",
      "ocs_total": 0.08972659707069397,
      "ocs_metal": 0.08018649369478226,
      "ocs_dark": 0.00798807479441166,
      "ocs_solar": 0.0015520283486694098,
      "n_pixels_camera_visible": 5842,
      "n_pixels_contributing": 4181,
      "image_usable": true,
      "failed_reason": ""
    },
    {
      "geom_id": "Hsp_vm",
      "pose_id": "D5_roll125",
      "label": "yaw2450_pitchp0275_roll+0125",
      "role": "top1_neighbor_roll125",
      "group": "top1_neighbor",
      "sun_offset": 7,
      "view_offset": -7,
      "yaw": 245.0,
      "pitch": 27.5,
      "roll": 12.5,
      "sun_dir": [
        0.985705691479985,
        0.0,
        0.16847637752505384
      ],
      "det_dir": [
        0.44697058609971635,
        -0.8939411721994327,
        -0.032961732484506
      ],
      "camera_exr_src": "REUSED_26/G4_view_minus",
      "sun_exr_src": "REUSED_26/G1_sun_plus",
      "status": "COMPLETE",
      "ocs_total": 0.13269323110580444,
      "ocs_metal": 0.1230347529053688,
      "ocs_dark": 0.008292690850794315,
      "ocs_solar": 0.0013657899107784033,
      "n_pixels_camera_visible": 6010,
      "n_pixels_contributing": 3981,
      "image_usable": true,
      "failed_reason": ""
    },
    {
      "geom_id": "Hsp_vm",
      "pose_id": "D6_roll175",
      "label": "yaw2475_pitchp0300_roll+0175",
      "role": "top1_neighbor_roll175",
      "group": "top1_neighbor",
      "sun_offset": 7,
      "view_offset": -7,
      "yaw": 247.5,
      "pitch": 30.0,
      "roll": 17.5,
      "sun_dir": [
        0.985705691479985,
        0.0,
        0.16847637752505384
      ],
      "det_dir": [
        0.44697058609971635,
        -0.8939411721994327,
        -0.032961732484506
      ],
      "camera_exr_src": "REUSED_26/G4_view_minus",
      "sun_exr_src": "REUSED_26/G1_sun_plus",
      "status": "COMPLETE",
      "ocs_total": 0.07477579265832901,
      "ocs_metal": 0.06580311805009842,
      "ocs_dark": 0.007782215718179941,
      "ocs_solar": 0.0011904631974175572,
      "n_pixels_camera_visible": 5953,
      "n_pixels_contributing": 3945,
      "image_usable": true,
      "failed_reason": ""
    },
    {
      "geom_id": "Hsp_vm",
      "pose_id": "E1_R4roll-15",
      "label": "yaw1475_pitchp0125_roll-015",
      "role": "R4_cluster_nsm1",
      "group": "R4_cluster",
      "sun_offset": 7,
      "view_offset": -7,
      "yaw": 147.5,
      "pitch": 12.5,
      "roll": -15.0,
      "sun_dir": [
        0.985705691479985,
        0.0,
        0.16847637752505384
      ],
      "det_dir": [
        0.44697058609971635,
        -0.8939411721994327,
        -0.032961732484506
      ],
      "camera_exr_src": "REUSED_26/G4_view_minus",
      "sun_exr_src": "REUSED_26/G1_sun_plus",
      "status": "COMPLETE",
      "ocs_total": 0.10401695221662521,
      "ocs_metal": 0.10143774002790451,
      "ocs_dark": 0.0008847166318446398,
      "ocs_solar": 0.0016944925300776958,
      "n_pixels_camera_visible": 5650,
      "n_pixels_contributing": 3101,
      "image_usable": true,
      "failed_reason": ""
    },
    {
      "geom_id": "Hsp_vm",
      "pose_id": "E2_R4roll+15",
      "label": "yaw1475_pitchp0125_roll+015",
      "role": "R4_cluster_nsm1",
      "group": "R4_cluster",
      "sun_offset": 7,
      "view_offset": -7,
      "yaw": 147.5,
      "pitch": 12.5,
      "roll": 15.0,
      "sun_dir": [
        0.985705691479985,
        0.0,
        0.16847637752505384
      ],
      "det_dir": [
        0.44697058609971635,
        -0.8939411721994327,
        -0.032961732484506
      ],
      "camera_exr_src": "REUSED_26/G4_view_minus",
      "sun_exr_src": "REUSED_26/G1_sun_plus",
      "status": "COMPLETE",
      "ocs_total": 0.09959481656551361,
      "ocs_metal": 0.09698852896690369,
      "ocs_dark": 0.0008972775540314615,
      "ocs_solar": 0.0017090111505240202,
      "n_pixels_camera_visible": 5593,
      "n_pixels_contributing": 2572,
      "image_usable": true,
      "failed_reason": ""
    },
    {
      "geom_id": "Hsp_vm",
      "pose_id": "F1_edge",
      "label": "yaw2425_pitchp0275_roll+015",
      "role": "bright_edge_nsm0",
      "group": "bright_edge",
      "sun_offset": 7,
      "view_offset": -7,
      "yaw": 242.5,
      "pitch": 27.5,
      "roll": 15.0,
      "sun_dir": [
        0.985705691479985,
        0.0,
        0.16847637752505384
      ],
      "det_dir": [
        0.44697058609971635,
        -0.8939411721994327,
        -0.032961732484506
      ],
      "camera_exr_src": "REUSED_26/G4_view_minus",
      "sun_exr_src": "REUSED_26/G1_sun_plus",
      "status": "COMPLETE",
      "ocs_total": 0.09472297877073288,
      "ocs_metal": 0.08532312512397766,
      "ocs_dark": 0.007999692112207413,
      "ocs_solar": 0.001400167471729219,
      "n_pixels_camera_visible": 5875,
      "n_pixels_contributing": 4110,
      "image_usable": true,
      "failed_reason": ""
    },
    {
      "geom_id": "Hsp_vm",
      "pose_id": "F2_edge",
      "label": "yaw2475_pitchp0300_roll+015",
      "role": "bright_edge_nsm0",
      "group": "bright_edge",
      "sun_offset": 7,
      "view_offset": -7,
      "yaw": 247.5,
      "pitch": 30.0,
      "roll": 15.0,
      "sun_dir": [
        0.985705691479985,
        0.0,
        0.16847637752505384
      ],
      "det_dir": [
        0.44697058609971635,
        -0.8939411721994327,
        -0.032961732484506
      ],
      "camera_exr_src": "REUSED_26/G4_view_minus",
      "sun_exr_src": "REUSED_26/G1_sun_plus",
      "status": "COMPLETE",
      "ocs_total": 0.1009039431810379,
      "ocs_metal": 0.0915219709277153,
      "ocs_dark": 0.00804983451962471,
      "ocs_solar": 0.00133214530069381,
      "n_pixels_camera_visible": 6028,
      "n_pixels_contributing": 3931,
      "image_usable": true,
      "failed_reason": ""
    },
    {
      "geom_id": "Hsp_vm",
      "pose_id": "F3_edge",
      "label": "yaw240_pitch+015_roll+015",
      "role": "bright_edge_nsm0",
      "group": "bright_edge",
      "sun_offset": 7,
      "view_offset": -7,
      "yaw": 240.0,
      "pitch": 15.0,
      "roll": 15.0,
      "sun_dir": [
        0.985705691479985,
        0.0,
        0.16847637752505384
      ],
      "det_dir": [
        0.44697058609971635,
        -0.8939411721994327,
        -0.032961732484506
      ],
      "camera_exr_src": "REUSED_26/G4_view_minus",
      "sun_exr_src": "REUSED_26/G1_sun_plus",
      "status": "COMPLETE",
      "ocs_total": 0.07814623415470123,
      "ocs_metal": 0.06845884025096893,
      "ocs_dark": 0.007886543869972229,
      "ocs_solar": 0.0018008520128205419,
      "n_pixels_camera_visible": 6023,
      "n_pixels_contributing": 4401,
      "image_usable": true,
      "failed_reason": ""
    },
    {
      "geom_id": "Hsm_vp",
      "pose_id": "A_top1",
      "label": "yaw2450_pitchp0275_roll+015",
      "role": "top1",
      "group": "mandatory",
      "sun_offset": -7,
      "view_offset": 7,
      "yaw": 245.0,
      "pitch": 27.5,
      "roll": 15.0,
      "sun_dir": [
        0.915667895194329,
        0.0,
        0.4019356984772403
      ],
      "det_dir": [
        0.437259804377141,
        -0.874519608754282,
        0.20980781057987746
      ],
      "camera_exr_src": "REUSED_26/G3_view_plus",
      "sun_exr_src": "REUSED_26/G2_sun_minus",
      "status": "COMPLETE",
      "ocs_total": 0.1217312142252922,
      "ocs_metal": 0.11193685978651047,
      "ocs_dark": 0.008489091880619526,
      "ocs_solar": 0.0013052606955170631,
      "n_pixels_camera_visible": 6266,
      "n_pixels_contributing": 4218,
      "image_usable": true,
      "failed_reason": ""
    },
    {
      "geom_id": "Hsm_vp",
      "pose_id": "B_R4",
      "label": "yaw1475_pitchp0125_roll+000",
      "role": "R4_robust",
      "group": "mandatory",
      "sun_offset": -7,
      "view_offset": 7,
      "yaw": 147.5,
      "pitch": 12.5,
      "roll": 0.0,
      "sun_dir": [
        0.915667895194329,
        0.0,
        0.4019356984772403
      ],
      "det_dir": [
        0.437259804377141,
        -0.874519608754282,
        0.20980781057987746
      ],
      "camera_exr_src": "REUSED_26/G3_view_plus",
      "sun_exr_src": "REUSED_26/G2_sun_minus",
      "status": "COMPLETE",
      "ocs_total": 0.10252746939659119,
      "ocs_metal": 0.10016080737113953,
      "ocs_dark": 0.0009131776168942451,
      "ocs_solar": 0.001453491160646081,
      "n_pixels_camera_visible": 5441,
      "n_pixels_contributing": 3114,
      "image_usable": true,
      "failed_reason": ""
    },
    {
      "geom_id": "Hsm_vp",
      "pose_id": "C_R3",
      "label": "yaw055_pitch+060_roll+000",
      "role": "R3_negative",
      "group": "mandatory",
      "sun_offset": -7,
      "view_offset": 7,
      "yaw": 55.0,
      "pitch": 60.0,
      "roll": 0.0,
      "sun_dir": [
        0.915667895194329,
        0.0,
        0.4019356984772403
      ],
      "det_dir": [
        0.437259804377141,
        -0.874519608754282,
        0.20980781057987746
      ],
      "camera_exr_src": "REUSED_26/G3_view_plus",
      "sun_exr_src": "REUSED_26/G2_sun_minus",
      "status": "COMPLETE",
      "ocs_total": 0.03296314924955368,
      "ocs_metal": 0.03219853341579437,
      "ocs_dark": 0.0,
      "ocs_solar": 0.0007646102458238602,
      "n_pixels_camera_visible": 6330,
      "n_pixels_contributing": 5099,
      "image_usable": true,
      "failed_reason": ""
    },
    {
      "geom_id": "Hsm_vp",
      "pose_id": "D1",
      "label": "yaw2450_pitchp0300_roll+015",
      "role": "top1_neighbor",
      "group": "top1_neighbor",
      "sun_offset": -7,
      "view_offset": 7,
      "yaw": 245.0,
      "pitch": 30.0,
      "roll": 15.0,
      "sun_dir": [
        0.915667895194329,
        0.0,
        0.4019356984772403
      ],
      "det_dir": [
        0.437259804377141,
        -0.874519608754282,
        0.20980781057987746
      ],
      "camera_exr_src": "REUSED_26/G3_view_plus",
      "sun_exr_src": "REUSED_26/G2_sun_minus",
      "status": "COMPLETE",
      "ocs_total": 0.11584659665822983,
      "ocs_metal": 0.10599733889102936,
      "ocs_dark": 0.00847615022212267,
      "ocs_solar": 0.0013730947393923998,
      "n_pixels_camera_visible": 6292,
      "n_pixels_contributing": 4229,
      "image_usable": true,
      "failed_reason": ""
    },
    {
      "geom_id": "Hsm_vp",
      "pose_id": "D2",
      "label": "yaw2450_pitchp0325_roll+015",
      "role": "top1_neighbor",
      "group": "top1_neighbor",
      "sun_offset": -7,
      "view_offset": 7,
      "yaw": 245.0,
      "pitch": 32.5,
      "roll": 15.0,
      "sun_dir": [
        0.915667895194329,
        0.0,
        0.4019356984772403
      ],
      "det_dir": [
        0.437259804377141,
        -0.874519608754282,
        0.20980781057987746
      ],
      "camera_exr_src": "REUSED_26/G3_view_plus",
      "sun_exr_src": "REUSED_26/G2_sun_minus",
      "status": "COMPLETE",
      "ocs_total": 0.11093025654554367,
      "ocs_metal": 0.10101722925901413,
      "ocs_dark": 0.008460731245577335,
      "ocs_solar": 0.0014523009303957224,
      "n_pixels_camera_visible": 6298,
      "n_pixels_contributing": 4270,
      "image_usable": true,
      "failed_reason": ""
    },
    {
      "geom_id": "Hsm_vp",
      "pose_id": "D3",
      "label": "yaw2475_pitchp0375_roll+015",
      "role": "top1_neighbor",
      "group": "top1_neighbor",
      "sun_offset": -7,
      "view_offset": 7,
      "yaw": 247.5,
      "pitch": 37.5,
      "roll": 15.0,
      "sun_dir": [
        0.915667895194329,
        0.0,
        0.4019356984772403
      ],
      "det_dir": [
        0.437259804377141,
        -0.874519608754282,
        0.20980781057987746
      ],
      "camera_exr_src": "REUSED_26/G3_view_plus",
      "sun_exr_src": "REUSED_26/G2_sun_minus",
      "status": "COMPLETE",
      "ocs_total": 0.09758520871400833,
      "ocs_metal": 0.0879739448428154,
      "ocs_dark": 0.00833557453006506,
      "ocs_solar": 0.0012756859650835395,
      "n_pixels_camera_visible": 6357,
      "n_pixels_contributing": 4200,
      "image_usable": true,
      "failed_reason": ""
    },
    {
      "geom_id": "Hsm_vp",
      "pose_id": "D4",
      "label": "yaw2425_pitchp0225_roll+015",
      "role": "top1_neighbor",
      "group": "top1_neighbor",
      "sun_offset": -7,
      "view_offset": 7,
      "yaw": 242.5,
      "pitch": 22.5,
      "roll": 15.0,
      "sun_dir": [
        0.915667895194329,
        0.0,
        0.4019356984772403
      ],
      "det_dir": [
        0.437259804377141,
        -0.874519608754282,
        0.20980781057987746
      ],
      "camera_exr_src": "REUSED_26/G3_view_plus",
      "sun_exr_src": "REUSED_26/G2_sun_minus",
      "status": "COMPLETE",
      "ocs_total": 0.1308184564113617,
      "ocs_metal": 0.1208019033074379,
      "ocs_dark": 0.00855911336839199,
      "ocs_solar": 0.0014574307715520263,
      "n_pixels_camera_visible": 6200,
      "n_pixels_contributing": 4244,
      "image_usable": true,
      "failed_reason": ""
    },
    {
      "geom_id": "Hsm_vp",
      "pose_id": "D5_roll125",
      "label": "yaw2450_pitchp0275_roll+0125",
      "role": "top1_neighbor_roll125",
      "group": "top1_neighbor",
      "sun_offset": -7,
      "view_offset": 7,
      "yaw": 245.0,
      "pitch": 27.5,
      "roll": 12.5,
      "sun_dir": [
        0.915667895194329,
        0.0,
        0.4019356984772403
      ],
      "det_dir": [
        0.437259804377141,
        -0.874519608754282,
        0.20980781057987746
      ],
      "camera_exr_src": "REUSED_26/G3_view_plus",
      "sun_exr_src": "REUSED_26/G2_sun_minus",
      "status": "COMPLETE",
      "ocs_total": 0.08454914391040802,
      "ocs_metal": 0.07513734698295593,
      "ocs_dark": 0.00815422460436821,
      "ocs_solar": 0.001257575349882245,
      "n_pixels_camera_visible": 6307,
      "n_pixels_contributing": 4146,
      "image_usable": true,
      "failed_reason": ""
    },
    {
      "geom_id": "Hsm_vp",
      "pose_id": "D6_roll175",
      "label": "yaw2475_pitchp0300_roll+0175",
      "role": "top1_neighbor_roll175",
      "group": "top1_neighbor",
      "sun_offset": -7,
      "view_offset": 7,
      "yaw": 247.5,
      "pitch": 30.0,
      "roll": 17.5,
      "sun_dir": [
        0.915667895194329,
        0.0,
        0.4019356984772403
      ],
      "det_dir": [
        0.437259804377141,
        -0.874519608754282,
        0.20980781057987746
      ],
      "camera_exr_src": "REUSED_26/G3_view_plus",
      "sun_exr_src": "REUSED_26/G2_sun_minus",
      "status": "COMPLETE",
      "ocs_total": 0.1499152034521103,
      "ocs_metal": 0.1397196352481842,
      "ocs_dark": 0.008717128075659275,
      "ocs_solar": 0.0014784428058192134,
      "n_pixels_camera_visible": 6272,
      "n_pixels_contributing": 4190,
      "image_usable": true,
      "failed_reason": ""
    },
    {
      "geom_id": "Hsm_vp",
      "pose_id": "E1_R4roll-15",
      "label": "yaw1475_pitchp0125_roll-015",
      "role": "R4_cluster_nsm1",
      "group": "R4_cluster",
      "sun_offset": -7,
      "view_offset": 7,
      "yaw": 147.5,
      "pitch": 12.5,
      "roll": -15.0,
      "sun_dir": [
        0.915667895194329,
        0.0,
        0.4019356984772403
      ],
      "det_dir": [
        0.437259804377141,
        -0.874519608754282,
        0.20980781057987746
      ],
      "camera_exr_src": "REUSED_26/G3_view_plus",
      "sun_exr_src": "REUSED_26/G2_sun_minus",
      "status": "COMPLETE",
      "ocs_total": 0.10309908539056778,
      "ocs_metal": 0.10091753304004669,
      "ocs_dark": 0.0009274341282434762,
      "ocs_solar": 0.00125410920009017,
      "n_pixels_camera_visible": 5660,
      "n_pixels_contributing": 3379,
      "image_usable": true,
      "failed_reason": ""
    },
    {
      "geom_id": "Hsm_vp",
      "pose_id": "E2_R4roll+15",
      "label": "yaw1475_pitchp0125_roll+015",
      "role": "R4_cluster_nsm1",
      "group": "R4_cluster",
      "sun_offset": -7,
      "view_offset": 7,
      "yaw": 147.5,
      "pitch": 12.5,
      "roll": 15.0,
      "sun_dir": [
        0.915667895194329,
        0.0,
        0.4019356984772403
      ],
      "det_dir": [
        0.437259804377141,
        -0.874519608754282,
        0.20980781057987746
      ],
      "camera_exr_src": "REUSED_26/G3_view_plus",
      "sun_exr_src": "REUSED_26/G2_sun_minus",
      "status": "COMPLETE",
      "ocs_total": 0.1005048081278801,
      "ocs_metal": 0.09818767756223679,
      "ocs_dark": 0.0009324308484792709,
      "ocs_solar": 0.0013846836518496275,
      "n_pixels_camera_visible": 5538,
      "n_pixels_contributing": 2892,
      "image_usable": true,
      "failed_reason": ""
    },
    {
      "geom_id": "Hsm_vp",
      "pose_id": "F1_edge",
      "label": "yaw2425_pitchp0275_roll+015",
      "role": "bright_edge_nsm0",
      "group": "bright_edge",
      "sun_offset": -7,
      "view_offset": 7,
      "yaw": 242.5,
      "pitch": 27.5,
      "roll": 15.0,
      "sun_dir": [
        0.915667895194329,
        0.0,
        0.4019356984772403
      ],
      "det_dir": [
        0.437259804377141,
        -0.874519608754282,
        0.20980781057987746
      ],
      "camera_exr_src": "REUSED_26/G3_view_plus",
      "sun_exr_src": "REUSED_26/G2_sun_minus",
      "status": "COMPLETE",
      "ocs_total": 0.11890886723995209,
      "ocs_metal": 0.10910423845052719,
      "ocs_dark": 0.008467582985758781,
      "ocs_solar": 0.0013370418455451727,
      "n_pixels_camera_visible": 6218,
      "n_pixels_contributing": 4294,
      "image_usable": true,
      "failed_reason": ""
    },
    {
      "geom_id": "Hsm_vp",
      "pose_id": "F2_edge",
      "label": "yaw2475_pitchp0300_roll+015",
      "role": "bright_edge_nsm0",
      "group": "bright_edge",
      "sun_offset": -7,
      "view_offset": 7,
      "yaw": 247.5,
      "pitch": 30.0,
      "roll": 15.0,
      "sun_dir": [
        0.915667895194329,
        0.0,
        0.4019356984772403
      ],
      "det_dir": [
        0.437259804377141,
        -0.874519608754282,
        0.20980781057987746
      ],
      "camera_exr_src": "REUSED_26/G3_view_plus",
      "sun_exr_src": "REUSED_26/G2_sun_minus",
      "status": "COMPLETE",
      "ocs_total": 0.10898402333259583,
      "ocs_metal": 0.09941407293081284,
      "ocs_dark": 0.008342425338923931,
      "ocs_solar": 0.001227534026838839,
      "n_pixels_camera_visible": 6327,
      "n_pixels_contributing": 4106,
      "image_usable": true,
      "failed_reason": ""
    },
    {
      "geom_id": "Hsm_vp",
      "pose_id": "F3_edge",
      "label": "yaw240_pitch+015_roll+015",
      "role": "bright_edge_nsm0",
      "group": "bright_edge",
      "sun_offset": -7,
      "view_offset": 7,
      "yaw": 240.0,
      "pitch": 15.0,
      "roll": 15.0,
      "sun_dir": [
        0.915667895194329,
        0.0,
        0.4019356984772403
      ],
      "det_dir": [
        0.437259804377141,
        -0.874519608754282,
        0.20980781057987746
      ],
      "camera_exr_src": "REUSED_26/G3_view_plus",
      "sun_exr_src": "REUSED_26/G2_sun_minus",
      "status": "COMPLETE",
      "ocs_total": 0.1418304145336151,
      "ocs_metal": 0.13175681233406067,
      "ocs_dark": 0.008633098565042019,
      "ocs_solar": 0.0014405077090486884,
      "n_pixels_camera_visible": 6103,
      "n_pixels_contributing": 4710,
      "image_usable": true,
      "failed_reason": ""
    },
    {
      "geom_id": "Hsm_vm",
      "pose_id": "A_top1",
      "label": "yaw2450_pitchp0275_roll+015",
      "role": "top1",
      "group": "mandatory",
      "sun_offset": -7,
      "view_offset": -7,
      "yaw": 245.0,
      "pitch": 27.5,
      "roll": 15.0,
      "sun_dir": [
        0.915667895194329,
        0.0,
        0.4019356984772403
      ],
      "det_dir": [
        0.44697058609971635,
        -0.8939411721994327,
        -0.032961732484506
      ],
      "camera_exr_src": "REUSED_26/G4_view_minus",
      "sun_exr_src": "REUSED_26/G2_sun_minus",
      "status": "COMPLETE",
      "ocs_total": 0.1966460943222046,
      "ocs_metal": 0.1866026371717453,
      "ocs_dark": 0.008384425193071365,
      "ocs_solar": 0.0016590155428275466,
      "n_pixels_camera_visible": 5937,
      "n_pixels_contributing": 3978,
      "image_usable": true,
      "failed_reason": ""
    },
    {
      "geom_id": "Hsm_vm",
      "pose_id": "B_R4",
      "label": "yaw1475_pitchp0125_roll+000",
      "role": "R4_robust",
      "group": "mandatory",
      "sun_offset": -7,
      "view_offset": -7,
      "yaw": 147.5,
      "pitch": 12.5,
      "roll": 0.0,
      "sun_dir": [
        0.915667895194329,
        0.0,
        0.4019356984772403
      ],
      "det_dir": [
        0.44697058609971635,
        -0.8939411721994327,
        -0.032961732484506
      ],
      "camera_exr_src": "REUSED_26/G4_view_minus",
      "sun_exr_src": "REUSED_26/G2_sun_minus",
      "status": "COMPLETE",
      "ocs_total": 0.18749646842479706,
      "ocs_metal": 0.18469589948654175,
      "ocs_dark": 0.0008885188144631684,
      "ocs_solar": 0.001912049250677228,
      "n_pixels_camera_visible": 5729,
      "n_pixels_contributing": 2646,
      "image_usable": true,
      "failed_reason": ""
    },
    {
      "geom_id": "Hsm_vm",
      "pose_id": "C_R3",
      "label": "yaw055_pitch+060_roll+000",
      "role": "R3_negative",
      "group": "mandatory",
      "sun_offset": -7,
      "view_offset": -7,
      "yaw": 55.0,
      "pitch": 60.0,
      "roll": 0.0,
      "sun_dir": [
        0.915667895194329,
        0.0,
        0.4019356984772403
      ],
      "det_dir": [
        0.44697058609971635,
        -0.8939411721994327,
        -0.032961732484506
      ],
      "camera_exr_src": "REUSED_26/G4_view_minus",
      "sun_exr_src": "REUSED_26/G2_sun_minus",
      "status": "COMPLETE",
      "ocs_total": 0.06605351716279984,
      "ocs_metal": 0.06522247195243835,
      "ocs_dark": 0.0,
      "ocs_solar": 0.0008310395642183721,
      "n_pixels_camera_visible": 6271,
      "n_pixels_contributing": 4608,
      "image_usable": true,
      "failed_reason": ""
    },
    {
      "geom_id": "Hsm_vm",
      "pose_id": "D1",
      "label": "yaw2450_pitchp0300_roll+015",
      "role": "top1_neighbor",
      "group": "top1_neighbor",
      "sun_offset": -7,
      "view_offset": -7,
      "yaw": 245.0,
      "pitch": 30.0,
      "roll": 15.0,
      "sun_dir": [
        0.915667895194329,
        0.0,
        0.4019356984772403
      ],
      "det_dir": [
        0.44697058609971635,
        -0.8939411721994327,
        -0.032961732484506
      ],
      "camera_exr_src": "REUSED_26/G4_view_minus",
      "sun_exr_src": "REUSED_26/G2_sun_minus",
      "status": "COMPLETE",
      "ocs_total": 0.19828413426876068,
      "ocs_metal": 0.18826249241828918,
      "ocs_dark": 0.0084298737347126,
      "ocs_solar": 0.0015917671844363213,
      "n_pixels_camera_visible": 5991,
      "n_pixels_contributing": 4011,
      "image_usable": true,
      "failed_reason": ""
    },
    {
      "geom_id": "Hsm_vm",
      "pose_id": "D2",
      "label": "yaw2450_pitchp0325_roll+015",
      "role": "top1_neighbor",
      "group": "top1_neighbor",
      "sun_offset": -7,
      "view_offset": -7,
      "yaw": 245.0,
      "pitch": 32.5,
      "roll": 15.0,
      "sun_dir": [
        0.915667895194329,
        0.0,
        0.4019356984772403
      ],
      "det_dir": [
        0.44697058609971635,
        -0.8939411721994327,
        -0.032961732484506
      ],
      "camera_exr_src": "REUSED_26/G4_view_minus",
      "sun_exr_src": "REUSED_26/G2_sun_minus",
      "status": "COMPLETE",
      "ocs_total": 0.20011106133460999,
      "ocs_metal": 0.19018733501434326,
      "ocs_dark": 0.008401499129831791,
      "ocs_solar": 0.0015222271904349327,
      "n_pixels_camera_visible": 6051,
      "n_pixels_contributing": 4029,
      "image_usable": true,
      "failed_reason": ""
    },
    {
      "geom_id": "Hsm_vm",
      "pose_id": "D3",
      "label": "yaw2475_pitchp0375_roll+015",
      "role": "top1_neighbor",
      "group": "top1_neighbor",
      "sun_offset": -7,
      "view_offset": -7,
      "yaw": 247.5,
      "pitch": 37.5,
      "roll": 15.0,
      "sun_dir": [
        0.915667895194329,
        0.0,
        0.4019356984772403
      ],
      "det_dir": [
        0.44697058609971635,
        -0.8939411721994327,
        -0.032961732484506
      ],
      "camera_exr_src": "REUSED_26/G4_view_minus",
      "sun_exr_src": "REUSED_26/G2_sun_minus",
      "status": "COMPLETE",
      "ocs_total": 0.1921626776456833,
      "ocs_metal": 0.18227507174015045,
      "ocs_dark": 0.008437827229499817,
      "ocs_solar": 0.0014497577212750912,
      "n_pixels_camera_visible": 6169,
      "n_pixels_contributing": 3991,
      "image_usable": true,
      "failed_reason": ""
    },
    {
      "geom_id": "Hsm_vm",
      "pose_id": "D4",
      "label": "yaw2425_pitchp0225_roll+015",
      "role": "top1_neighbor",
      "group": "top1_neighbor",
      "sun_offset": -7,
      "view_offset": -7,
      "yaw": 242.5,
      "pitch": 22.5,
      "roll": 15.0,
      "sun_dir": [
        0.915667895194329,
        0.0,
        0.4019356984772403
      ],
      "det_dir": [
        0.44697058609971635,
        -0.8939411721994327,
        -0.032961732484506
      ],
      "camera_exr_src": "REUSED_26/G4_view_minus",
      "sun_exr_src": "REUSED_26/G2_sun_minus",
      "status": "COMPLETE",
      "ocs_total": 0.19475533068180084,
      "ocs_metal": 0.18474987149238586,
      "ocs_dark": 0.008433865383267403,
      "ocs_solar": 0.001571556436829269,
      "n_pixels_camera_visible": 5842,
      "n_pixels_contributing": 4153,
      "image_usable": true,
      "failed_reason": ""
    },
    {
      "geom_id": "Hsm_vm",
      "pose_id": "D5_roll125",
      "label": "yaw2450_pitchp0275_roll+0125",
      "role": "top1_neighbor_roll125",
      "group": "top1_neighbor",
      "sun_offset": -7,
      "view_offset": -7,
      "yaw": 245.0,
      "pitch": 27.5,
      "roll": 12.5,
      "sun_dir": [
        0.915667895194329,
        0.0,
        0.4019356984772403
      ],
      "det_dir": [
        0.44697058609971635,
        -0.8939411721994327,
        -0.032961732484506
      ],
      "camera_exr_src": "REUSED_26/G4_view_minus",
      "sun_exr_src": "REUSED_26/G2_sun_minus",
      "status": "COMPLETE",
      "ocs_total": 0.1819402128458023,
      "ocs_metal": 0.17215481400489807,
      "ocs_dark": 0.008344689384102821,
      "ocs_solar": 0.0014407223789021373,
      "n_pixels_camera_visible": 6010,
      "n_pixels_contributing": 3950,
      "image_usable": true,
      "failed_reason": ""
    },
    {
      "geom_id": "Hsm_vm",
      "pose_id": "D6_roll175",
      "label": "yaw2475_pitchp0300_roll+0175",
      "role": "top1_neighbor_roll175",
      "group": "top1_neighbor",
      "sun_offset": -7,
      "view_offset": -7,
      "yaw": 247.5,
      "pitch": 30.0,
      "roll": 17.5,
      "sun_dir": [
        0.915667895194329,
        0.0,
        0.4019356984772403
      ],
      "det_dir": [
        0.44697058609971635,
        -0.8939411721994327,
        -0.032961732484506
      ],
      "camera_exr_src": "REUSED_26/G4_view_minus",
      "sun_exr_src": "REUSED_26/G2_sun_minus",
      "status": "COMPLETE",
      "ocs_total": 0.1815331131219864,
      "ocs_metal": 0.17173759639263153,
      "ocs_dark": 0.00833788514137268,
      "ocs_solar": 0.0014576358953490853,
      "n_pixels_camera_visible": 5953,
      "n_pixels_contributing": 3913,
      "image_usable": true,
      "failed_reason": ""
    },
    {
      "geom_id": "Hsm_vm",
      "pose_id": "E1_R4roll-15",
      "label": "yaw1475_pitchp0125_roll-015",
      "role": "R4_cluster_nsm1",
      "group": "R4_cluster",
      "sun_offset": -7,
      "view_offset": -7,
      "yaw": 147.5,
      "pitch": 12.5,
      "roll": -15.0,
      "sun_dir": [
        0.915667895194329,
        0.0,
        0.4019356984772403
      ],
      "det_dir": [
        0.44697058609971635,
        -0.8939411721994327,
        -0.032961732484506
      ],
      "camera_exr_src": "REUSED_26/G4_view_minus",
      "sun_exr_src": "REUSED_26/G2_sun_minus",
      "status": "COMPLETE",
      "ocs_total": 0.19121064245700836,
      "ocs_metal": 0.1888023316860199,
      "ocs_dark": 0.0009093298576772213,
      "ocs_solar": 0.0014989750925451517,
      "n_pixels_camera_visible": 5650,
      "n_pixels_contributing": 2714,
      "image_usable": true,
      "failed_reason": ""
    },
    {
      "geom_id": "Hsm_vm",
      "pose_id": "E2_R4roll+15",
      "label": "yaw1475_pitchp0125_roll+015",
      "role": "R4_cluster_nsm1",
      "group": "R4_cluster",
      "sun_offset": -7,
      "view_offset": -7,
      "yaw": 147.5,
      "pitch": 12.5,
      "roll": 15.0,
      "sun_dir": [
        0.915667895194329,
        0.0,
        0.4019356984772403
      ],
      "det_dir": [
        0.44697058609971635,
        -0.8939411721994327,
        -0.032961732484506
      ],
      "camera_exr_src": "REUSED_26/G4_view_minus",
      "sun_exr_src": "REUSED_26/G2_sun_minus",
      "status": "COMPLETE",
      "ocs_total": 0.18605108559131622,
      "ocs_metal": 0.18321195244789124,
      "ocs_dark": 0.0009237066260538995,
      "ocs_solar": 0.0019154325127601624,
      "n_pixels_camera_visible": 5593,
      "n_pixels_contributing": 2578,
      "image_usable": true,
      "failed_reason": ""
    },
    {
      "geom_id": "Hsm_vm",
      "pose_id": "F1_edge",
      "label": "yaw2425_pitchp0275_roll+015",
      "role": "bright_edge_nsm0",
      "group": "bright_edge",
      "sun_offset": -7,
      "view_offset": -7,
      "yaw": 242.5,
      "pitch": 27.5,
      "roll": 15.0,
      "sun_dir": [
        0.915667895194329,
        0.0,
        0.4019356984772403
      ],
      "det_dir": [
        0.44697058609971635,
        -0.8939411721994327,
        -0.032961732484506
      ],
      "camera_exr_src": "REUSED_26/G4_view_minus",
      "sun_exr_src": "REUSED_26/G2_sun_minus",
      "status": "COMPLETE",
      "ocs_total": 0.19481207430362701,
      "ocs_metal": 0.18477530777454376,
      "ocs_dark": 0.008400632999837399,
      "ocs_solar": 0.001636125729419291,
      "n_pixels_camera_visible": 5875,
      "n_pixels_contributing": 4069,
      "image_usable": true,
      "failed_reason": ""
    },
    {
      "geom_id": "Hsm_vm",
      "pose_id": "F2_edge",
      "label": "yaw2475_pitchp0300_roll+015",
      "role": "bright_edge_nsm0",
      "group": "bright_edge",
      "sun_offset": -7,
      "view_offset": -7,
      "yaw": 247.5,
      "pitch": 30.0,
      "roll": 15.0,
      "sun_dir": [
        0.915667895194329,
        0.0,
        0.4019356984772403
      ],
      "det_dir": [
        0.44697058609971635,
        -0.8939411721994327,
        -0.032961732484506
      ],
      "camera_exr_src": "REUSED_26/G4_view_minus",
      "sun_exr_src": "REUSED_26/G2_sun_minus",
      "status": "COMPLETE",
      "ocs_total": 0.17992036044597626,
      "ocs_metal": 0.17009425163269043,
      "ocs_dark": 0.008325755596160889,
      "ocs_solar": 0.0015003718435764313,
      "n_pixels_camera_visible": 6028,
      "n_pixels_contributing": 3905,
      "image_usable": true,
      "failed_reason": ""
    },
    {
      "geom_id": "Hsm_vm",
      "pose_id": "F3_edge",
      "label": "yaw240_pitch+015_roll+015",
      "role": "bright_edge_nsm0",
      "group": "bright_edge",
      "sun_offset": -7,
      "view_offset": -7,
      "yaw": 240.0,
      "pitch": 15.0,
      "roll": 15.0,
      "sun_dir": [
        0.915667895194329,
        0.0,
        0.4019356984772403
      ],
      "det_dir": [
        0.44697058609971635,
        -0.8939411721994327,
        -0.032961732484506
      ],
      "camera_exr_src": "REUSED_26/G4_view_minus",
      "sun_exr_src": "REUSED_26/G2_sun_minus",
      "status": "COMPLETE",
      "ocs_total": 0.18480677902698517,
      "ocs_metal": 0.1748681366443634,
      "ocs_dark": 0.00841543823480606,
      "ocs_solar": 0.0015232182340696454,
      "n_pixels_camera_visible": 6023,
      "n_pixels_contributing": 3889,
      "image_usable": true,
      "failed_reason": ""
    }
  ]
}