yaw,pitch,total_ocs_m2,metal_body_ocs_m2,solar_panel_ocs_m2,baffle_ocs_m2,occlusion_ratio_frac
0.0,-90.0,0.0119999790347302,0.0024330038096705,0.0093455576077246,0.000221417617335,0.6855209518030154
5.0,-90.0,0.0109165882246384,0.0014376959116889,0.0090755788017479,0.0004033135112015,0.6886177456869866
10.0,-90.0,0.0105773807988124,0.000950361428946,0.0090333393919489,0.0005936799779174,0.7235613524602025
15.0,-90.0,0.0112607987571555,0.0014652027925658,0.0090191533532349,0.0007764426113547,0.7467253462915213
20.0,-90.0,0.0120951600440466,0.0021157357971181,0.0090257416890616,0.0009536825578667,0.8339343606090532
25.0,-90.0,0.0127920967792919,0.0026585631360123,0.0090375153142552,0.0010960183290243,0.8424025381375129
30.0,-90.0,0.0134613768495583,0.0031824040822733,0.0090497397341181,0.0012292330331669,0.7447220198478055
35.0,-90.0,0.011985525008289,0.0015849804705039,0.0090744302701836,0.0013261142676014,0.7291236597890993
40.0,-90.0,0.0112145968597414,0.0007502649878797,0.0090811642170154,0.0013831676548462,0.7273144261938579
45.0,-90.0,0.0111661113058105,0.0006686119655773,0.0090770623205768,0.0014204370196563,0.7065053133821011
50.0,-90.0,0.0112183073062892,0.0007120434833546,0.0090815525170484,0.0014247113058861,0.6925529917184299
55.0,-90.0,0.0110378704849643,0.0005629863965911,0.0090783548842777,0.0013965292040954,0.6815877880828771
60.0,-90.0,0.0109303317950694,0.0005200250290685,0.0090720890985444,0.0013382176674564,0.6823009550670839
65.0,-90.0,0.0108291970011877,0.0005246272938074,0.0090644575347299,0.0012401121726503,0.6723202904035638
70.0,-90.0,0.0107350617196468,0.0005760641647199,0.0090353406929729,0.0011236568619539,0.6712793275279234
75.0,-90.0,0.0108310996763624,0.0009052374250975,0.0089526586928405,0.0009732035584243,0.6684623557014728
80.0,-90.0,0.0104270127089556,0.0006751077059143,0.0089411722282117,0.0008107327748295,0.6775238067712641
85.0,-90.0,0.0102452685186411,0.000680938862799,0.0089251572431554,0.0006391724126866,0.6834945876544194
90.0,-90.0,0.010528271521081,0.0015224079075834,0.0085742657680199,0.0004315978454776,0.6789376986576285
95.0,-90.0,0.0118283349033651,0.0026908471945112,0.008901320422104,0.0002361672867497,0.6514432050272911
100.0,-90.0,0.0095598173438078,0.0007126235466524,0.0086244307456656,0.0002227630514897,0.7096100560850196
105.0,-90.0,0.0095678520192065,0.0010126291006558,0.0083163595519708,0.0002388633665798,0.7389477442192955
110.0,-90.0,0.0096105821602865,0.0020844107402881,0.0072693306341429,0.0002568407858555,0.827482711837026
115.0,-90.0,0.0096859127257897,0.0025840268855639,0.0068315581701733,0.0002703276700524,0.8369665604283167
120.0,-90.0,0.0085781254307312,0.0014750936292203,0.0068206576454337,0.0002823741560772,0.7836061543380288
125.0,-90.0,0.0078263237085204,0.0007631071684817,0.0067718980226639,0.0002913185173747,0.767708170627383
130.0,-90.0,0.0072298484829125,0.0008779296109882,0.0060451805472051,0.0003067383247191,0.7864304374786287
135.0,-90.0,0.0075880559288385,0.0017489823054746,0.0055340711004859,0.0003050025228779,0.798006286697448
140.0,-90.0,0.0059890511867651,0.0007541689872577,0.0049382517926743,0.000296630406833,0.8314088369424676
145.0,-90.0,0.0058572327741051,0.0006283879146443,0.0049262647074958,0.0003025801519648,0.819619510485243
150.0,-90.0,0.006037571804009,0.0007940877326983,0.0049460650353772,0.0002974190359334,0.8126655333200541
155.0,-90.0,0.0068753910226604,0.0011950521836742,0.0053908554843337,0.0002894833546524,0.7905038909711384
160.0,-90.0,0.0071122466905331,0.0017327285719731,0.0050917847021265,0.0002877334164334,0.7886227807828848
165.0,-90.0,0.0078475330016226,0.0024213826862777,0.0051458521081778,0.0002802982071669,0.774850721849008
170.0,-90.0,0.0089426976009942,0.0029919813326128,0.0056947940568525,0.0002559222115287,0.749555309207022
175.0,-90.0,0.0070343013939714,0.0013168753538898,0.0054809584155828,0.0002364676244987,0.7964241971454632
180.0,-90.0,0.0082205848828678,0.0023071691619017,0.0056933684248618,0.0002200472961042,0.7659326657573307
185.0,-90.0,0.0071099799424059,0.0011745747247356,0.0055623405377156,0.0003730646799546,0.7981893162629599
190.0,-90.0,0.0068708765310621,0.0006895679650429,0.0056439565248298,0.0005373520411893,0.8325169411198025
195.0,-90.0,0.0074267092058631,0.0011085753277352,0.0056219585453569,0.0006961753327708,0.8736475995273002
200.0,-90.0,0.0080994854668657,0.0015277438284387,0.0057240439956368,0.00084769764279,0.9568028612522524
205.0,-90.0,0.0073580252518785,0.0012502527513262,0.0051304473470914,0.0009773251534608,0.9707154354467888
210.0,-90.0,0.0081011381050788,0.0013101916663041,0.0056864295998092,0.0011045168389655,0.8957032804463788
215.0,-90.0,0.0091374983526554,0.0023323233880122,0.0056160444561507,0.0011891305084924,0.8176872754496854
220.0,-90.0,0.0091829983575281,0.0010811947636901,0.0068626092169967,0.0012391943768413,0.7815107903408489
225.0,-90.0,0.0085220839235325,0.001098296669233,0.0061616625279916,0.0012621247263077,0.823371364684011
230.0,-90.0,0.009219512632018,0.0019172672698886,0.0060338354476022,0.0012684099145272,0.7883676417488635
235.0,-90.0,0.0104573019210993,0.0025000676347206,0.0067003150109587,0.00125691927542,0.7446452174725153
240.0,-90.0,0.0215151799988211,0.0129604310438267,0.0073485639025502,0.0012061850524441,0.5812146025681582
245.0,-90.0,0.0236444032718269,0.0151974429213356,0.0073406123371845,0.0011063480133067,0.5356071340543768
250.0,-90.0,0.0118986828769176,0.0037309282555281,0.0071750228651403,0.0009927317562491,0.6845087773522673
255.0,-90.0,0.0104171880727285,0.0024479273348929,0.0071100390875326,0.000859221650303,0.7147325146931318
260.0,-90.0,0.0097381548743382,0.0019190538573671,0.0070937152276805,0.0007253857892905,0.7425703508589054
265.0,-90.0,0.009609510542073,0.0019631051265696,0.007078780483101,0.0005676249324023,0.7476234740074897
270.0,-90.0,0.0097126797262777,0.0021006818983552,0.0072286497345046,0.0003833480934178,0.7393788968877588
275.0,-90.0,0.0110991348472865,0.0041702422994452,0.0067113519034035,0.0002175406444377,0.732207293408077
280.0,-90.0,0.0195866293746859,0.0126516624902494,0.0067258768205487,0.0002090900638877,0.6104882843051141
285.0,-90.0,0.0125320172748661,0.0051079769862577,0.0071970733883944,0.0002269669002139,0.7122616406717253
290.0,-90.0,0.0110552365172904,0.0038152679151183,0.0069736701279742,0.0002662984741978,0.8217801242941875
295.0,-90.0,0.0110021927863212,0.0030282616215022,0.0076735117826012,0.0003004193822177,0.8366342513406768
300.0,-90.0,0.0101382316123082,0.0020269257020376,0.0078000889079132,0.0003112170023573,0.7525032692427835
305.0,-90.0,0.009600758599462,0.0014851885599013,0.0077966954029707,0.0003188746365899,0.7258328586378965
310.0,-90.0,0.0104335545909426,0.0016090632809384,0.0085214474905012,0.0003030438195029,0.6942997903591928
315.0,-90.0,0.0114478479804489,0.0025516624210132,0.0085803765246639,0.0003158090347717,0.6777517455900535
320.0,-90.0,0.0104147710320868,0.0013817999978282,0.0087356830909053,0.0002972879433532,0.7099774959867435
325.0,-90.0,0.0101157793670376,0.001116676823784,0.0087261221336855,0.0002729804095681,0.7040569082639709
330.0,-90.0,0.0099780020259955,0.0010623875431905,0.0086376640774437,0.0002779504053611,0.6988310572590836
335.0,-90.0,0.0108372330282921,0.0015921962260987,0.0089738019222873,0.000271234879906,0.677634427330626
340.0,-90.0,0.0152015431091022,0.0059095774615863,0.0090273435641034,0.0002646220834124,0.6394274622797191
345.0,-90.0,0.0179340153418746,0.0086587177924753,0.009019400593063,0.0002558969563362,0.6205031483655906
350.0,-90.0,0.0128189407781012,0.0035610420121197,0.0090134408232462,0.0002444579427352,0.6564912293938656
355.0,-90.0,0.0107151715745844,0.0014293312487844,0.0090542467488075,0.0002315935769924,0.6958231720891009
360.0,-90.0,0.0119999790347301,0.0024330038096703,0.0093455576077246,0.000221417617335,0.6855209518030176
0.0,-85.0,0.0109637314879088,0.001038639490627,0.0097045152432524,0.0002205767540293,0.6946164945055973
5.0,-85.0,0.0109539763663594,0.0011674202998814,0.0094342350333426,0.0003523210331354,0.7244118623005054
10.0,-85.0,0.0123650751329899,0.0024704941057563,0.0094098374100425,0.0004847436171911,0.7479306135871655
15.0,-85.0,0.012680132603406,0.0027004301466129,0.009367377938686,0.000612324518107,0.8292500757120225
20.0,-85.0,0.0150350790500754,0.0049325841874774,0.0093678755330643,0.0007346193295335,0.7638982662432947
25.0,-85.0,0.0125463245671328,0.0023348830045684,0.0093751566040467,0.0008362849585176,0.730749031191793
30.0,-85.0,0.0112740307691119,0.0009704203046675,0.0093833426622302,0.000920267802214,0.7186007089626296
35.0,-85.0,0.0110344480048588,0.0006645235095258,0.0093897461409482,0.0009801783543846,0.708631544922502
40.0,-85.0,0.0110463633318489,0.0006440383930062,0.0093860237873416,0.0010163011515009,0.7066596361554778
45.0,-85.0,0.01103950163931,0.0005993908500108,0.009391979686149,0.0010481311031501,0.7112217230239145
50.0,-85.0,0.0109759584914767,0.0005225814817785,0.0094074871619098,0.0010458898477884,0.688026758166701
55.0,-85.0,0.0109231701715748,0.0004971744695718,0.0094049085410066,0.0010210871609963,0.681948473297781
60.0,-85.0,0.0108615831690485,0.0004935799484837,0.0094018234590173,0.0009661797615474,0.6775752119459378
65.0,-85.0,0.0108012705232596,0.0005080916117695,0.0093946895956238,0.0008984893158662,0.6778990883347389
70.0,-85.0,0.010719252952504,0.0005791721014694,0.0093284618511942,0.0008116189998404,0.6792731544404494
75.0,-85.0,0.0105142775143998,0.0005318592462161,0.0092844845347884,0.0006979337333952,0.6845924880169152
80.0,-85.0,0.0105621149368002,0.0007139850349299,0.0092604707260456,0.0005876591758246,0.68368347291099
85.0,-85.0,0.010555118724548,0.0012221367812339,0.0088908725346802,0.0004421094086338,0.6886812246700855
90.0,-85.0,0.0103402850052383,0.0010827708165775,0.0089600158551973,0.0002974983334634,0.6955695276853627
95.0,-85.0,0.0100418976490583,0.0009340860886396,0.0089002734412266,0.000207538119192,0.7182663889615533
100.0,-85.0,0.0108408336031692,0.001467760056489,0.009153438094303,0.0002196354523771,0.7599372027057172
105.0,-85.0,0.0112482098682223,0.0026333480543009,0.0083825389839737,0.0002323228299475,0.8316954027445498
110.0,-85.0,0.009565692731943,0.0017894290791758,0.007537202702126,0.0002390609506411,0.8155752134304805
115.0,-85.0,0.0080148908599495,0.0009875884859121,0.0067793818997293,0.000247920474308,0.7940412835096603
120.0,-85.0,0.0080305835405902,0.0008298942718067,0.0069457635874672,0.0002549256813162,0.7703797899612717
125.0,-85.0,0.0084996254190036,0.0018463896810902,0.0063831817341366,0.0002700540037767,0.7930257704592252
130.0,-85.0,0.00827684502408,0.0018388461990243,0.0061643144795099,0.0002736843455458,0.8267520413312132
135.0,-85.0,0.0062275458088071,0.0007642738477847,0.0051877966010488,0.0002754753599735,0.8274156063671387
140.0,-85.0,0.0060772979111871,0.0007139436642724,0.0050975144683665,0.0002658397785482,0.8195510396660248
145.0,-85.0,0.006703971104952,0.0010149830113937,0.0054171601298278,0.0002718279637304,0.8022826210974705
150.0,-85.0,0.0068461916066977,0.0012431614953433,0.0053350562633817,0.0002679738479726,0.8006586726510165
155.0,-85.0,0.0071132925196825,0.0013467055723038,0.005504142029844,0.0002624449175346,0.7921274404274063
160.0,-85.0,0.0074439117636422,0.0017541533844589,0.005426702414701,0.0002630559644821,0.7911268943892783
165.0,-85.0,0.0079732464250806,0.0013716308112006,0.0063621893875554,0.0002394262263246,0.7879066122793855
170.0,-85.0,0.007493687046407,0.0012006331014269,0.0060638779618243,0.0002291759831557,0.7960419814535039
175.0,-85.0,0.0077868519065793,0.0018171193111558,0.005751901007752,0.0002178315876714,0.7843327410298412
180.0,-85.0,0.0076745373462403,0.0008277537691493,0.0066410007074647,0.0002057828696262,0.7917566170284487
185.0,-85.0,0.0069091404890854,0.0008075922890815,0.0057825401853097,0.0003190080146941,0.8445391906683263
190.0,-85.0,0.0083661215173879,0.0021050151569142,0.0058267037655038,0.0004344025949698,0.882928802007429
195.0,-85.0,0.0081806828891671,0.001756108977892,0.0058795123217164,0.0005450615895586,0.9505240200680096
200.0,-85.0,0.0084937617321961,0.0018218488848518,0.0060061799704947,0.0006657328768495,0.9252924055269356
205.0,-85.0,0.0080582312863842,0.0011340230572556,0.0061701046310742,0.0007541035980544,0.8717914985538978
210.0,-85.0,0.0084739086232835,0.0008246490826728,0.006821134453199,0.0008281250874116,0.8245088892369854
215.0,-85.0,0.0091396719330794,0.001318666860335,0.0069363232368885,0.0008846818358558,0.7889650332506857
220.0,-85.0,0.009610679408915,0.0016055665018338,0.0070857033222952,0.0009194095847859,0.7853865356718759
225.0,-85.0,0.0093144502007787,0.0015221242818857,0.0068492697893271,0.0009430561295658,0.7841825759209862
230.0,-85.0,0.010356994950659,0.0025506676616104,0.0068645477565508,0.0009417795324977,0.7521588331511484
235.0,-85.0,0.012989552892202,0.0039308532537706,0.0081388253267921,0.0009198743116392,0.7049580060116261
240.0,-85.0,0.0122380666255865,0.0031858263916078,0.0081936988343541,0.0008585413996245,0.699202503244168
245.0,-85.0,0.0115739815827486,0.0024398862453498,0.008346420367117,0.0007876749702818,0.704906702130292
250.0,-85.0,0.0115032528335474,0.002458364849539,0.0083374583725971,0.0007074296114112,0.7223681110902913
255.0,-85.0,0.0115994083023232,0.0031775161885143,0.0078052500186312,0.0006166420951776,0.7392733844971335
260.0,-85.0,0.0127883739724032,0.0044741780393588,0.0077933828138231,0.0005208131192212,0.7034326037030764
265.0,-85.0,0.0119342885067152,0.0037475804887763,0.0077836301625683,0.0004030778553705,0.7400844951399568
270.0,-85.0,0.0183734406204293,0.0104452152927349,0.007664596693195,0.0002636286344993,0.6917358418072741
275.0,-85.0,0.0195815372226011,0.011452438771952,0.0079407165290171,0.0001883819216319,0.6166170001051192
280.0,-85.0,0.0122272732689157,0.0043691583160191,0.0076563709757467,0.0002017439771499,0.7495631045171816
285.0,-85.0,0.0122901459120647,0.0038338479422211,0.0082426025567741,0.0002136954130694,0.8217029008979957
290.0,-85.0,0.0121718162357905,0.0032302247947667,0.0086830337280342,0.0002585577129894,0.7675713503339623
295.0,-85.0,0.0114219277543714,0.0023700116201857,0.0087841788811059,0.0002677372530797,0.7168921501470783
300.0,-85.0,0.0110139803944537,0.001924558779446,0.0088219603738577,0.0002674612411498,0.6969632412749237
305.0,-85.0,0.0120787341205916,0.0029994929613014,0.0088146238386692,0.0002646173206208,0.6791474182495879
310.0,-85.0,0.0123045791660746,0.0029958200726841,0.009043870880498,0.0002648882128925,0.6845578447809681
315.0,-85.0,0.010968927016797,0.001653940833512,0.0090441488921812,0.0002708372911037,0.718072140010814
320.0,-85.0,0.0106504137828508,0.0014367191711261,0.0089528844912128,0.0002608101205118,0.7154421725370127
325.0,-85.0,0.0108836279705566,0.0013727467668536,0.0092561215212437,0.0002547596824592,0.6926105733935162
330.0,-85.0,0.0114540640268111,0.001889840853262,0.0093043155327097,0.0002599076408392,0.6800241117844477
335.0,-85.0,0.0128501480703247,0.0032785049493792,0.0093172288592021,0.0002544142617433,0.6634490730918114
340.0,-85.0,0.0125916961104815,0.0029829651898031,0.0093588876414625,0.0002498432792159,0.667999571381278
345.0,-85.0,0.0111398502999816,0.0015496466367344,0.0093473249623564,0.0002428787008907,0.7114102958985276
350.0,-85.0,0.0108453683477484,0.0012678792758115,0.0093430050336331,0.0002344840383037,0.7198010816346412
355.0,-85.0,0.0115048622435268,0.0018847418436944,0.0093921198677595,0.0002280005320727,0.6890172900323258
360.0,-85.0,0.0109637314879088,0.001038639490627,0.0097045152432524,0.0002205767540293,0.6946164945055974
0.0,-80.0,0.0117809053576277,0.0016468360195305,0.009919918800807,0.00021415053729,0.717849499311191
5.0,-80.0,0.0122809598652483,0.002339584940218,0.0096497691005732,0.0002916058244571,0.8063617317512428
10.0,-80.0,0.0139175043290729,0.0038928186805025,0.0096573404360905,0.0003673452124799,0.8191350438709386
15.0,-80.0,0.0135491428960779,0.003458043097634,0.0096523950562282,0.0004387047422155,0.748143022897846
20.0,-80.0,0.0113642166926113,0.001298768249036,0.0095665235047374,0.0004989249388378,0.7280231053199248
25.0,-80.0,0.0109163256688736,0.0007928628226006,0.0095674523230094,0.0005560105232634,0.712357590284821
30.0,-80.0,0.0108734957901459,0.0006996730309312,0.0095719147819817,0.0006019079772328,0.7081068981824621
35.0,-80.0,0.0108315843068473,0.0006145225092385,0.009575322106717,0.0006417396908916,0.7304618900793918
40.0,-80.0,0.0108184925699928,0.0005850192104302,0.009569304699681,0.0006641686598816,0.7039793896000381
45.0,-80.0,0.0107886739952456,0.000539085633728,0.0095747649628352,0.0006748233986824,0.6887959672591535
50.0,-80.0,0.0107881643083575,0.000542746850229,0.0095742181091081,0.0006711993490203,0.68324455238269
55.0,-80.0,0.0107636248336752,0.0005356752785714,0.0095735995750941,0.0006543499800096,0.6827362496640956
60.0,-80.0,0.0107997478752326,0.0006120704009604,0.0095713339239512,0.0006163435503208,0.6812783257629769
65.0,-80.0,0.0107308996754245,0.0006105311498469,0.0095458042386663,0.0005745642869113,0.6827264545619689
70.0,-80.0,0.0105647549400618,0.0005789689340154,0.0094709887812441,0.0005147972248023,0.6877526416628597
75.0,-80.0,0.0106474293073317,0.0007417412100666,0.0094539854660371,0.0004517026312278,0.6872055642833212
80.0,-80.0,0.0107526124981879,0.0010151415366038,0.009354719223439,0.000382751738145,0.6884428208638933
85.0,-80.0,0.0104618044866092,0.001076726833897,0.0090891756523099,0.0002959020004022,0.7069428969766831
90.0,-80.0,0.0114126174270953,0.0017662849901178,0.0094440154915379,0.0002023169454395,0.7195748200536418
95.0,-80.0,0.0129878726210083,0.0036568817783698,0.0091345066710618,0.0001964841715766,0.8110439312610472
100.0,-80.0,0.013134125129385,0.0043743281497875,0.0085567229377345,0.0002030740418629,0.8149899470959725
105.0,-80.0,0.009327186056784,0.0014316277267307,0.0076861163399411,0.0002094419901121,0.799243256154426
110.0,-80.0,0.0083553582748113,0.0010333203177426,0.007107535913604,0.0002145020434646,0.773772288055603
115.0,-80.0,0.0091006668961384,0.001742511176376,0.0071389139718707,0.0002192417478916,0.7562668430941927
120.0,-80.0,0.0141481723881441,0.0068392984560394,0.0070855140470815,0.0002233598850231,0.7424602722455499
125.0,-80.0,0.0087219942586016,0.0021397939998975,0.0063459474149044,0.0002362528437996,0.7865875337498172
130.0,-80.0,0.0069363636575012,0.0009243056725377,0.0057738358138164,0.000238222171147,0.8049644358486294
135.0,-80.0,0.0064737604905377,0.0009850824985926,0.0052499136475414,0.0002387643444036,0.8125837582334879
140.0,-80.0,0.0070016769522517,0.0015361358456074,0.0052187044418238,0.0002468366648203,0.8034359794365002
145.0,-80.0,0.007040230649022,0.001222270568338,0.0055724166816774,0.0002455433990066,0.7987427637392238
150.0,-80.0,0.0070871978900316,0.001251396265189,0.0056024300562014,0.0002333715686411,0.797585295819091
155.0,-80.0,0.0069568647032559,0.0012355880361355,0.0054834725270955,0.0002378041400248,0.8222014045268415
160.0,-80.0,0.0068578863909594,0.0010803674159894,0.0055439724897488,0.0002335464852211,0.815877378302148
165.0,-80.0,0.0076574980976062,0.0012763263597186,0.0061532071071697,0.0002279646307177,0.7908922633868144
170.0,-80.0,0.0073539283571405,0.0009631794776704,0.0061688091206236,0.0002219397588464,0.8006901872006437
175.0,-80.0,0.0071793088392755,0.0008244511090334,0.0061396372881859,0.0002152204420561,0.8196016357430729
180.0,-80.0,0.0076184709447768,0.0011025270558578,0.0063085135983755,0.0002074302905434,0.8489876879256126
185.0,-80.0,0.0079679457759557,0.0016626418093318,0.0060292037299193,0.0002761002367044,0.9131894832975048
190.0,-80.0,0.0093497865527421,0.0030178009153978,0.0059885067084304,0.0003434789289138,0.9192757602244096
195.0,-80.0,0.0083657343235214,0.0018694798145819,0.0060910537534839,0.0004052007554555,0.891687653419465
200.0,-80.0,0.0079752930929966,0.0012678611847979,0.0062450457812565,0.0004623861269421,0.8532635920555931
205.0,-80.0,0.0085521262837065,0.0014450116616661,0.0065955711762342,0.000511543445806,0.8343735170230704
210.0,-80.0,0.0104751618150498,0.0029700154877622,0.0069532659728669,0.0005518803544205,0.7631819582133179
215.0,-80.0,0.0106940801477128,0.0029044921451215,0.0072097379625199,0.0005798500400712,0.7680789139938047
220.0,-80.0,0.0104128826454509,0.0020813241119851,0.0077448963871991,0.0005866621462665,0.7604611342290742
225.0,-80.0,0.0115782286040535,0.003222168789044,0.0077609812188864,0.000595078596123,0.7325422506503086
230.0,-80.0,0.0125037753071476,0.0033908261568707,0.0085211893003464,0.0005917598499303,0.7049063736029546
235.0,-80.0,0.0123884717879113,0.002751918693491,0.0090593098029862,0.000577243291434,0.697384429447427
240.0,-80.0,0.0128407922886683,0.0030258656130646,0.009274440220888,0.0005404864547155,0.7082206811744682
245.0,-80.0,0.013661401402411,0.0038797163397229,0.0092706442911858,0.0005110407715022,0.72869029747529
250.0,-80.0,0.0179556022459382,0.007885653632633,0.0096108141002154,0.0004591345130897,0.6466205756053127
255.0,-80.0,0.0165047510859582,0.0064941468585893,0.0096028138613681,0.0004077903660007,0.6593513555638575
260.0,-80.0,0.0151889799223431,0.0052358280670543,0.0095984945363977,0.0003546573188909,0.7304900443349993
265.0,-80.0,0.0196492621894006,0.0097913179564552,0.0095899088826022,0.0002680353503431,0.6390910657649956
270.0,-80.0,0.0153460627284699,0.0056697926369182,0.0094887954197111,0.0001874746718406,0.6709630586066189
275.0,-80.0,0.0149291145987784,0.0052497875832562,0.0094957028805907,0.0001836241349314,0.7656821592408037
280.0,-80.0,0.0146316146539751,0.0049961222087767,0.009444021897568,0.0001914705476302,0.7774338401986791
285.0,-80.0,0.0133679986871586,0.0036977946556791,0.0094479560754919,0.0002222479559875,0.7293276863543569
290.0,-80.0,0.0122123420610201,0.0025288959072617,0.0094551567225537,0.0002282894312046,0.688882743667844
295.0,-80.0,0.0122603757303302,0.0025373657277739,0.0094919624647823,0.0002310475377739,0.6811346324989024
300.0,-80.0,0.013599447608911,0.0039029923615369,0.0094685112563197,0.0002279439910543,0.6700862212230402
305.0,-80.0,0.0122357934019603,0.0025259456484585,0.0094754062384231,0.0002344415150785,0.7158771153012717
310.0,-80.0,0.0116930030362466,0.0019681443205986,0.0094776350920907,0.0002472236235572,0.7358160322564322
315.0,-80.0,0.0112376218485933,0.0015134068425384,0.0094830073760376,0.0002412076300172,0.7133664135836504
320.0,-80.0,0.0119793677418407,0.0022582580336544,0.0094855424988585,0.0002355672093276,0.6789385325727992
325.0,-80.0,0.0116456832896124,0.0019390428256717,0.0094608388900292,0.0002458015739115,0.6806164988984034
330.0,-80.0,0.0116635442516163,0.0019181127515778,0.0095020116515724,0.000243419848466,0.6812813516431847
335.0,-80.0,0.0111693416612773,0.0013910310205497,0.0095454913878597,0.0002328192528678,0.7207105771207998
340.0,-80.0,0.0108107249946641,0.0010365392762668,0.0095439894884492,0.000230196229948,0.7228653174452873
345.0,-80.0,0.0110632385380694,0.0012929730303762,0.0095434002741072,0.000226865233586,0.7141646566143194
350.0,-80.0,0.0108705610056126,0.001044738374143,0.0096030449006953,0.0002227777307742,0.7021038427730478
355.0,-80.0,0.010863784131886,0.0009887283378122,0.009656252806889,0.0002188029871847,0.7112315185885585
360.0,-80.0,0.0117809053576277,0.0016468360195305,0.009919918800807,0.00021415053729,0.7178494993111906
0.0,-75.0,0.0130785518809708,0.0028943289410013,0.0099768033947231,0.0002074195452463,0.8441980027925778
5.0,-75.0,0.012913335654948,0.0027072970693182,0.0099787495291171,0.0002272890565126,0.7890079617181082
10.0,-75.0,0.0118525041460735,0.0016254220791303,0.0099806300245807,0.0002464520423625,0.7306262882227369
15.0,-75.0,0.0115148697237007,0.0012772199480974,0.0099783502429472,0.000259299532656,0.700947991323732
20.0,-75.0,0.0106835593671031,0.0006161138821997,0.0097920995716493,0.000275345913254,0.708558520521178
25.0,-75.0,0.0106239571020295,0.0005779813358486,0.0097567443918007,0.00028923137438,0.7183499108449058
30.0,-75.0,0.010611650211546,0.0005654831567992,0.009750744963182,0.0002954220915647,0.723113974166313
35.0,-75.0,0.0104658717945734,0.0005500711986356,0.0096113407038456,0.0003044598920921,0.6956229201660775
40.0,-75.0,0.0104604184609946,0.0005373654948694,0.0096145016224039,0.0003085513437211,0.6893201698156386
45.0,-75.0,0.0104681762686597,0.0005392781460785,0.0096185033310524,0.0003103947915287,0.6872013700395496
50.0,-75.0,0.0104820340820511,0.0005512775515177,0.0096219996038559,0.0003087569266774,0.6870490320697721
55.0,-75.0,0.0104661873106216,0.0005436526693608,0.0096274080307957,0.000295126610465,0.6877970023303908
60.0,-75.0,0.0104647955816755,0.0005507706608404,0.0096272306956763,0.0002867942251586,0.6876493224923215
65.0,-75.0,0.0104758743788282,0.000633423607955,0.0095668112267159,0.0002756395441572,0.689072576120817
70.0,-75.0,0.0106877377031583,0.0008288238908404,0.0095932028696088,0.000265710942709,0.6878874820093899
75.0,-75.0,0.0107675400434632,0.0009046050140933,0.00961415787635,0.0002487771530198,0.6927317696031113
80.0,-75.0,0.0106862709507836,0.0012442957862352,0.0092225759905139,0.0002193991740343,0.7183118188973598
85.0,-75.0,0.0127208816964061,0.0032019252342434,0.0093187267640143,0.0002002296981483,0.7733390165572349
90.0,-75.0,0.0168547601627854,0.0074247281607156,0.0092489906340705,0.0001810413679992,0.8068673223329137
95.0,-75.0,0.0125466351416497,0.002868715683494,0.0094954950363667,0.000182424421789,0.7753088781552563
100.0,-75.0,0.00989830765152,0.0010201292660222,0.0086941102214401,0.0001840681640575,0.7482709656817681
105.0,-75.0,0.0091409794462786,0.0011355109612074,0.0078196840253723,0.0001857844596989,0.747323925565994
110.0,-75.0,0.0113850338955322,0.0041656033805144,0.0070321000502187,0.000187330464799,0.7488994391094316
115.0,-75.0,0.0112383742477638,0.0039014143812387,0.0071486188581657,0.0001883410083593,0.7596732780100628
120.0,-75.0,0.0078109702935776,0.0010305244285749,0.0065815647623987,0.0001988811026039,0.7904200141738081
125.0,-75.0,0.007455924495829,0.0009020263115127,0.0063543093645184,0.0001995888197978,0.7852845262211239
130.0,-75.0,0.0071644891250461,0.0016665022108135,0.0052976906539276,0.0002002962603049,0.7974981539405156
135.0,-75.0,0.0069700566515345,0.0014891610416113,0.0052806492160981,0.000200246393825,0.8045034562948725
140.0,-75.0,0.0069783274768209,0.0011443502056565,0.00562532486326,0.0002086524079043,0.799339748630927
145.0,-75.0,0.0070153795867464,0.0011949078140789,0.0056124046396902,0.0002080671329773,0.8093059040487723
150.0,-75.0,0.0070085800921081,0.0010381073241145,0.005762619185081,0.0002078535829125,0.818525056464571
155.0,-75.0,0.0072103859994941,0.0012391515557129,0.0057559887499931,0.0002152456937879,0.8032602092049543
160.0,-75.0,0.0081944592202795,0.0012485938333685,0.0067319566063862,0.0002139087805248,0.7773541380537845
165.0,-75.0,0.0078796932363046,0.0012158457390006,0.0064513064365398,0.000212541060764,0.7936295725954923
170.0,-75.0,0.0082105383068299,0.0017697651943653,0.0062301547625659,0.0002106183498985,0.8147056284140854
175.0,-75.0,0.0111278842241261,0.0040383590870153,0.0068804385826982,0.0002090865544125,0.8352520082887542
180.0,-75.0,0.0140391039187192,0.0074966113940662,0.006334944059416,0.0002075484652369,0.877498667556016
185.0,-75.0,0.0174432459872475,0.0108654302385593,0.0063524297845539,0.0002253859641342,0.7963982550330865
190.0,-75.0,0.0157264090701866,0.0093031413820962,0.0061809763134764,0.000242291374614,0.7225286165607526
195.0,-75.0,0.016914739416429,0.0104081457461331,0.0062484639757495,0.0002581296945463,0.7165474915639123
200.0,-75.0,0.0114979885072821,0.004831007806827,0.0063941961621494,0.0002727845383056,0.7461528938364196
205.0,-75.0,0.01182198193245,0.0045405649996023,0.0069962720916954,0.0002851448411523,0.7365217376776572
210.0,-75.0,0.0107260691657261,0.003319889161014,0.0071111831749264,0.0002949968297857,0.7627714731523058
215.0,-75.0,0.0111874544971348,0.0031701517808324,0.0077291297281253,0.000288172988177,0.742047641408444
220.0,-75.0,0.0114635338827253,0.0034341112253247,0.0077368629504205,0.0002925597069801,0.7336329255779845
225.0,-75.0,0.0112566517766863,0.003222965424036,0.0077396283786374,0.0002940579740127,0.727973197029947
230.0,-75.0,0.012330810335107,0.0030539101521015,0.0089843038990614,0.000292596283944,0.7126133612855947
235.0,-75.0,0.0126497077016652,0.0033256629752496,0.0090479946929799,0.0002760500334356,0.7493196365896362
240.0,-75.0,0.0172813842060982,0.0077439694696302,0.0092686420979915,0.0002687726384765,0.6814111617076901
245.0,-75.0,0.0195424273601785,0.0100867585988136,0.0092089978587135,0.0002466709026512,0.6276250242246016
250.0,-75.0,0.0149468791389963,0.0051512693582299,0.0095613827487239,0.0002342270320424,0.7148920707136441
255.0,-75.0,0.0172428306564595,0.0074545858374887,0.0095689947287286,0.0002192500902421,0.6857125419490615
260.0,-75.0,0.0162184044101196,0.0064466058388566,0.0095670752369591,0.0002047233343037,0.6544551801200205
265.0,-75.0,0.0156556949167332,0.0059134614945848,0.0095669542661046,0.0001752791560438,0.7195530005175488
270.0,-75.0,0.0160216510516348,0.0062963168220828,0.0095657822309227,0.0001595519986292,0.7772821365293364
275.0,-75.0,0.0148344462651707,0.0051335451859035,0.0095394632364977,0.0001614378427694,0.7360216766990033
280.0,-75.0,0.0129871641419901,0.003315956548464,0.0095088626068021,0.0001623449867239,0.6938179710973845
285.0,-75.0,0.0123661733612043,0.0026723949255504,0.0095054951436006,0.0001882832920532,0.6793070146173217
290.0,-75.0,0.0133536736007689,0.0036568043549556,0.0095070860965875,0.0001897831492256,0.6744359481138843
295.0,-75.0,0.0134974623914059,0.0037071954894314,0.0095990847910893,0.0001911821108851,0.6919654808379393
300.0,-75.0,0.0128631762588104,0.0031025472024149,0.0095696467425227,0.0001909823138726,0.726346444011524
305.0,-75.0,0.0117537135053772,0.0019924535762931,0.0095696199036651,0.0001916400254188,0.7310216673254026
310.0,-75.0,0.0121330484046736,0.0023596151162458,0.0095702525523356,0.000203180736092,0.6821930034612146
315.0,-75.0,0.0118829649711136,0.0021029602259567,0.0095774185630505,0.0002025861821063,0.6779841543093104
320.0,-75.0,0.0115502049532326,0.0018046179274672,0.0095439767041417,0.0002016103216236,0.6802154881010527
325.0,-75.0,0.0112304146728219,0.0014293570455932,0.009587449603503,0.0002136080237256,0.7019461613103493
330.0,-75.0,0.0108187996198267,0.0010146957272732,0.0095911043500948,0.0002129995424586,0.7264678028643918
335.0,-75.0,0.0109697810485636,0.0010529369703575,0.0097043707601869,0.000212473318019,0.7262942871775908
340.0,-75.0,0.0110521552073284,0.0011360363692139,0.0097043734236318,0.0002117454144826,0.701204703410842
345.0,-75.0,0.0108469604154167,0.0009331521673644,0.009703228818938,0.0002105794291142,0.7050014428585893
350.0,-75.0,0.0110935883695103,0.00117945615276,0.0097043024191839,0.0002098297975664,0.7192169489278154
355.0,-75.0,0.0122473147503137,0.0020600633845964,0.0099789921772065,0.0002082591885107,0.7627940033793774
360.0,-75.0,0.0130785518809708,0.0028943289410013,0.0099768033947231,0.0002074195452463,0.8441980027925812
0.0,-70.0,0.0115524629166636,0.0014779517098054,0.0098658664004413,0.0002086448064168,0.7626303999692193
5.0,-70.0,0.011189578305508,0.0013267017431076,0.0096506770273126,0.0002121995350877,0.718512759313384
10.0,-70.0,0.0108136356596245,0.0009994567386949,0.009598803885134,0.0002153750357956,0.703913862462811
15.0,-70.0,0.0103305498900437,0.0005686317924745,0.0095478768493495,0.0002140412482196,0.7157156473874005
20.0,-70.0,0.0103007087281984,0.0005486684899844,0.0095356808017429,0.000216359436471,0.7399190987037607
25.0,-70.0,0.0102716164035298,0.0005571693886074,0.0094959059072679,0.0002185411076543,0.702626393666947
30.0,-70.0,0.0101836694314974,0.0004802779809019,0.0094886068859323,0.0002147845646631,0.6946331399226076
35.0,-70.0,0.0100957913138276,0.000497324757666,0.0093827453732214,0.0002157211829401,0.6930584172336633
40.0,-70.0,0.0101002913528499,0.0004954604731826,0.0093868351703804,0.0002179957092868,0.692766133115861
45.0,-70.0,0.010139910422366,0.0005323871404451,0.0093895991430937,0.0002179241388271,0.6919498089322986
50.0,-70.0,0.0101426025105967,0.0005291913471705,0.0093961191822569,0.0002172919811692,0.6921042917449727
55.0,-70.0,0.0102528786534954,0.0005562359285795,0.0094889520703658,0.00020769065455,0.690311722551938
60.0,-70.0,0.0103564316153694,0.0006818956847117,0.0094689550550742,0.0002055808755834,0.6913548469342099
65.0,-70.0,0.010359557442022,0.0007319468839719,0.0094243232287564,0.0002032873292936,0.696650891940642
70.0,-70.0,0.0104929310741,0.0008518472389976,0.009440353100269,0.0002007307348334,0.7076637178071585
75.0,-70.0,0.0111708503952418,0.0016209013803364,0.009352344924748,0.0001976040901573,0.7470153721237848
80.0,-70.0,0.0137520552325632,0.0044671032305186,0.0090991970486231,0.0001857549534213,0.8197379140817939
85.0,-70.0,0.0135790941372717,0.0039409205451891,0.009455931648888,0.0001822419431945,0.7860209204889954
90.0,-70.0,0.0106818954662485,0.0013236897606267,0.0091408454091279,0.0002173602964939,0.7502450218501295
95.0,-70.0,0.0096827627869534,0.0007902575785561,0.0086357238146,0.0002567813937972,0.7320334976499253
100.0,-70.0,0.0093035204355605,0.0012507915197029,0.0077636558470682,0.0002890730687892,0.763362529345232
105.0,-70.0,0.0143161555355466,0.0067697251089907,0.0072255002316789,0.0003209301948768,0.7417804678395985
110.0,-70.0,0.0090217815456776,0.0015648850029981,0.007122423222702,0.0003344733199775,0.767332614689476
115.0,-70.0,0.0081898186639077,0.0008269478275191,0.0070078948941733,0.0003549759422152,0.7670048489975172
120.0,-70.0,0.0077757430384942,0.0011380261542414,0.0062571456564664,0.0003805712277863,0.7769263896588204
125.0,-70.0,0.0076795747957665,0.0016208417821431,0.0056675124880019,0.0003912205256214,0.7860778985257209
130.0,-70.0,0.0067233911029379,0.0012111462558513,0.0051153947864187,0.0003968500606678,0.8081486271897539
135.0,-70.0,0.006791830363682,0.0012863158857394,0.0051011958595314,0.0004043186184111,0.8097257399148257
140.0,-70.0,0.0070507977886453,0.001204985650624,0.0054479026915246,0.0003979094464966,0.8245512073816379
145.0,-70.0,0.0070882517988426,0.0012062618342751,0.0054959753158906,0.0003860146486768,0.809532981422034
150.0,-70.0,0.0071152924356409,0.0013220669027355,0.0054124375065123,0.0003807880263931,0.806411022731789
155.0,-70.0,0.0068826408511438,0.0010505792973719,0.0054729514634331,0.0003591100903387,0.815928705855973
160.0,-70.0,0.0079590005720803,0.0016499843404952,0.0059752901113811,0.0003337261202039,0.8081050717974201
165.0,-70.0,0.0094398975759338,0.0031658255414073,0.0059673531356113,0.000306718898915,0.83243238552556
170.0,-70.0,0.0142336873077509,0.0079510482649894,0.006008125502312,0.0002745135404494,0.86667825223312
175.0,-70.0,0.0196850595192221,0.0134452769325584,0.0059987761003123,0.0002410064863514,0.8113726135596826
180.0,-70.0,0.020035374914357,0.0135591646344323,0.0062663355140025,0.0002098747659221,0.703172592113557
185.0,-70.0,0.0162709194811478,0.0097678948888624,0.0062895496051879,0.0002134749870974,0.7003817836257171
190.0,-70.0,0.011969851251601,0.0056303138437832,0.0061228216029437,0.000216715804874,0.7465963256992552
195.0,-70.0,0.0112063147486293,0.0045642428478166,0.0064224256739419,0.0002196462268707,0.7413936772982441
200.0,-70.0,0.0101782341324987,0.0033702215097037,0.0065856408531382,0.0002223717696567,0.7755813032298753
205.0,-70.0,0.0102236889419744,0.0030580820965782,0.0069410870605163,0.0002245197848799,0.7562436595838979
210.0,-70.0,0.0109161370508254,0.0034455531504219,0.0072565803417373,0.0002140035586661,0.7415265111179221
215.0,-70.0,0.0111401926854005,0.0032383074028428,0.0076866031227469,0.0002152821598107,0.7267794165023995
220.0,-70.0,0.0107136663431023,0.0027502021924822,0.0077499632745304,0.0002135008760897,0.7329173151516313
225.0,-70.0,0.0115798151842483,0.0029919916380825,0.008375513494216,0.0002123100519498,0.739044216934404
230.0,-70.0,0.0137663574266781,0.0046928822234315,0.0088630397802592,0.0002104354229872,0.7261862825169711
235.0,-70.0,0.0177487100182772,0.0085332097448132,0.0090188596651576,0.0001966406083064,0.6446808822134613
240.0,-70.0,0.0147237076967009,0.0055132759280727,0.0090154595428684,0.0001949722257596,0.6946294815232292
245.0,-70.0,0.0158182029970929,0.0062661548077136,0.0093633670933531,0.000188681096026,0.7206961330512354
250.0,-70.0,0.0184109419095261,0.0088578417114541,0.0093665913952832,0.0001865088027887,0.6379850389226771
255.0,-70.0,0.0145311220729738,0.0049807264718109,0.0093662611938562,0.0001841344073065,0.6989099473428279
260.0,-70.0,0.014758811738352,0.0052245032141662,0.009364580611304,0.0001697279128817,0.7832370983592887
265.0,-70.0,0.0152051471891759,0.0055536423176933,0.0094845800767413,0.0001669247947411,0.7483446286666832
270.0,-70.0,0.0129976002150294,0.0033048803562577,0.00948424745802,0.0002084724007517,0.716768856975581
275.0,-70.0,0.0124616985160612,0.0027244554939036,0.0094879815233626,0.0002492614987949,0.6751356315145163
280.0,-70.0,0.0128520686415346,0.0030529488399242,0.0094862125312531,0.0003129072703573,0.670426648582936
285.0,-70.0,0.0139073452828322,0.0040755062500704,0.0094894378875092,0.0003424011452526,0.665846698408846
290.0,-70.0,0.0130059062401484,0.0031414476820694,0.0094924401945163,0.0003720183635625,0.7019076322914133
295.0,-70.0,0.012430903349094,0.0025401043868563,0.0094947331788608,0.0003960657833768,0.7160956738974831
300.0,-70.0,0.0116893150786711,0.0017851173270102,0.0094966265421093,0.0004075712095515,0.6955102303075243
305.0,-70.0,0.0122009669790214,0.0022716398826896,0.0094973596295967,0.000431967466735,0.6733159956789967
310.0,-70.0,0.0120502163776892,0.0021122004317224,0.009500236975334,0.0004377789706328,0.6714135271140895
315.0,-70.0,0.0120031882605012,0.0020708363290437,0.0094958267261453,0.000436525205312,0.6763651030201746
320.0,-70.0,0.0113001896845049,0.0013541724597025,0.0095066585746355,0.0004393586501669,0.7243127441053938
325.0,-70.0,0.0109971968160786,0.0010590650688953,0.0095122370921035,0.0004258946550797,0.7238575924146348
330.0,-70.0,0.0112999770859048,0.0012972999513384,0.0095962166507947,0.0004064604837716,0.7025361668042294
335.0,-70.0,0.0109657588267664,0.000984894794353,0.0095994717875789,0.0003813922448344,0.700495970981984
340.0,-70.0,0.0108013623934617,0.0008531145873721,0.0095963815338484,0.0003518662722411,0.7193455969379987
345.0,-70.0,0.0114497911984866,0.0014417018948389,0.0096894901812513,0.0003185991223963,0.7427468329434268
350.0,-70.0,0.0118752096943782,0.0019073313293703,0.0096857883228702,0.0002820900421375,0.8348742314113368
355.0,-70.0,0.0129115186005014,0.0027109168138935,0.0099566041746095,0.0002439976119983,0.8147648598615708
360.0,-70.0,0.0115524629166636,0.0014779517098054,0.0098658664004413,0.0002086448064168,0.7626303999692186
0.0,-65.0,0.010486290909229,0.0006764399480443,0.0095974333959516,0.000212417565233,0.7182829859728217
5.0,-65.0,0.0101723030386375,0.0006098325357066,0.0093414132249276,0.0002210572780031,0.7132620599439545
10.0,-65.0,0.0100516615716381,0.0005459190099384,0.009281652883625,0.0002240896780746,0.7226452700357335
15.0,-65.0,0.0099886572502084,0.0005246180496457,0.0092303187833724,0.0002337204171903,0.7133694500010502
20.0,-65.0,0.0100691861172758,0.0005031878935748,0.0093257839126018,0.0002402143110991,0.694909857771741
25.0,-65.0,0.0101120964013388,0.0005817782307795,0.0092897178903381,0.0002406002802212,0.6857030461210145
30.0,-65.0,0.0099927512362188,0.000494601278632,0.0092439797712551,0.0002541701863315,0.6868932889971608
35.0,-65.0,0.0100227532389093,0.0005303122444348,0.0092357035703837,0.0002567374240907,0.6864256157315685
40.0,-65.0,0.0100383211543941,0.0005404991068236,0.0092397894607662,0.0002580325868042,0.686717492882447
45.0,-65.0,0.009995417885039,0.0005043397485773,0.0092391549412513,0.0002519231952103,0.6906179706618469
50.0,-65.0,0.0099911087740783,0.0005144445588379,0.009239073637544,0.0002375905776963,0.6933412785217562
55.0,-65.0,0.0101219578047775,0.0006541239756867,0.0092336928570308,0.0002341409720598,0.6975151554843698
60.0,-65.0,0.010103479745153,0.0006759747070375,0.0091978871981293,0.0002296178399861,0.7032732846250422
65.0,-65.0,0.0098730824946895,0.0009727712753863,0.0086768994775673,0.0002234117417358,0.7331872373269562
70.0,-65.0,0.01083751547905,0.0019761743266621,0.008644673287502,0.0002166678648858,0.7929841178142615
75.0,-65.0,0.0108057378203678,0.002868401250028,0.0077348219758221,0.0002025145945177,0.8332376835330579
80.0,-65.0,0.0102527257975489,0.0022358295832215,0.0078238102560738,0.0001930859582536,0.7808132864798601
85.0,-65.0,0.0089356759492171,0.0009587578195899,0.0077546705845447,0.0002222475450824,0.7538410262559732
90.0,-65.0,0.0090940669063886,0.0007380463976455,0.0080485260837361,0.0003074944250069,0.7407685272798429
95.0,-65.0,0.0104074124451787,0.0027173722948915,0.0072994297838155,0.0003906103664716,0.779574485678337
100.0,-65.0,0.0099360448552592,0.0029135979951764,0.0065422018775121,0.0004802449825706,0.7656151141721206
105.0,-65.0,0.008351023136121,0.0008826599644992,0.0069108476885559,0.0005575154830657,0.7615336896345912
110.0,-65.0,0.008068450125645,0.0008667539245754,0.0065842069428587,0.0006174892582109,0.7631987943490294
115.0,-65.0,0.0077665871873785,0.0011451907066178,0.0059493159922979,0.0006720804884627,0.7764786253504736
120.0,-65.0,0.0080101466552573,0.0012746132912207,0.006025674122265,0.0007098592417715,0.7705288737154505
125.0,-65.0,0.0072282650747168,0.0014892049981464,0.0050051394799706,0.0007339205965997,0.7947204749763199
130.0,-65.0,0.0075812352234135,0.0018590771593119,0.0049926840430827,0.0007294740210189,0.7984101637772711
135.0,-65.0,0.0073772055858834,0.0013224519736588,0.005323995303114,0.0007307583091105,0.8053045294930903
140.0,-65.0,0.0077429941485598,0.0017251709905074,0.0053051171075254,0.0007127060505269,0.7938200638244752
145.0,-65.0,0.007631821784476,0.0015665424282777,0.0053757122350828,0.0006895671211154,0.7923444975716055
150.0,-65.0,0.007040986257784,0.0010432122836626,0.0053451802555586,0.0006525937185626,0.820739010401057
155.0,-65.0,0.0095795083854822,0.0026977175539337,0.0062837464377665,0.0005980443937819,0.8044819172354787
160.0,-65.0,0.0145111444956107,0.0082395771457033,0.0057398928764862,0.0005316744734211,0.8460833693636706
165.0,-65.0,0.0232755040448618,0.0172880859779963,0.0055233771515952,0.0004640409152702,0.8617931848721831
170.0,-65.0,0.0234687816261657,0.0167972727451293,0.0062873799690538,0.0003841289119824,0.7508971120336537
175.0,-65.0,0.0152919110410034,0.0091566869625095,0.0058295450581938,0.0003056790203,0.7089772683593384
180.0,-65.0,0.0123838365583394,0.0060374936570935,0.0061186514987693,0.0002276914024765,0.7228135704329565
185.0,-65.0,0.0107681517000715,0.004567118694964,0.0059645019999593,0.0002365310051481,0.7398285677750684
190.0,-65.0,0.0102213065343707,0.0039439612760298,0.0060326793073857,0.0002446659509551,0.758635752242563
195.0,-65.0,0.009303367365777,0.0028890226407404,0.0061627005775015,0.000251644147535,0.7677207779312063
200.0,-65.0,0.0112588980097503,0.0038081123808022,0.0071928318044975,0.0002579538244504,0.7227931551124251
205.0,-65.0,0.0115826572475643,0.0045389108666902,0.0067773449976019,0.0002664013832721,0.7218556569172839
210.0,-65.0,0.0104119203988442,0.0027297513458926,0.0074301238683435,0.000252045184608,0.7254782566092128
215.0,-65.0,0.0103399859435807,0.0026488551733134,0.0074387185865406,0.0002524121837266,0.729777176083019
220.0,-65.0,0.0101723218691902,0.0024773782222574,0.0074486733533276,0.0002462702936052,0.7555855350634362
225.0,-65.0,0.0125750324337745,0.003683667575711,0.0086490323745876,0.0002423324834758,0.7074806156864464
230.0,-65.0,0.0131528429303633,0.004211970461198,0.0087104241786013,0.0002304482905639,0.6869363634847105
235.0,-65.0,0.0132600997537837,0.0042334350164716,0.0087977855826295,0.0002288791546825,0.7300879220876995
240.0,-65.0,0.0237045058719413,0.0146949161334446,0.0087954087494228,0.0002141809890738,0.621141580873046
245.0,-65.0,0.0168817053514433,0.007547095860814,0.0091237805543039,0.0002108289363253,0.636569366377944
250.0,-65.0,0.0125313926052851,0.0032063494271922,0.0091197326165765,0.0002053105615163,0.7703091038498979
255.0,-65.0,0.0121682194589385,0.0028574166346061,0.0091105779014015,0.0002002249229308,0.821145132737026
260.0,-65.0,0.012393350555631,0.003050426507869,0.0091605948782426,0.0001823291695193,0.7352278413798383
265.0,-65.0,0.0117099066128127,0.0022722873418117,0.0092170429703948,0.0002205763006062,0.6907773937992817
270.0,-65.0,0.0116115849068243,0.0020690443877119,0.0092169176125343,0.000325622906578,0.6771702429682347
275.0,-65.0,0.0136527672695481,0.003991461337591,0.0092306989180369,0.0004306070139201,0.647130391770282
280.0,-65.0,0.012361439603625,0.0025719847350069,0.009234255365854,0.000555199502764,0.685275975402569
285.0,-65.0,0.0118882515844766,0.0020089625642568,0.0092423284299817,0.0006369605902381,0.6940736350245185
290.0,-65.0,0.0113198732861775,0.0013637648368072,0.0092495025997615,0.0007066058496087,0.694094830031001
295.0,-65.0,0.0116062510637546,0.001596943570748,0.0092553802433498,0.0007539272496567,0.6773138334313726
300.0,-65.0,0.0123949887165062,0.0023389960109908,0.0092593105010533,0.0007966822044621,0.6650828888103046
305.0,-65.0,0.0136141232949749,0.0035384661899695,0.0092470516384092,0.0008286054665961,0.6524978392935902
310.0,-65.0,0.012814087577256,0.0027269754190408,0.0092480952021271,0.000839016956088,0.6733281819081736
315.0,-65.0,0.0114112785582381,0.0013361517494868,0.0092437497473179,0.0008313770614332,0.7067259447218888
320.0,-65.0,0.0116603215612723,0.0015915342177301,0.0092482504334344,0.0008205369101077,0.7057484504395228
325.0,-65.0,0.0115382139590494,0.0014959379009551,0.0092588113569333,0.0007834647011608,0.6876012834576044
330.0,-65.0,0.0108115206040936,0.000825624619277,0.0092559304352773,0.0007299655495392,0.7134456573078664
335.0,-65.0,0.0109124970560594,0.0010045903411058,0.009251995431519,0.0006559112834345,0.7348217479225672
340.0,-65.0,0.0118491853437715,0.0021162914819091,0.0091598169009832,0.0005730769608791,0.7894042140619144
345.0,-65.0,0.0115460963508723,0.0018491544409262,0.0092101758894944,0.0004867660204516,0.8476213885109827
350.0,-65.0,0.0110526546606751,0.0013299308874406,0.0093290250927918,0.0003936986804426,0.8053367891368786
355.0,-65.0,0.0105826589202346,0.0008664447364131,0.0094152377556661,0.0003009764281553,0.7471591276733411
360.0,-65.0,0.010486290909229,0.0006764399480443,0.0095974333959516,0.000212417565233,0.7182829859728224
0.0,-60.0,0.0099613576764145,0.0005998479590425,0.0091390360326068,0.0002224736847651,0.7131931390791476
5.0,-60.0,0.0097613478733989,0.000691287441136,0.0088436740728062,0.0002263863594566,0.7063994304390403
10.0,-60.0,0.0096912536257829,0.0005378170628578,0.0089112247768614,0.0002422117860637,0.6942487048291511
15.0,-60.0,0.009692068765229,0.0005643507705033,0.0088734052906422,0.0002543127040834,0.6933483840431627
20.0,-60.0,0.0096039792123319,0.0005066687150811,0.0088246211741453,0.0002726893231054,0.6857089777906571
25.0,-60.0,0.0096850456860432,0.0005700659568089,0.0088328992385663,0.0002820804906679,0.6829021647060651
30.0,-60.0,0.0098820985685689,0.0007379456279197,0.008856110347452,0.0002880425931971,0.680008098435368
35.0,-60.0,0.0088554916127361,0.0005424559013905,0.0080206813383904,0.0002923543729551,0.7133950582707456
40.0,-60.0,0.0085773623230891,0.000470056393544,0.0078139930333263,0.0002933128962186,0.7266713435622338
45.0,-60.0,0.0089545722188376,0.000524718163364,0.0081377558301843,0.0002920982252891,0.7249006470974706
50.0,-60.0,0.008671792815411,0.0005742843118456,0.0078233865784804,0.0002741219250849,0.7385279711545517
55.0,-60.0,0.0088460814052533,0.0007269283817006,0.0078509804025004,0.0002681726210521,0.7303746388790366
60.0,-60.0,0.0089424944299648,0.0013744662753695,0.0073078481229832,0.0002601800316119,0.7615132936781034
65.0,-60.0,0.0107158955274287,0.0031486788820619,0.0073126619743013,0.0002545546710654,0.8235273285473764
70.0,-60.0,0.0104802356525152,0.0029573224604835,0.0072613040570586,0.000261609134973,0.8050182966727015
75.0,-60.0,0.0084957518265338,0.001325158960043,0.0069315689657227,0.000239023900768,0.773155765701344
80.0,-60.0,0.0080381965788395,0.0006941200008432,0.0071203350776475,0.0002237415003487,0.7537356866799478
85.0,-60.0,0.0079312329166386,0.000775637865941,0.006819768692994,0.0003358263577036,0.7665479657953989
90.0,-60.0,0.0082720595912544,0.0012901193043605,0.0065137733981832,0.0004681668887106,0.7786291715410334
95.0,-60.0,0.0067569082477387,0.0006725115642699,0.005492696473308,0.0005917002101606,0.8069159286383528
100.0,-60.0,0.0070239155746475,0.0007198005678342,0.0055747014476663,0.0007294135591469,0.7853158604779329
105.0,-60.0,0.0074886884061417,0.0009181202508632,0.005732374061011,0.0008381940942674,0.7726509570511237
110.0,-60.0,0.0078818771908914,0.001252755921488,0.0056979964888665,0.0009311247805368,0.767165535084135
115.0,-60.0,0.0083413090286904,0.0018285029462929,0.0055062760862278,0.0010065299961697,0.761430940423195
120.0,-60.0,0.0088550928588139,0.0026802624674614,0.0051131411619142,0.0010616892294382,0.7570622516037983
125.0,-60.0,0.0082918550071031,0.0025914670632549,0.0046047771190142,0.0010956108248338,0.7749237636739902
130.0,-60.0,0.0074345091906568,0.0014196849986462,0.0049086800675565,0.0011061441244539,0.7945094127867169
135.0,-60.0,0.0086747438739696,0.0026725413411791,0.0049075477999045,0.0010946547328859,0.7652101019999824
140.0,-60.0,0.0075367767079764,0.0012049109253133,0.0052710404470593,0.0010608253356037,0.7940220206004132
145.0,-60.0,0.0074899124431672,0.0013729485749336,0.0050923954849683,0.0010245683832653,0.8264338875423819
150.0,-60.0,0.0101082763780623,0.0040941570052168,0.0050873694759493,0.0009267498968962,0.8451329932972546
155.0,-60.0,0.0334517956922688,0.0270749627394319,0.005538854676018,0.0008379782768188,0.8597163245655735
160.0,-60.0,0.0281381318770103,0.0218807846589412,0.0055215871668797,0.0007357600511892,0.8584102302980744
165.0,-60.0,0.0186145960738083,0.0125123941557151,0.0054923581748259,0.0006098437432671,0.7266781554099536
170.0,-60.0,0.0157034470504549,0.0097481599691052,0.0054753397640382,0.0004799473173114,0.6642022272761361
175.0,-60.0,0.0117524170857776,0.0053679411110281,0.006026143748726,0.0003583322260235,0.7015988092281986
180.0,-60.0,0.015551129186172,0.0094460848822992,0.005868712764924,0.0002363315389486,0.6603398771919777
185.0,-60.0,0.010992096453964,0.0050100223724672,0.0057317738715558,0.0002503002099409,0.7219560457372349
190.0,-60.0,0.010827174740559,0.0047278792448486,0.0058353239951746,0.0002639715005357,0.7209469464817242
195.0,-60.0,0.0180831224835372,0.0116981153683276,0.0061086442551828,0.0002763628600268,0.6484652441181078
200.0,-60.0,0.014655442223838,0.007447322754601,0.0069129488147551,0.0002951706544818,0.674026064290151
205.0,-60.0,0.0100565805309415,0.0026365307936759,0.0071305451400364,0.0002895045972291,0.7135577485080318
210.0,-60.0,0.0096773876643557,0.0022566115228672,0.0071400047688337,0.0002807713726547,0.7220409038831215
215.0,-60.0,0.0093010647089231,0.0018611196221608,0.0071510054001333,0.0002889396866289,0.7479398976389384
220.0,-60.0,0.0101351557448361,0.0019749074378448,0.0078713593005397,0.0002888890064514,0.7225805700118764
225.0,-60.0,0.0107620276708266,0.0021628390915948,0.0083107944272439,0.0002883941519879,0.7101747214246485
230.0,-60.0,0.0138672368144957,0.0051537090566157,0.0084525371743497,0.0002609905835302,0.6743371680185863
235.0,-60.0,0.0216098064414643,0.0129188896924068,0.0084455802988515,0.0002453364502058,0.5648275297269807
240.0,-60.0,0.013464194158681,0.0044837644222047,0.008753155246417,0.0002272744900592,0.6914192585094412
245.0,-60.0,0.0122709043157385,0.0033092560809646,0.0087431477545805,0.0002185004801933,0.8170508793728576
250.0,-60.0,0.0111222050802605,0.0021715884373848,0.0087331528555529,0.0002174637873226,0.8163204060437933
255.0,-60.0,0.0107532475314504,0.0018360091259017,0.0087204277327664,0.0001968106727823,0.7226862733445566
260.0,-60.0,0.0108906551837625,0.0018830398035144,0.0088200642050486,0.0001875511751994,0.6784837810831188
265.0,-60.0,0.0109986224389173,0.0018416250144594,0.0088312607857575,0.0003257366387003,0.6758623702673417
270.0,-60.0,0.0117371272845486,0.0024197267331158,0.0088305290245178,0.0004868715269149,0.6677216143891269
275.0,-60.0,0.010955127037848,0.0014602642796776,0.0088404978293676,0.0006543649288027,0.6932361718206543
280.0,-60.0,0.0108980494909956,0.0012261258367842,0.0088587887631378,0.0008131348910735,0.6834324862695805
285.0,-60.0,0.0109988717557927,0.001189559673633,0.0088714440407729,0.0009378680413866,0.6738169014222006
290.0,-60.0,0.0118702613531986,0.0019430462168233,0.0088825312124625,0.0010446839239128,0.6602860606916026
295.0,-60.0,0.0177534213372921,0.0077318040290458,0.0088910022806834,0.0011306150275629,0.6178898215589896
300.0,-60.0,0.0176995116478112,0.0075852546928254,0.0089126495446378,0.0012016074103478,0.6120497173079462
305.0,-60.0,0.0134758982630484,0.0033481887392481,0.0088876686928858,0.0012400408309145,0.6469549476723067
310.0,-60.0,0.011820430823565,0.0016831780160174,0.0088848751883076,0.0012523776192399,0.6799092225737589
315.0,-60.0,0.0128268908713238,0.0026940139969649,0.0088829561775388,0.00124992069682,0.6781451358940543
320.0,-60.0,0.0112121720306734,0.0011139192024523,0.008886873564523,0.0012113792636981,0.6895780009640697
325.0,-60.0,0.0108606851350049,0.000840621376602,0.0088801078675464,0.0011399558908564,0.7254592870078822
330.0,-60.0,0.0114086919595646,0.0014986173954869,0.0088708771371686,0.0010391974269091,0.7557082747612639
335.0,-60.0,0.0114249704911439,0.0016654886690423,0.0088307801334014,0.0009287016887002,0.8551612774234651
340.0,-60.0,0.0108453531749539,0.0013038497087008,0.0087381622746049,0.0008033411916481,0.8547442403800152
345.0,-60.0,0.0105319462676551,0.0011316662902117,0.0087527006838264,0.0006475792936168,0.7841393644943608
350.0,-60.0,0.0104400364845486,0.0010848594158021,0.0088559666477882,0.0004992104209582,0.7483447345495322
355.0,-60.0,0.0100311151830853,0.0007137896539686,0.0089622040925635,0.0003551214365531,0.7368045948685721
360.0,-60.0,0.0099613576764145,0.0005998479590425,0.0091390360326068,0.0002224736847651,0.7131931390791468
0.0,-55.0,0.0100124389392023,0.0013662631790301,0.0084172205137623,0.0002289552464097,0.6834831881858032
5.0,-55.0,0.0092022799794747,0.0006368761810089,0.0083188023374957,0.0002466014609701,0.6892091129475861
10.0,-55.0,0.0093399848983955,0.0006553032867222,0.0084168125480146,0.0002678690636587,0.6793447731904046
15.0,-55.0,0.0093660763857441,0.0006584630342364,0.0084245418402527,0.0002830715112549,0.6754411707006261
20.0,-55.0,0.0096307150053422,0.000974258487669,0.0083527191262576,0.0003037373914155,0.672299682903554
25.0,-55.0,0.0097921044688779,0.001873020637658,0.0076000593481872,0.0003190244830326,0.6845231141600872
30.0,-55.0,0.0083265075590795,0.0005522524977188,0.0074474976905508,0.0003267573708098,0.7133518333150599
35.0,-55.0,0.0082139040865243,0.0004587801883086,0.0074239172951466,0.000331206603069,0.7222303445735017
40.0,-55.0,0.008163349918473,0.0005367354586999,0.0072942865856303,0.0003323278741427,0.7557053151635527
45.0,-55.0,0.0079975673916506,0.0005907690574845,0.0070783935363719,0.0003284047977941,0.7435284902252536
50.0,-55.0,0.0080623314302285,0.0009722857382631,0.0067770318856948,0.0003130138062704,0.7404135810392729
55.0,-55.0,0.0100833534275281,0.0030810923896955,0.0066979680535071,0.0003042929843254,0.7354569597994667
60.0,-55.0,0.0223599950358857,0.0155388438989557,0.0065288728679853,0.0002922782689446,0.6816645531159504
65.0,-55.0,0.0130712826492193,0.0063254104486745,0.0064640420837118,0.0002818301168329,0.7120565942365042
70.0,-55.0,0.0081241157672601,0.0014768990963004,0.0063802119929657,0.0002670046779938,0.7529049641454948
75.0,-55.0,0.0071931823912289,0.0007407261738573,0.0062060501640239,0.0002464060533476,0.7640056741994958
80.0,-55.0,0.0068899666519243,0.0007308394794474,0.0058686716742619,0.0002904554982148,0.7720112856258254
85.0,-55.0,0.0073344718200995,0.0007126259101665,0.0061497229901209,0.0004721229198121,0.7678891793809528
90.0,-55.0,0.0064981815281031,0.0005955735915398,0.0052740029271627,0.0006286050094005,0.7916312588868536
95.0,-55.0,0.006134906565597,0.0007245862578853,0.0045938251556297,0.0008164951520819,0.8012187510710793
100.0,-55.0,0.0064845819285696,0.0011437062161993,0.0043516664030508,0.0009892093093195,0.7962632787683388
105.0,-55.0,0.0082146708981948,0.0024040604419923,0.0046701005442496,0.0011405099119528,0.7618350655019882
110.0,-55.0,0.0100675445559082,0.0046347620880273,0.004161217491204,0.0012715649766767,0.7421197623520903
115.0,-55.0,0.0106237953672976,0.0048247939935744,0.0044296913808731,0.00136930999285,0.7328283154190091
120.0,-55.0,0.008188999091806,0.0025972354201245,0.0041484204895216,0.0014433431821598,0.771572029880148
125.0,-55.0,0.0073239449858949,0.0013869352604327,0.0044636362311819,0.0014733734942802,0.7880818550944142
130.0,-55.0,0.007545114127838,0.0012906157927541,0.0047630318023343,0.0014914665327495,0.7906408611954264
135.0,-55.0,0.0074164617045726,0.0013108082050969,0.004650870801671,0.0014547826978046,0.8039752129080895
140.0,-55.0,0.0091147087177947,0.0027181339723298,0.0049736707654069,0.0014229039800579,0.8172140698713972
145.0,-55.0,0.0165188861694939,0.0101936969491098,0.0049779252771286,0.0013472639432554,0.81073932222396
150.0,-55.0,0.0255767682129743,0.0185475041291268,0.0057999000803406,0.0012293640035068,0.8698079820510296
155.0,-55.0,0.017894153230993,0.0115986882223829,0.005200501192387,0.001094963816223,0.827422381520359
160.0,-55.0,0.0145484875242548,0.0083932383776918,0.0052310903431566,0.0009241588034063,0.7114239090598615
165.0,-55.0,0.0147888810592638,0.008399645372023,0.0056330828520412,0.0007561528351996,0.6476702025160272
170.0,-55.0,0.0115602429664179,0.0058290208727917,0.0051525183399269,0.0005787037536992,0.696120188828317
175.0,-55.0,0.0178880825530031,0.0117720884207643,0.0057020524979982,0.0004139416342405,0.6044550031133913
180.0,-55.0,0.0119262461582615,0.0056628495972508,0.0060154230156447,0.000247973545366,0.6801798719108987
185.0,-55.0,0.0207287776852928,0.0145817693860126,0.0058792907581537,0.0002677175411265,0.5660038616475909
190.0,-55.0,0.0307803398281467,0.0248780636842978,0.0056166547184682,0.0002856214253806,0.5598800823385346
195.0,-55.0,0.0143761060071921,0.0075257254395514,0.0065484306218765,0.000301949945764,0.6471130289265761
200.0,-55.0,0.0112984748356296,0.0044070334428266,0.0065688362040086,0.0003226051887942,0.6683267808140332
205.0,-55.0,0.0110329007672904,0.0039667954527006,0.0067445048211914,0.0003216004933983,0.6699168806485953
210.0,-55.0,0.0086523370216379,0.0015785021271125,0.0067604642601524,0.0003133706343729,0.7287432920069112
215.0,-55.0,0.0083718642791954,0.0012830319209311,0.0067697214842877,0.0003191108739764,0.7349847986180686
220.0,-55.0,0.0096825562109904,0.0014501503517446,0.0079082758724107,0.000324129986835,0.7087467571554864
225.0,-55.0,0.0107436109934731,0.0025430037650597,0.0079089755042968,0.0002916317241165,0.6801527027999636
230.0,-55.0,0.011727861373166,0.0034657929258155,0.0079892084866355,0.0002728599607149,0.6688881340771132
235.0,-55.0,0.013894680290182,0.0056628812851372,0.0079736289023401,0.0002581701027047,0.7194381171284115
240.0,-55.0,0.0177540066167451,0.0092477969843435,0.0082609389848939,0.0002452706475076,0.7819888120438265
245.0,-55.0,0.011352842792955,0.0028570202130474,0.0082564047789334,0.0002394178009742,0.7791334940102939
250.0,-55.0,0.0100989429496424,0.001631752942951,0.0082419479942288,0.0002252420124625,0.7140209048008095
255.0,-55.0,0.0099992528365016,0.001522383822621,0.0082751255447091,0.0002017434691713,0.6823705234336743
260.0,-55.0,0.0102634638854627,0.0014462171956038,0.008555685752131,0.0002615609377278,0.6666092743736591
265.0,-55.0,0.0103946735530191,0.001360958412254,0.0085543210902862,0.0004793940504788,0.6808320663825969
270.0,-55.0,0.0101936058625669,0.0011906131862531,0.0083145914836292,0.0006884011926845,0.6847274112210844
275.0,-55.0,0.0104898366726408,0.0012417632943195,0.0083311334833592,0.000916939894962,0.6681305505495219
280.0,-55.0,0.01113980343568,0.0016862745059525,0.0083500711214193,0.0011034578083081,0.6537364476106577
285.0,-55.0,0.014108101187413,0.0044693537293412,0.0083700481835344,0.0012686992745373,0.6023786822453353
290.0,-55.0,0.0396494567153949,0.0298575270028361,0.0083832316022735,0.0014086981102852,0.3479504645582882
295.0,-55.0,0.0218942248051668,0.0119620105554824,0.0084122208741222,0.0015199933755622,0.4987822400904873
300.0,-55.0,0.0152461815173413,0.0052330606887597,0.0084036521673799,0.0016094686612016,0.6005101578415364
305.0,-55.0,0.012132348275917,0.0020780259037925,0.0084070137519036,0.0016473086202208,0.6551291847274379
310.0,-55.0,0.0113968078126168,0.0013454759343287,0.0083939478994311,0.0016573839788568,0.6793273609368278
315.0,-55.0,0.011062349211426,0.0010193543999291,0.008405783521101,0.0016372112903958,0.6934624185008623
320.0,-55.0,0.0108437542396306,0.0008640218825093,0.0084023957088548,0.0015773366482664,0.7267269343920184
325.0,-55.0,0.0110993689161548,0.0012225544192996,0.0083933482230606,0.0014834662737946,0.8124113039939066
330.0,-55.0,0.0114840405287304,0.0017425303730078,0.0083829961435017,0.0013585140122208,0.911598791033986
335.0,-55.0,0.0120406291852712,0.0024806013114471,0.0083535115237172,0.0012065163501068,0.8420181623186562
340.0,-55.0,0.0111765913916985,0.0018637879700116,0.0082850136713882,0.0010277897502986,0.7801924447820645
345.0,-55.0,0.0103455983661012,0.0013007505674913,0.0082110944147807,0.0008337533838291,0.8166067171383817
350.0,-55.0,0.0096714313538782,0.0008185239378764,0.0082348759647344,0.0006180314512673,0.7920753459767756
355.0,-55.0,0.0095601227301091,0.0009675081860768,0.0081693257492014,0.0004232887948308,0.7335803059433739
360.0,-55.0,0.0100124389392024,0.0013662631790303,0.0084172205137623,0.0002289552464097,0.6834831881858001
0.0,-50.0,0.0088930469410534,0.0008544658555243,0.0078132633211748,0.0002253177643541,0.681107873643604
5.0,-50.0,0.0098216991613661,0.0018478836873097,0.007720293350455,0.0002535221236013,0.6537846749238212
10.0,-50.0,0.0088311700707102,0.0007480131828263,0.0078088611542464,0.0002742957336374,0.6730983118326419
15.0,-50.0,0.0089852266756251,0.0008678630466804,0.0078099553188094,0.0003074083101352,0.6718277428666322
20.0,-50.0,0.0083376760017295,0.001141181045805,0.0068566493425246,0.0003398456133999,0.702350872647818
25.0,-50.0,0.0077193928259929,0.0004759434508212,0.0068968704490759,0.0003465789260956,0.7116678635661517
30.0,-50.0,0.0072341840657028,0.0005092716220313,0.0063691190064616,0.0003557934372098,0.7345088070188626
35.0,-50.0,0.0075434773997178,0.0008726074307667,0.0063029879358904,0.0003678820330606,0.7415472733585677
40.0,-50.0,0.0073607689893892,0.0006809993032832,0.0063115166172287,0.0003682530688773,0.7393363209448114
45.0,-50.0,0.0075612001001805,0.0011260008243136,0.0060896129927188,0.000345586283148,0.7442813547545523
50.0,-50.0,0.0108509939848687,0.0048184163253623,0.0056944255159815,0.0003381521435248,0.7215230092164198
55.0,-50.0,0.0356564386287674,0.0298880222930489,0.0054429885413626,0.0003254277943558,0.5708383775318329
60.0,-50.0,0.0123277341580042,0.0069544128286401,0.0050631048736629,0.000310216455701,0.7002444354092917
65.0,-50.0,0.0066096693014228,0.0014530791161835,0.0048450504664076,0.0003115397188316,0.7839998297799539
70.0,-50.0,0.0057229765333009,0.0006517203073137,0.0047868530918813,0.0002844031341058,0.7953488794102833
75.0,-50.0,0.0054384540680472,0.0005042989631896,0.0046780244704907,0.0002561306343668,0.7987900737421134
80.0,-50.0,0.0056950012568865,0.0004861452981657,0.0047958967776799,0.0004129591810409,0.7981504491794813
85.0,-50.0,0.0060209354738985,0.000569432050433,0.0048256761152568,0.0006258273082086,0.7890303347968868
90.0,-50.0,0.0051050479771884,0.0007700641042448,0.0035061743447613,0.0008288095281821,0.8241665219884795
95.0,-50.0,0.0063794238580546,0.0017284441355547,0.0035884708427477,0.0010625088797522,0.7972357206263923
100.0,-50.0,0.011403128292323,0.0064032943965571,0.0037240206853687,0.0012758132103971,0.7188834939339378
105.0,-50.0,0.0292298379000232,0.0243197448477205,0.0034560471278715,0.0014540459244311,0.614156874982575
110.0,-50.0,0.0224466172153222,0.0179503393938984,0.0028842254828485,0.0016120523385751,0.6482496894008789
115.0,-50.0,0.0089370903021091,0.0043154628710143,0.0028914173590418,0.0017302100720529,0.7690302027710013
120.0,-50.0,0.0063738852625961,0.0014725065080051,0.0030843393884357,0.0018170393661552,0.8173385238955502
125.0,-50.0,0.0066627300903786,0.0012428663244344,0.0035536220098836,0.0018662417560606,0.8498975327346304
130.0,-50.0,0.0083358808076074,0.0027221012412762,0.0037517593409869,0.0018620202253442,0.8004814952169381
135.0,-50.0,0.013596138065555,0.0076995315507684,0.0040701075454381,0.0018264989693485,0.7545012521375603
140.0,-50.0,0.0131393854491997,0.0067640072585457,0.0046017438255551,0.0017736343650987,0.7998841538565472
145.0,-50.0,0.01229044307007,0.0060495612266805,0.0045843059550227,0.0016565758883667,0.8671958801976881
150.0,-50.0,0.0101437939976127,0.0036778354310005,0.0049623009013478,0.0015036576652642,0.8195030308755628
155.0,-50.0,0.0103431437420898,0.004180068052636,0.004863420688919,0.0012996550005348,0.746220145245807
160.0,-50.0,0.0091315698637496,0.0033871527415797,0.0046521179326554,0.0010922991895144,0.7398663592404398
165.0,-50.0,0.0084166428869933,0.0023246264866782,0.0052213078397548,0.0008707085605601,0.7455222450864605
170.0,-50.0,0.0096181392598508,0.0037376169863091,0.0052188344061416,0.0006616878674,0.7154079436572924
175.0,-50.0,0.0128257268187415,0.0071204530893229,0.0052575516998148,0.0004477220296036,0.6796666060692415
180.0,-50.0,0.0234344376529121,0.0175968350436524,0.0055997036360123,0.0002378989732473,0.6072055650622029
185.0,-50.0,0.0155937254306745,0.0098106778094553,0.005521207268324,0.0002618403528951,0.6362032059460805
190.0,-50.0,0.0155953276802279,0.009440572619636,0.005869803701943,0.0002849513586489,0.5856998508216205
195.0,-50.0,0.0163740677482646,0.009963007708178,0.0060860179125805,0.0003250421275059,0.5614964372588667
200.0,-50.0,0.0115867676086311,0.0049672736354339,0.0062716180846166,0.0003478758885805,0.6369634468593052
205.0,-50.0,0.009180992434432,0.0025457982832722,0.0062843688290278,0.0003508253221318,0.6875494277013852
210.0,-50.0,0.0080115497167404,0.0013668745736209,0.0063005008657848,0.0003441742773345,0.7197250838031559
215.0,-50.0,0.0082861930721668,0.0016284498220382,0.0063122382885988,0.0003455049615298,0.7232138184924508
220.0,-50.0,0.0089540540540917,0.0012419803189319,0.0073655376479557,0.000346536087204,0.6949906584917794
225.0,-50.0,0.0094135832953713,0.0016150103168009,0.0074930710566558,0.0003055019219145,0.6908675814466294
230.0,-50.0,0.0131991849217611,0.0054754249318065,0.0074302171660261,0.0002935428239284,0.6865957144622694
235.0,-50.0,0.0198387685670713,0.0118782738169671,0.0076883513320766,0.0002721434180274,0.6917986012850565
240.0,-50.0,0.0106275900367791,0.0026952567722933,0.0076667742521544,0.0002655590123313,0.7276782271851796
245.0,-50.0,0.009745428945945,0.0018467931332692,0.0076452044046338,0.000253431408042,0.7271758254391896
250.0,-50.0,0.0093846989498823,0.0015332446695224,0.0076271827083744,0.0002242715719854,0.6848892691025781
255.0,-50.0,0.0097887291268537,0.0015846668911384,0.0079975377399881,0.0002065244957271,0.6577934819895712
260.0,-50.0,0.0106026075260892,0.0022098374442541,0.0079885258904418,0.0004042441913931,0.6627230270703974
265.0,-50.0,0.0110652612476954,0.0023907640707694,0.0079999147499416,0.0006745824269844,0.6539366905307924
270.0,-50.0,0.0109813915546666,0.0023515193082177,0.0077010805168674,0.0009287917295814,0.6410925014306472
275.0,-50.0,0.012624346372188,0.0037013339624383,0.0077263081119472,0.0011967042978024,0.6365534617930245
280.0,-50.0,0.0136590298866353,0.0044801346699288,0.0077492792522912,0.0014296159644153,0.6117378757969552
285.0,-50.0,0.0166452027331602,0.0072430146212318,0.0077701885029095,0.0016319996090188,0.5488767701140497
290.0,-50.0,0.0284172067284132,0.0188244781051527,0.0077907876214973,0.001801941001763,0.4369977287663493
295.0,-50.0,0.02435237468237,0.0146041629009621,0.0078047606411761,0.0019434511402317,0.4809446022480405
300.0,-50.0,0.012570126256184,0.0027217829185377,0.0078107108853078,0.0020376324523384,0.6359228042040196
305.0,-50.0,0.0111855214937348,0.0012935363074352,0.0078164714741839,0.0020755137121156,0.6810709680526894
310.0,-50.0,0.0109303932795185,0.0010208842186995,0.0078212283051763,0.0020882807556426,0.6814410135271849
315.0,-50.0,0.0108772148536467,0.0010018428411285,0.0078315852187738,0.0020437867937443,0.7204334382095917
320.0,-50.0,0.0117265471938007,0.0019471895040749,0.0078214346355168,0.0019579230542089,0.8425322784085676
325.0,-50.0,0.0162826720083823,0.0066526791885546,0.0077985659799402,0.0018314268398874,0.9520070741567828
330.0,-50.0,0.011941190762733,0.0025029234146273,0.0077786019110569,0.0016596654370487,0.8737681868578866
335.0,-50.0,0.0123059954178071,0.0031112649594491,0.0077339495558319,0.0014607809025259,0.8228906130674829
340.0,-50.0,0.0109407744131973,0.0019894687701927,0.0077254153583297,0.0012258902846749,0.9522195436866066
345.0,-50.0,0.0094050790964963,0.0008448516055761,0.0075873098580672,0.000972917632853,0.889658074126575
350.0,-50.0,0.0098019998830048,0.0014506511105817,0.0076249523484476,0.0007263964239755,0.7360196102439844
355.0,-50.0,0.0093419059326442,0.0013260231342224,0.0075444950715041,0.0004713877269176,0.6909429346587976
360.0,-50.0,0.0088930469410533,0.0008544658555243,0.0078132633211748,0.0002253177643541,0.6811078736436056
0.0,-45.0,0.0095052521014276,0.0021530027924843,0.007110516658516,0.0002417326504273,0.6541845900708778
5.0,-45.0,0.0080767910096054,0.0007488214765188,0.0070523389577962,0.0002756305752904,0.6724992896578872
10.0,-45.0,0.0079460175576877,0.0005323523420183,0.0071131380696407,0.0003005271460285,0.67773645761782
15.0,-45.0,0.0071129486412202,0.0005111650947942,0.0062613048049564,0.0003404787414694,0.7129205933247298
20.0,-45.0,0.0067176981289334,0.0004752969764038,0.0058755260181907,0.0003668751343388,0.7258521586030745
25.0,-45.0,0.0066218710217105,0.0006046949936982,0.0056348811149314,0.0003822949130807,0.7343144909933188
30.0,-45.0,0.0070463295730748,0.0009223561665919,0.005731191504841,0.0003927819016418,0.7283405466976891
35.0,-45.0,0.0063971061177026,0.000778814623809,0.0052264253394101,0.0003918661544834,0.7553164406881026
40.0,-45.0,0.0067680831661135,0.0013146837066864,0.0050619372606432,0.0003914621987838,0.7499055020622365
45.0,-45.0,0.0098101172292424,0.0046820415591114,0.0047568464046634,0.0003712292654676,0.7342332446634501
50.0,-45.0,0.0262596424093644,0.0215408521231251,0.0043504128394408,0.0003683774467985,0.6447746901768208
55.0,-45.0,0.0132926925977234,0.0084520744665556,0.0044880632340436,0.0003525548971241,0.7132089930385004
60.0,-45.0,0.0068374547844773,0.0017699832085848,0.0047299059150821,0.0003375656608103,0.7567782500603393
65.0,-45.0,0.0055832679959116,0.0007855529249436,0.0044726290010412,0.0003250860699267,0.7806239277156108
70.0,-45.0,0.0054525359834745,0.000555640352723,0.0046022582892973,0.000294637341454,0.7787813379184968
75.0,-45.0,0.0051060346601729,0.0005480802435708,0.0042505350161917,0.0003074194004104,0.7933194491080375
80.0,-45.0,0.0056798071078541,0.000731206935061,0.0043832682962556,0.0005653318765373,0.7819957243351382
85.0,-45.0,0.0055163356750196,0.0008403324433905,0.003859353909358,0.000816649322271,0.807514851921629
90.0,-45.0,0.0058437386427925,0.001884795766695,0.0029015417529258,0.0010574011231716,0.8232623068777236
95.0,-45.0,0.0145696967795649,0.0103057962557682,0.0029328568908642,0.0013310436329324,0.6938612546235667
100.0,-45.0,0.1390610220499723,0.1344200804019547,0.0030622371674934,0.0015787044805242,0.5146446441528394
105.0,-45.0,0.0972082502999436,0.0926972465826293,0.002715740810261,0.0017952629070531,0.5258638155807556
110.0,-45.0,0.0134530195609414,0.0082974417541559,0.0031854295943561,0.0019701482124293,0.7215160418136765
115.0,-45.0,0.0071308761905587,0.0019216846514117,0.0031011932718387,0.0021079982673081,0.8196647675319891
120.0,-45.0,0.0074431938991093,0.002147435994268,0.0030958083426824,0.0021999495621589,0.7950147565307474
125.0,-45.0,0.0125634956213513,0.0070391697862418,0.0032731998272261,0.0022511260078833,0.7111545768274701
130.0,-45.0,0.0111049082197049,0.0058586797910905,0.0030069901592367,0.0022392382693775,0.7822305673414747
135.0,-45.0,0.008213075627297,0.0028407229942148,0.0031938955387953,0.0021784570942867,0.8353162583796181
140.0,-45.0,0.0159868919409821,0.0101187462480418,0.0037499527611534,0.0021181929317868,0.8396565803314582
145.0,-45.0,0.0100283746158799,0.0031086352327152,0.0049556474535453,0.0019640919296193,0.8165801516769771
150.0,-45.0,0.0083437870006492,0.0021878860109361,0.0043821939076376,0.0017737070820754,0.782950366355602
155.0,-45.0,0.0084017333723304,0.0024088918838823,0.004470424030507,0.001522417457941,0.7474673750033881
160.0,-45.0,0.0075772788675537,0.0015076838761332,0.0047991007658265,0.0012704942255939,0.7709984415438227
165.0,-45.0,0.0076333691152478,0.0022448045434678,0.0043773554792747,0.0010112090925052,0.7715982186973218
170.0,-45.0,0.0098099784149826,0.0042677474245012,0.004781845102916,0.0007603858875653,0.7319406034429767
175.0,-45.0,0.0151488912238891,0.0098249852371846,0.0048183625559204,0.000505543430784,0.6685941334020462
180.0,-45.0,0.0116685899992474,0.0062397550425297,0.0051756982247608,0.0002531367319568,0.6961429658726719
185.0,-45.0,0.0082334410917108,0.0027582508619079,0.0051922682177076,0.0002829220120951,0.7027907718991235
190.0,-45.0,0.0085089586737907,0.0029968443962662,0.0052017191117534,0.000310395165771,0.69185382771966
195.0,-45.0,0.014148912533905,0.0082112665106985,0.005584477841525,0.0003531681816814,0.566825155297517
200.0,-45.0,0.0126033005515113,0.0064740410198416,0.0057506637563423,0.0003785957753273,0.5919963094453186
205.0,-45.0,0.009409542937973,0.0032726939291509,0.0057634789392963,0.0003733700695258,0.6625915043651363
210.0,-45.0,0.0085445378232623,0.0024062803836994,0.005778677435759,0.0003595800038038,0.6851892829945894
215.0,-45.0,0.0075324892502119,0.0012018140927009,0.0059688989952607,0.0003617761622502,0.7199893495838232
220.0,-45.0,0.008404727973061,0.0013026870946148,0.0067402673525874,0.0003617735258586,0.6998321935417227
225.0,-45.0,0.008932983767447,0.0017665418181124,0.0068540245662812,0.0003124173830533,0.7104389088858001
230.0,-45.0,0.0101475002143744,0.0030523472295591,0.0067968020691778,0.0002983509156374,0.7965249645557774
235.0,-45.0,0.0122990426618173,0.004983582811428,0.0070261153367029,0.0002893445136863,0.7632515507323652
240.0,-45.0,0.0144494457994651,0.007178850149378,0.0069941809465031,0.0002764147035838,0.6468527960667614
245.0,-45.0,0.0121241566458525,0.0048917473521948,0.0069715810051563,0.0002608282885013,0.6443830951822797
250.0,-45.0,0.0109734050620282,0.0037627918315082,0.0069892564444529,0.000221356786067,0.625884907580043
255.0,-45.0,0.0151565724753236,0.0078260271788481,0.0070770749320591,0.0002534703644163,0.6102207197138345
260.0,-45.0,0.0161495219707214,0.008562477523028,0.0070170773655345,0.0005699670821589,0.6314057215512898
265.0,-45.0,0.0154790158047444,0.0075823640501985,0.0070175186345373,0.0008791331200085,0.544967537100411
270.0,-45.0,0.0175057070913092,0.0092971250185983,0.0070169364886431,0.0011916455840677,0.6227735277725226
275.0,-45.0,0.0180663764483463,0.0095160797908603,0.0070471406880317,0.0015031559694542,0.5696152965146271
280.0,-45.0,0.0145632329078534,0.0057117233856845,0.0070750702685643,0.0017764392536045,0.5731186769206691
285.0,-45.0,0.0300066463953038,0.0208941019789567,0.0070990548926367,0.0020134895237104,0.5273972259754238
290.0,-45.0,0.018634763645251,0.0093022968122363,0.0071218720346356,0.002210594798379,0.6076935615751871
295.0,-45.0,0.0150106351589929,0.0055091593233292,0.007134375875676,0.0023670999599877,0.6322928208693654
300.0,-45.0,0.0124378909101348,0.002822125674276,0.0071450877580275,0.0024706774778313,0.6775484000769252
305.0,-45.0,0.0113545937082747,0.0016927171590997,0.0071510063998613,0.0025108701493135,0.6656383237050473
310.0,-45.0,0.0109994106315387,0.0013344812933674,0.0071502797744579,0.0025146495637133,0.6927393681237846
315.0,-45.0,0.011917711795385,0.0023197337204516,0.0071431637899891,0.0024548142849441,0.7779259156278363
320.0,-45.0,0.0213367160678672,0.0118598605479255,0.0071398428946883,0.0023370126252533,0.8606061216004054
325.0,-45.0,0.012915128450761,0.0036183679347887,0.0071217810822979,0.0021749794336744,0.8347748858039231
330.0,-45.0,0.0108408919365537,0.0017561626521555,0.007119572468141,0.0019651568162571,0.828731974128482
335.0,-45.0,0.0105171803395072,0.001749733708069,0.0070506087177719,0.0017168379136662,0.9602064995912524
340.0,-45.0,0.0092720761102975,0.0008860365031401,0.006955025642815,0.0014310139643423,0.9076693534889096
345.0,-45.0,0.0092907355316403,0.0012254357250054,0.0069364598191397,0.001128839987495,0.7376857055006116
350.0,-45.0,0.0091425768343242,0.0013283599142531,0.0069780826600348,0.0008361342600362,0.6774706753226022
355.0,-45.0,0.0083983384451317,0.0009996490758243,0.0068594739078341,0.0005392154614732,0.6815756368236627
360.0,-45.0,0.0095052521014274,0.002153002792484,0.007110516658516,0.0002417326504273,0.6541845900708863
0.0,-40.0,0.0076013891182909,0.0009786302888707,0.0063719264391245,0.0002508323902957,0.672850911740865
5.0,-40.0,0.0076477963805599,0.0010266882389454,0.0063306413331271,0.0002904668084873,0.6584709615411627
10.0,-40.0,0.0076686419820791,0.0009777068282332,0.0063522894113519,0.0003386457424939,0.6608695689073795
15.0,-40.0,0.0071969074013989,0.0012032566972423,0.0056271562697413,0.0003664944344152,0.6866558456323808
20.0,-40.0,0.0062783177195863,0.0009454609461155,0.004938648277611,0.0003942084958596,0.7227439999547332
25.0,-40.0,0.0062321412765613,0.000928275562935,0.004892116294695,0.0004117494189312,0.7301537410206835
30.0,-40.0,0.0061888003882983,0.001016606674342,0.0047552742334899,0.0004169194804664,0.7382928473406234
35.0,-40.0,0.0063766901144707,0.0016164130624628,0.0043379574267355,0.0004223196252723,0.7441367560862738
40.0,-40.0,0.0085677676274775,0.004048422849029,0.0040887510267141,0.0004305937517343,0.7080086716790268
45.0,-40.0,0.0468719929176736,0.0421039143343044,0.0043453189796638,0.0004227596037053,0.4498506231499468
50.0,-40.0,0.0273608465508917,0.0227805434919574,0.004189115520176,0.0003911875387582,0.5726774011061951
55.0,-40.0,0.0069564919450007,0.0025819430218991,0.0039882566007848,0.0003862923223167,0.744817978173564
60.0,-40.0,0.0054065464278122,0.0011494412576766,0.0038842049775151,0.0003729001926204,0.7697854286083846
65.0,-40.0,0.0047250654738007,0.0009444800052627,0.0034384928204825,0.0003420926480554,0.7927661197184284
70.0,-40.0,0.0049268032904842,0.0009701815778197,0.0036517161466346,0.0003049055660298,0.7848500569003101
75.0,-40.0,0.0050866016581642,0.0012943874229298,0.00334743928668,0.0004447749485543,0.78808240811445
80.0,-40.0,0.0053696681123641,0.0008984337174322,0.0037283034609813,0.0007429309339505,0.8183002558063448
85.0,-40.0,0.0057397755740489,0.0015300567232872,0.0031801245713183,0.0010295942794433,0.9216099483625014
90.0,-40.0,0.0081661217662959,0.0041273315662093,0.0027247124445949,0.0013140777554916,0.837893042243938
95.0,-40.0,0.0259539725633919,0.0215151977474947,0.0028117208318144,0.0016270539840827,0.6236420783123255
100.0,-40.0,0.0371745442677352,0.0322503149083887,0.0030260541203347,0.0018981752390117,0.6282791017460645
105.0,-40.0,0.0128760727121189,0.008176227577555,0.0025585646670901,0.0021412804674737,0.686203018439647
110.0,-40.0,0.0073616963085533,0.0025440077666006,0.0024784289677987,0.0023392595741539,0.7790433621890192
115.0,-40.0,0.0070081292371887,0.0018094338980883,0.0026876768299868,0.0025110185091135,0.8105274036380821
120.0,-40.0,0.0100829683657917,0.0046445629336577,0.0028308023026913,0.0026076031294425,0.7279687859927864
125.0,-40.0,0.0088609684019087,0.003176848086555,0.0030550695864352,0.0026290507289184,0.7504678431583578
130.0,-40.0,0.007940573066215,0.0023409239057664,0.0029911630602196,0.002608486100229,0.8188048369735277
135.0,-40.0,0.009112210924294,0.0034386484640687,0.0030879756276632,0.002585586832562,0.904986816140513
140.0,-40.0,0.008834680373065,0.0027525846022373,0.0036247833047748,0.0024573124660527,0.8944596224144425
145.0,-40.0,0.0082343395648804,0.0016507382927098,0.0043162730624703,0.0022673282097003,0.7899286153553984
150.0,-40.0,0.0078684741899504,0.0017565887432493,0.0040783745367713,0.0020335109099296,0.7499679045858505
155.0,-40.0,0.0080722936081169,0.0024858932616223,0.0038482856433631,0.0017381147031313,0.7524102948089458
160.0,-40.0,0.0086734171973035,0.0029348123036267,0.0042970458355952,0.0014415590580814,0.7911599305436797
165.0,-40.0,0.0073511335488368,0.0022562464997801,0.0039450213873181,0.0011498656617385,0.9013443710276268
170.0,-40.0,0.0072946853492142,0.0021458798182502,0.0042909125495662,0.0008578929813976,0.748844099965863
175.0,-40.0,0.0066883330613842,0.001807784525985,0.0043189085645877,0.0005616399708115,0.7384524671733201
180.0,-40.0,0.0062822316253951,0.0013599100583234,0.0046532356341064,0.0002690859329653,0.7291525639470986
185.0,-40.0,0.0063063369537448,0.0013227315672941,0.0046792692785204,0.0003043361079301,0.725590149826945
190.0,-40.0,0.007097593438179,0.0016935939046442,0.0050674631862409,0.0003365363472938,0.6993283513117098
195.0,-40.0,0.0080961297877319,0.0025555809927497,0.0051641517401726,0.0003763970548096,0.6716877078094621
200.0,-40.0,0.013580272558584,0.0080053120557461,0.0051860115546766,0.0003889489481612,0.5497619305342931
205.0,-40.0,0.0121838419862822,0.0065748894739986,0.0051985075357706,0.0004104449765128,0.5793793568891634
210.0,-40.0,0.0087536691160377,0.00314334926265,0.0052166042514778,0.0003937156019097,0.6601596017754153
215.0,-40.0,0.0089054369599568,0.0024470109915383,0.0060634550639321,0.0003949709044862,0.658809051614097
220.0,-40.0,0.0084737832700502,0.0019015564531167,0.0061920151789668,0.0003802116379665,0.7073511905264512
225.0,-40.0,0.0093183862848823,0.0028262321119421,0.0061585119660479,0.0003336422068922,0.8094265493194182
230.0,-40.0,0.0124491281474386,0.0060393892810689,0.0061018290524639,0.0003079098139057,0.7798079024880042
235.0,-40.0,0.0223547552954502,0.015764968258524,0.0062988198482651,0.000290967188661,0.5315117966772459
240.0,-40.0,0.0224653898789198,0.015738778845751,0.0064473199710571,0.0002792910621116,0.5962390679527114
245.0,-40.0,0.0114964498791665,0.0048571359342144,0.006384722411352,0.0002545915336001,0.6186670098420669
250.0,-40.0,0.0105974176643681,0.0039440160305895,0.0064298426231159,0.0002235590106626,0.613399733547159
255.0,-40.0,0.0099627954648026,0.0031085321368375,0.0064467495472276,0.0004075137807374,0.6437158408518588
260.0,-40.0,0.009374320125375,0.0021794205711186,0.0064224188442229,0.0007724807100335,0.6301363820176449
265.0,-40.0,0.0097518932727919,0.0021694864712774,0.0064576450430086,0.0011247617585058,0.6300357217600021
270.0,-40.0,0.0107339041590349,0.0026537209930505,0.0065882557744033,0.001491927391581,0.6104261442831758
275.0,-40.0,0.0111619302907383,0.0027027170900639,0.0066238106466374,0.0018354025540369,0.5989168621520646
280.0,-40.0,0.0136160692607569,0.0048187740070753,0.0066552218047841,0.0021420734488973,0.589908449672369
285.0,-40.0,0.0143660103082146,0.005271486039936,0.0066832045892119,0.0024113196790666,0.6274764257250389
290.0,-40.0,0.0200936678005128,0.0108793843883596,0.0065848839407302,0.0026293994714229,0.8082680395632197
295.0,-40.0,0.0181904642725307,0.0087917447133638,0.0065916003853526,0.0028071191738142,0.7128109794766829
300.0,-40.0,0.0149770462732678,0.0054455813555834,0.0066133806446305,0.0029180842730539,0.6005066381262665
305.0,-40.0,0.0127686032607519,0.0033877132254983,0.0064286553492156,0.0029522346860379,0.6351175302363552
310.0,-40.0,0.0124348613087695,0.0030712507936389,0.0064227707726644,0.002940839742466,0.690934707579826
315.0,-40.0,0.0182777256428483,0.009003218104961,0.0064146112594977,0.0028598962783895,0.7722428553096741
320.0,-40.0,0.0146920668784394,0.0055730674741644,0.0064025816714341,0.0027164177328408,0.8029935803437316
325.0,-40.0,0.01083429952366,0.0019348989945002,0.0063819065002407,0.0025174940289191,0.7405575521865166
330.0,-40.0,0.0099306289303067,0.0013128271825779,0.0063582777690449,0.0022595239786838,0.7807150491447009
335.0,-40.0,0.0095690688205026,0.0012535297138162,0.006348488432869,0.0019670506738172,0.771532987065262
340.0,-40.0,0.0091322387019067,0.0012877328428153,0.006216272800091,0.0016282330590004,0.7032269646204914
345.0,-40.0,0.0087601290012354,0.0012580862041659,0.0062162208104908,0.0012858219865787,0.6649042888142744
350.0,-40.0,0.0083911661348656,0.0012056182192486,0.0062421568897213,0.0009433910258956,0.6602567310322048
355.0,-40.0,0.0080439637938826,0.0013307082177089,0.0061172923911996,0.000595963184974,0.691929747415871
360.0,-40.0,0.007601389118291,0.0009786302888707,0.0063719264391245,0.0002508323902957,0.6728509117408648
0.0,-35.0,0.0076797798040265,0.0018144502001431,0.005599206834009,0.0002661227698742,0.6309355139261675
5.0,-35.0,0.0073513305040458,0.0015186119261894,0.0055189332366437,0.0003137853412125,0.6369820899065526
10.0,-35.0,0.0069156929780506,0.001275764583455,0.0052833561330716,0.0003565722615239,0.6643573326792773
15.0,-35.0,0.0063460871502065,0.0009949446757671,0.0049639012923243,0.000387241182115,0.684122663586427
20.0,-35.0,0.0057020339816102,0.0010113852903836,0.0042693727272089,0.0004212759640176,0.7263864896681724
25.0,-35.0,0.0056007021382258,0.0008385566528146,0.0043269621856102,0.0004351832998009,0.7301378465344379
30.0,-35.0,0.0053781285148047,0.000916179720281,0.0040152395421569,0.0004467092523667,0.7421901912844875
35.0,-35.0,0.0060361232271519,0.0016384693036873,0.0039345102936408,0.0004631436298238,0.7365462401295837
40.0,-35.0,0.0103950271786889,0.0063985284874224,0.0035360562077611,0.0004604424835052,0.7310380148192952
45.0,-35.0,0.018419629232355,0.0143669701605337,0.0036031912732385,0.0004494677985827,0.7432107128460914
50.0,-35.0,0.0063408490801175,0.0026397953230063,0.0032698575321813,0.0004311962249298,0.781477581455712
55.0,-35.0,0.005177953902206,0.0015038696066411,0.0032634991752829,0.0004105851202819,0.7660675310244744
60.0,-35.0,0.004369135684727,0.0006914416335593,0.0032853743402867,0.0003923197108809,0.7851711736094606
65.0,-35.0,0.0038783182917866,0.0004942606689221,0.0030299028875592,0.0003541547353052,0.8055601213512995
70.0,-35.0,0.0043773178989901,0.000463835871399,0.0036025478062754,0.0003109342213155,0.7800741845307174
75.0,-35.0,0.004431818544359,0.0005732029904734,0.0032612542894418,0.0005973612644436,0.810884852816744
80.0,-35.0,0.0049884101130165,0.0009896439512385,0.0030659922996413,0.0009327738621366,0.91809607528979
85.0,-35.0,0.0054225324672127,0.001169887838014,0.0029958255512888,0.0012568190779099,0.9407619166091632
90.0,-35.0,0.0063381771801407,0.0024045628116827,0.0023611610262743,0.0015724533421836,0.8544281453403995
95.0,-35.0,0.0081754812316769,0.0037295890816991,0.0025226608698966,0.0019232312800812,0.749613429813567
100.0,-35.0,0.006993857641066,0.002548406336443,0.0022187833675835,0.0022266679370393,0.7627606183918245
105.0,-35.0,0.007866353473895,0.0027677416178433,0.0026005888033653,0.0024980230526863,0.7282620080657118
110.0,-35.0,0.0106386926853057,0.0056234485159871,0.0023013047017858,0.0027139394675326,0.7243616145505722
115.0,-35.0,0.0066751194249216,0.0014163386794431,0.0023592361459185,0.0028995445995599,0.8172683541336624
120.0,-35.0,0.0068328109632678,0.0010899855087652,0.0027358399408943,0.0030069855136082,0.7817661186929723
125.0,-35.0,0.0077102411272657,0.0015878458061531,0.0030842663898522,0.0030381289312603,0.8037380550688193
130.0,-35.0,0.0102063657776897,0.0044273286667311,0.0027741199788641,0.0030049171320945,0.9301737771158692
135.0,-35.0,0.0167387139109215,0.0111136525536405,0.0026799364365915,0.0029451249206894,0.9626477995594076
140.0,-35.0,0.0079187266187333,0.0016274423931128,0.0034980144764732,0.0027932697491472,0.8711089226391757
145.0,-35.0,0.0083182077642854,0.002117604668211,0.0036388850605592,0.0025617180355151,0.7568270230914917
150.0,-35.0,0.0109622466785249,0.0050841558750319,0.0035888470275729,0.00228924377592,0.724944653060063
155.0,-35.0,0.020955723837097,0.0154519672226979,0.0035642957874538,0.0019394608269452,0.5361559047884232
160.0,-35.0,0.0105975574601154,0.005327959837404,0.0036704980468208,0.0015990995758906,0.7229429114071435
165.0,-35.0,0.0096592787273356,0.0043974668289026,0.0039750630568612,0.0012867488415717,0.6878601100535615
170.0,-35.0,0.007062201088438,0.0020752360248076,0.0040332826161125,0.0009536824475177,0.7181492273761452
175.0,-35.0,0.0062907093702502,0.0015548676552444,0.0041341221963129,0.0006017195186929,0.7126330023753851
180.0,-35.0,0.0057149753245956,0.0012644752982419,0.0041805183903233,0.0002699816360303,0.7227824218794044
185.0,-35.0,0.0052003346050078,0.0007570091337175,0.004133671217243,0.0003096542540472,0.7379092426819368
190.0,-35.0,0.0058389804681093,0.0009305160264581,0.0045627703373091,0.0003456941043421,0.7141318559819845
195.0,-35.0,0.0062103662645445,0.0012425516432671,0.0045755797575807,0.0003922348636966,0.6983553272796952
200.0,-35.0,0.0073814408339144,0.0023708062206846,0.0045944244486261,0.0004162101646036,0.6656266774058286
205.0,-35.0,0.0165085733129435,0.011459816326921,0.004609144799378,0.0004396121866444,0.4731552159964743
210.0,-35.0,0.0090102683064466,0.0038362380767064,0.0047515315352104,0.0004224986945297,0.6317966074919472
215.0,-35.0,0.0094256850522594,0.0034568403447611,0.0055467883022348,0.0004220564052634,0.6386703271950729
220.0,-35.0,0.0134398471590086,0.0073638604839507,0.005668724278054,0.0004072623970038,0.6780032886432419
225.0,-35.0,0.0233229612083605,0.0173466055860038,0.0056265242354418,0.0003498313869148,0.798950594996241
230.0,-35.0,0.0112933001778113,0.0052464266604383,0.0057281098980047,0.0003187636193682,0.697258094061638
235.0,-35.0,0.0113724484419778,0.0053685815472491,0.0056966681515051,0.0003071987432234,0.6349400314447295
240.0,-35.0,0.0120107293267283,0.0060573158290768,0.0056620625817054,0.0002913509159459,0.6439642582337944
245.0,-35.0,0.007484886396335,0.0015799608870387,0.0056625024532304,0.0002424230560658,0.6604698999291025
250.0,-35.0,0.0068393547367215,0.0009626557240812,0.0056592426393733,0.000217456373267,0.6600972214246938
255.0,-35.0,0.0071633448524738,0.0009570754738801,0.0056309701821493,0.0005752991964443,0.6503717521743193
260.0,-35.0,0.0079163189929505,0.0013010188920232,0.0056310588536388,0.0009842412472883,0.6337046615481113
265.0,-35.0,0.0080683575596348,0.0008399519341847,0.0058302450488121,0.0013981605766378,0.6350556384379996
270.0,-35.0,0.008459477911995,0.0008395671333489,0.0058282238725968,0.0017916869060491,0.6264497034965029
275.0,-35.0,0.0090528107681563,0.0010105060471596,0.0058650998288032,0.0021772048921933,0.6179746534645105
280.0,-35.0,0.0097549493456858,0.0013348327193883,0.0059002517874073,0.0025198648388901,0.6275659231248851
285.0,-35.0,0.0112550563452575,0.0025091739027618,0.0059291902641829,0.0028166921783127,0.6605113655060835
290.0,-35.0,0.0186486921912316,0.0096272667459286,0.0059548296122193,0.0030665958330836,0.5647110105364355
295.0,-35.0,0.0185697276476208,0.0093460847450177,0.0059738275855905,0.0032498153170125,0.5396159672779463
300.0,-35.0,0.0181340073515676,0.0088271694398549,0.0059439523220977,0.0033628855896148,0.5646066222542219
305.0,-35.0,0.0187595371797254,0.009422296901364,0.0059373333029117,0.0033999069754495,0.6132238946301869
310.0,-35.0,0.0158516423875502,0.0066518985209785,0.0058323574641797,0.0033673864023919,0.7252854938443525
315.0,-35.0,0.0223559740953405,0.0134396787003831,0.0056551405300898,0.0032611548648675,0.7785621238457239
320.0,-35.0,0.0111160646124123,0.0023909367729105,0.0056372755972931,0.0030878522422086,0.7218815217301053
325.0,-35.0,0.0099728504336743,0.0015126973680079,0.0056105048429818,0.0028496482226845,0.6832629658662237
330.0,-35.0,0.0095290897258895,0.0013988515429024,0.0055820142253822,0.0025482239576047,0.6801427190239815
335.0,-35.0,0.0092440879604093,0.0014924123777917,0.0055483484779597,0.0022033271046578,0.6524554589978869
340.0,-35.0,0.008856904113987,0.0015994855570962,0.0054394864045658,0.0018179321523249,0.6370626308779469
345.0,-35.0,0.0089009276468066,0.0020065996509995,0.0054549061395103,0.0014394218562966,0.6220079687033387
350.0,-35.0,0.0085418428064909,0.0020134354439788,0.0054824120001748,0.0010459953623371,0.6320041220175889
355.0,-35.0,0.0081237634588936,0.0021027874679102,0.0053753284818675,0.0006456475091159,0.6586579519667941
360.0,-35.0,0.0076797798040265,0.0018144502001431,0.005599206834009,0.0002661227698742,0.6309355139261695
0.0,-30.0,0.0166832461749609,0.0116166756193684,0.0047879297984688,0.0002786407571236,0.3977010212426898
5.0,-30.0,0.0092489398567689,0.0041760391207917,0.0047404905286242,0.0003324102073529,0.552985099041948
10.0,-30.0,0.0140288583181323,0.0092073579610333,0.0044417927916374,0.0003797075654614,0.4532833979870223
15.0,-30.0,0.0080775217479134,0.0036280787857494,0.004036579903206,0.0004128630589579,0.6057280104147735
20.0,-30.0,0.0071921664003635,0.0031592758160646,0.0035890613663062,0.0004438292179926,0.6530921895546218
25.0,-30.0,0.0066779644571359,0.0024697408987653,0.0037446687991498,0.0004635547592206,0.6737689090771695
30.0,-30.0,0.0056092138336916,0.0015457130626221,0.0035779086602356,0.0004855921108339,0.7161196872938618
35.0,-30.0,0.0068739069483788,0.002982738187606,0.0034024981613779,0.0004886705993948,0.7167297513597493
40.0,-30.0,0.0132066982592383,0.009820536835161,0.0029024336393313,0.0004837277847459,0.7438582187196767
45.0,-30.0,0.0065921513099233,0.0030173842143917,0.0031000923071474,0.0004746747883841,0.7836867538802549
50.0,-30.0,0.0050588020485963,0.0017143121484462,0.0028916963584314,0.0004527935417186,0.760346551808398
55.0,-30.0,0.0040761433488595,0.000766414059152,0.0028781481830069,0.0004315811067005,0.780589830591406
60.0,-30.0,0.0042088011862542,0.0009955647018834,0.0028039647389247,0.000409271745446,0.77662954690683
65.0,-30.0,0.003456699902064,0.0004550300125723,0.0026374906093852,0.0003641792801064,0.800725531434627
70.0,-30.0,0.0038460164976725,0.0005036239859722,0.002946361550305,0.0003960309613951,0.7868364464153264
75.0,-30.0,0.0043469692091455,0.0007456177642724,0.0028376165128848,0.0007637349319882,0.8023783878564955
80.0,-30.0,0.0045384622426378,0.0005823405162635,0.0028241910801203,0.0011319306462539,0.868202098548966
85.0,-30.0,0.0051676759427956,0.0010459117786323,0.0026321119788483,0.0014896521853149,0.7950134498865897
90.0,-30.0,0.0047369299342549,0.0008565368223536,0.0020397584239728,0.0018406346879285,0.7959408647027746
95.0,-30.0,0.0054569596271575,0.0008741181980649,0.0023586142284592,0.0022242272006332,0.7674024390712639
100.0,-30.0,0.0063265488921122,0.0015212350678313,0.0022422498136714,0.0025630640106095,0.7591143201953308
105.0,-30.0,0.0085237490673854,0.0034041957028536,0.0022668283272036,0.002852725037328,0.7489656981385335
110.0,-30.0,0.0074336801651616,0.0022961912864668,0.0020265066498068,0.0031109822288879,0.7511969538318536
115.0,-30.0,0.007112547217416,0.0014451058535541,0.0023826162815541,0.0032848250823078,0.7846352981417577
120.0,-30.0,0.0072531221839114,0.0014181667935099,0.0024411566519164,0.003393798738485,0.786239455461017
125.0,-30.0,0.0091520013754301,0.0032757975963755,0.0024569874821309,0.0034192162969235,0.8184317945655115
130.0,-30.0,0.024062853912425,0.0179270307537498,0.0027054511713345,0.0034303719873407,0.8472408994408843
135.0,-30.0,0.0104027073676292,0.0041366242363044,0.0029467683649622,0.0033193147663625,0.8540946234732256
140.0,-30.0,0.0072818798935712,0.0010758392711707,0.0030693724835808,0.0031366681388196,0.7777592002149354
145.0,-30.0,0.0083811350307158,0.0021536057933067,0.0033833229674577,0.0028442062699513,0.7220783331708498
150.0,-30.0,0.0220606359781906,0.0161713625519641,0.0033600482516535,0.0025292251745729,0.4767264859418911
155.0,-30.0,0.0201900480729366,0.0147367532657783,0.0033226308676023,0.0021306639395558,0.4588877673453244
160.0,-30.0,0.0072188342093036,0.0022474852881107,0.0032084237540578,0.001762925167135,0.6879756586293919
165.0,-30.0,0.0062056390491747,0.0013661130819106,0.0034304218207386,0.0014091041465254,0.7165619552614655
170.0,-30.0,0.0066374662315668,0.0020372035402265,0.0035565781825624,0.0010436845087779,0.6937278086799724
175.0,-30.0,0.0066046419595461,0.0023049539495372,0.0036445311954869,0.0006551568145219,0.7115129325243204
180.0,-30.0,0.0066398751507629,0.0024743578663188,0.0038778830770428,0.0002876342074012,0.7079751334438305
185.0,-30.0,0.005157592065213,0.0010158494541394,0.0038108147626524,0.0003309278484211,0.7261455040100009
190.0,-30.0,0.0052859810851435,0.0009727580060212,0.0039427013524164,0.0003705217267058,0.6993474525835877
195.0,-30.0,0.005381448795245,0.0010078969912537,0.0039625915362308,0.0004109602677604,0.701181213674696
200.0,-30.0,0.0060452225152182,0.0015169384003833,0.0040848646354243,0.0004434194794105,0.6802214912123479
205.0,-30.0,0.0075180524713688,0.0030444996170517,0.0040077846688426,0.0004657681854743,0.6593038036303186
210.0,-30.0,0.025048712861867,0.0204117358554394,0.0041940487059233,0.0004429283005042,0.4841335143466526
215.0,-30.0,0.014370511702019,0.0091390895904895,0.004796775832322,0.0004346462792074,0.6066583552671965
220.0,-30.0,0.0210500892125748,0.0155745267830517,0.005045406489817,0.000430155939706,0.6854858338920946
225.0,-30.0,0.010199576506782,0.0048291762476486,0.005005526402496,0.0003648738566373,0.7070121081510585
230.0,-30.0,0.0080812439603874,0.0027575389017476,0.0050073965010971,0.0003163085575426,0.6546353336607681
235.0,-30.0,0.0123470110224945,0.0070747045930107,0.0049745542011263,0.0002977522283575,0.5963581323298719
240.0,-30.0,0.010360930901069,0.0051371511146907,0.0049377454623551,0.0002860343240231,0.5816277649515386
245.0,-30.0,0.0063282063590327,0.001195638745508,0.0048891174629363,0.0002434501505883,0.6539698852597662
250.0,-30.0,0.0060237959212795,0.0008237718507975,0.004894553838352,0.00030547023213,0.6494624316151464
255.0,-30.0,0.0067241008188191,0.0011047641355217,0.0048584863441811,0.0007608503391162,0.6297712090535188
260.0,-30.0,0.0067189897328842,0.0006377658183218,0.0048696417692997,0.0012115821452626,0.6384113790527299
265.0,-30.0,0.0073920436812603,0.0007142057285585,0.0050017353226026,0.0016761026300992,0.620934417940598
270.0,-30.0,0.0079236147731325,0.0008243013626439,0.0050013008359676,0.0020980125745209,0.6112042451239553
275.0,-30.0,0.0082883530123797,0.0007206931148815,0.0050449850959127,0.0025226748015854,0.616525148620606
280.0,-30.0,0.0090151945685684,0.0010339617509585,0.0050807813080935,0.0029004515095163,0.6167654835425926
285.0,-30.0,0.0140913448488362,0.0057547851713811,0.0051130820192112,0.0032234776582438,0.5160399275014288
290.0,-30.0,0.0226893134602157,0.0140582140102547,0.0051377307954869,0.003493368654474,0.6180142518409494
295.0,-30.0,0.0121395590327777,0.0032983732120694,0.0051549165064123,0.0036862693142959,0.6215943769427774
300.0,-30.0,0.0129643372547853,0.0039879797542502,0.0051727381773841,0.003803619323151,0.6154016196905325
305.0,-30.0,0.0204457038514639,0.0114441248836199,0.0051677784042511,0.0038338005635928,0.6064928226374993
310.0,-30.0,0.0193708473790959,0.0104223053709879,0.0051625608413963,0.0037859811667116,0.862666060185239
315.0,-30.0,0.0136464024601252,0.0048865439483769,0.0051051015396854,0.0036547569720628,0.7731479248798658
320.0,-30.0,0.0122472551795535,0.0038032927011932,0.0049988555968558,0.0034451068815044,0.6290704103041029
325.0,-30.0,0.0157998696567799,0.0078046245128144,0.0048270449481742,0.0031682001957911,0.5255295618119356
330.0,-30.0,0.0113395867200389,0.003722831544965,0.0047929602712775,0.0028237949037964,0.6077982991669505
335.0,-30.0,0.0227735748761367,0.0156027999757494,0.0047391870215972,0.00243158787879,0.3861010217853825
340.0,-30.0,0.0104284020383649,0.003736479109798,0.0046904316032181,0.0020014913253487,0.5712746801600495
345.0,-30.0,0.0178125487785248,0.0115436371165711,0.0046849137984503,0.0015839978635033,0.4246708401151172
350.0,-30.0,0.0128833439850757,0.0070223548244599,0.0047172215952953,0.0011437675653203,0.5010053351726438
355.0,-30.0,0.010796788487209,0.0054767538794272,0.0046216593056455,0.0006983753021362,0.5302400835354508
360.0,-30.0,0.0166832461749637,0.0116166756193712,0.0047879297984688,0.0002786407571236,0.3977010212426499
0.0,-25.0,0.0058124177564303,0.0015370627518942,0.0039756123030671,0.0002997427014689,0.621395968811473
5.0,-25.0,0.00644553816063,0.0021121348485695,0.0039725917313088,0.0003608115807516,0.5955715827278781
10.0,-25.0,0.0059445167082913,0.0018050537128044,0.0037369524208844,0.0004025105746024,0.6208235388623952
15.0,-25.0,0.0093418744766596,0.0054911367611419,0.003412480077965,0.0004382576375525,0.5298417872243943
20.0,-25.0,0.0084736915781058,0.0049627778010238,0.0030406942638165,0.0004702195132653,0.5898043243630698
25.0,-25.0,0.0096499364401397,0.0058865302976219,0.0032606202023412,0.0005027859401765,0.5520448679032997
30.0,-25.0,0.0127004466418729,0.0091506557172142,0.0030349367908468,0.0005148541338117,0.5177157076935653
35.0,-25.0,0.008544642471479,0.0049884133465529,0.0030387039326164,0.0005175251923096,0.7584890688461214
40.0,-25.0,0.0102130769996009,0.0070222800663684,0.0026797282898668,0.0005110686433656,0.8328984801790487
45.0,-25.0,0.0049332702729818,0.0017901237343818,0.002648058791962,0.0004950877466379,0.776539288716775
50.0,-25.0,0.0042842190876197,0.0013297938854089,0.0024814439512969,0.0004729812509138,0.7776804713393171
55.0,-25.0,0.0037334341895075,0.000822171697315,0.0024565566412332,0.0004547058509592,0.79056464087387
60.0,-25.0,0.0033926422246875,0.00068109023073,0.0022885969025999,0.0004229550913576,0.7907008890948921
65.0,-25.0,0.0029754580002435,0.0004606017041128,0.0021413724375218,0.0003734838586088,0.8074057215117418
70.0,-25.0,0.0033676463731902,0.0004658457726465,0.0023725640144898,0.0005292365860538,0.8322613535498948
75.0,-25.0,0.0039539063144918,0.0004014651047123,0.0026171177815889,0.0009353234281905,0.8024213547474172
80.0,-25.0,0.0040319874609687,0.0004128531200717,0.0022841088744365,0.0013350254664603,0.7890815219969256
85.0,-25.0,0.0045724955136191,0.0005222885301969,0.0023225529519325,0.0017276540314896,0.7518770979873933
90.0,-25.0,0.0049957899686948,0.0005021554273365,0.0023904523891976,0.0021031821521606,0.7472216763402835
95.0,-25.0,0.005486356860096,0.0008517470116374,0.0021134444093575,0.0025211654391011,0.7793446723964093
100.0,-25.0,0.0130733942838005,0.0078347199546992,0.0023501453429207,0.0028885289861805,0.76560313853729
105.0,-25.0,0.0061532209808859,0.0010310561190148,0.0019211450724446,0.0032010197894264,0.7873279052775606
110.0,-25.0,0.0060428005772965,0.0006863114463204,0.0018785580308568,0.0034779311001191,0.7623545684138351
115.0,-25.0,0.0063907019984104,0.0007247635035263,0.0020069014557019,0.0036590370391821,0.7474107573783494
120.0,-25.0,0.0075447795805245,0.0013225953559996,0.0024538525395081,0.0037683316850167,0.7432726238528777
125.0,-25.0,0.0123965510266885,0.0060214183030984,0.0025883849228545,0.0037867478007355,0.7886192768562237
130.0,-25.0,0.0220098494127521,0.0155540745531263,0.0026627209070688,0.0037930539525569,0.8118062648845858
135.0,-25.0,0.0080338181615441,0.0016640943433886,0.0027149334176652,0.0036547904004901,0.7711905206534776
140.0,-25.0,0.0081291917480053,0.0016893274260818,0.002997115844377,0.0034427484775463,0.7142598963236455
145.0,-25.0,0.0094290037325038,0.0030616416019001,0.0032338661030339,0.0031334960275698,0.679985486716886
150.0,-25.0,0.009113683637473,0.0034070605692127,0.002946568230602,0.0027600548376582,0.6334684733613262
155.0,-25.0,0.0067004143438045,0.0014891752214505,0.0028951918513232,0.0023160472710307,0.6792277599362903
160.0,-25.0,0.0053815353357167,0.0007565064402948,0.002702650436068,0.0019223784593538,0.7137543457329614
165.0,-25.0,0.0050574778933891,0.0006096067635947,0.0029149314881806,0.0015329396416138,0.7175753143652241
170.0,-25.0,0.0048680243353019,0.0006214125912773,0.0031171830828826,0.0011294286611419,0.7092105138007576
175.0,-25.0,0.0046960713183284,0.0009347356647519,0.0030521088548729,0.0007092267987034,0.7220622795359373
180.0,-25.0,0.0052288937991843,0.001541157121311,0.0033779857782118,0.0003097508996614,0.7223617151677502
185.0,-25.0,0.0079891053933328,0.0041986707354435,0.0034328332174133,0.0003576014404759,0.5764922430881003
190.0,-25.0,0.0055581508819187,0.0016866201268444,0.0034708638079239,0.0004006669471502,0.6934602932203385
195.0,-25.0,0.0059327628232223,0.0020051418064442,0.0034860988277252,0.0004415221890529,0.6591906128819434
200.0,-25.0,0.0089115133730238,0.004961110242546,0.0034729791098693,0.0004774240206085,0.6169201888374674
205.0,-25.0,0.0088902675925333,0.0049031484992935,0.0034925596157223,0.0004945594775174,0.5915331077838971
210.0,-25.0,0.0113008807524957,0.0068267950217006,0.0040067124361373,0.0004673732946577,0.5878394540220403
215.0,-25.0,0.0302244789490357,0.0255053991097421,0.0042654362998638,0.0004536435394297,0.5357205204098725
220.0,-25.0,0.0275684074074634,0.0228067875979525,0.0043089043517556,0.0004527154577552,0.7037708646930669
225.0,-25.0,0.0085122230217426,0.0038311777779593,0.0042951765680685,0.0003858686757147,0.6520789977877053
230.0,-25.0,0.0065101786304177,0.0019432973411231,0.0042430454916459,0.0003238357976486,0.6462751285432016
235.0,-25.0,0.0076796573835519,0.0031729176798072,0.0042040614495263,0.0003026782542183,0.6297330717465697
240.0,-25.0,0.0090369121847261,0.0045884033270573,0.0041594214767534,0.0002890873809153,0.6705239414882664
245.0,-25.0,0.0058283028811909,0.0014668744840547,0.0041130014343409,0.0002484269627952,0.6549919128706727
250.0,-25.0,0.0053799785361456,0.0008379993147766,0.0040849465074263,0.0004570327139426,0.647889486449736
255.0,-25.0,0.0055937854948496,0.0005872415743682,0.0040550947877707,0.0009514491327107,0.6397565567927617
260.0,-25.0,0.0061835216966872,0.0005689308902772,0.0041701381701478,0.001444452636262,0.6276943059375786
265.0,-25.0,0.0066968354571582,0.0005746321519519,0.0041781195013563,0.0019440838038499,0.6113529200458159
270.0,-25.0,0.0072792100621949,0.0006975707986238,0.0041760880050984,0.0024055512584726,0.6062580612410132
275.0,-25.0,0.0088051022173825,0.0017182262943018,0.0042213108112483,0.0028655651118324,0.5833834331763537
280.0,-25.0,0.0087393884978145,0.0012013748748859,0.0042625492708744,0.003275464352054,0.7099613632805192
285.0,-25.0,0.0095763189608053,0.0016541836888239,0.0042970502295156,0.0036250850424657,0.6248306190334771
290.0,-25.0,0.0099999359571632,0.0017629300334496,0.004325625862725,0.0039113800609884,0.6206542902235306
295.0,-25.0,0.0109587110827233,0.002500979084412,0.0043457771370605,0.0041119548612507,0.6247235073951599
300.0,-25.0,0.0136588171054076,0.0050663687564833,0.0043634130671283,0.0042290352817959,0.601180168421705
305.0,-25.0,0.0204092566687486,0.0117915536711287,0.0043680687473161,0.0042496342503036,0.7552681094658499
310.0,-25.0,0.0374516559520408,0.0289087164205483,0.0043573298878745,0.0041856096436179,0.8253700864600457
315.0,-25.0,0.0209425902130228,0.0125779047581731,0.0043323341377584,0.0040323513170912,0.5896833052257573
320.0,-25.0,0.0139404819664715,0.0058435795068205,0.0043085878541646,0.0037883146054863,0.5686229061764868
325.0,-25.0,0.0152450792083699,0.0075371561245541,0.0042383423973856,0.0034695806864302,0.5585675348745884
330.0,-25.0,0.0116486469567327,0.0045537227429641,0.0040128381318997,0.0030820860818688,0.5637366508481279
335.0,-25.0,0.0094070225433611,0.0028076007766065,0.0039548799848678,0.0026445417818867,0.569217864104269
340.0,-25.0,0.0078317555025939,0.0017180673027058,0.0039328618573463,0.0021808263425417,0.6110636227852824
345.0,-25.0,0.007053097175741,0.0014175913809487,0.0039147988090663,0.0017207069857259,0.6627084921981425
350.0,-25.0,0.0066972570917222,0.0015224017246627,0.003935608439225,0.0012392469278344,0.7007104028161406
355.0,-25.0,0.0059140656704476,0.0012989408618055,0.0038606121440055,0.0007545126646365,0.6605155921926311
360.0,-25.0,0.0058124177564303,0.0015370627518942,0.0039756123030671,0.0002997427014689,0.621395968811473
0.0,-20.0,0.0042157542701939,0.0006799910407488,0.0032225871768764,0.0003131760525687,0.6541519683513468
5.0,-20.0,0.0044250211241021,0.0007416178999853,0.0033036674083295,0.0003797358157872,0.6442093491666558
10.0,-20.0,0.0044289507621003,0.0008759881642721,0.003128408810026,0.0004245537878021,0.6587063774810203
15.0,-20.0,0.0044332072906905,0.001086580121909,0.0028842340316929,0.0004623931370885,0.7023498648744165
20.0,-20.0,0.0051196879253771,0.0018690907542108,0.0027423695327997,0.0005082276383666,0.6663896844598449
25.0,-20.0,0.0055885465734963,0.00222410803798,0.0028340402288636,0.0005303983066526,0.6501862301690744
30.0,-20.0,0.009212488246321,0.006134287661441,0.0025355479113962,0.0005426526734838,0.6761008827586646
35.0,-20.0,0.0172868210074096,0.014200064765883,0.002541536536827,0.0005452197046995,0.7511580673838573
40.0,-20.0,0.00982949865998,0.0070630427620469,0.0022297032586453,0.0005367526392876,0.7877763204434246
45.0,-20.0,0.0092085441272251,0.006478134480494,0.002213310052644,0.000517099594087,0.6269628906541037
50.0,-20.0,0.004915093573014,0.0023187497818815,0.0021013570452113,0.000494986745921,0.7300673827874593
55.0,-20.0,0.0038110862520751,0.0013191974771246,0.0020193927723982,0.0004724960025522,0.7801774640229002
60.0,-20.0,0.0032940212428008,0.0008104481288522,0.0020483493351738,0.0004352237787747,0.7695160924396529
65.0,-20.0,0.0027916273265417,0.0005830846625567,0.001827805867534,0.0003807367964509,0.839564028882723
70.0,-20.0,0.0031140550089524,0.0004679862645024,0.0019824733059762,0.0006635954384737,0.8028944834358218
75.0,-20.0,0.003486355817358,0.0004014595572602,0.001982835117885,0.0011020611422127,0.7574967679459413
80.0,-20.0,0.0034854599101479,0.0003931128010056,0.001558930128138,0.0015334169810042,0.7705526936761438
85.0,-20.0,0.0042990195643196,0.0005549272910392,0.0017879770873185,0.0019561151859617,0.7524339142293881
90.0,-20.0,0.0051860462301598,0.000403960665121,0.0024054227117672,0.0023766628532715,0.8074672095470075
95.0,-20.0,0.0056833249922047,0.0005153800274761,0.00235846916137,0.0028094758033584,0.7887698862890453
100.0,-20.0,0.0066044774410903,0.0010818152659946,0.0023190117711747,0.0032036504039209,0.7049778855310667
105.0,-20.0,0.0055991996351474,0.0006229477820711,0.0014409629236021,0.0035352889294741,0.7312608202241668
110.0,-20.0,0.0068135937804372,0.0012876178317929,0.0016983544472557,0.0038276215013885,0.7129167172171338
115.0,-20.0,0.0069030415811344,0.0009836168030293,0.0019006084769285,0.0040188163011765,0.715817470810884
120.0,-20.0,0.0073425752790688,0.001221907391521,0.0019978739866504,0.0041227939008973,0.7805282205734487
125.0,-20.0,0.0097199239381084,0.0033605590042138,0.0022245806935652,0.0041347842403293,0.887342749057473
130.0,-20.0,0.0112761698694202,0.0048484716856373,0.0022958453396513,0.0041318528441314,0.7969464533521088
135.0,-20.0,0.0089072051190754,0.002595698213434,0.0023399719214557,0.0039715349841857,0.724828271325136
140.0,-20.0,0.0212072322938591,0.0146687792350303,0.0028105724046964,0.0037278806541323,0.6510205213597944
145.0,-20.0,0.0104938155803172,0.0043462847469436,0.0027628192039226,0.0033847116294508,0.6651999337461083
150.0,-20.0,0.0067744255484292,0.0011368950779271,0.0026424993843822,0.0029950310861197,0.7307110344845646
155.0,-20.0,0.0057432292340826,0.0007299252052634,0.0025245964488988,0.0024887075799203,0.7098256858191
160.0,-20.0,0.0050657165586244,0.0005332626398258,0.0024592042867852,0.0020732496320134,0.7301170360526668
165.0,-20.0,0.0046563306851848,0.0005001631877658,0.0025080823019709,0.001648085195448,0.7083368605432702
170.0,-20.0,0.004262257310246,0.0005248633379116,0.0025293441384693,0.0012080498338649,0.7058500025870884
175.0,-20.0,0.0039220393397372,0.000595933639183,0.002567861729044,0.0007582439715101,0.7188824217218874
180.0,-20.0,0.0038041364728105,0.0007151643937275,0.0027604209067131,0.0003285511723698,0.690026277123527
185.0,-20.0,0.0045196675717914,0.0013207142682927,0.0028184287705109,0.0003805245329878,0.6814444940071622
190.0,-20.0,0.008325484820025,0.0050377485145936,0.0028603201105802,0.0004274161948511,0.5744504242041205
195.0,-20.0,0.0159347230195861,0.0124235026990379,0.0030474321171589,0.0004637882033891,0.5716281500609429
200.0,-20.0,0.0131483981336717,0.0095001036868053,0.0031397402111463,0.00050855423572,0.5385278303392091
205.0,-20.0,0.0060141934331134,0.002319251915886,0.0031733646747553,0.000521576842472,0.6622198488469024
210.0,-20.0,0.0091335402179084,0.0051344370537843,0.0035086165359639,0.0004904866281601,0.6588510706913446
215.0,-20.0,0.0721310343197455,0.0680951421673599,0.0035497205936145,0.0004861715587709,0.5813516452007306
220.0,-20.0,0.0396714666918385,0.0356550223270614,0.003543143384486,0.000473300980291,0.5255613701018735
225.0,-20.0,0.0076935038435787,0.0037541013058789,0.0035404699263858,0.0003989326113139,0.6072938416122129
230.0,-20.0,0.005652962157465,0.0018372113300306,0.00348502138562,0.0003307294418142,0.6609390354705669
235.0,-20.0,0.0062742346559292,0.0025319209546859,0.0034286159134575,0.0003136977877856,0.6423015324998049
240.0,-20.0,0.0175841151838079,0.0139182482706403,0.0033785466527414,0.0002873202604262,0.4316960426821643
245.0,-20.0,0.0050941846189744,0.0015196629943707,0.0033265244654545,0.0002479971591491,0.6386795148518458
250.0,-20.0,0.0046541299601229,0.0007309754615329,0.0033133754771487,0.0006097790214413,0.6384018367660382
255.0,-20.0,0.0050452386428066,0.000577383748631,0.0033264028804724,0.0011414520137031,0.6272014414705878
260.0,-20.0,0.0056207287106659,0.0005544882765477,0.003385461956095,0.0016807784780231,0.6136630403727141
265.0,-20.0,0.0062534769786862,0.0006246543679576,0.0034219714990288,0.0022068511116997,0.5964131855322978
270.0,-20.0,0.0068894845844062,0.0007732186361628,0.0034129774628378,0.0027032884854055,0.5965208848390412
275.0,-20.0,0.007945879603671,0.0012850375737383,0.0034633111607869,0.0031975308691457,0.5893043057324059
280.0,-20.0,0.0080994690755109,0.0009573293959777,0.0035082644661102,0.0036338752134229,0.6601765331109251
285.0,-20.0,0.0088367612235663,0.0012775700977956,0.0035482532422116,0.004010937883559,0.6419836386572484
290.0,-20.0,0.0156034593017053,0.007749817600253,0.0035424185469058,0.0043112231545464,0.6806508306746832
295.0,-20.0,0.0143710692768194,0.0062871174524124,0.0035670353805817,0.0045169164438252,0.6697365059062919
300.0,-20.0,0.0161734355410262,0.0079500933029443,0.0035857632978429,0.0046375789402389,0.5932269706289749
305.0,-20.0,0.0164953486862303,0.0082611633652976,0.0035888341487523,0.0046453511721803,0.7957896544456824
310.0,-20.0,0.0160967407560569,0.0079546266014583,0.0035795506530327,0.0045625635015658,0.7195639198029349
315.0,-20.0,0.0220511259149406,0.0141090644860957,0.003560391938784,0.0043816694900609,0.6015415054971123
320.0,-20.0,0.0213930082859005,0.0137608255079436,0.0035269659890753,0.0041052167888814,0.5533813538441512
325.0,-20.0,0.059985100855413,0.0527510930032231,0.0034816793861829,0.0037523284660069,0.5135303128176325
330.0,-20.0,0.0118163086004625,0.0050891077544293,0.0034057477361823,0.0033214531098507,0.5621979723239933
335.0,-20.0,0.0077153857117024,0.0016776234453997,0.0031983843500708,0.0028393779162318,0.59262661570939
340.0,-20.0,0.0065592479536574,0.0010303561462682,0.0031822163336474,0.0023466754737417,0.6582202794811606
345.0,-20.0,0.0058805714508814,0.0008739311519852,0.0031614835479492,0.0018451567509469,0.9055378627600918
350.0,-20.0,0.0053102274156523,0.0008070277768028,0.0031744030198401,0.0013287966190092,0.8993721562272072
355.0,-20.0,0.0048118468371017,0.0008850617146386,0.0031112476082575,0.0008155375142055,0.6896827522907947
360.0,-20.0,0.0042157542701939,0.0006799910407488,0.0032225871768764,0.0003131760525687,0.6541519683513465
0.0,-15.0,0.0052165900931243,0.0023522422342582,0.0025202577377072,0.0003440901211588,0.5969316554599606
5.0,-15.0,0.0045458384388466,0.001530571224995,0.0026180101215746,0.0003972570922769,0.6311223047798884
10.0,-15.0,0.0051935420333307,0.0022681034695381,0.0024807691182514,0.0004446694455411,0.6151314904269287
15.0,-15.0,0.0042844486706831,0.0014692241224472,0.0023139362156093,0.0005012883326266,0.6748176794304703
20.0,-15.0,0.0043864505763496,0.0016524529652638,0.0022004704346286,0.000533527176457,0.6825485090861365
25.0,-15.0,0.0059574847588368,0.0032070607045618,0.0021938908001121,0.0005565332541629,0.6650158245148654
30.0,-15.0,0.0067643474823594,0.0041370955895606,0.0020588149850782,0.0005684369077206,0.7670224592872793
35.0,-15.0,0.0544751090268976,0.0519535217217656,0.0019521681004626,0.0005694192046693,0.7724253127340346
40.0,-15.0,0.0088543441577013,0.0066016739909317,0.0016932365192048,0.0005594336475646,0.7511909550499467
45.0,-15.0,0.0072001586308432,0.004873228998503,0.0017896271713103,0.0005373024610298,0.7111608077343108
50.0,-15.0,0.0121451233994013,0.0099655425762126,0.0016622866194014,0.0005172942037872,0.4670503348041077
55.0,-15.0,0.0059253524394406,0.0037736600787078,0.0016597688593605,0.0004919235013722,0.669456322872708
60.0,-15.0,0.0036619708355053,0.0016313194161319,0.0015847276341329,0.0004459237852405,0.7887559704450856
65.0,-15.0,0.0029237148824537,0.0009596015672296,0.0015769037047616,0.0003872096104623,0.7673532887360285
70.0,-15.0,0.0031373423836724,0.0006797227460488,0.0016651695127467,0.0007924501248767,0.7326561798464357
75.0,-15.0,0.0033346402021427,0.0005454463663531,0.0015298717073219,0.0012593221284676,0.7401480767812281
80.0,-15.0,0.0036870817804802,0.000536397746355,0.0014307867437082,0.0017198972904169,0.7803159044208865
85.0,-15.0,0.004118245963047,0.0004809632357076,0.0014675938794248,0.0021696888479146,0.788790120251021
90.0,-15.0,0.0046010467590984,0.0003702637232299,0.0016132657513446,0.0026175172845239,0.875277104302072
95.0,-15.0,0.0051385958622126,0.000414625964741,0.0016465430122911,0.0030774268851804,0.7414684420802764
100.0,-15.0,0.0057362692283461,0.0006309437186255,0.0016081865273164,0.0034971389824041,0.6921211209416288
105.0,-15.0,0.0061430910914122,0.0008928399411492,0.0014049206274035,0.0038453305228593,0.7039312747237504
110.0,-15.0,0.0068488898485169,0.0010991534086203,0.0015971348769283,0.0041526015629682,0.7078647627043022
115.0,-15.0,0.0072182625425986,0.0011219676918443,0.0017441074714652,0.0043521873792891,0.7997791298065817
120.0,-15.0,0.0079965011166398,0.0017614287729149,0.0017825200603812,0.0044525522833436,0.7547896230865005
125.0,-15.0,0.0083637967162104,0.0019874319378227,0.0019206712500271,0.0044556935283605,0.8774320224165136
130.0,-15.0,0.0087693650093137,0.0022983684300337,0.002027002584911,0.0044439939943689,0.7487648969031351
135.0,-15.0,0.0110874499030545,0.0046529189687973,0.0021725313066275,0.0042619996276296,0.6538490301219464
140.0,-15.0,0.0241082629483622,0.0178719746951751,0.0022469686031479,0.003989319650039,0.5190587065954271
145.0,-15.0,0.008125100249962,0.0023017932142015,0.0022053011668726,0.0036180058688878,0.6581149214891246
150.0,-15.0,0.0061792867306853,0.0008438829011908,0.0021437634671369,0.0031916403623575,0.7072911394873337
155.0,-15.0,0.0053959593625924,0.0007631148692723,0.0019674998976279,0.0026653445956921,0.7532313247199627
160.0,-15.0,0.0048151236925272,0.0005566932815612,0.0020507469068546,0.0022076835041114,0.7073847848074424
165.0,-15.0,0.0044784646675249,0.0005273523288159,0.002197556777445,0.0017535555612638,0.8382575491433346
170.0,-15.0,0.0039141047906617,0.0005317413537222,0.0021026210002805,0.0012797424366589,0.713927022878698
175.0,-15.0,0.0036628330981149,0.0007345243474981,0.0021256247001107,0.000802684050506,0.7064912833507373
180.0,-15.0,0.0033950222279295,0.0008365401300464,0.0022125320892907,0.0003459500085923,0.6807563954096489
185.0,-15.0,0.0044548378471295,0.0017808615494849,0.0022723462513031,0.0004016300463414,0.6514636231721633
190.0,-15.0,0.0198556261713251,0.0171212955319916,0.0022843263355511,0.0004500043037823,0.5577191477641565
195.0,-15.0,0.0098549085355961,0.006745177455467,0.0026204232400148,0.0004893078401143,0.5449741608144911
200.0,-15.0,0.0064941740076036,0.0032580951488065,0.0027026780877707,0.0005334007710264,0.6313396922860304
205.0,-15.0,0.0058295067010318,0.0024754266310433,0.0028074019165267,0.0005466781534616,0.6765793345747984
210.0,-15.0,0.0071971987701186,0.0038299965791455,0.0028452505408546,0.0005219516501184,0.6997054994336801
215.0,-15.0,0.0122311992533435,0.0088670686379606,0.0028559075547596,0.0005082230606231,0.6950456789622571
220.0,-15.0,0.0111279763615297,0.0077853844119914,0.002840556527901,0.0005020354216372,0.564248124852773
225.0,-15.0,0.0093793871112486,0.006164522378391,0.0028038397908621,0.0004110249419953,0.5025523344609075
230.0,-15.0,0.0050674584301691,0.002016128567335,0.0027066219450272,0.0003447079178068,0.6241980022115738
235.0,-15.0,0.0048117381911617,0.0018252546525255,0.002662790540648,0.0003236929979881,0.6373102470787324
240.0,-15.0,0.0056115838384412,0.0027106164986038,0.0026051077874099,0.0002958595524274,0.6145935218461784
245.0,-15.0,0.0055113811037825,0.0027046105949514,0.0025548766358909,0.0002518938729401,0.6283535637464277
250.0,-15.0,0.0042666339119595,0.0009540907872208,0.0025581991757396,0.0007543439489991,0.6284139446340569
255.0,-15.0,0.0045687919128956,0.0006309251090961,0.002614099131542,0.0013237676722574,0.6134644037945169
260.0,-15.0,0.0052082361689381,0.0006896424173014,0.002624824890482,0.0018937688611546,0.611229421589133
265.0,-15.0,0.0058636476879552,0.0007379317826536,0.002673405702726,0.0024523102025756,0.5859947398589291
270.0,-15.0,0.0063586711379382,0.0007079003006231,0.0026701217316027,0.0029806491057124,0.6080317007826017
275.0,-15.0,0.0070860995389675,0.000856868823844,0.0027234268412774,0.003505803873846,0.6705492295423965
280.0,-15.0,0.0078218079148245,0.0010795855802019,0.0027710583376623,0.0039711639969603,0.6284725020030463
285.0,-15.0,0.0094475562624365,0.002264966523533,0.0028138152331872,0.0043687745057162,0.6744318861193125
290.0,-15.0,0.0171300061225725,0.0095951295877521,0.0028499838956051,0.0046848926392152,0.6047150107427502
295.0,-15.0,0.0124628060886892,0.0046829862461584,0.002881662607622,0.0048981572349087,0.6210612783970068
300.0,-15.0,0.0118802165200046,0.0039688495011898,0.0028953188080438,0.0050160482107709,0.6666583204295244
305.0,-15.0,0.0121689819284849,0.0042635758379604,0.0028942500667962,0.0050111560237282,0.8066887398650541
310.0,-15.0,0.0128760468317821,0.0051108449211789,0.0028549728555386,0.0049102290550645,0.6565344675171005
315.0,-15.0,0.0145256848518904,0.0069900459614057,0.0028310416758993,0.0047045972145854,0.5463717896734898
320.0,-15.0,0.0377492552788195,0.0305596605359691,0.0027940552092907,0.0043955395335595,0.5034530241404076
325.0,-15.0,0.0345739565086958,0.0278170137174009,0.002750920141223,0.0040060226500718,0.5313193559949154
330.0,-15.0,0.011411827195493,0.0051832443308878,0.0026916074114196,0.0035369754531855,0.5415241037316056
335.0,-15.0,0.0082847670528665,0.0026643078816684,0.0026051615485981,0.0030152976225999,0.580448484638113
340.0,-15.0,0.0083673020049215,0.003381936372829,0.0024901346084734,0.002495231023619,0.6258512560259495
345.0,-15.0,0.0073633392201065,0.0028909977966322,0.0025155809438739,0.0019567604796002,0.853869701346692
350.0,-15.0,0.0064411357534858,0.0025507124381208,0.0024844419823088,0.0014059813330561,0.7314322147553293
355.0,-15.0,0.0057725212837047,0.0024751480789593,0.0024371743507232,0.000860198854022,0.6099155822931708
360.0,-15.0,0.0052165900931244,0.0023522422342583,0.0025202577377072,0.0003440901211588,0.5969316554599564
0.0,-10.0,0.0040210508193984,0.0017728424480124,0.0018911765003997,0.0003570318709862,0.6583907114415779
5.0,-10.0,0.0061982150535555,0.0038027986390412,0.001982312827988,0.0004131035865262,0.6087612130972541
10.0,-10.0,0.0066607186396845,0.004293136476624,0.0019046476359301,0.0004629345271303,0.5585226992846329
15.0,-10.0,0.009003714950233,0.006678524201212,0.001803056310098,0.0005221344389229,0.5816756866319256
20.0,-10.0,0.0053093798526475,0.0030657777835441,0.001686784088511,0.0005568179805924,0.682359494346475
25.0,-10.0,0.0064679618305266,0.0041593548226278,0.0017283655048847,0.0005802415030139,0.6517033703501164
30.0,-10.0,0.0070948295106263,0.0048389290761052,0.0016643519724559,0.0005915484620651,0.7797944476503758
35.0,-10.0,0.0096800875211416,0.0075563320115867,0.0015323519491971,0.0005914035603576,0.8446974394818798
40.0,-10.0,0.0082373834420634,0.0062222772365995,0.0014354815683677,0.0005796246370961,0.7375465596005688
45.0,-10.0,0.0059156942768726,0.0039586612390666,0.0014018433919848,0.000555189645821,0.6967192825641026
50.0,-10.0,0.0047496315427236,0.0029373203042711,0.0012773473490552,0.0005349638893972,0.7259156080514289
55.0,-10.0,0.011189982874016,0.0094436775730837,0.0012384702241969,0.0005078350767353,0.5421905009103628
60.0,-10.0,0.0088046774618599,0.0070921709412388,0.0012544650776465,0.0004580414429746,0.5156998642085022
65.0,-10.0,0.0045129875172876,0.002881016893377,0.0011935079564892,0.0004384626674212,0.6042928664735809
70.0,-10.0,0.0037088748341197,0.00145851924678,0.001339844076546,0.0009105115107936,0.7328038614257
75.0,-10.0,0.0034489377060049,0.0008037820159659,0.0012437974637664,0.0014013582262724,0.8014831082429633
80.0,-10.0,0.0036686509045114,0.0006510786316902,0.0011297597513988,0.0018878125214223,0.7690250310655453
85.0,-10.0,0.0040809218732638,0.0005467034955716,0.0011704154809604,0.0023638028967317,0.8106727251294887
90.0,-10.0,0.0042809828696523,0.0004184228372566,0.0010282652387094,0.0028342947936863,0.7536513678755479
95.0,-10.0,0.0051238266427281,0.0005403868426658,0.0012629516115284,0.0033204881885338,0.6879688867724048
100.0,-10.0,0.0056949148958857,0.0007047245714304,0.0012295061259654,0.0037606841984898,0.7571652833539274
105.0,-10.0,0.006260159398435,0.0009003261846425,0.0012007377878714,0.004159095425921,0.7459737796609396
110.0,-10.0,0.0071585340755192,0.0013483698935304,0.001362237600356,0.0044479265816327,0.7052145451640351
115.0,-10.0,0.0077728420997371,0.0016735622285787,0.0014480361886425,0.0046512436825158,0.7361061208445694
120.0,-10.0,0.0096099541296005,0.0032628333898061,0.0015979154162085,0.0047492053235858,0.7496008839314013
125.0,-10.0,0.0094040606931866,0.0029432289642833,0.0017112883679926,0.0047495433609105,0.8647536162372571
130.0,-10.0,0.0104646603990977,0.0039909555739257,0.0017472265770422,0.0047264782481297,0.7055927568188247
135.0,-10.0,0.0103147776669363,0.0040321322178309,0.0017575793372298,0.0045250661118755,0.786031334148563
140.0,-10.0,0.0084062481018921,0.0023635093201948,0.0018187304944485,0.0042240082872487,0.6461711742158414
145.0,-10.0,0.0069604990713734,0.0013025250425239,0.0018375119495572,0.0038204620792922,0.6351063461619885
150.0,-10.0,0.0059659861502902,0.0008382857610185,0.0017626976938321,0.0033650026954394,0.6289465294966006
155.0,-10.0,0.0050812679608172,0.0006518308121821,0.0016236068538746,0.0028058302947604,0.6478281828448793
160.0,-10.0,0.0046902150979468,0.000654818514415,0.0017109490092198,0.0023244475743119,0.655136552925234
165.0,-10.0,0.0043066073239923,0.0007017540999183,0.0017556097156205,0.0018492435084534,0.6554057515041233
170.0,-10.0,0.003874063418468,0.0007384374813402,0.0017904787488148,0.0013451471883129,0.7721715569148535
175.0,-10.0,0.0034617295243801,0.0009225234034063,0.0016980759685108,0.0008411301524629,0.739735174810957
180.0,-10.0,0.006200898925084,0.0041124566586034,0.0017274424696904,0.0003609997967901,0.6606669437686895
185.0,-10.0,0.0072960396790134,0.0051258895917267,0.00175095154834,0.0004191985389466,0.5086771993434698
190.0,-10.0,0.0044406918311975,0.0021275679821695,0.0018428717158617,0.0004702521331663,0.6307792971908921
195.0,-10.0,0.0045499036165762,0.0019312202938621,0.0020987104362288,0.0005199728864853,0.6184797581465205
200.0,-10.0,0.0069254396431469,0.0042122819158578,0.0021574093712403,0.0005557483560487,0.5718502757744144
205.0,-10.0,0.0064535858061346,0.0036606440952989,0.0022126333976792,0.0005803083131563,0.664399469667003
210.0,-10.0,0.0066632493174951,0.0039684106348131,0.0021531704223312,0.0005416682603507,0.6928217280702551
215.0,-10.0,0.007219933611348,0.0045464846244467,0.002145642409544,0.0005278065773572,0.8165743374980204
220.0,-10.0,0.009192882156101,0.0065340844265256,0.0021308845696282,0.000527913159947,0.622237465549834
225.0,-10.0,0.0088926584826835,0.0063541752692403,0.0020963003087244,0.0004421829047186,0.5235531659207948
230.0,-10.0,0.0062511450888493,0.0038350794350684,0.0020546836854223,0.0003613819683585,0.5464738245096862
235.0,-10.0,0.0041541246146418,0.0018115644005724,0.0020061762409566,0.0003363839731127,0.6169171817669173
240.0,-10.0,0.0088921511966139,0.006632414064388,0.0019613872029015,0.0002983499293243,0.5524376952262684
245.0,-10.0,0.0096281248960699,0.0074076191317216,0.0019193540341706,0.0003011517301776,0.5126332900172598
250.0,-10.0,0.0041194538941794,0.0013000029965468,0.0019349206505791,0.0008845302470534,0.6794637414295015
255.0,-10.0,0.0041761315165669,0.000723663852836,0.0019665790948629,0.001485888568868,0.6157880153616135
260.0,-10.0,0.0047447295146336,0.0006629647774404,0.0019958662667543,0.0020858984704388,0.6305921530494529
265.0,-10.0,0.00544732775284,0.000770203070534,0.0020038228033833,0.0026733018789226,0.6328146471670075
270.0,-10.0,0.0063883939907295,0.0011487732284077,0.00200918344516,0.0032304373171618,0.7317672942505695
275.0,-10.0,0.0068236936348594,0.0009702871736884,0.0020691185203051,0.0037842879408658,0.6372449905882881
280.0,-10.0,0.0077288149492571,0.0013332254130929,0.0021229174222375,0.0042726721139266,0.5806582986751101
285.0,-10.0,0.0091691503043966,0.0023096898620703,0.0021708646903711,0.0046885957519551,0.5631848276317337
290.0,-10.0,0.0108088518081067,0.0035795940171851,0.0022125796942228,0.0050166780966987,0.6352514024416023
295.0,-10.0,0.01284920369664,0.0053676051872165,0.0022459250571099,0.0052356734523134,0.7763610259681706
300.0,-10.0,0.0144076151208185,0.0067958334381042,0.0022612545964582,0.005350527086256,0.8076542768768352
305.0,-10.0,0.0456809869352723,0.0380862171567618,0.0022583115078195,0.0053364582706909,0.8104971158626938
310.0,-10.0,0.0167697364297482,0.0093126150208994,0.0022358652904111,0.0052212561184376,0.6334528755760009
315.0,-10.0,0.0155571700867736,0.0083652619661189,0.0021996143628459,0.0049922937578086,0.5618020982097444
320.0,-10.0,0.0173847432349454,0.0105775512018791,0.0021545678113552,0.004652624221711,0.542954810546886
325.0,-10.0,0.0165424475915884,0.0102237412947928,0.0020872001347327,0.0042315061620628,0.5073340144952685
330.0,-10.0,0.0089494198997904,0.0031916299114084,0.0020309214563601,0.0037268685320218,0.5756162628741769
335.0,-10.0,0.0071992677223665,0.0020574262999689,0.0019687396524489,0.0031731017699487,0.5630801038231426
340.0,-10.0,0.0061400587019818,0.0015528145902045,0.0019612577011919,0.0026259864105853,0.6216133417407956
345.0,-10.0,0.0053460365176828,0.0014053058530775,0.001885879206024,0.0020548514585813,0.6507540600705063
350.0,-10.0,0.0053093378968745,0.0019627624183156,0.0018740189360427,0.0014725565425161,0.6046718645219205
355.0,-10.0,0.0041115539181011,0.0013783931838268,0.0018345712802664,0.0008985894540077,0.721041885431136
360.0,-10.0,0.0040210508193983,0.0017728424480123,0.0018911765003997,0.0003570318709862,0.6583907114415767
0.0,-5.0,0.0026921684252601,0.0009592660975744,0.0013520811642057,0.0003808211634799,0.6461233943580029
5.0,-5.0,0.0030818415041525,0.0012005966329104,0.0014398533755022,0.0004413914957397,0.6415270008386287
10.0,-5.0,0.0036301959709483,0.0016898531697514,0.0014451389652799,0.000495203835917,0.6179901484218393
15.0,-5.0,0.0043118818358392,0.0023871285397547,0.0013840478621589,0.0005407054339255,0.6487896916844197
20.0,-5.0,0.0062176859824232,0.0043821045828263,0.001259776337906,0.0005758050616908,0.6336081656155469
25.0,-5.0,0.0086402283712249,0.0067604210228802,0.0012802666674262,0.0005995406809185,0.6733658503203996
30.0,-5.0,0.011727067682301,0.0098147997748387,0.0013009504533532,0.0006113174541091,0.7755025593083739
35.0,-5.0,0.0273299974629315,0.0255073581855195,0.0012123520943036,0.0006102871831083,0.7524334434593036
40.0,-5.0,0.0346898189537555,0.0329545697272231,0.0011389748708561,0.0005962743556762,0.7474119231645654
45.0,-5.0,0.007820043688373,0.0061572971195937,0.0010924635495536,0.0005702830192256,0.7277369079539029
50.0,-5.0,0.0045643364993371,0.0030274347775498,0.0009879291994409,0.0005489725223463,0.7881968105360393
55.0,-5.0,0.0040797487217984,0.0026172151757336,0.000931544040341,0.0005309895057237,0.6963854507227172
60.0,-5.0,0.005058338994226,0.0036458027184859,0.0009461639611011,0.0004663723146389,0.5593384398441597
65.0,-5.0,0.0089455671002539,0.0075241421723251,0.0008938496013878,0.0005275753265409,0.4560880615456224
70.0,-5.0,0.0061781599126981,0.004174696351791,0.0009869022775517,0.0010165612833553,0.665073146991535
75.0,-5.0,0.005032150581178,0.0025814609265985,0.0009270807492837,0.0015236089052958,0.6429139551997891
80.0,-5.0,0.0039706485656792,0.0010815023713977,0.0008557136340845,0.0020334325601969,0.7601766989520459
85.0,-5.0,0.0042106565533338,0.0007068578535057,0.0009745992408224,0.0025291994590056,0.8474634917935622
90.0,-5.0,0.0044922883230991,0.0005585143815037,0.000912497449242,0.0030212764923532,0.7863570302488889
95.0,-5.0,0.005288780886239,0.0007381442553285,0.0010209235184007,0.0035297131125097,0.7115398676616262
100.0,-5.0,0.0059883737934744,0.0009408765973868,0.001060484873116,0.0039870123229715,0.7074850013540512
105.0,-5.0,0.0068489298413766,0.0013864179688473,0.0010612401567525,0.0044012717157768,0.6830733228269259
110.0,-5.0,0.0083037055451934,0.0023896915165385,0.0012136467891122,0.0047003672395426,0.6936696097650756
115.0,-5.0,0.0093414739342181,0.0031438706064666,0.0012901428139999,0.0049074605137514,0.7410659195990161
120.0,-5.0,0.0115201706194465,0.0051423206848477,0.0013743868511516,0.0050034630834471,0.801234862367667
125.0,-5.0,0.0141893965356681,0.0076164302362143,0.0014879940333523,0.0050849722661014,0.7942245750834573
130.0,-5.0,0.0427566634332599,0.0363061212115346,0.0014832692428006,0.0049672729789246,0.4247019858161629
135.0,-5.0,0.0123808896776695,0.006226976621982,0.0014081606091418,0.0047457524465456,0.6676996426617938
140.0,-5.0,0.0078985230735625,0.0021049034312907,0.0013717939361293,0.0044218257061424,0.6443672350518386
145.0,-5.0,0.0067922004536043,0.0013789751665136,0.0014238914916093,0.0039893337954812,0.6287511036703441
150.0,-5.0,0.0058911413008776,0.0010190595976378,0.0013621207814519,0.0035099609217877,0.6062558098849471
155.0,-5.0,0.0049598013242139,0.0007217009197198,0.0013053624615774,0.0029327379429166,0.6340073742328257
160.0,-5.0,0.0044462367875161,0.0006615248901906,0.0013614116691258,0.0024233002281995,0.6231317914647041
165.0,-5.0,0.0040614658014496,0.0007661278320378,0.0013698860570095,0.0019254519124021,0.628530297729328
170.0,-5.0,0.0041849605398659,0.001402002764284,0.0013766609535174,0.0014062968220645,0.6090547428144442
175.0,-5.0,0.0057201154718171,0.0034130145699195,0.0014320392098876,0.00087506169201,0.5828194054266634
180.0,-5.0,0.0076097543517034,0.0057820368139544,0.0014515282780136,0.0003761892597354,0.7120106317379493
185.0,-5.0,0.0038732081386913,0.0019710423556852,0.0014583500018452,0.0004438157811607,0.7878439080822536
190.0,-5.0,0.0033347724653129,0.0013871713428242,0.0014570410191325,0.0004905601033562,0.6618603935246419
195.0,-5.0,0.004010586944814,0.0019604140414547,0.0015115211982117,0.0005386517051475,0.6352018220076463
200.0,-5.0,0.0052611721324634,0.0031144723745655,0.0015716671641988,0.000575032593699,0.6343263934201795
205.0,-5.0,0.0090403746289775,0.0068264822597363,0.0016138673727973,0.0006000249964438,0.6059986001147777
210.0,-5.0,0.011022465567145,0.0088149941695177,0.0016407319258765,0.0005667394717507,0.7281911009391939
215.0,-5.0,0.0106578614948899,0.0084642751472819,0.001639467362886,0.0005541189847219,0.752226730042149
220.0,-5.0,0.00873900484661,0.0065887837201609,0.0016074075562664,0.0005428135701826,0.6872891617925492
225.0,-5.0,0.0082495380345863,0.0062324375124211,0.0015651974860441,0.000451903036121,0.5951489835166222
230.0,-5.0,0.011019403651173,0.0091404609360957,0.0015107550263641,0.0003681876887131,0.4485902775673378
235.0,-5.0,0.0048062926850231,0.0030050362045169,0.0014581864572522,0.0003430700232538,0.6040300191689117
240.0,-5.0,0.0057114992518574,0.00400232827197,0.0014030833637518,0.0003060876161355,0.5636354853725121
245.0,-5.0,0.0155936286173203,0.0138310491177746,0.0013635521377072,0.0003990273618385,0.5654748621924388
250.0,-5.0,0.0040583733892405,0.0016649811440887,0.0013854054668584,0.0010079867782933,0.6265573654265081
255.0,-5.0,0.003901392589086,0.000865828873806,0.0014062627436224,0.0016293009716575,0.7726361189751372
260.0,-5.0,0.0045512944326608,0.0008836166770963,0.0014124203198256,0.0022552574357388,0.7481778306767026
265.0,-5.0,0.0053207633158199,0.0010383960128477,0.0014180304992212,0.0028643368037509,0.6069931883765283
270.0,-5.0,0.0057900330877104,0.0009198768295739,0.0014244069904231,0.0034457492677132,0.5959135945995788
275.0,-5.0,0.0067426242025309,0.0012325139163757,0.0014861812371343,0.0040239290490208,0.5634035726263136
280.0,-5.0,0.0079678884451202,0.0018855872452458,0.0015493718022732,0.0045329293976011,0.5559878980221389
285.0,-5.0,0.0095882669327043,0.0030169092507272,0.0016053571041278,0.0049660005778492,0.5711596610775469
290.0,-5.0,0.0130818196315469,0.0061187794831134,0.0016598763541014,0.005303163794332,0.6299657945693089
295.0,-5.0,0.0395226350587224,0.0322864355204588,0.0017099076703461,0.0055262918679174,0.5753518238805633
300.0,-5.0,0.0206896494553008,0.0133052062629591,0.0017463691678415,0.0056380740245002,0.8226863141201723
305.0,-5.0,0.0438894323149996,0.0365254541715995,0.0017485375739641,0.0056154405694358,0.7571544121126828
310.0,-5.0,0.0185135699614665,0.0113131003147962,0.0017135585867847,0.0054869110598855,0.5989274425159079
315.0,-5.0,0.0132761826051639,0.006382066660303,0.0016583907412707,0.0052357252035902,0.5520283140468345
320.0,-5.0,0.0113735181885814,0.0049079905617112,0.0015919408279936,0.0048735867988765,0.530920500381498
325.0,-5.0,0.0096686800883621,0.0037086889543328,0.0015358025342622,0.0044241885997671,0.6945235407562709
330.0,-5.0,0.0092972150561362,0.0039496746823348,0.0014590888031838,0.0038884515706176,0.5826766135272136
335.0,-5.0,0.0072876857006113,0.0025720989959448,0.0014045928926278,0.0033109938120386,0.5577651853936276
340.0,-5.0,0.0059795990932254,0.001840146257381,0.0014037955609608,0.0027356572748835,0.5579078484516438
345.0,-5.0,0.0043945462684805,0.0008596548506363,0.0013977040436296,0.0021371873742145,0.616709575992541
350.0,-5.0,0.0045192096229675,0.0016354251340712,0.0013549262238915,0.0015288582650047,0.5838534788184474
355.0,-5.0,0.004041961386456,0.001780424035816,0.0013202497981462,0.0009412875524937,0.5856069843912591
360.0,-5.0,0.0026921684252601,0.0009592660975744,0.0013520811642057,0.0003808211634799,0.6461233943580029
0.0,0.0,0.0022256859140351,0.0008972449164894,0.0009382560476808,0.0003901849498649,0.7846862239883092
5.0,0.0,0.0034154978467788,0.0019513506447719,0.0010112006601297,0.0004529465418771,0.6976761527822185
10.0,0.0,0.0047148855785596,0.0031705813205484,0.0010357409455536,0.0005085633124576,0.6133049423781072
15.0,0.0,0.0058602782768974,0.0042651246308658,0.0010399069247469,0.0005552467212847,0.6289636045041327
20.0,0.0,0.0087156915810028,0.0071305138791434,0.0009937996189331,0.0005913780829261,0.6483493739124305
25.0,0.0,0.0147662948789112,0.0130806886717447,0.0010698614442723,0.0006157447628941,0.6396699356945085
30.0,0.0,0.0227171427304223,0.0209858778272578,0.0011041341753017,0.0006271307278627,0.7259316547965119
35.0,0.0,0.0661156100836981,0.0644538262607469,0.0010365947241363,0.0006251890988148,0.7426708495331171
40.0,0.0,0.0568419221106167,0.0552969538031011,0.000934805357087,0.0006101629504285,0.7314981941802203
45.0,0.0,0.0112200318929223,0.0097815180388723,0.0008565300454046,0.0005819838086453,0.6883120884108349
50.0,0.0,0.0067385405283385,0.0054132750359889,0.000765919936954,0.0005593455553955,0.6351554001024197
55.0,0.0,0.0048441938101753,0.0035768655728133,0.0007257994436595,0.0005415287937024,0.6484809102949518
60.0,0.0,0.00419514414425,0.0029907562000717,0.0007276935023591,0.0004766944418191,0.7029969965746123
65.0,0.0,0.0044784683097099,0.0031685832726503,0.0007138705653217,0.0005960144717378,0.7154800369127441
70.0,0.0,0.006480645478678,0.0045876911521388,0.0007431430290744,0.0011498112974648,0.5312630674940619
75.0,0.0,0.0082342749064651,0.0057880192548655,0.0007279975786723,0.0017182580729272,0.5616618098488837
80.0,0.0,0.0093964812780019,0.00649154733648,0.0007556323445197,0.0021493015970021,0.6284096321595865
85.0,0.0,0.0051983668257162,0.0017364945157341,0.0008008337840667,0.0026610385259153,0.8232584674890304
90.0,0.0,0.0050656052778033,0.0011506120620112,0.0007438448365703,0.0031711483792217,0.7260454934054072
95.0,0.0,0.0056729197508919,0.0011333135544378,0.0008428004852872,0.0036968057111668,0.6823988841698182
100.0,0.0,0.0066123499555403,0.0015326234601643,0.0009091593799308,0.004170567115445,0.6812340435583621
105.0,0.0,0.0082420030461621,0.0026493772923583,0.0009915299552093,0.0046010957985945,0.6867236737500093
110.0,0.0,0.0104711233631919,0.0044873330566905,0.0010783009897112,0.0049054893167901,0.715134601714433
115.0,0.0,0.014091904454679,0.0077857511951369,0.001190462125792,0.00511569113375,0.7588159660848002
120.0,0.0,0.0200497016198372,0.013509842708886,0.0013293198842778,0.0052105390266732,0.8051063548287113
125.0,0.0,0.0215017461391394,0.0149000880695967,0.0013123622315809,0.0052892958379617,0.7797888560428679
130.0,0.0,0.0192439193202028,0.0128231462621179,0.0012614102280861,0.0051593628299987,0.6967063817703476
135.0,0.0,0.0112274851730949,0.0051716678881854,0.0011336774712762,0.0049221398136332,0.7155332555728577
140.0,0.0,0.0083446163842865,0.0026968743643997,0.0010681871171479,0.0045795549027388,0.6683875064567768
145.0,0.0,0.0069217054442645,0.0017226281855558,0.0010721354240567,0.0041269418346519,0.6327620143094241
150.0,0.0,0.0058712987513053,0.0012318158484188,0.0010139929361933,0.0036254899666931,0.6256319443542966
155.0,0.0,0.0049595968175675,0.0009641018822367,0.0009640778867429,0.0030314170485877,0.6324033801289559
160.0,0.0,0.0043453938624379,0.0008910212877246,0.0009509942560959,0.0025033783186172,0.6467152144245893
165.0,0.0,0.0040708277936158,0.0011315306128726,0.0009536645233866,0.0019856326573565,0.6599878258909198
170.0,0.0,0.0062829357413644,0.0038307583664817,0.0010035033172821,0.0014486740576005,0.6194366207014506
175.0,0.0,0.008706979360975,0.006791537600027,0.0010093444113164,0.0009060973496315,0.4940893236402744
180.0,0.0,0.0031596508125837,0.0017995179841681,0.0009676379349669,0.0003924948934485,0.6521686017543229
185.0,0.0,0.0034633735940313,0.0019746998565363,0.0010322682260232,0.0004564055114716,0.6607751724960851
190.0,0.0,0.0034701907807788,0.0018896732427831,0.0010758693855718,0.0005046481524239,0.8581368534166942
195.0,0.0,0.0046061736311574,0.0029085599202578,0.0011439278076241,0.0005536859032754,0.7069584654163612
200.0,0.0,0.0076100643268123,0.0058068046051669,0.0012127714497908,0.0005904882718546,0.6584926956898187
205.0,0.0,0.0138463147080161,0.0119224241053794,0.0012981276364569,0.0006257629661796,0.6513464271259246
210.0,0.0,0.0219854660650678,0.0200214709406397,0.0013828400235115,0.0005811551009166,0.7566634041821514
215.0,0.0,0.0235477306573422,0.0217633505733263,0.0012164232142304,0.0005679568697854,0.7335766871389147
220.0,0.0,0.0194712244682854,0.0177517885771162,0.0011474588233501,0.000571977067819,0.7011491669301972
225.0,0.0,0.0091357144403689,0.0076008674799434,0.0010689073819722,0.0004659395784531,0.6719956032310188
230.0,0.0,0.0080990683477959,0.006716711656024,0.00100447704722,0.0003778796445518,0.5630576973758558
235.0,0.0,0.0078117479488713,0.0065110323577682,0.0009497424565147,0.0003509731345884,0.5199636043737902
240.0,0.0,0.0048379221783316,0.0036287239953884,0.0008999504180323,0.0003092477649109,0.6520843716421089
245.0,0.0,0.0066647127330294,0.005318222249924,0.0008722003750888,0.0004742901080165,0.6205907754673599
250.0,0.0,0.0043473922011924,0.0023446066872646,0.0009005089748467,0.001102276539081,0.7195121777224678
255.0,0.0,0.0038569595775561,0.0011990102015924,0.0009140933505808,0.0017438560253828,0.6898442801429374
260.0,0.0,0.0043955402440361,0.0010785483822762,0.000928108552053,0.0023888833097068,0.6314411914692364
265.0,0.0,0.0050764338550161,0.0011138228999026,0.0009435449153949,0.0030190660397184,0.6074917423386639
270.0,0.0,0.0060015526216208,0.0014224078399006,0.0009595305576739,0.0036196142240462,0.5828225926748856
275.0,0.0,0.0073059034458451,0.0020630938537462,0.0010250654999471,0.0042177440921516,0.5947484912377399
280.0,0.0,0.0097665421781346,0.0039333302808585,0.0010892805816361,0.0047439313156399,0.627087015080808
285.0,0.0,0.0120105328843863,0.0056624008197809,0.0011571969852156,0.0051909350793897,0.6143437609596514
290.0,0.0,0.017768470870058,0.0109947643402281,0.0012365147203859,0.0055371918094439,0.6015587546678076
295.0,0.0,0.0281689422375294,0.0210733543659137,0.0013333460346703,0.0057622418369454,0.5744912888563969
300.0,0.0,0.0383748371420673,0.0310781827867279,0.0014249886632344,0.0058716656921049,0.6586129237652232
305.0,0.0,0.0409835547217689,0.0337205581657217,0.0014210889267759,0.0058419076292712,0.6210944775021667
310.0,0.0,0.0276286437475405,0.0205961514254863,0.0013321675893375,0.0057003247327167,0.5588335613535453
315.0,0.0,0.0164105643990614,0.0097471304778351,0.0012311756008239,0.0054322583204024,0.5687924101555895
320.0,0.0,0.0115790685728565,0.0053815695355796,0.0011481491007147,0.0050493499365621,0.5741465025070014
325.0,0.0,0.0100375376778166,0.0043837327278352,0.0010768991645432,0.0045769057854381,0.6088524670063012
330.0,0.0,0.025349778064128,0.0203214603627719,0.0010113511649527,0.0040169665364032,0.5551024745504651
335.0,0.0,0.0100380768355985,0.0056563847668241,0.0009600698231775,0.0034216222455967,0.5488294306635717
340.0,0.0,0.0054525837418567,0.0016777481293643,0.0009504362099661,0.0028243994025262,0.6924068664480443
345.0,0.0,0.0040697019859641,0.0009174884538234,0.0009491777659039,0.0022030357662368,0.7352456464655397
350.0,0.0,0.0036587674954787,0.0010890748010639,0.0009962265984836,0.0015734660959311,0.7079987577947722
355.0,0.0,0.0028741778499988,0.000941099472834,0.0009655213954709,0.0009675569816937,0.7580982986893583
360.0,0.0,0.0022256859140351,0.0008972449164893,0.0009382560476808,0.0003901849498649,0.784686223988309
0.0,5.0,0.002978117209706,0.0019899547006905,0.0005913196493783,0.0003968428596371,0.9324172711765
5.0,5.0,0.0035445475815311,0.0024817215660773,0.0006016220952855,0.0004612039201683,0.9031156188610692
10.0,5.0,0.0188234767708007,0.0176668554907969,0.0006384204444204,0.0005182008355834,0.5605609030372785
15.0,5.0,0.021423140211292,0.0201690130180089,0.0006881535411471,0.0005659736521358,0.574074775863488
20.0,5.0,0.0282529195263481,0.0268693350189953,0.0007807483379252,0.0006028361694276,0.5558045748235901
25.0,5.0,0.049753009682992,0.0481731637969739,0.000952454207613,0.0006273916784051,0.6023677076080491
30.0,5.0,0.0940721825964056,0.0923065367368406,0.0011269915471478,0.0006386543124171,0.6210214887747316
35.0,5.0,0.0878901260025297,0.0861638497743836,0.0010899587392559,0.0006363174888901,0.6277568599161383
40.0,5.0,0.0465849111917834,0.0450837562675538,0.0008811804125934,0.0006199745116361,0.6242992803755156
45.0,5.0,0.0272172188504867,0.0258895986767947,0.000736221566471,0.0005913986072208,0.569746448762813
50.0,5.0,0.0232552684184475,0.0220432562205368,0.0006453664824411,0.0005666457154695,0.5469921524201269
55.0,5.0,0.0204044019723893,0.019293170622664,0.0005619064254152,0.0005493249243099,0.5713939778403463
60.0,5.0,0.01919085415718,0.0181864765004749,0.0005217042567486,0.0004826733999564,0.5204400325455646
65.0,5.0,0.0162272439088279,0.0150855364842906,0.0004991765238461,0.0006425309006912,0.5208864832907061
70.0,5.0,0.003766966171749,0.0020264357368004,0.0005262263048649,0.0012143041300836,0.8850997435749465
75.0,5.0,0.0090969876201473,0.0067752062785377,0.0005293169676934,0.0017924643739162,0.8031687022401486
80.0,5.0,0.0089210547353921,0.0060067264716369,0.0005460799558364,0.0023682483079187,0.8413080275820497
85.0,5.0,0.016847038254432,0.0135294260444754,0.0005618391831384,0.0027557730268181,0.6733334247059082
90.0,5.0,0.0092609854689636,0.0054129399615419,0.0005686514975333,0.0032793940098884,0.7846097886714531
95.0,5.0,0.0074735502272777,0.003011619906595,0.0006432330993526,0.00381869722133,0.8251288294882757
100.0,5.0,0.008360687950049,0.0033327824756386,0.0007222430735966,0.0043056624008136,0.8164159043397716
105.0,5.0,0.0108136435506264,0.0052453542583152,0.0008219007148697,0.0047463885774415,0.8014292674539354
110.0,5.0,0.0142932862200955,0.0082795581493277,0.000955790405766,0.0050579376650016,0.8221244415449115
115.0,5.0,0.0297308876994851,0.0232726471657106,0.0011874265802561,0.0052708139535182,0.8121847839986647
120.0,5.0,0.0638871541404651,0.0570853360404971,0.0014371932607034,0.0053646248392645,0.8117884697287444
125.0,5.0,0.0627296706091467,0.0559098541743869,0.0013779137880824,0.0054419026466772,0.7947975588809066
130.0,5.0,0.0261084776148998,0.0196339258109571,0.0011696681962613,0.0053048836076813,0.7928420257015034
135.0,5.0,0.0133517586839067,0.0073350810492372,0.0009626748996736,0.0050540027349958,0.7823184866648845
140.0,5.0,0.0100020761125368,0.0044610398195351,0.0008442461274933,0.0046967901655083,0.7583034027633484
145.0,5.0,0.0082828698130016,0.0033185390251824,0.0007371812442257,0.0042271495435934,0.7462165900548381
150.0,5.0,0.0068355447465839,0.002457412942174,0.0006656892850262,0.0037124425193836,0.7612928942948944
155.0,5.0,0.0054853213861471,0.0017601641081393,0.0006208473087029,0.0031043099693047,0.7945919188612944
160.0,5.0,0.0051510550449224,0.0019695606127214,0.0006201650118633,0.0025613294203377,0.8016264457937331
165.0,5.0,0.0068027953701114,0.0041288053675545,0.000642275858177,0.0020317141443798,0.756553821782598
170.0,5.0,0.006507490765796,0.0044112137140418,0.0006137068110729,0.0014825702406812,0.7768626263953391
175.0,5.0,0.004073225261576,0.0025403622769144,0.0006040214787607,0.0009288415059008,0.8081936624701016
180.0,5.0,0.0036668400432989,0.0026610834663276,0.000601452489991,0.0004043040869803,0.7843264084266375
185.0,5.0,0.0038235578051728,0.0027457745706778,0.0006072331847523,0.0004705500497426,0.813371956891247
190.0,5.0,0.0042804874899597,0.0030872614268003,0.0006643892652422,0.0005288367979172,0.8200039274808733
195.0,5.0,0.0065970254508945,0.0052875543559046,0.0007295157569692,0.0005799553380206,0.8352388186991538
200.0,5.0,0.0133636446327164,0.0119225943106073,0.0008296770898174,0.0006113732322916,0.7284560279456568
205.0,5.0,0.0345789604803759,0.0329405691269893,0.001000743863713,0.0006376474896735,0.6742911067295814
210.0,5.0,0.0776939221139471,0.0759078333698235,0.0011876355499682,0.0005984531941553,0.6773832476339903
215.0,5.0,0.0941403047632264,0.0924003015398429,0.0011549641638809,0.0005850390595024,0.6948202896480977
220.0,5.0,0.1235588224309552,0.1220146189296076,0.0009529187574191,0.0005912847439284,0.7475750137883296
225.0,5.0,0.0136917879659737,0.0124121508786256,0.0007984596047883,0.0004811774825597,0.7516207518944416
230.0,5.0,0.0063411379133706,0.0052429629855647,0.0007084517327704,0.0003897231950354,0.816694985562882
235.0,5.0,0.0088743898183117,0.0078947955664359,0.0006185952687266,0.0003609989831491,0.7692924981716643
240.0,5.0,0.0064607229325775,0.0055799150854623,0.0005633932164314,0.0003174146306837,0.7827433772632324
245.0,5.0,0.0070010313903437,0.0059420755648323,0.000538314784018,0.0005206410414933,0.754446892298106
250.0,5.0,0.0091520605282233,0.0074335740407412,0.0005541058736616,0.0011643806138205,0.7396966838641679
255.0,5.0,0.0053477741683084,0.0029555915596337,0.0005693083565321,0.0018228742521425,0.7887935409024119
260.0,5.0,0.0052525376774245,0.0021841883019508,0.0005857714193237,0.0024825779561499,0.8063746175753476
265.0,5.0,0.0064355155589103,0.0027035869656134,0.0006031474123649,0.003128781180932,0.7764075735072948
270.0,5.0,0.0083607922005291,0.0039931657401868,0.0006223756564853,0.003745250803857,0.7513671103532609
275.0,5.0,0.0096898594709147,0.0046392393330363,0.0006918668804408,0.0043587532574375,0.7293603121932837
280.0,5.0,0.0111903859601624,0.0055284133766875,0.0007639530996398,0.004898019483835,0.694388449157354
285.0,5.0,0.0152441889048782,0.0090391130724838,0.0008497514372465,0.0053553243951478,0.6571325261632099
290.0,5.0,0.0266786433446752,0.0199894383953333,0.0009803375575396,0.0057088673918021,0.6381780088156612
295.0,5.0,0.0643069298285905,0.0571684105267627,0.001200277726827,0.0059382415750007,0.5874541080989926
300.0,5.0,0.1418931874374344,0.1344080675154384,0.0014391193781361,0.0060460005438598,0.5814773429459628
305.0,5.0,0.1246812216558072,0.117275841860122,0.001395394753606,0.0060099850420791,0.5764281370172266
310.0,5.0,0.0510762810870209,0.0440812814246242,0.0011358899949299,0.0058591096674667,0.6225469394128496
315.0,5.0,0.0218389098674409,0.0153226751485737,0.0009376365140768,0.0055785982047903,0.7151375019934681
320.0,5.0,0.017223281308606,0.0112243368932835,0.0008199065919738,0.0051790378233486,0.6893763407079881
325.0,5.0,0.0104494517246669,0.0050226375115094,0.0007371835092459,0.0046896307039115,0.797312921371037
330.0,5.0,0.0091794874620579,0.0044019636800187,0.0006656922586712,0.0041118315233678,0.807242733958092
335.0,5.0,0.0127834579335663,0.0086601745343464,0.0006208508844141,0.0035024325148058,0.7781498705097802
340.0,5.0,0.0054833042555486,0.001974657505607,0.0006194716846079,0.0028891750653336,0.8667476480025562
345.0,5.0,0.0047904474664139,0.0018975640931756,0.0006405901577849,0.0022522932154533,0.8722707173666397
350.0,5.0,0.0038130547221236,0.0015954062906487,0.0006112458532243,0.0016064025782505,0.8929095268252223
355.0,5.0,0.0033743444054308,0.0017939810236078,0.0005935354742052,0.0009868279076177,0.9027747927232896
360.0,5.0,0.0029781172097059,0.0019899547006904,0.0005913196493783,0.0003968428596371,0.9324172711764992
0.0,10.0,0.0057427434070563,0.0050093603758067,0.0003328328175123,0.0004005502137372,0.8763187946255201
5.0,10.0,0.0050137462005351,0.0041603248574822,0.0003874558298837,0.0004659655131692,0.8858167803077974
10.0,10.0,0.0106465250232443,0.0096731394755714,0.0004494991116713,0.0005238864360015,0.8303556411764983
15.0,10.0,0.0327134791510813,0.0316131062841638,0.000527966912804,0.0005724059541135,0.5893082586745155
20.0,10.0,0.0450608931632773,0.0437653311324698,0.0006857691725143,0.0006097928582931,0.6110495046934394
25.0,10.0,0.1151677268096049,0.1134899201388912,0.0010431927488186,0.000634613921895,0.6574882002121527
30.0,10.0,0.7029185297738337,0.7007132744910667,0.0015593931034796,0.0006458621792874,0.6312765808130871
35.0,10.0,0.4285273563794544,0.4264859038024767,0.001398389031497,0.0006430635454805,0.6062233031161799
40.0,10.0,0.0832322097641311,0.0817279534384321,0.0008777290266799,0.0006265272990191,0.5828332027126659
45.0,10.0,0.0359163801607184,0.0347095158053833,0.0006105060398767,0.0005963583154584,0.581265343270182
50.0,10.0,0.0280728584628299,0.0269968944169178,0.000492762517422,0.00058320152849,0.5535164472807135
55.0,10.0,0.023739746290789,0.0227563524587772,0.000428768713002,0.0005546251190097,0.549690995976035
60.0,10.0,0.0122721855314237,0.0114161452188255,0.000369689243177,0.0004863510694211,0.8086606701041629
65.0,10.0,0.0086961877382884,0.0076906333148028,0.0003402891168399,0.0006652653066455,0.8513364566296373
70.0,10.0,0.0079109726224602,0.0063103095211397,0.0003544183860975,0.0012462447152229,0.8446822372543864
75.0,10.0,0.0106697887671861,0.0084712665443781,0.00036512634947,0.0018333958733379,0.8194045862848619
80.0,10.0,0.0106374435084616,0.0078377635282519,0.0003819333822844,0.0024177465979252,0.8249232116898084
85.0,10.0,0.0093695850796789,0.0061601877593425,0.0003997625321998,0.0028096347881365,0.8342884744579113
90.0,10.0,0.0165091780650721,0.0127483955203222,0.000419072044197,0.0033417105005528,0.7349088851026564
95.0,10.0,0.0160060315296562,0.0116230597268712,0.0004916361862268,0.003891335616558,0.7440643734092536
100.0,10.0,0.0122894343985928,0.0073341693909012,0.0005700306895151,0.0043852343181765,0.8100371631205423
105.0,10.0,0.0144196710600491,0.0089120480156549,0.0006763280308981,0.0048312950134961,0.8104844698419111
110.0,10.0,0.0235700801495266,0.0175376388855117,0.0008833415077273,0.0051490997562875,0.8234553447997193
115.0,10.0,0.0884146155394789,0.0817056852857071,0.0013447991870644,0.0053641310667074,0.8079134905089189
120.0,10.0,0.5153281212987983,0.5078592983311845,0.0020109893503454,0.0054578336172683,0.8113862512417337
125.0,10.0,0.3137889180433043,0.3064478132232884,0.001806459521705,0.0055346452983108,0.8029120589135743
130.0,10.0,0.0514737679324439,0.0449483231118943,0.0011323654347517,0.0053930793857977,0.8020103835456873
135.0,10.0,0.0198987949392667,0.0139766129005585,0.0007849597674134,0.0051372222712947,0.7784314200785614
140.0,10.0,0.0180002601116644,0.0125981470216771,0.0006297450588181,0.0047723680311691,0.7082658726546631
145.0,10.0,0.0125682248333911,0.0077370974325877,0.0005390325518013,0.004292094849002,0.703981113734741
150.0,10.0,0.009628222118982,0.0053975015840007,0.0004638415235213,0.0037668790114598,0.781033146349665
155.0,10.0,0.0097294514803913,0.0061636563010248,0.0004163174668013,0.0031494777125651,0.7709726291920211
160.0,10.0,0.0093041773092005,0.0063116636842839,0.0003940507067145,0.002598462918202,0.7528950095427118
165.0,10.0,0.0224372725094949,0.0200013661515449,0.0003765046425414,0.0020594017154085,0.6693249146579376
170.0,10.0,0.008643799561153,0.0067815521959204,0.0003601784828972,0.0015020688823353,0.77070421330663
175.0,10.0,0.0063184586608946,0.0050275276222824,0.0003449705005074,0.0009459605381047,0.7959622561706634
180.0,10.0,0.0072701919895143,0.0065235179556951,0.0003316201762782,0.0004150538575409,0.7406514584989634
185.0,10.0,0.0063713542346742,0.0055003873460331,0.0003876187569124,0.0004833481317286,0.7812172763375863
190.0,10.0,0.0074453888713085,0.006453181546222,0.0004487073860735,0.0005434999390129,0.8316732450131215
195.0,10.0,0.0166487889370158,0.0155222358441568,0.00053052113228,0.0005960319605789,0.7016421768821279
200.0,10.0,0.0260619890244984,0.0247412383455161,0.0006857250715923,0.0006350256073899,0.7393000409762753
205.0,10.0,0.1107298399767463,0.1090228469600112,0.0010447237072071,0.0006622693095279,0.6479965396900258
210.0,10.0,0.7066704354203339,0.7044948522200956,0.0015596675847489,0.0006159156154895,0.6241705797197312
215.0,10.0,0.4029961288775758,0.4009921272468402,0.0014017553267167,0.0006022463040188,0.6360093069398995
220.0,10.0,0.080588213161761,0.0791090405096686,0.0008818019019908,0.0005973707501014,0.6891782548671535
225.0,10.0,0.0188866636126188,0.0177851399798444,0.0006164036406465,0.0004851199921278,0.7611075609632292
230.0,10.0,0.0095695857659845,0.0086827535958576,0.0004950459450843,0.0003917862250425,0.8046021115707637
235.0,10.0,0.006778457010145,0.0059882180726802,0.000427609222286,0.0003626297151787,0.80450660741146
240.0,10.0,0.0116946702067104,0.0110214428747155,0.0003692861667012,0.0003039411652936,0.7229242293318294
245.0,10.0,0.0126612488132116,0.0117894385955788,0.0003407737863864,0.0005310364312463,0.7217414042585074
250.0,10.0,0.0148400373249195,0.0132958299619798,0.0003557165709364,0.0011884907920032,0.6543731328770465
255.0,10.0,0.0102964503399733,0.0080714064806956,0.0003666827494749,0.0018583611098027,0.7417160945113842
260.0,10.0,0.0094991647361145,0.0065854069832561,0.0003833221832752,0.002530435569583,0.8086031981267756
265.0,10.0,0.0092103638903539,0.0056196908129082,0.0004012551190455,0.0031894179584002,0.7930766356865246
270.0,10.0,0.0114354972228894,0.0071961929545184,0.0004205228331164,0.0038187814352544,0.7439527027180219
275.0,10.0,0.0107151703324709,0.0057802662747105,0.0004923768715425,0.0044425271862178,0.7603943486718178
280.0,10.0,0.0130839986489775,0.007522553109466,0.0005705103057674,0.004990935233744,0.7574618128929294
285.0,10.0,0.0210510288402705,0.0149172268765427,0.0006761477574579,0.0054576542062698,0.6819281915927735
290.0,10.0,0.0487833002328605,0.04208576723209,0.0008831415226691,0.0058143914781013,0.6181855499332873
295.0,10.0,0.202558616641537,0.1951676855755329,0.0013446031108427,0.0060463279551613,0.5619623879767062
300.0,10.0,1.2668000006276785,1.2586355365596171,0.0020108877013848,0.0061535763666764,0.5425230089692562
305.0,10.0,0.710821377563963,0.7028987992817028,0.0018064477324978,0.0061161305497623,0.5389535185016274
310.0,10.0,0.1080769113078853,0.1009845042014611,0.0011323541388304,0.0059600529675936,0.5928724511934015
315.0,10.0,0.0303626733025264,0.0239078892459348,0.0007849525163651,0.0056698315402264,0.6745873690285701
320.0,10.0,0.0204587760826849,0.0145667962115628,0.0006297383366546,0.0052622415344675,0.7158114932848583
325.0,10.0,0.012324831464501,0.0070234237320503,0.0005390264248764,0.0047623813075743,0.7822664340541445
330.0,10.0,0.009211718255672,0.0045745820212171,0.0004638434515036,0.0041732927829512,0.8336579820390669
335.0,10.0,0.0105736595383401,0.0066035650761066,0.0004163202393013,0.0035537742229321,0.8333333002625447
340.0,10.0,0.0082144969486864,0.0048907714705239,0.0003940540011447,0.0029296714770177,0.8486808119217994
345.0,10.0,0.0083484835050784,0.005689229132552,0.0003766148142666,0.0022826395582597,0.8346323874560475
350.0,10.0,0.0075525129902411,0.0055653770390968,0.0003597727904798,0.0016273631606644,0.8419797253127251
355.0,10.0,0.0063869453815085,0.0050435478153015,0.0003447586439051,0.0009986389223017,0.8639200056430851
360.0,10.0,0.0057427434070562,0.0050093603758066,0.0003328328175123,0.0004005502137372,0.8763187946255154
0.0,15.0,0.017169206605881,0.0164676879027653,0.0002996404833418,0.0004018782197738,0.7512481899346749
5.0,15.0,0.0161124829760636,0.0152885449901059,0.0003561061569258,0.0004678318290318,0.6742940942433754
10.0,15.0,0.0279991160972207,0.027053429912304,0.0004195525403646,0.0005261336445519,0.5861037566570518
15.0,15.0,0.0235277184917533,0.0224444048824798,0.0005082760978455,0.0005750375114279,0.7357047399004356
20.0,15.0,0.0594347781932987,0.0581273470267636,0.000694698019147,0.000612733147388,0.6347233893835353
25.0,15.0,0.2403444341284248,0.238513844164839,0.0011928188869953,0.0006377710765904,0.6248790440797671
30.0,15.0,8.449004319038856,8.446334170998615,0.002021014623777,0.0006491334164653,0.6091159170518325
35.0,15.0,1.6319545855947066,1.629585541282177,0.001722701906765,0.0006463424057646,0.6104226891953992
40.0,15.0,0.1130666845539824,0.11149894659672,0.0009382216121629,0.0006295163450995,0.5984784815680828
45.0,15.0,0.0332661893454442,0.0320656664180814,0.0006011674848109,0.0005993554425518,0.7846979168933207
50.0,15.0,0.024877819933185,0.02382365212766,0.0004674683639834,0.0005866994415415,0.7137054023714933
55.0,15.0,0.0168217326827252,0.0158702997244634,0.0003933495907306,0.0005580833675311,0.745390182970864
60.0,15.0,0.0179509853283788,0.0171273565221294,0.000333758750399,0.0004898700558503,0.6387414927938624
65.0,15.0,0.0329595467467449,0.0319904449907617,0.0003046322958814,0.0006644694601016,0.5643784306230737
70.0,15.0,0.03221829747586,0.0306513470532985,0.0003178898315829,0.0012490605909785,0.5902899322057948
75.0,15.0,0.055010329414853,0.0528372355224332,0.0003335020554849,0.0018395918369348,0.6067904648443798
80.0,15.0,0.0444285680030037,0.0416506758840119,0.0003502472757529,0.0024276448432388,0.5368648143400023
85.0,15.0,0.0331518200345976,0.0299613975619133,0.0003683801333763,0.0028220423393079,0.5835473142311174
90.0,15.0,0.0350266928117876,0.0312816095827405,0.0003880264978544,0.0033570567311925,0.6070066733943545
95.0,15.0,0.0333775681005053,0.0290039073985808,0.0004611072485582,0.0039125534533662,0.5289233843494393
100.0,15.0,0.0346548123562474,0.0297022121474235,0.0005421511024763,0.0044104491063475,0.6373550705200357
105.0,15.0,0.045167277227372,0.0396496512874589,0.0006573990148894,0.0048602269250236,0.6675944241053218
110.0,15.0,0.0546245010316086,0.0485444970232743,0.0008988003028441,0.0051812037054901,0.7570919772930773
115.0,15.0,0.1759820314236956,0.1690405517557006,0.0015437001954194,0.0053977794725756,0.8000975778178714
120.0,15.0,5.749970289520311,5.741862814517956,0.0026152015430255,0.0054922734593296,0.817697521704905
125.0,15.0,1.1257068771049437,1.1179076515204356,0.0022291241390015,0.0055701014455065,0.8140011760323508
130.0,15.0,0.1025113664143435,0.095869550194292,0.0012143033603779,0.0054275128596735,0.7609929357394744
135.0,15.0,0.0415203546130406,0.0355735859148451,0.0007768248625985,0.005169943835597,0.7454717700438309
140.0,15.0,0.0366533609200964,0.0312482866379481,0.000604540665548,0.0048005336166003,0.6348046017481638
145.0,15.0,0.0278776780821508,0.0230513048168107,0.0005083130861294,0.0043180601792106,0.5881167416302144
150.0,15.0,0.0385401826613617,0.0343207238558198,0.000431995921389,0.0037874628841529,0.593691271770016
155.0,15.0,0.0492166290331919,0.0456691252459923,0.0003800493189029,0.0031674544682966,0.5455445763339448
160.0,15.0,0.0367200396290866,0.0337458935636887,0.0003610936918503,0.0026130523735475,0.6265406991325113
165.0,15.0,0.0520237924016199,0.0496096569569238,0.0003434317295896,0.0020707037151063,0.5548811070124398
170.0,15.0,0.0350184409592903,0.0331805928008701,0.0003274786459696,0.0015103695124506,0.5600760933744908
175.0,15.0,0.0366458894317859,0.0353827749799433,0.0003123802556325,0.00095073419621,0.5301945891479742
180.0,15.0,0.0319774919167932,0.0312613459563559,0.0002996405379792,0.0004165054224581,0.5387659503585727
185.0,15.0,0.0265550413319929,0.0257136821494523,0.0003561062059802,0.0004852529765603,0.4698686250002314
190.0,15.0,0.0177186373365584,0.0167487499808524,0.0004240296704202,0.0005458576852857,0.7434945762467975
195.0,15.0,0.0236095593622831,0.0225001678425855,0.0005105621018801,0.0005988294178174,0.7221026533590826
200.0,15.0,0.0582944760595358,0.0569599890028617,0.0006963501529465,0.0006381369037275,0.6170500724855286
205.0,15.0,0.2496784463716258,0.2478200131122909,0.0011928183004853,0.0006656149588495,0.6107729879700163
210.0,15.0,8.096693759045928,8.094053446738293,0.0020210139136566,0.0006192983939786,0.6253126443907018
215.0,15.0,1.5724911105475226,1.5701634631713028,0.0017225993263557,0.0006050480498639,0.6238084065342245
220.0,15.0,0.1030607859648063,0.1015218815097775,0.0009384632812162,0.0006004411738125,0.632301044266808
225.0,15.0,0.0408992832345643,0.0398092464975605,0.0006022383426961,0.0004877983943076,0.74124267377052
230.0,15.0,0.036928947535259,0.036085921917382,0.0004678472615333,0.0003751783563435,0.5834574285225635
235.0,15.0,0.0189781380496967,0.0182378624253911,0.0003925807625141,0.0003476948617914,0.7108261218006938
240.0,15.0,0.0142788703456308,0.0136399105699856,0.0003336143753001,0.000305345400345,0.7166570517879343
245.0,15.0,0.0232384098482713,0.0224063469631905,0.0003041540531331,0.0005279088319477,0.6949083660915434
250.0,15.0,0.042998408980793,0.0414915462275954,0.0003175581673292,0.0011893045858683,0.4498623378403286
255.0,15.0,0.0704432840549212,0.068246990438056,0.0003333051674977,0.0018629884493674,0.4883787447066992
260.0,15.0,0.0395657824751349,0.0366760591383251,0.0003502399913581,0.0025394833454516,0.5478578735043393
265.0,15.0,0.0221204822584392,0.0185492897505324,0.0003683727021647,0.003202819805742,0.7164294113297677
270.0,15.0,0.0188811768530807,0.0146567589236714,0.0003880194710955,0.0038363984583137,0.7988498687971384
275.0,15.0,0.0214845709280493,0.0165586058418939,0.0004611006887287,0.0044648643974266,0.6858273326179576
280.0,15.0,0.0331048119747579,0.0275450832850361,0.0005421440933107,0.0050175845964109,0.6633172482584977
285.0,15.0,0.0520917492067622,0.0459484177363142,0.0006573916469503,0.0054859398234976,0.6463009575903946
290.0,15.0,0.1000159976860801,0.0932695322646833,0.0008987926129227,0.0058476728084739,0.5451205118608327
295.0,15.0,0.4032792973689934,0.3956539548739818,0.0015436922790909,0.0060816502159206,0.5408008453116302
300.0,15.0,14.823572679879598,14.814767522353664,0.0026151935024443,0.0061899640234889,0.5298134767496117
305.0,15.0,2.8423229295420875,2.83394123732653,0.0022291161095946,0.006152576105963,0.5294224326634793
310.0,15.0,0.1694451749785568,0.1622352349882198,0.0012142954567673,0.0059956445335696,0.5987804960263264
315.0,15.0,0.0444042205301269,0.0379237870531947,0.00077681717552,0.0057036163014121,0.7316788515898557
320.0,15.0,0.0223488081676515,0.0164508109455374,0.0006045332868366,0.0052934639352774,0.7788707613384224
325.0,15.0,0.0175783677614058,0.0122795611787814,0.0005083060489787,0.0047905005336456,0.7472174350234958
330.0,15.0,0.0264221365774244,0.0217923621128424,0.0004319892971214,0.0041977851674605,0.7212212137446062
335.0,15.0,0.0412530350688364,0.0372982451027941,0.0003800416338724,0.0035747483321698,0.6355168178355133
340.0,15.0,0.0316786723857018,0.0283700659045919,0.0003610855762075,0.0029475209049023,0.6500255101133247
345.0,15.0,0.0364072067827224,0.0337675782934633,0.0003434239294924,0.0022962045597666,0.6308837220281716
350.0,15.0,0.0399599019648826,0.0379964248179645,0.0003269838941302,0.0016364932527878,0.5701624437005604
355.0,15.0,0.0350423385366602,0.0337263014022656,0.0003119907349748,0.0010040463994197,0.5169469298359034
360.0,15.0,0.0171692066058806,0.0164676879027649,0.0002996404833418,0.0004018782197738,0.7512481899346612
0.0,20.0,0.0181237755833326,0.017318464535945,0.0004068000779147,0.0003985109694728,0.5912437327153708
5.0,20.0,0.0150813751045954,0.014150545798085,0.0004665343439686,0.0004642949625417,0.4817888959681491
10.0,20.0,0.01961350711095,0.0185640937141446,0.0005266934947305,0.0005227199020748,0.4398467302697968
15.0,20.0,0.0236906948205605,0.0225106326999434,0.0006084250727794,0.0005716370478376,0.5252090790070505
20.0,20.0,0.0349633001636505,0.0335773936988433,0.0007764859144815,0.0006094205503255,0.6184955030552657
25.0,20.0,0.1285070458708172,0.1267371006914914,0.0011353191504939,0.0006346260288318,0.5948957620796582
30.0,20.0,0.733680703358671,0.73138081507046,0.0016535400113724,0.0006463482768383,0.6197240640648743
35.0,20.0,0.4288406186291164,0.4266995970522361,0.0014970780274988,0.0006439435493814,0.6156469619180218
40.0,20.0,0.0725847709156436,0.0709738111240893,0.0009833514455892,0.000627608345965,0.702914216902947
45.0,20.0,0.0284505504005123,0.027149124694603,0.000703539888414,0.0005978858174951,0.6407507403015104
50.0,20.0,0.0205833517004994,0.019423489646584,0.0005850712292218,0.0005747908246935,0.6649789551719071
55.0,20.0,0.0147065092317031,0.013645746304749,0.0005021132855952,0.0005586496413588,0.5576361562397889
60.0,20.0,0.0094196991870398,0.0084862748129757,0.0004422762464797,0.0004911481275843,0.730711535247839
65.0,20.0,0.0131763291868221,0.0121258087695268,0.0004106274654676,0.0006398929518276,0.6216992325997781
70.0,20.0,0.0129733880459078,0.0113344890456193,0.0004230107194744,0.0012158882808139,0.6984695577598512
75.0,20.0,0.0159256344271309,0.0136785484168701,0.0004378130131296,0.001809272997131,0.6098169780730053
80.0,20.0,0.0219102179012322,0.0190600607614204,0.0004547002686298,0.002395456871182,0.5357990649689924
85.0,20.0,0.0112868068854926,0.0080333240861199,0.0004628586677774,0.0027906241315952,0.7292561422429075
90.0,20.0,0.0178078293251312,0.0139985729257841,0.000485831589746,0.003323424809601,0.6016340337339329
95.0,20.0,0.0140958294155262,0.009649072244784,0.0005688016645145,0.0038779555062276,0.6778137441585266
100.0,20.0,0.0272938063528112,0.0222711349187545,0.0006473385633663,0.0043753328706903,0.4921242021419718
105.0,20.0,0.0330682366794088,0.0274897598998764,0.0007534676076521,0.0048250091718802,0.5317947459444455
110.0,20.0,0.025261055985701,0.0191614405501581,0.0009551741155935,0.0051444413199493,0.8004181972424621
115.0,20.0,0.1023099356892655,0.0955210997525478,0.0014239626117048,0.0053648733250127,0.7871370176264277
120.0,20.0,0.5427605680567708,0.5352036845178555,0.0020956744446861,0.005461209094229,0.8083235697763598
125.0,20.0,0.2881280943166011,0.2806960185228196,0.0018908794649972,0.0055411963287841,0.8165447216140777
130.0,20.0,0.0662972981846074,0.0596788043896684,0.0012168372118347,0.0054016565831042,0.7574084606263667
135.0,20.0,0.0337354817630365,0.027720025448617,0.0008682491578826,0.0051472071565368,0.6872114221601957
140.0,20.0,0.0280431278425992,0.0225461419823175,0.0007135584268357,0.0047834274334459,0.5735480948990505
145.0,20.0,0.0246597027833917,0.0197366987896303,0.000620325489515,0.0043026785042463,0.6073471195926532
150.0,20.0,0.0267153613389331,0.0223931713022346,0.0005453997710241,0.0037767902656743,0.5244650756077871
155.0,20.0,0.0273620579883604,0.0237134139939452,0.0004917748912584,0.0031568691031566,0.5571882928970437
160.0,20.0,0.0254477946943833,0.0223815752668875,0.0004614657250773,0.0026047537024184,0.5726928883304498
165.0,20.0,0.026012386355734,0.0234938873881697,0.000453852247019,0.0020646467205453,0.5032838300997402
170.0,20.0,0.0239342530751935,0.0219908319135169,0.000437508378058,0.0015059127836185,0.5257870292391524
175.0,20.0,0.0213253564488189,0.0199558884700537,0.0004220155615318,0.0009474524172334,0.5288988566735982
180.0,20.0,0.0260937260110858,0.0252727217320974,0.000406911648624,0.0004140926303643,0.6014755519932757
185.0,20.0,0.023574881460691,0.0226253173120216,0.0004668807199837,0.0004826834286855,0.52542216809492
190.0,20.0,0.0247530267121109,0.0236829513972495,0.000526743701286,0.0005433316135753,0.5380708590746659
195.0,20.0,0.0296894010590043,0.0284820275189175,0.0006106436441536,0.0005967298959331,0.5720888375321536
200.0,20.0,0.0433084937901111,0.0418985082833705,0.0007744561790407,0.0006355293276998,0.596511226505732
205.0,20.0,0.1298725112270087,0.1280745459752386,0.0011348874548316,0.0006630777969385,0.6175053391136944
210.0,20.0,0.7186502875121114,0.7163785723692315,0.0016546000665001,0.0006171150763796,0.6316220538555543
215.0,20.0,0.4178868653384843,0.4157864602896773,0.0014968912446897,0.0006035138041172,0.6203938946998478
220.0,20.0,0.0800897006285329,0.0785118392877115,0.0009789295439633,0.000598931796858,0.6001043599465401
225.0,20.0,0.0492943410810293,0.0481018050393165,0.0007057223713232,0.0004868136703895,0.473929899801684
230.0,20.0,0.0421757039211109,0.0412162336288577,0.0005842943700583,0.0003751759221948,0.4256880832049454
235.0,20.0,0.0250673096971,0.0242170686801889,0.0005019619120238,0.0003482791048871,0.5588223860189044
240.0,20.0,0.0231030259188216,0.0223547288161167,0.0004422755386037,0.0003060215641011,0.5712956053950992
245.0,20.0,0.0213604807043203,0.0204512755311343,0.000411114694992,0.0004980904781939,0.5604705138415469
250.0,20.0,0.0419347867077182,0.040355020685612,0.0004230100194454,0.0011567560026607,0.2632621832355494
255.0,20.0,0.0459825881531139,0.0437161855053227,0.0004378124038189,0.0018285902439722,0.2705058251729196
260.0,20.0,0.0375888551658395,0.0346313828866581,0.0004546423932388,0.0025028298859425,0.2918387463397758
265.0,20.0,0.0330582331406027,0.0294305137965602,0.0004628514947251,0.0031648678493174,0.3450402897466181
270.0,20.0,0.031903380337498,0.0276205950221565,0.0004858141717526,0.0037969711435887,0.4046852961452224
275.0,20.0,0.0321486184909917,0.0271555310362862,0.0005687839220331,0.0044243035326723,0.4720192421264878
280.0,20.0,0.0362775312605021,0.0306537064644196,0.0006473205358461,0.0049765042602362,0.4117010374634999
285.0,20.0,0.03960205483849,0.0334036943158705,0.0007534495467227,0.0054449109758966,0.4332203034496672
290.0,20.0,0.0667908934725235,0.0600282899977879,0.0009551560505347,0.0058074474242007,0.4776926478570185
295.0,20.0,0.2208566928960316,0.2133896507626047,0.0014239983452769,0.0060430437881499,0.5249481965082259
300.0,20.0,1.3048944970940322,1.296645106467878,0.0020956654134294,0.0061537252127245,0.5314783175821185
305.0,20.0,0.7588633865283577,0.7508532709749887,0.0018906436921701,0.0061194718611989,0.5268209470225529
310.0,20.0,0.1283476924351142,0.1211646359006622,0.0012168980740942,0.0059661584603577,0.507371531485297
315.0,20.0,0.0476829187699024,0.0411365548971914,0.0008682406567427,0.0056781232159682,0.4920715498333432
320.0,20.0,0.0329723331911068,0.0269868103603469,0.0007133380486572,0.0052721847821026,0.4272828814436922
325.0,20.0,0.0297713136496066,0.0243773583047825,0.0006205634345884,0.0047733919102356,0.4255001658813054
330.0,20.0,0.0261767909866902,0.0214470136997659,0.0005451394445973,0.0041846378423269,0.3709887752286342
335.0,20.0,0.025939970398977,0.0218862099613019,0.0004915143266756,0.0035622461109994,0.3839761529881782
340.0,20.0,0.021868079709188,0.0184688287439493,0.0004612798985272,0.0029379710667114,0.4660625239572344
345.0,20.0,0.0253125251606754,0.0225696387049707,0.0004536664808768,0.0022892199748277,0.6127697849527667
350.0,20.0,0.020165581696652,0.0180971201443481,0.0004373767494395,0.0016310848028643,0.4396781697155431
355.0,20.0,0.0182927827625431,0.0168711711148491,0.000421884283928,0.0009997273637659,0.3868138699037048
360.0,20.0,0.0181240813474341,0.0173187703000466,0.0004068000779147,0.0003985109694728,0.5912368366361098
0.0,25.0,0.0119672917082963,0.0108455780061769,0.0007310146024954,0.0003906990996239,0.3362562403154632
5.0,25.0,0.0119466052184334,0.01069778151365,0.0007930287723756,0.0004557949324077,0.3945166370880292
10.0,25.0,0.0148916188060247,0.0135193493177602,0.0008582669585592,0.0005140025297052,0.4770482749256268
15.0,25.0,0.0176219442395111,0.0161228069770731,0.0009365716331967,0.0005625656292412,0.5180574672003913
20.0,25.0,0.0218252433063638,0.0201714713348741,0.0010535564863284,0.0006002154851612,0.5714950545278166
25.0,25.0,0.0451639799971091,0.0432872126219864,0.0012511012709953,0.0006256661041273,0.5913265996140431
30.0,25.0,0.0873126579172382,0.0852091626810235,0.0014658346241547,0.0006376606120599,0.6544187944253139
35.0,25.0,0.0780117680194586,0.0759481305298564,0.0014273025404088,0.0006363349491933,0.7312491375202161
40.0,25.0,0.0344182614317783,0.0326017048352322,0.0011954112349421,0.0006211453616038,0.9153401527388432
45.0,25.0,0.0203404867402711,0.018728460605133,0.0010196219179275,0.0005924042172106,0.621658756847113
50.0,25.0,0.0159326254305033,0.0144436611684182,0.000917105517513,0.000571858744572,0.5272310253601472
55.0,25.0,0.0125346351687593,0.0111342445767105,0.0008430639680946,0.0005573266239541,0.6367490634779607
60.0,25.0,0.0131020855928224,0.0118343230768926,0.0007767880027934,0.0004909745131363,0.4714401788341466
65.0,25.0,0.0134199631057871,0.0120997407695684,0.0007306902847417,0.0005895320514769,0.5318908405410815
70.0,25.0,0.004206319689563,0.0023426699220165,0.0007060275436577,0.0011576222238887,0.882861062836064
75.0,25.0,0.0152576660623776,0.0127998350971822,0.0007178473966574,0.0017399835685379,0.3755089536632839
80.0,25.0,0.0180274771138976,0.0149789032672204,0.000725161595629,0.0023234122510481,0.3272195266573121
85.0,25.0,0.0066968094639324,0.0032459127638478,0.0007339966963209,0.0027169000037636,0.766639178716113
90.0,25.0,0.0117381168488499,0.0077510889810038,0.0007436121822613,0.0032434156855848,0.6612744669736446
95.0,25.0,0.0168991984216696,0.0122941806250858,0.0008130206468244,0.0037919971497593,0.498527154322121
100.0,25.0,0.0167894250665851,0.0116212150348401,0.0008853683655947,0.0042828416661502,0.560518842160503
105.0,25.0,0.0167300254364187,0.0110145290278545,0.0009852085667357,0.0047302878418284,0.6671391710558531
110.0,25.0,0.0145981557390763,0.0084339929732693,0.0011157826596414,0.0050483801061656,0.8055056367426646
115.0,25.0,0.0425484482365372,0.0359461860331784,0.0013349782984198,0.0052672839049389,0.7448027104862287
120.0,25.0,0.0779133562584947,0.0709835228558806,0.0015634934793508,0.0053663399232632,0.7793322203907053
125.0,25.0,0.0549674753537311,0.0480003830572268,0.0015167038985105,0.0054503883979936,0.81690928370091
130.0,25.0,0.0356319925223872,0.0290540244429004,0.0012592161283868,0.0053187519510999,0.7543178830278632
135.0,25.0,0.0245706963041377,0.0184353843855753,0.001062969998975,0.0050723419195872,0.694678256680858
140.0,25.0,0.0245040209496639,0.0188374876717262,0.0009471369615667,0.0047193963163709,0.6084888576950993
145.0,25.0,0.029810254364068,0.0246945270183039,0.0008662207589978,0.0042495065867662,0.3939749139325669
150.0,25.0,0.0218945650369145,0.0173651251068703,0.0007950231295077,0.0037344168005364,0.545712768030319
155.0,25.0,0.0070919568316459,0.0031681834106714,0.0007409612205758,0.0031828122003986,0.8825275803634975
160.0,25.0,0.0181656659950468,0.0148589186153385,0.000731209737768,0.0025755376419402,0.5539970396848057
165.0,25.0,0.0191051005409781,0.0163405897440018,0.0007222586779552,0.0020422521190209,0.5008424521278669
170.0,25.0,0.017751782728133,0.015551905691814,0.0007099991932344,0.0014898778430846,0.5483666357878376
175.0,25.0,0.0170663413115361,0.015394413329415,0.0007346792755815,0.0009372487065396,0.551700997537075
180.0,25.0,0.0181082650902571,0.0169687566037856,0.0007305222011868,0.0004089862852845,0.5051634320771969
185.0,25.0,0.0194078785616329,0.0181380263817496,0.0007930314113398,0.0004768207685434,0.561979309688549
190.0,25.0,0.0194743120953432,0.0180793691796994,0.0008577541287323,0.0005371887869114,0.6384978269896681
195.0,25.0,0.0228425771277335,0.0213155675894439,0.0009370653411773,0.0005899441971123,0.5406337594051518
200.0,25.0,0.0286971035407324,0.0270153553487589,0.0010535568260018,0.0006281913659716,0.5703709576782865
205.0,25.0,0.0564534384599782,0.0545462032784118,0.0012513050917961,0.0006559300897701,0.5473327245629037
210.0,25.0,0.0910008593731205,0.0889240027228442,0.0014658333741481,0.000611023276128,0.6487980978200086
215.0,25.0,0.0821437655756615,0.0801181151257728,0.0014273751359119,0.0005982753139766,0.6474102677792704
220.0,25.0,0.0526075295330838,0.0508185822373832,0.0011954085682429,0.0005935387274576,0.5701303530602568
225.0,25.0,0.0385173943467448,0.0370137944411954,0.0010196186443143,0.000483981261235,0.3983880473367144
230.0,25.0,0.0324040317268249,0.0311132303332222,0.0009166706190433,0.0003741307745593,0.3658728570236778
235.0,25.0,0.0222034393485923,0.0210133756743886,0.0008422814942129,0.0003477821799906,0.5279392726034471
240.0,25.0,0.030313436501817,0.0292301235973019,0.0007767869363463,0.0003065259681687,0.2421650512949799
245.0,25.0,0.0275529780058193,0.0263791301076252,0.0007306892988552,0.0004431585993388,0.1928168607108726
250.0,25.0,0.0288011930110569,0.0270017425710569,0.0007060681643275,0.0010933822756725,0.2076650578207659
255.0,25.0,0.0371108901626876,0.0346357174639053,0.000717999391787,0.0017571733069952,0.2354933599223932
260.0,25.0,0.0323915281021502,0.0292431325475999,0.0007251622545059,0.0024232333000443,0.37840469510051
265.0,25.0,0.0292174187042885,0.0254065884213051,0.0007339995561932,0.00307683072679,0.3168703453403126
270.0,25.0,0.0273978531507571,0.0229523493918141,0.0007436145961635,0.0037018891627794,0.2833500845362369
275.0,25.0,0.0276100006074269,0.0224736365589961,0.0008130155794068,0.0043233484690239,0.2776605272581718
280.0,25.0,0.0285269889930716,0.0227709368869927,0.0008853630061805,0.0048706890998983,0.3253637556230239
285.0,25.0,0.0307833937954238,0.0244627541798536,0.0009851597151057,0.0053354799004644,0.3734865010458592
290.0,25.0,0.0434938127893543,0.0366814106616711,0.0011157128898827,0.0056966892378004,0.4231384324057822
295.0,25.0,0.0805923181440275,0.0733239086982695,0.001334966457863,0.0059334429878949,0.4954003139914533
300.0,25.0,0.1581144850448509,0.1505033349023338,0.0015634876785938,0.0060476624639232,0.5402923824055104
305.0,25.0,0.1458620677828752,0.1383259498487274,0.0015166010581475,0.0060195168760002,0.5191720046250967
310.0,25.0,0.070286223255947,0.0631528219150683,0.0012593432798879,0.0058740580609907,0.4791328327637454
315.0,25.0,0.0373925108610177,0.0307339478906495,0.0010629664672595,0.0055955965031087,0.4229553852885024
320.0,25.0,0.0291207748941799,0.0229732333195797,0.0009471329838207,0.0052004085907793,0.3468896326221544
325.0,25.0,0.0258242874787913,0.020246067145255,0.0008662164632533,0.0047120038702829,0.3074354658648809
330.0,25.0,0.0219299665517615,0.0170014265314111,0.000795018551063,0.0041335214692874,0.2928550065542581
335.0,25.0,0.0208476092859616,0.0165895394333701,0.0007409564594926,0.0035171133930988,0.2770078548457717
340.0,25.0,0.0177341587654008,0.0141010465908777,0.0007312049940472,0.0029019071804759,0.2965029541119676
345.0,25.0,0.0180663491016287,0.0150818227086115,0.0007223298212952,0.0022621965717219,0.3343845372847829
350.0,25.0,0.0152489568309558,0.0129264898043169,0.0007099949604049,0.0016124720662339,0.4122285127586096
355.0,25.0,0.0138116360579211,0.0120898815442972,0.0007350290544467,0.0009867254591771,0.3632941484471682
360.0,25.0,0.0119672917082961,0.0108455780061767,0.0007310146024954,0.0003906990996239,0.3362562403154669
0.0,30.0,0.003810728397816,0.0022387046130527,0.0011936076593183,0.000378416125445,0.610303216991412
5.0,30.0,0.0038308379542961,0.0021249082152057,0.0012622085628751,0.0004437211762152,0.7313092109809789
10.0,30.0,0.0043373514058212,0.0025074930325885,0.0013299017968662,0.0004999565763664,0.759222009718326
15.0,30.0,0.0056128592765882,0.0036640719318174,0.0014008687900795,0.0005479185546912,0.6582115266624462
20.0,30.0,0.0080441224049663,0.0060582684098858,0.001400742832552,0.0005851111625285,0.6526625018726517
25.0,30.0,0.0129775518711812,0.0108786240126001,0.0014884523871282,0.0006104754714529,0.6752768227943102
30.0,30.0,0.0193491529310471,0.0171634457681636,0.0015626607147952,0.0006230464480882,0.7655562216821341
35.0,30.0,0.0191963328372543,0.0170497627420853,0.0015595956970586,0.0005869743981103,0.8091932219529017
40.0,30.0,0.0126480880825306,0.0105878032556751,0.0014859435571124,0.0005743412697431,0.7918466376157856
45.0,30.0,0.008094115190236,0.0061444263761195,0.001399022368268,0.0005506664458484,0.7107877256362345
50.0,30.0,0.005388931755844,0.0035809757308041,0.0012463137210454,0.0005616423039944,0.7454987898533154
55.0,30.0,0.0042372094980235,0.0024995905036673,0.0011833699506449,0.0005542490437113,0.7167047138415465
60.0,30.0,0.0035785681447381,0.0019662120372095,0.0011239202786744,0.000488435828854,0.7277215657515625
65.0,30.0,0.0037426050834106,0.0021562523409347,0.0010721530596927,0.0005141996827831,0.8036510136344783
70.0,30.0,0.0032634606453892,0.0010996854152655,0.0010923433882515,0.0010714318418721,0.8385699180890062
75.0,30.0,0.0037604680825468,0.0010100568475682,0.0011082795844476,0.0016421316505308,0.681350693897863
80.0,30.0,0.0047534404486915,0.001422761383086,0.0011170962591166,0.0022135828064887,0.6146679448683021
85.0,30.0,0.0053048168363481,0.0015747670865462,0.0011281291826737,0.0026019205671281,0.6005959499172788
90.0,30.0,0.0061501546620052,0.0018944031623506,0.0011374048821266,0.003118346617528,0.5869458901955643
95.0,30.0,0.0068395019174782,0.0019818782969397,0.0012029427593749,0.0036546808611635,0.6296252057222114
100.0,30.0,0.0073956270439316,0.001990190215448,0.0012670411108517,0.0041383957176318,0.7102445880249759
105.0,30.0,0.0082788113375848,0.0023683018487373,0.001334874539621,0.0045756349492264,0.7329335805775976
110.0,30.0,0.0111769316500635,0.0048656342601052,0.0014176107156905,0.0048936866742677,0.7227053913587732
115.0,30.0,0.0178525056994234,0.0112266332930193,0.0015155701722019,0.005110302234202,0.7347865147939989
120.0,30.0,0.0211892451549035,0.0143781329184449,0.0015972804532804,0.0052138317831781,0.8178007387667731
125.0,30.0,0.019189302990996,0.0123791823613488,0.0015937345824697,0.0052163860471774,0.8306071482603079
130.0,30.0,0.0144634960556743,0.0077747218196141,0.0015072057587907,0.0051815684772694,0.7674293692699453
135.0,30.0,0.0105734312546449,0.0042134005528092,0.0014106703370853,0.0049493603647503,0.75590316288218
140.0,30.0,0.0084317152446147,0.0024922177554192,0.0013278289642559,0.0046116685249395,0.707965549935073
145.0,30.0,0.0072311876155159,0.0018145693902514,0.0012579296671264,0.0041586885581379,0.7136137697712365
150.0,30.0,0.0075523205523771,0.0026966619453306,0.0011941981664775,0.0036614604405689,0.8295890612616715
155.0,30.0,0.0106325628571736,0.0063785490743176,0.0011367220898016,0.0031172916930543,0.6546884518446653
160.0,30.0,0.0052109092925333,0.0015503510857855,0.0011354855404192,0.0025250726663285,0.7010691274489227
165.0,30.0,0.0039259004544081,0.0007970903946493,0.0011253183783765,0.0020034916813822,0.7509606867336063
170.0,30.0,0.0043929575076657,0.0018037397833212,0.0011271717243001,0.0014620460000442,0.7045947168039393
175.0,30.0,0.0041640565340874,0.0021285500259315,0.0011156345883609,0.0009198719197948,0.6707821698536693
180.0,30.0,0.0037668772830937,0.0021727727058188,0.0011936090287087,0.0004004955485661,0.6537043405753193
185.0,30.0,0.0027103850666671,0.0009809656619168,0.001262209299446,0.0004672101053041,0.7901938394103217
190.0,30.0,0.0037900169164847,0.0019334154719151,0.001329646979816,0.0005269544647534,0.7213929534431477
195.0,30.0,0.0056654819896337,0.0036851113190763,0.0014013623409399,0.0005790083296174,0.645723917389661
200.0,30.0,0.0088103751846657,0.0067919333656923,0.0014007413719466,0.0006177004470267,0.6411289618040018
205.0,30.0,0.0148748055405674,0.0127409059725959,0.0014884501648498,0.0006454494031215,0.6454703581184777
210.0,30.0,0.0211927762464068,0.0190297228656222,0.0015626577389506,0.0006003956418339,0.7244829221386109
215.0,30.0,0.0212271561688616,0.0190780182467643,0.0015595381146906,0.0005895998074066,0.9062902069232246
220.0,30.0,0.015385044359431,0.0133255336051508,0.0014861254057405,0.0005733853485396,0.915986512762748
225.0,30.0,0.0098036363395803,0.0079255484903212,0.0013996737845461,0.0004784140647129,0.7274608048808215
230.0,30.0,0.007085949415638,0.0054667452066512,0.001247682112335,0.0003715220966518,0.6788071278537213
235.0,30.0,0.0054469225095584,0.003917230815481,0.0011833643371908,0.0003463273568866,0.5971703096945857
240.0,30.0,0.006324647627086,0.004894983509296,0.0011232789428543,0.0003063851749356,0.5448502803773345
245.0,30.0,0.0069681643661027,0.0055304596489024,0.0010731390818745,0.0003645656353258,0.5458108711084788
250.0,30.0,0.0057502725125849,0.0036578765231194,0.0010923694985996,0.0010000264908659,0.5829663216884142
255.0,30.0,0.0069633138443693,0.0042042324534921,0.0011084906069482,0.0016505907839289,0.7277490852233197
260.0,30.0,0.0084568196553249,0.0050376039552959,0.0011171001547802,0.0023021155452487,0.6338858960736582
265.0,30.0,0.0096674863618923,0.0055966746691575,0.0011281329615859,0.0029426787311488,0.5405431215851755
270.0,30.0,0.0103559997285274,0.0056640994044627,0.0011374083633138,0.0035544919607507,0.495578933562672
275.0,30.0,0.0096597262183783,0.004292304740838,0.0012029457660515,0.0041644757114887,0.478854461741621
280.0,30.0,0.0108505197156068,0.0048814475247838,0.0012670435488121,0.0047020286420108,0.4836938849529095
285.0,30.0,0.0132331930225065,0.0067373252387105,0.0013348763666498,0.0051609914171461,0.4986661783681252
290.0,30.0,0.0181182534760696,0.011182059187999,0.0014176118253861,0.0055185824626844,0.5378505917129415
295.0,30.0,0.029075762472656,0.0218054742424816,0.0015154741236607,0.0057548141065136,0.522380536110316
300.0,30.0,0.0417315028479008,0.0342608929259079,0.0015970321183166,0.0058735778036761,0.6050581078366404
305.0,30.0,0.0395148884559837,0.0320676034243266,0.0015936992437292,0.0058535857879278,0.6334575724879548
310.0,30.0,0.0304031456153075,0.0231779378235623,0.0015072043890553,0.0057180034026898,0.5254521235831418
315.0,30.0,0.0182111234579202,0.011344301636658,0.0014106684164974,0.0054561534047647,0.5165534062780138
320.0,30.0,0.0125338138021207,0.0061282890191893,0.0013278266384475,0.0050776981444839,0.5041807613637481
325.0,30.0,0.0097884623022251,0.0039251921462457,0.0012579270356795,0.0046053431202998,0.4999229965870497
330.0,30.0,0.0083832661654346,0.0031430990206002,0.0011941952281978,0.0040459719166365,0.4860061859856281
335.0,30.0,0.0069966163900132,0.0024196002645525,0.0011367190846114,0.0034402970408492,0.5044742318996827
340.0,30.0,0.0056953842109798,0.0017182748419256,0.001135482603653,0.0028416267654011,0.5515514742328982
345.0,30.0,0.0049363522017103,0.0015942329545306,0.0011253156446448,0.0022168036025348,0.5708895170421705
350.0,30.0,0.0046382418128718,0.0019304444956265,0.0011271694555695,0.0015806278616757,0.7249635356333843
355.0,30.0,0.0041819109182758,0.0021014918827278,0.0011156327314852,0.0009647863040626,0.7687262863267785
360.0,30.0,0.003810728397816,0.0022387046130527,0.0011936076593183,0.000378416125445,0.6103032169914098
0.0,35.0,0.0027753075438279,0.0008240514393871,0.0016088078491858,0.0003424482552549,0.9139175974344536
5.0,35.0,0.0031833642157922,0.00108378717697,0.0016729828756701,0.0004265941631519,0.7826158274332242
10.0,35.0,0.003723406038849,0.001376527981465,0.0018654934059291,0.0004813846514548,0.6886329382480323
15.0,35.0,0.0044868905984299,0.0020497858215402,0.0019235838551336,0.000513520921756,0.6515976126524505
20.0,35.0,0.0052885814017194,0.002757425057378,0.0019819335161514,0.0005492228281898,0.6593297033518049
25.0,35.0,0.0069685871702837,0.0045261127787689,0.0019029807894241,0.0005394936020906,0.7386557331218195
30.0,35.0,0.0087800673908525,0.0062704896493926,0.0019411137444273,0.0005684639970325,0.7882523558004781
35.0,35.0,0.008544125751645,0.0060242513026915,0.0019457468400954,0.000574127608858,0.8336592123037295
40.0,35.0,0.0072075527714169,0.0048147990286285,0.0018311685065755,0.0005615852362127,0.7189257131506563
45.0,35.0,0.005472437400104,0.0031453540352879,0.0017843544513727,0.0005427289134433,0.7289615824210804
50.0,35.0,0.0043390501578057,0.0020544381879561,0.0017321267421586,0.0005524852276909,0.7705877840052909
55.0,35.0,0.0035543815804584,0.0013378035449676,0.0016785069897558,0.0005380710457349,0.6963715024493184
60.0,35.0,0.0030640677053984,0.0009562878962825,0.0016240377186868,0.000483742090429,0.7513406996566455
65.0,35.0,0.0027971378575738,0.0008128732918856,0.0015659939447644,0.0004182706209237,0.9107479031380392
70.0,35.0,0.0030495230986996,0.0005204180898347,0.0015745420428643,0.0009545629660006,0.7460120754775491
75.0,35.0,0.0039406018154827,0.0008177138492846,0.0016086346060837,0.0015142533601143,0.7310225427190795
80.0,35.0,0.0044873397559673,0.0007855043725338,0.0016322769665796,0.0020695584168538,0.7158039680181474
85.0,35.0,0.0047508565860407,0.0006573212340742,0.0016429323164059,0.0024506030355606,0.6801568698891616
90.0,35.0,0.0052801002178408,0.0006775682190692,0.001649914245548,0.0029526177532235,0.6178252193425522
95.0,35.0,0.0059448930459778,0.0007597200976466,0.0017134773966816,0.0034716955516496,0.6200821409905737
100.0,35.0,0.0067712760953842,0.0010529033467436,0.0017726828740126,0.0039456898746278,0.6355042917631641
105.0,35.0,0.0077520155542527,0.0015529400189947,0.0018295941162648,0.0043694814189931,0.6619677350824517
110.0,35.0,0.0105945687789492,0.0040272890361757,0.0018850649564893,0.004682214786284,0.6931242776945312
115.0,35.0,0.0553504609469149,0.0485142874674305,0.0019366045968793,0.004899568882605,0.421590323873125
120.0,35.0,0.0149290661692623,0.0079473792162639,0.0019741103024877,0.0050075766505107,0.8759132872082744
125.0,35.0,0.0120246588179692,0.0050305389771687,0.0019770721412414,0.0050170476995589,0.9354247694164424
130.0,35.0,0.0107055497189447,0.0037676508610874,0.0019432605532578,0.0049946383045995,0.76177254158992
135.0,35.0,0.0091784948436626,0.0025101900925986,0.0018915002293652,0.0047768045216987,0.7057908193360964
140.0,35.0,0.0077989777681818,0.0015017313381716,0.0018338185404117,0.0044634278895984,0.6895626385538371
145.0,35.0,0.0075437358818955,0.0017398753514591,0.0017741482804647,0.0040297122499716,0.7604434085049698
150.0,35.0,0.0063439920540376,0.0010737017531326,0.0017130718293717,0.0035572184715332,0.7190947259408826
155.0,35.0,0.0068621124861097,0.0021901734775738,0.0016475557999906,0.0030243832085452,0.6429271985281142
160.0,35.0,0.0061296115093592,0.0019943243915995,0.00163272335467,0.0025025637630896,0.5987386330379632
165.0,35.0,0.004293780005496,0.0007137622992577,0.0016312173673754,0.0019488003388628,0.6586851420429658
170.0,35.0,0.0044925488062648,0.0014621485494306,0.0016077183241899,0.0014226819326442,0.6078878454504225
175.0,35.0,0.0039274175635924,0.0014234915032877,0.0016085772967191,0.0008953487635856,0.6045983232704031
180.0,35.0,0.0026896669478298,0.0006915625085932,0.0016088070485853,0.0003892973906512,0.6758818742168757
185.0,35.0,0.0029674853280285,0.0008403837993471,0.0016729814656903,0.0004541200629911,0.7020116879423142
190.0,35.0,0.0035018599474127,0.0011234542688589,0.0018654913087518,0.0005129143698019,0.6878016739149351
195.0,35.0,0.0041163480814697,0.0016389830849193,0.0019235810275227,0.0005537839690277,0.7204675042105166
200.0,35.0,0.0055767037887225,0.003004323937522,0.0019819299505941,0.0005904499006063,0.6781526914135894
205.0,35.0,0.0075266636710043,0.0050063054068938,0.0019029764883444,0.000617381775766,0.7257484051769214
210.0,35.0,0.0120768087041979,0.0095592957381435,0.0019411913197611,0.0005763216462933,0.7696260912557087
215.0,35.0,0.0096160656871919,0.0071042261645146,0.001945800414825,0.0005660391078522,0.9201693101841272
220.0,35.0,0.0080362590616589,0.005637582682474,0.0018313188125949,0.0005673575665899,0.9314410411597766
225.0,35.0,0.0058581450462566,0.0036007492824242,0.0017849589678462,0.0004724367959861,0.7935658308090296
230.0,35.0,0.0045211496233531,0.0024176093265756,0.00173303923208,0.0003705010646973,0.7429845046407957
235.0,35.0,0.003698586146843,0.0016730902449955,0.0016784996115283,0.0003469962903191,0.6750189108619993
240.0,35.0,0.0034407654061843,0.0015081115378309,0.0016240302344056,0.0003086236339478,0.7036795813238587
245.0,35.0,0.0036068543608491,0.0017750506576909,0.0015664776900296,0.0002653260131284,0.728819763927355
250.0,35.0,0.0073606557969873,0.0049054615476795,0.0015745474858785,0.0008806467634293,0.6603751698391385
255.0,35.0,0.0050499587785551,0.0019294437692508,0.0016086348982022,0.001511880111102,0.6566445193492589
260.0,35.0,0.0070441903164463,0.0032671926583419,0.0016322798693947,0.0021447177887097,0.5954517920042801
265.0,35.0,0.0076335779834596,0.0032250607651673,0.0016429362521128,0.0027655809661793,0.7343486616472111
270.0,35.0,0.0086527062840393,0.0036430328658955,0.0016499188069235,0.0033597546112202,0.5068157173346473
275.0,35.0,0.0202063439514261,0.0145389753432354,0.0017134817567506,0.00395388685144,0.2943097706003016
280.0,35.0,0.0106882604848163,0.0044372869383062,0.001772686776362,0.004478286770148,0.4724726888396409
285.0,35.0,0.0110242389092191,0.0042703476738816,0.0018295974991234,0.0049242937362141,0.5159946629595817
290.0,35.0,0.0124740304118968,0.0053109576400559,0.0018850677739034,0.0052780049979374,0.574937154247251
295.0,35.0,0.0160079083888992,0.0085562400965415,0.0019366068449391,0.0055150614474185,0.5731599224172166
300.0,35.0,0.0224170864736229,0.0148043756429973,0.0019741119551336,0.0056385988754919,0.6224779360649186
305.0,35.0,0.0194595802266051,0.0118538992362631,0.0019770732108314,0.0056286077795105,0.7665090289304854
310.0,35.0,0.0324084637351905,0.024957366601878,0.0019432610861737,0.0055078360471387,0.5663300485117998
315.0,35.0,0.0151476616968977,0.0079911766080429,0.0018915002823653,0.0052649848064895,0.5740241138211786
320.0,35.0,0.0106097409700307,0.0038672973919467,0.0018338182047766,0.0049086253733072,0.529054528946661
325.0,35.0,0.0085443324666049,0.0023104995456362,0.001774147655301,0.0044596852656676,0.5383402432006776
330.0,35.0,0.0072060622440123,0.0015685468101926,0.0017130710358122,0.0039244443980074,0.5434920020003087
335.0,35.0,0.0061528215387721,0.0011713012035831,0.0016475549292965,0.0033339654058924,0.5618274941485049
340.0,35.0,0.0053198364940767,0.0009322991754108,0.0016327225738954,0.0027548147447704,0.5811418048744813
345.0,35.0,0.0045534632353844,0.0007695838111487,0.0016312168130927,0.0021526626111429,0.591117973373777
350.0,35.0,0.0039758365341853,0.0008320442567942,0.001607718147059,0.0015360741303319,0.6414088174980648
355.0,35.0,0.0033128159425836,0.0007854387685876,0.0016088673359985,0.0009185098379974,0.7562280401533861
360.0,35.0,0.0027753075438279,0.0008240514393871,0.0016088078491858,0.0003424482552549,0.9139175974344522
0.0,40.0,0.0029237245717683,0.0004136512352375,0.002205202986337,0.0003048703501936,0.8417128002555594
5.0,40.0,0.0032059139280644,0.0005562373001941,0.002265515709214,0.0003841609186561,0.7973318171184561
10.0,40.0,0.003584431813547,0.0008046130967468,0.0023219269454193,0.0004578917713808,0.7330024007627103
15.0,40.0,0.0040896192937549,0.0012544633973325,0.0023737888829563,0.0004613670134659,0.6819383665330929
20.0,40.0,0.0044363290282154,0.0015238570507888,0.0024183709536648,0.0004941010237617,0.735479027759114
25.0,40.0,0.0054450479374858,0.0024726524865415,0.0024553010531881,0.0005170943977561,0.7257699311152233
30.0,40.0,0.0081912101811038,0.0051784894787566,0.0024786602173871,0.00053406048496,0.7423942141733759
35.0,40.0,0.0062664987065113,0.0032424954625264,0.0024828953628812,0.0005411078811036,0.820950245277377
40.0,40.0,0.0058564663847434,0.0028415180583404,0.0024659232539724,0.0005490250724306,0.7029424407072538
45.0,40.0,0.0049539177360383,0.0019923863298352,0.0024319127502395,0.0005296186559634,0.7542118980238113
50.0,40.0,0.0043176478473006,0.0013961821691728,0.0023872513828273,0.0005342142953003,0.7314986485328994
55.0,40.0,0.0037957485277773,0.0009303453881026,0.0023360703708683,0.0005293327688063,0.7140728692235015
60.0,40.0,0.003498690722592,0.0007424169092287,0.0022794425826693,0.0004768312306939,0.8290324560997957
65.0,40.0,0.0031076039859462,0.0004781648728442,0.0022180556078648,0.0004113835052371,0.835381272928708
70.0,40.0,0.0034382198625338,0.0004081110843383,0.0022073178708637,0.0008227909073316,0.6842308509643775
75.0,40.0,0.0040801084083736,0.0004735518835272,0.0022443751474332,0.0013621813774131,0.6483334430650673
80.0,40.0,0.0051643483710689,0.001019959896789,0.0022478867902505,0.0018965016840294,0.6219428004594032
85.0,40.0,0.0051610178791638,0.0006178035303822,0.0022736131897563,0.0022696011590252,0.7655844271845242
90.0,40.0,0.0053806661140249,0.0003552531465651,0.0022744136620529,0.0027509993054068,0.6726421370315661
95.0,40.0,0.0060129936798358,0.0004268518777346,0.002333036645478,0.0032531051566231,0.6864918877153728
100.0,40.0,0.0067659227117947,0.0006676026437626,0.0023873886412949,0.0037109314267371,0.643865774333638
105.0,40.0,0.0079798463830034,0.0014518868515433,0.0024371522087709,0.0040908073226891,0.6340342364938395
110.0,40.0,0.0095120438668117,0.0026042576758455,0.002481020687052,0.004426765503914,0.6539203072232878
115.0,40.0,0.0111254356893834,0.0039658566823248,0.0025164717650285,0.00464310724203,0.803941813651944
120.0,40.0,0.0108816868611966,0.0035871853617526,0.0025394287382149,0.004755072761229,0.8473622713294975
125.0,40.0,0.00987025553725,0.0025552547096413,0.0025437291375108,0.0047712716900978,0.9605130618164568
130.0,40.0,0.0091547247076192,0.0018691121045789,0.0025251582673794,0.0047604543356608,0.808149761520446
135.0,40.0,0.0089650693100492,0.0019067966116022,0.0024919543101475,0.0045663183882994,0.7528497902874346
140.0,40.0,0.0089508973298236,0.0022265764086551,0.0024478801478497,0.0042764407733187,0.7763736416454087
145.0,40.0,0.0137961732581294,0.0075366223901882,0.0023932612786325,0.0038662895893086,0.5917940180380307
150.0,40.0,0.0067221919552923,0.0009817511616738,0.0023169039564333,0.0034235368371851,0.6996804863187542
155.0,40.0,0.0058244379548945,0.0006496040727927,0.002255755270176,0.0029190786119257,0.6698672622184761
160.0,40.0,0.0053915270490556,0.0007407330449967,0.0022423663704282,0.0024084276336306,0.6932561140078749
165.0,40.0,0.0047045412615616,0.0006286409755899,0.0022043155925487,0.0018715846934229,0.7255717304740509
170.0,40.0,0.0045255837306531,0.0009524999406416,0.0022057487362784,0.0013673350537331,0.6723940863528941
175.0,40.0,0.0059018047106047,0.0028355636933914,0.0022069771519435,0.0008592638652697,0.5866811455598357
180.0,40.0,0.0032591758393488,0.0006852694087058,0.0022051997726596,0.0003687066579833,0.7245676772904769
185.0,40.0,0.0031642624125224,0.0004688470941409,0.0022655118755639,0.0004299034428176,0.7847040632454703
190.0,40.0,0.0034593597538006,0.00064128166983,0.0023225401116571,0.0004955379723134,0.8014572694169183
195.0,40.0,0.0040666147209356,0.0011565000250071,0.0023745109537272,0.0005356037422011,0.7902599437243366
200.0,40.0,0.0045442110411732,0.0015543286774795,0.0024187164454746,0.000571165918219,0.7684313177237914
205.0,40.0,0.0057245919955636,0.0026818673197255,0.0024552944171949,0.0005874302586432,0.7062146054226457
210.0,40.0,0.0081763184219815,0.005137913883761,0.0024786529081664,0.000559751630054,0.7471473003274933
215.0,40.0,0.0113483768195829,0.0083094014530822,0.0024828874317378,0.0005560879347629,0.8347316346650744
220.0,40.0,0.0060947872327257,0.0030875095054548,0.0024660793073809,0.0005411984198899,0.8004984300729758
225.0,40.0,0.0048281681802035,0.0019400547950589,0.0024319038443086,0.0004562095408359,0.7533089968641589
230.0,40.0,0.0041542743213559,0.0014060305733243,0.0023876607440751,0.0003605830039564,0.7740606734153455
235.0,40.0,0.0036507507717406,0.0009654152738281,0.0023363081559725,0.00034902734194,0.8370351891050256
240.0,40.0,0.0033857126745553,0.0007980215701312,0.0022794330831504,0.0003082580212735,0.767702515613494
245.0,40.0,0.0030783717977772,0.000593362140788,0.0022185328709078,0.0002664767860813,0.749436048821811
250.0,40.0,0.0040988641763819,0.0011478167248668,0.0022073150631487,0.0007437323883662,0.6698540306986238
255.0,40.0,0.0069571595995338,0.0033605188244901,0.0022443749593286,0.0013522658157149,0.5848329018878345
260.0,40.0,0.0066847296879373,0.0024765818792103,0.0022479750743998,0.0019601727343272,0.5939757730246226
265.0,40.0,0.0099091763666512,0.0050777211712374,0.0022736135906376,0.002557841604776,0.558185823142998
270.0,40.0,0.0077422059130272,0.0023380641826011,0.0022744151178487,0.0031297266125773,0.5796730321382851
275.0,40.0,0.0085199022663556,0.0024866750375796,0.0023330390275271,0.0037001882012488,0.5173712940955484
280.0,40.0,0.0131481410161411,0.0065505889888784,0.0023873916039162,0.0042101604233464,0.4300231254789232
285.0,40.0,0.0125206798631917,0.0054451113114572,0.0024371858419837,0.0046383827097506,0.477908548353767
290.0,40.0,0.0131932819265033,0.0057280571188626,0.0024810240012679,0.0049842008063727,0.5572041273804491
295.0,40.0,0.0125593691144714,0.0048225549129587,0.0025164749925882,0.0052203392089244,0.5618000729840082
300.0,40.0,0.0131127878459413,0.0052246736414557,0.002539431766862,0.0053486824376235,0.6648157709667377
305.0,40.0,0.0133530058690381,0.005457214427944,0.0025437319214234,0.0053520595196706,0.8208046723021378
310.0,40.0,0.0130733805460184,0.0053012581759289,0.0025251608473684,0.0052469615227211,0.6477123746553515
315.0,40.0,0.0118974735725899,0.0043773486960731,0.0024919566113229,0.0050281682651938,0.748425101063883
320.0,40.0,0.0104030167871981,0.003256540795735,0.0024478820969605,0.0046985938945025,0.5537934656647382
325.0,40.0,0.0085056634216774,0.0018367288156591,0.0023932629619318,0.0042756716440865,0.5562196045067049
330.0,40.0,0.007275481969285,0.0011884747962565,0.0023169054830178,0.0037701016900106,0.5692602758263736
335.0,40.0,0.0063161774058071,0.0008512410050843,0.0022557567598965,0.0032091796408262,0.5843961265736286
340.0,40.0,0.0056011715065899,0.0007114933948837,0.0022423679764289,0.0026473101352772,0.61518258074362
345.0,40.0,0.0048411552049614,0.0005657082561793,0.0022043174316261,0.0020711295171559,0.653480162963617
350.0,40.0,0.0043749677892416,0.0007008354462109,0.0022057509240379,0.0014683814189927,0.6856802327690983
355.0,40.0,0.0035882641992976,0.0005013031621297,0.0022072299472091,0.0008797310899587,0.8418355715732255
360.0,40.0,0.0029237245717683,0.0004136512352375,0.002205202986337,0.0003048703501936,0.8417128002555572
0.0,45.0,0.0034217129321114,0.0002743802661332,0.0028896741341006,0.0002576585318775,0.7069687895324799
5.0,45.0,0.0036273316883478,0.0003514847290063,0.0029471097998265,0.0003287371595149,0.7339864764430193
10.0,45.0,0.0038766273866642,0.0004641219416496,0.0030001124615384,0.000412392983476,0.9151984194746504
15.0,45.0,0.0041378717655515,0.0006548056781249,0.0030468411832127,0.0004362249042138,0.8055121096812636
20.0,45.0,0.0046404087613894,0.0010862021447355,0.0030858446330566,0.0004683619835972,0.7524628933960714
25.0,45.0,0.005089498671646,0.001477146731183,0.003115260964005,0.0004970909764579,0.6963716321104112
30.0,45.0,0.0067173839688889,0.0030740524739732,0.0031334554464923,0.0005098760484234,0.6864696003099687
35.0,45.0,0.0104235785869538,0.0067656527026419,0.0031378320708003,0.0005200938135115,0.743347600719661
40.0,45.0,0.0070982961535485,0.0034557025533462,0.0031272484220935,0.0005153451781087,0.7573607842484491
45.0,45.0,0.0051608444138292,0.0015577484690065,0.0031029745039226,0.0005001214409,0.7402126384773078
50.0,45.0,0.0046897442063635,0.001106810491108,0.0030670214138362,0.0005159123014192,0.67402344927794
55.0,45.0,0.0042512400529162,0.0007231996195184,0.0030232658490138,0.0005047745843839,0.6937276752372308
60.0,45.0,0.0039542117019172,0.0005141520423313,0.002972519003439,0.0004675406561467,0.7461349196123733
65.0,45.0,0.0037945503012487,0.0004732082875801,0.002915249061659,0.0004060929520095,0.7544769252828016
70.0,45.0,0.0039429861104573,0.0003732617858719,0.0028940496845562,0.000675674640029,0.6714954066930237
75.0,45.0,0.0043330729931216,0.0002510489392877,0.002892511993535,0.0011895120602988,0.6466321902250393
80.0,45.0,0.0049109968025655,0.0002659766259833,0.0029472692796596,0.0016977508969225,0.6321866408014009
85.0,45.0,0.0053023595253733,0.0002897748874608,0.0029508560908775,0.0020617285470349,0.6392308535822611
90.0,45.0,0.005785137647684,0.0002768555435299,0.0029862779658017,0.0025220041383523,0.6397834229344945
95.0,45.0,0.0064318534050893,0.0003861384973191,0.0030453005929484,0.0030004143148216,0.6930390386879647
100.0,45.0,0.0070719375060026,0.0005355483012066,0.0030959124896944,0.0034404767151015,0.7535877640076318
105.0,45.0,0.0085118930263586,0.0015607681403936,0.0031409642708998,0.0038101606150651,0.6626842309046372
110.0,45.0,0.0217176047403099,0.0144059243683054,0.0031764723912757,0.0041352079807287,0.5015867713491574
115.0,45.0,0.0133793064847647,0.0058270303234859,0.0032055059326587,0.00434677022862,0.5962493993472989
120.0,45.0,0.0099670411888878,0.0022798010681713,0.0032236622557721,0.0044635778649443,0.7298013124119612
125.0,45.0,0.0099365774027407,0.0022263910577158,0.0032271349726082,0.0044830513724166,0.8553225033459321
130.0,45.0,0.0092158488271285,0.0015095217717089,0.0032166016366917,0.0044897254187278,0.7649195210473139
135.0,45.0,0.0099027650242435,0.0023968725376104,0.0031864473620681,0.0043194451245649,0.7066946371049148
140.0,45.0,0.0223663611978773,0.015190092611378,0.0031203403204413,0.0040559282660579,0.6893477297551809
145.0,45.0,0.0224819807374987,0.0157288074083361,0.0030766942139405,0.003676479115222,0.6692896611069988
150.0,45.0,0.0076361850870265,0.0013432580982968,0.0030262736615341,0.0032666533271955,0.70448628405044
155.0,45.0,0.0062591585874017,0.0005008474456265,0.0029666561344802,0.0027916550072949,0.7141141081120426
160.0,45.0,0.0061192501920794,0.0008785486113728,0.00294427841964,0.0022964231610665,0.7334754851520845
165.0,45.0,0.0086121002215192,0.0039337232925198,0.002891632096791,0.0017867448322083,0.8275613205854566
170.0,45.0,0.0054606951253402,0.0012616953174491,0.0028919259184251,0.0013070738894659,0.7921279645016621
175.0,45.0,0.0042341162345788,0.0005176296849138,0.0028933160089975,0.0008231705406674,0.7188156073827578
180.0,45.0,0.0036097621862773,0.0003658189731169,0.0028903359925655,0.0003536072205948,0.7377259003746639
185.0,45.0,0.0037584563932147,0.0003980197715731,0.0029478312494704,0.0004126053721711,0.7154035495294873
190.0,45.0,0.0039530555494931,0.0004856750896733,0.0030004812243584,0.0004668992354613,0.7360189781852655
195.0,45.0,0.0042157584637834,0.0006544906541172,0.0030468333953323,0.0005144344143338,0.7002852478918777
200.0,45.0,0.0046487074025796,0.001013495728362,0.0030860214974974,0.0005491901767201,0.6759196436868692
205.0,45.0,0.0050771665247808,0.0013964428580311,0.0031152517962895,0.0005654718704601,0.7245872301476337
210.0,45.0,0.0097375555928769,0.0060637357598265,0.0031334456396966,0.0005403741933536,0.6710994120607388
215.0,45.0,0.0916722351044468,0.0879962089836281,0.0031378216791373,0.0005382044416813,0.6686594919543701
220.0,45.0,0.0086419925608895,0.0049849192064204,0.0031273255447808,0.0005297478096882,0.7713334894518902
225.0,45.0,0.0048524371675021,0.0012987385391436,0.0031027584173376,0.0004509402110207,0.7880346083634305
230.0,45.0,0.0046198123247557,0.0011911064847517,0.0030670098418788,0.0003616959981251,0.8036339121127791
235.0,45.0,0.0040712552651418,0.0007098733532288,0.0030232546778029,0.0003381272341099,0.7639962268402954
240.0,45.0,0.0037958099702404,0.0005182381706534,0.0029719148668359,0.0003056569327511,0.8084472687215387
245.0,45.0,0.003602769960829,0.0004199976738792,0.002915244471263,0.0002675278156867,0.7105222317054005
250.0,45.0,0.0040490041019287,0.0005650659842491,0.0028940489511047,0.0005898891665747,0.6641247605734769
255.0,45.0,0.0051439745655956,0.0010818578193107,0.0028927299493178,0.001169386796967,0.6148818096179967
260.0,45.0,0.0073629610220967,0.0026644047504201,0.0029471749503245,0.001751381321352,0.5976308199736787
265.0,45.0,0.0094760148184942,0.0042026012469216,0.0029508565036211,0.0023225570679515,0.5226207518781982
270.0,45.0,0.0104730584495273,0.00461648601183,0.0029862787884083,0.0028702936492888,0.7191117112330673
275.0,45.0,0.0083623085725641,0.0019006455881666,0.0030453017994347,0.0034163611849627,0.6088430951261038
280.0,45.0,0.0085886172626621,0.0015923083388337,0.0030959140790439,0.0039003948447844,0.574908834779729
285.0,45.0,0.0102550233773784,0.0027965029784185,0.0031409662253444,0.0043175541736155,0.566813561049897
290.0,45.0,0.0156181705526663,0.0077929172892935,0.0031764747188702,0.0046487785445025,0.4931713097279423
295.0,45.0,0.0143553001135545,0.0062737348361747,0.003205524131832,0.0048760411455476,0.5502993424979585
300.0,45.0,0.01351363558314,0.0052810520762262,0.0032236652233758,0.0050089182835379,0.6031009668276763
305.0,45.0,0.0118948569913352,0.0036375924865324,0.0032269385828521,0.0050303259219506,0.812537356043544
310.0,45.0,0.0115722145111937,0.0034115385080489,0.0032166051601265,0.0049440708430182,0.6782562620869335
315.0,45.0,0.012215848891708,0.0042808789418923,0.0031864512116964,0.0047485187381192,0.6377753938752315
320.0,45.0,0.0245815675966821,0.0170128072491634,0.0031203445843775,0.0044484157631411,0.4705162969625905
325.0,45.0,0.0094248462528607,0.002292201961928,0.0030766983579808,0.0040559459329517,0.6455121584996913
330.0,45.0,0.0076755235762499,0.0010645876338708,0.0030262776536966,0.0035846582886824,0.6080335730293898
335.0,45.0,0.0067566910740782,0.0007300218963802,0.0029666601213768,0.003060009056321,0.7148710988539593
340.0,45.0,0.0061397522162065,0.0006763334112378,0.0029442825253674,0.0025191362796013,0.7012721794657657
345.0,45.0,0.0054515987220709,0.0005923779094926,0.002891233331683,0.0019679874808952,0.7116129824826525
350.0,45.0,0.0048397219947012,0.0005521729744598,0.0028919306075094,0.0013956184127319,0.7340801978615722
355.0,45.0,0.0040982743140074,0.000390821359453,0.0028933212427172,0.0008141317118371,0.6793812216475383
360.0,45.0,0.0034217129321114,0.0002743802661332,0.0028896741341006,0.0002576585318775,0.706968789532479
0.0,50.0,0.0040877357591483,0.0002138626605761,0.0036428069807731,0.000231066117799,0.6861848140293036
5.0,50.0,0.0042336736712382,0.0002463366832532,0.0036975614460442,0.0002897755419407,0.7123198695578066
10.0,50.0,0.0044639048505425,0.000330657231724,0.0037464051504312,0.0003868424683872,0.7919427815263449
15.0,50.0,0.0047446433492822,0.0005463570267699,0.0037898432975836,0.0004084430249285,0.8654748948584102
20.0,50.0,0.0051750191402399,0.0009085218657459,0.0038252525623697,0.0004412447121242,0.8241725041293309
25.0,50.0,0.0061442298976527,0.0018293809943201,0.0038516969394235,0.0004631519639089,0.6840293265766539
30.0,50.0,0.0079271769288299,0.0035792314264493,0.0038679085316053,0.0004800369707752,0.6782561093189956
35.0,50.0,0.0661638544813416,0.0617857726037902,0.0038727585927106,0.0005053232848407,0.604473776563187
40.0,50.0,0.0296036376376185,0.0252570765892048,0.0038654946925933,0.0004810663558202,0.6562170049671374
45.0,50.0,0.0066130655622009,0.0022972583486248,0.0038463660107607,0.0004694412028153,0.6797200789639777
50.0,50.0,0.0051559952598281,0.0008811282847432,0.0038171945122552,0.0004576724628297,0.6811573877179544
55.0,50.0,0.0048245506516325,0.0005719977994512,0.0037786590819611,0.0004738937702201,0.7452080655678324
60.0,50.0,0.0046112491827057,0.000432448232399,0.0037327833993557,0.0004460175509509,0.8553862798129117
65.0,50.0,0.004453645601506,0.0003819079003319,0.0036809426310138,0.0003907950701602,0.7024132542281991
70.0,50.0,0.0044243098906734,0.0002603221042242,0.0036436868626423,0.0005203009238069,0.6807668556862414
75.0,50.0,0.0048856453126654,0.0002402756280472,0.0036483653277737,0.0009970043568444,0.652738588673444
80.0,50.0,0.0054038081470843,0.0002007998551989,0.003717653604665,0.0014853546872204,0.6395667456059293
85.0,50.0,0.0057839058468272,0.0002237055341893,0.0037222674686414,0.0018379328439965,0.6383277313264153
90.0,50.0,0.0061932473858173,0.0002175521370311,0.003722578679486,0.0022531165693001,0.6403748764494472
95.0,50.0,0.0068507728162789,0.0003004551821269,0.0038241302323232,0.0027261874018287,0.6474695035489123
100.0,50.0,0.0075198748148882,0.0005043528834149,0.0038715226958035,0.0031439992356698,0.6789610268914024
105.0,50.0,0.0086473811431955,0.0012352532332777,0.0039135658330953,0.0034985620768224,0.6429193585427677
110.0,50.0,0.0153246301704448,0.0075656240118284,0.0039478812441063,0.0038111249145101,0.6942951166910767
115.0,50.0,0.0178684672129892,0.0098798871245793,0.0039695513580222,0.0040190287303876,0.5986261690728185
120.0,50.0,0.0098790103379194,0.0017577976937819,0.0039817252620097,0.0041394873821277,0.7528928758356501
125.0,50.0,0.0117690491627336,0.0036528025518963,0.0039460800668032,0.004170166544034,0.8494378150834976
130.0,50.0,0.0101920332948741,0.0020665447750532,0.0039390491634234,0.0041864393563974,0.8367760126013797
135.0,50.0,0.0092948025502495,0.0013348233094983,0.0039187255730445,0.0040412536677067,0.8403631509288773
140.0,50.0,0.0159035419662748,0.0082075548277537,0.0038891576057515,0.0038068295327695,0.6630003046648834
145.0,50.0,0.0378952646895121,0.03058589687681,0.0038480621593475,0.0034613056533545,0.6740655090608833
150.0,50.0,0.0094721616160125,0.0025868389485746,0.0038006077839875,0.0030847148834503,0.6524233632871617
155.0,50.0,0.0068445711128755,0.0004469045782278,0.0037507531283411,0.0026469134063064,0.6560032232168564
160.0,50.0,0.0063850114360941,0.0005725866602657,0.0036453662891676,0.0021670584866606,0.6872715162995184
165.0,50.0,0.0113544528349809,0.0060227841711666,0.0036464259731462,0.001685242690668,0.8288564555885248
170.0,50.0,0.0098080006001884,0.0049308702651961,0.0036466897089002,0.001230440626092,0.8239546613772774
175.0,50.0,0.0049187897366897,0.0005055893163981,0.0036421955721283,0.0007710048481632,0.6981799777617081
180.0,50.0,0.0042382835240783,0.0002727506552296,0.0036427985963452,0.0003227342725034,0.6814078802460067
185.0,50.0,0.004367397725886,0.0002949961932103,0.00369717018951,0.0003752313431655,0.670628716350185
190.0,50.0,0.0045319966854563,0.0003597198547843,0.0037463953920928,0.0004258814385791,0.6765370312113945
195.0,50.0,0.0047662806161733,0.0004918993519476,0.0037899749011844,0.0004844063630412,0.6706416225674869
200.0,50.0,0.0051495708317035,0.0008001073456338,0.003825426752158,0.0005240367339116,0.6751172860194534
205.0,50.0,0.0056902876469091,0.0013073289563172,0.003851904960894,0.0005310537296979,0.6986534340276825
210.0,50.0,0.0060779673761308,0.0017019298955376,0.0038678960938667,0.0005081413867264,0.7250388682657218
215.0,50.0,0.0088717239876979,0.004491562711573,0.0038727456012644,0.0005074156748603,0.8882345300890462
220.0,50.0,0.0085987201096581,0.0042319968528945,0.003865481240577,0.0005012420161864,0.8294299351441937
225.0,50.0,0.0058781294709203,0.0016031811618509,0.0038463521966126,0.0004285961124567,0.7799031889739692
230.0,50.0,0.0049677196780795,0.0007934583841885,0.0038171818419535,0.0003570794519374,0.7256487126644822
235.0,50.0,0.0046095361504961,0.0004984334394628,0.0037786492095206,0.0003324535015127,0.7178781515015757
240.0,50.0,0.0044470566062116,0.0004044919469721,0.0037333488394908,0.0003092158197485,0.7066042852540058
245.0,50.0,0.0043768177825748,0.0004223357849493,0.0036809400444433,0.000273541953182,0.8068897191930968
250.0,50.0,0.0044843391917282,0.0004101672781143,0.0036440230693033,0.0004301488443104,0.7109378647202096
255.0,50.0,0.0051203625770874,0.0004965677655301,0.0036483646455055,0.0009754301660517,0.6587525526961928
260.0,50.0,0.0059365860045965,0.0006956618457678,0.003717853096399,0.0015230710624297,0.632118400081171
265.0,50.0,0.0070169330248437,0.0012328404053991,0.0037222677598657,0.0020618248595787,0.6107142427849979
270.0,50.0,0.0107698888614954,0.0044682398053025,0.0037225794520836,0.0025790696041092,0.5703836763322636
275.0,50.0,0.0118039815365162,0.0048827529952774,0.0038241314822298,0.003097097059009,0.5456767853061002
280.0,50.0,0.0099927163413527,0.002556490444267,0.0038715243981494,0.0035647014989361,0.5597066911919897
285.0,50.0,0.0094592425190535,0.0015906058544204,0.0039135300063,0.003955106658333,0.5865677245914882
290.0,50.0,0.0114191663754826,0.0031934614647668,0.0039478837914718,0.0042778211192439,0.6061818396265363
295.0,50.0,0.0114599384296786,0.0029814861953495,0.0039695542582886,0.0045088979760404,0.5750092396108959
300.0,50.0,0.0112136779504787,0.0025878755806804,0.0039817284907779,0.0046440738790203,0.6353218255537938
305.0,50.0,0.0141132269190208,0.0054982787121133,0.0039460835675417,0.0046688646393656,0.8199598176554619
310.0,50.0,0.0152078468663731,0.006666610406069,0.0039390528731397,0.0046021835871643,0.7400395471449823
315.0,50.0,0.0113517856339273,0.0029982011047783,0.0039187295344254,0.0044348549947235,0.66735016512887
320.0,50.0,0.0232025182236195,0.0151475902079011,0.0038891623240868,0.0041657656916315,0.5998832113503658
325.0,50.0,0.0111365015600667,0.0034824350566257,0.0038480677023211,0.0038059988011197,0.6749490153343556
330.0,50.0,0.0083963926644694,0.0012185163071869,0.0038006142433058,0.0033772621139766,0.6503204841082745
335.0,50.0,0.0073936802638109,0.00075466886249,0.0037507595753056,0.0028882518260151,0.6585729506819498
340.0,50.0,0.0065698216011087,0.0005528657587714,0.0036453728477647,0.0023715829945725,0.6403138209036534
345.0,50.0,0.0059859963033171,0.0004842249688699,0.0036462346824509,0.0018555366519963,0.648940980650303
350.0,50.0,0.0053492521156105,0.0003829553081423,0.00364669694114,0.0013195998663281,0.647918819316537
355.0,50.0,0.0047641079101591,0.0003487643838503,0.003642006270252,0.0007733372560568,0.6633676307259806
360.0,50.0,0.0040877357591483,0.0002138626605761,0.0036428069807731,0.000231066117799,0.6861848140293038
0.0,55.0,0.0048385902923371,0.0001805159426336,0.0044424467359427,0.0002156276137606,0.7330061867450481
5.0,55.0,0.0049639690814054,0.0002013916378575,0.0044930109409714,0.0002695665025764,0.7441052728669095
10.0,55.0,0.005111121177574,0.0002390605249661,0.0045392126937226,0.0003328479588852,0.7397160952448489
15.0,55.0,0.0053623533632188,0.0003858455637088,0.004579560565703,0.0003969472338068,0.7133890177450608
20.0,55.0,0.0060598317002091,0.001024519259329,0.0046126232577084,0.0004226891831715,0.7654642541766248
25.0,55.0,0.0058601669748208,0.0007786602913263,0.004637362507536,0.0004441441759584,0.7475059024026018
30.0,55.0,0.0067214735858465,0.001604290096463,0.0046528441191162,0.0004643393702672,0.7699536836942932
35.0,55.0,0.014188266985324,0.0090658347968859,0.0046583944860552,0.0004640377023828,0.7305001869682326
40.0,55.0,0.0301209024637052,0.025020380243131,0.0046534782999968,0.0004470439205773,0.717995283038259
45.0,55.0,0.008763191398238,0.0036787627132616,0.0046381416519358,0.0004462870330405,0.6877800614576512
50.0,55.0,0.0059982614284814,0.0009545817877347,0.0046135386519391,0.0004301409888075,0.6879634994849559
55.0,55.0,0.0056369245232181,0.0006060904078809,0.0045800613264808,0.0004507727888564,0.7287960888610842
60.0,55.0,0.0053426985480666,0.0003690986109005,0.0045392633213916,0.0004343366157744,0.8109502907822903
65.0,55.0,0.0051980607905161,0.000330323050674,0.0044924473569785,0.0003752903828635,0.7021494833589724
70.0,55.0,0.0050123185930591,0.0002229137400204,0.0044440860923577,0.0003453187606809,0.7053679469731042
75.0,55.0,0.0054538109985891,0.0001997792902998,0.0044494268104153,0.0008046048978739,0.6641642737522118
80.0,55.0,0.0058898155185703,0.0001851290789817,0.0044488760513112,0.0012558103882773,0.661433217474577
85.0,55.0,0.0063472614459709,0.0002108723370849,0.0045350014489009,0.001601387659985,0.6539751633387059
90.0,55.0,0.0067240864862045,0.0001914025095179,0.0045420398183187,0.0019906441583678,0.6441660406160032
95.0,55.0,0.0073153676864057,0.0002906676486444,0.0045932672020115,0.0024314328357497,0.6399169654527574
100.0,55.0,0.0081078570281233,0.000650351522907,0.0046382295118847,0.0028192759933315,0.6853404267134828
105.0,55.0,0.0097367186404352,0.0018916550462447,0.0046770310568652,0.0031680325373252,0.6081822090137587
110.0,55.0,0.0110195738432698,0.0028471417729227,0.0047091878996566,0.0034632441706903,0.6098698021145184
115.0,55.0,0.0108902120579559,0.0024892341985462,0.0047336077897283,0.0036673700696812,0.635133635247706
120.0,55.0,0.0099086453121661,0.0013687146046028,0.0047489275423064,0.0037910031652568,0.7219572117970722
125.0,55.0,0.0123875404800812,0.0038041574696455,0.0047521932289781,0.0038311897814575,0.8519950436199254
130.0,55.0,0.0199267570026866,0.0113855637722216,0.0047461556884922,0.0037950375419727,0.9071108672151006
135.0,55.0,0.0096061253021167,0.001144500438552,0.0047283354378429,0.0037332894257218,0.8151355885277027
140.0,55.0,0.0094392675705302,0.0012050811591429,0.004702386941872,0.0035317994695152,0.7175189004689984
145.0,55.0,0.0097366609197784,0.0018491441607905,0.0046668515076648,0.003220665251323,0.6928980623800571
150.0,55.0,0.008709350396284,0.0012520271646175,0.0045769691010377,0.0028803541306287,0.6675720717004827
155.0,55.0,0.0073773368000053,0.0003990812393569,0.0044939813566082,0.00248427420404,0.6731958912332578
160.0,55.0,0.0067699784770252,0.0002966216558145,0.0044461658624868,0.0020271909587239,0.6710329500373562
165.0,55.0,0.0065747883578059,0.0005469726563895,0.004447704055349,0.0015801116460673,0.7013700801564877
170.0,55.0,0.0064659937530459,0.0008624120223695,0.0044479865026804,0.0011555952279958,0.7218885304257174
175.0,55.0,0.0055915501014232,0.0004162123049509,0.0044420858131044,0.0007332519833678,0.7029381766229286
180.0,55.0,0.0049752172989839,0.0002305183056108,0.0044424359188267,0.0003022630745463,0.6951230304971712
185.0,55.0,0.005067434111725,0.0002184381060005,0.004493250114154,0.0003557458915703,0.6872084249641958
190.0,55.0,0.0051933539905769,0.0002496705846115,0.0045392003277806,0.0004044830781846,0.7200715398048214
195.0,55.0,0.0053527617995601,0.0003368348406356,0.0045795474361575,0.0004363795227669,0.6984338370339049
200.0,55.0,0.0058197038002524,0.0007100058560128,0.0046126094057694,0.0004970885384701,0.7861700467560055
205.0,55.0,0.0057371719942823,0.0005945443969559,0.0046373479882467,0.0005052796090796,0.7255835542415712
210.0,55.0,0.0060418007036828,0.000899956459673,0.0046528289938577,0.0004890152501519,0.7677596138404801
215.0,55.0,0.0065383406121943,0.0013945288453961,0.0046583798371322,0.0004854319296659,0.8105822220200323
220.0,55.0,0.0080898151688983,0.0029561240137618,0.0046534624222664,0.0004802287328701,0.8659529163910482
225.0,55.0,0.0063168095822797,0.0012700186609239,0.0046381276950897,0.0004086632262661,0.7315815454371953
230.0,55.0,0.0055099966171948,0.0005537559614041,0.0046135271809849,0.0003427134748057,0.698012307846428
235.0,55.0,0.0053314208938202,0.0004299194621884,0.0045800529205649,0.0003214485110667,0.6920882621399315
240.0,55.0,0.0052003524091399,0.0003594736870207,0.0045392585545588,0.0003016201675603,0.6854029737387333
245.0,55.0,0.0051351301556319,0.0003668822891594,0.0044924454710712,0.0002758023954013,0.6889105468609993
250.0,55.0,0.0050008617573567,0.0002914076887801,0.0044437580496352,0.0002656960189413,0.7138313812267327
255.0,55.0,0.0056300773769404,0.000407208204693,0.0044492110124604,0.0007736581597868,0.8006033906706039
260.0,55.0,0.0062038286960705,0.0004667034986879,0.0044488756247854,0.0012882495725971,0.6713882150472321
265.0,55.0,0.006865745591833,0.0005390986667015,0.0045350015552008,0.0017916453699306,0.6419123713071145
270.0,55.0,0.0076218326254374,0.0008038392317673,0.0045420404509311,0.0022759529427388,0.6274566369383917
275.0,55.0,0.0098596912032104,0.0025038112131684,0.004593268356907,0.0027626116331349,0.5905947005540282
280.0,55.0,0.0261068261159794,0.0182654037122027,0.0046382311728861,0.0032031912308905,0.5320415985012277
285.0,55.0,0.0117753898218944,0.0035161183596348,0.0046770332031388,0.0035822382591207,0.6069232573970412
290.0,55.0,0.0110819229173059,0.0024834372873771,0.0047091905049868,0.0038892951249418,0.5975512075447009
295.0,55.0,0.0109649007604399,0.0021258472707543,0.0047336108086645,0.0041054426810209,0.6125462483388182
300.0,55.0,0.0111375597989815,0.0021432318952455,0.0047489309113312,0.0042453969924048,0.6361805980378042
305.0,55.0,0.0129394310311338,0.0038973327274838,0.0047521968783315,0.0042899014253184,0.7772533789901048
310.0,55.0,0.020741742724794,0.0117536507606821,0.00474615951991,0.0042419324442017,0.8138725661590547
315.0,55.0,0.0117092742922736,0.0028912859465139,0.0047283394029738,0.0040896489427858,0.6773080522919683
320.0,55.0,0.0105735341940679,0.002015409043503,0.0047023909063787,0.0038557342441861,0.6191887357535499
325.0,55.0,0.0107923866928623,0.0025940433465791,0.0046668564796164,0.0035314868666667,0.5977333861902434
330.0,55.0,0.0103813340322345,0.0026610247422897,0.0045768275510549,0.0031434817388898,0.5835204653739352
335.0,55.0,0.0086636654551429,0.0014684375321453,0.0044939885867638,0.0027012393362337,0.6021111187354901
340.0,55.0,0.0075528858118043,0.0008935046010032,0.0044460028546903,0.0022133783561107,0.6234023077225269
345.0,55.0,0.0066749935683606,0.0004931965272503,0.0044477129965982,0.001734084044512,0.6400154465464833
350.0,55.0,0.0060654860394412,0.0003839993918364,0.0044479779674119,0.0012335086801928,0.6549990124448251
355.0,55.0,0.0054739061387938,0.0003191864202413,0.004441817220309,0.0007129024982434,0.6842467754945345
360.0,55.0,0.0048385902923371,0.0001805159426336,0.0044424467359427,0.0002156276137606,0.7330061867450524
0.0,60.0,0.0057322397122712,0.0002259242964209,0.0052886360070086,0.0002176794088416,0.7431755709450084
5.0,60.0,0.0057842095695645,0.0001904730994728,0.0053413106716877,0.0002524257984039,0.7085282794648293
10.0,60.0,0.0058523435637187,0.0001962904394678,0.0053549432547896,0.0003011098694612,0.6870376393467179
15.0,60.0,0.0060192217664893,0.0002573426926512,0.0053924502032224,0.0003694288706157,0.6779881369967052
20.0,60.0,0.0065559237368356,0.0007357428479439,0.0054234672819869,0.0003967136069046,0.6779576271877519
25.0,60.0,0.0066545112002513,0.0007904282490201,0.005446940337071,0.0004171426141601,0.7232945599446154
30.0,60.0,0.0066285539576259,0.0007179147393313,0.0054620789342771,0.0004485602840175,0.831686678015668
35.0,60.0,0.007534735528477,0.0016389384677204,0.00546840025177,0.0004273968089865,0.8042699607597859
40.0,60.0,0.0097596667230983,0.0038632216531319,0.0054654617740219,0.0004309832959445,0.8436623168933746
45.0,60.0,0.0080252140783244,0.0021571701676715,0.005453248765322,0.0004147951453308,0.7731035948987068
50.0,60.0,0.0066568486773593,0.0008216478288372,0.005432555368481,0.000402645480041,0.7102436380573626
55.0,60.0,0.0062795214929309,0.000459375007923,0.0054037019775418,0.000416444507466,0.8001261065170447
60.0,60.0,0.0061142364190008,0.0003291364074928,0.0053678276159303,0.0004172723955776,0.7540087129797473
65.0,60.0,0.0059583806395778,0.0002658339073047,0.0053265231398685,0.0003660235924045,0.6917389026126854
70.0,60.0,0.0058418408700888,0.0002443658190275,0.005280186061796,0.0003172889892652,0.6736987892691377
75.0,60.0,0.0060969131751331,0.0002119996114799,0.0052738033015585,0.0006111102620946,0.6693224946411445
80.0,60.0,0.0065015269905498,0.0001729385760033,0.0052732763674526,0.0010553120470937,0.7078938595939137
85.0,60.0,0.0069692970045148,0.0001932303247424,0.0053781549436165,0.0013979117361559,0.6612547987767794
90.0,60.0,0.0073722163901052,0.0002227260030189,0.005379156367865,0.0017703340192212,0.6567851015144321
95.0,60.0,0.0079619625654981,0.0003380786000678,0.005432745754251,0.0021911382111793,0.6580776418952787
100.0,60.0,0.0086317304701612,0.0006640939895466,0.0054743472854431,0.0024932891951715,0.6457649744249199
105.0,60.0,0.0132960754403043,0.0049605670556355,0.0055105499175344,0.0028249584671343,0.552823159617576
110.0,60.0,0.0420811401187138,0.0334599795946914,0.0055406990305871,0.0030804614934352,0.2905291200333681
115.0,60.0,0.012390795075192,0.0035283014494269,0.0055622171003171,0.0033002765254479,0.6170247726609454
120.0,60.0,0.0103852461347823,0.0013821394100277,0.0055771932341535,0.003425913490601,0.7086139456718386
125.0,60.0,0.0100861948156894,0.0010338450771491,0.0055773140638248,0.0034750356747155,0.8122663415257281
130.0,60.0,0.0126431797580975,0.0036201053271158,0.0055742112992185,0.0034488631317632,0.9160475853187792
135.0,60.0,0.0101544381872459,0.0011948871798138,0.0055593820944955,0.0034001689129364,0.8297149596940566
140.0,60.0,0.0094499050191558,0.0006745587794555,0.0055391704888818,0.0032361757508184,0.728003959429914
145.0,60.0,0.0088620601469161,0.0004826476600572,0.0054179727633228,0.002961439723536,0.7104522710151824
150.0,60.0,0.0085507169848374,0.0005219413940444,0.0053704208697728,0.00265835472102,0.7423642514996205
155.0,60.0,0.0079653035233207,0.0003324243405868,0.0053291523506671,0.0023037268320667,0.7374994439622504
160.0,60.0,0.0073835279973886,0.0002110585373138,0.0052838092830548,0.0018886601770199,0.7097887047743812
165.0,60.0,0.0069892338397603,0.0002484074358684,0.0052758192590906,0.0014650071448012,0.7814868318303612
170.0,60.0,0.0066282859338985,0.000271249637849,0.0052835258113711,0.0010735104846784,0.7113849603263711
175.0,60.0,0.0062232590039637,0.0002530642371738,0.0052821940865158,0.0006880006802739,0.7993964411809433
180.0,60.0,0.0057648289272447,0.0001852622049081,0.0052886232747786,0.0002909434475579,0.7259943309864376
185.0,60.0,0.0143059859939692,0.0086282899532879,0.005341296938013,0.0003363991026682,0.5175005367826426
190.0,60.0,0.0059364689521579,0.0001984866520854,0.0053550620638399,0.0003829202362325,0.7101480016753758
195.0,60.0,0.0060567549534739,0.000251051342597,0.0053924345872996,0.0004132690235772,0.7519199754899846
200.0,60.0,0.0064431869410898,0.0005621166801351,0.0054236531981988,0.0004574170627558,0.6876667984302622
205.0,60.0,0.0065761499435877,0.000651106339182,0.005447080768923,0.0004779628354827,0.6868338966908818
210.0,60.0,0.0063488850773217,0.0004293610072861,0.0054621960190639,0.0004573280509716,0.6930611344126306
215.0,60.0,0.0064774731132217,0.0005467817276219,0.0054683838088234,0.0004623075767763,0.7360781670488739
220.0,60.0,0.0070954214037754,0.0011719005057095,0.0054654468623357,0.00045807403573,0.8414304211930685
225.0,60.0,0.0067791661346562,0.0009307315447194,0.0054532359487623,0.0003951986411744,0.7393570496866824
230.0,60.0,0.0062212517289514,0.0004646445037008,0.0054325452248969,0.0003240620003537,0.6970311731722261
235.0,60.0,0.0060355263747321,0.0003248692183329,0.0054037310215153,0.0003069261348838,0.6925084126482122
240.0,60.0,0.0059445972711796,0.0002925639463729,0.0053678245565422,0.0002842087682645,0.6842303518191415
245.0,60.0,0.0058818561739834,0.0002978871180107,0.0053261065734557,0.0002578624825169,0.6783294721293447
250.0,60.0,0.0058448592211017,0.000335725049499,0.0052801842093608,0.0002289499622418,0.684802059736759
255.0,60.0,0.0063881383428691,0.0005515588889619,0.0052738019813433,0.0005627774725637,0.7143244717709475
260.0,60.0,0.007191315839206,0.0008719383461573,0.0052733839361963,0.0010459935568524,0.7425739578120507
265.0,60.0,0.0075155700827959,0.0006230622993122,0.005378154777497,0.0015143530059866,0.7576951889427381
270.0,60.0,0.0077973301653682,0.0004526101795099,0.0053791567898091,0.0019655631960491,0.6682156332426353
275.0,60.0,0.008554364284846,0.0007037315324851,0.0054327467360882,0.0024178860162726,0.6553292980794472
280.0,60.0,0.0102184526785446,0.0019187264057367,0.0054743488266336,0.0028253774461741,0.6212995180697785
285.0,60.0,0.0167417727498347,0.0080437004275333,0.0055105519970063,0.003187520325295,0.5140460022697061
290.0,60.0,0.0133721108290109,0.0043521352258733,0.005540701615742,0.0034792739873955,0.569965601972874
295.0,60.0,0.0135469295450014,0.0042871940564025,0.0055622201227829,0.003697515365816,0.6228402255411001
300.0,60.0,0.0125560966832753,0.0031521693776287,0.0055771966334959,0.0038267306721506,0.6405959291346999
305.0,60.0,0.0117184699157724,0.0022606837181664,0.0055773177760872,0.0038804684215187,0.7665389436500307
310.0,60.0,0.0122243887040805,0.0027980082396941,0.0055742151858701,0.0038521652785162,0.9145128921410114
315.0,60.0,0.0113019042079431,0.0020071641536112,0.005559385993671,0.0037353540606608,0.8352191097857494
320.0,60.0,0.0105359933980236,0.0014609359807525,0.0055391742674382,0.0035358831498328,0.6793054408903406
325.0,60.0,0.0107811625386772,0.0021107078816258,0.0054179762919156,0.0032524783651357,0.6234648886684391
330.0,60.0,0.0242373854445967,0.0159647760144199,0.0053704251139382,0.0029021843162385,0.4085198555358991
335.0,60.0,0.0227038274471794,0.0148817181975522,0.0053291577738968,0.0024929514757303,0.4064717386915832
340.0,60.0,0.0092717395909401,0.0019398367263281,0.0052838159451082,0.0020480869195037,0.6163552074517846
345.0,60.0,0.0079268501903649,0.0010437914611732,0.0052758275132325,0.0016072312159591,0.6625739955291492
350.0,60.0,0.0074119195837294,0.0009819619228781,0.005283375247259,0.0011465824135922,0.6715687732982509
355.0,60.0,0.0063556712171092,0.0003954137756819,0.0052821568550676,0.0006781005863596,0.7325038973637048
360.0,60.0,0.0057322397122712,0.0002259242964209,0.0052886360070086,0.0002176794088416,0.743175570945009
0.0,65.0,0.0068361020358145,0.0005105511424868,0.0061262823903626,0.0001992685029651,0.673569635675723
5.0,65.0,0.0067082391661413,0.0002986511907693,0.0061797708431753,0.0002298171321966,0.678455194246826
10.0,65.0,0.0066470206462616,0.0002049096620172,0.0061700127464171,0.0002720982378272,0.6798358700565275
15.0,65.0,0.0067395535142047,0.0002170448030426,0.0062047021814361,0.0003178065297259,0.67991904718232
20.0,65.0,0.0069290344085827,0.0003254515535887,0.0062336455671906,0.0003699372878033,0.7022495697877909
25.0,65.0,0.0075470893015975,0.0008873302853391,0.006255896674714,0.0004038623415443,0.696120281901467
30.0,65.0,0.0071732775515112,0.000478791839529,0.0062707381628906,0.0004237475490915,0.7851122675254638
35.0,65.0,0.0073292842623184,0.0006314577085853,0.0062777586261096,0.0004200679276234,0.7541237633652726
40.0,65.0,0.0080888513207838,0.0014043011471034,0.0062765744483325,0.0004079757253478,0.8750350676623789
45.0,65.0,0.0099756235776903,0.0033155453608884,0.0062672179053001,0.0003928603115017,0.8863173115591575
50.0,65.0,0.0073745445963146,0.0007395422248239,0.0062500157765497,0.0003849865949409,0.7738418439017455
55.0,65.0,0.0075155038625023,0.0009199746066407,0.0062254939803577,0.0003700352755037,0.7505825626202973
60.0,65.0,0.0069141396970177,0.0003263041229421,0.0061944286033741,0.0003934069707014,0.7985347233341967
65.0,65.0,0.0067768224882499,0.0002703628343204,0.006157828435585,0.0003486312183444,0.6965322047635906
70.0,65.0,0.0066637199723913,0.000235439776889,0.006117095722328,0.0003111844731742,0.683426792967868
75.0,65.0,0.0067492838345785,0.0002363455487774,0.0060889684350748,0.0004239698507262,0.6763880858440533
80.0,65.0,0.0070988615909668,0.0001721715322632,0.0060968416503147,0.0008298484083889,0.673695650751434
85.0,65.0,0.0074865162112216,0.0002343958858141,0.0060970762068844,0.001155044118523,0.6717800187323851
90.0,65.0,0.0079927024499499,0.0002774091711984,0.0062186805406697,0.0014966127380817,0.6749489559125018
95.0,65.0,0.0085309036480747,0.0003973791416739,0.0062669385325204,0.0018665859738803,0.6736925923404482
100.0,65.0,0.0090421837400918,0.0005121258984855,0.006302808072251,0.0022272497693552,0.6673333808260911
105.0,65.0,0.0102914444032065,0.0014831335843807,0.0063363695739789,0.0024719412448469,0.6950205633995152
110.0,65.0,0.0194869583477178,0.0104052989462173,0.0063640764636631,0.0027175829378373,0.5525149924573545
115.0,65.0,0.0157714061115577,0.0064593356094707,0.0063858159964361,0.0029262545056508,0.5895344536568445
120.0,65.0,0.0105074320555881,0.0010600411125555,0.0063967100232483,0.0030506809197842,0.7466240569968001
125.0,65.0,0.0106805735750432,0.001169872552712,0.0064037463027835,0.0031069547195476,0.8001425184701334
130.0,65.0,0.0101260840608197,0.0006286973786945,0.0064027405373518,0.0030946461447733,0.8385621398167696
135.0,65.0,0.0098440809435498,0.0004983323339476,0.0062851028886551,0.0030606457209469,0.8725035789481893
140.0,65.0,0.0096292195631014,0.0004476811630846,0.0062534905644783,0.0029280478355384,0.7428865971182014
145.0,65.0,0.0092717501960015,0.0003540704143187,0.0062288392968275,0.0026888404848553,0.7109228058117287
150.0,65.0,0.0090271617887985,0.0004090589543021,0.0061987094442345,0.0024193933902619,0.7276573331960323
155.0,65.0,0.0085683669808975,0.0002953144048215,0.0061626241531723,0.0021104284229035,0.6961276132107865
160.0,65.0,0.0081260634394635,0.0002642273315708,0.0061216007281636,0.001740235379729,0.6838502180112693
165.0,65.0,0.0076656491519438,0.0002007062716973,0.0060995447418194,0.0013653981384271,0.6791263911829557
170.0,65.0,0.0073142468680701,0.0001970880766997,0.0061125207954928,0.0010046379958775,0.6892203145249343
175.0,65.0,0.0069396397642707,0.0001907799479871,0.0061151104274426,0.0006337493888409,0.686943603464418
180.0,65.0,0.0065401434574889,0.0001416046622275,0.0061262717666971,0.0002722670285642,0.6930526205822383
185.0,65.0,0.0066370192622169,0.0001437447507252,0.0061797580534133,0.0003135164580783,0.6820602870521258
190.0,65.0,0.0067660214061558,0.0002388622253598,0.0061703226350392,0.0003568365457567,0.6740054999872143
195.0,65.0,0.0068321091299144,0.0002374388384666,0.0062050891317279,0.0003895811597198,0.6742128993356669
200.0,65.0,0.00692965548188,0.0002861773779866,0.00623381011436,0.0004096679895332,0.6717777590476026
205.0,65.0,0.0074676880415419,0.0007798666123108,0.0062558799030731,0.0004319415261579,0.6640240526069596
210.0,65.0,0.0070167778602943,0.000312561184345,0.0062708560093102,0.0004333606666389,0.681665782729522
215.0,65.0,0.007179095677995,0.0004639837313054,0.0062777432660156,0.000437368680674,0.7069779928503612
220.0,65.0,0.0071575715598243,0.0004580373778026,0.0062765606795304,0.0004229735024913,0.8509637874566137
225.0,65.0,0.0071280476803002,0.0004924980733123,0.0062672063184324,0.0003683432885555,0.8500018773652929
230.0,65.0,0.0069486321222173,0.0003822864463577,0.0062500069583698,0.0003163387174897,0.7136868646031969
235.0,65.0,0.0068031582780476,0.0002756357555404,0.0062254885202756,0.0003020340022315,0.7026735477241355
240.0,65.0,0.006716814660086,0.0002456466030041,0.0061944413521287,0.0002767267049531,0.6819785195879262
245.0,65.0,0.0066591688176606,0.0002430717141642,0.0061578255808657,0.0002582715226305,0.6801149227932344
250.0,65.0,0.0067139841606292,0.0003632394327221,0.00611768858011,0.000233056147797,0.6860490204709047
255.0,65.0,0.0070429463757972,0.0005816336300865,0.0060891711959677,0.0003721415497428,0.706775600480287
260.0,65.0,0.0106327490973752,0.0037272996025422,0.0060968404971187,0.0008086089977142,0.8314101611774612
265.0,65.0,0.013109725034143,0.0057677206758745,0.0060970961984273,0.0012449081598411,0.8622384403772257
270.0,65.0,0.0085768062720732,0.0007000007843144,0.0062186806491015,0.0016581248386572,0.7478591323865655
275.0,65.0,0.008810431545717,0.0004707166984566,0.0062669392758656,0.0020727755713947,0.755665304207243
280.0,65.0,0.0093852931145339,0.0006321506341723,0.0063028094268253,0.0024503330535361,0.6889630937681135
285.0,65.0,0.0107474582130721,0.0016228919344261,0.0063365393608105,0.0027880269178354,0.629064122174348
290.0,65.0,0.0164220882810093,0.0069962303450111,0.0063640789695634,0.0030617789664347,0.5878276173443715
295.0,65.0,0.0140982529772431,0.004442985868333,0.0063858190054051,0.0032694481035049,0.6404057228859992
300.0,65.0,0.011606797704088,0.001798710972637,0.0063969797000291,0.0034111070314218,0.6469358825371065
305.0,65.0,0.0125271893489293,0.0026644438462783,0.0064037500179327,0.0034589954847182,0.7090287296612554
310.0,65.0,0.0144163531714326,0.0045660583649726,0.0064027443920439,0.0034475504144161,0.9051333182679656
315.0,65.0,0.0195772971134003,0.0099370961855469,0.0062851066682415,0.0033550942596118,0.9548705552758716
320.0,65.0,0.012441686483012,0.0030006197828438,0.0062534940082575,0.0031875726919107,0.7929834961587003
325.0,65.0,0.0121514925969885,0.0029764247713199,0.0062288421542082,0.0029462256714603,0.6539379011583533
330.0,65.0,0.0129451783328551,0.0041051949357487,0.0061987114962879,0.0026412719008183,0.653322461609654
335.0,65.0,0.0246570768191821,0.0162044490266588,0.0061626259701437,0.0022900018223795,0.4544316755338935
340.0,65.0,0.0129623108868805,0.0049467515211746,0.0061216036370736,0.0018939557286321,0.6763475043888629
345.0,65.0,0.0102084358006512,0.0026291430888052,0.0060995490201995,0.0014797436916464,0.6874015256579147
350.0,65.0,0.0087359125741056,0.0015608427686203,0.0061123861528937,0.0010626836525915,0.6648422015171731
355.0,65.0,0.0076833190329002,0.0009478431281111,0.0061148932857673,0.0006205826190216,0.6605724443539667
360.0,65.0,0.0068361020358145,0.0005105511424868,0.0061262823903626,0.0001992685029651,0.6735696356757233
0.0,70.0,0.007585842975382,0.0004677481434871,0.006917711537684,0.0002003832942108,0.6829070265770674
5.0,70.0,0.0075422565885285,0.0003484887864028,0.0069658072973853,0.0002279605047403,0.6881087371161148
10.0,70.0,0.0075002922524186,0.0002246943122494,0.0070103286894597,0.0002652692507094,0.6873394027962094
15.0,70.0,0.0075178579333623,0.0002351831678148,0.0069930973079448,0.0002895774576026,0.7086728895566512
20.0,70.0,0.0075887859232855,0.0002096780093701,0.0070197755375242,0.0003593323763911,0.7124863473444624
25.0,70.0,0.0079401069055434,0.0005215306447827,0.0070406520704944,0.0003779241902662,0.7669087609706748
30.0,70.0,0.0080550058862482,0.0006019012151626,0.0070550561811452,0.0003980484899403,0.6971147738067072
35.0,70.0,0.0081473802782183,0.0006887709094542,0.007062598450573,0.0003960109181909,0.6980278942990858
40.0,70.0,0.008088395224799,0.000637022197744,0.0070629449496437,0.0003884280774112,0.7440965830935624
45.0,70.0,0.0086876008576729,0.0012492168995861,0.0070561283197906,0.000382255638296,0.8595305955420667
50.0,70.0,0.0088796882031748,0.0014794810102653,0.0070422490347264,0.000357958158183,0.8274738430666939
55.0,70.0,0.008174252623594,0.0007868810606172,0.0070218083460535,0.0003655632169233,0.8371324332097487
60.0,70.0,0.007947334521837,0.0005821765739572,0.0069954343818828,0.0003697235659968,0.8597434384185167
65.0,70.0,0.0077463494524886,0.000426026286031,0.0069639188842103,0.0003564042822471,0.7477610975551072
70.0,70.0,0.0075621706359658,0.0003343950836168,0.006928468417887,0.0002993071344619,0.7272459745297415
75.0,70.0,0.0075342687694473,0.0003855890179337,0.006889735975961,0.0002589437755525,0.7295143934441235
80.0,70.0,0.0077160150679625,0.0002043898274163,0.0068982171008179,0.0006134081397283,0.700353024964087
85.0,70.0,0.0081730566736746,0.0003574299588228,0.0068977707938141,0.0009178559210376,0.6981470749017946
90.0,70.0,0.0084047468775986,0.0002580061714054,0.0069136651454689,0.0012330755607241,0.709793571624662
95.0,70.0,0.0091361461352067,0.0004931926285107,0.0070754735095065,0.0015674799971895,0.6850991320702209
100.0,70.0,0.0100403321796846,0.0010414375291147,0.0071101052405702,0.0018887894099996,0.7183136231386795
105.0,70.0,0.0106096045806186,0.0013586707529541,0.0071407206515833,0.0021102131760811,0.7259177785472648
110.0,70.0,0.0110867342506071,0.0015642638304373,0.0071667863051565,0.0023556841150133,0.8947536942963863
115.0,70.0,0.0112686251356354,0.0015332212270775,0.0071871021775384,0.0025483017310194,0.822151542166826
120.0,70.0,0.0107040995949872,0.0008323412586275,0.0072012975658474,0.0026704607705123,0.7136774345566317
125.0,70.0,0.0102513704089353,0.0004353792689896,0.0070846693601712,0.0027313217797744,0.7141453838604075
130.0,70.0,0.0101365531627741,0.0003363979986997,0.0070681169531832,0.0027320382108912,0.7700289426278751
135.0,70.0,0.009988589591519,0.0002765830423061,0.0070617301670755,0.0026502763821372,0.9040076513543508
140.0,70.0,0.0100010385728611,0.0003642360145181,0.0070475602173963,0.0025892423409466,0.8549091173482566
145.0,70.0,0.0099174953006213,0.0004862484768479,0.007027825569827,0.0024034212539462,0.76109634798052
150.0,70.0,0.0101970061625653,0.0010228489121864,0.0070015133381192,0.0021726439122596,0.7877181242444202
155.0,70.0,0.0100905610334123,0.0012154999638501,0.0069701317471564,0.0019049293224057,0.7722832585451986
160.0,70.0,0.0091378978830249,0.0006206370647295,0.0069348965065944,0.0015823643117009,0.7226900193784905
165.0,70.0,0.0083349181849683,0.0002026553594791,0.0068974460532008,0.0012348167722883,0.6907041090305099
170.0,70.0,0.0079972143671223,0.0001894357646236,0.0068966175838511,0.0009111610186474,0.6826063253410342
175.0,70.0,0.0076672121468919,0.0001817469132176,0.006907755658403,0.0005777095752712,0.6811623847102342
180.0,70.0,0.0072978640001095,0.0001279225286665,0.0069178253448723,0.0002521161265706,0.6804635765612858
185.0,70.0,0.0073753588388799,0.0001213972922363,0.0069661120799345,0.000287849466709,0.6857603623552704
190.0,70.0,0.0074766942228298,0.0001391066254838,0.007010317894606,0.0003272697027399,0.6779576214759151
195.0,70.0,0.0075963926028321,0.0002470630868395,0.0069932651817835,0.000356064334209,0.6730607065574064
200.0,70.0,0.0076927144185231,0.0002945908447701,0.0070197610584772,0.0003783625152757,0.6771629854360403
205.0,70.0,0.0076324598082695,0.0001980140160889,0.007040787577245,0.0003936582149354,0.6828535132525626
210.0,70.0,0.0076643882038663,0.0002173450085226,0.0070550412593633,0.0003920019359803,0.6848993232471308
215.0,70.0,0.0076908174822038,0.0002299720367544,0.0070625843765687,0.0003982610688806,0.6877205650647329
220.0,70.0,0.0078495455763308,0.0003870674843548,0.0070629324014766,0.0003995456904992,0.7307208773493917
225.0,70.0,0.0092945977883645,0.0018769305770152,0.0070561179331339,0.0003615492782153,0.8349550753306947
230.0,70.0,0.0087797776527397,0.0014264206583411,0.0070422414243511,0.0003111155700474,0.7892151520993065
235.0,70.0,0.0077201859832223,0.0004021710395883,0.0070218039812576,0.0002962109623763,0.7094116823869082
240.0,70.0,0.0075022592624252,0.0002313663653288,0.0069954671975157,0.0002754256995807,0.6999904162761443
245.0,70.0,0.0074332331476177,0.0002100205385083,0.0069639201585382,0.0002592924505711,0.709773254533697
250.0,70.0,0.0074160236871756,0.0002511919206191,0.006928465559153,0.0002363662074034,0.7013943353561114
255.0,70.0,0.0074007333051832,0.0002976946726965,0.0068899306192954,0.0002131080131913,0.6943251670458093
260.0,70.0,0.0082594301684285,0.0007681971128701,0.0068982154693775,0.0005930175861808,0.7301330084321995
265.0,70.0,0.0120799528935436,0.0041946109294725,0.0068978331817695,0.0009875087823016,0.8443210890175001
270.0,70.0,0.0099825418823256,0.0017070406890561,0.0069136648624279,0.0013618363308415,0.808047140568047
275.0,70.0,0.0092452078011082,0.00043182706664,0.0070754738983541,0.001737906836114,0.8728110214459877
280.0,70.0,0.0095666957431515,0.0003744940088632,0.0071102189134762,0.002081982820812,0.8979278844400341
285.0,70.0,0.0100496814155329,0.0005175983016577,0.007140869220613,0.002391213893262,0.7693895028730824
290.0,70.0,0.0108164170058282,0.0010047825147806,0.0071669684704112,0.0026446660206363,0.6771525266108993
295.0,70.0,0.0143131859227013,0.004285864619068,0.0071871050781486,0.0028402162254846,0.6352593057666355
300.0,70.0,0.0163958305416,0.0062161019053702,0.0072013009509413,0.0029784276852884,0.5862302892351582
305.0,70.0,0.012471307019201,0.0023398135307351,0.0070849375797053,0.0030465559087606,0.6563736175296525
310.0,70.0,0.0118805289190158,0.0017661740277509,0.0070684068835159,0.003045948007749,0.7483957218054108
315.0,70.0,0.0179100969457167,0.0078860040356183,0.0070617339190638,0.0029623589910345,0.8389928569353999
320.0,70.0,0.0149623503569166,0.0050889157685697,0.0070475634426715,0.0028258711456753,0.8070996529301383
325.0,70.0,0.0114623708538607,0.0018128167069107,0.0070277483152566,0.0026218058316933,0.716094309945057
330.0,70.0,0.0106032571764363,0.0012364004218785,0.0070015138351695,0.0023653429193883,0.6847479899514208
335.0,70.0,0.0107030858140721,0.0016724390764553,0.0069701302388079,0.0020605164988087,0.6584774811332612
340.0,70.0,0.0105063418722765,0.0018561070810907,0.006934893208573,0.0017153415826127,0.7514835391049669
345.0,70.0,0.0099033827961857,0.0016728876026625,0.006897443127999,0.0013330520655242,0.8693622445911688
350.0,70.0,0.0090252042376073,0.0011680608040708,0.0068966160489217,0.0009605273846148,0.6975401842029028
355.0,70.0,0.0082551130952793,0.0007701379403908,0.0069075518099007,0.0005774233449877,0.6799375673586581
360.0,70.0,0.007585842975382,0.0004677481434871,0.006917711537684,0.0002003832942108,0.6829070265770664
0.0,75.0,0.0094218253056372,0.0015657653811778,0.0076645993731025,0.0001914605513568,0.6918138860995566
5.0,75.0,0.0090495656622078,0.0011267499850561,0.0077069514781595,0.0002158641989921,0.6679882681665843
10.0,75.0,0.0083089895135356,0.0003241675084788,0.0077464173157151,0.0002384046893416,0.7151320376222459
15.0,75.0,0.0082580077942659,0.000229281428185,0.0077586616886409,0.0002700646774399,0.6985139666284199
20.0,75.0,0.0083104009464517,0.0002201589782397,0.0077596635431603,0.0003305784250516,0.769700678375409
25.0,75.0,0.0083804009051543,0.0002416767281563,0.0077789008226827,0.0003598233543152,0.7090775949600623
30.0,75.0,0.0084454390495514,0.0002879695875859,0.0077926160831556,0.0003648533788099,0.6874266456301285
35.0,75.0,0.0085413728747326,0.0003696751210747,0.0078004194816827,0.0003712782719751,0.6867131275820502
40.0,75.0,0.0085560535926809,0.0003900041806009,0.0078020182341569,0.000364031177923,0.7011529524143492
45.0,75.0,0.0087191176076823,0.0005533707807112,0.0077973985009455,0.0003683483260255,0.7636488754538417
50.0,75.0,0.0090938285222976,0.0009571149663756,0.0077866582904144,0.0003500552655075,0.8543292943253313
55.0,75.0,0.0087726779013006,0.0006581477764492,0.0077700925677324,0.0003444375571189,0.8161209892268917
60.0,75.0,0.0086329225204889,0.000541885295496,0.0077482440300566,0.0003427931949362,0.7984591248975754
65.0,75.0,0.0084854894142766,0.0004283318352198,0.0077221555968091,0.0003350019822476,0.761651948474338
70.0,75.0,0.0082658273943974,0.0002835908413726,0.0076915768349456,0.0002906597180791,0.7311544996045538
75.0,75.0,0.008134566774525,0.0002199905090329,0.0076584392445241,0.0002561370209679,0.7978388085038383
80.0,75.0,0.008267300404546,0.0002131253006139,0.0076426210368132,0.0004115540671188,0.8104672584136852
85.0,75.0,0.0085566355807629,0.0001899975355372,0.0076526948193978,0.0007139432258278,0.7505521613966274
90.0,75.0,0.0088664623760738,0.0002283022494552,0.0076528686340926,0.0009852914925258,0.8139565791344591
95.0,75.0,0.0096233472061212,0.0006355658624416,0.0077052643552194,0.0012825169884601,0.7712729009049228
100.0,75.0,0.0110522536995975,0.0017463984122907,0.0077360687140422,0.0015697865732646,0.6887501468091316
105.0,75.0,0.0180019403256263,0.0084351364343498,0.0077445273741818,0.0018222765170946,0.7273494833110046
110.0,75.0,0.0185230324442064,0.0087575359170177,0.0077680765324962,0.0019974199946924,0.608639424393804
115.0,75.0,0.0113943404117339,0.0014617547685113,0.0077874967684198,0.0021450888748028,0.7306145577070093
120.0,75.0,0.0106737930436154,0.0005973727026893,0.0078008794642753,0.0022755408766506,0.7030347792663215
125.0,75.0,0.0105650728401238,0.0004181366462745,0.0078078891884214,0.0023390470054278,0.7017858513054362
130.0,75.0,0.0104155628424552,0.0002566852178302,0.0078091867611548,0.0023496908634701,0.7247885523078108
135.0,75.0,0.0103275319308538,0.0002216505798927,0.0078047325743656,0.0023011487765955,0.8246911129651536
140.0,75.0,0.0103391418231416,0.0002995679422278,0.0077937498829745,0.0022458239979392,0.93487922524831
145.0,75.0,0.0105088468836931,0.0006223895541374,0.0077777446395541,0.0021087126900015,0.8690705786151904
150.0,75.0,0.0111319393557931,0.0014596791453386,0.0077550623971874,0.001917197813267,0.8248501475627789
155.0,75.0,0.0226281292356539,0.0132178615183632,0.0077293589573338,0.0016809087599567,0.9151441224028898
160.0,75.0,0.0132419005446761,0.0041277806435795,0.0076998856649205,0.0014142342361759,0.8731444457925521
165.0,75.0,0.0093524242441007,0.0005718767146439,0.0076677620097738,0.0011127855196828,0.7407923937661858
170.0,75.0,0.0087019812157469,0.0002488261298207,0.0076462566401097,0.0008068984458164,0.7003778640417964
175.0,75.0,0.0083567886297329,0.0001770547468057,0.0076557070822086,0.0005240268007185,0.6843679988016482
180.0,75.0,0.0080335464772632,0.0001304043451248,0.0076647083689504,0.0002384337631879,0.677128672762723
185.0,75.0,0.0080944415781294,0.0001156504329466,0.0077069545322552,0.0002718366129275,0.6754347147953533
190.0,75.0,0.008171207773975,0.0001159548181763,0.0077464145208242,0.0003088384349744,0.6729622407637585
195.0,75.0,0.0082308496867926,0.0001379717596218,0.0077588237637893,0.0003340541633814,0.6720225796167283
200.0,75.0,0.0082884911510679,0.0001746963972467,0.0077596528806546,0.0003541418731665,0.6781207377206737
205.0,75.0,0.0083120691115017,0.0001640064677179,0.0077792000227944,0.0003688626209893,0.6782676656489739
210.0,75.0,0.008310151797297,0.0001591624439894,0.0077926030829289,0.0003583862703786,0.6761257603771446
215.0,75.0,0.0083337262994341,0.0001687182005148,0.0078004540529064,0.0003645540460129,0.6822789837455041
220.0,75.0,0.0084116474311215,0.0002425133824485,0.0078020069221626,0.0003671271265103,0.6984664333362264
225.0,75.0,0.0085599805229329,0.000419793689252,0.0077973891931147,0.000342797640566,0.7492895383343263
230.0,75.0,0.0099279727598548,0.0018397096040364,0.0077866516574909,0.0003016114983273,0.826540307509187
235.0,75.0,0.008765809540583,0.0006976716941943,0.0077700875775137,0.000298050268875,0.8006590749523688
240.0,75.0,0.008393530352805,0.0003661126846577,0.0077486114545777,0.0002788062135695,0.7035666582732452
245.0,75.0,0.0082905367687961,0.0003044299027586,0.0077219657659658,0.0002641411000716,0.6920006931319718
250.0,75.0,0.008188184016053,0.0002520044804436,0.0076923597300441,0.0002438198055651,0.6975958039645995
255.0,75.0,0.0081681279996253,0.0002876119455715,0.0076584363860515,0.0002220796680021,0.6959940413482835
260.0,75.0,0.0083384407078384,0.0002951021070058,0.0076425039596501,0.0004008346411824,0.6875597033849906
265.0,75.0,0.0088296025937027,0.0004335761150857,0.0076526933045726,0.0007433331740444,0.6993858594214475
270.0,75.0,0.0092887884571517,0.000551296573827,0.0076528678465768,0.0010846240367478,0.731113341480713
275.0,75.0,0.0095385232704897,0.0004149853851825,0.0077052642957424,0.0014182735895647,0.8048807016610013
280.0,75.0,0.0097684125453381,0.0003066344883959,0.0077361332122518,0.0017256448446903,0.9673722285004556
285.0,75.0,0.0100724588256966,0.0003295673239166,0.0077446540186929,0.001998237483087,0.9516713052630454
290.0,75.0,0.0104281001995175,0.0004236146449176,0.0077691703973025,0.0022353151572973,0.7939459414154194
295.0,75.0,0.0109001181944018,0.0006970551015896,0.0077872659965197,0.0024157970962925,0.6942584752960628
300.0,75.0,0.012401907130983,0.0020541724549999,0.0078006483196945,0.0025470863562885,0.7004315697273531
305.0,75.0,0.01758832642716,0.0071624609781085,0.0078076079837876,0.0026182574652638,0.6158316824307781
310.0,75.0,0.0163988099057329,0.0059597202525619,0.0078091908414923,0.0026298988116786,0.6844654534085421
315.0,75.0,0.0129417739999252,0.0025534062506979,0.0078047756564808,0.0025835920927464,0.7443462571986634
320.0,75.0,0.0133308084523995,0.0030796084633707,0.0077937532351217,0.002457446753907,0.8711471050225786
325.0,75.0,0.0123140533016428,0.0022426533140466,0.0077777466812297,0.0022936533063664,0.792488514637125
330.0,75.0,0.0111221033415496,0.0012923510739376,0.0077550621836631,0.0020746900839488,0.7147276565626499
335.0,75.0,0.0103119940439176,0.0007649022718484,0.0077293551525704,0.0018177366194986,0.6843394317689429
340.0,75.0,0.010075467252344,0.0008535704232983,0.0076998772313169,0.0015220195977287,0.6716767414936267
345.0,75.0,0.0097908331716695,0.0009308318204968,0.0076677488418395,0.0011922525093331,0.7055246450970718
350.0,75.0,0.0112297292093027,0.0027300774239563,0.0076459594594423,0.0008536923259039,0.7016695844871212
355.0,75.0,0.0145740380977533,0.0063967165195288,0.0076556936905916,0.0005216278876328,0.6595141700428717
360.0,75.0,0.0094218253056372,0.0015657653811778,0.0076645993731025,0.0001914605513568,0.6918138860995564
0.0,80.0,0.0194529800867116,0.0108978695769718,0.0083624293823639,0.0001926811273758,0.6511958828662076
5.0,80.0,0.0117726870461265,0.0031641810411287,0.0083943862093964,0.0002141197956013,0.7174418371089544
10.0,80.0,0.0098865237844074,0.0012360595332558,0.0084167480279963,0.0002337162231553,0.6947387469863524
15.0,80.0,0.0091930287591743,0.0004652941813415,0.0084475499745001,0.0002801846033327,0.7827258715516201
20.0,80.0,0.0090260733358725,0.0002763931073773,0.0084533615730962,0.0002963186553989,0.7025580126319935
25.0,80.0,0.0090403634329029,0.0002676312190069,0.0084497786035747,0.0003229536103212,0.7035380479691524
30.0,80.0,0.0090901940732588,0.0002886473882244,0.0084624344398107,0.0003391122452237,0.6978966957639414
35.0,80.0,0.0091547099192548,0.0003388640964686,0.008470163535769,0.0003456822870171,0.6837676537333213
40.0,80.0,0.0091901847174599,0.0003696018108833,0.0084726829197574,0.0003478999868191,0.6893234832924728
45.0,80.0,0.0092681240574931,0.0004623280970586,0.0084699611795558,0.0003358347808786,0.7095667588043751
50.0,80.0,0.0100174416606351,0.0012270800140845,0.0084620516849261,0.0003283099616245,0.785172093332889
55.0,80.0,0.0129106684510742,0.0041352470615369,0.0084491114644931,0.0003263099250441,0.8115772629352466
60.0,80.0,0.0099026090227922,0.0011566236278773,0.0084316043116426,0.0003143810832722,0.7571412921749869
65.0,80.0,0.0093698173581185,0.0006457519834334,0.008409932290835,0.00031413308385,0.71067851092745
70.0,80.0,0.0091485918347856,0.0004533392063249,0.0083850054380598,0.0003102471904008,0.7058755072624014
75.0,80.0,0.0088894200817275,0.0002805595071683,0.008357627083722,0.0002512334908371,0.7036076538065177
80.0,80.0,0.0088294181895544,0.0002479832669843,0.0083308259660792,0.0002506089564908,0.7162870667689187
85.0,80.0,0.009073560665523,0.0002183811487907,0.008342451302872,0.0005127282138601,0.711689177318729
90.0,80.0,0.0093312468420157,0.0002139080156984,0.0083425003034694,0.0007748385228478,0.6989639238197476
95.0,80.0,0.0099424060388853,0.0005504352260124,0.0083722620273862,0.0010197087854865,0.7185449894057446
100.0,80.0,0.0115431063635192,0.001886053683728,0.0083988700135968,0.0012581826661943,0.6727767750580632
105.0,80.0,0.0158516663170351,0.005956307160833,0.0084222166472576,0.0014731425089445,0.5873781977019455
110.0,80.0,0.0280540145886561,0.0179459003728533,0.0084435707462115,0.0016645434695912,0.4800279866368371
115.0,80.0,0.0232580570751978,0.0130084627410827,0.0084597658174964,0.0017898285166186,0.5003209976199061
120.0,80.0,0.0118884660556148,0.0015083560173146,0.0084722694566758,0.0019078405816243,0.6610191662358256
125.0,80.0,0.0109065631867216,0.0004562388618958,0.0084789381868336,0.0019713861379921,0.676490389032504
130.0,80.0,0.0107471360927571,0.0002767549150363,0.0084815584239827,0.001988822753738,0.6897594174360628
135.0,80.0,0.0106642681421168,0.0002311579074125,0.008478969826345,0.0019541404083592,0.7305248592029857
140.0,80.0,0.0105836418761039,0.0002257665562221,0.0084705167328317,0.00188735858705,0.8619454480856373
145.0,80.0,0.010567993180719,0.000299038316802,0.0084573131231471,0.0018116417407698,0.9704800432164382
150.0,80.0,0.0107644385189579,0.0006800544902346,0.0084403841917185,0.0016439998370048,0.8952469760560938
155.0,80.0,0.0116043130696364,0.0017332935670437,0.0084195103281197,0.0014515091744729,0.836622376106148
160.0,80.0,0.0212699491395326,0.0115667456825738,0.0083951278376237,0.001308075619335,0.9100406730952602
165.0,80.0,0.0132308400664569,0.0038912062429452,0.0083550479882685,0.0009845858352432,0.8510668336675298
170.0,80.0,0.0096339071265542,0.0005933657553985,0.0083308371575242,0.0007097042136314,0.7389108489299268
175.0,80.0,0.0090729966637481,0.0002559918386211,0.0083472189129979,0.0004697859121289,0.7029093157590938
180.0,80.0,0.0087604327048284,0.0001720271201664,0.0083624652607975,0.0002259403238645,0.6875349769878276
185.0,80.0,0.0087703272512261,0.0001212204361089,0.008394492162711,0.000254614652406,0.67862194898642
190.0,80.0,0.0088238172138038,0.0001196831480358,0.0084167637812748,0.0002873702844931,0.6743177610179107
195.0,80.0,0.0088713740933824,0.0001142983525447,0.008447555099405,0.0003095206414326,0.6785574447117346
200.0,80.0,0.0089103334816052,0.0001301018779921,0.0084533090752118,0.0003269225284013,0.6784684044332405
205.0,80.0,0.0089191327963594,0.0001272510370243,0.0084497403939665,0.0003421413653684,0.6837599526384766
210.0,80.0,0.0089607098193721,0.0001385709575681,0.0084625506135856,0.0003595882482183,0.6882935209780647
215.0,80.0,0.0089851318721155,0.0001621498052276,0.0084702655283716,0.0003527165385162,0.6772730763827737
220.0,80.0,0.0089619298360381,0.0001516441297668,0.0084726729124717,0.0003376127937995,0.6854766435113355
225.0,80.0,0.0089709729913567,0.0001729739696914,0.0084699527853929,0.0003280462362723,0.7062502972486999
230.0,80.0,0.0089883015346749,0.0002340938957928,0.0084620457184666,0.0002921619204155,0.7343204414699381
235.0,80.0,0.0090465304227569,0.0003214317944711,0.0084491438619113,0.0002759547663743,0.8350949669292967
240.0,80.0,0.0089661010556272,0.0002594127061598,0.0084315633774141,0.0002751249720532,0.7718811624160538
245.0,80.0,0.0090597454664346,0.0003927068398819,0.0084100310050902,0.0002570076214624,0.7019888778089707
250.0,80.0,0.0089683222574608,0.0003395189509609,0.0083852270848965,0.0002435762216033,0.7066047453643143
255.0,80.0,0.0101401075672994,0.0015571040178399,0.0083574527978974,0.000225550751562,0.6794196115637058
260.0,80.0,0.0091256582565519,0.0005561604710416,0.0083310535952012,0.000238444190309,0.6851196949779886
265.0,80.0,0.0091874865984555,0.0003097020596537,0.0083424491206385,0.0005353354181633,0.6865830372119988
270.0,80.0,0.0094281288216845,0.0002543244200213,0.0083428238582557,0.0008309805434073,0.6833881335239891
275.0,80.0,0.0097592482906017,0.0002653399411506,0.0083716333681353,0.0011222749813157,0.6995013383860815
280.0,80.0,0.0100500838848347,0.0002608609764625,0.0083985591923085,0.0013906637160636,0.7624399369135364
285.0,80.0,0.0103142752670982,0.0002600526992719,0.0084231778094007,0.0016310447584256,0.8688608390986418
290.0,80.0,0.0105753409829774,0.0002900866990595,0.00844309191352,0.0018421623703978,0.8376939586487762
295.0,80.0,0.010818557901735,0.0003539099537049,0.0084599269243386,0.0020047210236914,0.723732205904519
300.0,80.0,0.0111412315991509,0.0005437940825104,0.0084724561382791,0.0021249813783612,0.6932585971742062
305.0,80.0,0.0119331016655895,0.0012582111690907,0.008479050618695,0.0021958398778037,0.7407892528400319
310.0,80.0,0.0133068084161589,0.0026076918201306,0.0084817880659278,0.0022173285301004,0.6816671858031225
315.0,80.0,0.0183963328737198,0.0077305093726158,0.008478974277138,0.0021868492239659,0.673359668359099
320.0,80.0,0.0174817421628746,0.0069058912562939,0.0084705209548535,0.0021053299517271,0.7231088349907382
325.0,80.0,0.0230211224104667,0.0125888595474362,0.0084573164018784,0.001974946461152,0.7961121752504244
330.0,80.0,0.0135937283209099,0.0033690395995307,0.0084403850853445,0.0017843036360346,0.7915459855799162
335.0,80.0,0.0112231499088226,0.0012372880533431,0.0084194396230526,0.0015664222324268,0.7229054490165807
340.0,80.0,0.0103765895796252,0.0006656497878262,0.0083951171379824,0.0013158226538164,0.696387853761623
345.0,80.0,0.0100175154243327,0.0006187926318821,0.0083549481718767,0.0010437746205738,0.6890957473251187
350.0,80.0,0.0099838933921235,0.0008980791188141,0.0083308060645161,0.0007550082087933,0.695076298829781
355.0,80.0,0.0133260695171712,0.0045051645260148,0.0083471813657915,0.0004737236253647,0.6800300237701553
360.0,80.0,0.0194529800867096,0.0108978695769698,0.0083624293823639,0.0001926811273758,0.6511958828662302
0.0,85.0,0.0106768889201527,0.0015459509599515,0.0089536364125649,0.0001773015476362,0.7599757313487393
5.0,85.0,0.0130593069098076,0.0038743681528001,0.0089897946165104,0.000195144140497,0.6920510614282216
10.0,85.0,0.0245664304274,0.0153228704438428,0.0090017771991367,0.0002417827844204,0.6570745345179556
15.0,85.0,0.0132082655126805,0.0039238804375896,0.0090275555241946,0.0002568295508962,0.668757304336469
20.0,85.0,0.0101088119407673,0.0007812037592287,0.0090501088991494,0.0002774992823891,0.6955692988462949
25.0,85.0,0.0097203788912624,0.0003804443357054,0.0090510022220526,0.0002889323335044,0.6944416736398658
30.0,85.0,0.009706080626483,0.0003641542122002,0.0090445544278858,0.000297371986397,0.698657501981446
35.0,85.0,0.0097902361922961,0.0004238740914842,0.0090518191626514,0.0003145429381604,0.7030071795067333
40.0,85.0,0.0098406618563918,0.00046378132223,0.0090549095376591,0.0003219709965027,0.698075167636184
45.0,85.0,0.0098564262214304,0.0004923025796916,0.0090536894669626,0.0003104341747761,0.7100638696832127
50.0,85.0,0.0099283424573038,0.0005648111591164,0.0090482288187552,0.0003153024794321,0.7271711266244021
55.0,85.0,0.010233740075021,0.0008987376191998,0.009038625650146,0.0002963768056751,0.8089600486532653
60.0,85.0,0.0121671188333317,0.0028447267238319,0.0090251134020922,0.0002972787074075,0.8678495262876589
65.0,85.0,0.0105683822293414,0.0012702091144677,0.0090081756447428,0.0002899974701307,0.7680424521615463
70.0,85.0,0.0097669833639403,0.000492101092105,0.0089883596441548,0.0002865226276804,0.708255415322256
75.0,85.0,0.0095791390029137,0.0003736660377751,0.0089662413357378,0.0002392316294008,0.695518111292418
80.0,85.0,0.0094774085685418,0.0003201776957209,0.0089422643836879,0.0002149664891329,0.694930119067687
85.0,85.0,0.0095686165274029,0.0002961888477227,0.0089328186031612,0.000339609076519,0.6973368479565816
90.0,85.0,0.0097789081372067,0.0002623369748648,0.0089450064778359,0.0005715646845058,0.6922264651922377
95.0,85.0,0.0100441458061322,0.0002906263420616,0.0089702463413182,0.0007832731227523,0.6832875960150503
100.0,85.0,0.0107614833268005,0.0007835220066793,0.0089923564234165,0.0009856048967046,0.6706209378552677
105.0,85.0,0.0140465089677733,0.0038660362509404,0.0090125277921369,0.001167944924696,0.6096492304707986
110.0,85.0,0.040765965584088,0.0304025765606839,0.0090302967064441,0.0013330923169599,0.3512049507516874
115.0,85.0,0.0221560418686285,0.0116242805906879,0.0090447814363013,0.0014869798416392,0.51088490393028
120.0,85.0,0.0142962959901578,0.0036989416895739,0.0090557873980279,0.0015415669025558,0.613143194659338
125.0,85.0,0.0118609825952814,0.001187926173262,0.0090628683026674,0.0016101881193518,0.6587096295517361
130.0,85.0,0.0111192442576874,0.0004214624257277,0.0090642586634804,0.0016335231684792,0.6742660056267451
135.0,85.0,0.0109373872468377,0.0002740615541735,0.0090631635383015,0.0016001621543626,0.6874243259439525
140.0,85.0,0.0108812375680704,0.0002733206549821,0.0090580151358544,0.0015499017772338,0.722664692489366
145.0,85.0,0.0109156242732839,0.0003841628645969,0.0090487502474564,0.0014827111612305,0.8105298633385343
150.0,85.0,0.0106937564993278,0.0002743509288865,0.0090358105258486,0.0013835950445926,0.9181846640650344
155.0,85.0,0.0107568774635215,0.0004348737071719,0.0090193972150817,0.0013026065412678,0.8656392679560556
160.0,85.0,0.0109859716622683,0.0008896710971041,0.0089858380136264,0.0011104625515378,0.783508045332976
165.0,85.0,0.0118165245800369,0.0020018770689039,0.008964313600451,0.000850333910682,0.7959148392099269
170.0,85.0,0.0108063445574786,0.0012448735246448,0.0089410593170292,0.0006204117158046,0.7767121673706805
175.0,85.0,0.0098462784978418,0.0004898842014041,0.0089408974044151,0.0004154968920224,0.7337341117287419
180.0,85.0,0.0094373922046652,0.0002681187826689,0.0089537107202087,0.0002155627017876,0.6979187415259395
185.0,85.0,0.0093918831231481,0.0001640277374218,0.0089898689528091,0.0002379864329172,0.690267671613431
190.0,85.0,0.0093994999189923,0.000129431568661,0.0090018358625544,0.0002682324877767,0.6811286733960887
195.0,85.0,0.0094345469106381,0.0001198168277081,0.0090275921042119,0.0002871379787179,0.676710780140046
200.0,85.0,0.0094643748191322,0.0001131199379268,0.0090503093652333,0.000300945515972,0.6800415634476842
205.0,85.0,0.0094903474344695,0.0001250302200938,0.0090510430200566,0.000314274194319,0.678565832721311
210.0,85.0,0.0095080272632052,0.0001292428056385,0.0090445508753825,0.000334233582184,0.6810969989263482
215.0,85.0,0.0095220537163142,0.0001464944162734,0.0090519226000682,0.0003236366999725,0.6949099573897735
220.0,85.0,0.0096826183143074,0.0003036183492554,0.0090550004016534,0.0003239995633986,0.6850957693513209
225.0,85.0,0.0095304804985689,0.000157183597397,0.0090536819658285,0.0003196149353433,0.6896319065908367
230.0,85.0,0.0094779910506042,0.0001549758118642,0.009048222367781,0.0002747928709589,0.6991412759087283
235.0,85.0,0.0094763448895009,0.0001681690950554,0.0090386107318716,0.0002695650625738,0.737652933530972
240.0,85.0,0.0094647154462384,0.0001758871919592,0.009025107339917,0.0002637209143621,0.8203523777953541
245.0,85.0,0.0094378572979583,0.0001771340979573,0.0090082462388213,0.0002524769611797,0.7680440212341291
250.0,85.0,0.0094550028236333,0.0002248272647187,0.0089884552639473,0.0002417202949672,0.7038027151290507
255.0,85.0,0.0096634353573338,0.0004693862468339,0.0089663284202404,0.0002277206902595,0.6900812272985051
260.0,85.0,0.0109102872191286,0.0017559758919238,0.008942343710274,0.0002119676169307,0.666614671417258
265.0,85.0,0.0098528509040889,0.0005585267439289,0.0089328194955028,0.0003615046646571,0.6987746184555081
270.0,85.0,0.0098019909180268,0.0002435814488834,0.008945096551406,0.0006133129177374,0.7031249610367212
275.0,85.0,0.010036742667055,0.0002085159083331,0.0089702946639839,0.0008579320947378,0.6829758777155819
280.0,85.0,0.0102935075014954,0.0002175689897588,0.0089925422416513,0.0010833962700852,0.684298332646152
285.0,85.0,0.010531298057475,0.0002318192003897,0.0090125279095118,0.0012869509475734,0.7046051815047203
290.0,85.0,0.0107525972493347,0.000259546808172,0.0090303378629962,0.0014627125781664,0.7323907429718671
295.0,85.0,0.010927825696711,0.0002722018172884,0.0090449159807366,0.0016107078986859,0.7263372389613767
300.0,85.0,0.0110924858226398,0.0003208947982295,0.0090559653483265,0.0017156256760837,0.6954948980942456
305.0,85.0,0.0116681628643082,0.0008219834603696,0.0090629465002193,0.0017832329037192,0.6803014577324329
310.0,85.0,0.0117756603800469,0.0009014589998827,0.0090644581043356,0.0018097432758285,0.6905812422251225
315.0,85.0,0.012130795197539,0.0012729992410968,0.009063168599711,0.0017946273567311,0.6848198358654812
320.0,85.0,0.0138036356417331,0.0030076999272273,0.0090580205244653,0.0017379151900404,0.7331009798680805
325.0,85.0,0.0215808906792477,0.0108955597554999,0.009048755392596,0.0016365755311517,0.7571113590607423
330.0,85.0,0.0250194401226989,0.014479032117885,0.0090357709945004,0.0015046370103134,0.8842364016478872
335.0,85.0,0.0153006369029241,0.0049707259381722,0.0090193977374817,0.0013105132272701,0.8565231324871274
340.0,85.0,0.0117585571805544,0.001657370967675,0.0089857751770657,0.0011154110358136,0.7509151920663023
345.0,85.0,0.0108049257784429,0.0009535008873632,0.0089642955814271,0.0008871293096526,0.7639480693473519
350.0,85.0,0.0103332193427243,0.0007492728894846,0.0089410232626491,0.0006429231905904,0.708624171200015
355.0,85.0,0.0101874246571098,0.000838808849881,0.0089408396733479,0.0004077761338809,0.7290586777285765
360.0,85.0,0.0106768889201526,0.0015459509599514,0.0089536364125649,0.0001773015476362,0.7599757313487332
0.0,90.0,0.0107003694334863,0.0010875980480303,0.0094413610454627,0.0001714103399933,0.7079943722631867
5.0,90.0,0.010772068110168,0.0011164552111136,0.009469805980293,0.0001858069187613,0.7448882136173751
10.0,90.0,0.0115162977682764,0.001798249671542,0.0094966343963695,0.0002214137003648,0.7050095028340013
15.0,90.0,0.0177397708261822,0.0079948738388706,0.0095022011672326,0.000242695820079,0.6483094950631841
20.0,90.0,0.0152582544495617,0.0054792986818927,0.0095202311446261,0.0002587246230428,0.656676375699804
25.0,90.0,0.0108887657549619,0.0010980416013269,0.0095225125542488,0.0002682115993861,0.6902811564228117
30.0,90.0,0.0103349082844665,0.0005404873607059,0.009519074162663,0.0002753467610976,0.6991106139788018
35.0,90.0,0.0103012520003827,0.0004958736824195,0.0095254537383142,0.0002799245796489,0.7029620054518234
40.0,90.0,0.0103931223834007,0.0005823321409762,0.0095286296440453,0.0002821605983792,0.7041652316432159
45.0,90.0,0.0104648280576962,0.0006451972429823,0.0095284795665685,0.0002911512481454,0.7166053758978779
50.0,90.0,0.0104586366945351,0.0006565347746722,0.0095250229511915,0.0002770789686714,0.7588371226265751
55.0,90.0,0.0105316692318063,0.0007426134957042,0.009518348548372,0.00027070718773,0.7876031610603381
60.0,90.0,0.0107044431187943,0.0009200456741207,0.0095086165242263,0.0002757809204472,0.7581489217791265
65.0,90.0,0.0114931774902137,0.0017304621082173,0.0094961906289674,0.0002665247530289,0.8368405321818376
70.0,90.0,0.0106701090680108,0.0009265664148101,0.0094812203187745,0.0002623223344262,0.8116591409957404
75.0,90.0,0.0103906017253088,0.0006621532206983,0.0094644777880847,0.0002639707165257,0.7254912566680968
80.0,90.0,0.0101745597422425,0.0005165483648336,0.0094461366710354,0.0002118747063733,0.6999747165366605
85.0,90.0,0.0101603884032502,0.0005107895866039,0.0094295904673562,0.0002200083492899,0.6928832019499775
90.0,90.0,0.0103419651607873,0.0004978992483959,0.009443023909455,0.0004010420029364,0.6914725601749725
95.0,90.0,0.0105948884220767,0.0005355960184303,0.0094615448843516,0.0005977475192947,0.6897476304804686
100.0,90.0,0.0106963631466294,0.0004741832449694,0.0094791073160198,0.0007430725856402,0.6884232347802901
105.0,90.0,0.0112109019752947,0.0008278210649002,0.0094951872440041,0.0008878936663904,0.6721857198689062
110.0,90.0,0.0127244332100613,0.0022012491050979,0.0095093075251975,0.0010138765797658,0.6403562576573515
115.0,90.0,0.0248846108439273,0.0142353999714991,0.0095211539656886,0.0011280569067395,0.4771529830027483
120.0,90.0,0.0225867975616682,0.0118508664108624,0.0095303514929597,0.0012055796578459,0.5069274741881948
125.0,90.0,0.0127983148060676,0.0020047807909959,0.0095366701994092,0.0012568638156624,0.6528759598808537
130.0,90.0,0.0115272700630678,0.0007125080803091,0.0095398956674088,0.0012748663153497,0.6777414746831582
135.0,90.0,0.0111724788956513,0.000361302030509,0.0095398120347271,0.0012713648304151,0.6793641229538352
140.0,90.0,0.0110255108994828,0.0002606349177605,0.0095365545385977,0.0012283214431245,0.6865733224992585
145.0,90.0,0.0110024099556187,0.000239416153536,0.0095302485067736,0.001232745295309,0.7095778469270035
150.0,90.0,0.0110452828674245,0.0003665934920297,0.009505828193133,0.0011728611822617,0.776809024560261
155.0,90.0,0.0110275603057035,0.0004927621015399,0.0094937258929777,0.0010410723111858,0.8634407255532143
160.0,90.0,0.0107400236831036,0.0003642099024151,0.0094794451108367,0.0008963686698517,0.8521576059953336
165.0,90.0,0.0106407616755194,0.000437461160464,0.0094629542595072,0.0007403462555481,0.7681528204486612
170.0,90.0,0.0105629885076644,0.0005908658739474,0.0094453264778408,0.0005267961558761,0.7426782926257083
175.0,90.0,0.0105059951313065,0.0007127157394888,0.0094309027159348,0.0003623766758828,0.7320896967515989
180.0,90.0,0.0102092419508658,0.0005596764629708,0.0094414911953592,0.0002080742925358,0.7387894132653672
185.0,90.0,0.0099530520738188,0.0002573092477755,0.0094699192070483,0.0002258236189949,0.7134343364184008
190.0,90.0,0.0099086607356594,0.0001733323266615,0.0094967621640545,0.0002385662449433,0.6968846221356066
195.0,90.0,0.0099004612777852,0.0001355875853138,0.0095023073146798,0.0002625663777914,0.68659354491091
200.0,90.0,0.0099110714480544,0.0001153879586278,0.0095203804942173,0.0002753029952092,0.6808928051018523
205.0,90.0,0.0099489373207093,0.0001410611118852,0.0095225482178704,0.0002853279909536,0.6812301278295022
210.0,90.0,0.0099495560272239,0.0001279330098868,0.0095190878184763,0.0003025351988607,0.6799856075002163
215.0,90.0,0.0100374033560553,0.000217207648288,0.0095255629151295,0.0002946327926377,0.6798291886251153
220.0,90.0,0.0100033221951332,0.0001813538764577,0.0095286254949265,0.0002933428237489,0.6837318253702854
225.0,90.0,0.0100172439795643,0.0001952472166561,0.0095284736971703,0.0002935230657379,0.6941336438572409
230.0,90.0,0.0099875623684558,0.0001852841417072,0.0095250164144257,0.0002772618123228,0.6959261157096335
235.0,90.0,0.0099609343708677,0.0001706987134053,0.0095183415725812,0.0002718940848811,0.6981666593939331
240.0,90.0,0.0099601168742913,0.0001853008911231,0.0095085985239299,0.0002662174592382,0.7397889949493399
245.0,90.0,0.0099296911524515,0.0001778085767578,0.009496114201198,0.0002557683744956,0.8287655210842482
250.0,90.0,0.0098954781773691,0.0001679762105785,0.0094813576344219,0.0002461443323686,0.8050653264611399
255.0,90.0,0.0099260088837202,0.0002280639524558,0.0094645834603154,0.0002333614709488,0.7198462366112768
260.0,90.0,0.0102056316470711,0.0005406435593382,0.0094462063835231,0.0002187817042096,0.6889305566049976
265.0,90.0,0.0102473598572254,0.0005845364496204,0.0094296222761302,0.0002332011314747,0.6952265634998845
270.0,90.0,0.0111786258482392,0.0013060216333198,0.0094430464016092,0.0004295578133101,0.6909041553777975
275.0,90.0,0.0103338257693184,0.0002429734493923,0.0094616599641616,0.0006291923557643,0.6998933414427766
280.0,90.0,0.010495707675313,0.0002054764101701,0.0094790929819566,0.0008111382831862,0.689971840863334
285.0,90.0,0.0106738152617405,0.0002051065361024,0.0094951374558558,0.0009735712697822,0.6817294853538693
290.0,90.0,0.0108423767595533,0.000218165641692,0.009509475239268,0.0011147358785931,0.685329456504296
295.0,90.0,0.0110433766107735,0.0002821019597413,0.0095212375063572,0.0012400371446749,0.695811018754305
300.0,90.0,0.0111398864390762,0.0002809258453899,0.0095305127780155,0.0013284478156707,0.6936728744147067
305.0,90.0,0.0112106439563469,0.0002859578205669,0.009536845914946,0.0013878402208339,0.6897574259859147
310.0,90.0,0.0118120972455628,0.0008564729645676,0.0095401099847811,0.001415514296214,0.6826482456714134
315.0,90.0,0.0116465389098987,0.0006985191812187,0.0095398170989776,0.0014082026297023,0.7068835506695633
320.0,90.0,0.0117126152858928,0.0008052921775996,0.0095365443686544,0.0013707787396387,0.6848768639416942
325.0,90.0,0.0123269916223493,0.0015026394794283,0.0095304168631821,0.0012939352797388,0.7069460318477931
330.0,90.0,0.0154958011824701,0.0047928118969943,0.0095058048878291,0.0011971843976467,0.7750838024128732
335.0,90.0,0.0202210429859434,0.0096635968072157,0.0094937757995126,0.0010636703792151,0.9191013264653256
340.0,90.0,0.0181128976097144,0.0077171093766443,0.0094793196406434,0.0009164685924266,0.9066458440347632
345.0,90.0,0.0148721715064688,0.0046901161762381,0.0094629566357354,0.0007190986944953,0.7573218912051628
350.0,90.0,0.0121290825244064,0.002145344652538,0.0094452604318557,0.0005384774400126,0.7487998322030731
355.0,90.0,0.0112549751521594,0.0014745479046356,0.0094308565116685,0.0003495707358552,0.717696690958705
360.0,90.0,0.0107003694334863,0.0010875980480303,0.0094413610454627,0.0001714103399933,0.707994372263186
