record_id,yaw_true,pitch_true,yaw_pred,pitch_pred,yaw_err
yaw000_pitch-090,0,-90,337.512,-86.316,22.488
yaw000_pitch-085,0,-85,340.928,-87.756,19.072
yaw000_pitch-080,0,-80,339.574,-83.872,20.426
yaw000_pitch-075,0,-75,339.220,-83.384,20.780
yaw000_pitch-070,0,-70,340.919,-79.430,19.081
yaw000_pitch-065,0,-65,337.576,-76.349,22.424
yaw000_pitch-060,0,-60,336.741,-73.388,23.259
yaw000_pitch-055,0,-55,335.015,-70.730,24.985
yaw000_pitch-050,0,-50,332.640,-60.697,27.360
yaw000_pitch-045,0,-45,330.387,-50.999,29.613
yaw000_pitch-040,0,-40,326.566,-46.853,33.434
yaw000_pitch-035,0,-35,324.224,-40.772,35.776
yaw000_pitch-030,0,-30,326.656,-30.446,33.344
yaw000_pitch-025,0,-25,329.220,-15.575,30.780
yaw000_pitch-020,0,-20,334.183,1.918,25.817
yaw000_pitch-015,0,-15,333.529,13.527,26.471
yaw000_pitch-010,0,-10,349.920,18.340,10.080
yaw000_pitch-005,0,-5,347.782,22.228,12.218
yaw000_pitch+000,0,0,353.294,23.091,6.706
yaw000_pitch+005,0,5,348.955,26.903,11.045
yaw000_pitch+010,0,10,343.686,32.191,16.314
yaw000_pitch+015,0,15,343.458,33.793,16.542
yaw000_pitch+020,0,20,338.301,34.016,21.699
yaw000_pitch+025,0,25,338.288,41.043,21.712
yaw000_pitch+030,0,30,332.406,48.562,27.594
yaw000_pitch+035,0,35,335.764,59.167,24.236
yaw000_pitch+040,0,40,342.240,59.966,17.760
yaw000_pitch+045,0,45,348.392,61.811,11.608
yaw000_pitch+050,0,50,355.881,64.084,4.119
yaw000_pitch+055,0,55,2.809,67.218,2.809
yaw000_pitch+060,0,60,7.872,70.159,7.872
yaw000_pitch+065,0,65,11.864,72.051,11.864
yaw000_pitch+070,0,70,13.650,75.875,13.650
yaw000_pitch+075,0,75,15.774,78.735,15.774
yaw000_pitch+080,0,80,13.053,84.593,13.053
yaw000_pitch+085,0,85,13.879,90.000,13.879
yaw000_pitch+090,0,90,11.078,90.000,11.078
yaw005_pitch-090,5,-90,344.841,-90.000,20.159
yaw005_pitch-085,5,-85,342.443,-90.000,22.557
yaw005_pitch-080,5,-80,342.559,-82.349,22.441
yaw005_pitch-075,5,-75,342.394,-80.313,22.606
yaw005_pitch-070,5,-70,342.222,-83.204,22.778
yaw005_pitch-065,5,-65,340.615,-70.144,24.385
yaw005_pitch-060,5,-60,339.460,-69.530,25.540
yaw005_pitch-055,5,-55,337.941,-66.712,27.059
yaw005_pitch-050,5,-50,336.607,-63.129,28.393
yaw005_pitch-045,5,-45,333.074,-55.961,31.926
yaw005_pitch-040,5,-40,330.378,-46.142,34.622
yaw005_pitch-035,5,-35,326.395,-41.447,38.605
yaw005_pitch-030,5,-30,326.974,-37.028,38.026
yaw005_pitch-025,5,-25,329.127,-22.122,35.873
yaw005_pitch-020,5,-20,337.934,-2.052,27.066
yaw005_pitch-015,5,-15,346.084,11.179,18.916
yaw005_pitch-010,5,-10,355.733,16.517,9.267
yaw005_pitch-005,5,-5,357.670,20.565,7.330
yaw005_pitch+000,5,0,357.894,23.876,7.106
yaw005_pitch+005,5,5,356.405,24.591,8.595
yaw005_pitch+010,5,10,349.653,31.479,15.347
yaw005_pitch+015,5,15,346.101,30.866,18.899
yaw005_pitch+020,5,20,343.684,33.652,21.316
yaw005_pitch+025,5,25,341.001,40.432,23.999
yaw005_pitch+030,5,30,332.764,48.749,32.236
yaw005_pitch+035,5,35,336.345,58.078,28.655
yaw005_pitch+040,5,40,343.622,63.255,21.378
yaw005_pitch+045,5,45,356.012,63.451,8.988
yaw005_pitch+050,5,50,6.715,65.463,1.715
yaw005_pitch+055,5,55,11.423,68.389,6.423
yaw005_pitch+060,5,60,20.484,70.393,15.484
yaw005_pitch+065,5,65,21.595,72.440,16.595
yaw005_pitch+070,5,70,20.285,74.585,15.285
yaw005_pitch+075,5,75,19.800,78.375,14.800
yaw005_pitch+080,5,80,20.858,86.469,15.858
yaw005_pitch+085,5,85,19.835,88.950,14.835
yaw005_pitch+090,5,90,15.829,90.000,10.829
yaw010_pitch-090,10,-90,348.027,-85.830,21.973
yaw010_pitch-085,10,-85,346.687,-83.362,23.313
yaw010_pitch-080,10,-80,344.979,-81.982,25.021
yaw010_pitch-075,10,-75,345.066,-74.579,24.934
yaw010_pitch-070,10,-70,346.622,-70.114,23.378
yaw010_pitch-065,10,-65,344.878,-72.057,25.122
yaw010_pitch-060,10,-60,340.687,-66.811,29.313
yaw010_pitch-055,10,-55,339.768,-61.578,30.232
yaw010_pitch-050,10,-50,337.084,-59.920,32.916
yaw010_pitch-045,10,-45,335.895,-57.606,34.105
yaw010_pitch-040,10,-40,332.482,-49.628,37.518
yaw010_pitch-035,10,-35,331.035,-44.372,38.965
yaw010_pitch-030,10,-30,329.916,-39.390,40.084
yaw010_pitch-025,10,-25,332.124,-28.301,37.876
yaw010_pitch-020,10,-20,340.111,-10.444,29.889
yaw010_pitch-015,10,-15,348.891,14.529,21.109
yaw010_pitch-010,10,-10,2.503,16.074,7.497
yaw010_pitch-005,10,-5,5.150,19.749,4.850
yaw010_pitch+000,10,0,5.371,20.418,4.629
yaw010_pitch+005,10,5,2.782,23.357,7.218
yaw010_pitch+010,10,10,356.999,30.621,13.001
yaw010_pitch+015,10,15,351.934,31.587,18.066
yaw010_pitch+020,10,20,350.107,38.536,19.893
yaw010_pitch+025,10,25,346.687,43.277,23.313
yaw010_pitch+030,10,30,341.950,53.112,28.050
yaw010_pitch+035,10,35,345.291,60.557,24.709
yaw010_pitch+040,10,40,354.283,63.293,15.717
yaw010_pitch+045,10,45,3.549,65.922,6.451
yaw010_pitch+050,10,50,14.421,64.892,4.421
yaw010_pitch+055,10,55,19.866,69.361,9.866
yaw010_pitch+060,10,60,26.090,71.355,16.090
yaw010_pitch+065,10,65,28.229,71.429,18.229
yaw010_pitch+070,10,70,29.693,75.769,19.693
yaw010_pitch+075,10,75,27.602,78.417,17.602
yaw010_pitch+080,10,80,25.213,83.402,15.213
yaw010_pitch+085,10,85,25.390,88.685,15.390
yaw010_pitch+090,10,90,22.495,90.000,12.495
yaw015_pitch-090,15,-90,352.517,-90.000,22.483
yaw015_pitch-085,15,-85,348.560,-89.106,26.440
yaw015_pitch-080,15,-80,344.537,-81.928,30.463
yaw015_pitch-075,15,-75,347.824,-77.044,27.176
yaw015_pitch-070,15,-70,346.701,-70.291,28.299
yaw015_pitch-065,15,-65,344.415,-63.342,30.585
yaw015_pitch-060,15,-60,342.532,-65.860,32.468
yaw015_pitch-055,15,-55,339.880,-60.729,35.120
yaw015_pitch-050,15,-50,339.773,-56.243,35.227
yaw015_pitch-045,15,-45,339.224,-55.942,35.776
yaw015_pitch-040,15,-40,337.416,-55.316,37.584
yaw015_pitch-035,15,-35,335.550,-48.639,39.450
yaw015_pitch-030,15,-30,332.690,-43.835,42.310
yaw015_pitch-025,15,-25,334.945,-32.674,40.055
yaw015_pitch-020,15,-20,340.949,-9.531,34.051
yaw015_pitch-015,15,-15,355.777,12.093,19.223
yaw015_pitch-010,15,-10,6.387,16.902,8.613
yaw015_pitch-005,15,-5,8.944,23.004,6.056
yaw015_pitch+000,15,0,12.194,19.441,2.806
yaw015_pitch+005,15,5,10.212,24.183,4.788
yaw015_pitch+010,15,10,6.868,26.789,8.132
yaw015_pitch+015,15,15,4.799,32.176,10.201
yaw015_pitch+020,15,20,0.459,40.092,14.541
yaw015_pitch+025,15,25,1.615,46.356,13.385
yaw015_pitch+030,15,30,4.230,49.284,10.770
yaw015_pitch+035,15,35,8.021,60.666,6.979
yaw015_pitch+040,15,40,13.064,62.444,1.936
yaw015_pitch+045,15,45,17.943,66.063,2.943
yaw015_pitch+050,15,50,27.240,65.454,12.240
yaw015_pitch+055,15,55,29.469,70.709,14.469
yaw015_pitch+060,15,60,32.500,72.484,17.500
yaw015_pitch+065,15,65,33.913,73.039,18.913
yaw015_pitch+070,15,70,32.967,75.313,17.967
yaw015_pitch+075,15,75,32.564,81.064,17.564
yaw015_pitch+080,15,80,31.618,82.745,16.618
yaw015_pitch+085,15,85,29.469,87.741,14.469
yaw015_pitch+090,15,90,28.124,90.000,13.124
yaw020_pitch-090,20,-90,354.795,-89.754,25.205
yaw020_pitch-085,20,-85,356.470,-86.852,23.530
yaw020_pitch-080,20,-80,355.538,-80.465,24.462
yaw020_pitch-075,20,-75,355.826,-78.970,24.174
yaw020_pitch-070,20,-70,353.589,-73.179,26.411
yaw020_pitch-065,20,-65,354.896,-76.071,25.104
yaw020_pitch-060,20,-60,347.123,-67.650,32.877
yaw020_pitch-055,20,-55,343.012,-60.957,36.988
yaw020_pitch-050,20,-50,339.721,-54.303,40.279
yaw020_pitch-045,20,-45,339.063,-55.059,40.937
yaw020_pitch-040,20,-40,340.937,-49.806,39.063
yaw020_pitch-035,20,-35,340.240,-47.018,39.760
yaw020_pitch-030,20,-30,339.139,-34.251,40.861
yaw020_pitch-025,20,-25,340.824,-32.549,39.176
yaw020_pitch-020,20,-20,350.690,-11.138,29.310
yaw020_pitch-015,20,-15,7.167,2.724,12.833
yaw020_pitch-010,20,-10,14.718,20.504,5.282
yaw020_pitch-005,20,-5,19.150,22.578,0.850
yaw020_pitch+000,20,0,19.369,23.075,0.631
yaw020_pitch+005,20,5,19.551,22.486,0.449
yaw020_pitch+010,20,10,21.813,29.058,1.813
yaw020_pitch+015,20,15,19.244,40.980,0.756
yaw020_pitch+020,20,20,15.027,45.132,4.973
yaw020_pitch+025,20,25,18.085,48.361,1.915
yaw020_pitch+030,20,30,21.646,51.336,1.646
yaw020_pitch+035,20,35,24.416,60.452,4.416
yaw020_pitch+040,20,40,25.593,62.722,5.593
yaw020_pitch+045,20,45,27.975,65.347,7.975
yaw020_pitch+050,20,50,31.546,68.312,11.546
yaw020_pitch+055,20,55,33.953,68.983,13.953
yaw020_pitch+060,20,60,35.974,71.786,15.974
yaw020_pitch+065,20,65,37.331,71.684,17.331
yaw020_pitch+070,20,70,35.937,77.373,15.937
yaw020_pitch+075,20,75,36.069,81.488,16.069
yaw020_pitch+080,20,80,34.379,82.183,14.379
yaw020_pitch+085,20,85,34.490,88.981,14.490
yaw020_pitch+090,20,90,31.059,90.000,11.059
yaw025_pitch-090,25,-90,5.629,-89.513,19.371
yaw025_pitch-085,25,-85,6.781,-83.658,18.219
yaw025_pitch-080,25,-80,3.269,-79.102,21.731
yaw025_pitch-075,25,-75,2.414,-75.042,22.586
yaw025_pitch-070,25,-70,1.356,-73.594,23.644
yaw025_pitch-065,25,-65,354.860,-62.849,30.140
yaw025_pitch-060,25,-60,353.156,-65.831,31.844
yaw025_pitch-055,25,-55,345.370,-61.925,39.630
yaw025_pitch-050,25,-50,343.048,-56.696,41.952
yaw025_pitch-045,25,-45,345.798,-49.432,39.202
yaw025_pitch-040,25,-40,345.264,-42.046,39.736
yaw025_pitch-035,25,-35,345.847,-41.935,39.153
yaw025_pitch-030,25,-30,349.129,-26.351,35.871
yaw025_pitch-025,25,-25,350.642,-19.030,34.358
yaw025_pitch-020,25,-20,358.860,-10.631,26.140
yaw025_pitch-015,25,-15,13.481,-1.299,11.519
yaw025_pitch-010,25,-10,21.033,15.689,3.967
yaw025_pitch-005,25,-5,26.061,21.233,1.061
yaw025_pitch+000,25,0,28.766,26.228,3.766
yaw025_pitch+005,25,5,29.073,23.792,4.073
yaw025_pitch+010,25,10,31.179,28.839,6.179
yaw025_pitch+015,25,15,32.056,40.744,7.056
yaw025_pitch+020,25,20,30.715,44.707,5.715
yaw025_pitch+025,25,25,28.810,47.854,3.810
yaw025_pitch+030,25,30,28.556,50.208,3.556
yaw025_pitch+035,25,35,29.767,59.054,4.767
yaw025_pitch+040,25,40,32.778,61.591,7.778
yaw025_pitch+045,25,45,33.789,65.995,8.789
yaw025_pitch+050,25,50,35.996,67.840,10.996
yaw025_pitch+055,25,55,37.213,68.315,12.213
yaw025_pitch+060,25,60,38.747,70.310,13.747
yaw025_pitch+065,25,65,39.523,73.990,14.523
yaw025_pitch+070,25,70,40.021,77.844,15.021
yaw025_pitch+075,25,75,39.674,81.491,14.674
yaw025_pitch+080,25,80,40.370,86.728,15.370
yaw025_pitch+085,25,85,39.486,90.000,14.486
yaw025_pitch+090,25,90,37.257,90.000,12.257
yaw030_pitch-090,30,-90,11.704,-90.000,18.296
yaw030_pitch-085,30,-85,12.364,-84.929,17.636
yaw030_pitch-080,30,-80,10.768,-79.844,19.232
yaw030_pitch-075,30,-75,10.354,-74.749,19.646
yaw030_pitch-070,30,-70,8.868,-72.841,21.132
yaw030_pitch-065,30,-65,7.305,-69.243,22.695
yaw030_pitch-060,30,-60,0.630,-66.241,29.370
yaw030_pitch-055,30,-55,355.638,-60.336,34.362
yaw030_pitch-050,30,-50,352.617,-53.196,37.383
yaw030_pitch-045,30,-45,350.118,-47.259,39.882
yaw030_pitch-040,30,-40,354.917,-41.978,35.083
yaw030_pitch-035,30,-35,0.419,-37.750,29.581
yaw030_pitch-030,30,-30,4.618,-23.840,25.382
yaw030_pitch-025,30,-25,8.774,-19.560,21.226
yaw030_pitch-020,30,-20,17.143,-10.175,12.857
yaw030_pitch-015,30,-15,20.126,1.924,9.874
yaw030_pitch-010,30,-10,25.784,13.284,4.216
yaw030_pitch-005,30,-5,30.224,20.354,0.224
yaw030_pitch+000,30,0,33.048,25.047,3.048
yaw030_pitch+005,30,5,33.842,25.058,3.842
yaw030_pitch+010,30,10,35.864,30.986,5.864
yaw030_pitch+015,30,15,35.220,36.975,5.220
yaw030_pitch+020,30,20,34.374,43.912,4.374
yaw030_pitch+025,30,25,34.619,46.328,4.619
yaw030_pitch+030,30,30,35.891,48.211,5.891
yaw030_pitch+035,30,35,37.339,56.790,7.339
yaw030_pitch+040,30,40,39.670,58.676,9.670
yaw030_pitch+045,30,45,40.719,64.144,10.719
yaw030_pitch+050,30,50,42.405,64.643,12.405
yaw030_pitch+055,30,55,44.122,67.128,14.122
yaw030_pitch+060,30,60,45.070,69.651,15.070
yaw030_pitch+065,30,65,45.622,71.616,15.622
yaw030_pitch+070,30,70,45.130,75.502,15.130
yaw030_pitch+075,30,75,44.200,83.801,14.200
yaw030_pitch+080,30,80,44.903,88.804,14.903
yaw030_pitch+085,30,85,44.489,90.000,14.489
yaw030_pitch+090,30,90,44.346,90.000,14.346
yaw035_pitch-090,35,-90,17.020,-87.671,17.980
yaw035_pitch-085,35,-85,18.078,-84.902,16.922
yaw035_pitch-080,35,-80,15.879,-79.740,19.121
yaw035_pitch-075,35,-75,13.914,-77.352,21.086
yaw035_pitch-070,35,-70,14.111,-71.092,20.889
yaw035_pitch-065,35,-65,12.742,-71.698,22.258
yaw035_pitch-060,35,-60,10.097,-62.765,24.903
yaw035_pitch-055,35,-55,6.304,-58.899,28.696
yaw035_pitch-050,35,-50,10.524,-55.280,24.476
yaw035_pitch-045,35,-45,10.895,-50.246,24.105
yaw035_pitch-040,35,-40,11.689,-38.595,23.311
yaw035_pitch-035,35,-35,13.911,-28.214,21.089
yaw035_pitch-030,35,-30,20.045,-16.992,14.955
yaw035_pitch-025,35,-25,24.857,-7.100,10.143
yaw035_pitch-020,35,-20,28.833,1.576,6.167
yaw035_pitch-015,35,-15,29.649,2.781,5.351
yaw035_pitch-010,35,-10,31.437,13.323,3.563
yaw035_pitch-005,35,-5,32.790,19.504,2.210
yaw035_pitch+000,35,0,35.881,22.679,0.881
yaw035_pitch+005,35,5,38.252,25.471,3.252
yaw035_pitch+010,35,10,39.977,30.940,4.977
yaw035_pitch+015,35,15,40.047,38.121,5.047
yaw035_pitch+020,35,20,40.576,46.179,5.576
yaw035_pitch+025,35,25,42.744,46.941,7.744
yaw035_pitch+030,35,30,44.860,48.202,9.860
yaw035_pitch+035,35,35,48.148,56.820,13.148
yaw035_pitch+040,35,40,48.971,57.015,13.971
yaw035_pitch+045,35,45,48.491,62.390,13.491
yaw035_pitch+050,35,50,47.092,62.348,12.092
yaw035_pitch+055,35,55,48.344,67.136,13.344
yaw035_pitch+060,35,60,48.410,70.844,13.410
yaw035_pitch+065,35,65,50.759,71.885,15.759
yaw035_pitch+070,35,70,49.598,80.822,14.598
yaw035_pitch+075,35,75,49.189,86.491,14.189
yaw035_pitch+080,35,80,49.719,90.000,14.719
yaw035_pitch+085,35,85,50.309,90.000,15.309
yaw035_pitch+090,35,90,50.336,90.000,15.336
yaw040_pitch-090,40,-90,22.143,-89.006,17.857
yaw040_pitch-085,40,-85,23.567,-86.133,16.433
yaw040_pitch-080,40,-80,23.667,-81.644,16.333
yaw040_pitch-075,40,-75,23.231,-78.846,16.769
yaw040_pitch-070,40,-70,23.429,-72.837,16.571
yaw040_pitch-065,40,-65,22.511,-58.658,17.489
yaw040_pitch-060,40,-60,24.887,-62.769,15.113
yaw040_pitch-055,40,-55,24.149,-57.914,15.851
yaw040_pitch-050,40,-50,23.325,-54.687,16.675
yaw040_pitch-045,40,-45,23.594,-47.641,16.406
yaw040_pitch-040,40,-40,26.232,-38.736,13.768
yaw040_pitch-035,40,-35,26.058,-27.765,13.942
yaw040_pitch-030,40,-30,29.092,-15.124,10.908
yaw040_pitch-025,40,-25,33.242,-1.949,6.758
yaw040_pitch-020,40,-20,35.301,9.712,4.699
yaw040_pitch-015,40,-15,38.763,12.591,1.237
yaw040_pitch-010,40,-10,39.691,16.227,0.309
yaw040_pitch-005,40,-5,40.800,19.354,0.800
yaw040_pitch+000,40,0,42.847,23.063,2.847
yaw040_pitch+005,40,5,44.649,29.461,4.649
yaw040_pitch+010,40,10,45.603,37.138,5.603
yaw040_pitch+015,40,15,46.488,42.183,6.488
yaw040_pitch+020,40,20,48.190,48.222,8.190
yaw040_pitch+025,40,25,49.080,51.186,9.080
yaw040_pitch+030,40,30,48.262,53.700,8.262
yaw040_pitch+035,40,35,47.856,60.730,7.856
yaw040_pitch+040,40,40,47.526,66.725,7.526
yaw040_pitch+045,40,45,46.601,68.743,6.601
yaw040_pitch+050,40,50,46.522,73.782,6.522
yaw040_pitch+055,40,55,46.735,77.700,6.735
yaw040_pitch+060,40,60,46.982,79.083,6.982
yaw040_pitch+065,40,65,47.705,82.336,7.705
yaw040_pitch+070,40,70,47.752,88.103,7.752
yaw040_pitch+075,40,75,48.826,90.000,8.826
yaw040_pitch+080,40,80,50.869,90.000,10.869
yaw040_pitch+085,40,85,51.907,90.000,11.907
yaw040_pitch+090,40,90,52.425,90.000,12.425
yaw045_pitch-090,45,-90,31.312,-88.175,13.688
yaw045_pitch-085,45,-85,31.275,-83.113,13.725
yaw045_pitch-080,45,-80,31.674,-81.706,13.326
yaw045_pitch-075,45,-75,30.586,-76.903,14.414
yaw045_pitch-070,45,-70,31.206,-73.263,13.794
yaw045_pitch-065,45,-65,31.164,-67.836,13.836
yaw045_pitch-060,45,-60,31.629,-61.561,13.371
yaw045_pitch-055,45,-55,32.064,-55.970,12.936
yaw045_pitch-050,45,-50,32.610,-48.171,12.390
yaw045_pitch-045,45,-45,32.958,-41.939,12.042
yaw045_pitch-040,45,-40,35.287,-33.996,9.713
yaw045_pitch-035,45,-35,37.714,-25.309,7.286
yaw045_pitch-030,45,-30,40.241,-10.833,4.759
yaw045_pitch-025,45,-25,43.038,2.936,1.962
yaw045_pitch-020,45,-20,45.772,12.881,0.772
yaw045_pitch-015,45,-15,48.309,17.806,3.309
yaw045_pitch-010,45,-10,50.303,21.759,5.303
yaw045_pitch-005,45,-5,50.426,26.325,5.426
yaw045_pitch+000,45,0,51.140,31.529,6.140
yaw045_pitch+005,45,5,52.693,38.405,7.693
yaw045_pitch+010,45,10,49.494,47.491,4.494
yaw045_pitch+015,45,15,47.129,52.430,2.129
yaw045_pitch+020,45,20,47.664,59.148,2.664
yaw045_pitch+025,45,25,48.191,67.562,3.191
yaw045_pitch+030,45,30,47.533,72.442,2.533
yaw045_pitch+035,45,35,47.362,73.551,2.362
yaw045_pitch+040,45,40,46.541,76.974,1.541
yaw045_pitch+045,45,45,45.931,84.098,0.931
yaw045_pitch+050,45,50,46.270,76.959,1.270
yaw045_pitch+055,45,55,46.207,87.038,1.207
yaw045_pitch+060,45,60,47.083,81.192,2.083
yaw045_pitch+065,45,65,48.407,85.534,3.407
yaw045_pitch+070,45,70,49.236,90.000,4.236
yaw045_pitch+075,45,75,51.728,90.000,6.728
yaw045_pitch+080,45,80,53.739,90.000,8.739
yaw045_pitch+085,45,85,55.990,90.000,10.990
yaw045_pitch+090,45,90,55.468,90.000,10.468
yaw050_pitch-090,50,-90,36.656,-87.421,13.344
yaw050_pitch-085,50,-85,35.233,-87.330,14.767
yaw050_pitch-080,50,-80,34.103,-80.238,15.897
yaw050_pitch-075,50,-75,34.365,-77.352,15.635
yaw050_pitch-070,50,-70,33.674,-69.939,16.326
yaw050_pitch-065,50,-65,35.504,-68.917,14.496
yaw050_pitch-060,50,-60,35.947,-61.524,14.053
yaw050_pitch-055,50,-55,37.226,-56.221,12.774
yaw050_pitch-050,50,-50,40.073,-49.490,9.927
yaw050_pitch-045,50,-45,42.324,-37.870,7.676
yaw050_pitch-040,50,-40,45.177,-32.611,4.823
yaw050_pitch-035,50,-35,48.115,-21.895,1.885
yaw050_pitch-030,50,-30,52.946,-7.696,2.946
yaw050_pitch-025,50,-25,52.825,4.877,2.825
yaw050_pitch-020,50,-20,51.639,13.329,1.639
yaw050_pitch-015,50,-15,52.030,19.022,2.030
yaw050_pitch-010,50,-10,51.486,25.679,1.486
yaw050_pitch-005,50,-5,50.576,34.217,0.576
yaw050_pitch+000,50,0,49.590,44.550,0.410
yaw050_pitch+005,50,5,51.851,54.691,1.851
yaw050_pitch+010,50,10,52.383,62.621,2.383
yaw050_pitch+015,50,15,49.980,62.971,0.020
yaw050_pitch+020,50,20,50.146,66.077,0.146
yaw050_pitch+025,50,25,47.950,70.042,2.050
yaw050_pitch+030,50,30,47.419,72.101,2.581
yaw050_pitch+035,50,35,47.611,65.944,2.389
yaw050_pitch+040,50,40,47.045,75.675,2.955
yaw050_pitch+045,50,45,46.988,80.193,3.012
yaw050_pitch+050,50,50,47.460,84.408,2.540
yaw050_pitch+055,50,55,48.532,78.854,1.468
yaw050_pitch+060,50,60,51.253,77.608,1.253
yaw050_pitch+065,50,65,55.031,76.960,5.031
yaw050_pitch+070,50,70,58.904,78.736,8.904
yaw050_pitch+075,50,75,62.204,83.370,12.204
yaw050_pitch+080,50,80,62.069,87.758,12.069
yaw050_pitch+085,50,85,62.915,90.000,12.915
yaw050_pitch+090,50,90,65.019,90.000,15.019
yaw055_pitch-090,55,-90,39.374,-90.000,15.626
yaw055_pitch-085,55,-85,39.463,-87.109,15.537
yaw055_pitch-080,55,-80,39.055,-81.711,15.945
yaw055_pitch-075,55,-75,38.558,-77.961,16.442
yaw055_pitch-070,55,-70,39.222,-73.302,15.778
yaw055_pitch-065,55,-65,40.973,-60.314,14.027
yaw055_pitch-060,55,-60,43.350,-62.500,11.650
yaw055_pitch-055,55,-55,47.544,-56.021,7.456
yaw055_pitch-050,55,-50,51.732,-49.954,3.268
yaw055_pitch-045,55,-45,52.077,-42.123,2.923
yaw055_pitch-040,55,-40,52.983,-29.221,2.017
yaw055_pitch-035,55,-35,52.700,-24.150,2.300
yaw055_pitch-030,55,-30,51.279,-16.190,3.721
yaw055_pitch-025,55,-25,50.319,4.258,4.681
yaw055_pitch-020,55,-20,49.125,17.431,5.875
yaw055_pitch-015,55,-15,48.427,29.466,6.573
yaw055_pitch-010,55,-10,48.503,38.157,6.497
yaw055_pitch-005,55,-5,49.495,45.780,5.505
yaw055_pitch+000,55,0,50.946,50.737,4.054
yaw055_pitch+005,55,5,52.645,57.002,2.355
yaw055_pitch+010,55,10,52.119,57.953,2.881
yaw055_pitch+015,55,15,53.602,59.099,1.398
yaw055_pitch+020,55,20,52.398,70.125,2.602
yaw055_pitch+025,55,25,52.402,74.333,2.598
yaw055_pitch+030,55,30,50.075,71.951,4.925
yaw055_pitch+035,55,35,50.871,70.224,4.129
yaw055_pitch+040,55,40,52.233,71.283,2.767
yaw055_pitch+045,55,45,54.030,67.292,0.970
yaw055_pitch+050,55,50,58.295,66.678,3.295
yaw055_pitch+055,55,55,64.565,66.530,9.565
yaw055_pitch+060,55,60,67.290,69.137,12.290
yaw055_pitch+065,55,65,69.563,73.882,14.563
yaw055_pitch+070,55,70,70.833,76.171,15.833
yaw055_pitch+075,55,75,73.657,83.079,18.657
yaw055_pitch+080,55,80,73.163,85.867,18.163
yaw055_pitch+085,55,85,73.474,89.088,18.474
yaw055_pitch+090,55,90,75.618,90.000,20.618
yaw060_pitch-090,60,-90,44.887,-89.786,15.113
yaw060_pitch-085,60,-85,44.655,-86.314,15.345
yaw060_pitch-080,60,-80,45.440,-80.292,14.560
yaw060_pitch-075,60,-75,46.678,-74.506,13.322
yaw060_pitch-070,60,-70,48.949,-71.395,11.051
yaw060_pitch-065,60,-65,50.859,-67.855,9.141
yaw060_pitch-060,60,-60,52.060,-58.092,7.940
yaw060_pitch-055,60,-55,52.039,-61.021,7.961
yaw060_pitch-050,60,-50,50.863,-54.929,9.137
yaw060_pitch-045,60,-45,49.071,-60.379,10.929
yaw060_pitch-040,60,-40,47.718,-59.310,12.282
yaw060_pitch-035,60,-35,47.033,-48.359,12.967
yaw060_pitch-030,60,-30,46.331,-48.036,13.669
yaw060_pitch-025,60,-25,46.269,-8.581,13.731
yaw060_pitch-020,60,-20,46.553,24.679,13.447
yaw060_pitch-015,60,-15,47.337,39.445,12.663
yaw060_pitch-010,60,-10,48.246,39.472,11.754
yaw060_pitch-005,60,-5,50.178,44.564,9.822
yaw060_pitch+000,60,0,54.625,49.572,5.375
yaw060_pitch+005,60,5,60.676,55.755,0.676
yaw060_pitch+010,60,10,57.498,55.163,2.502
yaw060_pitch+015,60,15,57.512,51.590,2.488
yaw060_pitch+020,60,20,63.326,51.299,3.326
yaw060_pitch+025,60,25,65.037,55.908,5.037
yaw060_pitch+030,60,30,65.603,53.096,5.603
yaw060_pitch+035,60,35,68.173,54.871,8.173
yaw060_pitch+040,60,40,68.723,57.059,8.723
yaw060_pitch+045,60,45,70.234,60.827,10.234
yaw060_pitch+050,60,50,70.102,62.463,10.102
yaw060_pitch+055,60,55,75.183,69.268,15.183
yaw060_pitch+060,60,60,75.784,71.740,15.784
yaw060_pitch+065,60,65,75.790,74.102,15.790
yaw060_pitch+070,60,70,75.685,77.559,15.685
yaw060_pitch+075,60,75,74.981,81.521,14.981
yaw060_pitch+080,60,80,74.394,84.385,14.394
yaw060_pitch+085,60,85,75.389,88.447,15.389
yaw060_pitch+090,60,90,79.294,90.000,19.294
yaw065_pitch-090,65,-90,51.924,-86.415,13.076
yaw065_pitch-085,65,-85,50.812,-83.496,14.188
yaw065_pitch-080,65,-80,50.733,-82.037,14.267
yaw065_pitch-075,65,-75,51.340,-78.587,13.660
yaw065_pitch-070,65,-70,49.817,-73.694,15.183
yaw065_pitch-065,65,-65,49.108,-76.113,15.892
yaw065_pitch-060,65,-60,48.806,-83.218,16.194
yaw065_pitch-055,65,-55,47.438,-85.583,17.562
yaw065_pitch-050,65,-50,46.514,-88.761,18.486
yaw065_pitch-045,65,-45,46.114,-90.000,18.886
yaw065_pitch-040,65,-40,45.872,-90.000,19.128
yaw065_pitch-035,65,-35,45.968,-78.890,19.032
yaw065_pitch-030,65,-30,46.140,-68.143,18.860
yaw065_pitch-025,65,-25,46.406,-32.275,18.594
yaw065_pitch-020,65,-20,47.190,7.831,17.810
yaw065_pitch-015,65,-15,50.417,27.284,14.583
yaw065_pitch-010,65,-10,53.016,33.153,11.984
yaw065_pitch-005,65,-5,57.396,36.177,7.604
yaw065_pitch+000,65,0,64.650,35.811,0.350
yaw065_pitch+005,65,5,70.935,34.475,5.935
yaw065_pitch+010,65,10,75.142,34.661,10.142
yaw065_pitch+015,65,15,74.740,34.250,9.740
yaw065_pitch+020,65,20,77.044,34.142,12.044
yaw065_pitch+025,65,25,79.587,37.382,14.587
yaw065_pitch+030,65,30,79.578,42.124,14.578
yaw065_pitch+035,65,35,79.781,50.556,14.781
yaw065_pitch+040,65,40,79.000,57.875,14.000
yaw065_pitch+045,65,45,80.656,60.247,15.656
yaw065_pitch+050,65,50,80.511,65.196,15.511
yaw065_pitch+055,65,55,81.904,70.979,16.904
yaw065_pitch+060,65,60,80.695,72.281,15.695
yaw065_pitch+065,65,65,81.404,75.239,16.404
yaw065_pitch+070,65,70,80.636,77.430,15.636
yaw065_pitch+075,65,75,79.018,79.827,14.018
yaw065_pitch+080,65,80,80.338,83.910,15.338
yaw065_pitch+085,65,85,82.671,87.362,17.671
yaw065_pitch+090,65,90,78.061,88.677,13.061
yaw070_pitch-090,70,-90,55.238,-87.428,14.762
yaw070_pitch-085,70,-85,53.778,-86.208,16.222
yaw070_pitch-080,70,-80,51.917,-85.905,18.083
yaw070_pitch-075,70,-75,50.142,-85.789,19.858
yaw070_pitch-070,70,-70,49.292,-86.699,20.708
yaw070_pitch-065,70,-65,47.811,-90.000,22.189
yaw070_pitch-060,70,-60,46.612,-90.000,23.388
yaw070_pitch-055,70,-55,46.525,-90.000,23.475
yaw070_pitch-050,70,-50,46.079,-90.000,23.921
yaw070_pitch-045,70,-45,46.052,-90.000,23.948
yaw070_pitch-040,70,-40,46.517,-90.000,23.483
yaw070_pitch-035,70,-35,47.155,-90.000,22.845
yaw070_pitch-030,70,-30,48.282,-80.759,21.718
yaw070_pitch-025,70,-25,50.506,-47.439,19.494
yaw070_pitch-020,70,-20,55.745,-14.460,14.255
yaw070_pitch-015,70,-15,61.341,6.361,8.659
yaw070_pitch-010,70,-10,75.660,17.382,5.660
yaw070_pitch-005,70,-5,80.185,19.890,10.185
yaw070_pitch+000,70,0,79.966,25.434,9.966
yaw070_pitch+005,70,5,81.309,27.808,11.309
yaw070_pitch+010,70,10,80.017,27.519,10.017
yaw070_pitch+015,70,15,82.005,26.572,12.005
yaw070_pitch+020,70,20,81.540,29.435,11.540
yaw070_pitch+025,70,25,84.585,33.322,14.585
yaw070_pitch+030,70,30,85.401,42.582,15.401
yaw070_pitch+035,70,35,85.178,48.989,15.178
yaw070_pitch+040,70,40,85.632,59.966,15.632
yaw070_pitch+045,70,45,89.072,62.995,19.072
yaw070_pitch+050,70,50,85.382,64.923,15.382
yaw070_pitch+055,70,55,85.883,70.207,15.883
yaw070_pitch+060,70,60,85.634,73.595,15.634
yaw070_pitch+065,70,65,85.456,75.676,15.456
yaw070_pitch+070,70,70,84.550,78.751,14.550
yaw070_pitch+075,70,75,85.455,80.920,15.455
yaw070_pitch+080,70,80,88.698,84.330,18.698
yaw070_pitch+085,70,85,83.975,88.100,13.975
yaw070_pitch+090,70,90,86.163,87.631,16.163
yaw075_pitch-090,75,-90,59.896,-79.994,15.104
yaw075_pitch-085,75,-85,56.705,-86.611,18.295
yaw075_pitch-080,75,-80,54.138,-87.245,20.862
yaw075_pitch-075,75,-75,52.330,-88.424,22.670
yaw075_pitch-070,75,-70,51.259,-89.446,23.741
yaw075_pitch-065,75,-65,50.217,-89.013,24.783
yaw075_pitch-060,75,-60,49.508,-90.000,25.492
yaw075_pitch-055,75,-55,49.497,-90.000,25.503
yaw075_pitch-050,75,-50,49.670,-90.000,25.330
yaw075_pitch-045,75,-45,51.353,-85.070,23.647
yaw075_pitch-040,75,-40,54.465,-72.374,20.535
yaw075_pitch-035,75,-35,59.203,-59.347,15.797
yaw075_pitch-030,75,-30,64.857,-46.288,10.143
yaw075_pitch-025,75,-25,74.113,-27.261,0.887
yaw075_pitch-020,75,-20,79.830,-10.831,4.830
yaw075_pitch-015,75,-15,83.722,4.884,8.722
yaw075_pitch-010,75,-10,87.020,16.335,12.020
yaw075_pitch-005,75,-5,89.852,19.841,14.852
yaw075_pitch+000,75,0,88.544,23.147,13.544
yaw075_pitch+005,75,5,87.803,25.728,12.803
yaw075_pitch+010,75,10,88.357,28.509,13.357
yaw075_pitch+015,75,15,88.932,30.060,13.932
yaw075_pitch+020,75,20,91.485,33.259,16.485
yaw075_pitch+025,75,25,93.510,35.740,18.510
yaw075_pitch+030,75,30,95.627,43.542,20.627
yaw075_pitch+035,75,35,95.780,49.899,20.780
yaw075_pitch+040,75,40,94.526,58.784,19.526
yaw075_pitch+045,75,45,94.435,62.024,19.435
yaw075_pitch+050,75,50,94.438,64.441,19.438
yaw075_pitch+055,75,55,93.027,69.241,18.027
yaw075_pitch+060,75,60,93.944,75.417,18.944
yaw075_pitch+065,75,65,91.998,74.828,16.998
yaw075_pitch+070,75,70,91.716,76.656,16.716
yaw075_pitch+075,75,75,92.026,79.443,17.026
yaw075_pitch+080,75,80,90.288,83.107,15.288
yaw075_pitch+085,75,85,92.683,86.787,17.683
yaw075_pitch+090,75,90,100.574,89.510,25.574
yaw080_pitch-090,80,-90,68.938,-83.462,11.062
yaw080_pitch-085,80,-85,61.030,-85.526,18.970
yaw080_pitch-080,80,-80,59.782,-85.687,20.218
yaw080_pitch-075,80,-75,59.676,-83.866,20.324
yaw080_pitch-070,80,-70,60.460,-81.625,19.540
yaw080_pitch-065,80,-65,61.772,-76.980,18.228
yaw080_pitch-060,80,-60,63.350,-78.068,16.650
yaw080_pitch-055,80,-55,65.231,-66.505,14.769
yaw080_pitch-050,80,-50,67.583,-66.366,12.417
yaw080_pitch-045,80,-45,72.091,-60.613,7.909
yaw080_pitch-040,80,-40,76.558,-53.409,3.442
yaw080_pitch-035,80,-35,79.280,-44.101,0.720
yaw080_pitch-030,80,-30,80.199,-34.169,0.199
yaw080_pitch-025,80,-25,85.991,-15.944,5.991
yaw080_pitch-020,80,-20,88.153,-4.729,8.153
yaw080_pitch-015,80,-15,89.950,8.016,9.950
yaw080_pitch-010,80,-10,94.055,18.399,14.055
yaw080_pitch-005,80,-5,98.624,22.666,18.624
yaw080_pitch+000,80,0,100.220,26.096,20.220
yaw080_pitch+005,80,5,102.230,28.268,22.230
yaw080_pitch+010,80,10,99.512,26.257,19.512
yaw080_pitch+015,80,15,97.558,30.933,17.558
yaw080_pitch+020,80,20,99.921,29.158,19.921
yaw080_pitch+025,80,25,104.859,37.198,24.859
yaw080_pitch+030,80,30,104.506,43.522,24.506
yaw080_pitch+035,80,35,105.120,52.166,25.120
yaw080_pitch+040,80,40,100.022,60.086,20.022
yaw080_pitch+045,80,45,99.571,62.544,19.571
yaw080_pitch+050,80,50,99.745,66.850,19.745
yaw080_pitch+055,80,55,98.396,69.127,18.396
yaw080_pitch+060,80,60,96.422,73.934,16.422
yaw080_pitch+065,80,65,95.145,71.578,15.145
yaw080_pitch+070,80,70,97.438,77.109,17.438
yaw080_pitch+075,80,75,94.721,80.172,14.721
yaw080_pitch+080,80,80,92.600,79.504,12.600
yaw080_pitch+085,80,85,97.810,89.015,17.810
yaw080_pitch+090,80,90,97.566,87.198,17.566
yaw085_pitch-090,85,-90,73.247,-77.787,11.753
yaw085_pitch-085,85,-85,73.105,-87.686,11.895
yaw085_pitch-080,85,-80,70.821,-83.656,14.179
yaw085_pitch-075,85,-75,69.409,-79.372,15.591
yaw085_pitch-070,85,-70,69.382,-77.263,15.618
yaw085_pitch-065,85,-65,70.593,-68.892,14.407
yaw085_pitch-060,85,-60,75.323,-68.569,9.677
yaw085_pitch-055,85,-55,78.068,-62.053,6.932
yaw085_pitch-050,85,-50,79.597,-58.430,5.403
yaw085_pitch-045,85,-45,81.277,-53.583,3.723
yaw085_pitch-040,85,-40,82.953,-51.111,2.047
yaw085_pitch-035,85,-35,86.463,-39.633,1.463
yaw085_pitch-030,85,-30,86.050,-32.326,1.050
yaw085_pitch-025,85,-25,90.188,-16.785,5.188
yaw085_pitch-020,85,-20,95.113,-4.985,10.113
yaw085_pitch-015,85,-15,96.951,6.583,11.951
yaw085_pitch-010,85,-10,103.595,19.495,18.595
yaw085_pitch-005,85,-5,107.300,25.904,22.300
yaw085_pitch+000,85,0,109.521,28.642,24.521
yaw085_pitch+005,85,5,109.398,28.184,24.398
yaw085_pitch+010,85,10,108.120,27.712,23.120
yaw085_pitch+015,85,15,111.497,31.067,26.497
yaw085_pitch+020,85,20,111.516,36.910,26.516
yaw085_pitch+025,85,25,111.278,34.640,26.278
yaw085_pitch+030,85,30,110.030,47.776,25.030
yaw085_pitch+035,85,35,110.944,55.960,25.944
yaw085_pitch+040,85,40,106.380,61.174,21.380
yaw085_pitch+045,85,45,103.869,62.462,18.869
yaw085_pitch+050,85,50,104.562,67.355,19.562
yaw085_pitch+055,85,55,101.967,68.187,16.967
yaw085_pitch+060,85,60,101.906,74.051,16.906
yaw085_pitch+065,85,65,100.007,74.085,15.007
yaw085_pitch+070,85,70,98.935,74.174,13.935
yaw085_pitch+075,85,75,100.208,80.037,15.208
yaw085_pitch+080,85,80,99.137,80.367,14.137
yaw085_pitch+085,85,85,98.380,88.572,13.380
yaw085_pitch+090,85,90,103.469,90.000,18.469
yaw090_pitch-090,90,-90,77.130,-80.068,12.870
yaw090_pitch-085,90,-85,74.970,-88.244,15.030
yaw090_pitch-080,90,-80,75.306,-82.724,14.694
yaw090_pitch-075,90,-75,78.044,-78.997,11.956
yaw090_pitch-070,90,-70,83.284,-75.703,6.716
yaw090_pitch-065,90,-65,84.510,-72.022,5.490
yaw090_pitch-060,90,-60,86.219,-67.154,3.781
yaw090_pitch-055,90,-55,86.784,-69.482,3.216
yaw090_pitch-050,90,-50,86.788,-60.263,3.212
yaw090_pitch-045,90,-45,86.870,-54.180,3.130
yaw090_pitch-040,90,-40,86.692,-45.983,3.308
yaw090_pitch-035,90,-35,89.792,-40.542,0.208
yaw090_pitch-030,90,-30,93.095,-28.414,3.095
yaw090_pitch-025,90,-25,95.748,-18.740,5.748
yaw090_pitch-020,90,-20,102.538,-8.048,12.538
yaw090_pitch-015,90,-15,105.571,7.723,15.571
yaw090_pitch-010,90,-10,107.991,19.492,17.991
yaw090_pitch-005,90,-5,112.836,23.833,22.836
yaw090_pitch+000,90,0,115.238,24.515,25.238
yaw090_pitch+005,90,5,115.076,26.016,25.076
yaw090_pitch+010,90,10,114.771,30.433,24.771
yaw090_pitch+015,90,15,116.286,34.294,26.286
yaw090_pitch+020,90,20,115.873,33.963,25.873
yaw090_pitch+025,90,25,116.062,40.557,26.062
yaw090_pitch+030,90,30,115.924,48.722,25.924
yaw090_pitch+035,90,35,111.766,58.473,21.766
yaw090_pitch+040,90,40,110.359,59.115,20.359
yaw090_pitch+045,90,45,109.542,68.884,19.542
yaw090_pitch+050,90,50,110.680,72.245,20.680
yaw090_pitch+055,90,55,107.512,70.836,17.512
yaw090_pitch+060,90,60,105.471,74.122,15.471
yaw090_pitch+065,90,65,104.233,74.918,14.233
yaw090_pitch+070,90,70,104.016,75.573,14.016
yaw090_pitch+075,90,75,103.772,77.900,13.772
yaw090_pitch+080,90,80,102.054,81.135,12.054
yaw090_pitch+085,90,85,102.490,87.582,12.490
yaw090_pitch+090,90,90,106.536,90.000,16.536
yaw095_pitch-090,95,-90,80.571,-80.997,14.429
yaw095_pitch-085,95,-85,81.879,-86.591,13.121
yaw095_pitch-080,95,-80,80.331,-84.153,14.669
yaw095_pitch-075,95,-75,81.314,-78.692,13.686
yaw095_pitch-070,95,-70,88.466,-77.313,6.534
yaw095_pitch-065,95,-65,91.207,-76.420,3.793
yaw095_pitch-060,95,-60,91.703,-69.686,3.297
yaw095_pitch-055,95,-55,93.413,-70.375,1.587
yaw095_pitch-050,95,-50,94.650,-62.511,0.350
yaw095_pitch-045,95,-45,93.573,-60.578,1.427
yaw095_pitch-040,95,-40,94.632,-50.499,0.368
yaw095_pitch-035,95,-35,94.554,-43.327,0.446
yaw095_pitch-030,95,-30,99.403,-24.142,4.403
yaw095_pitch-025,95,-25,105.658,-13.818,10.658
yaw095_pitch-020,95,-20,106.955,-2.222,11.955
yaw095_pitch-015,95,-15,110.612,3.572,15.612
yaw095_pitch-010,95,-10,113.869,16.837,18.869
yaw095_pitch-005,95,-5,115.944,22.047,20.944
yaw095_pitch+000,95,0,115.858,27.995,20.858
yaw095_pitch+005,95,5,118.145,29.361,23.145
yaw095_pitch+010,95,10,117.891,31.012,22.891
yaw095_pitch+015,95,15,119.317,33.818,24.317
yaw095_pitch+020,95,20,119.990,37.914,24.990
yaw095_pitch+025,95,25,118.590,43.356,23.590
yaw095_pitch+030,95,30,117.481,57.953,22.481
yaw095_pitch+035,95,35,115.940,66.385,20.940
yaw095_pitch+040,95,40,114.296,66.555,19.296
yaw095_pitch+045,95,45,111.928,70.692,16.928
yaw095_pitch+050,95,50,109.535,69.853,14.535
yaw095_pitch+055,95,55,109.807,71.776,14.807
yaw095_pitch+060,95,60,109.758,74.417,14.758
yaw095_pitch+065,95,65,108.456,75.515,13.456
yaw095_pitch+070,95,70,105.306,75.698,10.306
yaw095_pitch+075,95,75,107.027,78.910,12.027
yaw095_pitch+080,95,80,104.347,81.486,9.347
yaw095_pitch+085,95,85,108.340,86.515,13.340
yaw095_pitch+090,95,90,112.720,90.000,17.720
yaw100_pitch-090,100,-90,87.283,-83.292,12.717
yaw100_pitch-085,100,-85,88.030,-86.027,11.970
yaw100_pitch-080,100,-80,91.837,-82.636,8.163
yaw100_pitch-075,100,-75,91.458,-77.897,8.542
yaw100_pitch-070,100,-70,91.997,-77.242,8.003
yaw100_pitch-065,100,-65,97.457,-73.008,2.543
yaw100_pitch-060,100,-60,101.039,-73.343,1.039
yaw100_pitch-055,100,-55,101.858,-69.627,1.858
yaw100_pitch-050,100,-50,101.063,-66.401,1.063
yaw100_pitch-045,100,-45,102.343,-59.769,2.343
yaw100_pitch-040,100,-40,101.243,-54.767,1.243
yaw100_pitch-035,100,-35,104.835,-42.558,4.835
yaw100_pitch-030,100,-30,106.307,-33.487,6.307
yaw100_pitch-025,100,-25,107.991,-20.010,7.991
yaw100_pitch-020,100,-20,112.411,0.973,12.411
yaw100_pitch-015,100,-15,113.128,10.207,13.128
yaw100_pitch-010,100,-10,115.208,18.063,15.208
yaw100_pitch-005,100,-5,114.664,22.390,14.664
yaw100_pitch+000,100,0,115.315,27.082,15.315
yaw100_pitch+005,100,5,118.978,27.369,18.978
yaw100_pitch+010,100,10,118.219,31.806,18.219
yaw100_pitch+015,100,15,119.508,35.259,19.508
yaw100_pitch+020,100,20,119.514,41.188,19.514
yaw100_pitch+025,100,25,120.480,52.662,20.480
yaw100_pitch+030,100,30,117.179,63.606,17.179
yaw100_pitch+035,100,35,117.028,67.042,17.028
yaw100_pitch+040,100,40,114.610,68.339,14.610
yaw100_pitch+045,100,45,113.724,69.120,13.724
yaw100_pitch+050,100,50,112.615,71.239,12.615
yaw100_pitch+055,100,55,110.974,70.816,10.974
yaw100_pitch+060,100,60,110.849,73.251,10.849
yaw100_pitch+065,100,65,111.364,73.245,11.364
yaw100_pitch+070,100,70,108.183,76.128,8.183
yaw100_pitch+075,100,75,108.533,78.998,8.533
yaw100_pitch+080,100,80,110.646,78.687,10.646
yaw100_pitch+085,100,85,115.902,89.093,15.902
yaw100_pitch+090,100,90,122.375,90.000,22.375
yaw105_pitch-090,105,-90,88.345,-85.230,16.655
yaw105_pitch-085,105,-85,92.386,-85.381,12.614
yaw105_pitch-080,105,-80,93.696,-81.850,11.304
yaw105_pitch-075,105,-75,97.022,-78.224,7.978
yaw105_pitch-070,105,-70,99.462,-76.756,5.538
yaw105_pitch-065,105,-65,102.240,-73.732,2.760
yaw105_pitch-060,105,-60,104.287,-73.594,0.713
yaw105_pitch-055,105,-55,105.543,-72.187,0.543
yaw105_pitch-050,105,-50,105.997,-67.658,0.997
yaw105_pitch-045,105,-45,107.637,-58.441,2.637
yaw105_pitch-040,105,-40,107.395,-59.256,2.395
yaw105_pitch-035,105,-35,109.541,-47.941,4.541
yaw105_pitch-030,105,-30,109.836,-31.702,4.836
yaw105_pitch-025,105,-25,112.946,-13.988,7.946
yaw105_pitch-020,105,-20,113.642,-0.783,8.642
yaw105_pitch-015,105,-15,115.324,10.981,10.324
yaw105_pitch-010,105,-10,116.512,20.648,11.512
yaw105_pitch-005,105,-5,116.957,23.006,11.957
yaw105_pitch+000,105,0,118.705,27.337,13.705
yaw105_pitch+005,105,5,119.707,27.585,14.707
yaw105_pitch+010,105,10,117.511,30.563,12.511
yaw105_pitch+015,105,15,117.357,38.824,12.357
yaw105_pitch+020,105,20,116.383,44.593,11.383
yaw105_pitch+025,105,25,115.200,53.787,10.200
yaw105_pitch+030,105,30,118.967,67.891,13.967
yaw105_pitch+035,105,35,119.527,66.950,14.527
yaw105_pitch+040,105,40,118.664,67.033,13.664
yaw105_pitch+045,105,45,118.233,69.407,13.233
yaw105_pitch+050,105,50,114.549,69.812,9.549
yaw105_pitch+055,105,55,115.099,70.598,10.099
yaw105_pitch+060,105,60,114.409,72.241,9.409
yaw105_pitch+065,105,65,114.477,73.063,9.477
yaw105_pitch+070,105,70,115.330,76.705,10.330
yaw105_pitch+075,105,75,115.165,78.001,10.165
yaw105_pitch+080,105,80,114.254,79.102,9.254
yaw105_pitch+085,105,85,119.802,83.776,14.802
yaw105_pitch+090,105,90,125.338,87.459,20.338
yaw110_pitch-090,110,-90,91.583,-79.690,18.417
yaw110_pitch-085,110,-85,96.663,-81.038,13.337
yaw110_pitch-080,110,-80,95.575,-79.030,14.425
yaw110_pitch-075,110,-75,99.335,-75.388,10.665
yaw110_pitch-070,110,-70,102.714,-76.609,7.286
yaw110_pitch-065,110,-65,103.646,-73.305,6.354
yaw110_pitch-060,110,-60,105.149,-72.496,4.851
yaw110_pitch-055,110,-55,105.582,-69.810,4.418
yaw110_pitch-050,110,-50,108.366,-66.884,1.634
yaw110_pitch-045,110,-45,109.300,-60.576,0.700
yaw110_pitch-040,110,-40,112.059,-55.839,2.059
yaw110_pitch-035,110,-35,112.342,-47.793,2.342
yaw110_pitch-030,110,-30,114.113,-30.968,4.113
yaw110_pitch-025,110,-25,114.748,-15.860,4.748
yaw110_pitch-020,110,-20,116.636,3.290,6.636
yaw110_pitch-015,110,-15,118.584,14.789,8.584
yaw110_pitch-010,110,-10,119.494,20.397,9.494
yaw110_pitch-005,110,-5,118.876,23.527,8.876
yaw110_pitch+000,110,0,117.404,26.345,7.404
yaw110_pitch+005,110,5,121.199,26.566,11.199
yaw110_pitch+010,110,10,116.572,30.276,6.572
yaw110_pitch+015,110,15,115.111,38.766,5.111
yaw110_pitch+020,110,20,111.894,47.916,1.894
yaw110_pitch+025,110,25,113.289,63.177,3.289
yaw110_pitch+030,110,30,118.628,67.531,8.628
yaw110_pitch+035,110,35,122.208,68.042,12.208
yaw110_pitch+040,110,40,124.072,68.009,14.072
yaw110_pitch+045,110,45,122.452,68.279,12.452
yaw110_pitch+050,110,50,119.212,69.513,9.212
yaw110_pitch+055,110,55,118.127,70.457,8.127
yaw110_pitch+060,110,60,118.642,72.953,8.642
yaw110_pitch+065,110,65,118.593,75.038,8.593
yaw110_pitch+070,110,70,119.424,79.493,9.424
yaw110_pitch+075,110,75,121.726,81.336,11.726
yaw110_pitch+080,110,80,124.749,85.633,14.749
yaw110_pitch+085,110,85,125.612,86.020,15.612
yaw110_pitch+090,110,90,130.390,89.021,20.390
yaw115_pitch-090,115,-90,102.965,-82.661,12.035
yaw115_pitch-085,115,-85,103.031,-82.092,11.969
yaw115_pitch-080,115,-80,101.581,-80.176,13.419
yaw115_pitch-075,115,-75,102.731,-77.512,12.269
yaw115_pitch-070,115,-70,103.386,-75.385,11.614
yaw115_pitch-065,115,-65,106.503,-74.220,8.497
yaw115_pitch-060,115,-60,106.499,-72.264,8.501
yaw115_pitch-055,115,-55,107.280,-70.010,7.720
yaw115_pitch-050,115,-50,112.570,-63.652,2.430
yaw115_pitch-045,115,-45,112.114,-54.123,2.886
yaw115_pitch-040,115,-40,112.944,-53.700,2.056
yaw115_pitch-035,115,-35,113.199,-39.114,1.801
yaw115_pitch-030,115,-30,115.074,-26.837,0.074
yaw115_pitch-025,115,-25,117.441,-17.118,2.441
yaw115_pitch-020,115,-20,120.316,1.355,5.316
yaw115_pitch-015,115,-15,123.310,14.785,8.310
yaw115_pitch-010,115,-10,124.064,19.363,9.064
yaw115_pitch-005,115,-5,122.191,22.545,7.191
yaw115_pitch+000,115,0,121.351,24.271,6.351
yaw115_pitch+005,115,5,119.646,26.807,4.646
yaw115_pitch+010,115,10,116.404,29.906,1.404
yaw115_pitch+015,115,15,113.640,41.225,1.360
yaw115_pitch+020,115,20,112.263,50.398,2.737
yaw115_pitch+025,115,25,115.104,62.095,0.104
yaw115_pitch+030,115,30,120.091,68.501,5.091
yaw115_pitch+035,115,35,123.156,68.218,8.156
yaw115_pitch+040,115,40,126.113,68.932,11.113
yaw115_pitch+045,115,45,121.914,68.300,6.914
yaw115_pitch+050,115,50,119.453,71.533,4.453
yaw115_pitch+055,115,55,120.303,72.004,5.303
yaw115_pitch+060,115,60,124.101,75.564,9.101
yaw115_pitch+065,115,65,125.781,77.268,10.781
yaw115_pitch+070,115,70,129.167,81.497,14.167
yaw115_pitch+075,115,75,129.654,83.302,14.654
yaw115_pitch+080,115,80,130.942,85.794,15.942
yaw115_pitch+085,115,85,131.304,88.524,16.304
yaw115_pitch+090,115,90,134.488,89.800,19.488
yaw120_pitch-090,120,-90,105.965,-82.105,14.035
yaw120_pitch-085,120,-85,109.268,-79.527,10.732
yaw120_pitch-080,120,-80,109.977,-79.322,10.023
yaw120_pitch-075,120,-75,109.447,-78.693,10.553
yaw120_pitch-070,120,-70,108.319,-77.307,11.681
yaw120_pitch-065,120,-65,110.210,-73.235,9.790
yaw120_pitch-060,120,-60,110.662,-71.987,9.338
yaw120_pitch-055,120,-55,112.258,-71.629,7.742
yaw120_pitch-050,120,-50,115.331,-65.454,4.669
yaw120_pitch-045,120,-45,118.385,-49.057,1.615
yaw120_pitch-040,120,-40,120.137,-46.965,0.137
yaw120_pitch-035,120,-35,120.486,-38.613,0.486
yaw120_pitch-030,120,-30,123.302,-19.928,3.302
yaw120_pitch-025,120,-25,126.851,-14.474,6.851
yaw120_pitch-020,120,-20,131.338,4.926,11.338
yaw120_pitch-015,120,-15,131.960,14.678,11.960
yaw120_pitch-010,120,-10,133.149,20.402,13.149
yaw120_pitch-005,120,-5,130.230,24.694,10.230
yaw120_pitch+000,120,0,128.075,26.010,8.075
yaw120_pitch+005,120,5,125.966,27.510,5.966
yaw120_pitch+010,120,10,122.667,32.570,2.667
yaw120_pitch+015,120,15,119.617,40.981,0.383
yaw120_pitch+020,120,20,116.492,47.512,3.508
yaw120_pitch+025,120,25,113.384,57.904,6.616
yaw120_pitch+030,120,30,116.900,66.128,3.100
yaw120_pitch+035,120,35,119.977,69.574,0.023
yaw120_pitch+040,120,40,122.128,67.635,2.128
yaw120_pitch+045,120,45,122.198,71.113,2.198
yaw120_pitch+050,120,50,123.865,70.967,3.865
yaw120_pitch+055,120,55,126.976,73.231,6.976
yaw120_pitch+060,120,60,131.947,75.348,11.947
yaw120_pitch+065,120,65,133.224,77.684,13.224
yaw120_pitch+070,120,70,137.249,81.446,17.249
yaw120_pitch+075,120,75,137.617,84.396,17.617
yaw120_pitch+080,120,80,137.728,86.878,17.728
yaw120_pitch+085,120,85,137.223,89.206,17.223
yaw120_pitch+090,120,90,137.985,89.881,17.985
yaw125_pitch-090,125,-90,110.167,-81.156,14.833
yaw125_pitch-085,125,-85,111.672,-77.587,13.328
yaw125_pitch-080,125,-80,113.304,-78.137,11.696
yaw125_pitch-075,125,-75,111.662,-77.778,13.338
yaw125_pitch-070,125,-70,112.523,-77.010,12.477
yaw125_pitch-065,125,-65,113.535,-73.458,11.465
yaw125_pitch-060,125,-60,113.595,-76.374,11.405
yaw125_pitch-055,125,-55,117.445,-67.818,7.555
yaw125_pitch-050,125,-50,119.492,-59.076,5.508
yaw125_pitch-045,125,-45,122.660,-54.643,2.340
yaw125_pitch-040,125,-40,126.354,-47.888,1.354
yaw125_pitch-035,125,-35,129.733,-32.418,4.733
yaw125_pitch-030,125,-30,133.194,-19.693,8.194
yaw125_pitch-025,125,-25,136.526,0.437,11.526
yaw125_pitch-020,125,-20,137.437,8.088,12.437
yaw125_pitch-015,125,-15,138.041,18.690,13.041
yaw125_pitch-010,125,-10,136.393,22.120,11.393
yaw125_pitch-005,125,-5,134.786,27.337,9.786
yaw125_pitch+000,125,0,132.526,29.843,7.526
yaw125_pitch+005,125,5,128.444,31.206,3.444
yaw125_pitch+010,125,10,125.646,32.484,0.646
yaw125_pitch+015,125,15,119.116,41.084,5.884
yaw125_pitch+020,125,20,111.023,48.877,13.977
yaw125_pitch+025,125,25,112.577,56.779,12.423
yaw125_pitch+030,125,30,116.290,67.079,8.710
yaw125_pitch+035,125,35,120.832,67.401,4.168
yaw125_pitch+040,125,40,123.338,68.723,1.662
yaw125_pitch+045,125,45,125.476,67.201,0.476
yaw125_pitch+050,125,50,128.115,66.943,3.115
yaw125_pitch+055,125,55,132.880,71.731,7.880
yaw125_pitch+060,125,60,139.313,73.907,14.313
yaw125_pitch+065,125,65,142.479,76.014,17.479
yaw125_pitch+070,125,70,146.807,80.541,21.807
yaw125_pitch+075,125,75,146.255,84.581,21.255
yaw125_pitch+080,125,80,141.746,85.507,16.746
yaw125_pitch+085,125,85,138.083,88.910,13.083
yaw125_pitch+090,125,90,139.596,89.734,14.596
yaw130_pitch-090,130,-90,114.520,-77.885,15.480
yaw130_pitch-085,130,-85,115.634,-77.717,14.366
yaw130_pitch-080,130,-80,116.960,-77.212,13.040
yaw130_pitch-075,130,-75,115.883,-76.557,14.117
yaw130_pitch-070,130,-70,116.573,-77.110,13.427
yaw130_pitch-065,130,-65,117.408,-75.966,12.592
yaw130_pitch-060,130,-60,119.074,-77.516,10.926
yaw130_pitch-055,130,-55,124.445,-71.657,5.555
yaw130_pitch-050,130,-50,127.374,-62.651,2.626
yaw130_pitch-045,130,-45,130.351,-53.631,0.351
yaw130_pitch-040,130,-40,133.363,-42.389,3.363
yaw130_pitch-035,130,-35,135.283,-27.440,5.283
yaw130_pitch-030,130,-30,136.728,-11.836,6.728
yaw130_pitch-025,130,-25,139.210,2.876,9.210
yaw130_pitch-020,130,-20,139.937,12.288,9.937
yaw130_pitch-015,130,-15,139.283,23.064,9.283
yaw130_pitch-010,130,-10,138.885,26.284,8.885
yaw130_pitch-005,130,-5,136.085,31.111,6.085
yaw130_pitch+000,130,0,132.462,33.751,2.462
yaw130_pitch+005,130,5,129.255,33.000,0.745
yaw130_pitch+010,130,10,126.086,35.126,3.914
yaw130_pitch+015,130,15,115.099,44.534,14.901
yaw130_pitch+020,130,20,113.615,49.953,16.385
yaw130_pitch+025,130,25,115.146,57.664,14.854
yaw130_pitch+030,130,30,117.963,66.514,12.037
yaw130_pitch+035,130,35,122.983,66.181,7.017
yaw130_pitch+040,130,40,127.748,66.954,2.252
yaw130_pitch+045,130,45,131.397,65.767,1.397
yaw130_pitch+050,130,50,131.848,66.722,1.848
yaw130_pitch+055,130,55,134.287,70.721,4.287
yaw130_pitch+060,130,60,144.118,73.092,14.118
yaw130_pitch+065,130,65,148.634,74.977,18.634
yaw130_pitch+070,130,70,149.720,79.236,19.720
yaw130_pitch+075,130,75,148.952,81.857,18.952
yaw130_pitch+080,130,80,144.519,85.547,14.519
yaw130_pitch+085,130,85,138.712,88.974,8.712
yaw130_pitch+090,130,90,141.656,90.000,11.656
yaw135_pitch-090,135,-90,118.773,-83.264,16.227
yaw135_pitch-085,135,-85,121.941,-82.671,13.059
yaw135_pitch-080,135,-80,122.520,-79.799,12.480
yaw135_pitch-075,135,-75,121.212,-77.565,13.788
yaw135_pitch-070,135,-70,120.630,-76.215,14.370
yaw135_pitch-065,135,-65,121.532,-75.085,13.468
yaw135_pitch-060,135,-60,121.454,-78.434,13.546
yaw135_pitch-055,135,-55,121.704,-76.422,13.296
yaw135_pitch-050,135,-50,125.720,-64.815,9.280
yaw135_pitch-045,135,-45,128.936,-59.422,6.064
yaw135_pitch-040,135,-40,131.859,-46.463,3.141
yaw135_pitch-035,135,-35,136.668,-26.909,1.668
yaw135_pitch-030,135,-30,137.234,-20.665,2.234
yaw135_pitch-025,135,-25,141.157,3.864,6.157
yaw135_pitch-020,135,-20,140.970,14.032,5.970
yaw135_pitch-015,135,-15,141.410,24.279,6.410
yaw135_pitch-010,135,-10,140.005,28.793,5.005
yaw135_pitch-005,135,-5,138.825,32.454,3.825
yaw135_pitch+000,135,0,134.522,35.277,0.478
yaw135_pitch+005,135,5,128.175,36.248,6.825
yaw135_pitch+010,135,10,121.788,41.963,13.212
yaw135_pitch+015,135,15,106.233,53.073,28.767
yaw135_pitch+020,135,20,111.199,53.032,23.801
yaw135_pitch+025,135,25,114.168,58.390,20.832
yaw135_pitch+030,135,30,118.233,67.033,16.767
yaw135_pitch+035,135,35,125.254,65.751,9.746
yaw135_pitch+040,135,40,132.414,65.858,2.586
yaw135_pitch+045,135,45,135.168,65.500,0.168
yaw135_pitch+050,135,50,138.954,68.058,3.954
yaw135_pitch+055,135,55,141.511,70.390,6.511
yaw135_pitch+060,135,60,148.832,71.457,13.832
yaw135_pitch+065,135,65,153.166,74.364,18.166
yaw135_pitch+070,135,70,156.125,78.326,21.125
yaw135_pitch+075,135,75,154.586,80.872,19.586
yaw135_pitch+080,135,80,147.522,84.826,12.522
yaw135_pitch+085,135,85,141.059,88.508,6.059
yaw135_pitch+090,135,90,141.499,90.000,6.499
yaw140_pitch-090,140,-90,121.013,-84.321,18.987
yaw140_pitch-085,140,-85,125.360,-82.494,14.640
yaw140_pitch-080,140,-80,125.154,-79.561,14.846
yaw140_pitch-075,140,-75,124.398,-75.587,15.602
yaw140_pitch-070,140,-70,124.591,-75.506,15.409
yaw140_pitch-065,140,-65,124.849,-75.424,15.151
yaw140_pitch-060,140,-60,122.868,-77.241,17.132
yaw140_pitch-055,140,-55,124.302,-74.999,15.698
yaw140_pitch-050,140,-50,125.524,-65.338,14.476
yaw140_pitch-045,140,-45,130.624,-56.423,9.376
yaw140_pitch-040,140,-40,135.029,-42.570,4.971
yaw140_pitch-035,140,-35,139.330,-30.413,0.670
yaw140_pitch-030,140,-30,141.908,-20.350,1.908
yaw140_pitch-025,140,-25,143.132,-6.710,3.132
yaw140_pitch-020,140,-20,142.173,14.281,2.173
yaw140_pitch-015,140,-15,143.622,23.767,3.622
yaw140_pitch-010,140,-10,141.764,28.550,1.764
yaw140_pitch-005,140,-5,138.576,32.793,1.424
yaw140_pitch+000,140,0,129.122,40.439,10.878
yaw140_pitch+005,140,5,125.207,48.133,14.793
yaw140_pitch+010,140,10,120.637,61.840,19.363
yaw140_pitch+015,140,15,114.041,64.581,25.959
yaw140_pitch+020,140,20,115.506,60.985,24.494
yaw140_pitch+025,140,25,112.353,58.350,27.647
yaw140_pitch+030,140,30,121.665,64.266,18.335
yaw140_pitch+035,140,35,131.807,66.112,8.193
yaw140_pitch+040,140,40,136.325,65.757,3.675
yaw140_pitch+045,140,45,142.534,63.252,2.534
yaw140_pitch+050,140,50,146.469,68.655,6.469
yaw140_pitch+055,140,55,149.227,70.800,9.227
yaw140_pitch+060,140,60,153.449,71.309,13.449
yaw140_pitch+065,140,65,156.064,74.622,16.064
yaw140_pitch+070,140,70,158.598,76.607,18.598
yaw140_pitch+075,140,75,157.932,79.733,17.932
yaw140_pitch+080,140,80,156.292,83.373,16.292
yaw140_pitch+085,140,85,150.777,88.815,10.777
yaw140_pitch+090,140,90,150.257,90.000,10.257
yaw145_pitch-090,145,-90,127.774,-81.921,17.226
yaw145_pitch-085,145,-85,129.802,-84.954,15.198
yaw145_pitch-080,145,-80,130.798,-79.568,14.202
yaw145_pitch-075,145,-75,130.659,-77.563,14.341
yaw145_pitch-070,145,-70,129.181,-75.862,15.819
yaw145_pitch-065,145,-65,127.578,-77.016,17.422
yaw145_pitch-060,145,-60,126.276,-80.505,18.724
yaw145_pitch-055,145,-55,125.235,-78.452,19.765
yaw145_pitch-050,145,-50,127.009,-75.789,17.991
yaw145_pitch-045,145,-45,132.918,-60.356,12.082
yaw145_pitch-040,145,-40,139.416,-43.340,5.584
yaw145_pitch-035,145,-35,141.003,-35.552,3.997
yaw145_pitch-030,145,-30,143.212,-19.629,1.788
yaw145_pitch-025,145,-25,143.597,-9.986,1.403
yaw145_pitch-020,145,-20,146.323,11.707,1.323
yaw145_pitch-015,145,-15,145.062,27.605,0.062
yaw145_pitch-010,145,-10,144.514,27.842,0.486
yaw145_pitch-005,145,-5,138.531,34.976,6.469
yaw145_pitch+000,145,0,132.323,41.412,12.677
yaw145_pitch+005,145,5,123.919,60.190,21.081
yaw145_pitch+010,145,10,114.763,80.905,30.237
yaw145_pitch+015,145,15,114.608,78.670,30.392
yaw145_pitch+020,145,20,119.681,54.923,25.319
yaw145_pitch+025,145,25,121.022,57.459,23.978
yaw145_pitch+030,145,30,127.184,61.834,17.816
yaw145_pitch+035,145,35,138.174,64.640,6.826
yaw145_pitch+040,145,40,144.124,65.109,0.876
yaw145_pitch+045,145,45,148.063,67.397,3.063
yaw145_pitch+050,145,50,151.791,71.159,6.791
yaw145_pitch+055,145,55,154.617,69.105,9.617
yaw145_pitch+060,145,60,155.684,71.561,10.684
yaw145_pitch+065,145,65,160.156,73.407,15.156
yaw145_pitch+070,145,70,161.671,76.381,16.671
yaw145_pitch+075,145,75,163.228,77.995,18.228
yaw145_pitch+080,145,80,161.336,83.947,16.336
yaw145_pitch+085,145,85,160.777,89.260,15.777
yaw145_pitch+090,145,90,156.396,90.000,11.396
yaw150_pitch-090,150,-90,136.618,-86.591,13.382
yaw150_pitch-085,150,-85,133.057,-83.627,16.943
yaw150_pitch-080,150,-80,132.290,-80.520,17.710
yaw150_pitch-075,150,-75,131.027,-79.974,18.973
yaw150_pitch-070,150,-70,133.377,-72.988,16.623
yaw150_pitch-065,150,-65,131.586,-73.051,18.414
yaw150_pitch-060,150,-60,130.657,-77.220,19.343
yaw150_pitch-055,150,-55,128.891,-74.694,21.109
yaw150_pitch-050,150,-50,129.312,-71.502,20.688
yaw150_pitch-045,150,-45,134.802,-64.324,15.198
yaw150_pitch-040,150,-40,144.379,-46.236,5.621
yaw150_pitch-035,150,-35,147.620,-36.505,2.380
yaw150_pitch-030,150,-30,149.701,-30.675,0.299
yaw150_pitch-025,150,-25,151.485,-12.020,1.485
yaw150_pitch-020,150,-20,151.378,10.751,1.378
yaw150_pitch-015,150,-15,152.740,27.450,2.740
yaw150_pitch-010,150,-10,151.561,27.356,1.561
yaw150_pitch-005,150,-5,146.005,36.200,3.995
yaw150_pitch+000,150,0,141.201,41.123,8.799
yaw150_pitch+005,150,5,128.158,56.594,21.842
yaw150_pitch+010,150,10,119.520,71.642,30.480
yaw150_pitch+015,150,15,117.884,64.688,32.116
yaw150_pitch+020,150,20,123.785,52.249,26.215
yaw150_pitch+025,150,25,131.131,53.927,18.869
yaw150_pitch+030,150,30,136.807,63.375,13.193
yaw150_pitch+035,150,35,148.655,66.277,1.345
yaw150_pitch+040,150,40,156.592,65.017,6.592
yaw150_pitch+045,150,45,158.550,66.511,8.550
yaw150_pitch+050,150,50,160.122,68.620,10.122
yaw150_pitch+055,150,55,161.170,67.585,11.170
yaw150_pitch+060,150,60,161.723,70.187,11.723
yaw150_pitch+065,150,65,164.954,71.617,14.954
yaw150_pitch+070,150,70,166.479,73.969,16.479
yaw150_pitch+075,150,75,167.685,78.663,17.685
yaw150_pitch+080,150,80,167.961,82.584,17.961
yaw150_pitch+085,150,85,165.980,87.824,15.980
yaw150_pitch+090,150,90,163.039,90.000,13.039
yaw155_pitch-090,155,-90,136.396,-84.210,18.604
yaw155_pitch-085,155,-85,139.961,-87.485,15.039
yaw155_pitch-080,155,-80,141.795,-81.091,13.205
yaw155_pitch-075,155,-75,139.092,-82.641,15.908
yaw155_pitch-070,155,-70,138.067,-77.999,16.933
yaw155_pitch-065,155,-65,133.488,-72.824,21.512
yaw155_pitch-060,155,-60,134.040,-74.912,20.960
yaw155_pitch-055,155,-55,133.395,-72.840,21.605
yaw155_pitch-050,155,-50,134.648,-72.641,20.352
yaw155_pitch-045,155,-45,140.142,-64.446,14.858
yaw155_pitch-040,155,-40,145.239,-51.493,9.761
yaw155_pitch-035,155,-35,149.627,-41.302,5.373
yaw155_pitch-030,155,-30,154.744,-28.292,0.256
yaw155_pitch-025,155,-25,157.878,-7.807,2.878
yaw155_pitch-020,155,-20,159.756,12.229,4.756
yaw155_pitch-015,155,-15,159.998,26.245,4.998
yaw155_pitch-010,155,-10,156.724,32.672,1.724
yaw155_pitch-005,155,-5,158.504,35.870,3.504
yaw155_pitch+000,155,0,154.460,38.509,0.540
yaw155_pitch+005,155,5,144.970,45.224,10.030
yaw155_pitch+010,155,10,142.472,49.271,12.528
yaw155_pitch+015,155,15,139.951,46.784,15.049
yaw155_pitch+020,155,20,133.804,48.715,21.196
yaw155_pitch+025,155,25,141.864,57.516,13.136
yaw155_pitch+030,155,30,149.357,61.623,5.643
yaw155_pitch+035,155,35,156.372,65.138,1.372
yaw155_pitch+040,155,40,159.690,64.326,4.690
yaw155_pitch+045,155,45,161.787,66.154,6.787
yaw155_pitch+050,155,50,164.125,66.442,9.125
yaw155_pitch+055,155,55,164.281,66.290,9.281
yaw155_pitch+060,155,60,164.572,68.751,9.572
yaw155_pitch+065,155,65,167.833,71.832,12.833
yaw155_pitch+070,155,70,169.849,74.554,14.849
yaw155_pitch+075,155,75,171.259,78.592,16.259
yaw155_pitch+080,155,80,171.709,83.082,16.709
yaw155_pitch+085,155,85,173.020,86.345,18.020
yaw155_pitch+090,155,90,172.934,88.520,17.934
yaw160_pitch-090,160,-90,141.959,-84.989,18.041
yaw160_pitch-085,160,-85,149.987,-82.713,10.013
yaw160_pitch-080,160,-80,155.740,-80.563,4.260
yaw160_pitch-075,160,-75,149.988,-78.451,10.012
yaw160_pitch-070,160,-70,144.474,-75.238,15.526
yaw160_pitch-065,160,-65,141.573,-76.267,18.427
yaw160_pitch-060,160,-60,138.361,-74.152,21.639
yaw160_pitch-055,160,-55,139.195,-75.671,20.805
yaw160_pitch-050,160,-50,142.586,-71.269,17.414
yaw160_pitch-045,160,-45,141.741,-65.025,18.259
yaw160_pitch-040,160,-40,148.485,-53.142,11.515
yaw160_pitch-035,160,-35,150.657,-48.424,9.343
yaw160_pitch-030,160,-30,156.946,-30.729,3.054
yaw160_pitch-025,160,-25,159.489,-17.047,0.511
yaw160_pitch-020,160,-20,162.063,10.108,2.063
yaw160_pitch-015,160,-15,163.608,26.220,3.608
yaw160_pitch-010,160,-10,165.022,31.455,5.022
yaw160_pitch-005,160,-5,163.824,35.085,3.824
yaw160_pitch+000,160,0,162.509,41.010,2.509
yaw160_pitch+005,160,5,162.645,44.672,2.645
yaw160_pitch+010,160,10,157.535,47.217,2.465
yaw160_pitch+015,160,15,157.084,48.296,2.916
yaw160_pitch+020,160,20,153.763,55.519,6.237
yaw160_pitch+025,160,25,155.969,59.218,4.031
yaw160_pitch+030,160,30,160.304,61.205,0.304
yaw160_pitch+035,160,35,164.410,65.540,4.410
yaw160_pitch+040,160,40,167.595,65.032,7.595
yaw160_pitch+045,160,45,169.290,66.143,9.290
yaw160_pitch+050,160,50,170.270,63.107,10.270
yaw160_pitch+055,160,55,171.204,65.674,11.204
yaw160_pitch+060,160,60,169.275,67.292,9.275
yaw160_pitch+065,160,65,171.468,69.960,11.468
yaw160_pitch+070,160,70,175.335,74.801,15.335
yaw160_pitch+075,160,75,178.695,79.146,18.695
yaw160_pitch+080,160,80,179.140,82.684,19.140
yaw160_pitch+085,160,85,177.860,86.427,17.860
yaw160_pitch+090,160,90,178.312,86.549,18.312
yaw165_pitch-090,165,-90,154.175,-82.177,10.825
yaw165_pitch-085,165,-85,159.345,-82.283,5.655
yaw165_pitch-080,165,-80,173.616,-77.427,8.616
yaw165_pitch-075,165,-75,165.368,-75.652,0.368
yaw165_pitch-070,165,-70,155.948,-72.957,9.052
yaw165_pitch-065,165,-65,151.864,-77.371,13.136
yaw165_pitch-060,165,-60,149.569,-69.914,15.431
yaw165_pitch-055,165,-55,145.907,-71.215,19.093
yaw165_pitch-050,165,-50,146.446,-72.256,18.554
yaw165_pitch-045,165,-45,149.313,-62.398,15.687
yaw165_pitch-040,165,-40,151.915,-51.654,13.085
yaw165_pitch-035,165,-35,153.803,-46.662,11.197
yaw165_pitch-030,165,-30,158.540,-31.849,6.460
yaw165_pitch-025,165,-25,162.458,-17.745,2.542
yaw165_pitch-020,165,-20,165.183,12.392,0.183
yaw165_pitch-015,165,-15,171.200,25.130,6.200
yaw165_pitch-010,165,-10,169.218,32.095,4.218
yaw165_pitch-005,165,-5,169.292,37.130,4.292
yaw165_pitch+000,165,0,167.482,41.176,2.482
yaw165_pitch+005,165,5,166.350,45.810,1.350
yaw165_pitch+010,165,10,165.497,44.828,0.497
yaw165_pitch+015,165,15,167.667,44.689,2.667
yaw165_pitch+020,165,20,163.022,51.147,1.978
yaw165_pitch+025,165,25,165.578,56.471,0.578
yaw165_pitch+030,165,30,170.850,58.651,5.850
yaw165_pitch+035,165,35,172.830,64.242,7.830
yaw165_pitch+040,165,40,178.891,63.719,13.891
yaw165_pitch+045,165,45,178.074,62.987,13.074
yaw165_pitch+050,165,50,178.349,62.035,13.349
yaw165_pitch+055,165,55,176.871,63.651,11.871
yaw165_pitch+060,165,60,176.670,66.124,11.670
yaw165_pitch+065,165,65,179.298,69.202,14.298
yaw165_pitch+070,165,70,182.585,73.800,17.585
yaw165_pitch+075,165,75,183.717,78.706,18.717
yaw165_pitch+080,165,80,183.692,82.189,18.692
yaw165_pitch+085,165,85,183.944,86.889,18.944
yaw165_pitch+090,165,90,182.333,88.452,17.333
yaw170_pitch-090,170,-90,156.789,-83.061,13.211
yaw170_pitch-085,170,-85,159.101,-89.220,10.899
yaw170_pitch-080,170,-80,171.663,-84.336,1.663
yaw170_pitch-075,170,-75,169.082,-76.654,0.918
yaw170_pitch-070,170,-70,159.968,-69.926,10.032
yaw170_pitch-065,170,-65,165.097,-74.984,4.903
yaw170_pitch-060,170,-60,160.213,-70.918,9.787
yaw170_pitch-055,170,-55,158.281,-67.156,11.719
yaw170_pitch-050,170,-50,155.108,-63.031,14.892
yaw170_pitch-045,170,-45,151.823,-67.120,18.177
yaw170_pitch-040,170,-40,153.090,-59.186,16.910
yaw170_pitch-035,170,-35,156.319,-43.803,13.681
yaw170_pitch-030,170,-30,160.513,-30.268,9.487
yaw170_pitch-025,170,-25,166.262,-13.516,3.738
yaw170_pitch-020,170,-20,171.340,11.330,1.340
yaw170_pitch-015,170,-15,172.441,24.390,2.441
yaw170_pitch-010,170,-10,174.733,31.866,4.733
yaw170_pitch-005,170,-5,174.323,37.155,4.323
yaw170_pitch+000,170,0,172.430,42.693,2.430
yaw170_pitch+005,170,5,173.089,44.128,3.089
yaw170_pitch+010,170,10,176.492,42.966,6.492
yaw170_pitch+015,170,15,178.351,42.786,8.351
yaw170_pitch+020,170,20,182.206,42.448,12.206
yaw170_pitch+025,170,25,181.125,48.955,11.125
yaw170_pitch+030,170,30,181.024,52.236,11.024
yaw170_pitch+035,170,35,182.490,60.281,12.490
yaw170_pitch+040,170,40,185.778,59.024,15.778
yaw170_pitch+045,170,45,187.578,60.232,17.578
yaw170_pitch+050,170,50,183.973,62.086,13.973
yaw170_pitch+055,170,55,183.670,64.078,13.670
yaw170_pitch+060,170,60,183.407,65.699,13.407
yaw170_pitch+065,170,65,184.974,68.692,14.974
yaw170_pitch+070,170,70,187.175,72.583,17.175
yaw170_pitch+075,170,75,188.929,78.463,18.929
yaw170_pitch+080,170,80,190.126,83.319,20.126
yaw170_pitch+085,170,85,189.368,86.755,19.368
yaw170_pitch+090,170,90,184.265,88.362,14.265
yaw175_pitch-090,175,-90,161.518,-85.791,13.482
yaw175_pitch-085,175,-85,162.327,-87.529,12.673
yaw175_pitch-080,175,-80,164.673,-85.317,10.327
yaw175_pitch-075,175,-75,167.196,-78.175,7.804
yaw175_pitch-070,175,-70,166.064,-76.931,8.936
yaw175_pitch-065,175,-65,166.344,-70.793,8.656
yaw175_pitch-060,175,-60,166.330,-67.206,8.670
yaw175_pitch-055,175,-55,163.702,-68.722,11.298
yaw175_pitch-050,175,-50,162.640,-65.053,12.360
yaw175_pitch-045,175,-45,156.889,-61.670,18.111
yaw175_pitch-040,175,-40,158.481,-58.474,16.519
yaw175_pitch-035,175,-35,157.850,-50.876,17.150
yaw175_pitch-030,175,-30,162.553,-35.963,12.447
yaw175_pitch-025,175,-25,165.009,-16.111,9.991
yaw175_pitch-020,175,-20,171.880,8.324,3.120
yaw175_pitch-015,175,-15,175.802,25.240,0.802
yaw175_pitch-010,175,-10,176.403,32.842,1.403
yaw175_pitch-005,175,-5,176.144,39.295,1.144
yaw175_pitch+000,175,0,178.602,39.983,3.602
yaw175_pitch+005,175,5,179.994,44.242,4.994
yaw175_pitch+010,175,10,184.276,44.369,9.276
yaw175_pitch+015,175,15,189.066,41.967,14.066
yaw175_pitch+020,175,20,191.204,40.873,16.204
yaw175_pitch+025,175,25,190.700,43.835,15.700
yaw175_pitch+030,175,30,189.564,50.982,14.564
yaw175_pitch+035,175,35,192.199,54.235,17.199
yaw175_pitch+040,175,40,192.943,57.539,17.943
yaw175_pitch+045,175,45,195.204,58.357,20.204
yaw175_pitch+050,175,50,192.173,62.057,17.173
yaw175_pitch+055,175,55,190.490,62.197,15.490
yaw175_pitch+060,175,60,191.122,65.261,16.122
yaw175_pitch+065,175,65,190.663,68.837,15.663
yaw175_pitch+070,175,70,192.537,73.048,17.537
yaw175_pitch+075,175,75,191.828,78.043,16.828
yaw175_pitch+080,175,80,192.548,83.223,17.548
yaw175_pitch+085,175,85,193.459,86.917,18.459
yaw175_pitch+090,175,90,193.679,90.000,18.679
yaw180_pitch-090,180,-90,166.765,-89.294,13.235
yaw180_pitch-085,180,-85,168.067,-84.312,11.933
yaw180_pitch-080,180,-80,167.781,-77.812,12.219
yaw180_pitch-075,180,-75,169.607,-72.711,10.393
yaw180_pitch-070,180,-70,171.054,-70.146,8.946
yaw180_pitch-065,180,-65,172.142,-69.864,7.858
yaw180_pitch-060,180,-60,172.072,-67.180,7.928
yaw180_pitch-055,180,-55,169.851,-63.175,10.149
yaw180_pitch-050,180,-50,168.212,-59.050,11.788
yaw180_pitch-045,180,-45,162.780,-56.616,17.220
yaw180_pitch-040,180,-40,161.391,-51.770,18.609
yaw180_pitch-035,180,-35,161.569,-48.592,18.431
yaw180_pitch-030,180,-30,165.186,-32.151,14.814
yaw180_pitch-025,180,-25,169.539,-14.007,10.461
yaw180_pitch-020,180,-20,174.487,7.565,5.513
yaw180_pitch-015,180,-15,178.980,21.309,1.020
yaw180_pitch-010,180,-10,180.741,33.223,0.741
yaw180_pitch-005,180,-5,182.600,39.729,2.600
yaw180_pitch+000,180,0,184.991,43.214,4.991
yaw180_pitch+005,180,5,188.451,44.857,8.451
yaw180_pitch+010,180,10,193.023,44.190,13.023
yaw180_pitch+015,180,15,195.192,44.140,15.192
yaw180_pitch+020,180,20,198.261,43.475,18.261
yaw180_pitch+025,180,25,196.042,45.818,16.042
yaw180_pitch+030,180,30,197.990,50.060,17.990
yaw180_pitch+035,180,35,198.601,55.461,18.601
yaw180_pitch+040,180,40,199.616,55.977,19.616
yaw180_pitch+045,180,45,199.234,56.744,19.234
yaw180_pitch+050,180,50,195.567,59.712,15.567
yaw180_pitch+055,180,55,195.367,62.921,15.367
yaw180_pitch+060,180,60,195.509,66.114,15.509
yaw180_pitch+065,180,65,197.561,69.656,17.561
yaw180_pitch+070,180,70,196.008,73.058,16.008
yaw180_pitch+075,180,75,195.925,79.931,15.925
yaw180_pitch+080,180,80,197.108,83.646,17.108
yaw180_pitch+085,180,85,198.122,87.577,18.122
yaw180_pitch+090,180,90,197.242,90.000,17.242
yaw185_pitch-090,185,-90,175.710,-88.388,9.290
yaw185_pitch-085,185,-85,174.151,-89.017,10.849
yaw185_pitch-080,185,-80,174.203,-79.680,10.797
yaw185_pitch-075,185,-75,174.980,-70.965,10.020
yaw185_pitch-070,185,-70,177.457,-65.151,7.543
yaw185_pitch-065,185,-65,177.935,-68.017,7.065
yaw185_pitch-060,185,-60,176.707,-67.394,8.293
yaw185_pitch-055,185,-55,176.113,-66.870,8.887
yaw185_pitch-050,185,-50,174.174,-57.057,10.826
yaw185_pitch-045,185,-45,170.136,-54.690,14.864
yaw185_pitch-040,185,-40,167.965,-38.107,17.035
yaw185_pitch-035,185,-35,167.967,-42.193,17.033
yaw185_pitch-030,185,-30,169.645,-32.022,15.355
yaw185_pitch-025,185,-25,173.337,-13.764,11.663
yaw185_pitch-020,185,-20,175.283,14.999,9.717
yaw185_pitch-015,185,-15,180.235,24.632,4.765
yaw185_pitch-010,185,-10,187.129,31.178,2.129
yaw185_pitch-005,185,-5,183.622,42.484,1.378
yaw185_pitch+000,185,0,190.575,45.161,5.575
yaw185_pitch+005,185,5,193.772,45.248,8.772
yaw185_pitch+010,185,10,195.377,44.930,10.377
yaw185_pitch+015,185,15,200.486,44.542,15.486
yaw185_pitch+020,185,20,201.315,45.924,16.315
yaw185_pitch+025,185,25,202.609,47.320,17.609
yaw185_pitch+030,185,30,205.523,50.891,20.523
yaw185_pitch+035,185,35,203.930,55.023,18.930
yaw185_pitch+040,185,40,204.935,56.118,19.935
yaw185_pitch+045,185,45,203.656,57.942,18.656
yaw185_pitch+050,185,50,201.896,60.738,16.896
yaw185_pitch+055,185,55,198.484,63.013,13.484
yaw185_pitch+060,185,60,201.390,65.975,16.390
yaw185_pitch+065,185,65,201.023,68.277,16.023
yaw185_pitch+070,185,70,200.071,72.733,15.071
yaw185_pitch+075,185,75,200.046,78.877,15.046
yaw185_pitch+080,185,80,203.413,84.312,18.413
yaw185_pitch+085,185,85,202.290,87.688,17.290
yaw185_pitch+090,185,90,204.136,90.000,19.136
yaw190_pitch-090,190,-90,184.654,-87.309,5.346
yaw190_pitch-085,190,-85,179.531,-83.895,10.469
yaw190_pitch-080,190,-80,178.117,-78.263,11.883
yaw190_pitch-075,190,-75,179.964,-72.567,10.036
yaw190_pitch-070,190,-70,184.110,-69.649,5.890
yaw190_pitch-065,190,-65,184.601,-66.797,5.399
yaw190_pitch-060,190,-60,183.233,-65.776,6.767
yaw190_pitch-055,190,-55,185.028,-62.832,4.972
yaw190_pitch-050,190,-50,183.887,-53.522,6.113
yaw190_pitch-045,190,-45,180.512,-54.269,9.488
yaw190_pitch-040,190,-40,180.424,-47.652,9.576
yaw190_pitch-035,190,-35,175.536,-37.523,14.464
yaw190_pitch-030,190,-30,173.036,-29.772,16.964
yaw190_pitch-025,190,-25,177.849,-16.272,12.151
yaw190_pitch-020,190,-20,180.312,3.433,9.688
yaw190_pitch-015,190,-15,184.649,22.951,5.351
yaw190_pitch-010,190,-10,188.955,33.362,1.045
yaw190_pitch-005,190,-5,190.634,40.709,0.634
yaw190_pitch+000,190,0,193.117,45.314,3.117
yaw190_pitch+005,190,5,196.047,47.641,6.047
yaw190_pitch+010,190,10,200.886,46.127,10.886
yaw190_pitch+015,190,15,201.948,47.821,11.948
yaw190_pitch+020,190,20,205.958,48.160,15.958
yaw190_pitch+025,190,25,207.092,51.083,17.092
yaw190_pitch+030,190,30,208.151,52.478,18.151
yaw190_pitch+035,190,35,209.055,56.553,19.055
yaw190_pitch+040,190,40,209.924,56.231,19.924
yaw190_pitch+045,190,45,206.849,57.154,16.849
yaw190_pitch+050,190,50,207.707,59.837,17.707
yaw190_pitch+055,190,55,207.061,62.921,17.061
yaw190_pitch+060,190,60,207.357,65.765,17.357
yaw190_pitch+065,190,65,208.155,68.681,18.155
yaw190_pitch+070,190,70,203.791,71.689,13.791
yaw190_pitch+075,190,75,204.564,77.756,14.564
yaw190_pitch+080,190,80,206.374,83.299,16.374
yaw190_pitch+085,190,85,205.945,87.859,15.945
yaw190_pitch+090,190,90,208.487,90.000,18.487
yaw195_pitch-090,195,-90,186.224,-85.401,8.776
yaw195_pitch-085,195,-85,182.582,-84.132,12.418
yaw195_pitch-080,195,-80,184.734,-76.937,10.266
yaw195_pitch-075,195,-75,185.739,-74.210,9.261
yaw195_pitch-070,195,-70,184.807,-70.982,10.193
yaw195_pitch-065,195,-65,188.948,-64.953,6.052
yaw195_pitch-060,195,-60,188.802,-63.584,6.198
yaw195_pitch-055,195,-55,189.044,-63.544,5.956
yaw195_pitch-050,195,-50,187.300,-58.237,7.700
yaw195_pitch-045,195,-45,187.883,-51.082,7.117
yaw195_pitch-040,195,-40,185.282,-51.676,9.718
yaw195_pitch-035,195,-35,186.137,-35.675,8.863
yaw195_pitch-030,195,-30,186.072,-33.866,8.928
yaw195_pitch-025,195,-25,188.898,-16.515,6.102
yaw195_pitch-020,195,-20,190.588,1.807,4.412
yaw195_pitch-015,195,-15,192.789,21.367,2.211
yaw195_pitch-010,195,-10,194.482,32.667,0.518
yaw195_pitch-005,195,-5,194.705,43.093,0.295
yaw195_pitch+000,195,0,196.555,45.734,1.555
yaw195_pitch+005,195,5,199.773,46.181,4.773
yaw195_pitch+010,195,10,202.311,48.049,7.311
yaw195_pitch+015,195,15,205.317,49.111,10.317
yaw195_pitch+020,195,20,207.235,51.424,12.235
yaw195_pitch+025,195,25,207.762,53.315,12.762
yaw195_pitch+030,195,30,211.724,52.911,16.724
yaw195_pitch+035,195,35,211.731,54.626,16.731
yaw195_pitch+040,195,40,213.845,55.612,18.845
yaw195_pitch+045,195,45,212.469,55.635,17.469
yaw195_pitch+050,195,50,213.366,58.928,18.366
yaw195_pitch+055,195,55,212.248,61.854,17.248
yaw195_pitch+060,195,60,212.425,65.263,17.425
yaw195_pitch+065,195,65,211.918,70.102,16.918
yaw195_pitch+070,195,70,211.331,73.664,16.331
yaw195_pitch+075,195,75,210.230,78.135,15.230
yaw195_pitch+080,195,80,211.130,84.278,16.130
yaw195_pitch+085,195,85,209.638,88.068,14.638
yaw195_pitch+090,195,90,208.806,90.000,13.806
yaw200_pitch-090,200,-90,190.688,-89.549,9.312
yaw200_pitch-085,200,-85,189.138,-82.724,10.862
yaw200_pitch-080,200,-80,188.153,-76.021,11.847
yaw200_pitch-075,200,-75,192.239,-71.850,7.761
yaw200_pitch-070,200,-70,192.531,-69.756,7.469
yaw200_pitch-065,200,-65,192.470,-68.797,7.530
yaw200_pitch-060,200,-60,192.184,-63.786,7.816
yaw200_pitch-055,200,-55,192.561,-61.864,7.439
yaw200_pitch-050,200,-50,193.054,-58.339,6.946
yaw200_pitch-045,200,-45,195.827,-53.856,4.173
yaw200_pitch-040,200,-40,197.943,-45.864,2.057
yaw200_pitch-035,200,-35,196.060,-29.140,3.940
yaw200_pitch-030,200,-30,198.294,-14.364,1.706
yaw200_pitch-025,200,-25,201.240,-2.174,1.240
yaw200_pitch-020,200,-20,198.044,0.058,1.956
yaw200_pitch-015,200,-15,199.002,14.753,0.998
yaw200_pitch-010,200,-10,197.855,27.822,2.145
yaw200_pitch-005,200,-5,199.289,41.177,0.711
yaw200_pitch+000,200,0,199.193,48.171,0.807
yaw200_pitch+005,200,5,202.277,48.019,2.277
yaw200_pitch+010,200,10,205.092,49.682,5.092
yaw200_pitch+015,200,15,207.616,49.999,7.616
yaw200_pitch+020,200,20,209.254,52.162,9.254
yaw200_pitch+025,200,25,210.672,53.342,10.672
yaw200_pitch+030,200,30,213.215,54.971,13.215
yaw200_pitch+035,200,35,215.532,52.743,15.532
yaw200_pitch+040,200,40,215.814,55.500,15.814
yaw200_pitch+045,200,45,215.944,55.624,15.944
yaw200_pitch+050,200,50,217.376,57.324,17.376
yaw200_pitch+055,200,55,217.736,59.593,17.736
yaw200_pitch+060,200,60,216.813,65.623,16.813
yaw200_pitch+065,200,65,216.385,70.234,16.385
yaw200_pitch+070,200,70,215.613,74.561,15.613
yaw200_pitch+075,200,75,215.713,80.311,15.713
yaw200_pitch+080,200,80,216.409,86.160,16.409
yaw200_pitch+085,200,85,217.286,88.461,17.286
yaw200_pitch+090,200,90,217.207,90.000,17.207
yaw205_pitch-090,205,-90,192.866,-87.290,12.134
yaw205_pitch-085,205,-85,192.114,-83.187,12.886
yaw205_pitch-080,205,-80,194.511,-76.902,10.489
yaw205_pitch-075,205,-75,193.790,-72.428,11.210
yaw205_pitch-070,205,-70,195.812,-68.222,9.188
yaw205_pitch-065,205,-65,196.688,-62.889,8.312
yaw205_pitch-060,205,-60,198.262,-62.907,6.738
yaw205_pitch-055,205,-55,198.805,-58.442,6.195
yaw205_pitch-050,205,-50,199.423,-54.878,5.577
yaw205_pitch-045,205,-45,199.331,-50.139,5.669
yaw205_pitch-040,205,-40,201.764,-47.050,3.236
yaw205_pitch-035,205,-35,203.337,-30.289,1.663
yaw205_pitch-030,205,-30,204.767,-13.109,0.233
yaw205_pitch-025,205,-25,207.561,0.375,2.561
yaw205_pitch-020,205,-20,206.949,3.673,1.949
yaw205_pitch-015,205,-15,205.359,14.321,0.359
yaw205_pitch-010,205,-10,203.368,24.072,1.632
yaw205_pitch-005,205,-5,203.944,39.607,1.056
yaw205_pitch+000,205,0,203.569,45.299,1.431
yaw205_pitch+005,205,5,205.629,51.788,0.629
yaw205_pitch+010,205,10,207.580,50.638,2.580
yaw205_pitch+015,205,15,208.998,52.463,3.998
yaw205_pitch+020,205,20,210.481,52.864,5.481
yaw205_pitch+025,205,25,212.374,56.357,7.374
yaw205_pitch+030,205,30,214.187,57.472,9.187
yaw205_pitch+035,205,35,216.107,56.188,11.107
yaw205_pitch+040,205,40,216.807,57.081,11.807
yaw205_pitch+045,205,45,217.261,56.613,12.261
yaw205_pitch+050,205,50,219.251,57.722,14.251
yaw205_pitch+055,205,55,220.229,60.313,15.229
yaw205_pitch+060,205,60,220.366,64.453,15.366
yaw205_pitch+065,205,65,219.462,69.889,14.462
yaw205_pitch+070,205,70,218.596,74.573,13.596
yaw205_pitch+075,205,75,218.742,79.802,13.742
yaw205_pitch+080,205,80,219.284,87.082,14.284
yaw205_pitch+085,205,85,220.358,88.714,15.358
yaw205_pitch+090,205,90,222.811,90.000,17.811
yaw210_pitch-090,210,-90,200.561,-87.069,9.439
yaw210_pitch-085,210,-85,198.884,-83.712,11.116
yaw210_pitch-080,210,-80,199.352,-75.827,10.648
yaw210_pitch-075,210,-75,200.638,-72.041,9.362
yaw210_pitch-070,210,-70,201.374,-70.192,8.626
yaw210_pitch-065,210,-65,200.590,-72.514,9.410
yaw210_pitch-060,210,-60,201.044,-63.650,8.956
yaw210_pitch-055,210,-55,203.383,-57.480,6.617
yaw210_pitch-050,210,-50,203.835,-53.777,6.165
yaw210_pitch-045,210,-45,205.322,-51.828,4.678
yaw210_pitch-040,210,-40,205.625,-42.972,4.375
yaw210_pitch-035,210,-35,207.676,-30.411,2.324
yaw210_pitch-030,210,-30,209.745,-7.770,0.255
yaw210_pitch-025,210,-25,211.315,3.542,1.315
yaw210_pitch-020,210,-20,211.239,4.263,1.239
yaw210_pitch-015,210,-15,209.588,13.726,0.412
yaw210_pitch-010,210,-10,207.842,18.629,2.158
yaw210_pitch-005,210,-5,206.711,41.481,3.289
yaw210_pitch+000,210,0,206.455,47.476,3.545
yaw210_pitch+005,210,5,208.810,50.839,1.190
yaw210_pitch+010,210,10,210.155,51.298,0.155
yaw210_pitch+015,210,15,210.414,54.658,0.414
yaw210_pitch+020,210,20,211.822,56.776,1.822
yaw210_pitch+025,210,25,213.884,59.594,3.884
yaw210_pitch+030,210,30,215.671,59.511,5.671
yaw210_pitch+035,210,35,216.891,59.712,6.891
yaw210_pitch+040,210,40,217.184,57.430,7.184
yaw210_pitch+045,210,45,218.067,58.350,8.067
yaw210_pitch+050,210,50,220.557,58.698,10.557
yaw210_pitch+055,210,55,221.309,60.985,11.309
yaw210_pitch+060,210,60,221.445,65.939,11.445
yaw210_pitch+065,210,65,220.954,71.395,10.954
yaw210_pitch+070,210,70,220.658,76.699,10.658
yaw210_pitch+075,210,75,220.474,79.366,10.474
yaw210_pitch+080,210,80,221.827,86.671,11.827
yaw210_pitch+085,210,85,223.229,90.000,13.229
yaw210_pitch+090,210,90,226.454,90.000,16.454
yaw215_pitch-090,215,-90,205.207,-89.740,9.793
yaw215_pitch-085,215,-85,203.257,-83.272,11.743
yaw215_pitch-080,215,-80,203.182,-78.280,11.818
yaw215_pitch-075,215,-75,205.579,-71.198,9.421
yaw215_pitch-070,215,-70,206.344,-69.980,8.656
yaw215_pitch-065,215,-65,205.720,-61.791,9.280
yaw215_pitch-060,215,-60,207.630,-64.355,7.370
yaw215_pitch-055,215,-55,208.629,-62.234,6.371
yaw215_pitch-050,215,-50,210.493,-51.809,4.507
yaw215_pitch-045,215,-45,211.526,-45.595,3.474
yaw215_pitch-040,215,-40,212.374,-44.935,2.626
yaw215_pitch-035,215,-35,212.883,-29.861,2.117
yaw215_pitch-030,215,-30,213.398,-11.466,1.602
yaw215_pitch-025,215,-25,213.983,1.937,1.017
yaw215_pitch-020,215,-20,213.561,7.086,1.439
yaw215_pitch-015,215,-15,213.480,11.346,1.520
yaw215_pitch-010,215,-10,211.930,23.047,3.070
yaw215_pitch-005,215,-5,210.005,35.765,4.995
yaw215_pitch+000,215,0,209.605,50.559,5.395
yaw215_pitch+005,215,5,212.018,52.432,2.982
yaw215_pitch+010,215,10,212.747,54.500,2.253
yaw215_pitch+015,215,15,213.308,55.652,1.692
yaw215_pitch+020,215,20,215.170,58.053,0.170
yaw215_pitch+025,215,25,216.711,60.808,1.711
yaw215_pitch+030,215,30,218.051,60.819,3.051
yaw215_pitch+035,215,35,218.713,61.407,3.713
yaw215_pitch+040,215,40,219.268,60.076,4.268
yaw215_pitch+045,215,45,220.501,59.576,5.501
yaw215_pitch+050,215,50,221.045,60.271,6.045
yaw215_pitch+055,215,55,222.033,63.808,7.033
yaw215_pitch+060,215,60,222.490,67.933,7.490
yaw215_pitch+065,215,65,222.652,72.632,7.652
yaw215_pitch+070,215,70,222.378,76.218,7.378
yaw215_pitch+075,215,75,223.035,79.819,8.035
yaw215_pitch+080,215,80,224.631,85.996,9.631
yaw215_pitch+085,215,85,227.279,86.994,12.279
yaw215_pitch+090,215,90,229.728,90.000,14.728
yaw220_pitch-090,220,-90,206.061,-90.000,13.939
yaw220_pitch-085,220,-85,207.071,-85.352,12.929
yaw220_pitch-080,220,-80,207.836,-82.374,12.164
yaw220_pitch-075,220,-75,208.585,-75.541,11.415
yaw220_pitch-070,220,-70,210.100,-71.247,9.900
yaw220_pitch-065,220,-65,209.591,-74.530,10.409
yaw220_pitch-060,220,-60,211.562,-65.864,8.438
yaw220_pitch-055,220,-55,212.939,-63.830,7.061
yaw220_pitch-050,220,-50,214.261,-58.809,5.739
yaw220_pitch-045,220,-45,215.635,-50.778,4.365
yaw220_pitch-040,220,-40,215.981,-45.023,4.019
yaw220_pitch-035,220,-35,216.352,-32.488,3.648
yaw220_pitch-030,220,-30,216.608,-18.551,3.392
yaw220_pitch-025,220,-25,215.890,0.397,4.110
yaw220_pitch-020,220,-20,216.424,5.762,3.576
yaw220_pitch-015,220,-15,216.093,13.232,3.907
yaw220_pitch-010,220,-10,215.364,24.022,4.636
yaw220_pitch-005,220,-5,214.245,36.433,5.755
yaw220_pitch+000,220,0,213.915,48.341,6.085
yaw220_pitch+005,220,5,214.894,54.353,5.106
yaw220_pitch+010,220,10,215.556,54.850,4.444
yaw220_pitch+015,220,15,216.730,59.735,3.270
yaw220_pitch+020,220,20,218.764,59.533,1.236
yaw220_pitch+025,220,25,219.347,60.165,0.653
yaw220_pitch+030,220,30,221.031,60.125,1.031
yaw220_pitch+035,220,35,221.075,60.796,1.075
yaw220_pitch+040,220,40,221.299,60.193,1.299
yaw220_pitch+045,220,45,222.236,60.232,2.236
yaw220_pitch+050,220,50,223.546,60.969,3.546
yaw220_pitch+055,220,55,223.983,65.330,3.983
yaw220_pitch+060,220,60,224.362,69.335,4.362
yaw220_pitch+065,220,65,224.209,74.606,4.209
yaw220_pitch+070,220,70,225.350,76.564,5.350
yaw220_pitch+075,220,75,226.962,81.742,6.962
yaw220_pitch+080,220,80,229.965,86.438,9.965
yaw220_pitch+085,220,85,233.879,87.943,13.879
yaw220_pitch+090,220,90,235.269,90.000,15.269
yaw225_pitch-090,225,-90,213.093,-87.535,11.907
yaw225_pitch-085,225,-85,211.946,-82.823,13.054
yaw225_pitch-080,225,-80,211.677,-79.222,13.323
yaw225_pitch-075,225,-75,212.741,-78.041,12.259
yaw225_pitch-070,225,-70,211.769,-72.754,13.231
yaw225_pitch-065,225,-65,214.627,-66.771,10.373
yaw225_pitch-060,225,-60,215.645,-64.922,9.355
yaw225_pitch-055,225,-55,216.346,-61.466,8.654
yaw225_pitch-050,225,-50,216.837,-59.651,8.163
yaw225_pitch-045,225,-45,218.307,-49.619,6.693
yaw225_pitch-040,225,-40,218.335,-48.437,6.665
yaw225_pitch-035,225,-35,218.958,-36.383,6.042
yaw225_pitch-030,225,-30,219.189,-27.012,5.811
yaw225_pitch-025,225,-25,219.853,-0.455,5.147
yaw225_pitch-020,225,-20,219.473,7.681,5.527
yaw225_pitch-015,225,-15,220.159,18.406,4.841
yaw225_pitch-010,225,-10,219.835,26.761,5.165
yaw225_pitch-005,225,-5,219.202,32.130,5.798
yaw225_pitch+000,225,0,218.875,47.441,6.125
yaw225_pitch+005,225,5,218.873,54.641,6.127
yaw225_pitch+010,225,10,219.165,58.732,5.835
yaw225_pitch+015,225,15,220.166,58.430,4.834
yaw225_pitch+020,225,20,221.942,60.191,3.058
yaw225_pitch+025,225,25,222.948,60.890,2.052
yaw225_pitch+030,225,30,223.608,60.399,1.392
yaw225_pitch+035,225,35,223.964,60.518,1.036
yaw225_pitch+040,225,40,224.325,59.889,0.675
yaw225_pitch+045,225,45,225.546,61.057,0.546
yaw225_pitch+050,225,50,226.461,63.826,1.461
yaw225_pitch+055,225,55,227.004,66.109,2.004
yaw225_pitch+060,225,60,228.414,71.079,3.414
yaw225_pitch+065,225,65,229.703,76.706,4.703
yaw225_pitch+070,225,70,231.154,78.940,6.154
yaw225_pitch+075,225,75,231.474,83.293,6.474
yaw225_pitch+080,225,80,235.914,86.574,10.914
yaw225_pitch+085,225,85,238.359,90.000,13.359
yaw225_pitch+090,225,90,244.250,90.000,19.250
yaw230_pitch-090,230,-90,219.379,-89.434,10.621
yaw230_pitch-085,230,-85,216.791,-85.576,13.209
yaw230_pitch-080,230,-80,216.933,-79.977,13.067
yaw230_pitch-075,230,-75,217.365,-77.648,12.635
yaw230_pitch-070,230,-70,217.926,-73.820,12.074
yaw230_pitch-065,230,-65,218.294,-64.677,11.706
yaw230_pitch-060,230,-60,218.555,-65.517,11.445
yaw230_pitch-055,230,-55,219.200,-62.046,10.800
yaw230_pitch-050,230,-50,219.350,-59.526,10.650
yaw230_pitch-045,230,-45,220.463,-52.940,9.537
yaw230_pitch-040,230,-40,220.708,-48.531,9.292
yaw230_pitch-035,230,-35,221.433,-33.662,8.567
yaw230_pitch-030,230,-30,222.618,-15.340,7.382
yaw230_pitch-025,230,-25,222.926,-0.042,7.074
yaw230_pitch-020,230,-20,223.156,8.680,6.844
yaw230_pitch-015,230,-15,223.943,18.815,6.057
yaw230_pitch-010,230,-10,224.473,25.926,5.527
yaw230_pitch-005,230,-5,224.345,31.145,5.655
yaw230_pitch+000,230,0,223.318,44.368,6.682
yaw230_pitch+005,230,5,224.593,53.680,5.407
yaw230_pitch+010,230,10,225.067,56.279,4.933
yaw230_pitch+015,230,15,226.118,61.462,3.882
yaw230_pitch+020,230,20,227.625,61.430,2.375
yaw230_pitch+025,230,25,227.478,60.868,2.522
yaw230_pitch+030,230,30,227.305,60.378,2.695
yaw230_pitch+035,230,35,227.151,61.312,2.849
yaw230_pitch+040,230,40,229.421,62.737,0.579
yaw230_pitch+045,230,45,230.087,62.363,0.087
yaw230_pitch+050,230,50,230.185,64.625,0.185
yaw230_pitch+055,230,55,231.778,66.468,1.778
yaw230_pitch+060,230,60,232.771,71.616,2.771
yaw230_pitch+065,230,65,236.482,75.924,6.482
yaw230_pitch+070,230,70,237.806,79.732,7.806
yaw230_pitch+075,230,75,239.414,84.516,9.414
yaw230_pitch+080,230,80,243.275,86.838,13.275
yaw230_pitch+085,230,85,243.752,87.868,13.752
yaw230_pitch+090,230,90,247.260,90.000,17.260
yaw235_pitch-090,235,-90,224.080,-89.147,10.920
yaw235_pitch-085,235,-85,222.846,-83.300,12.154
yaw235_pitch-080,235,-80,222.050,-81.205,12.950
yaw235_pitch-075,235,-75,220.982,-79.310,14.018
yaw235_pitch-070,235,-70,221.265,-75.320,13.735
yaw235_pitch-065,235,-65,221.716,-72.554,13.284
yaw235_pitch-060,235,-60,222.032,-67.079,12.968
yaw235_pitch-055,235,-55,222.926,-61.367,12.074
yaw235_pitch-050,235,-50,223.182,-60.222,11.818
yaw235_pitch-045,235,-45,223.748,-53.667,11.252
yaw235_pitch-040,235,-40,224.576,-49.420,10.424
yaw235_pitch-035,235,-35,224.797,-34.582,10.203
yaw235_pitch-030,235,-30,225.234,-18.412,9.766
yaw235_pitch-025,235,-25,227.214,3.792,7.786
yaw235_pitch-020,235,-20,227.485,14.049,7.515
yaw235_pitch-015,235,-15,228.376,22.573,6.624
yaw235_pitch-010,235,-10,229.902,26.373,5.098
yaw235_pitch-005,235,-5,230.096,31.801,4.904
yaw235_pitch+000,235,0,230.266,41.225,4.734
yaw235_pitch+005,235,5,231.897,50.968,3.103
yaw235_pitch+010,235,10,231.998,55.923,3.002
yaw235_pitch+015,235,15,234.551,59.382,0.449
yaw235_pitch+020,235,20,236.187,62.270,1.187
yaw235_pitch+025,235,25,234.652,61.529,0.348
yaw235_pitch+030,235,30,234.563,61.308,0.437
yaw235_pitch+035,235,35,232.857,62.112,2.143
yaw235_pitch+040,235,40,232.698,62.520,2.302
yaw235_pitch+045,235,45,235.921,63.339,0.921
yaw235_pitch+050,235,50,236.102,64.730,1.102
yaw235_pitch+055,235,55,236.167,68.218,1.167
yaw235_pitch+060,235,60,238.741,72.527,3.741
yaw235_pitch+065,235,65,240.810,76.507,5.810
yaw235_pitch+070,235,70,242.739,79.243,7.739
yaw235_pitch+075,235,75,245.030,84.721,10.030
yaw235_pitch+080,235,80,246.307,87.563,11.307
yaw235_pitch+085,235,85,248.549,90.000,13.549
yaw235_pitch+090,235,90,247.807,90.000,12.807
yaw240_pitch-090,240,-90,229.324,-88.623,10.676
yaw240_pitch-085,240,-85,227.214,-85.402,12.786
yaw240_pitch-080,240,-80,226.907,-83.725,13.093
yaw240_pitch-075,240,-75,225.504,-79.304,14.496
yaw240_pitch-070,240,-70,224.850,-76.039,15.150
yaw240_pitch-065,240,-65,224.947,-72.853,15.053
yaw240_pitch-060,240,-60,226.180,-72.431,13.820
yaw240_pitch-055,240,-55,226.120,-64.772,13.880
yaw240_pitch-050,240,-50,227.455,-60.446,12.545
yaw240_pitch-045,240,-45,227.320,-57.412,12.680
yaw240_pitch-040,240,-40,228.710,-53.202,11.290
yaw240_pitch-035,240,-35,228.790,-37.980,11.210
yaw240_pitch-030,240,-30,228.877,-19.794,11.123
yaw240_pitch-025,240,-25,231.098,4.216,8.902
yaw240_pitch-020,240,-20,233.305,16.755,6.695
yaw240_pitch-015,240,-15,234.463,22.289,5.537
yaw240_pitch-010,240,-10,234.901,25.742,5.099
yaw240_pitch-005,240,-5,236.702,27.571,3.298
yaw240_pitch+000,240,0,239.862,38.049,0.138
yaw240_pitch+005,240,5,240.495,49.233,0.495
yaw240_pitch+010,240,10,241.342,54.240,1.342
yaw240_pitch+015,240,15,241.034,58.508,1.034
yaw240_pitch+020,240,20,241.211,60.056,1.211
yaw240_pitch+025,240,25,240.440,61.718,0.440
yaw240_pitch+030,240,30,240.470,61.335,0.470
yaw240_pitch+035,240,35,239.992,62.395,0.008
yaw240_pitch+040,240,40,241.741,62.885,1.741
yaw240_pitch+045,240,45,242.384,62.711,2.384
yaw240_pitch+050,240,50,244.347,64.519,4.347
yaw240_pitch+055,240,55,246.892,67.351,6.892
yaw240_pitch+060,240,60,245.867,71.445,5.867
yaw240_pitch+065,240,65,247.023,75.621,7.023
yaw240_pitch+070,240,70,248.142,79.887,8.142
yaw240_pitch+075,240,75,253.384,83.203,13.384
yaw240_pitch+080,240,80,254.792,85.491,14.792
yaw240_pitch+085,240,85,259.382,90.000,19.382
yaw240_pitch+090,240,90,253.510,90.000,13.510
yaw245_pitch-090,245,-90,233.455,-90.000,11.545
yaw245_pitch-085,245,-85,231.356,-85.754,13.644
yaw245_pitch-080,245,-80,231.421,-83.077,13.579
yaw245_pitch-075,245,-75,231.493,-80.137,13.507
yaw245_pitch-070,245,-70,229.684,-79.010,15.316
yaw245_pitch-065,245,-65,229.288,-76.352,15.712
yaw245_pitch-060,245,-60,229.649,-61.915,15.351
yaw245_pitch-055,245,-55,229.675,-68.220,15.325
yaw245_pitch-050,245,-50,230.243,-62.082,14.757
yaw245_pitch-045,245,-45,232.472,-56.014,12.528
yaw245_pitch-040,245,-40,232.548,-53.901,12.452
yaw245_pitch-035,245,-35,236.214,-41.598,8.786
yaw245_pitch-030,245,-30,236.246,-19.343,8.754
yaw245_pitch-025,245,-25,236.944,2.585,8.056
yaw245_pitch-020,245,-20,240.006,14.439,4.994
yaw245_pitch-015,245,-15,241.115,20.513,3.885
yaw245_pitch-010,245,-10,242.752,25.162,2.248
yaw245_pitch-005,245,-5,243.015,29.893,1.985
yaw245_pitch+000,245,0,246.125,37.262,1.125
yaw245_pitch+005,245,5,245.360,46.642,0.360
yaw245_pitch+010,245,10,243.873,49.414,1.127
yaw245_pitch+015,245,15,244.706,56.040,0.294
yaw245_pitch+020,245,20,243.787,59.115,1.213
yaw245_pitch+025,245,25,243.357,60.201,1.643
yaw245_pitch+030,245,30,244.127,60.734,0.873
yaw245_pitch+035,245,35,246.875,61.318,1.875
yaw245_pitch+040,245,40,247.765,61.474,2.765
yaw245_pitch+045,245,45,248.048,62.323,3.048
yaw245_pitch+050,245,50,249.491,63.182,4.491
yaw245_pitch+055,245,55,251.574,66.375,6.574
yaw245_pitch+060,245,60,253.542,70.599,8.542
yaw245_pitch+065,245,65,253.000,74.631,8.000
yaw245_pitch+070,245,70,254.629,78.967,9.629
yaw245_pitch+075,245,75,258.468,81.169,13.468
yaw245_pitch+080,245,80,260.815,85.828,15.815
yaw245_pitch+085,245,85,261.804,89.930,16.804
yaw245_pitch+090,245,90,262.565,90.000,17.565
yaw250_pitch-090,250,-90,236.806,-89.354,13.194
yaw250_pitch-085,250,-85,234.804,-87.995,15.196
yaw250_pitch-080,250,-80,234.273,-86.894,15.727
yaw250_pitch-075,250,-75,233.844,-83.686,16.156
yaw250_pitch-070,250,-70,232.616,-81.366,17.384
yaw250_pitch-065,250,-65,235.832,-75.019,14.168
yaw250_pitch-060,250,-60,235.105,-73.880,14.895
yaw250_pitch-055,250,-55,235.161,-65.708,14.839
yaw250_pitch-050,250,-50,234.320,-63.381,15.680
yaw250_pitch-045,250,-45,236.917,-55.430,13.083
yaw250_pitch-040,250,-40,237.931,-51.211,12.069
yaw250_pitch-035,250,-35,239.846,-45.265,10.154
yaw250_pitch-030,250,-30,240.959,-28.667,9.041
yaw250_pitch-025,250,-25,244.087,6.505,5.913
yaw250_pitch-020,250,-20,246.306,13.505,3.694
yaw250_pitch-015,250,-15,246.898,18.593,3.102
yaw250_pitch-010,250,-10,246.829,23.986,3.171
yaw250_pitch-005,250,-5,246.586,27.378,3.414
yaw250_pitch+000,250,0,248.126,36.809,1.874
yaw250_pitch+005,250,5,246.145,42.521,3.855
yaw250_pitch+010,250,10,245.568,49.882,4.432
yaw250_pitch+015,250,15,245.043,54.504,4.957
yaw250_pitch+020,250,20,248.199,57.670,1.801
yaw250_pitch+025,250,25,248.855,60.659,1.145
yaw250_pitch+030,250,30,249.843,61.625,0.157
yaw250_pitch+035,250,35,250.766,61.481,0.766
yaw250_pitch+040,250,40,252.745,60.743,2.745
yaw250_pitch+045,250,45,254.710,60.629,4.710
yaw250_pitch+050,250,50,254.979,62.482,4.979
yaw250_pitch+055,250,55,257.185,64.192,7.185
yaw250_pitch+060,250,60,256.068,68.091,6.068
yaw250_pitch+065,250,65,257.072,71.866,7.072
yaw250_pitch+070,250,70,259.905,76.822,9.905
yaw250_pitch+075,250,75,262.010,80.286,12.010
yaw250_pitch+080,250,80,264.074,84.722,14.074
yaw250_pitch+085,250,85,264.954,88.034,14.954
yaw250_pitch+090,250,90,265.433,90.000,15.433
yaw255_pitch-090,255,-90,237.253,-88.891,17.747
yaw255_pitch-085,255,-85,240.497,-88.084,14.503
yaw255_pitch-080,255,-80,237.186,-87.152,17.814
yaw255_pitch-075,255,-75,237.151,-85.221,17.849
yaw255_pitch-070,255,-70,236.470,-79.634,18.530
yaw255_pitch-065,255,-65,239.487,-73.541,15.513
yaw255_pitch-060,255,-60,240.923,-71.861,14.077
yaw255_pitch-055,255,-55,239.464,-64.147,15.536
yaw255_pitch-050,255,-50,238.493,-63.952,16.507
yaw255_pitch-045,255,-45,240.850,-55.810,14.150
yaw255_pitch-040,255,-40,240.808,-51.630,14.192
yaw255_pitch-035,255,-35,242.840,-38.668,12.160
yaw255_pitch-030,255,-30,244.508,-26.683,10.492
yaw255_pitch-025,255,-25,246.601,5.457,8.399
yaw255_pitch-020,255,-20,248.254,11.232,6.746
yaw255_pitch-015,255,-15,251.333,18.910,3.667
yaw255_pitch-010,255,-10,248.057,24.386,6.943
yaw255_pitch-005,255,-5,250.104,27.039,4.896
yaw255_pitch+000,255,0,252.662,33.690,2.338
yaw255_pitch+005,255,5,250.550,40.854,4.450
yaw255_pitch+010,255,10,249.232,50.555,5.768
yaw255_pitch+015,255,15,249.252,55.235,5.748
yaw255_pitch+020,255,20,249.038,57.394,5.962
yaw255_pitch+025,255,25,250.941,59.606,4.059
yaw255_pitch+030,255,30,254.515,60.562,0.485
yaw255_pitch+035,255,35,256.124,60.827,1.124
yaw255_pitch+040,255,40,258.339,60.905,3.339
yaw255_pitch+045,255,45,260.289,61.379,5.289
yaw255_pitch+050,255,50,260.874,62.134,5.874
yaw255_pitch+055,255,55,262.353,63.974,7.353
yaw255_pitch+060,255,60,261.551,66.519,6.551
yaw255_pitch+065,255,65,263.268,69.429,8.268
yaw255_pitch+070,255,70,265.820,76.612,10.820
yaw255_pitch+075,255,75,266.244,81.650,11.244
yaw255_pitch+080,255,80,269.236,86.572,14.236
yaw255_pitch+085,255,85,270.853,88.646,15.853
yaw255_pitch+090,255,90,275.982,90.000,20.982
yaw260_pitch-090,260,-90,241.362,-86.755,18.638
yaw260_pitch-085,260,-85,239.922,-88.348,20.078
yaw260_pitch-080,260,-80,242.385,-83.965,17.615
yaw260_pitch-075,260,-75,242.024,-84.178,17.976
yaw260_pitch-070,260,-70,242.826,-84.063,17.174
yaw260_pitch-065,260,-65,244.418,-74.523,15.582
yaw260_pitch-060,260,-60,245.207,-65.315,14.793
yaw260_pitch-055,260,-55,247.527,-63.604,12.473
yaw260_pitch-050,260,-50,244.547,-56.981,15.453
yaw260_pitch-045,260,-45,244.967,-47.835,15.033
yaw260_pitch-040,260,-40,244.692,-47.270,15.308
yaw260_pitch-035,260,-35,247.025,-37.701,12.975
yaw260_pitch-030,260,-30,247.627,-16.538,12.373
yaw260_pitch-025,260,-25,254.767,5.138,5.233
yaw260_pitch-020,260,-20,254.819,13.014,5.181
yaw260_pitch-015,260,-15,256.074,21.346,3.926
yaw260_pitch-010,260,-10,255.608,27.837,4.392
yaw260_pitch-005,260,-5,256.301,33.546,3.699
yaw260_pitch+000,260,0,259.791,36.127,0.209
yaw260_pitch+005,260,5,257.934,40.844,2.066
yaw260_pitch+010,260,10,255.057,48.069,4.943
yaw260_pitch+015,260,15,254.091,54.741,5.909
yaw260_pitch+020,260,20,254.527,57.060,5.473
yaw260_pitch+025,260,25,253.589,57.807,6.411
yaw260_pitch+030,260,30,256.321,59.289,3.679
yaw260_pitch+035,260,35,260.819,61.170,0.819
yaw260_pitch+040,260,40,263.803,60.774,3.803
yaw260_pitch+045,260,45,264.135,61.105,4.135
yaw260_pitch+050,260,50,266.658,62.349,6.658
yaw260_pitch+055,260,55,269.343,63.759,9.343
yaw260_pitch+060,260,60,267.649,65.803,7.649
yaw260_pitch+065,260,65,269.431,68.064,9.431
yaw260_pitch+070,260,70,268.956,75.683,8.956
yaw260_pitch+075,260,75,272.576,80.787,12.576
yaw260_pitch+080,260,80,272.276,83.842,12.276
yaw260_pitch+085,260,85,275.520,88.435,15.520
yaw260_pitch+090,260,90,277.899,90.000,17.899
yaw265_pitch-090,265,-90,246.638,-88.660,18.362
yaw265_pitch-085,265,-85,246.585,-86.738,18.415
yaw265_pitch-080,265,-80,248.004,-84.388,16.996
yaw265_pitch-075,265,-75,246.411,-81.413,18.589
yaw265_pitch-070,265,-70,246.650,-76.606,18.350
yaw265_pitch-065,265,-65,247.902,-75.827,17.098
yaw265_pitch-060,265,-60,249.118,-69.749,15.882
yaw265_pitch-055,265,-55,250.379,-66.087,14.621
yaw265_pitch-050,265,-50,248.598,-53.103,16.402
yaw265_pitch-045,265,-45,247.155,-51.742,17.845
yaw265_pitch-040,265,-40,249.377,-41.671,15.623
yaw265_pitch-035,265,-35,248.093,-34.237,16.907
yaw265_pitch-030,265,-30,250.575,-19.037,14.425
yaw265_pitch-025,265,-25,254.365,-0.619,10.635
yaw265_pitch-020,265,-20,260.990,11.746,4.010
yaw265_pitch-015,265,-15,260.796,21.573,4.204
yaw265_pitch-010,265,-10,259.927,31.287,5.073
yaw265_pitch-005,265,-5,263.117,33.440,1.883
yaw265_pitch+000,265,0,265.469,39.447,0.469
yaw265_pitch+005,265,5,264.440,43.550,0.560
yaw265_pitch+010,265,10,262.807,47.706,2.193
yaw265_pitch+015,265,15,261.179,54.691,3.821
yaw265_pitch+020,265,20,259.214,55.161,5.786
yaw265_pitch+025,265,25,259.660,57.138,5.340
yaw265_pitch+030,265,30,261.523,58.071,3.477
yaw265_pitch+035,265,35,263.902,59.698,1.098
yaw265_pitch+040,265,40,267.780,60.821,2.780
yaw265_pitch+045,265,45,269.660,61.554,4.660
yaw265_pitch+050,265,50,272.928,62.767,7.928
yaw265_pitch+055,265,55,274.133,63.366,9.133
yaw265_pitch+060,265,60,274.240,65.085,9.240
yaw265_pitch+065,265,65,272.736,67.478,7.736
yaw265_pitch+070,265,70,271.452,73.923,6.452
yaw265_pitch+075,265,75,275.678,79.759,10.678
yaw265_pitch+080,265,80,277.649,84.433,12.649
yaw265_pitch+085,265,85,281.742,88.806,16.742
yaw265_pitch+090,265,90,281.448,90.000,16.448
yaw270_pitch-090,270,-90,256.436,-85.374,13.564
yaw270_pitch-085,270,-85,250.724,-83.774,19.276
yaw270_pitch-080,270,-80,251.905,-85.296,18.095
yaw270_pitch-075,270,-75,248.434,-81.887,21.566
yaw270_pitch-070,270,-70,247.190,-76.652,22.810
yaw270_pitch-065,270,-65,248.605,-73.819,21.395
yaw270_pitch-060,270,-60,251.926,-70.663,18.074
yaw270_pitch-055,270,-55,252.475,-57.220,17.525
yaw270_pitch-050,270,-50,250.868,-50.724,19.132
yaw270_pitch-045,270,-45,249.227,-37.979,20.773
yaw270_pitch-040,270,-40,250.386,-31.599,19.614
yaw270_pitch-035,270,-35,249.723,-24.626,20.277
yaw270_pitch-030,270,-30,253.408,-15.795,16.592
yaw270_pitch-025,270,-25,258.041,-0.705,11.959
yaw270_pitch-020,270,-20,262.582,6.566,7.418
yaw270_pitch-015,270,-15,265.093,17.976,4.907
yaw270_pitch-010,270,-10,265.225,27.565,4.775
yaw270_pitch-005,270,-5,269.300,33.980,0.700
yaw270_pitch+000,270,0,272.845,40.798,2.845
yaw270_pitch+005,270,5,273.274,43.667,3.274
yaw270_pitch+010,270,10,270.406,47.775,0.406
yaw270_pitch+015,270,15,271.001,53.277,1.001
yaw270_pitch+020,270,20,269.551,54.824,0.449
yaw270_pitch+025,270,25,266.260,57.617,3.740
yaw270_pitch+030,270,30,266.523,57.490,3.477
yaw270_pitch+035,270,35,268.142,59.800,1.858
yaw270_pitch+040,270,40,270.102,60.770,0.102
yaw270_pitch+045,270,45,273.844,61.228,3.844
yaw270_pitch+050,270,50,275.543,61.766,5.543
yaw270_pitch+055,270,55,275.900,61.553,5.900
yaw270_pitch+060,270,60,274.390,63.043,4.390
yaw270_pitch+065,270,65,273.144,65.869,3.144
yaw270_pitch+070,270,70,275.343,73.597,5.343
yaw270_pitch+075,270,75,279.557,81.291,9.557
yaw270_pitch+080,270,80,280.747,84.947,10.747
yaw270_pitch+085,270,85,284.371,90.000,14.371
yaw270_pitch+090,270,90,288.450,90.000,18.450
yaw275_pitch-090,275,-90,268.345,-85.973,6.655
yaw275_pitch-085,275,-85,261.657,-86.255,13.343
yaw275_pitch-080,275,-80,255.919,-85.776,19.081
yaw275_pitch-075,275,-75,254.687,-82.858,20.313
yaw275_pitch-070,275,-70,250.805,-77.481,24.195
yaw275_pitch-065,275,-65,252.359,-75.786,22.641
yaw275_pitch-060,275,-60,253.527,-65.572,21.473
yaw275_pitch-055,275,-55,252.912,-60.307,22.088
yaw275_pitch-050,275,-50,254.097,-50.473,20.903
yaw275_pitch-045,275,-45,253.645,-43.935,21.355
yaw275_pitch-040,275,-40,255.447,-37.092,19.553
yaw275_pitch-035,275,-35,257.724,-32.746,17.276
yaw275_pitch-030,275,-30,259.056,-12.274,15.944
yaw275_pitch-025,275,-25,262.395,3.068,12.605
yaw275_pitch-020,275,-20,270.684,6.989,4.316
yaw275_pitch-015,275,-15,270.879,14.026,4.121
yaw275_pitch-010,275,-10,273.557,24.191,1.443
yaw275_pitch-005,275,-5,275.887,32.111,0.887
yaw275_pitch+000,275,0,277.703,42.248,2.703
yaw275_pitch+005,275,5,277.668,46.273,2.668
yaw275_pitch+010,275,10,277.018,48.625,2.018
yaw275_pitch+015,275,15,280.834,53.675,5.834
yaw275_pitch+020,275,20,278.933,56.432,3.933
yaw275_pitch+025,275,25,275.757,57.799,0.757
yaw275_pitch+030,275,30,276.096,57.132,1.096
yaw275_pitch+035,275,35,275.991,57.776,0.991
yaw275_pitch+040,275,40,278.264,59.645,3.264
yaw275_pitch+045,275,45,278.625,59.423,3.625
yaw275_pitch+050,275,50,278.229,60.426,3.229
yaw275_pitch+055,275,55,277.358,61.089,2.358
yaw275_pitch+060,275,60,277.273,62.523,2.273
yaw275_pitch+065,275,65,278.566,66.520,3.566
yaw275_pitch+070,275,70,280.823,74.578,5.823
yaw275_pitch+075,275,75,284.491,82.474,9.491
yaw275_pitch+080,275,80,286.464,88.072,11.464
yaw275_pitch+085,275,85,286.401,89.619,11.401
yaw275_pitch+090,275,90,294.240,90.000,19.240
yaw280_pitch-090,280,-90,275.810,-87.703,4.190
yaw280_pitch-085,280,-85,264.441,-86.279,15.559
yaw280_pitch-080,280,-80,263.031,-86.845,16.969
yaw280_pitch-075,280,-75,260.604,-86.653,19.396
yaw280_pitch-070,280,-70,256.352,-80.265,23.648
yaw280_pitch-065,280,-65,256.399,-73.346,23.601
yaw280_pitch-060,280,-60,259.647,-68.783,20.353
yaw280_pitch-055,280,-55,258.718,-60.874,21.282
yaw280_pitch-050,280,-50,257.828,-51.834,22.172
yaw280_pitch-045,280,-45,256.866,-40.338,23.134
yaw280_pitch-040,280,-40,257.417,-33.453,22.583
yaw280_pitch-035,280,-35,259.840,-29.534,20.160
yaw280_pitch-030,280,-30,262.606,-11.484,17.394
yaw280_pitch-025,280,-25,266.557,-0.404,13.443
yaw280_pitch-020,280,-20,270.481,7.201,9.519
yaw280_pitch-015,280,-15,275.559,15.418,4.441
yaw280_pitch-010,280,-10,277.839,21.939,2.161
yaw280_pitch-005,280,-5,278.773,30.117,1.227
yaw280_pitch+000,280,0,283.729,42.651,3.729
yaw280_pitch+005,280,5,282.674,46.178,2.674
yaw280_pitch+010,280,10,283.602,50.569,3.602
yaw280_pitch+015,280,15,282.617,53.893,2.617
yaw280_pitch+020,280,20,281.269,56.907,1.269
yaw280_pitch+025,280,25,283.530,55.737,3.530
yaw280_pitch+030,280,30,281.169,54.592,1.169
yaw280_pitch+035,280,35,277.702,55.352,2.298
yaw280_pitch+040,280,40,279.254,56.480,0.746
yaw280_pitch+045,280,45,280.112,56.146,0.112
yaw280_pitch+050,280,50,280.851,58.081,0.851
yaw280_pitch+055,280,55,282.451,59.698,2.451
yaw280_pitch+060,280,60,280.109,61.589,0.109
yaw280_pitch+065,280,65,283.897,67.010,3.897
yaw280_pitch+070,280,70,286.050,74.041,6.050
yaw280_pitch+075,280,75,290.312,83.195,10.312
yaw280_pitch+080,280,80,293.165,89.645,13.165
yaw280_pitch+085,280,85,295.069,90.000,15.069
yaw280_pitch+090,280,90,299.018,90.000,19.018
yaw285_pitch-090,285,-90,276.460,-89.288,8.540
yaw285_pitch-085,285,-85,269.664,-87.056,15.336
yaw285_pitch-080,285,-80,266.208,-86.021,18.792
yaw285_pitch-075,285,-75,264.701,-85.563,20.299
yaw285_pitch-070,285,-70,260.571,-82.586,24.429
yaw285_pitch-065,285,-65,261.514,-72.248,23.486
yaw285_pitch-060,285,-60,264.418,-69.056,20.582
yaw285_pitch-055,285,-55,263.095,-60.328,21.905
yaw285_pitch-050,285,-50,262.197,-51.663,22.803
yaw285_pitch-045,285,-45,258.618,-41.150,26.382
yaw285_pitch-040,285,-40,260.764,-30.155,24.236
yaw285_pitch-035,285,-35,262.491,-20.873,22.509
yaw285_pitch-030,285,-30,265.984,-10.458,19.016
yaw285_pitch-025,285,-25,269.278,0.230,15.722
yaw285_pitch-020,285,-20,271.829,7.354,13.171
yaw285_pitch-015,285,-15,276.725,12.845,8.275
yaw285_pitch-010,285,-10,276.723,18.257,8.277
yaw285_pitch-005,285,-5,276.533,26.681,8.467
yaw285_pitch+000,285,0,279.984,38.404,5.016
yaw285_pitch+005,285,5,283.034,46.740,1.966
yaw285_pitch+010,285,10,281.941,49.196,3.059
yaw285_pitch+015,285,15,283.152,55.072,1.848
yaw285_pitch+020,285,20,282.453,56.644,2.547
yaw285_pitch+025,285,25,282.097,54.604,2.903
yaw285_pitch+030,285,30,282.378,54.969,2.622
yaw285_pitch+035,285,35,279.731,53.119,5.269
yaw285_pitch+040,285,40,280.991,53.991,4.009
yaw285_pitch+045,285,45,281.775,55.720,3.225
yaw285_pitch+050,285,50,281.835,57.152,3.165
yaw285_pitch+055,285,55,282.548,60.096,2.452
yaw285_pitch+060,285,60,284.578,63.185,0.422
yaw285_pitch+065,285,65,287.340,68.259,2.340
yaw285_pitch+070,285,70,288.931,74.668,3.931
yaw285_pitch+075,285,75,295.618,82.502,10.618
yaw285_pitch+080,285,80,298.615,86.960,13.615
yaw285_pitch+085,285,85,296.887,89.871,11.887
yaw285_pitch+090,285,90,303.201,87.885,18.201
yaw290_pitch-090,290,-90,276.281,-88.380,13.719
yaw290_pitch-085,290,-85,271.125,-86.837,18.875
yaw290_pitch-080,290,-80,271.190,-86.495,18.810
yaw290_pitch-075,290,-75,269.010,-84.574,20.990
yaw290_pitch-070,290,-70,268.172,-77.870,21.828
yaw290_pitch-065,290,-65,268.915,-76.049,21.085
yaw290_pitch-060,290,-60,267.555,-67.730,22.445
yaw290_pitch-055,290,-55,263.943,-61.024,26.057
yaw290_pitch-050,290,-50,264.375,-48.243,25.625
yaw290_pitch-045,290,-45,260.666,-34.140,29.334
yaw290_pitch-040,290,-40,260.155,-23.062,29.845
yaw290_pitch-035,290,-35,261.699,-16.689,28.301
yaw290_pitch-030,290,-30,265.795,-12.638,24.205
yaw290_pitch-025,290,-25,268.862,1.496,21.138
yaw290_pitch-020,290,-20,274.473,7.377,15.527
yaw290_pitch-015,290,-15,275.113,12.531,14.887
yaw290_pitch-010,290,-10,276.403,14.614,13.597
yaw290_pitch-005,290,-5,278.971,22.620,11.029
yaw290_pitch+000,290,0,280.011,35.694,9.989
yaw290_pitch+005,290,5,282.454,45.427,7.546
yaw290_pitch+010,290,10,283.497,50.370,6.503
yaw290_pitch+015,290,15,284.096,55.765,5.904
yaw290_pitch+020,290,20,286.411,56.029,3.589
yaw290_pitch+025,290,25,283.908,55.157,6.092
yaw290_pitch+030,290,30,284.777,56.721,5.223
yaw290_pitch+035,290,35,285.904,56.418,4.096
yaw290_pitch+040,290,40,286.633,57.190,3.367
yaw290_pitch+045,290,45,286.817,58.497,3.183
yaw290_pitch+050,290,50,287.543,60.633,2.457
yaw290_pitch+055,290,55,288.040,62.861,1.960
yaw290_pitch+060,290,60,289.014,65.291,0.986
yaw290_pitch+065,290,65,292.454,70.121,2.454
yaw290_pitch+070,290,70,296.049,75.476,6.049
yaw290_pitch+075,290,75,295.310,79.911,5.310
yaw290_pitch+080,290,80,299.992,88.201,9.992
yaw290_pitch+085,290,85,302.925,90.000,12.925
yaw290_pitch+090,290,90,305.703,89.190,15.703
yaw295_pitch-090,295,-90,283.368,-90.000,11.632
yaw295_pitch-085,295,-85,279.802,-87.822,15.198
yaw295_pitch-080,295,-80,278.693,-85.103,16.307
yaw295_pitch-075,295,-75,276.418,-84.444,18.582
yaw295_pitch-070,295,-70,272.904,-80.818,22.096
yaw295_pitch-065,295,-65,274.045,-75.144,20.955
yaw295_pitch-060,295,-60,273.725,-71.628,21.275
yaw295_pitch-055,295,-55,271.512,-61.478,23.488
yaw295_pitch-050,295,-50,266.713,-51.819,28.287
yaw295_pitch-045,295,-45,262.909,-36.572,32.091
yaw295_pitch-040,295,-40,263.809,-18.169,31.191
yaw295_pitch-035,295,-35,265.531,-11.204,29.469
yaw295_pitch-030,295,-30,266.265,-6.212,28.735
yaw295_pitch-025,295,-25,271.623,1.197,23.377
yaw295_pitch-020,295,-20,274.064,7.070,20.936
yaw295_pitch-015,295,-15,277.765,8.058,17.235
yaw295_pitch-010,295,-10,278.578,14.669,16.422
yaw295_pitch-005,295,-5,279.092,18.554,15.908
yaw295_pitch+000,295,0,279.783,31.619,15.217
yaw295_pitch+005,295,5,283.557,44.308,11.443
yaw295_pitch+010,295,10,285.032,49.804,9.968
yaw295_pitch+015,295,15,286.927,55.448,8.073
yaw295_pitch+020,295,20,286.523,55.652,8.477
yaw295_pitch+025,295,25,287.082,56.408,7.918
yaw295_pitch+030,295,30,288.986,57.573,6.014
yaw295_pitch+035,295,35,291.230,57.135,3.770
yaw295_pitch+040,295,40,293.334,56.852,1.666
yaw295_pitch+045,295,45,292.812,61.413,2.188
yaw295_pitch+050,295,50,291.819,62.993,3.181
yaw295_pitch+055,295,55,292.809,65.760,2.191
yaw295_pitch+060,295,60,291.806,67.219,3.194
yaw295_pitch+065,295,65,296.158,70.403,1.158
yaw295_pitch+070,295,70,297.921,74.905,2.921
yaw295_pitch+075,295,75,300.949,80.673,5.949
yaw295_pitch+080,295,80,303.720,85.931,8.720
yaw295_pitch+085,295,85,306.399,88.859,11.399
yaw295_pitch+090,295,90,310.499,87.692,15.499
yaw300_pitch-090,300,-90,285.597,-87.511,14.403
yaw300_pitch-085,300,-85,283.643,-82.283,16.357
yaw300_pitch-080,300,-80,284.202,-83.751,15.798
yaw300_pitch-075,300,-75,281.052,-79.160,18.948
yaw300_pitch-070,300,-70,277.750,-77.949,22.250
yaw300_pitch-065,300,-65,277.265,-74.270,22.735
yaw300_pitch-060,300,-60,277.385,-69.158,22.615
yaw300_pitch-055,300,-55,275.635,-61.033,24.365
yaw300_pitch-050,300,-50,270.835,-50.250,29.165
yaw300_pitch-045,300,-45,268.883,-37.276,31.117
yaw300_pitch-040,300,-40,271.411,-19.266,28.589
yaw300_pitch-035,300,-35,271.691,-17.398,28.309
yaw300_pitch-030,300,-30,279.865,-9.003,20.135
yaw300_pitch-025,300,-25,282.758,-2.320,17.242
yaw300_pitch-020,300,-20,286.936,9.818,13.064
yaw300_pitch-015,300,-15,286.598,13.320,13.402
yaw300_pitch-010,300,-10,289.795,15.036,10.205
yaw300_pitch-005,300,-5,289.227,20.023,10.773
yaw300_pitch+000,300,0,291.254,32.379,8.746
yaw300_pitch+005,300,5,288.227,42.836,11.773
yaw300_pitch+010,300,10,285.836,47.959,14.164
yaw300_pitch+015,300,15,290.095,52.358,9.905
yaw300_pitch+020,300,20,291.858,54.153,8.142
yaw300_pitch+025,300,25,290.010,57.366,9.990
yaw300_pitch+030,300,30,293.484,56.372,6.516
yaw300_pitch+035,300,35,298.633,58.351,1.367
yaw300_pitch+040,300,40,300.739,61.192,0.739
yaw300_pitch+045,300,45,302.611,63.707,2.611
yaw300_pitch+050,300,50,302.202,66.417,2.202
yaw300_pitch+055,300,55,300.816,69.140,0.816
yaw300_pitch+060,300,60,300.745,72.142,0.745
yaw300_pitch+065,300,65,303.229,75.103,3.229
yaw300_pitch+070,300,70,307.913,79.074,7.913
yaw300_pitch+075,300,75,309.940,85.644,9.940
yaw300_pitch+080,300,80,311.056,90.000,11.056
yaw300_pitch+085,300,85,313.007,90.000,13.007
yaw300_pitch+090,300,90,319.359,89.558,19.359
yaw305_pitch-090,305,-90,291.103,-86.943,13.897
yaw305_pitch-085,305,-85,290.392,-86.563,14.608
yaw305_pitch-080,305,-80,290.735,-82.528,14.265
yaw305_pitch-075,305,-75,289.823,-81.298,15.177
yaw305_pitch-070,305,-70,283.095,-79.065,21.905
yaw305_pitch-065,305,-65,279.429,-74.007,25.571
yaw305_pitch-060,305,-60,281.331,-68.789,23.669
yaw305_pitch-055,305,-55,279.790,-59.166,25.210
yaw305_pitch-050,305,-50,277.876,-52.571,27.124
yaw305_pitch-045,305,-45,278.454,-37.367,26.546
yaw305_pitch-040,305,-40,280.480,-23.327,24.520
yaw305_pitch-035,305,-35,284.661,-18.974,20.339
yaw305_pitch-030,305,-30,284.214,-2.599,20.786
yaw305_pitch-025,305,-25,288.427,3.403,16.573
yaw305_pitch-020,305,-20,289.232,13.211,15.768
yaw305_pitch-015,305,-15,292.386,14.084,12.614
yaw305_pitch-010,305,-10,291.773,17.812,13.227
yaw305_pitch-005,305,-5,296.590,20.124,8.410
yaw305_pitch+000,305,0,292.466,30.034,12.534
yaw305_pitch+005,305,5,292.585,41.412,12.415
yaw305_pitch+010,305,10,293.229,46.749,11.771
yaw305_pitch+015,305,15,295.279,50.837,9.721
yaw305_pitch+020,305,20,295.661,51.974,9.339
yaw305_pitch+025,305,25,292.758,54.510,12.242
yaw305_pitch+030,305,30,298.898,56.520,6.102
yaw305_pitch+035,305,35,300.610,59.957,4.390
yaw305_pitch+040,305,40,306.413,61.372,1.413
yaw305_pitch+045,305,45,306.839,62.609,1.839
yaw305_pitch+050,305,50,307.755,68.424,2.755
yaw305_pitch+055,305,55,305.024,71.042,0.024
yaw305_pitch+060,305,60,309.901,74.035,4.901
yaw305_pitch+065,305,65,311.665,75.807,6.665
yaw305_pitch+070,305,70,315.729,79.320,10.729
yaw305_pitch+075,305,75,316.819,82.874,11.819
yaw305_pitch+080,305,80,317.665,87.538,12.665
yaw305_pitch+085,305,85,316.720,90.000,11.720
yaw305_pitch+090,305,90,315.042,87.010,10.042
yaw310_pitch-090,310,-90,296.949,-86.458,13.051
yaw310_pitch-085,310,-85,291.999,-87.564,18.001
yaw310_pitch-080,310,-80,292.069,-83.229,17.931
yaw310_pitch-075,310,-75,292.596,-83.993,17.404
yaw310_pitch-070,310,-70,287.069,-77.422,22.931
yaw310_pitch-065,310,-65,284.896,-76.555,25.104
yaw310_pitch-060,310,-60,283.272,-70.043,26.728
yaw310_pitch-055,310,-55,282.090,-59.431,27.910
yaw310_pitch-050,310,-50,285.913,-47.737,24.087
yaw310_pitch-045,310,-45,285.722,-40.381,24.278
yaw310_pitch-040,310,-40,289.423,-25.071,20.577
yaw310_pitch-035,310,-35,287.661,-14.479,22.339
yaw310_pitch-030,310,-30,294.203,-4.484,15.797
yaw310_pitch-025,310,-25,294.549,9.406,15.451
yaw310_pitch-020,310,-20,294.884,12.875,15.116
yaw310_pitch-015,310,-15,293.849,14.593,16.151
yaw310_pitch-010,310,-10,298.035,18.685,11.965
yaw310_pitch-005,310,-5,303.224,24.635,6.776
yaw310_pitch+000,310,0,304.792,31.470,5.208
yaw310_pitch+005,310,5,302.064,41.222,7.936
yaw310_pitch+010,310,10,302.393,44.609,7.607
yaw310_pitch+015,310,15,303.289,45.966,6.711
yaw310_pitch+020,310,20,302.766,49.207,7.234
yaw310_pitch+025,310,25,301.321,55.085,8.679
yaw310_pitch+030,310,30,301.969,55.272,8.031
yaw310_pitch+035,310,35,303.931,57.380,6.069
yaw310_pitch+040,310,40,310.595,59.677,0.595
yaw310_pitch+045,310,45,311.839,62.325,1.839
yaw310_pitch+050,310,50,312.716,67.525,2.716
yaw310_pitch+055,310,55,312.068,70.963,2.068
yaw310_pitch+060,310,60,313.547,72.661,3.547
yaw310_pitch+065,310,65,316.981,75.152,6.981
yaw310_pitch+070,310,70,320.286,78.836,10.286
yaw310_pitch+075,310,75,315.464,83.893,5.464
yaw310_pitch+080,310,80,315.516,87.630,5.516
yaw310_pitch+085,310,85,318.508,90.000,8.508
yaw310_pitch+090,310,90,315.778,87.617,5.778
yaw315_pitch-090,315,-90,299.655,-85.563,15.345
yaw315_pitch-085,315,-85,297.995,-88.682,17.005
yaw315_pitch-080,315,-80,296.331,-89.381,18.669
yaw315_pitch-075,315,-75,296.041,-84.462,18.959
yaw315_pitch-070,315,-70,291.607,-83.118,23.393
yaw315_pitch-065,315,-65,290.400,-74.798,24.600
yaw315_pitch-060,315,-60,286.465,-67.247,28.535
yaw315_pitch-055,315,-55,289.397,-62.181,25.603
yaw315_pitch-050,315,-50,291.849,-46.698,23.151
yaw315_pitch-045,315,-45,290.473,-37.594,24.527
yaw315_pitch-040,315,-40,288.875,-22.293,26.125
yaw315_pitch-035,315,-35,295.071,-14.783,19.929
yaw315_pitch-030,315,-30,296.669,-1.110,18.331
yaw315_pitch-025,315,-25,296.418,13.400,18.582
yaw315_pitch-020,315,-20,302.995,15.931,12.005
yaw315_pitch-015,315,-15,297.700,20.857,17.300
yaw315_pitch-010,315,-10,300.687,23.261,14.313
yaw315_pitch-005,315,-5,306.836,24.986,8.164
yaw315_pitch+000,315,0,307.417,33.008,7.583
yaw315_pitch+005,315,5,304.995,40.427,10.005
yaw315_pitch+010,315,10,303.917,41.558,11.083
yaw315_pitch+015,315,15,306.288,46.420,8.712
yaw315_pitch+020,315,20,308.415,46.968,6.585
yaw315_pitch+025,315,25,303.949,50.945,11.051
yaw315_pitch+030,315,30,304.241,54.877,10.759
yaw315_pitch+035,315,35,307.383,55.826,7.617
yaw315_pitch+040,315,40,314.236,58.480,0.764
yaw315_pitch+045,315,45,313.780,62.250,1.220
yaw315_pitch+050,315,50,314.143,65.351,0.857
yaw315_pitch+055,315,55,314.542,67.383,0.458
yaw315_pitch+060,315,60,315.099,69.645,0.099
yaw315_pitch+065,315,65,319.579,72.011,4.579
yaw315_pitch+070,315,70,320.696,77.865,5.696
yaw315_pitch+075,315,75,317.150,85.372,2.150
yaw315_pitch+080,315,80,316.190,85.600,1.190
yaw315_pitch+085,315,85,320.176,88.147,5.176
yaw315_pitch+090,315,90,323.525,85.351,8.525
yaw320_pitch-090,320,-90,305.352,-86.775,14.648
yaw320_pitch-085,320,-85,302.799,-90.000,17.201
yaw320_pitch-080,320,-80,301.959,-85.764,18.041
yaw320_pitch-075,320,-75,298.739,-78.404,21.261
yaw320_pitch-070,320,-70,296.987,-85.589,23.013
yaw320_pitch-065,320,-65,292.739,-72.634,27.261
yaw320_pitch-060,320,-60,292.273,-67.560,27.727
yaw320_pitch-055,320,-55,293.694,-57.015,26.306
yaw320_pitch-050,320,-50,291.085,-54.910,28.915
yaw320_pitch-045,320,-45,294.566,-41.530,25.434
yaw320_pitch-040,320,-40,290.973,-39.899,29.027
yaw320_pitch-035,320,-35,296.629,-24.908,23.371
yaw320_pitch-030,320,-30,300.629,-3.292,19.371
yaw320_pitch-025,320,-25,309.801,6.305,10.199
yaw320_pitch-020,320,-20,306.125,17.686,13.875
yaw320_pitch-015,320,-15,305.164,29.038,14.836
yaw320_pitch-010,320,-10,300.869,31.140,19.131
yaw320_pitch-005,320,-5,296.317,23.645,23.683
yaw320_pitch+000,320,0,309.875,31.184,10.125
yaw320_pitch+005,320,5,307.703,36.837,12.297
yaw320_pitch+010,320,10,306.725,40.323,13.275
yaw320_pitch+015,320,15,310.084,43.574,9.916
yaw320_pitch+020,320,20,310.277,45.643,9.723
yaw320_pitch+025,320,25,312.228,48.527,7.772
yaw320_pitch+030,320,30,309.815,52.637,10.185
yaw320_pitch+035,320,35,311.584,55.388,8.416
yaw320_pitch+040,320,40,316.465,60.123,3.535
yaw320_pitch+045,320,45,319.731,60.463,0.269
yaw320_pitch+050,320,50,322.460,64.134,2.460
yaw320_pitch+055,320,55,322.941,68.759,2.941
yaw320_pitch+060,320,60,321.439,70.210,1.439
yaw320_pitch+065,320,65,324.966,72.315,4.966
yaw320_pitch+070,320,70,324.903,77.166,4.903
yaw320_pitch+075,320,75,322.986,83.555,2.986
yaw320_pitch+080,320,80,323.094,84.637,3.094
yaw320_pitch+085,320,85,325.009,88.986,5.009
yaw320_pitch+090,320,90,327.648,83.538,7.648
yaw325_pitch-090,325,-90,312.428,-88.667,12.572
yaw325_pitch-085,325,-85,308.264,-88.340,16.736
yaw325_pitch-080,325,-80,305.974,-76.126,19.026
yaw325_pitch-075,325,-75,302.718,-81.596,22.282
yaw325_pitch-070,325,-70,303.012,-80.198,21.988
yaw325_pitch-065,325,-65,299.716,-75.063,25.284
yaw325_pitch-060,325,-60,299.274,-70.262,25.726
yaw325_pitch-055,325,-55,299.595,-60.138,25.405
yaw325_pitch-050,325,-50,295.264,-51.209,29.736
yaw325_pitch-045,325,-45,294.611,-44.399,30.389
yaw325_pitch-040,325,-40,296.801,-40.064,28.199
yaw325_pitch-035,325,-35,299.925,-24.558,25.075
yaw325_pitch-030,325,-30,306.098,-13.098,18.902
yaw325_pitch-025,325,-25,310.074,4.477,14.926
yaw325_pitch-020,325,-20,312.235,25.240,12.765
yaw325_pitch-015,325,-15,310.195,42.643,14.805
yaw325_pitch-010,325,-10,307.208,43.813,17.792
yaw325_pitch-005,325,-5,304.586,35.958,20.414
yaw325_pitch+000,325,0,308.565,29.717,16.435
yaw325_pitch+005,325,5,312.117,36.477,12.883
yaw325_pitch+010,325,10,312.692,36.256,12.308
yaw325_pitch+015,325,15,314.313,40.898,10.687
yaw325_pitch+020,325,20,313.955,40.905,11.045
yaw325_pitch+025,325,25,316.097,47.591,8.903
yaw325_pitch+030,325,30,314.133,51.990,10.867
yaw325_pitch+035,325,35,317.350,53.546,7.650
yaw325_pitch+040,325,40,321.313,59.201,3.687
yaw325_pitch+045,325,45,324.102,60.699,0.898
yaw325_pitch+050,325,50,325.496,61.917,0.496
yaw325_pitch+055,325,55,326.091,67.294,1.091
yaw325_pitch+060,325,60,328.090,71.616,3.090
yaw325_pitch+065,325,65,330.559,74.274,5.559
yaw325_pitch+070,325,70,332.909,76.562,7.909
yaw325_pitch+075,325,75,328.189,81.189,3.189
yaw325_pitch+080,325,80,329.412,83.916,4.412
yaw325_pitch+085,325,85,331.755,89.325,6.755
yaw325_pitch+090,325,90,336.947,86.100,11.947
yaw330_pitch-090,330,-90,317.255,-88.529,12.745
yaw330_pitch-085,330,-85,313.855,-86.350,16.145
yaw330_pitch-080,330,-80,313.822,-79.200,16.178
yaw330_pitch-075,330,-75,311.238,-82.856,18.762
yaw330_pitch-070,330,-70,309.125,-75.774,20.875
yaw330_pitch-065,330,-65,304.589,-74.850,25.411
yaw330_pitch-060,330,-60,301.714,-66.811,28.286
yaw330_pitch-055,330,-55,299.952,-63.002,30.048
yaw330_pitch-050,330,-50,300.381,-57.546,29.619
yaw330_pitch-045,330,-45,299.418,-37.951,30.582
yaw330_pitch-040,330,-40,301.382,-33.736,28.618
yaw330_pitch-035,330,-35,302.495,-21.993,27.505
yaw330_pitch-030,330,-30,308.402,-20.041,21.598
yaw330_pitch-025,330,-25,312.515,2.568,17.485
yaw330_pitch-020,330,-20,314.482,25.334,15.518
yaw330_pitch-015,330,-15,311.333,43.417,18.667
yaw330_pitch-010,330,-10,310.716,45.933,19.284
yaw330_pitch-005,330,-5,307.713,33.913,22.287
yaw330_pitch+000,330,0,312.638,28.579,17.362
yaw330_pitch+005,330,5,317.670,34.713,12.330
yaw330_pitch+010,330,10,313.374,36.656,16.626
yaw330_pitch+015,330,15,317.750,39.642,12.250
yaw330_pitch+020,330,20,316.760,39.241,13.240
yaw330_pitch+025,330,25,316.447,44.878,13.553
yaw330_pitch+030,330,30,316.434,47.497,13.566
yaw330_pitch+035,330,35,320.961,51.795,9.039
yaw330_pitch+040,330,40,324.594,57.835,5.406
yaw330_pitch+045,330,45,327.558,59.026,2.442
yaw330_pitch+050,330,50,328.542,63.345,1.458
yaw330_pitch+055,330,55,331.088,66.787,1.088
yaw330_pitch+060,330,60,332.237,71.362,2.237
yaw330_pitch+065,330,65,335.491,74.885,5.491
yaw330_pitch+070,330,70,337.916,77.930,7.916
yaw330_pitch+075,330,75,339.461,79.180,9.461
yaw330_pitch+080,330,80,338.012,81.745,8.012
yaw330_pitch+085,330,85,339.927,88.376,9.927
yaw330_pitch+090,330,90,345.979,90.000,15.979
yaw335_pitch-090,335,-90,325.349,-87.307,9.651
yaw335_pitch-085,335,-85,321.086,-85.649,13.914
yaw335_pitch-080,335,-80,320.073,-79.877,14.927
yaw335_pitch-075,335,-75,315.361,-84.191,19.639
yaw335_pitch-070,335,-70,314.153,-71.355,20.847
yaw335_pitch-065,335,-65,308.635,-71.395,26.365
yaw335_pitch-060,335,-60,308.755,-69.465,26.245
yaw335_pitch-055,335,-55,307.692,-60.668,27.308
yaw335_pitch-050,335,-50,303.470,-55.621,31.530
yaw335_pitch-045,335,-45,302.466,-36.609,32.534
yaw335_pitch-040,335,-40,301.740,-32.640,33.260
yaw335_pitch-035,335,-35,308.287,-24.056,26.713
yaw335_pitch-030,335,-30,313.740,-21.317,21.260
yaw335_pitch-025,335,-25,317.000,-3.900,18.000
yaw335_pitch-020,335,-20,315.317,17.959,19.683
yaw335_pitch-015,335,-15,314.163,30.872,20.837
yaw335_pitch-010,335,-10,311.635,36.290,23.365
yaw335_pitch-005,335,-5,311.828,25.169,23.172
yaw335_pitch+000,335,0,323.376,27.110,11.624
yaw335_pitch+005,335,5,318.570,32.181,16.430
yaw335_pitch+010,335,10,318.866,35.602,16.134
yaw335_pitch+015,335,15,315.989,35.620,19.011
yaw335_pitch+020,335,20,317.325,37.008,17.675
yaw335_pitch+025,335,25,319.528,43.438,15.472
yaw335_pitch+030,335,30,322.733,48.390,12.267
yaw335_pitch+035,335,35,324.636,50.498,10.364
yaw335_pitch+040,335,40,327.750,56.878,7.250
yaw335_pitch+045,335,45,331.537,59.278,3.463
yaw335_pitch+050,335,50,332.601,63.277,2.399
yaw335_pitch+055,335,55,333.363,66.885,1.637
yaw335_pitch+060,335,60,335.861,72.530,0.861
yaw335_pitch+065,335,65,340.057,73.924,5.057
yaw335_pitch+070,335,70,343.248,77.822,8.248
yaw335_pitch+075,335,75,343.740,79.104,8.740
yaw335_pitch+080,335,80,346.236,83.502,11.236
yaw335_pitch+085,335,85,345.983,88.039,10.983
yaw335_pitch+090,335,90,349.574,88.545,14.574
yaw340_pitch-090,340,-90,325.962,-84.355,14.038
yaw340_pitch-085,340,-85,326.441,-83.818,13.559
yaw340_pitch-080,340,-80,326.501,-82.192,13.499
yaw340_pitch-075,340,-75,321.910,-79.636,18.090
yaw340_pitch-070,340,-70,320.011,-70.414,19.989
yaw340_pitch-065,340,-65,317.380,-67.637,22.620
yaw340_pitch-060,340,-60,315.850,-67.505,24.150
yaw340_pitch-055,340,-55,310.309,-61.027,29.691
yaw340_pitch-050,340,-50,313.009,-55.550,26.991
yaw340_pitch-045,340,-45,311.467,-37.520,28.533
yaw340_pitch-040,340,-40,311.099,-36.148,28.901
yaw340_pitch-035,340,-35,312.164,-31.282,27.836
yaw340_pitch-030,340,-30,314.725,-22.710,25.275
yaw340_pitch-025,340,-25,319.846,-6.762,20.154
yaw340_pitch-020,340,-20,324.565,7.457,15.435
yaw340_pitch-015,340,-15,316.003,19.189,23.997
yaw340_pitch-010,340,-10,319.195,22.387,20.805
yaw340_pitch-005,340,-5,324.841,22.794,15.159
yaw340_pitch+000,340,0,323.820,23.911,16.180
yaw340_pitch+005,340,5,322.916,28.530,17.084
yaw340_pitch+010,340,10,319.441,34.310,20.559
yaw340_pitch+015,340,15,317.944,31.167,22.056
yaw340_pitch+020,340,20,321.374,33.159,18.626
yaw340_pitch+025,340,25,322.969,39.613,17.031
yaw340_pitch+030,340,30,323.717,47.906,16.283
yaw340_pitch+035,340,35,328.001,52.662,11.999
yaw340_pitch+040,340,40,330.101,55.321,9.899
yaw340_pitch+045,340,45,332.391,59.154,7.609
yaw340_pitch+050,340,50,336.855,61.194,3.145
yaw340_pitch+055,340,55,337.718,67.602,2.282
yaw340_pitch+060,340,60,341.229,71.188,1.229
yaw340_pitch+065,340,65,345.484,74.372,5.484
yaw340_pitch+070,340,70,349.170,77.739,9.170
yaw340_pitch+075,340,75,349.203,79.575,9.203
yaw340_pitch+080,340,80,348.960,84.187,8.960
yaw340_pitch+085,340,85,351.018,90.000,11.018
yaw340_pitch+090,340,90,354.257,90.000,14.257
yaw345_pitch-090,345,-90,327.687,-87.281,17.313
yaw345_pitch-085,345,-85,329.746,-81.755,15.254
yaw345_pitch-080,345,-80,329.304,-80.289,15.696
yaw345_pitch-075,345,-75,329.347,-78.961,15.653
yaw345_pitch-070,345,-70,322.377,-65.472,22.623
yaw345_pitch-065,345,-65,325.804,-72.660,19.196
yaw345_pitch-060,345,-60,322.026,-67.188,22.974
yaw345_pitch-055,345,-55,318.308,-67.927,26.692
yaw345_pitch-050,345,-50,316.080,-60.700,28.920
yaw345_pitch-045,345,-45,316.284,-53.062,28.716
yaw345_pitch-040,345,-40,314.072,-41.738,30.928
yaw345_pitch-035,345,-35,316.956,-37.434,28.044
yaw345_pitch-030,345,-30,319.452,-20.652,25.548
yaw345_pitch-025,345,-25,323.961,-7.536,21.039
yaw345_pitch-020,345,-20,328.552,8.247,16.448
yaw345_pitch-015,345,-15,328.315,15.174,16.685
yaw345_pitch-010,345,-10,328.961,19.959,16.039
yaw345_pitch-005,345,-5,329.798,22.051,15.202
yaw345_pitch+000,345,0,330.658,22.108,14.342
yaw345_pitch+005,345,5,328.535,29.453,16.465
yaw345_pitch+010,345,10,324.867,30.643,20.133
yaw345_pitch+015,345,15,322.852,28.794,22.148
yaw345_pitch+020,345,20,328.046,36.542,16.954
yaw345_pitch+025,345,25,325.819,35.730,19.181
yaw345_pitch+030,345,30,324.824,47.648,20.176
yaw345_pitch+035,345,35,329.316,54.561,15.684
yaw345_pitch+040,345,40,333.052,56.422,11.948
yaw345_pitch+045,345,45,339.663,61.384,5.337
yaw345_pitch+050,345,50,340.854,64.457,4.146
yaw345_pitch+055,345,55,345.309,65.906,0.309
yaw345_pitch+060,345,60,342.605,71.250,2.395
yaw345_pitch+065,345,65,350.120,73.359,5.120
yaw345_pitch+070,345,70,352.450,77.336,7.450
yaw345_pitch+075,345,75,353.761,79.738,8.761
yaw345_pitch+080,345,80,351.751,83.989,6.751
yaw345_pitch+085,345,85,354.314,90.000,9.314
yaw345_pitch+090,345,90,356.807,90.000,11.807
yaw350_pitch-090,350,-90,329.518,-85.150,20.482
yaw350_pitch-085,350,-85,331.351,-88.002,18.649
yaw350_pitch-080,350,-80,329.418,-80.210,20.582
yaw350_pitch-075,350,-75,332.187,-79.746,17.813
yaw350_pitch-070,350,-70,332.652,-80.209,17.348
yaw350_pitch-065,350,-65,330.998,-78.347,19.002
yaw350_pitch-060,350,-60,328.178,-76.926,21.822
yaw350_pitch-055,350,-55,326.693,-68.275,23.307
yaw350_pitch-050,350,-50,322.636,-56.697,27.364
yaw350_pitch-045,350,-45,320.186,-54.760,29.814
yaw350_pitch-040,350,-40,318.577,-43.773,31.423
yaw350_pitch-035,350,-35,319.122,-32.309,30.878
yaw350_pitch-030,350,-30,323.394,-21.844,26.606
yaw350_pitch-025,350,-25,327.991,-8.145,22.009
yaw350_pitch-020,350,-20,335.505,2.172,14.495
yaw350_pitch-015,350,-15,336.033,12.696,13.967
yaw350_pitch-010,350,-10,332.180,18.864,17.820
yaw350_pitch-005,350,-5,336.319,22.459,13.681
yaw350_pitch+000,350,0,336.340,23.092,13.660
yaw350_pitch+005,350,5,334.755,26.658,15.245
yaw350_pitch+010,350,10,331.016,31.580,18.984
yaw350_pitch+015,350,15,322.338,30.552,27.662
yaw350_pitch+020,350,20,331.708,33.581,18.292
yaw350_pitch+025,350,25,326.854,40.156,23.146
yaw350_pitch+030,350,30,331.986,44.529,18.014
yaw350_pitch+035,350,35,331.595,53.375,18.405
yaw350_pitch+040,350,40,337.059,54.332,12.941
yaw350_pitch+045,350,45,344.279,60.954,5.721
yaw350_pitch+050,350,50,345.990,64.347,4.010
yaw350_pitch+055,350,55,349.217,67.188,0.783
yaw350_pitch+060,350,60,353.847,70.403,3.847
yaw350_pitch+065,350,65,357.273,72.902,7.273
yaw350_pitch+070,350,70,2.845,75.285,12.845
yaw350_pitch+075,350,75,2.213,77.872,12.213
yaw350_pitch+080,350,80,2.118,82.612,12.118
yaw350_pitch+085,350,85,0.960,88.778,10.960
yaw350_pitch+090,350,90,355.255,90.000,5.255
yaw355_pitch-090,355,-90,338.014,-88.305,16.986
yaw355_pitch-085,355,-85,336.438,-88.857,18.562
yaw355_pitch-080,355,-80,334.222,-83.117,20.778
yaw355_pitch-075,355,-75,335.869,-82.836,19.131
yaw355_pitch-070,355,-70,338.492,-74.995,16.508
yaw355_pitch-065,355,-65,335.155,-73.435,19.845
yaw355_pitch-060,355,-60,333.326,-76.341,21.674
yaw355_pitch-055,355,-55,331.883,-70.270,23.117
yaw355_pitch-050,355,-50,328.954,-59.669,26.046
yaw355_pitch-045,355,-45,325.387,-52.451,29.613
yaw355_pitch-040,355,-40,322.857,-39.688,32.143
yaw355_pitch-035,355,-35,321.081,-32.842,33.919
yaw355_pitch-030,355,-30,322.032,-28.503,32.968
yaw355_pitch-025,355,-25,326.443,-8.115,28.557
yaw355_pitch-020,355,-20,333.888,5.417,21.112
yaw355_pitch-015,355,-15,341.373,12.577,13.627
yaw355_pitch-010,355,-10,341.647,16.818,13.353
yaw355_pitch-005,355,-5,344.018,22.814,10.982
yaw355_pitch+000,355,0,343.420,23.315,11.580
yaw355_pitch+005,355,5,337.623,26.195,17.377
yaw355_pitch+010,355,10,334.520,29.490,20.480
yaw355_pitch+015,355,15,337.222,36.284,17.778
yaw355_pitch+020,355,20,333.451,36.836,21.549
yaw355_pitch+025,355,25,333.409,34.609,21.591
yaw355_pitch+030,355,30,332.509,44.160,22.491
yaw355_pitch+035,355,35,335.410,56.162,19.590
yaw355_pitch+040,355,40,342.198,57.540,12.802
yaw355_pitch+045,355,45,345.579,62.284,9.421
yaw355_pitch+050,355,50,351.501,64.549,3.499
yaw355_pitch+055,355,55,353.698,67.504,1.302
yaw355_pitch+060,355,60,358.925,69.159,3.925
yaw355_pitch+065,355,65,4.682,72.199,9.682
yaw355_pitch+070,355,70,6.808,75.594,11.808
yaw355_pitch+075,355,75,7.359,77.173,12.359
yaw355_pitch+080,355,80,7.791,84.322,12.791
yaw355_pitch+085,355,85,7.088,90.000,12.088
yaw355_pitch+090,355,90,5.744,90.000,10.744
