record_id,yaw_true,pitch_true,yaw_pred,pitch_pred,yaw_err
yaw000_pitch-090,0,-90,10.832,-88.101,10.832
yaw000_pitch-085,0,-85,11.542,-86.844,11.542
yaw000_pitch-080,0,-80,15.929,-82.131,15.929
yaw000_pitch-075,0,-75,16.624,-75.672,16.624
yaw000_pitch-070,0,-70,19.440,-74.960,19.440
yaw000_pitch-065,0,-65,20.219,-66.315,20.219
yaw000_pitch-060,0,-60,22.075,-58.374,22.075
yaw000_pitch-055,0,-55,23.318,-56.391,23.318
yaw000_pitch-050,0,-50,23.073,-53.708,23.073
yaw000_pitch-045,0,-45,20.741,-47.620,20.741
yaw000_pitch-040,0,-40,20.146,-43.301,20.146
yaw000_pitch-035,0,-35,20.397,-39.448,20.397
yaw000_pitch-030,0,-30,25.162,-35.586,25.162
yaw000_pitch-025,0,-25,21.810,-36.118,21.810
yaw000_pitch-020,0,-20,20.679,-32.714,20.679
yaw000_pitch-015,0,-15,18.023,-30.657,18.023
yaw000_pitch-010,0,-10,13.904,-27.261,13.904
yaw000_pitch-005,0,-5,13.493,-22.615,13.493
yaw000_pitch+000,0,0,11.866,-18.228,11.866
yaw000_pitch+005,0,5,8.643,-9.282,8.643
yaw000_pitch+010,0,10,9.224,-4.890,9.224
yaw000_pitch+015,0,15,14.037,-3.127,14.037
yaw000_pitch+020,0,20,5.835,-0.317,5.835
yaw000_pitch+025,0,25,10.267,5.394,10.267
yaw000_pitch+030,0,30,9.406,13.602,9.406
yaw000_pitch+035,0,35,10.580,19.352,10.580
yaw000_pitch+040,0,40,6.613,26.920,6.613
yaw000_pitch+045,0,45,7.388,35.744,7.388
yaw000_pitch+050,0,50,1.298,43.901,1.298
yaw000_pitch+055,0,55,357.405,48.576,2.595
yaw000_pitch+060,0,60,353.175,56.767,6.825
yaw000_pitch+065,0,65,351.441,63.316,8.559
yaw000_pitch+070,0,70,347.618,70.218,12.382
yaw000_pitch+075,0,75,349.135,74.848,10.865
yaw000_pitch+080,0,80,342.709,74.263,17.291
yaw000_pitch+085,0,85,342.979,80.684,17.021
yaw000_pitch+090,0,90,345.916,89.032,14.084
yaw005_pitch-090,5,-90,16.073,-86.902,11.073
yaw005_pitch-085,5,-85,17.866,-84.763,12.866
yaw005_pitch-080,5,-80,18.217,-82.636,13.217
yaw005_pitch-075,5,-75,18.786,-77.055,13.786
yaw005_pitch-070,5,-70,20.301,-69.093,15.301
yaw005_pitch-065,5,-65,22.504,-66.460,17.504
yaw005_pitch-060,5,-60,25.275,-59.238,20.275
yaw005_pitch-055,5,-55,26.611,-55.543,21.611
yaw005_pitch-050,5,-50,24.749,-51.188,19.749
yaw005_pitch-045,5,-45,22.547,-46.773,17.547
yaw005_pitch-040,5,-40,21.824,-44.625,16.824
yaw005_pitch-035,5,-35,23.072,-37.961,18.072
yaw005_pitch-030,5,-30,25.771,-35.914,20.771
yaw005_pitch-025,5,-25,24.754,-35.770,19.754
yaw005_pitch-020,5,-20,22.518,-33.008,17.518
yaw005_pitch-015,5,-15,22.019,-31.468,17.019
yaw005_pitch-010,5,-10,19.108,-28.277,14.108
yaw005_pitch-005,5,-5,12.584,-25.135,7.584
yaw005_pitch+000,5,0,11.668,-18.640,6.668
yaw005_pitch+005,5,5,15.644,-13.341,10.644
yaw005_pitch+010,5,10,17.442,-5.730,12.442
yaw005_pitch+015,5,15,15.846,0.547,10.846
yaw005_pitch+020,5,20,15.175,4.014,10.175
yaw005_pitch+025,5,25,14.618,6.235,9.618
yaw005_pitch+030,5,30,15.278,12.276,10.278
yaw005_pitch+035,5,35,11.410,20.453,6.410
yaw005_pitch+040,5,40,12.838,28.532,7.838
yaw005_pitch+045,5,45,10.942,33.191,5.942
yaw005_pitch+050,5,50,5.456,42.598,0.456
yaw005_pitch+055,5,55,1.183,47.266,3.817
yaw005_pitch+060,5,60,355.985,53.408,9.015
yaw005_pitch+065,5,65,355.422,61.841,9.578
yaw005_pitch+070,5,70,354.480,70.113,10.520
yaw005_pitch+075,5,75,352.260,73.113,12.740
yaw005_pitch+080,5,80,348.870,76.107,16.130
yaw005_pitch+085,5,85,349.511,82.658,15.489
yaw005_pitch+090,5,90,350.389,87.163,14.611
yaw010_pitch-090,10,-90,25.023,-88.304,15.023
yaw010_pitch-085,10,-85,24.609,-84.524,14.609
yaw010_pitch-080,10,-80,23.519,-81.118,13.519
yaw010_pitch-075,10,-75,23.534,-77.190,13.534
yaw010_pitch-070,10,-70,25.389,-67.644,15.389
yaw010_pitch-065,10,-65,26.219,-65.561,16.219
yaw010_pitch-060,10,-60,27.346,-57.060,17.346
yaw010_pitch-055,10,-55,27.199,-54.067,17.199
yaw010_pitch-050,10,-50,27.079,-48.381,17.079
yaw010_pitch-045,10,-45,25.730,-45.185,15.730
yaw010_pitch-040,10,-40,24.120,-43.111,14.120
yaw010_pitch-035,10,-35,25.589,-37.874,15.589
yaw010_pitch-030,10,-30,27.462,-35.380,17.462
yaw010_pitch-025,10,-25,27.491,-34.244,17.491
yaw010_pitch-020,10,-20,27.035,-34.638,17.035
yaw010_pitch-015,10,-15,25.869,-31.318,15.869
yaw010_pitch-010,10,-10,22.771,-28.000,12.771
yaw010_pitch-005,10,-5,16.170,-25.172,6.170
yaw010_pitch+000,10,0,17.663,-18.892,7.663
yaw010_pitch+005,10,5,21.815,-12.234,11.815
yaw010_pitch+010,10,10,23.916,-6.324,13.916
yaw010_pitch+015,10,15,24.476,0.822,14.476
yaw010_pitch+020,10,20,18.864,5.993,8.864
yaw010_pitch+025,10,25,15.784,8.608,5.784
yaw010_pitch+030,10,30,12.743,14.822,2.743
yaw010_pitch+035,10,35,14.056,19.394,4.056
yaw010_pitch+040,10,40,14.563,26.978,4.563
yaw010_pitch+045,10,45,16.241,31.046,6.241
yaw010_pitch+050,10,50,10.023,38.653,0.023
yaw010_pitch+055,10,55,5.372,44.987,4.628
yaw010_pitch+060,10,60,4.755,51.622,5.245
yaw010_pitch+065,10,65,0.182,58.670,9.818
yaw010_pitch+070,10,70,1.578,70.656,8.422
yaw010_pitch+075,10,75,358.511,76.258,11.489
yaw010_pitch+080,10,80,354.374,78.226,15.626
yaw010_pitch+085,10,85,353.423,83.240,16.577
yaw010_pitch+090,10,90,356.801,90.000,13.199
yaw015_pitch-090,15,-90,29.578,-88.248,14.578
yaw015_pitch-085,15,-85,29.419,-85.665,14.419
yaw015_pitch-080,15,-80,27.002,-78.888,12.002
yaw015_pitch-075,15,-75,27.669,-74.384,12.669
yaw015_pitch-070,15,-70,27.488,-66.220,12.488
yaw015_pitch-065,15,-65,29.363,-64.983,14.363
yaw015_pitch-060,15,-60,28.683,-54.179,13.683
yaw015_pitch-055,15,-55,28.797,-53.444,13.797
yaw015_pitch-050,15,-50,28.868,-48.069,13.868
yaw015_pitch-045,15,-45,28.329,-44.335,13.329
yaw015_pitch-040,15,-40,26.840,-41.361,11.840
yaw015_pitch-035,15,-35,28.377,-39.214,13.377
yaw015_pitch-030,15,-30,28.646,-37.076,13.646
yaw015_pitch-025,15,-25,30.105,-35.851,15.105
yaw015_pitch-020,15,-20,28.427,-36.170,13.427
yaw015_pitch-015,15,-15,28.350,-31.835,13.350
yaw015_pitch-010,15,-10,24.300,-30.000,9.300
yaw015_pitch-005,15,-5,20.222,-25.773,5.222
yaw015_pitch+000,15,0,23.930,-16.988,8.930
yaw015_pitch+005,15,5,27.073,-10.008,12.073
yaw015_pitch+010,15,10,28.584,-4.767,13.584
yaw015_pitch+015,15,15,27.820,3.835,12.820
yaw015_pitch+020,15,20,21.708,8.140,6.708
yaw015_pitch+025,15,25,20.039,12.760,5.039
yaw015_pitch+030,15,30,18.199,13.620,3.199
yaw015_pitch+035,15,35,17.939,18.221,2.939
yaw015_pitch+040,15,40,16.464,23.999,1.464
yaw015_pitch+045,15,45,17.951,32.461,2.951
yaw015_pitch+050,15,50,15.392,41.018,0.392
yaw015_pitch+055,15,55,11.612,45.728,3.388
yaw015_pitch+060,15,60,8.106,51.647,6.894
yaw015_pitch+065,15,65,5.127,57.873,9.873
yaw015_pitch+070,15,70,3.808,64.887,11.192
yaw015_pitch+075,15,75,1.592,74.370,13.408
yaw015_pitch+080,15,80,356.997,80.326,18.003
yaw015_pitch+085,15,85,356.940,86.559,18.060
yaw015_pitch+090,15,90,356.729,86.518,18.271
yaw020_pitch-090,20,-90,40.977,-86.171,20.977
yaw020_pitch-085,20,-85,34.029,-84.009,14.029
yaw020_pitch-080,20,-80,32.483,-81.787,12.483
yaw020_pitch-075,20,-75,31.076,-73.703,11.076
yaw020_pitch-070,20,-70,31.273,-65.158,11.273
yaw020_pitch-065,20,-65,31.748,-68.820,11.748
yaw020_pitch-060,20,-60,32.821,-55.764,12.821
yaw020_pitch-055,20,-55,33.002,-49.907,13.002
yaw020_pitch-050,20,-50,32.505,-46.698,12.505
yaw020_pitch-045,20,-45,31.863,-43.056,11.863
yaw020_pitch-040,20,-40,31.193,-40.027,11.193
yaw020_pitch-035,20,-35,29.366,-39.072,9.366
yaw020_pitch-030,20,-30,31.886,-35.869,11.886
yaw020_pitch-025,20,-25,31.956,-35.444,11.956
yaw020_pitch-020,20,-20,31.258,-36.868,11.258
yaw020_pitch-015,20,-15,31.107,-33.347,11.107
yaw020_pitch-010,20,-10,26.857,-30.295,6.857
yaw020_pitch-005,20,-5,24.271,-25.079,4.271
yaw020_pitch+000,20,0,24.484,-18.073,4.484
yaw020_pitch+005,20,5,29.955,-10.022,9.955
yaw020_pitch+010,20,10,30.907,-0.610,10.907
yaw020_pitch+015,20,15,31.099,5.532,11.099
yaw020_pitch+020,20,20,26.249,9.736,6.249
yaw020_pitch+025,20,25,25.138,12.497,5.138
yaw020_pitch+030,20,30,24.632,15.110,4.632
yaw020_pitch+035,20,35,25.058,19.529,5.058
yaw020_pitch+040,20,40,22.194,20.816,2.194
yaw020_pitch+045,20,45,20.813,32.187,0.813
yaw020_pitch+050,20,50,17.565,41.720,2.435
yaw020_pitch+055,20,55,15.892,47.521,4.108
yaw020_pitch+060,20,60,14.961,52.824,5.039
yaw020_pitch+065,20,65,10.994,54.982,9.006
yaw020_pitch+070,20,70,8.089,64.357,11.911
yaw020_pitch+075,20,75,7.955,73.548,12.045
yaw020_pitch+080,20,80,2.054,76.821,17.946
yaw020_pitch+085,20,85,4.353,86.307,15.647
yaw020_pitch+090,20,90,1.128,90.000,18.872
yaw025_pitch-090,25,-90,43.973,-87.508,18.973
yaw025_pitch-085,25,-85,40.408,-82.604,15.408
yaw025_pitch-080,25,-80,38.422,-81.842,13.422
yaw025_pitch-075,25,-75,36.982,-77.112,11.982
yaw025_pitch-070,25,-70,36.613,-65.736,11.613
yaw025_pitch-065,25,-65,36.848,-64.278,11.848
yaw025_pitch-060,25,-60,38.095,-54.193,13.095
yaw025_pitch-055,25,-55,36.895,-52.306,11.895
yaw025_pitch-050,25,-50,37.103,-45.029,12.103
yaw025_pitch-045,25,-45,37.626,-43.462,12.626
yaw025_pitch-040,25,-40,35.976,-43.011,10.976
yaw025_pitch-035,25,-35,36.077,-38.953,11.077
yaw025_pitch-030,25,-30,36.418,-34.242,11.418
yaw025_pitch-025,25,-25,36.605,-33.183,11.605
yaw025_pitch-020,25,-20,33.299,-35.935,8.299
yaw025_pitch-015,25,-15,32.535,-35.458,7.535
yaw025_pitch-010,25,-10,28.941,-31.717,3.941
yaw025_pitch-005,25,-5,26.401,-28.522,1.401
yaw025_pitch+000,25,0,28.120,-21.286,3.120
yaw025_pitch+005,25,5,31.775,-10.175,6.775
yaw025_pitch+010,25,10,34.397,-2.149,9.397
yaw025_pitch+015,25,15,33.778,5.175,8.778
yaw025_pitch+020,25,20,31.344,9.516,6.344
yaw025_pitch+025,25,25,27.436,12.896,2.436
yaw025_pitch+030,25,30,27.807,12.977,2.807
yaw025_pitch+035,25,35,28.021,16.165,3.021
yaw025_pitch+040,25,40,26.786,19.710,1.786
yaw025_pitch+045,25,45,25.579,29.198,0.579
yaw025_pitch+050,25,50,20.430,35.748,4.570
yaw025_pitch+055,25,55,19.559,43.420,5.441
yaw025_pitch+060,25,60,14.714,49.422,10.286
yaw025_pitch+065,25,65,13.028,56.249,11.972
yaw025_pitch+070,25,70,10.974,64.442,14.026
yaw025_pitch+075,25,75,9.485,73.362,15.515
yaw025_pitch+080,25,80,8.254,78.663,16.746
yaw025_pitch+085,25,85,8.187,86.072,16.813
yaw025_pitch+090,25,90,11.095,90.000,13.905
yaw030_pitch-090,30,-90,49.170,-88.412,19.170
yaw030_pitch-085,30,-85,46.615,-83.788,16.615
yaw030_pitch-080,30,-80,44.962,-80.389,14.962
yaw030_pitch-075,30,-75,42.565,-77.151,12.565
yaw030_pitch-070,30,-70,41.474,-66.182,11.474
yaw030_pitch-065,30,-65,42.304,-56.144,12.304
yaw030_pitch-060,30,-60,42.067,-54.228,12.067
yaw030_pitch-055,30,-55,42.383,-52.863,12.383
yaw030_pitch-050,30,-50,43.668,-44.764,13.668
yaw030_pitch-045,30,-45,43.489,-41.637,13.489
yaw030_pitch-040,30,-40,43.618,-37.353,13.618
yaw030_pitch-035,30,-35,42.153,-38.430,12.153
yaw030_pitch-030,30,-30,39.849,-35.262,9.849
yaw030_pitch-025,30,-25,39.239,-32.883,9.239
yaw030_pitch-020,30,-20,35.896,-36.265,5.896
yaw030_pitch-015,30,-15,34.363,-34.299,4.363
yaw030_pitch-010,30,-10,31.151,-34.127,1.151
yaw030_pitch-005,30,-5,29.978,-32.491,0.022
yaw030_pitch+000,30,0,30.862,-24.159,0.862
yaw030_pitch+005,30,5,34.819,-12.460,4.819
yaw030_pitch+010,30,10,36.545,-1.684,6.545
yaw030_pitch+015,30,15,36.092,5.605,6.092
yaw030_pitch+020,30,20,34.403,9.006,4.403
yaw030_pitch+025,30,25,33.665,10.551,3.665
yaw030_pitch+030,30,30,32.759,12.442,2.759
yaw030_pitch+035,30,35,31.281,14.702,1.281
yaw030_pitch+040,30,40,29.826,18.903,0.174
yaw030_pitch+045,30,45,27.016,29.024,2.984
yaw030_pitch+050,30,50,24.950,37.824,5.050
yaw030_pitch+055,30,55,22.346,42.467,7.654
yaw030_pitch+060,30,60,16.736,48.756,13.264
yaw030_pitch+065,30,65,17.234,55.964,12.766
yaw030_pitch+070,30,70,12.505,62.898,17.495
yaw030_pitch+075,30,75,10.896,71.967,19.104
yaw030_pitch+080,30,80,12.169,78.621,17.831
yaw030_pitch+085,30,85,10.922,84.410,19.078
yaw030_pitch+090,30,90,13.174,89.991,16.826
yaw035_pitch-090,35,-90,55.200,-87.873,20.200
yaw035_pitch-085,35,-85,53.029,-85.969,18.029
yaw035_pitch-080,35,-80,49.861,-79.680,14.861
yaw035_pitch-075,35,-75,50.313,-74.066,15.313
yaw035_pitch-070,35,-70,47.601,-67.326,12.601
yaw035_pitch-065,35,-65,48.623,-62.403,13.623
yaw035_pitch-060,35,-60,46.405,-57.181,11.405
yaw035_pitch-055,35,-55,48.034,-51.020,13.034
yaw035_pitch-050,35,-50,48.700,-47.237,13.700
yaw035_pitch-045,35,-45,49.265,-42.534,14.265
yaw035_pitch-040,35,-40,48.080,-41.601,13.080
yaw035_pitch-035,35,-35,43.997,-39.267,8.997
yaw035_pitch-030,35,-30,43.322,-34.542,8.322
yaw035_pitch-025,35,-25,43.252,-32.160,8.252
yaw035_pitch-020,35,-20,40.399,-34.417,5.399
yaw035_pitch-015,35,-15,37.742,-34.126,2.742
yaw035_pitch-010,35,-10,34.960,-34.526,0.040
yaw035_pitch-005,35,-5,33.852,-34.907,1.148
yaw035_pitch+000,35,0,32.764,-32.459,2.236
yaw035_pitch+005,35,5,37.587,-15.641,2.587
yaw035_pitch+010,35,10,38.201,-2.845,3.201
yaw035_pitch+015,35,15,38.583,5.298,3.583
yaw035_pitch+020,35,20,37.091,9.344,2.091
yaw035_pitch+025,35,25,35.729,10.982,0.729
yaw035_pitch+030,35,30,35.205,12.460,0.205
yaw035_pitch+035,35,35,32.754,14.533,2.246
yaw035_pitch+040,35,40,32.729,19.334,2.271
yaw035_pitch+045,35,45,31.345,26.135,3.655
yaw035_pitch+050,35,50,27.639,36.041,7.361
yaw035_pitch+055,35,55,24.726,44.507,10.274
yaw035_pitch+060,35,60,19.587,48.870,15.413
yaw035_pitch+065,35,65,17.527,54.532,17.473
yaw035_pitch+070,35,70,15.107,59.789,19.893
yaw035_pitch+075,35,75,16.368,73.952,18.632
yaw035_pitch+080,35,80,11.832,77.424,23.168
yaw035_pitch+085,35,85,14.649,84.775,20.351
yaw035_pitch+090,35,90,17.342,90.000,17.658
yaw040_pitch-090,40,-90,61.306,-90.000,21.306
yaw040_pitch-085,40,-85,62.687,-83.125,22.687
yaw040_pitch-080,40,-80,59.407,-80.455,19.407
yaw040_pitch-075,40,-75,55.730,-75.594,15.730
yaw040_pitch-070,40,-70,54.683,-69.380,14.683
yaw040_pitch-065,40,-65,53.755,-62.995,13.755
yaw040_pitch-060,40,-60,53.608,-58.976,13.608
yaw040_pitch-055,40,-55,55.647,-46.053,15.647
yaw040_pitch-050,40,-50,53.235,-46.754,13.235
yaw040_pitch-045,40,-45,54.231,-41.103,14.231
yaw040_pitch-040,40,-40,52.001,-40.182,12.001
yaw040_pitch-035,40,-35,50.519,-39.670,10.519
yaw040_pitch-030,40,-30,46.707,-36.292,6.707
yaw040_pitch-025,40,-25,45.681,-35.567,5.681
yaw040_pitch-020,40,-20,42.772,-35.765,2.772
yaw040_pitch-015,40,-15,41.912,-34.077,1.912
yaw040_pitch-010,40,-10,41.303,-34.062,1.303
yaw040_pitch-005,40,-5,38.104,-37.079,1.896
yaw040_pitch+000,40,0,35.934,-36.799,4.066
yaw040_pitch+005,40,5,38.716,-20.060,1.284
yaw040_pitch+010,40,10,39.689,-5.037,0.311
yaw040_pitch+015,40,15,40.770,5.324,0.770
yaw040_pitch+020,40,20,40.043,6.820,0.043
yaw040_pitch+025,40,25,38.963,8.463,1.037
yaw040_pitch+030,40,30,37.113,10.692,2.887
yaw040_pitch+035,40,35,33.880,14.850,6.120
yaw040_pitch+040,40,40,33.044,21.036,6.956
yaw040_pitch+045,40,45,31.185,25.437,8.815
yaw040_pitch+050,40,50,29.711,36.411,10.289
yaw040_pitch+055,40,55,27.094,42.714,12.906
yaw040_pitch+060,40,60,21.950,48.168,18.050
yaw040_pitch+065,40,65,21.521,50.570,18.479
yaw040_pitch+070,40,70,21.683,60.359,18.317
yaw040_pitch+075,40,75,20.176,72.249,19.824
yaw040_pitch+080,40,80,19.005,78.919,20.995
yaw040_pitch+085,40,85,23.619,82.262,16.381
yaw040_pitch+090,40,90,20.705,90.000,19.295
yaw045_pitch-090,45,-90,63.558,-84.163,18.558
yaw045_pitch-085,45,-85,65.939,-82.893,20.939
yaw045_pitch-080,45,-80,65.365,-76.794,20.365
yaw045_pitch-075,45,-75,61.626,-74.352,16.626
yaw045_pitch-070,45,-70,59.700,-72.803,14.700
yaw045_pitch-065,45,-65,58.802,-66.293,13.802
yaw045_pitch-060,45,-60,61.843,-54.504,16.843
yaw045_pitch-055,45,-55,59.956,-46.475,14.956
yaw045_pitch-050,45,-50,57.885,-45.846,12.885
yaw045_pitch-045,45,-45,57.172,-42.349,12.172
yaw045_pitch-040,45,-40,55.897,-37.068,10.897
yaw045_pitch-035,45,-35,54.851,-36.147,9.851
yaw045_pitch-030,45,-30,54.799,-35.221,9.799
yaw045_pitch-025,45,-25,51.260,-35.268,6.260
yaw045_pitch-020,45,-20,49.697,-34.636,4.697
yaw045_pitch-015,45,-15,48.977,-35.144,3.977
yaw045_pitch-010,45,-10,47.616,-34.816,2.616
yaw045_pitch-005,45,-5,45.067,-35.598,0.067
yaw045_pitch+000,45,0,42.834,-36.088,2.166
yaw045_pitch+005,45,5,41.268,-27.030,3.732
yaw045_pitch+010,45,10,42.613,-3.658,2.387
yaw045_pitch+015,45,15,42.196,6.957,2.804
yaw045_pitch+020,45,20,41.679,6.888,3.321
yaw045_pitch+025,45,25,41.712,8.358,3.288
yaw045_pitch+030,45,30,39.120,9.036,5.880
yaw045_pitch+035,45,35,35.823,13.279,9.177
yaw045_pitch+040,45,40,36.323,20.233,8.677
yaw045_pitch+045,45,45,34.946,27.200,10.054
yaw045_pitch+050,45,50,33.762,38.506,11.238
yaw045_pitch+055,45,55,30.727,45.605,14.273
yaw045_pitch+060,45,60,30.698,47.227,14.302
yaw045_pitch+065,45,65,29.792,52.768,15.208
yaw045_pitch+070,45,70,28.491,61.545,16.509
yaw045_pitch+075,45,75,26.844,72.502,18.156
yaw045_pitch+080,45,80,25.667,77.970,19.333
yaw045_pitch+085,45,85,26.873,87.151,18.127
yaw045_pitch+090,45,90,24.339,90.000,20.661
yaw050_pitch-090,50,-90,69.576,-86.467,19.576
yaw050_pitch-085,50,-85,69.241,-85.361,19.241
yaw050_pitch-080,50,-80,69.829,-79.705,19.829
yaw050_pitch-075,50,-75,68.037,-76.161,18.037
yaw050_pitch-070,50,-70,65.750,-69.631,15.750
yaw050_pitch-065,50,-65,65.679,-65.376,15.679
yaw050_pitch-060,50,-60,63.753,-56.381,13.753
yaw050_pitch-055,50,-55,62.432,-47.156,12.432
yaw050_pitch-050,50,-50,60.720,-46.066,10.720
yaw050_pitch-045,50,-45,59.658,-41.333,9.658
yaw050_pitch-040,50,-40,59.722,-34.644,9.722
yaw050_pitch-035,50,-35,60.513,-36.532,10.513
yaw050_pitch-030,50,-30,59.923,-34.446,9.923
yaw050_pitch-025,50,-25,57.322,-35.151,7.322
yaw050_pitch-020,50,-20,55.737,-34.421,5.737
yaw050_pitch-015,50,-15,55.498,-36.128,5.498
yaw050_pitch-010,50,-10,56.334,-33.241,6.334
yaw050_pitch-005,50,-5,52.152,-33.236,2.152
yaw050_pitch+000,50,0,50.660,-33.185,0.660
yaw050_pitch+005,50,5,47.333,-23.463,2.667
yaw050_pitch+010,50,10,45.906,-5.740,4.094
yaw050_pitch+015,50,15,45.206,7.669,4.794
yaw050_pitch+020,50,20,44.213,6.418,5.787
yaw050_pitch+025,50,25,43.987,8.068,6.013
yaw050_pitch+030,50,30,42.577,8.147,7.423
yaw050_pitch+035,50,35,37.544,11.149,12.456
yaw050_pitch+040,50,40,36.971,16.839,13.029
yaw050_pitch+045,50,45,37.734,31.146,12.266
yaw050_pitch+050,50,50,35.289,42.904,14.711
yaw050_pitch+055,50,55,33.620,47.193,16.380
yaw050_pitch+060,50,60,36.154,48.504,13.846
yaw050_pitch+065,50,65,32.879,56.307,17.121
yaw050_pitch+070,50,70,32.035,63.686,17.965
yaw050_pitch+075,50,75,33.105,71.847,16.895
yaw050_pitch+080,50,80,34.639,76.822,15.361
yaw050_pitch+085,50,85,35.563,87.900,14.437
yaw050_pitch+090,50,90,31.177,90.000,18.823
yaw055_pitch-090,55,-90,73.840,-83.650,18.840
yaw055_pitch-085,55,-85,72.878,-85.051,17.878
yaw055_pitch-080,55,-80,73.460,-79.900,18.460
yaw055_pitch-075,55,-75,70.569,-76.347,15.569
yaw055_pitch-070,55,-70,69.010,-73.628,14.010
yaw055_pitch-065,55,-65,68.011,-62.625,13.011
yaw055_pitch-060,55,-60,65.399,-57.744,10.399
yaw055_pitch-055,55,-55,65.459,-45.070,10.459
yaw055_pitch-050,55,-50,65.837,-41.579,10.837
yaw055_pitch-045,55,-45,61.750,-38.494,6.750
yaw055_pitch-040,55,-40,64.121,-35.060,9.121
yaw055_pitch-035,55,-35,66.445,-35.633,11.445
yaw055_pitch-030,55,-30,66.031,-36.013,11.031
yaw055_pitch-025,55,-25,67.575,-33.797,12.575
yaw055_pitch-020,55,-20,65.865,-34.793,10.865
yaw055_pitch-015,55,-15,63.749,-36.355,8.749
yaw055_pitch-010,55,-10,62.584,-32.600,7.584
yaw055_pitch-005,55,-5,59.364,-29.373,4.364
yaw055_pitch+000,55,0,56.910,-28.873,1.910
yaw055_pitch+005,55,5,52.750,-15.494,2.250
yaw055_pitch+010,55,10,51.155,-3.527,3.845
yaw055_pitch+015,55,15,49.538,5.790,5.462
yaw055_pitch+020,55,20,48.784,6.695,6.216
yaw055_pitch+025,55,25,50.463,6.254,4.537
yaw055_pitch+030,55,30,45.980,8.696,9.020
yaw055_pitch+035,55,35,45.376,16.488,9.624
yaw055_pitch+040,55,40,41.632,22.161,13.368
yaw055_pitch+045,55,45,40.606,38.343,14.394
yaw055_pitch+050,55,50,40.671,44.646,14.329
yaw055_pitch+055,55,55,41.335,51.858,13.665
yaw055_pitch+060,55,60,39.339,48.535,15.661
yaw055_pitch+065,55,65,39.406,52.103,15.594
yaw055_pitch+070,55,70,34.586,62.803,20.414
yaw055_pitch+075,55,75,34.251,70.834,20.749
yaw055_pitch+080,55,80,37.045,77.582,17.955
yaw055_pitch+085,55,85,37.336,82.029,17.664
yaw055_pitch+090,55,90,38.920,85.564,16.080
yaw060_pitch-090,60,-90,79.910,-86.679,19.910
yaw060_pitch-085,60,-85,77.784,-85.340,17.784
yaw060_pitch-080,60,-80,76.687,-82.708,16.687
yaw060_pitch-075,60,-75,73.868,-74.313,13.868
yaw060_pitch-070,60,-70,70.893,-68.318,10.893
yaw060_pitch-065,60,-65,69.157,-64.673,9.157
yaw060_pitch-060,60,-60,68.546,-56.380,8.546
yaw060_pitch-055,60,-55,69.404,-47.650,9.404
yaw060_pitch-050,60,-50,68.785,-39.925,8.785
yaw060_pitch-045,60,-45,69.381,-37.176,9.381
yaw060_pitch-040,60,-40,70.265,-37.947,10.265
yaw060_pitch-035,60,-35,70.066,-34.485,10.066
yaw060_pitch-030,60,-30,71.230,-35.181,11.230
yaw060_pitch-025,60,-25,76.377,-37.635,16.377
yaw060_pitch-020,60,-20,76.089,-35.436,16.089
yaw060_pitch-015,60,-15,75.110,-33.173,15.110
yaw060_pitch-010,60,-10,66.956,-30.111,6.956
yaw060_pitch-005,60,-5,67.781,-25.986,7.781
yaw060_pitch+000,60,0,63.211,-23.645,3.211
yaw060_pitch+005,60,5,57.107,-16.343,2.893
yaw060_pitch+010,60,10,58.391,-3.908,1.609
yaw060_pitch+015,60,15,55.824,5.265,4.176
yaw060_pitch+020,60,20,56.999,7.985,3.001
yaw060_pitch+025,60,25,60.691,8.723,0.691
yaw060_pitch+030,60,30,56.287,12.233,3.713
yaw060_pitch+035,60,35,50.941,21.807,9.059
yaw060_pitch+040,60,40,48.594,27.352,11.406
yaw060_pitch+045,60,45,46.778,39.737,13.222
yaw060_pitch+050,60,50,46.033,46.545,13.967
yaw060_pitch+055,60,55,48.949,50.732,11.051
yaw060_pitch+060,60,60,47.073,45.891,12.927
yaw060_pitch+065,60,65,42.358,51.755,17.642
yaw060_pitch+070,60,70,39.028,58.936,20.972
yaw060_pitch+075,60,75,39.275,69.847,20.725
yaw060_pitch+080,60,80,41.242,76.346,18.758
yaw060_pitch+085,60,85,42.962,81.468,17.038
yaw060_pitch+090,60,90,44.495,86.551,15.505
yaw065_pitch-090,65,-90,82.328,-84.701,17.328
yaw065_pitch-085,65,-85,82.965,-82.253,17.965
yaw065_pitch-080,65,-80,81.341,-81.291,16.341
yaw065_pitch-075,65,-75,78.218,-76.435,13.218
yaw065_pitch-070,65,-70,75.562,-71.813,10.562
yaw065_pitch-065,65,-65,73.268,-63.737,8.268
yaw065_pitch-060,65,-60,70.318,-55.070,5.318
yaw065_pitch-055,65,-55,70.976,-48.031,5.976
yaw065_pitch-050,65,-50,71.476,-41.507,6.476
yaw065_pitch-045,65,-45,72.965,-36.646,7.965
yaw065_pitch-040,65,-40,72.722,-34.890,7.722
yaw065_pitch-035,65,-35,75.212,-34.816,10.212
yaw065_pitch-030,65,-30,79.920,-35.092,14.920
yaw065_pitch-025,65,-25,82.813,-37.263,17.813
yaw065_pitch-020,65,-20,84.167,-36.567,19.167
yaw065_pitch-015,65,-15,81.382,-34.224,16.382
yaw065_pitch-010,65,-10,73.369,-30.031,8.369
yaw065_pitch-005,65,-5,68.851,-26.867,3.851
yaw065_pitch+000,65,0,66.143,-23.597,1.143
yaw065_pitch+005,65,5,66.625,-12.787,1.625
yaw065_pitch+010,65,10,62.827,-0.070,2.173
yaw065_pitch+015,65,15,63.958,5.689,1.042
yaw065_pitch+020,65,20,64.919,8.232,0.081
yaw065_pitch+025,65,25,70.212,9.966,5.212
yaw065_pitch+030,65,30,66.615,17.387,1.615
yaw065_pitch+035,65,35,63.286,23.611,1.714
yaw065_pitch+040,65,40,52.295,25.493,12.705
yaw065_pitch+045,65,45,57.085,36.671,7.915
yaw065_pitch+050,65,50,56.719,41.482,8.281
yaw065_pitch+055,65,55,58.483,45.850,6.517
yaw065_pitch+060,65,60,49.523,47.335,15.477
yaw065_pitch+065,65,65,52.156,59.817,12.844
yaw065_pitch+070,65,70,46.915,62.197,18.085
yaw065_pitch+075,65,75,46.344,72.082,18.656
yaw065_pitch+080,65,80,48.447,74.642,16.553
yaw065_pitch+085,65,85,50.012,83.807,14.988
yaw065_pitch+090,65,90,54.223,87.763,10.777
yaw070_pitch-090,70,-90,87.289,-87.220,17.289
yaw070_pitch-085,70,-85,85.511,-79.503,15.511
yaw070_pitch-080,70,-80,84.786,-79.219,14.786
yaw070_pitch-075,70,-75,82.579,-74.512,12.579
yaw070_pitch-070,70,-70,79.431,-68.704,9.431
yaw070_pitch-065,70,-65,78.751,-63.955,8.751
yaw070_pitch-060,70,-60,77.223,-57.663,7.223
yaw070_pitch-055,70,-55,77.188,-49.627,7.188
yaw070_pitch-050,70,-50,78.161,-40.249,8.161
yaw070_pitch-045,70,-45,78.247,-37.976,8.247
yaw070_pitch-040,70,-40,78.025,-34.590,8.025
yaw070_pitch-035,70,-35,78.751,-36.176,8.751
yaw070_pitch-030,70,-30,83.000,-39.410,13.000
yaw070_pitch-025,70,-25,83.066,-34.359,13.066
yaw070_pitch-020,70,-20,83.161,-37.243,13.161
yaw070_pitch-015,70,-15,78.578,-31.529,8.578
yaw070_pitch-010,70,-10,80.795,-31.560,10.795
yaw070_pitch-005,70,-5,74.898,-24.791,4.898
yaw070_pitch+000,70,0,69.450,-22.896,0.550
yaw070_pitch+005,70,5,68.818,-14.189,1.182
yaw070_pitch+010,70,10,68.209,-1.919,1.791
yaw070_pitch+015,70,15,68.936,8.169,1.064
yaw070_pitch+020,70,20,71.010,11.221,1.010
yaw070_pitch+025,70,25,72.738,15.598,2.738
yaw070_pitch+030,70,30,72.148,20.781,2.148
yaw070_pitch+035,70,35,70.779,25.173,0.779
yaw070_pitch+040,70,40,66.760,31.799,3.240
yaw070_pitch+045,70,45,66.132,37.525,3.868
yaw070_pitch+050,70,50,66.224,40.703,3.776
yaw070_pitch+055,70,55,59.330,44.904,10.670
yaw070_pitch+060,70,60,57.647,54.940,12.353
yaw070_pitch+065,70,65,58.005,57.259,11.995
yaw070_pitch+070,70,70,56.002,63.186,13.998
yaw070_pitch+075,70,75,54.480,71.138,15.520
yaw070_pitch+080,70,80,53.317,77.108,16.683
yaw070_pitch+085,70,85,55.613,85.203,14.387
yaw070_pitch+090,70,90,56.402,87.599,13.598
yaw075_pitch-090,75,-90,92.986,-87.085,17.986
yaw075_pitch-085,75,-85,89.391,-80.902,14.391
yaw075_pitch-080,75,-80,88.424,-78.831,13.424
yaw075_pitch-075,75,-75,87.432,-77.297,12.432
yaw075_pitch-070,75,-70,84.236,-70.687,9.236
yaw075_pitch-065,75,-65,82.779,-65.139,7.779
yaw075_pitch-060,75,-60,81.254,-56.565,6.254
yaw075_pitch-055,75,-55,82.069,-49.043,7.069
yaw075_pitch-050,75,-50,84.339,-44.210,9.339
yaw075_pitch-045,75,-45,81.592,-34.260,6.592
yaw075_pitch-040,75,-40,81.674,-34.886,6.674
yaw075_pitch-035,75,-35,81.507,-38.538,6.507
yaw075_pitch-030,75,-30,82.985,-39.529,7.985
yaw075_pitch-025,75,-25,88.030,-37.031,13.030
yaw075_pitch-020,75,-20,87.249,-36.358,12.249
yaw075_pitch-015,75,-15,86.635,-37.964,11.635
yaw075_pitch-010,75,-10,80.988,-31.885,5.988
yaw075_pitch-005,75,-5,81.372,-25.446,6.372
yaw075_pitch+000,75,0,74.495,-21.008,0.505
yaw075_pitch+005,75,5,71.660,-11.926,3.340
yaw075_pitch+010,75,10,74.885,0.609,0.115
yaw075_pitch+015,75,15,73.204,11.185,1.796
yaw075_pitch+020,75,20,72.430,16.414,2.570
yaw075_pitch+025,75,25,73.255,17.343,1.745
yaw075_pitch+030,75,30,74.420,18.952,0.580
yaw075_pitch+035,75,35,76.247,28.579,1.247
yaw075_pitch+040,75,40,75.400,30.857,0.400
yaw075_pitch+045,75,45,73.683,37.580,1.317
yaw075_pitch+050,75,50,70.300,42.508,4.700
yaw075_pitch+055,75,55,66.566,43.791,8.434
yaw075_pitch+060,75,60,65.051,54.013,9.949
yaw075_pitch+065,75,65,64.144,58.913,10.856
yaw075_pitch+070,75,70,62.277,65.959,12.723
yaw075_pitch+075,75,75,61.091,71.117,13.909
yaw075_pitch+080,75,80,60.195,79.626,14.805
yaw075_pitch+085,75,85,60.567,86.411,14.433
yaw075_pitch+090,75,90,58.285,89.972,16.715
yaw080_pitch-090,80,-90,98.232,-82.617,18.232
yaw080_pitch-085,80,-85,95.413,-85.400,15.413
yaw080_pitch-080,80,-80,95.373,-78.720,15.373
yaw080_pitch-075,80,-75,94.519,-76.699,14.519
yaw080_pitch-070,80,-70,92.314,-69.460,12.314
yaw080_pitch-065,80,-65,91.674,-62.492,11.674
yaw080_pitch-060,80,-60,85.327,-55.911,5.327
yaw080_pitch-055,80,-55,89.936,-51.543,9.936
yaw080_pitch-050,80,-50,87.027,-44.094,7.027
yaw080_pitch-045,80,-45,89.227,-40.258,9.227
yaw080_pitch-040,80,-40,86.692,-38.148,6.692
yaw080_pitch-035,80,-35,87.203,-37.794,7.203
yaw080_pitch-030,80,-30,86.594,-41.118,6.594
yaw080_pitch-025,80,-25,86.622,-38.314,6.622
yaw080_pitch-020,80,-20,88.915,-38.126,8.915
yaw080_pitch-015,80,-15,87.794,-37.540,7.794
yaw080_pitch-010,80,-10,90.385,-37.952,10.385
yaw080_pitch-005,80,-5,83.262,-26.303,3.262
yaw080_pitch+000,80,0,78.889,-19.841,1.111
yaw080_pitch+005,80,5,76.853,-8.617,3.147
yaw080_pitch+010,80,10,80.526,0.681,0.526
yaw080_pitch+015,80,15,77.467,12.756,2.533
yaw080_pitch+020,80,20,78.730,19.183,1.270
yaw080_pitch+025,80,25,80.290,19.893,0.290
yaw080_pitch+030,80,30,77.692,24.490,2.308
yaw080_pitch+035,80,35,76.325,24.559,3.675
yaw080_pitch+040,80,40,75.396,34.427,4.604
yaw080_pitch+045,80,45,78.488,35.648,1.512
yaw080_pitch+050,80,50,77.929,43.376,2.071
yaw080_pitch+055,80,55,71.561,47.442,8.439
yaw080_pitch+060,80,60,71.160,57.363,8.840
yaw080_pitch+065,80,65,69.059,64.095,10.941
yaw080_pitch+070,80,70,69.202,67.244,10.798
yaw080_pitch+075,80,75,67.778,71.940,12.222
yaw080_pitch+080,80,80,68.102,77.263,11.898
yaw080_pitch+085,80,85,64.917,84.799,15.083
yaw080_pitch+090,80,90,64.315,88.002,15.685
yaw085_pitch-090,85,-90,104.468,-85.947,19.468
yaw085_pitch-085,85,-85,101.794,-85.130,16.794
yaw085_pitch-080,85,-80,101.722,-78.291,16.722
yaw085_pitch-075,85,-75,100.348,-74.576,15.348
yaw085_pitch-070,85,-70,100.841,-67.382,15.841
yaw085_pitch-065,85,-65,96.570,-61.581,11.570
yaw085_pitch-060,85,-60,95.827,-55.226,10.827
yaw085_pitch-055,85,-55,95.062,-49.124,10.062
yaw085_pitch-050,85,-50,92.594,-45.853,7.594
yaw085_pitch-045,85,-45,91.858,-42.453,6.858
yaw085_pitch-040,85,-40,90.100,-40.237,5.100
yaw085_pitch-035,85,-35,90.486,-43.116,5.486
yaw085_pitch-030,85,-30,87.620,-41.618,2.620
yaw085_pitch-025,85,-25,94.275,-39.798,9.275
yaw085_pitch-020,85,-20,95.725,-39.646,10.725
yaw085_pitch-015,85,-15,94.116,-36.899,9.116
yaw085_pitch-010,85,-10,88.798,-32.721,3.798
yaw085_pitch-005,85,-5,87.212,-25.717,2.212
yaw085_pitch+000,85,0,83.204,-17.551,1.796
yaw085_pitch+005,85,5,81.217,-3.098,3.783
yaw085_pitch+010,85,10,81.070,5.599,3.930
yaw085_pitch+015,85,15,85.734,14.032,0.734
yaw085_pitch+020,85,20,82.053,17.417,2.947
yaw085_pitch+025,85,25,80.422,20.804,4.578
yaw085_pitch+030,85,30,79.059,20.859,5.941
yaw085_pitch+035,85,35,80.448,29.714,4.552
yaw085_pitch+040,85,40,82.663,31.188,2.337
yaw085_pitch+045,85,45,81.200,35.363,3.800
yaw085_pitch+050,85,50,79.003,46.742,5.997
yaw085_pitch+055,85,55,80.606,48.173,4.394
yaw085_pitch+060,85,60,78.065,55.343,6.935
yaw085_pitch+065,85,65,73.525,61.725,11.475
yaw085_pitch+070,85,70,72.978,72.318,12.022
yaw085_pitch+075,85,75,75.041,75.407,9.959
yaw085_pitch+080,85,80,73.652,78.193,11.348
yaw085_pitch+085,85,85,69.114,78.922,15.886
yaw085_pitch+090,85,90,80.481,86.738,4.519
yaw090_pitch-090,90,-90,104.093,-89.168,14.093
yaw090_pitch-085,90,-85,105.764,-85.157,15.764
yaw090_pitch-080,90,-80,107.407,-79.950,17.407
yaw090_pitch-075,90,-75,108.431,-77.493,18.431
yaw090_pitch-070,90,-70,105.731,-66.931,15.731
yaw090_pitch-065,90,-65,105.941,-62.804,15.941
yaw090_pitch-060,90,-60,100.952,-55.004,10.952
yaw090_pitch-055,90,-55,100.440,-51.386,10.440
yaw090_pitch-050,90,-50,98.422,-48.248,8.422
yaw090_pitch-045,90,-45,97.313,-43.220,7.313
yaw090_pitch-040,90,-40,95.289,-43.197,5.289
yaw090_pitch-035,90,-35,93.984,-44.814,3.984
yaw090_pitch-030,90,-30,91.836,-42.745,1.836
yaw090_pitch-025,90,-25,91.888,-39.139,1.888
yaw090_pitch-020,90,-20,97.014,-41.117,7.014
yaw090_pitch-015,90,-15,96.705,-40.114,6.705
yaw090_pitch-010,90,-10,94.216,-31.913,4.216
yaw090_pitch-005,90,-5,92.703,-27.240,2.703
yaw090_pitch+000,90,0,86.818,-15.705,3.182
yaw090_pitch+005,90,5,85.623,-3.341,4.377
yaw090_pitch+010,90,10,84.341,5.981,5.659
yaw090_pitch+015,90,15,85.628,16.849,4.372
yaw090_pitch+020,90,20,86.536,16.774,3.464
yaw090_pitch+025,90,25,84.880,21.053,5.120
yaw090_pitch+030,90,30,84.948,22.762,5.052
yaw090_pitch+035,90,35,85.372,24.792,4.628
yaw090_pitch+040,90,40,83.909,29.297,6.091
yaw090_pitch+045,90,45,80.750,36.708,9.250
yaw090_pitch+050,90,50,77.835,41.898,12.165
yaw090_pitch+055,90,55,80.695,52.552,9.305
yaw090_pitch+060,90,60,78.315,56.821,11.685
yaw090_pitch+065,90,65,79.274,64.805,10.726
yaw090_pitch+070,90,70,77.428,70.442,12.572
yaw090_pitch+075,90,75,77.009,77.579,12.991
yaw090_pitch+080,90,80,74.467,79.117,15.533
yaw090_pitch+085,90,85,74.239,80.791,15.761
yaw090_pitch+090,90,90,80.107,86.990,9.893
yaw095_pitch-090,95,-90,108.756,-90.000,13.756
yaw095_pitch-085,95,-85,107.876,-80.404,12.876
yaw095_pitch-080,95,-80,110.127,-72.344,15.127
yaw095_pitch-075,95,-75,110.225,-77.015,15.225
yaw095_pitch-070,95,-70,110.097,-68.044,15.097
yaw095_pitch-065,95,-65,108.092,-61.439,13.092
yaw095_pitch-060,95,-60,104.350,-54.760,9.350
yaw095_pitch-055,95,-55,102.728,-51.109,7.728
yaw095_pitch-050,95,-50,102.277,-50.244,7.277
yaw095_pitch-045,95,-45,96.277,-44.964,1.277
yaw095_pitch-040,95,-40,97.973,-44.350,2.973
yaw095_pitch-035,95,-35,97.173,-43.027,2.173
yaw095_pitch-030,95,-30,95.635,-43.791,0.635
yaw095_pitch-025,95,-25,95.300,-42.038,0.300
yaw095_pitch-020,95,-20,100.216,-41.769,5.216
yaw095_pitch-015,95,-15,100.244,-37.950,5.244
yaw095_pitch-010,95,-10,95.988,-34.884,0.988
yaw095_pitch-005,95,-5,95.144,-28.873,0.144
yaw095_pitch+000,95,0,92.873,-20.120,2.127
yaw095_pitch+005,95,5,92.580,-8.522,2.420
yaw095_pitch+010,95,10,88.355,4.289,6.645
yaw095_pitch+015,95,15,90.641,13.679,4.359
yaw095_pitch+020,95,20,91.167,15.659,3.833
yaw095_pitch+025,95,25,90.305,16.381,4.695
yaw095_pitch+030,95,30,92.703,14.552,2.297
yaw095_pitch+035,95,35,90.963,19.701,4.037
yaw095_pitch+040,95,40,93.172,23.620,1.828
yaw095_pitch+045,95,45,86.693,35.802,8.307
yaw095_pitch+050,95,50,87.587,47.299,7.413
yaw095_pitch+055,95,55,85.067,48.308,9.933
yaw095_pitch+060,95,60,87.693,65.160,7.307
yaw095_pitch+065,95,65,78.903,64.457,16.097
yaw095_pitch+070,95,70,77.053,72.409,17.947
yaw095_pitch+075,95,75,78.071,77.467,16.929
yaw095_pitch+080,95,80,79.618,81.336,15.382
yaw095_pitch+085,95,85,81.145,83.261,13.855
yaw095_pitch+090,95,90,81.039,87.734,13.961
yaw100_pitch-090,100,-90,115.256,-84.605,15.256
yaw100_pitch-085,100,-85,112.323,-81.552,12.323
yaw100_pitch-080,100,-80,113.477,-78.453,13.477
yaw100_pitch-075,100,-75,114.216,-75.111,14.216
yaw100_pitch-070,100,-70,113.455,-69.351,13.455
yaw100_pitch-065,100,-65,109.036,-58.510,9.036
yaw100_pitch-060,100,-60,106.379,-55.721,6.379
yaw100_pitch-055,100,-55,107.558,-52.641,7.558
yaw100_pitch-050,100,-50,105.751,-49.665,5.751
yaw100_pitch-045,100,-45,105.628,-47.506,5.628
yaw100_pitch-040,100,-40,104.442,-46.222,4.442
yaw100_pitch-035,100,-35,103.654,-46.520,3.654
yaw100_pitch-030,100,-30,104.593,-47.288,4.593
yaw100_pitch-025,100,-25,99.965,-42.037,0.035
yaw100_pitch-020,100,-20,99.396,-40.920,0.604
yaw100_pitch-015,100,-15,99.297,-40.444,0.703
yaw100_pitch-010,100,-10,98.281,-35.328,1.719
yaw100_pitch-005,100,-5,98.511,-30.343,1.489
yaw100_pitch+000,100,0,97.334,-24.872,2.666
yaw100_pitch+005,100,5,97.208,-12.822,2.792
yaw100_pitch+010,100,10,95.766,0.008,4.234
yaw100_pitch+015,100,15,96.150,10.301,3.850
yaw100_pitch+020,100,20,97.956,13.851,2.044
yaw100_pitch+025,100,25,97.846,12.951,2.154
yaw100_pitch+030,100,30,102.908,12.806,2.908
yaw100_pitch+035,100,35,104.279,8.575,4.279
yaw100_pitch+040,100,40,95.875,23.370,4.125
yaw100_pitch+045,100,45,95.762,30.747,4.238
yaw100_pitch+050,100,50,93.472,42.059,6.528
yaw100_pitch+055,100,55,88.634,54.772,11.366
yaw100_pitch+060,100,60,88.932,63.035,11.068
yaw100_pitch+065,100,65,88.184,64.220,11.816
yaw100_pitch+070,100,70,84.225,72.362,15.775
yaw100_pitch+075,100,75,85.578,75.880,14.422
yaw100_pitch+080,100,80,83.228,80.710,16.772
yaw100_pitch+085,100,85,88.130,83.647,11.870
yaw100_pitch+090,100,90,86.959,87.127,13.041
yaw105_pitch-090,105,-90,122.197,-85.414,17.197
yaw105_pitch-085,105,-85,121.844,-86.176,16.844
yaw105_pitch-080,105,-80,122.920,-78.454,17.920
yaw105_pitch-075,105,-75,118.888,-74.442,13.888
yaw105_pitch-070,105,-70,118.421,-64.961,13.421
yaw105_pitch-065,105,-65,119.011,-58.373,14.011
yaw105_pitch-060,105,-60,114.874,-54.621,9.874
yaw105_pitch-055,105,-55,115.208,-49.382,10.208
yaw105_pitch-050,105,-50,111.211,-46.007,6.211
yaw105_pitch-045,105,-45,110.913,-46.968,5.913
yaw105_pitch-040,105,-40,108.420,-46.391,3.420
yaw105_pitch-035,105,-35,109.601,-47.617,4.601
yaw105_pitch-030,105,-30,107.659,-44.823,2.659
yaw105_pitch-025,105,-25,106.330,-44.665,1.330
yaw105_pitch-020,105,-20,103.462,-42.417,1.538
yaw105_pitch-015,105,-15,100.271,-39.068,4.729
yaw105_pitch-010,105,-10,100.941,-34.547,4.059
yaw105_pitch-005,105,-5,101.129,-30.770,3.871
yaw105_pitch+000,105,0,101.540,-28.104,3.460
yaw105_pitch+005,105,5,102.992,-15.674,2.008
yaw105_pitch+010,105,10,104.856,-3.739,0.144
yaw105_pitch+015,105,15,102.404,7.910,2.596
yaw105_pitch+020,105,20,105.863,11.951,0.863
yaw105_pitch+025,105,25,101.060,14.171,3.940
yaw105_pitch+030,105,30,105.740,12.666,0.740
yaw105_pitch+035,105,35,108.282,12.711,3.282
yaw105_pitch+040,105,40,104.176,21.786,0.824
yaw105_pitch+045,105,45,103.623,32.090,1.377
yaw105_pitch+050,105,50,102.445,44.309,2.555
yaw105_pitch+055,105,55,98.606,47.065,6.394
yaw105_pitch+060,105,60,95.840,59.591,9.160
yaw105_pitch+065,105,65,95.054,66.804,9.946
yaw105_pitch+070,105,70,87.136,68.927,17.864
yaw105_pitch+075,105,75,88.780,73.740,16.220
yaw105_pitch+080,105,80,88.300,77.486,16.700
yaw105_pitch+085,105,85,90.814,82.725,14.186
yaw105_pitch+090,105,90,99.749,88.407,5.251
yaw110_pitch-090,110,-90,127.144,-85.200,17.144
yaw110_pitch-085,110,-85,127.376,-84.707,17.376
yaw110_pitch-080,110,-80,128.252,-78.551,18.252
yaw110_pitch-075,110,-75,128.321,-72.608,18.321
yaw110_pitch-070,110,-70,127.140,-66.466,17.140
yaw110_pitch-065,110,-65,124.166,-57.886,14.166
yaw110_pitch-060,110,-60,121.613,-53.414,11.613
yaw110_pitch-055,110,-55,120.594,-50.383,10.594
yaw110_pitch-050,110,-50,118.513,-43.157,8.513
yaw110_pitch-045,110,-45,116.824,-42.640,6.824
yaw110_pitch-040,110,-40,114.346,-43.745,4.346
yaw110_pitch-035,110,-35,114.163,-44.442,4.163
yaw110_pitch-030,110,-30,109.134,-41.674,0.866
yaw110_pitch-025,110,-25,108.396,-40.790,1.604
yaw110_pitch-020,110,-20,104.136,-39.025,5.864
yaw110_pitch-015,110,-15,102.016,-37.597,7.984
yaw110_pitch-010,110,-10,101.203,-34.150,8.797
yaw110_pitch-005,110,-5,104.321,-31.146,5.679
yaw110_pitch+000,110,0,106.875,-27.353,3.125
yaw110_pitch+005,110,5,105.844,-15.818,4.156
yaw110_pitch+010,110,10,108.123,-3.402,1.877
yaw110_pitch+015,110,15,106.258,7.808,3.742
yaw110_pitch+020,110,20,107.504,13.187,2.496
yaw110_pitch+025,110,25,109.288,12.423,0.712
yaw110_pitch+030,110,30,109.397,15.891,0.603
yaw110_pitch+035,110,35,110.137,18.931,0.137
yaw110_pitch+040,110,40,105.808,28.022,4.192
yaw110_pitch+045,110,45,107.875,32.061,2.125
yaw110_pitch+050,110,50,106.043,40.358,3.957
yaw110_pitch+055,110,55,101.972,48.081,8.028
yaw110_pitch+060,110,60,98.710,59.393,11.290
yaw110_pitch+065,110,65,97.232,63.330,12.768
yaw110_pitch+070,110,70,94.888,71.793,15.112
yaw110_pitch+075,110,75,94.547,74.537,15.453
yaw110_pitch+080,110,80,92.087,76.872,17.913
yaw110_pitch+085,110,85,91.653,80.126,18.347
yaw110_pitch+090,110,90,93.497,86.388,16.503
yaw115_pitch-090,115,-90,130.274,-83.655,15.274
yaw115_pitch-085,115,-85,131.118,-84.525,16.118
yaw115_pitch-080,115,-80,133.805,-78.903,18.805
yaw115_pitch-075,115,-75,133.845,-72.595,18.845
yaw115_pitch-070,115,-70,132.525,-65.509,17.525
yaw115_pitch-065,115,-65,131.996,-58.214,16.996
yaw115_pitch-060,115,-60,128.104,-55.039,13.104
yaw115_pitch-055,115,-55,127.488,-50.769,12.488
yaw115_pitch-050,115,-50,122.477,-44.134,7.477
yaw115_pitch-045,115,-45,122.050,-41.971,7.050
yaw115_pitch-040,115,-40,120.520,-42.095,5.520
yaw115_pitch-035,115,-35,116.456,-40.809,1.456
yaw115_pitch-030,115,-30,112.779,-40.288,2.221
yaw115_pitch-025,115,-25,114.191,-40.678,0.809
yaw115_pitch-020,115,-20,110.653,-40.434,4.347
yaw115_pitch-015,115,-15,107.588,-39.582,7.412
yaw115_pitch-010,115,-10,105.944,-36.074,9.056
yaw115_pitch-005,115,-5,106.217,-32.367,8.783
yaw115_pitch+000,115,0,107.030,-31.928,7.970
yaw115_pitch+005,115,5,110.035,-18.134,4.965
yaw115_pitch+010,115,10,108.596,-5.734,6.404
yaw115_pitch+015,115,15,107.338,7.405,7.662
yaw115_pitch+020,115,20,107.739,13.557,7.261
yaw115_pitch+025,115,25,111.160,14.432,3.840
yaw115_pitch+030,115,30,110.004,20.935,4.996
yaw115_pitch+035,115,35,107.987,23.920,7.013
yaw115_pitch+040,115,40,108.372,27.208,6.628
yaw115_pitch+045,115,45,106.880,36.207,8.120
yaw115_pitch+050,115,50,106.871,40.074,8.129
yaw115_pitch+055,115,55,109.181,48.072,5.819
yaw115_pitch+060,115,60,105.466,52.682,9.534
yaw115_pitch+065,115,65,103.085,61.122,11.915
yaw115_pitch+070,115,70,100.420,69.644,14.580
yaw115_pitch+075,115,75,96.811,73.501,18.189
yaw115_pitch+080,115,80,97.371,78.237,17.629
yaw115_pitch+085,115,85,97.981,82.654,17.019
yaw115_pitch+090,115,90,103.101,90.000,11.899
yaw120_pitch-090,120,-90,142.515,-90.000,22.515
yaw120_pitch-085,120,-85,138.374,-89.574,18.374
yaw120_pitch-080,120,-80,141.824,-80.366,21.824
yaw120_pitch-075,120,-75,143.435,-74.547,23.435
yaw120_pitch-070,120,-70,142.100,-67.049,22.100
yaw120_pitch-065,120,-65,139.544,-57.944,19.544
yaw120_pitch-060,120,-60,135.189,-50.139,15.189
yaw120_pitch-055,120,-55,132.110,-49.483,12.110
yaw120_pitch-050,120,-50,130.190,-42.167,10.190
yaw120_pitch-045,120,-45,127.395,-40.979,7.395
yaw120_pitch-040,120,-40,124.886,-42.585,4.886
yaw120_pitch-035,120,-35,122.543,-40.802,2.543
yaw120_pitch-030,120,-30,121.795,-39.699,1.795
yaw120_pitch-025,120,-25,117.819,-39.748,2.181
yaw120_pitch-020,120,-20,114.694,-38.056,5.306
yaw120_pitch-015,120,-15,114.633,-38.017,5.367
yaw120_pitch-010,120,-10,111.025,-34.531,8.975
yaw120_pitch-005,120,-5,110.235,-31.799,9.765
yaw120_pitch+000,120,0,109.350,-32.027,10.650
yaw120_pitch+005,120,5,114.066,-20.036,5.934
yaw120_pitch+010,120,10,113.073,-9.947,6.927
yaw120_pitch+015,120,15,113.418,1.167,6.582
yaw120_pitch+020,120,20,112.410,7.692,7.590
yaw120_pitch+025,120,25,110.985,15.487,9.015
yaw120_pitch+030,120,30,111.017,22.192,8.983
yaw120_pitch+035,120,35,110.532,25.717,9.468
yaw120_pitch+040,120,40,110.676,31.445,9.324
yaw120_pitch+045,120,45,112.929,36.210,7.071
yaw120_pitch+050,120,50,113.365,38.352,6.635
yaw120_pitch+055,120,55,110.568,47.643,9.432
yaw120_pitch+060,120,60,111.463,54.171,8.537
yaw120_pitch+065,120,65,108.139,62.236,11.861
yaw120_pitch+070,120,70,104.746,68.080,15.254
yaw120_pitch+075,120,75,103.446,72.326,16.554
yaw120_pitch+080,120,80,104.554,77.744,15.446
yaw120_pitch+085,120,85,104.080,84.801,15.920
yaw120_pitch+090,120,90,105.845,90.000,14.155
yaw125_pitch-090,125,-90,142.811,-89.140,17.811
yaw125_pitch-085,125,-85,146.466,-84.598,21.466
yaw125_pitch-080,125,-80,151.840,-72.034,26.840
yaw125_pitch-075,125,-75,153.047,-66.877,28.047
yaw125_pitch-070,125,-70,149.685,-66.093,24.685
yaw125_pitch-065,125,-65,150.028,-62.305,25.028
yaw125_pitch-060,125,-60,143.071,-53.808,18.071
yaw125_pitch-055,125,-55,136.485,-48.211,11.485
yaw125_pitch-050,125,-50,133.285,-41.721,8.285
yaw125_pitch-045,125,-45,132.898,-39.563,7.898
yaw125_pitch-040,125,-40,132.427,-41.607,7.427
yaw125_pitch-035,125,-35,127.670,-40.381,2.670
yaw125_pitch-030,125,-30,124.999,-41.944,0.001
yaw125_pitch-025,125,-25,120.443,-41.478,4.557
yaw125_pitch-020,125,-20,120.871,-42.479,4.129
yaw125_pitch-015,125,-15,114.501,-40.579,10.499
yaw125_pitch-010,125,-10,111.472,-38.889,13.528
yaw125_pitch-005,125,-5,112.655,-32.544,12.345
yaw125_pitch+000,125,0,111.320,-28.148,13.680
yaw125_pitch+005,125,5,113.242,-18.667,11.758
yaw125_pitch+010,125,10,118.010,-12.858,6.990
yaw125_pitch+015,125,15,120.329,-2.611,4.671
yaw125_pitch+020,125,20,119.655,5.403,5.345
yaw125_pitch+025,125,25,118.686,11.242,6.314
yaw125_pitch+030,125,30,117.236,15.155,7.764
yaw125_pitch+035,125,35,114.928,20.407,10.072
yaw125_pitch+040,125,40,113.154,31.090,11.846
yaw125_pitch+045,125,45,112.967,32.980,12.033
yaw125_pitch+050,125,50,115.370,40.874,9.630
yaw125_pitch+055,125,55,115.788,46.989,9.212
yaw125_pitch+060,125,60,114.341,55.884,10.659
yaw125_pitch+065,125,65,110.476,62.326,14.524
yaw125_pitch+070,125,70,110.375,66.655,14.625
yaw125_pitch+075,125,75,115.988,72.808,9.012
yaw125_pitch+080,125,80,109.228,78.905,15.772
yaw125_pitch+085,125,85,113.020,85.552,11.980
yaw125_pitch+090,125,90,110.861,90.000,14.139
yaw130_pitch-090,130,-90,144.040,-84.064,14.040
yaw130_pitch-085,130,-85,151.482,-80.953,21.482
yaw130_pitch-080,130,-80,158.337,-72.306,28.337
yaw130_pitch-075,130,-75,159.079,-68.235,29.079
yaw130_pitch-070,130,-70,158.816,-64.986,28.816
yaw130_pitch-065,130,-65,152.983,-60.758,22.983
yaw130_pitch-060,130,-60,148.156,-54.490,18.156
yaw130_pitch-055,130,-55,142.090,-47.255,12.090
yaw130_pitch-050,130,-50,138.564,-43.355,8.564
yaw130_pitch-045,130,-45,136.813,-39.764,6.813
yaw130_pitch-040,130,-40,137.757,-50.300,7.757
yaw130_pitch-035,130,-35,133.584,-36.037,3.584
yaw130_pitch-030,130,-30,128.910,-41.304,1.090
yaw130_pitch-025,130,-25,127.219,-39.568,2.781
yaw130_pitch-020,130,-20,117.973,-40.085,12.027
yaw130_pitch-015,130,-15,113.524,-38.112,16.476
yaw130_pitch-010,130,-10,113.149,-36.391,16.851
yaw130_pitch-005,130,-5,110.356,-31.641,19.644
yaw130_pitch+000,130,0,109.330,-29.507,20.670
yaw130_pitch+005,130,5,111.077,-17.581,18.923
yaw130_pitch+010,130,10,117.915,-14.192,12.085
yaw130_pitch+015,130,15,121.983,-4.408,8.017
yaw130_pitch+020,130,20,124.219,3.441,5.781
yaw130_pitch+025,130,25,122.916,13.839,7.084
yaw130_pitch+030,130,30,122.405,20.783,7.595
yaw130_pitch+035,130,35,121.472,21.197,8.528
yaw130_pitch+040,130,40,120.919,27.188,9.081
yaw130_pitch+045,130,45,121.001,32.370,8.999
yaw130_pitch+050,130,50,117.604,41.463,12.396
yaw130_pitch+055,130,55,115.639,48.922,14.361
yaw130_pitch+060,130,60,115.708,53.762,14.292
yaw130_pitch+065,130,65,111.529,59.829,18.471
yaw130_pitch+070,130,70,111.919,66.658,18.081
yaw130_pitch+075,130,75,115.296,70.779,14.704
yaw130_pitch+080,130,80,114.569,77.393,15.431
yaw130_pitch+085,130,85,116.252,85.880,13.748
yaw130_pitch+090,130,90,117.506,90.000,12.494
yaw135_pitch-090,135,-90,149.038,-79.816,14.038
yaw135_pitch-085,135,-85,154.397,-77.429,19.397
yaw135_pitch-080,135,-80,163.723,-83.240,28.723
yaw135_pitch-075,135,-75,167.809,-70.978,32.809
yaw135_pitch-070,135,-70,161.630,-66.046,26.630
yaw135_pitch-065,135,-65,159.393,-62.984,24.393
yaw135_pitch-060,135,-60,152.852,-56.866,17.852
yaw135_pitch-055,135,-55,147.310,-50.818,12.310
yaw135_pitch-050,135,-50,141.002,-50.950,6.002
yaw135_pitch-045,135,-45,141.681,-39.957,6.681
yaw135_pitch-040,135,-40,140.247,-43.249,5.247
yaw135_pitch-035,135,-35,138.391,-43.368,3.391
yaw135_pitch-030,135,-30,133.917,-41.479,1.083
yaw135_pitch-025,135,-25,128.283,-40.250,6.717
yaw135_pitch-020,135,-20,122.101,-39.035,12.899
yaw135_pitch-015,135,-15,118.409,-35.865,16.591
yaw135_pitch-010,135,-10,111.737,-37.348,23.263
yaw135_pitch-005,135,-5,107.162,-31.993,27.838
yaw135_pitch+000,135,0,99.115,-27.477,35.885
yaw135_pitch+005,135,5,108.533,-20.723,26.467
yaw135_pitch+010,135,10,126.473,-19.877,8.527
yaw135_pitch+015,135,15,132.523,-9.995,2.477
yaw135_pitch+020,135,20,133.450,1.114,1.550
yaw135_pitch+025,135,25,129.739,13.468,5.261
yaw135_pitch+030,135,30,128.524,20.326,6.476
yaw135_pitch+035,135,35,124.556,25.497,10.444
yaw135_pitch+040,135,40,123.266,27.817,11.734
yaw135_pitch+045,135,45,121.556,34.747,13.444
yaw135_pitch+050,135,50,119.043,42.115,15.957
yaw135_pitch+055,135,55,119.749,45.049,15.251
yaw135_pitch+060,135,60,117.070,55.837,17.930
yaw135_pitch+065,135,65,113.219,58.312,21.781
yaw135_pitch+070,135,70,111.999,64.854,23.001
yaw135_pitch+075,135,75,118.579,71.624,16.421
yaw135_pitch+080,135,80,116.477,74.445,18.523
yaw135_pitch+085,135,85,117.723,81.076,17.277
yaw135_pitch+090,135,90,118.050,82.257,16.950
yaw140_pitch-090,140,-90,155.919,-84.840,15.919
yaw140_pitch-085,140,-85,157.855,-85.958,17.855
yaw140_pitch-080,140,-80,161.538,-76.306,21.538
yaw140_pitch-075,140,-75,162.560,-76.482,22.560
yaw140_pitch-070,140,-70,158.248,-67.412,18.248
yaw140_pitch-065,140,-65,161.005,-61.485,21.005
yaw140_pitch-060,140,-60,154.388,-57.285,14.388
yaw140_pitch-055,140,-55,148.694,-45.127,8.694
yaw140_pitch-050,140,-50,145.499,-46.846,5.499
yaw140_pitch-045,140,-45,146.575,-44.467,6.575
yaw140_pitch-040,140,-40,144.127,-43.213,4.127
yaw140_pitch-035,140,-35,140.688,-43.561,0.688
yaw140_pitch-030,140,-30,135.621,-41.388,4.379
yaw140_pitch-025,140,-25,129.763,-39.970,10.237
yaw140_pitch-020,140,-20,122.100,-36.839,17.900
yaw140_pitch-015,140,-15,117.441,-36.994,22.559
yaw140_pitch-010,140,-10,107.587,-34.309,32.413
yaw140_pitch-005,140,-5,101.831,-29.873,38.169
yaw140_pitch+000,140,0,99.446,-26.454,40.554
yaw140_pitch+005,140,5,118.397,-24.516,21.603
yaw140_pitch+010,140,10,142.325,-25.410,2.325
yaw140_pitch+015,140,15,156.279,-9.574,16.279
yaw140_pitch+020,140,20,157.274,-0.209,17.274
yaw140_pitch+025,140,25,144.975,10.544,4.975
yaw140_pitch+030,140,30,136.802,19.216,3.198
yaw140_pitch+035,140,35,135.596,20.920,4.404
yaw140_pitch+040,140,40,127.680,32.468,12.320
yaw140_pitch+045,140,45,124.415,37.312,15.585
yaw140_pitch+050,140,50,124.449,39.520,15.551
yaw140_pitch+055,140,55,121.901,45.777,18.099
yaw140_pitch+060,140,60,119.674,51.128,20.326
yaw140_pitch+065,140,65,116.009,55.362,23.991
yaw140_pitch+070,140,70,123.226,65.300,16.774
yaw140_pitch+075,140,75,125.344,70.174,14.656
yaw140_pitch+080,140,80,126.216,77.908,13.784
yaw140_pitch+085,140,85,126.063,82.125,13.937
yaw140_pitch+090,140,90,125.075,84.394,14.925
yaw145_pitch-090,145,-90,163.817,-81.827,18.817
yaw145_pitch-085,145,-85,167.046,-87.287,22.046
yaw145_pitch-080,145,-80,164.804,-79.670,19.804
yaw145_pitch-075,145,-75,165.266,-74.672,20.266
yaw145_pitch-070,145,-70,164.508,-69.295,19.508
yaw145_pitch-065,145,-65,164.355,-62.654,19.355
yaw145_pitch-060,145,-60,155.714,-56.568,10.714
yaw145_pitch-055,145,-55,154.191,-47.779,9.191
yaw145_pitch-050,145,-50,152.819,-48.470,7.819
yaw145_pitch-045,145,-45,148.493,-45.406,3.493
yaw145_pitch-040,145,-40,147.357,-43.620,2.357
yaw145_pitch-035,145,-35,145.005,-43.452,0.005
yaw145_pitch-030,145,-30,139.589,-41.057,5.411
yaw145_pitch-025,145,-25,134.307,-39.447,10.693
yaw145_pitch-020,145,-20,123.808,-36.106,21.192
yaw145_pitch-015,145,-15,118.558,-37.006,26.442
yaw145_pitch-010,145,-10,107.629,-31.500,37.371
yaw145_pitch-005,145,-5,100.564,-29.983,44.436
yaw145_pitch+000,145,0,100.511,-27.676,44.489
yaw145_pitch+005,145,5,130.808,-24.990,14.192
yaw145_pitch+010,145,10,146.432,-16.906,1.432
yaw145_pitch+015,145,15,152.278,3.647,7.278
yaw145_pitch+020,145,20,162.090,10.976,17.090
yaw145_pitch+025,145,25,155.842,6.138,10.842
yaw145_pitch+030,145,30,148.166,13.422,3.166
yaw145_pitch+035,145,35,138.321,25.875,6.679
yaw145_pitch+040,145,40,134.952,26.363,10.048
yaw145_pitch+045,145,45,131.400,31.298,13.600
yaw145_pitch+050,145,50,128.979,40.927,16.021
yaw145_pitch+055,145,55,128.934,44.926,16.066
yaw145_pitch+060,145,60,127.285,49.528,17.715
yaw145_pitch+065,145,65,124.076,52.617,20.924
yaw145_pitch+070,145,70,129.170,64.603,15.830
yaw145_pitch+075,145,75,130.788,68.988,14.212
yaw145_pitch+080,145,80,132.626,76.980,12.374
yaw145_pitch+085,145,85,132.856,82.098,12.144
yaw145_pitch+090,145,90,132.204,85.664,12.796
yaw150_pitch-090,150,-90,171.531,-89.859,21.531
yaw150_pitch-085,150,-85,173.452,-87.460,23.452
yaw150_pitch-080,150,-80,172.949,-80.730,22.949
yaw150_pitch-075,150,-75,175.293,-74.936,25.293
yaw150_pitch-070,150,-70,172.729,-68.244,22.729
yaw150_pitch-065,150,-65,164.334,-62.507,14.334
yaw150_pitch-060,150,-60,163.797,-59.582,13.797
yaw150_pitch-055,150,-55,158.473,-56.328,8.473
yaw150_pitch-050,150,-50,158.085,-48.338,8.085
yaw150_pitch-045,150,-45,151.115,-43.186,1.115
yaw150_pitch-040,150,-40,148.392,-41.754,1.608
yaw150_pitch-035,150,-35,147.285,-41.240,2.715
yaw150_pitch-030,150,-30,142.263,-38.998,7.737
yaw150_pitch-025,150,-25,134.293,-35.279,15.707
yaw150_pitch-020,150,-20,128.710,-33.680,21.290
yaw150_pitch-015,150,-15,117.421,-32.994,32.579
yaw150_pitch-010,150,-10,106.924,-30.531,43.076
yaw150_pitch-005,150,-5,99.678,-31.098,50.322
yaw150_pitch+000,150,0,111.747,-29.140,38.253
yaw150_pitch+005,150,5,135.565,-24.841,14.435
yaw150_pitch+010,150,10,146.224,-16.159,3.776
yaw150_pitch+015,150,15,155.195,0.779,5.195
yaw150_pitch+020,150,20,163.143,6.593,13.143
yaw150_pitch+025,150,25,162.195,3.526,12.195
yaw150_pitch+030,150,30,152.924,11.297,2.924
yaw150_pitch+035,150,35,143.109,23.108,6.891
yaw150_pitch+040,150,40,137.931,27.289,12.069
yaw150_pitch+045,150,45,138.590,32.727,11.410
yaw150_pitch+050,150,50,134.723,39.649,15.277
yaw150_pitch+055,150,55,135.196,40.615,14.804
yaw150_pitch+060,150,60,132.996,49.021,17.004
yaw150_pitch+065,150,65,131.645,53.017,18.355
yaw150_pitch+070,150,70,133.839,63.761,16.161
yaw150_pitch+075,150,75,138.154,70.538,11.846
yaw150_pitch+080,150,80,137.276,74.998,12.724
yaw150_pitch+085,150,85,137.644,83.039,12.356
yaw150_pitch+090,150,90,136.900,87.497,13.100
yaw155_pitch-090,155,-90,176.960,-86.822,21.960
yaw155_pitch-085,155,-85,176.083,-88.692,21.083
yaw155_pitch-080,155,-80,176.715,-78.982,21.715
yaw155_pitch-075,155,-75,174.492,-74.584,19.492
yaw155_pitch-070,155,-70,172.873,-65.287,17.873
yaw155_pitch-065,155,-65,168.377,-62.806,13.377
yaw155_pitch-060,155,-60,165.775,-54.077,10.775
yaw155_pitch-055,155,-55,163.719,-51.525,8.719
yaw155_pitch-050,155,-50,160.700,-50.589,5.700
yaw155_pitch-045,155,-45,159.116,-43.552,4.116
yaw155_pitch-040,155,-40,153.062,-39.571,1.938
yaw155_pitch-035,155,-35,148.743,-37.038,6.257
yaw155_pitch-030,155,-30,142.889,-34.232,12.111
yaw155_pitch-025,155,-25,135.833,-30.616,19.167
yaw155_pitch-020,155,-20,128.759,-29.258,26.241
yaw155_pitch-015,155,-15,117.407,-30.511,37.593
yaw155_pitch-010,155,-10,106.796,-29.805,48.204
yaw155_pitch-005,155,-5,102.412,-29.082,52.588
yaw155_pitch+000,155,0,115.726,-28.108,39.274
yaw155_pitch+005,155,5,136.743,-23.545,18.257
yaw155_pitch+010,155,10,150.671,-14.023,4.329
yaw155_pitch+015,155,15,157.915,-3.736,2.915
yaw155_pitch+020,155,20,165.283,-1.264,10.283
yaw155_pitch+025,155,25,168.961,2.886,13.961
yaw155_pitch+030,155,30,153.203,12.860,1.797
yaw155_pitch+035,155,35,146.493,22.413,8.507
yaw155_pitch+040,155,40,141.719,27.557,13.281
yaw155_pitch+045,155,45,142.201,32.765,12.799
yaw155_pitch+050,155,50,140.456,39.629,14.544
yaw155_pitch+055,155,55,141.200,40.908,13.800
yaw155_pitch+060,155,60,139.067,46.326,15.933
yaw155_pitch+065,155,65,137.726,54.579,17.274
yaw155_pitch+070,155,70,144.583,62.664,10.417
yaw155_pitch+075,155,75,142.658,69.621,12.342
yaw155_pitch+080,155,80,141.320,76.632,13.680
yaw155_pitch+085,155,85,139.271,85.662,15.729
yaw155_pitch+090,155,90,135.190,90.000,19.810
yaw160_pitch-090,160,-90,183.090,-85.815,23.090
yaw160_pitch-085,160,-85,180.707,-86.536,20.707
yaw160_pitch-080,160,-80,180.793,-80.954,20.793
yaw160_pitch-075,160,-75,180.538,-72.479,20.538
yaw160_pitch-070,160,-70,176.108,-66.376,16.108
yaw160_pitch-065,160,-65,173.470,-61.984,13.470
yaw160_pitch-060,160,-60,170.813,-54.318,10.813
yaw160_pitch-055,160,-55,169.422,-53.756,9.422
yaw160_pitch-050,160,-50,166.647,-48.335,6.647
yaw160_pitch-045,160,-45,162.042,-43.703,2.042
yaw160_pitch-040,160,-40,157.759,-37.611,2.241
yaw160_pitch-035,160,-35,150.433,-31.850,9.567
yaw160_pitch-030,160,-30,145.196,-32.767,14.804
yaw160_pitch-025,160,-25,135.587,-28.558,24.413
yaw160_pitch-020,160,-20,126.919,-29.834,33.081
yaw160_pitch-015,160,-15,115.830,-28.623,44.170
yaw160_pitch-010,160,-10,110.337,-28.254,49.663
yaw160_pitch-005,160,-5,106.929,-30.594,53.071
yaw160_pitch+000,160,0,119.085,-27.187,40.915
yaw160_pitch+005,160,5,136.782,-23.500,23.218
yaw160_pitch+010,160,10,156.048,-19.799,3.952
yaw160_pitch+015,160,15,164.569,-9.936,4.569
yaw160_pitch+020,160,20,170.095,-6.672,10.095
yaw160_pitch+025,160,25,167.117,2.783,7.117
yaw160_pitch+030,160,30,151.960,12.971,8.040
yaw160_pitch+035,160,35,148.080,22.881,11.920
yaw160_pitch+040,160,40,147.473,26.196,12.527
yaw160_pitch+045,160,45,148.521,31.043,11.479
yaw160_pitch+050,160,50,147.283,36.747,12.717
yaw160_pitch+055,160,55,145.566,40.204,14.434
yaw160_pitch+060,160,60,146.561,46.484,13.439
yaw160_pitch+065,160,65,144.104,53.145,15.896
yaw160_pitch+070,160,70,148.538,63.707,11.462
yaw160_pitch+075,160,75,145.970,68.435,14.030
yaw160_pitch+080,160,80,143.376,77.957,16.624
yaw160_pitch+085,160,85,136.434,85.617,23.566
yaw160_pitch+090,160,90,137.029,90.000,22.971
yaw165_pitch-090,165,-90,182.417,-84.214,17.417
yaw165_pitch-085,165,-85,183.468,-85.523,18.468
yaw165_pitch-080,165,-80,184.682,-82.702,19.682
yaw165_pitch-075,165,-75,185.415,-74.026,20.415
yaw165_pitch-070,165,-70,180.350,-66.849,15.350
yaw165_pitch-065,165,-65,179.241,-60.897,14.241
yaw165_pitch-060,165,-60,172.328,-58.893,7.328
yaw165_pitch-055,165,-55,172.228,-55.635,7.228
yaw165_pitch-050,165,-50,169.622,-46.747,4.622
yaw165_pitch-045,165,-45,166.495,-40.012,1.495
yaw165_pitch-040,165,-40,159.446,-33.798,5.554
yaw165_pitch-035,165,-35,154.353,-31.443,10.647
yaw165_pitch-030,165,-30,146.025,-29.824,18.975
yaw165_pitch-025,165,-25,135.691,-28.166,29.309
yaw165_pitch-020,165,-20,125.726,-28.046,39.274
yaw165_pitch-015,165,-15,117.395,-29.557,47.605
yaw165_pitch-010,165,-10,111.667,-30.525,53.333
yaw165_pitch-005,165,-5,115.328,-30.235,49.672
yaw165_pitch+000,165,0,126.830,-26.783,38.170
yaw165_pitch+005,165,5,145.785,-24.813,19.215
yaw165_pitch+010,165,10,157.546,-21.320,7.454
yaw165_pitch+015,165,15,167.189,-12.730,2.189
yaw165_pitch+020,165,20,172.683,-9.138,7.683
yaw165_pitch+025,165,25,167.766,6.181,2.766
yaw165_pitch+030,165,30,159.719,13.657,5.281
yaw165_pitch+035,165,35,156.374,20.466,8.626
yaw165_pitch+040,165,40,152.422,25.144,12.578
yaw165_pitch+045,165,45,151.611,30.561,13.389
yaw165_pitch+050,165,50,152.436,33.060,12.564
yaw165_pitch+055,165,55,150.685,39.538,14.315
yaw165_pitch+060,165,60,156.349,48.594,8.651
yaw165_pitch+065,165,65,155.684,51.501,9.316
yaw165_pitch+070,165,70,153.700,59.759,11.300
yaw165_pitch+075,165,75,149.805,69.203,15.195
yaw165_pitch+080,165,80,142.270,76.790,22.730
yaw165_pitch+085,165,85,141.547,84.794,23.453
yaw165_pitch+090,165,90,141.473,89.165,23.527
yaw170_pitch-090,170,-90,188.445,-87.517,18.445
yaw170_pitch-085,170,-85,188.755,-86.356,18.755
yaw170_pitch-080,170,-80,186.723,-81.312,16.723
yaw170_pitch-075,170,-75,186.387,-74.824,16.387
yaw170_pitch-070,170,-70,185.504,-65.949,15.504
yaw170_pitch-065,170,-65,180.246,-61.169,10.246
yaw170_pitch-060,170,-60,177.091,-60.071,7.091
yaw170_pitch-055,170,-55,175.325,-51.391,5.325
yaw170_pitch-050,170,-50,173.711,-45.271,3.711
yaw170_pitch-045,170,-45,172.956,-39.966,2.956
yaw170_pitch-040,170,-40,166.364,-32.355,3.636
yaw170_pitch-035,170,-35,151.069,-31.130,18.931
yaw170_pitch-030,170,-30,142.848,-27.074,27.152
yaw170_pitch-025,170,-25,133.208,-25.872,36.792
yaw170_pitch-020,170,-20,123.943,-28.761,46.057
yaw170_pitch-015,170,-15,118.099,-30.608,51.901
yaw170_pitch-010,170,-10,114.604,-29.369,55.396
yaw170_pitch-005,170,-5,121.820,-31.588,48.180
yaw170_pitch+000,170,0,137.186,-27.548,32.814
yaw170_pitch+005,170,5,154.238,-25.572,15.762
yaw170_pitch+010,170,10,169.059,-18.124,0.941
yaw170_pitch+015,170,15,176.014,-11.764,6.014
yaw170_pitch+020,170,20,176.840,-6.316,6.840
yaw170_pitch+025,170,25,168.770,7.396,1.230
yaw170_pitch+030,170,30,164.618,13.922,5.382
yaw170_pitch+035,170,35,158.129,22.021,11.871
yaw170_pitch+040,170,40,158.291,25.882,11.709
yaw170_pitch+045,170,45,157.882,30.482,12.118
yaw170_pitch+050,170,50,154.393,34.467,15.607
yaw170_pitch+055,170,55,157.942,37.460,12.058
yaw170_pitch+060,170,60,162.922,46.620,7.078
yaw170_pitch+065,170,65,160.599,53.703,9.401
yaw170_pitch+070,170,70,155.854,61.936,14.146
yaw170_pitch+075,170,75,152.260,69.015,17.740
yaw170_pitch+080,170,80,151.283,76.056,18.717
yaw170_pitch+085,170,85,147.373,84.388,22.627
yaw170_pitch+090,170,90,149.886,86.418,20.114
yaw175_pitch-090,175,-90,191.224,-87.895,16.224
yaw175_pitch-085,175,-85,192.533,-85.882,17.533
yaw175_pitch-080,175,-80,192.457,-80.252,17.457
yaw175_pitch-075,175,-75,187.926,-74.766,12.926
yaw175_pitch-070,175,-70,186.260,-69.694,11.260
yaw175_pitch-065,175,-65,182.257,-59.740,7.257
yaw175_pitch-060,175,-60,179.030,-62.505,4.030
yaw175_pitch-055,175,-55,177.116,-53.105,2.116
yaw175_pitch-050,175,-50,177.039,-46.775,2.039
yaw175_pitch-045,175,-45,171.099,-40.692,3.901
yaw175_pitch-040,175,-40,163.354,-34.137,11.646
yaw175_pitch-035,175,-35,149.402,-31.526,25.598
yaw175_pitch-030,175,-30,134.618,-29.756,40.382
yaw175_pitch-025,175,-25,120.329,-32.128,54.671
yaw175_pitch-020,175,-20,116.533,-30.907,58.467
yaw175_pitch-015,175,-15,108.643,-33.158,66.357
yaw175_pitch-010,175,-10,114.277,-32.173,60.723
yaw175_pitch-005,175,-5,128.021,-31.573,46.979
yaw175_pitch+000,175,0,144.396,-29.213,30.604
yaw175_pitch+005,175,5,165.116,-23.519,9.884
yaw175_pitch+010,175,10,174.000,-17.387,1.000
yaw175_pitch+015,175,15,178.816,-9.692,3.816
yaw175_pitch+020,175,20,176.258,-2.445,1.258
yaw175_pitch+025,175,25,174.992,6.778,0.008
yaw175_pitch+030,175,30,164.985,15.758,10.015
yaw175_pitch+035,175,35,165.077,21.017,9.923
yaw175_pitch+040,175,40,160.866,28.388,14.134
yaw175_pitch+045,175,45,160.532,30.978,14.468
yaw175_pitch+050,175,50,160.014,34.474,14.986
yaw175_pitch+055,175,55,168.094,39.582,6.906
yaw175_pitch+060,175,60,166.940,45.080,8.060
yaw175_pitch+065,175,65,163.319,53.024,11.681
yaw175_pitch+070,175,70,160.262,61.114,14.738
yaw175_pitch+075,175,75,155.905,71.160,19.095
yaw175_pitch+080,175,80,157.030,76.222,17.970
yaw175_pitch+085,175,85,158.140,83.789,16.860
yaw175_pitch+090,175,90,155.757,90.000,19.243
yaw180_pitch-090,180,-90,198.471,-86.932,18.471
yaw180_pitch-085,180,-85,198.255,-85.879,18.255
yaw180_pitch-080,180,-80,196.329,-79.299,16.329
yaw180_pitch-075,180,-75,192.841,-73.506,12.841
yaw180_pitch-070,180,-70,186.966,-68.857,6.966
yaw180_pitch-065,180,-65,186.767,-65.099,6.767
yaw180_pitch-060,180,-60,180.795,-53.012,0.795
yaw180_pitch-055,180,-55,177.507,-46.640,2.493
yaw180_pitch-050,180,-50,176.459,-43.376,3.541
yaw180_pitch-045,180,-45,168.253,-41.356,11.747
yaw180_pitch-040,180,-40,161.949,-37.018,18.051
yaw180_pitch-035,180,-35,139.821,-32.844,40.179
yaw180_pitch-030,180,-30,126.514,-32.964,53.486
yaw180_pitch-025,180,-25,116.176,-34.140,63.824
yaw180_pitch-020,180,-20,99.926,-33.443,80.074
yaw180_pitch-015,180,-15,101.697,-34.185,78.303
yaw180_pitch-010,180,-10,107.461,-31.930,72.539
yaw180_pitch-005,180,-5,125.694,-29.947,54.306
yaw180_pitch+000,180,0,142.208,-27.383,37.792
yaw180_pitch+005,180,5,161.643,-23.649,18.357
yaw180_pitch+010,180,10,165.729,-13.515,14.271
yaw180_pitch+015,180,15,178.873,-8.539,1.127
yaw180_pitch+020,180,20,175.501,-0.546,4.499
yaw180_pitch+025,180,25,175.526,8.378,4.474
yaw180_pitch+030,180,30,174.226,13.798,5.774
yaw180_pitch+035,180,35,170.194,19.886,9.806
yaw180_pitch+040,180,40,165.441,28.065,14.559
yaw180_pitch+045,180,45,163.975,32.513,16.025
yaw180_pitch+050,180,50,164.010,34.776,15.990
yaw180_pitch+055,180,55,171.614,39.194,8.386
yaw180_pitch+060,180,60,167.628,46.369,12.372
yaw180_pitch+065,180,65,168.902,51.213,11.098
yaw180_pitch+070,180,70,166.030,60.942,13.970
yaw180_pitch+075,180,75,162.698,71.194,17.302
yaw180_pitch+080,180,80,165.530,77.047,14.470
yaw180_pitch+085,180,85,165.416,82.173,14.584
yaw180_pitch+090,180,90,162.403,89.918,17.597
yaw185_pitch-090,185,-90,205.890,-90.000,20.890
yaw185_pitch-085,185,-85,202.768,-87.997,17.768
yaw185_pitch-080,185,-80,202.357,-81.663,17.357
yaw185_pitch-075,185,-75,196.799,-75.144,11.799
yaw185_pitch-070,185,-70,189.541,-69.234,4.541
yaw185_pitch-065,185,-65,180.480,-55.548,4.520
yaw185_pitch-060,185,-60,179.986,-53.354,5.014
yaw185_pitch-055,185,-55,172.383,-48.132,12.617
yaw185_pitch-050,185,-50,171.799,-45.617,13.201
yaw185_pitch-045,185,-45,166.405,-44.059,18.595
yaw185_pitch-040,185,-40,148.561,-42.810,36.439
yaw185_pitch-035,185,-35,129.783,-40.849,55.217
yaw185_pitch-030,185,-30,103.451,-37.862,81.549
yaw185_pitch-025,185,-25,84.178,-39.512,100.822
yaw185_pitch-020,185,-20,81.359,-37.805,103.641
yaw185_pitch-015,185,-15,89.315,-33.284,95.685
yaw185_pitch-010,185,-10,104.320,-32.359,80.680
yaw185_pitch-005,185,-5,124.166,-30.855,60.834
yaw185_pitch+000,185,0,148.203,-26.541,36.797
yaw185_pitch+005,185,5,159.266,-21.564,25.734
yaw185_pitch+010,185,10,169.468,-17.740,15.532
yaw185_pitch+015,185,15,177.981,-9.211,7.019
yaw185_pitch+020,185,20,175.017,1.493,9.983
yaw185_pitch+025,185,25,177.886,7.645,7.114
yaw185_pitch+030,185,30,179.342,14.599,5.658
yaw185_pitch+035,185,35,179.152,16.448,5.848
yaw185_pitch+040,185,40,174.682,23.567,10.318
yaw185_pitch+045,185,45,169.633,30.190,15.367
yaw185_pitch+050,185,50,170.515,35.116,14.485
yaw185_pitch+055,185,55,174.076,38.561,10.924
yaw185_pitch+060,185,60,173.101,43.602,11.899
yaw185_pitch+065,185,65,171.798,50.989,13.202
yaw185_pitch+070,185,70,168.373,59.748,16.627
yaw185_pitch+075,185,75,171.374,70.130,13.626
yaw185_pitch+080,185,80,170.074,77.347,14.926
yaw185_pitch+085,185,85,172.407,83.925,12.593
yaw185_pitch+090,185,90,174.483,88.651,10.517
yaw190_pitch-090,190,-90,208.761,-89.214,18.761
yaw190_pitch-085,190,-85,207.421,-86.169,17.421
yaw190_pitch-080,190,-80,205.485,-80.250,15.485
yaw190_pitch-075,190,-75,200.098,-73.292,10.098
yaw190_pitch-070,190,-70,192.225,-66.633,2.225
yaw190_pitch-065,190,-65,183.384,-52.313,6.616
yaw190_pitch-060,190,-60,181.516,-56.319,8.484
yaw190_pitch-055,190,-55,152.230,-48.388,37.770
yaw190_pitch-050,190,-50,146.551,-48.070,43.449
yaw190_pitch-045,190,-45,117.544,-45.571,72.456
yaw190_pitch-040,190,-40,81.439,-43.340,108.561
yaw190_pitch-035,190,-35,78.488,-41.300,111.512
yaw190_pitch-030,190,-30,69.462,-43.499,120.538
yaw190_pitch-025,190,-25,63.024,-41.311,126.976
yaw190_pitch-020,190,-20,66.942,-38.529,123.058
yaw190_pitch-015,190,-15,71.262,-35.572,118.738
yaw190_pitch-010,190,-10,88.287,-32.508,101.713
yaw190_pitch-005,190,-5,119.535,-31.278,70.465
yaw190_pitch+000,190,0,144.337,-25.498,45.663
yaw190_pitch+005,190,5,165.932,-22.976,24.068
yaw190_pitch+010,190,10,168.199,-16.279,21.801
yaw190_pitch+015,190,15,173.819,-8.209,16.181
yaw190_pitch+020,190,20,171.448,1.680,18.552
yaw190_pitch+025,190,25,181.367,7.311,8.633
yaw190_pitch+030,190,30,180.153,12.853,9.847
yaw190_pitch+035,190,35,179.145,19.300,10.855
yaw190_pitch+040,190,40,175.801,24.547,14.199
yaw190_pitch+045,190,45,173.838,29.682,16.162
yaw190_pitch+050,190,50,170.825,35.464,19.175
yaw190_pitch+055,190,55,177.647,35.829,12.353
yaw190_pitch+060,190,60,177.170,42.975,12.830
yaw190_pitch+065,190,65,174.651,52.649,15.349
yaw190_pitch+070,190,70,172.045,61.638,17.955
yaw190_pitch+075,190,75,172.461,72.459,17.539
yaw190_pitch+080,190,80,174.811,79.103,15.189
yaw190_pitch+085,190,85,176.797,84.138,13.203
yaw190_pitch+090,190,90,179.895,88.013,10.105
yaw195_pitch-090,195,-90,213.394,-87.811,18.394
yaw195_pitch-085,195,-85,211.223,-84.189,16.223
yaw195_pitch-080,195,-80,208.695,-80.588,13.695
yaw195_pitch-075,195,-75,207.875,-76.135,12.875
yaw195_pitch-070,195,-70,199.008,-71.502,4.008
yaw195_pitch-065,195,-65,184.262,-56.862,10.738
yaw195_pitch-060,195,-60,168.998,-56.559,26.002
yaw195_pitch-055,195,-55,131.173,-53.657,63.827
yaw195_pitch-050,195,-50,119.887,-47.490,75.113
yaw195_pitch-045,195,-45,73.046,-45.157,121.954
yaw195_pitch-040,195,-40,63.329,-41.918,131.671
yaw195_pitch-035,195,-35,53.510,-44.841,141.490
yaw195_pitch-030,195,-30,49.396,-46.034,145.604
yaw195_pitch-025,195,-25,47.682,-42.927,147.318
yaw195_pitch-020,195,-20,50.156,-42.272,144.844
yaw195_pitch-015,195,-15,53.778,-36.414,141.222
yaw195_pitch-010,195,-10,64.177,-33.648,130.823
yaw195_pitch-005,195,-5,91.590,-30.252,103.410
yaw195_pitch+000,195,0,121.436,-27.174,73.564
yaw195_pitch+005,195,5,154.007,-21.943,40.993
yaw195_pitch+010,195,10,170.124,-16.655,24.876
yaw195_pitch+015,195,15,170.853,-4.897,24.147
yaw195_pitch+020,195,20,174.108,3.820,20.892
yaw195_pitch+025,195,25,182.120,6.424,12.880
yaw195_pitch+030,195,30,181.573,15.619,13.427
yaw195_pitch+035,195,35,178.199,23.766,16.801
yaw195_pitch+040,195,40,179.304,27.685,15.696
yaw195_pitch+045,195,45,182.342,30.431,12.658
yaw195_pitch+050,195,50,175.779,36.602,19.221
yaw195_pitch+055,195,55,175.644,39.877,19.356
yaw195_pitch+060,195,60,175.469,45.405,19.531
yaw195_pitch+065,195,65,174.941,55.126,20.059
yaw195_pitch+070,195,70,179.367,62.776,15.633
yaw195_pitch+075,195,75,177.215,73.187,17.785
yaw195_pitch+080,195,80,178.968,78.472,16.032
yaw195_pitch+085,195,85,181.501,85.141,13.499
yaw195_pitch+090,195,90,182.851,88.241,12.149
yaw200_pitch-090,200,-90,219.425,-85.640,19.425
yaw200_pitch-085,200,-85,217.526,-83.282,17.526
yaw200_pitch-080,200,-80,212.153,-79.240,12.153
yaw200_pitch-075,200,-75,207.540,-73.556,7.540
yaw200_pitch-070,200,-70,201.797,-69.549,1.797
yaw200_pitch-065,200,-65,193.898,-54.503,6.102
yaw200_pitch-060,200,-60,167.927,-58.732,32.073
yaw200_pitch-055,200,-55,154.067,-55.142,45.933
yaw200_pitch-050,200,-50,109.052,-46.958,90.948
yaw200_pitch-045,200,-45,71.143,-44.241,128.857
yaw200_pitch-040,200,-40,55.055,-44.243,144.945
yaw200_pitch-035,200,-35,45.615,-42.959,154.385
yaw200_pitch-030,200,-30,41.206,-45.511,158.794
yaw200_pitch-025,200,-25,42.486,-42.924,157.514
yaw200_pitch-020,200,-20,39.852,-41.708,160.148
yaw200_pitch-015,200,-15,42.736,-36.552,157.264
yaw200_pitch-010,200,-10,45.888,-34.095,154.112
yaw200_pitch-005,200,-5,59.799,-31.045,140.201
yaw200_pitch+000,200,0,103.962,-28.543,96.038
yaw200_pitch+005,200,5,139.762,-22.943,60.238
yaw200_pitch+010,200,10,157.454,-15.709,42.546
yaw200_pitch+015,200,15,168.232,-5.122,31.768
yaw200_pitch+020,200,20,170.668,6.179,29.332
yaw200_pitch+025,200,25,182.876,9.105,17.124
yaw200_pitch+030,200,30,181.950,16.661,18.050
yaw200_pitch+035,200,35,185.198,22.826,14.802
yaw200_pitch+040,200,40,181.814,32.143,18.186
yaw200_pitch+045,200,45,178.668,35.927,21.332
yaw200_pitch+050,200,50,179.752,38.438,20.248
yaw200_pitch+055,200,55,179.933,40.953,20.067
yaw200_pitch+060,200,60,176.880,47.769,23.120
yaw200_pitch+065,200,65,177.644,57.617,22.356
yaw200_pitch+070,200,70,181.958,66.049,18.042
yaw200_pitch+075,200,75,185.246,73.699,14.754
yaw200_pitch+080,200,80,182.987,78.984,17.013
yaw200_pitch+085,200,85,187.596,85.235,12.404
yaw200_pitch+090,200,90,182.893,89.154,17.107
yaw205_pitch-090,205,-90,223.940,-87.862,18.940
yaw205_pitch-085,205,-85,220.856,-86.189,15.856
yaw205_pitch-080,205,-80,214.636,-79.202,9.636
yaw205_pitch-075,205,-75,211.874,-73.233,6.874
yaw205_pitch-070,205,-70,206.361,-70.794,1.361
yaw205_pitch-065,205,-65,209.474,-66.451,4.474
yaw205_pitch-060,205,-60,206.063,-61.138,1.063
yaw205_pitch-055,205,-55,200.253,-54.494,4.747
yaw205_pitch-050,205,-50,199.935,-50.923,5.065
yaw205_pitch-045,205,-45,40.579,-48.994,164.421
yaw205_pitch-040,205,-40,33.881,-44.718,171.119
yaw205_pitch-035,205,-35,37.700,-44.118,167.300
yaw205_pitch-030,205,-30,33.481,-42.402,171.519
yaw205_pitch-025,205,-25,29.996,-43.557,175.004
yaw205_pitch-020,205,-20,33.428,-39.879,171.572
yaw205_pitch-015,205,-15,37.982,-36.779,167.018
yaw205_pitch-010,205,-10,39.589,-34.401,165.411
yaw205_pitch-005,205,-5,41.796,-31.140,163.204
yaw205_pitch+000,205,0,51.321,-27.947,153.679
yaw205_pitch+005,205,5,128.135,-22.990,76.865
yaw205_pitch+010,205,10,154.808,-10.405,50.192
yaw205_pitch+015,205,15,162.518,-2.320,42.482
yaw205_pitch+020,205,20,173.325,8.289,31.675
yaw205_pitch+025,205,25,185.406,11.420,19.594
yaw205_pitch+030,205,30,185.316,17.901,19.684
yaw205_pitch+035,205,35,187.384,23.652,17.616
yaw205_pitch+040,205,40,187.997,34.912,17.003
yaw205_pitch+045,205,45,189.223,35.658,15.777
yaw205_pitch+050,205,50,183.519,39.890,21.481
yaw205_pitch+055,205,55,180.158,43.463,24.842
yaw205_pitch+060,205,60,178.880,51.267,26.120
yaw205_pitch+065,205,65,182.857,60.812,22.143
yaw205_pitch+070,205,70,186.075,67.098,18.925
yaw205_pitch+075,205,75,186.339,74.468,18.661
yaw205_pitch+080,205,80,187.790,79.402,17.210
yaw205_pitch+085,205,85,191.928,84.766,13.072
yaw205_pitch+090,205,90,193.483,86.225,11.517
yaw210_pitch-090,210,-90,227.753,-89.705,17.753
yaw210_pitch-085,210,-85,226.757,-87.133,16.757
yaw210_pitch-080,210,-80,222.982,-79.383,12.982
yaw210_pitch-075,210,-75,221.482,-76.661,11.482
yaw210_pitch-070,210,-70,224.404,-65.152,14.404
yaw210_pitch-065,210,-65,224.807,-53.731,14.807
yaw210_pitch-060,210,-60,223.629,-55.072,13.629
yaw210_pitch-055,210,-55,223.636,-53.388,13.636
yaw210_pitch-050,210,-50,223.528,-49.918,13.528
yaw210_pitch-045,210,-45,230.518,-43.056,20.518
yaw210_pitch-040,210,-40,238.996,-39.921,28.996
yaw210_pitch-035,210,-35,276.117,-41.609,66.117
yaw210_pitch-030,210,-30,330.043,-42.666,120.043
yaw210_pitch-025,210,-25,357.859,-41.030,147.859
yaw210_pitch-020,210,-20,12.918,-41.440,162.918
yaw210_pitch-015,210,-15,28.271,-37.736,178.271
yaw210_pitch-010,210,-10,34.182,-34.297,175.818
yaw210_pitch-005,210,-5,39.445,-29.361,170.555
yaw210_pitch+000,210,0,45.592,-26.144,164.408
yaw210_pitch+005,210,5,104.754,-22.325,105.246
yaw210_pitch+010,210,10,149.912,-12.389,60.088
yaw210_pitch+015,210,15,158.474,-4.708,51.526
yaw210_pitch+020,210,20,166.147,9.983,43.853
yaw210_pitch+025,210,25,173.707,13.021,36.293
yaw210_pitch+030,210,30,180.041,20.141,29.959
yaw210_pitch+035,210,35,184.138,27.138,25.862
yaw210_pitch+040,210,40,189.238,36.553,20.762
yaw210_pitch+045,210,45,188.678,39.879,21.322
yaw210_pitch+050,210,50,185.823,43.067,24.177
yaw210_pitch+055,210,55,181.790,48.231,28.210
yaw210_pitch+060,210,60,185.413,53.281,24.587
yaw210_pitch+065,210,65,185.735,63.615,24.265
yaw210_pitch+070,210,70,191.351,68.929,18.649
yaw210_pitch+075,210,75,192.980,74.475,17.020
yaw210_pitch+080,210,80,195.699,78.508,14.301
yaw210_pitch+085,210,85,197.532,84.514,12.468
yaw210_pitch+090,210,90,195.410,87.136,14.590
yaw215_pitch-090,215,-90,235.081,-88.666,20.081
yaw215_pitch-085,215,-85,234.270,-84.494,19.270
yaw215_pitch-080,215,-80,231.879,-77.054,16.879
yaw215_pitch-075,215,-75,229.934,-72.100,14.934
yaw215_pitch-070,215,-70,231.111,-65.308,16.111
yaw215_pitch-065,215,-65,229.425,-65.395,14.425
yaw215_pitch-060,215,-60,229.596,-53.169,14.596
yaw215_pitch-055,215,-55,228.832,-49.871,13.832
yaw215_pitch-050,215,-50,230.226,-43.280,15.226
yaw215_pitch-045,215,-45,231.985,-42.908,16.985
yaw215_pitch-040,215,-40,243.898,-36.448,28.898
yaw215_pitch-035,215,-35,237.885,-41.737,22.885
yaw215_pitch-030,215,-30,237.961,-40.589,22.961
yaw215_pitch-025,215,-25,270.503,-40.574,55.503
yaw215_pitch-020,215,-20,333.066,-38.450,118.066
yaw215_pitch-015,215,-15,5.200,-38.238,150.200
yaw215_pitch-010,215,-10,20.600,-35.044,165.600
yaw215_pitch-005,215,-5,20.581,-28.549,165.581
yaw215_pitch+000,215,0,33.314,-25.875,178.314
yaw215_pitch+005,215,5,89.480,-19.783,125.520
yaw215_pitch+010,215,10,126.258,-12.321,88.742
yaw215_pitch+015,215,15,147.403,-5.817,67.597
yaw215_pitch+020,215,20,154.091,6.082,60.909
yaw215_pitch+025,215,25,169.750,14.424,45.250
yaw215_pitch+030,215,30,171.829,21.161,43.171
yaw215_pitch+035,215,35,167.846,28.641,47.154
yaw215_pitch+040,215,40,179.953,34.444,35.047
yaw215_pitch+045,215,45,181.599,41.019,33.401
yaw215_pitch+050,215,50,185.724,45.508,29.276
yaw215_pitch+055,215,55,182.409,50.840,32.591
yaw215_pitch+060,215,60,184.169,56.970,30.831
yaw215_pitch+065,215,65,189.451,64.753,25.549
yaw215_pitch+070,215,70,198.020,69.906,16.980
yaw215_pitch+075,215,75,196.308,73.193,18.692
yaw215_pitch+080,215,80,202.265,80.389,12.735
yaw215_pitch+085,215,85,202.537,86.669,12.463
yaw215_pitch+090,215,90,201.851,90.000,13.149
yaw220_pitch-090,220,-90,236.819,-86.216,16.819
yaw220_pitch-085,220,-85,237.147,-85.071,17.147
yaw220_pitch-080,220,-80,235.442,-73.293,15.442
yaw220_pitch-075,220,-75,236.478,-64.808,16.478
yaw220_pitch-070,220,-70,241.954,-59.883,21.954
yaw220_pitch-065,220,-65,243.220,-49.991,23.220
yaw220_pitch-060,220,-60,243.137,-43.895,23.137
yaw220_pitch-055,220,-55,245.373,-39.400,25.373
yaw220_pitch-050,220,-50,243.398,-39.928,23.398
yaw220_pitch-045,220,-45,241.870,-36.009,21.870
yaw220_pitch-040,220,-40,241.788,-38.823,21.788
yaw220_pitch-035,220,-35,244.432,-36.666,24.432
yaw220_pitch-030,220,-30,240.581,-37.664,20.581
yaw220_pitch-025,220,-25,241.549,-37.263,21.549
yaw220_pitch-020,220,-20,238.572,-37.139,18.572
yaw220_pitch-015,220,-15,268.787,-36.522,48.787
yaw220_pitch-010,220,-10,348.366,-35.525,128.366
yaw220_pitch-005,220,-5,0.322,-28.330,140.322
yaw220_pitch+000,220,0,22.433,-24.529,162.433
yaw220_pitch+005,220,5,88.982,-18.044,131.018
yaw220_pitch+010,220,10,126.458,-12.432,93.542
yaw220_pitch+015,220,15,139.014,-4.845,80.986
yaw220_pitch+020,220,20,152.203,6.043,67.797
yaw220_pitch+025,220,25,166.573,15.012,53.427
yaw220_pitch+030,220,30,166.426,20.689,53.574
yaw220_pitch+035,220,35,169.908,26.806,50.092
yaw220_pitch+040,220,40,169.314,35.342,50.686
yaw220_pitch+045,220,45,170.326,44.694,49.674
yaw220_pitch+050,220,50,169.191,47.561,50.809
yaw220_pitch+055,220,55,175.841,51.386,44.159
yaw220_pitch+060,220,60,182.088,57.545,37.912
yaw220_pitch+065,220,65,189.256,66.624,30.744
yaw220_pitch+070,220,70,198.961,72.055,21.039
yaw220_pitch+075,220,75,200.330,74.372,19.670
yaw220_pitch+080,220,80,205.339,82.218,14.661
yaw220_pitch+085,220,85,204.600,88.150,15.400
yaw220_pitch+090,220,90,208.635,89.068,11.365
yaw225_pitch-090,225,-90,237.740,-87.538,12.740
yaw225_pitch-085,225,-85,239.721,-81.828,14.721
yaw225_pitch-080,225,-80,242.193,-70.921,17.193
yaw225_pitch-075,225,-75,245.367,-65.049,20.367
yaw225_pitch-070,225,-70,248.652,-58.579,23.652
yaw225_pitch-065,225,-65,259.494,-52.911,34.494
yaw225_pitch-060,225,-60,264.938,-43.706,39.938
yaw225_pitch-055,225,-55,262.859,-39.318,37.859
yaw225_pitch-050,225,-50,259.874,-40.197,34.874
yaw225_pitch-045,225,-45,265.363,-36.248,40.363
yaw225_pitch-040,225,-40,269.282,-33.941,44.282
yaw225_pitch-035,225,-35,269.990,-35.684,44.990
yaw225_pitch-030,225,-30,264.425,-37.690,39.425
yaw225_pitch-025,225,-25,260.685,-38.662,35.685
yaw225_pitch-020,225,-20,252.080,-37.345,27.080
yaw225_pitch-015,225,-15,262.098,-36.072,37.098
yaw225_pitch-010,225,-10,261.982,-35.344,36.982
yaw225_pitch-005,225,-5,229.132,-28.574,4.132
yaw225_pitch+000,225,0,214.262,-24.833,10.738
yaw225_pitch+005,225,5,187.080,-16.886,37.920
yaw225_pitch+010,225,10,186.966,-11.016,38.034
yaw225_pitch+015,225,15,178.544,-4.573,46.456
yaw225_pitch+020,225,20,177.863,6.894,47.137
yaw225_pitch+025,225,25,181.547,15.990,43.453
yaw225_pitch+030,225,30,181.844,21.994,43.156
yaw225_pitch+035,225,35,188.057,30.686,36.943
yaw225_pitch+040,225,40,193.615,36.053,31.385
yaw225_pitch+045,225,45,184.269,44.511,40.731
yaw225_pitch+050,225,50,189.221,48.580,35.779
yaw225_pitch+055,225,55,198.915,53.250,26.085
yaw225_pitch+060,225,60,205.540,57.118,19.460
yaw225_pitch+065,225,65,206.367,63.617,18.633
yaw225_pitch+070,225,70,206.738,71.870,18.262
yaw225_pitch+075,225,75,209.196,76.403,15.804
yaw225_pitch+080,225,80,210.599,83.562,14.401
yaw225_pitch+085,225,85,207.573,85.945,17.427
yaw225_pitch+090,225,90,209.645,89.270,15.355
yaw230_pitch-090,230,-90,245.501,-88.411,15.501
yaw230_pitch-085,230,-85,247.163,-81.833,17.163
yaw230_pitch-080,230,-80,248.410,-75.624,18.410
yaw230_pitch-075,230,-75,249.868,-69.294,19.868
yaw230_pitch-070,230,-70,258.211,-59.843,28.211
yaw230_pitch-065,230,-65,265.500,-57.211,35.500
yaw230_pitch-060,230,-60,281.959,-47.414,51.959
yaw230_pitch-055,230,-55,278.221,-46.372,48.221
yaw230_pitch-050,230,-50,269.840,-43.886,39.840
yaw230_pitch-045,230,-45,278.065,-39.735,48.065
yaw230_pitch-040,230,-40,283.687,-34.190,53.687
yaw230_pitch-035,230,-35,283.614,-36.694,53.614
yaw230_pitch-030,230,-30,279.151,-37.858,49.151
yaw230_pitch-025,230,-25,275.181,-39.216,45.181
yaw230_pitch-020,230,-20,278.881,-38.366,48.881
yaw230_pitch-015,230,-15,268.751,-37.839,38.751
yaw230_pitch-010,230,-10,269.432,-36.166,39.432
yaw230_pitch-005,230,-5,208.838,-29.641,21.162
yaw230_pitch+000,230,0,212.350,-24.750,17.650
yaw230_pitch+005,230,5,189.038,-18.030,40.962
yaw230_pitch+010,230,10,207.337,-11.157,22.663
yaw230_pitch+015,230,15,206.514,-3.649,23.486
yaw230_pitch+020,230,20,206.662,9.730,23.338
yaw230_pitch+025,230,25,206.965,14.952,23.035
yaw230_pitch+030,230,30,204.684,21.742,25.316
yaw230_pitch+035,230,35,213.899,29.259,16.101
yaw230_pitch+040,230,40,219.766,36.390,10.234
yaw230_pitch+045,230,45,226.198,36.662,3.802
yaw230_pitch+050,230,50,234.572,43.825,4.572
yaw230_pitch+055,230,55,233.927,50.003,3.927
yaw230_pitch+060,230,60,227.178,57.395,2.822
yaw230_pitch+065,230,65,224.297,64.953,5.703
yaw230_pitch+070,230,70,220.673,68.970,9.327
yaw230_pitch+075,230,75,216.030,74.312,13.970
yaw230_pitch+080,230,80,214.818,80.491,15.182
yaw230_pitch+085,230,85,214.562,85.170,15.438
yaw230_pitch+090,230,90,215.333,89.970,14.667
yaw235_pitch-090,235,-90,251.178,-88.555,16.178
yaw235_pitch-085,235,-85,253.731,-83.409,18.731
yaw235_pitch-080,235,-80,256.488,-74.095,21.488
yaw235_pitch-075,235,-75,259.121,-69.076,24.121
yaw235_pitch-070,235,-70,260.348,-62.224,25.348
yaw235_pitch-065,235,-65,271.488,-64.358,36.488
yaw235_pitch-060,235,-60,282.934,-56.202,47.934
yaw235_pitch-055,235,-55,282.562,-57.840,47.562
yaw235_pitch-050,235,-50,282.841,-46.894,47.841
yaw235_pitch-045,235,-45,281.844,-47.046,46.844
yaw235_pitch-040,235,-40,286.153,-35.192,51.153
yaw235_pitch-035,235,-35,286.017,-37.259,51.017
yaw235_pitch-030,235,-30,282.529,-38.468,47.529
yaw235_pitch-025,235,-25,283.976,-39.844,48.976
yaw235_pitch-020,235,-20,271.387,-38.791,36.387
yaw235_pitch-015,235,-15,263.766,-39.462,28.766
yaw235_pitch-010,235,-10,253.076,-36.302,18.076
yaw235_pitch-005,235,-5,249.915,-28.283,14.915
yaw235_pitch+000,235,0,217.052,-23.039,17.948
yaw235_pitch+005,235,5,191.834,-15.062,43.166
yaw235_pitch+010,235,10,206.498,-8.804,28.502
yaw235_pitch+015,235,15,230.187,-7.348,4.813
yaw235_pitch+020,235,20,230.260,3.580,4.740
yaw235_pitch+025,235,25,227.305,7.323,7.695
yaw235_pitch+030,235,30,223.554,19.024,11.446
yaw235_pitch+035,235,35,227.675,26.572,7.325
yaw235_pitch+040,235,40,229.378,31.440,5.622
yaw235_pitch+045,235,45,232.851,38.221,2.149
yaw235_pitch+050,235,50,232.431,42.406,2.569
yaw235_pitch+055,235,55,241.953,45.198,6.953
yaw235_pitch+060,235,60,236.923,53.328,1.923
yaw235_pitch+065,235,65,230.435,62.252,4.565
yaw235_pitch+070,235,70,223.749,69.137,11.251
yaw235_pitch+075,235,75,221.093,70.964,13.907
yaw235_pitch+080,235,80,220.017,78.183,14.983
yaw235_pitch+085,235,85,219.328,82.661,15.672
yaw235_pitch+090,235,90,220.842,89.174,14.158
yaw240_pitch-090,240,-90,256.213,-87.279,16.213
yaw240_pitch-085,240,-85,257.500,-84.122,17.500
yaw240_pitch-080,240,-80,262.005,-77.171,22.005
yaw240_pitch-075,240,-75,266.119,-70.162,26.119
yaw240_pitch-070,240,-70,265.049,-65.552,25.049
yaw240_pitch-065,240,-65,271.163,-62.505,31.163
yaw240_pitch-060,240,-60,280.328,-59.386,40.328
yaw240_pitch-055,240,-55,279.748,-59.970,39.748
yaw240_pitch-050,240,-50,289.356,-52.586,49.356
yaw240_pitch-045,240,-45,288.179,-52.735,48.179
yaw240_pitch-040,240,-40,287.553,-48.140,47.553
yaw240_pitch-035,240,-35,283.866,-40.874,43.866
yaw240_pitch-030,240,-30,286.758,-39.073,46.758
yaw240_pitch-025,240,-25,278.666,-39.847,38.666
yaw240_pitch-020,240,-20,274.068,-39.753,34.068
yaw240_pitch-015,240,-15,267.104,-38.383,27.104
yaw240_pitch-010,240,-10,247.162,-35.343,7.162
yaw240_pitch-005,240,-5,256.632,-33.414,16.632
yaw240_pitch+000,240,0,258.354,-24.949,18.354
yaw240_pitch+005,240,5,241.424,-15.050,1.424
yaw240_pitch+010,240,10,244.345,-13.090,4.345
yaw240_pitch+015,240,15,261.537,-8.763,21.537
yaw240_pitch+020,240,20,261.270,-5.200,21.270
yaw240_pitch+025,240,25,269.313,6.424,29.313
yaw240_pitch+030,240,30,260.006,17.633,20.006
yaw240_pitch+035,240,35,260.500,18.998,20.500
yaw240_pitch+040,240,40,249.722,28.031,9.722
yaw240_pitch+045,240,45,254.804,36.831,14.804
yaw240_pitch+050,240,50,246.816,42.426,6.816
yaw240_pitch+055,240,55,241.861,43.582,1.861
yaw240_pitch+060,240,60,233.311,52.137,6.689
yaw240_pitch+065,240,65,228.296,62.162,11.704
yaw240_pitch+070,240,70,226.147,66.388,13.853
yaw240_pitch+075,240,75,227.340,72.126,12.660
yaw240_pitch+080,240,80,226.538,78.022,13.462
yaw240_pitch+085,240,85,225.415,82.363,14.585
yaw240_pitch+090,240,90,224.332,88.089,15.668
yaw245_pitch-090,245,-90,262.054,-87.433,17.054
yaw245_pitch-085,245,-85,260.424,-86.757,15.424
yaw245_pitch-080,245,-80,267.196,-79.630,22.196
yaw245_pitch-075,245,-75,271.605,-71.576,26.605
yaw245_pitch-070,245,-70,271.693,-68.917,26.693
yaw245_pitch-065,245,-65,275.508,-65.470,30.508
yaw245_pitch-060,245,-60,274.828,-60.102,29.828
yaw245_pitch-055,245,-55,285.928,-58.943,40.928
yaw245_pitch-050,245,-50,289.896,-58.940,44.896
yaw245_pitch-045,245,-45,288.488,-52.983,43.488
yaw245_pitch-040,245,-40,287.049,-48.235,42.049
yaw245_pitch-035,245,-35,284.933,-42.576,39.933
yaw245_pitch-030,245,-30,283.744,-41.308,38.744
yaw245_pitch-025,245,-25,283.620,-40.175,38.620
yaw245_pitch-020,245,-20,282.066,-37.842,37.066
yaw245_pitch-015,245,-15,272.647,-36.778,27.647
yaw245_pitch-010,245,-10,266.961,-33.348,21.961
yaw245_pitch-005,245,-5,268.139,-28.731,23.139
yaw245_pitch+000,245,0,269.670,-23.667,24.670
yaw245_pitch+005,245,5,264.506,-18.593,19.506
yaw245_pitch+010,245,10,261.889,-13.576,16.889
yaw245_pitch+015,245,15,267.668,-10.709,22.668
yaw245_pitch+020,245,20,276.551,-3.563,31.551
yaw245_pitch+025,245,25,276.114,2.293,31.114
yaw245_pitch+030,245,30,270.955,11.654,25.955
yaw245_pitch+035,245,35,268.671,18.636,23.671
yaw245_pitch+040,245,40,255.467,28.434,10.467
yaw245_pitch+045,245,45,260.151,38.686,15.151
yaw245_pitch+050,245,50,254.765,42.843,9.765
yaw245_pitch+055,245,55,247.373,47.600,2.373
yaw245_pitch+060,245,60,242.025,53.386,2.975
yaw245_pitch+065,245,65,233.915,62.930,11.085
yaw245_pitch+070,245,70,231.587,69.421,13.413
yaw245_pitch+075,245,75,235.087,74.839,9.913
yaw245_pitch+080,245,80,234.750,80.489,10.250
yaw245_pitch+085,245,85,234.978,84.945,10.022
yaw245_pitch+090,245,90,232.454,88.950,12.546
yaw250_pitch-090,250,-90,272.772,-87.523,22.772
yaw250_pitch-085,250,-85,269.007,-85.631,19.007
yaw250_pitch-080,250,-80,269.944,-80.513,19.944
yaw250_pitch-075,250,-75,279.981,-74.423,29.981
yaw250_pitch-070,250,-70,279.101,-69.203,29.101
yaw250_pitch-065,250,-65,279.943,-64.625,29.943
yaw250_pitch-060,250,-60,284.578,-61.944,34.578
yaw250_pitch-055,250,-55,289.838,-59.761,39.838
yaw250_pitch-050,250,-50,296.114,-54.977,46.114
yaw250_pitch-045,250,-45,292.629,-53.802,42.629
yaw250_pitch-040,250,-40,293.198,-50.414,43.198
yaw250_pitch-035,250,-35,285.639,-45.174,35.639
yaw250_pitch-030,250,-30,282.565,-39.889,32.565
yaw250_pitch-025,250,-25,281.949,-40.650,31.949
yaw250_pitch-020,250,-20,278.426,-34.203,28.426
yaw250_pitch-015,250,-15,277.776,-33.701,27.776
yaw250_pitch-010,250,-10,276.053,-30.656,26.053
yaw250_pitch-005,250,-5,276.652,-23.559,26.652
yaw250_pitch+000,250,0,276.625,-19.992,26.625
yaw250_pitch+005,250,5,269.654,-14.227,19.654
yaw250_pitch+010,250,10,267.329,-11.127,17.329
yaw250_pitch+015,250,15,271.911,-5.796,21.911
yaw250_pitch+020,250,20,274.980,-0.064,24.980
yaw250_pitch+025,250,25,277.036,9.500,27.036
yaw250_pitch+030,250,30,274.030,11.985,24.030
yaw250_pitch+035,250,35,271.021,19.726,21.021
yaw250_pitch+040,250,40,266.578,30.427,16.578
yaw250_pitch+045,250,45,263.408,36.649,13.408
yaw250_pitch+050,250,50,256.785,41.007,6.785
yaw250_pitch+055,250,55,251.139,45.950,1.139
yaw250_pitch+060,250,60,239.984,51.822,10.016
yaw250_pitch+065,250,65,237.515,59.816,12.485
yaw250_pitch+070,250,70,235.286,66.027,14.714
yaw250_pitch+075,250,75,237.310,74.488,12.690
yaw250_pitch+080,250,80,240.443,81.067,9.557
yaw250_pitch+085,250,85,240.332,85.425,9.668
yaw250_pitch+090,250,90,235.893,87.627,14.107
yaw255_pitch-090,255,-90,274.640,-88.872,19.640
yaw255_pitch-085,255,-85,271.601,-87.102,16.601
yaw255_pitch-080,255,-80,277.287,-81.633,22.287
yaw255_pitch-075,255,-75,280.149,-73.081,25.149
yaw255_pitch-070,255,-70,282.447,-69.141,27.447
yaw255_pitch-065,255,-65,280.021,-63.536,25.021
yaw255_pitch-060,255,-60,284.745,-60.150,29.745
yaw255_pitch-055,255,-55,291.327,-58.033,36.327
yaw255_pitch-050,255,-50,292.747,-52.845,37.747
yaw255_pitch-045,255,-45,293.683,-48.704,38.683
yaw255_pitch-040,255,-40,289.929,-44.887,34.929
yaw255_pitch-035,255,-35,287.429,-42.648,32.429
yaw255_pitch-030,255,-30,284.934,-39.521,29.934
yaw255_pitch-025,255,-25,286.225,-35.444,31.225
yaw255_pitch-020,255,-20,282.565,-31.719,27.565
yaw255_pitch-015,255,-15,274.002,-30.371,19.002
yaw255_pitch-010,255,-10,279.511,-26.608,24.511
yaw255_pitch-005,255,-5,280.918,-18.869,25.918
yaw255_pitch+000,255,0,281.989,-14.849,26.989
yaw255_pitch+005,255,5,287.868,-8.966,32.868
yaw255_pitch+010,255,10,280.237,-4.667,25.237
yaw255_pitch+015,255,15,281.690,-0.073,26.690
yaw255_pitch+020,255,20,275.585,6.150,20.585
yaw255_pitch+025,255,25,274.221,7.002,19.221
yaw255_pitch+030,255,30,273.200,12.810,18.200
yaw255_pitch+035,255,35,273.843,17.464,18.843
yaw255_pitch+040,255,40,263.341,28.328,8.341
yaw255_pitch+045,255,45,260.301,33.008,5.301
yaw255_pitch+050,255,50,255.827,39.149,0.827
yaw255_pitch+055,255,55,244.630,44.902,10.370
yaw255_pitch+060,255,60,240.702,51.033,14.298
yaw255_pitch+065,255,65,239.194,56.686,15.806
yaw255_pitch+070,255,70,239.374,63.695,15.626
yaw255_pitch+075,255,75,242.032,71.697,12.968
yaw255_pitch+080,255,80,238.729,79.506,16.271
yaw255_pitch+085,255,85,239.026,83.980,15.974
yaw255_pitch+090,255,90,240.481,89.624,14.519
yaw260_pitch-090,260,-90,272.135,-89.388,12.135
yaw260_pitch-085,260,-85,275.195,-81.080,15.195
yaw260_pitch-080,260,-80,276.720,-77.370,16.720
yaw260_pitch-075,260,-75,283.884,-68.815,23.884
yaw260_pitch-070,260,-70,282.577,-64.811,22.577
yaw260_pitch-065,260,-65,284.137,-60.007,24.137
yaw260_pitch-060,260,-60,287.782,-56.738,27.782
yaw260_pitch-055,260,-55,291.600,-55.343,31.600
yaw260_pitch-050,260,-50,293.102,-50.453,33.102
yaw260_pitch-045,260,-45,290.366,-47.609,30.366
yaw260_pitch-040,260,-40,286.780,-40.412,26.780
yaw260_pitch-035,260,-35,290.144,-39.114,30.144
yaw260_pitch-030,260,-30,286.541,-38.289,26.541
yaw260_pitch-025,260,-25,288.450,-33.682,28.450
yaw260_pitch-020,260,-20,283.159,-31.042,23.159
yaw260_pitch-015,260,-15,281.178,-27.535,21.178
yaw260_pitch-010,260,-10,284.590,-25.484,24.590
yaw260_pitch-005,260,-5,290.575,-16.715,30.575
yaw260_pitch+000,260,0,290.031,-12.556,30.031
yaw260_pitch+005,260,5,296.762,-6.380,36.762
yaw260_pitch+010,260,10,292.616,-1.394,32.616
yaw260_pitch+015,260,15,290.398,1.109,30.398
yaw260_pitch+020,260,20,289.943,7.185,29.943
yaw260_pitch+025,260,25,284.841,13.949,24.841
yaw260_pitch+030,260,30,280.412,19.739,20.412
yaw260_pitch+035,260,35,274.906,22.973,14.906
yaw260_pitch+040,260,40,270.465,25.441,10.465
yaw260_pitch+045,260,45,260.961,28.622,0.961
yaw260_pitch+050,260,50,255.131,33.311,4.869
yaw260_pitch+055,260,55,253.873,42.115,6.127
yaw260_pitch+060,260,60,250.308,51.604,9.692
yaw260_pitch+065,260,65,246.702,59.497,13.298
yaw260_pitch+070,260,70,244.969,63.491,15.031
yaw260_pitch+075,260,75,244.623,71.265,15.377
yaw260_pitch+080,260,80,243.967,75.419,16.033
yaw260_pitch+085,260,85,244.379,85.100,15.621
yaw260_pitch+090,260,90,245.976,90.000,14.024
yaw265_pitch-090,265,-90,277.145,-89.922,12.145
yaw265_pitch-085,265,-85,279.594,-84.356,14.594
yaw265_pitch-080,265,-80,276.831,-80.741,11.831
yaw265_pitch-075,265,-75,278.119,-74.086,13.119
yaw265_pitch-070,265,-70,284.540,-64.088,19.540
yaw265_pitch-065,265,-65,285.136,-59.519,20.136
yaw265_pitch-060,265,-60,290.251,-53.357,25.251
yaw265_pitch-055,265,-55,293.580,-53.962,28.580
yaw265_pitch-050,265,-50,292.250,-54.214,27.250
yaw265_pitch-045,265,-45,294.445,-47.273,29.445
yaw265_pitch-040,265,-40,291.729,-42.726,26.729
yaw265_pitch-035,265,-35,290.299,-41.336,25.299
yaw265_pitch-030,265,-30,289.696,-38.847,24.696
yaw265_pitch-025,265,-25,289.075,-33.348,24.075
yaw265_pitch-020,265,-20,282.847,-29.038,17.847
yaw265_pitch-015,265,-15,296.791,-26.057,31.791
yaw265_pitch-010,265,-10,295.557,-19.113,30.557
yaw265_pitch-005,265,-5,307.239,-14.216,42.239
yaw265_pitch+000,265,0,304.338,-11.617,39.338
yaw265_pitch+005,265,5,309.836,-6.455,44.836
yaw265_pitch+010,265,10,309.192,-2.717,44.192
yaw265_pitch+015,265,15,306.644,0.409,41.644
yaw265_pitch+020,265,20,305.089,5.243,40.089
yaw265_pitch+025,265,25,293.992,11.259,28.992
yaw265_pitch+030,265,30,282.378,18.509,17.378
yaw265_pitch+035,265,35,281.261,24.745,16.261
yaw265_pitch+040,265,40,271.387,27.390,6.387
yaw265_pitch+045,265,45,267.742,29.419,2.742
yaw265_pitch+050,265,50,259.086,34.612,5.914
yaw265_pitch+055,265,55,258.181,40.186,6.819
yaw265_pitch+060,265,60,259.571,49.254,5.429
yaw265_pitch+065,265,65,255.254,59.479,9.746
yaw265_pitch+070,265,70,254.829,63.834,10.171
yaw265_pitch+075,265,75,254.099,69.785,10.901
yaw265_pitch+080,265,80,251.100,78.434,13.900
yaw265_pitch+085,265,85,252.249,86.267,12.751
yaw265_pitch+090,265,90,247.731,86.760,17.269
yaw270_pitch-090,270,-90,283.895,-90.000,13.895
yaw270_pitch-085,270,-85,284.364,-86.729,14.364
yaw270_pitch-080,270,-80,283.273,-84.982,13.273
yaw270_pitch-075,270,-75,283.718,-71.841,13.718
yaw270_pitch-070,270,-70,287.531,-61.785,17.531
yaw270_pitch-065,270,-65,285.492,-58.613,15.492
yaw270_pitch-060,270,-60,288.935,-55.699,18.935
yaw270_pitch-055,270,-55,284.608,-59.249,14.608
yaw270_pitch-050,270,-50,296.589,-51.633,26.589
yaw270_pitch-045,270,-45,290.919,-47.012,20.919
yaw270_pitch-040,270,-40,290.881,-47.100,20.881
yaw270_pitch-035,270,-35,295.227,-40.483,25.227
yaw270_pitch-030,270,-30,290.244,-41.779,20.244
yaw270_pitch-025,270,-25,293.698,-35.406,23.698
yaw270_pitch-020,270,-20,297.293,-28.016,27.293
yaw270_pitch-015,270,-15,304.215,-22.406,34.215
yaw270_pitch-010,270,-10,307.357,-17.856,37.357
yaw270_pitch-005,270,-5,314.764,-11.152,44.764
yaw270_pitch+000,270,0,320.779,-9.695,50.779
yaw270_pitch+005,270,5,317.633,-6.243,47.633
yaw270_pitch+010,270,10,315.356,-5.342,45.356
yaw270_pitch+015,270,15,320.377,-1.242,50.377
yaw270_pitch+020,270,20,313.330,3.909,43.330
yaw270_pitch+025,270,25,306.159,9.408,36.159
yaw270_pitch+030,270,30,292.770,18.480,22.770
yaw270_pitch+035,270,35,286.234,21.657,16.234
yaw270_pitch+040,270,40,276.939,24.853,6.939
yaw270_pitch+045,270,45,270.738,31.062,0.738
yaw270_pitch+050,270,50,269.069,35.421,0.931
yaw270_pitch+055,270,55,266.870,39.146,3.130
yaw270_pitch+060,270,60,264.548,48.404,5.452
yaw270_pitch+065,270,65,259.459,58.198,10.541
yaw270_pitch+070,270,70,256.025,63.684,13.975
yaw270_pitch+075,270,75,255.404,69.488,14.596
yaw270_pitch+080,270,80,257.050,77.508,12.950
yaw270_pitch+085,270,85,256.465,81.408,13.535
yaw270_pitch+090,270,90,251.938,86.168,18.062
yaw275_pitch-090,275,-90,290.479,-90.000,15.479
yaw275_pitch-085,275,-85,287.710,-89.076,12.710
yaw275_pitch-080,275,-80,291.402,-80.349,16.402
yaw275_pitch-075,275,-75,287.451,-77.124,12.451
yaw275_pitch-070,275,-70,288.698,-67.580,13.698
yaw275_pitch-065,275,-65,292.026,-59.418,17.026
yaw275_pitch-060,275,-60,290.484,-61.282,15.484
yaw275_pitch-055,275,-55,296.162,-55.988,21.162
yaw275_pitch-050,275,-50,294.697,-56.255,19.697
yaw275_pitch-045,275,-45,298.399,-48.211,23.399
yaw275_pitch-040,275,-40,298.490,-47.301,23.490
yaw275_pitch-035,275,-35,298.480,-45.819,23.480
yaw275_pitch-030,275,-30,301.322,-43.350,26.322
yaw275_pitch-025,275,-25,302.143,-34.429,27.143
yaw275_pitch-020,275,-20,306.599,-28.061,31.599
yaw275_pitch-015,275,-15,312.800,-23.984,37.800
yaw275_pitch-010,275,-10,313.233,-18.219,38.233
yaw275_pitch-005,275,-5,312.337,-8.818,37.337
yaw275_pitch+000,275,0,319.687,-7.368,44.687
yaw275_pitch+005,275,5,320.240,-5.339,45.240
yaw275_pitch+010,275,10,322.721,-4.497,47.721
yaw275_pitch+015,275,15,327.972,-3.699,52.972
yaw275_pitch+020,275,20,322.539,2.167,47.539
yaw275_pitch+025,275,25,309.882,8.704,34.882
yaw275_pitch+030,275,30,298.375,16.178,23.375
yaw275_pitch+035,275,35,291.971,22.529,16.971
yaw275_pitch+040,275,40,282.037,27.602,7.037
yaw275_pitch+045,275,45,280.389,30.060,5.389
yaw275_pitch+050,275,50,276.509,41.582,1.509
yaw275_pitch+055,275,55,272.739,42.255,2.261
yaw275_pitch+060,275,60,270.270,49.430,4.730
yaw275_pitch+065,275,65,264.259,57.050,10.741
yaw275_pitch+070,275,70,264.442,64.517,10.558
yaw275_pitch+075,275,75,263.588,69.146,11.412
yaw275_pitch+080,275,80,264.374,78.563,10.626
yaw275_pitch+085,275,85,264.112,83.229,10.888
yaw275_pitch+090,275,90,259.927,90.000,15.073
yaw280_pitch-090,280,-90,295.782,-86.266,15.782
yaw280_pitch-085,280,-85,294.346,-83.581,14.346
yaw280_pitch-080,280,-80,297.210,-81.044,17.210
yaw280_pitch-075,280,-75,295.341,-73.668,15.341
yaw280_pitch-070,280,-70,296.150,-69.373,16.150
yaw280_pitch-065,280,-65,296.682,-63.812,16.682
yaw280_pitch-060,280,-60,299.339,-63.871,19.339
yaw280_pitch-055,280,-55,299.715,-57.817,19.715
yaw280_pitch-050,280,-50,299.537,-57.875,19.537
yaw280_pitch-045,280,-45,300.801,-50.797,20.801
yaw280_pitch-040,280,-40,301.712,-47.260,21.712
yaw280_pitch-035,280,-35,303.357,-43.658,23.357
yaw280_pitch-030,280,-30,303.149,-43.229,23.149
yaw280_pitch-025,280,-25,303.356,-38.859,23.356
yaw280_pitch-020,280,-20,304.673,-28.488,24.673
yaw280_pitch-015,280,-15,309.316,-22.740,29.316
yaw280_pitch-010,280,-10,308.798,-17.527,28.798
yaw280_pitch-005,280,-5,310.540,-10.392,30.540
yaw280_pitch+000,280,0,317.738,-5.166,37.738
yaw280_pitch+005,280,5,317.072,-2.609,37.072
yaw280_pitch+010,280,10,320.176,-2.885,40.176
yaw280_pitch+015,280,15,321.560,1.551,41.560
yaw280_pitch+020,280,20,320.846,3.177,40.846
yaw280_pitch+025,280,25,311.871,11.389,31.871
yaw280_pitch+030,280,30,304.521,17.005,24.521
yaw280_pitch+035,280,35,293.923,22.183,13.923
yaw280_pitch+040,280,40,289.558,28.028,9.558
yaw280_pitch+045,280,45,286.159,31.406,6.159
yaw280_pitch+050,280,50,285.834,37.472,5.834
yaw280_pitch+055,280,55,280.432,38.707,0.432
yaw280_pitch+060,280,60,277.382,54.185,2.618
yaw280_pitch+065,280,65,274.007,56.876,5.993
yaw280_pitch+070,280,70,270.111,65.377,9.889
yaw280_pitch+075,280,75,270.073,70.667,9.927
yaw280_pitch+080,280,80,267.460,76.618,12.540
yaw280_pitch+085,280,85,266.013,82.520,13.987
yaw280_pitch+090,280,90,266.021,88.131,13.979
yaw285_pitch-090,285,-90,298.880,-85.798,13.880
yaw285_pitch-085,285,-85,298.584,-85.503,13.584
yaw285_pitch-080,285,-80,300.108,-78.758,15.108
yaw285_pitch-075,285,-75,302.808,-72.658,17.808
yaw285_pitch-070,285,-70,303.634,-71.719,18.634
yaw285_pitch-065,285,-65,303.818,-63.993,18.818
yaw285_pitch-060,285,-60,306.912,-59.683,21.912
yaw285_pitch-055,285,-55,306.548,-60.402,21.548
yaw285_pitch-050,285,-50,307.111,-56.863,22.111
yaw285_pitch-045,285,-45,307.230,-50.901,22.230
yaw285_pitch-040,285,-40,308.589,-48.581,23.589
yaw285_pitch-035,285,-35,307.899,-45.551,22.899
yaw285_pitch-030,285,-30,308.222,-43.563,23.222
yaw285_pitch-025,285,-25,309.515,-39.662,24.515
yaw285_pitch-020,285,-20,310.882,-32.684,25.882
yaw285_pitch-015,285,-15,309.774,-24.127,24.774
yaw285_pitch-010,285,-10,310.113,-18.582,25.113
yaw285_pitch-005,285,-5,311.083,-12.700,26.083
yaw285_pitch+000,285,0,310.151,-8.092,25.151
yaw285_pitch+005,285,5,307.958,-4.488,22.958
yaw285_pitch+010,285,10,311.145,-1.502,26.145
yaw285_pitch+015,285,15,312.494,1.007,27.494
yaw285_pitch+020,285,20,309.331,5.399,24.331
yaw285_pitch+025,285,25,311.213,10.426,26.213
yaw285_pitch+030,285,30,304.884,18.122,19.884
yaw285_pitch+035,285,35,297.531,24.258,12.531
yaw285_pitch+040,285,40,291.492,29.771,6.492
yaw285_pitch+045,285,45,291.195,33.604,6.195
yaw285_pitch+050,285,50,289.949,38.842,4.949
yaw285_pitch+055,285,55,283.524,43.713,1.476
yaw285_pitch+060,285,60,279.272,53.344,5.728
yaw285_pitch+065,285,65,277.143,61.608,7.857
yaw285_pitch+070,285,70,274.619,66.931,10.381
yaw285_pitch+075,285,75,274.869,73.008,10.131
yaw285_pitch+080,285,80,273.850,79.313,11.150
yaw285_pitch+085,285,85,271.106,80.536,13.894
yaw285_pitch+090,285,90,273.588,89.808,11.412
yaw290_pitch-090,290,-90,302.427,-84.455,12.427
yaw290_pitch-085,290,-85,303.141,-82.004,13.141
yaw290_pitch-080,290,-80,304.874,-79.090,14.874
yaw290_pitch-075,290,-75,306.228,-74.176,16.228
yaw290_pitch-070,290,-70,307.888,-69.997,17.888
yaw290_pitch-065,290,-65,309.597,-60.656,19.597
yaw290_pitch-060,290,-60,310.668,-60.237,20.668
yaw290_pitch-055,290,-55,312.298,-55.605,22.298
yaw290_pitch-050,290,-50,311.872,-55.311,21.872
yaw290_pitch-045,290,-45,312.530,-48.438,22.530
yaw290_pitch-040,290,-40,312.142,-49.244,22.142
yaw290_pitch-035,290,-35,311.675,-46.492,21.675
yaw290_pitch-030,290,-30,313.450,-44.124,23.450
yaw290_pitch-025,290,-25,314.677,-40.408,24.677
yaw290_pitch-020,290,-20,315.043,-32.886,25.043
yaw290_pitch-015,290,-15,314.278,-25.639,24.278
yaw290_pitch-010,290,-10,313.019,-21.352,23.019
yaw290_pitch-005,290,-5,307.981,-14.423,17.981
yaw290_pitch+000,290,0,306.398,-9.099,16.398
yaw290_pitch+005,290,5,301.796,-5.916,11.796
yaw290_pitch+010,290,10,298.961,-4.432,8.961
yaw290_pitch+015,290,15,298.979,-0.793,8.979
yaw290_pitch+020,290,20,300.035,3.540,10.035
yaw290_pitch+025,290,25,300.428,10.623,10.428
yaw290_pitch+030,290,30,298.896,19.580,8.896
yaw290_pitch+035,290,35,295.074,24.596,5.074
yaw290_pitch+040,290,40,294.401,33.309,4.401
yaw290_pitch+045,290,45,291.334,37.946,1.334
yaw290_pitch+050,290,50,289.629,38.839,0.371
yaw290_pitch+055,290,55,286.316,46.598,3.684
yaw290_pitch+060,290,60,283.061,54.538,6.939
yaw290_pitch+065,290,65,277.546,58.928,12.454
yaw290_pitch+070,290,70,277.527,67.648,12.473
yaw290_pitch+075,290,75,278.356,73.695,11.644
yaw290_pitch+080,290,80,276.103,79.169,13.897
yaw290_pitch+085,290,85,275.030,84.532,14.970
yaw290_pitch+090,290,90,276.703,90.000,13.297
yaw295_pitch-090,295,-90,308.591,-87.609,13.591
yaw295_pitch-085,295,-85,309.165,-84.716,14.165
yaw295_pitch-080,295,-80,310.188,-80.893,15.188
yaw295_pitch-075,295,-75,312.967,-76.993,17.967
yaw295_pitch-070,295,-70,313.057,-69.042,18.057
yaw295_pitch-065,295,-65,314.936,-64.158,19.936
yaw295_pitch-060,295,-60,315.243,-60.642,20.243
yaw295_pitch-055,295,-55,316.376,-55.830,21.376
yaw295_pitch-050,295,-50,316.754,-53.882,21.754
yaw295_pitch-045,295,-45,317.208,-52.961,22.208
yaw295_pitch-040,295,-40,317.213,-48.971,22.213
yaw295_pitch-035,295,-35,314.352,-46.946,19.352
yaw295_pitch-030,295,-30,315.560,-42.452,20.560
yaw295_pitch-025,295,-25,316.093,-38.672,21.093
yaw295_pitch-020,295,-20,315.140,-32.989,20.140
yaw295_pitch-015,295,-15,314.742,-27.098,19.742
yaw295_pitch-010,295,-10,312.783,-21.880,17.783
yaw295_pitch-005,295,-5,310.103,-14.547,15.103
yaw295_pitch+000,295,0,305.092,-9.632,10.092
yaw295_pitch+005,295,5,300.547,-6.202,5.547
yaw295_pitch+010,295,10,297.298,-5.369,2.298
yaw295_pitch+015,295,15,295.816,-1.519,0.816
yaw295_pitch+020,295,20,294.080,3.421,0.920
yaw295_pitch+025,295,25,295.814,9.804,0.814
yaw295_pitch+030,295,30,295.942,15.308,0.942
yaw295_pitch+035,295,35,295.160,22.219,0.160
yaw295_pitch+040,295,40,294.332,28.911,0.668
yaw295_pitch+045,295,45,293.278,37.588,1.722
yaw295_pitch+050,295,50,291.874,47.432,3.126
yaw295_pitch+055,295,55,289.278,49.305,5.722
yaw295_pitch+060,295,60,286.374,54.702,8.626
yaw295_pitch+065,295,65,283.841,59.149,11.159
yaw295_pitch+070,295,70,283.509,67.454,11.491
yaw295_pitch+075,295,75,282.089,73.314,12.911
yaw295_pitch+080,295,80,279.430,81.540,15.570
yaw295_pitch+085,295,85,278.843,83.848,16.157
yaw295_pitch+090,295,90,281.382,88.427,13.618
yaw300_pitch-090,300,-90,313.502,-87.216,13.502
yaw300_pitch-085,300,-85,313.386,-85.924,13.386
yaw300_pitch-080,300,-80,314.972,-77.198,14.972
yaw300_pitch-075,300,-75,315.972,-77.648,15.972
yaw300_pitch-070,300,-70,319.364,-68.034,19.364
yaw300_pitch-065,300,-65,320.345,-62.961,20.345
yaw300_pitch-060,300,-60,320.479,-58.657,20.479
yaw300_pitch-055,300,-55,321.998,-57.500,21.998
yaw300_pitch-050,300,-50,321.972,-54.793,21.972
yaw300_pitch-045,300,-45,322.466,-49.902,22.466
yaw300_pitch-040,300,-40,321.612,-49.027,21.612
yaw300_pitch-035,300,-35,318.294,-46.985,18.294
yaw300_pitch-030,300,-30,317.516,-43.736,17.516
yaw300_pitch-025,300,-25,319.679,-39.060,19.679
yaw300_pitch-020,300,-20,318.595,-34.044,18.595
yaw300_pitch-015,300,-15,316.380,-27.561,16.380
yaw300_pitch-010,300,-10,314.052,-26.844,14.052
yaw300_pitch-005,300,-5,309.219,-16.165,9.219
yaw300_pitch+000,300,0,304.755,-10.450,4.755
yaw300_pitch+005,300,5,300.026,-6.298,0.026
yaw300_pitch+010,300,10,296.520,-4.859,3.480
yaw300_pitch+015,300,15,295.838,-1.252,4.162
yaw300_pitch+020,300,20,293.891,4.707,6.109
yaw300_pitch+025,300,25,294.056,9.383,5.944
yaw300_pitch+030,300,30,295.707,14.096,4.293
yaw300_pitch+035,300,35,295.953,23.637,4.047
yaw300_pitch+040,300,40,295.535,30.946,4.465
yaw300_pitch+045,300,45,294.546,36.474,5.454
yaw300_pitch+050,300,50,292.274,40.366,7.726
yaw300_pitch+055,300,55,290.755,48.675,9.245
yaw300_pitch+060,300,60,289.637,52.618,10.363
yaw300_pitch+065,300,65,288.599,59.034,11.401
yaw300_pitch+070,300,70,287.388,65.130,12.612
yaw300_pitch+075,300,75,288.842,73.665,11.158
yaw300_pitch+080,300,80,287.680,82.086,12.320
yaw300_pitch+085,300,85,285.029,82.205,14.971
yaw300_pitch+090,300,90,287.645,88.207,12.355
yaw305_pitch-090,305,-90,316.952,-84.834,11.952
yaw305_pitch-085,305,-85,313.712,-81.726,8.712
yaw305_pitch-080,305,-80,315.882,-74.100,10.882
yaw305_pitch-075,305,-75,322.189,-69.728,17.189
yaw305_pitch-070,305,-70,320.419,-63.614,15.419
yaw305_pitch-065,305,-65,323.478,-58.911,18.478
yaw305_pitch-060,305,-60,326.048,-57.009,21.048
yaw305_pitch-055,305,-55,325.133,-56.026,20.133
yaw305_pitch-050,305,-50,327.262,-51.477,22.262
yaw305_pitch-045,305,-45,327.914,-50.822,22.914
yaw305_pitch-040,305,-40,325.878,-50.076,20.878
yaw305_pitch-035,305,-35,322.801,-48.334,17.801
yaw305_pitch-030,305,-30,323.923,-44.090,18.923
yaw305_pitch-025,305,-25,322.975,-40.710,17.975
yaw305_pitch-020,305,-20,322.247,-33.345,17.247
yaw305_pitch-015,305,-15,319.358,-27.810,14.358
yaw305_pitch-010,305,-10,317.726,-24.454,12.726
yaw305_pitch-005,305,-5,311.697,-16.102,6.697
yaw305_pitch+000,305,0,306.104,-10.952,1.104
yaw305_pitch+005,305,5,300.878,-7.018,4.122
yaw305_pitch+010,305,10,297.413,-6.518,7.587
yaw305_pitch+015,305,15,294.334,-4.122,10.666
yaw305_pitch+020,305,20,293.997,3.679,11.003
yaw305_pitch+025,305,25,293.754,5.006,11.246
yaw305_pitch+030,305,30,296.417,11.569,8.583
yaw305_pitch+035,305,35,300.641,23.680,4.359
yaw305_pitch+040,305,40,300.816,35.582,4.184
yaw305_pitch+045,305,45,299.029,38.243,5.971
yaw305_pitch+050,305,50,297.145,39.963,7.855
yaw305_pitch+055,305,55,293.478,43.110,11.522
yaw305_pitch+060,305,60,293.271,53.380,11.729
yaw305_pitch+065,305,65,293.038,59.241,11.962
yaw305_pitch+070,305,70,292.633,66.645,12.367
yaw305_pitch+075,305,75,291.839,74.302,13.161
yaw305_pitch+080,305,80,292.698,83.805,12.302
yaw305_pitch+085,305,85,290.296,83.359,14.704
yaw305_pitch+090,305,90,293.480,84.155,11.520
yaw310_pitch-090,310,-90,324.194,-80.131,14.194
yaw310_pitch-085,310,-85,321.185,-80.848,11.185
yaw310_pitch-080,310,-80,323.324,-67.705,13.324
yaw310_pitch-075,310,-75,327.080,-66.747,17.080
yaw310_pitch-070,310,-70,323.740,-57.949,13.740
yaw310_pitch-065,310,-65,326.274,-54.771,16.274
yaw310_pitch-060,310,-60,330.060,-54.402,20.060
yaw310_pitch-055,310,-55,327.825,-56.647,17.825
yaw310_pitch-050,310,-50,331.914,-52.877,21.914
yaw310_pitch-045,310,-45,330.958,-49.270,20.958
yaw310_pitch-040,310,-40,330.873,-51.534,20.873
yaw310_pitch-035,310,-35,330.997,-45.202,20.997
yaw310_pitch-030,310,-30,327.527,-44.178,17.527
yaw310_pitch-025,310,-25,329.368,-39.351,19.368
yaw310_pitch-020,310,-20,328.073,-35.579,18.073
yaw310_pitch-015,310,-15,329.633,-30.732,19.633
yaw310_pitch-010,310,-10,325.710,-27.003,15.710
yaw310_pitch-005,310,-5,316.791,-17.899,6.791
yaw310_pitch+000,310,0,313.824,-13.360,3.824
yaw310_pitch+005,310,5,304.612,-9.372,5.388
yaw310_pitch+010,310,10,304.690,-7.594,5.310
yaw310_pitch+015,310,15,299.057,-3.794,10.943
yaw310_pitch+020,310,20,296.073,1.568,13.927
yaw310_pitch+025,310,25,293.907,5.267,16.093
yaw310_pitch+030,310,30,298.645,11.128,11.355
yaw310_pitch+035,310,35,302.110,22.262,7.890
yaw310_pitch+040,310,40,305.812,33.200,4.188
yaw310_pitch+045,310,45,304.253,42.232,5.747
yaw310_pitch+050,310,50,301.663,40.502,8.337
yaw310_pitch+055,310,55,299.897,46.535,10.103
yaw310_pitch+060,310,60,299.464,53.356,10.536
yaw310_pitch+065,310,65,299.315,62.227,10.685
yaw310_pitch+070,310,70,301.072,69.186,8.928
yaw310_pitch+075,310,75,299.712,75.531,10.288
yaw310_pitch+080,310,80,300.315,81.405,9.685
yaw310_pitch+085,310,85,296.104,80.471,13.896
yaw310_pitch+090,310,90,299.257,87.797,10.743
yaw315_pitch-090,315,-90,329.823,-79.217,14.823
yaw315_pitch-085,315,-85,327.206,-80.820,12.206
yaw315_pitch-080,315,-80,327.001,-69.611,12.001
yaw315_pitch-075,315,-75,334.671,-68.268,19.671
yaw315_pitch-070,315,-70,329.382,-60.798,14.382
yaw315_pitch-065,315,-65,330.054,-55.658,15.054
yaw315_pitch-060,315,-60,334.630,-56.975,19.630
yaw315_pitch-055,315,-55,333.904,-53.854,18.904
yaw315_pitch-050,315,-50,341.138,-51.360,26.138
yaw315_pitch-045,315,-45,336.722,-47.163,21.722
yaw315_pitch-040,315,-40,339.305,-51.040,24.305
yaw315_pitch-035,315,-35,336.287,-47.937,21.287
yaw315_pitch-030,315,-30,335.309,-46.762,20.309
yaw315_pitch-025,315,-25,339.646,-40.368,24.646
yaw315_pitch-020,315,-20,339.798,-39.137,24.798
yaw315_pitch-015,315,-15,333.714,-35.076,18.714
yaw315_pitch-010,315,-10,328.306,-31.681,13.306
yaw315_pitch-005,315,-5,329.389,-24.006,14.389
yaw315_pitch+000,315,0,320.388,-15.124,5.388
yaw315_pitch+005,315,5,316.378,-8.616,1.378
yaw315_pitch+010,315,10,311.933,-5.625,3.067
yaw315_pitch+015,315,15,307.111,-3.381,7.889
yaw315_pitch+020,315,20,300.764,2.504,14.236
yaw315_pitch+025,315,25,298.711,5.772,16.289
yaw315_pitch+030,315,30,300.819,10.222,14.181
yaw315_pitch+035,315,35,303.593,21.784,11.407
yaw315_pitch+040,315,40,310.021,32.957,4.979
yaw315_pitch+045,315,45,306.341,36.977,8.659
yaw315_pitch+050,315,50,307.477,39.851,7.523
yaw315_pitch+055,315,55,306.786,46.104,8.214
yaw315_pitch+060,315,60,308.597,56.252,6.403
yaw315_pitch+065,315,65,304.243,63.803,10.757
yaw315_pitch+070,315,70,305.262,69.276,9.738
yaw315_pitch+075,315,75,306.104,77.360,8.896
yaw315_pitch+080,315,80,303.747,82.826,11.253
yaw315_pitch+085,315,85,301.886,84.467,13.114
yaw315_pitch+090,315,90,304.252,82.486,10.748
yaw320_pitch-090,320,-90,336.195,-81.231,16.195
yaw320_pitch-085,320,-85,338.236,-82.905,18.236
yaw320_pitch-080,320,-80,337.447,-77.536,17.447
yaw320_pitch-075,320,-75,339.679,-71.210,19.679
yaw320_pitch-070,320,-70,337.226,-65.316,17.226
yaw320_pitch-065,320,-65,339.394,-59.571,19.394
yaw320_pitch-060,320,-60,339.924,-58.326,19.924
yaw320_pitch-055,320,-55,342.555,-54.612,22.555
yaw320_pitch-050,320,-50,346.512,-49.363,26.512
yaw320_pitch-045,320,-45,346.737,-49.486,26.737
yaw320_pitch-040,320,-40,344.210,-50.698,24.210
yaw320_pitch-035,320,-35,343.683,-49.676,23.683
yaw320_pitch-030,320,-30,345.484,-46.139,25.484
yaw320_pitch-025,320,-25,347.632,-42.703,27.632
yaw320_pitch-020,320,-20,336.495,-38.918,16.495
yaw320_pitch-015,320,-15,330.985,-34.687,10.985
yaw320_pitch-010,320,-10,329.583,-34.589,9.583
yaw320_pitch-005,320,-5,331.727,-29.045,11.727
yaw320_pitch+000,320,0,333.684,-16.212,13.684
yaw320_pitch+005,320,5,328.881,-8.652,8.881
yaw320_pitch+010,320,10,319.761,-4.511,0.239
yaw320_pitch+015,320,15,314.700,-0.732,5.300
yaw320_pitch+020,320,20,310.310,1.893,9.690
yaw320_pitch+025,320,25,307.937,4.186,12.063
yaw320_pitch+030,320,30,308.831,11.544,11.169
yaw320_pitch+035,320,35,312.973,19.702,7.027
yaw320_pitch+040,320,40,313.822,24.299,6.178
yaw320_pitch+045,320,45,311.915,34.065,8.085
yaw320_pitch+050,320,50,313.317,41.009,6.683
yaw320_pitch+055,320,55,315.495,49.392,4.505
yaw320_pitch+060,320,60,314.000,54.652,6.000
yaw320_pitch+065,320,65,311.174,64.144,8.826
yaw320_pitch+070,320,70,311.611,70.264,8.389
yaw320_pitch+075,320,75,311.433,76.865,8.567
yaw320_pitch+080,320,80,311.591,84.022,8.409
yaw320_pitch+085,320,85,305.684,86.006,14.316
yaw320_pitch+090,320,90,306.662,84.565,13.338
yaw325_pitch-090,325,-90,340.631,-87.395,15.631
yaw325_pitch-085,325,-85,337.500,-88.176,12.500
yaw325_pitch-080,325,-80,340.040,-76.282,15.040
yaw325_pitch-075,325,-75,340.971,-70.859,15.971
yaw325_pitch-070,325,-70,345.782,-68.754,20.782
yaw325_pitch-065,325,-65,345.209,-64.932,20.209
yaw325_pitch-060,325,-60,345.832,-62.191,20.832
yaw325_pitch-055,325,-55,352.187,-57.697,27.187
yaw325_pitch-050,325,-50,354.757,-53.609,29.757
yaw325_pitch-045,325,-45,350.809,-51.068,25.809
yaw325_pitch-040,325,-40,350.441,-49.800,25.441
yaw325_pitch-035,325,-35,353.997,-51.583,28.997
yaw325_pitch-030,325,-30,353.130,-48.651,28.130
yaw325_pitch-025,325,-25,346.244,-41.995,21.244
yaw325_pitch-020,325,-20,335.075,-35.618,10.075
yaw325_pitch-015,325,-15,333.655,-33.125,8.655
yaw325_pitch-010,325,-10,334.828,-34.339,9.828
yaw325_pitch-005,325,-5,332.515,-30.104,7.515
yaw325_pitch+000,325,0,336.526,-20.301,11.526
yaw325_pitch+005,325,5,335.169,-7.937,10.169
yaw325_pitch+010,325,10,327.422,-5.474,2.422
yaw325_pitch+015,325,15,323.308,-2.170,1.692
yaw325_pitch+020,325,20,317.293,-0.194,7.707
yaw325_pitch+025,325,25,316.335,3.060,8.665
yaw325_pitch+030,325,30,311.304,11.211,13.696
yaw325_pitch+035,325,35,317.679,20.930,7.321
yaw325_pitch+040,325,40,317.348,26.753,7.652
yaw325_pitch+045,325,45,315.076,32.288,9.924
yaw325_pitch+050,325,50,316.149,38.473,8.851
yaw325_pitch+055,325,55,317.403,46.045,7.597
yaw325_pitch+060,325,60,319.438,55.925,5.562
yaw325_pitch+065,325,65,316.372,65.104,8.628
yaw325_pitch+070,325,70,313.807,71.083,11.193
yaw325_pitch+075,325,75,315.361,73.380,9.639
yaw325_pitch+080,325,80,315.185,84.247,9.815
yaw325_pitch+085,325,85,310.697,86.613,14.303
yaw325_pitch+090,325,90,308.392,83.484,16.608
yaw330_pitch-090,330,-90,343.640,-90.000,13.640
yaw330_pitch-085,330,-85,340.634,-88.908,10.634
yaw330_pitch-080,330,-80,341.240,-81.794,11.240
yaw330_pitch-075,330,-75,346.736,-73.773,16.736
yaw330_pitch-070,330,-70,350.012,-69.750,20.012
yaw330_pitch-065,330,-65,353.060,-63.694,23.060
yaw330_pitch-060,330,-60,354.391,-60.867,24.391
yaw330_pitch-055,330,-55,358.901,-60.549,28.901
yaw330_pitch-050,330,-50,0.525,-52.639,30.525
yaw330_pitch-045,330,-45,359.457,-51.108,29.457
yaw330_pitch-040,330,-40,357.335,-51.002,27.335
yaw330_pitch-035,330,-35,0.094,-49.966,30.094
yaw330_pitch-030,330,-30,5.180,-46.532,35.180
yaw330_pitch-025,330,-25,356.614,-41.818,26.614
yaw330_pitch-020,330,-20,339.454,-32.771,9.454
yaw330_pitch-015,330,-15,336.367,-31.445,6.367
yaw330_pitch-010,330,-10,337.918,-34.028,7.918
yaw330_pitch-005,330,-5,340.582,-32.068,10.582
yaw330_pitch+000,330,0,344.151,-19.801,14.151
yaw330_pitch+005,330,5,346.937,-9.714,16.937
yaw330_pitch+010,330,10,337.923,-4.905,7.923
yaw330_pitch+015,330,15,334.170,-3.499,4.170
yaw330_pitch+020,330,20,326.892,1.109,3.108
yaw330_pitch+025,330,25,327.099,4.855,2.901
yaw330_pitch+030,330,30,318.259,13.653,11.741
yaw330_pitch+035,330,35,320.628,20.414,9.372
yaw330_pitch+040,330,40,321.731,26.612,8.269
yaw330_pitch+045,330,45,319.248,31.979,10.752
yaw330_pitch+050,330,50,319.637,38.432,10.363
yaw330_pitch+055,330,55,321.678,47.883,8.322
yaw330_pitch+060,330,60,319.951,57.093,10.049
yaw330_pitch+065,330,65,318.865,63.426,11.135
yaw330_pitch+070,330,70,318.357,68.277,11.643
yaw330_pitch+075,330,75,319.361,72.476,10.639
yaw330_pitch+080,330,80,320.420,81.598,9.580
yaw330_pitch+085,330,85,314.461,85.747,15.539
yaw330_pitch+090,330,90,313.449,82.173,16.551
yaw335_pitch-090,335,-90,344.900,-88.367,9.900
yaw335_pitch-085,335,-85,345.012,-88.354,10.012
yaw335_pitch-080,335,-80,349.082,-81.835,14.082
yaw335_pitch-075,335,-75,352.767,-74.299,17.767
yaw335_pitch-070,335,-70,354.368,-69.662,19.368
yaw335_pitch-065,335,-65,358.294,-61.152,23.294
yaw335_pitch-060,335,-60,0.540,-60.871,25.540
yaw335_pitch-055,335,-55,0.968,-58.245,25.968
yaw335_pitch-050,335,-50,6.638,-54.152,31.638
yaw335_pitch-045,335,-45,4.295,-49.461,29.295
yaw335_pitch-040,335,-40,4.893,-50.018,29.893
yaw335_pitch-035,335,-35,7.482,-47.781,32.482
yaw335_pitch-030,335,-30,8.510,-44.658,33.510
yaw335_pitch-025,335,-25,7.142,-38.536,32.142
yaw335_pitch-020,335,-20,351.105,-35.128,16.105
yaw335_pitch-015,335,-15,344.157,-31.255,9.157
yaw335_pitch-010,335,-10,344.720,-32.605,9.720
yaw335_pitch-005,335,-5,348.613,-27.169,13.613
yaw335_pitch+000,335,0,357.517,-17.598,22.517
yaw335_pitch+005,335,5,352.229,-9.746,17.229
yaw335_pitch+010,335,10,348.029,-6.115,13.029
yaw335_pitch+015,335,15,346.219,-4.029,11.219
yaw335_pitch+020,335,20,330.968,-1.112,4.032
yaw335_pitch+025,335,25,337.103,4.083,2.103
yaw335_pitch+030,335,30,324.816,11.574,10.184
yaw335_pitch+035,335,35,327.473,19.059,7.527
yaw335_pitch+040,335,40,325.179,22.434,9.821
yaw335_pitch+045,335,45,324.641,33.943,10.359
yaw335_pitch+050,335,50,321.604,39.288,13.396
yaw335_pitch+055,335,55,328.692,48.303,6.308
yaw335_pitch+060,335,60,326.988,58.303,8.012
yaw335_pitch+065,335,65,328.283,62.818,6.717
yaw335_pitch+070,335,70,327.972,69.849,7.028
yaw335_pitch+075,335,75,327.547,77.771,7.453
yaw335_pitch+080,335,80,328.113,81.025,6.887
yaw335_pitch+085,335,85,319.446,80.597,15.554
yaw335_pitch+090,335,90,313.381,86.379,21.619
yaw340_pitch-090,340,-90,351.437,-87.025,11.437
yaw340_pitch-085,340,-85,350.845,-87.021,10.845
yaw340_pitch-080,340,-80,356.659,-78.123,16.659
yaw340_pitch-075,340,-75,357.430,-75.734,17.430
yaw340_pitch-070,340,-70,2.431,-71.794,22.431
yaw340_pitch-065,340,-65,5.108,-64.837,25.108
yaw340_pitch-060,340,-60,5.973,-63.900,25.973
yaw340_pitch-055,340,-55,3.621,-55.458,23.621
yaw340_pitch-050,340,-50,7.340,-52.805,27.340
yaw340_pitch-045,340,-45,7.542,-49.120,27.542
yaw340_pitch-040,340,-40,9.696,-48.199,29.696
yaw340_pitch-035,340,-35,9.598,-45.198,29.598
yaw340_pitch-030,340,-30,9.461,-41.696,29.461
yaw340_pitch-025,340,-25,12.992,-35.581,32.992
yaw340_pitch-020,340,-20,8.257,-34.111,28.257
yaw340_pitch-015,340,-15,4.002,-32.935,24.002
yaw340_pitch-010,340,-10,3.135,-30.961,23.135
yaw340_pitch-005,340,-5,4.555,-24.194,24.555
yaw340_pitch+000,340,0,1.013,-15.220,21.013
yaw340_pitch+005,340,5,354.716,-10.418,14.716
yaw340_pitch+010,340,10,356.606,-5.532,16.606
yaw340_pitch+015,340,15,0.768,-3.814,20.768
yaw340_pitch+020,340,20,351.562,-0.472,11.562
yaw340_pitch+025,340,25,344.777,5.389,4.777
yaw340_pitch+030,340,30,333.087,9.969,6.913
yaw340_pitch+035,340,35,335.261,20.011,4.739
yaw340_pitch+040,340,40,340.144,27.233,0.144
yaw340_pitch+045,340,45,335.393,34.228,4.607
yaw340_pitch+050,340,50,334.155,40.639,5.845
yaw340_pitch+055,340,55,334.733,49.287,5.267
yaw340_pitch+060,340,60,333.251,58.234,6.749
yaw340_pitch+065,340,65,330.546,61.554,9.454
yaw340_pitch+070,340,70,335.681,70.601,4.319
yaw340_pitch+075,340,75,330.325,74.947,9.675
yaw340_pitch+080,340,80,330.630,81.807,9.370
yaw340_pitch+085,340,85,325.400,81.550,14.600
yaw340_pitch+090,340,90,317.828,83.849,22.172
yaw345_pitch-090,345,-90,356.261,-83.082,11.261
yaw345_pitch-085,345,-85,357.625,-83.094,12.625
yaw345_pitch-080,345,-80,1.433,-83.233,16.433
yaw345_pitch-075,345,-75,3.471,-75.659,18.471
yaw345_pitch-070,345,-70,7.768,-70.169,22.768
yaw345_pitch-065,345,-65,9.612,-65.034,24.612
yaw345_pitch-060,345,-60,11.801,-56.721,26.801
yaw345_pitch-055,345,-55,9.483,-58.639,24.483
yaw345_pitch-050,345,-50,11.520,-52.736,26.520
yaw345_pitch-045,345,-45,12.606,-49.587,27.606
yaw345_pitch-040,345,-40,13.155,-45.826,28.155
yaw345_pitch-035,345,-35,13.447,-44.305,28.447
yaw345_pitch-030,345,-30,13.300,-39.070,28.300
yaw345_pitch-025,345,-25,12.661,-34.245,27.661
yaw345_pitch-020,345,-20,16.982,-32.409,31.982
yaw345_pitch-015,345,-15,14.803,-29.396,29.803
yaw345_pitch-010,345,-10,10.172,-27.471,25.172
yaw345_pitch-005,345,-5,5.929,-21.389,20.929
yaw345_pitch+000,345,0,6.340,-15.159,21.340
yaw345_pitch+005,345,5,5.305,-9.899,20.305
yaw345_pitch+010,345,10,359.556,-4.799,14.556
yaw345_pitch+015,345,15,2.324,-1.344,17.324
yaw345_pitch+020,345,20,358.871,1.033,13.871
yaw345_pitch+025,345,25,353.858,2.882,8.858
yaw345_pitch+030,345,30,339.294,9.376,5.706
yaw345_pitch+035,345,35,342.208,17.273,2.792
yaw345_pitch+040,345,40,347.562,25.678,2.562
yaw345_pitch+045,345,45,346.116,33.777,1.116
yaw345_pitch+050,345,50,343.199,41.345,1.801
yaw345_pitch+055,345,55,340.724,47.343,4.276
yaw345_pitch+060,345,60,337.640,54.891,7.360
yaw345_pitch+065,345,65,335.274,60.933,9.726
yaw345_pitch+070,345,70,337.296,70.259,7.704
yaw345_pitch+075,345,75,332.927,73.916,12.073
yaw345_pitch+080,345,80,333.702,79.585,11.298
yaw345_pitch+085,345,85,329.989,82.883,15.011
yaw345_pitch+090,345,90,328.499,87.516,16.501
yaw350_pitch-090,350,-90,359.463,-87.058,9.463
yaw350_pitch-085,350,-85,3.603,-83.165,13.603
yaw350_pitch-080,350,-80,7.807,-82.009,17.807
yaw350_pitch-075,350,-75,9.783,-80.707,19.783
yaw350_pitch-070,350,-70,11.161,-69.084,21.161
yaw350_pitch-065,350,-65,12.031,-62.620,22.031
yaw350_pitch-060,350,-60,15.795,-54.869,25.795
yaw350_pitch-055,350,-55,14.219,-59.330,24.219
yaw350_pitch-050,350,-50,13.436,-55.612,23.436
yaw350_pitch-045,350,-45,15.470,-48.311,25.470
yaw350_pitch-040,350,-40,15.495,-45.718,25.495
yaw350_pitch-035,350,-35,15.639,-41.201,25.639
yaw350_pitch-030,350,-30,17.080,-38.405,27.080
yaw350_pitch-025,350,-25,16.884,-35.421,26.884
yaw350_pitch-020,350,-20,17.294,-31.891,27.294
yaw350_pitch-015,350,-15,15.163,-29.420,25.163
yaw350_pitch-010,350,-10,19.225,-28.178,29.225
yaw350_pitch-005,350,-5,7.024,-21.927,17.024
yaw350_pitch+000,350,0,10.508,-15.643,20.508
yaw350_pitch+005,350,5,4.394,-9.468,14.394
yaw350_pitch+010,350,10,5.702,-2.181,15.702
yaw350_pitch+015,350,15,3.252,-2.011,13.252
yaw350_pitch+020,350,20,356.787,1.819,6.787
yaw350_pitch+025,350,25,357.297,3.022,7.297
yaw350_pitch+030,350,30,352.572,8.460,2.572
yaw350_pitch+035,350,35,358.219,15.383,8.219
yaw350_pitch+040,350,40,356.689,28.136,6.689
yaw350_pitch+045,350,45,357.064,36.626,7.064
yaw350_pitch+050,350,50,349.849,43.497,0.151
yaw350_pitch+055,350,55,345.099,49.700,4.901
yaw350_pitch+060,350,60,343.075,59.240,6.925
yaw350_pitch+065,350,65,341.709,62.101,8.291
yaw350_pitch+070,350,70,343.341,72.591,6.659
yaw350_pitch+075,350,75,340.374,77.711,9.626
yaw350_pitch+080,350,80,339.934,80.384,10.066
yaw350_pitch+085,350,85,337.803,84.059,12.197
yaw350_pitch+090,350,90,334.220,85.575,15.780
yaw355_pitch-090,355,-90,8.000,-88.919,13.000
yaw355_pitch-085,355,-85,8.885,-85.209,13.885
yaw355_pitch-080,355,-80,12.016,-80.915,17.016
yaw355_pitch-075,355,-75,13.725,-79.256,18.725
yaw355_pitch-070,355,-70,15.369,-73.427,20.369
yaw355_pitch-065,355,-65,18.399,-69.885,23.399
yaw355_pitch-060,355,-60,19.473,-57.962,24.473
yaw355_pitch-055,355,-55,21.127,-57.787,26.127
yaw355_pitch-050,355,-50,19.874,-54.511,24.874
yaw355_pitch-045,355,-45,16.167,-48.859,21.167
yaw355_pitch-040,355,-40,16.621,-43.610,21.621
yaw355_pitch-035,355,-35,16.865,-40.542,21.865
yaw355_pitch-030,355,-30,21.978,-38.426,26.978
yaw355_pitch-025,355,-25,18.574,-35.030,23.574
yaw355_pitch-020,355,-20,20.766,-32.024,25.766
yaw355_pitch-015,355,-15,17.120,-30.698,22.120
yaw355_pitch-010,355,-10,15.749,-28.144,20.749
yaw355_pitch-005,355,-5,11.452,-21.626,16.452
yaw355_pitch+000,355,0,8.874,-16.302,13.874
yaw355_pitch+005,355,5,7.059,-9.119,12.059
yaw355_pitch+010,355,10,10.581,-3.313,15.581
yaw355_pitch+015,355,15,8.365,-1.495,13.365
yaw355_pitch+020,355,20,5.695,0.467,10.695
yaw355_pitch+025,355,25,4.686,1.952,9.686
yaw355_pitch+030,355,30,357.844,12.449,2.844
yaw355_pitch+035,355,35,4.300,19.201,9.300
yaw355_pitch+040,355,40,4.802,24.710,9.802
yaw355_pitch+045,355,45,3.655,34.297,8.655
yaw355_pitch+050,355,50,354.201,43.182,0.799
yaw355_pitch+055,355,55,352.432,50.012,2.568
yaw355_pitch+060,355,60,349.130,58.294,5.870
yaw355_pitch+065,355,65,344.470,66.614,10.530
yaw355_pitch+070,355,70,349.931,70.158,5.069
yaw355_pitch+075,355,75,346.188,76.909,8.812
yaw355_pitch+080,355,80,342.756,76.835,12.244
yaw355_pitch+085,355,85,339.662,81.209,15.338
yaw355_pitch+090,355,90,338.295,86.270,16.705
