record_id,yaw_true,pitch_true,yaw_pred,pitch_pred,yaw_err
yaw000_pitch-090,0,-90,327.687,-87.281,32.313
yaw000_pitch-085,0,-85,327.378,-83.809,32.622
yaw000_pitch-080,0,-80,325.770,-80.943,34.230
yaw000_pitch-075,0,-75,320.232,-73.992,39.768
yaw000_pitch-070,0,-70,320.444,-79.712,39.556
yaw000_pitch-065,0,-65,309.424,-80.949,50.576
yaw000_pitch-060,0,-60,308.935,-82.976,51.065
yaw000_pitch-055,0,-55,309.733,-81.319,50.267
yaw000_pitch-050,0,-50,307.937,-79.104,52.063
yaw000_pitch-045,0,-45,306.091,-80.267,53.909
yaw000_pitch-040,0,-40,304.693,-62.633,55.307
yaw000_pitch-035,0,-35,306.550,14.551,53.450
yaw000_pitch-030,0,-30,313.516,45.753,46.484
yaw000_pitch-025,0,-25,318.949,51.550,41.051
yaw000_pitch-020,0,-20,321.688,50.225,38.312
yaw000_pitch-015,0,-15,324.808,51.076,35.192
yaw000_pitch-010,0,-10,328.642,52.077,31.358
yaw000_pitch-005,0,-5,330.941,53.708,29.059
yaw000_pitch+000,0,0,329.976,55.605,30.024
yaw000_pitch+005,0,5,324.763,58.410,35.237
yaw000_pitch+010,0,10,316.644,58.835,43.356
yaw000_pitch+015,0,15,307.651,67.135,52.349
yaw000_pitch+020,0,20,298.561,71.383,61.439
yaw000_pitch+025,0,25,301.034,72.073,58.966
yaw000_pitch+030,0,30,307.328,72.964,52.672
yaw000_pitch+035,0,35,319.761,73.910,40.239
yaw000_pitch+040,0,40,336.248,72.736,23.752
yaw000_pitch+045,0,45,357.379,73.610,2.621
yaw000_pitch+050,0,50,14.755,72.970,14.755
yaw000_pitch+055,0,55,27.345,73.765,27.345
yaw000_pitch+060,0,60,30.290,75.652,30.290
yaw000_pitch+065,0,65,32.578,78.397,32.578
yaw000_pitch+070,0,70,32.031,80.133,32.031
yaw000_pitch+075,0,75,33.136,85.274,33.136
yaw000_pitch+080,0,80,32.043,87.755,32.043
yaw000_pitch+085,0,85,29.403,90.000,29.403
yaw000_pitch+090,0,90,28.124,90.000,28.124
yaw005_pitch-090,5,-90,329.521,-85.204,35.479
yaw005_pitch-085,5,-85,329.393,-89.812,35.607
yaw005_pitch-080,5,-80,327.448,-82.301,37.552
yaw005_pitch-075,5,-75,327.884,-79.674,37.116
yaw005_pitch-070,5,-70,325.216,-86.502,39.784
yaw005_pitch-065,5,-65,322.570,-84.180,42.430
yaw005_pitch-060,5,-60,318.595,-81.505,46.405
yaw005_pitch-055,5,-55,315.974,-81.195,49.026
yaw005_pitch-050,5,-50,312.831,-79.123,52.169
yaw005_pitch-045,5,-45,310.605,-74.949,54.395
yaw005_pitch-040,5,-40,308.569,-67.216,56.431
yaw005_pitch-035,5,-35,310.507,-32.732,54.493
yaw005_pitch-030,5,-30,313.880,42.866,51.120
yaw005_pitch-025,5,-25,319.094,47.128,45.906
yaw005_pitch-020,5,-20,321.225,50.702,43.775
yaw005_pitch-015,5,-15,333.628,50.808,31.372
yaw005_pitch-010,5,-10,333.519,53.931,31.481
yaw005_pitch-005,5,-5,335.503,53.971,29.497
yaw005_pitch+000,5,0,331.134,55.654,33.866
yaw005_pitch+005,5,5,328.009,56.768,36.991
yaw005_pitch+010,5,10,325.257,58.628,39.743
yaw005_pitch+015,5,15,313.387,63.239,51.613
yaw005_pitch+020,5,20,308.024,67.121,56.976
yaw005_pitch+025,5,25,308.826,70.721,56.174
yaw005_pitch+030,5,30,324.059,72.448,40.941
yaw005_pitch+035,5,35,338.889,74.042,26.111
yaw005_pitch+040,5,40,357.504,74.263,7.496
yaw005_pitch+045,5,45,11.762,74.077,6.762
yaw005_pitch+050,5,50,25.939,74.035,20.939
yaw005_pitch+055,5,55,33.459,74.268,28.459
yaw005_pitch+060,5,60,34.884,77.620,29.884
yaw005_pitch+065,5,65,36.409,81.059,31.409
yaw005_pitch+070,5,70,36.276,85.047,31.276
yaw005_pitch+075,5,75,36.702,88.133,31.702
yaw005_pitch+080,5,80,35.619,89.169,30.619
yaw005_pitch+085,5,85,34.810,90.000,29.810
yaw005_pitch+090,5,90,31.059,90.000,26.059
yaw010_pitch-090,10,-90,338.009,-88.358,31.991
yaw010_pitch-085,10,-85,333.500,-87.924,36.500
yaw010_pitch-080,10,-80,330.624,-84.669,39.376
yaw010_pitch-075,10,-75,333.050,-79.818,36.950
yaw010_pitch-070,10,-70,330.963,-88.601,39.037
yaw010_pitch-065,10,-65,326.658,-87.065,43.342
yaw010_pitch-060,10,-60,324.260,-84.772,45.740
yaw010_pitch-055,10,-55,321.189,-77.993,48.811
yaw010_pitch-050,10,-50,317.601,-75.875,52.399
yaw010_pitch-045,10,-45,314.384,-75.360,55.616
yaw010_pitch-040,10,-40,311.536,-66.871,58.464
yaw010_pitch-035,10,-35,309.990,-33.509,60.010
yaw010_pitch-030,10,-30,312.898,22.618,57.102
yaw010_pitch-025,10,-25,320.159,45.528,49.841
yaw010_pitch-020,10,-20,323.402,51.025,46.598
yaw010_pitch-015,10,-15,334.004,52.423,35.996
yaw010_pitch-010,10,-10,343.031,52.340,26.969
yaw010_pitch-005,10,-5,343.382,53.849,26.618
yaw010_pitch+000,10,0,341.223,54.730,28.777
yaw010_pitch+005,10,5,340.778,55.093,29.222
yaw010_pitch+010,10,10,338.569,57.103,31.431
yaw010_pitch+015,10,15,331.719,60.398,38.281
yaw010_pitch+020,10,20,329.125,65.599,40.875
yaw010_pitch+025,10,25,334.715,69.439,35.285
yaw010_pitch+030,10,30,346.459,72.988,23.541
yaw010_pitch+035,10,35,355.994,74.640,14.006
yaw010_pitch+040,10,40,11.271,73.061,1.271
yaw010_pitch+045,10,45,24.680,74.906,14.680
yaw010_pitch+050,10,50,32.177,74.414,22.177
yaw010_pitch+055,10,55,37.177,75.152,27.177
yaw010_pitch+060,10,60,39.433,80.172,29.433
yaw010_pitch+065,10,65,39.521,85.004,29.521
yaw010_pitch+070,10,70,39.260,85.470,29.260
yaw010_pitch+075,10,75,39.796,86.524,29.796
yaw010_pitch+080,10,80,41.295,90.000,31.295
yaw010_pitch+085,10,85,39.841,90.000,29.841
yaw010_pitch+090,10,90,37.257,90.000,27.257
yaw015_pitch-090,15,-90,337.512,-86.316,37.488
yaw015_pitch-085,15,-85,339.733,-89.140,35.267
yaw015_pitch-080,15,-80,337.330,-85.862,37.670
yaw015_pitch-075,15,-75,334.938,-84.282,40.062
yaw015_pitch-070,15,-70,333.627,-71.779,41.373
yaw015_pitch-065,15,-65,330.749,-82.012,44.251
yaw015_pitch-060,15,-60,324.683,-81.016,50.317
yaw015_pitch-055,15,-55,324.377,-78.901,50.623
yaw015_pitch-050,15,-50,321.293,-72.636,53.707
yaw015_pitch-045,15,-45,317.461,-67.550,57.539
yaw015_pitch-040,15,-40,311.226,-66.714,63.774
yaw015_pitch-035,15,-35,307.705,-65.288,67.295
yaw015_pitch-030,15,-30,314.181,0.329,60.819
yaw015_pitch-025,15,-25,315.646,37.214,59.354
yaw015_pitch-020,15,-20,319.116,51.836,55.884
yaw015_pitch-015,15,-15,331.107,51.936,43.893
yaw015_pitch-010,15,-10,351.830,51.112,23.170
yaw015_pitch-005,15,-5,4.566,51.041,10.434
yaw015_pitch+000,15,0,0.493,54.782,14.507
yaw015_pitch+005,15,5,358.979,54.549,16.021
yaw015_pitch+010,15,10,359.729,56.564,15.271
yaw015_pitch+015,15,15,1.004,60.711,13.996
yaw015_pitch+020,15,20,353.816,62.162,21.184
yaw015_pitch+025,15,25,355.843,67.667,19.157
yaw015_pitch+030,15,30,5.264,70.934,9.736
yaw015_pitch+035,15,35,13.227,72.483,1.773
yaw015_pitch+040,15,40,21.351,72.598,6.351
yaw015_pitch+045,15,45,30.557,72.835,15.557
yaw015_pitch+050,15,50,37.691,75.276,22.691
yaw015_pitch+055,15,55,42.414,76.208,27.414
yaw015_pitch+060,15,60,42.693,80.681,27.693
yaw015_pitch+065,15,65,43.912,85.331,28.912
yaw015_pitch+070,15,70,45.588,89.226,30.588
yaw015_pitch+075,15,75,45.704,90.000,30.704
yaw015_pitch+080,15,80,46.105,90.000,31.105
yaw015_pitch+085,15,85,45.678,90.000,30.678
yaw015_pitch+090,15,90,44.346,90.000,29.346
yaw020_pitch-090,20,-90,344.841,-90.000,35.159
yaw020_pitch-085,20,-85,338.817,-88.217,41.183
yaw020_pitch-080,20,-80,339.826,-81.319,40.174
yaw020_pitch-075,20,-75,340.235,-81.418,39.765
yaw020_pitch-070,20,-70,337.736,-90.000,42.264
yaw020_pitch-065,20,-65,332.089,-73.260,47.911
yaw020_pitch-060,20,-60,328.556,-74.930,51.444
yaw020_pitch-055,20,-55,325.014,-73.212,54.986
yaw020_pitch-050,20,-50,321.604,-71.721,58.396
yaw020_pitch-045,20,-45,317.269,-65.934,62.731
yaw020_pitch-040,20,-40,313.244,-56.859,66.756
yaw020_pitch-035,20,-35,308.199,-53.248,71.801
yaw020_pitch-030,20,-30,308.729,-35.324,71.271
yaw020_pitch-025,20,-25,311.411,21.743,68.589
yaw020_pitch-020,20,-20,313.512,44.895,66.488
yaw020_pitch-015,20,-15,328.177,51.941,51.823
yaw020_pitch-010,20,-10,357.551,54.528,22.449
yaw020_pitch-005,20,-5,14.563,53.128,5.437
yaw020_pitch+000,20,0,19.616,55.227,0.384
yaw020_pitch+005,20,5,18.699,55.005,1.301
yaw020_pitch+010,20,10,22.769,54.880,2.769
yaw020_pitch+015,20,15,20.272,58.790,0.272
yaw020_pitch+020,20,20,18.015,61.440,1.985
yaw020_pitch+025,20,25,17.126,66.684,2.874
yaw020_pitch+030,20,30,21.387,67.926,1.387
yaw020_pitch+035,20,35,23.825,70.372,3.825
yaw020_pitch+040,20,40,33.204,72.553,13.204
yaw020_pitch+045,20,45,38.917,73.098,18.917
yaw020_pitch+050,20,50,45.970,76.870,25.970
yaw020_pitch+055,20,55,47.040,80.580,27.040
yaw020_pitch+060,20,60,47.434,84.971,27.434
yaw020_pitch+065,20,65,47.916,88.557,27.916
yaw020_pitch+070,20,70,46.416,90.000,26.416
yaw020_pitch+075,20,75,47.567,90.000,27.567
yaw020_pitch+080,20,80,49.099,90.000,29.099
yaw020_pitch+085,20,85,49.790,90.000,29.790
yaw020_pitch+090,20,90,50.336,90.000,30.336
yaw025_pitch-090,25,-90,348.027,-85.830,36.973
yaw025_pitch-085,25,-85,345.606,-84.018,39.394
yaw025_pitch-080,25,-80,344.225,-84.693,40.775
yaw025_pitch-075,25,-75,341.974,-80.014,43.026
yaw025_pitch-070,25,-70,341.989,-69.038,43.011
yaw025_pitch-065,25,-65,331.843,-78.603,53.157
yaw025_pitch-060,25,-60,328.294,-69.091,56.706
yaw025_pitch-055,25,-55,323.734,-67.958,61.266
yaw025_pitch-050,25,-50,319.678,-68.698,65.322
yaw025_pitch-045,25,-45,314.027,-65.563,70.973
yaw025_pitch-040,25,-40,310.721,-57.268,74.279
yaw025_pitch-035,25,-35,299.170,-44.967,85.830
yaw025_pitch-030,25,-30,290.886,-32.403,94.114
yaw025_pitch-025,25,-25,288.511,5.762,96.489
yaw025_pitch-020,25,-20,301.686,33.585,83.314
yaw025_pitch-015,25,-15,328.959,51.009,56.041
yaw025_pitch-010,25,-10,7.067,56.203,17.933
yaw025_pitch-005,25,-5,25.402,52.527,0.402
yaw025_pitch+000,25,0,29.929,55.844,4.929
yaw025_pitch+005,25,5,34.940,56.353,9.940
yaw025_pitch+010,25,10,32.516,56.089,7.516
yaw025_pitch+015,25,15,32.542,57.577,7.542
yaw025_pitch+020,25,20,30.696,61.027,5.696
yaw025_pitch+025,25,25,33.235,66.262,8.235
yaw025_pitch+030,25,30,29.997,65.308,4.997
yaw025_pitch+035,25,35,34.619,69.773,9.619
yaw025_pitch+040,25,40,41.499,72.522,16.499
yaw025_pitch+045,25,45,46.745,74.244,21.745
yaw025_pitch+050,25,50,49.162,77.370,24.162
yaw025_pitch+055,25,55,46.847,89.736,21.847
yaw025_pitch+060,25,60,46.441,90.000,21.441
yaw025_pitch+065,25,65,46.350,90.000,21.350
yaw025_pitch+070,25,70,46.727,90.000,21.727
yaw025_pitch+075,25,75,46.925,90.000,21.925
yaw025_pitch+080,25,80,47.391,90.000,22.391
yaw025_pitch+085,25,85,50.487,90.000,25.487
yaw025_pitch+090,25,90,52.425,90.000,27.425
yaw030_pitch-090,30,-90,352.517,-90.000,37.483
yaw030_pitch-085,30,-85,347.909,-89.619,42.091
yaw030_pitch-080,30,-80,345.286,-80.001,44.714
yaw030_pitch-075,30,-75,344.934,-75.858,45.066
yaw030_pitch-070,30,-70,341.432,-72.721,48.568
yaw030_pitch-065,30,-65,334.666,-68.399,55.334
yaw030_pitch-060,30,-60,329.423,-70.537,60.577
yaw030_pitch-055,30,-55,324.639,-64.328,65.361
yaw030_pitch-050,30,-50,317.094,-60.825,72.906
yaw030_pitch-045,30,-45,308.962,-58.704,81.038
yaw030_pitch-040,30,-40,301.157,-46.950,88.843
yaw030_pitch-035,30,-35,282.672,-32.845,107.328
yaw030_pitch-030,30,-30,283.015,-30.797,106.985
yaw030_pitch-025,30,-25,280.735,-0.800,109.265
yaw030_pitch-020,30,-20,291.456,29.477,98.544
yaw030_pitch-015,30,-15,333.082,47.809,56.918
yaw030_pitch-010,30,-10,10.909,57.734,19.091
yaw030_pitch-005,30,-5,28.206,59.446,1.794
yaw030_pitch+000,30,0,33.782,55.429,3.782
yaw030_pitch+005,30,5,34.729,58.473,4.729
yaw030_pitch+010,30,10,36.148,58.004,6.148
yaw030_pitch+015,30,15,39.014,61.042,9.014
yaw030_pitch+020,30,20,36.688,62.268,6.688
yaw030_pitch+025,30,25,36.317,64.582,6.317
yaw030_pitch+030,30,30,40.042,68.253,10.042
yaw030_pitch+035,30,35,43.878,73.064,13.878
yaw030_pitch+040,30,40,49.754,72.493,19.754
yaw030_pitch+045,30,45,49.247,83.711,19.247
yaw030_pitch+050,30,50,47.656,90.000,17.656
yaw030_pitch+055,30,55,46.545,90.000,16.545
yaw030_pitch+060,30,60,45.941,90.000,15.941
yaw030_pitch+065,30,65,46.168,90.000,16.168
yaw030_pitch+070,30,70,46.242,90.000,16.242
yaw030_pitch+075,30,75,47.119,90.000,17.119
yaw030_pitch+080,30,80,49.879,90.000,19.879
yaw030_pitch+085,30,85,53.908,90.000,23.908
yaw030_pitch+090,30,90,55.467,90.000,25.467
yaw035_pitch-090,35,-90,354.794,-89.757,40.206
yaw035_pitch-085,35,-85,354.775,-86.100,40.225
yaw035_pitch-080,35,-80,353.676,-80.204,41.324
yaw035_pitch-075,35,-75,350.522,-77.261,44.478
yaw035_pitch-070,35,-70,348.487,-76.088,46.513
yaw035_pitch-065,35,-65,339.514,-61.563,55.486
yaw035_pitch-060,35,-60,331.481,-66.894,63.519
yaw035_pitch-055,35,-55,323.707,-59.832,71.293
yaw035_pitch-050,35,-50,317.626,-55.220,77.374
yaw035_pitch-045,35,-45,309.792,-45.750,85.208
yaw035_pitch-040,35,-40,308.611,-43.179,86.389
yaw035_pitch-035,35,-35,297.903,-29.779,97.097
yaw035_pitch-030,35,-30,304.190,1.766,90.810
yaw035_pitch-025,35,-25,304.497,15.823,90.503
yaw035_pitch-020,35,-20,314.999,34.110,80.001
yaw035_pitch-015,35,-15,338.009,49.285,56.991
yaw035_pitch-010,35,-10,14.292,63.942,20.708
yaw035_pitch-005,35,-5,31.062,65.815,3.938
yaw035_pitch+000,35,0,39.103,61.065,4.103
yaw035_pitch+005,35,5,39.471,62.541,4.471
yaw035_pitch+010,35,10,39.202,60.694,4.202
yaw035_pitch+015,35,15,39.985,61.991,4.985
yaw035_pitch+020,35,20,40.758,63.489,5.758
yaw035_pitch+025,35,25,44.255,65.853,9.255
yaw035_pitch+030,35,30,46.633,70.150,11.633
yaw035_pitch+035,35,35,51.922,74.535,16.922
yaw035_pitch+040,35,40,51.433,82.578,16.433
yaw035_pitch+045,35,45,50.401,90.000,15.401
yaw035_pitch+050,35,50,48.028,90.000,13.028
yaw035_pitch+055,35,55,46.868,90.000,11.868
yaw035_pitch+060,35,60,47.215,90.000,12.215
yaw035_pitch+065,35,65,48.122,90.000,13.122
yaw035_pitch+070,35,70,50.228,90.000,15.228
yaw035_pitch+075,35,75,54.082,90.000,19.082
yaw035_pitch+080,35,80,59.926,90.000,24.926
yaw035_pitch+085,35,85,61.564,90.000,26.564
yaw035_pitch+090,35,90,65.019,90.000,30.019
yaw040_pitch-090,40,-90,5.629,-89.513,34.371
yaw040_pitch-085,40,-85,3.705,-84.168,36.295
yaw040_pitch-080,40,-80,358.990,-81.271,41.010
yaw040_pitch-075,40,-75,358.783,-75.892,41.217
yaw040_pitch-070,40,-70,353.388,-70.338,46.612
yaw040_pitch-065,40,-65,344.507,-51.930,55.493
yaw040_pitch-060,40,-60,338.255,-65.473,61.745
yaw040_pitch-055,40,-55,329.692,-61.241,70.308
yaw040_pitch-050,40,-50,324.813,-48.231,75.187
yaw040_pitch-045,40,-45,327.093,-39.239,72.907
yaw040_pitch-040,40,-40,329.047,-29.899,70.953
yaw040_pitch-035,40,-35,337.660,-2.338,62.340
yaw040_pitch-030,40,-30,337.563,17.761,62.437
yaw040_pitch-025,40,-25,351.060,27.909,48.940
yaw040_pitch-020,40,-20,3.843,39.090,36.157
yaw040_pitch-015,40,-15,20.401,45.920,19.599
yaw040_pitch-010,40,-10,36.850,61.667,3.150
yaw040_pitch-005,40,-5,40.967,68.725,0.967
yaw040_pitch+000,40,0,40.999,68.900,0.999
yaw040_pitch+005,40,5,43.869,62.864,3.869
yaw040_pitch+010,40,10,43.184,64.980,3.184
yaw040_pitch+015,40,15,48.056,69.310,8.056
yaw040_pitch+020,40,20,47.633,65.944,7.633
yaw040_pitch+025,40,25,50.082,68.572,10.082
yaw040_pitch+030,40,30,52.274,71.011,12.274
yaw040_pitch+035,40,35,54.693,76.996,14.693
yaw040_pitch+040,40,40,56.549,81.399,16.549
yaw040_pitch+045,40,45,56.608,86.170,16.608
yaw040_pitch+050,40,50,55.570,90.000,15.570
yaw040_pitch+055,40,55,55.605,90.000,15.605
yaw040_pitch+060,40,60,58.330,89.383,18.330
yaw040_pitch+065,40,65,61.943,88.153,21.943
yaw040_pitch+070,40,70,67.263,86.403,27.263
yaw040_pitch+075,40,75,67.083,85.338,27.083
yaw040_pitch+080,40,80,69.750,90.000,29.750
yaw040_pitch+085,40,85,74.838,90.000,34.838
yaw040_pitch+090,40,90,75.618,90.000,35.618
yaw045_pitch-090,45,-90,11.704,-90.000,33.296
yaw045_pitch-085,45,-85,11.163,-86.274,33.837
yaw045_pitch-080,45,-80,9.297,-79.489,35.703
yaw045_pitch-075,45,-75,5.552,-76.342,39.448
yaw045_pitch-070,45,-70,3.019,-71.536,41.981
yaw045_pitch-065,45,-65,352.449,-58.692,52.551
yaw045_pitch-060,45,-60,351.633,-65.027,53.367
yaw045_pitch-055,45,-55,344.496,-57.322,60.504
yaw045_pitch-050,45,-50,342.681,-48.933,62.319
yaw045_pitch-045,45,-45,341.777,-29.467,63.223
yaw045_pitch-040,45,-40,345.679,-19.558,59.321
yaw045_pitch-035,45,-35,354.339,6.660,50.661
yaw045_pitch-030,45,-30,7.506,23.394,37.494
yaw045_pitch-025,45,-25,25.228,33.315,19.772
yaw045_pitch-020,45,-20,33.355,39.134,11.645
yaw045_pitch-015,45,-15,42.846,44.412,2.154
yaw045_pitch-010,45,-10,49.479,54.800,4.479
yaw045_pitch-005,45,-5,49.652,64.141,4.652
yaw045_pitch+000,45,0,51.965,72.502,6.965
yaw045_pitch+005,45,5,52.597,70.425,7.597
yaw045_pitch+010,45,10,54.950,69.671,9.950
yaw045_pitch+015,45,15,52.905,66.631,7.905
yaw045_pitch+020,45,20,57.776,69.381,12.776
yaw045_pitch+025,45,25,55.050,69.429,10.050
yaw045_pitch+030,45,30,55.977,71.218,10.977
yaw045_pitch+035,45,35,60.599,74.337,15.599
yaw045_pitch+040,45,40,62.722,75.975,17.722
yaw045_pitch+045,45,45,66.468,76.260,21.468
yaw045_pitch+050,45,50,68.261,80.140,23.261
yaw045_pitch+055,45,55,70.560,79.484,25.560
yaw045_pitch+060,45,60,72.773,81.795,27.773
yaw045_pitch+065,45,65,74.190,84.646,29.190
yaw045_pitch+070,45,70,75.377,86.400,30.377
yaw045_pitch+075,45,75,75.523,87.338,30.523
yaw045_pitch+080,45,80,75.392,90.000,30.392
yaw045_pitch+085,45,85,77.681,90.000,32.681
yaw045_pitch+090,45,90,79.294,90.000,34.294
yaw050_pitch-090,50,-90,17.020,-87.671,32.980
yaw050_pitch-085,50,-85,16.705,-87.819,33.295
yaw050_pitch-080,50,-80,15.851,-82.983,34.149
yaw050_pitch-075,50,-75,13.130,-78.650,36.870
yaw050_pitch-070,50,-70,11.166,-72.644,38.834
yaw050_pitch-065,50,-65,8.609,-66.229,41.391
yaw050_pitch-060,50,-60,4.938,-60.934,45.062
yaw050_pitch-055,50,-55,3.473,-58.156,46.527
yaw050_pitch-050,50,-50,2.168,-54.731,47.832
yaw050_pitch-045,50,-45,0.926,-37.607,49.074
yaw050_pitch-040,50,-40,8.289,-22.338,41.711
yaw050_pitch-035,50,-35,16.978,3.747,33.022
yaw050_pitch-030,50,-30,27.328,24.275,22.672
yaw050_pitch-025,50,-25,37.748,32.346,12.252
yaw050_pitch-020,50,-20,45.581,38.152,4.419
yaw050_pitch-015,50,-15,55.070,46.134,5.070
yaw050_pitch-010,50,-10,57.092,53.354,7.092
yaw050_pitch-005,50,-5,58.473,65.242,8.473
yaw050_pitch+000,50,0,58.464,70.571,8.464
yaw050_pitch+005,50,5,60.936,74.218,10.936
yaw050_pitch+010,50,10,62.489,70.868,12.489
yaw050_pitch+015,50,15,63.553,72.814,13.553
yaw050_pitch+020,50,20,67.735,72.429,17.735
yaw050_pitch+025,50,25,67.675,70.714,17.675
yaw050_pitch+030,50,30,69.674,70.771,19.674
yaw050_pitch+035,50,35,70.781,71.876,20.781
yaw050_pitch+040,50,40,75.593,75.566,25.593
yaw050_pitch+045,50,45,78.696,74.574,28.696
yaw050_pitch+050,50,50,79.317,79.129,29.317
yaw050_pitch+055,50,55,81.031,80.165,31.031
yaw050_pitch+060,50,60,80.557,80.777,30.557
yaw050_pitch+065,50,65,80.788,84.980,30.788
yaw050_pitch+070,50,70,80.819,84.267,30.819
yaw050_pitch+075,50,75,78.412,88.026,28.412
yaw050_pitch+080,50,80,80.444,89.465,30.444
yaw050_pitch+085,50,85,84.299,89.405,34.299
yaw050_pitch+090,50,90,78.061,88.677,28.061
yaw055_pitch-090,55,-90,22.143,-89.006,32.857
yaw055_pitch-085,55,-85,23.503,-85.663,31.497
yaw055_pitch-080,55,-80,23.757,-81.621,31.243
yaw055_pitch-075,55,-75,23.303,-77.673,31.697
yaw055_pitch-070,55,-70,23.549,-72.320,31.451
yaw055_pitch-065,55,-65,20.854,-70.838,34.146
yaw055_pitch-060,55,-60,17.185,-52.903,37.815
yaw055_pitch-055,55,-55,20.511,-58.193,34.489
yaw055_pitch-050,55,-50,21.681,-52.883,33.319
yaw055_pitch-045,55,-45,25.052,-43.482,29.948
yaw055_pitch-040,55,-40,31.092,-32.083,23.908
yaw055_pitch-035,55,-35,38.650,-1.401,16.350
yaw055_pitch-030,55,-30,47.962,22.907,7.038
yaw055_pitch-025,55,-25,56.282,32.692,1.282
yaw055_pitch-020,55,-20,59.017,37.237,4.017
yaw055_pitch-015,55,-15,61.379,43.784,6.379
yaw055_pitch-010,55,-10,64.055,50.495,9.055
yaw055_pitch-005,55,-5,67.572,65.513,12.572
yaw055_pitch+000,55,0,66.918,71.413,11.918
yaw055_pitch+005,55,5,71.824,74.737,16.824
yaw055_pitch+010,55,10,73.054,71.395,18.054
yaw055_pitch+015,55,15,74.550,68.714,19.550
yaw055_pitch+020,55,20,75.083,73.502,20.083
yaw055_pitch+025,55,25,77.871,68.865,22.871
yaw055_pitch+030,55,30,80.074,68.915,25.074
yaw055_pitch+035,55,35,83.818,73.849,28.818
yaw055_pitch+040,55,40,83.792,72.314,28.792
yaw055_pitch+045,55,45,85.701,76.031,30.701
yaw055_pitch+050,55,50,86.134,78.909,31.134
yaw055_pitch+055,55,55,88.087,78.848,33.087
yaw055_pitch+060,55,60,87.064,79.106,32.064
yaw055_pitch+065,55,65,86.008,81.425,31.008
yaw055_pitch+070,55,70,84.345,84.344,29.345
yaw055_pitch+075,55,75,83.306,86.237,28.306
yaw055_pitch+080,55,80,85.056,89.534,30.056
yaw055_pitch+085,55,85,86.808,89.797,31.808
yaw055_pitch+090,55,90,86.163,87.631,31.163
yaw060_pitch-090,60,-90,31.312,-88.175,28.688
yaw060_pitch-085,60,-85,31.553,-83.613,28.447
yaw060_pitch-080,60,-80,32.371,-80.500,27.629
yaw060_pitch-075,60,-75,29.607,-76.665,30.393
yaw060_pitch-070,60,-70,31.895,-74.086,28.105
yaw060_pitch-065,60,-65,32.074,-67.649,27.926
yaw060_pitch-060,60,-60,31.145,-57.286,28.855
yaw060_pitch-055,60,-55,35.826,-54.778,24.174
yaw060_pitch-050,60,-50,39.262,-49.371,20.738
yaw060_pitch-045,60,-45,41.814,-42.867,18.186
yaw060_pitch-040,60,-40,46.685,-23.837,13.315
yaw060_pitch-035,60,-35,55.470,-4.519,4.530
yaw060_pitch-030,60,-30,58.255,15.810,1.745
yaw060_pitch-025,60,-25,66.181,31.278,6.181
yaw060_pitch-020,60,-20,69.329,36.538,9.329
yaw060_pitch-015,60,-15,70.663,43.239,10.663
yaw060_pitch-010,60,-10,72.418,52.077,12.418
yaw060_pitch-005,60,-5,76.336,64.517,16.336
yaw060_pitch+000,60,0,79.217,73.011,19.217
yaw060_pitch+005,60,5,81.990,73.780,21.990
yaw060_pitch+010,60,10,82.216,76.815,22.216
yaw060_pitch+015,60,15,83.273,76.560,23.273
yaw060_pitch+020,60,20,87.038,74.793,27.038
yaw060_pitch+025,60,25,87.620,67.262,27.620
yaw060_pitch+030,60,30,89.283,69.568,29.283
yaw060_pitch+035,60,35,93.579,76.169,33.579
yaw060_pitch+040,60,40,93.702,74.659,33.702
yaw060_pitch+045,60,45,95.662,79.014,35.662
yaw060_pitch+050,60,50,92.805,74.692,32.805
yaw060_pitch+055,60,55,94.747,78.411,34.747
yaw060_pitch+060,60,60,93.842,79.634,33.842
yaw060_pitch+065,60,65,93.264,79.207,33.264
yaw060_pitch+070,60,70,91.217,83.479,31.217
yaw060_pitch+075,60,75,90.555,83.824,30.555
yaw060_pitch+080,60,80,89.886,88.283,29.886
yaw060_pitch+085,60,85,93.143,90.000,33.143
yaw060_pitch+090,60,90,100.574,89.510,40.574
yaw065_pitch-090,65,-90,36.656,-87.421,28.344
yaw065_pitch-085,65,-85,36.227,-86.984,28.773
yaw065_pitch-080,65,-80,34.848,-81.331,30.152
yaw065_pitch-075,65,-75,35.158,-77.370,29.842
yaw065_pitch-070,65,-70,35.497,-73.098,29.503
yaw065_pitch-065,65,-65,36.632,-65.165,28.368
yaw065_pitch-060,65,-60,40.344,-72.134,24.656
yaw065_pitch-055,65,-55,40.767,-60.595,24.233
yaw065_pitch-050,65,-50,48.915,-53.531,16.085
yaw065_pitch-045,65,-45,57.651,-41.188,7.349
yaw065_pitch-040,65,-40,63.684,-24.103,1.316
yaw065_pitch-035,65,-35,65.391,-3.577,0.391
yaw065_pitch-030,65,-30,67.302,13.639,2.302
yaw065_pitch-025,65,-25,71.087,27.089,6.087
yaw065_pitch-020,65,-20,75.122,34.521,10.122
yaw065_pitch-015,65,-15,77.663,40.980,12.663
yaw065_pitch-010,65,-10,81.218,50.330,16.218
yaw065_pitch-005,65,-5,85.394,63.901,20.394
yaw065_pitch+000,65,0,87.315,72.345,22.315
yaw065_pitch+005,65,5,92.210,76.821,27.210
yaw065_pitch+010,65,10,91.509,78.333,26.509
yaw065_pitch+015,65,15,94.525,77.832,29.525
yaw065_pitch+020,65,20,91.545,76.958,26.545
yaw065_pitch+025,65,25,96.764,75.830,31.764
yaw065_pitch+030,65,30,99.534,74.297,34.534
yaw065_pitch+035,65,35,102.388,72.638,37.388
yaw065_pitch+040,65,40,95.365,68.845,30.365
yaw065_pitch+045,65,45,101.514,69.658,36.514
yaw065_pitch+050,65,50,100.875,73.894,35.875
yaw065_pitch+055,65,55,101.610,76.904,36.610
yaw065_pitch+060,65,60,98.912,73.415,33.912
yaw065_pitch+065,65,65,98.844,77.588,33.844
yaw065_pitch+070,65,70,96.157,81.927,31.157
yaw065_pitch+075,65,75,95.831,85.223,30.831
yaw065_pitch+080,65,80,95.927,89.105,30.927
yaw065_pitch+085,65,85,96.066,90.000,31.066
yaw065_pitch+090,65,90,97.566,87.198,32.566
yaw070_pitch-090,70,-90,39.374,-90.000,30.626
yaw070_pitch-085,70,-85,38.989,-88.631,31.011
yaw070_pitch-080,70,-80,40.037,-83.565,29.963
yaw070_pitch-075,70,-75,41.163,-77.539,28.837
yaw070_pitch-070,70,-70,43.202,-72.588,26.798
yaw070_pitch-065,70,-65,46.122,-68.614,23.878
yaw070_pitch-060,70,-60,51.103,-62.306,18.897
yaw070_pitch-055,70,-55,52.379,-62.079,17.621
yaw070_pitch-050,70,-50,56.070,-56.205,13.930
yaw070_pitch-045,70,-45,57.850,-49.156,12.150
yaw070_pitch-040,70,-40,61.046,-40.032,8.954
yaw070_pitch-035,70,-35,64.337,-15.287,5.663
yaw070_pitch-030,70,-30,68.668,11.311,1.332
yaw070_pitch-025,70,-25,73.497,26.218,3.497
yaw070_pitch-020,70,-20,79.416,32.547,9.416
yaw070_pitch-015,70,-15,85.828,39.342,15.828
yaw070_pitch-010,70,-10,87.876,46.590,17.876
yaw070_pitch-005,70,-5,91.433,59.070,21.433
yaw070_pitch+000,70,0,95.793,70.776,25.793
yaw070_pitch+005,70,5,98.305,74.759,28.305
yaw070_pitch+010,70,10,102.258,78.135,32.258
yaw070_pitch+015,70,15,104.038,78.241,34.038
yaw070_pitch+020,70,20,105.149,79.712,35.149
yaw070_pitch+025,70,25,109.076,79.155,39.076
yaw070_pitch+030,70,30,110.015,78.718,40.015
yaw070_pitch+035,70,35,117.097,79.539,47.097
yaw070_pitch+040,70,40,112.215,78.453,42.215
yaw070_pitch+045,70,45,115.070,80.492,45.070
yaw070_pitch+050,70,50,113.316,79.021,43.316
yaw070_pitch+055,70,55,109.913,79.325,39.913
yaw070_pitch+060,70,60,108.339,80.562,38.339
yaw070_pitch+065,70,65,102.502,79.693,32.502
yaw070_pitch+070,70,70,103.288,82.642,33.288
yaw070_pitch+075,70,75,100.021,83.338,30.021
yaw070_pitch+080,70,80,99.242,88.811,29.242
yaw070_pitch+085,70,85,98.619,90.000,28.619
yaw070_pitch+090,70,90,103.469,90.000,33.469
yaw075_pitch-090,75,-90,44.887,-89.786,30.113
yaw075_pitch-085,75,-85,44.938,-88.323,30.062
yaw075_pitch-080,75,-80,46.601,-83.350,28.399
yaw075_pitch-075,75,-75,49.770,-78.363,25.230
yaw075_pitch-070,75,-70,50.082,-75.046,24.918
yaw075_pitch-065,75,-65,50.019,-80.164,24.981
yaw075_pitch-060,75,-60,50.194,-84.230,24.806
yaw075_pitch-055,75,-55,49.739,-90.000,25.261
yaw075_pitch-050,75,-50,51.470,-79.382,23.530
yaw075_pitch-045,75,-45,53.198,-77.229,21.802
yaw075_pitch-040,75,-40,58.400,-60.662,16.600
yaw075_pitch-035,75,-35,65.310,-29.050,9.690
yaw075_pitch-030,75,-30,74.403,9.288,0.597
yaw075_pitch-025,75,-25,83.567,26.839,8.567
yaw075_pitch-020,75,-20,92.930,32.511,17.930
yaw075_pitch-015,75,-15,94.250,40.591,19.250
yaw075_pitch-010,75,-10,97.234,46.444,22.234
yaw075_pitch-005,75,-5,101.426,57.540,26.426
yaw075_pitch+000,75,0,101.758,68.349,26.758
yaw075_pitch+005,75,5,106.202,76.185,31.202
yaw075_pitch+010,75,10,110.123,77.509,35.123
yaw075_pitch+015,75,15,114.110,80.520,39.110
yaw075_pitch+020,75,20,114.716,81.330,39.716
yaw075_pitch+025,75,25,118.801,78.196,43.801
yaw075_pitch+030,75,30,119.719,81.829,44.719
yaw075_pitch+035,75,35,124.080,82.045,49.080
yaw075_pitch+040,75,40,124.266,81.026,49.266
yaw075_pitch+045,75,45,122.847,83.376,47.847
yaw075_pitch+050,75,50,116.605,83.331,41.605
yaw075_pitch+055,75,55,112.100,81.875,37.100
yaw075_pitch+060,75,60,107.195,79.703,32.195
yaw075_pitch+065,75,65,105.360,80.829,30.360
yaw075_pitch+070,75,70,105.196,81.606,30.196
yaw075_pitch+075,75,75,102.752,82.934,27.752
yaw075_pitch+080,75,80,101.931,87.489,26.931
yaw075_pitch+085,75,85,103.342,88.292,28.342
yaw075_pitch+090,75,90,106.536,90.000,31.536
yaw080_pitch-090,80,-90,51.924,-86.415,28.076
yaw080_pitch-085,80,-85,51.243,-83.336,28.757
yaw080_pitch-080,80,-80,50.313,-86.255,29.687
yaw080_pitch-075,80,-75,49.092,-90.000,30.908
yaw080_pitch-070,80,-70,47.864,-90.000,32.136
yaw080_pitch-065,80,-65,47.761,-90.000,32.239
yaw080_pitch-060,80,-60,47.712,-90.000,32.288
yaw080_pitch-055,80,-55,47.282,-90.000,32.718
yaw080_pitch-050,80,-50,48.634,-90.000,31.366
yaw080_pitch-045,80,-45,52.286,-90.000,27.714
yaw080_pitch-040,80,-40,59.028,-79.376,20.972
yaw080_pitch-035,80,-35,73.987,-34.947,6.013
yaw080_pitch-030,80,-30,83.386,8.162,3.386
yaw080_pitch-025,80,-25,92.923,25.553,12.923
yaw080_pitch-020,80,-20,98.605,33.434,18.605
yaw080_pitch-015,80,-15,101.761,40.780,21.761
yaw080_pitch-010,80,-10,105.562,49.082,25.562
yaw080_pitch-005,80,-5,105.753,59.356,25.753
yaw080_pitch+000,80,0,110.510,67.362,30.510
yaw080_pitch+005,80,5,111.875,73.266,31.875
yaw080_pitch+010,80,10,117.547,78.339,37.547
yaw080_pitch+015,80,15,121.365,79.202,41.365
yaw080_pitch+020,80,20,122.992,80.069,42.992
yaw080_pitch+025,80,25,122.749,80.698,42.749
yaw080_pitch+030,80,30,125.470,82.606,45.470
yaw080_pitch+035,80,35,124.752,82.368,44.752
yaw080_pitch+040,80,40,124.871,84.520,44.871
yaw080_pitch+045,80,45,120.785,83.801,40.785
yaw080_pitch+050,80,50,117.124,83.619,37.124
yaw080_pitch+055,80,55,114.072,82.564,34.072
yaw080_pitch+060,80,60,110.587,80.650,30.587
yaw080_pitch+065,80,65,107.503,79.946,27.503
yaw080_pitch+070,80,70,106.456,81.205,26.456
yaw080_pitch+075,80,75,104.498,83.721,24.498
yaw080_pitch+080,80,80,104.912,86.457,24.912
yaw080_pitch+085,80,85,107.654,89.965,27.654
yaw080_pitch+090,80,90,112.720,90.000,32.720
yaw085_pitch-090,85,-90,55.238,-87.428,29.762
yaw085_pitch-085,85,-85,51.532,-88.862,33.468
yaw085_pitch-080,85,-80,49.293,-90.000,35.707
yaw085_pitch-075,85,-75,47.561,-90.000,37.439
yaw085_pitch-070,85,-70,47.199,-90.000,37.801
yaw085_pitch-065,85,-65,46.937,-90.000,38.063
yaw085_pitch-060,85,-60,47.101,-90.000,37.899
yaw085_pitch-055,85,-55,48.157,-90.000,36.843
yaw085_pitch-050,85,-50,50.544,-90.000,34.456
yaw085_pitch-045,85,-45,58.858,-90.000,26.142
yaw085_pitch-040,85,-40,70.311,-66.523,14.689
yaw085_pitch-035,85,-35,82.572,-51.026,2.428
yaw085_pitch-030,85,-30,92.651,-1.879,7.651
yaw085_pitch-025,85,-25,97.518,24.803,12.518
yaw085_pitch-020,85,-20,102.951,33.948,17.951
yaw085_pitch-015,85,-15,108.664,44.112,23.664
yaw085_pitch-010,85,-10,108.329,52.650,23.329
yaw085_pitch-005,85,-5,111.896,61.292,26.896
yaw085_pitch+000,85,0,114.309,65.959,29.309
yaw085_pitch+005,85,5,117.281,70.107,32.281
yaw085_pitch+010,85,10,119.983,74.438,34.983
yaw085_pitch+015,85,15,123.654,77.873,38.654
yaw085_pitch+020,85,20,122.663,79.186,37.663
yaw085_pitch+025,85,25,126.081,80.334,41.081
yaw085_pitch+030,85,30,123.754,82.274,38.754
yaw085_pitch+035,85,35,125.371,83.373,40.371
yaw085_pitch+040,85,40,124.194,82.973,39.194
yaw085_pitch+045,85,45,120.232,82.300,35.232
yaw085_pitch+050,85,50,116.984,83.000,31.984
yaw085_pitch+055,85,55,115.321,81.763,30.321
yaw085_pitch+060,85,60,111.985,79.358,26.985
yaw085_pitch+065,85,65,109.938,79.808,24.938
yaw085_pitch+070,85,70,107.221,81.016,22.221
yaw085_pitch+075,85,75,106.315,82.079,21.315
yaw085_pitch+080,85,80,106.886,85.144,21.886
yaw085_pitch+085,85,85,113.258,86.121,28.258
yaw085_pitch+090,85,90,122.375,90.000,37.375
yaw090_pitch-090,90,-90,59.896,-79.994,30.104
yaw090_pitch-085,90,-85,53.958,-88.416,36.042
yaw090_pitch-080,90,-80,51.093,-90.000,38.907
yaw090_pitch-075,90,-75,48.671,-90.000,41.329
yaw090_pitch-070,90,-70,48.609,-90.000,41.391
yaw090_pitch-065,90,-65,49.378,-90.000,40.622
yaw090_pitch-060,90,-60,50.727,-90.000,39.273
yaw090_pitch-055,90,-55,55.175,-90.000,34.825
yaw090_pitch-050,90,-50,63.349,-88.057,26.651
yaw090_pitch-045,90,-45,75.176,-64.767,14.824
yaw090_pitch-040,90,-40,82.647,-70.816,7.353
yaw090_pitch-035,90,-35,94.749,-41.663,4.749
yaw090_pitch-030,90,-30,96.161,-11.111,6.161
yaw090_pitch-025,90,-25,100.661,25.338,10.661
yaw090_pitch-020,90,-20,105.502,35.465,15.502
yaw090_pitch-015,90,-15,107.050,42.220,17.050
yaw090_pitch-010,90,-10,112.258,52.668,22.258
yaw090_pitch-005,90,-5,113.984,58.277,23.984
yaw090_pitch+000,90,0,117.922,61.215,27.922
yaw090_pitch+005,90,5,119.597,69.304,29.597
yaw090_pitch+010,90,10,121.714,73.663,31.714
yaw090_pitch+015,90,15,123.080,76.772,33.080
yaw090_pitch+020,90,20,126.527,78.877,36.527
yaw090_pitch+025,90,25,125.604,81.202,35.604
yaw090_pitch+030,90,30,126.544,82.510,36.544
yaw090_pitch+035,90,35,126.369,80.683,36.369
yaw090_pitch+040,90,40,123.662,80.471,33.662
yaw090_pitch+045,90,45,123.276,80.362,33.276
yaw090_pitch+050,90,50,121.173,81.106,31.173
yaw090_pitch+055,90,55,119.274,80.164,29.274
yaw090_pitch+060,90,60,116.493,78.296,26.493
yaw090_pitch+065,90,65,115.309,78.272,25.309
yaw090_pitch+070,90,70,109.978,81.467,19.978
yaw090_pitch+075,90,75,111.535,82.343,21.535
yaw090_pitch+080,90,80,115.954,86.770,25.954
yaw090_pitch+085,90,85,120.060,88.235,30.060
yaw090_pitch+090,90,90,125.338,87.459,35.338
yaw095_pitch-090,95,-90,68.938,-83.462,26.062
yaw095_pitch-085,95,-85,62.736,-82.463,32.264
yaw095_pitch-080,95,-80,60.225,-87.713,34.775
yaw095_pitch-075,95,-75,58.315,-90.000,36.685
yaw095_pitch-070,95,-70,56.103,-90.000,38.897
yaw095_pitch-065,95,-65,59.744,-90.000,35.256
yaw095_pitch-060,95,-60,64.157,-90.000,30.843
yaw095_pitch-055,95,-55,71.593,-84.651,23.407
yaw095_pitch-050,95,-50,77.603,-79.695,17.397
yaw095_pitch-045,95,-45,86.650,-77.103,8.350
yaw095_pitch-040,95,-40,92.526,-72.201,2.474
yaw095_pitch-035,95,-35,97.848,-56.730,2.848
yaw095_pitch-030,95,-30,101.319,-12.388,6.319
yaw095_pitch-025,95,-25,110.177,24.321,15.177
yaw095_pitch-020,95,-20,109.848,28.683,14.848
yaw095_pitch-015,95,-15,110.518,39.241,15.518
yaw095_pitch-010,95,-10,110.583,49.919,15.583
yaw095_pitch-005,95,-5,117.502,59.823,22.502
yaw095_pitch+000,95,0,120.235,63.531,25.235
yaw095_pitch+005,95,5,119.022,68.583,24.022
yaw095_pitch+010,95,10,119.455,72.366,24.455
yaw095_pitch+015,95,15,124.032,77.821,29.032
yaw095_pitch+020,95,20,124.589,79.648,29.589
yaw095_pitch+025,95,25,124.212,81.193,29.212
yaw095_pitch+030,95,30,125.962,81.082,30.962
yaw095_pitch+035,95,35,128.757,79.777,33.757
yaw095_pitch+040,95,40,128.055,79.156,33.055
yaw095_pitch+045,95,45,126.529,78.525,31.529
yaw095_pitch+050,95,50,120.962,80.091,25.962
yaw095_pitch+055,95,55,125.851,78.771,30.851
yaw095_pitch+060,95,60,117.337,78.810,22.337
yaw095_pitch+065,95,65,113.693,80.316,18.693
yaw095_pitch+070,95,70,115.580,83.485,20.580
yaw095_pitch+075,95,75,116.030,84.256,21.030
yaw095_pitch+080,95,80,123.256,86.933,28.256
yaw095_pitch+085,95,85,125.549,89.027,30.549
yaw095_pitch+090,95,90,130.390,89.021,35.390
yaw100_pitch-090,100,-90,73.247,-77.787,26.753
yaw100_pitch-085,100,-85,76.369,-88.803,23.631
yaw100_pitch-080,100,-80,72.042,-84.326,27.958
yaw100_pitch-075,100,-75,67.601,-84.561,32.399
yaw100_pitch-070,100,-70,68.893,-81.201,31.107
yaw100_pitch-065,100,-65,73.609,-83.063,26.391
yaw100_pitch-060,100,-60,79.946,-84.091,20.054
yaw100_pitch-055,100,-55,88.333,-83.666,11.667
yaw100_pitch-050,100,-50,95.649,-87.625,4.351
yaw100_pitch-045,100,-45,98.168,-82.496,1.832
yaw100_pitch-040,100,-40,97.201,-81.364,2.799
yaw100_pitch-035,100,-35,104.503,-74.330,4.503
yaw100_pitch-030,100,-30,110.880,-31.956,10.880
yaw100_pitch-025,100,-25,118.703,24.590,18.703
yaw100_pitch-020,100,-20,118.353,36.189,18.353
yaw100_pitch-015,100,-15,119.817,43.533,19.817
yaw100_pitch-010,100,-10,120.655,53.117,20.655
yaw100_pitch-005,100,-5,114.980,57.163,14.980
yaw100_pitch+000,100,0,114.984,63.144,14.984
yaw100_pitch+005,100,5,115.311,66.657,15.311
yaw100_pitch+010,100,10,115.551,74.518,15.551
yaw100_pitch+015,100,15,118.699,78.379,18.699
yaw100_pitch+020,100,20,118.305,80.036,18.305
yaw100_pitch+025,100,25,122.184,82.546,22.184
yaw100_pitch+030,100,30,127.415,82.189,27.415
yaw100_pitch+035,100,35,132.647,80.011,32.647
yaw100_pitch+040,100,40,134.869,79.229,34.869
yaw100_pitch+045,100,45,127.433,78.428,27.433
yaw100_pitch+050,100,50,123.483,80.325,23.483
yaw100_pitch+055,100,55,122.404,80.577,22.404
yaw100_pitch+060,100,60,121.153,81.363,21.153
yaw100_pitch+065,100,65,122.775,82.871,22.775
yaw100_pitch+070,100,70,126.521,88.276,26.521
yaw100_pitch+075,100,75,127.466,90.000,27.466
yaw100_pitch+080,100,80,129.662,89.175,29.662
yaw100_pitch+085,100,85,130.492,88.997,30.492
yaw100_pitch+090,100,90,134.488,89.800,34.488
yaw105_pitch-090,105,-90,77.130,-80.068,27.870
yaw105_pitch-085,105,-85,76.065,-84.134,28.935
yaw105_pitch-080,105,-80,77.957,-87.407,27.043
yaw105_pitch-075,105,-75,82.807,-84.839,22.193
yaw105_pitch-070,105,-70,85.494,-82.350,19.506
yaw105_pitch-065,105,-65,87.590,-83.797,17.410
yaw105_pitch-060,105,-60,91.910,-82.844,13.090
yaw105_pitch-055,105,-55,97.634,-80.307,7.366
yaw105_pitch-050,105,-50,99.986,-83.071,5.014
yaw105_pitch-045,105,-45,102.086,-87.005,2.914
yaw105_pitch-040,105,-40,106.687,-87.578,1.687
yaw105_pitch-035,105,-35,112.426,-80.163,7.426
yaw105_pitch-030,105,-30,117.838,-69.976,12.838
yaw105_pitch-025,105,-25,119.610,29.069,14.610
yaw105_pitch-020,105,-20,122.652,39.483,17.652
yaw105_pitch-015,105,-15,121.440,49.878,16.440
yaw105_pitch-010,105,-10,119.633,53.210,14.633
yaw105_pitch-005,105,-5,117.707,59.874,12.707
yaw105_pitch+000,105,0,117.689,63.888,12.689
yaw105_pitch+005,105,5,114.340,67.429,9.340
yaw105_pitch+010,105,10,111.856,73.704,6.856
yaw105_pitch+015,105,15,114.160,79.883,9.160
yaw105_pitch+020,105,20,116.457,81.871,11.457
yaw105_pitch+025,105,25,121.433,83.426,16.433
yaw105_pitch+030,105,30,125.114,83.024,20.114
yaw105_pitch+035,105,35,126.048,82.352,21.048
yaw105_pitch+040,105,40,127.468,81.722,22.468
yaw105_pitch+045,105,45,121.751,80.337,16.751
yaw105_pitch+050,105,50,119.955,82.129,14.955
yaw105_pitch+055,105,55,124.570,83.358,19.570
yaw105_pitch+060,105,60,130.647,85.652,25.647
yaw105_pitch+065,105,65,131.501,85.922,26.501
yaw105_pitch+070,105,70,134.246,89.748,29.246
yaw105_pitch+075,105,75,134.105,90.000,29.105
yaw105_pitch+080,105,80,135.193,90.000,30.193
yaw105_pitch+085,105,85,134.318,90.000,29.318
yaw105_pitch+090,105,90,137.985,89.881,32.985
yaw110_pitch-090,110,-90,80.571,-80.997,29.429
yaw110_pitch-085,110,-85,82.202,-82.119,27.798
yaw110_pitch-080,110,-80,83.622,-83.215,26.378
yaw110_pitch-075,110,-75,91.365,-83.030,18.635
yaw110_pitch-070,110,-70,92.087,-83.313,17.913
yaw110_pitch-065,110,-65,96.077,-80.351,13.923
yaw110_pitch-060,110,-60,99.550,-77.933,10.450
yaw110_pitch-055,110,-55,103.768,-78.373,6.232
yaw110_pitch-050,110,-50,107.169,-79.930,2.831
yaw110_pitch-045,110,-45,110.112,-84.529,0.112
yaw110_pitch-040,110,-40,117.142,-84.464,7.142
yaw110_pitch-035,110,-35,118.874,-77.235,8.874
yaw110_pitch-030,110,-30,122.653,-64.710,12.653
yaw110_pitch-025,110,-25,126.160,-0.313,16.160
yaw110_pitch-020,110,-20,125.457,38.129,15.457
yaw110_pitch-015,110,-15,123.222,59.009,13.222
yaw110_pitch-010,110,-10,122.453,61.197,12.453
yaw110_pitch-005,110,-5,118.611,65.134,8.611
yaw110_pitch+000,110,0,117.153,67.975,7.153
yaw110_pitch+005,110,5,115.811,71.939,5.811
yaw110_pitch+010,110,10,114.133,79.642,4.133
yaw110_pitch+015,110,15,114.517,82.393,4.517
yaw110_pitch+020,110,20,117.200,85.807,7.200
yaw110_pitch+025,110,25,116.412,86.168,6.412
yaw110_pitch+030,110,30,115.616,85.672,5.616
yaw110_pitch+035,110,35,118.182,84.303,8.182
yaw110_pitch+040,110,40,117.139,82.514,7.139
yaw110_pitch+045,110,45,120.952,80.326,10.952
yaw110_pitch+050,110,50,128.638,82.330,18.638
yaw110_pitch+055,110,55,131.265,83.343,21.265
yaw110_pitch+060,110,60,136.897,84.943,26.897
yaw110_pitch+065,110,65,142.094,86.789,32.094
yaw110_pitch+070,110,70,142.573,89.863,32.573
yaw110_pitch+075,110,75,142.035,89.388,32.035
yaw110_pitch+080,110,80,139.646,90.000,29.646
yaw110_pitch+085,110,85,138.616,90.000,28.616
yaw110_pitch+090,110,90,139.596,89.734,29.596
yaw115_pitch-090,115,-90,87.283,-83.292,27.717
yaw115_pitch-085,115,-85,89.442,-81.100,25.558
yaw115_pitch-080,115,-80,93.047,-76.378,21.953
yaw115_pitch-075,115,-75,97.867,-74.712,17.133
yaw115_pitch-070,115,-70,102.360,-71.912,12.640
yaw115_pitch-065,115,-65,104.623,-73.297,10.377
yaw115_pitch-060,115,-60,110.213,-74.316,4.787
yaw115_pitch-055,115,-55,118.891,-72.736,3.891
yaw115_pitch-050,115,-50,121.492,-73.566,6.492
yaw115_pitch-045,115,-45,122.378,-71.810,7.378
yaw115_pitch-040,115,-40,125.615,-72.965,10.615
yaw115_pitch-035,115,-35,129.888,-60.695,14.888
yaw115_pitch-030,115,-30,133.874,-20.483,18.874
yaw115_pitch-025,115,-25,132.592,4.968,17.592
yaw115_pitch-020,115,-20,134.043,45.958,19.043
yaw115_pitch-015,115,-15,129.682,59.750,14.682
yaw115_pitch-010,115,-10,126.018,63.937,11.018
yaw115_pitch-005,115,-5,123.399,68.158,8.399
yaw115_pitch+000,115,0,121.297,70.797,6.297
yaw115_pitch+005,115,5,121.286,72.803,6.286
yaw115_pitch+010,115,10,116.087,78.102,1.087
yaw115_pitch+015,115,15,113.269,81.646,1.731
yaw115_pitch+020,115,20,110.472,85.408,4.528
yaw115_pitch+025,115,25,110.392,85.816,4.608
yaw115_pitch+030,115,30,110.614,85.237,4.386
yaw115_pitch+035,115,35,114.675,84.279,0.325
yaw115_pitch+040,115,40,119.225,82.779,4.225
yaw115_pitch+045,115,45,123.297,81.444,8.297
yaw115_pitch+050,115,50,130.549,81.487,15.549
yaw115_pitch+055,115,55,137.632,82.238,22.632
yaw115_pitch+060,115,60,144.841,82.697,29.841
yaw115_pitch+065,115,65,149.196,83.332,34.196
yaw115_pitch+070,115,70,151.498,86.548,36.498
yaw115_pitch+075,115,75,153.230,90.000,38.230
yaw115_pitch+080,115,80,143.620,89.926,28.620
yaw115_pitch+085,115,85,140.435,90.000,25.435
yaw115_pitch+090,115,90,141.656,90.000,26.656
yaw120_pitch-090,120,-90,88.345,-85.230,31.655
yaw120_pitch-085,120,-85,95.536,-85.241,24.464
yaw120_pitch-080,120,-80,101.717,-80.984,18.283
yaw120_pitch-075,120,-75,106.679,-79.608,13.321
yaw120_pitch-070,120,-70,113.662,-79.203,6.338
yaw120_pitch-065,120,-65,118.052,-79.045,1.948
yaw120_pitch-060,120,-60,122.633,-77.143,2.633
yaw120_pitch-055,120,-55,123.597,-76.889,3.597
yaw120_pitch-050,120,-50,127.961,-75.329,7.961
yaw120_pitch-045,120,-45,128.658,-76.756,8.658
yaw120_pitch-040,120,-40,133.048,-75.611,13.048
yaw120_pitch-035,120,-35,135.612,-63.450,15.612
yaw120_pitch-030,120,-30,139.959,-12.817,19.959
yaw120_pitch-025,120,-25,139.306,19.629,19.306
yaw120_pitch-020,120,-20,138.429,45.497,18.429
yaw120_pitch-015,120,-15,133.595,65.031,13.595
yaw120_pitch-010,120,-10,132.865,66.699,12.865
yaw120_pitch-005,120,-5,129.599,72.750,9.599
yaw120_pitch+000,120,0,127.686,73.738,7.686
yaw120_pitch+005,120,5,122.962,75.162,2.962
yaw120_pitch+010,120,10,114.734,79.326,5.266
yaw120_pitch+015,120,15,106.854,84.055,13.146
yaw120_pitch+020,120,20,103.511,85.061,16.489
yaw120_pitch+025,120,25,102.106,85.189,17.894
yaw120_pitch+030,120,30,105.959,85.812,14.041
yaw120_pitch+035,120,35,109.865,83.940,10.135
yaw120_pitch+040,120,40,117.451,82.781,2.549
yaw120_pitch+045,120,45,124.040,81.748,4.040
yaw120_pitch+050,120,50,131.405,81.509,11.405
yaw120_pitch+055,120,55,139.253,80.506,19.253
yaw120_pitch+060,120,60,149.633,81.929,29.633
yaw120_pitch+065,120,65,153.193,82.599,33.193
yaw120_pitch+070,120,70,155.194,84.998,35.194
yaw120_pitch+075,120,75,156.319,89.037,36.319
yaw120_pitch+080,120,80,149.721,89.620,29.721
yaw120_pitch+085,120,85,140.532,90.000,20.532
yaw120_pitch+090,120,90,141.499,90.000,21.499
yaw125_pitch-090,125,-90,91.583,-79.690,33.417
yaw125_pitch-085,125,-85,99.472,-79.898,25.528
yaw125_pitch-080,125,-80,105.166,-78.440,19.834
yaw125_pitch-075,125,-75,110.453,-78.210,14.547
yaw125_pitch-070,125,-70,113.807,-74.624,11.193
yaw125_pitch-065,125,-65,116.919,-73.738,8.081
yaw125_pitch-060,125,-60,120.328,-72.671,4.672
yaw125_pitch-055,125,-55,123.020,-71.037,1.980
yaw125_pitch-050,125,-50,127.117,-71.121,2.117
yaw125_pitch-045,125,-45,131.347,-66.458,6.347
yaw125_pitch-040,125,-40,135.747,-63.027,10.747
yaw125_pitch-035,125,-35,139.591,-42.326,14.591
yaw125_pitch-030,125,-30,142.236,-0.878,17.236
yaw125_pitch-025,125,-25,143.132,38.693,18.132
yaw125_pitch-020,125,-20,143.564,52.979,18.564
yaw125_pitch-015,125,-15,142.000,61.921,17.000
yaw125_pitch-010,125,-10,137.784,70.252,12.784
yaw125_pitch-005,125,-5,131.677,75.050,6.677
yaw125_pitch+000,125,0,128.116,76.991,3.116
yaw125_pitch+005,125,5,112.629,85.773,12.371
yaw125_pitch+010,125,10,106.549,85.691,18.451
yaw125_pitch+015,125,15,102.542,85.376,22.458
yaw125_pitch+020,125,20,99.221,85.806,25.779
yaw125_pitch+025,125,25,99.601,84.990,25.399
yaw125_pitch+030,125,30,103.521,85.015,21.479
yaw125_pitch+035,125,35,109.657,83.153,15.343
yaw125_pitch+040,125,40,114.629,83.906,10.371
yaw125_pitch+045,125,45,121.748,82.965,3.252
yaw125_pitch+050,125,50,135.258,79.224,10.258
yaw125_pitch+055,125,55,142.496,79.813,17.496
yaw125_pitch+060,125,60,148.232,81.209,23.232
yaw125_pitch+065,125,65,156.154,81.871,31.154
yaw125_pitch+070,125,70,156.970,82.836,31.970
yaw125_pitch+075,125,75,159.029,87.171,34.029
yaw125_pitch+080,125,80,155.594,88.232,30.594
yaw125_pitch+085,125,85,150.112,89.668,25.112
yaw125_pitch+090,125,90,150.257,90.000,25.257
yaw130_pitch-090,130,-90,102.965,-82.661,27.035
yaw130_pitch-085,130,-85,106.038,-78.684,23.962
yaw130_pitch-080,130,-80,108.965,-77.579,21.035
yaw130_pitch-075,130,-75,113.243,-71.127,16.757
yaw130_pitch-070,130,-70,113.700,-71.755,16.300
yaw130_pitch-065,130,-65,118.714,-71.934,11.286
yaw130_pitch-060,130,-60,122.325,-69.738,7.675
yaw130_pitch-055,130,-55,125.794,-69.278,4.206
yaw130_pitch-050,130,-50,129.130,-66.004,0.870
yaw130_pitch-045,130,-45,135.343,-59.394,5.343
yaw130_pitch-040,130,-40,138.674,-46.841,8.674
yaw130_pitch-035,130,-35,144.164,-20.414,14.164
yaw130_pitch-030,130,-30,148.390,32.694,18.390
yaw130_pitch-025,130,-25,151.745,44.649,21.745
yaw130_pitch-020,130,-20,152.613,54.561,22.613
yaw130_pitch-015,130,-15,147.798,61.482,17.798
yaw130_pitch-010,130,-10,139.333,71.671,9.333
yaw130_pitch-005,130,-5,131.404,78.968,1.404
yaw130_pitch+000,130,0,113.360,88.846,16.640
yaw130_pitch+005,130,5,107.758,90.000,22.242
yaw130_pitch+010,130,10,103.139,89.843,26.861
yaw130_pitch+015,130,15,97.595,86.355,32.405
yaw130_pitch+020,130,20,95.674,85.596,34.326
yaw130_pitch+025,130,25,97.676,85.986,32.324
yaw130_pitch+030,130,30,103.156,86.061,26.844
yaw130_pitch+035,130,35,108.726,84.116,21.274
yaw130_pitch+040,130,40,113.679,84.244,16.321
yaw130_pitch+045,130,45,126.005,82.920,3.995
yaw130_pitch+050,130,50,141.634,78.986,11.634
yaw130_pitch+055,130,55,147.640,78.754,17.640
yaw130_pitch+060,130,60,154.167,79.249,24.167
yaw130_pitch+065,130,65,160.274,80.171,30.274
yaw130_pitch+070,130,70,161.117,81.752,31.117
yaw130_pitch+075,130,75,166.706,86.448,36.706
yaw130_pitch+080,130,80,160.628,86.640,30.628
yaw130_pitch+085,130,85,163.176,89.257,33.176
yaw130_pitch+090,130,90,156.396,90.000,26.396
yaw135_pitch-090,135,-90,105.965,-82.106,29.035
yaw135_pitch-085,135,-85,108.304,-83.201,26.696
yaw135_pitch-080,135,-80,112.205,-76.707,22.795
yaw135_pitch-075,135,-75,114.704,-73.556,20.296
yaw135_pitch-070,135,-70,117.567,-70.400,17.433
yaw135_pitch-065,135,-65,119.233,-72.066,15.767
yaw135_pitch-060,135,-60,122.161,-72.507,12.839
yaw135_pitch-055,135,-55,127.370,-67.084,7.630
yaw135_pitch-050,135,-50,132.934,-62.255,2.066
yaw135_pitch-045,135,-45,137.587,-51.915,2.587
yaw135_pitch-040,135,-40,145.117,-20.178,10.117
yaw135_pitch-035,135,-35,151.130,19.357,16.130
yaw135_pitch-030,135,-30,160.160,41.178,25.160
yaw135_pitch-025,135,-25,157.708,51.985,22.708
yaw135_pitch-020,135,-20,152.626,56.607,17.626
yaw135_pitch-015,135,-15,147.725,63.133,12.725
yaw135_pitch-010,135,-10,140.893,67.444,5.893
yaw135_pitch-005,135,-5,131.608,78.216,3.392
yaw135_pitch+000,135,0,108.188,90.000,26.812
yaw135_pitch+005,135,5,98.169,90.000,36.831
yaw135_pitch+010,135,10,88.914,90.000,46.086
yaw135_pitch+015,135,15,86.623,90.000,48.377
yaw135_pitch+020,135,20,89.953,87.011,45.047
yaw135_pitch+025,135,25,96.114,84.976,38.886
yaw135_pitch+030,135,30,102.690,86.727,32.310
yaw135_pitch+035,135,35,112.436,84.476,22.564
yaw135_pitch+040,135,40,122.461,86.062,12.539
yaw135_pitch+045,135,45,139.278,81.305,4.278
yaw135_pitch+050,135,50,145.999,77.690,10.999
yaw135_pitch+055,135,55,150.405,77.828,15.405
yaw135_pitch+060,135,60,157.163,78.848,22.163
yaw135_pitch+065,135,65,159.620,77.751,24.620
yaw135_pitch+070,135,70,162.866,80.056,27.866
yaw135_pitch+075,135,75,168.774,83.812,33.774
yaw135_pitch+080,135,80,166.738,88.219,31.738
yaw135_pitch+085,135,85,165.890,90.000,30.890
yaw135_pitch+090,135,90,163.039,90.000,28.039
yaw140_pitch-090,140,-90,110.167,-81.156,29.833
yaw140_pitch-085,140,-85,113.357,-81.269,26.643
yaw140_pitch-080,140,-80,114.954,-80.335,25.046
yaw140_pitch-075,140,-75,116.635,-76.163,23.365
yaw140_pitch-070,140,-70,117.884,-72.816,22.116
yaw140_pitch-065,140,-65,121.526,-71.002,18.474
yaw140_pitch-060,140,-60,124.882,-69.972,15.118
yaw140_pitch-055,140,-55,130.326,-64.135,9.674
yaw140_pitch-050,140,-50,135.890,-61.020,4.110
yaw140_pitch-045,140,-45,143.865,-35.144,3.865
yaw140_pitch-040,140,-40,152.164,-6.639,12.164
yaw140_pitch-035,140,-35,156.088,29.898,16.088
yaw140_pitch-030,140,-30,157.450,46.468,17.450
yaw140_pitch-025,140,-25,156.055,51.413,16.055
yaw140_pitch-020,140,-20,154.448,55.369,14.448
yaw140_pitch-015,140,-15,149.259,62.075,9.259
yaw140_pitch-010,140,-10,143.612,67.025,3.612
yaw140_pitch-005,140,-5,133.537,75.838,6.463
yaw140_pitch+000,140,0,108.270,90.000,31.730
yaw140_pitch+005,140,5,103.691,90.000,36.309
yaw140_pitch+010,140,10,99.461,90.000,40.539
yaw140_pitch+015,140,15,91.833,90.000,48.167
yaw140_pitch+020,140,20,92.368,90.000,47.632
yaw140_pitch+025,140,25,93.676,88.269,46.324
yaw140_pitch+030,140,30,106.363,88.109,33.637
yaw140_pitch+035,140,35,117.616,85.721,22.384
yaw140_pitch+040,140,40,131.487,82.774,8.513
yaw140_pitch+045,140,45,148.125,77.984,8.125
yaw140_pitch+050,140,50,153.704,77.041,13.704
yaw140_pitch+055,140,55,156.912,76.223,16.912
yaw140_pitch+060,140,60,160.018,76.932,20.018
yaw140_pitch+065,140,65,164.225,78.890,24.225
yaw140_pitch+070,140,70,167.094,80.417,27.094
yaw140_pitch+075,140,75,173.772,84.533,33.772
yaw140_pitch+080,140,80,171.916,86.444,31.916
yaw140_pitch+085,140,85,171.344,88.534,31.344
yaw140_pitch+090,140,90,172.934,88.520,32.934
yaw145_pitch-090,145,-90,114.520,-77.885,30.480
yaw145_pitch-085,145,-85,116.264,-80.298,28.736
yaw145_pitch-080,145,-80,115.617,-79.267,29.383
yaw145_pitch-075,145,-75,117.320,-77.641,27.680
yaw145_pitch-070,145,-70,119.735,-74.933,25.265
yaw145_pitch-065,145,-65,122.119,-73.901,22.881
yaw145_pitch-060,145,-60,130.273,-70.242,14.727
yaw145_pitch-055,145,-55,135.182,-68.024,9.818
yaw145_pitch-050,145,-50,139.784,-57.901,5.216
yaw145_pitch-045,145,-45,143.281,-38.050,1.719
yaw145_pitch-040,145,-40,148.803,-1.559,3.803
yaw145_pitch-035,145,-35,152.232,36.442,7.232
yaw145_pitch-030,145,-30,154.790,49.242,9.790
yaw145_pitch-025,145,-25,156.185,53.738,11.185
yaw145_pitch-020,145,-20,153.867,58.155,8.867
yaw145_pitch-015,145,-15,150.991,61.758,5.991
yaw145_pitch-010,145,-10,145.691,67.627,0.691
yaw145_pitch-005,145,-5,136.572,75.674,8.428
yaw145_pitch+000,145,0,117.143,86.070,27.857
yaw145_pitch+005,145,5,104.778,90.000,40.222
yaw145_pitch+010,145,10,84.848,90.000,60.152
yaw145_pitch+015,145,15,81.298,90.000,63.702
yaw145_pitch+020,145,20,89.179,90.000,55.821
yaw145_pitch+025,145,25,100.296,90.000,44.704
yaw145_pitch+030,145,30,111.689,88.754,33.311
yaw145_pitch+035,145,35,127.558,82.581,17.442
yaw145_pitch+040,145,40,139.433,78.786,5.567
yaw145_pitch+045,145,45,153.803,75.368,8.803
yaw145_pitch+050,145,50,160.335,74.021,15.335
yaw145_pitch+055,145,55,164.305,73.892,19.305
yaw145_pitch+060,145,60,166.865,74.663,21.865
yaw145_pitch+065,145,65,171.138,76.576,26.138
yaw145_pitch+070,145,70,174.496,79.695,29.496
yaw145_pitch+075,145,75,177.986,84.251,32.986
yaw145_pitch+080,145,80,178.139,86.479,33.139
yaw145_pitch+085,145,85,178.257,86.650,33.257
yaw145_pitch+090,145,90,178.312,86.549,33.312
yaw150_pitch-090,150,-90,118.773,-83.264,31.227
yaw150_pitch-085,150,-85,120.227,-84.318,29.773
yaw150_pitch-080,150,-80,121.367,-80.905,28.633
yaw150_pitch-075,150,-75,121.440,-80.413,28.560
yaw150_pitch-070,150,-70,121.453,-80.736,28.547
yaw150_pitch-065,150,-65,121.458,-79.692,28.542
yaw150_pitch-060,150,-60,123.597,-79.763,26.403
yaw150_pitch-055,150,-55,129.074,-77.596,20.926
yaw150_pitch-050,150,-50,135.177,-67.278,14.823
yaw150_pitch-045,150,-45,140.901,-22.723,9.099
yaw150_pitch-040,150,-40,144.936,12.596,5.064
yaw150_pitch-035,150,-35,148.898,44.906,1.102
yaw150_pitch-030,150,-30,152.192,52.721,2.192
yaw150_pitch-025,150,-25,153.962,55.410,3.962
yaw150_pitch-020,150,-20,155.377,57.558,5.377
yaw150_pitch-015,150,-15,153.936,61.666,3.936
yaw150_pitch-010,150,-10,154.147,62.913,4.147
yaw150_pitch-005,150,-5,145.186,72.178,4.814
yaw150_pitch+000,150,0,129.258,85.103,20.742
yaw150_pitch+005,150,5,107.435,90.000,42.565
yaw150_pitch+010,150,10,93.169,90.000,56.831
yaw150_pitch+015,150,15,92.534,90.000,57.466
yaw150_pitch+020,150,20,97.616,90.000,52.384
yaw150_pitch+025,150,25,103.505,90.000,46.495
yaw150_pitch+030,150,30,128.233,84.619,21.767
yaw150_pitch+035,150,35,143.444,77.069,6.556
yaw150_pitch+040,150,40,152.707,76.821,2.707
yaw150_pitch+045,150,45,167.651,72.094,17.651
yaw150_pitch+050,150,50,171.551,70.039,21.551
yaw150_pitch+055,150,55,173.222,71.669,23.222
yaw150_pitch+060,150,60,177.143,72.749,27.143
yaw150_pitch+065,150,65,178.045,75.044,28.045
yaw150_pitch+070,150,70,183.399,79.022,33.399
yaw150_pitch+075,150,75,186.600,84.204,36.600
yaw150_pitch+080,150,80,183.364,86.406,33.364
yaw150_pitch+085,150,85,185.101,87.636,35.101
yaw150_pitch+090,150,90,182.333,88.452,32.333
yaw155_pitch-090,155,-90,121.013,-84.321,33.987
yaw155_pitch-085,155,-85,124.977,-82.707,30.023
yaw155_pitch-080,155,-80,123.394,-81.465,31.606
yaw155_pitch-075,155,-75,123.964,-80.307,31.036
yaw155_pitch-070,155,-70,124.441,-80.864,30.559
yaw155_pitch-065,155,-65,121.627,-83.882,33.373
yaw155_pitch-060,155,-60,121.701,-83.466,33.299
yaw155_pitch-055,155,-55,126.326,-79.360,28.674
yaw155_pitch-050,155,-50,132.399,-73.387,22.601
yaw155_pitch-045,155,-45,137.187,-44.496,17.813
yaw155_pitch-040,155,-40,142.661,23.476,12.339
yaw155_pitch-035,155,-35,146.246,51.039,8.754
yaw155_pitch-030,155,-30,150.661,52.629,4.339
yaw155_pitch-025,155,-25,155.102,56.472,0.102
yaw155_pitch-020,155,-20,159.448,58.123,4.448
yaw155_pitch-015,155,-15,156.628,64.720,1.628
yaw155_pitch-010,155,-10,159.872,65.622,4.872
yaw155_pitch-005,155,-5,157.897,66.950,2.897
yaw155_pitch+000,155,0,150.232,76.469,4.768
yaw155_pitch+005,155,5,136.444,90.000,18.556
yaw155_pitch+010,155,10,122.796,90.000,32.204
yaw155_pitch+015,155,15,114.551,90.000,40.449
yaw155_pitch+020,155,20,112.663,90.000,42.337
yaw155_pitch+025,155,25,128.999,90.000,26.001
yaw155_pitch+030,155,30,155.780,82.822,0.780
yaw155_pitch+035,155,35,160.075,75.501,5.075
yaw155_pitch+040,155,40,168.916,71.871,13.916
yaw155_pitch+045,155,45,177.039,69.398,22.039
yaw155_pitch+050,155,50,179.683,68.290,24.683
yaw155_pitch+055,155,55,182.600,69.681,27.600
yaw155_pitch+060,155,60,182.981,70.373,27.981
yaw155_pitch+065,155,65,183.702,73.096,28.702
yaw155_pitch+070,155,70,185.985,77.542,30.985
yaw155_pitch+075,155,75,189.841,82.349,34.841
yaw155_pitch+080,155,80,189.692,86.193,34.692
yaw155_pitch+085,155,85,186.825,88.451,31.825
yaw155_pitch+090,155,90,184.265,88.362,29.265
yaw160_pitch-090,160,-90,127.774,-81.921,32.226
yaw160_pitch-085,160,-85,129.703,-85.326,30.297
yaw160_pitch-080,160,-80,129.581,-81.202,30.419
yaw160_pitch-075,160,-75,129.357,-79.175,30.643
yaw160_pitch-070,160,-70,125.869,-81.753,34.131
yaw160_pitch-065,160,-65,121.941,-84.710,38.059
yaw160_pitch-060,160,-60,120.774,-87.424,39.226
yaw160_pitch-055,160,-55,123.803,-84.302,36.197
yaw160_pitch-050,160,-50,129.805,-80.317,30.195
yaw160_pitch-045,160,-45,135.163,-47.851,24.837
yaw160_pitch-040,160,-40,141.626,38.384,18.374
yaw160_pitch-035,160,-35,147.762,46.585,12.238
yaw160_pitch-030,160,-30,150.707,55.223,9.293
yaw160_pitch-025,160,-25,155.222,58.038,4.778
yaw160_pitch-020,160,-20,159.070,59.196,0.930
yaw160_pitch-015,160,-15,161.236,64.392,1.236
yaw160_pitch-010,160,-10,164.098,67.032,4.098
yaw160_pitch-005,160,-5,167.918,66.896,7.918
yaw160_pitch+000,160,0,165.530,71.302,5.530
yaw160_pitch+005,160,5,160.197,79.777,0.197
yaw160_pitch+010,160,10,151.278,87.323,8.722
yaw160_pitch+015,160,15,137.363,90.000,22.637
yaw160_pitch+020,160,20,150.354,90.000,9.646
yaw160_pitch+025,160,25,167.642,82.362,7.642
yaw160_pitch+030,160,30,170.834,80.991,10.834
yaw160_pitch+035,160,35,174.359,73.352,14.359
yaw160_pitch+040,160,40,180.542,69.720,20.542
yaw160_pitch+045,160,45,186.860,66.328,26.860
yaw160_pitch+050,160,50,187.490,67.249,27.490
yaw160_pitch+055,160,55,188.983,68.947,28.983
yaw160_pitch+060,160,60,189.620,70.652,29.620
yaw160_pitch+065,160,65,189.569,73.237,29.569
yaw160_pitch+070,160,70,192.253,78.065,32.253
yaw160_pitch+075,160,75,192.819,82.398,32.819
yaw160_pitch+080,160,80,192.190,85.628,32.190
yaw160_pitch+085,160,85,193.443,87.913,33.443
yaw160_pitch+090,160,90,193.679,90.000,33.679
yaw165_pitch-090,165,-90,136.618,-86.591,28.382
yaw165_pitch-085,165,-85,133.730,-83.491,31.270
yaw165_pitch-080,165,-80,133.382,-82.514,31.618
yaw165_pitch-075,165,-75,129.333,-79.257,35.667
yaw165_pitch-070,165,-70,127.398,-79.708,37.602
yaw165_pitch-065,165,-65,126.511,-82.824,38.489
yaw165_pitch-060,165,-60,121.988,-86.814,43.012
yaw165_pitch-055,165,-55,122.793,-90.000,42.207
yaw165_pitch-050,165,-50,127.367,-86.378,37.633
yaw165_pitch-045,165,-45,134.498,-65.368,30.502
yaw165_pitch-040,165,-40,140.349,46.944,24.651
yaw165_pitch-035,165,-35,147.566,49.495,17.434
yaw165_pitch-030,165,-30,152.038,56.137,12.962
yaw165_pitch-025,165,-25,156.934,59.210,8.066
yaw165_pitch-020,165,-20,159.811,61.561,5.189
yaw165_pitch-015,165,-15,164.839,64.970,0.161
yaw165_pitch-010,165,-10,168.999,65.428,3.999
yaw165_pitch-005,165,-5,172.361,65.300,7.361
yaw165_pitch+000,165,0,174.598,65.474,9.598
yaw165_pitch+005,165,5,175.439,69.955,10.439
yaw165_pitch+010,165,10,177.204,74.128,12.204
yaw165_pitch+015,165,15,170.672,83.969,5.672
yaw165_pitch+020,165,20,179.702,84.005,14.702
yaw165_pitch+025,165,25,185.841,77.026,20.841
yaw165_pitch+030,165,30,188.844,72.177,23.844
yaw165_pitch+035,165,35,196.427,68.920,31.427
yaw165_pitch+040,165,40,196.387,65.474,31.387
yaw165_pitch+045,165,45,195.785,63.549,30.785
yaw165_pitch+050,165,50,194.676,65.955,29.676
yaw165_pitch+055,165,55,197.751,68.016,32.751
yaw165_pitch+060,165,60,196.770,70.170,31.770
yaw165_pitch+065,165,65,195.421,73.042,30.421
yaw165_pitch+070,165,70,197.400,77.796,32.400
yaw165_pitch+075,165,75,197.991,82.241,32.991
yaw165_pitch+080,165,80,197.812,86.172,32.812
yaw165_pitch+085,165,85,196.385,88.453,31.385
yaw165_pitch+090,165,90,197.242,90.000,32.242
yaw170_pitch-090,170,-90,136.396,-84.210,33.604
yaw170_pitch-085,170,-85,137.677,-86.268,32.323
yaw170_pitch-080,170,-80,140.113,-82.681,29.887
yaw170_pitch-075,170,-75,138.199,-82.075,31.801
yaw170_pitch-070,170,-70,131.703,-79.386,38.297
yaw170_pitch-065,170,-65,126.347,-80.788,43.653
yaw170_pitch-060,170,-60,125.109,-83.383,44.891
yaw170_pitch-055,170,-55,125.789,-87.416,44.211
yaw170_pitch-050,170,-50,129.120,-87.145,40.880
yaw170_pitch-045,170,-45,135.635,-73.251,34.365
yaw170_pitch-040,170,-40,141.024,43.149,28.976
yaw170_pitch-035,170,-35,146.133,53.079,23.867
yaw170_pitch-030,170,-30,152.181,58.410,17.819
yaw170_pitch-025,170,-25,157.044,58.499,12.956
yaw170_pitch-020,170,-20,161.161,62.479,8.839
yaw170_pitch-015,170,-15,167.350,62.742,2.650
yaw170_pitch-010,170,-10,173.616,61.228,3.616
yaw170_pitch-005,170,-5,179.439,62.534,9.439
yaw170_pitch+000,170,0,182.684,64.822,12.684
yaw170_pitch+005,170,5,186.836,68.952,16.836
yaw170_pitch+010,170,10,192.246,68.780,22.246
yaw170_pitch+015,170,15,193.309,71.887,23.309
yaw170_pitch+020,170,20,197.763,73.431,27.763
yaw170_pitch+025,170,25,201.408,72.675,31.408
yaw170_pitch+030,170,30,203.364,69.073,33.364
yaw170_pitch+035,170,35,206.383,64.927,36.383
yaw170_pitch+040,170,40,204.976,63.277,34.976
yaw170_pitch+045,170,45,204.451,63.756,34.451
yaw170_pitch+050,170,50,203.139,66.912,33.139
yaw170_pitch+055,170,55,202.802,68.285,32.802
yaw170_pitch+060,170,60,201.085,70.234,31.085
yaw170_pitch+065,170,65,200.756,73.026,30.756
yaw170_pitch+070,170,70,201.610,78.379,31.610
yaw170_pitch+075,170,75,200.926,81.949,30.926
yaw170_pitch+080,170,80,202.757,86.745,32.757
yaw170_pitch+085,170,85,201.899,88.810,31.899
yaw170_pitch+090,170,90,204.136,90.000,34.136
yaw175_pitch-090,175,-90,141.959,-84.989,33.041
yaw175_pitch-085,175,-85,150.280,-83.347,24.720
yaw175_pitch-080,175,-80,155.226,-83.461,19.774
yaw175_pitch-075,175,-75,152.123,-81.158,22.877
yaw175_pitch-070,175,-70,141.511,-79.280,33.489
yaw175_pitch-065,175,-65,133.984,-79.861,41.016
yaw175_pitch-060,175,-60,131.157,-79.648,43.843
yaw175_pitch-055,175,-55,130.671,-85.552,44.329
yaw175_pitch-050,175,-50,135.790,-85.003,39.210
yaw175_pitch-045,175,-45,140.096,-70.728,34.904
yaw175_pitch-040,175,-40,144.624,49.247,30.376
yaw175_pitch-035,175,-35,148.601,51.977,26.399
yaw175_pitch-030,175,-30,153.133,60.757,21.867
yaw175_pitch-025,175,-25,159.386,61.429,15.614
yaw175_pitch-020,175,-20,165.611,60.786,9.389
yaw175_pitch-015,175,-15,171.349,61.536,3.651
yaw175_pitch-010,175,-10,176.322,61.351,1.322
yaw175_pitch-005,175,-5,184.086,63.031,9.086
yaw175_pitch+000,175,0,189.399,62.959,14.399
yaw175_pitch+005,175,5,194.858,64.878,19.858
yaw175_pitch+010,175,10,199.810,66.435,24.810
yaw175_pitch+015,175,15,200.168,70.328,25.168
yaw175_pitch+020,175,20,204.316,68.954,29.316
yaw175_pitch+025,175,25,207.374,67.918,32.374
yaw175_pitch+030,175,30,209.318,70.068,34.318
yaw175_pitch+035,175,35,211.849,64.259,36.849
yaw175_pitch+040,175,40,210.678,63.809,35.678
yaw175_pitch+045,175,45,210.557,65.248,35.557
yaw175_pitch+050,175,50,210.554,67.529,35.554
yaw175_pitch+055,175,55,209.196,69.924,34.196
yaw175_pitch+060,175,60,208.741,71.522,33.741
yaw175_pitch+065,175,65,206.118,72.842,31.118
yaw175_pitch+070,175,70,205.431,77.078,30.431
yaw175_pitch+075,175,75,206.023,81.209,31.023
yaw175_pitch+080,175,80,205.594,84.959,30.594
yaw175_pitch+085,175,85,207.515,90.000,32.515
yaw175_pitch+090,175,90,208.487,90.000,33.487
yaw180_pitch-090,180,-90,154.175,-82.177,25.825
yaw180_pitch-085,180,-85,159.990,-82.925,20.010
yaw180_pitch-080,180,-80,170.950,-79.275,9.050
yaw180_pitch-075,180,-75,168.119,-79.193,11.881
yaw180_pitch-070,180,-70,155.997,-79.681,24.003
yaw180_pitch-065,180,-65,145.264,-75.597,34.736
yaw180_pitch-060,180,-60,145.541,-79.795,34.459
yaw180_pitch-055,180,-55,139.739,-81.662,40.261
yaw180_pitch-050,180,-50,143.005,-79.997,36.995
yaw180_pitch-045,180,-45,143.838,-66.974,36.162
yaw180_pitch-040,180,-40,146.880,42.185,33.120
yaw180_pitch-035,180,-35,150.399,55.587,29.601
yaw180_pitch-030,180,-30,155.881,58.555,24.119
yaw180_pitch-025,180,-25,160.904,61.617,19.096
yaw180_pitch-020,180,-20,166.557,60.879,13.443
yaw180_pitch-015,180,-15,173.199,60.875,6.801
yaw180_pitch-010,180,-10,180.732,61.234,0.732
yaw180_pitch-005,180,-5,189.152,61.037,9.152
yaw180_pitch+000,180,0,195.961,62.074,15.961
yaw180_pitch+005,180,5,199.600,63.539,19.600
yaw180_pitch+010,180,10,202.144,66.005,22.144
yaw180_pitch+015,180,15,204.520,69.352,24.520
yaw180_pitch+020,180,20,208.327,65.491,28.327
yaw180_pitch+025,180,25,210.961,67.428,30.961
yaw180_pitch+030,180,30,213.479,67.967,33.479
yaw180_pitch+035,180,35,215.301,63.445,35.301
yaw180_pitch+040,180,40,215.041,65.517,35.041
yaw180_pitch+045,180,45,215.922,65.973,35.922
yaw180_pitch+050,180,50,215.886,67.534,35.886
yaw180_pitch+055,180,55,214.881,69.439,34.881
yaw180_pitch+060,180,60,214.769,72.188,34.769
yaw180_pitch+065,180,65,212.525,74.149,32.525
yaw180_pitch+070,180,70,212.694,77.874,32.694
yaw180_pitch+075,180,75,212.676,82.792,32.676
yaw180_pitch+080,180,80,211.304,85.233,31.304
yaw180_pitch+085,180,85,211.390,89.879,31.390
yaw180_pitch+090,180,90,208.806,90.000,28.806
yaw185_pitch-090,185,-90,156.789,-83.061,28.211
yaw185_pitch-085,185,-85,159.926,-88.559,25.074
yaw185_pitch-080,185,-80,173.274,-85.532,11.726
yaw185_pitch-075,185,-75,170.800,-78.843,14.200
yaw185_pitch-070,185,-70,165.447,-75.380,19.553
yaw185_pitch-065,185,-65,157.658,-77.229,27.342
yaw185_pitch-060,185,-60,158.664,-76.238,26.336
yaw185_pitch-055,185,-55,153.224,-77.233,31.776
yaw185_pitch-050,185,-50,148.875,-74.328,36.125
yaw185_pitch-045,185,-45,148.881,-65.145,36.119
yaw185_pitch-040,185,-40,150.377,34.993,34.623
yaw185_pitch-035,185,-35,153.487,58.846,31.513
yaw185_pitch-030,185,-30,156.342,65.360,28.658
yaw185_pitch-025,185,-25,162.919,62.314,22.081
yaw185_pitch-020,185,-20,168.960,63.384,16.040
yaw185_pitch-015,185,-15,177.735,62.131,7.265
yaw185_pitch-010,185,-10,184.090,61.073,0.910
yaw185_pitch-005,185,-5,192.405,62.417,7.405
yaw185_pitch+000,185,0,197.847,61.786,12.847
yaw185_pitch+005,185,5,201.764,63.921,16.764
yaw185_pitch+010,185,10,205.462,65.328,20.462
yaw185_pitch+015,185,15,207.318,68.496,22.318
yaw185_pitch+020,185,20,211.452,68.996,26.452
yaw185_pitch+025,185,25,212.978,66.954,27.978
yaw185_pitch+030,185,30,215.279,64.837,30.279
yaw185_pitch+035,185,35,216.637,65.223,31.637
yaw185_pitch+040,185,40,218.042,67.072,33.042
yaw185_pitch+045,185,45,218.964,65.090,33.964
yaw185_pitch+050,185,50,218.863,66.498,33.863
yaw185_pitch+055,185,55,218.833,70.160,33.833
yaw185_pitch+060,185,60,217.905,73.524,32.905
yaw185_pitch+065,185,65,217.254,75.248,32.254
yaw185_pitch+070,185,70,216.947,78.538,31.947
yaw185_pitch+075,185,75,217.171,84.262,32.171
yaw185_pitch+080,185,80,217.315,86.682,32.315
yaw185_pitch+085,185,85,217.516,90.000,32.516
yaw185_pitch+090,185,90,217.207,90.000,32.207
yaw190_pitch-090,190,-90,161.518,-85.791,28.482
yaw190_pitch-085,190,-85,162.279,-84.548,27.721
yaw190_pitch-080,190,-80,164.542,-85.053,25.458
yaw190_pitch-075,190,-75,166.707,-77.097,23.293
yaw190_pitch-070,190,-70,167.115,-77.454,22.885
yaw190_pitch-065,190,-65,167.112,-74.721,22.888
yaw190_pitch-060,190,-60,165.290,-69.871,24.710
yaw190_pitch-055,190,-55,163.974,-67.158,26.026
yaw190_pitch-050,190,-50,159.321,-63.070,30.679
yaw190_pitch-045,190,-45,156.140,-30.402,33.860
yaw190_pitch-040,190,-40,154.566,32.059,35.434
yaw190_pitch-035,190,-35,156.565,56.879,33.435
yaw190_pitch-030,190,-30,162.051,64.650,27.949
yaw190_pitch-025,190,-25,165.517,64.178,24.483
yaw190_pitch-020,190,-20,171.549,66.302,18.451
yaw190_pitch-015,190,-15,183.115,62.908,6.885
yaw190_pitch-010,190,-10,188.467,64.009,1.533
yaw190_pitch-005,190,-5,195.273,62.603,5.273
yaw190_pitch+000,190,0,198.848,63.452,8.848
yaw190_pitch+005,190,5,201.825,66.131,11.825
yaw190_pitch+010,190,10,204.849,68.156,14.849
yaw190_pitch+015,190,15,207.614,72.152,17.614
yaw190_pitch+020,190,20,212.054,69.927,22.054
yaw190_pitch+025,190,25,215.589,68.031,25.589
yaw190_pitch+030,190,30,217.438,66.365,27.438
yaw190_pitch+035,190,35,218.288,65.811,28.288
yaw190_pitch+040,190,40,220.234,66.280,30.234
yaw190_pitch+045,190,45,220.274,64.514,30.274
yaw190_pitch+050,190,50,220.456,67.176,30.456
yaw190_pitch+055,190,55,221.018,70.338,31.018
yaw190_pitch+060,190,60,220.292,72.279,30.292
yaw190_pitch+065,190,65,220.069,75.864,30.069
yaw190_pitch+070,190,70,219.736,79.372,29.736
yaw190_pitch+075,190,75,219.674,84.084,29.674
yaw190_pitch+080,190,80,219.986,87.881,29.986
yaw190_pitch+085,190,85,220.481,90.000,30.481
yaw190_pitch+090,190,90,222.811,90.000,32.811
yaw195_pitch-090,195,-90,166.765,-89.294,28.235
yaw195_pitch-085,195,-85,168.018,-84.432,26.982
yaw195_pitch-080,195,-80,168.134,-77.713,26.866
yaw195_pitch-075,195,-75,169.411,-71.734,25.589
yaw195_pitch-070,195,-70,169.627,-66.796,25.373
yaw195_pitch-065,195,-65,172.231,-68.870,22.769
yaw195_pitch-060,195,-60,171.730,-68.458,23.270
yaw195_pitch-055,195,-55,173.157,-63.128,21.843
yaw195_pitch-050,195,-50,167.708,-49.405,27.292
yaw195_pitch-045,195,-45,163.963,4.082,31.037
yaw195_pitch-040,195,-40,162.581,43.066,32.419
yaw195_pitch-035,195,-35,161.686,60.110,33.314
yaw195_pitch-030,195,-30,164.044,66.917,30.956
yaw195_pitch-025,195,-25,171.771,71.883,23.229
yaw195_pitch-020,195,-20,175.805,72.315,19.195
yaw195_pitch-015,195,-15,184.430,69.700,10.570
yaw195_pitch-010,195,-10,190.595,67.164,4.405
yaw195_pitch-005,195,-5,196.889,64.319,1.889
yaw195_pitch+000,195,0,199.761,66.080,4.761
yaw195_pitch+005,195,5,203.106,66.946,8.106
yaw195_pitch+010,195,10,204.311,72.566,9.311
yaw195_pitch+015,195,15,208.252,74.679,13.252
yaw195_pitch+020,195,20,211.927,71.874,16.927
yaw195_pitch+025,195,25,215.121,70.883,20.121
yaw195_pitch+030,195,30,217.967,68.660,22.967
yaw195_pitch+035,195,35,219.499,65.951,24.499
yaw195_pitch+040,195,40,221.064,66.173,26.064
yaw195_pitch+045,195,45,221.668,66.041,26.668
yaw195_pitch+050,195,50,221.735,68.042,26.735
yaw195_pitch+055,195,55,222.103,70.654,27.103
yaw195_pitch+060,195,60,221.869,73.906,26.869
yaw195_pitch+065,195,65,221.335,77.194,26.335
yaw195_pitch+070,195,70,221.074,80.637,26.074
yaw195_pitch+075,195,75,220.770,85.208,25.770
yaw195_pitch+080,195,80,221.379,85.889,26.379
yaw195_pitch+085,195,85,223.182,90.000,28.182
yaw195_pitch+090,195,90,226.454,90.000,31.454
yaw200_pitch-090,200,-90,175.710,-88.388,24.290
yaw200_pitch-085,200,-85,173.279,-86.696,26.721
yaw200_pitch-080,200,-80,174.088,-78.112,25.912
yaw200_pitch-075,200,-75,174.722,-69.809,25.278
yaw200_pitch-070,200,-70,177.744,-61.316,22.256
yaw200_pitch-065,200,-65,177.078,-69.142,22.922
yaw200_pitch-060,200,-60,177.199,-65.473,22.801
yaw200_pitch-055,200,-55,178.500,-61.632,21.500
yaw200_pitch-050,200,-50,179.458,-45.967,20.542
yaw200_pitch-045,200,-45,177.111,2.563,22.889
yaw200_pitch-040,200,-40,177.237,35.998,22.763
yaw200_pitch-035,200,-35,175.419,56.876,24.581
yaw200_pitch-030,200,-30,177.851,61.482,22.149
yaw200_pitch-025,200,-25,179.861,74.523,20.139
yaw200_pitch-020,200,-20,184.240,72.553,15.760
yaw200_pitch-015,200,-15,190.194,71.583,9.806
yaw200_pitch-010,200,-10,195.094,70.448,4.906
yaw200_pitch-005,200,-5,198.762,69.919,1.238
yaw200_pitch+000,200,0,200.700,68.722,0.700
yaw200_pitch+005,200,5,205.515,67.569,5.515
yaw200_pitch+010,200,10,205.158,73.078,5.158
yaw200_pitch+015,200,15,207.832,76.225,7.832
yaw200_pitch+020,200,20,212.223,74.050,12.223
yaw200_pitch+025,200,25,215.250,72.360,15.250
yaw200_pitch+030,200,30,217.615,69.762,17.615
yaw200_pitch+035,200,35,219.490,67.945,19.490
yaw200_pitch+040,200,40,221.505,67.096,21.505
yaw200_pitch+045,200,45,221.867,67.701,21.867
yaw200_pitch+050,200,50,222.302,69.027,22.302
yaw200_pitch+055,200,55,222.227,72.521,22.227
yaw200_pitch+060,200,60,222.283,75.671,22.283
yaw200_pitch+065,200,65,222.488,78.864,22.488
yaw200_pitch+070,200,70,222.312,82.346,22.312
yaw200_pitch+075,200,75,221.919,83.875,21.919
yaw200_pitch+080,200,80,223.436,87.616,23.436
yaw200_pitch+085,200,85,226.610,90.000,26.610
yaw200_pitch+090,200,90,229.728,90.000,29.728
yaw205_pitch-090,205,-90,184.654,-87.309,20.346
yaw205_pitch-085,205,-85,180.170,-84.034,24.830
yaw205_pitch-080,205,-80,178.699,-77.762,26.301
yaw205_pitch-075,205,-75,180.672,-73.571,24.328
yaw205_pitch-070,205,-70,183.089,-66.499,21.911
yaw205_pitch-065,205,-65,187.282,-67.423,17.718
yaw205_pitch-060,205,-60,185.133,-62.982,19.867
yaw205_pitch-055,205,-55,184.197,-57.935,20.803
yaw205_pitch-050,205,-50,184.160,-37.655,20.840
yaw205_pitch-045,205,-45,187.350,2.247,17.650
yaw205_pitch-040,205,-40,190.723,22.510,14.277
yaw205_pitch-035,205,-35,192.927,51.739,12.073
yaw205_pitch-030,205,-30,192.840,56.380,12.160
yaw205_pitch-025,205,-25,192.477,71.819,12.523
yaw205_pitch-020,205,-20,195.551,74.710,9.449
yaw205_pitch-015,205,-15,199.851,73.816,5.149
yaw205_pitch-010,205,-10,200.651,72.263,4.349
yaw205_pitch-005,205,-5,201.826,71.050,3.174
yaw205_pitch+000,205,0,203.548,70.514,1.452
yaw205_pitch+005,205,5,206.292,72.554,1.292
yaw205_pitch+010,205,10,206.465,76.085,1.465
yaw205_pitch+015,205,15,208.778,77.013,3.778
yaw205_pitch+020,205,20,212.602,75.885,7.602
yaw205_pitch+025,205,25,215.301,74.568,10.301
yaw205_pitch+030,205,30,217.363,72.053,12.363
yaw205_pitch+035,205,35,219.480,69.739,14.480
yaw205_pitch+040,205,40,221.377,69.659,16.377
yaw205_pitch+045,205,45,221.948,68.661,16.948
yaw205_pitch+050,205,50,222.638,71.138,17.638
yaw205_pitch+055,205,55,223.089,74.177,18.089
yaw205_pitch+060,205,60,223.417,76.827,18.417
yaw205_pitch+065,205,65,224.014,81.832,19.014
yaw205_pitch+070,205,70,224.397,84.738,19.397
yaw205_pitch+075,205,75,224.544,85.322,19.544
yaw205_pitch+080,205,80,227.310,86.878,22.310
yaw205_pitch+085,205,85,231.301,90.000,26.301
yaw205_pitch+090,205,90,235.269,90.000,30.269
yaw210_pitch-090,210,-90,186.224,-85.401,23.776
yaw210_pitch-085,210,-85,183.979,-81.334,26.021
yaw210_pitch-080,210,-80,185.632,-76.579,24.368
yaw210_pitch-075,210,-75,183.888,-73.631,26.112
yaw210_pitch-070,210,-70,187.261,-70.289,22.739
yaw210_pitch-065,210,-65,189.209,-64.343,20.791
yaw210_pitch-060,210,-60,192.039,-61.549,17.961
yaw210_pitch-055,210,-55,192.750,-57.667,17.250
yaw210_pitch-050,210,-50,192.178,-41.345,17.822
yaw210_pitch-045,210,-45,196.998,-22.156,13.002
yaw210_pitch-040,210,-40,198.049,26.217,11.951
yaw210_pitch-035,210,-35,199.114,39.149,10.886
yaw210_pitch-030,210,-30,199.982,52.543,10.018
yaw210_pitch-025,210,-25,200.650,67.713,9.350
yaw210_pitch-020,210,-20,200.690,73.440,9.310
yaw210_pitch-015,210,-15,202.566,77.082,7.434
yaw210_pitch-010,210,-10,205.612,74.450,4.388
yaw210_pitch-005,210,-5,205.541,71.384,4.459
yaw210_pitch+000,210,0,206.697,72.283,3.303
yaw210_pitch+005,210,5,208.072,74.097,1.928
yaw210_pitch+010,210,10,209.515,76.365,0.485
yaw210_pitch+015,210,15,211.324,76.582,1.324
yaw210_pitch+020,210,20,214.529,74.995,4.529
yaw210_pitch+025,210,25,215.382,74.272,5.382
yaw210_pitch+030,210,30,217.131,73.094,7.131
yaw210_pitch+035,210,35,219.738,70.329,9.738
yaw210_pitch+040,210,40,221.533,70.783,11.533
yaw210_pitch+045,210,45,222.962,70.584,12.962
yaw210_pitch+050,210,50,223.868,72.516,13.868
yaw210_pitch+055,210,55,224.055,76.213,14.055
yaw210_pitch+060,210,60,225.227,78.913,15.227
yaw210_pitch+065,210,65,226.222,84.019,16.222
yaw210_pitch+070,210,70,227.286,85.763,17.286
yaw210_pitch+075,210,75,229.476,86.367,19.476
yaw210_pitch+080,210,80,232.895,87.368,22.895
yaw210_pitch+085,210,85,235.968,90.000,25.968
yaw210_pitch+090,210,90,244.250,90.000,34.250
yaw215_pitch-090,215,-90,190.688,-89.549,24.312
yaw215_pitch-085,215,-85,189.513,-81.500,25.487
yaw215_pitch-080,215,-80,187.806,-76.109,27.194
yaw215_pitch-075,215,-75,191.259,-72.339,23.741
yaw215_pitch-070,215,-70,193.400,-68.476,21.600
yaw215_pitch-065,215,-65,194.643,-66.830,20.357
yaw215_pitch-060,215,-60,197.756,-61.032,17.244
yaw215_pitch-055,215,-55,199.934,-49.797,15.066
yaw215_pitch-050,215,-50,200.752,-45.137,14.248
yaw215_pitch-045,215,-45,202.280,-13.843,12.720
yaw215_pitch-040,215,-40,204.332,15.669,10.668
yaw215_pitch-035,215,-35,205.110,38.022,9.890
yaw215_pitch-030,215,-30,204.413,49.738,10.587
yaw215_pitch-025,215,-25,205.661,60.452,9.339
yaw215_pitch-020,215,-20,205.629,69.409,9.371
yaw215_pitch-015,215,-15,205.979,73.532,9.021
yaw215_pitch-010,215,-10,207.292,74.125,7.708
yaw215_pitch-005,215,-5,208.472,73.264,6.528
yaw215_pitch+000,215,0,209.612,74.191,5.388
yaw215_pitch+005,215,5,211.669,74.406,3.331
yaw215_pitch+010,215,10,213.150,74.046,1.850
yaw215_pitch+015,215,15,215.067,74.552,0.067
yaw215_pitch+020,215,20,218.198,73.733,3.198
yaw215_pitch+025,215,25,218.382,73.410,3.382
yaw215_pitch+030,215,30,220.101,73.217,5.101
yaw215_pitch+035,215,35,222.584,71.917,7.584
yaw215_pitch+040,215,40,224.689,71.951,9.689
yaw215_pitch+045,215,45,225.548,70.058,10.548
yaw215_pitch+050,215,50,227.002,73.239,12.002
yaw215_pitch+055,215,55,226.856,78.199,11.856
yaw215_pitch+060,215,60,228.233,80.975,13.233
yaw215_pitch+065,215,65,230.659,86.283,15.659
yaw215_pitch+070,215,70,231.107,86.283,16.107
yaw215_pitch+075,215,75,235.212,88.370,20.212
yaw215_pitch+080,215,80,238.251,89.642,23.251
yaw215_pitch+085,215,85,242.052,90.000,27.052
yaw215_pitch+090,215,90,247.260,90.000,32.260
yaw220_pitch-090,220,-90,192.867,-87.292,27.133
yaw220_pitch-085,220,-85,193.354,-83.643,26.646
yaw220_pitch-080,220,-80,193.671,-77.335,26.329
yaw220_pitch-075,220,-75,193.695,-72.188,26.305
yaw220_pitch-070,220,-70,198.386,-68.921,21.614
yaw220_pitch-065,220,-65,199.446,-69.791,20.554
yaw220_pitch-060,220,-60,202.395,-63.187,17.605
yaw220_pitch-055,220,-55,203.927,-50.654,16.073
yaw220_pitch-050,220,-50,206.998,-45.056,13.002
yaw220_pitch-045,220,-45,207.878,-19.741,12.122
yaw220_pitch-040,220,-40,207.843,7.001,12.157
yaw220_pitch-035,220,-35,209.023,31.766,10.977
yaw220_pitch-030,220,-30,209.535,46.164,10.465
yaw220_pitch-025,220,-25,209.618,58.347,10.382
yaw220_pitch-020,220,-20,209.097,65.215,10.903
yaw220_pitch-015,220,-15,209.860,69.030,10.140
yaw220_pitch-010,220,-10,210.476,70.698,9.524
yaw220_pitch-005,220,-5,211.108,71.373,8.892
yaw220_pitch+000,220,0,212.915,71.754,7.085
yaw220_pitch+005,220,5,214.938,72.012,5.062
yaw220_pitch+010,220,10,217.105,72.477,2.895
yaw220_pitch+015,220,15,219.178,74.013,0.822
yaw220_pitch+020,220,20,221.374,74.555,1.374
yaw220_pitch+025,220,25,222.473,73.167,2.473
yaw220_pitch+030,220,30,223.555,71.474,3.555
yaw220_pitch+035,220,35,225.951,71.901,5.951
yaw220_pitch+040,220,40,228.191,71.357,8.191
yaw220_pitch+045,220,45,230.252,70.678,10.252
yaw220_pitch+050,220,50,231.099,73.258,11.099
yaw220_pitch+055,220,55,232.160,78.554,12.160
yaw220_pitch+060,220,60,234.325,80.892,14.325
yaw220_pitch+065,220,65,234.656,87.523,14.656
yaw220_pitch+070,220,70,237.139,88.916,17.139
yaw220_pitch+075,220,75,241.142,88.133,21.142
yaw220_pitch+080,220,80,244.445,89.156,24.445
yaw220_pitch+085,220,85,247.812,90.000,27.812
yaw220_pitch+090,220,90,247.807,90.000,27.807
yaw225_pitch-090,225,-90,200.561,-87.069,24.439
yaw225_pitch-085,225,-85,199.638,-84.199,25.362
yaw225_pitch-080,225,-80,198.725,-78.361,26.275
yaw225_pitch-075,225,-75,200.998,-71.014,24.002
yaw225_pitch-070,225,-70,201.913,-69.637,23.087
yaw225_pitch-065,225,-65,203.655,-68.700,21.345
yaw225_pitch-060,225,-60,205.824,-61.890,19.176
yaw225_pitch-055,225,-55,207.081,-52.583,17.919
yaw225_pitch-050,225,-50,210.044,-38.595,14.956
yaw225_pitch-045,225,-45,211.209,-10.639,13.791
yaw225_pitch-040,225,-40,212.437,5.875,12.563
yaw225_pitch-035,225,-35,213.072,25.667,11.928
yaw225_pitch-030,225,-30,213.417,40.887,11.583
yaw225_pitch-025,225,-25,213.963,53.404,11.037
yaw225_pitch-020,225,-20,213.945,61.730,11.055
yaw225_pitch-015,225,-15,214.023,66.116,10.977
yaw225_pitch-010,225,-10,215.173,68.711,9.827
yaw225_pitch-005,225,-5,216.841,68.860,8.159
yaw225_pitch+000,225,0,218.827,69.393,6.173
yaw225_pitch+005,225,5,220.295,69.142,4.705
yaw225_pitch+010,225,10,222.237,70.389,2.763
yaw225_pitch+015,225,15,223.024,72.239,1.976
yaw225_pitch+020,225,20,225.152,72.474,0.152
yaw225_pitch+025,225,25,226.228,73.468,1.228
yaw225_pitch+030,225,30,227.863,72.363,2.863
yaw225_pitch+035,225,35,230.634,71.842,5.634
yaw225_pitch+040,225,40,233.482,71.323,8.482
yaw225_pitch+045,225,45,235.204,70.937,10.204
yaw225_pitch+050,225,50,235.057,73.772,10.057
yaw225_pitch+055,225,55,236.823,79.172,11.823
yaw225_pitch+060,225,60,238.262,81.477,13.262
yaw225_pitch+065,225,65,241.301,86.487,16.301
yaw225_pitch+070,225,70,244.361,88.404,19.361
yaw225_pitch+075,225,75,250.898,87.650,25.898
yaw225_pitch+080,225,80,254.618,88.904,29.618
yaw225_pitch+085,225,85,259.150,90.000,34.150
yaw225_pitch+090,225,90,253.510,90.000,28.510
yaw230_pitch-090,230,-90,205.207,-89.740,24.793
yaw230_pitch-085,230,-85,203.988,-82.374,26.012
yaw230_pitch-080,230,-80,203.948,-79.311,26.052
yaw230_pitch-075,230,-75,205.201,-74.784,24.799
yaw230_pitch-070,230,-70,207.609,-70.019,22.391
yaw230_pitch-065,230,-65,208.348,-65.521,21.652
yaw230_pitch-060,230,-60,210.175,-59.982,19.825
yaw230_pitch-055,230,-55,211.839,-55.714,18.161
yaw230_pitch-050,230,-50,212.800,-44.659,17.200
yaw230_pitch-045,230,-45,214.399,-18.483,15.601
yaw230_pitch-040,230,-40,216.137,4.378,13.863
yaw230_pitch-035,230,-35,216.630,21.572,13.370
yaw230_pitch-030,230,-30,216.742,34.729,13.258
yaw230_pitch-025,230,-25,217.613,49.862,12.387
yaw230_pitch-020,230,-20,219.030,58.737,10.970
yaw230_pitch-015,230,-15,219.863,63.389,10.137
yaw230_pitch-010,230,-10,220.822,66.593,9.178
yaw230_pitch-005,230,-5,221.688,66.980,8.312
yaw230_pitch+000,230,0,223.311,68.150,6.689
yaw230_pitch+005,230,5,223.868,68.635,6.132
yaw230_pitch+010,230,10,225.653,69.657,4.347
yaw230_pitch+015,230,15,228.308,71.868,1.692
yaw230_pitch+020,230,20,231.201,71.906,1.201
yaw230_pitch+025,230,25,231.584,71.925,1.584
yaw230_pitch+030,230,30,233.487,71.830,3.487
yaw230_pitch+035,230,35,235.254,71.770,5.254
yaw230_pitch+040,230,40,237.124,70.563,7.124
yaw230_pitch+045,230,45,241.133,70.344,11.133
yaw230_pitch+050,230,50,241.407,72.221,11.407
yaw230_pitch+055,230,55,243.025,76.269,13.025
yaw230_pitch+060,230,60,246.007,79.344,16.007
yaw230_pitch+065,230,65,249.188,84.951,19.188
yaw230_pitch+070,230,70,251.612,85.408,21.612
yaw230_pitch+075,230,75,256.635,84.583,26.635
yaw230_pitch+080,230,80,258.285,89.528,28.285
yaw230_pitch+085,230,85,260.547,90.000,30.547
yaw230_pitch+090,230,90,262.564,90.000,32.564
yaw235_pitch-090,235,-90,206.061,-90.000,28.939
yaw235_pitch-085,235,-85,207.699,-84.126,27.301
yaw235_pitch-080,235,-80,208.204,-80.966,26.796
yaw235_pitch-075,235,-75,209.296,-77.972,25.704
yaw235_pitch-070,235,-70,210.675,-72.156,24.325
yaw235_pitch-065,235,-65,212.646,-66.938,22.354
yaw235_pitch-060,235,-60,213.845,-58.966,21.155
yaw235_pitch-055,235,-55,215.212,-55.933,19.788
yaw235_pitch-050,235,-50,216.678,-45.389,18.322
yaw235_pitch-045,235,-45,217.669,-23.677,17.331
yaw235_pitch-040,235,-40,218.397,-4.109,16.603
yaw235_pitch-035,235,-35,219.804,20.067,15.196
yaw235_pitch-030,235,-30,220.439,34.301,14.561
yaw235_pitch-025,235,-25,221.920,47.664,13.080
yaw235_pitch-020,235,-20,223.423,57.863,11.577
yaw235_pitch-015,235,-15,224.247,61.110,10.753
yaw235_pitch-010,235,-10,226.665,63.555,8.335
yaw235_pitch-005,235,-5,227.488,63.965,7.512
yaw235_pitch+000,235,0,228.800,65.143,6.200
yaw235_pitch+005,235,5,230.295,67.000,4.705
yaw235_pitch+010,235,10,232.329,68.012,2.671
yaw235_pitch+015,235,15,235.799,70.584,0.799
yaw235_pitch+020,235,20,240.030,70.754,5.030
yaw235_pitch+025,235,25,238.538,72.875,3.538
yaw235_pitch+030,235,30,239.680,70.903,4.680
yaw235_pitch+035,235,35,242.167,70.974,7.167
yaw235_pitch+040,235,40,245.414,69.414,10.414
yaw235_pitch+045,235,45,245.611,68.316,10.611
yaw235_pitch+050,235,50,248.648,70.547,13.648
yaw235_pitch+055,235,55,248.970,74.125,13.970
yaw235_pitch+060,235,60,252.003,75.496,17.003
yaw235_pitch+065,235,65,255.085,81.651,20.085
yaw235_pitch+070,235,70,257.951,81.921,22.951
yaw235_pitch+075,235,75,260.410,83.608,25.410
yaw235_pitch+080,235,80,262.504,88.074,27.504
yaw235_pitch+085,235,85,264.942,90.000,29.942
yaw235_pitch+090,235,90,265.433,90.000,30.433
yaw240_pitch-090,240,-90,213.093,-87.535,26.907
yaw240_pitch-085,240,-85,213.327,-83.717,26.673
yaw240_pitch-080,240,-80,213.116,-81.659,26.884
yaw240_pitch-075,240,-75,213.786,-79.742,26.214
yaw240_pitch-070,240,-70,214.240,-73.001,25.760
yaw240_pitch-065,240,-65,215.551,-66.915,24.449
yaw240_pitch-060,240,-60,216.692,-67.489,23.308
yaw240_pitch-055,240,-55,218.705,-48.062,21.295
yaw240_pitch-050,240,-50,219.229,-47.252,20.771
yaw240_pitch-045,240,-45,219.521,-23.715,20.479
yaw240_pitch-040,240,-40,220.717,-3.808,19.283
yaw240_pitch-035,240,-35,221.825,12.780,18.175
yaw240_pitch-030,240,-30,223.941,27.694,16.059
yaw240_pitch-025,240,-25,225.658,44.948,14.342
yaw240_pitch-020,240,-20,227.833,54.523,12.167
yaw240_pitch-015,240,-15,229.548,61.478,10.452
yaw240_pitch-010,240,-10,232.219,62.653,7.781
yaw240_pitch-005,240,-5,233.076,63.079,6.924
yaw240_pitch+000,240,0,236.372,64.616,3.628
yaw240_pitch+005,240,5,236.035,66.020,3.965
yaw240_pitch+010,240,10,238.113,66.760,1.887
yaw240_pitch+015,240,15,242.054,68.866,2.054
yaw240_pitch+020,240,20,243.719,69.173,3.719
yaw240_pitch+025,240,25,245.036,70.699,5.036
yaw240_pitch+030,240,30,245.977,69.869,5.977
yaw240_pitch+035,240,35,244.733,68.262,4.733
yaw240_pitch+040,240,40,248.262,67.819,8.262
yaw240_pitch+045,240,45,249.517,67.161,9.517
yaw240_pitch+050,240,50,250.430,68.202,10.430
yaw240_pitch+055,240,55,253.059,70.527,13.059
yaw240_pitch+060,240,60,255.265,73.205,15.265
yaw240_pitch+065,240,65,258.848,78.216,18.848
yaw240_pitch+070,240,70,260.170,79.713,20.170
yaw240_pitch+075,240,75,265.143,84.893,25.143
yaw240_pitch+080,240,80,266.602,86.988,26.602
yaw240_pitch+085,240,85,268.972,90.000,28.972
yaw240_pitch+090,240,90,275.982,90.000,35.982
yaw245_pitch-090,245,-90,219.379,-89.434,25.621
yaw245_pitch-085,245,-85,217.986,-85.344,27.014
yaw245_pitch-080,245,-80,218.183,-81.883,26.817
yaw245_pitch-075,245,-75,218.286,-78.599,26.714
yaw245_pitch-070,245,-70,219.047,-76.466,25.953
yaw245_pitch-065,245,-65,219.802,-70.127,25.198
yaw245_pitch-060,245,-60,220.627,-65.202,24.373
yaw245_pitch-055,245,-55,221.640,-54.618,23.360
yaw245_pitch-050,245,-50,221.982,-42.229,23.018
yaw245_pitch-045,245,-45,222.901,-17.070,22.099
yaw245_pitch-040,245,-40,223.611,-5.945,21.389
yaw245_pitch-035,245,-35,226.214,10.230,18.786
yaw245_pitch-030,245,-30,227.060,25.453,17.940
yaw245_pitch-025,245,-25,229.209,40.819,15.791
yaw245_pitch-020,245,-20,231.750,53.482,13.250
yaw245_pitch-015,245,-15,234.825,60.609,10.175
yaw245_pitch-010,245,-10,237.200,63.321,7.800
yaw245_pitch-005,245,-5,239.418,63.354,5.582
yaw245_pitch+000,245,0,240.985,64.251,4.015
yaw245_pitch+005,245,5,241.723,64.812,3.277
yaw245_pitch+010,245,10,243.567,65.793,1.433
yaw245_pitch+015,245,15,244.674,67.774,0.326
yaw245_pitch+020,245,20,245.601,68.069,0.601
yaw245_pitch+025,245,25,247.425,69.391,2.425
yaw245_pitch+030,245,30,247.883,68.522,2.883
yaw245_pitch+035,245,35,249.504,68.086,4.504
yaw245_pitch+040,245,40,251.085,66.679,6.085
yaw245_pitch+045,245,45,252.349,64.938,7.349
yaw245_pitch+050,245,50,256.351,66.355,11.351
yaw245_pitch+055,245,55,258.088,68.062,13.088
yaw245_pitch+060,245,60,261.222,70.732,16.222
yaw245_pitch+065,245,65,262.301,76.823,17.301
yaw245_pitch+070,245,70,266.004,80.181,21.004
yaw245_pitch+075,245,75,270.985,86.074,25.985
yaw245_pitch+080,245,80,272.932,87.314,27.932
yaw245_pitch+085,245,85,275.768,90.000,30.768
yaw245_pitch+090,245,90,277.899,90.000,32.899
yaw250_pitch-090,250,-90,224.080,-89.147,25.920
yaw250_pitch-085,250,-85,222.604,-82.479,27.396
yaw250_pitch-080,250,-80,222.562,-83.558,27.438
yaw250_pitch-075,250,-75,223.059,-81.354,26.941
yaw250_pitch-070,250,-70,222.759,-76.381,27.241
yaw250_pitch-065,250,-65,223.002,-76.203,26.998
yaw250_pitch-060,250,-60,224.728,-70.345,25.272
yaw250_pitch-055,250,-55,225.439,-71.421,24.561
yaw250_pitch-050,250,-50,226.229,-47.321,23.771
yaw250_pitch-045,250,-45,227.698,-28.486,22.302
yaw250_pitch-040,250,-40,227.955,5.386,22.045
yaw250_pitch-035,250,-35,228.916,14.110,21.084
yaw250_pitch-030,250,-30,231.415,24.534,18.585
yaw250_pitch-025,250,-25,235.680,39.335,14.320
yaw250_pitch-020,250,-20,236.648,51.114,13.352
yaw250_pitch-015,250,-15,240.413,59.780,9.587
yaw250_pitch-010,250,-10,243.044,62.053,6.956
yaw250_pitch-005,250,-5,244.261,63.438,5.739
yaw250_pitch+000,250,0,244.257,63.391,5.743
yaw250_pitch+005,250,5,245.285,64.940,4.715
yaw250_pitch+010,250,10,244.628,65.122,5.372
yaw250_pitch+015,250,15,247.221,67.844,2.779
yaw250_pitch+020,250,20,247.940,68.634,2.060
yaw250_pitch+025,250,25,249.251,69.181,0.749
yaw250_pitch+030,250,30,249.759,68.421,0.241
yaw250_pitch+035,250,35,252.545,68.236,2.545
yaw250_pitch+040,250,40,254.533,64.480,4.533
yaw250_pitch+045,250,45,256.400,64.295,6.400
yaw250_pitch+050,250,50,260.709,65.103,10.709
yaw250_pitch+055,250,55,262.690,65.545,12.690
yaw250_pitch+060,250,60,264.208,69.080,14.208
yaw250_pitch+065,250,65,267.067,74.999,17.067
yaw250_pitch+070,250,70,269.831,79.000,19.831
yaw250_pitch+075,250,75,272.028,83.055,22.028
yaw250_pitch+080,250,80,274.027,87.025,24.027
yaw250_pitch+085,250,85,279.658,90.000,29.658
yaw250_pitch+090,250,90,281.448,90.000,31.448
yaw255_pitch-090,255,-90,229.324,-88.623,25.676
yaw255_pitch-085,255,-85,228.569,-86.630,26.431
yaw255_pitch-080,255,-80,227.552,-83.386,27.448
yaw255_pitch-075,255,-75,226.624,-83.400,28.376
yaw255_pitch-070,255,-70,227.720,-78.906,27.280
yaw255_pitch-065,255,-65,227.448,-79.204,27.552
yaw255_pitch-060,255,-60,228.229,-75.454,26.771
yaw255_pitch-055,255,-55,229.979,-63.646,25.021
yaw255_pitch-050,255,-50,230.980,-52.823,24.020
yaw255_pitch-045,255,-45,231.241,-26.819,23.759
yaw255_pitch-040,255,-40,233.966,-2.189,21.034
yaw255_pitch-035,255,-35,233.018,17.283,21.982
yaw255_pitch-030,255,-30,235.368,26.247,19.632
yaw255_pitch-025,255,-25,238.733,38.239,16.267
yaw255_pitch-020,255,-20,244.145,49.397,10.855
yaw255_pitch-015,255,-15,245.912,59.307,9.088
yaw255_pitch-010,255,-10,249.514,61.307,5.486
yaw255_pitch-005,255,-5,250.341,62.424,4.659
yaw255_pitch+000,255,0,250.450,62.814,4.550
yaw255_pitch+005,255,5,247.999,63.756,7.001
yaw255_pitch+010,255,10,246.997,64.679,8.003
yaw255_pitch+015,255,15,249.568,66.619,5.432
yaw255_pitch+020,255,20,250.095,67.280,4.905
yaw255_pitch+025,255,25,252.031,67.903,2.969
yaw255_pitch+030,255,30,254.645,68.270,0.355
yaw255_pitch+035,255,35,255.797,66.492,0.797
yaw255_pitch+040,255,40,259.125,65.006,4.125
yaw255_pitch+045,255,45,261.579,64.105,6.579
yaw255_pitch+050,255,50,264.871,64.335,9.871
yaw255_pitch+055,255,55,265.449,64.303,10.449
yaw255_pitch+060,255,60,267.161,68.091,12.161
yaw255_pitch+065,255,65,268.233,72.225,13.233
yaw255_pitch+070,255,70,271.960,77.892,16.960
yaw255_pitch+075,255,75,276.451,83.597,21.451
yaw255_pitch+080,255,80,281.106,89.438,26.106
yaw255_pitch+085,255,85,283.994,90.000,28.994
yaw255_pitch+090,255,90,288.450,90.000,33.450
yaw260_pitch-090,260,-90,233.455,-90.000,26.545
yaw260_pitch-085,260,-85,232.003,-87.767,27.997
yaw260_pitch-080,260,-80,230.965,-86.660,29.035
yaw260_pitch-075,260,-75,229.230,-84.834,30.770
yaw260_pitch-070,260,-70,231.692,-83.688,28.308
yaw260_pitch-065,260,-65,232.492,-79.354,27.508
yaw260_pitch-060,260,-60,233.792,-76.489,26.208
yaw260_pitch-055,260,-55,234.242,-69.782,25.758
yaw260_pitch-050,260,-50,234.984,-45.827,25.016
yaw260_pitch-045,260,-45,235.122,-33.823,24.878
yaw260_pitch-040,260,-40,236.242,-3.980,23.758
yaw260_pitch-035,260,-35,236.487,15.899,23.513
yaw260_pitch-030,260,-30,238.464,29.636,21.536
yaw260_pitch-025,260,-25,243.345,43.838,16.655
yaw260_pitch-020,260,-20,248.875,55.397,11.125
yaw260_pitch-015,260,-15,252.763,59.266,7.237
yaw260_pitch-010,260,-10,259.715,60.846,0.285
yaw260_pitch-005,260,-5,258.302,62.269,1.698
yaw260_pitch+000,260,0,256.739,62.431,3.261
yaw260_pitch+005,260,5,255.018,63.190,4.982
yaw260_pitch+010,260,10,250.732,63.905,9.268
yaw260_pitch+015,260,15,251.236,64.623,8.764
yaw260_pitch+020,260,20,252.059,65.998,7.941
yaw260_pitch+025,260,25,254.480,67.038,5.520
yaw260_pitch+030,260,30,257.285,67.456,2.715
yaw260_pitch+035,260,35,259.938,65.747,0.062
yaw260_pitch+040,260,40,261.603,63.162,1.603
yaw260_pitch+045,260,45,263.004,63.008,3.004
yaw260_pitch+050,260,50,264.871,63.050,4.871
yaw260_pitch+055,260,55,267.339,63.210,7.339
yaw260_pitch+060,260,60,269.226,66.106,9.226
yaw260_pitch+065,260,65,269.767,71.962,9.767
yaw260_pitch+070,260,70,274.480,78.546,14.480
yaw260_pitch+075,260,75,279.798,85.421,19.798
yaw260_pitch+080,260,80,283.992,90.000,23.992
yaw260_pitch+085,260,85,286.698,90.000,26.698
yaw260_pitch+090,260,90,294.240,90.000,34.240
yaw265_pitch-090,265,-90,236.806,-89.354,28.194
yaw265_pitch-085,265,-85,234.777,-88.790,30.223
yaw265_pitch-080,265,-80,233.133,-88.858,31.867
yaw265_pitch-075,265,-75,234.847,-87.488,30.153
yaw265_pitch-070,265,-70,234.962,-87.023,30.038
yaw265_pitch-065,265,-65,236.302,-82.856,28.698
yaw265_pitch-060,265,-60,236.696,-79.942,28.304
yaw265_pitch-055,265,-55,237.871,-71.600,27.129
yaw265_pitch-050,265,-50,240.233,-63.591,24.767
yaw265_pitch-045,265,-45,239.155,-15.331,25.845
yaw265_pitch-040,265,-40,238.207,1.695,26.793
yaw265_pitch-035,265,-35,240.040,21.566,24.960
yaw265_pitch-030,265,-30,241.629,32.668,23.371
yaw265_pitch-025,265,-25,243.195,47.650,21.805
yaw265_pitch-020,265,-20,250.646,56.344,14.354
yaw265_pitch-015,265,-15,254.290,59.413,10.710
yaw265_pitch-010,265,-10,262.786,60.880,2.214
yaw265_pitch-005,265,-5,265.419,61.977,0.419
yaw265_pitch+000,265,0,266.166,62.967,1.166
yaw265_pitch+005,265,5,263.839,63.059,1.161
yaw265_pitch+010,265,10,260.548,65.082,4.452
yaw265_pitch+015,265,15,258.678,65.344,6.322
yaw265_pitch+020,265,20,259.030,66.626,5.970
yaw265_pitch+025,265,25,260.596,66.327,4.404
yaw265_pitch+030,265,30,263.191,67.074,1.809
yaw265_pitch+035,265,35,264.674,65.069,0.326
yaw265_pitch+040,265,40,264.831,62.814,0.169
yaw265_pitch+045,265,45,265.492,61.756,0.492
yaw265_pitch+050,265,50,266.681,61.896,1.681
yaw265_pitch+055,265,55,268.236,61.803,3.236
yaw265_pitch+060,265,60,270.033,65.215,5.033
yaw265_pitch+065,265,65,272.412,71.654,7.412
yaw265_pitch+070,265,70,274.467,77.874,9.467
yaw265_pitch+075,265,75,284.379,87.342,19.379
yaw265_pitch+080,265,80,285.548,87.362,20.548
yaw265_pitch+085,265,85,293.423,90.000,28.423
yaw265_pitch+090,265,90,299.018,90.000,34.018
yaw270_pitch-090,270,-90,237.253,-88.891,32.747
yaw270_pitch-085,270,-85,236.348,-88.748,33.652
yaw270_pitch-080,270,-80,235.401,-88.616,34.599
yaw270_pitch-075,270,-75,237.611,-87.742,32.389
yaw270_pitch-070,270,-70,238.371,-86.204,31.629
yaw270_pitch-065,270,-65,240.747,-82.732,29.253
yaw270_pitch-060,270,-60,242.615,-79.405,27.385
yaw270_pitch-055,270,-55,244.115,-69.232,25.885
yaw270_pitch-050,270,-50,244.428,-61.330,25.572
yaw270_pitch-045,270,-45,243.172,-35.915,26.828
yaw270_pitch-040,270,-40,242.632,15.471,27.368
yaw270_pitch-035,270,-35,241.844,26.569,28.156
yaw270_pitch-030,270,-30,244.898,35.146,25.102
yaw270_pitch-025,270,-25,247.032,48.771,22.968
yaw270_pitch-020,270,-20,249.031,54.794,20.969
yaw270_pitch-015,270,-15,257.496,59.013,12.504
yaw270_pitch-010,270,-10,263.541,60.446,6.459
yaw270_pitch-005,270,-5,269.314,61.763,0.686
yaw270_pitch+000,270,0,274.721,62.642,4.721
yaw270_pitch+005,270,5,273.817,63.191,3.817
yaw270_pitch+010,270,10,273.473,64.726,3.473
yaw270_pitch+015,270,15,270.102,65.105,0.102
yaw270_pitch+020,270,20,267.972,66.425,2.028
yaw270_pitch+025,270,25,268.819,65.795,1.181
yaw270_pitch+030,270,30,266.721,66.629,3.279
yaw270_pitch+035,270,35,269.032,64.816,0.968
yaw270_pitch+040,270,40,268.064,62.334,1.936
yaw270_pitch+045,270,45,267.014,61.813,2.986
yaw270_pitch+050,270,50,268.287,61.419,1.713
yaw270_pitch+055,270,55,268.049,61.469,1.951
yaw270_pitch+060,270,60,271.322,65.442,1.322
yaw270_pitch+065,270,65,272.788,71.633,2.788
yaw270_pitch+070,270,70,278.014,78.198,8.014
yaw270_pitch+075,270,75,284.513,86.632,14.513
yaw270_pitch+080,270,80,291.302,88.059,21.302
yaw270_pitch+085,270,85,295.718,90.000,25.718
yaw270_pitch+090,270,90,303.201,87.885,33.201
yaw275_pitch-090,275,-90,241.362,-86.755,33.638
yaw275_pitch-085,275,-85,239.863,-83.893,35.137
yaw275_pitch-080,275,-80,238.658,-89.062,36.342
yaw275_pitch-075,275,-75,239.252,-87.949,35.748
yaw275_pitch-070,275,-70,242.555,-87.393,32.445
yaw275_pitch-065,275,-65,245.903,-83.872,29.097
yaw275_pitch-060,275,-60,248.181,-81.475,26.819
yaw275_pitch-055,275,-55,248.431,-75.110,26.569
yaw275_pitch-050,275,-50,249.319,-58.982,25.681
yaw275_pitch-045,275,-45,247.167,-37.702,27.833
yaw275_pitch-040,275,-40,245.761,7.088,29.239
yaw275_pitch-035,275,-35,245.041,20.154,29.959
yaw275_pitch-030,275,-30,246.841,34.275,28.159
yaw275_pitch-025,275,-25,250.333,46.943,24.667
yaw275_pitch-020,275,-20,253.837,53.652,21.163
yaw275_pitch-015,275,-15,260.198,58.876,14.802
yaw275_pitch-010,275,-10,265.487,59.905,9.513
yaw275_pitch-005,275,-5,272.923,61.614,2.077
yaw275_pitch+000,275,0,273.862,62.076,1.138
yaw275_pitch+005,275,5,274.345,62.893,0.655
yaw275_pitch+010,275,10,276.337,64.359,1.337
yaw275_pitch+015,275,15,276.844,65.676,1.844
yaw275_pitch+020,275,20,275.255,65.300,0.255
yaw275_pitch+025,275,25,272.996,65.502,2.004
yaw275_pitch+030,275,30,269.892,65.678,5.108
yaw275_pitch+035,275,35,271.293,64.672,3.707
yaw275_pitch+040,275,40,271.091,62.893,3.909
yaw275_pitch+045,275,45,268.104,63.358,6.896
yaw275_pitch+050,275,50,270.337,64.268,4.663
yaw275_pitch+055,275,55,269.846,64.646,5.154
yaw275_pitch+060,275,60,271.081,67.719,3.919
yaw275_pitch+065,275,65,276.800,75.661,1.800
yaw275_pitch+070,275,70,280.601,79.853,5.601
yaw275_pitch+075,275,75,285.765,85.398,10.765
yaw275_pitch+080,275,80,285.269,81.494,10.269
yaw275_pitch+085,275,85,297.925,90.000,22.925
yaw275_pitch+090,275,90,305.703,89.193,30.703
yaw280_pitch-090,280,-90,246.638,-88.660,33.362
yaw280_pitch-085,280,-85,247.727,-83.720,32.273
yaw280_pitch-080,280,-80,246.987,-86.994,33.013
yaw280_pitch-075,280,-75,243.863,-87.135,36.137
yaw280_pitch-070,280,-70,244.751,-85.814,35.249
yaw280_pitch-065,280,-65,246.973,-86.588,33.027
yaw280_pitch-060,280,-60,248.819,-83.440,31.181
yaw280_pitch-055,280,-55,250.224,-73.897,29.776
yaw280_pitch-050,280,-50,249.887,-60.893,30.113
yaw280_pitch-045,280,-45,251.081,-42.102,28.919
yaw280_pitch-040,280,-40,249.794,14.267,30.206
yaw280_pitch-035,280,-35,249.473,24.739,30.527
yaw280_pitch-030,280,-30,250.176,38.790,29.824
yaw280_pitch-025,280,-25,252.744,47.730,27.256
yaw280_pitch-020,280,-20,256.209,53.359,23.791
yaw280_pitch-015,280,-15,264.545,58.160,15.455
yaw280_pitch-010,280,-10,270.031,60.686,9.969
yaw280_pitch-005,280,-5,276.127,62.191,3.873
yaw280_pitch+000,280,0,276.017,62.615,3.983
yaw280_pitch+005,280,5,276.471,62.580,3.529
yaw280_pitch+010,280,10,278.328,64.432,1.672
yaw280_pitch+015,280,15,275.593,65.719,4.407
yaw280_pitch+020,280,20,275.478,65.754,4.522
yaw280_pitch+025,280,25,276.569,66.143,3.431
yaw280_pitch+030,280,30,274.858,66.411,5.142
yaw280_pitch+035,280,35,274.855,66.063,5.145
yaw280_pitch+040,280,40,276.403,66.259,3.597
yaw280_pitch+045,280,45,273.774,66.226,6.226
yaw280_pitch+050,280,50,274.297,67.646,5.703
yaw280_pitch+055,280,55,277.870,69.196,2.130
yaw280_pitch+060,280,60,275.105,70.816,4.895
yaw280_pitch+065,280,65,276.400,76.805,3.600
yaw280_pitch+070,280,70,283.891,82.121,3.891
yaw280_pitch+075,280,75,287.399,87.192,7.399
yaw280_pitch+080,280,80,292.828,89.986,12.828
yaw280_pitch+085,280,85,301.478,90.000,21.478
yaw280_pitch+090,280,90,310.499,87.692,30.499
yaw285_pitch-090,285,-90,256.436,-85.374,28.564
yaw285_pitch-085,285,-85,250.309,-82.351,34.691
yaw285_pitch-080,285,-80,250.168,-85.213,34.832
yaw285_pitch-075,285,-75,249.635,-83.839,35.365
yaw285_pitch-070,285,-70,247.629,-84.654,37.371
yaw285_pitch-065,285,-65,248.436,-83.707,36.564
yaw285_pitch-060,285,-60,247.741,-82.788,37.259
yaw285_pitch-055,285,-55,247.800,-73.574,37.200
yaw285_pitch-050,285,-50,248.466,-63.865,36.534
yaw285_pitch-045,285,-45,249.506,-21.819,35.494
yaw285_pitch-040,285,-40,250.925,15.027,34.075
yaw285_pitch-035,285,-35,252.659,29.901,32.341
yaw285_pitch-030,285,-30,252.113,37.380,32.887
yaw285_pitch-025,285,-25,252.345,46.119,32.655
yaw285_pitch-020,285,-20,255.475,52.058,29.525
yaw285_pitch-015,285,-15,264.342,57.939,20.658
yaw285_pitch-010,285,-10,270.663,60.937,14.337
yaw285_pitch-005,285,-5,271.551,62.705,13.449
yaw285_pitch+000,285,0,273.202,62.463,11.798
yaw285_pitch+005,285,5,274.910,62.910,10.090
yaw285_pitch+010,285,10,276.839,64.488,8.161
yaw285_pitch+015,285,15,278.160,66.144,6.840
yaw285_pitch+020,285,20,277.926,67.369,7.074
yaw285_pitch+025,285,25,278.228,68.479,6.772
yaw285_pitch+030,285,30,279.247,68.233,5.753
yaw285_pitch+035,285,35,279.639,69.320,5.361
yaw285_pitch+040,285,40,280.272,70.075,4.728
yaw285_pitch+045,285,45,278.844,70.404,6.156
yaw285_pitch+050,285,50,279.915,72.793,5.085
yaw285_pitch+055,285,55,280.866,73.877,4.134
yaw285_pitch+060,285,60,278.348,74.960,6.652
yaw285_pitch+065,285,65,283.161,80.286,1.839
yaw285_pitch+070,285,70,291.766,83.491,6.766
yaw285_pitch+075,285,75,299.086,90.000,14.086
yaw285_pitch+080,285,80,302.310,90.000,17.310
yaw285_pitch+085,285,85,306.963,90.000,21.963
yaw285_pitch+090,285,90,319.359,89.558,34.359
yaw290_pitch-090,290,-90,268.345,-85.973,21.655
yaw290_pitch-085,290,-85,260.296,-83.818,29.704
yaw290_pitch-080,290,-80,257.366,-85.806,32.634
yaw290_pitch-075,290,-75,253.145,-84.029,36.855
yaw290_pitch-070,290,-70,252.326,-83.777,37.674
yaw290_pitch-065,290,-65,251.990,-83.391,38.010
yaw290_pitch-060,290,-60,252.622,-78.330,37.378
yaw290_pitch-055,290,-55,253.044,-76.391,36.956
yaw290_pitch-050,290,-50,252.910,-50.283,37.090
yaw290_pitch-045,290,-45,251.499,-13.156,38.501
yaw290_pitch-040,290,-40,253.077,20.900,36.923
yaw290_pitch-035,290,-35,258.081,31.238,31.919
yaw290_pitch-030,290,-30,258.241,39.409,31.759
yaw290_pitch-025,290,-25,258.977,41.695,31.023
yaw290_pitch-020,290,-20,261.654,47.841,28.346
yaw290_pitch-015,290,-15,265.053,55.206,24.947
yaw290_pitch-010,290,-10,272.834,58.199,17.166
yaw290_pitch-005,290,-5,272.698,60.474,17.302
yaw290_pitch+000,290,0,275.941,61.600,14.059
yaw290_pitch+005,290,5,278.260,62.770,11.740
yaw290_pitch+010,290,10,279.845,65.238,10.155
yaw290_pitch+015,290,15,278.576,67.092,11.424
yaw290_pitch+020,290,20,279.557,68.531,10.443
yaw290_pitch+025,290,25,282.388,70.138,7.612
yaw290_pitch+030,290,30,285.441,70.520,4.559
yaw290_pitch+035,290,35,285.914,72.037,4.086
yaw290_pitch+040,290,40,285.970,72.617,4.030
yaw290_pitch+045,290,45,286.517,73.437,3.483
yaw290_pitch+050,290,50,292.305,77.404,2.305
yaw290_pitch+055,290,55,292.156,76.675,2.156
yaw290_pitch+060,290,60,290.718,79.063,0.718
yaw290_pitch+065,290,65,304.978,83.881,14.978
yaw290_pitch+070,290,70,311.039,84.951,21.039
yaw290_pitch+075,290,75,313.448,87.240,23.448
yaw290_pitch+080,290,80,314.741,90.000,24.741
yaw290_pitch+085,290,85,315.713,90.000,25.713
yaw290_pitch+090,290,90,315.042,87.010,25.042
yaw295_pitch-090,295,-90,275.810,-87.703,19.190
yaw295_pitch-085,295,-85,264.801,-84.450,30.199
yaw295_pitch-080,295,-80,261.157,-84.286,33.843
yaw295_pitch-075,295,-75,258.779,-83.495,36.221
yaw295_pitch-070,295,-70,260.398,-81.775,34.602
yaw295_pitch-065,295,-65,258.625,-82.916,36.375
yaw295_pitch-060,295,-60,259.282,-77.803,35.718
yaw295_pitch-055,295,-55,257.391,-66.310,37.609
yaw295_pitch-050,295,-50,257.644,-27.954,37.356
yaw295_pitch-045,295,-45,255.845,16.093,39.155
yaw295_pitch-040,295,-40,258.274,30.122,36.726
yaw295_pitch-035,295,-35,259.538,39.127,35.462
yaw295_pitch-030,295,-30,264.597,41.463,30.403
yaw295_pitch-025,295,-25,264.276,43.143,30.724
yaw295_pitch-020,295,-20,266.240,46.169,28.760
yaw295_pitch-015,295,-15,269.315,50.572,25.685
yaw295_pitch-010,295,-10,271.562,55.226,23.438
yaw295_pitch-005,295,-5,276.579,58.314,18.421
yaw295_pitch+000,295,0,279.613,60.849,15.387
yaw295_pitch+005,295,5,277.839,62.208,17.161
yaw295_pitch+010,295,10,278.454,63.999,16.546
yaw295_pitch+015,295,15,279.543,66.454,15.457
yaw295_pitch+020,295,20,280.334,68.682,14.666
yaw295_pitch+025,295,25,285.545,70.117,9.455
yaw295_pitch+030,295,30,289.160,70.890,5.840
yaw295_pitch+035,295,35,292.287,72.000,2.713
yaw295_pitch+040,295,40,289.756,73.429,5.244
yaw295_pitch+045,295,45,289.792,74.786,5.208
yaw295_pitch+050,295,50,296.898,78.075,1.898
yaw295_pitch+055,295,55,300.004,78.956,5.004
yaw295_pitch+060,295,60,300.848,79.633,5.848
yaw295_pitch+065,295,65,312.208,86.271,17.208
yaw295_pitch+070,295,70,313.146,85.488,18.146
yaw295_pitch+075,295,75,313.431,87.890,18.431
yaw295_pitch+080,295,80,314.190,90.000,19.190
yaw295_pitch+085,295,85,317.561,90.000,22.561
yaw295_pitch+090,295,90,315.778,87.617,20.778
yaw300_pitch-090,300,-90,276.460,-89.288,23.540
yaw300_pitch-085,300,-85,269.904,-86.217,30.096
yaw300_pitch-080,300,-80,265.029,-83.832,34.971
yaw300_pitch-075,300,-75,265.204,-83.087,34.796
yaw300_pitch-070,300,-70,269.471,-83.989,30.529
yaw300_pitch-065,300,-65,268.842,-79.915,31.158
yaw300_pitch-060,300,-60,268.609,-72.954,31.391
yaw300_pitch-055,300,-55,268.292,-60.860,31.708
yaw300_pitch-050,300,-50,266.077,-15.496,33.923
yaw300_pitch-045,300,-45,263.371,18.403,36.629
yaw300_pitch-040,300,-40,264.024,34.249,35.976
yaw300_pitch-035,300,-35,264.089,39.277,35.911
yaw300_pitch-030,300,-30,270.400,41.994,29.600
yaw300_pitch-025,300,-25,269.728,44.248,30.272
yaw300_pitch-020,300,-20,270.260,44.617,29.740
yaw300_pitch-015,300,-15,272.869,48.236,27.131
yaw300_pitch-010,300,-10,274.576,53.490,25.424
yaw300_pitch-005,300,-5,279.152,56.227,20.848
yaw300_pitch+000,300,0,275.689,59.881,24.311
yaw300_pitch+005,300,5,276.554,61.218,23.446
yaw300_pitch+010,300,10,276.899,63.442,23.101
yaw300_pitch+015,300,15,278.932,66.222,21.068
yaw300_pitch+020,300,20,280.505,68.269,19.495
yaw300_pitch+025,300,25,282.747,70.324,17.253
yaw300_pitch+030,300,30,291.279,71.211,8.721
yaw300_pitch+035,300,35,291.701,71.084,8.299
yaw300_pitch+040,300,40,294.642,71.781,5.358
yaw300_pitch+045,300,45,297.946,73.506,2.054
yaw300_pitch+050,300,50,302.683,75.510,2.683
yaw300_pitch+055,300,55,304.144,76.622,4.144
yaw300_pitch+060,300,60,305.788,78.456,5.788
yaw300_pitch+065,300,65,313.619,83.904,13.619
yaw300_pitch+070,300,70,316.488,85.772,16.488
yaw300_pitch+075,300,75,315.148,88.281,15.148
yaw300_pitch+080,300,80,315.345,90.000,15.345
yaw300_pitch+085,300,85,320.331,89.257,20.331
yaw300_pitch+090,300,90,323.525,85.351,23.525
yaw305_pitch-090,305,-90,276.281,-88.380,28.719
yaw305_pitch-085,305,-85,267.278,-86.557,37.722
yaw305_pitch-080,305,-80,269.834,-86.964,35.166
yaw305_pitch-075,305,-75,273.193,-84.995,31.807
yaw305_pitch-070,305,-70,275.436,-82.472,29.564
yaw305_pitch-065,305,-65,277.756,-76.904,27.244
yaw305_pitch-060,305,-60,278.856,-72.343,26.144
yaw305_pitch-055,305,-55,274.961,-48.819,30.039
yaw305_pitch-050,305,-50,271.719,-5.275,33.281
yaw305_pitch-045,305,-45,269.974,32.747,35.026
yaw305_pitch-040,305,-40,272.082,36.207,32.918
yaw305_pitch-035,305,-35,270.948,41.344,34.052
yaw305_pitch-030,305,-30,275.770,42.236,29.230
yaw305_pitch-025,305,-25,278.544,44.684,26.456
yaw305_pitch-020,305,-20,282.228,44.778,22.772
yaw305_pitch-015,305,-15,281.013,47.709,23.987
yaw305_pitch-010,305,-10,278.604,51.769,26.396
yaw305_pitch-005,305,-5,278.329,55.065,26.671
yaw305_pitch+000,305,0,282.527,58.257,22.473
yaw305_pitch+005,305,5,282.389,60.147,22.611
yaw305_pitch+010,305,10,283.131,62.174,21.869
yaw305_pitch+015,305,15,285.683,65.665,19.317
yaw305_pitch+020,305,20,287.315,67.750,17.685
yaw305_pitch+025,305,25,290.801,69.607,14.199
yaw305_pitch+030,305,30,297.081,70.671,7.919
yaw305_pitch+035,305,35,302.174,70.687,2.826
yaw305_pitch+040,305,40,303.686,73.357,1.314
yaw305_pitch+045,305,45,308.073,74.681,3.073
yaw305_pitch+050,305,50,312.108,75.648,7.108
yaw305_pitch+055,305,55,312.197,74.468,7.197
yaw305_pitch+060,305,60,314.038,76.650,9.038
yaw305_pitch+065,305,65,316.898,79.957,11.898
yaw305_pitch+070,305,70,320.470,84.459,15.470
yaw305_pitch+075,305,75,320.679,88.053,15.679
yaw305_pitch+080,305,80,318.991,89.554,13.991
yaw305_pitch+085,305,85,322.764,90.000,17.764
yaw305_pitch+090,305,90,327.647,83.538,22.647
yaw310_pitch-090,310,-90,283.365,-90.000,26.635
yaw310_pitch-085,310,-85,274.614,-87.062,35.386
yaw310_pitch-080,310,-80,275.958,-85.460,34.042
yaw310_pitch-075,310,-75,277.489,-83.233,32.511
yaw310_pitch-070,310,-70,281.979,-79.736,28.021
yaw310_pitch-065,310,-65,285.359,-76.462,24.641
yaw310_pitch-060,310,-60,281.970,-68.916,28.030
yaw310_pitch-055,310,-55,282.023,-44.787,27.977
yaw310_pitch-050,310,-50,279.846,12.543,30.154
yaw310_pitch-045,310,-45,276.725,41.166,33.275
yaw310_pitch-040,310,-40,279.074,42.999,30.926
yaw310_pitch-035,310,-35,280.392,43.737,29.608
yaw310_pitch-030,310,-30,282.030,43.982,27.970
yaw310_pitch-025,310,-25,283.854,42.650,26.146
yaw310_pitch-020,310,-20,280.609,45.342,29.391
yaw310_pitch-015,310,-15,280.654,48.922,29.346
yaw310_pitch-010,310,-10,280.855,49.388,29.145
yaw310_pitch-005,310,-5,282.908,53.922,27.092
yaw310_pitch+000,310,0,282.787,57.945,27.213
yaw310_pitch+005,310,5,287.166,60.441,22.834
yaw310_pitch+010,310,10,290.392,62.514,19.608
yaw310_pitch+015,310,15,287.733,65.739,22.267
yaw310_pitch+020,310,20,290.303,66.901,19.697
yaw310_pitch+025,310,25,298.190,68.947,11.810
yaw310_pitch+030,310,30,301.910,70.771,8.090
yaw310_pitch+035,310,35,309.102,70.489,0.898
yaw310_pitch+040,310,40,311.413,72.259,1.413
yaw310_pitch+045,310,45,314.156,72.973,4.156
yaw310_pitch+050,310,50,317.756,74.709,7.756
yaw310_pitch+055,310,55,319.438,74.324,9.438
yaw310_pitch+060,310,60,320.678,76.863,10.678
yaw310_pitch+065,310,65,322.415,78.528,12.415
yaw310_pitch+070,310,70,326.680,83.810,16.680
yaw310_pitch+075,310,75,325.507,88.437,15.507
yaw310_pitch+080,310,80,324.518,89.083,14.518
yaw310_pitch+085,310,85,329.062,90.000,19.062
yaw310_pitch+090,310,90,336.947,86.100,26.947
yaw315_pitch-090,315,-90,285.599,-87.512,29.401
yaw315_pitch-085,315,-85,281.694,-87.294,33.306
yaw315_pitch-080,315,-80,283.175,-85.457,31.825
yaw315_pitch-075,315,-75,282.304,-84.658,32.696
yaw315_pitch-070,315,-70,281.246,-83.350,33.754
yaw315_pitch-065,315,-65,284.684,-78.021,30.316
yaw315_pitch-060,315,-60,284.941,-68.022,30.059
yaw315_pitch-055,315,-55,284.038,-47.575,30.962
yaw315_pitch-050,315,-50,283.540,15.832,31.460
yaw315_pitch-045,315,-45,284.114,31.418,30.886
yaw315_pitch-040,315,-40,287.400,41.434,27.600
yaw315_pitch-035,315,-35,289.250,44.091,25.750
yaw315_pitch-030,315,-30,290.386,41.220,24.614
yaw315_pitch-025,315,-25,285.708,42.917,29.292
yaw315_pitch-020,315,-20,282.081,45.380,32.919
yaw315_pitch-015,315,-15,269.617,49.550,45.383
yaw315_pitch-010,315,-10,267.210,50.479,47.790
yaw315_pitch-005,315,-5,276.153,53.617,38.847
yaw315_pitch+000,315,0,282.717,58.085,32.283
yaw315_pitch+005,315,5,287.514,60.825,27.486
yaw315_pitch+010,315,10,289.483,62.492,25.517
yaw315_pitch+015,315,15,291.288,63.252,23.712
yaw315_pitch+020,315,20,296.105,67.032,18.895
yaw315_pitch+025,315,25,301.100,68.007,13.900
yaw315_pitch+030,315,30,306.509,70.386,8.491
yaw315_pitch+035,315,35,310.142,69.984,4.858
yaw315_pitch+040,315,40,314.904,71.699,0.096
yaw315_pitch+045,315,45,318.523,74.114,3.523
yaw315_pitch+050,315,50,321.565,74.085,6.565
yaw315_pitch+055,315,55,323.999,75.070,8.999
yaw315_pitch+060,315,60,325.944,77.302,10.944
yaw315_pitch+065,315,65,328.539,79.613,13.539
yaw315_pitch+070,315,70,333.597,81.461,18.597
yaw315_pitch+075,315,75,333.727,83.308,18.727
yaw315_pitch+080,315,80,335.272,87.152,20.272
yaw315_pitch+085,315,85,339.142,90.000,24.142
yaw315_pitch+090,315,90,345.979,90.000,30.979
yaw320_pitch-090,320,-90,291.103,-86.943,28.897
yaw320_pitch-085,320,-85,289.887,-85.237,30.113
yaw320_pitch-080,320,-80,286.758,-83.360,33.242
yaw320_pitch-075,320,-75,282.726,-84.800,37.274
yaw320_pitch-070,320,-70,279.836,-84.547,40.164
yaw320_pitch-065,320,-65,283.270,-80.856,36.730
yaw320_pitch-060,320,-60,286.153,-73.052,33.847
yaw320_pitch-055,320,-55,288.686,-51.315,31.314
yaw320_pitch-050,320,-50,289.397,6.132,30.603
yaw320_pitch-045,320,-45,291.426,31.139,28.574
yaw320_pitch-040,320,-40,291.690,44.981,28.310
yaw320_pitch-035,320,-35,290.836,44.921,29.164
yaw320_pitch-030,320,-30,296.711,42.200,23.289
yaw320_pitch-025,320,-25,288.252,46.506,31.748
yaw320_pitch-020,320,-20,274.143,54.346,45.857
yaw320_pitch-015,320,-15,279.238,60.076,40.762
yaw320_pitch-010,320,-10,269.165,62.259,50.835
yaw320_pitch-005,320,-5,260.934,56.800,59.066
yaw320_pitch+000,320,0,286.193,55.470,33.807
yaw320_pitch+005,320,5,292.757,58.957,27.243
yaw320_pitch+010,320,10,297.295,63.846,22.705
yaw320_pitch+015,320,15,294.878,66.622,25.122
yaw320_pitch+020,320,20,298.788,66.926,21.212
yaw320_pitch+025,320,25,304.588,68.156,15.412
yaw320_pitch+030,320,30,311.061,69.553,8.939
yaw320_pitch+035,320,35,313.767,69.991,6.233
yaw320_pitch+040,320,40,318.887,72.086,1.113
yaw320_pitch+045,320,45,322.275,73.926,2.275
yaw320_pitch+050,320,50,323.625,74.322,3.625
yaw320_pitch+055,320,55,326.883,74.751,6.883
yaw320_pitch+060,320,60,328.592,76.162,8.592
yaw320_pitch+065,320,65,333.466,78.157,13.466
yaw320_pitch+070,320,70,337.659,82.280,17.659
yaw320_pitch+075,320,75,338.737,83.811,18.737
yaw320_pitch+080,320,80,342.340,87.151,22.340
yaw320_pitch+085,320,85,345.609,90.000,25.609
yaw320_pitch+090,320,90,349.574,88.545,29.574
yaw325_pitch-090,325,-90,296.949,-86.458,28.051
yaw325_pitch-085,325,-85,291.076,-85.919,33.924
yaw325_pitch-080,325,-80,289.360,-83.961,35.640
yaw325_pitch-075,325,-75,284.291,-82.413,40.709
yaw325_pitch-070,325,-70,281.937,-85.881,43.063
yaw325_pitch-065,325,-65,280.834,-83.052,44.166
yaw325_pitch-060,325,-60,287.406,-80.309,37.594
yaw325_pitch-055,325,-55,290.405,-50.732,34.595
yaw325_pitch-050,325,-50,290.950,4.997,34.050
yaw325_pitch-045,325,-45,291.106,38.615,33.894
yaw325_pitch-040,325,-40,295.590,41.882,29.410
yaw325_pitch-035,325,-35,295.900,46.855,29.100
yaw325_pitch-030,325,-30,297.353,46.929,27.647
yaw325_pitch-025,325,-25,286.776,50.817,38.224
yaw325_pitch-020,325,-20,286.168,60.294,38.832
yaw325_pitch-015,325,-15,292.376,68.554,32.624
yaw325_pitch-010,325,-10,286.350,67.801,38.650
yaw325_pitch-005,325,-5,273.648,61.027,51.352
yaw325_pitch+000,325,0,275.520,54.777,49.480
yaw325_pitch+005,325,5,292.787,60.218,32.213
yaw325_pitch+010,325,10,290.343,64.350,34.657
yaw325_pitch+015,325,15,296.027,66.750,28.973
yaw325_pitch+020,325,20,299.945,67.415,25.055
yaw325_pitch+025,325,25,303.281,68.416,21.719
yaw325_pitch+030,325,30,311.355,68.812,13.645
yaw325_pitch+035,325,35,317.393,69.877,7.607
yaw325_pitch+040,325,40,320.071,71.897,4.929
yaw325_pitch+045,325,45,324.911,74.461,0.089
yaw325_pitch+050,325,50,326.619,74.938,1.619
yaw325_pitch+055,325,55,329.123,74.945,4.123
yaw325_pitch+060,325,60,333.007,76.138,8.007
yaw325_pitch+065,325,65,338.422,77.721,13.422
yaw325_pitch+070,325,70,345.538,81.456,20.538
yaw325_pitch+075,325,75,343.803,83.438,18.803
yaw325_pitch+080,325,80,345.578,87.321,20.578
yaw325_pitch+085,325,85,349.658,90.000,24.658
yaw325_pitch+090,325,90,354.259,90.000,29.259
yaw330_pitch-090,330,-90,299.655,-85.563,30.345
yaw330_pitch-085,330,-85,295.143,-82.433,34.857
yaw330_pitch-080,330,-80,291.205,-87.058,38.795
yaw330_pitch-075,330,-75,288.144,-86.080,41.856
yaw330_pitch-070,330,-70,283.739,-87.139,46.261
yaw330_pitch-065,330,-65,279.529,-89.177,50.471
yaw330_pitch-060,330,-60,284.641,-82.604,45.359
yaw330_pitch-055,330,-55,286.134,-74.687,43.866
yaw330_pitch-050,330,-50,291.014,-19.319,38.986
yaw330_pitch-045,330,-45,292.904,33.484,37.096
yaw330_pitch-040,330,-40,295.039,45.491,34.961
yaw330_pitch-035,330,-35,300.469,43.633,29.531
yaw330_pitch-030,330,-30,298.972,43.708,31.028
yaw330_pitch-025,330,-25,292.646,51.233,37.354
yaw330_pitch-020,330,-20,296.371,62.810,33.629
yaw330_pitch-015,330,-15,296.730,69.229,33.270
yaw330_pitch-010,330,-10,289.594,67.179,40.406
yaw330_pitch-005,330,-5,279.832,59.901,50.168
yaw330_pitch+000,330,0,278.725,54.776,51.275
yaw330_pitch+005,330,5,296.293,58.528,33.707
yaw330_pitch+010,330,10,297.348,63.334,32.652
yaw330_pitch+015,330,15,301.121,68.927,28.879
yaw330_pitch+020,330,20,300.438,68.579,29.562
yaw330_pitch+025,330,25,304.964,68.450,25.036
yaw330_pitch+030,330,30,313.198,69.827,16.802
yaw330_pitch+035,330,35,318.065,70.158,11.935
yaw330_pitch+040,330,40,322.590,71.960,7.410
yaw330_pitch+045,330,45,327.077,75.053,2.923
yaw330_pitch+050,330,50,329.947,75.153,0.053
yaw330_pitch+055,330,55,331.183,75.610,1.183
yaw330_pitch+060,330,60,337.311,76.473,7.311
yaw330_pitch+065,330,65,343.807,78.232,13.807
yaw330_pitch+070,330,70,349.739,79.823,19.739
yaw330_pitch+075,330,75,350.763,82.684,20.763
yaw330_pitch+080,330,80,351.214,87.483,21.214
yaw330_pitch+085,330,85,352.316,90.000,22.316
yaw330_pitch+090,330,90,356.817,90.000,26.817
yaw335_pitch-090,335,-90,305.352,-86.775,29.648
yaw335_pitch-085,335,-85,302.894,-90.000,32.106
yaw335_pitch-080,335,-80,297.769,-85.284,37.231
yaw335_pitch-075,335,-75,292.330,-86.925,42.670
yaw335_pitch-070,335,-70,287.175,-88.629,47.825
yaw335_pitch-065,335,-65,281.908,-90.000,53.092
yaw335_pitch-060,335,-60,279.939,-87.381,55.061
yaw335_pitch-055,335,-55,284.906,-83.987,50.094
yaw335_pitch-050,335,-50,289.852,-39.290,45.148
yaw335_pitch-045,335,-45,292.942,19.651,42.058
yaw335_pitch-040,335,-40,294.473,55.694,40.527
yaw335_pitch-035,335,-35,302.422,48.109,32.578
yaw335_pitch-030,335,-30,304.347,44.087,30.653
yaw335_pitch-025,335,-25,302.025,48.541,32.975
yaw335_pitch-020,335,-20,296.479,58.409,38.521
yaw335_pitch-015,335,-15,296.328,64.405,38.672
yaw335_pitch-010,335,-10,289.605,63.676,45.395
yaw335_pitch-005,335,-5,281.011,60.412,53.989
yaw335_pitch+000,335,0,290.856,54.016,44.144
yaw335_pitch+005,335,5,293.167,57.468,41.833
yaw335_pitch+010,335,10,296.704,62.684,38.296
yaw335_pitch+015,335,15,302.242,68.338,32.758
yaw335_pitch+020,335,20,302.661,70.344,32.339
yaw335_pitch+025,335,25,307.076,70.193,27.924
yaw335_pitch+030,335,30,312.459,70.366,22.541
yaw335_pitch+035,335,35,317.127,70.226,17.873
yaw335_pitch+040,335,40,324.688,72.502,10.312
yaw335_pitch+045,335,45,328.450,75.883,6.550
yaw335_pitch+050,335,50,335.482,74.860,0.482
yaw335_pitch+055,335,55,341.112,75.633,6.112
yaw335_pitch+060,335,60,346.303,75.336,11.303
yaw335_pitch+065,335,65,351.986,77.553,16.986
yaw335_pitch+070,335,70,359.091,79.815,24.091
yaw335_pitch+075,335,75,358.378,80.994,23.378
yaw335_pitch+080,335,80,359.060,87.160,24.060
yaw335_pitch+085,335,85,357.882,90.000,22.882
yaw335_pitch+090,335,90,355.261,90.000,20.261
yaw340_pitch-090,340,-90,312.428,-88.667,27.572
yaw340_pitch-085,340,-85,306.454,-87.798,33.546
yaw340_pitch-080,340,-80,303.111,-90.000,36.889
yaw340_pitch-075,340,-75,298.524,-84.850,41.476
yaw340_pitch-070,340,-70,295.483,-89.438,44.517
yaw340_pitch-065,340,-65,288.637,-83.834,51.363
yaw340_pitch-060,340,-60,281.880,-88.752,58.120
yaw340_pitch-055,340,-55,282.544,-85.799,57.456
yaw340_pitch-050,340,-50,285.811,-79.556,54.189
yaw340_pitch-045,340,-45,293.779,-8.190,46.221
yaw340_pitch-040,340,-40,294.304,52.165,45.696
yaw340_pitch-035,340,-35,298.475,53.891,41.525
yaw340_pitch-030,340,-30,309.188,43.058,30.812
yaw340_pitch-025,340,-25,308.918,45.407,31.082
yaw340_pitch-020,340,-20,303.749,50.177,36.251
yaw340_pitch-015,340,-15,299.097,55.939,40.903
yaw340_pitch-010,340,-10,296.489,53.996,43.511
yaw340_pitch-005,340,-5,298.415,52.279,41.585
yaw340_pitch+000,340,0,301.132,54.571,38.868
yaw340_pitch+005,340,5,300.985,58.209,39.015
yaw340_pitch+010,340,10,301.383,64.612,38.617
yaw340_pitch+015,340,15,305.665,67.950,34.335
yaw340_pitch+020,340,20,305.845,73.124,34.155
yaw340_pitch+025,340,25,306.146,72.454,33.854
yaw340_pitch+030,340,30,307.708,72.852,32.292
yaw340_pitch+035,340,35,318.126,73.571,21.874
yaw340_pitch+040,340,40,324.581,74.299,15.419
yaw340_pitch+045,340,45,328.604,75.204,11.396
yaw340_pitch+050,340,50,339.442,76.421,0.558
yaw340_pitch+055,340,55,344.586,75.881,4.586
yaw340_pitch+060,340,60,350.477,75.361,10.477
yaw340_pitch+065,340,65,359.512,77.262,19.512
yaw340_pitch+070,340,70,2.663,78.740,22.663
yaw340_pitch+075,340,75,5.176,81.665,25.176
yaw340_pitch+080,340,80,4.513,86.677,24.513
yaw340_pitch+085,340,85,5.247,90.000,25.247
yaw340_pitch+090,340,90,5.757,90.000,25.757
yaw345_pitch-090,345,-90,317.255,-88.529,27.745
yaw345_pitch-085,345,-85,314.528,-86.938,30.472
yaw345_pitch-080,345,-80,311.599,-89.633,33.401
yaw345_pitch-075,345,-75,298.745,-78.974,46.255
yaw345_pitch-070,345,-70,299.576,-85.007,45.424
yaw345_pitch-065,345,-65,293.834,-84.541,51.166
yaw345_pitch-060,345,-60,287.583,-84.451,57.417
yaw345_pitch-055,345,-55,287.580,-84.852,57.420
yaw345_pitch-050,345,-50,287.113,-80.095,57.887
yaw345_pitch-045,345,-45,290.097,-38.989,54.903
yaw345_pitch-040,345,-40,298.934,43.086,46.066
yaw345_pitch-035,345,-35,305.449,54.400,39.551
yaw345_pitch-030,345,-30,306.615,49.553,38.385
yaw345_pitch-025,345,-25,312.029,45.756,32.971
yaw345_pitch-020,345,-20,312.579,47.578,32.421
yaw345_pitch-015,345,-15,312.990,48.381,32.010
yaw345_pitch-010,345,-10,310.184,50.593,34.816
yaw345_pitch-005,345,-5,310.097,50.041,34.903
yaw345_pitch+000,345,0,312.956,53.849,32.044
yaw345_pitch+005,345,5,304.790,57.500,40.210
yaw345_pitch+010,345,10,297.943,60.513,47.057
yaw345_pitch+015,345,15,302.029,69.003,42.971
yaw345_pitch+020,345,20,305.230,73.135,39.770
yaw345_pitch+025,345,25,308.379,75.192,36.621
yaw345_pitch+030,345,30,309.589,75.103,35.411
yaw345_pitch+035,345,35,311.547,73.679,33.453
yaw345_pitch+040,345,40,318.878,74.127,26.122
yaw345_pitch+045,345,45,327.612,74.717,17.388
yaw345_pitch+050,345,50,340.879,75.884,4.121
yaw345_pitch+055,345,55,351.411,75.525,6.411
yaw345_pitch+060,345,60,1.128,74.540,16.128
yaw345_pitch+065,345,65,5.857,76.541,20.857
yaw345_pitch+070,345,70,9.175,78.944,24.175
yaw345_pitch+075,345,75,13.738,83.710,28.738
yaw345_pitch+080,345,80,13.883,88.473,28.883
yaw345_pitch+085,345,85,12.682,90.000,27.682
yaw345_pitch+090,345,90,11.069,90.000,26.069
yaw350_pitch-090,350,-90,325.346,-87.262,24.654
yaw350_pitch-085,350,-85,319.418,-87.340,30.582
yaw350_pitch-080,350,-80,312.256,-74.806,37.744
yaw350_pitch-075,350,-75,307.182,-80.294,42.818
yaw350_pitch-070,350,-70,302.333,-75.129,47.667
yaw350_pitch-065,350,-65,297.876,-79.757,52.124
yaw350_pitch-060,350,-60,289.560,-78.890,60.440
yaw350_pitch-055,350,-55,290.811,-82.406,59.189
yaw350_pitch-050,350,-50,290.379,-84.510,59.621
yaw350_pitch-045,350,-45,293.560,-79.769,56.440
yaw350_pitch-040,350,-40,300.768,-12.273,49.232
yaw350_pitch-035,350,-35,306.867,44.057,43.133
yaw350_pitch-030,350,-30,311.490,52.274,38.510
yaw350_pitch-025,350,-25,316.571,46.478,33.429
yaw350_pitch-020,350,-20,317.935,45.815,32.065
yaw350_pitch-015,350,-15,318.287,48.471,31.713
yaw350_pitch-010,350,-10,318.090,50.240,31.910
yaw350_pitch-005,350,-5,316.870,52.015,33.130
yaw350_pitch+000,350,0,313.039,53.009,36.961
yaw350_pitch+005,350,5,307.711,57.224,42.289
yaw350_pitch+010,350,10,311.344,62.087,38.656
yaw350_pitch+015,350,15,308.912,70.214,41.088
yaw350_pitch+020,350,20,299.272,74.189,50.728
yaw350_pitch+025,350,25,308.065,75.584,41.935
yaw350_pitch+030,350,30,309.002,75.208,40.998
yaw350_pitch+035,350,35,313.500,73.492,36.500
yaw350_pitch+040,350,40,317.301,73.471,32.699
yaw350_pitch+045,350,45,325.597,74.341,24.403
yaw350_pitch+050,350,50,346.993,74.130,3.007
yaw350_pitch+055,350,55,2.484,72.618,12.484
yaw350_pitch+060,350,60,12.185,73.325,22.185
yaw350_pitch+065,350,65,18.202,76.882,28.202
yaw350_pitch+070,350,70,17.840,78.536,27.840
yaw350_pitch+075,350,75,20.378,82.968,30.378
yaw350_pitch+080,350,80,17.742,87.776,27.742
yaw350_pitch+085,350,85,19.679,90.000,29.679
yaw350_pitch+090,350,90,15.813,90.000,25.813
yaw355_pitch-090,355,-90,325.964,-84.314,29.036
yaw355_pitch-085,355,-85,325.036,-87.115,29.964
yaw355_pitch-080,355,-80,323.342,-80.771,31.658
yaw355_pitch-075,355,-75,311.706,-75.152,43.294
yaw355_pitch-070,355,-70,314.286,-75.389,40.714
yaw355_pitch-065,355,-65,300.077,-77.641,54.923
yaw355_pitch-060,355,-60,299.664,-79.647,55.336
yaw355_pitch-055,355,-55,302.777,-78.293,52.223
yaw355_pitch-050,355,-50,296.331,-84.187,58.669
yaw355_pitch-045,355,-45,296.316,-77.868,58.684
yaw355_pitch-040,355,-40,300.352,-43.858,54.648
yaw355_pitch-035,355,-35,305.549,35.458,49.451
yaw355_pitch-030,355,-30,312.371,50.483,42.629
yaw355_pitch-025,355,-25,314.631,50.815,40.369
yaw355_pitch-020,355,-20,321.602,47.735,33.398
yaw355_pitch-015,355,-15,322.877,48.396,32.123
yaw355_pitch-010,355,-10,325.084,49.194,29.916
yaw355_pitch-005,355,-5,324.932,52.178,30.068
yaw355_pitch+000,355,0,320.704,54.583,34.296
yaw355_pitch+005,355,5,319.636,57.981,35.364
yaw355_pitch+010,355,10,317.449,61.466,37.551
yaw355_pitch+015,355,15,306.602,68.431,48.398
yaw355_pitch+020,355,20,292.445,72.792,62.555
yaw355_pitch+025,355,25,298.450,73.658,56.550
yaw355_pitch+030,355,30,304.243,74.302,50.757
yaw355_pitch+035,355,35,316.084,74.301,38.916
yaw355_pitch+040,355,40,324.438,73.227,30.562
yaw355_pitch+045,355,45,336.178,74.663,18.822
yaw355_pitch+050,355,50,1.417,73.757,6.417
yaw355_pitch+055,355,55,17.755,74.098,22.755
yaw355_pitch+060,355,60,23.242,74.741,28.242
yaw355_pitch+065,355,65,26.459,76.920,31.459
yaw355_pitch+070,355,70,27.647,79.130,32.647
yaw355_pitch+075,355,75,27.840,85.671,32.840
yaw355_pitch+080,355,80,24.854,85.720,29.854
yaw355_pitch+085,355,85,25.471,90.000,30.471
yaw355_pitch+090,355,90,22.473,90.000,27.473
