record_id,yaw_true,pitch_true,yaw_pred,pitch_pred,yaw_err
yaw000_pitch-090,0,-90,33.654,-80.244,33.654
yaw000_pitch-085,0,-85,33.960,-75.681,33.960
yaw000_pitch-080,0,-80,33.611,-79.604,33.611
yaw000_pitch-075,0,-75,31.350,-70.608,31.350
yaw000_pitch-070,0,-70,29.619,-61.686,29.619
yaw000_pitch-065,0,-65,28.735,-56.010,28.735
yaw000_pitch-060,0,-60,25.000,-48.484,25.000
yaw000_pitch-055,0,-55,24.577,-46.120,24.577
yaw000_pitch-050,0,-50,22.227,-43.436,22.227
yaw000_pitch-045,0,-45,23.095,-44.752,23.095
yaw000_pitch-040,0,-40,22.396,-45.940,22.396
yaw000_pitch-035,0,-35,23.852,-46.331,23.852
yaw000_pitch-030,0,-30,22.602,-45.514,22.602
yaw000_pitch-025,0,-25,22.592,-46.107,22.592
yaw000_pitch-020,0,-20,22.124,-46.025,22.124
yaw000_pitch-015,0,-15,19.564,-42.512,19.564
yaw000_pitch-010,0,-10,19.765,-35.341,19.765
yaw000_pitch-005,0,-5,11.667,-31.369,11.667
yaw000_pitch+000,0,0,14.822,-28.858,14.822
yaw000_pitch+005,0,5,7.935,-21.559,7.935
yaw000_pitch+010,0,10,17.105,-12.268,17.105
yaw000_pitch+015,0,15,15.265,-9.073,15.265
yaw000_pitch+020,0,20,18.148,-3.625,18.148
yaw000_pitch+025,0,25,8.777,2.537,8.777
yaw000_pitch+030,0,30,8.219,10.677,8.219
yaw000_pitch+035,0,35,11.800,16.226,11.800
yaw000_pitch+040,0,40,20.014,20.315,20.014
yaw000_pitch+045,0,45,20.751,27.199,20.751
yaw000_pitch+050,0,50,16.848,35.073,16.848
yaw000_pitch+055,0,55,9.286,43.302,9.286
yaw000_pitch+060,0,60,358.587,48.686,1.413
yaw000_pitch+065,0,65,332.426,45.077,27.574
yaw000_pitch+070,0,70,315.339,45.377,44.661
yaw000_pitch+075,0,75,315.002,45.670,44.998
yaw000_pitch+080,0,80,315.711,54.212,44.289
yaw000_pitch+085,0,85,326.442,81.796,33.558
yaw000_pitch+090,0,90,321.706,85.167,38.294
yaw005_pitch-090,5,-90,42.440,-86.033,37.440
yaw005_pitch-085,5,-85,38.538,-78.389,33.538
yaw005_pitch-080,5,-80,37.905,-80.373,32.905
yaw005_pitch-075,5,-75,35.333,-67.827,30.333
yaw005_pitch-070,5,-70,33.184,-60.100,28.184
yaw005_pitch-065,5,-65,30.519,-54.662,25.519
yaw005_pitch-060,5,-60,28.743,-43.668,23.743
yaw005_pitch-055,5,-55,26.554,-44.359,21.554
yaw005_pitch-050,5,-50,25.036,-43.369,20.036
yaw005_pitch-045,5,-45,24.295,-42.860,19.295
yaw005_pitch-040,5,-40,23.578,-43.877,18.578
yaw005_pitch-035,5,-35,25.405,-48.724,20.405
yaw005_pitch-030,5,-30,24.852,-49.603,19.852
yaw005_pitch-025,5,-25,25.745,-48.552,20.745
yaw005_pitch-020,5,-20,24.832,-46.684,19.832
yaw005_pitch-015,5,-15,23.647,-42.889,18.647
yaw005_pitch-010,5,-10,21.443,-37.467,16.443
yaw005_pitch-005,5,-5,17.888,-36.180,12.888
yaw005_pitch+000,5,0,9.150,-30.372,4.150
yaw005_pitch+005,5,5,15.141,-21.676,10.141
yaw005_pitch+010,5,10,21.894,-12.814,16.894
yaw005_pitch+015,5,15,16.454,-9.963,11.454
yaw005_pitch+020,5,20,20.768,-2.125,15.768
yaw005_pitch+025,5,25,20.242,3.770,15.242
yaw005_pitch+030,5,30,24.485,11.622,19.485
yaw005_pitch+035,5,35,24.854,16.997,19.854
yaw005_pitch+040,5,40,26.407,21.527,21.407
yaw005_pitch+045,5,45,24.236,28.155,19.236
yaw005_pitch+050,5,50,20.302,35.723,15.302
yaw005_pitch+055,5,55,17.334,44.849,12.334
yaw005_pitch+060,5,60,8.570,52.011,3.570
yaw005_pitch+065,5,65,341.350,45.065,23.650
yaw005_pitch+070,5,70,323.103,47.425,41.897
yaw005_pitch+075,5,75,322.074,50.496,42.926
yaw005_pitch+080,5,80,333.651,66.105,31.349
yaw005_pitch+085,5,85,328.320,81.746,36.680
yaw005_pitch+090,5,90,325.396,81.923,39.604
yaw010_pitch-090,10,-90,45.190,-88.221,35.190
yaw010_pitch-085,10,-85,43.151,-83.262,33.151
yaw010_pitch-080,10,-80,42.458,-75.978,32.458
yaw010_pitch-075,10,-75,39.774,-73.602,29.774
yaw010_pitch-070,10,-70,36.938,-55.297,26.938
yaw010_pitch-065,10,-65,35.680,-52.487,25.680
yaw010_pitch-060,10,-60,32.383,-47.671,22.383
yaw010_pitch-055,10,-55,31.098,-45.001,21.098
yaw010_pitch-050,10,-50,30.367,-44.047,20.367
yaw010_pitch-045,10,-45,29.434,-43.523,19.434
yaw010_pitch-040,10,-40,28.035,-47.497,18.035
yaw010_pitch-035,10,-35,27.849,-49.203,17.849
yaw010_pitch-030,10,-30,27.645,-52.649,17.645
yaw010_pitch-025,10,-25,27.873,-50.383,17.873
yaw010_pitch-020,10,-20,27.941,-50.948,17.941
yaw010_pitch-015,10,-15,23.250,-46.385,13.250
yaw010_pitch-010,10,-10,22.921,-42.168,12.921
yaw010_pitch-005,10,-5,21.487,-38.943,11.487
yaw010_pitch+000,10,0,18.418,-31.226,8.418
yaw010_pitch+005,10,5,20.262,-24.640,10.262
yaw010_pitch+010,10,10,22.037,-12.734,12.037
yaw010_pitch+015,10,15,25.341,-7.939,15.341
yaw010_pitch+020,10,20,27.297,-1.121,17.297
yaw010_pitch+025,10,25,30.875,5.418,20.875
yaw010_pitch+030,10,30,27.269,12.127,17.269
yaw010_pitch+035,10,35,28.894,17.094,18.894
yaw010_pitch+040,10,40,29.954,22.254,19.954
yaw010_pitch+045,10,45,26.606,28.774,16.606
yaw010_pitch+050,10,50,24.989,35.932,14.989
yaw010_pitch+055,10,55,19.657,44.097,9.657
yaw010_pitch+060,10,60,14.431,51.037,4.431
yaw010_pitch+065,10,65,3.346,58.935,6.654
yaw010_pitch+070,10,70,347.600,58.616,22.400
yaw010_pitch+075,10,75,341.276,64.697,28.724
yaw010_pitch+080,10,80,337.088,71.565,32.912
yaw010_pitch+085,10,85,335.844,77.015,34.156
yaw010_pitch+090,10,90,342.260,88.829,27.740
yaw015_pitch-090,15,-90,50.161,-86.401,35.161
yaw015_pitch-085,15,-85,49.825,-88.855,34.825
yaw015_pitch-080,15,-80,47.280,-77.306,32.280
yaw015_pitch-075,15,-75,44.470,-71.900,29.470
yaw015_pitch-070,15,-70,41.770,-60.131,26.770
yaw015_pitch-065,15,-65,40.232,-52.672,25.232
yaw015_pitch-060,15,-60,36.490,-50.047,21.490
yaw015_pitch-055,15,-55,37.475,-44.344,22.475
yaw015_pitch-050,15,-50,36.158,-46.159,21.158
yaw015_pitch-045,15,-45,35.053,-45.803,20.053
yaw015_pitch-040,15,-40,33.570,-50.375,18.570
yaw015_pitch-035,15,-35,32.919,-54.620,17.919
yaw015_pitch-030,15,-30,31.327,-53.666,16.327
yaw015_pitch-025,15,-25,30.872,-56.414,15.872
yaw015_pitch-020,15,-20,30.013,-54.962,15.013
yaw015_pitch-015,15,-15,26.527,-47.548,11.527
yaw015_pitch-010,15,-10,24.508,-41.700,9.508
yaw015_pitch-005,15,-5,22.654,-37.414,7.654
yaw015_pitch+000,15,0,21.057,-33.597,6.057
yaw015_pitch+005,15,5,22.843,-26.126,7.843
yaw015_pitch+010,15,10,27.172,-12.910,12.172
yaw015_pitch+015,15,15,29.224,-7.299,14.224
yaw015_pitch+020,15,20,30.628,-1.850,15.628
yaw015_pitch+025,15,25,31.986,4.489,16.986
yaw015_pitch+030,15,30,32.197,13.974,17.197
yaw015_pitch+035,15,35,31.940,19.441,16.940
yaw015_pitch+040,15,40,33.290,23.018,18.290
yaw015_pitch+045,15,45,31.843,29.313,16.843
yaw015_pitch+050,15,50,29.417,34.385,14.417
yaw015_pitch+055,15,55,24.331,43.902,9.331
yaw015_pitch+060,15,60,22.412,51.167,7.412
yaw015_pitch+065,15,65,11.387,60.888,3.613
yaw015_pitch+070,15,70,3.952,65.276,11.048
yaw015_pitch+075,15,75,359.574,70.434,15.426
yaw015_pitch+080,15,80,351.481,75.451,23.519
yaw015_pitch+085,15,85,347.367,82.210,27.633
yaw015_pitch+090,15,90,347.642,89.997,27.358
yaw020_pitch-090,20,-90,56.503,-82.766,36.503
yaw020_pitch-085,20,-85,55.570,-90.000,35.570
yaw020_pitch-080,20,-80,52.958,-81.433,32.958
yaw020_pitch-075,20,-75,49.809,-71.443,29.809
yaw020_pitch-070,20,-70,46.804,-65.059,26.804
yaw020_pitch-065,20,-65,44.561,-49.250,24.561
yaw020_pitch-060,20,-60,43.121,-50.517,23.121
yaw020_pitch-055,20,-55,41.376,-46.778,21.376
yaw020_pitch-050,20,-50,40.569,-48.525,20.569
yaw020_pitch-045,20,-45,39.152,-49.131,19.152
yaw020_pitch-040,20,-40,38.187,-52.193,18.187
yaw020_pitch-035,20,-35,36.482,-57.972,16.482
yaw020_pitch-030,20,-30,35.254,-60.683,15.254
yaw020_pitch-025,20,-25,32.563,-59.619,12.563
yaw020_pitch-020,20,-20,31.904,-57.530,11.904
yaw020_pitch-015,20,-15,28.879,-50.649,8.879
yaw020_pitch-010,20,-10,26.896,-44.828,6.896
yaw020_pitch-005,20,-5,23.690,-39.876,3.690
yaw020_pitch+000,20,0,23.449,-35.965,3.449
yaw020_pitch+005,20,5,26.280,-27.549,6.280
yaw020_pitch+010,20,10,31.418,-14.320,11.418
yaw020_pitch+015,20,15,31.534,-8.079,11.534
yaw020_pitch+020,20,20,31.615,-0.986,11.615
yaw020_pitch+025,20,25,32.708,4.050,12.708
yaw020_pitch+030,20,30,32.114,13.533,12.114
yaw020_pitch+035,20,35,34.602,18.541,14.602
yaw020_pitch+040,20,40,33.801,23.361,13.801
yaw020_pitch+045,20,45,32.809,28.352,12.809
yaw020_pitch+050,20,50,29.956,35.877,9.956
yaw020_pitch+055,20,55,27.607,45.083,7.607
yaw020_pitch+060,20,60,24.202,51.173,4.202
yaw020_pitch+065,20,65,16.166,60.252,3.834
yaw020_pitch+070,20,70,8.406,66.928,11.594
yaw020_pitch+075,20,75,4.524,76.096,15.476
yaw020_pitch+080,20,80,359.365,79.032,20.635
yaw020_pitch+085,20,85,356.462,83.465,23.538
yaw020_pitch+090,20,90,353.453,89.001,26.547
yaw025_pitch-090,25,-90,59.391,-82.642,34.391
yaw025_pitch-085,25,-85,58.506,-85.134,33.506
yaw025_pitch-080,25,-80,57.196,-86.316,32.196
yaw025_pitch-075,25,-75,54.946,-70.541,29.946
yaw025_pitch-070,25,-70,51.067,-62.874,26.067
yaw025_pitch-065,25,-65,50.634,-49.424,25.634
yaw025_pitch-060,25,-60,47.101,-53.617,22.101
yaw025_pitch-055,25,-55,46.464,-51.309,21.464
yaw025_pitch-050,25,-50,44.610,-49.794,19.610
yaw025_pitch-045,25,-45,42.308,-50.427,17.308
yaw025_pitch-040,25,-40,41.604,-55.793,16.604
yaw025_pitch-035,25,-35,39.989,-59.465,14.989
yaw025_pitch-030,25,-30,38.099,-62.299,13.099
yaw025_pitch-025,25,-25,35.550,-63.423,10.550
yaw025_pitch-020,25,-20,33.633,-59.081,8.633
yaw025_pitch-015,25,-15,31.659,-51.018,6.659
yaw025_pitch-010,25,-10,29.656,-44.401,4.656
yaw025_pitch-005,25,-5,26.211,-40.532,1.211
yaw025_pitch+000,25,0,24.168,-35.413,0.832
yaw025_pitch+005,25,5,28.294,-28.015,3.294
yaw025_pitch+010,25,10,33.026,-16.082,8.026
yaw025_pitch+015,25,15,32.960,-10.092,7.960
yaw025_pitch+020,25,20,35.949,-3.516,10.949
yaw025_pitch+025,25,25,35.418,1.232,10.418
yaw025_pitch+030,25,30,35.234,12.765,10.234
yaw025_pitch+035,25,35,34.709,17.891,9.709
yaw025_pitch+040,25,40,35.064,24.087,10.064
yaw025_pitch+045,25,45,33.980,28.359,8.980
yaw025_pitch+050,25,50,31.056,33.180,6.056
yaw025_pitch+055,25,55,27.999,43.543,2.999
yaw025_pitch+060,25,60,24.981,50.792,0.019
yaw025_pitch+065,25,65,18.899,58.963,6.101
yaw025_pitch+070,25,70,12.230,66.238,12.770
yaw025_pitch+075,25,75,4.788,74.670,20.212
yaw025_pitch+080,25,80,3.088,78.240,21.912
yaw025_pitch+085,25,85,359.560,86.266,25.440
yaw025_pitch+090,25,90,359.839,90.000,25.161
yaw030_pitch-090,30,-90,60.750,-76.371,30.750
yaw030_pitch-085,30,-85,60.442,-82.265,30.442
yaw030_pitch-080,30,-80,60.805,-86.274,30.805
yaw030_pitch-075,30,-75,58.619,-71.938,28.619
yaw030_pitch-070,30,-70,54.987,-64.928,24.987
yaw030_pitch-065,30,-65,53.129,-56.070,23.129
yaw030_pitch-060,30,-60,51.808,-51.664,21.808
yaw030_pitch-055,30,-55,49.809,-51.717,19.809
yaw030_pitch-050,30,-50,47.491,-54.952,17.491
yaw030_pitch-045,30,-45,46.330,-55.319,16.330
yaw030_pitch-040,30,-40,44.105,-60.322,14.105
yaw030_pitch-035,30,-35,43.325,-61.481,13.325
yaw030_pitch-030,30,-30,41.552,-63.111,11.552
yaw030_pitch-025,30,-25,39.244,-64.579,9.244
yaw030_pitch-020,30,-20,36.198,-62.699,6.198
yaw030_pitch-015,30,-15,33.715,-54.864,3.715
yaw030_pitch-010,30,-10,32.811,-47.501,2.811
yaw030_pitch-005,30,-5,29.089,-40.997,0.911
yaw030_pitch+000,30,0,28.437,-37.270,1.563
yaw030_pitch+005,30,5,30.285,-28.125,0.285
yaw030_pitch+010,30,10,33.953,-16.061,3.953
yaw030_pitch+015,30,15,33.880,-11.166,3.880
yaw030_pitch+020,30,20,36.413,-4.033,6.413
yaw030_pitch+025,30,25,36.630,-0.447,6.630
yaw030_pitch+030,30,30,34.859,10.219,4.859
yaw030_pitch+035,30,35,34.457,15.237,4.457
yaw030_pitch+040,30,40,34.598,20.393,4.598
yaw030_pitch+045,30,45,34.026,24.599,4.026
yaw030_pitch+050,30,50,30.891,31.740,0.891
yaw030_pitch+055,30,55,27.372,43.926,2.628
yaw030_pitch+060,30,60,23.285,51.189,6.715
yaw030_pitch+065,30,65,16.235,55.797,13.765
yaw030_pitch+070,30,70,14.283,63.583,15.717
yaw030_pitch+075,30,75,8.032,75.504,21.968
yaw030_pitch+080,30,80,2.756,80.256,27.244
yaw030_pitch+085,30,85,1.153,86.448,28.847
yaw030_pitch+090,30,90,355.073,90.000,34.927
yaw035_pitch-090,35,-90,66.222,-81.568,31.222
yaw035_pitch-085,35,-85,66.253,-85.141,31.253
yaw035_pitch-080,35,-80,63.164,-84.022,28.164
yaw035_pitch-075,35,-75,62.647,-70.627,27.647
yaw035_pitch-070,35,-70,58.716,-65.924,23.716
yaw035_pitch-065,35,-65,56.538,-61.010,21.538
yaw035_pitch-060,35,-60,54.259,-53.879,19.259
yaw035_pitch-055,35,-55,52.422,-55.944,17.422
yaw035_pitch-050,35,-50,51.011,-54.376,16.011
yaw035_pitch-045,35,-45,48.663,-54.829,13.663
yaw035_pitch-040,35,-40,46.954,-60.073,11.954
yaw035_pitch-035,35,-35,46.352,-59.169,11.352
yaw035_pitch-030,35,-30,45.306,-60.318,10.306
yaw035_pitch-025,35,-25,42.706,-59.323,7.706
yaw035_pitch-020,35,-20,39.621,-59.016,4.621
yaw035_pitch-015,35,-15,37.495,-53.244,2.495
yaw035_pitch-010,35,-10,35.434,-47.742,0.434
yaw035_pitch-005,35,-5,34.752,-40.539,0.248
yaw035_pitch+000,35,0,32.054,-37.278,2.946
yaw035_pitch+005,35,5,32.612,-30.198,2.388
yaw035_pitch+010,35,10,33.577,-18.079,1.423
yaw035_pitch+015,35,15,34.404,-11.981,0.596
yaw035_pitch+020,35,20,35.566,-6.319,0.566
yaw035_pitch+025,35,25,35.950,-2.650,0.950
yaw035_pitch+030,35,30,35.226,6.765,0.226
yaw035_pitch+035,35,35,34.297,12.252,0.703
yaw035_pitch+040,35,40,34.410,19.605,0.590
yaw035_pitch+045,35,45,31.614,23.007,3.386
yaw035_pitch+050,35,50,30.184,30.366,4.816
yaw035_pitch+055,35,55,26.558,42.038,8.442
yaw035_pitch+060,35,60,24.384,50.159,10.616
yaw035_pitch+065,35,65,17.627,56.743,17.373
yaw035_pitch+070,35,70,10.767,60.620,24.233
yaw035_pitch+075,35,75,10.495,68.145,24.505
yaw035_pitch+080,35,80,2.887,77.134,32.113
yaw035_pitch+085,35,85,359.095,84.272,35.905
yaw035_pitch+090,35,90,353.259,90.000,41.741
yaw040_pitch-090,40,-90,76.434,-74.540,36.434
yaw040_pitch-085,40,-85,69.562,-78.320,29.562
yaw040_pitch-080,40,-80,64.916,-86.193,24.916
yaw040_pitch-075,40,-75,63.337,-74.729,23.337
yaw040_pitch-070,40,-70,60.596,-65.362,20.596
yaw040_pitch-065,40,-65,59.910,-60.679,19.910
yaw040_pitch-060,40,-60,59.774,-54.770,19.774
yaw040_pitch-055,40,-55,58.463,-52.620,18.463
yaw040_pitch-050,40,-50,54.472,-52.105,14.472
yaw040_pitch-045,40,-45,50.821,-54.519,10.821
yaw040_pitch-040,40,-40,49.822,-54.633,9.822
yaw040_pitch-035,40,-35,49.323,-52.593,9.323
yaw040_pitch-030,40,-30,48.386,-54.308,8.386
yaw040_pitch-025,40,-25,47.196,-54.467,7.196
yaw040_pitch-020,40,-20,44.827,-56.607,4.827
yaw040_pitch-015,40,-15,41.527,-53.090,1.527
yaw040_pitch-010,40,-10,40.024,-46.795,0.024
yaw040_pitch-005,40,-5,41.419,-41.024,1.419
yaw040_pitch+000,40,0,38.294,-38.232,1.706
yaw040_pitch+005,40,5,35.226,-30.180,4.774
yaw040_pitch+010,40,10,34.449,-17.234,5.551
yaw040_pitch+015,40,15,35.823,-11.738,4.177
yaw040_pitch+020,40,20,35.232,-7.311,4.768
yaw040_pitch+025,40,25,35.986,-3.450,4.014
yaw040_pitch+030,40,30,34.698,6.683,5.302
yaw040_pitch+035,40,35,35.300,10.738,4.700
yaw040_pitch+040,40,40,33.731,17.879,6.269
yaw040_pitch+045,40,45,32.066,19.695,7.934
yaw040_pitch+050,40,50,29.011,30.149,10.989
yaw040_pitch+055,40,55,27.005,41.702,12.995
yaw040_pitch+060,40,60,23.708,47.633,16.292
yaw040_pitch+065,40,65,18.298,54.739,21.702
yaw040_pitch+070,40,70,11.880,55.645,28.120
yaw040_pitch+075,40,75,5.932,65.052,34.068
yaw040_pitch+080,40,80,8.575,77.316,31.425
yaw040_pitch+085,40,85,7.678,86.319,32.322
yaw040_pitch+090,40,90,1.285,90.000,38.715
yaw045_pitch-090,45,-90,80.129,-77.131,35.129
yaw045_pitch-085,45,-85,73.639,-83.874,28.639
yaw045_pitch-080,45,-80,68.139,-81.902,23.139
yaw045_pitch-075,45,-75,67.388,-76.510,22.388
yaw045_pitch-070,45,-70,64.712,-65.260,19.712
yaw045_pitch-065,45,-65,64.389,-58.945,19.389
yaw045_pitch-060,45,-60,63.073,-55.782,18.073
yaw045_pitch-055,45,-55,62.852,-49.903,17.852
yaw045_pitch-050,45,-50,59.250,-49.613,14.250
yaw045_pitch-045,45,-45,56.454,-50.587,11.454
yaw045_pitch-040,45,-40,54.101,-50.295,9.101
yaw045_pitch-035,45,-35,52.785,-51.359,7.785
yaw045_pitch-030,45,-30,54.115,-48.230,9.115
yaw045_pitch-025,45,-25,52.784,-52.759,7.784
yaw045_pitch-020,45,-20,49.398,-53.288,4.398
yaw045_pitch-015,45,-15,45.978,-51.387,0.978
yaw045_pitch-010,45,-10,45.947,-47.151,0.947
yaw045_pitch-005,45,-5,44.768,-42.448,0.232
yaw045_pitch+000,45,0,42.166,-38.186,2.834
yaw045_pitch+005,45,5,38.628,-30.239,6.372
yaw045_pitch+010,45,10,37.461,-20.837,7.539
yaw045_pitch+015,45,15,36.379,-13.890,8.621
yaw045_pitch+020,45,20,35.806,-7.073,9.194
yaw045_pitch+025,45,25,36.070,-2.765,8.930
yaw045_pitch+030,45,30,34.614,4.540,10.386
yaw045_pitch+035,45,35,35.987,12.080,9.013
yaw045_pitch+040,45,40,34.065,16.713,10.935
yaw045_pitch+045,45,45,33.128,21.928,11.872
yaw045_pitch+050,45,50,29.083,27.264,15.917
yaw045_pitch+055,45,55,25.449,40.676,19.551
yaw045_pitch+060,45,60,23.132,46.704,21.868
yaw045_pitch+065,45,65,17.123,56.282,27.877
yaw045_pitch+070,45,70,11.811,55.282,33.189
yaw045_pitch+075,45,75,10.929,65.466,34.071
yaw045_pitch+080,45,80,11.174,75.789,33.826
yaw045_pitch+085,45,85,15.656,87.360,29.344
yaw045_pitch+090,45,90,4.929,90.000,40.071
yaw050_pitch-090,50,-90,82.096,-77.908,32.096
yaw050_pitch-085,50,-85,77.064,-82.913,27.064
yaw050_pitch-080,50,-80,73.600,-88.659,23.600
yaw050_pitch-075,50,-75,71.305,-82.375,21.305
yaw050_pitch-070,50,-70,69.558,-63.029,19.558
yaw050_pitch-065,50,-65,68.520,-59.013,18.520
yaw050_pitch-060,50,-60,65.569,-54.811,15.569
yaw050_pitch-055,50,-55,63.894,-49.662,13.894
yaw050_pitch-050,50,-50,59.489,-49.061,9.489
yaw050_pitch-045,50,-45,58.959,-50.521,8.959
yaw050_pitch-040,50,-40,56.576,-48.573,6.576
yaw050_pitch-035,50,-35,55.716,-47.890,5.716
yaw050_pitch-030,50,-30,56.632,-46.932,6.632
yaw050_pitch-025,50,-25,55.935,-49.465,5.935
yaw050_pitch-020,50,-20,54.823,-49.072,4.823
yaw050_pitch-015,50,-15,50.317,-49.748,0.317
yaw050_pitch-010,50,-10,51.290,-47.023,1.290
yaw050_pitch-005,50,-5,50.808,-43.046,0.808
yaw050_pitch+000,50,0,48.182,-39.333,1.818
yaw050_pitch+005,50,5,43.558,-31.930,6.442
yaw050_pitch+010,50,10,40.398,-19.327,9.602
yaw050_pitch+015,50,15,37.644,-13.987,12.356
yaw050_pitch+020,50,20,36.928,-7.550,13.072
yaw050_pitch+025,50,25,37.409,-4.536,12.591
yaw050_pitch+030,50,30,36.821,4.935,13.179
yaw050_pitch+035,50,35,36.456,9.953,13.544
yaw050_pitch+040,50,40,33.597,16.106,16.403
yaw050_pitch+045,50,45,33.702,18.614,16.298
yaw050_pitch+050,50,50,30.629,27.559,19.371
yaw050_pitch+055,50,55,29.442,36.646,20.558
yaw050_pitch+060,50,60,27.369,45.485,22.631
yaw050_pitch+065,50,65,19.579,51.972,30.421
yaw050_pitch+070,50,70,16.736,57.682,33.264
yaw050_pitch+075,50,75,12.196,62.869,37.804
yaw050_pitch+080,50,80,16.669,77.161,33.331
yaw050_pitch+085,50,85,12.732,84.808,37.268
yaw050_pitch+090,50,90,7.144,90.000,42.856
yaw055_pitch-090,55,-90,89.625,-82.947,34.625
yaw055_pitch-085,55,-85,84.697,-86.556,29.697
yaw055_pitch-080,55,-80,76.018,-89.617,21.018
yaw055_pitch-075,55,-75,73.163,-84.003,18.163
yaw055_pitch-070,55,-70,72.431,-63.757,17.431
yaw055_pitch-065,55,-65,69.751,-56.418,14.751
yaw055_pitch-060,55,-60,67.686,-55.148,12.686
yaw055_pitch-055,55,-55,65.973,-51.304,10.973
yaw055_pitch-050,55,-50,62.389,-49.114,7.389
yaw055_pitch-045,55,-45,61.671,-50.046,6.671
yaw055_pitch-040,55,-40,58.228,-50.256,3.228
yaw055_pitch-035,55,-35,58.738,-48.070,3.738
yaw055_pitch-030,55,-30,59.486,-48.073,4.486
yaw055_pitch-025,55,-25,58.202,-48.894,3.202
yaw055_pitch-020,55,-20,58.491,-48.089,3.491
yaw055_pitch-015,55,-15,56.579,-50.109,1.579
yaw055_pitch-010,55,-10,57.779,-46.467,2.779
yaw055_pitch-005,55,-5,56.574,-43.008,1.574
yaw055_pitch+000,55,0,54.882,-38.164,0.118
yaw055_pitch+005,55,5,48.957,-33.331,6.043
yaw055_pitch+010,55,10,44.790,-21.387,10.210
yaw055_pitch+015,55,15,40.599,-15.582,14.401
yaw055_pitch+020,55,20,39.255,-9.837,15.745
yaw055_pitch+025,55,25,39.617,-4.836,15.383
yaw055_pitch+030,55,30,39.006,1.848,15.994
yaw055_pitch+035,55,35,37.086,9.194,17.914
yaw055_pitch+040,55,40,35.981,15.597,19.019
yaw055_pitch+045,55,45,35.053,19.178,19.947
yaw055_pitch+050,55,50,31.685,27.715,23.315
yaw055_pitch+055,55,55,32.596,39.131,22.404
yaw055_pitch+060,55,60,27.909,47.451,27.091
yaw055_pitch+065,55,65,23.223,50.351,31.777
yaw055_pitch+070,55,70,16.925,53.309,38.075
yaw055_pitch+075,55,75,18.882,67.368,36.118
yaw055_pitch+080,55,80,16.305,74.281,38.695
yaw055_pitch+085,55,85,19.278,85.622,35.722
yaw055_pitch+090,55,90,16.829,90.000,38.171
yaw060_pitch-090,60,-90,93.292,-87.641,33.292
yaw060_pitch-085,60,-85,86.597,-84.632,26.597
yaw060_pitch-080,60,-80,78.749,-85.248,18.749
yaw060_pitch-075,60,-75,75.768,-77.248,15.768
yaw060_pitch-070,60,-70,73.258,-67.575,13.258
yaw060_pitch-065,60,-65,72.843,-58.479,12.843
yaw060_pitch-060,60,-60,72.033,-56.289,12.033
yaw060_pitch-055,60,-55,69.568,-52.520,9.568
yaw060_pitch-050,60,-50,66.089,-49.598,6.089
yaw060_pitch-045,60,-45,65.088,-51.213,5.088
yaw060_pitch-040,60,-40,63.211,-48.184,3.211
yaw060_pitch-035,60,-35,65.884,-46.875,5.884
yaw060_pitch-030,60,-30,63.112,-46.053,3.112
yaw060_pitch-025,60,-25,64.367,-48.206,4.367
yaw060_pitch-020,60,-20,67.078,-48.307,7.078
yaw060_pitch-015,60,-15,62.509,-48.832,2.509
yaw060_pitch-010,60,-10,62.061,-47.953,2.061
yaw060_pitch-005,60,-5,64.192,-42.638,4.192
yaw060_pitch+000,60,0,57.450,-39.943,2.550
yaw060_pitch+005,60,5,57.015,-32.962,2.985
yaw060_pitch+010,60,10,49.753,-22.314,10.247
yaw060_pitch+015,60,15,44.289,-16.167,15.711
yaw060_pitch+020,60,20,42.253,-7.259,17.747
yaw060_pitch+025,60,25,40.933,-6.215,19.067
yaw060_pitch+030,60,30,40.717,0.245,19.283
yaw060_pitch+035,60,35,38.856,8.930,21.144
yaw060_pitch+040,60,40,37.819,14.303,22.181
yaw060_pitch+045,60,45,36.814,20.319,23.186
yaw060_pitch+050,60,50,36.104,30.400,23.896
yaw060_pitch+055,60,55,35.584,40.304,24.416
yaw060_pitch+060,60,60,30.439,45.205,29.561
yaw060_pitch+065,60,65,24.861,52.909,35.139
yaw060_pitch+070,60,70,23.732,56.123,36.268
yaw060_pitch+075,60,75,24.326,64.690,35.674
yaw060_pitch+080,60,80,23.999,73.470,36.001
yaw060_pitch+085,60,85,22.714,87.453,37.286
yaw060_pitch+090,60,90,24.377,90.000,35.623
yaw065_pitch-090,65,-90,92.239,-78.596,27.239
yaw065_pitch-085,65,-85,88.087,-83.052,23.087
yaw065_pitch-080,65,-80,81.171,-80.931,16.171
yaw065_pitch-075,65,-75,83.119,-72.364,18.119
yaw065_pitch-070,65,-70,77.756,-62.756,12.756
yaw065_pitch-065,65,-65,78.384,-58.124,13.384
yaw065_pitch-060,65,-60,77.557,-53.432,12.557
yaw065_pitch-055,65,-55,75.781,-53.010,10.781
yaw065_pitch-050,65,-50,70.853,-49.830,5.853
yaw065_pitch-045,65,-45,72.084,-47.624,7.084
yaw065_pitch-040,65,-40,69.439,-48.359,4.439
yaw065_pitch-035,65,-35,69.681,-46.383,4.681
yaw065_pitch-030,65,-30,68.664,-45.288,3.664
yaw065_pitch-025,65,-25,72.312,-46.154,7.312
yaw065_pitch-020,65,-20,76.311,-46.188,11.311
yaw065_pitch-015,65,-15,70.800,-48.431,5.800
yaw065_pitch-010,65,-10,63.026,-48.157,1.974
yaw065_pitch-005,65,-5,64.320,-43.104,0.680
yaw065_pitch+000,65,0,58.737,-39.369,6.263
yaw065_pitch+005,65,5,53.672,-34.866,11.328
yaw065_pitch+010,65,10,53.228,-22.105,11.772
yaw065_pitch+015,65,15,47.666,-15.134,17.334
yaw065_pitch+020,65,20,45.112,-11.660,19.888
yaw065_pitch+025,65,25,43.362,-7.611,21.638
yaw065_pitch+030,65,30,42.167,-3.183,22.833
yaw065_pitch+035,65,35,40.517,7.606,24.483
yaw065_pitch+040,65,40,38.741,14.704,26.259
yaw065_pitch+045,65,45,38.368,21.188,26.632
yaw065_pitch+050,65,50,38.142,36.931,26.858
yaw065_pitch+055,65,55,38.273,39.199,26.727
yaw065_pitch+060,65,60,33.758,45.998,31.242
yaw065_pitch+065,65,65,29.202,47.862,35.798
yaw065_pitch+070,65,70,28.487,52.069,36.513
yaw065_pitch+075,65,75,29.036,66.376,35.964
yaw065_pitch+080,65,80,27.651,73.446,37.349
yaw065_pitch+085,65,85,29.379,86.357,35.621
yaw065_pitch+090,65,90,26.373,90.000,38.627
yaw070_pitch-090,70,-90,97.175,-84.111,27.175
yaw070_pitch-085,70,-85,92.788,-80.344,22.788
yaw070_pitch-080,70,-80,89.446,-80.319,19.446
yaw070_pitch-075,70,-75,88.884,-73.074,18.884
yaw070_pitch-070,70,-70,86.548,-66.265,16.548
yaw070_pitch-065,70,-65,85.916,-59.909,15.916
yaw070_pitch-060,70,-60,84.495,-51.145,14.495
yaw070_pitch-055,70,-55,81.299,-51.201,11.299
yaw070_pitch-050,70,-50,76.162,-50.716,6.162
yaw070_pitch-045,70,-45,76.246,-48.553,6.246
yaw070_pitch-040,70,-40,79.011,-46.561,9.011
yaw070_pitch-035,70,-35,76.231,-47.000,6.231
yaw070_pitch-030,70,-30,77.129,-46.002,7.129
yaw070_pitch-025,70,-25,77.997,-47.275,7.997
yaw070_pitch-020,70,-20,77.949,-46.097,7.949
yaw070_pitch-015,70,-15,75.513,-45.910,5.513
yaw070_pitch-010,70,-10,69.059,-48.609,0.941
yaw070_pitch-005,70,-5,64.752,-45.382,5.248
yaw070_pitch+000,70,0,62.846,-36.722,7.154
yaw070_pitch+005,70,5,57.027,-33.630,12.973
yaw070_pitch+010,70,10,55.308,-22.155,14.692
yaw070_pitch+015,70,15,51.900,-15.637,18.100
yaw070_pitch+020,70,20,48.136,-9.360,21.864
yaw070_pitch+025,70,25,46.575,-9.878,23.425
yaw070_pitch+030,70,30,45.176,-3.669,24.824
yaw070_pitch+035,70,35,43.212,6.770,26.788
yaw070_pitch+040,70,40,40.227,12.361,29.773
yaw070_pitch+045,70,45,39.681,31.645,30.319
yaw070_pitch+050,70,50,41.199,32.700,28.801
yaw070_pitch+055,70,55,41.911,38.442,28.089
yaw070_pitch+060,70,60,37.405,42.564,32.595
yaw070_pitch+065,70,65,31.535,45.860,38.465
yaw070_pitch+070,70,70,32.081,51.042,37.919
yaw070_pitch+075,70,75,34.147,63.974,35.853
yaw070_pitch+080,70,80,33.009,74.828,36.991
yaw070_pitch+085,70,85,35.051,85.534,34.949
yaw070_pitch+090,70,90,35.567,90.000,34.433
yaw075_pitch-090,75,-90,96.280,-80.720,21.280
yaw075_pitch-085,75,-85,97.773,-79.204,22.773
yaw075_pitch-080,75,-80,96.408,-76.122,21.408
yaw075_pitch-075,75,-75,98.609,-72.358,23.609
yaw075_pitch-070,75,-70,96.642,-67.643,21.642
yaw075_pitch-065,75,-65,95.709,-57.326,20.709
yaw075_pitch-060,75,-60,90.061,-53.041,15.061
yaw075_pitch-055,75,-55,86.993,-50.552,11.993
yaw075_pitch-050,75,-50,83.980,-50.716,8.980
yaw075_pitch-045,75,-45,84.396,-48.399,9.396
yaw075_pitch-040,75,-40,83.527,-48.048,8.527
yaw075_pitch-035,75,-35,81.637,-46.429,6.637
yaw075_pitch-030,75,-30,83.106,-47.090,8.106
yaw075_pitch-025,75,-25,83.363,-46.253,8.363
yaw075_pitch-020,75,-20,79.201,-46.929,4.201
yaw075_pitch-015,75,-15,87.370,-44.897,12.370
yaw075_pitch-010,75,-10,72.048,-48.631,2.952
yaw075_pitch-005,75,-5,71.420,-44.775,3.580
yaw075_pitch+000,75,0,64.713,-40.886,10.287
yaw075_pitch+005,75,5,62.907,-35.085,12.093
yaw075_pitch+010,75,10,62.744,-23.428,12.256
yaw075_pitch+015,75,15,56.901,-13.207,18.099
yaw075_pitch+020,75,20,52.827,-9.781,22.173
yaw075_pitch+025,75,25,49.440,-10.064,25.560
yaw075_pitch+030,75,30,49.952,-3.411,25.048
yaw075_pitch+035,75,35,47.594,4.720,27.406
yaw075_pitch+040,75,40,42.695,11.836,32.305
yaw075_pitch+045,75,45,42.811,22.415,32.189
yaw075_pitch+050,75,50,44.863,31.143,30.137
yaw075_pitch+055,75,55,46.144,34.362,28.856
yaw075_pitch+060,75,60,40.833,42.624,34.167
yaw075_pitch+065,75,65,37.662,44.365,37.338
yaw075_pitch+070,75,70,38.096,48.577,36.904
yaw075_pitch+075,75,75,38.624,63.650,36.376
yaw075_pitch+080,75,80,38.725,73.478,36.275
yaw075_pitch+085,75,85,40.181,82.347,34.819
yaw075_pitch+090,75,90,43.294,90.000,31.706
yaw080_pitch-090,80,-90,99.942,-79.638,19.942
yaw080_pitch-085,80,-85,98.309,-84.778,18.309
yaw080_pitch-080,80,-80,104.021,-76.547,24.021
yaw080_pitch-075,80,-75,102.316,-72.444,22.316
yaw080_pitch-070,80,-70,103.986,-63.992,23.986
yaw080_pitch-065,80,-65,99.339,-57.688,19.339
yaw080_pitch-060,80,-60,98.116,-51.489,18.116
yaw080_pitch-055,80,-55,96.397,-49.840,16.397
yaw080_pitch-050,80,-50,89.488,-49.427,9.488
yaw080_pitch-045,80,-45,92.090,-47.081,12.090
yaw080_pitch-040,80,-40,93.094,-48.622,13.094
yaw080_pitch-035,80,-35,91.658,-47.791,11.658
yaw080_pitch-030,80,-30,97.434,-46.081,17.434
yaw080_pitch-025,80,-25,92.200,-46.238,12.200
yaw080_pitch-020,80,-20,95.884,-46.433,15.884
yaw080_pitch-015,80,-15,84.313,-44.294,4.313
yaw080_pitch-010,80,-10,81.661,-46.704,1.661
yaw080_pitch-005,80,-5,79.657,-43.876,0.343
yaw080_pitch+000,80,0,72.405,-39.914,7.595
yaw080_pitch+005,80,5,67.493,-30.827,12.507
yaw080_pitch+010,80,10,63.004,-20.372,16.996
yaw080_pitch+015,80,15,62.161,-12.427,17.839
yaw080_pitch+020,80,20,59.479,-9.832,20.521
yaw080_pitch+025,80,25,54.839,-7.399,25.161
yaw080_pitch+030,80,30,55.829,-6.817,24.171
yaw080_pitch+035,80,35,50.896,0.316,29.104
yaw080_pitch+040,80,40,48.268,13.908,31.732
yaw080_pitch+045,80,45,48.559,25.943,31.441
yaw080_pitch+050,80,50,48.125,28.573,31.875
yaw080_pitch+055,80,55,49.426,32.558,30.574
yaw080_pitch+060,80,60,44.497,37.883,35.503
yaw080_pitch+065,80,65,43.938,43.079,36.062
yaw080_pitch+070,80,70,44.545,47.405,35.455
yaw080_pitch+075,80,75,46.299,59.341,33.701
yaw080_pitch+080,80,80,44.747,70.926,35.253
yaw080_pitch+085,80,85,48.581,79.547,31.419
yaw080_pitch+090,80,90,51.505,90.000,28.495
yaw085_pitch-090,85,-90,107.256,-73.792,22.256
yaw085_pitch-085,85,-85,107.802,-79.164,22.802
yaw085_pitch-080,85,-80,108.018,-76.011,23.018
yaw085_pitch-075,85,-75,109.139,-72.288,24.139
yaw085_pitch-070,85,-70,109.024,-61.884,24.024
yaw085_pitch-065,85,-65,107.083,-57.173,22.083
yaw085_pitch-060,85,-60,104.472,-54.416,19.472
yaw085_pitch-055,85,-55,102.520,-50.713,17.520
yaw085_pitch-050,85,-50,100.434,-50.284,15.434
yaw085_pitch-045,85,-45,101.018,-47.839,16.018
yaw085_pitch-040,85,-40,103.165,-47.736,18.165
yaw085_pitch-035,85,-35,104.546,-47.534,19.546
yaw085_pitch-030,85,-30,105.821,-47.714,20.821
yaw085_pitch-025,85,-25,105.410,-47.109,20.410
yaw085_pitch-020,85,-20,104.662,-45.300,19.662
yaw085_pitch-015,85,-15,98.184,-46.744,13.184
yaw085_pitch-010,85,-10,92.990,-45.859,7.990
yaw085_pitch-005,85,-5,83.897,-43.566,1.103
yaw085_pitch+000,85,0,79.217,-38.760,5.783
yaw085_pitch+005,85,5,78.319,-30.655,6.681
yaw085_pitch+010,85,10,68.589,-20.004,16.411
yaw085_pitch+015,85,15,68.136,-12.498,16.864
yaw085_pitch+020,85,20,64.950,-7.951,20.050
yaw085_pitch+025,85,25,60.742,-3.923,24.258
yaw085_pitch+030,85,30,58.036,-2.116,26.964
yaw085_pitch+035,85,35,55.343,4.528,29.657
yaw085_pitch+040,85,40,54.076,12.124,30.924
yaw085_pitch+045,85,45,53.139,24.244,31.861
yaw085_pitch+050,85,50,54.113,26.174,30.887
yaw085_pitch+055,85,55,53.673,30.452,31.327
yaw085_pitch+060,85,60,51.670,33.472,33.330
yaw085_pitch+065,85,65,51.585,39.946,33.415
yaw085_pitch+070,85,70,52.521,45.910,32.479
yaw085_pitch+075,85,75,51.843,54.902,33.157
yaw085_pitch+080,85,80,50.486,67.866,34.514
yaw085_pitch+085,85,85,54.572,77.870,30.428
yaw085_pitch+090,85,90,57.183,88.312,27.817
yaw090_pitch-090,90,-90,111.589,-77.824,21.589
yaw090_pitch-085,90,-85,111.677,-79.719,21.677
yaw090_pitch-080,90,-80,115.256,-76.593,25.256
yaw090_pitch-075,90,-75,115.641,-72.211,25.641
yaw090_pitch-070,90,-70,117.744,-64.428,27.744
yaw090_pitch-065,90,-65,114.355,-59.758,24.355
yaw090_pitch-060,90,-60,112.118,-55.180,22.118
yaw090_pitch-055,90,-55,111.337,-52.545,21.337
yaw090_pitch-050,90,-50,111.685,-50.853,21.685
yaw090_pitch-045,90,-45,111.997,-49.066,21.997
yaw090_pitch-040,90,-40,113.104,-48.430,23.104
yaw090_pitch-035,90,-35,116.392,-48.648,26.392
yaw090_pitch-030,90,-30,116.767,-49.209,26.767
yaw090_pitch-025,90,-25,118.242,-47.782,28.242
yaw090_pitch-020,90,-20,117.772,-47.825,27.772
yaw090_pitch-015,90,-15,116.111,-47.048,26.111
yaw090_pitch-010,90,-10,101.396,-46.552,11.396
yaw090_pitch-005,90,-5,99.715,-42.703,9.715
yaw090_pitch+000,90,0,94.669,-39.369,4.669
yaw090_pitch+005,90,5,68.197,-33.851,21.803
yaw090_pitch+010,90,10,69.674,-19.555,20.326
yaw090_pitch+015,90,15,69.797,-9.471,20.203
yaw090_pitch+020,90,20,66.916,-2.451,23.084
yaw090_pitch+025,90,25,62.275,2.276,27.725
yaw090_pitch+030,90,30,61.919,5.862,28.081
yaw090_pitch+035,90,35,59.696,7.545,30.304
yaw090_pitch+040,90,40,59.711,12.010,30.289
yaw090_pitch+045,90,45,59.828,20.466,30.172
yaw090_pitch+050,90,50,60.562,25.772,29.438
yaw090_pitch+055,90,55,59.988,27.357,30.012
yaw090_pitch+060,90,60,59.849,32.305,30.151
yaw090_pitch+065,90,65,61.308,39.072,28.692
yaw090_pitch+070,90,70,62.072,43.857,27.928
yaw090_pitch+075,90,75,61.367,52.880,28.633
yaw090_pitch+080,90,80,59.422,68.016,30.578
yaw090_pitch+085,90,85,58.626,77.024,31.374
yaw090_pitch+090,90,90,60.733,89.931,29.267
yaw095_pitch-090,95,-90,114.650,-75.236,19.650
yaw095_pitch-085,95,-85,118.081,-77.637,23.081
yaw095_pitch-080,95,-80,122.028,-74.223,27.028
yaw095_pitch-075,95,-75,122.019,-70.499,27.019
yaw095_pitch-070,95,-70,119.785,-66.436,24.785
yaw095_pitch-065,95,-65,118.513,-59.169,23.513
yaw095_pitch-060,95,-60,115.464,-53.583,20.464
yaw095_pitch-055,95,-55,115.576,-50.928,20.576
yaw095_pitch-050,95,-50,113.808,-49.547,18.808
yaw095_pitch-045,95,-45,116.257,-49.203,21.257
yaw095_pitch-040,95,-40,121.461,-49.295,26.461
yaw095_pitch-035,95,-35,123.258,-50.783,28.258
yaw095_pitch-030,95,-30,126.705,-50.472,31.705
yaw095_pitch-025,95,-25,125.731,-50.078,30.731
yaw095_pitch-020,95,-20,127.239,-48.762,32.239
yaw095_pitch-015,95,-15,123.419,-46.224,28.419
yaw095_pitch-010,95,-10,112.875,-45.849,17.875
yaw095_pitch-005,95,-5,101.882,-43.698,6.882
yaw095_pitch+000,95,0,85.958,-38.073,9.042
yaw095_pitch+005,95,5,70.351,-34.946,24.649
yaw095_pitch+010,95,10,69.228,-19.468,25.772
yaw095_pitch+015,95,15,67.633,-7.650,27.367
yaw095_pitch+020,95,20,66.936,-1.312,28.064
yaw095_pitch+025,95,25,65.420,3.750,29.580
yaw095_pitch+030,95,30,63.293,5.366,31.707
yaw095_pitch+035,95,35,64.593,9.034,30.407
yaw095_pitch+040,95,40,67.075,12.190,27.925
yaw095_pitch+045,95,45,69.097,17.990,25.903
yaw095_pitch+050,95,50,66.378,23.490,28.622
yaw095_pitch+055,95,55,68.130,27.809,26.870
yaw095_pitch+060,95,60,71.167,30.113,23.833
yaw095_pitch+065,95,65,69.404,35.822,25.596
yaw095_pitch+070,95,70,68.509,44.470,26.491
yaw095_pitch+075,95,75,70.114,53.537,24.886
yaw095_pitch+080,95,80,66.582,68.139,28.418
yaw095_pitch+085,95,85,64.745,78.892,30.255
yaw095_pitch+090,95,90,63.456,90.000,31.544
yaw100_pitch-090,100,-90,124.489,-72.204,24.489
yaw100_pitch-085,100,-85,123.665,-77.688,23.665
yaw100_pitch-080,100,-80,124.305,-76.135,24.305
yaw100_pitch-075,100,-75,124.532,-69.342,24.532
yaw100_pitch-070,100,-70,125.594,-60.106,25.594
yaw100_pitch-065,100,-65,125.015,-56.319,25.015
yaw100_pitch-060,100,-60,122.800,-51.625,22.800
yaw100_pitch-055,100,-55,119.481,-48.818,19.481
yaw100_pitch-050,100,-50,117.670,-47.557,17.670
yaw100_pitch-045,100,-45,121.378,-48.736,21.378
yaw100_pitch-040,100,-40,124.060,-49.274,24.060
yaw100_pitch-035,100,-35,126.443,-50.488,26.443
yaw100_pitch-030,100,-30,127.933,-51.477,27.933
yaw100_pitch-025,100,-25,126.467,-50.944,26.467
yaw100_pitch-020,100,-20,126.029,-49.693,26.029
yaw100_pitch-015,100,-15,123.305,-49.033,23.305
yaw100_pitch-010,100,-10,116.767,-46.897,16.767
yaw100_pitch-005,100,-5,95.287,-44.149,4.713
yaw100_pitch+000,100,0,80.725,-39.213,19.275
yaw100_pitch+005,100,5,71.994,-33.055,28.006
yaw100_pitch+010,100,10,66.615,-18.951,33.385
yaw100_pitch+015,100,15,65.151,-5.712,34.849
yaw100_pitch+020,100,20,65.122,-0.301,34.878
yaw100_pitch+025,100,25,65.794,1.837,34.206
yaw100_pitch+030,100,30,67.219,3.550,32.781
yaw100_pitch+035,100,35,68.688,6.739,31.312
yaw100_pitch+040,100,40,71.580,8.639,28.420
yaw100_pitch+045,100,45,73.921,18.158,26.079
yaw100_pitch+050,100,50,73.031,21.211,26.969
yaw100_pitch+055,100,55,74.298,27.397,25.702
yaw100_pitch+060,100,60,74.461,32.133,25.539
yaw100_pitch+065,100,65,77.098,35.836,22.902
yaw100_pitch+070,100,70,77.679,48.015,22.321
yaw100_pitch+075,100,75,77.355,57.405,22.645
yaw100_pitch+080,100,80,75.087,69.211,24.913
yaw100_pitch+085,100,85,70.784,79.811,29.216
yaw100_pitch+090,100,90,70.473,90.000,29.527
yaw105_pitch-090,105,-90,128.709,-76.102,23.709
yaw105_pitch-085,105,-85,124.632,-76.803,19.632
yaw105_pitch-080,105,-80,125.943,-70.520,20.943
yaw105_pitch-075,105,-75,127.253,-70.939,22.253
yaw105_pitch-070,105,-70,130.848,-66.340,25.848
yaw105_pitch-065,105,-65,132.144,-55.388,27.144
yaw105_pitch-060,105,-60,127.385,-50.590,22.385
yaw105_pitch-055,105,-55,126.729,-47.494,21.729
yaw105_pitch-050,105,-50,123.826,-47.211,18.826
yaw105_pitch-045,105,-45,126.439,-47.409,21.439
yaw105_pitch-040,105,-40,127.507,-48.391,22.507
yaw105_pitch-035,105,-35,126.112,-50.627,21.112
yaw105_pitch-030,105,-30,127.902,-49.229,22.902
yaw105_pitch-025,105,-25,124.886,-51.808,19.886
yaw105_pitch-020,105,-20,123.451,-51.206,18.451
yaw105_pitch-015,105,-15,111.598,-51.719,6.598
yaw105_pitch-010,105,-10,107.026,-49.677,2.026
yaw105_pitch-005,105,-5,87.002,-45.408,17.998
yaw105_pitch+000,105,0,74.335,-42.204,30.665
yaw105_pitch+005,105,5,67.704,-34.619,37.296
yaw105_pitch+010,105,10,66.970,-19.232,38.030
yaw105_pitch+015,105,15,66.425,-7.504,38.575
yaw105_pitch+020,105,20,69.157,-1.896,35.843
yaw105_pitch+025,105,25,70.397,-0.623,34.603
yaw105_pitch+030,105,30,74.480,1.769,30.520
yaw105_pitch+035,105,35,75.486,4.502,29.514
yaw105_pitch+040,105,40,77.600,7.030,27.400
yaw105_pitch+045,105,45,80.225,11.751,24.775
yaw105_pitch+050,105,50,80.085,19.288,24.915
yaw105_pitch+055,105,55,80.418,26.316,24.582
yaw105_pitch+060,105,60,80.657,30.639,24.343
yaw105_pitch+065,105,65,81.816,37.444,23.184
yaw105_pitch+070,105,70,81.792,46.307,23.208
yaw105_pitch+075,105,75,82.617,59.139,22.383
yaw105_pitch+080,105,80,79.182,70.161,25.818
yaw105_pitch+085,105,85,78.947,78.605,26.053
yaw105_pitch+090,105,90,78.395,90.000,26.605
yaw110_pitch-090,110,-90,131.389,-75.514,21.389
yaw110_pitch-085,110,-85,124.610,-77.958,14.610
yaw110_pitch-080,110,-80,125.207,-67.668,15.207
yaw110_pitch-075,110,-75,129.127,-56.704,19.127
yaw110_pitch-070,110,-70,127.880,-55.129,17.880
yaw110_pitch-065,110,-65,129.756,-55.852,19.756
yaw110_pitch-060,110,-60,134.025,-49.108,24.025
yaw110_pitch-055,110,-55,130.215,-46.566,20.215
yaw110_pitch-050,110,-50,130.483,-46.637,20.483
yaw110_pitch-045,110,-45,131.345,-47.724,21.345
yaw110_pitch-040,110,-40,127.736,-50.142,17.736
yaw110_pitch-035,110,-35,128.010,-50.924,18.010
yaw110_pitch-030,110,-30,128.161,-50.956,18.161
yaw110_pitch-025,110,-25,125.944,-50.597,15.944
yaw110_pitch-020,110,-20,122.220,-50.873,12.220
yaw110_pitch-015,110,-15,107.555,-51.831,2.445
yaw110_pitch-010,110,-10,95.976,-53.032,14.024
yaw110_pitch-005,110,-5,77.956,-49.263,32.044
yaw110_pitch+000,110,0,71.989,-44.683,38.011
yaw110_pitch+005,110,5,68.272,-38.170,41.728
yaw110_pitch+010,110,10,65.804,-21.053,44.196
yaw110_pitch+015,110,15,70.631,-7.075,39.369
yaw110_pitch+020,110,20,73.880,-2.797,36.120
yaw110_pitch+025,110,25,74.899,-2.789,35.101
yaw110_pitch+030,110,30,81.442,1.926,28.558
yaw110_pitch+035,110,35,84.172,1.583,25.828
yaw110_pitch+040,110,40,83.511,5.213,26.489
yaw110_pitch+045,110,45,84.859,10.397,25.141
yaw110_pitch+050,110,50,82.130,19.869,27.870
yaw110_pitch+055,110,55,87.520,23.661,22.480
yaw110_pitch+060,110,60,88.331,29.991,21.669
yaw110_pitch+065,110,65,88.034,35.426,21.966
yaw110_pitch+070,110,70,85.731,49.077,24.269
yaw110_pitch+075,110,75,89.074,61.342,20.926
yaw110_pitch+080,110,80,88.913,70.676,21.087
yaw110_pitch+085,110,85,90.008,79.700,19.992
yaw110_pitch+090,110,90,82.259,87.577,27.741
yaw115_pitch-090,115,-90,132.905,-71.854,17.905
yaw115_pitch-085,115,-85,129.065,-74.022,14.065
yaw115_pitch-080,115,-80,134.512,-52.658,19.512
yaw115_pitch-075,115,-75,134.973,-46.734,19.973
yaw115_pitch-070,115,-70,134.400,-49.540,19.400
yaw115_pitch-065,115,-65,129.733,-53.886,14.733
yaw115_pitch-060,115,-60,141.894,-49.945,26.894
yaw115_pitch-055,115,-55,138.090,-48.343,23.090
yaw115_pitch-050,115,-50,136.016,-49.126,21.016
yaw115_pitch-045,115,-45,134.271,-50.193,19.271
yaw115_pitch-040,115,-40,134.230,-51.631,19.230
yaw115_pitch-035,115,-35,131.018,-50.743,16.018
yaw115_pitch-030,115,-30,129.282,-50.245,14.282
yaw115_pitch-025,115,-25,125.190,-51.080,10.190
yaw115_pitch-020,115,-20,120.148,-51.171,5.148
yaw115_pitch-015,115,-15,104.559,-50.748,10.441
yaw115_pitch-010,115,-10,83.062,-51.731,31.938
yaw115_pitch-005,115,-5,73.252,-50.108,41.748
yaw115_pitch+000,115,0,70.574,-44.923,44.426
yaw115_pitch+005,115,5,69.056,-38.787,45.944
yaw115_pitch+010,115,10,74.523,-24.188,40.477
yaw115_pitch+015,115,15,80.422,-7.809,34.578
yaw115_pitch+020,115,20,86.038,-1.012,28.962
yaw115_pitch+025,115,25,85.725,-2.625,29.275
yaw115_pitch+030,115,30,90.129,0.466,24.871
yaw115_pitch+035,115,35,95.265,1.537,19.735
yaw115_pitch+040,115,40,91.455,5.902,23.545
yaw115_pitch+045,115,45,88.895,11.816,26.105
yaw115_pitch+050,115,50,91.590,17.738,23.410
yaw115_pitch+055,115,55,92.735,24.765,22.265
yaw115_pitch+060,115,60,93.536,30.684,21.464
yaw115_pitch+065,115,65,94.174,37.236,20.826
yaw115_pitch+070,115,70,91.257,48.093,23.743
yaw115_pitch+075,115,75,88.628,63.558,26.372
yaw115_pitch+080,115,80,94.160,69.956,20.840
yaw115_pitch+085,115,85,87.371,79.090,27.629
yaw115_pitch+090,115,90,88.156,86.284,26.844
yaw120_pitch-090,120,-90,139.112,-70.058,19.112
yaw120_pitch-085,120,-85,141.121,-72.310,21.121
yaw120_pitch-080,120,-80,134.007,-57.816,14.007
yaw120_pitch-075,120,-75,134.719,-52.388,14.719
yaw120_pitch-070,120,-70,132.005,-55.836,12.005
yaw120_pitch-065,120,-65,142.772,-58.405,22.772
yaw120_pitch-060,120,-60,143.350,-51.008,23.350
yaw120_pitch-055,120,-55,141.926,-49.772,21.926
yaw120_pitch-050,120,-50,139.958,-51.153,19.958
yaw120_pitch-045,120,-45,136.959,-55.794,16.959
yaw120_pitch-040,120,-40,135.239,-55.570,15.239
yaw120_pitch-035,120,-35,133.008,-52.729,13.008
yaw120_pitch-030,120,-30,129.099,-51.299,9.099
yaw120_pitch-025,120,-25,117.715,-51.233,2.285
yaw120_pitch-020,120,-20,105.836,-50.989,14.164
yaw120_pitch-015,120,-15,87.591,-48.991,32.409
yaw120_pitch-010,120,-10,79.305,-49.248,40.695
yaw120_pitch-005,120,-5,73.009,-46.928,46.991
yaw120_pitch+000,120,0,70.981,-41.519,49.019
yaw120_pitch+005,120,5,69.799,-37.135,50.201
yaw120_pitch+010,120,10,78.490,-25.069,41.510
yaw120_pitch+015,120,15,83.355,-12.832,36.645
yaw120_pitch+020,120,20,91.718,-5.771,28.282
yaw120_pitch+025,120,25,96.013,-3.523,23.987
yaw120_pitch+030,120,30,97.913,0.326,22.087
yaw120_pitch+035,120,35,102.315,2.790,17.685
yaw120_pitch+040,120,40,100.460,5.049,19.540
yaw120_pitch+045,120,45,100.634,11.672,19.366
yaw120_pitch+050,120,50,101.470,17.202,18.530
yaw120_pitch+055,120,55,106.789,22.671,13.211
yaw120_pitch+060,120,60,105.687,28.560,14.313
yaw120_pitch+065,120,65,98.336,38.671,21.664
yaw120_pitch+070,120,70,98.141,51.754,21.859
yaw120_pitch+075,120,75,96.510,65.267,23.490
yaw120_pitch+080,120,80,97.004,71.713,22.996
yaw120_pitch+085,120,85,97.002,80.671,22.998
yaw120_pitch+090,120,90,103.062,87.789,16.938
yaw125_pitch-090,125,-90,146.126,-72.727,21.126
yaw125_pitch-085,125,-85,155.283,-76.662,30.283
yaw125_pitch-080,125,-80,138.514,-71.035,13.514
yaw125_pitch-075,125,-75,135.634,-65.358,10.634
yaw125_pitch-070,125,-70,149.585,-62.022,24.585
yaw125_pitch-065,125,-65,146.392,-59.896,21.392
yaw125_pitch-060,125,-60,144.354,-56.348,19.354
yaw125_pitch-055,125,-55,143.490,-52.144,18.490
yaw125_pitch-050,125,-50,140.903,-52.492,15.903
yaw125_pitch-045,125,-45,139.904,-54.049,14.904
yaw125_pitch-040,125,-40,135.693,-54.490,10.693
yaw125_pitch-035,125,-35,134.153,-51.702,9.153
yaw125_pitch-030,125,-30,127.577,-51.033,2.577
yaw125_pitch-025,125,-25,110.144,-51.436,14.856
yaw125_pitch-020,125,-20,95.270,-50.286,29.730
yaw125_pitch-015,125,-15,87.535,-49.197,37.465
yaw125_pitch-010,125,-10,77.920,-47.430,47.080
yaw125_pitch-005,125,-5,70.911,-45.095,54.089
yaw125_pitch+000,125,0,71.136,-41.068,53.864
yaw125_pitch+005,125,5,74.298,-33.891,50.702
yaw125_pitch+010,125,10,82.534,-25.658,42.466
yaw125_pitch+015,125,15,92.846,-15.272,32.154
yaw125_pitch+020,125,20,96.495,-12.424,28.505
yaw125_pitch+025,125,25,102.347,-0.854,22.653
yaw125_pitch+030,125,30,105.476,1.403,19.524
yaw125_pitch+035,125,35,107.945,4.461,17.055
yaw125_pitch+040,125,40,109.875,7.182,15.125
yaw125_pitch+045,125,45,111.630,11.653,13.370
yaw125_pitch+050,125,50,111.371,18.732,13.629
yaw125_pitch+055,125,55,114.737,22.660,10.263
yaw125_pitch+060,125,60,111.025,25.985,13.975
yaw125_pitch+065,125,65,107.110,35.378,17.890
yaw125_pitch+070,125,70,105.092,48.904,19.908
yaw125_pitch+075,125,75,104.034,63.437,20.966
yaw125_pitch+080,125,80,103.627,72.286,21.373
yaw125_pitch+085,125,85,100.085,82.089,24.915
yaw125_pitch+090,125,90,98.486,86.865,26.514
yaw130_pitch-090,130,-90,152.315,-73.138,22.315
yaw130_pitch-085,130,-85,151.944,-86.105,21.944
yaw130_pitch-080,130,-80,152.443,-77.536,22.443
yaw130_pitch-075,130,-75,150.711,-75.644,20.711
yaw130_pitch-070,130,-70,147.283,-68.929,17.283
yaw130_pitch-065,130,-65,146.444,-61.483,16.444
yaw130_pitch-060,130,-60,146.207,-55.019,16.207
yaw130_pitch-055,130,-55,145.434,-53.469,15.434
yaw130_pitch-050,130,-50,144.889,-52.000,14.889
yaw130_pitch-045,130,-45,143.467,-53.284,13.467
yaw130_pitch-040,130,-40,141.473,-52.573,11.473
yaw130_pitch-035,130,-35,137.437,-50.804,7.437
yaw130_pitch-030,130,-30,126.269,-51.749,3.731
yaw130_pitch-025,130,-25,103.718,-51.446,26.282
yaw130_pitch-020,130,-20,92.324,-48.948,37.676
yaw130_pitch-015,130,-15,80.408,-48.270,49.592
yaw130_pitch-010,130,-10,72.627,-49.266,57.373
yaw130_pitch-005,130,-5,67.943,-43.136,62.057
yaw130_pitch+000,130,0,71.980,-42.213,58.020
yaw130_pitch+005,130,5,79.783,-33.600,50.217
yaw130_pitch+010,130,10,88.455,-23.949,41.545
yaw130_pitch+015,130,15,102.074,-17.546,27.926
yaw130_pitch+020,130,20,106.127,-12.716,23.873
yaw130_pitch+025,130,25,110.558,-8.866,19.442
yaw130_pitch+030,130,30,112.636,-1.292,17.364
yaw130_pitch+035,130,35,110.052,3.534,19.948
yaw130_pitch+040,130,40,114.958,8.167,15.042
yaw130_pitch+045,130,45,116.049,12.587,13.951
yaw130_pitch+050,130,50,118.229,18.145,11.771
yaw130_pitch+055,130,55,118.761,22.130,11.239
yaw130_pitch+060,130,60,116.036,25.262,13.964
yaw130_pitch+065,130,65,112.173,32.083,17.827
yaw130_pitch+070,130,70,107.044,46.432,22.956
yaw130_pitch+075,130,75,102.695,61.886,27.305
yaw130_pitch+080,130,80,101.127,72.114,28.873
yaw130_pitch+085,130,85,98.607,81.510,31.393
yaw130_pitch+090,130,90,104.892,89.176,25.108
yaw135_pitch-090,135,-90,153.167,-79.412,18.167
yaw135_pitch-085,135,-85,150.450,-86.241,15.450
yaw135_pitch-080,135,-80,151.188,-83.290,16.188
yaw135_pitch-075,135,-75,150.247,-80.245,15.247
yaw135_pitch-070,135,-70,149.491,-73.033,14.491
yaw135_pitch-065,135,-65,151.403,-63.916,16.403
yaw135_pitch-060,135,-60,149.770,-57.348,14.770
yaw135_pitch-055,135,-55,147.619,-53.775,12.619
yaw135_pitch-050,135,-50,147.647,-53.340,12.647
yaw135_pitch-045,135,-45,145.358,-53.702,10.358
yaw135_pitch-040,135,-40,142.697,-54.111,7.697
yaw135_pitch-035,135,-35,138.691,-52.055,3.691
yaw135_pitch-030,135,-30,124.986,-52.633,10.014
yaw135_pitch-025,135,-25,105.614,-49.861,29.386
yaw135_pitch-020,135,-20,84.730,-50.769,50.270
yaw135_pitch-015,135,-15,72.208,-51.703,62.792
yaw135_pitch-010,135,-10,68.522,-47.811,66.478
yaw135_pitch-005,135,-5,69.142,-43.313,65.858
yaw135_pitch+000,135,0,72.842,-40.947,62.158
yaw135_pitch+005,135,5,84.651,-33.696,50.349
yaw135_pitch+010,135,10,98.922,-24.598,36.078
yaw135_pitch+015,135,15,108.586,-19.843,26.414
yaw135_pitch+020,135,20,115.770,-11.969,19.230
yaw135_pitch+025,135,25,112.669,-12.555,22.331
yaw135_pitch+030,135,30,113.788,-5.164,21.212
yaw135_pitch+035,135,35,112.375,1.707,22.625
yaw135_pitch+040,135,40,111.720,5.871,23.280
yaw135_pitch+045,135,45,117.624,14.597,17.376
yaw135_pitch+050,135,50,120.897,17.518,14.103
yaw135_pitch+055,135,55,123.317,21.570,11.683
yaw135_pitch+060,135,60,117.891,27.500,17.109
yaw135_pitch+065,135,65,115.089,34.944,19.911
yaw135_pitch+070,135,70,110.267,49.769,24.733
yaw135_pitch+075,135,75,108.440,60.332,26.560
yaw135_pitch+080,135,80,103.428,73.597,31.572
yaw135_pitch+085,135,85,106.576,82.966,28.424
yaw135_pitch+090,135,90,110.378,87.559,24.622
yaw140_pitch-090,140,-90,158.310,-79.042,18.310
yaw140_pitch-085,140,-85,156.276,-89.903,16.276
yaw140_pitch-080,140,-80,157.523,-88.589,17.523
yaw140_pitch-075,140,-75,154.600,-84.644,14.600
yaw140_pitch-070,140,-70,152.269,-75.566,12.269
yaw140_pitch-065,140,-65,152.397,-61.447,12.397
yaw140_pitch-060,140,-60,152.714,-58.717,12.714
yaw140_pitch-055,140,-55,152.536,-52.787,12.536
yaw140_pitch-050,140,-50,150.998,-53.219,10.998
yaw140_pitch-045,140,-45,150.626,-52.791,10.626
yaw140_pitch-040,140,-40,147.304,-51.067,7.304
yaw140_pitch-035,140,-35,141.689,-51.546,1.689
yaw140_pitch-030,140,-30,127.686,-53.101,12.314
yaw140_pitch-025,140,-25,105.287,-52.055,34.713
yaw140_pitch-020,140,-20,80.047,-53.972,59.953
yaw140_pitch-015,140,-15,70.794,-48.060,69.206
yaw140_pitch-010,140,-10,64.737,-49.801,75.263
yaw140_pitch-005,140,-5,66.108,-45.823,73.892
yaw140_pitch+000,140,0,72.205,-36.912,67.795
yaw140_pitch+005,140,5,71.311,-35.217,68.689
yaw140_pitch+010,140,10,86.056,-35.036,53.944
yaw140_pitch+015,140,15,122.584,-30.786,17.416
yaw140_pitch+020,140,20,116.430,-22.453,23.570
yaw140_pitch+025,140,25,122.811,-10.719,17.189
yaw140_pitch+030,140,30,116.182,-5.452,23.818
yaw140_pitch+035,140,35,116.679,3.498,23.321
yaw140_pitch+040,140,40,118.482,7.482,21.518
yaw140_pitch+045,140,45,122.758,12.652,17.242
yaw140_pitch+050,140,50,120.665,16.556,19.335
yaw140_pitch+055,140,55,118.505,22.053,21.495
yaw140_pitch+060,140,60,119.200,25.323,20.800
yaw140_pitch+065,140,65,117.925,36.889,22.075
yaw140_pitch+070,140,70,117.283,47.883,22.717
yaw140_pitch+075,140,75,115.074,63.251,24.926
yaw140_pitch+080,140,80,113.328,73.894,26.672
yaw140_pitch+085,140,85,113.308,81.610,26.692
yaw140_pitch+090,140,90,115.733,86.851,24.267
yaw145_pitch-090,145,-90,168.124,-76.995,23.124
yaw145_pitch-085,145,-85,165.669,-90.000,20.669
yaw145_pitch-080,145,-80,162.593,-87.225,17.593
yaw145_pitch-075,145,-75,161.306,-83.300,16.306
yaw145_pitch-070,145,-70,159.475,-74.034,14.475
yaw145_pitch-065,145,-65,156.099,-62.582,11.099
yaw145_pitch-060,145,-60,154.400,-56.747,9.400
yaw145_pitch-055,145,-55,153.761,-55.863,8.761
yaw145_pitch-050,145,-50,156.018,-51.213,11.018
yaw145_pitch-045,145,-45,155.069,-50.964,10.069
yaw145_pitch-040,145,-40,152.159,-51.740,7.159
yaw145_pitch-035,145,-35,143.554,-53.308,1.446
yaw145_pitch-030,145,-30,132.766,-52.403,12.234
yaw145_pitch-025,145,-25,107.883,-53.018,37.117
yaw145_pitch-020,145,-20,83.453,-52.244,61.547
yaw145_pitch-015,145,-15,68.941,-51.716,76.059
yaw145_pitch-010,145,-10,64.504,-49.623,80.496
yaw145_pitch-005,145,-5,66.320,-44.259,78.680
yaw145_pitch+000,145,0,67.931,-38.557,77.069
yaw145_pitch+005,145,5,60.802,-38.370,84.198
yaw145_pitch+010,145,10,134.809,-39.228,10.191
yaw145_pitch+015,145,15,134.999,-37.616,10.001
yaw145_pitch+020,145,20,133.290,-31.730,11.710
yaw145_pitch+025,145,25,125.806,-10.982,19.194
yaw145_pitch+030,145,30,124.970,-5.979,20.030
yaw145_pitch+035,145,35,123.249,2.581,21.751
yaw145_pitch+040,145,40,123.599,8.880,21.401
yaw145_pitch+045,145,45,123.098,15.902,21.902
yaw145_pitch+050,145,50,115.174,21.112,29.826
yaw145_pitch+055,145,55,115.750,23.138,29.250
yaw145_pitch+060,145,60,114.417,27.470,30.583
yaw145_pitch+065,145,65,115.220,38.024,29.780
yaw145_pitch+070,145,70,115.567,50.219,29.433
yaw145_pitch+075,145,75,117.725,63.697,27.275
yaw145_pitch+080,145,80,122.119,75.442,22.881
yaw145_pitch+085,145,85,122.133,83.246,22.867
yaw145_pitch+090,145,90,121.970,88.282,23.030
yaw150_pitch-090,150,-90,169.794,-80.028,19.794
yaw150_pitch-085,150,-85,167.632,-89.762,17.632
yaw150_pitch-080,150,-80,169.027,-85.886,19.027
yaw150_pitch-075,150,-75,167.794,-80.959,17.794
yaw150_pitch-070,150,-70,164.144,-69.551,14.144
yaw150_pitch-065,150,-65,159.320,-60.092,9.320
yaw150_pitch-060,150,-60,159.352,-55.943,9.352
yaw150_pitch-055,150,-55,161.654,-53.383,11.654
yaw150_pitch-050,150,-50,162.880,-48.423,12.880
yaw150_pitch-045,150,-45,159.429,-52.745,9.429
yaw150_pitch-040,150,-40,153.406,-54.045,3.406
yaw150_pitch-035,150,-35,145.300,-54.304,4.700
yaw150_pitch-030,150,-30,136.084,-52.503,13.916
yaw150_pitch-025,150,-25,112.134,-55.650,37.866
yaw150_pitch-020,150,-20,93.597,-53.373,56.403
yaw150_pitch-015,150,-15,73.650,-53.531,76.350
yaw150_pitch-010,150,-10,65.720,-49.970,84.280
yaw150_pitch-005,150,-5,70.863,-45.123,79.137
yaw150_pitch+000,150,0,65.319,-37.678,84.681
yaw150_pitch+005,150,5,59.206,-38.937,90.794
yaw150_pitch+010,150,10,134.902,-37.208,15.098
yaw150_pitch+015,150,15,135.000,-29.208,15.000
yaw150_pitch+020,150,20,134.268,-30.018,15.732
yaw150_pitch+025,150,25,129.577,-12.622,20.423
yaw150_pitch+030,150,30,129.451,-3.064,20.549
yaw150_pitch+035,150,35,131.878,3.747,18.122
yaw150_pitch+040,150,40,128.104,10.324,21.896
yaw150_pitch+045,150,45,115.041,17.864,34.959
yaw150_pitch+050,150,50,116.582,21.773,33.418
yaw150_pitch+055,150,55,115.303,25.007,34.697
yaw150_pitch+060,150,60,114.683,28.803,35.317
yaw150_pitch+065,150,65,112.624,38.263,37.376
yaw150_pitch+070,150,70,112.722,51.967,37.278
yaw150_pitch+075,150,75,119.957,65.533,30.043
yaw150_pitch+080,150,80,121.232,75.603,28.768
yaw150_pitch+085,150,85,123.714,83.463,26.286
yaw150_pitch+090,150,90,123.209,85.396,26.791
yaw155_pitch-090,155,-90,181.746,-87.228,26.746
yaw155_pitch-085,155,-85,175.914,-84.272,20.914
yaw155_pitch-080,155,-80,177.460,-81.662,22.460
yaw155_pitch-075,155,-75,171.384,-77.797,16.384
yaw155_pitch-070,155,-70,164.999,-68.896,9.999
yaw155_pitch-065,155,-65,163.380,-59.408,8.380
yaw155_pitch-060,155,-60,161.091,-55.684,6.091
yaw155_pitch-055,155,-55,164.817,-54.928,9.817
yaw155_pitch-050,155,-50,163.653,-54.089,8.653
yaw155_pitch-045,155,-45,165.582,-50.723,10.582
yaw155_pitch-040,155,-40,160.959,-52.134,5.959
yaw155_pitch-035,155,-35,152.266,-52.996,2.734
yaw155_pitch-030,155,-30,139.553,-53.788,15.447
yaw155_pitch-025,155,-25,125.301,-54.363,29.699
yaw155_pitch-020,155,-20,103.153,-54.853,51.847
yaw155_pitch-015,155,-15,85.707,-52.193,69.293
yaw155_pitch-010,155,-10,68.723,-48.071,86.277
yaw155_pitch-005,155,-5,73.445,-45.210,81.555
yaw155_pitch+000,155,0,77.744,-37.342,77.256
yaw155_pitch+005,155,5,64.207,-38.010,90.793
yaw155_pitch+010,155,10,88.669,-34.579,66.331
yaw155_pitch+015,155,15,128.811,-27.326,26.189
yaw155_pitch+020,155,20,117.970,-22.461,37.030
yaw155_pitch+025,155,25,131.390,-7.700,23.610
yaw155_pitch+030,155,30,132.818,-6.431,22.182
yaw155_pitch+035,155,35,133.393,5.632,21.607
yaw155_pitch+040,155,40,119.353,12.621,35.647
yaw155_pitch+045,155,45,119.464,17.737,35.536
yaw155_pitch+050,155,50,119.499,21.997,35.501
yaw155_pitch+055,155,55,117.795,25.388,37.205
yaw155_pitch+060,155,60,116.389,30.790,38.611
yaw155_pitch+065,155,65,113.890,38.824,41.110
yaw155_pitch+070,155,70,108.910,51.284,46.090
yaw155_pitch+075,155,75,126.277,67.208,28.723
yaw155_pitch+080,155,80,125.286,75.650,29.714
yaw155_pitch+085,155,85,125.365,82.205,29.635
yaw155_pitch+090,155,90,126.735,85.095,28.265
yaw160_pitch-090,160,-90,186.476,-82.579,26.476
yaw160_pitch-085,160,-85,186.466,-80.350,26.466
yaw160_pitch-080,160,-80,188.427,-76.516,28.427
yaw160_pitch-075,160,-75,181.114,-74.339,21.114
yaw160_pitch-070,160,-70,172.644,-67.590,12.644
yaw160_pitch-065,160,-65,167.522,-57.670,7.522
yaw160_pitch-060,160,-60,166.118,-53.166,6.118
yaw160_pitch-055,160,-55,166.572,-53.521,6.572
yaw160_pitch-050,160,-50,168.464,-50.237,8.464
yaw160_pitch-045,160,-45,166.843,-50.044,6.843
yaw160_pitch-040,160,-40,161.962,-51.687,1.962
yaw160_pitch-035,160,-35,152.520,-53.300,7.480
yaw160_pitch-030,160,-30,141.605,-56.419,18.395
yaw160_pitch-025,160,-25,124.542,-56.624,35.458
yaw160_pitch-020,160,-20,114.167,-53.991,45.833
yaw160_pitch-015,160,-15,110.054,-52.064,49.946
yaw160_pitch-010,160,-10,98.592,-48.485,61.408
yaw160_pitch-005,160,-5,102.930,-43.887,57.070
yaw160_pitch+000,160,0,102.709,-37.679,57.291
yaw160_pitch+005,160,5,90.355,-31.834,69.645
yaw160_pitch+010,160,10,92.337,-29.890,67.663
yaw160_pitch+015,160,15,110.629,-23.409,49.371
yaw160_pitch+020,160,20,129.495,-12.648,30.505
yaw160_pitch+025,160,25,140.693,-12.219,19.307
yaw160_pitch+030,160,30,140.254,-4.503,19.746
yaw160_pitch+035,160,35,130.006,6.633,29.994
yaw160_pitch+040,160,40,122.299,15.319,37.701
yaw160_pitch+045,160,45,123.921,18.344,36.079
yaw160_pitch+050,160,50,125.316,22.705,34.684
yaw160_pitch+055,160,55,121.216,26.292,38.784
yaw160_pitch+060,160,60,120.086,32.169,39.914
yaw160_pitch+065,160,65,115.048,42.984,44.952
yaw160_pitch+070,160,70,110.596,54.140,49.404
yaw160_pitch+075,160,75,129.157,69.222,30.843
yaw160_pitch+080,160,80,130.731,76.455,29.269
yaw160_pitch+085,160,85,130.445,83.089,29.555
yaw160_pitch+090,160,90,128.530,85.818,31.470
yaw165_pitch-090,165,-90,200.738,-83.061,35.738
yaw165_pitch-085,165,-85,197.696,-78.203,32.696
yaw165_pitch-080,165,-80,192.211,-77.024,27.211
yaw165_pitch-075,165,-75,190.112,-71.747,25.112
yaw165_pitch-070,165,-70,177.437,-69.038,12.437
yaw165_pitch-065,165,-65,166.004,-61.008,1.004
yaw165_pitch-060,165,-60,162.860,-52.867,2.140
yaw165_pitch-055,165,-55,161.431,-51.931,3.569
yaw165_pitch-050,165,-50,165.892,-50.529,0.892
yaw165_pitch-045,165,-45,162.504,-51.582,2.496
yaw165_pitch-040,165,-40,160.430,-52.731,4.570
yaw165_pitch-035,165,-35,150.758,-53.236,14.242
yaw165_pitch-030,165,-30,143.905,-56.397,21.095
yaw165_pitch-025,165,-25,137.369,-55.633,27.631
yaw165_pitch-020,165,-20,126.988,-55.751,38.012
yaw165_pitch-015,165,-15,120.710,-51.609,44.290
yaw165_pitch-010,165,-10,119.324,-47.608,45.676
yaw165_pitch-005,165,-5,117.224,-42.271,47.776
yaw165_pitch+000,165,0,123.393,-34.826,41.607
yaw165_pitch+005,165,5,126.631,-31.623,38.369
yaw165_pitch+010,165,10,126.700,-23.365,38.300
yaw165_pitch+015,165,15,133.698,-20.353,31.302
yaw165_pitch+020,165,20,141.036,-15.136,23.964
yaw165_pitch+025,165,25,143.283,-13.974,21.717
yaw165_pitch+030,165,30,138.643,-3.213,26.357
yaw165_pitch+035,165,35,129.539,6.891,35.461
yaw165_pitch+040,165,40,125.235,17.198,39.765
yaw165_pitch+045,165,45,127.195,19.578,37.805
yaw165_pitch+050,165,50,126.631,22.219,38.369
yaw165_pitch+055,165,55,124.157,26.032,40.843
yaw165_pitch+060,165,60,121.761,34.146,43.239
yaw165_pitch+065,165,65,118.103,42.466,46.897
yaw165_pitch+070,165,70,111.450,54.466,53.550
yaw165_pitch+075,165,75,134.247,69.332,30.753
yaw165_pitch+080,165,80,131.980,77.758,33.020
yaw165_pitch+085,165,85,133.758,85.174,31.242
yaw165_pitch+090,165,90,130.598,86.664,34.402
yaw170_pitch-090,170,-90,200.887,-86.780,30.887
yaw170_pitch-085,170,-85,200.786,-80.901,30.786
yaw170_pitch-080,170,-80,197.952,-76.867,27.952
yaw170_pitch-075,170,-75,187.977,-75.415,17.977
yaw170_pitch-070,170,-70,178.399,-68.951,8.399
yaw170_pitch-065,170,-65,163.381,-67.595,6.619
yaw170_pitch-060,170,-60,153.900,-53.790,16.100
yaw170_pitch-055,170,-55,130.712,-49.327,39.288
yaw170_pitch-050,170,-50,143.700,-50.663,26.300
yaw170_pitch-045,170,-45,151.016,-52.485,18.984
yaw170_pitch-040,170,-40,152.327,-52.606,17.673
yaw170_pitch-035,170,-35,147.097,-52.964,22.903
yaw170_pitch-030,170,-30,144.333,-55.054,25.667
yaw170_pitch-025,170,-25,137.239,-56.117,32.761
yaw170_pitch-020,170,-20,136.029,-54.991,33.971
yaw170_pitch-015,170,-15,124.860,-52.457,45.140
yaw170_pitch-010,170,-10,123.078,-46.800,46.922
yaw170_pitch-005,170,-5,126.850,-41.866,43.150
yaw170_pitch+000,170,0,129.922,-34.864,40.078
yaw170_pitch+005,170,5,134.335,-30.972,35.665
yaw170_pitch+010,170,10,139.747,-23.649,30.253
yaw170_pitch+015,170,15,141.711,-20.901,28.289
yaw170_pitch+020,170,20,141.453,-15.400,28.547
yaw170_pitch+025,170,25,143.177,-11.026,26.823
yaw170_pitch+030,170,30,134.185,0.668,35.815
yaw170_pitch+035,170,35,136.773,5.227,33.227
yaw170_pitch+040,170,40,127.950,17.278,42.050
yaw170_pitch+045,170,45,131.532,19.805,38.468
yaw170_pitch+050,170,50,130.419,23.602,39.581
yaw170_pitch+055,170,55,128.239,26.590,41.761
yaw170_pitch+060,170,60,127.989,35.553,42.011
yaw170_pitch+065,170,65,122.548,42.603,47.452
yaw170_pitch+070,170,70,135.878,58.350,34.122
yaw170_pitch+075,170,75,136.130,70.702,33.870
yaw170_pitch+080,170,80,131.551,78.918,38.449
yaw170_pitch+085,170,85,130.803,85.931,39.197
yaw170_pitch+090,170,90,131.378,87.373,38.622
yaw175_pitch-090,175,-90,207.625,-87.876,32.625
yaw175_pitch-085,175,-85,205.877,-84.607,30.877
yaw175_pitch-080,175,-80,200.895,-80.776,25.895
yaw175_pitch-075,175,-75,187.661,-75.571,12.661
yaw175_pitch-070,175,-70,171.708,-69.008,3.292
yaw175_pitch-065,175,-65,145.605,-68.139,29.395
yaw175_pitch-060,175,-60,79.819,-65.663,95.181
yaw175_pitch-055,175,-55,59.823,-54.423,115.177
yaw175_pitch-050,175,-50,58.979,-52.141,116.021
yaw175_pitch-045,175,-45,69.311,-53.154,105.689
yaw175_pitch-040,175,-40,103.757,-52.228,71.243
yaw175_pitch-035,175,-35,133.791,-52.292,41.209
yaw175_pitch-030,175,-30,138.928,-54.418,36.072
yaw175_pitch-025,175,-25,134.315,-55.640,40.685
yaw175_pitch-020,175,-20,137.675,-54.707,37.325
yaw175_pitch-015,175,-15,132.862,-50.144,42.138
yaw175_pitch-010,175,-10,129.117,-48.501,45.883
yaw175_pitch-005,175,-5,137.539,-40.610,37.461
yaw175_pitch+000,175,0,138.671,-34.991,36.329
yaw175_pitch+005,175,5,133.714,-28.658,41.286
yaw175_pitch+010,175,10,140.694,-22.443,34.306
yaw175_pitch+015,175,15,142.197,-18.333,32.803
yaw175_pitch+020,175,20,146.564,-15.030,28.436
yaw175_pitch+025,175,25,145.972,-9.847,29.028
yaw175_pitch+030,175,30,137.333,1.658,37.667
yaw175_pitch+035,175,35,138.603,7.400,36.397
yaw175_pitch+040,175,40,139.791,13.920,35.209
yaw175_pitch+045,175,45,133.331,20.843,41.669
yaw175_pitch+050,175,50,133.296,23.920,41.704
yaw175_pitch+055,175,55,134.402,29.491,40.598
yaw175_pitch+060,175,60,135.357,36.091,39.643
yaw175_pitch+065,175,65,140.177,50.797,34.823
yaw175_pitch+070,175,70,137.340,64.277,37.660
yaw175_pitch+075,175,75,135.765,72.327,39.235
yaw175_pitch+080,175,80,131.920,79.489,43.080
yaw175_pitch+085,175,85,129.843,86.598,45.157
yaw175_pitch+090,175,90,132.287,90.000,42.713
yaw180_pitch-090,180,-90,216.936,-85.132,36.936
yaw180_pitch-085,180,-85,213.661,-85.824,33.661
yaw180_pitch-080,180,-80,206.863,-81.828,26.863
yaw180_pitch-075,180,-75,196.437,-81.248,16.437
yaw180_pitch-070,180,-70,174.742,-76.028,5.258
yaw180_pitch-065,180,-65,123.939,-70.080,56.061
yaw180_pitch-060,180,-60,41.223,-62.189,138.777
yaw180_pitch-055,180,-55,41.442,-58.995,138.558
yaw180_pitch-050,180,-50,37.317,-56.355,142.683
yaw180_pitch-045,180,-45,38.395,-54.980,141.605
yaw180_pitch-040,180,-40,57.527,-54.119,122.473
yaw180_pitch-035,180,-35,92.513,-54.053,87.487
yaw180_pitch-030,180,-30,101.140,-54.704,78.860
yaw180_pitch-025,180,-25,128.045,-55.378,51.955
yaw180_pitch-020,180,-20,132.624,-51.372,47.376
yaw180_pitch-015,180,-15,133.812,-50.104,46.188
yaw180_pitch-010,180,-10,137.119,-44.929,42.881
yaw180_pitch-005,180,-5,141.348,-39.062,38.652
yaw180_pitch+000,180,0,147.654,-35.911,32.346
yaw180_pitch+005,180,5,147.072,-30.630,32.928
yaw180_pitch+010,180,10,143.354,-22.987,36.646
yaw180_pitch+015,180,15,142.440,-20.297,37.560
yaw180_pitch+020,180,20,147.392,-13.242,32.608
yaw180_pitch+025,180,25,144.282,-3.607,35.718
yaw180_pitch+030,180,30,146.244,5.321,33.756
yaw180_pitch+035,180,35,138.855,6.466,41.145
yaw180_pitch+040,180,40,142.973,13.413,37.027
yaw180_pitch+045,180,45,142.900,20.082,37.100
yaw180_pitch+050,180,50,139.644,25.114,40.356
yaw180_pitch+055,180,55,143.038,29.007,36.962
yaw180_pitch+060,180,60,143.678,40.948,36.322
yaw180_pitch+065,180,65,141.795,51.737,38.205
yaw180_pitch+070,180,70,139.212,61.807,40.788
yaw180_pitch+075,180,75,138.094,72.306,41.906
yaw180_pitch+080,180,80,134.995,79.676,45.005
yaw180_pitch+085,180,85,130.143,87.052,49.857
yaw180_pitch+090,180,90,131.353,90.000,48.647
yaw185_pitch-090,185,-90,223.164,-83.538,38.164
yaw185_pitch-085,185,-85,221.325,-85.325,36.325
yaw185_pitch-080,185,-80,222.990,-83.020,37.990
yaw185_pitch-075,185,-75,221.584,-79.489,36.584
yaw185_pitch-070,185,-70,217.214,-74.127,32.214
yaw185_pitch-065,185,-65,26.986,-59.802,158.014
yaw185_pitch-060,185,-60,28.880,-58.255,156.120
yaw185_pitch-055,185,-55,26.858,-56.315,158.142
yaw185_pitch-050,185,-50,27.561,-55.500,157.439
yaw185_pitch-045,185,-45,31.757,-53.577,153.243
yaw185_pitch-040,185,-40,36.314,-54.072,148.686
yaw185_pitch-035,185,-35,53.336,-55.361,131.664
yaw185_pitch-030,185,-30,65.390,-55.387,119.610
yaw185_pitch-025,185,-25,89.456,-56.345,95.544
yaw185_pitch-020,185,-20,112.024,-52.926,72.976
yaw185_pitch-015,185,-15,117.808,-49.630,67.192
yaw185_pitch-010,185,-10,139.333,-48.185,45.667
yaw185_pitch-005,185,-5,135.787,-41.041,49.213
yaw185_pitch+000,185,0,146.306,-34.878,38.694
yaw185_pitch+005,185,5,144.952,-28.479,40.048
yaw185_pitch+010,185,10,147.482,-22.910,37.518
yaw185_pitch+015,185,15,147.443,-18.800,37.557
yaw185_pitch+020,185,20,148.593,-13.018,36.407
yaw185_pitch+025,185,25,148.749,-6.187,36.251
yaw185_pitch+030,185,30,149.318,3.374,35.682
yaw185_pitch+035,185,35,147.181,4.836,37.819
yaw185_pitch+040,185,40,151.098,14.585,33.902
yaw185_pitch+045,185,45,147.905,19.956,37.095
yaw185_pitch+050,185,50,151.197,25.049,33.803
yaw185_pitch+055,185,55,148.005,32.733,36.995
yaw185_pitch+060,185,60,147.061,41.454,37.939
yaw185_pitch+065,185,65,143.634,51.183,41.366
yaw185_pitch+070,185,70,143.006,58.873,41.994
yaw185_pitch+075,185,75,142.293,71.552,42.707
yaw185_pitch+080,185,80,140.692,78.185,44.308
yaw185_pitch+085,185,85,138.548,87.554,46.452
yaw185_pitch+090,185,90,137.672,90.000,47.328
yaw190_pitch-090,190,-90,230.942,-85.132,40.942
yaw190_pitch-085,190,-85,230.034,-85.368,40.034
yaw190_pitch-080,190,-80,235.232,-82.504,45.232
yaw190_pitch-075,190,-75,249.239,-75.979,59.239
yaw190_pitch-070,190,-70,310.502,-73.314,120.502
yaw190_pitch-065,190,-65,11.828,-61.365,178.172
yaw190_pitch-060,190,-60,12.210,-58.810,177.790
yaw190_pitch-055,190,-55,22.363,-56.541,167.637
yaw190_pitch-050,190,-50,23.550,-52.814,166.450
yaw190_pitch-045,190,-45,24.792,-51.790,165.208
yaw190_pitch-040,190,-40,27.983,-50.448,162.017
yaw190_pitch-035,190,-35,35.685,-54.127,154.315
yaw190_pitch-030,190,-30,36.097,-53.657,153.903
yaw190_pitch-025,190,-25,45.459,-55.120,144.541
yaw190_pitch-020,190,-20,85.408,-52.406,104.592
yaw190_pitch-015,190,-15,73.400,-48.404,116.600
yaw190_pitch-010,190,-10,106.392,-49.449,83.608
yaw190_pitch-005,190,-5,135.156,-38.656,54.844
yaw190_pitch+000,190,0,147.095,-36.293,42.905
yaw190_pitch+005,190,5,148.097,-29.449,41.903
yaw190_pitch+010,190,10,150.811,-24.501,39.189
yaw190_pitch+015,190,15,151.132,-20.175,38.868
yaw190_pitch+020,190,20,153.217,-12.566,36.783
yaw190_pitch+025,190,25,155.191,-9.656,34.809
yaw190_pitch+030,190,30,155.784,1.480,34.216
yaw190_pitch+035,190,35,159.060,4.109,30.940
yaw190_pitch+040,190,40,158.681,15.306,31.319
yaw190_pitch+045,190,45,158.643,18.054,31.357
yaw190_pitch+050,190,50,155.269,26.012,34.731
yaw190_pitch+055,190,55,149.459,34.296,40.541
yaw190_pitch+060,190,60,149.502,41.112,40.498
yaw190_pitch+065,190,65,147.715,49.926,42.285
yaw190_pitch+070,190,70,146.819,60.764,43.181
yaw190_pitch+075,190,75,148.294,69.395,41.706
yaw190_pitch+080,190,80,147.925,76.049,42.075
yaw190_pitch+085,190,85,146.975,84.281,43.025
yaw190_pitch+090,190,90,146.179,90.000,43.821
yaw195_pitch-090,195,-90,232.039,-85.712,37.039
yaw195_pitch-085,195,-85,237.237,-85.120,42.237
yaw195_pitch-080,195,-80,252.357,-78.060,57.357
yaw195_pitch-075,195,-75,291.305,-68.837,96.305
yaw195_pitch-070,195,-70,330.023,-62.667,135.023
yaw195_pitch-065,195,-65,349.376,-52.731,154.376
yaw195_pitch-060,195,-60,357.488,-55.155,162.488
yaw195_pitch-055,195,-55,7.681,-49.940,172.681
yaw195_pitch-050,195,-50,17.985,-51.247,177.015
yaw195_pitch-045,195,-45,17.294,-49.064,177.706
yaw195_pitch-040,195,-40,23.532,-50.726,171.468
yaw195_pitch-035,195,-35,27.800,-52.027,167.200
yaw195_pitch-030,195,-30,36.414,-53.359,158.586
yaw195_pitch-025,195,-25,37.223,-54.512,157.777
yaw195_pitch-020,195,-20,44.284,-52.355,150.716
yaw195_pitch-015,195,-15,69.137,-49.324,125.863
yaw195_pitch-010,195,-10,74.441,-47.337,120.559
yaw195_pitch-005,195,-5,116.847,-38.478,78.153
yaw195_pitch+000,195,0,135.303,-35.133,59.697
yaw195_pitch+005,195,5,152.465,-30.467,42.535
yaw195_pitch+010,195,10,158.666,-25.788,36.334
yaw195_pitch+015,195,15,154.706,-19.797,40.294
yaw195_pitch+020,195,20,161.673,-14.763,33.327
yaw195_pitch+025,195,25,156.959,-3.915,38.041
yaw195_pitch+030,195,30,164.821,0.157,30.179
yaw195_pitch+035,195,35,167.309,5.163,27.691
yaw195_pitch+040,195,40,167.830,14.443,27.170
yaw195_pitch+045,195,45,166.324,18.402,28.676
yaw195_pitch+050,195,50,161.053,24.272,33.947
yaw195_pitch+055,195,55,155.410,31.753,39.590
yaw195_pitch+060,195,60,155.055,40.481,39.945
yaw195_pitch+065,195,65,152.096,48.999,42.904
yaw195_pitch+070,195,70,150.956,59.143,44.044
yaw195_pitch+075,195,75,153.238,67.845,41.762
yaw195_pitch+080,195,80,153.701,74.009,41.299
yaw195_pitch+085,195,85,153.627,82.550,41.373
yaw195_pitch+090,195,90,150.313,87.048,44.687
yaw200_pitch-090,200,-90,237.202,-84.513,37.202
yaw200_pitch-085,200,-85,244.125,-77.989,44.125
yaw200_pitch-080,200,-80,242.441,-71.500,42.441
yaw200_pitch-075,200,-75,274.286,-75.219,74.286
yaw200_pitch-070,200,-70,318.091,-76.769,118.091
yaw200_pitch-065,200,-65,327.887,-57.239,127.887
yaw200_pitch-060,200,-60,325.025,-51.543,125.025
yaw200_pitch-055,200,-55,337.374,-43.670,137.374
yaw200_pitch-050,200,-50,4.328,-43.105,164.328
yaw200_pitch-045,200,-45,16.992,-45.904,176.992
yaw200_pitch-040,200,-40,20.743,-46.796,179.257
yaw200_pitch-035,200,-35,25.173,-50.716,174.827
yaw200_pitch-030,200,-30,31.508,-52.520,168.492
yaw200_pitch-025,200,-25,36.596,-52.729,163.404
yaw200_pitch-020,200,-20,41.394,-51.031,158.606
yaw200_pitch-015,200,-15,46.368,-49.689,153.632
yaw200_pitch-010,200,-10,57.384,-48.093,142.616
yaw200_pitch-005,200,-5,85.329,-38.929,114.671
yaw200_pitch+000,200,0,112.755,-34.241,87.245
yaw200_pitch+005,200,5,154.284,-29.667,45.716
yaw200_pitch+010,200,10,163.719,-25.674,36.281
yaw200_pitch+015,200,15,165.413,-21.606,34.587
yaw200_pitch+020,200,20,166.840,-15.856,33.160
yaw200_pitch+025,200,25,169.022,-7.621,30.978
yaw200_pitch+030,200,30,176.536,-1.337,23.464
yaw200_pitch+035,200,35,178.374,5.878,21.626
yaw200_pitch+040,200,40,179.097,13.063,20.903
yaw200_pitch+045,200,45,172.087,20.607,27.913
yaw200_pitch+050,200,50,165.447,23.416,34.553
yaw200_pitch+055,200,55,163.050,28.867,36.950
yaw200_pitch+060,200,60,162.010,40.497,37.990
yaw200_pitch+065,200,65,159.134,48.097,40.866
yaw200_pitch+070,200,70,155.690,58.288,44.310
yaw200_pitch+075,200,75,156.383,68.622,43.617
yaw200_pitch+080,200,80,159.238,74.157,40.762
yaw200_pitch+085,200,85,158.403,79.793,41.597
yaw200_pitch+090,200,90,158.549,83.752,41.451
yaw205_pitch-090,205,-90,240.827,-83.214,35.827
yaw205_pitch-085,205,-85,237.986,-84.661,32.986
yaw205_pitch-080,205,-80,286.937,-90.000,81.937
yaw205_pitch-075,205,-75,340.769,-90.000,135.769
yaw205_pitch-070,205,-70,337.674,-90.000,132.674
yaw205_pitch-065,205,-65,346.820,-90.000,141.820
yaw205_pitch-060,205,-60,7.854,-81.133,162.854
yaw205_pitch-055,205,-55,359.972,-57.638,154.972
yaw205_pitch-050,205,-50,335.608,-42.506,130.608
yaw205_pitch-045,205,-45,344.686,-41.513,139.686
yaw205_pitch-040,205,-40,8.776,-43.176,163.776
yaw205_pitch-035,205,-35,19.691,-46.965,174.691
yaw205_pitch-030,205,-30,29.407,-50.483,175.593
yaw205_pitch-025,205,-25,35.018,-51.916,169.982
yaw205_pitch-020,205,-20,35.427,-51.705,169.573
yaw205_pitch-015,205,-15,38.289,-50.178,166.711
yaw205_pitch-010,205,-10,43.753,-46.367,161.247
yaw205_pitch-005,205,-5,56.127,-37.957,148.873
yaw205_pitch+000,205,0,89.877,-34.000,115.123
yaw205_pitch+005,205,5,149.883,-28.633,55.117
yaw205_pitch+010,205,10,165.591,-25.220,39.409
yaw205_pitch+015,205,15,175.422,-21.736,29.578
yaw205_pitch+020,205,20,177.106,-16.117,27.894
yaw205_pitch+025,205,25,179.449,-5.568,25.551
yaw205_pitch+030,205,30,183.539,-1.785,21.461
yaw205_pitch+035,205,35,187.069,3.875,17.931
yaw205_pitch+040,205,40,186.570,14.552,18.430
yaw205_pitch+045,205,45,182.460,15.885,22.540
yaw205_pitch+050,205,50,177.292,19.519,27.708
yaw205_pitch+055,205,55,168.876,31.410,36.124
yaw205_pitch+060,205,60,168.412,39.054,36.588
yaw205_pitch+065,205,65,164.913,48.992,40.087
yaw205_pitch+070,205,70,163.300,59.618,41.700
yaw205_pitch+075,205,75,162.571,68.867,42.429
yaw205_pitch+080,205,80,163.797,74.331,41.203
yaw205_pitch+085,205,85,163.887,81.088,41.113
yaw205_pitch+090,205,90,162.524,82.853,42.476
yaw210_pitch-090,210,-90,243.908,-84.753,33.908
yaw210_pitch-085,210,-85,252.694,-82.978,42.694
yaw210_pitch-080,210,-80,323.025,-90.000,113.025
yaw210_pitch-075,210,-75,322.741,-90.000,112.741
yaw210_pitch-070,210,-70,316.667,-90.000,106.667
yaw210_pitch-065,210,-65,315.831,-90.000,105.831
yaw210_pitch-060,210,-60,315.669,-90.000,105.669
yaw210_pitch-055,210,-55,333.304,-69.991,123.304
yaw210_pitch-050,210,-50,1.845,-56.270,151.845
yaw210_pitch-045,210,-45,341.176,-41.710,131.176
yaw210_pitch-040,210,-40,342.361,-44.103,132.361
yaw210_pitch-035,210,-35,8.384,-43.478,158.384
yaw210_pitch-030,210,-30,23.960,-49.600,173.960
yaw210_pitch-025,210,-25,21.316,-50.344,171.316
yaw210_pitch-020,210,-20,22.967,-51.308,172.967
yaw210_pitch-015,210,-15,27.329,-51.117,177.329
yaw210_pitch-010,210,-10,27.721,-46.708,177.721
yaw210_pitch-005,210,-5,26.820,-39.177,176.820
yaw210_pitch+000,210,0,38.435,-34.786,171.565
yaw210_pitch+005,210,5,88.039,-28.025,121.961
yaw210_pitch+010,210,10,164.778,-24.846,45.222
yaw210_pitch+015,210,15,180.469,-19.296,29.531
yaw210_pitch+020,210,20,185.862,-13.264,24.138
yaw210_pitch+025,210,25,183.584,-2.512,26.416
yaw210_pitch+030,210,30,190.751,0.629,19.249
yaw210_pitch+035,210,35,193.166,7.641,16.834
yaw210_pitch+040,210,40,190.232,14.360,19.768
yaw210_pitch+045,210,45,180.153,21.675,29.847
yaw210_pitch+050,210,50,180.623,21.748,29.377
yaw210_pitch+055,210,55,175.632,34.187,34.368
yaw210_pitch+060,210,60,175.287,41.542,34.713
yaw210_pitch+065,210,65,169.083,51.022,40.917
yaw210_pitch+070,210,70,169.223,60.721,40.777
yaw210_pitch+075,210,75,168.878,69.481,41.122
yaw210_pitch+080,210,80,170.040,76.305,39.960
yaw210_pitch+085,210,85,168.330,81.956,41.670
yaw210_pitch+090,210,90,165.426,83.677,44.574
yaw215_pitch-090,215,-90,242.482,-81.036,27.482
yaw215_pitch-085,215,-85,250.250,-71.364,35.250
yaw215_pitch-080,215,-80,292.259,-73.060,77.259
yaw215_pitch-075,215,-75,330.754,-90.000,115.754
yaw215_pitch-070,215,-70,329.995,-90.000,114.995
yaw215_pitch-065,215,-65,318.735,-90.000,103.735
yaw215_pitch-060,215,-60,316.677,-88.903,101.677
yaw215_pitch-055,215,-55,322.235,-66.941,107.235
yaw215_pitch-050,215,-50,336.496,-54.161,121.496
yaw215_pitch-045,215,-45,349.539,-44.288,134.539
yaw215_pitch-040,215,-40,334.865,-39.996,119.865
yaw215_pitch-035,215,-35,339.359,-43.147,124.359
yaw215_pitch-030,215,-30,8.813,-48.355,153.813
yaw215_pitch-025,215,-25,14.602,-49.989,159.602
yaw215_pitch-020,215,-20,15.452,-51.676,160.452
yaw215_pitch-015,215,-15,18.699,-51.037,163.699
yaw215_pitch-010,215,-10,20.749,-47.461,165.749
yaw215_pitch-005,215,-5,17.064,-42.278,162.064
yaw215_pitch+000,215,0,8.865,-34.146,153.865
yaw215_pitch+005,215,5,14.291,-29.666,159.291
yaw215_pitch+010,215,10,137.929,-23.916,77.071
yaw215_pitch+015,215,15,189.258,-18.500,25.742
yaw215_pitch+020,215,20,197.009,-14.471,17.991
yaw215_pitch+025,215,25,195.054,-3.095,19.946
yaw215_pitch+030,215,30,197.006,0.547,17.994
yaw215_pitch+035,215,35,195.634,7.449,19.366
yaw215_pitch+040,215,40,188.450,16.980,26.550
yaw215_pitch+045,215,45,182.339,24.616,32.661
yaw215_pitch+050,215,50,175.700,31.747,39.300
yaw215_pitch+055,215,55,176.988,42.174,38.012
yaw215_pitch+060,215,60,179.844,49.372,35.156
yaw215_pitch+065,215,65,176.414,54.859,38.586
yaw215_pitch+070,215,70,174.793,63.024,40.207
yaw215_pitch+075,215,75,173.134,70.212,41.866
yaw215_pitch+080,215,80,174.643,76.859,40.357
yaw215_pitch+085,215,85,171.704,82.807,43.296
yaw215_pitch+090,215,90,165.447,83.124,49.553
yaw220_pitch-090,220,-90,245.049,-80.124,25.049
yaw220_pitch-085,220,-85,246.324,-79.400,26.324
yaw220_pitch-080,220,-80,256.203,-66.899,36.203
yaw220_pitch-075,220,-75,278.138,-60.381,58.138
yaw220_pitch-070,220,-70,314.208,-62.976,94.208
yaw220_pitch-065,220,-65,334.692,-70.077,114.692
yaw220_pitch-060,220,-60,341.509,-71.102,121.509
yaw220_pitch-055,220,-55,342.921,-61.198,122.921
yaw220_pitch-050,220,-50,340.376,-50.801,120.376
yaw220_pitch-045,220,-45,338.292,-43.372,118.292
yaw220_pitch-040,220,-40,331.536,-40.020,111.536
yaw220_pitch-035,220,-35,335.666,-43.277,115.666
yaw220_pitch-030,220,-30,350.955,-46.367,130.955
yaw220_pitch-025,220,-25,7.621,-47.168,147.621
yaw220_pitch-020,220,-20,11.712,-50.470,151.712
yaw220_pitch-015,220,-15,13.593,-50.644,153.593
yaw220_pitch-010,220,-10,15.999,-47.426,155.999
yaw220_pitch-005,220,-5,13.464,-41.960,153.464
yaw220_pitch+000,220,0,5.595,-34.762,145.595
yaw220_pitch+005,220,5,4.691,-27.534,144.691
yaw220_pitch+010,220,10,314.882,-24.220,94.882
yaw220_pitch+015,220,15,203.277,-18.923,16.723
yaw220_pitch+020,220,20,207.096,-14.851,12.904
yaw220_pitch+025,220,25,206.588,-5.649,13.412
yaw220_pitch+030,220,30,203.996,-0.744,16.004
yaw220_pitch+035,220,35,197.945,6.279,22.055
yaw220_pitch+040,220,40,191.757,13.354,28.243
yaw220_pitch+045,220,45,177.705,25.959,42.295
yaw220_pitch+050,220,50,173.160,37.514,46.840
yaw220_pitch+055,220,55,177.028,45.776,42.972
yaw220_pitch+060,220,60,177.809,51.316,42.191
yaw220_pitch+065,220,65,177.868,59.035,42.132
yaw220_pitch+070,220,70,176.788,65.242,43.212
yaw220_pitch+075,220,75,179.171,70.741,40.829
yaw220_pitch+080,220,80,179.932,77.900,40.068
yaw220_pitch+085,220,85,185.204,83.577,34.796
yaw220_pitch+090,220,90,188.456,83.896,31.544
yaw225_pitch-090,225,-90,260.755,-79.756,35.755
yaw225_pitch-085,225,-85,253.530,-82.264,28.530
yaw225_pitch-080,225,-80,263.814,-79.993,38.814
yaw225_pitch-075,225,-75,283.007,-71.183,58.007
yaw225_pitch-070,225,-70,297.266,-66.173,72.266
yaw225_pitch-065,225,-65,305.551,-64.250,80.551
yaw225_pitch-060,225,-60,314.332,-56.770,89.332
yaw225_pitch-055,225,-55,318.695,-58.115,93.695
yaw225_pitch-050,225,-50,324.398,-57.261,99.398
yaw225_pitch-045,225,-45,326.073,-46.545,101.073
yaw225_pitch-040,225,-40,330.034,-45.445,105.034
yaw225_pitch-035,225,-35,334.854,-44.403,109.854
yaw225_pitch-030,225,-30,346.871,-47.024,121.871
yaw225_pitch-025,225,-25,2.654,-48.342,137.654
yaw225_pitch-020,225,-20,8.820,-48.912,143.820
yaw225_pitch-015,225,-15,12.755,-50.537,147.755
yaw225_pitch-010,225,-10,16.413,-48.274,151.413
yaw225_pitch-005,225,-5,8.652,-41.893,143.652
yaw225_pitch+000,225,0,2.363,-33.835,137.363
yaw225_pitch+005,225,5,357.237,-26.226,132.237
yaw225_pitch+010,225,10,357.245,-23.042,132.245
yaw225_pitch+015,225,15,239.734,-17.075,14.734
yaw225_pitch+020,225,20,234.971,-15.342,9.971
yaw225_pitch+025,225,25,211.638,-4.533,13.362
yaw225_pitch+030,225,30,209.291,-4.568,15.709
yaw225_pitch+035,225,35,201.536,2.989,23.464
yaw225_pitch+040,225,40,195.364,13.409,29.636
yaw225_pitch+045,225,45,182.823,22.290,42.177
yaw225_pitch+050,225,50,173.810,35.676,51.190
yaw225_pitch+055,225,55,176.026,46.777,48.974
yaw225_pitch+060,225,60,178.629,52.430,46.371
yaw225_pitch+065,225,65,180.139,61.162,44.861
yaw225_pitch+070,225,70,182.831,67.841,42.169
yaw225_pitch+075,225,75,186.517,72.428,38.483
yaw225_pitch+080,225,80,188.435,79.847,36.565
yaw225_pitch+085,225,85,189.055,82.957,35.945
yaw225_pitch+090,225,90,190.154,83.785,34.846
yaw230_pitch-090,230,-90,273.405,-81.178,43.405
yaw230_pitch-085,230,-85,268.524,-83.358,38.524
yaw230_pitch-080,230,-80,276.832,-76.459,46.832
yaw230_pitch-075,230,-75,287.799,-73.644,57.799
yaw230_pitch-070,230,-70,304.232,-72.995,74.232
yaw230_pitch-065,230,-65,307.787,-72.683,77.787
yaw230_pitch-060,230,-60,313.090,-69.081,83.090
yaw230_pitch-055,230,-55,317.141,-65.459,87.141
yaw230_pitch-050,230,-50,321.241,-62.987,91.241
yaw230_pitch-045,230,-45,323.425,-56.531,93.425
yaw230_pitch-040,230,-40,331.403,-54.608,101.403
yaw230_pitch-035,230,-35,341.347,-51.066,111.347
yaw230_pitch-030,230,-30,350.821,-51.682,120.821
yaw230_pitch-025,230,-25,2.538,-52.855,132.538
yaw230_pitch-020,230,-20,6.863,-51.405,136.863
yaw230_pitch-015,230,-15,15.255,-53.213,145.255
yaw230_pitch-010,230,-10,16.198,-48.081,146.198
yaw230_pitch-005,230,-5,8.665,-43.063,138.665
yaw230_pitch+000,230,0,2.374,-33.373,132.374
yaw230_pitch+005,230,5,359.861,-26.454,129.861
yaw230_pitch+010,230,10,353.667,-23.552,123.667
yaw230_pitch+015,230,15,305.265,-17.582,75.265
yaw230_pitch+020,230,20,262.320,-16.604,32.320
yaw230_pitch+025,230,25,229.033,-6.542,0.967
yaw230_pitch+030,230,30,215.237,-2.853,14.763
yaw230_pitch+035,230,35,207.568,4.432,22.432
yaw230_pitch+040,230,40,198.564,11.778,31.436
yaw230_pitch+045,230,45,183.087,20.756,46.913
yaw230_pitch+050,230,50,177.047,32.495,52.953
yaw230_pitch+055,230,55,178.190,44.844,51.810
yaw230_pitch+060,230,60,178.674,53.935,51.326
yaw230_pitch+065,230,65,185.798,59.861,44.202
yaw230_pitch+070,230,70,192.805,67.943,37.195
yaw230_pitch+075,230,75,190.237,71.958,39.763
yaw230_pitch+080,230,80,193.341,79.504,36.659
yaw230_pitch+085,230,85,193.235,83.650,36.765
yaw230_pitch+090,230,90,197.146,85.970,32.854
yaw235_pitch-090,235,-90,283.563,-80.861,48.563
yaw235_pitch-085,235,-85,272.930,-84.277,37.930
yaw235_pitch-080,235,-80,281.099,-82.293,46.099
yaw235_pitch-075,235,-75,292.296,-84.538,57.296
yaw235_pitch-070,235,-70,303.277,-80.922,68.277
yaw235_pitch-065,235,-65,311.443,-75.089,76.443
yaw235_pitch-060,235,-60,312.962,-70.967,77.962
yaw235_pitch-055,235,-55,317.450,-67.409,82.450
yaw235_pitch-050,235,-50,320.511,-63.900,85.511
yaw235_pitch-045,235,-45,327.853,-60.795,92.853
yaw235_pitch-040,235,-40,329.795,-56.383,94.795
yaw235_pitch-035,235,-35,336.271,-54.733,101.271
yaw235_pitch-030,235,-30,342.392,-53.562,107.392
yaw235_pitch-025,235,-25,355.998,-49.909,120.998
yaw235_pitch-020,235,-20,3.255,-52.633,128.255
yaw235_pitch-015,235,-15,8.167,-52.188,133.167
yaw235_pitch-010,235,-10,13.132,-47.902,138.132
yaw235_pitch-005,235,-5,10.223,-41.864,135.223
yaw235_pitch+000,235,0,3.386,-29.879,128.386
yaw235_pitch+005,235,5,2.436,-25.061,127.436
yaw235_pitch+010,235,10,359.110,-22.082,124.110
yaw235_pitch+015,235,15,322.643,-18.349,87.643
yaw235_pitch+020,235,20,308.244,-15.119,73.244
yaw235_pitch+025,235,25,247.610,-9.309,12.610
yaw235_pitch+030,235,30,219.681,-3.791,15.319
yaw235_pitch+035,235,35,207.920,4.953,27.080
yaw235_pitch+040,235,40,200.977,12.213,34.023
yaw235_pitch+045,235,45,183.036,21.754,51.964
yaw235_pitch+050,235,50,176.752,33.361,58.248
yaw235_pitch+055,235,55,175.931,44.161,59.069
yaw235_pitch+060,235,60,176.006,50.703,58.994
yaw235_pitch+065,235,65,185.261,60.692,49.739
yaw235_pitch+070,235,70,194.263,67.044,40.737
yaw235_pitch+075,235,75,194.910,73.302,40.090
yaw235_pitch+080,235,80,198.924,80.286,36.076
yaw235_pitch+085,235,85,200.819,84.826,34.181
yaw235_pitch+090,235,90,204.347,88.061,30.653
yaw240_pitch-090,240,-90,286.905,-83.447,46.905
yaw240_pitch-085,240,-85,277.013,-81.884,37.013
yaw240_pitch-080,240,-80,283.547,-86.211,43.547
yaw240_pitch-075,240,-75,290.331,-78.106,50.331
yaw240_pitch-070,240,-70,298.547,-78.391,58.547
yaw240_pitch-065,240,-65,306.221,-78.625,66.221
yaw240_pitch-060,240,-60,312.605,-71.762,72.605
yaw240_pitch-055,240,-55,314.583,-69.229,74.583
yaw240_pitch-050,240,-50,319.596,-64.499,79.596
yaw240_pitch-045,240,-45,323.334,-62.421,83.334
yaw240_pitch-040,240,-40,325.661,-60.314,85.661
yaw240_pitch-035,240,-35,334.439,-57.133,94.439
yaw240_pitch-030,240,-30,343.691,-57.363,103.691
yaw240_pitch-025,240,-25,344.449,-52.660,104.449
yaw240_pitch-020,240,-20,353.027,-53.104,113.027
yaw240_pitch-015,240,-15,357.283,-51.629,117.283
yaw240_pitch-010,240,-10,1.344,-46.260,121.344
yaw240_pitch-005,240,-5,0.414,-41.122,120.414
yaw240_pitch+000,240,0,354.575,-28.711,114.575
yaw240_pitch+005,240,5,1.207,-23.335,121.207
yaw240_pitch+010,240,10,357.946,-21.780,117.946
yaw240_pitch+015,240,15,341.729,-17.492,101.729
yaw240_pitch+020,240,20,333.144,-14.734,93.144
yaw240_pitch+025,240,25,257.843,-9.136,17.843
yaw240_pitch+030,240,30,240.078,-4.853,0.078
yaw240_pitch+035,240,35,213.340,1.993,26.660
yaw240_pitch+040,240,40,207.756,10.033,32.244
yaw240_pitch+045,240,45,194.901,19.633,45.099
yaw240_pitch+050,240,50,165.167,30.690,74.833
yaw240_pitch+055,240,55,168.708,40.218,71.292
yaw240_pitch+060,240,60,168.244,49.810,71.756
yaw240_pitch+065,240,65,186.160,56.846,53.840
yaw240_pitch+070,240,70,200.755,65.412,39.245
yaw240_pitch+075,240,75,199.277,73.312,40.723
yaw240_pitch+080,240,80,204.248,79.751,35.752
yaw240_pitch+085,240,85,206.658,85.326,33.342
yaw240_pitch+090,240,90,206.956,87.115,33.044
yaw245_pitch-090,245,-90,280.892,-80.983,35.892
yaw245_pitch-085,245,-85,275.710,-79.142,30.710
yaw245_pitch-080,245,-80,281.250,-87.177,36.250
yaw245_pitch-075,245,-75,289.496,-79.781,44.496
yaw245_pitch-070,245,-70,293.981,-76.146,48.981
yaw245_pitch-065,245,-65,303.592,-76.753,58.592
yaw245_pitch-060,245,-60,305.825,-68.501,60.825
yaw245_pitch-055,245,-55,312.996,-66.968,67.996
yaw245_pitch-050,245,-50,314.604,-65.507,69.604
yaw245_pitch-045,245,-45,318.251,-58.918,73.251
yaw245_pitch-040,245,-40,321.710,-59.356,76.710
yaw245_pitch-035,245,-35,327.575,-57.743,82.575
yaw245_pitch-030,245,-30,334.548,-56.020,89.548
yaw245_pitch-025,245,-25,341.103,-57.439,96.103
yaw245_pitch-020,245,-20,348.856,-54.347,103.856
yaw245_pitch-015,245,-15,350.685,-51.020,105.685
yaw245_pitch-010,245,-10,359.593,-48.033,114.593
yaw245_pitch-005,245,-5,0.985,-41.825,115.985
yaw245_pitch+000,245,0,353.657,-27.366,108.657
yaw245_pitch+005,245,5,355.994,-21.312,110.994
yaw245_pitch+010,245,10,354.106,-20.429,109.106
yaw245_pitch+015,245,15,350.410,-16.855,105.410
yaw245_pitch+020,245,20,347.662,-15.308,102.662
yaw245_pitch+025,245,25,301.247,-11.257,56.247
yaw245_pitch+030,245,30,277.944,-4.374,32.944
yaw245_pitch+035,245,35,223.247,4.030,21.753
yaw245_pitch+040,245,40,239.784,12.636,5.216
yaw245_pitch+045,245,45,210.257,17.418,34.743
yaw245_pitch+050,245,50,190.589,27.286,54.411
yaw245_pitch+055,245,55,177.381,36.652,67.619
yaw245_pitch+060,245,60,192.388,45.883,52.612
yaw245_pitch+065,245,65,207.698,54.027,37.302
yaw245_pitch+070,245,70,208.530,63.455,36.470
yaw245_pitch+075,245,75,212.344,70.543,32.656
yaw245_pitch+080,245,80,210.898,79.883,34.102
yaw245_pitch+085,245,85,215.654,83.101,29.346
yaw245_pitch+090,245,90,216.740,87.406,28.260
yaw250_pitch-090,250,-90,288.146,-80.543,38.146
yaw250_pitch-085,250,-85,283.085,-82.079,33.085
yaw250_pitch-080,250,-80,293.030,-80.749,43.030
yaw250_pitch-075,250,-75,290.504,-80.648,40.504
yaw250_pitch-070,250,-70,294.817,-74.049,44.817
yaw250_pitch-065,250,-65,300.370,-74.566,50.370
yaw250_pitch-060,250,-60,305.474,-70.222,55.474
yaw250_pitch-055,250,-55,309.527,-64.824,59.527
yaw250_pitch-050,250,-50,313.402,-66.409,63.402
yaw250_pitch-045,250,-45,315.190,-61.450,65.190
yaw250_pitch-040,250,-40,317.827,-60.911,67.827
yaw250_pitch-035,250,-35,324.147,-57.830,74.147
yaw250_pitch-030,250,-30,330.768,-57.319,80.768
yaw250_pitch-025,250,-25,337.758,-54.128,87.758
yaw250_pitch-020,250,-20,342.721,-55.036,92.721
yaw250_pitch-015,250,-15,349.252,-52.297,99.252
yaw250_pitch-010,250,-10,355.866,-45.993,105.866
yaw250_pitch-005,250,-5,356.900,-40.246,106.900
yaw250_pitch+000,250,0,354.252,-26.801,104.252
yaw250_pitch+005,250,5,353.951,-19.613,103.951
yaw250_pitch+010,250,10,351.700,-18.540,101.700
yaw250_pitch+015,250,15,350.195,-16.350,100.195
yaw250_pitch+020,250,20,353.909,-12.905,103.909
yaw250_pitch+025,250,25,351.552,-8.691,101.552
yaw250_pitch+030,250,30,335.852,-2.892,85.852
yaw250_pitch+035,250,35,326.505,3.689,76.505
yaw250_pitch+040,250,40,341.332,14.745,91.332
yaw250_pitch+045,250,45,345.334,18.242,95.334
yaw250_pitch+050,250,50,332.672,22.580,82.672
yaw250_pitch+055,250,55,1.287,34.255,111.287
yaw250_pitch+060,250,60,339.914,40.890,89.914
yaw250_pitch+065,250,65,246.148,48.149,3.852
yaw250_pitch+070,250,70,229.297,59.785,20.703
yaw250_pitch+075,250,75,217.394,69.108,32.606
yaw250_pitch+080,250,80,218.095,78.637,31.905
yaw250_pitch+085,250,85,220.730,81.669,29.270
yaw250_pitch+090,250,90,224.250,85.368,25.750
yaw255_pitch-090,255,-90,284.920,-79.711,29.920
yaw255_pitch-085,255,-85,286.825,-77.712,31.825
yaw255_pitch-080,255,-80,288.550,-80.760,33.550
yaw255_pitch-075,255,-75,295.057,-75.522,40.057
yaw255_pitch-070,255,-70,300.106,-69.908,45.106
yaw255_pitch-065,255,-65,301.649,-73.185,46.649
yaw255_pitch-060,255,-60,304.389,-68.174,49.389
yaw255_pitch-055,255,-55,308.787,-64.902,53.787
yaw255_pitch-050,255,-50,313.490,-64.908,58.490
yaw255_pitch-045,255,-45,314.138,-62.838,59.138
yaw255_pitch-040,255,-40,317.337,-62.137,62.337
yaw255_pitch-035,255,-35,321.476,-56.850,66.476
yaw255_pitch-030,255,-30,326.708,-57.441,71.708
yaw255_pitch-025,255,-25,332.618,-53.243,77.618
yaw255_pitch-020,255,-20,337.064,-51.214,82.064
yaw255_pitch-015,255,-15,344.183,-51.057,89.183
yaw255_pitch-010,255,-10,349.150,-46.008,94.150
yaw255_pitch-005,255,-5,350.644,-39.153,95.644
yaw255_pitch+000,255,0,352.509,-25.688,97.509
yaw255_pitch+005,255,5,352.745,-19.388,97.745
yaw255_pitch+010,255,10,356.328,-17.669,101.328
yaw255_pitch+015,255,15,352.131,-15.045,97.131
yaw255_pitch+020,255,20,350.803,-10.631,95.803
yaw255_pitch+025,255,25,349.275,-7.683,94.275
yaw255_pitch+030,255,30,357.578,1.146,102.578
yaw255_pitch+035,255,35,0.423,6.458,105.423
yaw255_pitch+040,255,40,0.825,9.138,105.825
yaw255_pitch+045,255,45,357.980,18.113,102.980
yaw255_pitch+050,255,50,353.669,27.750,98.669
yaw255_pitch+055,255,55,349.165,33.016,94.165
yaw255_pitch+060,255,60,328.942,37.316,73.942
yaw255_pitch+065,255,65,291.968,41.909,36.968
yaw255_pitch+070,255,70,249.240,53.030,5.760
yaw255_pitch+075,255,75,230.676,66.728,24.324
yaw255_pitch+080,255,80,229.162,76.467,25.838
yaw255_pitch+085,255,85,230.484,80.796,24.516
yaw255_pitch+090,255,90,228.502,85.568,26.498
yaw260_pitch-090,260,-90,289.057,-80.220,29.057
yaw260_pitch-085,260,-85,292.693,-75.882,32.693
yaw260_pitch-080,260,-80,294.960,-80.524,34.960
yaw260_pitch-075,260,-75,298.338,-72.872,38.338
yaw260_pitch-070,260,-70,302.509,-72.146,42.509
yaw260_pitch-065,260,-65,304.750,-71.256,44.750
yaw260_pitch-060,260,-60,307.859,-66.483,47.859
yaw260_pitch-055,260,-55,309.890,-62.689,49.890
yaw260_pitch-050,260,-50,313.364,-63.262,53.364
yaw260_pitch-045,260,-45,312.459,-60.028,52.459
yaw260_pitch-040,260,-40,315.452,-61.967,55.452
yaw260_pitch-035,260,-35,319.739,-60.312,59.739
yaw260_pitch-030,260,-30,324.125,-56.234,64.125
yaw260_pitch-025,260,-25,326.418,-53.828,66.418
yaw260_pitch-020,260,-20,330.698,-51.636,70.698
yaw260_pitch-015,260,-15,335.146,-49.433,75.146
yaw260_pitch-010,260,-10,341.748,-45.672,81.748
yaw260_pitch-005,260,-5,344.247,-37.569,84.247
yaw260_pitch+000,260,0,345.364,-25.150,85.364
yaw260_pitch+005,260,5,351.619,-18.891,91.619
yaw260_pitch+010,260,10,353.700,-16.163,93.700
yaw260_pitch+015,260,15,355.949,-12.952,95.949
yaw260_pitch+020,260,20,356.523,-8.144,96.523
yaw260_pitch+025,260,25,357.246,-1.588,97.246
yaw260_pitch+030,260,30,358.960,4.999,98.960
yaw260_pitch+035,260,35,3.650,9.911,103.650
yaw260_pitch+040,260,40,6.133,11.607,106.133
yaw260_pitch+045,260,45,358.594,28.158,98.594
yaw260_pitch+050,260,50,336.449,41.910,76.449
yaw260_pitch+055,260,55,324.595,44.672,64.595
yaw260_pitch+060,260,60,323.633,44.885,63.633
yaw260_pitch+065,260,65,321.034,44.943,61.034
yaw260_pitch+070,260,70,288.727,45.363,28.727
yaw260_pitch+075,260,75,252.272,49.661,7.728
yaw260_pitch+080,260,80,233.878,70.233,26.122
yaw260_pitch+085,260,85,236.751,80.310,23.249
yaw260_pitch+090,260,90,233.016,85.031,26.984
yaw265_pitch-090,265,-90,294.921,-80.636,29.921
yaw265_pitch-085,265,-85,295.689,-73.819,30.689
yaw265_pitch-080,265,-80,299.755,-79.028,34.755
yaw265_pitch-075,265,-75,302.725,-74.518,37.725
yaw265_pitch-070,265,-70,303.751,-75.733,38.751
yaw265_pitch-065,265,-65,307.438,-65.500,42.438
yaw265_pitch-060,265,-60,309.987,-64.831,44.987
yaw265_pitch-055,265,-55,312.168,-61.891,47.168
yaw265_pitch-050,265,-50,314.307,-62.620,49.307
yaw265_pitch-045,265,-45,315.416,-60.413,50.416
yaw265_pitch-040,265,-40,318.421,-59.695,53.421
yaw265_pitch-035,265,-35,320.714,-59.405,55.714
yaw265_pitch-030,265,-30,322.834,-56.895,57.834
yaw265_pitch-025,265,-25,325.885,-55.038,60.885
yaw265_pitch-020,265,-20,327.995,-50.247,62.995
yaw265_pitch-015,265,-15,331.416,-47.166,66.416
yaw265_pitch-010,265,-10,331.686,-44.711,66.686
yaw265_pitch-005,265,-5,334.892,-37.957,69.892
yaw265_pitch+000,265,0,339.266,-25.460,74.266
yaw265_pitch+005,265,5,343.975,-19.074,78.975
yaw265_pitch+010,265,10,350.682,-15.720,85.682
yaw265_pitch+015,265,15,352.928,-12.218,87.928
yaw265_pitch+020,265,20,357.331,-8.213,92.331
yaw265_pitch+025,265,25,358.338,-4.049,93.338
yaw265_pitch+030,265,30,357.903,3.751,92.903
yaw265_pitch+035,265,35,357.025,10.341,92.025
yaw265_pitch+040,265,40,4.383,15.960,99.383
yaw265_pitch+045,265,45,7.530,19.553,102.530
yaw265_pitch+050,265,50,341.845,40.655,76.845
yaw265_pitch+055,265,55,317.866,44.802,52.866
yaw265_pitch+060,265,60,315.119,44.994,50.119
yaw265_pitch+065,265,65,315.167,45.001,50.167
yaw265_pitch+070,265,70,315.081,45.032,50.081
yaw265_pitch+075,265,75,296.336,45.600,31.336
yaw265_pitch+080,265,80,242.703,54.039,22.297
yaw265_pitch+085,265,85,232.386,77.715,32.614
yaw265_pitch+090,265,90,234.632,85.951,30.368
yaw270_pitch-090,270,-90,300.290,-86.963,30.290
yaw270_pitch-085,270,-85,303.002,-85.269,33.002
yaw270_pitch-080,270,-80,304.552,-87.156,34.552
yaw270_pitch-075,270,-75,305.343,-80.666,35.343
yaw270_pitch-070,270,-70,307.470,-78.298,37.470
yaw270_pitch-065,270,-65,309.700,-71.320,39.700
yaw270_pitch-060,270,-60,312.536,-64.225,42.536
yaw270_pitch-055,270,-55,314.886,-60.751,44.886
yaw270_pitch-050,270,-50,316.583,-61.077,46.583
yaw270_pitch-045,270,-45,318.513,-59.004,48.513
yaw270_pitch-040,270,-40,320.594,-57.035,50.594
yaw270_pitch-035,270,-35,322.685,-58.149,52.685
yaw270_pitch-030,270,-30,325.824,-56.609,55.824
yaw270_pitch-025,270,-25,326.324,-55.839,56.324
yaw270_pitch-020,270,-20,330.979,-51.853,60.979
yaw270_pitch-015,270,-15,330.954,-48.766,60.954
yaw270_pitch-010,270,-10,332.215,-44.614,62.215
yaw270_pitch-005,270,-5,333.061,-36.186,63.061
yaw270_pitch+000,270,0,335.589,-25.374,65.589
yaw270_pitch+005,270,5,334.520,-20.061,64.520
yaw270_pitch+010,270,10,338.355,-14.918,68.355
yaw270_pitch+015,270,15,343.458,-13.336,73.458
yaw270_pitch+020,270,20,350.305,-8.866,80.305
yaw270_pitch+025,270,25,353.854,-3.857,83.854
yaw270_pitch+030,270,30,352.805,2.571,82.805
yaw270_pitch+035,270,35,353.938,9.749,83.938
yaw270_pitch+040,270,40,350.729,17.661,80.729
yaw270_pitch+045,270,45,0.836,20.142,90.836
yaw270_pitch+050,270,50,4.057,25.186,94.057
yaw270_pitch+055,270,55,347.705,40.728,77.705
yaw270_pitch+060,270,60,320.804,44.780,50.804
yaw270_pitch+065,270,65,315.445,45.029,45.445
yaw270_pitch+070,270,70,315.607,45.175,45.607
yaw270_pitch+075,270,75,312.123,45.980,42.123
yaw270_pitch+080,270,80,269.556,55.043,0.444
yaw270_pitch+085,270,85,236.324,81.187,33.676
yaw270_pitch+090,270,90,242.040,87.302,27.960
yaw275_pitch-090,275,-90,304.913,-85.515,29.913
yaw275_pitch-085,275,-85,305.765,-83.749,30.765
yaw275_pitch-080,275,-80,307.095,-86.747,32.095
yaw275_pitch-075,275,-75,309.126,-80.645,34.126
yaw275_pitch-070,275,-70,310.430,-72.578,35.430
yaw275_pitch-065,275,-65,312.774,-65.521,37.774
yaw275_pitch-060,275,-60,316.642,-64.220,41.642
yaw275_pitch-055,275,-55,318.593,-63.033,43.593
yaw275_pitch-050,275,-50,319.609,-62.011,44.609
yaw275_pitch-045,275,-45,321.106,-58.309,46.106
yaw275_pitch-040,275,-40,323.421,-56.839,48.421
yaw275_pitch-035,275,-35,327.158,-57.251,52.158
yaw275_pitch-030,275,-30,328.669,-55.957,53.669
yaw275_pitch-025,275,-25,330.895,-53.213,55.895
yaw275_pitch-020,275,-20,331.323,-50.582,56.323
yaw275_pitch-015,275,-15,332.066,-45.768,57.066
yaw275_pitch-010,275,-10,330.348,-41.485,55.348
yaw275_pitch-005,275,-5,331.347,-33.541,56.347
yaw275_pitch+000,275,0,336.089,-25.363,61.089
yaw275_pitch+005,275,5,335.125,-18.999,60.125
yaw275_pitch+010,275,10,335.342,-16.468,60.342
yaw275_pitch+015,275,15,340.928,-13.265,65.928
yaw275_pitch+020,275,20,347.158,-10.721,72.158
yaw275_pitch+025,275,25,346.924,-6.947,71.924
yaw275_pitch+030,275,30,351.293,-0.242,76.293
yaw275_pitch+035,275,35,349.711,8.183,74.711
yaw275_pitch+040,275,40,347.770,16.182,72.770
yaw275_pitch+045,275,45,347.786,17.288,72.786
yaw275_pitch+050,275,50,348.620,23.525,73.620
yaw275_pitch+055,275,55,351.005,26.040,76.005
yaw275_pitch+060,275,60,341.979,37.207,66.979
yaw275_pitch+065,275,65,329.100,43.153,54.100
yaw275_pitch+070,275,70,319.780,49.149,44.780
yaw275_pitch+075,275,75,292.744,54.588,17.744
yaw275_pitch+080,275,80,268.040,75.186,6.960
yaw275_pitch+085,275,85,247.219,85.300,27.781
yaw275_pitch+090,275,90,247.622,87.613,27.378
yaw280_pitch-090,280,-90,309.739,-83.909,29.739
yaw280_pitch-085,280,-85,310.261,-87.773,30.261
yaw280_pitch-080,280,-80,310.609,-85.666,30.609
yaw280_pitch-075,280,-75,312.065,-79.624,32.065
yaw280_pitch-070,280,-70,314.827,-74.550,34.827
yaw280_pitch-065,280,-65,318.353,-66.140,38.353
yaw280_pitch-060,280,-60,319.595,-62.571,39.595
yaw280_pitch-055,280,-55,322.006,-61.902,42.006
yaw280_pitch-050,280,-50,322.359,-61.262,42.359
yaw280_pitch-045,280,-45,324.972,-59.136,44.972
yaw280_pitch-040,280,-40,328.282,-56.842,48.282
yaw280_pitch-035,280,-35,330.640,-57.306,50.640
yaw280_pitch-030,280,-30,331.040,-56.266,51.040
yaw280_pitch-025,280,-25,333.150,-52.352,53.150
yaw280_pitch-020,280,-20,334.531,-49.641,54.531
yaw280_pitch-015,280,-15,335.153,-44.364,55.153
yaw280_pitch-010,280,-10,333.781,-41.908,53.781
yaw280_pitch-005,280,-5,330.543,-31.846,50.543
yaw280_pitch+000,280,0,332.118,-25.632,52.118
yaw280_pitch+005,280,5,333.475,-19.540,53.475
yaw280_pitch+010,280,10,330.935,-15.864,50.935
yaw280_pitch+015,280,15,336.657,-13.937,56.657
yaw280_pitch+020,280,20,341.741,-10.154,61.741
yaw280_pitch+025,280,25,345.432,-6.948,65.432
yaw280_pitch+030,280,30,347.190,-0.507,67.190
yaw280_pitch+035,280,35,349.757,8.164,69.757
yaw280_pitch+040,280,40,346.482,15.112,66.482
yaw280_pitch+045,280,45,345.000,19.195,65.000
yaw280_pitch+050,280,50,344.151,22.408,64.151
yaw280_pitch+055,280,55,336.930,24.096,56.930
yaw280_pitch+060,280,60,323.312,34.185,43.312
yaw280_pitch+065,280,65,309.272,43.102,29.272
yaw280_pitch+070,280,70,285.504,58.346,5.504
yaw280_pitch+075,280,75,277.488,65.669,2.512
yaw280_pitch+080,280,80,265.795,77.790,14.205
yaw280_pitch+085,280,85,259.024,80.871,20.976
yaw280_pitch+090,280,90,243.864,83.789,36.136
yaw285_pitch-090,285,-90,314.603,-81.072,29.603
yaw285_pitch-085,285,-85,316.267,-81.502,31.267
yaw285_pitch-080,285,-80,316.935,-76.071,31.935
yaw285_pitch-075,285,-75,318.468,-73.869,33.468
yaw285_pitch-070,285,-70,320.398,-67.154,35.398
yaw285_pitch-065,285,-65,321.979,-63.879,36.979
yaw285_pitch-060,285,-60,324.180,-64.299,39.180
yaw285_pitch-055,285,-55,325.018,-62.423,40.018
yaw285_pitch-050,285,-50,325.305,-60.090,40.305
yaw285_pitch-045,285,-45,327.778,-57.067,42.778
yaw285_pitch-040,285,-40,329.849,-56.756,44.849
yaw285_pitch-035,285,-35,331.558,-56.144,46.558
yaw285_pitch-030,285,-30,334.396,-55.730,49.396
yaw285_pitch-025,285,-25,335.607,-54.438,50.607
yaw285_pitch-020,285,-20,335.293,-50.164,50.293
yaw285_pitch-015,285,-15,335.549,-44.810,50.549
yaw285_pitch-010,285,-10,333.557,-39.066,48.557
yaw285_pitch-005,285,-5,332.913,-30.656,47.913
yaw285_pitch+000,285,0,329.982,-23.577,44.982
yaw285_pitch+005,285,5,328.483,-17.913,43.483
yaw285_pitch+010,285,10,328.204,-17.273,43.204
yaw285_pitch+015,285,15,330.710,-14.244,45.710
yaw285_pitch+020,285,20,332.089,-11.202,47.089
yaw285_pitch+025,285,25,336.728,-7.581,51.728
yaw285_pitch+030,285,30,339.882,-0.830,54.882
yaw285_pitch+035,285,35,341.029,7.525,56.029
yaw285_pitch+040,285,40,340.097,13.279,55.097
yaw285_pitch+045,285,45,341.412,17.841,56.412
yaw285_pitch+050,285,50,339.926,21.794,54.926
yaw285_pitch+055,285,55,334.595,25.179,49.595
yaw285_pitch+060,285,60,320.988,34.770,35.988
yaw285_pitch+065,285,65,308.438,45.181,23.438
yaw285_pitch+070,285,70,288.289,56.538,3.289
yaw285_pitch+075,285,75,280.081,64.346,4.919
yaw285_pitch+080,285,80,273.811,77.337,11.189
yaw285_pitch+085,285,85,273.860,81.722,11.140
yaw285_pitch+090,285,90,250.082,85.265,34.918
yaw290_pitch-090,290,-90,321.561,-79.666,31.561
yaw290_pitch-085,290,-85,321.884,-80.899,31.884
yaw290_pitch-080,290,-80,321.244,-73.593,31.244
yaw290_pitch-075,290,-75,322.812,-71.512,32.812
yaw290_pitch-070,290,-70,324.236,-63.596,34.236
yaw290_pitch-065,290,-65,324.919,-62.666,34.919
yaw290_pitch-060,290,-60,327.283,-61.881,37.283
yaw290_pitch-055,290,-55,328.268,-61.193,38.268
yaw290_pitch-050,290,-50,329.957,-58.135,39.957
yaw290_pitch-045,290,-45,332.416,-58.067,42.416
yaw290_pitch-040,290,-40,333.483,-56.257,43.483
yaw290_pitch-035,290,-35,334.662,-55.823,44.662
yaw290_pitch-030,290,-30,336.208,-54.335,46.208
yaw290_pitch-025,290,-25,337.086,-53.605,47.086
yaw290_pitch-020,290,-20,337.781,-51.923,47.781
yaw290_pitch-015,290,-15,334.916,-44.220,44.916
yaw290_pitch-010,290,-10,333.431,-37.793,43.431
yaw290_pitch-005,290,-5,331.873,-29.230,41.873
yaw290_pitch+000,290,0,329.055,-21.594,39.055
yaw290_pitch+005,290,5,330.122,-18.159,40.122
yaw290_pitch+010,290,10,327.613,-15.401,37.613
yaw290_pitch+015,290,15,327.764,-15.052,37.764
yaw290_pitch+020,290,20,329.030,-11.181,39.030
yaw290_pitch+025,290,25,332.156,-7.724,42.156
yaw290_pitch+030,290,30,335.264,-1.773,45.264
yaw290_pitch+035,290,35,336.571,7.635,46.571
yaw290_pitch+040,290,40,337.111,14.684,47.111
yaw290_pitch+045,290,45,332.041,20.045,42.041
yaw290_pitch+050,290,50,334.268,22.079,44.268
yaw290_pitch+055,290,55,335.212,26.692,45.212
yaw290_pitch+060,290,60,325.794,32.838,35.794
yaw290_pitch+065,290,65,311.300,41.131,21.300
yaw290_pitch+070,290,70,292.228,58.473,2.228
yaw290_pitch+075,290,75,289.010,67.430,0.990
yaw290_pitch+080,290,80,278.256,75.817,11.744
yaw290_pitch+085,290,85,266.605,79.599,23.395
yaw290_pitch+090,290,90,266.103,90.000,23.897
yaw295_pitch-090,295,-90,323.121,-79.404,28.121
yaw295_pitch-085,295,-85,323.116,-79.157,28.116
yaw295_pitch-080,295,-80,324.158,-68.743,29.158
yaw295_pitch-075,295,-75,325.324,-61.154,30.324
yaw295_pitch-070,295,-70,329.130,-55.937,34.130
yaw295_pitch-065,295,-65,331.699,-60.320,36.699
yaw295_pitch-060,295,-60,336.401,-62.422,41.401
yaw295_pitch-055,295,-55,336.557,-63.580,41.557
yaw295_pitch-050,295,-50,338.128,-59.824,43.128
yaw295_pitch-045,295,-45,341.535,-59.708,46.535
yaw295_pitch-040,295,-40,341.783,-56.056,46.783
yaw295_pitch-035,295,-35,342.179,-55.025,47.179
yaw295_pitch-030,295,-30,341.381,-53.598,46.381
yaw295_pitch-025,295,-25,341.691,-52.067,46.691
yaw295_pitch-020,295,-20,339.025,-48.771,44.025
yaw295_pitch-015,295,-15,338.116,-43.325,43.116
yaw295_pitch-010,295,-10,334.124,-37.211,39.124
yaw295_pitch-005,295,-5,328.781,-28.116,33.781
yaw295_pitch+000,295,0,328.118,-21.368,33.118
yaw295_pitch+005,295,5,326.861,-15.583,31.861
yaw295_pitch+010,295,10,328.039,-14.581,33.039
yaw295_pitch+015,295,15,326.569,-13.520,31.569
yaw295_pitch+020,295,20,325.801,-10.964,30.801
yaw295_pitch+025,295,25,326.953,-7.166,31.953
yaw295_pitch+030,295,30,331.368,-1.157,36.368
yaw295_pitch+035,295,35,332.331,8.496,37.331
yaw295_pitch+040,295,40,332.949,15.838,37.949
yaw295_pitch+045,295,45,332.841,20.973,37.841
yaw295_pitch+050,295,50,331.923,23.748,36.923
yaw295_pitch+055,295,55,330.029,25.800,35.029
yaw295_pitch+060,295,60,319.755,40.470,24.755
yaw295_pitch+065,295,65,311.211,49.105,16.211
yaw295_pitch+070,295,70,295.857,60.569,0.857
yaw295_pitch+075,295,75,283.660,67.419,11.340
yaw295_pitch+080,295,80,278.001,76.037,16.999
yaw295_pitch+085,295,85,271.831,82.038,23.169
yaw295_pitch+090,295,90,265.132,89.276,29.868
yaw300_pitch-090,300,-90,325.789,-81.966,25.789
yaw300_pitch-085,300,-85,327.135,-78.701,27.135
yaw300_pitch-080,300,-80,330.181,-68.806,30.181
yaw300_pitch-075,300,-75,330.656,-58.376,30.656
yaw300_pitch-070,300,-70,331.508,-54.917,31.508
yaw300_pitch-065,300,-65,333.408,-58.227,33.408
yaw300_pitch-060,300,-60,338.658,-60.816,38.658
yaw300_pitch-055,300,-55,340.152,-61.164,40.152
yaw300_pitch-050,300,-50,345.065,-59.533,45.065
yaw300_pitch-045,300,-45,346.525,-57.936,46.525
yaw300_pitch-040,300,-40,347.472,-54.818,47.472
yaw300_pitch-035,300,-35,345.767,-54.309,45.767
yaw300_pitch-030,300,-30,345.527,-52.997,45.527
yaw300_pitch-025,300,-25,343.641,-50.665,43.641
yaw300_pitch-020,300,-20,342.058,-48.719,42.058
yaw300_pitch-015,300,-15,338.845,-41.159,38.845
yaw300_pitch-010,300,-10,334.963,-36.248,34.963
yaw300_pitch-005,300,-5,329.314,-28.645,29.314
yaw300_pitch+000,300,0,326.901,-20.837,26.901
yaw300_pitch+005,300,5,325.819,-15.746,25.819
yaw300_pitch+010,300,10,324.762,-14.988,24.762
yaw300_pitch+015,300,15,324.022,-13.141,24.022
yaw300_pitch+020,300,20,324.713,-10.784,24.713
yaw300_pitch+025,300,25,323.433,-8.995,23.433
yaw300_pitch+030,300,30,324.246,-4.266,24.246
yaw300_pitch+035,300,35,326.487,8.193,26.487
yaw300_pitch+040,300,40,328.031,11.725,28.031
yaw300_pitch+045,300,45,329.839,19.570,29.839
yaw300_pitch+050,300,50,329.041,21.312,29.041
yaw300_pitch+055,300,55,325.620,34.631,25.620
yaw300_pitch+060,300,60,319.742,41.714,19.742
yaw300_pitch+065,300,65,310.043,50.711,10.043
yaw300_pitch+070,300,70,301.346,59.690,1.346
yaw300_pitch+075,300,75,290.939,66.415,9.061
yaw300_pitch+080,300,80,282.570,75.958,17.430
yaw300_pitch+085,300,85,270.900,77.690,29.100
yaw300_pitch+090,300,90,271.289,89.553,28.711
yaw305_pitch-090,305,-90,329.966,-81.685,24.966
yaw305_pitch-085,305,-85,332.753,-87.583,27.753
yaw305_pitch-080,305,-80,332.834,-66.822,27.834
yaw305_pitch-075,305,-75,335.602,-58.977,30.602
yaw305_pitch-070,305,-70,339.331,-50.508,34.331
yaw305_pitch-065,305,-65,340.867,-56.024,35.867
yaw305_pitch-060,305,-60,342.807,-56.607,37.807
yaw305_pitch-055,305,-55,350.896,-60.295,45.896
yaw305_pitch-050,305,-50,351.033,-55.687,46.033
yaw305_pitch-045,305,-45,348.927,-53.437,43.927
yaw305_pitch-040,305,-40,349.749,-51.827,44.749
yaw305_pitch-035,305,-35,350.339,-53.024,45.339
yaw305_pitch-030,305,-30,348.739,-51.737,43.739
yaw305_pitch-025,305,-25,347.049,-48.254,42.049
yaw305_pitch-020,305,-20,344.345,-44.512,39.345
yaw305_pitch-015,305,-15,341.923,-40.264,36.923
yaw305_pitch-010,305,-10,335.257,-31.929,30.257
yaw305_pitch-005,305,-5,330.328,-26.728,25.328
yaw305_pitch+000,305,0,327.752,-20.562,22.752
yaw305_pitch+005,305,5,325.787,-15.898,20.787
yaw305_pitch+010,305,10,323.886,-14.072,18.886
yaw305_pitch+015,305,15,321.564,-13.501,16.564
yaw305_pitch+020,305,20,320.175,-11.784,15.175
yaw305_pitch+025,305,25,321.270,-9.095,16.270
yaw305_pitch+030,305,30,320.994,-5.876,15.994
yaw305_pitch+035,305,35,320.096,0.010,15.096
yaw305_pitch+040,305,40,320.651,8.650,15.651
yaw305_pitch+045,305,45,322.382,17.623,17.382
yaw305_pitch+050,305,50,322.265,23.255,17.265
yaw305_pitch+055,305,55,318.972,30.789,13.972
yaw305_pitch+060,305,60,316.258,36.588,11.258
yaw305_pitch+065,305,65,308.148,50.688,3.148
yaw305_pitch+070,305,70,302.267,61.846,2.733
yaw305_pitch+075,305,75,300.345,68.690,4.655
yaw305_pitch+080,305,80,298.398,79.616,6.602
yaw305_pitch+085,305,85,291.061,78.725,13.939
yaw305_pitch+090,305,90,280.100,86.835,24.900
yaw310_pitch-090,310,-90,343.256,-90.000,33.256
yaw310_pitch-085,310,-85,343.267,-89.943,33.267
yaw310_pitch-080,310,-80,346.930,-78.498,36.930
yaw310_pitch-075,310,-75,345.220,-64.813,35.220
yaw310_pitch-070,310,-70,347.138,-61.187,37.138
yaw310_pitch-065,310,-65,348.422,-59.944,38.422
yaw310_pitch-060,310,-60,348.469,-57.649,38.469
yaw310_pitch-055,310,-55,356.321,-57.654,46.321
yaw310_pitch-050,310,-50,355.176,-54.184,45.176
yaw310_pitch-045,310,-45,354.133,-49.817,44.133
yaw310_pitch-040,310,-40,356.695,-51.511,46.695
yaw310_pitch-035,310,-35,352.926,-49.577,42.926
yaw310_pitch-030,310,-30,354.625,-51.431,44.625
yaw310_pitch-025,310,-25,353.083,-47.285,43.083
yaw310_pitch-020,310,-20,349.254,-41.843,39.254
yaw310_pitch-015,310,-15,347.154,-38.970,37.154
yaw310_pitch-010,310,-10,339.803,-30.290,29.803
yaw310_pitch-005,310,-5,333.456,-26.308,23.456
yaw310_pitch+000,310,0,327.591,-22.403,17.591
yaw310_pitch+005,310,5,326.302,-16.486,16.302
yaw310_pitch+010,310,10,323.612,-15.568,13.612
yaw310_pitch+015,310,15,321.205,-13.199,11.205
yaw310_pitch+020,310,20,318.949,-11.091,8.949
yaw310_pitch+025,310,25,316.938,-8.407,6.938
yaw310_pitch+030,310,30,317.473,-7.411,7.473
yaw310_pitch+035,310,35,317.258,-1.643,7.258
yaw310_pitch+040,310,40,317.316,5.231,7.316
yaw310_pitch+045,310,45,316.827,12.756,6.827
yaw310_pitch+050,310,50,316.584,18.660,6.584
yaw310_pitch+055,310,55,313.400,29.076,3.400
yaw310_pitch+060,310,60,306.198,34.207,3.802
yaw310_pitch+065,310,65,301.759,49.378,8.241
yaw310_pitch+070,310,70,300.621,60.129,9.379
yaw310_pitch+075,310,75,297.806,71.179,12.194
yaw310_pitch+080,310,80,290.606,77.644,19.394
yaw310_pitch+085,310,85,288.065,81.587,21.935
yaw310_pitch+090,310,90,283.016,86.504,26.984
yaw315_pitch-090,315,-90,336.771,-84.557,21.771
yaw315_pitch-085,315,-85,344.969,-86.565,29.969
yaw315_pitch-080,315,-80,353.483,-83.245,38.483
yaw315_pitch-075,315,-75,351.389,-73.888,36.389
yaw315_pitch-070,315,-70,354.483,-66.108,39.483
yaw315_pitch-065,315,-65,353.905,-59.477,38.905
yaw315_pitch-060,315,-60,356.944,-55.730,41.944
yaw315_pitch-055,315,-55,3.240,-55.577,48.240
yaw315_pitch-050,315,-50,3.780,-52.479,48.780
yaw315_pitch-045,315,-45,2.206,-49.088,47.206
yaw315_pitch-040,315,-40,1.820,-49.563,46.820
yaw315_pitch-035,315,-35,0.004,-47.345,45.004
yaw315_pitch-030,315,-30,0.316,-47.878,45.316
yaw315_pitch-025,315,-25,354.515,-42.151,39.515
yaw315_pitch-020,315,-20,354.630,-40.572,39.630
yaw315_pitch-015,315,-15,343.412,-33.630,28.412
yaw315_pitch-010,315,-10,337.451,-26.983,22.451
yaw315_pitch-005,315,-5,334.984,-26.603,19.984
yaw315_pitch+000,315,0,330.221,-22.380,15.221
yaw315_pitch+005,315,5,326.881,-16.738,11.881
yaw315_pitch+010,315,10,323.608,-15.416,8.608
yaw315_pitch+015,315,15,319.971,-14.008,4.971
yaw315_pitch+020,315,20,317.258,-12.915,2.258
yaw315_pitch+025,315,25,316.869,-8.331,1.869
yaw315_pitch+030,315,30,316.396,-2.584,1.396
yaw315_pitch+035,315,35,314.956,-1.384,0.044
yaw315_pitch+040,315,40,313.772,3.528,1.228
yaw315_pitch+045,315,45,313.660,7.280,1.340
yaw315_pitch+050,315,50,314.219,11.062,0.781
yaw315_pitch+055,315,55,312.827,22.565,2.173
yaw315_pitch+060,315,60,308.855,34.089,6.145
yaw315_pitch+065,315,65,304.347,45.209,10.653
yaw315_pitch+070,315,70,301.490,62.964,13.510
yaw315_pitch+075,315,75,298.545,69.623,16.455
yaw315_pitch+080,315,80,296.123,77.013,18.877
yaw315_pitch+085,315,85,290.109,78.292,24.891
yaw315_pitch+090,315,90,288.794,86.409,26.206
yaw320_pitch-090,320,-90,353.623,-86.070,33.623
yaw320_pitch-085,320,-85,351.119,-81.460,31.119
yaw320_pitch-080,320,-80,350.856,-80.037,30.856
yaw320_pitch-075,320,-75,354.657,-71.626,34.657
yaw320_pitch-070,320,-70,358.052,-65.943,38.052
yaw320_pitch-065,320,-65,0.390,-64.000,40.390
yaw320_pitch-060,320,-60,5.086,-56.746,45.086
yaw320_pitch-055,320,-55,4.559,-51.035,44.559
yaw320_pitch-050,320,-50,8.664,-51.997,48.664
yaw320_pitch-045,320,-45,7.154,-48.538,47.154
yaw320_pitch-040,320,-40,6.008,-48.597,46.008
yaw320_pitch-035,320,-35,6.074,-50.574,46.074
yaw320_pitch-030,320,-30,6.215,-46.205,46.215
yaw320_pitch-025,320,-25,1.635,-41.871,41.635
yaw320_pitch-020,320,-20,347.303,-36.757,27.303
yaw320_pitch-015,320,-15,336.492,-28.642,16.492
yaw320_pitch-010,320,-10,332.362,-28.419,12.362
yaw320_pitch-005,320,-5,328.864,-24.680,8.864
yaw320_pitch+000,320,0,331.568,-22.175,11.568
yaw320_pitch+005,320,5,329.969,-16.550,9.969
yaw320_pitch+010,320,10,326.887,-15.735,6.887
yaw320_pitch+015,320,15,322.547,-15.502,2.547
yaw320_pitch+020,320,20,318.657,-15.618,1.343
yaw320_pitch+025,320,25,317.281,-8.689,2.719
yaw320_pitch+030,320,30,314.881,-2.285,5.119
yaw320_pitch+035,320,35,314.726,-1.156,5.274
yaw320_pitch+040,320,40,313.610,1.960,6.390
yaw320_pitch+045,320,45,312.706,5.997,7.294
yaw320_pitch+050,320,50,313.859,9.788,6.141
yaw320_pitch+055,320,55,311.105,15.578,8.895
yaw320_pitch+060,320,60,307.729,30.684,12.271
yaw320_pitch+065,320,65,305.675,42.316,14.325
yaw320_pitch+070,320,70,304.676,62.915,15.324
yaw320_pitch+075,320,75,305.023,72.003,14.977
yaw320_pitch+080,320,80,304.065,78.309,15.935
yaw320_pitch+085,320,85,298.784,79.854,21.216
yaw320_pitch+090,320,90,297.977,86.124,22.023
yaw325_pitch-090,325,-90,356.236,-81.417,31.236
yaw325_pitch-085,325,-85,359.954,-86.880,34.954
yaw325_pitch-080,325,-80,355.763,-77.791,30.763
yaw325_pitch-075,325,-75,357.691,-70.432,32.691
yaw325_pitch-070,325,-70,357.917,-62.651,32.917
yaw325_pitch-065,325,-65,4.928,-60.173,39.928
yaw325_pitch-060,325,-60,12.700,-57.634,47.700
yaw325_pitch-055,325,-55,12.603,-51.823,47.603
yaw325_pitch-050,325,-50,9.672,-46.591,44.672
yaw325_pitch-045,325,-45,11.248,-40.237,46.248
yaw325_pitch-040,325,-40,10.811,-50.071,45.811
yaw325_pitch-035,325,-35,9.825,-49.430,44.825
yaw325_pitch-030,325,-30,10.330,-43.500,45.330
yaw325_pitch-025,325,-25,3.847,-38.795,38.847
yaw325_pitch-020,325,-20,339.072,-31.749,14.072
yaw325_pitch-015,325,-15,315.047,2.799,9.953
yaw325_pitch-010,325,-10,315.052,-5.535,9.948
yaw325_pitch-005,325,-5,332.995,-26.440,7.995
yaw325_pitch+000,325,0,331.296,-22.485,6.296
yaw325_pitch+005,325,5,334.569,-16.868,9.569
yaw325_pitch+010,325,10,331.601,-15.752,6.601
yaw325_pitch+015,325,15,327.152,-15.793,2.152
yaw325_pitch+020,325,20,320.264,-16.866,4.736
yaw325_pitch+025,325,25,321.364,-7.076,3.636
yaw325_pitch+030,325,30,321.700,-1.852,3.300
yaw325_pitch+035,325,35,320.893,0.885,4.107
yaw325_pitch+040,325,40,319.679,4.290,5.321
yaw325_pitch+045,325,45,319.370,9.442,5.630
yaw325_pitch+050,325,50,318.048,15.389,6.952
yaw325_pitch+055,325,55,316.069,25.335,8.931
yaw325_pitch+060,325,60,313.153,38.541,11.847
yaw325_pitch+065,325,65,308.149,47.099,16.851
yaw325_pitch+070,325,70,309.307,65.271,15.693
yaw325_pitch+075,325,75,309.075,72.661,15.925
yaw325_pitch+080,325,80,308.813,79.599,16.187
yaw325_pitch+085,325,85,302.933,78.276,22.067
yaw325_pitch+090,325,90,301.917,86.529,23.083
yaw330_pitch-090,330,-90,359.167,-82.116,29.167
yaw330_pitch-085,330,-85,2.994,-85.575,32.994
yaw330_pitch-080,330,-80,2.835,-82.838,32.835
yaw330_pitch-075,330,-75,1.555,-73.289,31.555
yaw330_pitch-070,330,-70,359.833,-61.478,29.833
yaw330_pitch-065,330,-65,3.020,-58.930,33.020
yaw330_pitch-060,330,-60,12.027,-53.183,42.027
yaw330_pitch-055,330,-55,13.699,-53.507,43.699
yaw330_pitch-050,330,-50,13.616,-46.280,43.616
yaw330_pitch-045,330,-45,14.537,-47.616,44.537
yaw330_pitch-040,330,-40,15.575,-50.180,45.575
yaw330_pitch-035,330,-35,18.100,-50.391,48.100
yaw330_pitch-030,330,-30,16.549,-45.171,46.549
yaw330_pitch-025,330,-25,7.456,-39.018,37.456
yaw330_pitch-020,330,-20,337.182,-33.503,7.182
yaw330_pitch-015,330,-15,315.021,-2.292,14.979
yaw330_pitch-010,330,-10,315.031,-12.628,14.969
yaw330_pitch-005,330,-5,334.964,-26.397,4.964
yaw330_pitch+000,330,0,336.259,-23.481,6.259
yaw330_pitch+005,330,5,337.099,-18.123,7.099
yaw330_pitch+010,330,10,338.388,-16.078,8.388
yaw330_pitch+015,330,15,335.796,-13.716,5.796
yaw330_pitch+020,330,20,331.574,-14.029,1.574
yaw330_pitch+025,330,25,325.596,-7.895,4.404
yaw330_pitch+030,330,30,327.163,-0.402,2.837
yaw330_pitch+035,330,35,328.232,2.575,1.768
yaw330_pitch+040,330,40,324.579,4.503,5.421
yaw330_pitch+045,330,45,324.278,10.571,5.722
yaw330_pitch+050,330,50,324.773,17.802,5.227
yaw330_pitch+055,330,55,323.612,29.381,6.388
yaw330_pitch+060,330,60,321.491,44.878,8.509
yaw330_pitch+065,330,65,317.409,53.095,12.591
yaw330_pitch+070,330,70,319.956,69.707,10.044
yaw330_pitch+075,330,75,315.851,74.380,14.149
yaw330_pitch+080,330,80,310.149,75.355,19.851
yaw330_pitch+085,330,85,307.972,78.833,22.028
yaw330_pitch+090,330,90,303.343,81.521,26.657
yaw335_pitch-090,335,-90,2.339,-85.315,27.339
yaw335_pitch-085,335,-85,1.594,-86.168,26.594
yaw335_pitch-080,335,-80,5.651,-82.489,30.651
yaw335_pitch-075,335,-75,6.199,-78.523,31.199
yaw335_pitch-070,335,-70,6.624,-62.833,31.624
yaw335_pitch-065,335,-65,9.050,-56.289,34.050
yaw335_pitch-060,335,-60,12.008,-53.298,37.008
yaw335_pitch-055,335,-55,11.740,-48.175,36.740
yaw335_pitch-050,335,-50,16.124,-46.784,41.124
yaw335_pitch-045,335,-45,19.277,-47.198,44.277
yaw335_pitch-040,335,-40,17.863,-48.132,42.863
yaw335_pitch-035,335,-35,16.947,-46.632,41.947
yaw335_pitch-030,335,-30,17.932,-45.014,42.932
yaw335_pitch-025,335,-25,14.291,-38.565,39.291
yaw335_pitch-020,335,-20,0.681,-38.942,25.681
yaw335_pitch-015,335,-15,334.527,-33.060,0.473
yaw335_pitch-010,335,-10,334.093,-30.469,0.907
yaw335_pitch-005,335,-5,339.024,-27.314,4.024
yaw335_pitch+000,335,0,345.680,-23.424,10.680
yaw335_pitch+005,335,5,350.640,-18.846,15.640
yaw335_pitch+010,335,10,346.657,-16.297,11.657
yaw335_pitch+015,335,15,348.999,-14.999,13.999
yaw335_pitch+020,335,20,342.671,-11.534,7.671
yaw335_pitch+025,335,25,334.798,-6.281,0.202
yaw335_pitch+030,335,30,329.653,0.639,5.347
yaw335_pitch+035,335,35,333.305,3.367,1.695
yaw335_pitch+040,335,40,331.788,6.072,3.212
yaw335_pitch+045,335,45,332.551,16.245,2.449
yaw335_pitch+050,335,50,335.138,26.273,0.138
yaw335_pitch+055,335,55,331.671,36.223,3.329
yaw335_pitch+060,335,60,325.914,44.906,9.086
yaw335_pitch+065,335,65,323.038,56.591,11.962
yaw335_pitch+070,335,70,325.074,70.925,9.926
yaw335_pitch+075,335,75,325.501,77.815,9.499
yaw335_pitch+080,335,80,322.341,80.296,12.659
yaw335_pitch+085,335,85,312.793,79.781,22.207
yaw335_pitch+090,335,90,303.037,81.335,31.963
yaw340_pitch-090,340,-90,8.445,-80.642,28.445
yaw340_pitch-085,340,-85,10.295,-84.483,30.295
yaw340_pitch-080,340,-80,10.923,-78.120,30.923
yaw340_pitch-075,340,-75,14.717,-76.241,34.717
yaw340_pitch-070,340,-70,17.153,-64.598,37.153
yaw340_pitch-065,340,-65,13.940,-59.000,33.940
yaw340_pitch-060,340,-60,12.513,-48.574,32.513
yaw340_pitch-055,340,-55,17.024,-49.279,37.024
yaw340_pitch-050,340,-50,17.634,-47.876,37.634
yaw340_pitch-045,340,-45,18.357,-44.979,38.357
yaw340_pitch-040,340,-40,19.399,-47.906,39.399
yaw340_pitch-035,340,-35,19.903,-48.102,39.903
yaw340_pitch-030,340,-30,20.394,-44.980,40.394
yaw340_pitch-025,340,-25,16.804,-42.274,36.804
yaw340_pitch-020,340,-20,15.660,-39.824,35.660
yaw340_pitch-015,340,-15,2.849,-35.535,22.849
yaw340_pitch-010,340,-10,357.123,-30.248,17.123
yaw340_pitch-005,340,-5,357.917,-28.244,17.917
yaw340_pitch+000,340,0,359.442,-25.377,19.442
yaw340_pitch+005,340,5,355.963,-19.474,15.963
yaw340_pitch+010,340,10,356.900,-16.001,16.900
yaw340_pitch+015,340,15,351.176,-13.626,11.176
yaw340_pitch+020,340,20,349.685,-10.787,9.685
yaw340_pitch+025,340,25,347.093,-4.110,7.093
yaw340_pitch+030,340,30,342.197,1.726,2.197
yaw340_pitch+035,340,35,343.743,6.668,3.743
yaw340_pitch+040,340,40,342.627,9.852,2.627
yaw340_pitch+045,340,45,341.237,18.390,1.237
yaw340_pitch+050,340,50,339.535,26.386,0.465
yaw340_pitch+055,340,55,337.893,37.724,2.107
yaw340_pitch+060,340,60,335.084,49.648,4.916
yaw340_pitch+065,340,65,331.462,59.987,8.538
yaw340_pitch+070,340,70,328.550,68.284,11.450
yaw340_pitch+075,340,75,326.648,76.747,13.352
yaw340_pitch+080,340,80,326.504,80.698,13.496
yaw340_pitch+085,340,85,319.647,82.348,20.353
yaw340_pitch+090,340,90,308.281,82.399,31.719
yaw345_pitch-090,345,-90,14.544,-77.899,29.544
yaw345_pitch-085,345,-85,17.197,-76.390,32.197
yaw345_pitch-080,345,-80,17.468,-81.107,32.468
yaw345_pitch-075,345,-75,19.073,-70.738,34.073
yaw345_pitch-070,345,-70,20.410,-64.156,35.410
yaw345_pitch-065,345,-65,20.384,-60.918,35.384
yaw345_pitch-060,345,-60,19.171,-51.195,34.171
yaw345_pitch-055,345,-55,20.325,-48.998,35.325
yaw345_pitch-050,345,-50,19.213,-47.353,34.213
yaw345_pitch-045,345,-45,20.112,-44.260,35.112
yaw345_pitch-040,345,-40,19.466,-46.398,34.466
yaw345_pitch-035,345,-35,14.730,-44.270,29.730
yaw345_pitch-030,345,-30,16.372,-44.986,31.372
yaw345_pitch-025,345,-25,16.074,-42.297,31.074
yaw345_pitch-020,345,-20,17.215,-41.629,32.215
yaw345_pitch-015,345,-15,20.117,-36.920,35.117
yaw345_pitch-010,345,-10,8.810,-31.666,23.810
yaw345_pitch-005,345,-5,10.335,-29.429,25.335
yaw345_pitch+000,345,0,9.043,-26.637,24.043
yaw345_pitch+005,345,5,1.931,-19.753,16.931
yaw345_pitch+010,345,10,2.974,-16.273,17.974
yaw345_pitch+015,345,15,357.859,-12.968,12.859
yaw345_pitch+020,345,20,1.779,-8.255,16.779
yaw345_pitch+025,345,25,0.414,-1.174,15.414
yaw345_pitch+030,345,30,356.995,5.156,11.995
yaw345_pitch+035,345,35,0.014,11.447,15.014
yaw345_pitch+040,345,40,354.237,12.904,9.237
yaw345_pitch+045,345,45,353.163,23.356,8.163
yaw345_pitch+050,345,50,348.931,30.225,3.931
yaw345_pitch+055,345,55,349.047,42.843,4.047
yaw345_pitch+060,345,60,343.337,54.513,1.663
yaw345_pitch+065,345,65,336.230,59.118,8.770
yaw345_pitch+070,345,70,332.043,67.547,12.957
yaw345_pitch+075,345,75,324.422,69.626,20.578
yaw345_pitch+080,345,80,323.527,75.976,21.473
yaw345_pitch+085,345,85,322.751,82.596,22.249
yaw345_pitch+090,345,90,315.593,80.550,29.407
yaw350_pitch-090,350,-90,18.054,-73.668,28.054
yaw350_pitch-085,350,-85,21.224,-77.787,31.224
yaw350_pitch-080,350,-80,22.932,-75.929,32.932
yaw350_pitch-075,350,-75,23.851,-69.943,33.851
yaw350_pitch-070,350,-70,23.404,-61.380,33.404
yaw350_pitch-065,350,-65,24.267,-56.308,34.267
yaw350_pitch-060,350,-60,23.862,-54.072,33.862
yaw350_pitch-055,350,-55,20.462,-44.140,30.462
yaw350_pitch-050,350,-50,20.739,-46.444,30.739
yaw350_pitch-045,350,-45,20.993,-44.487,30.993
yaw350_pitch-040,350,-40,20.136,-44.236,30.136
yaw350_pitch-035,350,-35,16.974,-47.851,26.974
yaw350_pitch-030,350,-30,17.459,-43.673,27.459
yaw350_pitch-025,350,-25,14.482,-43.545,24.482
yaw350_pitch-020,350,-20,19.306,-43.880,29.306
yaw350_pitch-015,350,-15,12.190,-34.100,22.190
yaw350_pitch-010,350,-10,11.669,-32.208,21.669
yaw350_pitch-005,350,-5,9.314,-30.527,19.314
yaw350_pitch+000,350,0,6.698,-27.514,16.698
yaw350_pitch+005,350,5,5.268,-20.047,15.268
yaw350_pitch+010,350,10,11.491,-14.826,21.491
yaw350_pitch+015,350,15,1.860,-11.601,11.860
yaw350_pitch+020,350,20,11.782,-5.586,21.782
yaw350_pitch+025,350,25,1.942,0.974,11.942
yaw350_pitch+030,350,30,4.622,7.739,14.622
yaw350_pitch+035,350,35,7.653,15.102,17.653
yaw350_pitch+040,350,40,8.300,17.691,18.300
yaw350_pitch+045,350,45,1.235,24.106,11.235
yaw350_pitch+050,350,50,357.288,33.007,7.288
yaw350_pitch+055,350,55,354.815,45.261,4.815
yaw350_pitch+060,350,60,349.174,54.159,0.826
yaw350_pitch+065,350,65,340.054,61.461,9.946
yaw350_pitch+070,350,70,331.011,58.268,18.989
yaw350_pitch+075,350,75,327.001,60.748,22.999
yaw350_pitch+080,350,80,327.806,72.210,22.194
yaw350_pitch+085,350,85,321.304,86.132,28.696
yaw350_pitch+090,350,90,317.639,83.977,32.361
yaw355_pitch-090,355,-90,23.404,-75.606,28.404
yaw355_pitch-085,355,-85,27.492,-77.685,32.492
yaw355_pitch-080,355,-80,28.104,-77.196,33.104
yaw355_pitch-075,355,-75,27.585,-70.237,32.585
yaw355_pitch-070,355,-70,28.294,-63.395,33.294
yaw355_pitch-065,355,-65,26.853,-51.148,31.853
yaw355_pitch-060,355,-60,23.907,-43.650,28.907
yaw355_pitch-055,355,-55,22.250,-46.758,27.250
yaw355_pitch-050,355,-50,21.237,-44.671,26.237
yaw355_pitch-045,355,-45,21.638,-43.464,26.638
yaw355_pitch-040,355,-40,21.103,-44.435,26.103
yaw355_pitch-035,355,-35,19.223,-46.205,24.223
yaw355_pitch-030,355,-30,20.596,-45.291,25.596
yaw355_pitch-025,355,-25,18.377,-43.651,23.377
yaw355_pitch-020,355,-20,17.426,-45.082,22.426
yaw355_pitch-015,355,-15,17.523,-35.775,22.523
yaw355_pitch-010,355,-10,17.826,-32.247,22.826
yaw355_pitch-005,355,-5,14.154,-30.509,19.154
yaw355_pitch+000,355,0,7.866,-28.360,12.866
yaw355_pitch+005,355,5,14.012,-19.915,19.012
yaw355_pitch+010,355,10,11.063,-14.300,16.063
yaw355_pitch+015,355,15,11.701,-10.393,16.701
yaw355_pitch+020,355,20,12.450,-5.052,17.450
yaw355_pitch+025,355,25,11.467,3.881,16.467
yaw355_pitch+030,355,30,9.803,10.332,14.803
yaw355_pitch+035,355,35,16.039,16.520,21.039
yaw355_pitch+040,355,40,17.075,19.968,22.075
yaw355_pitch+045,355,45,12.333,24.373,17.333
yaw355_pitch+050,355,50,9.898,33.586,14.898
yaw355_pitch+055,355,55,2.920,44.732,7.920
yaw355_pitch+060,355,60,354.080,52.355,0.920
yaw355_pitch+065,355,65,333.729,48.433,21.271
yaw355_pitch+070,355,70,317.807,46.531,37.193
yaw355_pitch+075,355,75,315.094,46.583,39.906
yaw355_pitch+080,355,80,317.409,57.135,37.591
yaw355_pitch+085,355,85,325.726,84.910,29.274
yaw355_pitch+090,355,90,318.250,86.121,36.750
