record_id,yaw_true,pitch_true,yaw_pred,pitch_pred,yaw_err
yaw000_pitch-090,0,-90,11.704,-90.000,11.704
yaw000_pitch-085,0,-85,13.455,-84.389,13.455
yaw000_pitch-080,0,-80,14.418,-77.727,14.418
yaw000_pitch-075,0,-75,15.982,-74.096,15.982
yaw000_pitch-070,0,-70,17.155,-68.092,17.155
yaw000_pitch-065,0,-65,18.020,-61.095,18.020
yaw000_pitch-060,0,-60,18.825,-54.012,18.825
yaw000_pitch-055,0,-55,19.905,-50.496,19.905
yaw000_pitch-050,0,-50,18.887,-43.264,18.887
yaw000_pitch-045,0,-45,18.605,-43.319,18.605
yaw000_pitch-040,0,-40,18.374,-38.414,18.374
yaw000_pitch-035,0,-35,16.976,-36.528,16.976
yaw000_pitch-030,0,-30,16.389,-25.987,16.389
yaw000_pitch-025,0,-25,15.856,-31.125,15.856
yaw000_pitch-020,0,-20,6.684,-21.747,6.684
yaw000_pitch-015,0,-15,8.544,-23.762,8.544
yaw000_pitch-010,0,-10,5.911,-20.153,5.911
yaw000_pitch-005,0,-5,8.243,-19.195,8.243
yaw000_pitch+000,0,0,6.604,-10.661,6.604
yaw000_pitch+005,0,5,3.966,-3.756,3.966
yaw000_pitch+010,0,10,3.161,1.927,3.161
yaw000_pitch+015,0,15,8.260,3.202,8.260
yaw000_pitch+020,0,20,5.382,8.645,5.382
yaw000_pitch+025,0,25,12.785,15.582,12.785
yaw000_pitch+030,0,30,13.916,21.669,13.916
yaw000_pitch+035,0,35,14.334,25.416,14.334
yaw000_pitch+040,0,40,15.217,29.945,15.217
yaw000_pitch+045,0,45,12.685,33.920,12.685
yaw000_pitch+050,0,50,10.075,40.066,10.075
yaw000_pitch+055,0,55,6.771,46.113,6.771
yaw000_pitch+060,0,60,0.538,54.213,0.538
yaw000_pitch+065,0,65,357.666,60.964,2.334
yaw000_pitch+070,0,70,352.712,66.988,7.288
yaw000_pitch+075,0,75,351.295,74.752,8.705
yaw000_pitch+080,0,80,345.224,78.533,14.776
yaw000_pitch+085,0,85,343.509,82.999,16.491
yaw000_pitch+090,0,90,345.979,90.000,14.021
yaw005_pitch-090,5,-90,17.020,-87.671,12.020
yaw005_pitch-085,5,-85,19.155,-86.771,14.155
yaw005_pitch-080,5,-80,19.170,-81.070,14.170
yaw005_pitch-075,5,-75,20.215,-73.848,15.215
yaw005_pitch-070,5,-70,21.329,-68.347,16.329
yaw005_pitch-065,5,-65,20.507,-60.670,15.507
yaw005_pitch-060,5,-60,22.319,-51.611,17.319
yaw005_pitch-055,5,-55,22.630,-51.619,17.630
yaw005_pitch-050,5,-50,22.223,-45.533,17.223
yaw005_pitch-045,5,-45,21.569,-42.338,16.569
yaw005_pitch-040,5,-40,21.926,-41.605,16.926
yaw005_pitch-035,5,-35,20.429,-35.813,15.429
yaw005_pitch-030,5,-30,19.915,-33.588,14.915
yaw005_pitch-025,5,-25,18.565,-30.265,13.565
yaw005_pitch-020,5,-20,16.614,-28.012,11.614
yaw005_pitch-015,5,-15,13.594,-23.789,8.594
yaw005_pitch-010,5,-10,10.968,-23.338,5.968
yaw005_pitch-005,5,-5,9.205,-21.356,4.205
yaw005_pitch+000,5,0,5.959,-12.772,0.959
yaw005_pitch+005,5,5,8.005,-4.691,3.005
yaw005_pitch+010,5,10,10.887,3.119,5.887
yaw005_pitch+015,5,15,13.937,5.754,8.937
yaw005_pitch+020,5,20,19.528,10.719,14.528
yaw005_pitch+025,5,25,17.507,16.348,12.507
yaw005_pitch+030,5,30,17.873,21.596,12.873
yaw005_pitch+035,5,35,18.527,25.679,13.527
yaw005_pitch+040,5,40,19.841,30.880,14.841
yaw005_pitch+045,5,45,19.014,34.027,14.014
yaw005_pitch+050,5,50,15.312,39.152,10.312
yaw005_pitch+055,5,55,12.244,45.352,7.244
yaw005_pitch+060,5,60,6.926,52.471,1.926
yaw005_pitch+065,5,65,1.539,58.515,3.461
yaw005_pitch+070,5,70,355.968,67.899,9.032
yaw005_pitch+075,5,75,354.637,74.278,10.363
yaw005_pitch+080,5,80,351.065,79.307,13.935
yaw005_pitch+085,5,85,350.329,84.278,14.671
yaw005_pitch+090,5,90,349.574,88.545,15.426
yaw010_pitch-090,10,-90,22.143,-89.006,12.143
yaw010_pitch-085,10,-85,24.963,-85.211,14.963
yaw010_pitch-080,10,-80,25.676,-81.897,15.676
yaw010_pitch-075,10,-75,26.387,-75.196,16.387
yaw010_pitch-070,10,-70,25.758,-66.978,15.758
yaw010_pitch-065,10,-65,25.265,-59.258,15.265
yaw010_pitch-060,10,-60,23.934,-51.506,13.934
yaw010_pitch-055,10,-55,25.144,-47.314,15.144
yaw010_pitch-050,10,-50,24.579,-45.032,14.579
yaw010_pitch-045,10,-45,23.983,-40.635,13.983
yaw010_pitch-040,10,-40,24.615,-38.437,14.615
yaw010_pitch-035,10,-35,23.561,-38.204,13.561
yaw010_pitch-030,10,-30,21.315,-31.218,11.315
yaw010_pitch-025,10,-25,20.133,-33.623,10.133
yaw010_pitch-020,10,-20,19.167,-31.754,9.167
yaw010_pitch-015,10,-15,17.046,-25.800,7.046
yaw010_pitch-010,10,-10,16.247,-23.225,6.247
yaw010_pitch-005,10,-5,12.872,-22.474,2.872
yaw010_pitch+000,10,0,12.269,-17.855,2.269
yaw010_pitch+005,10,5,13.699,-5.525,3.699
yaw010_pitch+010,10,10,13.761,2.863,3.761
yaw010_pitch+015,10,15,17.458,10.074,7.458
yaw010_pitch+020,10,20,22.667,12.110,12.667
yaw010_pitch+025,10,25,22.904,17.370,12.904
yaw010_pitch+030,10,30,22.314,21.184,12.314
yaw010_pitch+035,10,35,22.848,25.591,12.848
yaw010_pitch+040,10,40,24.659,30.015,14.659
yaw010_pitch+045,10,45,23.535,33.052,13.535
yaw010_pitch+050,10,50,20.277,37.930,10.277
yaw010_pitch+055,10,55,17.649,43.280,7.649
yaw010_pitch+060,10,60,14.061,51.656,4.061
yaw010_pitch+065,10,65,7.208,57.836,2.792
yaw010_pitch+070,10,70,3.067,66.176,6.933
yaw010_pitch+075,10,75,0.440,76.801,9.560
yaw010_pitch+080,10,80,356.666,79.599,13.334
yaw010_pitch+085,10,85,353.223,86.946,16.777
yaw010_pitch+090,10,90,354.259,90.000,15.741
yaw015_pitch-090,15,-90,31.312,-88.175,16.312
yaw015_pitch-085,15,-85,30.554,-83.858,15.554
yaw015_pitch-080,15,-80,29.818,-80.505,14.818
yaw015_pitch-075,15,-75,29.246,-73.737,14.246
yaw015_pitch-070,15,-70,28.382,-66.631,13.382
yaw015_pitch-065,15,-65,28.540,-60.176,13.540
yaw015_pitch-060,15,-60,26.580,-51.885,11.580
yaw015_pitch-055,15,-55,26.390,-48.601,11.390
yaw015_pitch-050,15,-50,26.542,-43.552,11.542
yaw015_pitch-045,15,-45,27.451,-40.739,12.451
yaw015_pitch-040,15,-40,25.770,-40.071,10.770
yaw015_pitch-035,15,-35,27.629,-36.794,12.629
yaw015_pitch-030,15,-30,25.470,-39.328,10.470
yaw015_pitch-025,15,-25,24.026,-37.121,9.026
yaw015_pitch-020,15,-20,22.391,-37.492,7.391
yaw015_pitch-015,15,-15,19.445,-26.365,4.445
yaw015_pitch-010,15,-10,20.682,-25.658,5.682
yaw015_pitch-005,15,-5,19.322,-23.888,4.322
yaw015_pitch+000,15,0,18.843,-17.185,3.843
yaw015_pitch+005,15,5,17.007,-6.116,2.007
yaw015_pitch+010,15,10,17.564,0.388,2.564
yaw015_pitch+015,15,15,22.600,8.445,7.600
yaw015_pitch+020,15,20,25.046,10.094,10.046
yaw015_pitch+025,15,25,23.721,15.807,8.721
yaw015_pitch+030,15,30,23.443,19.493,8.443
yaw015_pitch+035,15,35,24.426,25.162,9.426
yaw015_pitch+040,15,40,26.776,29.570,11.776
yaw015_pitch+045,15,45,24.114,34.471,9.114
yaw015_pitch+050,15,50,21.478,39.011,6.478
yaw015_pitch+055,15,55,21.205,42.293,6.205
yaw015_pitch+060,15,60,18.016,50.641,3.016
yaw015_pitch+065,15,65,14.247,56.280,0.753
yaw015_pitch+070,15,70,8.252,64.175,6.748
yaw015_pitch+075,15,75,2.470,76.168,12.530
yaw015_pitch+080,15,80,0.527,81.423,14.473
yaw015_pitch+085,15,85,358.901,86.433,16.099
yaw015_pitch+090,15,90,356.818,90.000,18.182
yaw020_pitch-090,20,-90,36.656,-87.421,16.656
yaw020_pitch-085,20,-85,34.054,-81.160,14.054
yaw020_pitch-080,20,-80,33.508,-81.849,13.508
yaw020_pitch-075,20,-75,31.192,-73.271,11.192
yaw020_pitch-070,20,-70,31.057,-65.317,11.057
yaw020_pitch-065,20,-65,30.836,-62.532,10.836
yaw020_pitch-060,20,-60,29.225,-52.006,9.225
yaw020_pitch-055,20,-55,29.004,-48.583,9.004
yaw020_pitch-050,20,-50,29.419,-43.635,9.419
yaw020_pitch-045,20,-45,30.238,-43.193,10.238
yaw020_pitch-040,20,-40,29.904,-42.139,9.904
yaw020_pitch-035,20,-35,29.208,-39.544,9.208
yaw020_pitch-030,20,-30,28.516,-37.541,8.516
yaw020_pitch-025,20,-25,26.933,-40.632,6.933
yaw020_pitch-020,20,-20,26.222,-37.177,6.222
yaw020_pitch-015,20,-15,24.375,-29.371,4.375
yaw020_pitch-010,20,-10,24.216,-24.887,4.216
yaw020_pitch-005,20,-5,23.755,-23.518,3.755
yaw020_pitch+000,20,0,21.916,-19.835,1.916
yaw020_pitch+005,20,5,21.933,-7.225,1.933
yaw020_pitch+010,20,10,22.051,-0.247,2.051
yaw020_pitch+015,20,15,25.090,7.783,5.090
yaw020_pitch+020,20,20,27.245,11.866,7.245
yaw020_pitch+025,20,25,25.992,16.818,5.992
yaw020_pitch+030,20,30,26.152,19.485,6.152
yaw020_pitch+035,20,35,26.353,24.497,6.353
yaw020_pitch+040,20,40,27.613,27.553,7.613
yaw020_pitch+045,20,45,25.115,31.659,5.115
yaw020_pitch+050,20,50,22.533,37.021,2.533
yaw020_pitch+055,20,55,23.666,42.474,3.666
yaw020_pitch+060,20,60,20.978,49.788,0.978
yaw020_pitch+065,20,65,16.645,53.969,3.355
yaw020_pitch+070,20,70,12.395,61.729,7.605
yaw020_pitch+075,20,75,7.625,74.821,12.375
yaw020_pitch+080,20,80,4.779,79.036,15.221
yaw020_pitch+085,20,85,3.016,86.355,16.984
yaw020_pitch+090,20,90,355.261,90.000,24.739
yaw025_pitch-090,25,-90,39.374,-90.000,14.374
yaw025_pitch-085,25,-85,38.813,-85.918,13.813
yaw025_pitch-080,25,-80,36.949,-82.273,11.949
yaw025_pitch-075,25,-75,35.150,-75.390,10.150
yaw025_pitch-070,25,-70,33.519,-64.238,8.519
yaw025_pitch-065,25,-65,33.837,-62.893,8.837
yaw025_pitch-060,25,-60,33.868,-52.847,8.868
yaw025_pitch-055,25,-55,33.236,-50.861,8.236
yaw025_pitch-050,25,-50,34.104,-42.418,9.104
yaw025_pitch-045,25,-45,34.364,-45.417,9.364
yaw025_pitch-040,25,-40,34.583,-45.935,9.583
yaw025_pitch-035,25,-35,33.987,-42.700,8.987
yaw025_pitch-030,25,-30,32.312,-38.729,7.312
yaw025_pitch-025,25,-25,31.723,-40.955,6.723
yaw025_pitch-020,25,-20,30.925,-41.460,5.925
yaw025_pitch-015,25,-15,29.021,-37.438,4.021
yaw025_pitch-010,25,-10,26.016,-28.868,1.016
yaw025_pitch-005,25,-5,25.907,-27.358,0.907
yaw025_pitch+000,25,0,25.500,-23.094,0.500
yaw025_pitch+005,25,5,24.080,-10.003,0.920
yaw025_pitch+010,25,10,24.653,-2.153,0.347
yaw025_pitch+015,25,15,25.655,6.357,0.655
yaw025_pitch+020,25,20,28.274,10.586,3.274
yaw025_pitch+025,25,25,27.731,15.661,2.731
yaw025_pitch+030,25,30,27.476,18.646,2.476
yaw025_pitch+035,25,35,26.766,22.100,1.766
yaw025_pitch+040,25,40,29.296,26.601,4.296
yaw025_pitch+045,25,45,25.793,30.349,0.793
yaw025_pitch+050,25,50,24.972,35.608,0.028
yaw025_pitch+055,25,55,22.732,41.089,2.268
yaw025_pitch+060,25,60,21.136,48.919,3.864
yaw025_pitch+065,25,65,16.254,56.459,8.746
yaw025_pitch+070,25,70,12.762,63.879,12.238
yaw025_pitch+075,25,75,6.987,73.116,18.013
yaw025_pitch+080,25,80,8.713,80.742,16.287
yaw025_pitch+085,25,85,8.728,89.414,16.272
yaw025_pitch+090,25,90,5.757,90.000,19.243
yaw030_pitch-090,30,-90,44.887,-89.786,14.887
yaw030_pitch-085,30,-85,43.678,-86.835,13.678
yaw030_pitch-080,30,-80,41.666,-82.041,11.666
yaw030_pitch-075,30,-75,39.702,-76.150,9.702
yaw030_pitch-070,30,-70,38.535,-67.187,8.535
yaw030_pitch-065,30,-65,38.510,-58.297,8.510
yaw030_pitch-060,30,-60,38.657,-58.306,8.657
yaw030_pitch-055,30,-55,38.614,-51.523,8.614
yaw030_pitch-050,30,-50,39.131,-46.505,9.131
yaw030_pitch-045,30,-45,38.390,-44.614,8.390
yaw030_pitch-040,30,-40,39.799,-44.141,9.799
yaw030_pitch-035,30,-35,38.321,-45.583,8.321
yaw030_pitch-030,30,-30,36.544,-42.575,6.544
yaw030_pitch-025,30,-25,35.561,-45.147,5.561
yaw030_pitch-020,30,-20,33.467,-45.923,3.467
yaw030_pitch-015,30,-15,31.556,-37.605,1.556
yaw030_pitch-010,30,-10,27.436,-35.481,2.564
yaw030_pitch-005,30,-5,26.353,-30.510,3.647
yaw030_pitch+000,30,0,27.075,-27.589,2.925
yaw030_pitch+005,30,5,25.720,-15.353,4.280
yaw030_pitch+010,30,10,26.998,-3.004,3.002
yaw030_pitch+015,30,15,26.519,5.473,3.481
yaw030_pitch+020,30,20,29.961,10.592,0.039
yaw030_pitch+025,30,25,30.524,14.351,0.524
yaw030_pitch+030,30,30,29.743,17.122,0.257
yaw030_pitch+035,30,35,30.052,21.327,0.052
yaw030_pitch+040,30,40,31.025,26.083,1.025
yaw030_pitch+045,30,45,29.360,32.241,0.640
yaw030_pitch+050,30,50,26.501,36.952,3.499
yaw030_pitch+055,30,55,26.275,43.088,3.725
yaw030_pitch+060,30,60,25.034,49.185,4.966
yaw030_pitch+065,30,65,20.988,57.015,9.012
yaw030_pitch+070,30,70,17.097,62.780,12.903
yaw030_pitch+075,30,75,14.319,73.581,15.681
yaw030_pitch+080,30,80,14.128,80.490,15.872
yaw030_pitch+085,30,85,15.799,90.000,14.201
yaw030_pitch+090,30,90,11.078,90.000,18.922
yaw035_pitch-090,35,-90,51.924,-86.415,16.924
yaw035_pitch-085,35,-85,50.017,-88.258,15.017
yaw035_pitch-080,35,-80,46.624,-81.404,11.624
yaw035_pitch-075,35,-75,44.790,-74.518,9.790
yaw035_pitch-070,35,-70,43.322,-66.861,8.322
yaw035_pitch-065,35,-65,44.231,-61.544,9.231
yaw035_pitch-060,35,-60,43.829,-59.848,8.829
yaw035_pitch-055,35,-55,43.606,-54.899,8.606
yaw035_pitch-050,35,-50,43.314,-50.539,8.314
yaw035_pitch-045,35,-45,42.944,-47.661,7.944
yaw035_pitch-040,35,-40,43.157,-44.634,8.157
yaw035_pitch-035,35,-35,41.304,-44.986,6.304
yaw035_pitch-030,35,-30,39.710,-44.527,4.710
yaw035_pitch-025,35,-25,37.585,-43.945,2.585
yaw035_pitch-020,35,-20,35.477,-42.666,0.477
yaw035_pitch-015,35,-15,34.207,-41.127,0.793
yaw035_pitch-010,35,-10,31.995,-35.859,3.005
yaw035_pitch-005,35,-5,29.700,-32.479,5.300
yaw035_pitch+000,35,0,28.609,-31.301,6.391
yaw035_pitch+005,35,5,29.411,-16.834,5.589
yaw035_pitch+010,35,10,27.790,-2.378,7.210
yaw035_pitch+015,35,15,27.378,5.181,7.622
yaw035_pitch+020,35,20,31.076,9.430,3.924
yaw035_pitch+025,35,25,32.254,11.657,2.746
yaw035_pitch+030,35,30,32.612,17.183,2.388
yaw035_pitch+035,35,35,32.336,22.780,2.664
yaw035_pitch+040,35,40,33.058,26.972,1.942
yaw035_pitch+045,35,45,31.239,30.187,3.761
yaw035_pitch+050,35,50,30.687,35.817,4.313
yaw035_pitch+055,35,55,30.308,43.471,4.692
yaw035_pitch+060,35,60,27.770,49.466,7.230
yaw035_pitch+065,35,65,23.499,55.397,11.501
yaw035_pitch+070,35,70,20.704,59.237,14.296
yaw035_pitch+075,35,75,21.688,73.028,13.312
yaw035_pitch+080,35,80,21.277,80.023,13.723
yaw035_pitch+085,35,85,20.521,87.644,14.479
yaw035_pitch+090,35,90,15.829,90.000,19.171
yaw040_pitch-090,40,-90,55.238,-87.428,15.238
yaw040_pitch-085,40,-85,55.450,-85.093,15.450
yaw040_pitch-080,40,-80,54.255,-82.700,14.255
yaw040_pitch-075,40,-75,51.813,-75.620,11.813
yaw040_pitch-070,40,-70,49.377,-71.428,9.377
yaw040_pitch-065,40,-65,48.939,-65.184,8.939
yaw040_pitch-060,40,-60,48.215,-61.713,8.215
yaw040_pitch-055,40,-55,49.003,-52.165,9.003
yaw040_pitch-050,40,-50,48.341,-47.644,8.341
yaw040_pitch-045,40,-45,46.595,-47.315,6.595
yaw040_pitch-040,40,-40,45.542,-45.809,5.542
yaw040_pitch-035,40,-35,44.685,-45.699,4.685
yaw040_pitch-030,40,-30,42.543,-44.722,2.543
yaw040_pitch-025,40,-25,40.392,-42.574,0.392
yaw040_pitch-020,40,-20,38.980,-38.530,1.020
yaw040_pitch-015,40,-15,37.540,-36.784,2.460
yaw040_pitch-010,40,-10,36.581,-35.151,3.419
yaw040_pitch-005,40,-5,34.860,-32.041,5.140
yaw040_pitch+000,40,0,33.821,-31.748,6.179
yaw040_pitch+005,40,5,31.196,-20.812,8.804
yaw040_pitch+010,40,10,28.864,-2.669,11.136
yaw040_pitch+015,40,15,31.059,4.150,8.941
yaw040_pitch+020,40,20,32.869,7.284,7.131
yaw040_pitch+025,40,25,34.643,9.401,5.357
yaw040_pitch+030,40,30,35.702,17.123,4.298
yaw040_pitch+035,40,35,35.395,22.755,4.605
yaw040_pitch+040,40,40,35.988,28.017,4.012
yaw040_pitch+045,40,45,34.642,30.009,5.358
yaw040_pitch+050,40,50,34.700,37.043,5.300
yaw040_pitch+055,40,55,32.309,43.911,7.691
yaw040_pitch+060,40,60,29.532,49.576,10.468
yaw040_pitch+065,40,65,26.597,54.601,13.403
yaw040_pitch+070,40,70,27.383,60.868,12.617
yaw040_pitch+075,40,75,25.370,71.214,14.630
yaw040_pitch+080,40,80,24.061,80.307,15.939
yaw040_pitch+085,40,85,25.338,85.342,14.662
yaw040_pitch+090,40,90,22.495,90.000,17.505
yaw045_pitch-090,45,-90,59.896,-79.994,14.896
yaw045_pitch-085,45,-85,59.643,-84.016,14.643
yaw045_pitch-080,45,-80,58.742,-81.953,13.742
yaw045_pitch-075,45,-75,57.034,-74.165,12.034
yaw045_pitch-070,45,-70,54.620,-67.528,9.620
yaw045_pitch-065,45,-65,52.995,-63.340,7.995
yaw045_pitch-060,45,-60,53.434,-57.922,8.434
yaw045_pitch-055,45,-55,52.664,-53.698,7.664
yaw045_pitch-050,45,-50,51.870,-47.516,6.870
yaw045_pitch-045,45,-45,49.832,-47.724,4.832
yaw045_pitch-040,45,-40,48.845,-42.362,3.845
yaw045_pitch-035,45,-35,47.961,-39.186,2.961
yaw045_pitch-030,45,-30,47.140,-38.371,2.140
yaw045_pitch-025,45,-25,44.378,-37.947,0.622
yaw045_pitch-020,45,-20,42.622,-36.429,2.378
yaw045_pitch-015,45,-15,42.037,-34.776,2.963
yaw045_pitch-010,45,-10,41.366,-35.192,3.634
yaw045_pitch-005,45,-5,41.362,-34.576,3.638
yaw045_pitch+000,45,0,38.829,-34.953,6.171
yaw045_pitch+005,45,5,35.765,-25.095,9.235
yaw045_pitch+010,45,10,33.946,-6.112,11.054
yaw045_pitch+015,45,15,33.398,1.916,11.602
yaw045_pitch+020,45,20,35.415,5.759,9.585
yaw045_pitch+025,45,25,38.155,8.914,6.845
yaw045_pitch+030,45,30,37.905,17.274,7.095
yaw045_pitch+035,45,35,38.343,22.222,6.657
yaw045_pitch+040,45,40,38.535,26.924,6.465
yaw045_pitch+045,45,45,37.729,30.543,7.271
yaw045_pitch+050,45,50,36.987,37.129,8.013
yaw045_pitch+055,45,55,35.380,47.581,9.620
yaw045_pitch+060,45,60,33.677,53.803,11.323
yaw045_pitch+065,45,65,31.033,57.487,13.967
yaw045_pitch+070,45,70,31.785,62.606,13.215
yaw045_pitch+075,45,75,29.653,70.749,15.347
yaw045_pitch+080,45,80,30.546,79.894,14.454
yaw045_pitch+085,45,85,29.357,86.699,15.643
yaw045_pitch+090,45,90,28.124,90.000,16.876
yaw050_pitch-090,50,-90,68.938,-83.462,18.938
yaw050_pitch-085,50,-85,65.801,-84.981,15.801
yaw050_pitch-080,50,-80,63.787,-83.612,13.787
yaw050_pitch-075,50,-75,60.000,-75.284,10.000
yaw050_pitch-070,50,-70,59.241,-68.169,9.241
yaw050_pitch-065,50,-65,57.597,-64.188,7.597
yaw050_pitch-060,50,-60,56.575,-56.588,6.575
yaw050_pitch-055,50,-55,59.683,-51.288,9.683
yaw050_pitch-050,50,-50,55.595,-47.355,5.595
yaw050_pitch-045,50,-45,53.547,-43.404,3.547
yaw050_pitch-040,50,-40,52.517,-41.482,2.517
yaw050_pitch-035,50,-35,51.993,-36.666,1.993
yaw050_pitch-030,50,-30,51.173,-35.035,1.173
yaw050_pitch-025,50,-25,49.987,-36.648,0.013
yaw050_pitch-020,50,-20,47.656,-35.984,2.344
yaw050_pitch-015,50,-15,45.875,-36.619,4.125
yaw050_pitch-010,50,-10,44.816,-30.345,5.184
yaw050_pitch-005,50,-5,45.115,-32.564,4.885
yaw050_pitch+000,50,0,43.309,-34.661,6.691
yaw050_pitch+005,50,5,41.484,-24.474,8.516
yaw050_pitch+010,50,10,39.137,-8.614,10.863
yaw050_pitch+015,50,15,38.521,-1.126,11.479
yaw050_pitch+020,50,20,40.015,2.763,9.985
yaw050_pitch+025,50,25,41.919,6.584,8.081
yaw050_pitch+030,50,30,41.287,14.757,8.713
yaw050_pitch+035,50,35,41.235,20.862,8.765
yaw050_pitch+040,50,40,41.024,24.896,8.976
yaw050_pitch+045,50,45,40.937,29.485,9.063
yaw050_pitch+050,50,50,40.352,39.143,9.648
yaw050_pitch+055,50,55,38.381,46.547,11.619
yaw050_pitch+060,50,60,36.686,52.951,13.314
yaw050_pitch+065,50,65,34.269,59.641,15.731
yaw050_pitch+070,50,70,34.949,62.235,15.051
yaw050_pitch+075,50,75,35.726,72.405,14.274
yaw050_pitch+080,50,80,33.552,77.553,16.448
yaw050_pitch+085,50,85,33.823,86.925,16.177
yaw050_pitch+090,50,90,31.059,90.000,18.941
yaw055_pitch-090,55,-90,73.247,-77.787,18.247
yaw055_pitch-085,55,-85,68.400,-85.512,13.400
yaw055_pitch-080,55,-80,66.435,-83.476,11.435
yaw055_pitch-075,55,-75,64.209,-72.558,9.209
yaw055_pitch-070,55,-70,62.254,-68.658,7.254
yaw055_pitch-065,55,-65,61.298,-62.870,6.298
yaw055_pitch-060,55,-60,62.610,-56.158,7.610
yaw055_pitch-055,55,-55,63.344,-47.883,8.344
yaw055_pitch-050,55,-50,60.723,-43.559,5.723
yaw055_pitch-045,55,-45,59.036,-37.647,4.036
yaw055_pitch-040,55,-40,58.602,-35.783,3.602
yaw055_pitch-035,55,-35,57.283,-33.349,2.283
yaw055_pitch-030,55,-30,56.495,-34.176,1.495
yaw055_pitch-025,55,-25,55.739,-32.211,0.739
yaw055_pitch-020,55,-20,52.976,-36.203,2.024
yaw055_pitch-015,55,-15,49.533,-38.144,5.467
yaw055_pitch-010,55,-10,48.812,-36.722,6.188
yaw055_pitch-005,55,-5,49.106,-29.889,5.894
yaw055_pitch+000,55,0,47.642,-29.209,7.358
yaw055_pitch+005,55,5,46.793,-16.418,8.207
yaw055_pitch+010,55,10,45.747,-4.692,9.253
yaw055_pitch+015,55,15,45.623,-0.661,9.377
yaw055_pitch+020,55,20,45.483,2.696,9.517
yaw055_pitch+025,55,25,45.552,6.064,9.448
yaw055_pitch+030,55,30,44.765,15.016,10.235
yaw055_pitch+035,55,35,44.377,19.754,10.623
yaw055_pitch+040,55,40,43.011,25.193,11.989
yaw055_pitch+045,55,45,43.718,32.129,11.282
yaw055_pitch+050,55,50,43.845,39.374,11.155
yaw055_pitch+055,55,55,41.830,50.251,13.170
yaw055_pitch+060,55,60,38.741,52.366,16.259
yaw055_pitch+065,55,65,37.923,56.425,17.077
yaw055_pitch+070,55,70,38.408,61.136,16.592
yaw055_pitch+075,55,75,38.001,70.550,16.999
yaw055_pitch+080,55,80,37.870,77.636,17.130
yaw055_pitch+085,55,85,37.959,87.519,17.041
yaw055_pitch+090,55,90,37.257,90.000,17.743
yaw060_pitch-090,60,-90,77.130,-80.068,17.130
yaw060_pitch-085,60,-85,72.564,-81.812,12.564
yaw060_pitch-080,60,-80,73.333,-81.914,13.333
yaw060_pitch-075,60,-75,69.791,-71.836,9.791
yaw060_pitch-070,60,-70,67.189,-61.504,7.189
yaw060_pitch-065,60,-65,66.775,-59.692,6.775
yaw060_pitch-060,60,-60,67.254,-53.380,7.254
yaw060_pitch-055,60,-55,66.169,-50.863,6.169
yaw060_pitch-050,60,-50,65.861,-41.786,5.861
yaw060_pitch-045,60,-45,62.607,-41.785,2.607
yaw060_pitch-040,60,-40,61.188,-39.595,1.188
yaw060_pitch-035,60,-35,59.830,-37.647,0.170
yaw060_pitch-030,60,-30,58.305,-36.746,1.695
yaw060_pitch-025,60,-25,58.220,-36.326,1.780
yaw060_pitch-020,60,-20,57.451,-38.376,2.549
yaw060_pitch-015,60,-15,57.189,-37.590,2.811
yaw060_pitch-010,60,-10,55.222,-35.701,4.778
yaw060_pitch-005,60,-5,52.738,-27.550,7.262
yaw060_pitch+000,60,0,51.403,-22.490,8.597
yaw060_pitch+005,60,5,51.331,-12.990,8.669
yaw060_pitch+010,60,10,51.541,-1.344,8.459
yaw060_pitch+015,60,15,50.763,1.707,9.237
yaw060_pitch+020,60,20,52.516,1.839,7.484
yaw060_pitch+025,60,25,48.995,6.149,11.005
yaw060_pitch+030,60,30,47.692,14.937,12.308
yaw060_pitch+035,60,35,47.250,20.912,12.750
yaw060_pitch+040,60,40,46.085,25.964,13.915
yaw060_pitch+045,60,45,46.844,33.311,13.156
yaw060_pitch+050,60,50,46.163,40.840,13.837
yaw060_pitch+055,60,55,44.024,51.086,15.976
yaw060_pitch+060,60,60,41.113,48.696,18.887
yaw060_pitch+065,60,65,41.958,56.796,18.042
yaw060_pitch+070,60,70,41.930,60.721,18.070
yaw060_pitch+075,60,75,42.332,70.607,17.668
yaw060_pitch+080,60,80,42.814,78.780,17.186
yaw060_pitch+085,60,85,43.587,88.717,16.413
yaw060_pitch+090,60,90,44.346,90.000,15.654
yaw065_pitch-090,65,-90,80.572,-80.997,15.572
yaw065_pitch-085,65,-85,79.669,-82.578,14.669
yaw065_pitch-080,65,-80,76.968,-81.363,11.968
yaw065_pitch-075,65,-75,75.021,-71.899,10.021
yaw065_pitch-070,65,-70,75.780,-63.756,10.780
yaw065_pitch-065,65,-65,71.763,-58.663,6.763
yaw065_pitch-060,65,-60,70.844,-52.297,5.844
yaw065_pitch-055,65,-55,70.193,-48.227,5.193
yaw065_pitch-050,65,-50,70.793,-44.336,5.793
yaw065_pitch-045,65,-45,67.259,-42.661,2.259
yaw065_pitch-040,65,-40,63.989,-39.750,1.011
yaw065_pitch-035,65,-35,64.559,-36.404,0.441
yaw065_pitch-030,65,-30,66.895,-34.953,1.895
yaw065_pitch-025,65,-25,64.976,-34.728,0.024
yaw065_pitch-020,65,-20,63.425,-33.572,1.575
yaw065_pitch-015,65,-15,59.775,-36.833,5.225
yaw065_pitch-010,65,-10,59.052,-32.119,5.948
yaw065_pitch-005,65,-5,56.560,-27.837,8.440
yaw065_pitch+000,65,0,54.884,-20.837,10.116
yaw065_pitch+005,65,5,55.318,-7.437,9.682
yaw065_pitch+010,65,10,54.437,3.341,10.563
yaw065_pitch+015,65,15,55.392,3.561,9.608
yaw065_pitch+020,65,20,55.702,6.690,9.298
yaw065_pitch+025,65,25,54.468,7.213,10.532
yaw065_pitch+030,65,30,52.167,14.271,12.833
yaw065_pitch+035,65,35,50.461,21.896,14.539
yaw065_pitch+040,65,40,49.009,26.518,15.991
yaw065_pitch+045,65,45,50.166,32.890,14.834
yaw065_pitch+050,65,50,48.714,37.829,16.286
yaw065_pitch+055,65,55,47.753,42.226,17.247
yaw065_pitch+060,65,60,43.663,44.772,21.337
yaw065_pitch+065,65,65,46.126,58.782,18.874
yaw065_pitch+070,65,70,46.329,63.396,18.671
yaw065_pitch+075,65,75,48.123,73.904,16.877
yaw065_pitch+080,65,80,48.325,79.236,16.675
yaw065_pitch+085,65,85,49.896,88.575,15.104
yaw065_pitch+090,65,90,50.336,90.000,14.664
yaw070_pitch-090,70,-90,87.283,-83.292,17.283
yaw070_pitch-085,70,-85,82.125,-80.330,12.125
yaw070_pitch-080,70,-80,81.619,-78.758,11.619
yaw070_pitch-075,70,-75,81.368,-72.042,11.368
yaw070_pitch-070,70,-70,79.609,-61.740,9.609
yaw070_pitch-065,70,-65,78.096,-59.185,8.096
yaw070_pitch-060,70,-60,75.737,-55.375,5.737
yaw070_pitch-055,70,-55,74.770,-53.867,4.770
yaw070_pitch-050,70,-50,74.111,-43.221,4.111
yaw070_pitch-045,70,-45,73.503,-43.236,3.503
yaw070_pitch-040,70,-40,71.420,-38.006,1.420
yaw070_pitch-035,70,-35,67.644,-37.968,2.356
yaw070_pitch-030,70,-30,69.641,-38.780,0.359
yaw070_pitch-025,70,-25,69.417,-34.403,0.583
yaw070_pitch-020,70,-20,69.577,-32.372,0.423
yaw070_pitch-015,70,-15,65.551,-33.208,4.449
yaw070_pitch-010,70,-10,66.119,-31.653,3.881
yaw070_pitch-005,70,-5,64.904,-26.112,5.096
yaw070_pitch+000,70,0,59.104,-19.693,10.896
yaw070_pitch+005,70,5,59.110,-5.826,10.890
yaw070_pitch+010,70,10,59.240,2.899,10.760
yaw070_pitch+015,70,15,59.138,4.956,10.862
yaw070_pitch+020,70,20,59.931,7.275,10.069
yaw070_pitch+025,70,25,58.972,9.221,11.028
yaw070_pitch+030,70,30,56.010,15.913,13.990
yaw070_pitch+035,70,35,53.558,22.532,16.442
yaw070_pitch+040,70,40,52.337,28.816,17.663
yaw070_pitch+045,70,45,53.761,33.339,16.239
yaw070_pitch+050,70,50,53.244,39.054,16.756
yaw070_pitch+055,70,55,51.464,38.057,18.536
yaw070_pitch+060,70,60,47.813,43.460,22.187
yaw070_pitch+065,70,65,50.810,52.683,19.190
yaw070_pitch+070,70,70,51.157,62.303,18.843
yaw070_pitch+075,70,75,52.494,71.512,17.506
yaw070_pitch+080,70,80,53.170,77.394,16.830
yaw070_pitch+085,70,85,54.270,86.568,15.730
yaw070_pitch+090,70,90,52.424,90.000,17.576
yaw075_pitch-090,75,-90,88.345,-85.230,13.345
yaw075_pitch-085,75,-85,88.188,-79.151,13.188
yaw075_pitch-080,75,-80,87.845,-76.491,12.845
yaw075_pitch-075,75,-75,86.736,-71.821,11.736
yaw075_pitch-070,75,-70,83.651,-64.994,8.651
yaw075_pitch-065,75,-65,81.829,-58.964,6.829
yaw075_pitch-060,75,-60,79.952,-54.552,4.952
yaw075_pitch-055,75,-55,79.575,-48.785,4.575
yaw075_pitch-050,75,-50,79.810,-45.066,4.810
yaw075_pitch-045,75,-45,78.694,-40.908,3.694
yaw075_pitch-040,75,-40,75.397,-40.624,0.397
yaw075_pitch-035,75,-35,75.396,-37.921,0.396
yaw075_pitch-030,75,-30,75.255,-36.110,0.255
yaw075_pitch-025,75,-25,75.331,-34.524,0.331
yaw075_pitch-020,75,-20,73.696,-34.273,1.304
yaw075_pitch-015,75,-15,70.596,-30.493,4.404
yaw075_pitch-010,75,-10,69.409,-28.764,5.591
yaw075_pitch-005,75,-5,66.665,-25.681,8.335
yaw075_pitch+000,75,0,63.433,-19.834,11.567
yaw075_pitch+005,75,5,61.855,-4.060,13.145
yaw075_pitch+010,75,10,62.535,4.182,12.465
yaw075_pitch+015,75,15,64.387,6.606,10.613
yaw075_pitch+020,75,20,64.345,8.118,10.655
yaw075_pitch+025,75,25,61.404,12.005,13.596
yaw075_pitch+030,75,30,58.024,13.754,16.976
yaw075_pitch+035,75,35,59.286,25.474,15.714
yaw075_pitch+040,75,40,56.917,28.490,18.083
yaw075_pitch+045,75,45,57.729,33.203,17.271
yaw075_pitch+050,75,50,56.628,36.838,18.372
yaw075_pitch+055,75,55,55.962,36.896,19.038
yaw075_pitch+060,75,60,54.329,43.694,20.671
yaw075_pitch+065,75,65,56.809,51.190,18.191
yaw075_pitch+070,75,70,56.789,62.063,18.211
yaw075_pitch+075,75,75,57.755,69.565,17.245
yaw075_pitch+080,75,80,59.941,78.648,15.059
yaw075_pitch+085,75,85,58.544,86.364,16.456
yaw075_pitch+090,75,90,55.467,90.000,19.533
yaw080_pitch-090,80,-90,91.582,-79.689,11.582
yaw080_pitch-085,80,-85,94.036,-80.804,14.036
yaw080_pitch-080,80,-80,92.636,-76.735,12.636
yaw080_pitch-075,80,-75,89.686,-72.895,9.686
yaw080_pitch-070,80,-70,89.186,-63.140,9.186
yaw080_pitch-065,80,-65,86.116,-60.486,6.116
yaw080_pitch-060,80,-60,84.276,-54.720,4.276
yaw080_pitch-055,80,-55,85.383,-47.496,5.383
yaw080_pitch-050,80,-50,82.450,-45.016,2.450
yaw080_pitch-045,80,-45,82.246,-42.724,2.246
yaw080_pitch-040,80,-40,81.923,-37.857,1.923
yaw080_pitch-035,80,-35,79.946,-37.354,0.054
yaw080_pitch-030,80,-30,78.205,-38.247,1.795
yaw080_pitch-025,80,-25,76.379,-32.950,3.621
yaw080_pitch-020,80,-20,76.261,-33.004,3.739
yaw080_pitch-015,80,-15,74.248,-31.659,5.752
yaw080_pitch-010,80,-10,76.457,-27.617,3.543
yaw080_pitch-005,80,-5,70.876,-22.714,9.124
yaw080_pitch+000,80,0,68.701,-14.226,11.299
yaw080_pitch+005,80,5,69.943,-4.516,10.057
yaw080_pitch+010,80,10,72.408,-0.068,7.592
yaw080_pitch+015,80,15,69.633,7.759,10.367
yaw080_pitch+020,80,20,70.473,11.137,9.527
yaw080_pitch+025,80,25,67.873,14.113,12.127
yaw080_pitch+030,80,30,65.112,19.602,14.888
yaw080_pitch+035,80,35,60.391,19.587,19.609
yaw080_pitch+040,80,40,61.366,26.233,18.634
yaw080_pitch+045,80,45,64.140,29.388,15.860
yaw080_pitch+050,80,50,63.184,34.196,16.816
yaw080_pitch+055,80,55,59.727,37.879,20.273
yaw080_pitch+060,80,60,62.854,45.013,17.146
yaw080_pitch+065,80,65,65.165,53.407,14.835
yaw080_pitch+070,80,70,65.053,60.689,14.947
yaw080_pitch+075,80,75,64.718,67.368,15.282
yaw080_pitch+080,80,80,65.032,77.045,14.968
yaw080_pitch+085,80,85,65.640,83.879,14.360
yaw080_pitch+090,80,90,65.019,90.000,14.981
yaw085_pitch-090,85,-90,102.965,-82.661,17.965
yaw085_pitch-085,85,-85,101.054,-79.912,16.054
yaw085_pitch-080,85,-80,99.233,-75.502,14.233
yaw085_pitch-075,85,-75,98.590,-71.127,13.590
yaw085_pitch-070,85,-70,97.223,-65.212,12.223
yaw085_pitch-065,85,-65,93.828,-58.557,8.828
yaw085_pitch-060,85,-60,91.423,-52.523,6.423
yaw085_pitch-055,85,-55,91.345,-47.939,6.345
yaw085_pitch-050,85,-50,86.718,-44.881,1.718
yaw085_pitch-045,85,-45,86.357,-42.681,1.357
yaw085_pitch-040,85,-40,85.363,-39.793,0.363
yaw085_pitch-035,85,-35,84.538,-38.647,0.462
yaw085_pitch-030,85,-30,82.252,-36.283,2.748
yaw085_pitch-025,85,-25,82.591,-34.309,2.409
yaw085_pitch-020,85,-20,81.873,-31.643,3.127
yaw085_pitch-015,85,-15,78.349,-31.092,6.651
yaw085_pitch-010,85,-10,76.682,-24.472,8.318
yaw085_pitch-005,85,-5,75.561,-17.163,9.439
yaw085_pitch+000,85,0,74.109,-12.673,10.891
yaw085_pitch+005,85,5,74.677,-2.931,10.323
yaw085_pitch+010,85,10,71.811,4.902,13.189
yaw085_pitch+015,85,15,75.621,8.667,9.379
yaw085_pitch+020,85,20,72.342,10.946,12.658
yaw085_pitch+025,85,25,72.873,14.877,12.127
yaw085_pitch+030,85,30,68.402,16.302,16.598
yaw085_pitch+035,85,35,68.213,22.171,16.787
yaw085_pitch+040,85,40,68.981,25.273,16.019
yaw085_pitch+045,85,45,69.414,29.802,15.586
yaw085_pitch+050,85,50,69.279,38.398,15.721
yaw085_pitch+055,85,55,70.166,38.793,14.834
yaw085_pitch+060,85,60,72.347,44.749,12.653
yaw085_pitch+065,85,65,72.682,50.651,12.318
yaw085_pitch+070,85,70,75.184,61.365,9.816
yaw085_pitch+075,85,75,72.603,69.852,12.397
yaw085_pitch+080,85,80,72.944,77.150,12.056
yaw085_pitch+085,85,85,69.914,82.239,15.086
yaw085_pitch+090,85,90,75.618,90.000,9.382
yaw090_pitch-090,90,-90,105.965,-82.105,15.965
yaw090_pitch-085,90,-85,108.022,-78.014,18.022
yaw090_pitch-080,90,-80,107.647,-75.999,17.647
yaw090_pitch-075,90,-75,107.916,-72.657,17.916
yaw090_pitch-070,90,-70,104.947,-67.859,14.947
yaw090_pitch-065,90,-65,100.186,-62.519,10.186
yaw090_pitch-060,90,-60,98.756,-55.202,8.756
yaw090_pitch-055,90,-55,96.807,-49.116,6.807
yaw090_pitch-050,90,-50,94.291,-47.365,4.291
yaw090_pitch-045,90,-45,95.089,-40.150,5.089
yaw090_pitch-040,90,-40,95.749,-39.823,5.749
yaw090_pitch-035,90,-35,96.157,-39.923,6.157
yaw090_pitch-030,90,-30,91.813,-37.296,1.813
yaw090_pitch-025,90,-25,86.893,-33.428,3.107
yaw090_pitch-020,90,-20,83.851,-34.353,6.149
yaw090_pitch-015,90,-15,82.833,-30.781,7.167
yaw090_pitch-010,90,-10,84.612,-24.047,5.388
yaw090_pitch-005,90,-5,81.792,-18.407,8.208
yaw090_pitch+000,90,0,78.919,-11.351,11.081
yaw090_pitch+005,90,5,81.193,-3.359,8.807
yaw090_pitch+010,90,10,76.476,5.243,13.524
yaw090_pitch+015,90,15,78.358,10.569,11.642
yaw090_pitch+020,90,20,75.401,9.758,14.599
yaw090_pitch+025,90,25,71.802,13.191,18.198
yaw090_pitch+030,90,30,73.893,16.802,16.107
yaw090_pitch+035,90,35,71.556,18.866,18.444
yaw090_pitch+040,90,40,73.866,23.791,16.134
yaw090_pitch+045,90,45,72.358,26.245,17.642
yaw090_pitch+050,90,50,70.270,32.479,19.730
yaw090_pitch+055,90,55,74.902,39.018,15.098
yaw090_pitch+060,90,60,76.569,42.989,13.431
yaw090_pitch+065,90,65,78.973,52.884,11.027
yaw090_pitch+070,90,70,79.165,61.391,10.835
yaw090_pitch+075,90,75,78.182,72.136,11.818
yaw090_pitch+080,90,80,77.050,75.845,12.950
yaw090_pitch+085,90,85,75.285,83.533,14.715
yaw090_pitch+090,90,90,79.294,90.000,10.706
yaw095_pitch-090,95,-90,110.167,-81.156,15.167
yaw095_pitch-085,95,-85,111.414,-76.266,16.414
yaw095_pitch-080,95,-80,112.089,-74.605,17.089
yaw095_pitch-075,95,-75,110.803,-71.545,15.803
yaw095_pitch-070,95,-70,109.409,-63.598,14.409
yaw095_pitch-065,95,-65,105.085,-60.707,10.085
yaw095_pitch-060,95,-60,103.651,-52.033,8.651
yaw095_pitch-055,95,-55,102.456,-47.033,7.456
yaw095_pitch-050,95,-50,102.375,-46.464,7.375
yaw095_pitch-045,95,-45,103.614,-42.463,8.614
yaw095_pitch-040,95,-40,106.886,-38.533,11.886
yaw095_pitch-035,95,-35,107.662,-37.348,12.662
yaw095_pitch-030,95,-30,107.019,-37.187,12.019
yaw095_pitch-025,95,-25,99.617,-35.511,4.617
yaw095_pitch-020,95,-20,95.850,-31.986,0.850
yaw095_pitch-015,95,-15,89.756,-28.003,5.244
yaw095_pitch-010,95,-10,88.878,-25.228,6.122
yaw095_pitch-005,95,-5,87.974,-18.796,7.026
yaw095_pitch+000,95,0,83.917,-10.957,11.083
yaw095_pitch+005,95,5,81.342,-3.027,13.658
yaw095_pitch+010,95,10,78.561,6.008,16.439
yaw095_pitch+015,95,15,77.860,9.224,17.140
yaw095_pitch+020,95,20,76.820,8.138,18.180
yaw095_pitch+025,95,25,75.888,13.071,19.112
yaw095_pitch+030,95,30,75.793,13.930,19.207
yaw095_pitch+035,95,35,74.015,18.118,20.985
yaw095_pitch+040,95,40,77.772,19.910,17.228
yaw095_pitch+045,95,45,75.657,26.026,19.343
yaw095_pitch+050,95,50,79.487,33.457,15.513
yaw095_pitch+055,95,55,82.483,37.393,12.517
yaw095_pitch+060,95,60,83.689,51.049,11.311
yaw095_pitch+065,95,65,81.673,50.262,13.327
yaw095_pitch+070,95,70,83.739,61.198,11.261
yaw095_pitch+075,95,75,85.316,71.094,9.684
yaw095_pitch+080,95,80,84.837,76.337,10.163
yaw095_pitch+085,95,85,81.872,83.321,13.128
yaw095_pitch+090,95,90,78.061,88.677,16.939
yaw100_pitch-090,100,-90,114.520,-77.885,14.520
yaw100_pitch-085,100,-85,114.996,-77.169,14.996
yaw100_pitch-080,100,-80,114.959,-76.920,14.959
yaw100_pitch-075,100,-75,116.359,-70.432,16.359
yaw100_pitch-070,100,-70,113.072,-66.058,13.072
yaw100_pitch-065,100,-65,111.202,-56.722,11.202
yaw100_pitch-060,100,-60,111.690,-56.622,11.690
yaw100_pitch-055,100,-55,112.742,-49.689,12.742
yaw100_pitch-050,100,-50,112.865,-46.321,12.865
yaw100_pitch-045,100,-45,116.488,-43.677,16.488
yaw100_pitch-040,100,-40,118.517,-41.237,18.517
yaw100_pitch-035,100,-35,120.914,-39.211,20.914
yaw100_pitch-030,100,-30,119.754,-37.939,19.754
yaw100_pitch-025,100,-25,113.766,-36.135,13.766
yaw100_pitch-020,100,-20,114.223,-31.637,14.223
yaw100_pitch-015,100,-15,103.715,-30.481,3.715
yaw100_pitch-010,100,-10,98.283,-25.223,1.717
yaw100_pitch-005,100,-5,90.189,-21.832,9.811
yaw100_pitch+000,100,0,87.196,-14.039,12.804
yaw100_pitch+005,100,5,84.807,-5.976,15.193
yaw100_pitch+010,100,10,85.371,4.032,14.629
yaw100_pitch+015,100,15,85.018,7.017,14.982
yaw100_pitch+020,100,20,81.841,9.049,18.159
yaw100_pitch+025,100,25,85.651,8.848,14.349
yaw100_pitch+030,100,30,85.298,13.179,14.702
yaw100_pitch+035,100,35,84.158,14.925,15.842
yaw100_pitch+040,100,40,81.862,18.313,18.138
yaw100_pitch+045,100,45,83.753,22.656,16.247
yaw100_pitch+050,100,50,87.603,29.775,12.397
yaw100_pitch+055,100,55,86.745,38.168,13.255
yaw100_pitch+060,100,60,86.703,47.283,13.297
yaw100_pitch+065,100,65,88.135,52.621,11.865
yaw100_pitch+070,100,70,88.752,63.665,11.248
yaw100_pitch+075,100,75,91.005,68.955,8.995
yaw100_pitch+080,100,80,87.291,75.901,12.709
yaw100_pitch+085,100,85,90.467,82.094,9.533
yaw100_pitch+090,100,90,86.163,87.631,13.837
yaw105_pitch-090,105,-90,118.773,-83.264,13.773
yaw105_pitch-085,105,-85,121.634,-81.190,16.634
yaw105_pitch-080,105,-80,121.985,-77.783,16.985
yaw105_pitch-075,105,-75,121.688,-72.717,16.688
yaw105_pitch-070,105,-70,121.107,-64.518,16.107
yaw105_pitch-065,105,-65,122.533,-56.968,17.533
yaw105_pitch-060,105,-60,122.138,-55.614,17.138
yaw105_pitch-055,105,-55,123.638,-50.472,18.638
yaw105_pitch-050,105,-50,124.638,-46.409,19.638
yaw105_pitch-045,105,-45,130.604,-46.599,25.604
yaw105_pitch-040,105,-40,130.501,-44.456,25.501
yaw105_pitch-035,105,-35,132.478,-43.504,27.478
yaw105_pitch-030,105,-30,132.564,-39.756,27.564
yaw105_pitch-025,105,-25,129.906,-37.311,24.906
yaw105_pitch-020,105,-20,123.373,-33.772,18.373
yaw105_pitch-015,105,-15,114.190,-32.350,9.190
yaw105_pitch-010,105,-10,107.556,-27.188,2.556
yaw105_pitch-005,105,-5,99.842,-23.788,5.158
yaw105_pitch+000,105,0,94.522,-18.795,10.478
yaw105_pitch+005,105,5,89.746,-11.340,15.254
yaw105_pitch+010,105,10,91.476,-0.981,13.524
yaw105_pitch+015,105,15,94.347,4.421,10.653
yaw105_pitch+020,105,20,93.207,4.942,11.793
yaw105_pitch+025,105,25,88.893,6.392,16.107
yaw105_pitch+030,105,30,90.767,8.473,14.233
yaw105_pitch+035,105,35,90.372,13.185,14.628
yaw105_pitch+040,105,40,90.404,17.849,14.596
yaw105_pitch+045,105,45,89.986,26.394,15.014
yaw105_pitch+050,105,50,92.805,32.258,12.195
yaw105_pitch+055,105,55,91.628,37.602,13.372
yaw105_pitch+060,105,60,92.943,45.644,12.057
yaw105_pitch+065,105,65,94.361,54.563,10.639
yaw105_pitch+070,105,70,92.477,60.200,12.523
yaw105_pitch+075,105,75,93.652,66.747,11.348
yaw105_pitch+080,105,80,90.545,75.376,14.455
yaw105_pitch+085,105,85,93.203,81.732,11.797
yaw105_pitch+090,105,90,100.574,89.510,4.426
yaw110_pitch-090,110,-90,121.013,-84.321,11.013
yaw110_pitch-085,110,-85,123.245,-83.857,13.245
yaw110_pitch-080,110,-80,125.557,-79.371,15.557
yaw110_pitch-075,110,-75,125.927,-74.071,15.927
yaw110_pitch-070,110,-70,126.244,-65.341,16.244
yaw110_pitch-065,110,-65,128.180,-56.978,18.180
yaw110_pitch-060,110,-60,128.208,-54.344,18.208
yaw110_pitch-055,110,-55,129.707,-49.190,19.707
yaw110_pitch-050,110,-50,131.941,-44.352,21.941
yaw110_pitch-045,110,-45,133.044,-43.545,23.044
yaw110_pitch-040,110,-40,138.463,-44.936,28.463
yaw110_pitch-035,110,-35,140.467,-42.566,30.467
yaw110_pitch-030,110,-30,139.975,-41.361,29.975
yaw110_pitch-025,110,-25,140.319,-38.959,30.319
yaw110_pitch-020,110,-20,137.108,-38.021,27.108
yaw110_pitch-015,110,-15,124.240,-34.257,14.240
yaw110_pitch-010,110,-10,116.283,-30.014,6.283
yaw110_pitch-005,110,-5,109.037,-27.649,0.963
yaw110_pitch+000,110,0,104.379,-24.444,5.621
yaw110_pitch+005,110,5,101.525,-18.676,8.475
yaw110_pitch+010,110,10,101.852,-6.624,8.148
yaw110_pitch+015,110,15,101.957,0.396,8.043
yaw110_pitch+020,110,20,101.155,2.783,8.845
yaw110_pitch+025,110,25,101.823,6.555,8.177
yaw110_pitch+030,110,30,99.151,11.573,10.849
yaw110_pitch+035,110,35,99.874,15.952,10.126
yaw110_pitch+040,110,40,99.706,20.827,10.294
yaw110_pitch+045,110,45,98.695,25.366,11.305
yaw110_pitch+050,110,50,98.134,29.764,11.866
yaw110_pitch+055,110,55,98.577,38.041,11.423
yaw110_pitch+060,110,60,96.895,44.932,13.105
yaw110_pitch+065,110,65,97.276,51.127,12.724
yaw110_pitch+070,110,70,97.055,59.289,12.945
yaw110_pitch+075,110,75,97.627,69.057,12.373
yaw110_pitch+080,110,80,94.400,75.221,15.600
yaw110_pitch+085,110,85,96.275,84.184,13.725
yaw110_pitch+090,110,90,97.566,87.198,12.434
yaw115_pitch-090,115,-90,127.774,-81.921,12.774
yaw115_pitch-085,115,-85,129.849,-85.534,14.849
yaw115_pitch-080,115,-80,132.922,-78.811,17.922
yaw115_pitch-075,115,-75,133.090,-71.704,18.090
yaw115_pitch-070,115,-70,134.012,-62.237,19.012
yaw115_pitch-065,115,-65,136.027,-56.779,21.027
yaw115_pitch-060,115,-60,135.719,-54.087,20.719
yaw115_pitch-055,115,-55,135.755,-48.387,20.755
yaw115_pitch-050,115,-50,135.939,-44.337,20.939
yaw115_pitch-045,115,-45,138.551,-43.234,23.551
yaw115_pitch-040,115,-40,139.311,-42.902,24.311
yaw115_pitch-035,115,-35,140.402,-40.221,25.402
yaw115_pitch-030,115,-30,140.257,-39.083,25.257
yaw115_pitch-025,115,-25,138.344,-38.470,23.344
yaw115_pitch-020,115,-20,134.263,-37.812,19.263
yaw115_pitch-015,115,-15,127.813,-36.836,12.813
yaw115_pitch-010,115,-10,120.983,-34.042,5.983
yaw115_pitch-005,115,-5,111.515,-31.224,3.485
yaw115_pitch+000,115,0,105.608,-28.862,9.392
yaw115_pitch+005,115,5,104.256,-22.715,10.744
yaw115_pitch+010,115,10,107.168,-11.345,7.832
yaw115_pitch+015,115,15,110.646,-2.055,4.354
yaw115_pitch+020,115,20,108.908,1.921,6.092
yaw115_pitch+025,115,25,108.571,7.266,6.429
yaw115_pitch+030,115,30,110.357,11.265,4.643
yaw115_pitch+035,115,35,109.215,17.371,5.785
yaw115_pitch+040,115,40,109.252,21.701,5.748
yaw115_pitch+045,115,45,107.831,26.243,7.169
yaw115_pitch+050,115,50,106.600,29.533,8.400
yaw115_pitch+055,115,55,107.845,35.810,7.155
yaw115_pitch+060,115,60,105.121,41.308,9.879
yaw115_pitch+065,115,65,102.776,48.030,12.224
yaw115_pitch+070,115,70,105.445,60.338,9.555
yaw115_pitch+075,115,75,104.364,68.983,10.636
yaw115_pitch+080,115,80,102.243,76.619,12.757
yaw115_pitch+085,115,85,99.527,85.388,15.473
yaw115_pitch+090,115,90,103.469,90.000,11.531
yaw120_pitch-090,120,-90,136.618,-86.591,16.618
yaw120_pitch-085,120,-85,135.350,-85.409,15.350
yaw120_pitch-080,120,-80,132.220,-81.879,12.220
yaw120_pitch-075,120,-75,133.404,-79.285,13.404
yaw120_pitch-070,120,-70,135.954,-67.477,15.954
yaw120_pitch-065,120,-65,143.936,-58.520,23.936
yaw120_pitch-060,120,-60,143.170,-51.845,23.170
yaw120_pitch-055,120,-55,142.656,-48.641,22.656
yaw120_pitch-050,120,-50,143.771,-42.998,23.771
yaw120_pitch-045,120,-45,144.342,-41.577,24.342
yaw120_pitch-040,120,-40,144.977,-42.082,24.977
yaw120_pitch-035,120,-35,143.186,-41.105,23.186
yaw120_pitch-030,120,-30,141.414,-39.242,21.414
yaw120_pitch-025,120,-25,137.978,-38.321,17.978
yaw120_pitch-020,120,-20,131.646,-37.492,11.646
yaw120_pitch-015,120,-15,124.923,-36.727,4.923
yaw120_pitch-010,120,-10,117.656,-33.835,2.344
yaw120_pitch-005,120,-5,111.841,-30.637,8.159
yaw120_pitch+000,120,0,110.031,-30.435,9.969
yaw120_pitch+005,120,5,109.941,-24.252,10.059
yaw120_pitch+010,120,10,113.488,-14.383,6.512
yaw120_pitch+015,120,15,117.076,-5.231,2.924
yaw120_pitch+020,120,20,116.443,1.028,3.557
yaw120_pitch+025,120,25,115.404,8.569,4.596
yaw120_pitch+030,120,30,115.732,14.652,4.268
yaw120_pitch+035,120,35,115.635,20.187,4.365
yaw120_pitch+040,120,40,115.498,24.049,4.502
yaw120_pitch+045,120,45,116.933,28.237,3.067
yaw120_pitch+050,120,50,115.753,30.520,4.247
yaw120_pitch+055,120,55,113.684,34.335,6.316
yaw120_pitch+060,120,60,115.295,42.445,4.705
yaw120_pitch+065,120,65,111.827,50.454,8.173
yaw120_pitch+070,120,70,109.653,58.063,10.347
yaw120_pitch+075,120,75,106.815,67.185,13.185
yaw120_pitch+080,120,80,105.324,75.560,14.676
yaw120_pitch+085,120,85,105.065,85.013,14.935
yaw120_pitch+090,120,90,106.536,90.000,13.464
yaw125_pitch-090,125,-90,136.396,-84.210,11.396
yaw125_pitch-085,125,-85,139.605,-83.890,14.605
yaw125_pitch-080,125,-80,144.305,-78.693,19.305
yaw125_pitch-075,125,-75,145.988,-70.370,20.988
yaw125_pitch-070,125,-70,146.751,-68.943,21.751
yaw125_pitch-065,125,-65,149.625,-62.218,24.625
yaw125_pitch-060,125,-60,146.685,-51.913,21.685
yaw125_pitch-055,125,-55,145.494,-45.461,20.494
yaw125_pitch-050,125,-50,146.448,-42.755,21.448
yaw125_pitch-045,125,-45,147.670,-40.124,22.670
yaw125_pitch-040,125,-40,147.608,-41.570,22.608
yaw125_pitch-035,125,-35,144.520,-41.167,19.520
yaw125_pitch-030,125,-30,140.326,-40.733,15.326
yaw125_pitch-025,125,-25,133.353,-38.543,8.353
yaw125_pitch-020,125,-20,125.496,-39.033,0.496
yaw125_pitch-015,125,-15,119.477,-36.677,5.523
yaw125_pitch-010,125,-10,114.769,-33.626,10.231
yaw125_pitch-005,125,-5,111.492,-29.672,13.508
yaw125_pitch+000,125,0,109.363,-27.030,15.637
yaw125_pitch+005,125,5,111.048,-21.375,13.952
yaw125_pitch+010,125,10,114.853,-12.871,10.147
yaw125_pitch+015,125,15,118.644,-6.214,6.356
yaw125_pitch+020,125,20,119.732,0.327,5.268
yaw125_pitch+025,125,25,117.590,9.392,7.410
yaw125_pitch+030,125,30,119.243,14.279,5.757
yaw125_pitch+035,125,35,121.243,17.585,3.757
yaw125_pitch+040,125,40,123.248,23.107,1.752
yaw125_pitch+045,125,45,121.467,25.660,3.533
yaw125_pitch+050,125,50,122.913,29.023,2.087
yaw125_pitch+055,125,55,124.527,34.529,0.473
yaw125_pitch+060,125,60,122.292,41.406,2.708
yaw125_pitch+065,125,65,118.641,52.636,6.359
yaw125_pitch+070,125,70,117.519,58.064,7.481
yaw125_pitch+075,125,75,114.271,66.216,10.729
yaw125_pitch+080,125,80,109.216,75.263,15.784
yaw125_pitch+085,125,85,109.587,86.169,15.413
yaw125_pitch+090,125,90,112.720,90.000,12.280
yaw130_pitch-090,130,-90,141.958,-84.988,11.958
yaw130_pitch-085,130,-85,151.071,-80.128,21.071
yaw130_pitch-080,130,-80,152.897,-76.603,22.897
yaw130_pitch-075,130,-75,154.165,-69.995,24.165
yaw130_pitch-070,130,-70,154.776,-64.042,24.776
yaw130_pitch-065,130,-65,153.423,-60.972,23.423
yaw130_pitch-060,130,-60,151.492,-49.917,21.492
yaw130_pitch-055,130,-55,152.193,-45.118,22.193
yaw130_pitch-050,130,-50,153.103,-43.145,23.103
yaw130_pitch-045,130,-45,151.852,-39.611,21.852
yaw130_pitch-040,130,-40,148.590,-44.095,18.590
yaw130_pitch-035,130,-35,147.456,-38.093,17.456
yaw130_pitch-030,130,-30,137.273,-40.080,7.273
yaw130_pitch-025,130,-25,131.644,-37.621,1.644
yaw130_pitch-020,130,-20,122.085,-35.236,7.915
yaw130_pitch-015,130,-15,112.566,-35.949,17.434
yaw130_pitch-010,130,-10,107.871,-33.757,22.129
yaw130_pitch-005,130,-5,107.763,-26.831,22.237
yaw130_pitch+000,130,0,110.213,-25.973,19.787
yaw130_pitch+005,130,5,114.604,-19.048,15.396
yaw130_pitch+010,130,10,120.211,-13.024,9.789
yaw130_pitch+015,130,15,121.936,-7.711,8.064
yaw130_pitch+020,130,20,123.932,0.048,6.068
yaw130_pitch+025,130,25,123.733,9.180,6.267
yaw130_pitch+030,130,30,124.165,16.308,5.835
yaw130_pitch+035,130,35,123.552,19.484,6.448
yaw130_pitch+040,130,40,125.901,22.912,4.099
yaw130_pitch+045,130,45,128.173,24.670,1.827
yaw130_pitch+050,130,50,129.224,28.018,0.776
yaw130_pitch+055,130,55,128.950,34.904,1.050
yaw130_pitch+060,130,60,128.526,41.233,1.474
yaw130_pitch+065,130,65,128.638,50.102,1.362
yaw130_pitch+070,130,70,124.842,59.737,5.158
yaw130_pitch+075,130,75,120.961,66.108,9.039
yaw130_pitch+080,130,80,119.244,75.163,10.756
yaw130_pitch+085,130,85,118.631,83.402,11.369
yaw130_pitch+090,130,90,122.375,90.000,7.625
yaw135_pitch-090,135,-90,154.175,-82.177,19.175
yaw135_pitch-085,135,-85,162.042,-79.199,27.042
yaw135_pitch-080,135,-80,165.992,-76.798,30.992
yaw135_pitch-075,135,-75,163.444,-72.350,28.444
yaw135_pitch-070,135,-70,161.417,-66.840,26.417
yaw135_pitch-065,135,-65,161.785,-63.704,26.785
yaw135_pitch-060,135,-60,161.028,-50.538,26.028
yaw135_pitch-055,135,-55,162.470,-46.023,27.470
yaw135_pitch-050,135,-50,158.161,-44.014,23.161
yaw135_pitch-045,135,-45,159.179,-41.056,24.179
yaw135_pitch-040,135,-40,151.385,-42.046,16.385
yaw135_pitch-035,135,-35,145.046,-41.917,10.046
yaw135_pitch-030,135,-30,138.499,-37.366,3.499
yaw135_pitch-025,135,-25,128.819,-36.867,6.181
yaw135_pitch-020,135,-20,117.338,-35.198,17.662
yaw135_pitch-015,135,-15,110.985,-28.707,24.015
yaw135_pitch-010,135,-10,106.540,-33.245,28.460
yaw135_pitch-005,135,-5,107.598,-30.388,27.402
yaw135_pitch+000,135,0,110.336,-27.349,24.664
yaw135_pitch+005,135,5,115.689,-21.140,19.311
yaw135_pitch+010,135,10,119.301,-16.307,15.699
yaw135_pitch+015,135,15,126.399,-10.589,8.601
yaw135_pitch+020,135,20,131.749,2.679,3.251
yaw135_pitch+025,135,25,130.654,10.391,4.346
yaw135_pitch+030,135,30,130.626,15.375,4.374
yaw135_pitch+035,135,35,129.391,20.646,5.609
yaw135_pitch+040,135,40,129.736,25.333,5.264
yaw135_pitch+045,135,45,130.197,26.732,4.803
yaw135_pitch+050,135,50,131.520,29.208,3.480
yaw135_pitch+055,135,55,130.291,32.784,4.709
yaw135_pitch+060,135,60,129.029,42.494,5.971
yaw135_pitch+065,135,65,126.042,49.500,8.958
yaw135_pitch+070,135,70,123.927,58.892,11.073
yaw135_pitch+075,135,75,122.629,68.982,12.371
yaw135_pitch+080,135,80,121.845,76.034,13.155
yaw135_pitch+085,135,85,122.736,85.801,12.264
yaw135_pitch+090,135,90,125.338,87.459,9.662
yaw140_pitch-090,140,-90,156.789,-83.061,16.789
yaw140_pitch-085,140,-85,159.532,-86.297,19.532
yaw140_pitch-080,140,-80,165.853,-79.764,25.853
yaw140_pitch-075,140,-75,163.393,-79.890,23.393
yaw140_pitch-070,140,-70,160.170,-73.777,20.170
yaw140_pitch-065,140,-65,162.666,-59.534,22.666
yaw140_pitch-060,140,-60,164.044,-51.617,24.044
yaw140_pitch-055,140,-55,167.545,-42.106,27.545
yaw140_pitch-050,140,-50,165.162,-42.943,25.162
yaw140_pitch-045,140,-45,160.422,-40.831,20.422
yaw140_pitch-040,140,-40,154.931,-40.041,14.931
yaw140_pitch-035,140,-35,148.014,-40.124,8.014
yaw140_pitch-030,140,-30,140.236,-37.399,0.236
yaw140_pitch-025,140,-25,129.907,-35.627,10.093
yaw140_pitch-020,140,-20,118.767,-25.174,21.233
yaw140_pitch-015,140,-15,108.747,-28.232,31.253
yaw140_pitch-010,140,-10,102.996,-30.169,37.004
yaw140_pitch-005,140,-5,102.651,-27.236,37.349
yaw140_pitch+000,140,0,101.825,-24.643,38.175
yaw140_pitch+005,140,5,108.576,-22.866,31.424
yaw140_pitch+010,140,10,124.672,-13.798,15.328
yaw140_pitch+015,140,15,135.834,-9.362,4.166
yaw140_pitch+020,140,20,144.337,-1.595,4.337
yaw140_pitch+025,140,25,139.129,11.648,0.871
yaw140_pitch+030,140,30,135.928,17.988,4.072
yaw140_pitch+035,140,35,135.852,20.405,4.148
yaw140_pitch+040,140,40,133.111,23.084,6.889
yaw140_pitch+045,140,45,133.456,27.594,6.544
yaw140_pitch+050,140,50,136.296,27.994,3.704
yaw140_pitch+055,140,55,134.360,34.663,5.640
yaw140_pitch+060,140,60,131.399,41.022,8.601
yaw140_pitch+065,140,65,126.305,49.728,13.695
yaw140_pitch+070,140,70,128.198,62.319,11.802
yaw140_pitch+075,140,75,129.103,70.632,10.897
yaw140_pitch+080,140,80,129.472,79.712,10.528
yaw140_pitch+085,140,85,127.336,85.820,12.664
yaw140_pitch+090,140,90,130.390,89.021,9.610
yaw145_pitch-090,145,-90,161.518,-85.791,16.518
yaw145_pitch-085,145,-85,162.302,-89.475,17.302
yaw145_pitch-080,145,-80,162.812,-86.035,17.812
yaw145_pitch-075,145,-75,163.581,-83.193,18.581
yaw145_pitch-070,145,-70,165.522,-73.621,20.522
yaw145_pitch-065,145,-65,167.511,-62.592,22.511
yaw145_pitch-060,145,-60,166.305,-51.037,21.305
yaw145_pitch-055,145,-55,169.478,-45.404,24.478
yaw145_pitch-050,145,-50,166.803,-44.556,21.803
yaw145_pitch-045,145,-45,163.300,-41.548,18.300
yaw145_pitch-040,145,-40,160.590,-40.872,15.590
yaw145_pitch-035,145,-35,155.503,-41.025,10.503
yaw145_pitch-030,145,-30,145.881,-37.923,0.881
yaw145_pitch-025,145,-25,138.694,-36.723,6.306
yaw145_pitch-020,145,-20,125.062,-29.396,19.938
yaw145_pitch-015,145,-15,111.745,-31.962,33.255
yaw145_pitch-010,145,-10,105.166,-30.089,39.834
yaw145_pitch-005,145,-5,101.591,-29.973,43.409
yaw145_pitch+000,145,0,95.847,-25.446,49.153
yaw145_pitch+005,145,5,109.931,-19.837,35.069
yaw145_pitch+010,145,10,128.349,5.690,16.651
yaw145_pitch+015,145,15,136.889,10.984,8.111
yaw145_pitch+020,145,20,151.648,3.512,6.648
yaw145_pitch+025,145,25,148.226,11.517,3.226
yaw145_pitch+030,145,30,140.868,19.042,4.132
yaw145_pitch+035,145,35,134.959,21.408,10.041
yaw145_pitch+040,145,40,138.134,20.038,6.866
yaw145_pitch+045,145,45,138.730,25.623,6.270
yaw145_pitch+050,145,50,139.549,29.280,5.451
yaw145_pitch+055,145,55,139.437,33.834,5.563
yaw145_pitch+060,145,60,136.387,40.685,8.613
yaw145_pitch+065,145,65,131.607,48.708,13.393
yaw145_pitch+070,145,70,133.107,63.735,11.893
yaw145_pitch+075,145,75,135.856,71.942,9.144
yaw145_pitch+080,145,80,135.797,80.097,9.203
yaw145_pitch+085,145,85,135.129,85.127,9.871
yaw145_pitch+090,145,90,134.488,89.800,10.512
yaw150_pitch-090,150,-90,166.765,-89.294,16.765
yaw150_pitch-085,150,-85,167.891,-88.047,17.891
yaw150_pitch-080,150,-80,168.475,-82.573,18.475
yaw150_pitch-075,150,-75,170.016,-78.088,20.016
yaw150_pitch-070,150,-70,174.130,-74.062,24.130
yaw150_pitch-065,150,-65,171.568,-65.328,21.568
yaw150_pitch-060,150,-60,172.938,-57.453,22.938
yaw150_pitch-055,150,-55,172.593,-50.691,22.593
yaw150_pitch-050,150,-50,171.155,-45.410,21.155
yaw150_pitch-045,150,-45,168.220,-42.579,18.220
yaw150_pitch-040,150,-40,165.596,-40.758,15.596
yaw150_pitch-035,150,-35,160.665,-39.070,10.665
yaw150_pitch-030,150,-30,152.643,-38.107,2.643
yaw150_pitch-025,150,-25,145.552,-32.805,4.448
yaw150_pitch-020,150,-20,137.507,-34.654,12.493
yaw150_pitch-015,150,-15,124.880,-32.311,25.120
yaw150_pitch-010,150,-10,118.140,-31.477,31.860
yaw150_pitch-005,150,-5,109.276,-26.144,40.724
yaw150_pitch+000,150,0,107.004,-24.899,42.996
yaw150_pitch+005,150,5,110.261,-16.044,39.739
yaw150_pitch+010,150,10,125.339,5.228,24.661
yaw150_pitch+015,150,15,140.260,17.976,9.740
yaw150_pitch+020,150,20,161.357,10.685,11.357
yaw150_pitch+025,150,25,159.441,14.546,9.441
yaw150_pitch+030,150,30,147.710,20.647,2.290
yaw150_pitch+035,150,35,142.785,20.540,7.215
yaw150_pitch+040,150,40,143.685,22.983,6.315
yaw150_pitch+045,150,45,145.213,25.665,4.787
yaw150_pitch+050,150,50,144.571,30.537,5.429
yaw150_pitch+055,150,55,143.762,34.183,6.238
yaw150_pitch+060,150,60,140.850,41.371,9.150
yaw150_pitch+065,150,65,136.165,50.612,13.835
yaw150_pitch+070,150,70,135.572,64.074,14.428
yaw150_pitch+075,150,75,138.813,71.806,11.187
yaw150_pitch+080,150,80,139.699,79.846,10.301
yaw150_pitch+085,150,85,138.185,86.170,11.815
yaw150_pitch+090,150,90,137.985,89.881,12.015
yaw155_pitch-090,155,-90,175.710,-88.388,20.710
yaw155_pitch-085,155,-85,175.754,-89.502,20.754
yaw155_pitch-080,155,-80,176.279,-82.819,21.279
yaw155_pitch-075,155,-75,176.026,-78.877,21.026
yaw155_pitch-070,155,-70,179.044,-70.111,24.044
yaw155_pitch-065,155,-65,177.495,-66.045,22.495
yaw155_pitch-060,155,-60,179.606,-57.305,24.606
yaw155_pitch-055,155,-55,178.751,-50.163,23.751
yaw155_pitch-050,155,-50,177.484,-48.685,22.484
yaw155_pitch-045,155,-45,174.933,-43.993,19.933
yaw155_pitch-040,155,-40,175.252,-41.581,20.252
yaw155_pitch-035,155,-35,170.290,-39.084,15.290
yaw155_pitch-030,155,-30,165.863,-37.672,10.863
yaw155_pitch-025,155,-25,160.022,-34.237,5.022
yaw155_pitch-020,155,-20,151.313,-35.279,3.687
yaw155_pitch-015,155,-15,143.416,-32.815,11.584
yaw155_pitch-010,155,-10,136.323,-29.443,18.677
yaw155_pitch-005,155,-5,125.990,-25.545,29.010
yaw155_pitch+000,155,0,126.946,-21.487,28.054
yaw155_pitch+005,155,5,133.148,-15.550,21.852
yaw155_pitch+010,155,10,146.804,-0.904,8.196
yaw155_pitch+015,155,15,157.033,6.349,2.033
yaw155_pitch+020,155,20,162.124,10.826,7.124
yaw155_pitch+025,155,25,155.720,15.585,0.720
yaw155_pitch+030,155,30,142.595,16.708,12.405
yaw155_pitch+035,155,35,144.450,20.047,10.550
yaw155_pitch+040,155,40,146.206,22.770,8.794
yaw155_pitch+045,155,45,147.744,26.750,7.256
yaw155_pitch+050,155,50,147.242,32.248,7.758
yaw155_pitch+055,155,55,148.445,36.167,6.555
yaw155_pitch+060,155,60,144.058,41.044,10.942
yaw155_pitch+065,155,65,139.847,54.061,15.153
yaw155_pitch+070,155,70,142.750,62.368,12.250
yaw155_pitch+075,155,75,141.572,72.770,13.428
yaw155_pitch+080,155,80,140.186,79.142,14.814
yaw155_pitch+085,155,85,140.207,87.082,14.793
yaw155_pitch+090,155,90,139.596,89.734,15.404
yaw160_pitch-090,160,-90,184.654,-87.309,24.654
yaw160_pitch-085,160,-85,180.476,-86.237,20.476
yaw160_pitch-080,160,-80,180.305,-82.954,20.305
yaw160_pitch-075,160,-75,181.679,-78.756,21.679
yaw160_pitch-070,160,-70,182.323,-71.387,22.323
yaw160_pitch-065,160,-65,182.891,-65.087,22.891
yaw160_pitch-060,160,-60,184.924,-54.687,24.924
yaw160_pitch-055,160,-55,180.624,-53.582,20.624
yaw160_pitch-050,160,-50,181.972,-49.761,21.972
yaw160_pitch-045,160,-45,182.508,-46.333,22.508
yaw160_pitch-040,160,-40,183.864,-40.698,23.864
yaw160_pitch-035,160,-35,180.295,-39.072,20.295
yaw160_pitch-030,160,-30,177.105,-37.464,17.105
yaw160_pitch-025,160,-25,173.331,-34.618,13.331
yaw160_pitch-020,160,-20,165.221,-35.552,5.221
yaw160_pitch-015,160,-15,156.526,-32.722,3.474
yaw160_pitch-010,160,-10,151.462,-27.973,8.538
yaw160_pitch-005,160,-5,142.444,-25.346,17.556
yaw160_pitch+000,160,0,141.228,-17.491,18.772
yaw160_pitch+005,160,5,147.682,-10.451,12.318
yaw160_pitch+010,160,10,156.189,-5.063,3.811
yaw160_pitch+015,160,15,164.999,6.282,4.999
yaw160_pitch+020,160,20,160.524,10.294,0.524
yaw160_pitch+025,160,25,154.378,12.232,5.622
yaw160_pitch+030,160,30,142.639,14.923,17.361
yaw160_pitch+035,160,35,147.471,20.801,12.529
yaw160_pitch+040,160,40,148.572,23.633,11.428
yaw160_pitch+045,160,45,150.942,27.517,9.058
yaw160_pitch+050,160,50,151.489,32.069,8.511
yaw160_pitch+055,160,55,149.451,36.671,10.549
yaw160_pitch+060,160,60,149.384,43.830,10.616
yaw160_pitch+065,160,65,148.021,54.980,11.979
yaw160_pitch+070,160,70,146.078,64.402,13.922
yaw160_pitch+075,160,75,144.115,71.615,15.885
yaw160_pitch+080,160,80,140.569,80.523,19.431
yaw160_pitch+085,160,85,138.119,86.786,21.881
yaw160_pitch+090,160,90,141.656,90.000,18.344
yaw165_pitch-090,165,-90,186.224,-85.401,21.224
yaw165_pitch-085,165,-85,183.455,-86.096,18.455
yaw165_pitch-080,165,-80,184.450,-82.278,19.450
yaw165_pitch-075,165,-75,186.965,-77.714,21.965
yaw165_pitch-070,165,-70,188.447,-68.999,23.447
yaw165_pitch-065,165,-65,189.130,-62.826,24.130
yaw165_pitch-060,165,-60,186.570,-59.889,21.570
yaw165_pitch-055,165,-55,186.969,-57.488,21.969
yaw165_pitch-050,165,-50,187.987,-48.351,22.987
yaw165_pitch-045,165,-45,188.631,-46.042,23.631
yaw165_pitch-040,165,-40,189.006,-42.506,24.006
yaw165_pitch-035,165,-35,188.240,-40.365,23.240
yaw165_pitch-030,165,-30,186.563,-38.028,21.563
yaw165_pitch-025,165,-25,181.958,-36.412,16.958
yaw165_pitch-020,165,-20,175.627,-35.052,10.627
yaw165_pitch-015,165,-15,169.276,-33.502,4.276
yaw165_pitch-010,165,-10,164.500,-29.704,0.500
yaw165_pitch-005,165,-5,159.791,-23.180,5.209
yaw165_pitch+000,165,0,159.981,-17.709,5.019
yaw165_pitch+005,165,5,157.182,-8.805,7.818
yaw165_pitch+010,165,10,157.856,-7.019,7.144
yaw165_pitch+015,165,15,159.064,2.107,5.936
yaw165_pitch+020,165,20,157.306,6.786,7.694
yaw165_pitch+025,165,25,158.286,12.113,6.714
yaw165_pitch+030,165,30,153.450,16.796,11.550
yaw165_pitch+035,165,35,157.784,20.731,7.216
yaw165_pitch+040,165,40,150.398,24.488,14.602
yaw165_pitch+045,165,45,152.240,29.133,12.760
yaw165_pitch+050,165,50,154.273,32.682,10.727
yaw165_pitch+055,165,55,154.299,40.667,10.701
yaw165_pitch+060,165,60,156.742,49.755,8.258
yaw165_pitch+065,165,65,153.870,55.337,11.130
yaw165_pitch+070,165,70,151.496,62.921,13.504
yaw165_pitch+075,165,75,149.892,71.348,15.108
yaw165_pitch+080,165,80,140.323,78.144,24.677
yaw165_pitch+085,165,85,138.798,86.546,26.202
yaw165_pitch+090,165,90,141.499,90.000,23.501
yaw170_pitch-090,170,-90,190.688,-89.549,20.688
yaw170_pitch-085,170,-85,189.950,-81.351,19.950
yaw170_pitch-080,170,-80,189.787,-78.098,19.787
yaw170_pitch-075,170,-75,189.821,-75.668,19.821
yaw170_pitch-070,170,-70,192.533,-68.650,22.533
yaw170_pitch-065,170,-65,191.991,-63.883,21.991
yaw170_pitch-060,170,-60,192.426,-57.909,22.426
yaw170_pitch-055,170,-55,191.439,-53.720,21.439
yaw170_pitch-050,170,-50,192.041,-48.870,22.041
yaw170_pitch-045,170,-45,192.584,-48.742,22.584
yaw170_pitch-040,170,-40,194.385,-46.488,24.385
yaw170_pitch-035,170,-35,193.910,-40.558,23.910
yaw170_pitch-030,170,-30,192.407,-37.106,22.407
yaw170_pitch-025,170,-25,186.582,-36.419,16.582
yaw170_pitch-020,170,-20,182.281,-37.112,12.281
yaw170_pitch-015,170,-15,175.669,-34.960,5.669
yaw170_pitch-010,170,-10,172.304,-27.304,2.304
yaw170_pitch-005,170,-5,168.206,-23.053,1.794
yaw170_pitch+000,170,0,174.630,-16.130,4.630
yaw170_pitch+005,170,5,170.945,-10.661,0.945
yaw170_pitch+010,170,10,173.848,-4.145,3.848
yaw170_pitch+015,170,15,170.645,1.255,0.645
yaw170_pitch+020,170,20,168.695,6.078,1.305
yaw170_pitch+025,170,25,160.894,8.567,9.106
yaw170_pitch+030,170,30,162.994,17.493,7.006
yaw170_pitch+035,170,35,162.645,22.227,7.355
yaw170_pitch+040,170,40,160.605,26.042,9.395
yaw170_pitch+045,170,45,160.432,29.882,9.568
yaw170_pitch+050,170,50,158.071,31.880,11.929
yaw170_pitch+055,170,55,160.911,38.726,9.089
yaw170_pitch+060,170,60,160.544,46.894,9.456
yaw170_pitch+065,170,65,157.036,57.209,12.964
yaw170_pitch+070,170,70,155.277,65.708,14.723
yaw170_pitch+075,170,75,153.953,73.419,16.047
yaw170_pitch+080,170,80,151.845,80.368,18.155
yaw170_pitch+085,170,85,148.719,86.663,21.281
yaw170_pitch+090,170,90,150.257,90.000,19.743
yaw175_pitch-090,175,-90,192.867,-87.292,17.867
yaw175_pitch-085,175,-85,192.631,-84.357,17.631
yaw175_pitch-080,175,-80,194.163,-78.317,19.163
yaw175_pitch-075,175,-75,193.246,-74.763,18.246
yaw175_pitch-070,175,-70,191.878,-67.403,16.878
yaw175_pitch-065,175,-65,192.448,-59.016,17.448
yaw175_pitch-060,175,-60,192.868,-63.384,17.868
yaw175_pitch-055,175,-55,193.268,-53.356,18.268
yaw175_pitch-050,175,-50,193.074,-50.758,18.074
yaw175_pitch-045,175,-45,194.077,-46.996,19.077
yaw175_pitch-040,175,-40,194.732,-47.132,19.732
yaw175_pitch-035,175,-35,195.569,-43.101,20.569
yaw175_pitch-030,175,-30,195.396,-40.326,20.396
yaw175_pitch-025,175,-25,191.947,-38.638,16.947
yaw175_pitch-020,175,-20,187.497,-38.097,12.497
yaw175_pitch-015,175,-15,181.613,-35.501,6.613
yaw175_pitch-010,175,-10,177.984,-28.540,2.984
yaw175_pitch-005,175,-5,178.682,-23.328,3.682
yaw175_pitch+000,175,0,178.971,-16.237,3.971
yaw175_pitch+005,175,5,176.736,-9.323,1.736
yaw175_pitch+010,175,10,177.437,-4.493,2.437
yaw175_pitch+015,175,15,178.006,0.061,3.006
yaw175_pitch+020,175,20,175.281,6.446,0.281
yaw175_pitch+025,175,25,171.795,11.972,3.205
yaw175_pitch+030,175,30,164.257,15.256,10.743
yaw175_pitch+035,175,35,167.360,19.911,7.640
yaw175_pitch+040,175,40,164.181,25.603,10.819
yaw175_pitch+045,175,45,164.426,28.394,10.574
yaw175_pitch+050,175,50,166.255,31.441,8.745
yaw175_pitch+055,175,55,168.454,39.856,6.546
yaw175_pitch+060,175,60,167.286,45.934,7.714
yaw175_pitch+065,175,65,165.356,56.458,9.644
yaw175_pitch+070,175,70,162.845,65.434,12.155
yaw175_pitch+075,175,75,160.913,73.547,14.087
yaw175_pitch+080,175,80,159.549,79.979,15.451
yaw175_pitch+085,175,85,157.911,85.638,17.089
yaw175_pitch+090,175,90,156.396,90.000,18.604
yaw180_pitch-090,180,-90,200.561,-87.069,20.561
yaw180_pitch-085,180,-85,199.356,-84.619,19.356
yaw180_pitch-080,180,-80,197.898,-79.786,17.898
yaw180_pitch-075,180,-75,196.969,-76.020,16.969
yaw180_pitch-070,180,-70,194.771,-72.546,14.771
yaw180_pitch-065,180,-65,193.525,-66.663,13.525
yaw180_pitch-060,180,-60,192.211,-58.051,12.211
yaw180_pitch-055,180,-55,192.399,-50.978,12.399
yaw180_pitch-050,180,-50,191.200,-45.875,11.200
yaw180_pitch-045,180,-45,191.343,-46.739,11.343
yaw180_pitch-040,180,-40,193.678,-44.401,13.678
yaw180_pitch-035,180,-35,193.506,-41.577,13.506
yaw180_pitch-030,180,-30,194.195,-40.692,14.195
yaw180_pitch-025,180,-25,193.788,-38.925,13.788
yaw180_pitch-020,180,-20,190.398,-37.998,10.398
yaw180_pitch-015,180,-15,183.836,-35.478,3.836
yaw180_pitch-010,180,-10,187.210,-27.326,7.210
yaw180_pitch-005,180,-5,188.909,-21.557,8.909
yaw180_pitch+000,180,0,186.744,-13.769,6.744
yaw180_pitch+005,180,5,182.609,-8.711,2.609
yaw180_pitch+010,180,10,184.339,-3.493,4.339
yaw180_pitch+015,180,15,182.172,0.795,2.172
yaw180_pitch+020,180,20,178.108,7.496,1.892
yaw180_pitch+025,180,25,175.491,12.378,4.509
yaw180_pitch+030,180,30,174.313,16.610,5.687
yaw180_pitch+035,180,35,173.368,18.735,6.632
yaw180_pitch+040,180,40,169.506,24.978,10.494
yaw180_pitch+045,180,45,170.210,26.998,9.790
yaw180_pitch+050,180,50,174.361,30.642,5.639
yaw180_pitch+055,180,55,173.618,38.037,6.382
yaw180_pitch+060,180,60,173.471,46.367,6.529
yaw180_pitch+065,180,65,171.752,55.024,8.248
yaw180_pitch+070,180,70,169.992,65.908,10.008
yaw180_pitch+075,180,75,168.528,72.305,11.472
yaw180_pitch+080,180,80,168.169,79.335,11.831
yaw180_pitch+085,180,85,163.469,85.397,16.531
yaw180_pitch+090,180,90,163.039,90.000,16.961
yaw185_pitch-090,185,-90,205.207,-89.740,20.207
yaw185_pitch-085,185,-85,203.332,-84.872,18.332
yaw185_pitch-080,185,-80,202.295,-80.107,17.295
yaw185_pitch-075,185,-75,200.478,-75.462,15.478
yaw185_pitch-070,185,-70,197.799,-71.874,12.799
yaw185_pitch-065,185,-65,196.668,-61.098,11.668
yaw185_pitch-060,185,-60,194.312,-56.664,9.312
yaw185_pitch-055,185,-55,190.931,-55.137,5.931
yaw185_pitch-050,185,-50,189.752,-51.701,4.752
yaw185_pitch-045,185,-45,186.193,-48.509,1.193
yaw185_pitch-040,185,-40,187.373,-48.617,2.373
yaw185_pitch-035,185,-35,190.051,-45.965,5.051
yaw185_pitch-030,185,-30,192.146,-43.909,7.146
yaw185_pitch-025,185,-25,191.176,-42.194,6.176
yaw185_pitch-020,185,-20,188.288,-41.309,3.288
yaw185_pitch-015,185,-15,187.480,-35.907,2.480
yaw185_pitch-010,185,-10,190.113,-27.994,5.113
yaw185_pitch-005,185,-5,190.529,-21.089,5.529
yaw185_pitch+000,185,0,191.224,-12.943,6.224
yaw185_pitch+005,185,5,187.955,-6.484,2.955
yaw185_pitch+010,185,10,187.018,-3.534,2.018
yaw185_pitch+015,185,15,186.414,1.424,1.414
yaw185_pitch+020,185,20,182.189,7.201,2.811
yaw185_pitch+025,185,25,178.884,13.221,6.116
yaw185_pitch+030,185,30,180.683,14.235,4.317
yaw185_pitch+035,185,35,180.615,15.260,4.385
yaw185_pitch+040,185,40,182.017,21.816,2.983
yaw185_pitch+045,185,45,180.166,25.832,4.834
yaw185_pitch+050,185,50,182.704,30.350,2.296
yaw185_pitch+055,185,55,181.153,36.539,3.847
yaw185_pitch+060,185,60,180.138,47.008,4.862
yaw185_pitch+065,185,65,177.037,53.849,7.963
yaw185_pitch+070,185,70,173.319,64.536,11.681
yaw185_pitch+075,185,75,174.801,73.103,10.199
yaw185_pitch+080,185,80,174.549,78.515,10.451
yaw185_pitch+085,185,85,172.097,84.405,12.903
yaw185_pitch+090,185,90,172.934,88.520,12.066
yaw190_pitch-090,190,-90,206.061,-90.000,16.061
yaw190_pitch-085,190,-85,204.729,-86.172,14.729
yaw190_pitch-080,190,-80,203.234,-84.083,13.234
yaw190_pitch-075,190,-75,200.350,-77.918,10.350
yaw190_pitch-070,190,-70,199.121,-71.091,9.121
yaw190_pitch-065,190,-65,195.819,-61.121,5.819
yaw190_pitch-060,190,-60,193.389,-56.097,3.389
yaw190_pitch-055,190,-55,188.762,-56.946,1.238
yaw190_pitch-050,190,-50,185.070,-54.865,4.930
yaw190_pitch-045,190,-45,188.059,-51.331,1.941
yaw190_pitch-040,190,-40,183.400,-50.788,6.600
yaw190_pitch-035,190,-35,185.699,-49.397,4.301
yaw190_pitch-030,190,-30,190.628,-48.373,0.628
yaw190_pitch-025,190,-25,188.802,-43.837,1.198
yaw190_pitch-020,190,-20,192.499,-39.873,2.499
yaw190_pitch-015,190,-15,190.500,-36.775,0.500
yaw190_pitch-010,190,-10,190.143,-25.701,0.143
yaw190_pitch-005,190,-5,190.571,-21.385,0.571
yaw190_pitch+000,190,0,193.244,-11.758,3.244
yaw190_pitch+005,190,5,191.976,-5.916,1.976
yaw190_pitch+010,190,10,191.569,-2.878,1.569
yaw190_pitch+015,190,15,190.644,1.473,0.644
yaw190_pitch+020,190,20,187.828,8.783,2.172
yaw190_pitch+025,190,25,185.464,11.852,4.536
yaw190_pitch+030,190,30,186.327,12.375,3.673
yaw190_pitch+035,190,35,189.583,15.443,0.417
yaw190_pitch+040,190,40,186.230,21.259,3.770
yaw190_pitch+045,190,45,186.413,23.869,3.587
yaw190_pitch+050,190,50,187.804,28.842,2.196
yaw190_pitch+055,190,55,189.017,33.863,0.983
yaw190_pitch+060,190,60,184.440,46.425,5.560
yaw190_pitch+065,190,65,182.931,55.869,7.069
yaw190_pitch+070,190,70,182.048,65.956,7.952
yaw190_pitch+075,190,75,181.435,72.584,8.565
yaw190_pitch+080,190,80,180.761,78.818,9.239
yaw190_pitch+085,190,85,177.268,83.856,12.732
yaw190_pitch+090,190,90,178.312,86.549,11.688
yaw195_pitch-090,195,-90,213.093,-87.535,18.093
yaw195_pitch-085,195,-85,210.701,-85.462,15.701
yaw195_pitch-080,195,-80,208.376,-81.925,13.376
yaw195_pitch-075,195,-75,206.832,-79.857,11.832
yaw195_pitch-070,195,-70,202.291,-71.821,7.291
yaw195_pitch-065,195,-65,197.285,-66.990,2.285
yaw195_pitch-060,195,-60,198.717,-58.229,3.717
yaw195_pitch-055,195,-55,192.235,-57.649,2.765
yaw195_pitch-050,195,-50,195.425,-52.259,0.425
yaw195_pitch-045,195,-45,195.531,-50.262,0.531
yaw195_pitch-040,195,-40,199.176,-47.650,4.176
yaw195_pitch-035,195,-35,193.171,-49.089,1.829
yaw195_pitch-030,195,-30,195.150,-49.058,0.150
yaw195_pitch-025,195,-25,198.743,-43.334,3.743
yaw195_pitch-020,195,-20,196.512,-40.607,1.512
yaw195_pitch-015,195,-15,194.265,-35.245,0.735
yaw195_pitch-010,195,-10,194.669,-27.407,0.331
yaw195_pitch-005,195,-5,193.681,-18.947,1.319
yaw195_pitch+000,195,0,192.891,-12.895,2.109
yaw195_pitch+005,195,5,196.213,-5.462,1.213
yaw195_pitch+010,195,10,192.718,-2.671,2.282
yaw195_pitch+015,195,15,196.405,3.104,1.405
yaw195_pitch+020,195,20,193.185,8.795,1.815
yaw195_pitch+025,195,25,190.642,12.078,4.358
yaw195_pitch+030,195,30,191.775,11.166,3.225
yaw195_pitch+035,195,35,191.686,19.178,3.314
yaw195_pitch+040,195,40,192.998,23.185,2.002
yaw195_pitch+045,195,45,193.027,23.067,1.973
yaw195_pitch+050,195,50,193.974,29.264,1.026
yaw195_pitch+055,195,55,193.976,35.453,1.024
yaw195_pitch+060,195,60,192.172,46.016,2.828
yaw195_pitch+065,195,65,187.491,57.540,7.509
yaw195_pitch+070,195,70,186.544,66.814,8.456
yaw195_pitch+075,195,75,185.495,74.129,9.505
yaw195_pitch+080,195,80,184.380,79.506,10.620
yaw195_pitch+085,195,85,184.079,84.622,10.921
yaw195_pitch+090,195,90,182.333,88.452,12.667
yaw200_pitch-090,200,-90,219.379,-89.434,19.379
yaw200_pitch-085,200,-85,216.528,-86.521,16.528
yaw200_pitch-080,200,-80,214.272,-81.250,14.272
yaw200_pitch-075,200,-75,213.215,-77.261,13.215
yaw200_pitch-070,200,-70,212.384,-72.726,12.384
yaw200_pitch-065,200,-65,211.696,-63.360,11.696
yaw200_pitch-060,200,-60,211.564,-60.034,11.564
yaw200_pitch-055,200,-55,229.133,-54.419,29.133
yaw200_pitch-050,200,-50,339.322,-48.462,139.322
yaw200_pitch-045,200,-45,320.148,-50.622,120.148
yaw200_pitch-040,200,-40,321.672,-45.599,121.672
yaw200_pitch-035,200,-35,268.812,-46.418,68.812
yaw200_pitch-030,200,-30,276.910,-45.682,76.910
yaw200_pitch-025,200,-25,217.281,-42.331,17.281
yaw200_pitch-020,200,-20,216.977,-38.817,16.977
yaw200_pitch-015,200,-15,201.818,-33.492,1.818
yaw200_pitch-010,200,-10,198.590,-25.499,1.410
yaw200_pitch-005,200,-5,197.323,-18.189,2.677
yaw200_pitch+000,200,0,196.546,-12.225,3.454
yaw200_pitch+005,200,5,200.168,-5.877,0.168
yaw200_pitch+010,200,10,199.635,-3.201,0.365
yaw200_pitch+015,200,15,200.417,1.563,0.417
yaw200_pitch+020,200,20,197.135,8.155,2.865
yaw200_pitch+025,200,25,193.882,11.844,6.118
yaw200_pitch+030,200,30,193.435,11.425,6.565
yaw200_pitch+035,200,35,195.431,15.048,4.569
yaw200_pitch+040,200,40,194.589,21.061,5.411
yaw200_pitch+045,200,45,193.335,23.684,6.665
yaw200_pitch+050,200,50,194.530,32.277,5.470
yaw200_pitch+055,200,55,198.425,36.800,1.575
yaw200_pitch+060,200,60,193.466,49.520,6.534
yaw200_pitch+065,200,65,192.486,59.037,7.514
yaw200_pitch+070,200,70,191.203,69.385,8.797
yaw200_pitch+075,200,75,190.033,74.391,9.967
yaw200_pitch+080,200,80,190.134,79.618,9.866
yaw200_pitch+085,200,85,189.405,86.651,10.595
yaw200_pitch+090,200,90,184.265,88.362,15.735
yaw205_pitch-090,205,-90,224.080,-89.147,19.080
yaw205_pitch-085,205,-85,222.074,-84.232,17.074
yaw205_pitch-080,205,-80,220.262,-78.923,15.262
yaw205_pitch-075,205,-75,221.076,-74.105,16.076
yaw205_pitch-070,205,-70,218.680,-72.804,13.680
yaw205_pitch-065,205,-65,221.794,-64.668,16.794
yaw205_pitch-060,205,-60,226.536,-57.793,21.536
yaw205_pitch-055,205,-55,234.244,-53.736,29.244
yaw205_pitch-050,205,-50,282.828,-49.853,77.828
yaw205_pitch-045,205,-45,330.173,-47.901,125.173
yaw205_pitch-040,205,-40,336.072,-46.031,131.072
yaw205_pitch-035,205,-35,337.474,-44.743,132.474
yaw205_pitch-030,205,-30,346.911,-41.758,141.911
yaw205_pitch-025,205,-25,349.011,-41.533,144.011
yaw205_pitch-020,205,-20,261.428,-36.161,56.428
yaw205_pitch-015,205,-15,206.496,-33.417,1.496
yaw205_pitch-010,205,-10,207.296,-25.673,2.296
yaw205_pitch-005,205,-5,207.453,-16.410,2.453
yaw205_pitch+000,205,0,202.704,-12.670,2.296
yaw205_pitch+005,205,5,204.664,-9.915,0.336
yaw205_pitch+010,205,10,205.775,-2.930,0.775
yaw205_pitch+015,205,15,204.755,-0.662,0.245
yaw205_pitch+020,205,20,202.330,7.244,2.670
yaw205_pitch+025,205,25,198.872,10.890,6.128
yaw205_pitch+030,205,30,198.624,10.136,6.376
yaw205_pitch+035,205,35,198.373,13.345,6.627
yaw205_pitch+040,205,40,196.146,21.387,8.854
yaw205_pitch+045,205,45,197.236,25.369,7.764
yaw205_pitch+050,205,50,196.814,32.280,8.186
yaw205_pitch+055,205,55,198.171,40.581,6.829
yaw205_pitch+060,205,60,195.781,51.327,9.219
yaw205_pitch+065,205,65,196.774,62.382,8.226
yaw205_pitch+070,205,70,193.429,69.933,11.571
yaw205_pitch+075,205,75,194.743,75.799,10.257
yaw205_pitch+080,205,80,193.598,80.579,11.402
yaw205_pitch+085,205,85,194.933,86.608,10.067
yaw205_pitch+090,205,90,193.684,90.000,11.316
yaw210_pitch-090,210,-90,229.324,-88.623,19.324
yaw210_pitch-085,210,-85,228.224,-82.072,18.224
yaw210_pitch-080,210,-80,228.437,-78.333,18.437
yaw210_pitch-075,210,-75,227.116,-73.100,17.116
yaw210_pitch-070,210,-70,229.682,-65.178,19.682
yaw210_pitch-065,210,-65,229.026,-56.233,19.026
yaw210_pitch-060,210,-60,230.145,-53.937,20.145
yaw210_pitch-055,210,-55,231.409,-49.862,21.409
yaw210_pitch-050,210,-50,241.171,-45.128,31.171
yaw210_pitch-045,210,-45,242.888,-41.461,32.888
yaw210_pitch-040,210,-40,285.384,-41.802,75.384
yaw210_pitch-035,210,-35,323.923,-41.917,113.923
yaw210_pitch-030,210,-30,314.740,-38.360,104.740
yaw210_pitch-025,210,-25,319.959,-38.870,109.959
yaw210_pitch-020,210,-20,332.728,-37.285,122.728
yaw210_pitch-015,210,-15,322.108,-32.377,112.108
yaw210_pitch-010,210,-10,274.591,-25.649,64.591
yaw210_pitch-005,210,-5,222.804,-15.629,12.804
yaw210_pitch+000,210,0,214.789,-11.219,4.789
yaw210_pitch+005,210,5,214.646,-9.313,4.646
yaw210_pitch+010,210,10,211.451,-4.984,1.451
yaw210_pitch+015,210,15,208.745,-1.297,1.255
yaw210_pitch+020,210,20,203.708,6.563,6.292
yaw210_pitch+025,210,25,200.528,9.735,9.472
yaw210_pitch+030,210,30,199.873,11.671,10.127
yaw210_pitch+035,210,35,201.162,15.105,8.838
yaw210_pitch+040,210,40,198.627,22.479,11.373
yaw210_pitch+045,210,45,198.018,28.689,11.982
yaw210_pitch+050,210,50,198.897,37.545,11.103
yaw210_pitch+055,210,55,198.976,46.894,11.024
yaw210_pitch+060,210,60,197.210,54.511,12.790
yaw210_pitch+065,210,65,196.260,64.438,13.740
yaw210_pitch+070,210,70,196.494,70.438,13.506
yaw210_pitch+075,210,75,197.251,75.523,12.749
yaw210_pitch+080,210,80,198.007,81.934,11.993
yaw210_pitch+085,210,85,196.734,86.747,13.266
yaw210_pitch+090,210,90,197.242,90.000,12.758
yaw215_pitch-090,215,-90,233.455,-90.000,18.455
yaw215_pitch-085,215,-85,235.232,-84.922,20.232
yaw215_pitch-080,215,-80,236.596,-75.065,21.596
yaw215_pitch-075,215,-75,235.468,-65.376,20.468
yaw215_pitch-070,215,-70,235.855,-63.856,20.855
yaw215_pitch-065,215,-65,235.162,-61.897,20.162
yaw215_pitch-060,215,-60,235.354,-54.015,20.354
yaw215_pitch-055,215,-55,234.787,-46.441,19.787
yaw215_pitch-050,215,-50,236.268,-43.133,21.268
yaw215_pitch-045,215,-45,238.620,-39.468,23.620
yaw215_pitch-040,215,-40,240.395,-36.939,25.395
yaw215_pitch-035,215,-35,242.011,-36.597,27.011
yaw215_pitch-030,215,-30,245.870,-34.179,30.870
yaw215_pitch-025,215,-25,278.398,-36.075,63.398
yaw215_pitch-020,215,-20,279.866,-35.214,64.866
yaw215_pitch-015,215,-15,276.525,-31.076,61.525
yaw215_pitch-010,215,-10,278.645,-26.025,63.645
yaw215_pitch-005,215,-5,270.151,-17.783,55.151
yaw215_pitch+000,215,0,244.531,-10.983,29.531
yaw215_pitch+005,215,5,225.974,-7.715,10.974
yaw215_pitch+010,215,10,221.687,-5.344,6.687
yaw215_pitch+015,215,15,215.767,-1.487,0.767
yaw215_pitch+020,215,20,208.433,6.793,6.567
yaw215_pitch+025,215,25,204.716,10.715,10.284
yaw215_pitch+030,215,30,199.017,12.064,15.983
yaw215_pitch+035,215,35,197.398,17.636,17.602
yaw215_pitch+040,215,40,196.993,24.109,18.007
yaw215_pitch+045,215,45,197.856,32.391,17.144
yaw215_pitch+050,215,50,202.112,43.036,12.888
yaw215_pitch+055,215,55,200.787,50.759,14.213
yaw215_pitch+060,215,60,199.726,58.198,15.274
yaw215_pitch+065,215,65,199.137,65.111,15.863
yaw215_pitch+070,215,70,202.546,69.974,12.454
yaw215_pitch+075,215,75,199.449,73.849,15.551
yaw215_pitch+080,215,80,202.535,81.736,12.465
yaw215_pitch+085,215,85,201.595,87.972,13.405
yaw215_pitch+090,215,90,204.136,90.000,10.864
yaw220_pitch-090,220,-90,236.806,-89.354,16.806
yaw220_pitch-085,220,-85,237.406,-79.808,17.406
yaw220_pitch-080,220,-80,240.508,-70.695,20.508
yaw220_pitch-075,220,-75,242.929,-62.966,22.929
yaw220_pitch-070,220,-70,246.482,-55.968,26.482
yaw220_pitch-065,220,-65,244.758,-53.844,24.758
yaw220_pitch-060,220,-60,241.887,-48.925,21.887
yaw220_pitch-055,220,-55,238.473,-44.047,18.473
yaw220_pitch-050,220,-50,241.830,-41.607,21.830
yaw220_pitch-045,220,-45,243.802,-38.139,23.802
yaw220_pitch-040,220,-40,246.145,-38.454,26.145
yaw220_pitch-035,220,-35,247.007,-36.510,27.007
yaw220_pitch-030,220,-30,247.786,-37.771,27.786
yaw220_pitch-025,220,-25,243.481,-35.330,23.481
yaw220_pitch-020,220,-20,253.142,-36.148,33.142
yaw220_pitch-015,220,-15,255.891,-32.621,35.891
yaw220_pitch-010,220,-10,255.486,-27.939,35.486
yaw220_pitch-005,220,-5,242.990,-17.635,22.990
yaw220_pitch+000,220,0,243.006,-10.203,23.006
yaw220_pitch+005,220,5,243.830,-8.770,23.830
yaw220_pitch+010,220,10,236.039,-5.326,16.039
yaw220_pitch+015,220,15,230.218,-1.197,10.218
yaw220_pitch+020,220,20,227.641,5.878,7.641
yaw220_pitch+025,220,25,213.517,9.567,6.483
yaw220_pitch+030,220,30,201.995,11.152,18.005
yaw220_pitch+035,220,35,200.936,18.122,19.064
yaw220_pitch+040,220,40,199.275,24.124,20.725
yaw220_pitch+045,220,45,199.374,38.690,20.626
yaw220_pitch+050,220,50,202.274,42.983,17.726
yaw220_pitch+055,220,55,199.801,50.801,20.199
yaw220_pitch+060,220,60,199.340,58.590,20.660
yaw220_pitch+065,220,65,199.929,65.696,20.071
yaw220_pitch+070,220,70,202.241,70.529,17.759
yaw220_pitch+075,220,75,202.305,73.980,17.695
yaw220_pitch+080,220,80,203.851,80.249,16.149
yaw220_pitch+085,220,85,204.886,87.913,15.114
yaw220_pitch+090,220,90,208.487,90.000,11.513
yaw225_pitch-090,225,-90,237.253,-88.891,12.253
yaw225_pitch-085,225,-85,243.009,-78.958,18.009
yaw225_pitch-080,225,-80,249.392,-71.849,24.392
yaw225_pitch-075,225,-75,256.453,-62.072,31.453
yaw225_pitch-070,225,-70,259.722,-58.585,34.722
yaw225_pitch-065,225,-65,262.427,-50.945,37.427
yaw225_pitch-060,225,-60,259.834,-47.596,34.834
yaw225_pitch-055,225,-55,253.112,-42.003,28.112
yaw225_pitch-050,225,-50,247.748,-41.634,22.748
yaw225_pitch-045,225,-45,251.428,-37.319,26.428
yaw225_pitch-040,225,-40,261.308,-39.694,36.308
yaw225_pitch-035,225,-35,266.529,-39.060,41.529
yaw225_pitch-030,225,-30,272.404,-39.079,47.404
yaw225_pitch-025,225,-25,277.965,-38.391,52.965
yaw225_pitch-020,225,-20,279.313,-39.159,54.313
yaw225_pitch-015,225,-15,269.125,-37.758,44.125
yaw225_pitch-010,225,-10,257.980,-33.751,32.980
yaw225_pitch-005,225,-5,254.552,-21.971,29.552
yaw225_pitch+000,225,0,240.631,-14.223,15.631
yaw225_pitch+005,225,5,235.536,-9.628,10.536
yaw225_pitch+010,225,10,240.644,-4.119,15.644
yaw225_pitch+015,225,15,240.219,-1.356,15.219
yaw225_pitch+020,225,20,250.658,5.469,25.658
yaw225_pitch+025,225,25,242.687,7.211,17.687
yaw225_pitch+030,225,30,220.798,11.261,4.202
yaw225_pitch+035,225,35,211.935,18.771,13.065
yaw225_pitch+040,225,40,212.253,25.112,12.747
yaw225_pitch+045,225,45,208.311,36.721,16.689
yaw225_pitch+050,225,50,205.725,44.456,19.275
yaw225_pitch+055,225,55,200.257,52.835,24.743
yaw225_pitch+060,225,60,205.102,57.490,19.898
yaw225_pitch+065,225,65,205.495,65.515,19.505
yaw225_pitch+070,225,70,205.413,70.487,19.587
yaw225_pitch+075,225,75,205.313,74.388,19.687
yaw225_pitch+080,225,80,208.456,81.512,16.544
yaw225_pitch+085,225,85,208.613,88.239,16.387
yaw225_pitch+090,225,90,208.813,90.000,16.187
yaw230_pitch-090,230,-90,241.362,-86.755,11.362
yaw230_pitch-085,230,-85,245.694,-80.484,15.694
yaw230_pitch-080,230,-80,252.265,-72.602,22.265
yaw230_pitch-075,230,-75,255.354,-66.176,25.354
yaw230_pitch-070,230,-70,257.737,-51.143,27.737
yaw230_pitch-065,230,-65,264.256,-53.892,34.256
yaw230_pitch-060,230,-60,267.746,-47.484,37.746
yaw230_pitch-055,230,-55,265.495,-44.565,35.495
yaw230_pitch-050,230,-50,260.476,-39.363,30.476
yaw230_pitch-045,230,-45,260.822,-37.272,30.822
yaw230_pitch-040,230,-40,270.050,-39.268,40.050
yaw230_pitch-035,230,-35,273.489,-39.274,43.489
yaw230_pitch-030,230,-30,280.668,-39.625,50.668
yaw230_pitch-025,230,-25,291.870,-39.080,61.870
yaw230_pitch-020,230,-20,295.202,-37.723,65.202
yaw230_pitch-015,230,-15,296.402,-38.615,66.402
yaw230_pitch-010,230,-10,297.564,-37.969,67.564
yaw230_pitch-005,230,-5,296.982,-27.282,66.982
yaw230_pitch+000,230,0,274.569,-12.873,44.569
yaw230_pitch+005,230,5,258.324,-10.491,28.324
yaw230_pitch+010,230,10,253.283,-5.747,23.283
yaw230_pitch+015,230,15,247.339,0.247,17.339
yaw230_pitch+020,230,20,251.789,6.682,21.789
yaw230_pitch+025,230,25,253.699,9.114,23.699
yaw230_pitch+030,230,30,258.013,12.792,28.013
yaw230_pitch+035,230,35,257.207,17.777,27.207
yaw230_pitch+040,230,40,261.524,23.375,31.524
yaw230_pitch+045,230,45,251.068,27.826,21.068
yaw230_pitch+050,230,50,236.558,37.335,6.558
yaw230_pitch+055,230,55,220.733,46.768,9.267
yaw230_pitch+060,230,60,217.133,54.382,12.867
yaw230_pitch+065,230,65,215.870,64.749,14.130
yaw230_pitch+070,230,70,212.541,71.802,17.459
yaw230_pitch+075,230,75,212.423,76.436,17.577
yaw230_pitch+080,230,80,215.086,82.367,14.914
yaw230_pitch+085,230,85,215.692,89.031,14.308
yaw230_pitch+090,230,90,217.207,90.000,12.793
yaw235_pitch-090,235,-90,246.638,-88.660,11.638
yaw235_pitch-085,235,-85,250.478,-82.108,15.478
yaw235_pitch-080,235,-80,253.158,-76.113,18.158
yaw235_pitch-075,235,-75,260.161,-69.526,25.161
yaw235_pitch-070,235,-70,259.928,-58.657,24.928
yaw235_pitch-065,235,-65,263.082,-56.853,28.082
yaw235_pitch-060,235,-60,265.244,-53.396,30.244
yaw235_pitch-055,235,-55,261.510,-50.877,26.510
yaw235_pitch-050,235,-50,260.753,-42.007,25.753
yaw235_pitch-045,235,-45,262.483,-40.739,27.483
yaw235_pitch-040,235,-40,262.688,-39.405,27.688
yaw235_pitch-035,235,-35,269.465,-39.972,34.465
yaw235_pitch-030,235,-30,275.714,-41.553,40.714
yaw235_pitch-025,235,-25,288.419,-37.956,53.419
yaw235_pitch-020,235,-20,293.970,-34.890,58.970
yaw235_pitch-015,235,-15,298.508,-36.879,63.508
yaw235_pitch-010,235,-10,302.063,-35.852,67.063
yaw235_pitch-005,235,-5,307.232,-28.666,72.232
yaw235_pitch+000,235,0,300.339,-11.231,65.339
yaw235_pitch+005,235,5,289.175,-7.291,54.175
yaw235_pitch+010,235,10,288.226,-6.564,53.226
yaw235_pitch+015,235,15,283.749,-2.699,48.749
yaw235_pitch+020,235,20,282.049,7.382,47.049
yaw235_pitch+025,235,25,275.957,10.670,40.957
yaw235_pitch+030,235,30,274.984,14.363,39.984
yaw235_pitch+035,235,35,266.342,19.339,31.342
yaw235_pitch+040,235,40,260.758,25.224,25.758
yaw235_pitch+045,235,45,257.412,28.988,22.412
yaw235_pitch+050,235,50,251.096,35.198,16.096
yaw235_pitch+055,235,55,241.061,42.228,6.061
yaw235_pitch+060,235,60,232.561,48.020,2.439
yaw235_pitch+065,235,65,230.028,60.371,4.972
yaw235_pitch+070,235,70,222.985,68.575,12.015
yaw235_pitch+075,235,75,219.509,74.661,15.491
yaw235_pitch+080,235,80,220.458,83.373,14.542
yaw235_pitch+085,235,85,221.048,87.986,13.952
yaw235_pitch+090,235,90,222.811,90.000,12.189
yaw240_pitch-090,240,-90,256.436,-85.374,16.436
yaw240_pitch-085,240,-85,253.915,-84.254,13.915
yaw240_pitch-080,240,-80,262.255,-75.903,22.255
yaw240_pitch-075,240,-75,267.727,-69.628,27.727
yaw240_pitch-070,240,-70,269.942,-65.960,29.942
yaw240_pitch-065,240,-65,269.178,-58.580,29.178
yaw240_pitch-060,240,-60,272.064,-55.764,32.064
yaw240_pitch-055,240,-55,266.890,-53.711,26.890
yaw240_pitch-050,240,-50,264.836,-49.531,24.836
yaw240_pitch-045,240,-45,268.613,-45.959,28.613
yaw240_pitch-040,240,-40,268.038,-41.322,28.038
yaw240_pitch-035,240,-35,269.693,-34.895,29.693
yaw240_pitch-030,240,-30,269.905,-35.366,29.905
yaw240_pitch-025,240,-25,273.470,-37.402,33.470
yaw240_pitch-020,240,-20,283.033,-31.414,43.033
yaw240_pitch-015,240,-15,281.833,-31.571,41.833
yaw240_pitch-010,240,-10,289.630,-33.008,49.630
yaw240_pitch-005,240,-5,304.584,-27.050,64.584
yaw240_pitch+000,240,0,301.638,-12.698,61.638
yaw240_pitch+005,240,5,299.982,-7.334,59.982
yaw240_pitch+010,240,10,300.842,-8.411,60.842
yaw240_pitch+015,240,15,297.099,-6.744,57.099
yaw240_pitch+020,240,20,296.412,-1.180,56.412
yaw240_pitch+025,240,25,294.610,9.588,54.610
yaw240_pitch+030,240,30,296.113,17.655,56.113
yaw240_pitch+035,240,35,295.306,22.738,55.306
yaw240_pitch+040,240,40,290.999,25.040,50.999
yaw240_pitch+045,240,45,287.021,31.481,47.021
yaw240_pitch+050,240,50,275.513,36.586,35.513
yaw240_pitch+055,240,55,267.039,39.468,27.039
yaw240_pitch+060,240,60,245.848,44.685,5.848
yaw240_pitch+065,240,65,233.492,56.527,6.508
yaw240_pitch+070,240,70,229.453,65.897,10.547
yaw240_pitch+075,240,75,226.730,74.148,13.270
yaw240_pitch+080,240,80,226.411,81.487,13.589
yaw240_pitch+085,240,85,225.067,86.881,14.933
yaw240_pitch+090,240,90,226.454,90.000,13.546
yaw245_pitch-090,245,-90,268.345,-85.973,23.345
yaw245_pitch-085,245,-85,262.884,-84.750,17.884
yaw245_pitch-080,245,-80,271.040,-78.312,26.040
yaw245_pitch-075,245,-75,283.551,-72.375,38.551
yaw245_pitch-070,245,-70,281.620,-67.045,36.620
yaw245_pitch-065,245,-65,280.984,-65.297,35.984
yaw245_pitch-060,245,-60,275.426,-60.241,30.426
yaw245_pitch-055,245,-55,274.438,-60.104,29.438
yaw245_pitch-050,245,-50,275.339,-59.010,30.339
yaw245_pitch-045,245,-45,273.279,-51.310,28.279
yaw245_pitch-040,245,-40,276.648,-46.355,31.648
yaw245_pitch-035,245,-35,276.795,-38.662,31.795
yaw245_pitch-030,245,-30,273.872,-35.978,28.872
yaw245_pitch-025,245,-25,272.947,-31.983,27.947
yaw245_pitch-020,245,-20,269.679,-27.803,24.679
yaw245_pitch-015,245,-15,265.451,-27.151,20.451
yaw245_pitch-010,245,-10,271.236,-28.541,26.236
yaw245_pitch-005,245,-5,284.127,-18.932,39.127
yaw245_pitch+000,245,0,292.316,-6.323,47.316
yaw245_pitch+005,245,5,300.052,-3.410,55.052
yaw245_pitch+010,245,10,303.234,-2.924,58.234
yaw245_pitch+015,245,15,303.554,-2.324,58.554
yaw245_pitch+020,245,20,305.670,2.557,60.670
yaw245_pitch+025,245,25,303.810,9.366,58.810
yaw245_pitch+030,245,30,305.601,16.923,60.601
yaw245_pitch+035,245,35,307.203,26.603,62.203
yaw245_pitch+040,245,40,301.065,31.539,56.065
yaw245_pitch+045,245,45,299.693,36.548,54.693
yaw245_pitch+050,245,50,294.272,38.946,49.272
yaw245_pitch+055,245,55,285.488,40.698,40.488
yaw245_pitch+060,245,60,275.555,41.965,30.555
yaw245_pitch+065,245,65,256.395,48.266,11.395
yaw245_pitch+070,245,70,243.427,57.694,1.573
yaw245_pitch+075,245,75,237.407,68.076,7.593
yaw245_pitch+080,245,80,234.211,77.471,10.789
yaw245_pitch+085,245,85,232.351,85.011,12.649
yaw245_pitch+090,245,90,229.728,90.000,15.272
yaw250_pitch-090,250,-90,275.810,-87.703,25.810
yaw250_pitch-085,250,-85,270.964,-86.414,20.964
yaw250_pitch-080,250,-80,274.780,-81.048,24.780
yaw250_pitch-075,250,-75,283.870,-75.171,33.870
yaw250_pitch-070,250,-70,286.964,-69.588,36.964
yaw250_pitch-065,250,-65,288.924,-64.737,38.924
yaw250_pitch-060,250,-60,285.793,-63.746,35.793
yaw250_pitch-055,250,-55,280.851,-61.066,30.851
yaw250_pitch-050,250,-50,281.061,-57.392,31.061
yaw250_pitch-045,250,-45,285.364,-56.947,35.364
yaw250_pitch-040,250,-40,285.511,-51.467,35.511
yaw250_pitch-035,250,-35,281.729,-45.119,31.729
yaw250_pitch-030,250,-30,277.318,-38.407,27.318
yaw250_pitch-025,250,-25,271.152,-34.201,21.152
yaw250_pitch-020,250,-20,268.906,-25.487,18.906
yaw250_pitch-015,250,-15,265.885,-21.394,15.885
yaw250_pitch-010,250,-10,265.234,-23.258,15.234
yaw250_pitch-005,250,-5,271.967,-15.777,21.967
yaw250_pitch+000,250,0,273.912,-8.176,23.912
yaw250_pitch+005,250,5,274.787,-2.596,24.787
yaw250_pitch+010,250,10,282.158,2.298,32.158
yaw250_pitch+015,250,15,297.982,7.562,47.982
yaw250_pitch+020,250,20,311.812,8.959,61.812
yaw250_pitch+025,250,25,312.268,10.125,62.268
yaw250_pitch+030,250,30,311.631,16.765,61.631
yaw250_pitch+035,250,35,311.706,22.311,61.706
yaw250_pitch+040,250,40,307.990,29.006,57.990
yaw250_pitch+045,250,45,304.384,35.007,54.384
yaw250_pitch+050,250,50,300.838,39.460,50.838
yaw250_pitch+055,250,55,295.340,41.361,45.340
yaw250_pitch+060,250,60,283.340,43.973,33.340
yaw250_pitch+065,250,65,272.297,47.308,22.297
yaw250_pitch+070,250,70,260.754,52.750,10.754
yaw250_pitch+075,250,75,246.531,59.511,3.469
yaw250_pitch+080,250,80,241.584,69.546,8.416
yaw250_pitch+085,250,85,238.183,81.374,11.817
yaw250_pitch+090,250,90,235.269,90.000,14.731
yaw255_pitch-090,255,-90,276.460,-89.288,21.460
yaw255_pitch-085,255,-85,274.306,-89.386,19.306
yaw255_pitch-080,255,-80,280.628,-85.660,25.628
yaw255_pitch-075,255,-75,285.678,-75.668,30.678
yaw255_pitch-070,255,-70,290.975,-74.134,35.975
yaw255_pitch-065,255,-65,290.939,-66.209,35.939
yaw255_pitch-060,255,-60,290.034,-65.481,35.034
yaw255_pitch-055,255,-55,286.655,-61.123,31.655
yaw255_pitch-050,255,-50,283.080,-57.072,28.080
yaw255_pitch-045,255,-45,286.187,-57.707,31.187
yaw255_pitch-040,255,-40,288.989,-51.160,33.989
yaw255_pitch-035,255,-35,288.983,-46.000,33.983
yaw255_pitch-030,255,-30,280.383,-38.920,25.383
yaw255_pitch-025,255,-25,276.635,-29.592,21.635
yaw255_pitch-020,255,-20,276.462,-24.062,21.462
yaw255_pitch-015,255,-15,274.464,-21.728,19.464
yaw255_pitch-010,255,-10,271.598,-18.903,16.598
yaw255_pitch-005,255,-5,276.147,-14.159,21.147
yaw255_pitch+000,255,0,278.557,-8.111,23.557
yaw255_pitch+005,255,5,284.752,-5.835,29.752
yaw255_pitch+010,255,10,284.686,-1.811,29.686
yaw255_pitch+015,255,15,285.112,4.956,30.112
yaw255_pitch+020,255,20,293.481,12.056,38.481
yaw255_pitch+025,255,25,302.941,16.158,47.941
yaw255_pitch+030,255,30,311.089,20.404,56.089
yaw255_pitch+035,255,35,310.024,22.822,55.024
yaw255_pitch+040,255,40,303.485,26.842,48.485
yaw255_pitch+045,255,45,299.620,31.051,44.620
yaw255_pitch+050,255,50,295.609,33.473,40.609
yaw255_pitch+055,255,55,289.157,38.146,34.157
yaw255_pitch+060,255,60,276.727,43.679,21.727
yaw255_pitch+065,255,65,269.752,47.732,14.752
yaw255_pitch+070,255,70,258.914,55.036,3.914
yaw255_pitch+075,255,75,250.108,63.631,4.892
yaw255_pitch+080,255,80,244.782,71.547,10.218
yaw255_pitch+085,255,85,242.197,82.910,12.803
yaw255_pitch+090,255,90,244.250,90.000,10.750
yaw260_pitch-090,260,-90,276.281,-88.380,16.281
yaw260_pitch-085,260,-85,276.729,-87.738,16.729
yaw260_pitch-080,260,-80,283.684,-83.879,23.684
yaw260_pitch-075,260,-75,289.477,-80.404,29.477
yaw260_pitch-070,260,-70,291.190,-70.706,31.190
yaw260_pitch-065,260,-65,292.015,-67.175,32.015
yaw260_pitch-060,260,-60,292.105,-64.303,32.105
yaw260_pitch-055,260,-55,289.661,-61.566,29.661
yaw260_pitch-050,260,-50,290.916,-59.802,30.916
yaw260_pitch-045,260,-45,288.989,-55.223,28.989
yaw260_pitch-040,260,-40,288.183,-51.171,28.183
yaw260_pitch-035,260,-35,286.138,-44.514,26.138
yaw260_pitch-030,260,-30,284.730,-40.934,24.730
yaw260_pitch-025,260,-25,280.471,-34.161,20.471
yaw260_pitch-020,260,-20,277.801,-26.620,17.801
yaw260_pitch-015,260,-15,273.730,-21.632,13.730
yaw260_pitch-010,260,-10,278.134,-20.328,18.134
yaw260_pitch-005,260,-5,283.524,-14.017,23.524
yaw260_pitch+000,260,0,285.702,-6.525,25.702
yaw260_pitch+005,260,5,292.538,-4.455,32.538
yaw260_pitch+010,260,10,288.817,-1.661,28.817
yaw260_pitch+015,260,15,289.108,1.772,29.108
yaw260_pitch+020,260,20,292.207,3.307,32.207
yaw260_pitch+025,260,25,289.310,6.408,29.310
yaw260_pitch+030,260,30,290.618,13.280,30.618
yaw260_pitch+035,260,35,289.911,20.974,29.911
yaw260_pitch+040,260,40,288.363,25.921,28.363
yaw260_pitch+045,260,45,282.120,30.217,22.120
yaw260_pitch+050,260,50,271.029,33.729,11.029
yaw260_pitch+055,260,55,266.366,38.963,6.366
yaw260_pitch+060,260,60,263.235,44.566,3.235
yaw260_pitch+065,260,65,262.883,54.087,2.883
yaw260_pitch+070,260,70,258.115,62.914,1.885
yaw260_pitch+075,260,75,254.039,73.237,5.961
yaw260_pitch+080,260,80,248.712,77.549,11.288
yaw260_pitch+085,260,85,246.685,85.061,13.315
yaw260_pitch+090,260,90,247.260,90.000,12.740
yaw265_pitch-090,265,-90,283.365,-90.000,18.365
yaw265_pitch-085,265,-85,282.911,-83.874,17.911
yaw265_pitch-080,265,-80,284.437,-85.017,19.437
yaw265_pitch-075,265,-75,290.202,-78.520,25.202
yaw265_pitch-070,265,-70,291.617,-71.960,26.617
yaw265_pitch-065,265,-65,292.993,-64.649,27.993
yaw265_pitch-060,265,-60,291.628,-63.384,26.628
yaw265_pitch-055,265,-55,291.845,-60.390,26.845
yaw265_pitch-050,265,-50,291.164,-61.858,26.164
yaw265_pitch-045,265,-45,292.301,-54.477,27.301
yaw265_pitch-040,265,-40,290.754,-52.315,25.754
yaw265_pitch-035,265,-35,285.337,-46.706,20.337
yaw265_pitch-030,265,-30,283.336,-40.861,18.336
yaw265_pitch-025,265,-25,279.638,-33.435,14.638
yaw265_pitch-020,265,-20,272.567,-27.666,7.567
yaw265_pitch-015,265,-15,281.508,-21.501,16.508
yaw265_pitch-010,265,-10,279.479,-18.126,14.479
yaw265_pitch-005,265,-5,290.989,-13.818,25.989
yaw265_pitch+000,265,0,290.434,-6.804,25.434
yaw265_pitch+005,265,5,294.806,-2.977,29.806
yaw265_pitch+010,265,10,296.300,-0.027,31.300
yaw265_pitch+015,265,15,296.588,2.267,31.588
yaw265_pitch+020,265,20,297.175,3.728,32.175
yaw265_pitch+025,265,25,296.570,6.844,31.570
yaw265_pitch+030,265,30,291.552,10.465,26.552
yaw265_pitch+035,265,35,288.689,15.577,23.689
yaw265_pitch+040,265,40,285.163,19.850,20.163
yaw265_pitch+045,265,45,280.355,25.051,15.355
yaw265_pitch+050,265,50,270.924,29.250,5.924
yaw265_pitch+055,265,55,269.559,34.144,4.559
yaw265_pitch+060,265,60,266.617,45.134,1.617
yaw265_pitch+065,265,65,264.501,59.926,0.499
yaw265_pitch+070,265,70,262.335,67.210,2.665
yaw265_pitch+075,265,75,257.705,76.978,7.295
yaw265_pitch+080,265,80,255.419,80.764,9.581
yaw265_pitch+085,265,85,254.466,86.068,10.534
yaw265_pitch+090,265,90,247.807,90.000,17.193
yaw270_pitch-090,270,-90,285.597,-87.511,15.597
yaw270_pitch-085,270,-85,284.923,-86.541,14.923
yaw270_pitch-080,270,-80,290.909,-83.512,20.909
yaw270_pitch-075,270,-75,292.142,-71.512,22.142
yaw270_pitch-070,270,-70,296.056,-65.439,26.056
yaw270_pitch-065,270,-65,293.557,-62.000,23.557
yaw270_pitch-060,270,-60,296.236,-63.730,26.236
yaw270_pitch-055,270,-55,293.338,-62.726,23.338
yaw270_pitch-050,270,-50,293.603,-58.051,23.603
yaw270_pitch-045,270,-45,292.519,-53.764,22.519
yaw270_pitch-040,270,-40,290.757,-50.820,20.757
yaw270_pitch-035,270,-35,290.409,-45.894,20.409
yaw270_pitch-030,270,-30,287.278,-44.211,17.278
yaw270_pitch-025,270,-25,285.886,-39.388,15.886
yaw270_pitch-020,270,-20,281.134,-27.696,11.134
yaw270_pitch-015,270,-15,283.818,-22.323,13.818
yaw270_pitch-010,270,-10,283.238,-17.580,13.238
yaw270_pitch-005,270,-5,293.718,-13.143,23.718
yaw270_pitch+000,270,0,297.175,-7.528,27.175
yaw270_pitch+005,270,5,296.689,-3.978,26.689
yaw270_pitch+010,270,10,297.985,-2.576,27.985
yaw270_pitch+015,270,15,298.017,1.062,28.017
yaw270_pitch+020,270,20,299.560,3.493,29.560
yaw270_pitch+025,270,25,296.324,4.977,26.324
yaw270_pitch+030,270,30,291.911,9.505,21.911
yaw270_pitch+035,270,35,289.932,15.699,19.932
yaw270_pitch+040,270,40,283.660,18.920,13.660
yaw270_pitch+045,270,45,277.133,24.712,7.133
yaw270_pitch+050,270,50,274.032,26.960,4.032
yaw270_pitch+055,270,55,275.489,33.689,5.489
yaw270_pitch+060,270,60,272.162,45.561,2.162
yaw270_pitch+065,270,65,267.313,58.033,2.687
yaw270_pitch+070,270,70,267.072,68.483,2.928
yaw270_pitch+075,270,75,262.615,74.622,7.385
yaw270_pitch+080,270,80,260.183,81.890,9.817
yaw270_pitch+085,270,85,261.027,85.976,8.973
yaw270_pitch+090,270,90,253.510,90.000,16.490
yaw275_pitch-090,275,-90,291.103,-86.943,16.103
yaw275_pitch-085,275,-85,290.101,-86.006,15.101
yaw275_pitch-080,275,-80,295.820,-81.174,20.820
yaw275_pitch-075,275,-75,297.887,-79.418,22.887
yaw275_pitch-070,275,-70,299.260,-72.717,24.260
yaw275_pitch-065,275,-65,300.814,-64.060,25.814
yaw275_pitch-060,275,-60,300.498,-66.118,25.498
yaw275_pitch-055,275,-55,299.750,-59.286,24.750
yaw275_pitch-050,275,-50,298.340,-57.241,23.340
yaw275_pitch-045,275,-45,298.410,-54.566,23.410
yaw275_pitch-040,275,-40,299.695,-49.768,24.695
yaw275_pitch-035,275,-35,297.779,-46.070,22.779
yaw275_pitch-030,275,-30,295.452,-42.856,20.452
yaw275_pitch-025,275,-25,293.678,-34.872,18.678
yaw275_pitch-020,275,-20,288.599,-26.963,13.599
yaw275_pitch-015,275,-15,294.712,-19.728,19.712
yaw275_pitch-010,275,-10,295.594,-15.952,20.594
yaw275_pitch-005,275,-5,298.465,-11.401,23.465
yaw275_pitch+000,275,0,302.181,-7.590,27.181
yaw275_pitch+005,275,5,303.530,-5.420,28.530
yaw275_pitch+010,275,10,303.288,-1.740,28.288
yaw275_pitch+015,275,15,305.991,-0.038,30.991
yaw275_pitch+020,275,20,303.558,3.774,28.558
yaw275_pitch+025,275,25,295.981,4.882,20.981
yaw275_pitch+030,275,30,288.354,10.306,13.354
yaw275_pitch+035,275,35,286.604,16.023,11.604
yaw275_pitch+040,275,40,280.759,21.902,5.759
yaw275_pitch+045,275,45,278.938,23.775,3.938
yaw275_pitch+050,275,50,277.563,35.890,2.563
yaw275_pitch+055,275,55,280.593,38.847,5.593
yaw275_pitch+060,275,60,279.905,46.802,4.905
yaw275_pitch+065,275,65,272.631,57.866,2.369
yaw275_pitch+070,275,70,270.029,67.554,4.971
yaw275_pitch+075,275,75,266.965,74.646,8.035
yaw275_pitch+080,275,80,265.198,80.699,9.802
yaw275_pitch+085,275,85,263.108,86.511,11.892
yaw275_pitch+090,275,90,262.564,90.000,12.436
yaw280_pitch-090,280,-90,296.949,-86.458,16.949
yaw280_pitch-085,280,-85,294.062,-81.978,14.062
yaw280_pitch-080,280,-80,298.215,-80.526,18.215
yaw280_pitch-075,280,-75,300.640,-76.769,20.640
yaw280_pitch-070,280,-70,302.366,-74.720,22.366
yaw280_pitch-065,280,-65,304.028,-64.862,24.028
yaw280_pitch-060,280,-60,306.949,-65.889,26.949
yaw280_pitch-055,280,-55,308.112,-59.742,28.112
yaw280_pitch-050,280,-50,306.746,-56.147,26.746
yaw280_pitch-045,280,-45,305.640,-50.842,25.640
yaw280_pitch-040,280,-40,304.706,-48.144,24.706
yaw280_pitch-035,280,-35,304.335,-40.496,24.335
yaw280_pitch-030,280,-30,302.837,-38.300,22.837
yaw280_pitch-025,280,-25,299.848,-35.222,19.848
yaw280_pitch-020,280,-20,298.724,-25.387,18.724
yaw280_pitch-015,280,-15,298.120,-17.878,18.120
yaw280_pitch-010,280,-10,297.816,-13.329,17.816
yaw280_pitch-005,280,-5,303.074,-11.025,23.074
yaw280_pitch+000,280,0,308.079,-6.919,28.079
yaw280_pitch+005,280,5,306.317,-4.946,26.317
yaw280_pitch+010,280,10,306.918,-3.761,26.918
yaw280_pitch+015,280,15,304.842,-1.612,24.842
yaw280_pitch+020,280,20,305.389,3.491,25.389
yaw280_pitch+025,280,25,300.159,6.117,20.159
yaw280_pitch+030,280,30,294.905,9.883,14.905
yaw280_pitch+035,280,35,287.549,15.754,7.549
yaw280_pitch+040,280,40,282.303,20.876,2.303
yaw280_pitch+045,280,45,281.044,25.153,1.044
yaw280_pitch+050,280,50,282.288,33.263,2.288
yaw280_pitch+055,280,55,283.482,38.934,3.482
yaw280_pitch+060,280,60,282.717,53.041,2.717
yaw280_pitch+065,280,65,280.446,59.056,0.446
yaw280_pitch+070,280,70,272.761,66.704,7.239
yaw280_pitch+075,280,75,271.426,74.142,8.574
yaw280_pitch+080,280,80,268.242,79.251,11.758
yaw280_pitch+085,280,85,269.100,86.670,10.900
yaw280_pitch+090,280,90,265.433,90.000,14.567
yaw285_pitch-090,285,-90,299.655,-85.563,14.655
yaw285_pitch-085,285,-85,301.415,-85.603,16.415
yaw285_pitch-080,285,-80,301.695,-82.119,16.695
yaw285_pitch-075,285,-75,304.132,-75.192,19.132
yaw285_pitch-070,285,-70,305.977,-76.047,20.977
yaw285_pitch-065,285,-65,308.727,-68.323,23.727
yaw285_pitch-060,285,-60,311.676,-65.301,26.676
yaw285_pitch-055,285,-55,313.651,-60.113,28.651
yaw285_pitch-050,285,-50,313.854,-56.388,28.854
yaw285_pitch-045,285,-45,313.883,-51.526,28.883
yaw285_pitch-040,285,-40,312.930,-46.283,27.930
yaw285_pitch-035,285,-35,312.119,-43.151,27.119
yaw285_pitch-030,285,-30,310.517,-39.160,25.517
yaw285_pitch-025,285,-25,309.019,-32.637,24.019
yaw285_pitch-020,285,-20,306.583,-21.387,21.583
yaw285_pitch-015,285,-15,305.655,-13.206,20.655
yaw285_pitch-010,285,-10,305.852,-9.854,20.852
yaw285_pitch-005,285,-5,307.914,-7.616,22.914
yaw285_pitch+000,285,0,308.655,-4.810,23.655
yaw285_pitch+005,285,5,308.043,-4.672,23.043
yaw285_pitch+010,285,10,308.341,-2.914,23.341
yaw285_pitch+015,285,15,306.216,-1.762,21.216
yaw285_pitch+020,285,20,304.439,2.150,19.439
yaw285_pitch+025,285,25,304.281,5.754,19.281
yaw285_pitch+030,285,30,298.487,10.083,13.487
yaw285_pitch+035,285,35,292.461,15.079,7.461
yaw285_pitch+040,285,40,288.163,20.011,3.163
yaw285_pitch+045,285,45,285.756,26.964,0.756
yaw285_pitch+050,285,50,288.694,35.865,3.694
yaw285_pitch+055,285,55,287.592,42.026,2.592
yaw285_pitch+060,285,60,283.665,51.551,1.335
yaw285_pitch+065,285,65,283.734,61.290,1.266
yaw285_pitch+070,285,70,276.709,68.624,8.291
yaw285_pitch+075,285,75,274.924,74.746,10.076
yaw285_pitch+080,285,80,272.807,78.216,12.193
yaw285_pitch+085,285,85,274.458,85.029,10.542
yaw285_pitch+090,285,90,275.982,90.000,9.018
yaw290_pitch-090,290,-90,305.352,-86.775,15.352
yaw290_pitch-085,290,-85,304.729,-84.180,14.729
yaw290_pitch-080,290,-80,306.970,-81.851,16.970
yaw290_pitch-075,290,-75,307.567,-78.047,17.567
yaw290_pitch-070,290,-70,309.139,-76.878,19.139
yaw290_pitch-065,290,-65,310.706,-65.376,20.706
yaw290_pitch-060,290,-60,313.368,-62.500,23.368
yaw290_pitch-055,290,-55,316.384,-55.096,26.384
yaw290_pitch-050,290,-50,317.188,-54.443,27.188
yaw290_pitch-045,290,-45,318.606,-48.004,28.606
yaw290_pitch-040,290,-40,319.160,-46.575,29.160
yaw290_pitch-035,290,-35,318.528,-41.272,28.528
yaw290_pitch-030,290,-30,317.728,-38.748,27.728
yaw290_pitch-025,290,-25,314.237,-32.217,24.237
yaw290_pitch-020,290,-20,310.748,-23.335,20.748
yaw290_pitch-015,290,-15,308.874,-15.280,18.874
yaw290_pitch-010,290,-10,308.371,-12.948,18.371
yaw290_pitch-005,290,-5,307.665,-8.859,17.665
yaw290_pitch+000,290,0,307.665,-4.305,17.665
yaw290_pitch+005,290,5,308.922,-2.837,18.922
yaw290_pitch+010,290,10,308.796,-2.031,18.796
yaw290_pitch+015,290,15,305.725,-0.682,15.725
yaw290_pitch+020,290,20,303.882,1.502,13.882
yaw290_pitch+025,290,25,303.713,5.734,13.713
yaw290_pitch+030,290,30,301.686,10.124,11.686
yaw290_pitch+035,290,35,296.118,14.797,6.118
yaw290_pitch+040,290,40,293.601,19.000,3.601
yaw290_pitch+045,290,45,291.462,25.748,1.462
yaw290_pitch+050,290,50,291.228,32.445,1.228
yaw290_pitch+055,290,55,292.882,39.390,2.882
yaw290_pitch+060,290,60,286.510,51.017,3.490
yaw290_pitch+065,290,65,283.619,59.162,6.381
yaw290_pitch+070,290,70,282.182,68.859,7.818
yaw290_pitch+075,290,75,276.729,75.070,13.271
yaw290_pitch+080,290,80,276.330,77.552,13.670
yaw290_pitch+085,290,85,275.611,82.750,14.389
yaw290_pitch+090,290,90,277.899,90.000,12.101
yaw295_pitch-090,295,-90,312.428,-88.667,17.428
yaw295_pitch-085,295,-85,311.932,-87.896,16.932
yaw295_pitch-080,295,-80,311.480,-86.520,16.480
yaw295_pitch-075,295,-75,313.250,-82.721,18.250
yaw295_pitch-070,295,-70,314.006,-75.559,19.006
yaw295_pitch-065,295,-65,315.951,-69.016,20.951
yaw295_pitch-060,295,-60,317.677,-62.580,22.677
yaw295_pitch-055,295,-55,319.086,-57.000,24.086
yaw295_pitch-050,295,-50,320.630,-52.762,25.630
yaw295_pitch-045,295,-45,321.647,-50.379,26.647
yaw295_pitch-040,295,-40,321.482,-45.513,26.482
yaw295_pitch-035,295,-35,319.688,-40.376,24.688
yaw295_pitch-030,295,-30,318.830,-35.968,23.830
yaw295_pitch-025,295,-25,316.261,-29.117,21.261
yaw295_pitch-020,295,-20,314.393,-23.550,19.393
yaw295_pitch-015,295,-15,312.977,-17.143,17.977
yaw295_pitch-010,295,-10,311.028,-13.355,16.028
yaw295_pitch-005,295,-5,306.829,-10.769,11.829
yaw295_pitch+000,295,0,305.258,-6.960,10.258
yaw295_pitch+005,295,5,304.480,-5.239,9.480
yaw295_pitch+010,295,10,305.247,-4.447,10.247
yaw295_pitch+015,295,15,304.109,-1.270,9.109
yaw295_pitch+020,295,20,303.473,3.344,8.473
yaw295_pitch+025,295,25,303.389,4.823,8.389
yaw295_pitch+030,295,30,301.857,7.427,6.857
yaw295_pitch+035,295,35,299.833,13.259,4.833
yaw295_pitch+040,295,40,295.687,16.635,0.687
yaw295_pitch+045,295,45,292.903,23.319,2.097
yaw295_pitch+050,295,50,291.837,32.695,3.163
yaw295_pitch+055,295,55,289.931,39.849,5.069
yaw295_pitch+060,295,60,287.694,47.864,7.306
yaw295_pitch+065,295,65,285.084,58.484,9.916
yaw295_pitch+070,295,70,281.678,69.278,13.322
yaw295_pitch+075,295,75,279.648,76.529,15.352
yaw295_pitch+080,295,80,280.144,82.202,14.856
yaw295_pitch+085,295,85,281.353,85.845,13.647
yaw295_pitch+090,295,90,281.448,90.000,13.552
yaw300_pitch-090,300,-90,317.255,-88.529,17.255
yaw300_pitch-085,300,-85,317.535,-86.821,17.535
yaw300_pitch-080,300,-80,315.571,-78.636,15.571
yaw300_pitch-075,300,-75,315.935,-77.307,15.935
yaw300_pitch-070,300,-70,317.248,-67.753,17.248
yaw300_pitch-065,300,-65,321.951,-66.425,21.951
yaw300_pitch-060,300,-60,322.343,-59.501,22.343
yaw300_pitch-055,300,-55,324.279,-56.842,24.279
yaw300_pitch-050,300,-50,325.061,-53.376,25.061
yaw300_pitch-045,300,-45,325.005,-47.775,25.005
yaw300_pitch-040,300,-40,324.683,-45.507,24.683
yaw300_pitch-035,300,-35,323.356,-41.462,23.356
yaw300_pitch-030,300,-30,320.829,-36.372,20.829
yaw300_pitch-025,300,-25,319.394,-31.230,19.394
yaw300_pitch-020,300,-20,315.826,-24.698,15.826
yaw300_pitch-015,300,-15,313.705,-18.883,13.705
yaw300_pitch-010,300,-10,311.966,-17.206,11.966
yaw300_pitch-005,300,-5,309.241,-10.445,9.241
yaw300_pitch+000,300,0,306.317,-6.451,6.317
yaw300_pitch+005,300,5,302.933,-5.156,2.933
yaw300_pitch+010,300,10,300.363,-4.954,0.363
yaw300_pitch+015,300,15,299.600,-1.310,0.400
yaw300_pitch+020,300,20,298.034,1.069,1.966
yaw300_pitch+025,300,25,299.039,2.783,0.961
yaw300_pitch+030,300,30,300.414,4.805,0.414
yaw300_pitch+035,300,35,300.904,9.363,0.904
yaw300_pitch+040,300,40,299.599,15.101,0.401
yaw300_pitch+045,300,45,295.911,19.846,4.089
yaw300_pitch+050,300,50,294.540,23.893,5.460
yaw300_pitch+055,300,55,293.148,36.993,6.852
yaw300_pitch+060,300,60,291.181,45.901,8.819
yaw300_pitch+065,300,65,289.036,57.587,10.964
yaw300_pitch+070,300,70,288.505,67.912,11.495
yaw300_pitch+075,300,75,287.486,77.258,12.514
yaw300_pitch+080,300,80,285.982,82.690,14.018
yaw300_pitch+085,300,85,284.479,84.564,15.521
yaw300_pitch+090,300,90,288.450,90.000,11.550
yaw305_pitch-090,305,-90,325.349,-87.307,20.349
yaw305_pitch-085,305,-85,324.289,-84.976,19.289
yaw305_pitch-080,305,-80,323.437,-76.048,18.437
yaw305_pitch-075,305,-75,326.585,-70.714,21.585
yaw305_pitch-070,305,-70,324.858,-64.307,19.858
yaw305_pitch-065,305,-65,326.375,-59.961,21.375
yaw305_pitch-060,305,-60,330.565,-58.745,25.565
yaw305_pitch-055,305,-55,331.451,-56.198,26.451
yaw305_pitch-050,305,-50,332.650,-51.198,27.650
yaw305_pitch-045,305,-45,333.473,-49.175,28.473
yaw305_pitch-040,305,-40,332.120,-45.862,27.120
yaw305_pitch-035,305,-35,328.734,-41.413,23.734
yaw305_pitch-030,305,-30,326.340,-35.710,21.340
yaw305_pitch-025,305,-25,322.417,-31.421,17.417
yaw305_pitch-020,305,-20,319.354,-24.239,14.354
yaw305_pitch-015,305,-15,316.202,-17.630,11.202
yaw305_pitch-010,305,-10,312.620,-15.016,7.620
yaw305_pitch-005,305,-5,309.853,-10.893,4.853
yaw305_pitch+000,305,0,306.827,-7.116,1.827
yaw305_pitch+005,305,5,305.371,-4.999,0.371
yaw305_pitch+010,305,10,300.796,-5.975,4.204
yaw305_pitch+015,305,15,300.480,-3.583,4.520
yaw305_pitch+020,305,20,302.079,2.054,2.921
yaw305_pitch+025,305,25,301.535,1.008,3.465
yaw305_pitch+030,305,30,301.126,3.580,3.874
yaw305_pitch+035,305,35,301.009,6.405,3.991
yaw305_pitch+040,305,40,299.580,11.927,5.420
yaw305_pitch+045,305,45,298.722,16.916,6.278
yaw305_pitch+050,305,50,297.465,18.797,7.535
yaw305_pitch+055,305,55,297.559,30.495,7.441
yaw305_pitch+060,305,60,296.576,45.760,8.424
yaw305_pitch+065,305,65,295.508,60.086,9.492
yaw305_pitch+070,305,70,296.115,70.921,8.885
yaw305_pitch+075,305,75,295.016,80.146,9.984
yaw305_pitch+080,305,80,295.919,86.720,9.081
yaw305_pitch+085,305,85,294.173,87.601,10.827
yaw305_pitch+090,305,90,294.240,90.000,10.760
yaw310_pitch-090,310,-90,325.962,-84.355,15.962
yaw310_pitch-085,310,-85,328.661,-83.515,18.661
yaw310_pitch-080,310,-80,327.294,-69.223,17.294
yaw310_pitch-075,310,-75,328.702,-64.541,18.702
yaw310_pitch-070,310,-70,327.272,-57.792,17.272
yaw310_pitch-065,310,-65,325.605,-58.495,15.605
yaw310_pitch-060,310,-60,332.720,-56.851,22.720
yaw310_pitch-055,310,-55,334.274,-57.426,24.274
yaw310_pitch-050,310,-50,339.238,-52.263,29.238
yaw310_pitch-045,310,-45,338.240,-44.613,28.240
yaw310_pitch-040,310,-40,338.301,-47.846,28.301
yaw310_pitch-035,310,-35,337.404,-40.022,27.404
yaw310_pitch-030,310,-30,332.023,-36.524,22.023
yaw310_pitch-025,310,-25,327.723,-28.458,17.723
yaw310_pitch-020,310,-20,324.770,-22.707,14.770
yaw310_pitch-015,310,-15,323.987,-19.010,13.987
yaw310_pitch-010,310,-10,321.690,-17.093,11.690
yaw310_pitch-005,310,-5,317.367,-12.022,7.367
yaw310_pitch+000,310,0,313.600,-7.552,3.600
yaw310_pitch+005,310,5,308.000,-7.364,2.000
yaw310_pitch+010,310,10,307.118,-6.187,2.882
yaw310_pitch+015,310,15,305.160,-2.009,4.840
yaw310_pitch+020,310,20,303.224,1.502,6.776
yaw310_pitch+025,310,25,304.040,3.152,5.960
yaw310_pitch+030,310,30,304.654,3.587,5.346
yaw310_pitch+035,310,35,305.387,6.070,4.613
yaw310_pitch+040,310,40,302.948,7.916,7.052
yaw310_pitch+045,310,45,302.942,16.143,7.058
yaw310_pitch+050,310,50,302.609,20.310,7.391
yaw310_pitch+055,310,55,303.624,32.629,6.376
yaw310_pitch+060,310,60,302.715,45.812,7.285
yaw310_pitch+065,310,65,303.612,60.767,6.388
yaw310_pitch+070,310,70,303.141,71.465,6.859
yaw310_pitch+075,310,75,301.709,78.351,8.291
yaw310_pitch+080,310,80,301.182,85.009,8.818
yaw310_pitch+085,310,85,298.053,85.001,11.947
yaw310_pitch+090,310,90,299.018,90.000,10.982
yaw315_pitch-090,315,-90,327.687,-87.281,12.687
yaw315_pitch-085,315,-85,329.780,-83.386,14.780
yaw315_pitch-080,315,-80,329.301,-70.723,14.301
yaw315_pitch-075,315,-75,331.374,-66.283,16.374
yaw315_pitch-070,315,-70,330.133,-62.164,15.133
yaw315_pitch-065,315,-65,330.470,-55.015,15.470
yaw315_pitch-060,315,-60,335.111,-57.621,20.111
yaw315_pitch-055,315,-55,338.661,-56.159,23.661
yaw315_pitch-050,315,-50,343.239,-48.863,28.239
yaw315_pitch-045,315,-45,341.621,-41.519,26.621
yaw315_pitch-040,315,-40,344.200,-43.463,29.200
yaw315_pitch-035,315,-35,342.982,-42.537,27.982
yaw315_pitch-030,315,-30,338.428,-35.855,23.428
yaw315_pitch-025,315,-25,334.899,-29.745,19.899
yaw315_pitch-020,315,-20,332.734,-26.060,17.734
yaw315_pitch-015,315,-15,327.126,-18.869,12.126
yaw315_pitch-010,315,-10,323.395,-11.872,8.395
yaw315_pitch-005,315,-5,323.041,-11.838,8.041
yaw315_pitch+000,315,0,316.366,-8.895,1.366
yaw315_pitch+005,315,5,312.880,-8.311,2.120
yaw315_pitch+010,315,10,310.894,-6.514,4.106
yaw315_pitch+015,315,15,311.354,-3.564,3.646
yaw315_pitch+020,315,20,310.902,3.429,4.098
yaw315_pitch+025,315,25,311.985,5.467,3.015
yaw315_pitch+030,315,30,312.603,7.574,2.397
yaw315_pitch+035,315,35,313.143,10.389,1.857
yaw315_pitch+040,315,40,314.095,15.242,0.905
yaw315_pitch+045,315,45,311.869,20.506,3.131
yaw315_pitch+050,315,50,311.852,26.588,3.148
yaw315_pitch+055,315,55,312.931,36.443,2.069
yaw315_pitch+060,315,60,310.448,48.325,4.552
yaw315_pitch+065,315,65,309.614,61.406,5.386
yaw315_pitch+070,315,70,307.417,69.898,7.583
yaw315_pitch+075,315,75,305.942,76.710,9.058
yaw315_pitch+080,315,80,305.312,82.974,9.688
yaw315_pitch+085,315,85,304.918,86.586,10.082
yaw315_pitch+090,315,90,303.202,87.884,11.798
yaw320_pitch-090,320,-90,329.521,-85.204,9.521
yaw320_pitch-085,320,-85,334.072,-87.025,14.072
yaw320_pitch-080,320,-80,331.704,-76.220,11.704
yaw320_pitch-075,320,-75,332.718,-66.452,12.718
yaw320_pitch-070,320,-70,334.221,-60.512,14.221
yaw320_pitch-065,320,-65,337.889,-58.885,17.889
yaw320_pitch-060,320,-60,338.509,-56.430,18.509
yaw320_pitch-055,320,-55,342.571,-53.820,22.571
yaw320_pitch-050,320,-50,345.839,-46.135,25.839
yaw320_pitch-045,320,-45,347.016,-42.587,27.016
yaw320_pitch-040,320,-40,348.159,-42.491,28.159
yaw320_pitch-035,320,-35,345.653,-39.544,25.653
yaw320_pitch-030,320,-30,344.187,-35.181,24.187
yaw320_pitch-025,320,-25,341.367,-30.867,21.367
yaw320_pitch-020,320,-20,334.203,-25.653,14.203
yaw320_pitch-015,320,-15,324.859,-27.882,4.859
yaw320_pitch-010,320,-10,321.177,-25.133,1.177
yaw320_pitch-005,320,-5,322.778,-12.720,2.778
yaw320_pitch+000,320,0,321.931,-8.131,1.931
yaw320_pitch+005,320,5,320.831,-8.874,0.831
yaw320_pitch+010,320,10,318.819,-5.940,1.181
yaw320_pitch+015,320,15,321.143,-1.030,1.143
yaw320_pitch+020,320,20,318.284,4.311,1.716
yaw320_pitch+025,320,25,319.303,6.856,0.697
yaw320_pitch+030,320,30,319.891,9.645,0.109
yaw320_pitch+035,320,35,321.626,13.728,1.626
yaw320_pitch+040,320,40,321.829,17.595,1.829
yaw320_pitch+045,320,45,320.489,24.088,0.489
yaw320_pitch+050,320,50,322.218,29.889,2.218
yaw320_pitch+055,320,55,321.778,42.182,1.778
yaw320_pitch+060,320,60,319.157,50.883,0.843
yaw320_pitch+065,320,65,313.971,60.142,6.029
yaw320_pitch+070,320,70,314.751,69.865,5.249
yaw320_pitch+075,320,75,315.125,78.015,4.875
yaw320_pitch+080,320,80,313.499,81.904,6.501
yaw320_pitch+085,320,85,307.229,85.270,12.771
yaw320_pitch+090,320,90,305.703,89.193,14.297
yaw325_pitch-090,325,-90,338.009,-88.358,13.009
yaw325_pitch-085,325,-85,337.173,-86.369,12.173
yaw325_pitch-080,325,-80,336.696,-77.831,11.696
yaw325_pitch-075,325,-75,337.873,-71.426,12.873
yaw325_pitch-070,325,-70,342.385,-64.560,17.385
yaw325_pitch-065,325,-65,343.406,-62.564,18.406
yaw325_pitch-060,325,-60,344.341,-60.530,19.341
yaw325_pitch-055,325,-55,346.795,-53.359,21.795
yaw325_pitch-050,325,-50,350.201,-52.937,25.201
yaw325_pitch-045,325,-45,352.154,-45.021,27.154
yaw325_pitch-040,325,-40,353.391,-42.267,28.391
yaw325_pitch-035,325,-35,353.503,-42.811,28.503
yaw325_pitch-030,325,-30,350.580,-38.099,25.580
yaw325_pitch-025,325,-25,339.855,-29.148,14.855
yaw325_pitch-020,325,-20,332.988,-30.901,7.988
yaw325_pitch-015,325,-15,318.167,-26.748,6.833
yaw325_pitch-010,325,-10,318.097,-24.613,6.903
yaw325_pitch-005,325,-5,322.476,-18.754,2.524
yaw325_pitch+000,325,0,325.206,-6.762,0.206
yaw325_pitch+005,325,5,323.702,-9.173,1.298
yaw325_pitch+010,325,10,325.188,-5.956,0.188
yaw325_pitch+015,325,15,326.725,-3.262,1.725
yaw325_pitch+020,325,20,326.950,4.743,1.950
yaw325_pitch+025,325,25,327.166,8.360,2.166
yaw325_pitch+030,325,30,326.280,11.449,1.280
yaw325_pitch+035,325,35,331.109,16.064,6.109
yaw325_pitch+040,325,40,330.417,21.076,5.417
yaw325_pitch+045,325,45,330.743,27.394,5.743
yaw325_pitch+050,325,50,333.338,34.375,8.338
yaw325_pitch+055,325,55,328.750,41.357,3.750
yaw325_pitch+060,325,60,328.336,52.764,3.336
yaw325_pitch+065,325,65,322.929,62.301,2.071
yaw325_pitch+070,325,70,318.930,70.832,6.070
yaw325_pitch+075,325,75,317.582,76.514,7.418
yaw325_pitch+080,325,80,316.700,83.108,8.300
yaw325_pitch+085,325,85,312.386,87.674,12.614
yaw325_pitch+090,325,90,310.499,87.692,14.501
yaw330_pitch-090,330,-90,337.512,-86.316,7.512
yaw330_pitch-085,330,-85,341.045,-87.415,11.045
yaw330_pitch-080,330,-80,340.980,-82.500,10.980
yaw330_pitch-075,330,-75,344.366,-75.194,14.366
yaw330_pitch-070,330,-70,345.468,-68.839,15.468
yaw330_pitch-065,330,-65,349.348,-62.213,19.348
yaw330_pitch-060,330,-60,347.186,-55.953,17.186
yaw330_pitch-055,330,-55,351.528,-53.869,21.528
yaw330_pitch-050,330,-50,352.479,-43.137,22.479
yaw330_pitch-045,330,-45,356.079,-47.265,26.079
yaw330_pitch-040,330,-40,357.195,-44.091,27.195
yaw330_pitch-035,330,-35,358.804,-43.306,28.804
yaw330_pitch-030,330,-30,356.447,-37.006,26.447
yaw330_pitch-025,330,-25,347.522,-27.998,17.522
yaw330_pitch-020,330,-20,336.972,-29.670,6.972
yaw330_pitch-015,330,-15,321.173,-28.911,8.827
yaw330_pitch-010,330,-10,318.403,-26.077,11.597
yaw330_pitch-005,330,-5,326.472,-20.887,3.528
yaw330_pitch+000,330,0,329.755,-7.267,0.245
yaw330_pitch+005,330,5,330.141,-9.991,0.141
yaw330_pitch+010,330,10,327.934,-7.352,2.066
yaw330_pitch+015,330,15,336.570,-2.190,6.570
yaw330_pitch+020,330,20,337.242,5.261,7.242
yaw330_pitch+025,330,25,336.925,9.692,6.925
yaw330_pitch+030,330,30,333.081,13.167,3.081
yaw330_pitch+035,330,35,336.988,18.404,6.988
yaw330_pitch+040,330,40,337.120,23.121,7.120
yaw330_pitch+045,330,45,337.091,28.265,7.091
yaw330_pitch+050,330,50,336.919,34.914,6.919
yaw330_pitch+055,330,55,339.616,45.003,9.616
yaw330_pitch+060,330,60,331.755,54.415,1.755
yaw330_pitch+065,330,65,326.616,59.792,3.384
yaw330_pitch+070,330,70,321.011,65.935,8.989
yaw330_pitch+075,330,75,316.980,72.043,13.020
yaw330_pitch+080,330,80,316.914,81.111,13.086
yaw330_pitch+085,330,85,315.880,86.859,14.120
yaw330_pitch+090,330,90,319.359,89.558,10.641
yaw335_pitch-090,335,-90,344.841,-90.000,9.841
yaw335_pitch-085,335,-85,344.231,-90.000,9.231
yaw335_pitch-080,335,-80,344.875,-80.648,9.875
yaw335_pitch-075,335,-75,348.398,-75.473,13.398
yaw335_pitch-070,335,-70,350.563,-71.024,15.563
yaw335_pitch-065,335,-65,350.875,-57.381,15.875
yaw335_pitch-060,335,-60,353.942,-56.274,18.942
yaw335_pitch-055,335,-55,354.956,-52.403,19.956
yaw335_pitch-050,335,-50,358.533,-46.987,23.533
yaw335_pitch-045,335,-45,359.078,-43.584,24.078
yaw335_pitch-040,335,-40,2.087,-45.107,27.087
yaw335_pitch-035,335,-35,3.906,-41.222,28.906
yaw335_pitch-030,335,-30,2.328,-34.614,27.328
yaw335_pitch-025,335,-25,358.840,-26.646,23.840
yaw335_pitch-020,335,-20,344.590,-23.570,9.590
yaw335_pitch-015,335,-15,336.426,-27.508,1.426
yaw335_pitch-010,335,-10,334.550,-26.131,0.450
yaw335_pitch-005,335,-5,337.914,-16.863,2.914
yaw335_pitch+000,335,0,335.242,-9.442,0.242
yaw335_pitch+005,335,5,334.738,-9.508,0.262
yaw335_pitch+010,335,10,335.996,-7.140,0.996
yaw335_pitch+015,335,15,339.301,-2.150,4.301
yaw335_pitch+020,335,20,337.374,5.536,2.374
yaw335_pitch+025,335,25,340.932,11.458,5.932
yaw335_pitch+030,335,30,339.750,14.384,4.750
yaw335_pitch+035,335,35,344.986,20.637,9.986
yaw335_pitch+040,335,40,343.570,23.776,8.570
yaw335_pitch+045,335,45,340.574,30.360,5.574
yaw335_pitch+050,335,50,343.269,37.774,8.269
yaw335_pitch+055,335,55,344.187,46.584,9.187
yaw335_pitch+060,335,60,338.561,53.781,3.561
yaw335_pitch+065,335,65,331.215,58.645,3.785
yaw335_pitch+070,335,70,324.165,62.187,10.835
yaw335_pitch+075,335,75,318.822,65.376,16.178
yaw335_pitch+080,335,80,317.133,73.932,17.867
yaw335_pitch+085,335,85,319.280,88.289,15.720
yaw335_pitch+090,335,90,315.042,87.010,19.958
yaw340_pitch-090,340,-90,348.027,-85.830,8.027
yaw340_pitch-085,340,-85,347.562,-86.197,7.562
yaw340_pitch-080,340,-80,348.564,-78.524,8.564
yaw340_pitch-075,340,-75,350.538,-75.376,10.538
yaw340_pitch-070,340,-70,353.751,-69.299,13.751
yaw340_pitch-065,340,-65,355.867,-61.419,15.867
yaw340_pitch-060,340,-60,356.574,-49.199,16.574
yaw340_pitch-055,340,-55,358.164,-51.514,18.164
yaw340_pitch-050,340,-50,0.494,-47.208,20.494
yaw340_pitch-045,340,-45,3.086,-42.938,23.086
yaw340_pitch-040,340,-40,4.483,-41.774,24.483
yaw340_pitch-035,340,-35,6.537,-37.301,26.537
yaw340_pitch-030,340,-30,7.264,-33.108,27.264
yaw340_pitch-025,340,-25,4.893,-26.172,24.893
yaw340_pitch-020,340,-20,357.824,-20.194,17.824
yaw340_pitch-015,340,-15,350.987,-16.926,10.987
yaw340_pitch-010,340,-10,346.156,-15.189,6.156
yaw340_pitch-005,340,-5,342.769,-16.191,2.769
yaw340_pitch+000,340,0,338.549,-13.274,1.451
yaw340_pitch+005,340,5,338.620,-9.377,1.380
yaw340_pitch+010,340,10,344.372,-5.328,4.372
yaw340_pitch+015,340,15,346.328,-1.903,6.328
yaw340_pitch+020,340,20,346.302,5.181,6.302
yaw340_pitch+025,340,25,343.739,11.628,3.739
yaw340_pitch+030,340,30,344.807,15.122,4.807
yaw340_pitch+035,340,35,351.478,22.455,11.478
yaw340_pitch+040,340,40,351.169,27.124,11.169
yaw340_pitch+045,340,45,344.162,30.468,4.162
yaw340_pitch+050,340,50,349.117,37.101,9.117
yaw340_pitch+055,340,55,348.375,46.650,8.375
yaw340_pitch+060,340,60,344.426,54.383,4.426
yaw340_pitch+065,340,65,332.094,55.140,7.906
yaw340_pitch+070,340,70,326.566,54.952,13.434
yaw340_pitch+075,340,75,318.449,64.850,21.551
yaw340_pitch+080,340,80,317.050,74.311,22.950
yaw340_pitch+085,340,85,318.933,82.906,21.067
yaw340_pitch+090,340,90,315.778,87.617,24.222
yaw345_pitch-090,345,-90,352.517,-90.000,7.517
yaw345_pitch-085,345,-85,354.362,-90.000,9.362
yaw345_pitch-080,345,-80,354.028,-79.674,9.028
yaw345_pitch-075,345,-75,355.635,-74.067,10.635
yaw345_pitch-070,345,-70,355.579,-66.665,10.579
yaw345_pitch-065,345,-65,0.081,-61.834,15.081
yaw345_pitch-060,345,-60,3.751,-53.717,18.751
yaw345_pitch-055,345,-55,3.709,-50.068,18.709
yaw345_pitch-050,345,-50,5.969,-47.190,20.969
yaw345_pitch-045,345,-45,6.063,-45.123,21.063
yaw345_pitch-040,345,-40,7.060,-39.367,22.060
yaw345_pitch-035,345,-35,8.263,-37.404,23.263
yaw345_pitch-030,345,-30,10.141,-28.424,25.141
yaw345_pitch-025,345,-25,8.161,-28.085,23.161
yaw345_pitch-020,345,-20,6.359,-20.049,21.359
yaw345_pitch-015,345,-15,358.775,-20.093,13.775
yaw345_pitch-010,345,-10,353.943,-18.835,8.943
yaw345_pitch-005,345,-5,347.986,-17.075,2.986
yaw345_pitch+000,345,0,347.935,-12.185,2.935
yaw345_pitch+005,345,5,346.330,-7.492,1.330
yaw345_pitch+010,345,10,346.873,-4.974,1.873
yaw345_pitch+015,345,15,351.973,1.039,6.973
yaw345_pitch+020,345,20,352.839,6.818,7.839
yaw345_pitch+025,345,25,355.102,13.585,10.102
yaw345_pitch+030,345,30,348.612,15.765,3.612
yaw345_pitch+035,345,35,352.745,22.333,7.745
yaw345_pitch+040,345,40,357.868,26.933,12.868
yaw345_pitch+045,345,45,358.213,31.883,13.213
yaw345_pitch+050,345,50,355.959,38.239,10.959
yaw345_pitch+055,345,55,353.167,46.560,8.167
yaw345_pitch+060,345,60,347.203,53.169,2.203
yaw345_pitch+065,345,65,336.752,53.306,8.248
yaw345_pitch+070,345,70,329.919,55.161,15.081
yaw345_pitch+075,345,75,320.023,65.375,24.977
yaw345_pitch+080,345,80,318.515,78.144,26.485
yaw345_pitch+085,345,85,320.021,81.463,24.979
yaw345_pitch+090,345,90,323.515,85.303,21.485
yaw350_pitch-090,350,-90,354.803,-89.741,4.803
yaw350_pitch-085,350,-85,1.173,-84.535,11.173
yaw350_pitch-080,350,-80,2.047,-80.343,12.047
yaw350_pitch-075,350,-75,2.900,-72.917,12.900
yaw350_pitch-070,350,-70,3.742,-66.750,13.742
yaw350_pitch-065,350,-65,7.759,-61.843,17.759
yaw350_pitch-060,350,-60,6.607,-52.581,16.607
yaw350_pitch-055,350,-55,11.441,-47.713,21.441
yaw350_pitch-050,350,-50,9.787,-48.183,19.787
yaw350_pitch-045,350,-45,9.653,-41.795,19.653
yaw350_pitch-040,350,-40,10.820,-40.280,20.820
yaw350_pitch-035,350,-35,11.275,-32.453,21.275
yaw350_pitch-030,350,-30,13.084,-30.209,23.084
yaw350_pitch-025,350,-25,10.985,-25.388,20.985
yaw350_pitch-020,350,-20,6.066,-21.765,16.066
yaw350_pitch-015,350,-15,3.785,-20.240,13.785
yaw350_pitch-010,350,-10,1.631,-19.372,11.631
yaw350_pitch-005,350,-5,356.283,-18.155,6.283
yaw350_pitch+000,350,0,354.325,-10.920,4.325
yaw350_pitch+005,350,5,351.628,-6.296,1.628
yaw350_pitch+010,350,10,354.258,-1.050,4.258
yaw350_pitch+015,350,15,354.072,1.758,4.072
yaw350_pitch+020,350,20,358.237,8.521,8.237
yaw350_pitch+025,350,25,355.492,13.026,5.492
yaw350_pitch+030,350,30,355.990,17.143,5.990
yaw350_pitch+035,350,35,359.484,22.171,9.484
yaw350_pitch+040,350,40,6.693,28.800,16.693
yaw350_pitch+045,350,45,1.149,32.954,11.149
yaw350_pitch+050,350,50,359.955,39.041,9.955
yaw350_pitch+055,350,55,356.075,47.291,6.075
yaw350_pitch+060,350,60,352.564,53.976,2.564
yaw350_pitch+065,350,65,345.276,59.370,4.724
yaw350_pitch+070,350,70,332.913,59.226,17.087
yaw350_pitch+075,350,75,326.311,69.142,23.689
yaw350_pitch+080,350,80,325.046,77.101,24.954
yaw350_pitch+085,350,85,327.052,83.444,22.948
yaw350_pitch+090,350,90,327.630,83.496,22.370
yaw355_pitch-090,355,-90,5.623,-89.503,10.623
yaw355_pitch-085,355,-85,7.450,-83.265,12.450
yaw355_pitch-080,355,-80,9.223,-81.024,14.223
yaw355_pitch-075,355,-75,10.142,-74.743,15.142
yaw355_pitch-070,355,-70,12.576,-68.907,17.576
yaw355_pitch-065,355,-65,13.701,-57.856,18.701
yaw355_pitch-060,355,-60,15.927,-56.697,20.927
yaw355_pitch-055,355,-55,16.942,-51.526,21.942
yaw355_pitch-050,355,-50,15.376,-46.468,20.376
yaw355_pitch-045,355,-45,10.934,-45.127,15.934
yaw355_pitch-040,355,-40,14.694,-38.995,19.694
yaw355_pitch-035,355,-35,16.252,-33.736,21.252
yaw355_pitch-030,355,-30,13.628,-31.372,18.628
yaw355_pitch-025,355,-25,13.769,-25.713,18.769
yaw355_pitch-020,355,-20,9.631,-22.925,14.631
yaw355_pitch-015,355,-15,6.966,-22.999,11.966
yaw355_pitch-010,355,-10,3.546,-20.792,8.546
yaw355_pitch-005,355,-5,1.556,-16.701,6.556
yaw355_pitch+000,355,0,1.463,-11.126,6.463
yaw355_pitch+005,355,5,356.143,-4.565,1.143
yaw355_pitch+010,355,10,359.195,0.692,4.195
yaw355_pitch+015,355,15,359.603,2.699,4.603
yaw355_pitch+020,355,20,3.394,8.557,8.394
yaw355_pitch+025,355,25,1.958,13.380,6.958
yaw355_pitch+030,355,30,1.092,18.802,6.092
yaw355_pitch+035,355,35,6.923,23.879,11.923
yaw355_pitch+040,355,40,11.302,29.182,16.302
yaw355_pitch+045,355,45,8.390,33.347,13.390
yaw355_pitch+050,355,50,5.164,39.029,10.164
yaw355_pitch+055,355,55,1.690,46.460,6.690
yaw355_pitch+060,355,60,358.061,54.758,3.061
yaw355_pitch+065,355,65,350.309,63.239,4.691
yaw355_pitch+070,355,70,347.660,64.962,7.340
yaw355_pitch+075,355,75,338.489,71.029,16.511
yaw355_pitch+080,355,80,335.494,76.251,19.506
yaw355_pitch+085,355,85,337.045,82.766,17.955
yaw355_pitch+090,355,90,336.929,86.058,18.071
