record_id,yaw_true,pitch_true,yaw_pred,pitch_pred,yaw_err
yaw000_pitch-090,0,-90,6.320,-71.790,6.320
yaw000_pitch-085,0,-85,5.456,-74.365,5.456
yaw000_pitch-080,0,-80,4.682,-73.992,4.682
yaw000_pitch-075,0,-75,5.519,-68.961,5.519
yaw000_pitch-070,0,-70,8.013,-63.765,8.013
yaw000_pitch-065,0,-65,9.911,-57.154,9.911
yaw000_pitch-060,0,-60,11.208,-50.992,11.208
yaw000_pitch-055,0,-55,12.685,-49.572,12.685
yaw000_pitch-050,0,-50,11.596,-46.195,11.596
yaw000_pitch-045,0,-45,11.171,-47.251,11.171
yaw000_pitch-040,0,-40,11.643,-44.167,11.643
yaw000_pitch-035,0,-35,13.776,-41.701,13.776
yaw000_pitch-030,0,-30,15.828,-36.202,15.828
yaw000_pitch-025,0,-25,22.708,-40.978,22.708
yaw000_pitch-020,0,-20,0.586,-33.108,0.586
yaw000_pitch-015,0,-15,7.557,-32.110,7.557
yaw000_pitch-010,0,-10,1.459,-31.209,1.459
yaw000_pitch-005,0,-5,6.049,-26.654,6.049
yaw000_pitch+000,0,0,6.147,-12.389,6.147
yaw000_pitch+005,0,5,12.762,0.118,12.762
yaw000_pitch+010,0,10,10.884,7.206,10.884
yaw000_pitch+015,0,15,19.827,9.550,19.827
yaw000_pitch+020,0,20,17.672,12.691,17.672
yaw000_pitch+025,0,25,25.015,21.906,25.015
yaw000_pitch+030,0,30,25.850,25.811,25.850
yaw000_pitch+035,0,35,23.664,29.097,23.664
yaw000_pitch+040,0,40,22.644,31.806,22.644
yaw000_pitch+045,0,45,15.581,33.109,15.581
yaw000_pitch+050,0,50,10.877,37.181,10.877
yaw000_pitch+055,0,55,11.561,44.975,11.561
yaw000_pitch+060,0,60,5.611,51.619,5.611
yaw000_pitch+065,0,65,6.559,60.006,6.559
yaw000_pitch+070,0,70,6.836,72.666,6.836
yaw000_pitch+075,0,75,13.891,88.726,13.891
yaw000_pitch+080,0,80,5.296,90.000,5.296
yaw000_pitch+085,0,85,357.602,90.000,2.398
yaw000_pitch+090,0,90,355.204,90.000,4.796
yaw005_pitch-090,5,-90,11.055,-68.086,6.055
yaw005_pitch-085,5,-85,13.437,-72.566,8.437
yaw005_pitch-080,5,-80,14.609,-75.255,9.609
yaw005_pitch-075,5,-75,13.282,-69.060,8.282
yaw005_pitch-070,5,-70,12.733,-63.662,7.733
yaw005_pitch-065,5,-65,12.363,-56.828,7.363
yaw005_pitch-060,5,-60,14.218,-51.261,9.218
yaw005_pitch-055,5,-55,16.425,-51.114,11.425
yaw005_pitch-050,5,-50,17.669,-49.530,12.669
yaw005_pitch-045,5,-45,16.144,-46.312,11.144
yaw005_pitch-040,5,-40,16.963,-47.343,11.963
yaw005_pitch-035,5,-35,16.220,-44.084,11.220
yaw005_pitch-030,5,-30,15.829,-42.906,10.829
yaw005_pitch-025,5,-25,14.052,-39.844,9.052
yaw005_pitch-020,5,-20,12.632,-36.196,7.632
yaw005_pitch-015,5,-15,11.382,-33.821,6.382
yaw005_pitch-010,5,-10,21.137,-33.620,16.137
yaw005_pitch-005,5,-5,15.406,-30.003,10.406
yaw005_pitch+000,5,0,7.964,-19.228,2.964
yaw005_pitch+005,5,5,14.833,-6.284,9.833
yaw005_pitch+010,5,10,16.375,2.533,11.375
yaw005_pitch+015,5,15,24.239,11.092,19.239
yaw005_pitch+020,5,20,29.530,17.082,24.530
yaw005_pitch+025,5,25,27.834,21.506,22.834
yaw005_pitch+030,5,30,27.776,25.485,22.776
yaw005_pitch+035,5,35,26.236,28.044,21.236
yaw005_pitch+040,5,40,26.234,31.904,21.234
yaw005_pitch+045,5,45,20.250,33.448,15.250
yaw005_pitch+050,5,50,13.188,36.656,8.188
yaw005_pitch+055,5,55,14.670,43.818,9.670
yaw005_pitch+060,5,60,7.696,49.317,2.696
yaw005_pitch+065,5,65,5.800,56.800,0.800
yaw005_pitch+070,5,70,7.178,72.903,2.178
yaw005_pitch+075,5,75,8.439,88.019,3.439
yaw005_pitch+080,5,80,6.570,90.000,1.570
yaw005_pitch+085,5,85,3.813,90.000,1.187
yaw005_pitch+090,5,90,2.605,90.000,2.395
yaw010_pitch-090,10,-90,18.938,-70.467,8.938
yaw010_pitch-085,10,-85,22.169,-72.494,12.169
yaw010_pitch-080,10,-80,20.020,-73.914,10.020
yaw010_pitch-075,10,-75,20.772,-73.067,10.772
yaw010_pitch-070,10,-70,18.901,-64.016,8.901
yaw010_pitch-065,10,-65,18.263,-58.406,8.263
yaw010_pitch-060,10,-60,18.570,-52.946,8.570
yaw010_pitch-055,10,-55,19.670,-48.373,9.670
yaw010_pitch-050,10,-50,20.742,-49.922,10.742
yaw010_pitch-045,10,-45,19.291,-46.139,9.291
yaw010_pitch-040,10,-40,19.152,-45.208,9.152
yaw010_pitch-035,10,-35,19.609,-44.702,9.609
yaw010_pitch-030,10,-30,17.852,-41.675,7.852
yaw010_pitch-025,10,-25,16.861,-43.673,6.861
yaw010_pitch-020,10,-20,14.859,-42.579,4.859
yaw010_pitch-015,10,-15,13.846,-37.748,3.846
yaw010_pitch-010,10,-10,14.533,-34.423,4.533
yaw010_pitch-005,10,-5,16.040,-31.812,6.040
yaw010_pitch+000,10,0,19.187,-23.717,9.187
yaw010_pitch+005,10,5,25.347,-2.705,15.347
yaw010_pitch+010,10,10,35.058,3.315,25.058
yaw010_pitch+015,10,15,33.748,14.315,23.748
yaw010_pitch+020,10,20,32.857,18.847,22.857
yaw010_pitch+025,10,25,29.284,22.618,19.284
yaw010_pitch+030,10,30,28.950,26.152,18.950
yaw010_pitch+035,10,35,27.888,27.916,17.888
yaw010_pitch+040,10,40,29.224,32.639,19.224
yaw010_pitch+045,10,45,22.783,33.735,12.783
yaw010_pitch+050,10,50,16.689,36.955,6.689
yaw010_pitch+055,10,55,14.936,42.501,4.936
yaw010_pitch+060,10,60,16.017,49.688,6.017
yaw010_pitch+065,10,65,8.434,57.606,1.566
yaw010_pitch+070,10,70,9.918,70.595,0.082
yaw010_pitch+075,10,75,15.039,89.228,5.039
yaw010_pitch+080,10,80,10.919,90.000,0.919
yaw010_pitch+085,10,85,6.199,90.000,3.801
yaw010_pitch+090,10,90,5.458,90.000,4.542
yaw015_pitch-090,15,-90,27.082,-73.139,12.082
yaw015_pitch-085,15,-85,27.696,-75.819,12.696
yaw015_pitch-080,15,-80,25.798,-73.740,10.798
yaw015_pitch-075,15,-75,24.844,-71.920,9.844
yaw015_pitch-070,15,-70,22.872,-65.304,7.872
yaw015_pitch-065,15,-65,20.744,-59.911,5.744
yaw015_pitch-060,15,-60,22.534,-53.184,7.534
yaw015_pitch-055,15,-55,22.498,-52.029,7.498
yaw015_pitch-050,15,-50,22.249,-48.141,7.249
yaw015_pitch-045,15,-45,24.528,-47.878,9.528
yaw015_pitch-040,15,-40,20.800,-46.352,5.800
yaw015_pitch-035,15,-35,22.960,-46.141,7.960
yaw015_pitch-030,15,-30,20.656,-46.961,5.656
yaw015_pitch-025,15,-25,23.300,-46.711,8.300
yaw015_pitch-020,15,-20,20.611,-45.798,5.611
yaw015_pitch-015,15,-15,17.880,-39.019,2.880
yaw015_pitch-010,15,-10,17.412,-36.045,2.412
yaw015_pitch-005,15,-5,21.343,-34.115,6.343
yaw015_pitch+000,15,0,25.938,-24.862,10.938
yaw015_pitch+005,15,5,27.798,-4.047,12.798
yaw015_pitch+010,15,10,28.501,4.523,13.501
yaw015_pitch+015,15,15,33.368,12.190,18.368
yaw015_pitch+020,15,20,34.469,15.973,19.469
yaw015_pitch+025,15,25,32.942,22.301,17.942
yaw015_pitch+030,15,30,34.217,25.411,19.217
yaw015_pitch+035,15,35,35.726,29.759,20.726
yaw015_pitch+040,15,40,32.617,33.097,17.617
yaw015_pitch+045,15,45,28.351,35.139,13.351
yaw015_pitch+050,15,50,18.586,38.184,3.586
yaw015_pitch+055,15,55,16.392,43.664,1.392
yaw015_pitch+060,15,60,16.515,49.308,1.515
yaw015_pitch+065,15,65,10.076,56.310,4.924
yaw015_pitch+070,15,70,8.181,68.284,6.819
yaw015_pitch+075,15,75,16.347,89.816,1.347
yaw015_pitch+080,15,80,13.427,90.000,1.573
yaw015_pitch+085,15,85,7.390,90.000,7.610
yaw015_pitch+090,15,90,1.852,90.000,13.148
yaw020_pitch-090,20,-90,33.771,-74.081,13.771
yaw020_pitch-085,20,-85,31.528,-73.890,11.528
yaw020_pitch-080,20,-80,31.971,-77.324,11.971
yaw020_pitch-075,20,-75,28.763,-71.868,8.763
yaw020_pitch-070,20,-70,26.841,-64.222,6.841
yaw020_pitch-065,20,-65,25.158,-63.512,5.158
yaw020_pitch-060,20,-60,24.146,-52.420,4.146
yaw020_pitch-055,20,-55,27.276,-51.974,7.276
yaw020_pitch-050,20,-50,27.092,-48.145,7.092
yaw020_pitch-045,20,-45,27.999,-48.459,7.999
yaw020_pitch-040,20,-40,25.962,-47.384,5.962
yaw020_pitch-035,20,-35,25.847,-47.532,5.847
yaw020_pitch-030,20,-30,26.509,-46.124,6.509
yaw020_pitch-025,20,-25,25.950,-48.839,5.950
yaw020_pitch-020,20,-20,25.360,-45.677,5.360
yaw020_pitch-015,20,-15,23.159,-42.949,3.159
yaw020_pitch-010,20,-10,19.647,-36.973,0.353
yaw020_pitch-005,20,-5,23.915,-35.219,3.915
yaw020_pitch+000,20,0,27.450,-26.841,7.450
yaw020_pitch+005,20,5,29.070,-5.927,9.070
yaw020_pitch+010,20,10,31.908,9.586,11.908
yaw020_pitch+015,20,15,34.805,14.039,14.805
yaw020_pitch+020,20,20,35.715,16.548,15.715
yaw020_pitch+025,20,25,33.634,22.176,13.634
yaw020_pitch+030,20,30,34.170,24.496,14.170
yaw020_pitch+035,20,35,33.662,27.743,13.662
yaw020_pitch+040,20,40,35.415,29.403,15.415
yaw020_pitch+045,20,45,27.919,33.410,7.919
yaw020_pitch+050,20,50,21.799,38.790,1.799
yaw020_pitch+055,20,55,23.353,45.606,3.353
yaw020_pitch+060,20,60,19.389,50.428,0.611
yaw020_pitch+065,20,65,16.726,56.796,3.274
yaw020_pitch+070,20,70,14.009,71.387,5.991
yaw020_pitch+075,20,75,19.940,89.508,0.060
yaw020_pitch+080,20,80,14.873,90.000,5.127
yaw020_pitch+085,20,85,8.734,90.000,11.266
yaw020_pitch+090,20,90,1.252,90.000,18.748
yaw025_pitch-090,25,-90,38.013,-77.804,13.013
yaw025_pitch-085,25,-85,37.024,-79.986,12.024
yaw025_pitch-080,25,-80,36.093,-78.202,11.093
yaw025_pitch-075,25,-75,33.936,-72.905,8.936
yaw025_pitch-070,25,-70,29.800,-63.181,4.800
yaw025_pitch-065,25,-65,27.708,-60.336,2.708
yaw025_pitch-060,25,-60,27.271,-53.645,2.271
yaw025_pitch-055,25,-55,30.635,-52.448,5.635
yaw025_pitch-050,25,-50,30.966,-47.725,5.966
yaw025_pitch-045,25,-45,32.918,-48.530,7.918
yaw025_pitch-040,25,-40,31.887,-49.561,6.887
yaw025_pitch-035,25,-35,31.483,-49.167,6.483
yaw025_pitch-030,25,-30,30.515,-46.552,5.515
yaw025_pitch-025,25,-25,30.283,-48.655,5.283
yaw025_pitch-020,25,-20,29.000,-46.700,4.000
yaw025_pitch-015,25,-15,26.972,-44.861,1.972
yaw025_pitch-010,25,-10,23.410,-40.112,1.590
yaw025_pitch-005,25,-5,24.859,-38.383,0.141
yaw025_pitch+000,25,0,27.110,-32.662,2.110
yaw025_pitch+005,25,5,31.459,-8.120,6.459
yaw025_pitch+010,25,10,33.417,6.121,8.417
yaw025_pitch+015,25,15,34.414,12.775,9.414
yaw025_pitch+020,25,20,36.825,15.102,11.825
yaw025_pitch+025,25,25,34.870,20.653,9.870
yaw025_pitch+030,25,30,35.575,22.936,10.575
yaw025_pitch+035,25,35,34.516,25.443,9.516
yaw025_pitch+040,25,40,36.216,29.836,11.216
yaw025_pitch+045,25,45,29.987,32.108,4.987
yaw025_pitch+050,25,50,24.699,37.706,0.301
yaw025_pitch+055,25,55,24.027,45.678,0.973
yaw025_pitch+060,25,60,23.208,50.988,1.792
yaw025_pitch+065,25,65,16.645,59.545,8.355
yaw025_pitch+070,25,70,11.988,73.649,13.012
yaw025_pitch+075,25,75,14.924,87.120,10.076
yaw025_pitch+080,25,80,18.978,90.000,6.022
yaw025_pitch+085,25,85,14.476,90.000,10.524
yaw025_pitch+090,25,90,5.185,90.000,19.815
yaw030_pitch-090,30,-90,44.716,-76.537,14.716
yaw030_pitch-085,30,-85,43.881,-80.873,13.881
yaw030_pitch-080,30,-80,39.951,-78.954,9.951
yaw030_pitch-075,30,-75,37.677,-74.394,7.677
yaw030_pitch-070,30,-70,34.771,-64.641,4.771
yaw030_pitch-065,30,-65,31.103,-51.462,1.103
yaw030_pitch-060,30,-60,32.234,-56.119,2.234
yaw030_pitch-055,30,-55,33.855,-49.332,3.855
yaw030_pitch-050,30,-50,35.847,-49.779,5.847
yaw030_pitch-045,30,-45,35.443,-48.523,5.443
yaw030_pitch-040,30,-40,35.507,-46.937,5.507
yaw030_pitch-035,30,-35,36.324,-52.160,6.324
yaw030_pitch-030,30,-30,35.025,-49.124,5.025
yaw030_pitch-025,30,-25,35.042,-50.063,5.042
yaw030_pitch-020,30,-20,33.022,-50.585,3.022
yaw030_pitch-015,30,-15,30.769,-44.463,0.769
yaw030_pitch-010,30,-10,26.776,-43.348,3.224
yaw030_pitch-005,30,-5,27.964,-39.181,2.036
yaw030_pitch+000,30,0,29.442,-33.964,0.558
yaw030_pitch+005,30,5,31.238,-17.238,1.238
yaw030_pitch+010,30,10,33.876,1.389,3.876
yaw030_pitch+015,30,15,35.234,11.921,5.234
yaw030_pitch+020,30,20,36.402,11.568,6.402
yaw030_pitch+025,30,25,37.137,19.337,7.137
yaw030_pitch+030,30,30,37.785,20.370,7.785
yaw030_pitch+035,30,35,36.163,22.260,6.163
yaw030_pitch+040,30,40,36.793,29.101,6.793
yaw030_pitch+045,30,45,31.819,32.506,1.819
yaw030_pitch+050,30,50,26.895,39.722,3.105
yaw030_pitch+055,30,55,26.698,48.759,3.302
yaw030_pitch+060,30,60,26.159,54.721,3.841
yaw030_pitch+065,30,65,22.094,61.746,7.906
yaw030_pitch+070,30,70,18.695,72.663,11.305
yaw030_pitch+075,30,75,21.130,89.215,8.870
yaw030_pitch+080,30,80,20.115,90.000,9.885
yaw030_pitch+085,30,85,17.038,90.000,12.962
yaw030_pitch+090,30,90,10.954,90.000,19.046
yaw035_pitch-090,35,-90,56.621,-71.026,21.621
yaw035_pitch-085,35,-85,50.288,-82.766,15.288
yaw035_pitch-080,35,-80,44.643,-79.663,9.643
yaw035_pitch-075,35,-75,41.081,-70.776,6.081
yaw035_pitch-070,35,-70,38.577,-62.795,3.577
yaw035_pitch-065,35,-65,38.888,-57.959,3.888
yaw035_pitch-060,35,-60,36.271,-58.271,1.271
yaw035_pitch-055,35,-55,36.800,-49.955,1.800
yaw035_pitch-050,35,-50,38.924,-51.359,3.924
yaw035_pitch-045,35,-45,39.927,-49.856,4.927
yaw035_pitch-040,35,-40,39.258,-49.522,4.258
yaw035_pitch-035,35,-35,39.069,-51.627,4.069
yaw035_pitch-030,35,-30,38.692,-50.940,3.692
yaw035_pitch-025,35,-25,37.606,-48.888,2.606
yaw035_pitch-020,35,-20,35.575,-47.741,0.575
yaw035_pitch-015,35,-15,34.541,-47.176,0.459
yaw035_pitch-010,35,-10,32.541,-43.774,2.459
yaw035_pitch-005,35,-5,32.313,-39.509,2.687
yaw035_pitch+000,35,0,33.183,-38.309,1.817
yaw035_pitch+005,35,5,32.228,-24.082,2.772
yaw035_pitch+010,35,10,33.252,-0.355,1.748
yaw035_pitch+015,35,15,34.061,7.965,0.939
yaw035_pitch+020,35,20,35.492,8.598,0.492
yaw035_pitch+025,35,25,35.765,12.434,0.765
yaw035_pitch+030,35,30,37.020,15.986,2.020
yaw035_pitch+035,35,35,36.674,22.512,1.674
yaw035_pitch+040,35,40,37.389,26.205,2.389
yaw035_pitch+045,35,45,33.042,30.469,1.958
yaw035_pitch+050,35,50,29.811,38.085,5.189
yaw035_pitch+055,35,55,28.527,49.832,6.473
yaw035_pitch+060,35,60,28.983,56.625,6.017
yaw035_pitch+065,35,65,26.189,62.838,8.811
yaw035_pitch+070,35,70,22.722,69.186,12.278
yaw035_pitch+075,35,75,27.126,90.000,7.874
yaw035_pitch+080,35,80,25.744,90.000,9.256
yaw035_pitch+085,35,85,21.777,90.000,13.223
yaw035_pitch+090,35,90,16.284,90.000,18.716
yaw040_pitch-090,40,-90,51.970,-74.728,11.970
yaw040_pitch-085,40,-85,52.939,-75.569,12.939
yaw040_pitch-080,40,-80,50.647,-78.792,10.647
yaw040_pitch-075,40,-75,47.936,-71.051,7.936
yaw040_pitch-070,40,-70,44.941,-66.451,4.941
yaw040_pitch-065,40,-65,42.779,-60.124,2.779
yaw040_pitch-060,40,-60,41.078,-57.960,1.078
yaw040_pitch-055,40,-55,42.145,-51.080,2.145
yaw040_pitch-050,40,-50,43.115,-50.001,3.115
yaw040_pitch-045,40,-45,43.591,-51.139,3.591
yaw040_pitch-040,40,-40,42.528,-51.920,2.528
yaw040_pitch-035,40,-35,42.712,-54.476,2.712
yaw040_pitch-030,40,-30,41.206,-52.754,1.206
yaw040_pitch-025,40,-25,39.607,-49.051,0.393
yaw040_pitch-020,40,-20,38.761,-47.200,1.239
yaw040_pitch-015,40,-15,38.036,-46.282,1.964
yaw040_pitch-010,40,-10,38.379,-42.999,1.621
yaw040_pitch-005,40,-5,37.758,-38.877,2.242
yaw040_pitch+000,40,0,37.310,-36.503,2.690
yaw040_pitch+005,40,5,34.064,-24.024,5.936
yaw040_pitch+010,40,10,31.037,-5.761,8.963
yaw040_pitch+015,40,15,35.488,4.415,4.512
yaw040_pitch+020,40,20,35.411,6.866,4.589
yaw040_pitch+025,40,25,37.281,7.357,2.719
yaw040_pitch+030,40,30,37.904,15.566,2.096
yaw040_pitch+035,40,35,36.485,20.758,3.515
yaw040_pitch+040,40,40,37.241,27.507,2.759
yaw040_pitch+045,40,45,34.343,29.100,5.657
yaw040_pitch+050,40,50,30.720,36.928,9.280
yaw040_pitch+055,40,55,31.545,48.339,8.455
yaw040_pitch+060,40,60,27.295,56.156,12.705
yaw040_pitch+065,40,65,27.621,61.526,12.379
yaw040_pitch+070,40,70,27.609,71.621,12.391
yaw040_pitch+075,40,75,29.748,88.107,10.252
yaw040_pitch+080,40,80,28.286,90.000,11.714
yaw040_pitch+085,40,85,27.405,90.000,12.595
yaw040_pitch+090,40,90,20.796,90.000,19.204
yaw045_pitch-090,45,-90,52.307,-72.600,7.307
yaw045_pitch-085,45,-85,53.757,-70.617,8.757
yaw045_pitch-080,45,-80,54.119,-76.404,9.119
yaw045_pitch-075,45,-75,50.007,-70.127,5.007
yaw045_pitch-070,45,-70,47.532,-66.104,2.532
yaw045_pitch-065,45,-65,47.032,-61.664,2.032
yaw045_pitch-060,45,-60,46.005,-54.699,1.005
yaw045_pitch-055,45,-55,45.640,-53.542,0.640
yaw045_pitch-050,45,-50,46.517,-52.668,1.517
yaw045_pitch-045,45,-45,46.616,-52.087,1.616
yaw045_pitch-040,45,-40,45.748,-49.951,0.748
yaw045_pitch-035,45,-35,45.329,-50.612,0.329
yaw045_pitch-030,45,-30,44.597,-47.040,0.403
yaw045_pitch-025,45,-25,42.760,-46.529,2.240
yaw045_pitch-020,45,-20,42.097,-46.476,2.903
yaw045_pitch-015,45,-15,42.892,-43.760,2.108
yaw045_pitch-010,45,-10,43.217,-44.242,1.783
yaw045_pitch-005,45,-5,42.557,-40.911,2.443
yaw045_pitch+000,45,0,41.164,-39.120,3.836
yaw045_pitch+005,45,5,37.223,-28.909,7.777
yaw045_pitch+010,45,10,35.841,-10.301,9.159
yaw045_pitch+015,45,15,34.467,2.557,10.533
yaw045_pitch+020,45,20,36.454,4.430,8.546
yaw045_pitch+025,45,25,37.911,2.415,7.089
yaw045_pitch+030,45,30,37.136,14.832,7.864
yaw045_pitch+035,45,35,37.534,19.942,7.466
yaw045_pitch+040,45,40,38.164,25.047,6.836
yaw045_pitch+045,45,45,35.108,29.460,9.892
yaw045_pitch+050,45,50,32.878,36.891,12.122
yaw045_pitch+055,45,55,33.900,52.035,11.100
yaw045_pitch+060,45,60,32.459,58.112,12.541
yaw045_pitch+065,45,65,29.318,61.764,15.682
yaw045_pitch+070,45,70,31.678,69.313,13.322
yaw045_pitch+075,45,75,31.792,84.350,13.208
yaw045_pitch+080,45,80,30.237,90.000,14.763
yaw045_pitch+085,45,85,28.058,90.000,16.942
yaw045_pitch+090,45,90,24.180,90.000,20.820
yaw050_pitch-090,50,-90,62.483,-65.361,12.483
yaw050_pitch-085,50,-85,61.499,-72.294,11.499
yaw050_pitch-080,50,-80,58.656,-76.906,8.656
yaw050_pitch-075,50,-75,52.939,-77.042,2.939
yaw050_pitch-070,50,-70,52.781,-68.595,2.781
yaw050_pitch-065,50,-65,50.477,-62.450,0.477
yaw050_pitch-060,50,-60,48.004,-59.450,1.996
yaw050_pitch-055,50,-55,51.407,-56.002,1.407
yaw050_pitch-050,50,-50,49.901,-54.218,0.099
yaw050_pitch-045,50,-45,49.436,-51.778,0.564
yaw050_pitch-040,50,-40,48.538,-52.194,1.462
yaw050_pitch-035,50,-35,47.657,-49.387,2.343
yaw050_pitch-030,50,-30,47.904,-45.335,2.096
yaw050_pitch-025,50,-25,46.914,-47.312,3.086
yaw050_pitch-020,50,-20,45.185,-47.223,4.815
yaw050_pitch-015,50,-15,45.975,-47.328,4.025
yaw050_pitch-010,50,-10,45.925,-42.214,4.075
yaw050_pitch-005,50,-5,45.968,-40.424,4.032
yaw050_pitch+000,50,0,44.989,-40.305,5.011
yaw050_pitch+005,50,5,42.292,-32.605,7.708
yaw050_pitch+010,50,10,39.533,-11.589,10.467
yaw050_pitch+015,50,15,38.660,0.690,11.340
yaw050_pitch+020,50,20,37.768,0.500,12.232
yaw050_pitch+025,50,25,38.320,-1.138,11.680
yaw050_pitch+030,50,30,36.926,10.648,13.074
yaw050_pitch+035,50,35,37.879,16.930,12.121
yaw050_pitch+040,50,40,37.625,22.728,12.375
yaw050_pitch+045,50,45,36.050,26.793,13.950
yaw050_pitch+050,50,50,35.096,37.648,14.904
yaw050_pitch+055,50,55,35.211,47.382,14.789
yaw050_pitch+060,50,60,33.574,55.694,16.426
yaw050_pitch+065,50,65,31.746,61.918,18.254
yaw050_pitch+070,50,70,33.236,65.285,16.764
yaw050_pitch+075,50,75,34.743,82.004,15.257
yaw050_pitch+080,50,80,31.128,87.721,18.872
yaw050_pitch+085,50,85,31.258,90.000,18.742
yaw050_pitch+090,50,90,24.209,90.000,25.791
yaw055_pitch-090,55,-90,73.025,-65.395,18.025
yaw055_pitch-085,55,-85,64.920,-76.920,9.920
yaw055_pitch-080,55,-80,60.011,-81.213,5.011
yaw055_pitch-075,55,-75,55.771,-75.827,0.771
yaw055_pitch-070,55,-70,52.984,-71.854,2.016
yaw055_pitch-065,55,-65,52.917,-64.559,2.083
yaw055_pitch-060,55,-60,52.741,-60.934,2.259
yaw055_pitch-055,55,-55,53.472,-54.013,1.528
yaw055_pitch-050,55,-50,52.957,-53.525,2.043
yaw055_pitch-045,55,-45,52.973,-49.328,2.027
yaw055_pitch-040,55,-40,53.952,-49.022,1.048
yaw055_pitch-035,55,-35,53.769,-46.597,1.231
yaw055_pitch-030,55,-30,52.778,-43.258,2.222
yaw055_pitch-025,55,-25,51.665,-45.135,3.335
yaw055_pitch-020,55,-20,50.382,-47.504,4.618
yaw055_pitch-015,55,-15,48.531,-47.614,6.469
yaw055_pitch-010,55,-10,49.320,-45.582,5.680
yaw055_pitch-005,55,-5,50.815,-41.383,4.185
yaw055_pitch+000,55,0,50.006,-38.476,4.994
yaw055_pitch+005,55,5,49.424,-30.713,5.576
yaw055_pitch+010,55,10,47.108,-10.320,7.892
yaw055_pitch+015,55,15,44.256,-2.581,10.744
yaw055_pitch+020,55,20,40.671,0.001,14.329
yaw055_pitch+025,55,25,40.328,-3.520,14.672
yaw055_pitch+030,55,30,37.741,9.320,17.259
yaw055_pitch+035,55,35,36.608,15.068,18.392
yaw055_pitch+040,55,40,35.956,20.983,19.044
yaw055_pitch+045,55,45,34.957,29.124,20.043
yaw055_pitch+050,55,50,36.460,38.451,18.540
yaw055_pitch+055,55,55,36.345,50.044,18.655
yaw055_pitch+060,55,60,34.142,52.682,20.858
yaw055_pitch+065,55,65,33.278,54.743,21.722
yaw055_pitch+070,55,70,36.122,62.761,18.878
yaw055_pitch+075,55,75,36.100,76.717,18.900
yaw055_pitch+080,55,80,34.643,87.003,20.357
yaw055_pitch+085,55,85,33.900,90.000,21.100
yaw055_pitch+090,55,90,31.381,90.000,23.619
yaw060_pitch-090,60,-90,75.202,-68.716,15.202
yaw060_pitch-085,60,-85,70.053,-74.281,10.053
yaw060_pitch-080,60,-80,65.084,-80.656,5.084
yaw060_pitch-075,60,-75,58.867,-75.444,1.133
yaw060_pitch-070,60,-70,57.022,-68.318,2.978
yaw060_pitch-065,60,-65,56.860,-62.761,3.140
yaw060_pitch-060,60,-60,57.746,-57.653,2.254
yaw060_pitch-055,60,-55,57.043,-55.311,2.957
yaw060_pitch-050,60,-50,57.813,-51.222,2.187
yaw060_pitch-045,60,-45,56.575,-51.655,3.425
yaw060_pitch-040,60,-40,56.413,-50.659,3.587
yaw060_pitch-035,60,-35,55.554,-50.432,4.446
yaw060_pitch-030,60,-30,55.088,-48.149,4.912
yaw060_pitch-025,60,-25,54.849,-49.700,5.151
yaw060_pitch-020,60,-20,53.702,-48.345,6.298
yaw060_pitch-015,60,-15,55.260,-45.995,4.740
yaw060_pitch-010,60,-10,53.298,-43.930,6.702
yaw060_pitch-005,60,-5,53.580,-39.581,6.420
yaw060_pitch+000,60,0,54.008,-33.144,5.992
yaw060_pitch+005,60,5,55.551,-26.912,4.449
yaw060_pitch+010,60,10,55.829,-10.277,4.171
yaw060_pitch+015,60,15,53.623,-3.975,6.377
yaw060_pitch+020,60,20,46.008,-0.592,13.992
yaw060_pitch+025,60,25,42.367,-3.960,17.633
yaw060_pitch+030,60,30,38.472,7.848,21.528
yaw060_pitch+035,60,35,36.955,12.909,23.045
yaw060_pitch+040,60,40,35.356,20.917,24.644
yaw060_pitch+045,60,45,34.310,27.566,25.690
yaw060_pitch+050,60,50,36.381,36.290,23.619
yaw060_pitch+055,60,55,36.804,48.711,23.196
yaw060_pitch+060,60,60,34.622,45.667,25.378
yaw060_pitch+065,60,65,37.995,48.781,22.005
yaw060_pitch+070,60,70,39.292,56.512,20.708
yaw060_pitch+075,60,75,39.172,72.087,20.828
yaw060_pitch+080,60,80,38.800,84.041,21.200
yaw060_pitch+085,60,85,38.829,90.000,21.171
yaw060_pitch+090,60,90,38.248,90.000,21.752
yaw065_pitch-090,65,-90,77.607,-71.620,12.607
yaw065_pitch-085,65,-85,76.350,-76.248,11.350
yaw065_pitch-080,65,-80,69.531,-81.090,4.531
yaw065_pitch-075,65,-75,66.473,-75.829,1.473
yaw065_pitch-070,65,-70,69.640,-65.995,4.640
yaw065_pitch-065,65,-65,62.858,-61.549,2.142
yaw065_pitch-060,65,-60,60.802,-57.274,4.198
yaw065_pitch-055,65,-55,61.577,-54.821,3.423
yaw065_pitch-050,65,-50,60.519,-52.406,4.481
yaw065_pitch-045,65,-45,61.552,-53.571,3.448
yaw065_pitch-040,65,-40,60.555,-51.317,4.445
yaw065_pitch-035,65,-35,61.295,-49.272,3.705
yaw065_pitch-030,65,-30,65.357,-47.571,0.357
yaw065_pitch-025,65,-25,61.396,-47.352,3.604
yaw065_pitch-020,65,-20,56.489,-46.503,8.511
yaw065_pitch-015,65,-15,56.723,-46.255,8.277
yaw065_pitch-010,65,-10,56.917,-42.083,8.083
yaw065_pitch-005,65,-5,56.715,-37.965,8.285
yaw065_pitch+000,65,0,57.701,-34.618,7.299
yaw065_pitch+005,65,5,61.268,-20.505,3.732
yaw065_pitch+010,65,10,58.263,-6.037,6.737
yaw065_pitch+015,65,15,56.314,-0.814,8.686
yaw065_pitch+020,65,20,50.267,1.599,14.733
yaw065_pitch+025,65,25,46.536,-1.918,18.464
yaw065_pitch+030,65,30,42.098,4.556,22.902
yaw065_pitch+035,65,35,39.990,12.464,25.010
yaw065_pitch+040,65,40,37.246,18.003,27.754
yaw065_pitch+045,65,45,38.047,28.095,26.953
yaw065_pitch+050,65,50,38.575,32.772,26.425
yaw065_pitch+055,65,55,38.481,40.704,26.519
yaw065_pitch+060,65,60,37.867,40.075,27.133
yaw065_pitch+065,65,65,40.646,48.203,24.354
yaw065_pitch+070,65,70,43.074,54.037,21.926
yaw065_pitch+075,65,75,46.871,66.966,18.129
yaw065_pitch+080,65,80,45.420,77.395,19.580
yaw065_pitch+085,65,85,46.021,87.945,18.979
yaw065_pitch+090,65,90,45.206,90.000,19.794
yaw070_pitch-090,70,-90,83.604,-71.348,13.604
yaw070_pitch-085,70,-85,79.901,-74.278,9.901
yaw070_pitch-080,70,-80,78.417,-78.164,8.417
yaw070_pitch-075,70,-75,72.006,-76.298,2.006
yaw070_pitch-070,70,-70,75.466,-64.382,5.466
yaw070_pitch-065,70,-65,70.505,-62.585,0.505
yaw070_pitch-060,70,-60,67.409,-60.017,2.591
yaw070_pitch-055,70,-55,70.060,-59.755,0.060
yaw070_pitch-050,70,-50,68.205,-52.716,1.795
yaw070_pitch-045,70,-45,69.313,-51.989,0.687
yaw070_pitch-040,70,-40,67.377,-50.152,2.623
yaw070_pitch-035,70,-35,66.536,-49.974,3.464
yaw070_pitch-030,70,-30,67.202,-49.848,2.798
yaw070_pitch-025,70,-25,65.407,-47.671,4.593
yaw070_pitch-020,70,-20,65.428,-45.541,4.572
yaw070_pitch-015,70,-15,61.754,-44.984,8.246
yaw070_pitch-010,70,-10,65.416,-42.126,4.584
yaw070_pitch-005,70,-5,70.282,-35.140,0.282
yaw070_pitch+000,70,0,60.108,-31.885,9.892
yaw070_pitch+005,70,5,68.937,-20.384,1.063
yaw070_pitch+010,70,10,66.361,-3.549,3.639
yaw070_pitch+015,70,15,61.064,0.479,8.936
yaw070_pitch+020,70,20,58.256,4.208,11.744
yaw070_pitch+025,70,25,54.100,0.643,15.900
yaw070_pitch+030,70,30,47.474,9.327,22.526
yaw070_pitch+035,70,35,44.335,13.810,25.665
yaw070_pitch+040,70,40,41.794,19.422,28.206
yaw070_pitch+045,70,45,44.482,27.945,25.518
yaw070_pitch+050,70,50,43.588,32.058,26.412
yaw070_pitch+055,70,55,44.879,29.812,25.121
yaw070_pitch+060,70,60,41.010,38.258,28.990
yaw070_pitch+065,70,65,45.924,41.996,24.076
yaw070_pitch+070,70,70,46.743,48.144,23.257
yaw070_pitch+075,70,75,49.586,61.121,20.414
yaw070_pitch+080,70,80,47.152,72.549,22.848
yaw070_pitch+085,70,85,46.694,85.958,23.306
yaw070_pitch+090,70,90,46.166,90.000,23.834
yaw075_pitch-090,75,-90,84.309,-69.753,9.309
yaw075_pitch-085,75,-85,83.800,-70.715,8.800
yaw075_pitch-080,75,-80,80.793,-74.449,5.793
yaw075_pitch-075,75,-75,85.378,-74.447,10.378
yaw075_pitch-070,75,-70,83.135,-67.563,8.135
yaw075_pitch-065,75,-65,82.465,-62.544,7.465
yaw075_pitch-060,75,-60,83.007,-59.459,8.007
yaw075_pitch-055,75,-55,79.278,-55.931,4.278
yaw075_pitch-050,75,-50,79.711,-52.175,4.711
yaw075_pitch-045,75,-45,76.628,-50.433,1.628
yaw075_pitch-040,75,-40,75.414,-50.141,0.414
yaw075_pitch-035,75,-35,74.540,-49.844,0.460
yaw075_pitch-030,75,-30,77.222,-48.052,2.222
yaw075_pitch-025,75,-25,72.549,-46.665,2.451
yaw075_pitch-020,75,-20,67.392,-47.220,7.608
yaw075_pitch-015,75,-15,67.218,-43.245,7.782
yaw075_pitch-010,75,-10,71.571,-40.070,3.429
yaw075_pitch-005,75,-5,70.989,-35.289,4.011
yaw075_pitch+000,75,0,69.256,-33.230,5.744
yaw075_pitch+005,75,5,67.965,-18.027,7.035
yaw075_pitch+010,75,10,73.145,-2.681,1.855
yaw075_pitch+015,75,15,71.823,3.373,3.177
yaw075_pitch+020,75,20,66.236,3.795,8.764
yaw075_pitch+025,75,25,57.296,5.672,17.704
yaw075_pitch+030,75,30,52.232,6.262,22.768
yaw075_pitch+035,75,35,53.580,16.318,21.420
yaw075_pitch+040,75,40,51.210,17.820,23.790
yaw075_pitch+045,75,45,49.375,18.733,25.625
yaw075_pitch+050,75,50,49.306,23.749,25.694
yaw075_pitch+055,75,55,51.848,29.160,23.152
yaw075_pitch+060,75,60,47.548,34.461,27.452
yaw075_pitch+065,75,65,54.132,39.355,20.868
yaw075_pitch+070,75,70,55.224,47.172,19.776
yaw075_pitch+075,75,75,56.608,55.258,18.392
yaw075_pitch+080,75,80,51.380,70.719,23.620
yaw075_pitch+085,75,85,47.938,83.392,27.062
yaw075_pitch+090,75,90,47.425,90.000,27.575
yaw080_pitch-090,80,-90,89.608,-68.576,9.608
yaw080_pitch-085,80,-85,89.543,-73.940,9.543
yaw080_pitch-080,80,-80,93.938,-73.840,13.938
yaw080_pitch-075,80,-75,90.905,-76.086,10.905
yaw080_pitch-070,80,-70,96.596,-66.194,16.596
yaw080_pitch-065,80,-65,91.090,-62.790,11.090
yaw080_pitch-060,80,-60,88.132,-59.157,8.132
yaw080_pitch-055,80,-55,85.961,-54.867,5.961
yaw080_pitch-050,80,-50,81.874,-52.068,1.874
yaw080_pitch-045,80,-45,80.295,-50.081,0.295
yaw080_pitch-040,80,-40,83.864,-46.334,3.864
yaw080_pitch-035,80,-35,83.090,-48.119,3.090
yaw080_pitch-030,80,-30,82.870,-48.698,2.870
yaw080_pitch-025,80,-25,76.535,-45.064,3.465
yaw080_pitch-020,80,-20,72.854,-44.648,7.146
yaw080_pitch-015,80,-15,74.200,-45.070,5.800
yaw080_pitch-010,80,-10,81.176,-40.760,1.176
yaw080_pitch-005,80,-5,81.475,-33.760,1.475
yaw080_pitch+000,80,0,80.113,-26.984,0.113
yaw080_pitch+005,80,5,82.967,-10.771,2.967
yaw080_pitch+010,80,10,94.139,-3.204,14.139
yaw080_pitch+015,80,15,81.464,5.387,1.464
yaw080_pitch+020,80,20,75.289,8.989,4.711
yaw080_pitch+025,80,25,64.350,7.526,15.650
yaw080_pitch+030,80,30,62.851,9.007,17.149
yaw080_pitch+035,80,35,55.574,6.726,24.426
yaw080_pitch+040,80,40,56.231,9.401,23.769
yaw080_pitch+045,80,45,67.954,20.443,12.046
yaw080_pitch+050,80,50,59.641,21.105,20.359
yaw080_pitch+055,80,55,55.200,24.860,24.800
yaw080_pitch+060,80,60,58.127,33.443,21.873
yaw080_pitch+065,80,65,69.139,38.878,10.861
yaw080_pitch+070,80,70,71.987,44.435,8.013
yaw080_pitch+075,80,75,66.462,52.786,13.538
yaw080_pitch+080,80,80,61.314,65.960,18.686
yaw080_pitch+085,80,85,53.194,79.162,26.806
yaw080_pitch+090,80,90,51.067,90.000,28.933
yaw085_pitch-090,85,-90,98.083,-71.607,13.083
yaw085_pitch-085,85,-85,100.744,-71.586,15.744
yaw085_pitch-080,85,-80,105.142,-73.273,20.142
yaw085_pitch-075,85,-75,103.473,-73.270,18.473
yaw085_pitch-070,85,-70,101.701,-67.984,16.701
yaw085_pitch-065,85,-65,97.723,-59.428,12.723
yaw085_pitch-060,85,-60,90.469,-57.847,5.469
yaw085_pitch-055,85,-55,92.963,-52.984,7.963
yaw085_pitch-050,85,-50,90.125,-50.145,5.125
yaw085_pitch-045,85,-45,88.381,-49.219,3.381
yaw085_pitch-040,85,-40,89.387,-47.925,4.387
yaw085_pitch-035,85,-35,91.937,-47.892,6.937
yaw085_pitch-030,85,-30,88.474,-45.349,3.474
yaw085_pitch-025,85,-25,88.011,-45.555,3.011
yaw085_pitch-020,85,-20,85.717,-43.225,0.717
yaw085_pitch-015,85,-15,78.790,-43.481,6.210
yaw085_pitch-010,85,-10,81.720,-36.113,3.280
yaw085_pitch-005,85,-5,89.305,-26.466,4.305
yaw085_pitch+000,85,0,92.090,-23.899,7.090
yaw085_pitch+005,85,5,90.843,-7.421,5.843
yaw085_pitch+010,85,10,90.439,3.041,5.439
yaw085_pitch+015,85,15,91.413,9.067,6.413
yaw085_pitch+020,85,20,70.656,2.502,14.344
yaw085_pitch+025,85,25,74.707,3.302,10.293
yaw085_pitch+030,85,30,65.237,4.402,19.763
yaw085_pitch+035,85,35,70.662,12.030,14.338
yaw085_pitch+040,85,40,71.792,14.264,13.208
yaw085_pitch+045,85,45,73.072,20.298,11.928
yaw085_pitch+050,85,50,73.308,27.053,11.692
yaw085_pitch+055,85,55,69.562,25.386,15.438
yaw085_pitch+060,85,60,77.036,33.762,7.964
yaw085_pitch+065,85,65,79.886,39.531,5.114
yaw085_pitch+070,85,70,86.346,45.831,1.346
yaw085_pitch+075,85,75,87.643,56.490,2.643
yaw085_pitch+080,85,80,76.595,66.952,8.405
yaw085_pitch+085,85,85,63.400,77.195,21.600
yaw085_pitch+090,85,90,72.271,90.000,12.729
yaw090_pitch-090,90,-90,97.893,-69.927,7.893
yaw090_pitch-085,90,-85,107.453,-70.654,17.453
yaw090_pitch-080,90,-80,108.440,-75.071,18.440
yaw090_pitch-075,90,-75,108.248,-73.094,18.248
yaw090_pitch-070,90,-70,104.749,-69.738,14.749
yaw090_pitch-065,90,-65,102.061,-64.014,12.061
yaw090_pitch-060,90,-60,99.865,-58.526,9.865
yaw090_pitch-055,90,-55,101.225,-53.062,11.225
yaw090_pitch-050,90,-50,99.210,-51.012,9.210
yaw090_pitch-045,90,-45,100.073,-46.264,10.073
yaw090_pitch-040,90,-40,101.498,-46.616,11.498
yaw090_pitch-035,90,-35,103.211,-46.871,13.211
yaw090_pitch-030,90,-30,104.593,-44.895,14.593
yaw090_pitch-025,90,-25,95.806,-44.207,5.806
yaw090_pitch-020,90,-20,96.993,-44.739,6.993
yaw090_pitch-015,90,-15,92.752,-43.781,2.752
yaw090_pitch-010,90,-10,94.255,-37.154,4.255
yaw090_pitch-005,90,-5,96.586,-26.149,6.586
yaw090_pitch+000,90,0,98.041,-20.505,8.041
yaw090_pitch+005,90,5,105.156,-8.713,15.156
yaw090_pitch+010,90,10,99.490,1.370,9.490
yaw090_pitch+015,90,15,89.972,3.928,0.028
yaw090_pitch+020,90,20,77.560,1.438,12.440
yaw090_pitch+025,90,25,68.650,2.091,21.350
yaw090_pitch+030,90,30,77.608,7.103,12.392
yaw090_pitch+035,90,35,73.827,11.889,16.173
yaw090_pitch+040,90,40,81.610,17.047,8.390
yaw090_pitch+045,90,45,76.668,18.097,13.332
yaw090_pitch+050,90,50,64.849,19.602,25.151
yaw090_pitch+055,90,55,76.714,25.920,13.286
yaw090_pitch+060,90,60,80.388,31.366,9.612
yaw090_pitch+065,90,65,88.183,37.849,1.817
yaw090_pitch+070,90,70,92.556,45.079,2.556
yaw090_pitch+075,90,75,90.324,57.715,0.324
yaw090_pitch+080,90,80,82.221,65.482,7.779
yaw090_pitch+085,90,85,77.343,77.449,12.657
yaw090_pitch+090,90,90,84.856,88.478,5.144
yaw095_pitch-090,95,-90,104.227,-71.072,9.227
yaw095_pitch-085,95,-85,108.874,-71.816,13.874
yaw095_pitch-080,95,-80,112.188,-71.542,17.188
yaw095_pitch-075,95,-75,110.858,-73.027,15.858
yaw095_pitch-070,95,-70,110.281,-68.338,15.281
yaw095_pitch-065,95,-65,107.540,-61.866,12.540
yaw095_pitch-060,95,-60,109.101,-54.443,14.101
yaw095_pitch-055,95,-55,110.108,-49.654,15.108
yaw095_pitch-050,95,-50,112.266,-48.296,17.266
yaw095_pitch-045,95,-45,113.627,-45.892,18.627
yaw095_pitch-040,95,-40,117.524,-44.525,22.524
yaw095_pitch-035,95,-35,116.827,-43.379,21.827
yaw095_pitch-030,95,-30,119.286,-44.104,24.286
yaw095_pitch-025,95,-25,114.267,-43.428,19.267
yaw095_pitch-020,95,-20,115.810,-42.689,20.810
yaw095_pitch-015,95,-15,111.303,-39.719,16.303
yaw095_pitch-010,95,-10,115.044,-38.206,20.044
yaw095_pitch-005,95,-5,112.337,-29.074,17.337
yaw095_pitch+000,95,0,98.082,-22.329,3.082
yaw095_pitch+005,95,5,89.021,-11.852,5.979
yaw095_pitch+010,95,10,81.129,-0.852,13.871
yaw095_pitch+015,95,15,80.407,1.363,14.593
yaw095_pitch+020,95,20,81.029,0.272,13.971
yaw095_pitch+025,95,25,81.127,4.064,13.873
yaw095_pitch+030,95,30,85.509,8.005,9.491
yaw095_pitch+035,95,35,82.046,13.204,12.954
yaw095_pitch+040,95,40,87.853,15.147,7.147
yaw095_pitch+045,95,45,80.559,20.114,14.441
yaw095_pitch+050,95,50,85.090,25.198,9.910
yaw095_pitch+055,95,55,85.922,24.713,9.078
yaw095_pitch+060,95,60,96.304,37.398,1.304
yaw095_pitch+065,95,65,85.410,35.681,9.590
yaw095_pitch+070,95,70,90.481,43.020,4.519
yaw095_pitch+075,95,75,100.813,57.075,5.813
yaw095_pitch+080,95,80,100.472,66.726,5.472
yaw095_pitch+085,95,85,90.345,75.782,4.655
yaw095_pitch+090,95,90,76.893,86.678,18.107
yaw100_pitch-090,100,-90,114.398,-67.145,14.398
yaw100_pitch-085,100,-85,114.579,-73.254,14.579
yaw100_pitch-080,100,-80,117.278,-75.545,17.278
yaw100_pitch-075,100,-75,114.809,-73.295,14.809
yaw100_pitch-070,100,-70,113.712,-70.921,13.712
yaw100_pitch-065,100,-65,115.486,-61.081,15.486
yaw100_pitch-060,100,-60,117.562,-57.031,17.562
yaw100_pitch-055,100,-55,119.572,-49.554,19.572
yaw100_pitch-050,100,-50,123.674,-46.673,23.674
yaw100_pitch-045,100,-45,125.781,-45.023,25.781
yaw100_pitch-040,100,-40,128.663,-44.011,28.663
yaw100_pitch-035,100,-35,132.858,-43.273,32.858
yaw100_pitch-030,100,-30,135.059,-42.874,35.059
yaw100_pitch-025,100,-25,132.874,-42.448,32.874
yaw100_pitch-020,100,-20,132.241,-41.952,32.241
yaw100_pitch-015,100,-15,119.314,-42.880,19.314
yaw100_pitch-010,100,-10,107.969,-39.025,7.969
yaw100_pitch-005,100,-5,98.764,-33.079,1.236
yaw100_pitch+000,100,0,89.817,-27.706,10.183
yaw100_pitch+005,100,5,86.744,-15.014,13.256
yaw100_pitch+010,100,10,88.418,-2.641,11.582
yaw100_pitch+015,100,15,89.717,0.202,10.283
yaw100_pitch+020,100,20,91.165,0.563,8.835
yaw100_pitch+025,100,25,97.506,5.007,2.494
yaw100_pitch+030,100,30,100.195,8.374,0.195
yaw100_pitch+035,100,35,102.192,14.983,2.192
yaw100_pitch+040,100,40,88.061,15.343,11.939
yaw100_pitch+045,100,45,90.050,19.241,9.950
yaw100_pitch+050,100,50,93.980,21.001,6.020
yaw100_pitch+055,100,55,95.894,27.939,4.106
yaw100_pitch+060,100,60,90.097,32.692,9.903
yaw100_pitch+065,100,65,99.942,39.876,0.058
yaw100_pitch+070,100,70,100.086,49.417,0.086
yaw100_pitch+075,100,75,107.423,53.855,7.423
yaw100_pitch+080,100,80,100.627,65.121,0.627
yaw100_pitch+085,100,85,105.157,73.795,5.157
yaw100_pitch+090,100,90,94.470,83.062,5.530
yaw105_pitch-090,105,-90,117.555,-72.557,12.555
yaw105_pitch-085,105,-85,120.824,-75.573,15.824
yaw105_pitch-080,105,-80,121.257,-75.390,16.257
yaw105_pitch-075,105,-75,120.946,-74.710,15.946
yaw105_pitch-070,105,-70,120.749,-70.809,15.749
yaw105_pitch-065,105,-65,123.298,-61.257,18.298
yaw105_pitch-060,105,-60,125.111,-54.973,20.111
yaw105_pitch-055,105,-55,126.165,-49.957,21.165
yaw105_pitch-050,105,-50,129.142,-45.949,24.142
yaw105_pitch-045,105,-45,133.054,-45.604,28.054
yaw105_pitch-040,105,-40,134.386,-44.836,29.386
yaw105_pitch-035,105,-35,136.254,-46.313,31.254
yaw105_pitch-030,105,-30,136.473,-44.633,31.473
yaw105_pitch-025,105,-25,135.705,-42.808,30.705
yaw105_pitch-020,105,-20,131.866,-43.187,26.866
yaw105_pitch-015,105,-15,124.954,-42.652,19.954
yaw105_pitch-010,105,-10,114.753,-41.047,9.753
yaw105_pitch-005,105,-5,107.109,-34.930,2.109
yaw105_pitch+000,105,0,99.184,-29.493,5.816
yaw105_pitch+005,105,5,94.861,-17.529,10.139
yaw105_pitch+010,105,10,100.440,-5.852,4.560
yaw105_pitch+015,105,15,104.179,0.029,0.821
yaw105_pitch+020,105,20,107.587,0.924,2.587
yaw105_pitch+025,105,25,99.835,3.130,5.165
yaw105_pitch+030,105,30,104.061,7.064,0.939
yaw105_pitch+035,105,35,105.013,13.430,0.013
yaw105_pitch+040,105,40,98.726,16.226,6.274
yaw105_pitch+045,105,45,102.994,23.453,2.006
yaw105_pitch+050,105,50,108.147,26.758,3.147
yaw105_pitch+055,105,55,104.686,30.959,0.314
yaw105_pitch+060,105,60,104.555,34.981,0.445
yaw105_pitch+065,105,65,105.268,40.742,0.268
yaw105_pitch+070,105,70,104.785,45.269,0.215
yaw105_pitch+075,105,75,101.754,51.896,3.246
yaw105_pitch+080,105,80,94.785,66.040,10.215
yaw105_pitch+085,105,85,106.012,75.028,1.012
yaw105_pitch+090,105,90,114.892,82.729,9.892
yaw110_pitch-090,110,-90,118.047,-72.165,8.047
yaw110_pitch-085,110,-85,121.615,-74.072,11.615
yaw110_pitch-080,110,-80,121.551,-74.455,11.551
yaw110_pitch-075,110,-75,120.672,-73.585,10.672
yaw110_pitch-070,110,-70,120.917,-69.842,10.917
yaw110_pitch-065,110,-65,124.544,-59.939,14.544
yaw110_pitch-060,110,-60,126.582,-54.066,16.582
yaw110_pitch-055,110,-55,129.167,-48.940,19.167
yaw110_pitch-050,110,-50,132.278,-44.047,22.278
yaw110_pitch-045,110,-45,134.292,-44.155,24.292
yaw110_pitch-040,110,-40,136.255,-45.792,26.255
yaw110_pitch-035,110,-35,136.688,-45.914,26.688
yaw110_pitch-030,110,-30,136.499,-44.986,26.499
yaw110_pitch-025,110,-25,135.740,-44.383,25.740
yaw110_pitch-020,110,-20,131.508,-45.334,21.508
yaw110_pitch-015,110,-15,124.353,-43.672,14.353
yaw110_pitch-010,110,-10,120.113,-42.038,10.113
yaw110_pitch-005,110,-5,114.322,-37.678,4.322
yaw110_pitch+000,110,0,107.971,-32.628,2.029
yaw110_pitch+005,110,5,105.477,-23.551,4.523
yaw110_pitch+010,110,10,111.391,-8.411,1.391
yaw110_pitch+015,110,15,114.497,-1.822,4.497
yaw110_pitch+020,110,20,112.698,0.540,2.698
yaw110_pitch+025,110,25,119.308,6.964,9.308
yaw110_pitch+030,110,30,114.145,12.376,4.145
yaw110_pitch+035,110,35,112.460,16.562,2.460
yaw110_pitch+040,110,40,112.515,21.284,2.515
yaw110_pitch+045,110,45,110.028,22.479,0.028
yaw110_pitch+050,110,50,106.205,24.342,3.795
yaw110_pitch+055,110,55,109.108,31.172,0.892
yaw110_pitch+060,110,60,107.099,32.847,2.901
yaw110_pitch+065,110,65,103.247,34.761,6.753
yaw110_pitch+070,110,70,110.381,44.737,0.381
yaw110_pitch+075,110,75,110.911,52.758,0.911
yaw110_pitch+080,110,80,117.732,68.845,7.732
yaw110_pitch+085,110,85,122.013,78.377,12.013
yaw110_pitch+090,110,90,120.456,84.529,10.456
yaw115_pitch-090,115,-90,122.721,-68.200,7.721
yaw115_pitch-085,115,-85,121.708,-74.790,6.708
yaw115_pitch-080,115,-80,122.339,-71.936,7.339
yaw115_pitch-075,115,-75,122.054,-71.685,7.054
yaw115_pitch-070,115,-70,122.528,-66.524,7.528
yaw115_pitch-065,115,-65,124.966,-57.743,9.966
yaw115_pitch-060,115,-60,127.871,-54.477,12.871
yaw115_pitch-055,115,-55,130.727,-48.453,15.727
yaw115_pitch-050,115,-50,133.102,-45.343,18.102
yaw115_pitch-045,115,-45,135.628,-44.184,20.628
yaw115_pitch-040,115,-40,136.527,-46.096,21.527
yaw115_pitch-035,115,-35,137.417,-44.979,22.417
yaw115_pitch-030,115,-30,137.170,-43.925,22.170
yaw115_pitch-025,115,-25,135.588,-44.638,20.588
yaw115_pitch-020,115,-20,132.615,-44.887,17.615
yaw115_pitch-015,115,-15,127.886,-44.722,12.886
yaw115_pitch-010,115,-10,123.342,-42.860,8.342
yaw115_pitch-005,115,-5,118.825,-38.987,3.825
yaw115_pitch+000,115,0,112.993,-36.480,2.007
yaw115_pitch+005,115,5,110.098,-27.458,4.902
yaw115_pitch+010,115,10,116.066,-11.819,1.066
yaw115_pitch+015,115,15,122.061,-2.488,7.061
yaw115_pitch+020,115,20,119.456,1.397,4.456
yaw115_pitch+025,115,25,123.649,8.798,8.649
yaw115_pitch+030,115,30,122.118,12.902,7.118
yaw115_pitch+035,115,35,120.550,17.803,5.550
yaw115_pitch+040,115,40,122.083,23.094,7.083
yaw115_pitch+045,115,45,120.425,25.083,5.425
yaw115_pitch+050,115,50,117.941,25.211,2.941
yaw115_pitch+055,115,55,119.712,31.127,4.712
yaw115_pitch+060,115,60,113.040,28.931,1.960
yaw115_pitch+065,115,65,116.594,35.763,1.594
yaw115_pitch+070,115,70,122.924,48.158,7.924
yaw115_pitch+075,115,75,124.451,60.687,9.451
yaw115_pitch+080,115,80,124.650,74.638,9.650
yaw115_pitch+085,115,85,125.466,87.435,10.466
yaw115_pitch+090,115,90,128.299,90.000,13.299
yaw120_pitch-090,120,-90,123.983,-71.356,3.983
yaw120_pitch-085,120,-85,119.102,-75.463,0.898
yaw120_pitch-080,120,-80,122.215,-75.417,2.215
yaw120_pitch-075,120,-75,134.448,-72.360,14.448
yaw120_pitch-070,120,-70,125.613,-68.207,5.613
yaw120_pitch-065,120,-65,128.539,-57.389,8.539
yaw120_pitch-060,120,-60,130.473,-49.814,10.473
yaw120_pitch-055,120,-55,134.113,-46.433,14.113
yaw120_pitch-050,120,-50,136.901,-43.180,16.901
yaw120_pitch-045,120,-45,139.127,-43.068,19.127
yaw120_pitch-040,120,-40,139.073,-45.950,19.073
yaw120_pitch-035,120,-35,139.013,-45.569,19.013
yaw120_pitch-030,120,-30,137.420,-44.340,17.420
yaw120_pitch-025,120,-25,136.575,-44.521,16.575
yaw120_pitch-020,120,-20,131.982,-44.687,11.982
yaw120_pitch-015,120,-15,129.509,-43.462,9.509
yaw120_pitch-010,120,-10,121.663,-41.926,1.663
yaw120_pitch-005,120,-5,119.094,-37.909,0.906
yaw120_pitch+000,120,0,115.931,-36.853,4.069
yaw120_pitch+005,120,5,118.598,-26.601,1.402
yaw120_pitch+010,120,10,121.829,-14.472,1.829
yaw120_pitch+015,120,15,125.249,-4.762,5.249
yaw120_pitch+020,120,20,123.817,1.685,3.817
yaw120_pitch+025,120,25,122.638,9.187,2.638
yaw120_pitch+030,120,30,123.328,16.987,3.328
yaw120_pitch+035,120,35,124.638,22.448,4.638
yaw120_pitch+040,120,40,125.447,26.317,5.447
yaw120_pitch+045,120,45,127.279,29.349,7.279
yaw120_pitch+050,120,50,127.777,31.366,7.777
yaw120_pitch+055,120,55,124.484,31.815,4.484
yaw120_pitch+060,120,60,129.660,36.771,9.660
yaw120_pitch+065,120,65,127.706,42.436,7.706
yaw120_pitch+070,120,70,125.137,48.856,5.137
yaw120_pitch+075,120,75,123.082,61.672,3.082
yaw120_pitch+080,120,80,125.033,77.063,5.033
yaw120_pitch+085,120,85,125.889,90.000,5.889
yaw120_pitch+090,120,90,127.149,90.000,7.149
yaw125_pitch-090,125,-90,124.661,-69.173,0.339
yaw125_pitch-085,125,-85,135.000,-45.265,10.000
yaw125_pitch-080,125,-80,135.000,-44.999,10.000
yaw125_pitch-075,125,-75,135.000,-44.999,10.000
yaw125_pitch-070,125,-70,135.000,-44.971,10.000
yaw125_pitch-065,125,-65,133.527,-62.442,8.527
yaw125_pitch-060,125,-60,134.805,-51.180,9.805
yaw125_pitch-055,125,-55,137.127,-44.582,12.127
yaw125_pitch-050,125,-50,139.616,-42.077,14.616
yaw125_pitch-045,125,-45,140.728,-41.107,15.728
yaw125_pitch-040,125,-40,141.709,-44.548,16.709
yaw125_pitch-035,125,-35,140.336,-45.167,15.336
yaw125_pitch-030,125,-30,138.345,-45.244,13.345
yaw125_pitch-025,125,-25,134.740,-44.903,9.740
yaw125_pitch-020,125,-20,129.981,-45.816,4.981
yaw125_pitch-015,125,-15,126.048,-44.163,1.048
yaw125_pitch-010,125,-10,119.928,-42.363,5.072
yaw125_pitch-005,125,-5,115.856,-37.762,9.144
yaw125_pitch+000,125,0,112.920,-33.066,12.080
yaw125_pitch+005,125,5,116.191,-25.832,8.809
yaw125_pitch+010,125,10,121.681,-15.216,3.319
yaw125_pitch+015,125,15,126.519,-6.549,1.519
yaw125_pitch+020,125,20,127.384,0.915,2.384
yaw125_pitch+025,125,25,126.561,9.780,1.561
yaw125_pitch+030,125,30,126.890,18.069,1.890
yaw125_pitch+035,125,35,128.391,21.716,3.391
yaw125_pitch+040,125,40,127.486,25.381,2.486
yaw125_pitch+045,125,45,127.948,28.810,2.948
yaw125_pitch+050,125,50,132.494,32.903,7.494
yaw125_pitch+055,125,55,134.358,36.622,9.358
yaw125_pitch+060,125,60,134.732,38.298,9.732
yaw125_pitch+065,125,65,134.112,43.280,9.112
yaw125_pitch+070,125,70,132.040,47.887,7.040
yaw125_pitch+075,125,75,128.934,57.068,3.934
yaw125_pitch+080,125,80,129.062,73.219,4.062
yaw125_pitch+085,125,85,132.047,87.470,7.047
yaw125_pitch+090,125,90,132.817,90.000,7.817
yaw130_pitch-090,130,-90,121.405,-68.318,8.595
yaw130_pitch-085,130,-85,135.000,-45.000,5.000
yaw130_pitch-080,130,-80,135.000,-45.000,5.000
yaw130_pitch-075,130,-75,135.000,-45.000,5.000
yaw130_pitch-070,130,-70,135.000,-45.000,5.000
yaw130_pitch-065,130,-65,135.000,-46.093,5.000
yaw130_pitch-060,130,-60,143.830,-47.561,13.830
yaw130_pitch-055,130,-55,144.044,-42.040,14.044
yaw130_pitch-050,130,-50,147.300,-39.551,17.300
yaw130_pitch-045,130,-45,145.778,-39.555,15.778
yaw130_pitch-040,130,-40,145.549,-45.534,15.549
yaw130_pitch-035,130,-35,144.190,-42.075,14.190
yaw130_pitch-030,130,-30,138.324,-46.003,8.324
yaw130_pitch-025,130,-25,135.125,-43.634,5.125
yaw130_pitch-020,130,-20,129.675,-42.629,0.325
yaw130_pitch-015,130,-15,122.841,-44.183,7.159
yaw130_pitch-010,130,-10,116.755,-44.965,13.245
yaw130_pitch-005,130,-5,113.807,-37.464,16.193
yaw130_pitch+000,130,0,116.611,-34.191,13.389
yaw130_pitch+005,130,5,119.188,-26.804,10.812
yaw130_pitch+010,130,10,126.740,-16.725,3.260
yaw130_pitch+015,130,15,127.230,-9.987,2.770
yaw130_pitch+020,130,20,127.910,-1.856,2.090
yaw130_pitch+025,130,25,129.334,11.149,0.666
yaw130_pitch+030,130,30,129.342,20.316,0.658
yaw130_pitch+035,130,35,129.496,24.074,0.504
yaw130_pitch+040,130,40,130.678,25.445,0.678
yaw130_pitch+045,130,45,133.641,29.648,3.641
yaw130_pitch+050,130,50,133.608,32.550,3.608
yaw130_pitch+055,130,55,134.895,36.262,4.895
yaw130_pitch+060,130,60,135.851,36.662,5.851
yaw130_pitch+065,130,65,134.973,40.652,4.973
yaw130_pitch+070,130,70,132.919,49.119,2.919
yaw130_pitch+075,130,75,129.679,55.147,0.321
yaw130_pitch+080,130,80,131.566,73.583,1.566
yaw130_pitch+085,130,85,136.273,86.939,6.273
yaw130_pitch+090,130,90,138.095,90.000,8.095
yaw135_pitch-090,135,-90,133.460,-65.686,1.540
yaw135_pitch-085,135,-85,135.000,-45.000,0.000
yaw135_pitch-080,135,-80,135.000,-45.000,0.000
yaw135_pitch-075,135,-75,135.000,-45.000,0.000
yaw135_pitch-070,135,-70,135.000,-45.000,0.000
yaw135_pitch-065,135,-65,135.067,-65.643,0.067
yaw135_pitch-060,135,-60,155.679,-46.832,20.679
yaw135_pitch-055,135,-55,160.680,-43.489,25.680
yaw135_pitch-050,135,-50,157.132,-42.589,22.132
yaw135_pitch-045,135,-45,162.480,-38.344,27.480
yaw135_pitch-040,135,-40,152.807,-44.692,17.807
yaw135_pitch-035,135,-35,147.964,-46.789,12.964
yaw135_pitch-030,135,-30,143.136,-42.790,8.136
yaw135_pitch-025,135,-25,136.096,-44.121,1.096
yaw135_pitch-020,135,-20,129.195,-43.028,5.805
yaw135_pitch-015,135,-15,124.306,-39.817,10.694
yaw135_pitch-010,135,-10,113.784,-43.851,21.216
yaw135_pitch-005,135,-5,114.888,-40.452,20.112
yaw135_pitch+000,135,0,114.926,-36.012,20.074
yaw135_pitch+005,135,5,123.953,-27.460,11.047
yaw135_pitch+010,135,10,132.229,-13.733,2.771
yaw135_pitch+015,135,15,135.537,-2.627,0.537
yaw135_pitch+020,135,20,134.085,-6.663,0.915
yaw135_pitch+025,135,25,131.674,7.173,3.326
yaw135_pitch+030,135,30,130.676,18.886,4.324
yaw135_pitch+035,135,35,131.988,22.849,3.012
yaw135_pitch+040,135,40,132.900,26.590,2.100
yaw135_pitch+045,135,45,132.936,30.630,2.064
yaw135_pitch+050,135,50,134.722,31.455,0.278
yaw135_pitch+055,135,55,134.983,32.887,0.017
yaw135_pitch+060,135,60,135.291,35.625,0.291
yaw135_pitch+065,135,65,133.963,38.874,1.037
yaw135_pitch+070,135,70,132.740,49.333,2.260
yaw135_pitch+075,135,75,132.676,65.070,2.324
yaw135_pitch+080,135,80,133.522,76.372,1.478
yaw135_pitch+085,135,85,136.951,89.969,1.951
yaw135_pitch+090,135,90,136.657,90.000,1.657
yaw140_pitch-090,140,-90,157.222,-66.147,17.222
yaw140_pitch-085,140,-85,135.000,-64.722,5.000
yaw140_pitch-080,140,-80,135.000,-45.009,5.000
yaw140_pitch-075,140,-75,135.000,-45.007,5.000
yaw140_pitch-070,140,-70,135.000,-52.955,5.000
yaw140_pitch-065,140,-65,161.921,-61.543,21.921
yaw140_pitch-060,140,-60,168.721,-50.084,28.721
yaw140_pitch-055,140,-55,174.134,-34.667,34.134
yaw140_pitch-050,140,-50,172.028,-42.627,32.028
yaw140_pitch-045,140,-45,169.089,-42.102,29.089
yaw140_pitch-040,140,-40,163.140,-43.580,23.140
yaw140_pitch-035,140,-35,155.746,-45.622,15.746
yaw140_pitch-030,140,-30,148.393,-44.063,8.393
yaw140_pitch-025,140,-25,141.920,-44.204,1.920
yaw140_pitch-020,140,-20,134.670,-37.596,5.330
yaw140_pitch-015,140,-15,125.120,-36.386,14.880
yaw140_pitch-010,140,-10,116.777,-42.006,23.223
yaw140_pitch-005,140,-5,109.341,-36.376,30.659
yaw140_pitch+000,140,0,109.069,-35.196,30.931
yaw140_pitch+005,140,5,135.000,-8.751,5.000
yaw140_pitch+010,140,10,135.000,-44.938,5.000
yaw140_pitch+015,140,15,135.000,-43.710,5.000
yaw140_pitch+020,140,20,135.000,37.776,5.000
yaw140_pitch+025,140,25,139.447,-4.332,0.553
yaw140_pitch+030,140,30,136.105,18.870,3.895
yaw140_pitch+035,140,35,135.188,21.193,4.812
yaw140_pitch+040,140,40,132.569,26.444,7.431
yaw140_pitch+045,140,45,135.024,28.990,4.976
yaw140_pitch+050,140,50,137.419,29.320,2.581
yaw140_pitch+055,140,55,137.262,31.954,2.738
yaw140_pitch+060,140,60,135.767,32.587,4.233
yaw140_pitch+065,140,65,133.349,35.931,6.651
yaw140_pitch+070,140,70,135.911,52.893,4.089
yaw140_pitch+075,140,75,135.725,69.884,4.275
yaw140_pitch+080,140,80,135.900,82.620,4.100
yaw140_pitch+085,140,85,134.696,89.807,5.304
yaw140_pitch+090,140,90,135.344,90.000,4.656
yaw145_pitch-090,145,-90,176.313,-69.612,31.313
yaw145_pitch-085,145,-85,169.467,-74.459,24.467
yaw145_pitch-080,145,-80,149.197,-90.000,4.197
yaw145_pitch-075,145,-75,147.795,-90.000,2.795
yaw145_pitch-070,145,-70,170.037,-74.175,25.037
yaw145_pitch-065,145,-65,173.519,-64.418,28.519
yaw145_pitch-060,145,-60,176.633,-50.959,31.633
yaw145_pitch-055,145,-55,176.550,-44.697,31.550
yaw145_pitch-050,145,-50,179.215,-42.677,34.215
yaw145_pitch-045,145,-45,174.593,-43.802,29.593
yaw145_pitch-040,145,-40,173.834,-44.245,28.834
yaw145_pitch-035,145,-35,169.217,-45.081,24.217
yaw145_pitch-030,145,-30,162.738,-44.187,17.738
yaw145_pitch-025,145,-25,158.167,-43.423,13.167
yaw145_pitch-020,145,-20,146.056,-39.883,1.056
yaw145_pitch-015,145,-15,130.230,-42.437,14.770
yaw145_pitch-010,145,-10,116.416,-40.024,28.584
yaw145_pitch-005,145,-5,109.774,-36.954,35.226
yaw145_pitch+000,145,0,105.409,-33.941,39.591
yaw145_pitch+005,145,5,135.000,-45.000,10.000
yaw145_pitch+010,145,10,135.000,-45.000,10.000
yaw145_pitch+015,145,15,135.000,-45.000,10.000
yaw145_pitch+020,145,20,135.000,-44.908,10.000
yaw145_pitch+025,145,25,137.290,8.465,7.710
yaw145_pitch+030,145,30,140.782,15.079,4.218
yaw145_pitch+035,145,35,132.160,26.680,12.840
yaw145_pitch+040,145,40,134.408,24.852,10.592
yaw145_pitch+045,145,45,136.723,26.912,8.277
yaw145_pitch+050,145,50,139.827,29.141,5.173
yaw145_pitch+055,145,55,141.418,29.789,3.582
yaw145_pitch+060,145,60,139.994,30.337,5.006
yaw145_pitch+065,145,65,138.500,31.527,6.500
yaw145_pitch+070,145,70,143.842,56.697,1.158
yaw145_pitch+075,145,75,140.800,71.872,4.200
yaw145_pitch+080,145,80,139.630,83.980,5.370
yaw145_pitch+085,145,85,135.160,89.244,9.840
yaw145_pitch+090,145,90,133.376,90.000,11.624
yaw150_pitch-090,150,-90,183.326,-73.684,33.326
yaw150_pitch-085,150,-85,180.977,-78.529,30.977
yaw150_pitch-080,150,-80,179.916,-75.360,29.916
yaw150_pitch-075,150,-75,181.002,-76.266,31.002
yaw150_pitch-070,150,-70,184.289,-74.442,34.289
yaw150_pitch-065,150,-65,181.257,-65.438,31.257
yaw150_pitch-060,150,-60,182.777,-58.318,32.777
yaw150_pitch-055,150,-55,183.136,-50.019,33.136
yaw150_pitch-050,150,-50,185.532,-43.734,35.532
yaw150_pitch-045,150,-45,182.392,-44.467,32.392
yaw150_pitch-040,150,-40,180.869,-43.242,30.869
yaw150_pitch-035,150,-35,179.623,-44.122,29.623
yaw150_pitch-030,150,-30,176.431,-43.920,26.431
yaw150_pitch-025,150,-25,172.541,-41.647,22.541
yaw150_pitch-020,150,-20,161.723,-42.754,11.723
yaw150_pitch-015,150,-15,146.643,-41.946,3.357
yaw150_pitch-010,150,-10,131.991,-39.671,18.009
yaw150_pitch-005,150,-5,113.163,-34.656,36.837
yaw150_pitch+000,150,0,103.481,-34.265,46.519
yaw150_pitch+005,150,5,135.000,-45.000,15.000
yaw150_pitch+010,150,10,135.000,-45.000,15.000
yaw150_pitch+015,150,15,135.000,-45.000,15.000
yaw150_pitch+020,150,20,135.000,-45.000,15.000
yaw150_pitch+025,150,25,136.176,14.444,13.824
yaw150_pitch+030,150,30,145.007,17.956,4.993
yaw150_pitch+035,150,35,134.703,23.827,15.297
yaw150_pitch+040,150,40,138.520,26.405,11.480
yaw150_pitch+045,150,45,141.168,24.714,8.832
yaw150_pitch+050,150,50,144.380,28.904,5.620
yaw150_pitch+055,150,55,144.393,28.024,5.607
yaw150_pitch+060,150,60,147.280,29.093,2.720
yaw150_pitch+065,150,65,147.798,33.697,2.202
yaw150_pitch+070,150,70,147.291,57.131,2.709
yaw150_pitch+075,150,75,146.556,74.432,3.444
yaw150_pitch+080,150,80,141.584,86.063,8.416
yaw150_pitch+085,150,85,136.652,90.000,13.348
yaw150_pitch+090,150,90,131.913,90.000,18.087
yaw155_pitch-090,155,-90,192.704,-72.877,37.704
yaw155_pitch-085,155,-85,189.357,-79.777,34.357
yaw155_pitch-080,155,-80,190.148,-74.899,35.148
yaw155_pitch-075,155,-75,187.100,-76.908,32.100
yaw155_pitch-070,155,-70,186.263,-69.749,31.263
yaw155_pitch-065,155,-65,185.941,-66.378,30.941
yaw155_pitch-060,155,-60,186.114,-55.336,31.114
yaw155_pitch-055,155,-55,189.432,-49.210,34.432
yaw155_pitch-050,155,-50,189.442,-47.912,34.442
yaw155_pitch-045,155,-45,192.168,-42.849,37.168
yaw155_pitch-040,155,-40,190.704,-43.080,35.704
yaw155_pitch-035,155,-35,190.745,-43.672,35.745
yaw155_pitch-030,155,-30,189.565,-42.695,34.565
yaw155_pitch-025,155,-25,186.477,-41.413,31.477
yaw155_pitch-020,155,-20,179.913,-41.964,24.913
yaw155_pitch-015,155,-15,170.854,-39.868,15.854
yaw155_pitch-010,155,-10,156.736,-36.022,1.736
yaw155_pitch-005,155,-5,131.634,-34.967,23.366
yaw155_pitch+000,155,0,114.973,-32.947,40.027
yaw155_pitch+005,155,5,135.000,-44.965,20.000
yaw155_pitch+010,155,10,135.000,-45.000,20.000
yaw155_pitch+015,155,15,135.000,-45.000,20.000
yaw155_pitch+020,155,20,135.000,-44.013,20.000
yaw155_pitch+025,155,25,150.279,-1.684,4.721
yaw155_pitch+030,155,30,139.596,17.854,15.404
yaw155_pitch+035,155,35,140.378,24.737,14.622
yaw155_pitch+040,155,40,143.464,24.195,11.536
yaw155_pitch+045,155,45,146.543,24.455,8.457
yaw155_pitch+050,155,50,149.697,28.094,5.303
yaw155_pitch+055,155,55,153.141,29.302,1.859
yaw155_pitch+060,155,60,155.127,29.516,0.127
yaw155_pitch+065,155,65,156.098,37.594,1.098
yaw155_pitch+070,155,70,153.479,59.237,1.521
yaw155_pitch+075,155,75,147.533,75.436,7.467
yaw155_pitch+080,155,80,142.260,85.023,12.740
yaw155_pitch+085,155,85,134.797,90.000,20.203
yaw155_pitch+090,155,90,129.781,90.000,25.219
yaw160_pitch-090,160,-90,198.940,-71.846,38.940
yaw160_pitch-085,160,-85,193.018,-74.702,33.018
yaw160_pitch-080,160,-80,193.457,-76.091,33.457
yaw160_pitch-075,160,-75,193.579,-75.277,33.579
yaw160_pitch-070,160,-70,187.676,-70.842,27.676
yaw160_pitch-065,160,-65,187.880,-63.037,27.880
yaw160_pitch-060,160,-60,193.208,-50.317,33.208
yaw160_pitch-055,160,-55,192.782,-51.312,32.782
yaw160_pitch-050,160,-50,194.681,-48.587,34.681
yaw160_pitch-045,160,-45,195.198,-44.392,35.198
yaw160_pitch-040,160,-40,195.956,-42.846,35.956
yaw160_pitch-035,160,-35,196.141,-43.989,36.141
yaw160_pitch-030,160,-30,194.633,-42.647,34.633
yaw160_pitch-025,160,-25,195.657,-41.638,35.657
yaw160_pitch-020,160,-20,190.856,-40.639,30.856
yaw160_pitch-015,160,-15,183.421,-39.630,23.421
yaw160_pitch-010,160,-10,176.092,-34.052,16.092
yaw160_pitch-005,160,-5,160.703,-34.711,0.703
yaw160_pitch+000,160,0,148.146,-27.935,11.854
yaw160_pitch+005,160,5,133.388,-23.491,26.612
yaw160_pitch+010,160,10,134.320,-25.803,25.680
yaw160_pitch+015,160,15,135.085,-15.831,24.915
yaw160_pitch+020,160,20,149.875,-6.254,10.125
yaw160_pitch+025,160,25,161.377,9.616,1.377
yaw160_pitch+030,160,30,148.229,19.124,11.771
yaw160_pitch+035,160,35,153.197,24.367,6.803
yaw160_pitch+040,160,40,156.139,23.822,3.861
yaw160_pitch+045,160,45,160.538,25.991,0.538
yaw160_pitch+050,160,50,164.754,29.381,4.754
yaw160_pitch+055,160,55,165.331,29.463,5.331
yaw160_pitch+060,160,60,167.064,31.210,7.064
yaw160_pitch+065,160,65,163.157,46.158,3.157
yaw160_pitch+070,160,70,158.123,61.835,1.877
yaw160_pitch+075,160,75,150.199,74.121,9.801
yaw160_pitch+080,160,80,142.478,86.119,17.522
yaw160_pitch+085,160,85,133.052,90.000,26.948
yaw160_pitch+090,160,90,128.054,90.000,31.946
yaw165_pitch-090,165,-90,200.878,-71.962,35.878
yaw165_pitch-085,165,-85,197.278,-75.423,32.278
yaw165_pitch-080,165,-80,197.248,-73.541,32.248
yaw165_pitch-075,165,-75,198.962,-73.181,33.962
yaw165_pitch-070,165,-70,196.529,-65.672,31.529
yaw165_pitch-065,165,-65,193.069,-61.781,28.069
yaw165_pitch-060,165,-60,195.258,-57.162,30.258
yaw165_pitch-055,165,-55,198.681,-54.071,33.681
yaw165_pitch-050,165,-50,200.176,-48.440,35.176
yaw165_pitch-045,165,-45,201.092,-45.750,36.092
yaw165_pitch-040,165,-40,201.307,-44.575,36.307
yaw165_pitch-035,165,-35,200.775,-43.890,35.775
yaw165_pitch-030,165,-30,201.696,-42.869,36.696
yaw165_pitch-025,165,-25,200.313,-42.532,35.313
yaw165_pitch-020,165,-20,196.486,-41.098,31.486
yaw165_pitch-015,165,-15,193.638,-39.083,28.638
yaw165_pitch-010,165,-10,188.013,-34.699,23.013
yaw165_pitch-005,165,-5,181.068,-30.878,16.068
yaw165_pitch+000,165,0,174.437,-26.439,9.437
yaw165_pitch+005,165,5,171.679,-13.815,6.679
yaw165_pitch+010,165,10,167.510,-14.248,2.510
yaw165_pitch+015,165,15,170.859,-1.219,5.859
yaw165_pitch+020,165,20,171.304,2.554,6.304
yaw165_pitch+025,165,25,174.429,14.532,9.429
yaw165_pitch+030,165,30,165.851,20.615,0.851
yaw165_pitch+035,165,35,171.386,20.697,6.386
yaw165_pitch+040,165,40,168.246,25.095,3.246
yaw165_pitch+045,165,45,170.238,28.011,5.238
yaw165_pitch+050,165,50,175.314,29.668,10.314
yaw165_pitch+055,165,55,177.548,30.459,12.548
yaw165_pitch+060,165,60,178.601,43.947,13.601
yaw165_pitch+065,165,65,176.486,50.483,11.486
yaw165_pitch+070,165,70,173.985,59.586,8.985
yaw165_pitch+075,165,75,165.750,69.508,0.750
yaw165_pitch+080,165,80,148.503,81.773,16.497
yaw165_pitch+085,165,85,133.294,90.000,31.706
yaw165_pitch+090,165,90,127.572,90.000,37.428
yaw170_pitch-090,170,-90,203.277,-76.585,33.277
yaw170_pitch-085,170,-85,202.793,-71.755,32.793
yaw170_pitch-080,170,-80,201.027,-71.456,31.027
yaw170_pitch-075,170,-75,202.081,-72.263,32.081
yaw170_pitch-070,170,-70,198.653,-67.622,28.653
yaw170_pitch-065,170,-65,196.443,-61.572,26.443
yaw170_pitch-060,170,-60,197.498,-56.931,27.498
yaw170_pitch-055,170,-55,198.975,-50.548,28.975
yaw170_pitch-050,170,-50,200.184,-49.146,30.184
yaw170_pitch-045,170,-45,201.192,-48.973,31.192
yaw170_pitch-040,170,-40,201.164,-47.699,31.164
yaw170_pitch-035,170,-35,200.586,-44.896,30.586
yaw170_pitch-030,170,-30,204.303,-43.086,34.303
yaw170_pitch-025,170,-25,202.076,-42.590,32.076
yaw170_pitch-020,170,-20,201.762,-42.068,31.762
yaw170_pitch-015,170,-15,199.191,-40.493,29.191
yaw170_pitch-010,170,-10,193.907,-33.002,23.907
yaw170_pitch-005,170,-5,189.607,-30.509,19.607
yaw170_pitch+000,170,0,188.499,-24.716,18.499
yaw170_pitch+005,170,5,184.178,-15.721,14.178
yaw170_pitch+010,170,10,187.109,-5.637,17.109
yaw170_pitch+015,170,15,182.766,-0.164,12.766
yaw170_pitch+020,170,20,184.888,4.465,14.888
yaw170_pitch+025,170,25,176.914,13.233,6.914
yaw170_pitch+030,170,30,180.767,21.750,10.767
yaw170_pitch+035,170,35,180.348,25.084,10.348
yaw170_pitch+040,170,40,181.954,23.590,11.954
yaw170_pitch+045,170,45,183.891,26.143,13.891
yaw170_pitch+050,170,50,185.271,27.169,15.271
yaw170_pitch+055,170,55,187.918,29.112,17.918
yaw170_pitch+060,170,60,186.507,43.878,16.507
yaw170_pitch+065,170,65,182.664,51.631,12.664
yaw170_pitch+070,170,70,181.032,59.151,11.032
yaw170_pitch+075,170,75,174.390,68.318,4.390
yaw170_pitch+080,170,80,169.816,76.618,0.184
yaw170_pitch+085,170,85,151.565,89.131,18.435
yaw170_pitch+090,170,90,135.911,90.000,34.089
yaw175_pitch-090,175,-90,205.345,-78.883,30.345
yaw175_pitch-085,175,-85,204.676,-73.651,29.676
yaw175_pitch-080,175,-80,206.411,-71.181,31.411
yaw175_pitch-075,175,-75,204.492,-69.341,29.492
yaw175_pitch-070,175,-70,199.583,-67.001,24.583
yaw175_pitch-065,175,-65,196.794,-58.255,21.794
yaw175_pitch-060,175,-60,197.220,-59.942,22.220
yaw175_pitch-055,175,-55,197.223,-54.299,22.223
yaw175_pitch-050,175,-50,200.553,-50.163,25.553
yaw175_pitch-045,175,-45,200.908,-49.176,25.908
yaw175_pitch-040,175,-40,200.875,-46.691,25.875
yaw175_pitch-035,175,-35,201.726,-46.431,26.726
yaw175_pitch-030,175,-30,203.756,-45.901,28.756
yaw175_pitch-025,175,-25,203.693,-44.702,28.693
yaw175_pitch-020,175,-20,200.138,-43.680,25.138
yaw175_pitch-015,175,-15,197.034,-41.371,22.034
yaw175_pitch-010,175,-10,198.115,-35.269,23.115
yaw175_pitch-005,175,-5,197.379,-31.716,22.379
yaw175_pitch+000,175,0,193.568,-25.233,18.568
yaw175_pitch+005,175,5,191.893,-16.128,16.893
yaw175_pitch+010,175,10,192.692,-9.091,17.692
yaw175_pitch+015,175,15,193.350,-4.699,18.350
yaw175_pitch+020,175,20,192.657,2.811,17.657
yaw175_pitch+025,175,25,191.781,15.341,16.781
yaw175_pitch+030,175,30,180.644,16.835,5.644
yaw175_pitch+035,175,35,187.070,18.601,12.070
yaw175_pitch+040,175,40,185.565,22.147,10.565
yaw175_pitch+045,175,45,187.307,24.218,12.307
yaw175_pitch+050,175,50,190.048,23.883,15.048
yaw175_pitch+055,175,55,191.462,39.612,16.462
yaw175_pitch+060,175,60,190.865,44.025,15.865
yaw175_pitch+065,175,65,190.025,50.222,15.025
yaw175_pitch+070,175,70,186.876,58.582,11.876
yaw175_pitch+075,175,75,183.479,67.038,8.479
yaw175_pitch+080,175,80,183.451,73.389,8.451
yaw175_pitch+085,175,85,176.404,79.581,1.404
yaw175_pitch+090,175,90,163.104,90.000,11.896
yaw180_pitch-090,180,-90,211.619,-78.322,31.619
yaw180_pitch-085,180,-85,209.733,-76.685,29.733
yaw180_pitch-080,180,-80,206.934,-72.641,26.934
yaw180_pitch-075,180,-75,205.849,-71.777,25.849
yaw180_pitch-070,180,-70,200.183,-70.631,20.183
yaw180_pitch-065,180,-65,197.123,-66.117,17.123
yaw180_pitch-060,180,-60,197.578,-52.872,17.578
yaw180_pitch-055,180,-55,193.537,-52.620,13.537
yaw180_pitch-050,180,-50,196.356,-49.249,16.356
yaw180_pitch-045,180,-45,197.209,-48.171,17.209
yaw180_pitch-040,180,-40,199.440,-47.150,19.440
yaw180_pitch-035,180,-35,200.742,-45.830,20.742
yaw180_pitch-030,180,-30,202.732,-46.276,22.732
yaw180_pitch-025,180,-25,203.710,-45.204,23.710
yaw180_pitch-020,180,-20,202.599,-43.201,22.599
yaw180_pitch-015,180,-15,198.726,-41.838,18.726
yaw180_pitch-010,180,-10,200.014,-36.091,20.014
yaw180_pitch-005,180,-5,198.224,-30.873,18.224
yaw180_pitch+000,180,0,197.468,-24.020,17.468
yaw180_pitch+005,180,5,196.057,-15.012,16.057
yaw180_pitch+010,180,10,199.957,-9.359,19.957
yaw180_pitch+015,180,15,196.763,-5.618,16.763
yaw180_pitch+020,180,20,194.954,1.728,14.954
yaw180_pitch+025,180,25,195.356,12.783,15.356
yaw180_pitch+030,180,30,195.482,16.359,15.482
yaw180_pitch+035,180,35,193.003,16.942,13.003
yaw180_pitch+040,180,40,191.560,21.514,11.560
yaw180_pitch+045,180,45,191.041,22.922,11.041
yaw180_pitch+050,180,50,195.333,27.384,15.333
yaw180_pitch+055,180,55,193.294,39.034,13.294
yaw180_pitch+060,180,60,193.229,42.844,13.229
yaw180_pitch+065,180,65,193.152,50.738,13.152
yaw180_pitch+070,180,70,191.598,59.964,11.598
yaw180_pitch+075,180,75,190.155,67.672,10.155
yaw180_pitch+080,180,80,192.233,73.461,12.233
yaw180_pitch+085,180,85,186.272,76.713,6.272
yaw180_pitch+090,180,90,181.863,83.576,1.863
yaw185_pitch-090,185,-90,212.633,-81.595,27.633
yaw185_pitch-085,185,-85,210.839,-79.017,25.839
yaw185_pitch-080,185,-80,209.545,-75.615,24.545
yaw185_pitch-075,185,-75,206.001,-71.209,21.001
yaw185_pitch-070,185,-70,201.471,-70.926,16.471
yaw185_pitch-065,185,-65,197.413,-61.595,12.413
yaw185_pitch-060,185,-60,194.838,-56.761,9.838
yaw185_pitch-055,185,-55,193.409,-53.569,8.409
yaw185_pitch-050,185,-50,194.828,-52.240,9.828
yaw185_pitch-045,185,-45,196.855,-50.230,11.855
yaw185_pitch-040,185,-40,198.279,-49.130,13.279
yaw185_pitch-035,185,-35,199.262,-48.386,14.262
yaw185_pitch-030,185,-30,202.508,-47.346,17.508
yaw185_pitch-025,185,-25,203.929,-46.596,18.929
yaw185_pitch-020,185,-20,200.798,-45.480,15.798
yaw185_pitch-015,185,-15,199.858,-41.525,14.858
yaw185_pitch-010,185,-10,198.295,-35.498,13.295
yaw185_pitch-005,185,-5,199.145,-31.882,14.145
yaw185_pitch+000,185,0,197.497,-23.175,12.497
yaw185_pitch+005,185,5,198.861,-13.122,13.861
yaw185_pitch+010,185,10,195.301,-11.767,10.301
yaw185_pitch+015,185,15,196.093,-6.205,11.093
yaw185_pitch+020,185,20,198.115,2.645,13.115
yaw185_pitch+025,185,25,196.603,12.933,11.603
yaw185_pitch+030,185,30,197.089,15.267,12.089
yaw185_pitch+035,185,35,196.988,14.704,11.988
yaw185_pitch+040,185,40,198.983,21.496,13.983
yaw185_pitch+045,185,45,197.471,27.325,12.471
yaw185_pitch+050,185,50,198.370,30.473,13.370
yaw185_pitch+055,185,55,199.221,38.159,14.221
yaw185_pitch+060,185,60,198.870,45.204,13.870
yaw185_pitch+065,185,65,196.086,51.143,11.086
yaw185_pitch+070,185,70,192.198,59.335,7.198
yaw185_pitch+075,185,75,191.550,68.883,6.550
yaw185_pitch+080,185,80,194.807,73.892,9.807
yaw185_pitch+085,185,85,195.278,76.569,10.278
yaw185_pitch+090,185,90,194.277,79.977,9.277
yaw190_pitch-090,190,-90,217.120,-84.255,27.120
yaw190_pitch-085,190,-85,213.776,-80.016,23.776
yaw190_pitch-080,190,-80,211.741,-78.804,21.741
yaw190_pitch-075,190,-75,208.028,-73.954,18.028
yaw190_pitch-070,190,-70,204.212,-70.062,14.212
yaw190_pitch-065,190,-65,204.257,-60.367,14.257
yaw190_pitch-060,190,-60,196.439,-60.065,6.439
yaw190_pitch-055,190,-55,197.331,-53.821,7.331
yaw190_pitch-050,190,-50,194.750,-53.604,4.750
yaw190_pitch-045,190,-45,202.761,-52.402,12.761
yaw190_pitch-040,190,-40,208.528,-50.079,18.528
yaw190_pitch-035,190,-35,210.004,-50.144,20.004
yaw190_pitch-030,190,-30,209.969,-49.733,19.969
yaw190_pitch-025,190,-25,207.165,-47.586,17.165
yaw190_pitch-020,190,-20,206.805,-45.076,16.805
yaw190_pitch-015,190,-15,203.519,-41.873,13.519
yaw190_pitch-010,190,-10,197.823,-35.440,7.823
yaw190_pitch-005,190,-5,195.477,-32.583,5.477
yaw190_pitch+000,190,0,195.992,-22.251,5.992
yaw190_pitch+005,190,5,200.413,-14.091,10.413
yaw190_pitch+010,190,10,198.529,-10.770,8.529
yaw190_pitch+015,190,15,199.434,-8.196,9.434
yaw190_pitch+020,190,20,200.967,2.476,10.967
yaw190_pitch+025,190,25,197.356,9.349,7.356
yaw190_pitch+030,190,30,197.789,11.366,7.789
yaw190_pitch+035,190,35,199.204,16.334,9.204
yaw190_pitch+040,190,40,197.841,20.286,7.841
yaw190_pitch+045,190,45,198.581,25.813,8.581
yaw190_pitch+050,190,50,199.823,28.771,9.823
yaw190_pitch+055,190,55,199.471,37.171,9.471
yaw190_pitch+060,190,60,199.489,46.111,9.489
yaw190_pitch+065,190,65,197.895,53.017,7.895
yaw190_pitch+070,190,70,196.984,61.344,6.984
yaw190_pitch+075,190,75,196.679,70.916,6.679
yaw190_pitch+080,190,80,197.671,74.732,7.671
yaw190_pitch+085,190,85,198.912,76.063,8.912
yaw190_pitch+090,190,90,198.766,80.132,8.766
yaw195_pitch-090,195,-90,225.277,-80.731,30.277
yaw195_pitch-085,195,-85,222.833,-79.986,27.833
yaw195_pitch-080,195,-80,218.539,-77.251,23.539
yaw195_pitch-075,195,-75,215.962,-75.312,20.962
yaw195_pitch-070,195,-70,210.887,-71.634,15.887
yaw195_pitch-065,195,-65,212.860,-63.168,17.860
yaw195_pitch-060,195,-60,206.745,-59.753,11.745
yaw195_pitch-055,195,-55,216.533,-56.910,21.533
yaw195_pitch-050,195,-50,233.100,-51.157,38.100
yaw195_pitch-045,195,-45,280.891,-51.723,85.891
yaw195_pitch-040,195,-40,301.148,-50.612,106.148
yaw195_pitch-035,195,-35,303.683,-49.146,108.683
yaw195_pitch-030,195,-30,266.651,-50.553,71.651
yaw195_pitch-025,195,-25,235.883,-47.561,40.883
yaw195_pitch-020,195,-20,227.760,-46.016,32.760
yaw195_pitch-015,195,-15,212.516,-40.485,17.516
yaw195_pitch-010,195,-10,201.378,-35.293,6.378
yaw195_pitch-005,195,-5,196.931,-30.124,1.931
yaw195_pitch+000,195,0,196.255,-22.617,1.255
yaw195_pitch+005,195,5,199.717,-13.418,4.717
yaw195_pitch+010,195,10,196.711,-10.432,1.711
yaw195_pitch+015,195,15,203.119,-6.663,8.119
yaw195_pitch+020,195,20,204.117,0.493,9.117
yaw195_pitch+025,195,25,202.024,7.943,7.024
yaw195_pitch+030,195,30,201.259,10.736,6.259
yaw195_pitch+035,195,35,200.928,19.287,5.928
yaw195_pitch+040,195,40,200.921,21.488,5.921
yaw195_pitch+045,195,45,199.092,26.609,4.092
yaw195_pitch+050,195,50,199.587,33.098,4.587
yaw195_pitch+055,195,55,200.661,38.986,5.661
yaw195_pitch+060,195,60,200.480,48.085,5.480
yaw195_pitch+065,195,65,200.860,57.291,5.860
yaw195_pitch+070,195,70,199.926,66.857,4.926
yaw195_pitch+075,195,75,200.367,72.801,5.367
yaw195_pitch+080,195,80,201.518,75.688,6.518
yaw195_pitch+085,195,85,200.538,77.617,5.538
yaw195_pitch+090,195,90,199.091,81.169,4.091
yaw200_pitch-090,200,-90,234.792,-78.255,34.792
yaw200_pitch-085,200,-85,225.859,-78.732,25.859
yaw200_pitch-080,200,-80,225.253,-75.358,25.253
yaw200_pitch-075,200,-75,224.344,-74.726,24.344
yaw200_pitch-070,200,-70,223.438,-68.342,23.438
yaw200_pitch-065,200,-65,227.969,-58.897,27.969
yaw200_pitch-060,200,-60,232.193,-58.741,32.193
yaw200_pitch-055,200,-55,277.848,-55.521,77.848
yaw200_pitch-050,200,-50,324.389,-50.906,124.389
yaw200_pitch-045,200,-45,312.283,-51.186,112.283
yaw200_pitch-040,200,-40,334.904,-51.029,134.904
yaw200_pitch-035,200,-35,336.754,-49.143,136.754
yaw200_pitch-030,200,-30,335.224,-49.392,135.224
yaw200_pitch-025,200,-25,293.430,-47.112,93.430
yaw200_pitch-020,200,-20,323.221,-45.127,123.221
yaw200_pitch-015,200,-15,251.333,-40.193,51.333
yaw200_pitch-010,200,-10,207.700,-34.243,7.700
yaw200_pitch-005,200,-5,198.995,-30.548,1.005
yaw200_pitch+000,200,0,194.582,-22.624,5.418
yaw200_pitch+005,200,5,198.159,-15.665,1.841
yaw200_pitch+010,200,10,199.561,-11.415,0.439
yaw200_pitch+015,200,15,206.157,-10.067,6.157
yaw200_pitch+020,200,20,206.182,0.959,6.182
yaw200_pitch+025,200,25,203.498,7.346,3.498
yaw200_pitch+030,200,30,201.189,9.397,1.189
yaw200_pitch+035,200,35,202.729,13.619,2.729
yaw200_pitch+040,200,40,201.507,19.882,1.507
yaw200_pitch+045,200,45,198.254,30.313,1.746
yaw200_pitch+050,200,50,200.500,37.089,0.500
yaw200_pitch+055,200,55,202.125,43.417,2.125
yaw200_pitch+060,200,60,201.765,53.012,1.765
yaw200_pitch+065,200,65,201.986,60.365,1.986
yaw200_pitch+070,200,70,202.097,70.668,2.097
yaw200_pitch+075,200,75,203.881,76.018,3.881
yaw200_pitch+080,200,80,205.734,79.097,5.734
yaw200_pitch+085,200,85,204.533,83.416,4.533
yaw200_pitch+090,200,90,201.699,86.326,1.699
yaw205_pitch-090,205,-90,232.486,-75.091,27.486
yaw205_pitch-085,205,-85,228.196,-76.286,23.196
yaw205_pitch-080,205,-80,227.285,-72.861,22.285
yaw205_pitch-075,205,-75,228.658,-70.570,23.658
yaw205_pitch-070,205,-70,226.519,-67.328,21.519
yaw205_pitch-065,205,-65,232.500,-61.788,27.500
yaw205_pitch-060,205,-60,247.701,-55.880,42.701
yaw205_pitch-055,205,-55,254.122,-52.948,49.122
yaw205_pitch-050,205,-50,286.105,-49.523,81.105
yaw205_pitch-045,205,-45,316.476,-49.602,111.476
yaw205_pitch-040,205,-40,318.853,-49.665,113.853
yaw205_pitch-035,205,-35,318.715,-48.941,113.715
yaw205_pitch-030,205,-30,322.333,-47.163,117.333
yaw205_pitch-025,205,-25,328.024,-46.894,123.024
yaw205_pitch-020,205,-20,321.787,-43.773,116.787
yaw205_pitch-015,205,-15,251.130,-39.586,46.130
yaw205_pitch-010,205,-10,258.426,-35.070,53.426
yaw205_pitch-005,205,-5,212.309,-28.501,7.309
yaw205_pitch+000,205,0,201.557,-23.624,3.443
yaw205_pitch+005,205,5,202.905,-19.040,2.095
yaw205_pitch+010,205,10,206.482,-11.029,1.482
yaw205_pitch+015,205,15,207.625,-11.221,2.625
yaw205_pitch+020,205,20,208.201,1.138,3.201
yaw205_pitch+025,205,25,204.960,5.900,0.040
yaw205_pitch+030,205,30,204.055,6.436,0.945
yaw205_pitch+035,205,35,203.031,11.778,1.969
yaw205_pitch+040,205,40,201.197,21.715,3.803
yaw205_pitch+045,205,45,202.195,32.239,2.805
yaw205_pitch+050,205,50,200.328,41.530,4.672
yaw205_pitch+055,205,55,200.809,47.753,4.191
yaw205_pitch+060,205,60,203.439,56.745,1.561
yaw205_pitch+065,205,65,204.703,64.473,0.297
yaw205_pitch+070,205,70,204.509,73.224,0.491
yaw205_pitch+075,205,75,205.994,77.805,0.994
yaw205_pitch+080,205,80,206.958,80.597,1.958
yaw205_pitch+085,205,85,208.547,86.089,3.547
yaw205_pitch+090,205,90,210.280,88.688,5.280
yaw210_pitch-090,210,-90,228.656,-77.424,18.656
yaw210_pitch-085,210,-85,227.621,-74.814,17.621
yaw210_pitch-080,210,-80,227.594,-74.252,17.594
yaw210_pitch-075,210,-75,228.782,-71.212,18.782
yaw210_pitch-070,210,-70,231.261,-63.816,21.261
yaw210_pitch-065,210,-65,231.858,-53.220,21.858
yaw210_pitch-060,210,-60,234.329,-53.547,24.329
yaw210_pitch-055,210,-55,235.751,-51.175,25.751
yaw210_pitch-050,210,-50,244.530,-48.264,34.530
yaw210_pitch-045,210,-45,246.478,-45.281,36.478
yaw210_pitch-040,210,-40,275.654,-46.218,65.654
yaw210_pitch-035,210,-35,305.289,-47.803,95.289
yaw210_pitch-030,210,-30,289.770,-45.181,79.770
yaw210_pitch-025,210,-25,295.452,-44.339,85.452
yaw210_pitch-020,210,-20,317.853,-44.593,107.853
yaw210_pitch-015,210,-15,292.098,-37.785,82.098
yaw210_pitch-010,210,-10,278.411,-34.222,68.411
yaw210_pitch-005,210,-5,227.148,-28.263,17.148
yaw210_pitch+000,210,0,218.280,-21.453,8.280
yaw210_pitch+005,210,5,221.917,-19.019,11.917
yaw210_pitch+010,210,10,211.114,-12.101,1.114
yaw210_pitch+015,210,15,212.501,-10.856,2.501
yaw210_pitch+020,210,20,209.757,1.975,0.243
yaw210_pitch+025,210,25,207.095,5.576,2.905
yaw210_pitch+030,210,30,204.113,7.355,5.887
yaw210_pitch+035,210,35,204.627,12.429,5.373
yaw210_pitch+040,210,40,202.864,20.582,7.136
yaw210_pitch+045,210,45,203.466,35.618,6.534
yaw210_pitch+050,210,50,201.368,45.492,8.632
yaw210_pitch+055,210,55,201.429,52.714,8.571
yaw210_pitch+060,210,60,204.264,58.770,5.736
yaw210_pitch+065,210,65,205.433,68.081,4.567
yaw210_pitch+070,210,70,205.967,74.471,4.033
yaw210_pitch+075,210,75,206.544,77.513,3.456
yaw210_pitch+080,210,80,207.834,82.667,2.166
yaw210_pitch+085,210,85,208.099,87.247,1.901
yaw210_pitch+090,210,90,210.605,90.000,0.605
yaw215_pitch-090,215,-90,227.357,-78.732,12.357
yaw215_pitch-085,215,-85,229.545,-74.915,14.545
yaw215_pitch-080,215,-80,233.868,-66.990,18.868
yaw215_pitch-075,215,-75,233.825,-57.479,18.825
yaw215_pitch-070,215,-70,232.630,-56.544,17.630
yaw215_pitch-065,215,-65,229.459,-54.930,14.459
yaw215_pitch-060,215,-60,229.977,-54.668,14.977
yaw215_pitch-055,215,-55,234.503,-50.398,19.503
yaw215_pitch-050,215,-50,241.504,-48.243,26.504
yaw215_pitch-045,215,-45,257.284,-44.428,42.284
yaw215_pitch-040,215,-40,273.082,-42.570,58.082
yaw215_pitch-035,215,-35,272.854,-45.515,57.854
yaw215_pitch-030,215,-30,255.436,-44.867,40.436
yaw215_pitch-025,215,-25,268.930,-42.238,53.930
yaw215_pitch-020,215,-20,275.875,-42.219,60.875
yaw215_pitch-015,215,-15,270.094,-35.936,55.094
yaw215_pitch-010,215,-10,282.899,-34.018,67.899
yaw215_pitch-005,215,-5,263.384,-27.973,48.384
yaw215_pitch+000,215,0,255.567,-20.426,40.567
yaw215_pitch+005,215,5,224.084,-15.741,9.084
yaw215_pitch+010,215,10,217.872,-11.351,2.872
yaw215_pitch+015,215,15,217.422,-11.490,2.422
yaw215_pitch+020,215,20,215.148,1.296,0.148
yaw215_pitch+025,215,25,215.071,7.015,0.071
yaw215_pitch+030,215,30,208.705,8.110,6.295
yaw215_pitch+035,215,35,204.496,12.543,10.504
yaw215_pitch+040,215,40,201.388,22.119,13.612
yaw215_pitch+045,215,45,201.464,36.844,13.536
yaw215_pitch+050,215,50,203.750,49.725,11.250
yaw215_pitch+055,215,55,202.284,55.330,12.716
yaw215_pitch+060,215,60,203.251,62.692,11.749
yaw215_pitch+065,215,65,206.098,66.536,8.902
yaw215_pitch+070,215,70,208.127,73.297,6.873
yaw215_pitch+075,215,75,208.721,75.607,6.279
yaw215_pitch+080,215,80,209.430,83.265,5.570
yaw215_pitch+085,215,85,210.259,87.794,4.741
yaw215_pitch+090,215,90,212.809,90.000,2.191
yaw220_pitch-090,220,-90,231.703,-72.050,11.703
yaw220_pitch-085,220,-85,229.069,-66.711,9.069
yaw220_pitch-080,220,-80,226.349,-75.361,6.349
yaw220_pitch-075,220,-75,225.902,-76.897,5.902
yaw220_pitch-070,220,-70,230.042,-74.592,10.042
yaw220_pitch-065,220,-65,279.134,-76.725,59.134
yaw220_pitch-060,220,-60,314.936,-83.087,94.936
yaw220_pitch-055,220,-55,314.999,-82.468,94.999
yaw220_pitch-050,220,-50,315.000,-89.347,95.000
yaw220_pitch-045,220,-45,315.000,-76.788,95.000
yaw220_pitch-040,220,-40,315.000,-88.227,95.000
yaw220_pitch-035,220,-35,315.000,-90.000,95.000
yaw220_pitch-030,220,-30,301.154,-57.824,81.154
yaw220_pitch-025,220,-25,287.088,-42.586,67.088
yaw220_pitch-020,220,-20,307.759,-40.823,87.759
yaw220_pitch-015,220,-15,307.900,-36.390,87.900
yaw220_pitch-010,220,-10,285.399,-33.395,65.399
yaw220_pitch-005,220,-5,249.081,-27.955,29.081
yaw220_pitch+000,220,0,242.709,-19.995,22.709
yaw220_pitch+005,220,5,232.896,-16.253,12.896
yaw220_pitch+010,220,10,224.775,-13.289,4.775
yaw220_pitch+015,220,15,222.870,-10.853,2.870
yaw220_pitch+020,220,20,221.021,-0.222,1.021
yaw220_pitch+025,220,25,219.057,3.365,0.943
yaw220_pitch+030,220,30,210.205,8.409,9.795
yaw220_pitch+035,220,35,207.145,13.415,12.855
yaw220_pitch+040,220,40,205.784,27.694,14.216
yaw220_pitch+045,220,45,202.836,39.971,17.164
yaw220_pitch+050,220,50,203.179,49.046,16.821
yaw220_pitch+055,220,55,202.345,54.073,17.655
yaw220_pitch+060,220,60,203.102,60.913,16.898
yaw220_pitch+065,220,65,205.876,67.304,14.124
yaw220_pitch+070,220,70,208.414,70.558,11.586
yaw220_pitch+075,220,75,209.452,76.400,10.548
yaw220_pitch+080,220,80,210.695,83.558,9.305
yaw220_pitch+085,220,85,212.070,89.715,7.930
yaw220_pitch+090,220,90,215.060,90.000,4.940
yaw225_pitch-090,225,-90,233.129,-72.258,8.129
yaw225_pitch-085,225,-85,229.591,-69.061,4.591
yaw225_pitch-080,225,-80,227.441,-77.316,2.441
yaw225_pitch-075,225,-75,250.978,-76.558,25.978
yaw225_pitch-070,225,-70,314.796,-86.524,89.796
yaw225_pitch-065,225,-65,314.999,-85.444,89.999
yaw225_pitch-060,225,-60,315.000,-77.682,90.000
yaw225_pitch-055,225,-55,315.000,-65.668,90.000
yaw225_pitch-050,225,-50,315.000,-90.000,90.000
yaw225_pitch-045,225,-45,315.000,-83.165,90.000
yaw225_pitch-040,225,-40,315.000,-90.000,90.000
yaw225_pitch-035,225,-35,315.000,-90.000,90.000
yaw225_pitch-030,225,-30,315.000,-90.000,90.000
yaw225_pitch-025,225,-25,315.000,-90.000,90.000
yaw225_pitch-020,225,-20,315.000,-90.000,90.000
yaw225_pitch-015,225,-15,315.002,-77.374,90.002
yaw225_pitch-010,225,-10,314.974,-47.426,89.974
yaw225_pitch-005,225,-5,301.166,-34.625,76.166
yaw225_pitch+000,225,0,283.566,-24.199,58.566
yaw225_pitch+005,225,5,242.778,-20.305,17.778
yaw225_pitch+010,225,10,235.259,-14.981,10.259
yaw225_pitch+015,225,15,226.922,-14.808,1.922
yaw225_pitch+020,225,20,228.864,-3.109,3.864
yaw225_pitch+025,225,25,225.059,1.047,0.059
yaw225_pitch+030,225,30,217.273,9.782,7.727
yaw225_pitch+035,225,35,213.044,14.476,11.956
yaw225_pitch+040,225,40,213.117,26.140,11.883
yaw225_pitch+045,225,45,209.683,37.178,15.317
yaw225_pitch+050,225,50,205.723,47.099,19.277
yaw225_pitch+055,225,55,203.481,52.920,21.519
yaw225_pitch+060,225,60,206.279,58.934,18.721
yaw225_pitch+065,225,65,208.524,65.897,16.476
yaw225_pitch+070,225,70,208.607,72.845,16.393
yaw225_pitch+075,225,75,211.810,77.626,13.190
yaw225_pitch+080,225,80,214.708,84.899,10.292
yaw225_pitch+085,225,85,215.455,90.000,9.545
yaw225_pitch+090,225,90,217.421,90.000,7.579
yaw230_pitch-090,230,-90,237.849,-74.785,7.849
yaw230_pitch-085,230,-85,241.238,-67.234,11.238
yaw230_pitch-080,230,-80,238.770,-62.686,8.770
yaw230_pitch-075,230,-75,233.675,-61.937,3.675
yaw230_pitch-070,230,-70,240.288,-61.537,10.288
yaw230_pitch-065,230,-65,314.502,-66.251,84.502
yaw230_pitch-060,230,-60,315.000,-61.306,85.000
yaw230_pitch-055,230,-55,315.000,-62.688,85.000
yaw230_pitch-050,230,-50,315.000,-74.391,85.000
yaw230_pitch-045,230,-45,315.000,-80.046,85.000
yaw230_pitch-040,230,-40,315.000,-74.949,85.000
yaw230_pitch-035,230,-35,315.000,-90.000,85.000
yaw230_pitch-030,230,-30,315.000,-90.000,85.000
yaw230_pitch-025,230,-25,315.000,-90.000,85.000
yaw230_pitch-020,230,-20,315.000,-90.000,85.000
yaw230_pitch-015,230,-15,315.000,-79.607,85.000
yaw230_pitch-010,230,-10,315.000,-86.415,85.000
yaw230_pitch-005,230,-5,315.000,-90.000,85.000
yaw230_pitch+000,230,0,315.000,-48.673,85.000
yaw230_pitch+005,230,5,315.002,-46.846,85.002
yaw230_pitch+010,230,10,300.508,-39.478,70.508
yaw230_pitch+015,230,15,265.702,-22.593,35.702
yaw230_pitch+020,230,20,246.791,-9.352,16.791
yaw230_pitch+025,230,25,232.262,-4.738,2.262
yaw230_pitch+030,230,30,227.624,5.922,2.376
yaw230_pitch+035,230,35,227.074,9.971,2.926
yaw230_pitch+040,230,40,226.442,20.467,3.558
yaw230_pitch+045,230,45,220.900,29.767,9.100
yaw230_pitch+050,230,50,214.557,39.780,15.443
yaw230_pitch+055,230,55,210.570,47.286,19.430
yaw230_pitch+060,230,60,212.728,55.073,17.272
yaw230_pitch+065,230,65,213.373,64.702,16.627
yaw230_pitch+070,230,70,214.057,72.573,15.943
yaw230_pitch+075,230,75,216.436,79.583,13.564
yaw230_pitch+080,230,80,218.186,86.690,11.814
yaw230_pitch+085,230,85,218.937,90.000,11.063
yaw230_pitch+090,230,90,220.655,90.000,9.345
yaw235_pitch-090,235,-90,243.924,-73.917,8.924
yaw235_pitch-085,235,-85,242.292,-70.234,7.292
yaw235_pitch-080,235,-80,243.388,-68.146,8.388
yaw235_pitch-075,235,-75,246.595,-64.151,11.595
yaw235_pitch-070,235,-70,252.839,-53.754,17.839
yaw235_pitch-065,235,-65,257.130,-53.945,22.130
yaw235_pitch-060,235,-60,249.346,-53.327,14.346
yaw235_pitch-055,235,-55,274.510,-60.244,39.510
yaw235_pitch-050,235,-50,314.981,-58.582,79.981
yaw235_pitch-045,235,-45,315.000,-66.854,80.000
yaw235_pitch-040,235,-40,315.000,-72.594,80.000
yaw235_pitch-035,235,-35,315.000,-88.844,80.000
yaw235_pitch-030,235,-30,315.000,-90.000,80.000
yaw235_pitch-025,235,-25,315.000,-90.000,80.000
yaw235_pitch-020,235,-20,315.000,-90.000,80.000
yaw235_pitch-015,235,-15,315.000,-90.000,80.000
yaw235_pitch-010,235,-10,315.000,-63.625,80.000
yaw235_pitch-005,235,-5,315.000,-88.402,80.000
yaw235_pitch+000,235,0,315.000,-60.561,80.000
yaw235_pitch+005,235,5,315.000,-47.070,80.000
yaw235_pitch+010,235,10,315.000,-47.997,80.000
yaw235_pitch+015,235,15,315.000,-60.033,80.000
yaw235_pitch+020,235,20,315.000,-65.034,80.000
yaw235_pitch+025,235,25,314.819,-56.275,79.819
yaw235_pitch+030,235,30,280.807,-41.582,45.807
yaw235_pitch+035,235,35,255.268,-9.664,20.268
yaw235_pitch+040,235,40,255.516,10.959,20.516
yaw235_pitch+045,235,45,232.593,19.263,2.407
yaw235_pitch+050,235,50,218.961,31.682,16.039
yaw235_pitch+055,235,55,221.128,40.403,13.872
yaw235_pitch+060,235,60,218.787,48.097,16.213
yaw235_pitch+065,235,65,219.439,60.284,15.561
yaw235_pitch+070,235,70,217.535,71.010,17.465
yaw235_pitch+075,235,75,219.068,78.850,15.932
yaw235_pitch+080,235,80,220.444,87.644,14.556
yaw235_pitch+085,235,85,222.447,90.000,12.553
yaw235_pitch+090,235,90,225.636,90.000,9.364
yaw240_pitch-090,240,-90,261.606,-69.965,21.606
yaw240_pitch-085,240,-85,250.500,-73.052,10.500
yaw240_pitch-080,240,-80,255.807,-69.073,15.807
yaw240_pitch-075,240,-75,252.549,-67.503,12.549
yaw240_pitch-070,240,-70,261.558,-67.643,21.558
yaw240_pitch-065,240,-65,255.418,-60.246,15.418
yaw240_pitch-060,240,-60,258.027,-57.658,18.027
yaw240_pitch-055,240,-55,252.109,-53.027,12.109
yaw240_pitch-050,240,-50,259.954,-48.705,19.954
yaw240_pitch-045,240,-45,272.726,-47.266,32.726
yaw240_pitch-040,240,-40,275.927,-47.136,35.927
yaw240_pitch-035,240,-35,297.387,-49.461,57.387
yaw240_pitch-030,240,-30,314.998,-60.102,74.998
yaw240_pitch-025,240,-25,315.000,-82.075,75.000
yaw240_pitch-020,240,-20,315.000,-90.000,75.000
yaw240_pitch-015,240,-15,315.000,-90.000,75.000
yaw240_pitch-010,240,-10,315.000,-80.421,75.000
yaw240_pitch-005,240,-5,315.000,-82.463,75.000
yaw240_pitch+000,240,0,315.000,-62.816,75.000
yaw240_pitch+005,240,5,315.000,-52.476,75.000
yaw240_pitch+010,240,10,315.000,-53.057,75.000
yaw240_pitch+015,240,15,315.000,-56.718,75.000
yaw240_pitch+020,240,20,315.000,-54.910,75.000
yaw240_pitch+025,240,25,315.000,-60.375,75.000
yaw240_pitch+030,240,30,315.000,-70.762,75.000
yaw240_pitch+035,240,35,315.000,-60.520,75.000
yaw240_pitch+040,240,40,315.001,-90.000,75.001
yaw240_pitch+045,240,45,311.540,-80.474,71.540
yaw240_pitch+050,240,50,246.788,-48.791,6.788
yaw240_pitch+055,240,55,222.429,29.139,17.571
yaw240_pitch+060,240,60,245.964,36.844,5.964
yaw240_pitch+065,240,65,238.318,49.611,1.682
yaw240_pitch+070,240,70,223.059,68.701,16.941
yaw240_pitch+075,240,75,220.408,79.995,19.592
yaw240_pitch+080,240,80,222.853,86.857,17.147
yaw240_pitch+085,240,85,225.494,90.000,14.506
yaw240_pitch+090,240,90,227.428,90.000,12.572
yaw245_pitch-090,245,-90,277.291,-70.633,32.291
yaw245_pitch-085,245,-85,261.332,-74.728,16.332
yaw245_pitch-080,245,-80,267.165,-72.057,22.165
yaw245_pitch-075,245,-75,270.810,-71.649,25.810
yaw245_pitch-070,245,-70,273.249,-67.858,28.249
yaw245_pitch-065,245,-65,269.543,-65.978,24.543
yaw245_pitch-060,245,-60,273.449,-61.284,28.449
yaw245_pitch-055,245,-55,262.680,-57.923,17.680
yaw245_pitch-050,245,-50,266.652,-56.804,21.652
yaw245_pitch-045,245,-45,265.637,-49.427,20.637
yaw245_pitch-040,245,-40,265.934,-50.272,20.934
yaw245_pitch-035,245,-35,265.032,-42.770,20.032
yaw245_pitch-030,245,-30,268.562,-42.602,23.562
yaw245_pitch-025,245,-25,278.433,-40.254,33.433
yaw245_pitch-020,245,-20,292.745,-40.602,47.745
yaw245_pitch-015,245,-15,314.888,-45.625,69.888
yaw245_pitch-010,245,-10,315.003,-53.852,70.003
yaw245_pitch-005,245,-5,315.000,-61.344,70.000
yaw245_pitch+000,245,0,315.000,-67.248,70.000
yaw245_pitch+005,245,5,315.000,-62.563,70.000
yaw245_pitch+010,245,10,315.000,-84.808,70.000
yaw245_pitch+015,245,15,315.000,-69.388,70.000
yaw245_pitch+020,245,20,315.000,-90.000,70.000
yaw245_pitch+025,245,25,315.000,-90.000,70.000
yaw245_pitch+030,245,30,315.000,-90.000,70.000
yaw245_pitch+035,245,35,315.000,-85.111,70.000
yaw245_pitch+040,245,40,315.000,-60.588,70.000
yaw245_pitch+045,245,45,315.000,-62.010,70.000
yaw245_pitch+050,245,50,315.042,-71.814,70.042
yaw245_pitch+055,245,55,315.726,-90.000,70.726
yaw245_pitch+060,245,60,343.249,-90.000,98.249
yaw245_pitch+065,245,65,168.971,-90.000,76.029
yaw245_pitch+070,245,70,164.395,90.000,80.605
yaw245_pitch+075,245,75,219.557,90.000,25.443
yaw245_pitch+080,245,80,236.546,84.008,8.454
yaw245_pitch+085,245,85,232.815,90.000,12.185
yaw245_pitch+090,245,90,232.726,90.000,12.274
yaw250_pitch-090,250,-90,288.491,-72.471,38.491
yaw250_pitch-085,250,-85,273.995,-77.868,23.995
yaw250_pitch-080,250,-80,273.658,-77.060,23.658
yaw250_pitch-075,250,-75,279.873,-77.571,29.873
yaw250_pitch-070,250,-70,286.030,-72.108,36.030
yaw250_pitch-065,250,-65,276.761,-64.160,26.761
yaw250_pitch-060,250,-60,287.807,-63.561,37.807
yaw250_pitch-055,250,-55,282.943,-58.294,32.943
yaw250_pitch-050,250,-50,279.275,-55.517,29.275
yaw250_pitch-045,250,-45,284.943,-54.269,34.943
yaw250_pitch-040,250,-40,275.675,-51.601,25.675
yaw250_pitch-035,250,-35,271.137,-46.474,21.137
yaw250_pitch-030,250,-30,262.996,-41.714,12.996
yaw250_pitch-025,250,-25,268.525,-39.005,18.525
yaw250_pitch-020,250,-20,263.474,-34.716,13.474
yaw250_pitch-015,250,-15,268.239,-30.689,18.239
yaw250_pitch-010,250,-10,273.282,-29.419,23.282
yaw250_pitch-005,250,-5,284.892,-21.759,34.892
yaw250_pitch+000,250,0,301.991,-22.514,51.991
yaw250_pitch+005,250,5,316.276,-43.471,66.276
yaw250_pitch+010,250,10,315.035,-53.671,65.035
yaw250_pitch+015,250,15,315.000,-84.731,65.000
yaw250_pitch+020,250,20,315.000,-90.000,65.000
yaw250_pitch+025,250,25,315.000,-90.000,65.000
yaw250_pitch+030,250,30,315.000,-90.000,65.000
yaw250_pitch+035,250,35,315.000,-90.000,65.000
yaw250_pitch+040,250,40,315.000,-90.000,65.000
yaw250_pitch+045,250,45,315.000,-90.000,65.000
yaw250_pitch+050,250,50,315.000,-90.000,65.000
yaw250_pitch+055,250,55,315.000,-90.000,65.000
yaw250_pitch+060,250,60,315.001,-90.000,65.001
yaw250_pitch+065,250,65,315.068,-90.000,65.068
yaw250_pitch+070,250,70,345.308,-90.000,95.308
yaw250_pitch+075,250,75,185.629,-90.000,64.371
yaw250_pitch+080,250,80,204.854,90.000,45.146
yaw250_pitch+085,250,85,235.058,90.000,14.942
yaw250_pitch+090,250,90,239.496,90.000,10.504
yaw255_pitch-090,255,-90,293.973,-75.751,38.973
yaw255_pitch-085,255,-85,282.054,-79.108,27.054
yaw255_pitch-080,255,-80,284.112,-83.641,29.112
yaw255_pitch-075,255,-75,282.398,-78.047,27.398
yaw255_pitch-070,255,-70,290.749,-74.371,35.749
yaw255_pitch-065,255,-65,284.047,-65.813,29.047
yaw255_pitch-060,255,-60,283.934,-63.752,28.934
yaw255_pitch-055,255,-55,287.381,-56.338,32.381
yaw255_pitch-050,255,-50,288.813,-54.133,33.813
yaw255_pitch-045,255,-45,291.688,-55.110,36.688
yaw255_pitch-040,255,-40,282.493,-48.547,27.493
yaw255_pitch-035,255,-35,284.008,-46.665,29.008
yaw255_pitch-030,255,-30,272.157,-42.723,17.157
yaw255_pitch-025,255,-25,271.570,-35.679,16.570
yaw255_pitch-020,255,-20,272.867,-30.144,17.867
yaw255_pitch-015,255,-15,278.324,-28.767,23.324
yaw255_pitch-010,255,-10,283.444,-18.574,28.444
yaw255_pitch-005,255,-5,287.260,-12.451,32.260
yaw255_pitch+000,255,0,285.505,-6.786,30.505
yaw255_pitch+005,255,5,298.652,-5.899,43.652
yaw255_pitch+010,255,10,312.359,-4.251,57.359
yaw255_pitch+015,255,15,319.746,-6.204,64.746
yaw255_pitch+020,255,20,324.377,-16.795,69.377
yaw255_pitch+025,255,25,316.323,-48.717,61.323
yaw255_pitch+030,255,30,315.014,-90.000,60.014
yaw255_pitch+035,255,35,315.000,-90.000,60.000
yaw255_pitch+040,255,40,315.000,-90.000,60.000
yaw255_pitch+045,255,45,315.000,-90.000,60.000
yaw255_pitch+050,255,50,315.000,-90.000,60.000
yaw255_pitch+055,255,55,315.000,-90.000,60.000
yaw255_pitch+060,255,60,315.000,-90.000,60.000
yaw255_pitch+065,255,65,315.008,-90.000,60.008
yaw255_pitch+070,255,70,315.010,-90.000,60.010
yaw255_pitch+075,255,75,315.365,-90.000,60.365
yaw255_pitch+080,255,80,224.642,90.000,30.358
yaw255_pitch+085,255,85,229.754,90.000,25.246
yaw255_pitch+090,255,90,244.673,90.000,10.327
yaw260_pitch-090,260,-90,279.003,-72.449,19.003
yaw260_pitch-085,260,-85,278.920,-79.780,18.920
yaw260_pitch-080,260,-80,279.434,-80.521,19.434
yaw260_pitch-075,260,-75,284.305,-81.744,24.305
yaw260_pitch-070,260,-70,292.765,-71.730,32.765
yaw260_pitch-065,260,-65,293.246,-64.873,33.246
yaw260_pitch-060,260,-60,293.772,-60.386,33.772
yaw260_pitch-055,260,-55,296.166,-58.370,36.166
yaw260_pitch-050,260,-50,299.679,-55.093,39.679
yaw260_pitch-045,260,-45,299.080,-51.617,39.080
yaw260_pitch-040,260,-40,297.228,-47.994,37.228
yaw260_pitch-035,260,-35,294.285,-46.319,34.285
yaw260_pitch-030,260,-30,284.889,-45.095,24.889
yaw260_pitch-025,260,-25,286.857,-38.828,26.857
yaw260_pitch-020,260,-20,285.725,-31.909,25.725
yaw260_pitch-015,260,-15,280.108,-25.920,20.108
yaw260_pitch-010,260,-10,294.802,-22.516,34.802
yaw260_pitch-005,260,-5,305.523,-10.007,45.523
yaw260_pitch+000,260,0,301.178,-1.021,41.178
yaw260_pitch+005,260,5,308.943,-0.470,48.943
yaw260_pitch+010,260,10,304.610,3.482,44.610
yaw260_pitch+015,260,15,305.135,4.227,45.135
yaw260_pitch+020,260,20,307.956,6.011,47.956
yaw260_pitch+025,260,25,313.336,9.856,53.336
yaw260_pitch+030,260,30,322.342,12.170,62.342
yaw260_pitch+035,260,35,325.707,14.645,65.707
yaw260_pitch+040,260,40,329.442,10.594,69.442
yaw260_pitch+045,260,45,326.413,2.809,66.413
yaw260_pitch+050,260,50,319.071,-12.284,59.071
yaw260_pitch+055,260,55,316.743,-90.000,56.743
yaw260_pitch+060,260,60,315.977,-90.000,55.977
yaw260_pitch+065,260,65,316.854,90.000,56.854
yaw260_pitch+070,260,70,310.707,90.000,50.707
yaw260_pitch+075,260,75,271.272,89.120,11.272
yaw260_pitch+080,260,80,251.737,76.080,8.263
yaw260_pitch+085,260,85,246.505,84.686,13.495
yaw260_pitch+090,260,90,238.119,90.000,21.881
yaw265_pitch-090,265,-90,272.287,-72.933,7.287
yaw265_pitch-085,265,-85,269.673,-73.788,4.673
yaw265_pitch-080,265,-80,270.749,-80.290,5.749
yaw265_pitch-075,265,-75,281.199,-79.662,16.199
yaw265_pitch-070,265,-70,286.508,-73.312,21.508
yaw265_pitch-065,265,-65,292.502,-62.333,27.502
yaw265_pitch-060,265,-60,294.159,-60.554,29.159
yaw265_pitch-055,265,-55,297.996,-55.902,32.996
yaw265_pitch-050,265,-50,299.219,-54.461,34.219
yaw265_pitch-045,265,-45,303.789,-50.667,38.789
yaw265_pitch-040,265,-40,303.380,-48.441,38.380
yaw265_pitch-035,265,-35,302.490,-45.400,37.490
yaw265_pitch-030,265,-30,299.940,-44.462,34.940
yaw265_pitch-025,265,-25,297.017,-37.633,32.017
yaw265_pitch-020,265,-20,290.703,-33.188,25.703
yaw265_pitch-015,265,-15,305.838,-22.852,40.838
yaw265_pitch-010,265,-10,304.913,-16.322,39.913
yaw265_pitch-005,265,-5,314.227,-4.883,49.227
yaw265_pitch+000,265,0,313.335,0.332,48.335
yaw265_pitch+005,265,5,318.282,1.938,53.282
yaw265_pitch+010,265,10,315.430,4.965,50.430
yaw265_pitch+015,265,15,316.517,6.686,51.517
yaw265_pitch+020,265,20,314.882,9.958,49.882
yaw265_pitch+025,265,25,309.044,14.335,44.044
yaw265_pitch+030,265,30,308.473,16.874,43.473
yaw265_pitch+035,265,35,305.068,22.993,40.068
yaw265_pitch+040,265,40,310.272,26.731,45.272
yaw265_pitch+045,265,45,309.465,30.135,44.465
yaw265_pitch+050,265,50,303.703,31.403,38.703
yaw265_pitch+055,265,55,305.327,33.055,40.327
yaw265_pitch+060,265,60,293.576,37.618,28.576
yaw265_pitch+065,265,65,277.442,51.880,12.442
yaw265_pitch+070,265,70,262.450,61.341,2.550
yaw265_pitch+075,265,75,250.159,72.507,14.841
yaw265_pitch+080,265,80,247.208,78.734,17.792
yaw265_pitch+085,265,85,242.183,85.423,22.817
yaw265_pitch+090,265,90,236.094,90.000,28.906
yaw270_pitch-090,270,-90,272.764,-75.810,2.764
yaw270_pitch-085,270,-85,273.197,-79.051,3.197
yaw270_pitch-080,270,-80,276.948,-82.556,6.948
yaw270_pitch-075,270,-75,280.820,-73.654,10.820
yaw270_pitch-070,270,-70,290.959,-65.122,20.959
yaw270_pitch-065,270,-65,291.437,-58.357,21.437
yaw270_pitch-060,270,-60,298.643,-58.367,28.643
yaw270_pitch-055,270,-55,300.409,-56.404,30.409
yaw270_pitch-050,270,-50,305.827,-53.196,35.827
yaw270_pitch-045,270,-45,302.733,-49.987,32.733
yaw270_pitch-040,270,-40,303.416,-47.623,33.416
yaw270_pitch-035,270,-35,305.610,-46.317,35.610
yaw270_pitch-030,270,-30,304.175,-44.849,34.175
yaw270_pitch-025,270,-25,304.783,-41.872,34.783
yaw270_pitch-020,270,-20,305.667,-31.638,35.667
yaw270_pitch-015,270,-15,312.862,-23.066,42.862
yaw270_pitch-010,270,-10,313.537,-11.184,43.537
yaw270_pitch-005,270,-5,316.276,-2.864,46.276
yaw270_pitch+000,270,0,321.054,3.484,51.054
yaw270_pitch+005,270,5,320.505,5.563,50.505
yaw270_pitch+010,270,10,316.249,6.864,46.249
yaw270_pitch+015,270,15,314.596,9.041,44.596
yaw270_pitch+020,270,20,315.366,13.403,45.366
yaw270_pitch+025,270,25,311.538,14.756,41.538
yaw270_pitch+030,270,30,307.568,19.098,37.568
yaw270_pitch+035,270,35,304.642,24.241,34.642
yaw270_pitch+040,270,40,296.345,28.372,26.345
yaw270_pitch+045,270,45,289.547,32.104,19.547
yaw270_pitch+050,270,50,293.486,32.663,23.486
yaw270_pitch+055,270,55,290.427,35.121,20.427
yaw270_pitch+060,270,60,274.458,38.472,4.458
yaw270_pitch+065,270,65,260.937,51.160,9.063
yaw270_pitch+070,270,70,258.685,62.858,11.315
yaw270_pitch+075,270,75,252.866,68.478,17.134
yaw270_pitch+080,270,80,251.399,78.381,18.601
yaw270_pitch+085,270,85,255.676,84.182,14.324
yaw270_pitch+090,270,90,245.355,90.000,24.645
yaw275_pitch-090,275,-90,280.711,-78.818,5.711
yaw275_pitch-085,275,-85,279.049,-82.781,4.049
yaw275_pitch-080,275,-80,282.481,-81.296,7.481
yaw275_pitch-075,275,-75,287.451,-79.240,12.451
yaw275_pitch-070,275,-70,292.232,-69.989,17.232
yaw275_pitch-065,275,-65,298.358,-59.926,23.358
yaw275_pitch-060,275,-60,302.130,-60.203,27.130
yaw275_pitch-055,275,-55,306.754,-54.285,31.754
yaw275_pitch-050,275,-50,308.301,-51.207,33.301
yaw275_pitch-045,275,-45,311.285,-49.577,36.285
yaw275_pitch-040,275,-40,311.257,-46.960,36.257
yaw275_pitch-035,275,-35,311.981,-45.860,36.981
yaw275_pitch-030,275,-30,312.285,-44.909,37.285
yaw275_pitch-025,275,-25,312.002,-38.742,37.002
yaw275_pitch-020,275,-20,311.971,-30.657,36.971
yaw275_pitch-015,275,-15,317.186,-17.351,42.186
yaw275_pitch-010,275,-10,314.294,-9.435,39.294
yaw275_pitch-005,275,-5,317.433,-1.419,42.433
yaw275_pitch+000,275,0,317.811,3.663,42.811
yaw275_pitch+005,275,5,322.829,6.068,47.829
yaw275_pitch+010,275,10,320.673,8.302,45.673
yaw275_pitch+015,275,15,319.175,10.216,44.175
yaw275_pitch+020,275,20,313.394,16.470,38.394
yaw275_pitch+025,275,25,307.016,18.326,32.016
yaw275_pitch+030,275,30,305.049,22.870,30.049
yaw275_pitch+035,275,35,296.983,25.567,21.983
yaw275_pitch+040,275,40,287.311,29.604,12.311
yaw275_pitch+045,275,45,286.524,30.820,11.524
yaw275_pitch+050,275,50,282.146,38.165,7.146
yaw275_pitch+055,275,55,287.738,36.969,12.738
yaw275_pitch+060,275,60,279.957,40.335,4.957
yaw275_pitch+065,275,65,263.447,48.637,11.553
yaw275_pitch+070,275,70,261.029,60.783,13.971
yaw275_pitch+075,275,75,258.006,69.400,16.994
yaw275_pitch+080,275,80,262.358,78.923,12.642
yaw275_pitch+085,275,85,265.408,89.888,9.592
yaw275_pitch+090,275,90,267.200,90.000,7.800
yaw280_pitch-090,280,-90,287.684,-79.767,7.684
yaw280_pitch-085,280,-85,288.160,-81.379,8.160
yaw280_pitch-080,280,-80,290.290,-79.111,10.290
yaw280_pitch-075,280,-75,293.628,-73.920,13.628
yaw280_pitch-070,280,-70,298.364,-67.778,18.364
yaw280_pitch-065,280,-65,302.821,-58.528,22.821
yaw280_pitch-060,280,-60,307.671,-58.716,27.671
yaw280_pitch-055,280,-55,311.831,-53.837,31.831
yaw280_pitch-050,280,-50,312.794,-51.041,32.794
yaw280_pitch-045,280,-45,314.001,-47.434,34.001
yaw280_pitch-040,280,-40,314.719,-46.056,34.719
yaw280_pitch-035,280,-35,314.859,-43.347,34.859
yaw280_pitch-030,280,-30,315.512,-43.250,35.512
yaw280_pitch-025,280,-25,314.920,-39.592,34.920
yaw280_pitch-020,280,-20,315.488,-30.792,35.488
yaw280_pitch-015,280,-15,315.609,-14.743,35.609
yaw280_pitch-010,280,-10,316.770,-6.189,36.770
yaw280_pitch-005,280,-5,318.208,-1.191,38.208
yaw280_pitch+000,280,0,317.940,6.263,37.940
yaw280_pitch+005,280,5,316.711,8.521,36.711
yaw280_pitch+010,280,10,317.195,8.074,37.195
yaw280_pitch+015,280,15,315.830,12.372,35.830
yaw280_pitch+020,280,20,316.029,18.868,36.029
yaw280_pitch+025,280,25,309.172,22.046,29.172
yaw280_pitch+030,280,30,309.990,24.071,29.990
yaw280_pitch+035,280,35,297.329,26.556,17.329
yaw280_pitch+040,280,40,292.744,28.685,12.744
yaw280_pitch+045,280,45,289.632,31.451,9.632
yaw280_pitch+050,280,50,288.946,34.411,8.946
yaw280_pitch+055,280,55,287.007,34.578,7.007
yaw280_pitch+060,280,60,280.651,42.394,0.651
yaw280_pitch+065,280,65,271.365,51.802,8.635
yaw280_pitch+070,280,70,260.408,60.713,19.592
yaw280_pitch+075,280,75,262.774,69.650,17.226
yaw280_pitch+080,280,80,265.987,77.149,14.013
yaw280_pitch+085,280,85,271.652,88.501,8.348
yaw280_pitch+090,280,90,271.489,90.000,8.511
yaw285_pitch-090,285,-90,293.636,-80.085,8.636
yaw285_pitch-085,285,-85,298.159,-81.180,13.159
yaw285_pitch-080,285,-80,298.119,-80.629,13.119
yaw285_pitch-075,285,-75,301.260,-70.885,16.260
yaw285_pitch-070,285,-70,305.167,-66.667,20.167
yaw285_pitch-065,285,-65,309.258,-59.539,24.258
yaw285_pitch-060,285,-60,313.373,-57.137,28.373
yaw285_pitch-055,285,-55,316.401,-53.619,31.401
yaw285_pitch-050,285,-50,317.857,-51.881,32.857
yaw285_pitch-045,285,-45,318.840,-47.077,33.840
yaw285_pitch-040,285,-40,318.811,-44.716,33.811
yaw285_pitch-035,285,-35,318.148,-43.481,33.148
yaw285_pitch-030,285,-30,319.484,-43.498,34.484
yaw285_pitch-025,285,-25,319.086,-39.069,34.086
yaw285_pitch-020,285,-20,318.791,-29.377,33.791
yaw285_pitch-015,285,-15,319.707,-14.137,34.707
yaw285_pitch-010,285,-10,319.777,-5.294,34.777
yaw285_pitch-005,285,-5,319.950,0.773,34.950
yaw285_pitch+000,285,0,317.339,6.433,32.339
yaw285_pitch+005,285,5,314.831,9.885,29.831
yaw285_pitch+010,285,10,314.213,11.244,29.213
yaw285_pitch+015,285,15,310.017,14.080,25.017
yaw285_pitch+020,285,20,308.520,17.354,23.520
yaw285_pitch+025,285,25,308.370,20.289,23.370
yaw285_pitch+030,285,30,306.865,22.456,21.865
yaw285_pitch+035,285,35,299.620,25.532,14.620
yaw285_pitch+040,285,40,297.886,29.038,12.886
yaw285_pitch+045,285,45,291.512,31.763,6.512
yaw285_pitch+050,285,50,292.646,34.309,7.646
yaw285_pitch+055,285,55,289.003,34.711,4.003
yaw285_pitch+060,285,60,275.733,37.884,9.267
yaw285_pitch+065,285,65,268.395,48.361,16.605
yaw285_pitch+070,285,70,262.685,59.641,22.315
yaw285_pitch+075,285,75,269.272,70.874,15.728
yaw285_pitch+080,285,80,271.648,77.390,13.352
yaw285_pitch+085,285,85,280.198,86.151,4.802
yaw285_pitch+090,285,90,281.593,90.000,3.407
yaw290_pitch-090,290,-90,295.683,-74.354,5.683
yaw290_pitch-085,290,-85,298.142,-76.447,8.142
yaw290_pitch-080,290,-80,300.088,-76.740,10.088
yaw290_pitch-075,290,-75,303.592,-71.293,13.592
yaw290_pitch-070,290,-70,306.712,-67.035,16.712
yaw290_pitch-065,290,-65,311.393,-57.107,21.393
yaw290_pitch-060,290,-60,315.317,-55.394,25.317
yaw290_pitch-055,290,-55,319.911,-51.109,29.911
yaw290_pitch-050,290,-50,321.092,-51.100,31.092
yaw290_pitch-045,290,-45,322.707,-46.856,32.707
yaw290_pitch-040,290,-40,323.040,-45.042,33.040
yaw290_pitch-035,290,-35,322.708,-41.263,32.708
yaw290_pitch-030,290,-30,323.184,-42.045,33.184
yaw290_pitch-025,290,-25,321.788,-38.348,31.788
yaw290_pitch-020,290,-20,320.392,-32.644,30.392
yaw290_pitch-015,290,-15,319.093,-16.528,29.093
yaw290_pitch-010,290,-10,318.512,-11.666,28.512
yaw290_pitch-005,290,-5,317.257,-0.373,27.257
yaw290_pitch+000,290,0,316.133,5.638,26.133
yaw290_pitch+005,290,5,315.562,8.937,25.562
yaw290_pitch+010,290,10,313.452,9.773,23.452
yaw290_pitch+015,290,15,311.009,11.982,21.009
yaw290_pitch+020,290,20,307.082,16.219,17.082
yaw290_pitch+025,290,25,303.019,18.324,13.019
yaw290_pitch+030,290,30,302.786,20.792,12.786
yaw290_pitch+035,290,35,300.530,24.501,10.530
yaw290_pitch+040,290,40,299.636,27.202,9.636
yaw290_pitch+045,290,45,294.606,30.544,4.606
yaw290_pitch+050,290,50,296.739,32.677,6.739
yaw290_pitch+055,290,55,294.644,33.640,4.644
yaw290_pitch+060,290,60,281.087,37.544,8.913
yaw290_pitch+065,290,65,267.936,47.448,22.064
yaw290_pitch+070,290,70,269.370,61.469,20.630
yaw290_pitch+075,290,75,265.323,70.175,24.677
yaw290_pitch+080,290,80,271.916,74.058,18.084
yaw290_pitch+085,290,85,276.363,83.728,13.637
yaw290_pitch+090,290,90,276.518,90.000,13.482
yaw295_pitch-090,295,-90,297.377,-73.884,2.377
yaw295_pitch-085,295,-85,303.320,-78.503,8.320
yaw295_pitch-080,295,-80,304.892,-76.309,9.892
yaw295_pitch-075,295,-75,307.894,-72.320,12.894
yaw295_pitch-070,295,-70,311.453,-64.393,16.453
yaw295_pitch-065,295,-65,315.222,-57.993,20.222
yaw295_pitch-060,295,-60,318.255,-54.559,23.255
yaw295_pitch-055,295,-55,322.204,-51.706,27.204
yaw295_pitch-050,295,-50,324.318,-49.748,29.318
yaw295_pitch-045,295,-45,324.776,-47.672,29.776
yaw295_pitch-040,295,-40,325.643,-44.824,30.643
yaw295_pitch-035,295,-35,325.157,-42.870,30.157
yaw295_pitch-030,295,-30,325.335,-40.864,30.335
yaw295_pitch-025,295,-25,323.544,-36.659,28.544
yaw295_pitch-020,295,-20,321.849,-31.531,26.849
yaw295_pitch-015,295,-15,320.361,-20.535,25.361
yaw295_pitch-010,295,-10,318.789,-14.676,23.789
yaw295_pitch-005,295,-5,314.954,-6.777,19.954
yaw295_pitch+000,295,0,313.582,1.597,18.582
yaw295_pitch+005,295,5,312.257,5.027,17.257
yaw295_pitch+010,295,10,310.042,7.098,15.042
yaw295_pitch+015,295,15,304.611,8.200,9.611
yaw295_pitch+020,295,20,301.157,13.401,6.157
yaw295_pitch+025,295,25,299.091,15.938,4.091
yaw295_pitch+030,295,30,298.801,17.806,3.801
yaw295_pitch+035,295,35,299.962,21.623,4.962
yaw295_pitch+040,295,40,299.711,23.817,4.711
yaw295_pitch+045,295,45,298.168,26.838,3.168
yaw295_pitch+050,295,50,294.588,30.667,0.412
yaw295_pitch+055,295,55,294.002,32.358,0.998
yaw295_pitch+060,295,60,287.466,36.339,7.534
yaw295_pitch+065,295,65,276.576,46.927,18.424
yaw295_pitch+070,295,70,272.937,62.830,22.063
yaw295_pitch+075,295,75,274.366,73.494,20.634
yaw295_pitch+080,295,80,278.810,80.163,16.190
yaw295_pitch+085,295,85,281.422,86.937,13.578
yaw295_pitch+090,295,90,283.794,90.000,11.206
yaw300_pitch-090,300,-90,302.526,-72.368,2.526
yaw300_pitch-085,300,-85,305.776,-73.709,5.776
yaw300_pitch-080,300,-80,307.960,-69.064,7.960
yaw300_pitch-075,300,-75,310.356,-67.541,10.356
yaw300_pitch-070,300,-70,316.753,-56.976,16.753
yaw300_pitch-065,300,-65,320.492,-55.756,20.492
yaw300_pitch-060,300,-60,322.432,-52.574,22.432
yaw300_pitch-055,300,-55,325.238,-51.086,25.238
yaw300_pitch-050,300,-50,326.471,-48.656,26.471
yaw300_pitch-045,300,-45,327.469,-45.824,27.469
yaw300_pitch-040,300,-40,328.169,-44.724,28.169
yaw300_pitch-035,300,-35,326.996,-41.369,26.996
yaw300_pitch-030,300,-30,327.304,-40.395,27.304
yaw300_pitch-025,300,-25,325.545,-37.233,25.545
yaw300_pitch-020,300,-20,323.536,-33.343,23.536
yaw300_pitch-015,300,-15,320.394,-22.284,20.394
yaw300_pitch-010,300,-10,318.337,-22.012,18.337
yaw300_pitch-005,300,-5,314.823,-11.035,14.823
yaw300_pitch+000,300,0,313.060,-0.267,13.060
yaw300_pitch+005,300,5,310.707,3.122,10.707
yaw300_pitch+010,300,10,305.508,5.435,5.508
yaw300_pitch+015,300,15,301.440,6.326,1.440
yaw300_pitch+020,300,20,296.858,9.429,3.142
yaw300_pitch+025,300,25,297.023,13.497,2.977
yaw300_pitch+030,300,30,298.948,16.324,1.052
yaw300_pitch+035,300,35,299.068,18.452,0.932
yaw300_pitch+040,300,40,300.335,21.735,0.335
yaw300_pitch+045,300,45,299.940,24.644,0.060
yaw300_pitch+050,300,50,299.860,26.204,0.140
yaw300_pitch+055,300,55,297.145,31.010,2.855
yaw300_pitch+060,300,60,296.006,36.901,3.994
yaw300_pitch+065,300,65,292.238,51.319,7.762
yaw300_pitch+070,300,70,291.454,65.881,8.546
yaw300_pitch+075,300,75,293.404,77.553,6.596
yaw300_pitch+080,300,80,292.280,84.767,7.720
yaw300_pitch+085,300,85,291.424,90.000,8.576
yaw300_pitch+090,300,90,294.134,90.000,5.866
yaw305_pitch-090,305,-90,314.000,-70.277,9.000
yaw305_pitch-085,305,-85,310.167,-71.522,5.167
yaw305_pitch-080,305,-80,314.660,-67.509,9.660
yaw305_pitch-075,305,-75,325.660,-63.286,20.660
yaw305_pitch-070,305,-70,321.195,-55.815,16.195
yaw305_pitch-065,305,-65,326.730,-54.507,21.730
yaw305_pitch-060,305,-60,332.203,-51.207,27.203
yaw305_pitch-055,305,-55,334.177,-48.499,29.177
yaw305_pitch-050,305,-50,334.707,-46.498,29.707
yaw305_pitch-045,305,-45,335.615,-45.415,30.615
yaw305_pitch-040,305,-40,334.229,-43.801,29.229
yaw305_pitch-035,305,-35,332.469,-41.697,27.469
yaw305_pitch-030,305,-30,332.120,-38.700,27.120
yaw305_pitch-025,305,-25,328.294,-34.719,23.294
yaw305_pitch-020,305,-20,326.434,-30.554,21.434
yaw305_pitch-015,305,-15,322.130,-21.521,17.130
yaw305_pitch-010,305,-10,317.380,-18.419,12.380
yaw305_pitch-005,305,-5,315.464,-12.027,10.464
yaw305_pitch+000,305,0,314.341,-2.361,9.341
yaw305_pitch+005,305,5,313.762,2.858,8.762
yaw305_pitch+010,305,10,310.173,3.362,5.173
yaw305_pitch+015,305,15,305.300,1.266,0.300
yaw305_pitch+020,305,20,300.355,7.125,4.645
yaw305_pitch+025,305,25,299.934,7.581,5.066
yaw305_pitch+030,305,30,299.168,11.551,5.832
yaw305_pitch+035,305,35,301.476,15.962,3.524
yaw305_pitch+040,305,40,303.061,20.571,1.939
yaw305_pitch+045,305,45,301.251,22.704,3.749
yaw305_pitch+050,305,50,301.454,22.683,3.546
yaw305_pitch+055,305,55,300.621,27.867,4.379
yaw305_pitch+060,305,60,299.572,35.840,5.428
yaw305_pitch+065,305,65,302.231,55.684,2.769
yaw305_pitch+070,305,70,303.076,69.631,1.924
yaw305_pitch+075,305,75,304.225,79.862,0.775
yaw305_pitch+080,305,80,303.671,87.701,1.329
yaw305_pitch+085,305,85,304.108,90.000,0.892
yaw305_pitch+090,305,90,304.926,90.000,0.074
yaw310_pitch-090,310,-90,318.858,-65.468,8.858
yaw310_pitch-085,310,-85,317.352,-74.382,7.352
yaw310_pitch-080,310,-80,323.421,-61.887,13.421
yaw310_pitch-075,310,-75,329.841,-56.788,19.841
yaw310_pitch-070,310,-70,329.003,-48.157,19.003
yaw310_pitch-065,310,-65,329.471,-51.305,19.471
yaw310_pitch-060,310,-60,335.076,-49.784,25.076
yaw310_pitch-055,310,-55,336.718,-49.178,26.718
yaw310_pitch-050,310,-50,339.572,-46.477,29.572
yaw310_pitch-045,310,-45,340.252,-43.391,30.252
yaw310_pitch-040,310,-40,339.838,-45.253,29.838
yaw310_pitch-035,310,-35,339.054,-39.740,29.054
yaw310_pitch-030,310,-30,333.592,-38.774,23.592
yaw310_pitch-025,310,-25,332.052,-29.874,22.052
yaw310_pitch-020,310,-20,329.091,-28.424,19.091
yaw310_pitch-015,310,-15,325.709,-23.372,15.709
yaw310_pitch-010,310,-10,322.955,-25.740,12.955
yaw310_pitch-005,310,-5,321.228,-17.144,11.228
yaw310_pitch+000,310,0,319.271,-6.271,9.271
yaw310_pitch+005,310,5,315.382,-2.502,5.382
yaw310_pitch+010,310,10,313.458,1.438,3.458
yaw310_pitch+015,310,15,308.115,0.780,1.885
yaw310_pitch+020,310,20,303.802,5.723,6.198
yaw310_pitch+025,310,25,303.048,8.351,6.952
yaw310_pitch+030,310,30,303.935,11.038,6.065
yaw310_pitch+035,310,35,304.733,13.446,5.267
yaw310_pitch+040,310,40,304.629,18.562,5.371
yaw310_pitch+045,310,45,305.674,22.948,4.326
yaw310_pitch+050,310,50,303.990,24.584,6.010
yaw310_pitch+055,310,55,303.861,28.443,6.139
yaw310_pitch+060,310,60,305.614,36.885,4.386
yaw310_pitch+065,310,65,310.197,58.801,0.197
yaw310_pitch+070,310,70,311.765,74.223,1.765
yaw310_pitch+075,310,75,311.638,82.285,1.638
yaw310_pitch+080,310,80,310.070,89.181,0.070
yaw310_pitch+085,310,85,310.112,90.000,0.112
yaw310_pitch+090,310,90,311.875,90.000,1.875
yaw315_pitch-090,315,-90,325.307,-73.999,10.307
yaw315_pitch-085,315,-85,321.744,-73.396,6.744
yaw315_pitch-080,315,-80,326.738,-61.370,11.738
yaw315_pitch-075,315,-75,333.501,-56.122,18.501
yaw315_pitch-070,315,-70,332.366,-52.112,17.366
yaw315_pitch-065,315,-65,334.439,-48.022,19.439
yaw315_pitch-060,315,-60,336.027,-48.811,21.027
yaw315_pitch-055,315,-55,343.664,-49.684,28.664
yaw315_pitch-050,315,-50,348.787,-45.151,33.787
yaw315_pitch-045,315,-45,341.658,-40.352,26.658
yaw315_pitch-040,315,-40,344.624,-42.710,29.624
yaw315_pitch-035,315,-35,343.135,-40.802,28.135
yaw315_pitch-030,315,-30,338.176,-37.023,23.176
yaw315_pitch-025,315,-25,336.703,-30.256,21.703
yaw315_pitch-020,315,-20,337.456,-29.715,22.456
yaw315_pitch-015,315,-15,325.697,-33.398,10.697
yaw315_pitch-010,315,-10,325.334,-30.463,10.334
yaw315_pitch-005,315,-5,331.261,-22.727,16.261
yaw315_pitch+000,315,0,320.963,-10.009,5.963
yaw315_pitch+005,315,5,318.897,-4.626,3.897
yaw315_pitch+010,315,10,317.464,-0.388,2.464
yaw315_pitch+015,315,15,315.190,-0.050,0.190
yaw315_pitch+020,315,20,310.783,7.541,4.217
yaw315_pitch+025,315,25,310.735,11.744,4.265
yaw315_pitch+030,315,30,311.526,14.109,3.474
yaw315_pitch+035,315,35,313.295,17.855,1.705
yaw315_pitch+040,315,40,315.507,22.593,0.507
yaw315_pitch+045,315,45,312.779,25.928,2.221
yaw315_pitch+050,315,50,313.345,29.888,1.655
yaw315_pitch+055,315,55,313.305,34.720,1.695
yaw315_pitch+060,315,60,313.529,44.429,1.471
yaw315_pitch+065,315,65,315.069,60.082,0.069
yaw315_pitch+070,315,70,313.096,71.778,1.904
yaw315_pitch+075,315,75,314.700,81.241,0.300
yaw315_pitch+080,315,80,313.031,88.938,1.969
yaw315_pitch+085,315,85,312.584,90.000,2.416
yaw315_pitch+090,315,90,311.977,90.000,3.023
yaw320_pitch-090,320,-90,329.344,-78.788,9.344
yaw320_pitch-085,320,-85,330.192,-81.048,10.192
yaw320_pitch-080,320,-80,332.668,-74.656,12.668
yaw320_pitch-075,320,-75,336.575,-63.210,16.575
yaw320_pitch-070,320,-70,339.923,-56.393,19.923
yaw320_pitch-065,320,-65,341.884,-57.608,21.884
yaw320_pitch-060,320,-60,343.360,-48.776,23.360
yaw320_pitch-055,320,-55,349.312,-46.187,29.312
yaw320_pitch-050,320,-50,351.989,-44.127,31.989
yaw320_pitch-045,320,-45,349.406,-40.099,29.406
yaw320_pitch-040,320,-40,347.336,-40.855,27.336
yaw320_pitch-035,320,-35,345.753,-39.023,25.753
yaw320_pitch-030,320,-30,343.984,-35.704,23.984
yaw320_pitch-025,320,-25,344.482,-32.842,24.482
yaw320_pitch-020,320,-20,315.269,-66.170,4.731
yaw320_pitch-015,320,-15,315.000,-90.000,5.000
yaw320_pitch-010,320,-10,315.000,-90.000,5.000
yaw320_pitch-005,320,-5,315.026,-50.164,4.974
yaw320_pitch+000,320,0,329.130,-11.947,9.130
yaw320_pitch+005,320,5,328.595,-6.294,8.595
yaw320_pitch+010,320,10,326.107,0.827,6.107
yaw320_pitch+015,320,15,325.411,1.611,5.411
yaw320_pitch+020,320,20,320.294,8.736,0.294
yaw320_pitch+025,320,25,321.810,13.744,1.810
yaw320_pitch+030,320,30,323.493,17.668,3.493
yaw320_pitch+035,320,35,324.291,21.342,4.291
yaw320_pitch+040,320,40,323.737,23.979,3.737
yaw320_pitch+045,320,45,321.993,29.450,1.993
yaw320_pitch+050,320,50,323.435,34.289,3.435
yaw320_pitch+055,320,55,325.164,41.767,5.164
yaw320_pitch+060,320,60,323.343,49.645,3.343
yaw320_pitch+065,320,65,319.848,59.536,0.152
yaw320_pitch+070,320,70,321.681,76.422,1.681
yaw320_pitch+075,320,75,321.799,83.874,1.799
yaw320_pitch+080,320,80,317.662,86.408,2.338
yaw320_pitch+085,320,85,310.493,86.793,9.507
yaw320_pitch+090,320,90,311.270,90.000,8.730
yaw325_pitch-090,325,-90,339.951,-83.440,14.951
yaw325_pitch-085,325,-85,334.865,-85.586,9.865
yaw325_pitch-080,325,-80,335.934,-78.241,10.934
yaw325_pitch-075,325,-75,343.248,-71.159,18.248
yaw325_pitch-070,325,-70,350.055,-64.404,25.055
yaw325_pitch-065,325,-65,349.641,-60.377,24.641
yaw325_pitch-060,325,-60,352.881,-55.057,27.881
yaw325_pitch-055,325,-55,355.445,-48.399,30.445
yaw325_pitch-050,325,-50,358.284,-48.156,33.284
yaw325_pitch-045,325,-45,356.717,-42.599,31.717
yaw325_pitch-040,325,-40,352.318,-41.333,27.318
yaw325_pitch-035,325,-35,352.396,-41.678,27.396
yaw325_pitch-030,325,-30,350.298,-35.152,25.298
yaw325_pitch-025,325,-25,348.518,-43.404,23.518
yaw325_pitch-020,325,-20,315.000,-90.000,10.000
yaw325_pitch-015,325,-15,315.000,-90.000,10.000
yaw325_pitch-010,325,-10,315.000,-90.000,10.000
yaw325_pitch-005,325,-5,315.000,-82.446,10.000
yaw325_pitch+000,325,0,322.634,-21.588,2.366
yaw325_pitch+005,325,5,331.483,-6.253,6.483
yaw325_pitch+010,325,10,333.350,-0.587,8.350
yaw325_pitch+015,325,15,332.217,-0.325,7.217
yaw325_pitch+020,325,20,327.375,9.003,2.375
yaw325_pitch+025,325,25,329.322,14.797,4.322
yaw325_pitch+030,325,30,329.158,20.677,4.158
yaw325_pitch+035,325,35,337.831,25.117,12.831
yaw325_pitch+040,325,40,334.564,27.911,9.564
yaw325_pitch+045,325,45,333.089,32.377,8.089
yaw325_pitch+050,325,50,333.246,38.477,8.246
yaw325_pitch+055,325,55,329.241,40.178,4.241
yaw325_pitch+060,325,60,328.125,50.067,3.125
yaw325_pitch+065,325,65,326.615,61.372,1.615
yaw325_pitch+070,325,70,327.777,78.010,2.777
yaw325_pitch+075,325,75,326.771,84.778,1.771
yaw325_pitch+080,325,80,323.468,90.000,1.532
yaw325_pitch+085,325,85,315.015,89.217,9.985
yaw325_pitch+090,325,90,312.747,88.222,12.253
yaw330_pitch-090,330,-90,337.786,-82.113,7.786
yaw330_pitch-085,330,-85,339.938,-85.452,9.938
yaw330_pitch-080,330,-80,347.135,-82.108,17.135
yaw330_pitch-075,330,-75,353.139,-74.890,23.139
yaw330_pitch-070,330,-70,352.538,-66.672,22.538
yaw330_pitch-065,330,-65,0.198,-60.906,30.198
yaw330_pitch-060,330,-60,357.867,-53.796,27.867
yaw330_pitch-055,330,-55,1.784,-50.337,31.784
yaw330_pitch-050,330,-50,359.697,-39.041,29.697
yaw330_pitch-045,330,-45,358.820,-43.124,28.820
yaw330_pitch-040,330,-40,354.194,-42.792,24.194
yaw330_pitch-035,330,-35,356.936,-43.064,26.936
yaw330_pitch-030,330,-30,357.652,-36.457,27.652
yaw330_pitch-025,330,-25,358.805,-45.431,28.805
yaw330_pitch-020,330,-20,315.000,-90.000,15.000
yaw330_pitch-015,330,-15,315.000,-90.000,15.000
yaw330_pitch-010,330,-10,315.000,-90.000,15.000
yaw330_pitch-005,330,-5,315.000,-90.000,15.000
yaw330_pitch+000,330,0,325.992,-28.373,4.008
yaw330_pitch+005,330,5,338.925,-8.392,8.925
yaw330_pitch+010,330,10,335.562,-2.292,5.562
yaw330_pitch+015,330,15,341.583,1.010,11.583
yaw330_pitch+020,330,20,339.221,11.498,9.221
yaw330_pitch+025,330,25,343.373,17.002,13.373
yaw330_pitch+030,330,30,336.952,22.707,6.952
yaw330_pitch+035,330,35,343.965,26.937,13.965
yaw330_pitch+040,330,40,341.985,30.205,11.985
yaw330_pitch+045,330,45,339.335,32.990,9.335
yaw330_pitch+050,330,50,337.403,38.938,7.403
yaw330_pitch+055,330,55,338.291,44.124,8.291
yaw330_pitch+060,330,60,329.603,50.569,0.397
yaw330_pitch+065,330,65,327.782,58.355,2.218
yaw330_pitch+070,330,70,339.204,70.092,9.204
yaw330_pitch+075,330,75,331.236,76.019,1.236
yaw330_pitch+080,330,80,326.028,88.777,3.972
yaw330_pitch+085,330,85,317.111,90.000,12.889
yaw330_pitch+090,330,90,316.732,87.876,13.268
yaw335_pitch-090,335,-90,346.738,-79.898,11.738
yaw335_pitch-085,335,-85,345.917,-85.495,10.917
yaw335_pitch-080,335,-80,350.741,-79.651,15.741
yaw335_pitch-075,335,-75,357.759,-75.533,22.759
yaw335_pitch-070,335,-70,1.579,-71.168,26.579
yaw335_pitch-065,335,-65,2.220,-55.426,27.220
yaw335_pitch-060,335,-60,3.518,-53.848,28.518
yaw335_pitch-055,335,-55,3.131,-50.846,28.131
yaw335_pitch-050,335,-50,3.485,-45.624,28.485
yaw335_pitch-045,335,-45,359.331,-40.782,24.331
yaw335_pitch-040,335,-40,0.041,-43.149,25.041
yaw335_pitch-035,335,-35,358.656,-41.979,23.656
yaw335_pitch-030,335,-30,359.462,-36.684,24.462
yaw335_pitch-025,335,-25,6.542,-36.680,31.542
yaw335_pitch-020,335,-20,315.003,-74.572,19.997
yaw335_pitch-015,335,-15,315.000,-90.000,20.000
yaw335_pitch-010,335,-10,315.000,-90.000,20.000
yaw335_pitch-005,335,-5,315.000,-52.373,20.000
yaw335_pitch+000,335,0,341.733,-15.729,6.733
yaw335_pitch+005,335,5,340.791,-5.344,5.791
yaw335_pitch+010,335,10,343.828,-1.913,8.828
yaw335_pitch+015,335,15,350.403,1.360,15.403
yaw335_pitch+020,335,20,343.758,12.461,8.758
yaw335_pitch+025,335,25,348.658,17.714,13.658
yaw335_pitch+030,335,30,349.666,24.135,14.666
yaw335_pitch+035,335,35,353.083,28.835,18.083
yaw335_pitch+040,335,40,347.191,30.343,12.191
yaw335_pitch+045,335,45,346.101,34.541,11.101
yaw335_pitch+050,335,50,346.025,40.975,11.025
yaw335_pitch+055,335,55,344.325,44.274,9.325
yaw335_pitch+060,335,60,337.471,51.321,2.471
yaw335_pitch+065,335,65,348.656,57.660,13.656
yaw335_pitch+070,335,70,315.157,-90.000,19.843
yaw335_pitch+075,335,75,315.000,-90.000,20.000
yaw335_pitch+080,335,80,315.000,-90.000,20.000
yaw335_pitch+085,335,85,315.009,-90.000,19.991
yaw335_pitch+090,335,90,311.088,89.192,23.912
yaw340_pitch-090,340,-90,350.658,-75.205,10.658
yaw340_pitch-085,340,-85,352.821,-79.191,12.821
yaw340_pitch-080,340,-80,353.431,-74.683,13.431
yaw340_pitch-075,340,-75,359.071,-71.947,19.071
yaw340_pitch-070,340,-70,2.209,-69.148,22.209
yaw340_pitch-065,340,-65,5.469,-60.520,25.469
yaw340_pitch-060,340,-60,3.577,-48.990,23.577
yaw340_pitch-055,340,-55,4.577,-50.824,24.577
yaw340_pitch-050,340,-50,2.718,-47.526,22.718
yaw340_pitch-045,340,-45,359.677,-41.968,19.677
yaw340_pitch-040,340,-40,359.191,-41.401,19.191
yaw340_pitch-035,340,-35,359.182,-41.444,19.182
yaw340_pitch-030,340,-30,3.387,-37.432,23.387
yaw340_pitch-025,340,-25,7.536,-34.899,27.536
yaw340_pitch-020,340,-20,5.811,-35.713,25.811
yaw340_pitch-015,340,-15,337.627,-47.389,2.373
yaw340_pitch-010,340,-10,332.166,-46.137,7.834
yaw340_pitch-005,340,-5,354.482,-27.529,14.482
yaw340_pitch+000,340,0,345.104,-13.127,5.104
yaw340_pitch+005,340,5,342.533,-3.817,2.533
yaw340_pitch+010,340,10,357.279,0.683,17.279
yaw340_pitch+015,340,15,5.053,3.050,25.053
yaw340_pitch+020,340,20,358.563,12.891,18.563
yaw340_pitch+025,340,25,355.408,19.500,15.408
yaw340_pitch+030,340,30,356.009,23.310,16.009
yaw340_pitch+035,340,35,1.500,30.647,21.500
yaw340_pitch+040,340,40,357.993,32.001,17.993
yaw340_pitch+045,340,45,352.015,34.557,12.015
yaw340_pitch+050,340,50,350.930,38.580,10.930
yaw340_pitch+055,340,55,349.830,44.285,9.830
yaw340_pitch+060,340,60,348.438,51.465,8.438
yaw340_pitch+065,340,65,7.089,48.034,27.089
yaw340_pitch+070,340,70,315.000,-90.000,25.000
yaw340_pitch+075,340,75,315.000,-90.000,25.000
yaw340_pitch+080,340,80,315.000,-90.000,25.000
yaw340_pitch+085,340,85,315.000,-90.000,25.000
yaw340_pitch+090,340,90,312.643,90.000,27.357
yaw345_pitch-090,345,-90,347.502,-76.928,2.502
yaw345_pitch-085,345,-85,355.011,-85.708,10.011
yaw345_pitch-080,345,-80,357.987,-79.928,12.987
yaw345_pitch-075,345,-75,358.501,-69.565,13.501
yaw345_pitch-070,345,-70,359.471,-66.044,14.471
yaw345_pitch-065,345,-65,4.357,-61.287,19.357
yaw345_pitch-060,345,-60,4.793,-52.434,19.793
yaw345_pitch-055,345,-55,0.925,-49.502,15.925
yaw345_pitch-050,345,-50,1.428,-47.271,16.428
yaw345_pitch-045,345,-45,1.043,-44.510,16.043
yaw345_pitch-040,345,-40,359.731,-40.982,14.731
yaw345_pitch-035,345,-35,359.144,-42.922,14.144
yaw345_pitch-030,345,-30,1.353,-35.494,16.353
yaw345_pitch-025,345,-25,5.943,-36.467,20.943
yaw345_pitch-020,345,-20,7.880,-29.046,22.880
yaw345_pitch-015,345,-15,0.128,-28.070,15.128
yaw345_pitch-010,345,-10,3.472,-26.503,18.472
yaw345_pitch-005,345,-5,353.522,-22.241,8.522
yaw345_pitch+000,345,0,355.002,-10.401,10.002
yaw345_pitch+005,345,5,354.027,-1.090,9.027
yaw345_pitch+010,345,10,354.182,-1.230,9.182
yaw345_pitch+015,345,15,7.807,6.129,22.807
yaw345_pitch+020,345,20,8.697,13.579,23.697
yaw345_pitch+025,345,25,2.505,20.074,17.505
yaw345_pitch+030,345,30,356.790,22.187,11.790
yaw345_pitch+035,345,35,5.504,29.755,20.504
yaw345_pitch+040,345,40,6.192,31.141,21.192
yaw345_pitch+045,345,45,2.273,33.715,17.273
yaw345_pitch+050,345,50,359.204,39.086,14.204
yaw345_pitch+055,345,55,358.182,44.271,13.182
yaw345_pitch+060,345,60,357.949,50.967,12.949
yaw345_pitch+065,345,65,350.879,-90.000,5.879
yaw345_pitch+070,345,70,315.000,-90.000,30.000
yaw345_pitch+075,345,75,315.000,-90.000,30.000
yaw345_pitch+080,345,80,315.000,-90.000,30.000
yaw345_pitch+085,345,85,315.000,-90.000,30.000
yaw345_pitch+090,345,90,318.355,90.000,26.645
yaw350_pitch-090,350,-90,348.191,-76.225,1.809
yaw350_pitch-085,350,-85,355.877,-73.296,5.877
yaw350_pitch-080,350,-80,2.921,-79.175,12.921
yaw350_pitch-075,350,-75,3.028,-68.188,13.028
yaw350_pitch-070,350,-70,9.197,-62.882,19.197
yaw350_pitch-065,350,-65,10.101,-58.061,20.101
yaw350_pitch-060,350,-60,4.420,-50.103,14.420
yaw350_pitch-055,350,-55,1.104,-47.290,11.104
yaw350_pitch-050,350,-50,359.576,-48.317,9.576
yaw350_pitch-045,350,-45,357.721,-45.682,7.721
yaw350_pitch-040,350,-40,358.242,-43.218,8.242
yaw350_pitch-035,350,-35,358.025,-41.780,8.025
yaw350_pitch-030,350,-30,3.315,-36.941,13.315
yaw350_pitch-025,350,-25,6.091,-35.449,16.091
yaw350_pitch-020,350,-20,1.262,-30.982,11.262
yaw350_pitch-015,350,-15,0.359,-27.217,10.359
yaw350_pitch-010,350,-10,4.487,-27.703,14.487
yaw350_pitch-005,350,-5,357.790,-21.989,7.790
yaw350_pitch+000,350,0,355.544,-10.815,5.544
yaw350_pitch+005,350,5,4.063,-0.582,14.063
yaw350_pitch+010,350,10,6.727,4.273,16.727
yaw350_pitch+015,350,15,9.499,8.788,19.499
yaw350_pitch+020,350,20,11.551,14.670,21.551
yaw350_pitch+025,350,25,7.486,17.942,17.486
yaw350_pitch+030,350,30,0.162,20.707,10.162
yaw350_pitch+035,350,35,7.511,26.491,17.511
yaw350_pitch+040,350,40,14.702,31.707,24.702
yaw350_pitch+045,350,45,4.340,33.763,14.340
yaw350_pitch+050,350,50,1.503,38.346,11.503
yaw350_pitch+055,350,55,2.361,44.044,12.361
yaw350_pitch+060,350,60,4.372,50.491,14.372
yaw350_pitch+065,350,65,29.058,67.007,39.058
yaw350_pitch+070,350,70,315.000,-90.000,35.000
yaw350_pitch+075,350,75,315.000,-90.000,35.000
yaw350_pitch+080,350,80,315.000,-90.000,35.000
yaw350_pitch+085,350,85,315.000,-90.000,35.000
yaw350_pitch+090,350,90,332.019,90.000,17.981
yaw355_pitch-090,355,-90,352.819,-72.355,2.181
yaw355_pitch-085,355,-85,355.478,-74.926,0.478
yaw355_pitch-080,355,-80,359.230,-75.945,4.230
yaw355_pitch-075,355,-75,0.916,-71.033,5.916
yaw355_pitch-070,355,-70,5.004,-64.753,10.004
yaw355_pitch-065,355,-65,5.559,-53.808,10.559
yaw355_pitch-060,355,-60,10.608,-52.313,15.608
yaw355_pitch-055,355,-55,10.604,-49.601,15.604
yaw355_pitch-050,355,-50,10.154,-46.511,15.154
yaw355_pitch-045,355,-45,8.636,-47.608,13.636
yaw355_pitch-040,355,-40,7.020,-42.480,12.020
yaw355_pitch-035,355,-35,3.990,-42.575,8.990
yaw355_pitch-030,355,-30,3.928,-40.189,8.928
yaw355_pitch-025,355,-25,8.158,-33.364,13.158
yaw355_pitch-020,355,-20,2.525,-31.749,7.525
yaw355_pitch-015,355,-15,2.862,-30.668,7.862
yaw355_pitch-010,355,-10,359.630,-28.987,4.630
yaw355_pitch-005,355,-5,2.270,-20.045,7.270
yaw355_pitch+000,355,0,5.295,-11.464,10.295
yaw355_pitch+005,355,5,2.101,1.715,7.101
yaw355_pitch+010,355,10,10.686,4.216,15.686
yaw355_pitch+015,355,15,14.683,9.118,19.683
yaw355_pitch+020,355,20,15.484,15.375,20.484
yaw355_pitch+025,355,25,12.951,18.633,17.951
yaw355_pitch+030,355,30,12.116,24.020,17.116
yaw355_pitch+035,355,35,15.448,28.033,20.448
yaw355_pitch+040,355,40,18.274,30.866,23.274
yaw355_pitch+045,355,45,10.054,32.239,15.054
yaw355_pitch+050,355,50,5.428,37.234,10.428
yaw355_pitch+055,355,55,7.833,43.361,12.833
yaw355_pitch+060,355,60,4.357,52.347,9.357
yaw355_pitch+065,355,65,12.139,60.875,17.139
yaw355_pitch+070,355,70,31.141,90.000,36.141
yaw355_pitch+075,355,75,316.318,-90.000,38.682
yaw355_pitch+080,355,80,340.038,-90.000,14.962
yaw355_pitch+085,355,85,352.648,90.000,2.352
yaw355_pitch+090,355,90,348.413,90.000,6.587
