record_id,yaw_true,pitch_true,yaw_pred,pitch_pred,yaw_err
yaw000_pitch-090,0,-90,79.755,-3.298,79.755
yaw000_pitch-085,0,-85,118.660,-4.714,118.660
yaw000_pitch-080,0,-80,162.640,-4.938,162.640
yaw000_pitch-075,0,-75,191.920,-2.905,168.080
yaw000_pitch-070,0,-70,220.354,0.239,139.646
yaw000_pitch-065,0,-65,240.103,1.193,119.897
yaw000_pitch-060,0,-60,263.367,2.111,96.633
yaw000_pitch-055,0,-55,275.057,2.488,84.943
yaw000_pitch-050,0,-50,289.471,2.879,70.529
yaw000_pitch-045,0,-45,295.944,2.148,64.056
yaw000_pitch-040,0,-40,304.360,0.402,55.640
yaw000_pitch-035,0,-35,307.955,-0.728,52.045
yaw000_pitch-030,0,-30,309.975,-1.579,50.025
yaw000_pitch-025,0,-25,311.753,-2.530,48.247
yaw000_pitch-020,0,-20,312.335,-2.903,47.665
yaw000_pitch-015,0,-15,309.631,-1.417,50.369
yaw000_pitch-010,0,-10,287.418,2.861,72.582
yaw000_pitch-005,0,-5,263.437,2.113,96.563
yaw000_pitch+000,0,0,249.492,1.574,110.508
yaw000_pitch+005,0,5,238.034,1.103,121.966
yaw000_pitch+010,0,10,253.982,1.754,106.018
yaw000_pitch+015,0,15,252.744,1.704,107.256
yaw000_pitch+020,0,20,256.993,1.875,103.007
yaw000_pitch+025,0,25,234.719,0.957,125.281
yaw000_pitch+030,0,30,230.279,0.753,129.721
yaw000_pitch+035,0,35,217.661,0.025,142.339
yaw000_pitch+040,0,40,213.696,-0.330,146.304
yaw000_pitch+045,0,45,204.073,-1.368,155.927
yaw000_pitch+050,0,50,199.987,-1.873,160.013
yaw000_pitch+055,0,55,196.002,-2.383,163.998
yaw000_pitch+060,0,60,187.927,-3.352,172.073
yaw000_pitch+065,0,65,179.858,-4.135,179.858
yaw000_pitch+070,0,70,187.144,-3.433,172.856
yaw000_pitch+075,0,75,184.657,-3.688,175.343
yaw000_pitch+080,0,80,190.138,-3.114,169.862
yaw000_pitch+085,0,85,193.300,-2.730,166.700
yaw000_pitch+090,0,90,196.502,-2.319,163.498
yaw005_pitch-090,5,-90,151.882,-5.133,146.882
yaw005_pitch-085,5,-85,181.832,-3.957,176.832
yaw005_pitch-080,5,-80,194.550,-2.569,170.450
yaw005_pitch-075,5,-75,209.429,-0.754,155.571
yaw005_pitch-070,5,-70,241.900,1.267,123.100
yaw005_pitch-065,5,-65,267.073,2.228,97.927
yaw005_pitch-060,5,-60,289.063,2.878,75.937
yaw005_pitch-055,5,-55,300.337,1.350,64.663
yaw005_pitch-050,5,-50,306.658,-0.283,58.342
yaw005_pitch-045,5,-45,311.152,-2.186,53.848
yaw005_pitch-040,5,-40,313.152,-3.486,51.848
yaw005_pitch-035,5,-35,314.815,-4.952,50.185
yaw005_pitch-030,5,-30,312.639,-3.112,52.361
yaw005_pitch-025,5,-25,311.456,-2.356,53.544
yaw005_pitch-020,5,-20,304.996,0.224,60.004
yaw005_pitch-015,5,-15,293.867,2.456,71.133
yaw005_pitch-010,5,-10,261.718,2.055,103.282
yaw005_pitch-005,5,-5,219.240,0.156,145.760
yaw005_pitch+000,5,0,211.206,-0.565,153.794
yaw005_pitch+005,5,5,211.609,-0.526,153.391
yaw005_pitch+010,5,10,210.646,-0.621,154.354
yaw005_pitch+015,5,15,209.011,-0.800,155.989
yaw005_pitch+020,5,20,209.191,-0.780,155.809
yaw005_pitch+025,5,25,206.223,-1.116,158.777
yaw005_pitch+030,5,30,198.496,-2.064,166.504
yaw005_pitch+035,5,35,191.077,-3.004,173.923
yaw005_pitch+040,5,40,186.239,-3.526,178.761
yaw005_pitch+045,5,45,177.218,-4.320,172.218
yaw005_pitch+050,5,50,170.062,-4.747,165.062
yaw005_pitch+055,5,55,156.451,-5.055,151.451
yaw005_pitch+060,5,60,154.228,-5.096,149.228
yaw005_pitch+065,5,65,148.009,-5.127,143.009
yaw005_pitch+070,5,70,144.442,-5.113,139.442
yaw005_pitch+075,5,75,143.119,-5.108,138.119
yaw005_pitch+080,5,80,161.326,-4.967,156.326
yaw005_pitch+085,5,85,170.430,-4.730,165.430
yaw005_pitch+090,5,90,173.147,-4.576,168.147
yaw010_pitch-090,10,-90,200.563,-1.800,169.437
yaw010_pitch-085,10,-85,211.882,-0.500,158.118
yaw010_pitch-080,10,-80,226.729,0.580,143.271
yaw010_pitch-075,10,-75,245.856,1.428,124.144
yaw010_pitch-070,10,-70,274.277,2.461,95.723
yaw010_pitch-065,10,-65,300.236,1.371,69.764
yaw010_pitch-060,10,-60,305.941,-0.056,64.059
yaw010_pitch-055,10,-55,310.000,-1.591,60.000
yaw010_pitch-050,10,-50,310.028,-1.605,59.972
yaw010_pitch-045,10,-45,310.271,-1.724,59.729
yaw010_pitch-040,10,-40,308.954,-1.114,61.046
yaw010_pitch-035,10,-35,304.259,0.430,65.741
yaw010_pitch-030,10,-30,302.987,0.755,67.013
yaw010_pitch-025,10,-25,294.534,2.360,75.466
yaw010_pitch-020,10,-20,269.704,2.311,100.296
yaw010_pitch-015,10,-15,247.151,1.480,122.849
yaw010_pitch-010,10,-10,211.537,-0.533,158.463
yaw010_pitch-005,10,-5,196.726,-2.291,173.274
yaw010_pitch+000,10,0,192.245,-2.867,177.755
yaw010_pitch+005,10,5,192.073,-2.887,177.927
yaw010_pitch+010,10,10,189.027,-3.236,179.027
yaw010_pitch+015,10,15,184.968,-3.656,174.968
yaw010_pitch+020,10,20,181.656,-3.974,171.656
yaw010_pitch+025,10,25,178.296,-4.248,168.296
yaw010_pitch+030,10,30,173.249,-4.570,163.249
yaw010_pitch+035,10,35,167.260,-4.831,157.260
yaw010_pitch+040,10,40,152.573,-5.123,142.573
yaw010_pitch+045,10,45,130.405,-4.939,120.405
yaw010_pitch+050,10,50,113.151,-4.592,103.151
yaw010_pitch+055,10,55,108.338,-4.479,98.338
yaw010_pitch+060,10,60,106.887,-4.441,96.887
yaw010_pitch+065,10,65,103.347,-4.351,93.347
yaw010_pitch+070,10,70,107.285,-4.452,97.285
yaw010_pitch+075,10,75,107.082,-4.446,97.082
yaw010_pitch+080,10,80,118.100,-4.702,108.100
yaw010_pitch+085,10,85,134.409,-5.009,124.409
yaw010_pitch+090,10,90,143.469,-5.109,133.469
yaw015_pitch-090,15,-90,267.420,2.239,107.580
yaw015_pitch-085,15,-85,269.389,2.301,105.611
yaw015_pitch-080,15,-80,268.732,2.280,106.268
yaw015_pitch-075,15,-75,274.993,2.486,100.007
yaw015_pitch-070,15,-70,282.543,2.736,92.457
yaw015_pitch-065,15,-65,278.651,2.614,96.349
yaw015_pitch-060,15,-60,285.597,2.820,89.403
yaw015_pitch-055,15,-55,283.929,2.773,91.071
yaw015_pitch-050,15,-50,285.262,2.810,89.738
yaw015_pitch-045,15,-45,284.499,2.789,90.501
yaw015_pitch-040,15,-40,281.202,2.701,93.798
yaw015_pitch-035,15,-35,268.350,2.268,106.650
yaw015_pitch-030,15,-30,255.207,1.803,119.793
yaw015_pitch-025,15,-25,231.698,0.819,143.302
yaw015_pitch-020,15,-20,219.252,0.157,155.748
yaw015_pitch-015,15,-15,206.789,-1.050,168.211
yaw015_pitch-010,15,-10,196.331,-2.341,178.669
yaw015_pitch-005,15,-5,176.507,-4.368,161.507
yaw015_pitch+000,15,0,170.217,-4.740,155.217
yaw015_pitch+005,15,5,164.473,-4.896,149.473
yaw015_pitch+010,15,10,164.241,-4.901,149.241
yaw015_pitch+015,15,15,155.767,-5.067,140.767
yaw015_pitch+020,15,20,140.242,-5.080,125.242
yaw015_pitch+025,15,25,134.105,-5.004,119.105
yaw015_pitch+030,15,30,124.986,-4.842,109.986
yaw015_pitch+035,15,35,114.601,-4.625,99.601
yaw015_pitch+040,15,40,101.567,-4.305,86.567
yaw015_pitch+045,15,45,89.829,-3.902,74.829
yaw015_pitch+050,15,50,83.517,-3.548,68.517
yaw015_pitch+055,15,55,85.104,-3.643,70.104
yaw015_pitch+060,15,60,84.713,-3.620,69.713
yaw015_pitch+065,15,65,86.945,-3.749,71.945
yaw015_pitch+070,15,70,85.366,-3.659,70.366
yaw015_pitch+075,15,75,86.896,-3.746,71.896
yaw015_pitch+080,15,80,91.270,-3.974,76.270
yaw015_pitch+085,15,85,102.929,-4.341,87.929
yaw015_pitch+090,15,90,108.442,-4.481,93.442
yaw020_pitch-090,20,-90,248.368,1.529,131.632
yaw020_pitch-085,20,-85,231.922,0.829,148.078
yaw020_pitch-080,20,-80,232.643,0.863,147.357
yaw020_pitch-075,20,-75,230.624,0.769,149.376
yaw020_pitch-070,20,-70,235.597,0.996,144.403
yaw020_pitch-065,20,-65,234.403,0.943,145.597
yaw020_pitch-060,20,-60,235.564,0.995,144.436
yaw020_pitch-055,20,-55,232.386,0.851,147.614
yaw020_pitch-050,20,-50,232.033,0.835,147.967
yaw020_pitch-045,20,-45,226.254,0.557,153.746
yaw020_pitch-040,20,-40,222.985,0.388,157.015
yaw020_pitch-035,20,-35,212.485,-0.443,167.515
yaw020_pitch-030,20,-30,207.641,-0.954,172.359
yaw020_pitch-025,20,-25,197.571,-2.184,177.571
yaw020_pitch-020,20,-20,187.983,-3.347,167.983
yaw020_pitch-015,20,-15,180.787,-4.055,160.787
yaw020_pitch-010,20,-10,167.715,-4.820,147.715
yaw020_pitch-005,20,-5,159.077,-5.006,139.077
yaw020_pitch+000,20,0,143.237,-5.108,123.237
yaw020_pitch+005,20,5,135.753,-5.032,115.753
yaw020_pitch+010,20,10,118.174,-4.703,98.174
yaw020_pitch+015,20,15,110.959,-4.542,90.959
yaw020_pitch+020,20,20,97.620,-4.197,77.620
yaw020_pitch+025,20,25,97.696,-4.199,77.696
yaw020_pitch+030,20,30,93.501,-4.059,73.501
yaw020_pitch+035,20,35,85.391,-3.660,65.391
yaw020_pitch+040,20,40,77.941,-3.165,57.941
yaw020_pitch+045,20,45,73.011,-2.701,53.011
yaw020_pitch+050,20,50,71.125,-2.466,51.125
yaw020_pitch+055,20,55,68.951,-2.148,48.951
yaw020_pitch+060,20,60,67.919,-1.940,47.919
yaw020_pitch+065,20,65,66.589,-1.702,46.589
yaw020_pitch+070,20,70,66.811,-1.736,46.811
yaw020_pitch+075,20,75,67.993,-1.955,47.993
yaw020_pitch+080,20,80,69.413,-2.229,49.413
yaw020_pitch+085,20,85,73.771,-2.789,53.771
yaw020_pitch+090,20,90,77.367,-3.121,57.367
yaw025_pitch-090,25,-90,199.994,-1.872,174.994
yaw025_pitch-085,25,-85,205.575,-1.191,179.425
yaw025_pitch-080,25,-80,197.685,-2.169,172.685
yaw025_pitch-075,25,-75,201.910,-1.631,176.910
yaw025_pitch-070,25,-70,202.028,-1.617,177.028
yaw025_pitch-065,25,-65,204.852,-1.275,179.852
yaw025_pitch-060,25,-60,200.661,-1.787,175.661
yaw025_pitch-055,25,-55,198.261,-2.094,173.261
yaw025_pitch-050,25,-50,195.574,-2.437,170.574
yaw025_pitch-045,25,-45,191.912,-2.906,166.912
yaw025_pitch-040,25,-40,190.579,-3.063,165.579
yaw025_pitch-035,25,-35,186.549,-3.494,161.549
yaw025_pitch-030,25,-30,181.083,-4.027,156.083
yaw025_pitch-025,25,-25,171.819,-4.654,146.819
yaw025_pitch-020,25,-20,154.554,-5.090,129.554
yaw025_pitch-015,25,-15,141.476,-5.093,116.476
yaw025_pitch-010,25,-10,130.831,-4.946,105.831
yaw025_pitch-005,25,-5,120.171,-4.746,95.171
yaw025_pitch+000,25,0,111.422,-4.552,86.422
yaw025_pitch+005,25,5,100.029,-4.264,75.029
yaw025_pitch+010,25,10,95.912,-4.142,70.912
yaw025_pitch+015,25,15,87.403,-3.774,62.403
yaw025_pitch+020,25,20,83.543,-3.549,58.543
yaw025_pitch+025,25,25,76.302,-3.036,51.302
yaw025_pitch+030,25,30,73.521,-2.761,48.521
yaw025_pitch+035,25,35,70.983,-2.448,45.983
yaw025_pitch+040,25,40,68.275,-2.013,43.275
yaw025_pitch+045,25,45,66.567,-1.699,41.567
yaw025_pitch+050,25,50,65.717,-1.591,40.717
yaw025_pitch+055,25,55,65.575,-1.479,40.575
yaw025_pitch+060,25,60,66.550,-1.445,41.550
yaw025_pitch+065,25,65,67.447,-1.465,42.447
yaw025_pitch+070,25,70,66.848,-1.451,41.848
yaw025_pitch+075,25,75,66.425,-1.443,41.425
yaw025_pitch+080,25,80,65.590,-1.478,40.590
yaw025_pitch+085,25,85,65.579,-1.573,40.579
yaw025_pitch+090,25,90,66.456,-1.686,41.456
yaw030_pitch-090,30,-90,193.239,-2.738,163.239
yaw030_pitch-085,30,-85,184.663,-3.687,154.663
yaw030_pitch-080,30,-80,183.618,-3.790,153.618
yaw030_pitch-075,30,-75,184.370,-3.717,154.370
yaw030_pitch-070,30,-70,183.466,-3.804,153.466
yaw030_pitch-065,30,-65,181.970,-3.944,151.970
yaw030_pitch-060,30,-60,177.675,-4.290,147.675
yaw030_pitch-055,30,-55,177.679,-4.290,147.679
yaw030_pitch-050,30,-50,174.347,-4.505,144.347
yaw030_pitch-045,30,-45,168.107,-4.811,138.107
yaw030_pitch-040,30,-40,164.443,-4.896,134.443
yaw030_pitch-035,30,-35,157.639,-5.033,127.639
yaw030_pitch-030,30,-30,141.747,-5.095,111.747
yaw030_pitch-025,30,-25,128.909,-4.912,98.909
yaw030_pitch-020,30,-20,111.727,-4.560,81.727
yaw030_pitch-015,30,-15,98.382,-4.219,68.382
yaw030_pitch-010,30,-10,89.836,-3.902,59.836
yaw030_pitch-005,30,-5,82.540,-3.486,52.540
yaw030_pitch+000,30,0,76.471,-3.050,46.471
yaw030_pitch+005,30,5,74.606,-2.881,44.606
yaw030_pitch+010,30,10,72.640,-2.657,42.640
yaw030_pitch+015,30,15,69.762,-2.281,39.762
yaw030_pitch+020,30,20,68.559,-2.070,38.559
yaw030_pitch+025,30,25,66.556,-1.698,36.556
yaw030_pitch+030,30,30,65.449,-1.552,35.449
yaw030_pitch+035,30,35,66.476,-1.444,36.476
yaw030_pitch+040,30,40,70.505,-1.456,40.505
yaw030_pitch+045,30,45,128.546,-1.240,98.546
yaw030_pitch+050,30,50,235.519,-0.818,154.481
yaw030_pitch+055,30,55,234.158,-0.575,155.842
yaw030_pitch+060,30,60,164.038,-0.291,134.038
yaw030_pitch+065,30,65,70.075,-0.210,40.075
yaw030_pitch+070,30,70,203.895,-0.312,173.895
yaw030_pitch+075,30,75,234.742,-0.637,155.258
yaw030_pitch+080,30,80,234.496,-0.942,155.504
yaw030_pitch+085,30,85,92.402,-1.281,62.402
yaw030_pitch+090,30,90,70.445,-1.458,40.445
yaw035_pitch-090,35,-90,171.345,-4.682,136.345
yaw035_pitch-085,35,-85,158.874,-5.010,123.874
yaw035_pitch-080,35,-80,155.757,-5.068,120.757
yaw035_pitch-075,35,-75,157.446,-5.036,122.446
yaw035_pitch-070,35,-70,157.841,-5.029,122.841
yaw035_pitch-065,35,-65,160.231,-4.986,125.231
yaw035_pitch-060,35,-60,151.618,-5.137,116.618
yaw035_pitch-055,35,-55,141.329,-5.091,106.329
yaw035_pitch-050,35,-50,136.171,-5.038,101.171
yaw035_pitch-045,35,-45,125.816,-4.857,90.816
yaw035_pitch-040,35,-40,115.047,-4.635,80.047
yaw035_pitch-035,35,-35,100.979,-4.290,65.979
yaw035_pitch-030,35,-30,91.291,-3.975,56.291
yaw035_pitch-025,35,-25,83.118,-3.523,48.118
yaw035_pitch-020,35,-20,77.002,-3.092,42.002
yaw035_pitch-015,35,-15,74.035,-2.819,39.035
yaw035_pitch-010,35,-10,71.121,-2.466,36.121
yaw035_pitch-005,35,-5,68.371,-2.032,33.371
yaw035_pitch+000,35,0,67.118,-1.785,32.118
yaw035_pitch+005,35,5,65.985,-1.625,30.985
yaw035_pitch+010,35,10,65.295,-1.503,30.295
yaw035_pitch+015,35,15,67.612,-1.470,32.612
yaw035_pitch+020,35,20,78.901,-1.338,43.901
yaw035_pitch+025,35,25,235.555,-0.788,159.445
yaw035_pitch+030,35,30,60.540,0.015,25.540
yaw035_pitch+035,35,35,54.701,0.585,19.701
yaw035_pitch+040,35,40,53.024,-0.130,18.024
yaw035_pitch+045,35,45,55.018,0.088,20.018
yaw035_pitch+050,35,50,57.791,0.385,22.791
yaw035_pitch+055,35,55,59.731,0.529,24.731
yaw035_pitch+060,35,60,60.656,0.585,25.656
yaw035_pitch+065,35,65,59.661,0.525,24.661
yaw035_pitch+070,35,70,57.494,0.359,22.494
yaw035_pitch+075,35,75,54.925,0.076,19.925
yaw035_pitch+080,35,80,53.024,-0.114,18.024
yaw035_pitch+085,35,85,54.779,0.609,19.779
yaw035_pitch+090,35,90,60.947,-0.016,25.947
yaw040_pitch-090,40,-90,132.799,-4.981,92.799
yaw040_pitch-085,40,-85,140.042,-5.078,100.042
yaw040_pitch-080,40,-80,135.970,-5.035,95.970
yaw040_pitch-075,40,-75,141.452,-5.092,101.452
yaw040_pitch-070,40,-70,139.834,-5.076,99.834
yaw040_pitch-065,40,-65,129.327,-4.920,89.327
yaw040_pitch-060,40,-60,123.435,-4.813,83.435
yaw040_pitch-055,40,-55,110.221,-4.524,70.221
yaw040_pitch-050,40,-50,98.702,-4.228,58.702
yaw040_pitch-045,40,-45,87.166,-3.761,47.166
yaw040_pitch-040,40,-40,80.916,-3.379,40.916
yaw040_pitch-035,40,-35,73.279,-2.732,33.279
yaw040_pitch-030,40,-30,69.874,-2.297,29.874
yaw040_pitch-025,40,-25,68.200,-1.997,28.200
yaw040_pitch-020,40,-20,66.491,-1.690,26.491
yaw040_pitch-015,40,-15,65.499,-1.562,25.499
yaw040_pitch-010,40,-10,65.718,-1.466,25.718
yaw040_pitch-005,40,-5,67.853,-1.477,27.853
yaw040_pitch+000,40,0,80.272,-1.328,40.272
yaw040_pitch+005,40,5,235.460,-0.841,164.540
yaw040_pitch+010,40,10,60.265,0.040,20.265
yaw040_pitch+015,40,15,54.041,0.363,14.041
yaw040_pitch+020,40,20,54.288,-0.010,14.288
yaw040_pitch+025,40,25,59.529,0.517,19.529
yaw040_pitch+030,40,30,67.624,1.254,27.624
yaw040_pitch+035,40,35,74.236,1.814,34.236
yaw040_pitch+040,40,40,79.791,1.832,39.791
yaw040_pitch+045,40,45,84.898,1.852,44.898
yaw040_pitch+050,40,50,88.415,1.859,48.415
yaw040_pitch+055,40,55,88.914,1.860,48.914
yaw040_pitch+060,40,60,86.229,1.854,46.229
yaw040_pitch+065,40,65,81.412,1.839,41.412
yaw040_pitch+070,40,70,75.923,1.818,35.923
yaw040_pitch+075,40,75,70.081,1.536,30.081
yaw040_pitch+080,40,80,62.595,0.719,22.595
yaw040_pitch+085,40,85,55.853,0.194,15.853
yaw040_pitch+090,40,90,53.042,-0.070,13.042
yaw045_pitch-090,45,-90,105.458,-4.404,60.458
yaw045_pitch-085,45,-85,105.033,-4.394,60.033
yaw045_pitch-080,45,-80,105.417,-4.403,60.417
yaw045_pitch-075,45,-75,102.315,-4.325,57.315
yaw045_pitch-070,45,-70,98.139,-4.212,53.139
yaw045_pitch-065,45,-65,92.755,-4.031,47.755
yaw045_pitch-060,45,-60,85.607,-3.673,40.607
yaw045_pitch-055,45,-55,79.126,-3.253,34.126
yaw045_pitch-050,45,-50,74.095,-2.825,29.095
yaw045_pitch-045,45,-45,69.346,-2.219,24.346
yaw045_pitch-040,45,-40,66.874,-1.747,21.874
yaw045_pitch-035,45,-35,65.474,-1.557,20.474
yaw045_pitch-030,45,-30,66.291,-1.440,21.291
yaw045_pitch-025,45,-25,69.202,-1.493,24.202
yaw045_pitch-020,45,-20,88.248,-1.292,43.248
yaw045_pitch-015,45,-15,235.559,-0.785,169.441
yaw045_pitch-010,45,-10,61.423,-0.046,16.423
yaw045_pitch-005,45,-5,54.444,0.514,9.444
yaw045_pitch+000,45,0,53.724,-0.076,8.724
yaw045_pitch+005,45,5,58.275,0.427,13.275
yaw045_pitch+010,45,10,67.021,1.178,22.021
yaw045_pitch+015,45,15,74.979,1.816,29.979
yaw045_pitch+020,45,20,83.410,1.847,38.410
yaw045_pitch+025,45,25,94.184,1.872,49.184
yaw045_pitch+030,45,30,106.388,1.907,61.388
yaw045_pitch+035,45,35,117.088,1.940,72.088
yaw045_pitch+040,45,40,124.216,1.962,79.216
yaw045_pitch+045,45,45,125.835,1.967,80.835
yaw045_pitch+050,45,50,122.118,1.955,77.118
yaw045_pitch+055,45,55,113.259,1.928,68.259
yaw045_pitch+060,45,60,101.633,1.893,56.633
yaw045_pitch+065,45,65,89.634,1.861,44.634
yaw045_pitch+070,45,70,79.784,1.832,34.784
yaw045_pitch+075,45,75,72.115,1.719,27.115
yaw045_pitch+080,45,80,63.774,0.828,18.774
yaw045_pitch+085,45,85,56.300,0.246,11.300
yaw045_pitch+090,45,90,53.030,-0.133,8.030
yaw050_pitch-090,50,-90,77.576,-3.137,27.576
yaw050_pitch-085,50,-85,75.594,-2.977,25.594
yaw050_pitch-080,50,-80,74.940,-2.915,24.940
yaw050_pitch-075,50,-75,72.027,-2.583,22.027
yaw050_pitch-070,50,-70,70.270,-2.351,20.270
yaw050_pitch-065,50,-65,67.791,-1.913,17.791
yaw050_pitch-060,50,-60,66.219,-1.655,16.219
yaw050_pitch-055,50,-55,65.272,-1.512,15.272
yaw050_pitch-050,50,-50,66.523,-1.445,16.523
yaw050_pitch-045,50,-45,70.460,-1.457,20.460
yaw050_pitch-040,50,-40,179.509,-1.211,129.509
yaw050_pitch-035,50,-35,235.274,-0.678,174.726
yaw050_pitch-030,50,-30,59.233,0.185,9.233
yaw050_pitch-025,50,-25,54.128,0.394,4.128
yaw050_pitch-020,50,-20,53.832,-0.063,3.832
yaw050_pitch-015,50,-15,58.106,0.412,8.106
yaw050_pitch-010,50,-10,65.879,1.036,15.879
yaw050_pitch-005,50,-5,73.496,1.795,23.496
yaw050_pitch+000,50,0,81.054,1.837,31.054
yaw050_pitch+005,50,5,90.894,1.864,40.894
yaw050_pitch+010,50,10,103.162,1.898,53.162
yaw050_pitch+015,50,15,116.819,1.939,66.819
yaw050_pitch+020,50,20,128.164,1.974,78.164
yaw050_pitch+025,50,25,135.811,2.000,85.811
yaw050_pitch+030,50,30,138.349,2.009,88.349
yaw050_pitch+035,50,35,136.342,2.002,86.342
yaw050_pitch+040,50,40,128.766,1.976,78.766
yaw050_pitch+045,50,45,117.884,1.942,67.884
yaw050_pitch+050,50,50,104.244,1.901,54.244
yaw050_pitch+055,50,55,92.068,1.867,42.068
yaw050_pitch+060,50,60,81.537,1.839,31.537
yaw050_pitch+065,50,65,73.828,1.812,23.828
yaw050_pitch+070,50,70,65.929,1.041,15.929
yaw050_pitch+075,50,75,58.291,0.428,8.291
yaw050_pitch+080,50,80,53.949,-0.049,3.949
yaw050_pitch+085,50,85,54.049,0.366,4.049
yaw050_pitch+090,50,90,57.988,0.474,7.988
yaw055_pitch-090,55,-90,66.266,-1.661,11.266
yaw055_pitch-085,55,-85,65.750,-1.595,10.750
yaw055_pitch-080,55,-80,65.355,-1.498,10.355
yaw055_pitch-075,55,-75,66.524,-1.445,11.524
yaw055_pitch-070,55,-70,69.323,-1.493,14.323
yaw055_pitch-065,55,-65,98.273,-1.269,43.273
yaw055_pitch-060,55,-60,234.820,-0.915,179.820
yaw055_pitch-055,55,-55,84.721,-0.253,29.721
yaw055_pitch-050,55,-50,56.023,0.976,1.023
yaw055_pitch-045,55,-45,53.209,0.077,1.791
yaw055_pitch-040,55,-40,55.023,0.089,0.023
yaw055_pitch-035,55,-35,60.013,0.546,5.013
yaw055_pitch-030,55,-30,67.364,1.222,12.364
yaw055_pitch-025,55,-25,74.514,1.815,19.514
yaw055_pitch-020,55,-20,81.898,1.841,26.898
yaw055_pitch-015,55,-15,91.504,1.866,36.504
yaw055_pitch-010,55,-10,102.051,1.894,47.051
yaw055_pitch-005,55,-5,114.238,1.931,59.238
yaw055_pitch+000,55,0,124.152,1.962,69.152
yaw055_pitch+005,55,5,129.834,1.980,74.834
yaw055_pitch+010,55,10,132.617,1.989,77.617
yaw055_pitch+015,55,15,131.846,1.987,76.846
yaw055_pitch+020,55,20,125.935,1.967,70.935
yaw055_pitch+025,55,25,116.450,1.938,61.450
yaw055_pitch+030,55,30,105.629,1.905,50.629
yaw055_pitch+035,55,35,94.259,1.873,39.259
yaw055_pitch+040,55,40,84.478,1.852,29.478
yaw055_pitch+045,55,45,76.444,1.820,21.444
yaw055_pitch+050,55,50,69.821,1.505,14.821
yaw055_pitch+055,55,55,62.470,0.715,7.470
yaw055_pitch+060,55,60,56.211,0.237,1.211
yaw055_pitch+065,55,65,53.157,-0.138,1.843
yaw055_pitch+070,55,70,54.927,0.657,0.073
yaw055_pitch+075,55,75,59.788,0.094,4.788
yaw055_pitch+080,55,80,235.188,-0.680,179.812
yaw055_pitch+085,55,85,220.842,-1.156,165.842
yaw055_pitch+090,55,90,70.810,-1.449,15.810
yaw060_pitch-090,60,-90,77.228,-1.353,17.228
yaw060_pitch-085,60,-85,227.486,-1.126,167.486
yaw060_pitch-080,60,-80,234.926,-0.676,174.926
yaw060_pitch-075,60,-75,58.986,0.233,1.014
yaw060_pitch-070,60,-70,54.477,0.520,5.523
yaw060_pitch-065,60,-65,53.347,-0.123,6.653
yaw060_pitch-060,60,-60,56.532,0.269,3.468
yaw060_pitch-055,60,-55,62.846,0.729,2.846
yaw060_pitch-050,60,-50,70.246,1.558,10.246
yaw060_pitch-045,60,-45,76.793,1.821,16.793
yaw060_pitch-040,60,-40,85.099,1.853,25.099
yaw060_pitch-035,60,-35,95.215,1.875,35.215
yaw060_pitch-030,60,-30,107.106,1.909,47.106
yaw060_pitch-025,60,-25,119.046,1.946,59.046
yaw060_pitch-020,60,-20,128.556,1.976,68.556
yaw060_pitch-015,60,-15,135.829,2.000,75.829
yaw060_pitch-010,60,-10,136.062,2.001,76.062
yaw060_pitch-005,60,-5,132.399,1.988,72.399
yaw060_pitch+000,60,0,125.642,1.966,65.642
yaw060_pitch+005,60,5,113.939,1.930,53.939
yaw060_pitch+010,60,10,101.159,1.892,41.159
yaw060_pitch+015,60,15,90.588,1.863,30.588
yaw060_pitch+020,60,20,81.442,1.839,21.442
yaw060_pitch+025,60,25,74.122,1.814,14.122
yaw060_pitch+030,60,30,66.923,1.166,6.923
yaw060_pitch+035,60,35,59.384,0.509,0.616
yaw060_pitch+040,60,40,54.649,0.038,5.351
yaw060_pitch+045,60,45,53.295,0.135,6.705
yaw060_pitch+050,60,50,57.059,0.721,2.941
yaw060_pitch+055,60,55,231.294,-0.445,171.294
yaw060_pitch+060,60,60,233.122,-1.030,173.122
yaw060_pitch+065,60,65,75.988,-1.366,15.988
yaw060_pitch+070,60,70,68.576,-1.490,8.576
yaw060_pitch+075,60,75,66.365,-1.442,6.365
yaw060_pitch+080,60,80,65.326,-1.525,5.326
yaw060_pitch+085,60,85,65.936,-1.619,5.936
yaw060_pitch+090,60,90,66.530,-1.695,6.530
yaw065_pitch-090,65,-90,57.613,0.577,7.387
yaw065_pitch-085,65,-85,53.593,0.240,11.407
yaw065_pitch-080,65,-80,54.182,-0.022,10.818
yaw065_pitch-075,65,-75,58.679,0.460,6.321
yaw065_pitch-070,65,-70,66.551,1.118,1.551
yaw065_pitch-065,65,-65,74.210,1.814,9.210
yaw065_pitch-060,65,-60,81.997,1.841,16.997
yaw065_pitch-055,65,-55,92.978,1.869,27.978
yaw065_pitch-050,65,-50,106.303,1.907,41.303
yaw065_pitch-045,65,-45,120.053,1.949,55.053
yaw065_pitch-040,65,-40,131.863,1.987,66.863
yaw065_pitch-035,65,-35,139.250,2.012,74.250
yaw065_pitch-030,65,-30,142.272,2.025,77.272
yaw065_pitch-025,65,-25,140.340,2.017,75.340
yaw065_pitch-020,65,-20,132.987,1.990,67.987
yaw065_pitch-015,65,-15,121.604,1.954,56.604
yaw065_pitch-010,65,-10,107.974,1.912,42.974
yaw065_pitch-005,65,-5,93.659,1.871,28.659
yaw065_pitch+000,65,0,82.269,1.842,17.269
yaw065_pitch+005,65,5,74.090,1.814,9.090
yaw065_pitch+010,65,10,65.988,1.046,0.988
yaw065_pitch+015,65,15,57.840,0.390,7.160
yaw065_pitch+020,65,20,53.598,-0.092,11.402
yaw065_pitch+025,65,25,54.336,0.474,10.664
yaw065_pitch+030,65,30,60.314,0.035,4.686
yaw065_pitch+035,65,35,235.338,-0.863,170.338
yaw065_pitch+040,65,40,77.701,-1.349,12.701
yaw065_pitch+045,65,45,68.013,-1.481,3.013
yaw065_pitch+050,65,50,65.353,-1.498,0.353
yaw065_pitch+055,65,55,66.062,-1.635,1.062
yaw065_pitch+060,65,60,67.266,-1.808,2.266
yaw065_pitch+065,65,65,68.644,-2.087,3.644
yaw065_pitch+070,65,70,70.746,-2.416,5.746
yaw065_pitch+075,65,75,72.032,-2.584,7.032
yaw065_pitch+080,65,80,74.288,-2.847,9.288
yaw065_pitch+085,65,85,77.090,-3.099,12.090
yaw065_pitch+090,65,90,79.751,-3.298,14.751
yaw070_pitch-090,70,-90,53.440,-0.111,16.560
yaw070_pitch-085,70,-85,57.027,0.316,12.973
yaw070_pitch-080,70,-80,64.803,0.934,5.197
yaw070_pitch-075,70,-75,73.023,1.769,3.023
yaw070_pitch-070,70,-70,81.039,1.837,11.039
yaw070_pitch-065,70,-65,91.550,1.866,21.550
yaw070_pitch-060,70,-60,105.108,1.903,35.108
yaw070_pitch-055,70,-55,117.258,1.940,47.258
yaw070_pitch-050,70,-50,126.927,1.970,56.927
yaw070_pitch-045,70,-45,131.391,1.985,61.391
yaw070_pitch-040,70,-40,130.268,1.981,60.268
yaw070_pitch-035,70,-35,122.787,1.957,52.787
yaw070_pitch-030,70,-30,111.184,1.921,41.184
yaw070_pitch-025,70,-25,98.008,1.883,28.008
yaw070_pitch-020,70,-20,86.346,1.855,16.346
yaw070_pitch-015,70,-15,76.791,1.821,6.791
yaw070_pitch-010,70,-10,69.235,1.441,0.765
yaw070_pitch-005,70,-5,60.139,0.553,9.861
yaw070_pitch+000,70,0,54.177,-0.023,15.823
yaw070_pitch+005,70,5,54.140,0.398,15.860
yaw070_pitch+010,70,10,60.317,0.035,9.683
yaw070_pitch+015,70,15,234.864,-0.911,164.864
yaw070_pitch+020,70,20,74.075,-1.393,4.075
yaw070_pitch+025,70,25,66.799,-1.450,3.201
yaw070_pitch+030,70,30,65.469,-1.556,4.531
yaw070_pitch+035,70,35,67.114,-1.785,2.886
yaw070_pitch+040,70,40,70.346,-2.362,0.346
yaw070_pitch+045,70,45,74.592,-2.880,4.592
yaw070_pitch+050,70,50,80.189,-3.329,10.189
yaw070_pitch+055,70,55,83.875,-3.570,13.875
yaw070_pitch+060,70,60,86.188,-3.706,16.188
yaw070_pitch+065,70,65,87.244,-3.765,17.244
yaw070_pitch+070,70,70,90.839,-3.953,20.839
yaw070_pitch+075,70,75,97.405,-4.191,27.405
yaw070_pitch+080,70,80,99.953,-4.262,29.953
yaw070_pitch+085,70,85,108.643,-4.486,38.643
yaw070_pitch+090,70,90,114.918,-4.632,44.918
yaw075_pitch-090,75,-90,53.517,-0.102,21.483
yaw075_pitch-085,75,-85,57.345,0.346,17.655
yaw075_pitch-080,75,-80,64.343,0.888,10.657
yaw075_pitch-075,75,-75,71.747,1.697,3.253
yaw075_pitch-070,75,-70,77.609,1.824,2.609
yaw075_pitch-065,75,-65,83.791,1.849,8.791
yaw075_pitch-060,75,-60,89.373,1.861,14.373
yaw075_pitch-055,75,-55,92.199,1.867,17.199
yaw075_pitch-050,75,-50,91.282,1.865,16.282
yaw075_pitch-045,75,-45,87.333,1.856,12.333
yaw075_pitch-040,75,-40,82.284,1.842,7.284
yaw075_pitch-035,75,-35,76.169,1.819,1.169
yaw075_pitch-030,75,-30,70.017,1.528,4.983
yaw075_pitch-025,75,-25,61.854,0.676,13.146
yaw075_pitch-020,75,-20,55.425,0.141,19.575
yaw075_pitch-015,75,-15,53.239,0.097,21.761
yaw075_pitch-010,75,-10,57.541,0.598,17.459
yaw075_pitch-005,75,-5,234.809,-0.650,159.809
yaw075_pitch+000,75,0,175.808,-1.214,100.808
yaw075_pitch+005,75,5,68.942,-1.493,6.058
yaw075_pitch+010,75,10,65.854,-1.453,9.146
yaw075_pitch+015,75,15,66.241,-1.658,8.759
yaw075_pitch+020,75,20,68.175,-1.992,6.825
yaw075_pitch+025,75,25,73.643,-2.775,1.357
yaw075_pitch+030,75,30,80.737,-3.367,5.737
yaw075_pitch+035,75,35,89.776,-3.899,14.776
yaw075_pitch+040,75,40,101.836,-4.312,26.836
yaw075_pitch+045,75,45,109.798,-4.514,34.798
yaw075_pitch+050,75,50,113.494,-4.600,38.494
yaw075_pitch+055,75,55,119.651,-4.735,44.651
yaw075_pitch+060,75,60,126.054,-4.861,51.054
yaw075_pitch+065,75,65,131.137,-4.952,56.137
yaw075_pitch+070,75,70,138.569,-5.063,63.569
yaw075_pitch+075,75,75,146.961,-5.123,71.961
yaw075_pitch+080,75,80,159.205,-5.004,84.205
yaw075_pitch+085,75,85,167.816,-4.818,92.816
yaw075_pitch+090,75,90,183.750,-3.777,108.750
yaw080_pitch-090,80,-90,56.075,0.982,23.925
yaw080_pitch-085,80,-85,53.418,0.219,26.582
yaw080_pitch-080,80,-80,53.786,-0.069,26.214
yaw080_pitch-075,80,-75,56.219,0.238,23.781
yaw080_pitch-070,80,-70,59.184,0.497,20.816
yaw080_pitch-065,80,-65,61.792,0.671,18.208
yaw080_pitch-060,80,-60,62.815,0.728,17.185
yaw080_pitch-055,80,-55,61.941,0.682,18.059
yaw080_pitch-050,80,-50,59.248,0.501,20.752
yaw080_pitch-045,80,-45,56.243,0.240,23.757
yaw080_pitch-040,80,-40,53.752,-0.073,26.248
yaw080_pitch-035,80,-35,53.666,0.251,26.334
yaw080_pitch-030,80,-30,57.863,0.508,22.137
yaw080_pitch-025,80,-25,234.910,-0.672,154.910
yaw080_pitch-020,80,-20,163.647,-1.220,83.647
yaw080_pitch-015,80,-15,69.497,-1.490,10.503
yaw080_pitch-010,80,-10,66.382,-1.442,13.618
yaw080_pitch-005,80,-5,65.436,-1.491,14.564
yaw080_pitch+000,80,0,66.194,-1.652,13.806
yaw080_pitch+005,80,5,68.193,-1.996,11.807
yaw080_pitch+010,80,10,71.931,-2.571,8.069
yaw080_pitch+015,80,15,79.217,-3.260,0.783
yaw080_pitch+020,80,20,89.140,-3.867,9.140
yaw080_pitch+025,80,25,102.042,-4.318,22.042
yaw080_pitch+030,80,30,124.599,-4.835,44.599
yaw080_pitch+035,80,35,135.818,-5.033,55.818
yaw080_pitch+040,80,40,144.257,-5.112,64.257
yaw080_pitch+045,80,45,153.541,-5.108,73.541
yaw080_pitch+050,80,50,163.340,-4.922,83.340
yaw080_pitch+055,80,55,171.582,-4.668,91.582
yaw080_pitch+060,80,60,179.858,-4.135,99.858
yaw080_pitch+065,80,65,183.807,-3.772,103.807
yaw080_pitch+070,80,70,187.440,-3.403,107.440
yaw080_pitch+075,80,75,190.706,-3.048,110.706
yaw080_pitch+080,80,80,191.694,-2.932,111.694
yaw080_pitch+085,80,85,191.116,-3.000,111.116
yaw080_pitch+090,80,90,190.992,-3.014,110.992
yaw085_pitch-090,85,-90,120.291,-1.245,35.291
yaw085_pitch-085,85,-85,234.011,-0.978,149.011
yaw085_pitch-080,85,-80,235.049,-0.681,150.049
yaw085_pitch-075,85,-75,195.600,-0.305,110.600
yaw085_pitch-070,85,-70,60.640,0.007,24.360
yaw085_pitch-065,85,-65,59.970,0.070,25.030
yaw085_pitch-060,85,-60,62.562,-0.097,22.438
yaw085_pitch-055,85,-55,233.523,-0.531,148.523
yaw085_pitch-050,85,-50,235.614,-0.662,150.614
yaw085_pitch-045,85,-45,216.294,-1.169,131.294
yaw085_pitch-040,85,-40,71.974,-1.424,13.026
yaw085_pitch-035,85,-35,67.289,-1.460,17.711
yaw085_pitch-030,85,-30,65.260,-1.506,19.740
yaw085_pitch-025,85,-25,66.080,-1.637,18.920
yaw085_pitch-020,85,-20,67.494,-1.852,17.506
yaw085_pitch-015,85,-15,68.760,-2.110,16.240
yaw085_pitch-010,85,-10,70.740,-2.415,14.260
yaw085_pitch-005,85,-5,71.006,-2.451,13.994
yaw085_pitch+000,85,0,77.646,-3.142,7.354
yaw085_pitch+005,85,5,85.450,-3.664,0.450
yaw085_pitch+010,85,10,95.402,-4.125,10.402
yaw085_pitch+015,85,15,116.647,-4.670,31.647
yaw085_pitch+020,85,20,133.458,-4.993,48.458
yaw085_pitch+025,85,25,149.884,-5.137,64.884
yaw085_pitch+030,85,30,163.570,-4.916,78.570
yaw085_pitch+035,85,35,174.765,-4.480,89.765
yaw085_pitch+040,85,40,182.932,-3.854,97.932
yaw085_pitch+045,85,45,190.130,-3.115,105.130
yaw085_pitch+050,85,50,194.241,-2.609,109.241
yaw085_pitch+055,85,55,198.458,-2.069,113.458
yaw085_pitch+060,85,60,203.216,-1.471,118.216
yaw085_pitch+065,85,65,206.383,-1.097,121.383
yaw085_pitch+070,85,70,209.218,-0.777,124.218
yaw085_pitch+075,85,75,208.129,-0.899,123.129
yaw085_pitch+080,85,80,209.870,-0.705,124.870
yaw085_pitch+085,85,85,208.821,-0.821,123.821
yaw085_pitch+090,85,90,212.863,-0.408,127.863
yaw090_pitch-090,90,-90,65.525,-1.484,24.475
yaw090_pitch-085,90,-85,66.216,-1.439,23.784
yaw090_pitch-080,90,-80,67.419,-1.464,22.581
yaw090_pitch-075,90,-75,67.302,-1.461,22.698
yaw090_pitch-070,90,-70,67.481,-1.466,22.519
yaw090_pitch-065,90,-65,67.369,-1.463,22.631
yaw090_pitch-060,90,-60,65.883,-1.450,24.117
yaw090_pitch-055,90,-55,65.443,-1.550,24.557
yaw090_pitch-050,90,-50,66.348,-1.672,23.652
yaw090_pitch-045,90,-45,67.696,-1.893,22.304
yaw090_pitch-040,90,-40,70.686,-2.408,19.314
yaw090_pitch-035,90,-35,74.248,-2.842,15.752
yaw090_pitch-030,90,-30,78.076,-3.175,11.924
yaw090_pitch-025,90,-25,83.447,-3.543,6.553
yaw090_pitch-020,90,-20,87.877,-3.800,2.123
yaw090_pitch-015,90,-15,89.698,-3.895,0.302
yaw090_pitch-010,90,-10,93.535,-4.060,3.535
yaw090_pitch-005,90,-5,101.161,-4.295,11.161
yaw090_pitch+000,90,0,102.897,-4.340,12.897
yaw090_pitch+005,90,5,120.854,-4.760,30.854
yaw090_pitch+010,90,10,125.767,-4.856,35.767
yaw090_pitch+015,90,15,138.035,-5.058,48.035
yaw090_pitch+020,90,20,161.192,-4.970,71.192
yaw090_pitch+025,90,25,177.609,-4.294,87.609
yaw090_pitch+030,90,30,188.657,-3.276,98.657
yaw090_pitch+035,90,35,194.695,-2.550,104.695
yaw090_pitch+040,90,40,202.180,-1.598,112.180
yaw090_pitch+045,90,45,210.305,-0.658,120.305
yaw090_pitch+050,90,50,214.075,-0.295,124.075
yaw090_pitch+055,90,55,230.641,0.770,140.641
yaw090_pitch+060,90,60,241.927,1.268,151.927
yaw090_pitch+065,90,65,252.084,1.678,162.084
yaw090_pitch+070,90,70,251.059,1.637,161.059
yaw090_pitch+075,90,75,233.655,0.909,143.655
yaw090_pitch+080,90,80,235.186,0.978,145.186
yaw090_pitch+085,90,85,247.840,1.508,157.840
yaw090_pitch+090,90,90,243.319,1.325,153.319
yaw095_pitch-090,95,-90,66.661,-1.711,28.339
yaw095_pitch-085,95,-85,66.396,-1.679,28.604
yaw095_pitch-080,95,-80,66.333,-1.670,28.667
yaw095_pitch-075,95,-75,66.546,-1.697,28.454
yaw095_pitch-070,95,-70,66.896,-1.751,28.104
yaw095_pitch-065,95,-65,68.943,-2.146,26.057
yaw095_pitch-060,95,-60,71.934,-2.571,23.066
yaw095_pitch-055,95,-55,76.658,-3.065,18.342
yaw095_pitch-050,95,-50,75.827,-2.997,19.173
yaw095_pitch-045,95,-45,87.977,-3.805,7.023
yaw095_pitch-040,95,-40,93.669,-4.065,1.331
yaw095_pitch-035,95,-35,101.170,-4.295,6.170
yaw095_pitch-030,95,-30,112.395,-4.575,17.395
yaw095_pitch-025,95,-25,126.229,-4.864,31.229
yaw095_pitch-020,95,-20,140.315,-5.081,45.315
yaw095_pitch-015,95,-15,145.549,-5.117,50.549
yaw095_pitch-010,95,-10,139.072,-5.068,44.072
yaw095_pitch-005,95,-5,135.473,-5.028,40.473
yaw095_pitch+000,95,0,123.719,-4.819,28.719
yaw095_pitch+005,95,5,131.952,-4.966,36.952
yaw095_pitch+010,95,10,142.981,-5.107,47.981
yaw095_pitch+015,95,15,164.726,-4.890,69.726
yaw095_pitch+020,95,20,184.013,-3.752,89.013
yaw095_pitch+025,95,25,196.138,-2.365,101.138
yaw095_pitch+030,95,30,210.329,-0.655,115.329
yaw095_pitch+035,95,35,222.680,0.372,127.680
yaw095_pitch+040,95,40,240.666,1.216,145.666
yaw095_pitch+045,95,45,250.646,1.620,155.646
yaw095_pitch+050,95,50,271.802,2.379,176.802
yaw095_pitch+055,95,55,280.631,2.686,174.369
yaw095_pitch+060,95,60,284.930,2.801,170.070
yaw095_pitch+065,95,65,294.926,2.302,160.074
yaw095_pitch+070,95,70,275.361,2.498,179.639
yaw095_pitch+075,95,75,242.762,1.302,147.762
yaw095_pitch+080,95,80,257.862,1.910,162.862
yaw095_pitch+085,95,85,283.883,2.772,171.117
yaw095_pitch+090,95,90,277.089,2.558,177.911
yaw100_pitch-090,100,-90,72.464,-2.636,27.536
yaw100_pitch-085,100,-85,73.134,-2.715,26.866
yaw100_pitch-080,100,-80,72.531,-2.644,27.469
yaw100_pitch-075,100,-75,74.792,-2.901,25.208
yaw100_pitch-070,100,-70,77.979,-3.168,22.021
yaw100_pitch-065,100,-65,83.642,-3.555,16.358
yaw100_pitch-060,100,-60,88.573,-3.837,11.427
yaw100_pitch-055,100,-55,96.544,-4.163,3.456
yaw100_pitch-050,100,-50,106.891,-4.442,6.891
yaw100_pitch-045,100,-45,129.064,-4.915,29.064
yaw100_pitch-040,100,-40,135.997,-5.036,35.997
yaw100_pitch-035,100,-35,154.872,-5.084,54.872
yaw100_pitch-030,100,-30,166.922,-4.839,66.922
yaw100_pitch-025,100,-25,169.934,-4.754,69.934
yaw100_pitch-020,100,-20,172.321,-4.624,72.321
yaw100_pitch-015,100,-15,173.732,-4.541,73.732
yaw100_pitch-010,100,-10,169.841,-4.758,69.841
yaw100_pitch-005,100,-5,166.521,-4.848,66.521
yaw100_pitch+000,100,0,136.647,-5.044,36.647
yaw100_pitch+005,100,5,149.712,-5.136,49.712
yaw100_pitch+010,100,10,165.646,-4.868,65.646
yaw100_pitch+015,100,15,183.101,-3.838,83.101
yaw100_pitch+020,100,20,202.385,-1.573,102.385
yaw100_pitch+025,100,25,224.376,0.461,124.376
yaw100_pitch+030,100,30,265.591,2.182,165.591
yaw100_pitch+035,100,35,281.101,2.698,178.899
yaw100_pitch+040,100,40,292.006,2.665,167.994
yaw100_pitch+045,100,45,299.241,1.571,160.759
yaw100_pitch+050,100,50,302.408,0.894,157.592
yaw100_pitch+055,100,55,305.984,-0.070,154.016
yaw100_pitch+060,100,60,308.564,-0.955,151.436
yaw100_pitch+065,100,65,311.362,-2.303,148.638
yaw100_pitch+070,100,70,263.681,2.121,163.681
yaw100_pitch+075,100,75,288.767,2.875,171.233
yaw100_pitch+080,100,80,295.051,2.284,164.949
yaw100_pitch+085,100,85,300.313,1.355,159.687
yaw100_pitch+090,100,90,305.870,-0.035,154.130
yaw105_pitch-090,105,-90,105.104,-4.395,0.104
yaw105_pitch-085,105,-85,103.794,-4.363,1.206
yaw105_pitch-080,105,-80,97.376,-4.190,7.624
yaw105_pitch-075,105,-75,87.074,-3.756,17.926
yaw105_pitch-070,105,-70,91.727,-3.993,13.273
yaw105_pitch-065,105,-65,100.035,-4.264,4.965
yaw105_pitch-060,105,-60,118.708,-4.715,13.708
yaw105_pitch-055,105,-55,134.641,-5.013,29.641
yaw105_pitch-050,105,-50,154.577,-5.089,49.577
yaw105_pitch-045,105,-45,166.363,-4.852,61.363
yaw105_pitch-040,105,-40,180.764,-4.057,75.764
yaw105_pitch-035,105,-35,186.263,-3.524,81.263
yaw105_pitch-030,105,-30,187.950,-3.350,82.950
yaw105_pitch-025,105,-25,189.681,-3.165,84.681
yaw105_pitch-020,105,-20,191.263,-2.982,86.263
yaw105_pitch-015,105,-15,191.596,-2.943,86.596
yaw105_pitch-010,105,-10,189.595,-3.175,84.595
yaw105_pitch-005,105,-5,184.418,-3.712,79.418
yaw105_pitch+000,105,0,165.187,-4.879,60.187
yaw105_pitch+005,105,5,162.227,-4.947,57.227
yaw105_pitch+010,105,10,179.037,-4.197,74.037
yaw105_pitch+015,105,15,195.812,-2.407,90.812
yaw105_pitch+020,105,20,234.696,0.956,129.696
yaw105_pitch+025,105,25,282.146,2.725,177.146
yaw105_pitch+030,105,30,299.549,1.510,165.451
yaw105_pitch+035,105,35,304.136,0.462,160.864
yaw105_pitch+040,105,40,307.192,-0.461,157.808
yaw105_pitch+045,105,45,310.435,-1.807,154.565
yaw105_pitch+050,105,50,311.436,-2.345,153.564
yaw105_pitch+055,105,55,312.008,-2.688,152.992
yaw105_pitch+060,105,60,310.188,-1.683,154.812
yaw105_pitch+065,105,65,311.351,-2.297,153.649
yaw105_pitch+070,105,70,276.427,2.535,171.427
yaw105_pitch+075,105,75,276.312,2.531,171.312
yaw105_pitch+080,105,80,292.370,2.630,172.630
yaw105_pitch+085,105,85,300.599,1.296,164.401
yaw105_pitch+090,105,90,289.368,2.881,175.632
yaw110_pitch-090,110,-90,154.654,-5.088,44.654
yaw110_pitch-085,110,-85,139.895,-5.077,29.895
yaw110_pitch-080,110,-80,133.096,-4.986,23.096
yaw110_pitch-075,110,-75,118.368,-4.707,8.368
yaw110_pitch-070,110,-70,124.682,-4.836,14.682
yaw110_pitch-065,110,-65,143.983,-5.111,33.983
yaw110_pitch-060,110,-60,162.039,-4.951,52.039
yaw110_pitch-055,110,-55,176.957,-4.338,66.957
yaw110_pitch-050,110,-50,186.797,-3.469,76.797
yaw110_pitch-045,110,-45,195.540,-2.441,85.540
yaw110_pitch-040,110,-40,198.242,-2.097,88.242
yaw110_pitch-035,110,-35,200.637,-1.790,90.637
yaw110_pitch-030,110,-30,206.061,-1.134,96.061
yaw110_pitch-025,110,-25,208.886,-0.814,98.886
yaw110_pitch-020,110,-20,210.950,-0.589,100.950
yaw110_pitch-015,110,-15,213.755,-0.324,103.755
yaw110_pitch-010,110,-10,204.499,-1.317,94.499
yaw110_pitch-005,110,-5,199.883,-1.886,89.883
yaw110_pitch+000,110,0,190.647,-3.055,80.647
yaw110_pitch+005,110,5,175.325,-4.446,65.325
yaw110_pitch+010,110,10,190.306,-3.095,80.306
yaw110_pitch+015,110,15,218.657,0.110,108.657
yaw110_pitch+020,110,20,276.462,2.536,166.462
yaw110_pitch+025,110,25,301.605,1.078,168.395
yaw110_pitch+030,110,30,307.718,-0.643,162.282
yaw110_pitch+035,110,35,307.210,-0.467,162.790
yaw110_pitch+040,110,40,303.387,0.656,166.613
yaw110_pitch+045,110,45,300.766,1.261,169.234
yaw110_pitch+050,110,50,290.561,2.800,179.439
yaw110_pitch+055,110,55,286.061,2.833,176.061
yaw110_pitch+060,110,60,265.719,2.186,155.719
yaw110_pitch+065,110,65,264.661,2.152,154.661
yaw110_pitch+070,110,70,265.699,2.185,155.699
yaw110_pitch+075,110,75,260.381,2.009,150.381
yaw110_pitch+080,110,80,256.480,1.855,146.480
yaw110_pitch+085,110,85,242.204,1.280,132.204
yaw110_pitch+090,110,90,208.707,-0.834,98.707
yaw115_pitch-090,115,-90,197.670,-2.171,82.670
yaw115_pitch-085,115,-85,179.231,-4.182,64.231
yaw115_pitch-080,115,-80,177.139,-4.326,62.139
yaw115_pitch-075,115,-75,173.211,-4.572,58.211
yaw115_pitch-070,115,-70,180.411,-4.090,65.411
yaw115_pitch-065,115,-65,187.313,-3.416,72.313
yaw115_pitch-060,115,-60,196.447,-2.326,81.447
yaw115_pitch-055,115,-55,203.140,-1.480,88.140
yaw115_pitch-050,115,-50,210.883,-0.596,95.883
yaw115_pitch-045,115,-45,214.518,-0.254,99.518
yaw115_pitch-040,115,-40,222.619,0.369,107.619
yaw115_pitch-035,115,-35,226.482,0.568,111.482
yaw115_pitch-030,115,-30,238.806,1.137,123.806
yaw115_pitch-025,115,-25,239.660,1.174,124.660
yaw115_pitch-020,115,-20,240.770,1.220,125.770
yaw115_pitch-015,115,-15,239.173,1.153,124.173
yaw115_pitch-010,115,-10,226.908,0.589,111.908
yaw115_pitch-005,115,-5,210.460,-0.641,95.460
yaw115_pitch+000,115,0,204.216,-1.351,89.216
yaw115_pitch+005,115,5,190.285,-3.097,75.285
yaw115_pitch+010,115,10,202.142,-1.603,87.142
yaw115_pitch+015,115,15,218.926,0.131,103.926
yaw115_pitch+020,115,20,258.210,1.924,143.210
yaw115_pitch+025,115,25,274.690,2.475,159.690
yaw115_pitch+030,115,30,275.967,2.519,160.967
yaw115_pitch+035,115,35,274.832,2.480,159.832
yaw115_pitch+040,115,40,266.762,2.218,151.762
yaw115_pitch+045,115,45,266.252,2.202,151.252
yaw115_pitch+050,115,50,254.966,1.794,139.966
yaw115_pitch+055,115,55,253.525,1.736,138.525
yaw115_pitch+060,115,60,251.552,1.657,136.552
yaw115_pitch+065,115,65,243.116,1.317,128.116
yaw115_pitch+070,115,70,238.248,1.113,123.248
yaw115_pitch+075,115,75,233.065,0.882,118.065
yaw115_pitch+080,115,80,211.216,-0.564,96.216
yaw115_pitch+085,115,85,188.434,-3.300,73.434
yaw115_pitch+090,115,90,139.421,-5.072,24.421
yaw120_pitch-090,120,-90,236.417,1.032,116.417
yaw120_pitch-085,120,-85,189.368,-3.199,69.368
yaw120_pitch-080,120,-80,192.504,-2.833,72.504
yaw120_pitch-075,120,-75,194.832,-2.532,74.832
yaw120_pitch-070,120,-70,212.355,-0.455,92.355
yaw120_pitch-065,120,-65,223.338,0.407,103.338
yaw120_pitch-060,120,-60,239.056,1.148,119.056
yaw120_pitch-055,120,-55,243.504,1.333,123.504
yaw120_pitch-050,120,-50,251.539,1.656,131.539
yaw120_pitch-045,120,-45,259.367,1.969,139.367
yaw120_pitch-040,120,-40,267.349,2.236,147.349
yaw120_pitch-035,120,-35,273.371,2.431,153.371
yaw120_pitch-030,120,-30,270.460,2.335,150.460
yaw120_pitch-025,120,-25,268.835,2.283,148.835
yaw120_pitch-020,120,-20,258.561,1.937,138.561
yaw120_pitch-015,120,-15,253.876,1.750,133.876
yaw120_pitch-010,120,-10,245.201,1.402,125.201
yaw120_pitch-005,120,-5,229.643,0.722,109.643
yaw120_pitch+000,120,0,201.888,-1.634,81.888
yaw120_pitch+005,120,5,188.212,-3.323,68.212
yaw120_pitch+010,120,10,182.068,-3.935,62.068
yaw120_pitch+015,120,15,192.628,-2.817,72.628
yaw120_pitch+020,120,20,208.194,-0.891,88.194
yaw120_pitch+025,120,25,221.746,0.322,101.746
yaw120_pitch+030,120,30,227.437,0.616,107.437
yaw120_pitch+035,120,35,224.905,0.488,104.905
yaw120_pitch+040,120,40,229.109,0.697,109.109
yaw120_pitch+045,120,45,226.853,0.587,106.853
yaw120_pitch+050,120,50,223.672,0.424,103.672
yaw120_pitch+055,120,55,225.237,0.505,105.237
yaw120_pitch+060,120,60,222.413,0.358,102.413
yaw120_pitch+065,120,65,223.076,0.393,103.076
yaw120_pitch+070,120,70,215.486,-0.165,95.486
yaw120_pitch+075,120,75,202.696,-1.535,82.696
yaw120_pitch+080,120,80,183.213,-3.828,63.213
yaw120_pitch+085,120,85,124.095,-4.826,4.095
yaw120_pitch+090,120,90,69.654,-2.266,50.346
yaw125_pitch-090,125,-90,276.772,2.547,151.772
yaw125_pitch-085,125,-85,214.445,-0.260,89.445
yaw125_pitch-080,125,-80,217.716,0.030,92.716
yaw125_pitch-075,125,-75,233.877,0.919,108.877
yaw125_pitch-070,125,-70,261.034,2.032,136.034
yaw125_pitch-065,125,-65,282.669,2.739,157.669
yaw125_pitch-060,125,-60,293.230,2.544,168.230
yaw125_pitch-055,125,-55,287.507,2.862,162.507
yaw125_pitch-050,125,-50,282.253,2.728,157.253
yaw125_pitch-045,125,-45,292.689,2.598,167.689
yaw125_pitch-040,125,-40,292.569,2.610,167.569
yaw125_pitch-035,125,-35,292.464,2.620,167.464
yaw125_pitch-030,125,-30,291.760,2.688,166.760
yaw125_pitch-025,125,-25,279.247,2.636,154.247
yaw125_pitch-020,125,-20,256.279,1.847,131.279
yaw125_pitch-015,125,-15,231.579,0.814,106.579
yaw125_pitch-010,125,-10,213.825,-0.318,88.825
yaw125_pitch-005,125,-5,199.975,-1.874,74.975
yaw125_pitch+000,125,0,189.509,-3.184,64.509
yaw125_pitch+005,125,5,172.098,-4.637,47.098
yaw125_pitch+010,125,10,147.148,-5.123,22.148
yaw125_pitch+015,125,15,155.819,-5.066,30.819
yaw125_pitch+020,125,20,179.028,-4.198,54.028
yaw125_pitch+025,125,25,190.184,-3.109,65.184
yaw125_pitch+030,125,30,197.576,-2.183,72.576
yaw125_pitch+035,125,35,203.343,-1.456,78.343
yaw125_pitch+040,125,40,205.019,-1.256,80.019
yaw125_pitch+045,125,45,206.408,-1.094,81.408
yaw125_pitch+050,125,50,207.384,-0.983,82.384
yaw125_pitch+055,125,55,208.220,-0.888,83.220
yaw125_pitch+060,125,60,205.649,-1.182,80.649
yaw125_pitch+065,125,65,205.496,-1.200,80.496
yaw125_pitch+070,125,70,197.129,-2.240,72.129
yaw125_pitch+075,125,75,186.263,-3.524,61.263
yaw125_pitch+080,125,80,143.177,-5.108,18.177
yaw125_pitch+085,125,85,78.452,-3.204,46.548
yaw125_pitch+090,125,90,67.608,-1.470,57.392
yaw130_pitch-090,130,-90,293.710,2.478,163.710
yaw130_pitch-085,130,-85,250.130,1.600,120.130
yaw130_pitch-080,130,-80,258.893,1.950,128.893
yaw130_pitch-075,130,-75,279.303,2.638,149.303
yaw130_pitch-070,130,-70,287.907,2.866,157.907
yaw130_pitch-065,130,-65,302.442,0.886,172.442
yaw130_pitch-060,130,-60,303.148,0.715,173.148
yaw130_pitch-055,130,-55,298.752,1.665,168.752
yaw130_pitch-050,130,-50,289.587,2.872,159.587
yaw130_pitch-045,130,-45,288.452,2.871,158.452
yaw130_pitch-040,130,-40,279.061,2.629,149.061
yaw130_pitch-035,130,-35,268.730,2.280,138.730
yaw130_pitch-030,130,-30,246.831,1.467,116.831
yaw130_pitch-025,130,-25,225.745,0.531,95.745
yaw130_pitch-020,130,-20,210.507,-0.636,80.507
yaw130_pitch-015,130,-15,199.233,-1.969,69.233
yaw130_pitch-010,130,-10,191.545,-2.949,61.545
yaw130_pitch-005,130,-5,181.203,-4.016,51.203
yaw130_pitch+000,130,0,156.276,-5.058,26.276
yaw130_pitch+005,130,5,102.342,-4.326,27.658
yaw130_pitch+010,130,10,72.831,-2.680,57.169
yaw130_pitch+015,130,15,74.289,-2.847,55.711
yaw130_pitch+020,130,20,99.774,-4.257,30.226
yaw130_pitch+025,130,25,158.014,-5.026,28.014
yaw130_pitch+030,130,30,181.507,-3.988,51.507
yaw130_pitch+035,130,35,190.127,-3.116,60.127
yaw130_pitch+040,130,40,191.567,-2.947,61.567
yaw130_pitch+045,130,45,193.544,-2.699,63.544
yaw130_pitch+050,130,50,196.895,-2.269,66.895
yaw130_pitch+055,130,55,198.927,-2.008,68.927
yaw130_pitch+060,130,60,198.590,-2.052,68.590
yaw130_pitch+065,130,65,195.379,-2.462,65.379
yaw130_pitch+070,130,70,192.212,-2.871,62.212
yaw130_pitch+075,130,75,175.211,-4.453,45.211
yaw130_pitch+080,130,80,116.488,-4.667,13.512
yaw130_pitch+085,130,85,67.732,-1.901,62.268
yaw130_pitch+090,130,90,157.299,-1.224,27.299
yaw135_pitch-090,135,-90,277.711,2.581,142.711
yaw135_pitch-085,135,-85,245.193,1.401,110.193
yaw135_pitch-080,135,-80,248.445,1.532,113.445
yaw135_pitch-075,135,-75,268.069,2.259,133.069
yaw135_pitch-070,135,-70,275.058,2.488,140.058
yaw135_pitch-065,135,-65,279.818,2.657,144.818
yaw135_pitch-060,135,-60,284.666,2.793,149.666
yaw135_pitch-055,135,-55,263.232,2.106,128.232
yaw135_pitch-050,135,-50,251.466,1.653,116.466
yaw135_pitch-045,135,-45,237.574,1.083,102.574
yaw135_pitch-040,135,-40,227.278,0.608,92.278
yaw135_pitch-035,135,-35,219.215,0.154,84.215
yaw135_pitch-030,135,-30,210.037,-0.687,75.037
yaw135_pitch-025,135,-25,198.126,-2.111,63.126
yaw135_pitch-020,135,-20,190.961,-3.018,55.961
yaw135_pitch-015,135,-15,182.800,-3.867,47.800
yaw135_pitch-010,135,-10,174.215,-4.512,39.215
yaw135_pitch-005,135,-5,145.507,-5.117,10.507
yaw135_pitch+000,135,0,85.122,-3.645,49.878
yaw135_pitch+005,135,5,70.239,-1.465,64.761
yaw135_pitch+010,135,10,63.119,-0.115,71.881
yaw135_pitch+015,135,15,60.589,0.011,74.411
yaw135_pitch+020,135,20,80.104,-1.329,54.896
yaw135_pitch+025,135,25,82.626,-3.492,52.374
yaw135_pitch+030,135,30,158.396,-5.019,23.396
yaw135_pitch+035,135,35,180.445,-4.087,45.445
yaw135_pitch+040,135,40,184.745,-3.679,49.745
yaw135_pitch+045,135,45,186.316,-3.518,51.316
yaw135_pitch+050,135,50,190.361,-3.088,55.361
yaw135_pitch+055,135,55,192.868,-2.786,57.868
yaw135_pitch+060,135,60,194.105,-2.626,59.105
yaw135_pitch+065,135,65,193.247,-2.737,58.247
yaw135_pitch+070,135,70,188.759,-3.265,53.759
yaw135_pitch+075,135,75,170.626,-4.720,35.626
yaw135_pitch+080,135,80,109.091,-4.497,25.909
yaw135_pitch+085,135,85,67.184,-1.796,67.816
yaw135_pitch+090,135,90,141.804,-1.232,6.804
yaw140_pitch-090,140,-90,226.201,0.554,86.201
yaw140_pitch-085,140,-85,209.181,-0.781,69.181
yaw140_pitch-080,140,-80,207.777,-0.938,67.777
yaw140_pitch-075,140,-75,216.906,-0.040,76.906
yaw140_pitch-070,140,-70,226.018,0.545,86.018
yaw140_pitch-065,140,-65,230.806,0.777,90.806
yaw140_pitch-060,140,-60,233.046,0.881,93.046
yaw140_pitch-055,140,-55,227.547,0.621,87.547
yaw140_pitch-050,140,-50,219.855,0.203,79.855
yaw140_pitch-045,140,-45,208.329,-0.876,68.329
yaw140_pitch-040,140,-40,201.448,-1.689,61.448
yaw140_pitch-035,140,-35,195.411,-2.458,55.411
yaw140_pitch-030,140,-30,189.407,-3.195,49.407
yaw140_pitch-025,140,-25,181.867,-3.954,41.867
yaw140_pitch-020,140,-20,175.593,-4.429,35.593
yaw140_pitch-015,140,-15,164.947,-4.885,24.947
yaw140_pitch-010,140,-10,148.411,-5.128,8.411
yaw140_pitch-005,140,-5,98.857,-4.232,41.143
yaw140_pitch+000,140,0,69.352,-1.493,70.648
yaw140_pitch+005,140,5,53.149,0.037,86.851
yaw140_pitch+010,140,10,63.154,0.761,76.846
yaw140_pitch+015,140,15,64.201,0.873,75.799
yaw140_pitch+020,140,20,53.151,-0.138,86.849
yaw140_pitch+025,140,25,70.830,-1.448,69.170
yaw140_pitch+030,140,30,120.062,-4.743,19.938
yaw140_pitch+035,140,35,169.762,-4.762,29.762
yaw140_pitch+040,140,40,180.892,-4.045,40.892
yaw140_pitch+045,140,45,178.760,-4.217,38.760
yaw140_pitch+050,140,50,186.206,-3.530,46.206
yaw140_pitch+055,140,55,189.894,-3.142,49.894
yaw140_pitch+060,140,60,191.251,-2.984,51.251
yaw140_pitch+065,140,65,195.925,-2.392,55.925
yaw140_pitch+070,140,70,190.484,-3.074,50.484
yaw140_pitch+075,140,75,178.688,-4.222,38.688
yaw140_pitch+080,140,80,129.789,-4.928,10.211
yaw140_pitch+085,140,85,74.363,-2.855,65.637
yaw140_pitch+090,140,90,68.487,-1.489,71.513
yaw145_pitch-090,145,-90,194.137,-2.622,49.137
yaw145_pitch-085,145,-85,172.152,-4.634,27.152
yaw145_pitch-080,145,-80,140.801,-5.086,4.199
yaw145_pitch-075,145,-75,148.977,-5.130,3.977
yaw145_pitch-070,145,-70,183.389,-3.811,38.389
yaw145_pitch-065,145,-65,199.693,-1.910,54.693
yaw145_pitch-060,145,-60,206.421,-1.093,61.421
yaw145_pitch-055,145,-55,202.731,-1.530,57.731
yaw145_pitch-050,145,-50,197.307,-2.217,52.307
yaw145_pitch-045,145,-45,192.743,-2.802,47.743
yaw145_pitch-040,145,-40,188.099,-3.335,43.099
yaw145_pitch-035,145,-35,181.227,-4.014,36.227
yaw145_pitch-030,145,-30,177.631,-4.293,32.631
yaw145_pitch-025,145,-25,164.243,-4.901,19.243
yaw145_pitch-020,145,-20,152.747,-5.120,7.747
yaw145_pitch-015,145,-15,134.878,-5.018,10.122
yaw145_pitch-010,145,-10,124.796,-4.838,20.204
yaw145_pitch-005,145,-5,77.048,-3.096,67.952
yaw145_pitch+000,145,0,232.929,-0.500,87.929
yaw145_pitch+005,145,5,62.220,0.702,82.780
yaw145_pitch+010,145,10,82.270,1.842,62.730
yaw145_pitch+015,145,15,83.436,1.847,61.564
yaw145_pitch+020,145,20,64.068,0.859,80.932
yaw145_pitch+025,145,25,222.198,-0.349,77.198
yaw145_pitch+030,145,30,89.175,-3.868,55.825
yaw145_pitch+035,145,35,159.581,-4.997,14.581
yaw145_pitch+040,145,40,176.101,-4.395,31.101
yaw145_pitch+045,145,45,186.174,-3.533,41.174
yaw145_pitch+050,145,50,189.231,-3.214,44.231
yaw145_pitch+055,145,55,191.069,-3.005,46.069
yaw145_pitch+060,145,60,197.206,-2.230,52.206
yaw145_pitch+065,145,65,200.425,-1.817,55.425
yaw145_pitch+070,145,70,197.802,-2.154,52.802
yaw145_pitch+075,145,75,190.671,-3.052,45.671
yaw145_pitch+080,145,80,167.613,-4.822,22.613
yaw145_pitch+085,145,85,98.839,-4.232,46.161
yaw145_pitch+090,145,90,67.694,-1.893,77.306
yaw150_pitch-090,150,-90,129.730,-4.927,20.270
yaw150_pitch-085,150,-85,65.724,-1.592,84.276
yaw150_pitch-080,150,-80,227.110,-1.129,77.110
yaw150_pitch-075,150,-75,225.540,-1.137,75.540
yaw150_pitch-070,150,-70,66.159,-1.647,83.841
yaw150_pitch-065,150,-65,136.419,-5.041,13.581
yaw150_pitch-060,150,-60,183.340,-3.816,33.340
yaw150_pitch-055,150,-55,186.308,-3.519,36.308
yaw150_pitch-050,150,-50,180.168,-4.110,30.168
yaw150_pitch-045,150,-45,177.586,-4.296,27.586
yaw150_pitch-040,150,-40,172.177,-4.633,22.177
yaw150_pitch-035,150,-35,165.406,-4.874,15.406
yaw150_pitch-030,150,-30,156.913,-5.046,6.913
yaw150_pitch-025,150,-25,142.444,-5.103,7.556
yaw150_pitch-020,150,-20,126.317,-4.866,23.683
yaw150_pitch-015,150,-15,112.985,-4.589,37.015
yaw150_pitch-010,150,-10,107.137,-4.448,42.863
yaw150_pitch-005,150,-5,75.831,-2.997,74.169
yaw150_pitch+000,150,0,233.881,-0.554,83.881
yaw150_pitch+005,150,5,62.003,0.686,87.997
yaw150_pitch+010,150,10,81.964,1.841,68.036
yaw150_pitch+015,150,15,84.424,1.852,65.576
yaw150_pitch+020,150,20,64.631,0.917,85.369
yaw150_pitch+025,150,25,101.134,-0.268,48.866
yaw150_pitch+030,150,30,87.254,-3.766,62.746
yaw150_pitch+035,150,35,161.684,-4.959,11.684
yaw150_pitch+040,150,40,183.129,-3.836,33.129
yaw150_pitch+045,150,45,191.113,-3.000,41.113
yaw150_pitch+050,150,50,194.588,-2.564,44.588
yaw150_pitch+055,150,55,198.141,-2.110,48.141
yaw150_pitch+060,150,60,205.354,-1.216,55.354
yaw150_pitch+065,150,65,209.620,-0.733,59.620
yaw150_pitch+070,150,70,212.705,-0.422,62.705
yaw150_pitch+075,150,75,206.841,-1.045,56.841
yaw150_pitch+080,150,80,192.186,-2.874,42.186
yaw150_pitch+085,150,85,162.040,-4.951,12.040
yaw150_pitch+090,150,90,102.299,-4.324,47.701
yaw155_pitch-090,155,-90,65.617,-1.578,89.383
yaw155_pitch-085,155,-85,54.383,0.494,100.617
yaw155_pitch-080,155,-80,58.823,0.471,96.177
yaw155_pitch-075,155,-75,58.999,0.485,96.001
yaw155_pitch-070,155,-70,54.167,0.409,100.833
yaw155_pitch-065,155,-65,65.967,-1.442,89.033
yaw155_pitch-060,155,-60,132.446,-4.975,22.554
yaw155_pitch-055,155,-55,152.044,-5.130,2.956
yaw155_pitch-050,155,-50,143.493,-5.109,11.507
yaw155_pitch-045,155,-45,150.275,-5.140,4.725
yaw155_pitch-040,155,-40,163.723,-4.913,8.723
yaw155_pitch-035,155,-35,159.230,-5.003,4.230
yaw155_pitch-030,155,-30,146.195,-5.120,8.805
yaw155_pitch-025,155,-25,127.822,-4.893,27.178
yaw155_pitch-020,155,-20,107.232,-4.450,47.768
yaw155_pitch-015,155,-15,101.424,-4.302,53.576
yaw155_pitch-010,155,-10,101.183,-4.295,53.817
yaw155_pitch-005,155,-5,89.444,-3.882,65.556
yaw155_pitch+000,155,0,68.280,-1.488,86.720
yaw155_pitch+005,155,5,53.232,0.092,101.768
yaw155_pitch+010,155,10,63.260,0.772,91.740
yaw155_pitch+015,155,15,65.036,0.957,89.964
yaw155_pitch+020,155,20,53.636,-0.087,101.364
yaw155_pitch+025,155,25,76.470,-1.361,78.530
yaw155_pitch+030,155,30,116.916,-4.676,38.084
yaw155_pitch+035,155,35,177.886,-4.276,22.886
yaw155_pitch+040,155,40,194.296,-2.601,39.296
yaw155_pitch+045,155,45,202.349,-1.577,47.349
yaw155_pitch+050,155,50,204.115,-1.363,49.115
yaw155_pitch+055,155,55,211.746,-0.513,56.746
yaw155_pitch+060,155,60,218.321,0.082,63.321
yaw155_pitch+065,155,65,226.656,0.577,71.656
yaw155_pitch+070,155,70,234.209,0.934,79.209
yaw155_pitch+075,155,75,234.515,0.948,79.515
yaw155_pitch+080,155,80,222.953,0.386,67.953
yaw155_pitch+085,155,85,200.649,-1.789,45.649
yaw155_pitch+090,155,90,185.875,-3.563,30.875
yaw160_pitch-090,160,-90,234.414,-0.949,74.414
yaw160_pitch-085,160,-85,58.409,0.438,101.591
yaw160_pitch-080,160,-80,77.854,1.825,82.146
yaw160_pitch-075,160,-75,79.502,1.831,80.498
yaw160_pitch-070,160,-70,62.063,0.691,97.937
yaw160_pitch-065,160,-65,222.544,-0.350,62.544
yaw160_pitch-060,160,-60,78.583,-3.213,81.417
yaw160_pitch-055,160,-55,103.990,-4.368,56.010
yaw160_pitch-050,160,-50,101.851,-4.313,58.149
yaw160_pitch-045,160,-45,113.552,-4.601,46.448
yaw160_pitch-040,160,-40,150.011,-5.138,9.989
yaw160_pitch-035,160,-35,153.220,-5.113,6.780
yaw160_pitch-030,160,-30,149.681,-5.135,10.319
yaw160_pitch-025,160,-25,137.523,-5.053,22.477
yaw160_pitch-020,160,-20,116.587,-4.669,43.413
yaw160_pitch-015,160,-15,112.943,-4.588,47.057
yaw160_pitch-010,160,-10,120.932,-4.762,39.068
yaw160_pitch-005,160,-5,128.236,-4.900,31.764
yaw160_pitch+000,160,0,86.364,-3.716,73.636
yaw160_pitch+005,160,5,67.676,-1.472,92.324
yaw160_pitch+010,160,10,228.848,-0.399,68.848
yaw160_pitch+015,160,15,60.521,0.016,99.479
yaw160_pitch+020,160,20,99.508,-1.267,60.492
yaw160_pitch+025,160,25,74.149,-2.831,85.851
yaw160_pitch+030,160,30,152.449,-5.124,7.551
yaw160_pitch+035,160,35,191.115,-3.000,31.115
yaw160_pitch+040,160,40,207.331,-0.989,47.331
yaw160_pitch+045,160,45,213.797,-0.320,53.797
yaw160_pitch+050,160,50,226.402,0.564,66.402
yaw160_pitch+055,160,55,232.255,0.845,72.255
yaw160_pitch+060,160,60,253.218,1.723,93.218
yaw160_pitch+065,160,65,263.512,2.116,103.512
yaw160_pitch+070,160,70,267.686,2.247,107.686
yaw160_pitch+075,160,75,270.024,2.321,110.024
yaw160_pitch+080,160,80,266.514,2.210,106.514
yaw160_pitch+085,160,85,249.983,1.594,89.983
yaw160_pitch+090,160,90,235.071,0.973,75.071
yaw165_pitch-090,165,-90,234.738,-0.922,69.738
yaw165_pitch-085,165,-85,58.944,0.481,106.056
yaw165_pitch-080,165,-80,79.379,1.830,85.621
yaw165_pitch-075,165,-75,82.184,1.842,82.816
yaw165_pitch-070,165,-70,66.271,1.080,98.729
yaw165_pitch-065,165,-65,57.766,0.534,107.234
yaw165_pitch-060,165,-60,70.170,-2.337,94.830
yaw165_pitch-055,165,-55,101.107,-4.293,63.893
yaw165_pitch-050,165,-50,94.351,-4.089,70.649
yaw165_pitch-045,165,-45,117.250,-4.683,47.750
yaw165_pitch-040,165,-40,140.719,-5.085,24.281
yaw165_pitch-035,165,-35,159.128,-5.005,5.872
yaw165_pitch-030,165,-30,158.447,-5.018,6.553
yaw165_pitch-025,165,-25,149.945,-5.137,15.055
yaw165_pitch-020,165,-20,142.693,-5.105,22.307
yaw165_pitch-015,165,-15,133.703,-4.997,31.297
yaw165_pitch-010,165,-10,147.767,-5.126,17.233
yaw165_pitch-005,165,-5,149.954,-5.138,15.046
yaw165_pitch+000,165,0,149.946,-5.137,15.054
yaw165_pitch+005,165,5,126.674,-4.872,38.326
yaw165_pitch+010,165,10,90.439,-3.933,74.561
yaw165_pitch+015,165,15,80.631,-3.359,84.369
yaw165_pitch+020,165,20,92.871,-4.036,72.129
yaw165_pitch+025,165,25,122.533,-4.795,42.467
yaw165_pitch+030,165,30,180.326,-4.097,15.326
yaw165_pitch+035,165,35,215.738,-0.142,50.738
yaw165_pitch+040,165,40,236.576,1.039,71.576
yaw165_pitch+045,165,45,256.787,1.867,91.787
yaw165_pitch+050,165,50,264.059,2.133,99.059
yaw165_pitch+055,165,55,282.265,2.729,117.265
yaw165_pitch+060,165,60,291.885,2.676,126.885
yaw165_pitch+065,165,65,295.806,2.169,130.806
yaw165_pitch+070,165,70,299.469,1.526,134.469
yaw165_pitch+075,165,75,301.388,1.126,136.388
yaw165_pitch+080,165,80,301.495,1.102,136.495
yaw165_pitch+085,165,85,300.570,1.302,135.570
yaw165_pitch+090,165,90,284.053,2.777,119.053
yaw170_pitch-090,170,-90,65.374,-1.496,104.626
yaw170_pitch-085,170,-85,53.628,0.245,116.372
yaw170_pitch-080,170,-80,62.949,0.738,107.051
yaw170_pitch-075,170,-75,66.614,1.126,103.386
yaw170_pitch-070,170,-70,55.457,0.145,114.543
yaw170_pitch-065,170,-65,235.572,-0.666,65.572
yaw170_pitch-060,170,-60,79.480,-3.279,90.520
yaw170_pitch-055,170,-55,124.815,-4.839,45.185
yaw170_pitch-050,170,-50,126.481,-4.869,43.519
yaw170_pitch-045,170,-45,141.272,-5.091,28.728
yaw170_pitch-040,170,-40,160.779,-4.977,9.221
yaw170_pitch-035,170,-35,170.374,-4.732,0.374
yaw170_pitch-030,170,-30,174.257,-4.510,4.257
yaw170_pitch-025,170,-25,168.651,-4.798,1.349
yaw170_pitch-020,170,-20,166.924,-4.839,3.076
yaw170_pitch-015,170,-15,164.599,-4.893,5.401
yaw170_pitch-010,170,-10,168.219,-4.808,1.781
yaw170_pitch-005,170,-5,172.684,-4.603,2.684
yaw170_pitch+000,170,0,181.106,-4.025,11.106
yaw170_pitch+005,170,5,182.434,-3.901,12.434
yaw170_pitch+010,170,10,181.013,-4.034,11.013
yaw170_pitch+015,170,15,173.465,-4.557,3.465
yaw170_pitch+020,170,20,165.643,-4.869,4.357
yaw170_pitch+025,170,25,170.310,-4.735,0.310
yaw170_pitch+030,170,30,205.470,-1.203,35.470
yaw170_pitch+035,170,35,258.686,1.942,88.686
yaw170_pitch+040,170,40,284.771,2.796,114.771
yaw170_pitch+045,170,45,296.026,2.135,126.026
yaw170_pitch+050,170,50,302.488,0.875,132.488
yaw170_pitch+055,170,55,307.911,-0.712,137.911
yaw170_pitch+060,170,60,305.745,0.003,135.745
yaw170_pitch+065,170,65,306.495,-0.230,136.495
yaw170_pitch+070,170,70,303.529,0.620,133.529
yaw170_pitch+075,170,75,304.731,0.299,134.731
yaw170_pitch+080,170,80,301.831,1.027,131.831
yaw170_pitch+085,170,85,291.506,2.712,121.506
yaw170_pitch+090,170,90,271.499,2.369,101.499
yaw175_pitch-090,175,-90,91.453,-3.983,83.547
yaw175_pitch-085,175,-85,66.995,-1.452,108.005
yaw175_pitch-080,175,-80,87.371,-0.257,87.629
yaw175_pitch-075,175,-75,58.590,0.322,116.410
yaw175_pitch-070,175,-70,235.435,-0.846,60.435
yaw175_pitch-065,175,-65,67.517,-1.857,107.483
yaw175_pitch-060,175,-60,131.393,-4.956,43.607
yaw175_pitch-055,175,-55,162.549,-4.940,12.451
yaw175_pitch-050,175,-50,161.081,-4.972,13.919
yaw175_pitch-045,175,-45,171.286,-4.685,3.714
yaw175_pitch-040,175,-40,178.243,-4.252,3.243
yaw175_pitch-035,175,-35,183.212,-3.828,8.212
yaw175_pitch-030,175,-30,185.802,-3.571,10.802
yaw175_pitch-025,175,-25,185.119,-3.641,10.119
yaw175_pitch-020,175,-20,185.321,-3.620,10.321
yaw175_pitch-015,175,-15,186.364,-3.513,11.364
yaw175_pitch-010,175,-10,185.916,-3.559,10.916
yaw175_pitch-005,175,-5,194.240,-2.609,19.240
yaw175_pitch+000,175,0,197.344,-2.213,22.344
yaw175_pitch+005,175,5,201.556,-1.675,26.556
yaw175_pitch+010,175,10,208.003,-0.913,33.003
yaw175_pitch+015,175,15,204.144,-1.359,29.144
yaw175_pitch+020,175,20,196.936,-2.264,21.936
yaw175_pitch+025,175,25,195.087,-2.499,20.087
yaw175_pitch+030,175,30,227.988,0.643,52.988
yaw175_pitch+035,175,35,299.138,1.591,124.138
yaw175_pitch+040,175,40,303.392,0.655,128.392
yaw175_pitch+045,175,45,301.188,1.170,126.188
yaw175_pitch+050,175,50,302.784,0.804,127.784
yaw175_pitch+055,175,55,300.116,1.396,125.116
yaw175_pitch+060,175,60,298.690,1.677,123.690
yaw175_pitch+065,175,65,297.709,1.857,122.709
yaw175_pitch+070,175,70,297.481,1.898,122.481
yaw175_pitch+075,175,75,294.150,2.415,119.150
yaw175_pitch+080,175,80,292.045,2.661,117.045
yaw175_pitch+085,175,85,276.996,2.555,101.996
yaw175_pitch+090,175,90,258.517,1.936,83.517
yaw180_pitch-090,180,-90,168.765,-4.795,11.235
yaw180_pitch-085,180,-85,135.938,-5.035,44.062
yaw180_pitch-080,180,-80,86.430,-3.720,93.570
yaw180_pitch-075,180,-75,79.432,-3.275,100.568
yaw180_pitch-070,180,-70,92.560,-4.024,87.440
yaw180_pitch-065,180,-65,140.570,-5.084,39.430
yaw180_pitch-060,180,-60,172.978,-4.586,7.022
yaw180_pitch-055,180,-55,182.611,-3.884,2.611
yaw180_pitch-050,180,-50,183.509,-3.800,3.509
yaw180_pitch-045,180,-45,185.441,-3.608,5.441
yaw180_pitch-040,180,-40,190.515,-3.070,10.515
yaw180_pitch-035,180,-35,194.748,-2.543,14.748
yaw180_pitch-030,180,-30,200.286,-1.835,20.286
yaw180_pitch-025,180,-25,201.420,-1.692,21.420
yaw180_pitch-020,180,-20,203.680,-1.415,23.680
yaw180_pitch-015,180,-15,206.461,-1.088,26.461
yaw180_pitch-010,180,-10,209.028,-0.798,29.028
yaw180_pitch-005,180,-5,214.223,-0.281,34.223
yaw180_pitch+000,180,0,221.113,0.287,41.113
yaw180_pitch+005,180,5,238.057,1.104,58.057
yaw180_pitch+010,180,10,245.992,1.434,65.992
yaw180_pitch+015,180,15,248.528,1.536,68.528
yaw180_pitch+020,180,20,218.619,0.107,38.619
yaw180_pitch+025,180,25,209.552,-0.740,29.552
yaw180_pitch+030,180,30,212.427,-0.449,32.427
yaw180_pitch+035,180,35,276.856,2.550,96.856
yaw180_pitch+040,180,40,297.146,1.956,117.146
yaw180_pitch+045,180,45,290.133,2.838,110.133
yaw180_pitch+050,180,50,289.870,2.855,109.870
yaw180_pitch+055,180,55,285.098,2.806,105.098
yaw180_pitch+060,180,60,285.503,2.817,105.503
yaw180_pitch+065,180,65,275.193,2.492,95.193
yaw180_pitch+070,180,70,276.701,2.545,96.701
yaw180_pitch+075,180,75,272.373,2.398,92.373
yaw180_pitch+080,180,80,270.580,2.339,90.580
yaw180_pitch+085,180,85,258.600,1.939,78.600
yaw180_pitch+090,180,90,248.192,1.522,68.192
yaw185_pitch-090,185,-90,192.705,-2.807,7.705
yaw185_pitch-085,185,-85,187.331,-3.414,2.331
yaw185_pitch-080,185,-80,178.581,-4.229,6.419
yaw185_pitch-075,185,-75,170.906,-4.707,14.094
yaw185_pitch-070,185,-70,177.498,-4.302,7.502
yaw185_pitch-065,185,-65,182.474,-3.897,2.526
yaw185_pitch-060,185,-60,195.222,-2.482,10.222
yaw185_pitch-055,185,-55,196.001,-2.383,11.001
yaw185_pitch-050,185,-50,196.073,-2.373,11.073
yaw185_pitch-045,185,-45,194.928,-2.520,9.928
yaw185_pitch-040,185,-40,196.091,-2.371,11.091
yaw185_pitch-035,185,-35,209.444,-0.752,24.444
yaw185_pitch-030,185,-30,216.395,-0.084,31.395
yaw185_pitch-025,185,-25,227.087,0.598,42.087
yaw185_pitch-020,185,-20,242.895,1.308,57.895
yaw185_pitch-015,185,-15,249.864,1.589,64.864
yaw185_pitch-010,185,-10,255.008,1.795,70.008
yaw185_pitch-005,185,-5,270.816,2.347,85.816
yaw185_pitch+000,185,0,276.987,2.555,91.987
yaw185_pitch+005,185,5,272.902,2.415,87.902
yaw185_pitch+010,185,10,272.928,2.416,87.928
yaw185_pitch+015,185,15,258.760,1.945,73.760
yaw185_pitch+020,185,20,230.906,0.782,45.906
yaw185_pitch+025,185,25,209.715,-0.722,24.715
yaw185_pitch+030,185,30,190.079,-3.121,5.079
yaw185_pitch+035,185,35,241.061,1.232,56.061
yaw185_pitch+040,185,40,250.834,1.628,65.834
yaw185_pitch+045,185,45,254.452,1.773,69.452
yaw185_pitch+050,185,50,249.238,1.564,64.238
yaw185_pitch+055,185,55,265.314,2.173,80.314
yaw185_pitch+060,185,60,246.622,1.459,61.622
yaw185_pitch+065,185,65,252.485,1.694,67.485
yaw185_pitch+070,185,70,247.800,1.506,62.800
yaw185_pitch+075,185,75,242.256,1.282,57.256
yaw185_pitch+080,185,80,235.281,0.982,50.281
yaw185_pitch+085,185,85,231.284,0.800,46.284
yaw185_pitch+090,185,90,220.013,0.214,35.013
yaw190_pitch-090,190,-90,215.244,-0.187,25.244
yaw190_pitch-085,190,-85,207.893,-0.925,17.893
yaw190_pitch-080,190,-80,198.407,-2.075,8.407
yaw190_pitch-075,190,-75,195.657,-2.426,5.657
yaw190_pitch-070,190,-70,195.531,-2.443,5.531
yaw190_pitch-065,190,-65,200.545,-1.802,10.545
yaw190_pitch-060,190,-60,205.224,-1.232,15.224
yaw190_pitch-055,190,-55,209.747,-0.719,19.747
yaw190_pitch-050,190,-50,207.507,-0.969,17.507
yaw190_pitch-045,190,-45,214.877,-0.221,24.877
yaw190_pitch-040,190,-40,212.767,-0.417,22.767
yaw190_pitch-035,190,-35,240.549,1.211,50.549
yaw190_pitch-030,190,-30,255.445,1.813,65.445
yaw190_pitch-025,190,-25,273.108,2.422,83.108
yaw190_pitch-020,190,-20,282.689,2.740,92.689
yaw190_pitch-015,190,-15,280.878,2.693,90.878
yaw190_pitch-010,190,-10,278.335,2.603,88.335
yaw190_pitch-005,190,-5,267.787,2.250,77.787
yaw190_pitch+000,190,0,273.793,2.445,83.793
yaw190_pitch+005,190,5,269.066,2.290,79.066
yaw190_pitch+010,190,10,259.901,1.990,69.901
yaw190_pitch+015,190,15,250.751,1.625,60.751
yaw190_pitch+020,190,20,231.757,0.822,41.757
yaw190_pitch+025,190,25,197.439,-2.201,7.439
yaw190_pitch+030,190,30,184.347,-3.719,5.653
yaw190_pitch+035,190,35,197.519,-2.190,7.519
yaw190_pitch+040,190,40,189.316,-3.205,0.684
yaw190_pitch+045,190,45,193.083,-2.758,3.083
yaw190_pitch+050,190,50,198.917,-2.010,8.917
yaw190_pitch+055,190,55,205.898,-1.153,15.898
yaw190_pitch+060,190,60,212.858,-0.408,22.858
yaw190_pitch+065,190,65,214.896,-0.219,24.896
yaw190_pitch+070,190,70,222.682,0.372,32.682
yaw190_pitch+075,190,75,225.781,0.533,35.781
yaw190_pitch+080,190,80,214.111,-0.291,24.111
yaw190_pitch+085,190,85,202.977,-1.500,12.977
yaw190_pitch+090,190,90,200.195,-1.846,10.195
yaw195_pitch-090,195,-90,252.554,1.697,57.554
yaw195_pitch-085,195,-85,251.470,1.653,56.470
yaw195_pitch-080,195,-80,236.388,1.031,41.388
yaw195_pitch-075,195,-75,220.427,0.244,25.427
yaw195_pitch-070,195,-70,220.439,0.245,25.439
yaw195_pitch-065,195,-65,234.763,0.959,39.763
yaw195_pitch-060,195,-60,234.642,0.953,39.642
yaw195_pitch-055,195,-55,237.593,1.084,42.593
yaw195_pitch-050,195,-50,239.158,1.152,44.158
yaw195_pitch-045,195,-45,234.115,0.930,39.115
yaw195_pitch-040,195,-40,260.626,2.019,65.626
yaw195_pitch-035,195,-35,247.021,1.475,52.021
yaw195_pitch-030,195,-30,258.207,1.923,63.207
yaw195_pitch-025,195,-25,260.607,2.018,65.607
yaw195_pitch-020,195,-20,262.661,2.087,67.661
yaw195_pitch-015,195,-15,260.890,2.028,65.890
yaw195_pitch-010,195,-10,265.919,2.192,70.919
yaw195_pitch-005,195,-5,260.943,2.029,65.943
yaw195_pitch+000,195,0,260.813,2.025,65.813
yaw195_pitch+005,195,5,253.991,1.754,58.991
yaw195_pitch+010,195,10,251.095,1.638,56.095
yaw195_pitch+015,195,15,241.868,1.266,46.868
yaw195_pitch+020,195,20,226.114,0.550,31.114
yaw195_pitch+025,195,25,201.390,-1.696,6.390
yaw195_pitch+030,195,30,185.480,-3.604,9.520
yaw195_pitch+035,195,35,190.740,-3.044,4.260
yaw195_pitch+040,195,40,163.504,-4.918,31.496
yaw195_pitch+045,195,45,164.612,-4.892,30.388
yaw195_pitch+050,195,50,171.980,-4.644,23.020
yaw195_pitch+055,195,55,178.990,-4.201,16.010
yaw195_pitch+060,195,60,184.190,-3.735,10.810
yaw195_pitch+065,195,65,186.075,-3.543,8.925
yaw195_pitch+070,195,70,184.400,-3.714,10.600
yaw195_pitch+075,195,75,188.311,-3.313,6.689
yaw195_pitch+080,195,80,185.509,-3.601,9.491
yaw195_pitch+085,195,85,183.219,-3.827,11.781
yaw195_pitch+090,195,90,187.877,-3.358,7.123
yaw200_pitch-090,200,-90,236.111,1.019,36.111
yaw200_pitch-085,200,-85,235.721,1.002,35.721
yaw200_pitch-080,200,-80,229.391,0.710,29.391
yaw200_pitch-075,200,-75,232.265,0.845,32.265
yaw200_pitch-070,200,-70,210.301,-0.658,10.301
yaw200_pitch-065,200,-65,215.735,-0.142,15.735
yaw200_pitch-060,200,-60,216.472,-0.077,16.472
yaw200_pitch-055,200,-55,223.755,0.429,23.755
yaw200_pitch-050,200,-50,223.803,0.431,23.803
yaw200_pitch-045,200,-45,229.583,0.720,29.583
yaw200_pitch-040,200,-40,238.814,1.137,38.814
yaw200_pitch-035,200,-35,228.515,0.668,28.515
yaw200_pitch-030,200,-30,229.553,0.718,29.553
yaw200_pitch-025,200,-25,234.184,0.933,34.184
yaw200_pitch-020,200,-20,234.988,0.969,34.988
yaw200_pitch-015,200,-15,243.619,1.337,43.619
yaw200_pitch-010,200,-10,242.807,1.304,42.807
yaw200_pitch-005,200,-5,238.871,1.140,38.871
yaw200_pitch+000,200,0,242.024,1.272,42.024
yaw200_pitch+005,200,5,237.523,1.081,37.523
yaw200_pitch+010,200,10,234.382,0.942,34.382
yaw200_pitch+015,200,15,227.570,0.622,27.570
yaw200_pitch+020,200,20,220.238,0.231,20.238
yaw200_pitch+025,200,25,203.730,-1.409,3.730
yaw200_pitch+030,200,30,189.495,-3.185,10.505
yaw200_pitch+035,200,35,170.574,-4.723,29.426
yaw200_pitch+040,200,40,138.761,-5.065,61.239
yaw200_pitch+045,200,45,123.875,-4.822,76.125
yaw200_pitch+050,200,50,121.998,-4.784,78.002
yaw200_pitch+055,200,55,121.963,-4.783,78.037
yaw200_pitch+060,200,60,132.967,-4.984,67.033
yaw200_pitch+065,200,65,138.128,-5.059,61.872
yaw200_pitch+070,200,70,141.255,-5.090,58.745
yaw200_pitch+075,200,75,140.703,-5.085,59.297
yaw200_pitch+080,200,80,141.238,-5.090,58.762
yaw200_pitch+085,200,85,138.731,-5.065,61.269
yaw200_pitch+090,200,90,130.957,-4.949,69.043
yaw205_pitch-090,205,-90,236.693,1.045,31.693
yaw205_pitch-085,205,-85,223.434,0.412,18.434
yaw205_pitch-080,205,-80,220.480,0.248,15.480
yaw205_pitch-075,205,-75,220.832,0.272,15.832
yaw205_pitch-070,205,-70,219.165,0.150,14.165
yaw205_pitch-065,205,-65,203.813,-1.399,1.187
yaw205_pitch-060,205,-60,206.964,-1.031,1.964
yaw205_pitch-055,205,-55,206.800,-1.049,1.800
yaw205_pitch-050,205,-50,209.549,-0.741,4.549
yaw205_pitch-045,205,-45,211.908,-0.498,6.908
yaw205_pitch-040,205,-40,205.288,-1.224,0.288
yaw205_pitch-035,205,-35,210.143,-0.675,5.143
yaw205_pitch-030,205,-30,207.465,-0.973,2.465
yaw205_pitch-025,205,-25,213.937,-0.307,8.937
yaw205_pitch-020,205,-20,219.919,0.207,14.919
yaw205_pitch-015,205,-15,219.975,0.212,14.975
yaw205_pitch-010,205,-10,219.643,0.187,14.643
yaw205_pitch-005,205,-5,222.060,0.339,17.060
yaw205_pitch+000,205,0,220.490,0.249,15.490
yaw205_pitch+005,205,5,218.212,0.072,13.212
yaw205_pitch+010,205,10,218.128,0.065,13.128
yaw205_pitch+015,205,15,212.444,-0.447,7.444
yaw205_pitch+020,205,20,210.011,-0.690,5.011
yaw205_pitch+025,205,25,200.267,-1.837,4.733
yaw205_pitch+030,205,30,191.214,-2.988,13.786
yaw205_pitch+035,205,35,171.785,-4.656,33.215
yaw205_pitch+040,205,40,147.990,-5.127,57.010
yaw205_pitch+045,205,45,122.479,-4.794,82.521
yaw205_pitch+050,205,50,106.952,-4.443,98.048
yaw205_pitch+055,205,55,95.163,-4.117,109.837
yaw205_pitch+060,205,60,90.186,-3.920,114.814
yaw205_pitch+065,205,65,90.723,-3.947,114.277
yaw205_pitch+070,205,70,89.018,-3.860,115.982
yaw205_pitch+075,205,75,89.044,-3.862,115.956
yaw205_pitch+080,205,80,89.058,-3.862,115.942
yaw205_pitch+085,205,85,88.573,-3.837,116.427
yaw205_pitch+090,205,90,76.351,-3.040,128.649
yaw210_pitch-090,210,-90,206.453,-1.089,3.547
yaw210_pitch-085,210,-85,208.265,-0.883,1.735
yaw210_pitch-080,210,-80,207.434,-0.977,2.566
yaw210_pitch-075,210,-75,201.285,-1.709,8.715
yaw210_pitch-070,210,-70,194.431,-2.584,15.569
yaw210_pitch-065,210,-65,197.639,-2.175,12.361
yaw210_pitch-060,210,-60,191.464,-2.959,18.536
yaw210_pitch-055,210,-55,191.678,-2.934,18.322
yaw210_pitch-050,210,-50,196.591,-2.308,13.409
yaw210_pitch-045,210,-45,195.338,-2.467,14.662
yaw210_pitch-040,210,-40,196.624,-2.304,13.376
yaw210_pitch-035,210,-35,194.540,-2.570,15.460
yaw210_pitch-030,210,-30,191.884,-2.909,18.116
yaw210_pitch-025,210,-25,188.918,-3.248,21.082
yaw210_pitch-020,210,-20,189.628,-3.171,20.372
yaw210_pitch-015,210,-15,190.118,-3.117,19.882
yaw210_pitch-010,210,-10,191.885,-2.909,18.115
yaw210_pitch-005,210,-5,191.646,-2.937,18.354
yaw210_pitch+000,210,0,190.735,-3.044,19.265
yaw210_pitch+005,210,5,192.906,-2.781,17.094
yaw210_pitch+010,210,10,192.014,-2.894,17.986
yaw210_pitch+015,210,15,192.847,-2.789,17.153
yaw210_pitch+020,210,20,193.578,-2.695,16.422
yaw210_pitch+025,210,25,191.197,-2.990,18.803
yaw210_pitch+030,210,30,184.716,-3.682,25.284
yaw210_pitch+035,210,35,171.121,-4.695,38.879
yaw210_pitch+040,210,40,148.827,-5.130,61.173
yaw210_pitch+045,210,45,116.406,-4.665,93.594
yaw210_pitch+050,210,50,96.751,-4.170,113.249
yaw210_pitch+055,210,55,84.749,-3.622,125.251
yaw210_pitch+060,210,60,75.962,-3.008,134.038
yaw210_pitch+065,210,65,70.659,-2.404,139.341
yaw210_pitch+070,210,70,69.515,-2.245,140.485
yaw210_pitch+075,210,75,68.167,-1.991,141.833
yaw210_pitch+080,210,80,66.949,-1.760,143.051
yaw210_pitch+085,210,85,66.008,-1.628,143.992
yaw210_pitch+090,210,90,65.465,-1.555,144.535
yaw215_pitch-090,215,-90,199.179,-1.976,15.821
yaw215_pitch-085,215,-85,197.379,-2.208,17.621
yaw215_pitch-080,215,-80,195.662,-2.426,19.338
yaw215_pitch-075,215,-75,189.900,-3.141,25.100
yaw215_pitch-070,215,-70,187.069,-3.441,27.931
yaw215_pitch-065,215,-65,183.011,-3.847,31.989
yaw215_pitch-060,215,-60,173.352,-4.564,41.648
yaw215_pitch-055,215,-55,177.094,-4.329,37.906
yaw215_pitch-050,215,-50,175.371,-4.443,39.629
yaw215_pitch-045,215,-45,180.209,-4.106,34.791
yaw215_pitch-040,215,-40,179.323,-4.176,35.677
yaw215_pitch-035,215,-35,175.148,-4.456,39.852
yaw215_pitch-030,215,-30,173.940,-4.529,41.060
yaw215_pitch-025,215,-25,174.874,-4.473,40.126
yaw215_pitch-020,215,-20,163.190,-4.925,51.810
yaw215_pitch-015,215,-15,161.957,-4.953,53.043
yaw215_pitch-010,215,-10,163.415,-4.920,51.585
yaw215_pitch-005,215,-5,158.754,-5.012,56.246
yaw215_pitch+000,215,0,161.460,-4.964,53.540
yaw215_pitch+005,215,5,161.948,-4.953,53.052
yaw215_pitch+010,215,10,162.287,-4.946,52.713
yaw215_pitch+015,215,15,160.990,-4.973,54.010
yaw215_pitch+020,215,20,164.558,-4.894,50.442
yaw215_pitch+025,215,25,163.587,-4.916,51.413
yaw215_pitch+030,215,30,162.050,-4.951,52.950
yaw215_pitch+035,215,35,144.572,-5.113,70.428
yaw215_pitch+040,215,40,124.352,-4.830,90.648
yaw215_pitch+045,215,45,103.697,-4.360,111.303
yaw215_pitch+050,215,50,90.915,-3.957,124.085
yaw215_pitch+055,215,55,84.684,-3.619,130.316
yaw215_pitch+060,215,60,71.949,-2.573,143.051
yaw215_pitch+065,215,65,67.535,-1.860,147.465
yaw215_pitch+070,215,70,65.734,-1.593,149.266
yaw215_pitch+075,215,75,66.158,-1.438,148.842
yaw215_pitch+080,215,80,68.921,-1.492,146.079
yaw215_pitch+085,215,85,83.254,-1.311,131.746
yaw215_pitch+090,215,90,234.586,-0.935,19.586
yaw220_pitch-090,220,-90,195.354,-2.465,24.646
yaw220_pitch-085,220,-85,194.291,-2.602,25.709
yaw220_pitch-080,220,-80,191.279,-2.981,28.721
yaw220_pitch-075,220,-75,186.381,-3.512,33.619
yaw220_pitch-070,220,-70,184.842,-3.669,35.158
yaw220_pitch-065,220,-65,185.017,-3.651,34.983
yaw220_pitch-060,220,-60,176.950,-4.338,43.050
yaw220_pitch-055,220,-55,170.620,-4.720,49.380
yaw220_pitch-050,220,-50,168.724,-4.796,51.276
yaw220_pitch-045,220,-45,151.004,-5.146,68.996
yaw220_pitch-040,220,-40,154.628,-5.088,65.372
yaw220_pitch-035,220,-35,154.087,-5.098,65.913
yaw220_pitch-030,220,-30,147.256,-5.124,72.744
yaw220_pitch-025,220,-25,145.801,-5.118,74.199
yaw220_pitch-020,220,-20,148.601,-5.129,71.399
yaw220_pitch-015,220,-15,134.128,-5.004,85.872
yaw220_pitch-010,220,-10,131.503,-4.958,88.497
yaw220_pitch-005,220,-5,120.564,-4.754,99.436
yaw220_pitch+000,220,0,120.798,-4.759,99.202
yaw220_pitch+005,220,5,114.469,-4.622,105.531
yaw220_pitch+010,220,10,118.636,-4.713,101.364
yaw220_pitch+015,220,15,122.553,-4.795,97.447
yaw220_pitch+020,220,20,120.889,-4.761,99.111
yaw220_pitch+025,220,25,127.095,-4.880,92.905
yaw220_pitch+030,220,30,125.391,-4.849,94.609
yaw220_pitch+035,220,35,123.235,-4.809,96.765
yaw220_pitch+040,220,40,109.481,-4.506,110.519
yaw220_pitch+045,220,45,97.284,-4.187,122.716
yaw220_pitch+050,220,50,83.643,-3.555,136.357
yaw220_pitch+055,220,55,75.540,-2.972,144.460
yaw220_pitch+060,220,60,70.701,-2.410,149.299
yaw220_pitch+065,220,65,66.438,-1.684,153.562
yaw220_pitch+070,220,70,65.599,-1.477,154.401
yaw220_pitch+075,220,75,69.466,-1.490,150.534
yaw220_pitch+080,220,80,217.022,-1.167,2.978
yaw220_pitch+085,220,85,233.026,-0.505,13.026
yaw220_pitch+090,220,90,57.906,0.496,162.094
yaw225_pitch-090,225,-90,185.226,-3.630,39.774
yaw225_pitch-085,225,-85,186.271,-3.523,38.729
yaw225_pitch-080,225,-80,188.835,-3.257,36.165
yaw225_pitch-075,225,-75,190.247,-3.102,34.753
yaw225_pitch-070,225,-70,191.309,-2.977,33.691
yaw225_pitch-065,225,-65,190.906,-3.024,34.094
yaw225_pitch-060,225,-60,177.422,-4.307,47.578
yaw225_pitch-055,225,-55,170.554,-4.724,54.446
yaw225_pitch-050,225,-50,160.855,-4.976,64.145
yaw225_pitch-045,225,-45,150.880,-5.145,74.120
yaw225_pitch-040,225,-40,142.480,-5.103,82.520
yaw225_pitch-035,225,-35,142.327,-5.101,82.673
yaw225_pitch-030,225,-30,129.492,-4.923,95.508
yaw225_pitch-025,225,-25,120.436,-4.751,104.564
yaw225_pitch-020,225,-20,114.823,-4.630,110.177
yaw225_pitch-015,225,-15,105.431,-4.403,119.569
yaw225_pitch-010,225,-10,100.537,-4.278,124.463
yaw225_pitch-005,225,-5,99.350,-4.246,125.650
yaw225_pitch+000,225,0,96.701,-4.169,128.299
yaw225_pitch+005,225,5,88.888,-3.853,136.112
yaw225_pitch+010,225,10,94.690,-4.101,130.310
yaw225_pitch+015,225,15,93.185,-4.047,131.815
yaw225_pitch+020,225,20,96.925,-4.176,128.075
yaw225_pitch+025,225,25,99.607,-4.253,125.393
yaw225_pitch+030,225,30,101.331,-4.299,123.669
yaw225_pitch+035,225,35,105.860,-4.415,119.140
yaw225_pitch+040,225,40,98.153,-4.212,126.847
yaw225_pitch+045,225,45,92.001,-4.004,132.999
yaw225_pitch+050,225,50,82.590,-3.489,142.410
yaw225_pitch+055,225,55,75.277,-2.947,149.723
yaw225_pitch+060,225,60,69.124,-2.181,155.876
yaw225_pitch+065,225,65,66.236,-1.657,158.764
yaw225_pitch+070,225,70,65.520,-1.484,159.480
yaw225_pitch+075,225,75,68.685,-1.491,156.315
yaw225_pitch+080,225,80,179.212,-1.211,45.788
yaw225_pitch+085,225,85,234.752,-0.639,9.752
yaw225_pitch+090,225,90,56.636,0.831,168.364
yaw230_pitch-090,230,-90,149.471,-5.134,80.529
yaw230_pitch-085,230,-85,152.165,-5.129,77.835
yaw230_pitch-080,230,-80,161.594,-4.961,68.406
yaw230_pitch-075,230,-75,167.887,-4.816,62.113
yaw230_pitch-070,230,-70,174.487,-4.496,55.513
yaw230_pitch-065,230,-65,179.047,-4.196,50.953
yaw230_pitch-060,230,-60,180.152,-4.111,49.848
yaw230_pitch-055,230,-55,175.622,-4.427,54.378
yaw230_pitch-050,230,-50,171.050,-4.699,58.950
yaw230_pitch-045,230,-45,148.372,-5.128,81.628
yaw230_pitch-040,230,-40,125.165,-4.845,104.835
yaw230_pitch-035,230,-35,122.869,-4.802,107.131
yaw230_pitch-030,230,-30,108.963,-4.494,121.037
yaw230_pitch-025,230,-25,106.297,-4.426,123.703
yaw230_pitch-020,230,-20,95.876,-4.141,134.124
yaw230_pitch-015,230,-15,96.836,-4.173,133.164
yaw230_pitch-010,230,-10,87.973,-3.805,142.027
yaw230_pitch-005,230,-5,88.465,-3.831,141.535
yaw230_pitch+000,230,0,83.216,-3.529,146.784
yaw230_pitch+005,230,5,81.233,-3.400,148.767
yaw230_pitch+010,230,10,81.484,-3.417,148.516
yaw230_pitch+015,230,15,80.188,-3.329,149.812
yaw230_pitch+020,230,20,83.044,-3.518,146.956
yaw230_pitch+025,230,25,85.371,-3.659,144.629
yaw230_pitch+030,230,30,89.337,-3.877,140.663
yaw230_pitch+035,230,35,90.544,-3.938,139.456
yaw230_pitch+040,230,40,94.192,-4.083,135.808
yaw230_pitch+045,230,45,91.102,-3.966,138.898
yaw230_pitch+050,230,50,85.943,-3.692,144.057
yaw230_pitch+055,230,55,80.334,-3.339,149.666
yaw230_pitch+060,230,60,73.723,-2.784,156.277
yaw230_pitch+065,230,65,69.556,-2.252,160.444
yaw230_pitch+070,230,70,66.737,-1.724,163.263
yaw230_pitch+075,230,75,65.301,-1.503,164.699
yaw230_pitch+080,230,80,68.023,-1.481,161.977
yaw230_pitch+085,230,85,80.804,-1.325,149.196
yaw230_pitch+090,230,90,235.660,-0.676,5.660
yaw235_pitch-090,235,-90,106.099,-4.421,128.901
yaw235_pitch-085,235,-85,113.215,-4.594,121.785
yaw235_pitch-080,235,-80,119.903,-4.740,115.097
yaw235_pitch-075,235,-75,128.671,-4.908,106.329
yaw235_pitch-070,235,-70,140.911,-5.087,94.089
yaw235_pitch-065,235,-65,151.191,-5.143,83.809
yaw235_pitch-060,235,-60,153.209,-5.113,81.791
yaw235_pitch-055,235,-55,158.950,-5.008,76.050
yaw235_pitch-050,235,-50,154.222,-5.096,80.778
yaw235_pitch-045,235,-45,149.106,-5.131,85.894
yaw235_pitch-040,235,-40,142.345,-5.102,92.655
yaw235_pitch-035,235,-35,120.167,-4.746,114.833
yaw235_pitch-030,235,-30,110.758,-4.537,124.242
yaw235_pitch-025,235,-25,99.760,-4.257,135.240
yaw235_pitch-020,235,-20,93.561,-4.061,141.439
yaw235_pitch-015,235,-15,88.395,-3.827,146.605
yaw235_pitch-010,235,-10,82.510,-3.484,152.490
yaw235_pitch-005,235,-5,82.309,-3.471,152.691
yaw235_pitch+000,235,0,81.364,-3.409,153.636
yaw235_pitch+005,235,5,79.230,-3.261,155.770
yaw235_pitch+010,235,10,79.113,-3.252,155.887
yaw235_pitch+015,235,15,78.308,-3.193,156.692
yaw235_pitch+020,235,20,79.815,-3.303,155.185
yaw235_pitch+025,235,25,80.103,-3.323,154.897
yaw235_pitch+030,235,30,84.155,-3.587,150.845
yaw235_pitch+035,235,35,88.101,-3.812,146.899
yaw235_pitch+040,235,40,92.098,-4.007,142.902
yaw235_pitch+045,235,45,95.544,-4.130,139.456
yaw235_pitch+050,235,50,94.402,-4.091,140.598
yaw235_pitch+055,235,55,91.162,-3.969,143.838
yaw235_pitch+060,235,60,86.191,-3.706,148.809
yaw235_pitch+065,235,65,80.192,-3.329,154.808
yaw235_pitch+070,235,70,75.541,-2.972,159.459
yaw235_pitch+075,235,75,72.587,-2.651,162.413
yaw235_pitch+080,235,80,68.317,-2.021,166.683
yaw235_pitch+085,235,85,66.003,-1.628,168.997
yaw235_pitch+090,235,90,65.658,-1.583,169.342
yaw240_pitch-090,240,-90,70.632,-2.401,169.368
yaw240_pitch-085,240,-85,78.336,-3.195,161.664
yaw240_pitch-080,240,-80,85.517,-3.668,154.483
yaw240_pitch-075,240,-75,94.656,-4.100,145.344
yaw240_pitch-070,240,-70,104.504,-4.380,135.496
yaw240_pitch-065,240,-65,116.237,-4.661,123.763
yaw240_pitch-060,240,-60,127.626,-4.889,112.374
yaw240_pitch-055,240,-55,133.372,-4.991,106.628
yaw240_pitch-050,240,-50,137.477,-5.052,102.523
yaw240_pitch-045,240,-45,139.273,-5.070,100.727
yaw240_pitch-040,240,-40,136.044,-5.036,103.956
yaw240_pitch-035,240,-35,133.208,-4.988,106.792
yaw240_pitch-030,240,-30,113.555,-4.601,126.445
yaw240_pitch-025,240,-25,103.522,-4.356,136.478
yaw240_pitch-020,240,-20,93.611,-4.063,146.389
yaw240_pitch-015,240,-15,89.338,-3.877,150.662
yaw240_pitch-010,240,-10,85.680,-3.677,154.320
yaw240_pitch-005,240,-5,85.891,-3.689,154.109
yaw240_pitch+000,240,0,82.685,-3.495,157.315
yaw240_pitch+005,240,5,81.042,-3.387,158.958
yaw240_pitch+010,240,10,80.368,-3.341,159.632
yaw240_pitch+015,240,15,80.098,-3.322,159.902
yaw240_pitch+020,240,20,78.888,-3.236,161.112
yaw240_pitch+025,240,25,79.565,-3.285,160.435
yaw240_pitch+030,240,30,80.210,-3.330,159.790
yaw240_pitch+035,240,35,91.245,-3.973,148.755
yaw240_pitch+040,240,40,94.401,-4.091,145.599
yaw240_pitch+045,240,45,99.116,-4.239,140.884
yaw240_pitch+050,240,50,106.166,-4.423,133.834
yaw240_pitch+055,240,55,113.742,-4.606,126.258
yaw240_pitch+060,240,60,102.875,-4.339,137.125
yaw240_pitch+065,240,65,102.491,-4.329,137.509
yaw240_pitch+070,240,70,99.233,-4.242,140.767
yaw240_pitch+075,240,75,93.409,-4.055,146.591
yaw240_pitch+080,240,80,85.921,-3.691,154.079
yaw240_pitch+085,240,85,80.655,-3.361,159.345
yaw240_pitch+090,240,90,77.118,-3.101,162.882
yaw245_pitch-090,245,-90,70.581,-1.454,174.419
yaw245_pitch-085,245,-85,65.916,-1.447,179.084
yaw245_pitch-080,245,-80,66.873,-1.747,178.127
yaw245_pitch-075,245,-75,72.763,-2.672,172.237
yaw245_pitch-070,245,-70,81.402,-3.412,163.598
yaw245_pitch-065,245,-65,91.988,-4.003,153.012
yaw245_pitch-060,245,-60,101.658,-4.308,143.342
yaw245_pitch-055,245,-55,118.366,-4.707,126.634
yaw245_pitch-050,245,-50,124.669,-4.836,120.331
yaw245_pitch-045,245,-45,130.349,-4.938,114.651
yaw245_pitch-040,245,-40,127.998,-4.896,117.002
yaw245_pitch-035,245,-35,135.411,-5.027,109.589
yaw245_pitch-030,245,-30,131.654,-4.961,113.346
yaw245_pitch-025,245,-25,116.421,-4.665,128.579
yaw245_pitch-020,245,-20,108.905,-4.493,136.095
yaw245_pitch-015,245,-15,100.151,-4.268,144.849
yaw245_pitch-010,245,-10,97.684,-4.199,147.316
yaw245_pitch-005,245,-5,92.640,-4.027,152.360
yaw245_pitch+000,245,0,92.188,-4.011,152.812
yaw245_pitch+005,245,5,85.545,-3.669,159.455
yaw245_pitch+010,245,10,85.864,-3.688,159.136
yaw245_pitch+015,245,15,82.600,-3.490,162.400
yaw245_pitch+020,245,20,84.141,-3.586,160.859
yaw245_pitch+025,245,25,86.410,-3.719,158.590
yaw245_pitch+030,245,30,87.871,-3.799,157.129
yaw245_pitch+035,245,35,94.306,-4.087,150.694
yaw245_pitch+040,245,40,102.641,-4.333,142.359
yaw245_pitch+045,245,45,110.125,-4.522,134.875
yaw245_pitch+050,245,50,118.586,-4.712,126.414
yaw245_pitch+055,245,55,133.854,-5.000,111.146
yaw245_pitch+060,245,60,141.550,-5.093,103.450
yaw245_pitch+065,245,65,138.404,-5.061,106.596
yaw245_pitch+070,245,70,137.661,-5.054,107.339
yaw245_pitch+075,245,75,129.154,-4.917,115.846
yaw245_pitch+080,245,80,118.488,-4.710,126.512
yaw245_pitch+085,245,85,106.998,-4.444,138.002
yaw245_pitch+090,245,90,104.376,-4.377,140.624
yaw250_pitch-090,250,-90,233.744,-0.545,16.256
yaw250_pitch-085,250,-85,111.022,-1.253,138.978
yaw250_pitch-080,250,-80,66.542,-1.445,176.542
yaw250_pitch-075,250,-75,66.130,-1.644,176.130
yaw250_pitch-070,250,-70,71.134,-2.468,178.866
yaw250_pitch-065,250,-65,81.451,-3.415,168.549
yaw250_pitch-060,250,-60,95.316,-4.122,154.684
yaw250_pitch-055,250,-55,106.450,-4.430,143.550
yaw250_pitch-050,250,-50,126.013,-4.860,123.987
yaw250_pitch-045,250,-45,133.301,-4.990,116.699
yaw250_pitch-040,250,-40,138.343,-5.061,111.657
yaw250_pitch-035,250,-35,139.205,-5.070,110.795
yaw250_pitch-030,250,-30,140.327,-5.081,109.673
yaw250_pitch-025,250,-25,142.510,-5.103,107.490
yaw250_pitch-020,250,-20,131.522,-4.959,118.478
yaw250_pitch-015,250,-15,124.572,-4.834,125.428
yaw250_pitch-010,250,-10,116.326,-4.663,133.674
yaw250_pitch-005,250,-5,112.657,-4.581,137.343
yaw250_pitch+000,250,0,108.489,-4.482,141.511
yaw250_pitch+005,250,5,103.653,-4.359,146.347
yaw250_pitch+010,250,10,104.194,-4.373,145.806
yaw250_pitch+015,250,15,101.105,-4.293,148.895
yaw250_pitch+020,250,20,96.892,-4.175,153.108
yaw250_pitch+025,250,25,100.260,-4.271,149.740
yaw250_pitch+030,250,30,103.849,-4.364,146.151
yaw250_pitch+035,250,35,114.384,-4.620,135.616
yaw250_pitch+040,250,40,113.525,-4.601,136.475
yaw250_pitch+045,250,45,121.100,-4.765,128.900
yaw250_pitch+050,250,50,136.156,-5.038,113.844
yaw250_pitch+055,250,55,138.328,-5.061,111.672
yaw250_pitch+060,250,60,159.062,-5.006,90.938
yaw250_pitch+065,250,65,167.856,-4.817,82.144
yaw250_pitch+070,250,70,170.045,-4.748,79.955
yaw250_pitch+075,250,75,173.783,-4.538,76.217
yaw250_pitch+080,250,80,161.522,-4.963,88.478
yaw250_pitch+085,250,85,153.441,-5.110,96.559
yaw250_pitch+090,250,90,155.221,-5.077,94.779
yaw255_pitch-090,255,-90,234.654,-0.625,20.346
yaw255_pitch-085,255,-85,81.721,-1.319,173.279
yaw255_pitch-080,255,-80,66.548,-1.445,171.548
yaw255_pitch-075,255,-75,66.602,-1.703,171.602
yaw255_pitch-070,255,-70,72.492,-2.640,177.492
yaw255_pitch-065,255,-65,79.984,-3.315,175.016
yaw255_pitch-060,255,-60,95.485,-4.128,159.515
yaw255_pitch-055,255,-55,101.956,-4.316,153.044
yaw255_pitch-050,255,-50,112.136,-4.569,142.864
yaw255_pitch-045,255,-45,129.386,-4.921,125.614
yaw255_pitch-040,255,-40,145.168,-5.116,109.832
yaw255_pitch-035,255,-35,156.333,-5.057,98.667
yaw255_pitch-030,255,-30,160.016,-4.990,94.984
yaw255_pitch-025,255,-25,167.846,-4.817,87.154
yaw255_pitch-020,255,-20,166.758,-4.842,88.242
yaw255_pitch-015,255,-15,157.925,-5.027,97.075
yaw255_pitch-010,255,-10,153.229,-5.113,101.771
yaw255_pitch-005,255,-5,145.856,-5.118,109.144
yaw255_pitch+000,255,0,143.495,-5.109,111.505
yaw255_pitch+005,255,5,137.778,-5.055,117.222
yaw255_pitch+010,255,10,136.074,-5.037,118.926
yaw255_pitch+015,255,15,122.969,-4.804,132.031
yaw255_pitch+020,255,20,123.285,-4.810,131.715
yaw255_pitch+025,255,25,128.975,-4.913,126.025
yaw255_pitch+030,255,30,127.645,-4.890,127.355
yaw255_pitch+035,255,35,140.335,-5.081,114.665
yaw255_pitch+040,255,40,142.886,-5.107,112.114
yaw255_pitch+045,255,45,146.674,-5.122,108.326
yaw255_pitch+050,255,50,155.056,-5.080,99.944
yaw255_pitch+055,255,55,161.272,-4.968,93.728
yaw255_pitch+060,255,60,171.088,-4.697,83.912
yaw255_pitch+065,255,65,177.134,-4.326,77.866
yaw255_pitch+070,255,70,185.249,-3.627,69.751
yaw255_pitch+075,255,75,182.394,-3.905,72.606
yaw255_pitch+080,255,80,185.908,-3.560,69.092
yaw255_pitch+085,255,85,188.781,-3.262,66.219
yaw255_pitch+090,255,90,191.554,-2.948,63.446
yaw260_pitch-090,260,-90,68.700,-1.491,168.700
yaw260_pitch-085,260,-85,65.881,-1.612,165.881
yaw260_pitch-080,260,-80,70.226,-2.345,170.226
yaw260_pitch-075,260,-75,76.830,-3.079,176.830
yaw260_pitch-070,260,-70,81.815,-3.439,178.185
yaw260_pitch-065,260,-65,89.132,-3.866,170.868
yaw260_pitch-060,260,-60,99.473,-4.249,160.527
yaw260_pitch-055,260,-55,106.735,-4.438,153.265
yaw260_pitch-050,260,-50,110.840,-4.539,149.160
yaw260_pitch-045,260,-45,122.263,-4.789,137.737
yaw260_pitch-040,260,-40,141.052,-5.088,118.948
yaw260_pitch-035,260,-35,161.370,-4.966,98.630
yaw260_pitch-030,260,-30,177.633,-4.293,82.367
yaw260_pitch-025,260,-25,183.752,-3.777,76.248
yaw260_pitch-020,260,-20,187.831,-3.362,72.169
yaw260_pitch-015,260,-15,186.793,-3.469,73.207
yaw260_pitch-010,260,-10,183.722,-3.780,76.278
yaw260_pitch-005,260,-5,184.144,-3.740,75.856
yaw260_pitch+000,260,0,179.421,-4.168,80.579
yaw260_pitch+005,260,5,175.039,-4.463,84.961
yaw260_pitch+010,260,10,171.023,-4.700,88.977
yaw260_pitch+015,260,15,166.633,-4.845,93.367
yaw260_pitch+020,260,20,164.220,-4.901,95.780
yaw260_pitch+025,260,25,163.804,-4.911,96.196
yaw260_pitch+030,260,30,161.172,-4.970,98.828
yaw260_pitch+035,260,35,166.739,-4.843,93.261
yaw260_pitch+040,260,40,171.223,-4.689,88.777
yaw260_pitch+045,260,45,173.890,-4.532,86.110
yaw260_pitch+050,260,50,174.241,-4.511,85.759
yaw260_pitch+055,260,55,182.514,-3.893,77.486
yaw260_pitch+060,260,60,186.429,-3.507,73.571
yaw260_pitch+065,260,65,189.729,-3.160,70.271
yaw260_pitch+070,260,70,195.393,-2.460,64.607
yaw260_pitch+075,260,75,194.692,-2.550,65.308
yaw260_pitch+080,260,80,191.180,-2.992,68.820
yaw260_pitch+085,260,85,188.412,-3.302,71.588
yaw260_pitch+090,260,90,200.164,-1.850,59.836
yaw265_pitch-090,265,-90,86.221,-3.708,178.779
yaw265_pitch-085,265,-85,98.558,-4.224,166.442
yaw265_pitch-080,265,-80,110.173,-4.523,154.827
yaw265_pitch-075,265,-75,116.875,-4.675,148.125
yaw265_pitch-070,265,-70,117.847,-4.696,147.153
yaw265_pitch-065,265,-65,119.384,-4.729,145.616
yaw265_pitch-060,265,-60,119.455,-4.731,145.545
yaw265_pitch-055,265,-55,126.496,-4.869,138.504
yaw265_pitch-050,265,-50,120.066,-4.743,144.934
yaw265_pitch-045,265,-45,139.041,-5.068,125.959
yaw265_pitch-040,265,-40,143.228,-5.108,121.772
yaw265_pitch-035,265,-35,162.607,-4.938,102.393
yaw265_pitch-030,265,-30,178.820,-4.213,86.180
yaw265_pitch-025,265,-25,192.982,-2.771,72.018
yaw265_pitch-020,265,-20,204.032,-1.373,60.968
yaw265_pitch-015,265,-15,217.780,0.036,47.220
yaw265_pitch-010,265,-10,215.602,-0.154,49.398
yaw265_pitch-005,265,-5,213.098,-0.386,51.902
yaw265_pitch+000,265,0,209.211,-0.778,55.789
yaw265_pitch+005,265,5,204.837,-1.277,60.163
yaw265_pitch+010,265,10,198.558,-2.056,66.442
yaw265_pitch+015,265,15,193.052,-2.762,71.948
yaw265_pitch+020,265,20,188.490,-3.294,76.510
yaw265_pitch+025,265,25,187.909,-3.354,77.091
yaw265_pitch+030,265,30,188.532,-3.289,76.468
yaw265_pitch+035,265,35,187.261,-3.421,77.739
yaw265_pitch+040,265,40,187.927,-3.352,77.073
yaw265_pitch+045,265,45,190.165,-3.111,74.835
yaw265_pitch+050,265,50,193.024,-2.766,71.976
yaw265_pitch+055,265,55,192.205,-2.872,72.795
yaw265_pitch+060,265,60,195.654,-2.427,69.346
yaw265_pitch+065,265,65,197.891,-2.142,67.109
yaw265_pitch+070,265,70,208.887,-0.814,56.113
yaw265_pitch+075,265,75,205.965,-1.145,59.035
yaw265_pitch+080,265,80,198.752,-2.031,66.248
yaw265_pitch+085,265,85,196.492,-2.320,68.508
yaw265_pitch+090,265,90,208.483,-0.859,56.517
yaw270_pitch-090,270,-90,165.185,-4.879,104.815
yaw270_pitch-085,270,-85,163.394,-4.920,106.606
yaw270_pitch-080,270,-80,167.382,-4.828,102.618
yaw270_pitch-075,270,-75,171.650,-4.664,98.350
yaw270_pitch-070,270,-70,163.324,-4.922,106.676
yaw270_pitch-065,270,-65,158.625,-5.014,111.375
yaw270_pitch-060,270,-60,146.476,-5.121,123.524
yaw270_pitch-055,270,-55,143.409,-5.109,126.591
yaw270_pitch-050,270,-50,139.932,-5.077,130.068
yaw270_pitch-045,270,-45,138.226,-5.060,131.774
yaw270_pitch-040,270,-40,152.191,-5.128,117.809
yaw270_pitch-035,270,-35,159.084,-5.006,110.916
yaw270_pitch-030,270,-30,181.024,-4.033,88.976
yaw270_pitch-025,270,-25,189.379,-3.198,80.621
yaw270_pitch-020,270,-20,206.076,-1.132,63.924
yaw270_pitch-015,270,-15,227.339,0.611,42.661
yaw270_pitch-010,270,-10,240.793,1.221,29.207
yaw270_pitch-005,270,-5,255.113,1.800,14.887
yaw270_pitch+000,270,0,276.913,2.552,6.913
yaw270_pitch+005,270,5,270.350,2.332,0.350
yaw270_pitch+010,270,10,252.167,1.681,17.833
yaw270_pitch+015,270,15,236.054,1.016,33.946
yaw270_pitch+020,270,20,230.796,0.777,39.204
yaw270_pitch+025,270,25,212.995,-0.395,57.005
yaw270_pitch+030,270,30,205.536,-1.195,64.464
yaw270_pitch+035,270,35,205.027,-1.255,64.973
yaw270_pitch+040,270,40,204.392,-1.330,65.608
yaw270_pitch+045,270,45,205.277,-1.226,64.723
yaw270_pitch+050,270,50,205.278,-1.225,64.722
yaw270_pitch+055,270,55,207.445,-0.976,62.555
yaw270_pitch+060,270,60,210.683,-0.616,59.317
yaw270_pitch+065,270,65,211.147,-0.570,58.853
yaw270_pitch+070,270,70,217.824,0.039,52.176
yaw270_pitch+075,270,75,224.585,0.472,45.415
yaw270_pitch+080,270,80,210.336,-0.654,59.664
yaw270_pitch+085,270,85,206.251,-1.112,63.749
yaw270_pitch+090,270,90,216.963,-0.035,53.037
yaw275_pitch-090,275,-90,197.293,-2.219,77.707
yaw275_pitch-085,275,-85,200.156,-1.851,74.844
yaw275_pitch-080,275,-80,197.128,-2.240,77.872
yaw275_pitch-075,275,-75,200.128,-1.855,74.872
yaw275_pitch-070,275,-70,194.026,-2.636,80.974
yaw275_pitch-065,275,-65,190.462,-3.076,84.538
yaw275_pitch-060,275,-60,187.283,-3.419,87.717
yaw275_pitch-055,275,-55,180.311,-4.098,94.689
yaw275_pitch-050,275,-50,175.982,-4.403,99.018
yaw275_pitch-045,275,-45,162.725,-4.936,112.275
yaw275_pitch-040,275,-40,171.471,-4.674,103.529
yaw275_pitch-035,275,-35,177.237,-4.319,97.763
yaw275_pitch-030,275,-30,179.227,-4.183,95.773
yaw275_pitch-025,275,-25,190.047,-3.125,84.953
yaw275_pitch-020,275,-20,208.997,-0.802,66.003
yaw275_pitch-015,275,-15,234.194,0.933,40.806
yaw275_pitch-010,275,-10,255.697,1.823,19.303
yaw275_pitch-005,275,-5,274.913,2.483,0.087
yaw275_pitch+000,275,0,289.401,2.881,14.401
yaw275_pitch+005,275,5,298.905,1.636,23.905
yaw275_pitch+010,275,10,302.174,0.948,27.174
yaw275_pitch+015,275,15,300.609,1.294,25.609
yaw275_pitch+020,275,20,286.044,2.832,11.044
yaw275_pitch+025,275,25,253.318,1.727,21.682
yaw275_pitch+030,275,30,226.888,0.588,48.112
yaw275_pitch+035,275,35,218.589,0.104,56.411
yaw275_pitch+040,275,40,226.583,0.573,48.417
yaw275_pitch+045,275,45,228.170,0.651,46.830
yaw275_pitch+050,275,50,228.378,0.662,46.622
yaw275_pitch+055,275,55,233.648,0.909,41.352
yaw275_pitch+060,275,60,235.447,0.989,39.553
yaw275_pitch+065,275,65,226.000,0.544,49.000
yaw275_pitch+070,275,70,238.829,1.138,36.171
yaw275_pitch+075,275,75,243.925,1.350,31.075
yaw275_pitch+080,275,80,225.700,0.529,49.300
yaw275_pitch+085,275,85,215.268,-0.185,59.732
yaw275_pitch+090,275,90,236.276,1.026,38.724
yaw280_pitch-090,280,-90,253.515,1.735,26.485
yaw280_pitch-085,280,-85,251.594,1.658,28.406
yaw280_pitch-080,280,-80,244.891,1.389,35.109
yaw280_pitch-075,280,-75,244.876,1.388,35.124
yaw280_pitch-070,280,-70,231.247,0.798,48.753
yaw280_pitch-065,280,-65,224.246,0.454,55.754
yaw280_pitch-060,280,-60,213.230,-0.373,66.770
yaw280_pitch-055,280,-55,205.866,-1.157,74.134
yaw280_pitch-050,280,-50,197.650,-2.173,82.350
yaw280_pitch-045,280,-45,191.156,-2.995,88.844
yaw280_pitch-040,280,-40,183.192,-3.830,96.808
yaw280_pitch-035,280,-35,185.000,-3.653,95.000
yaw280_pitch-030,280,-30,185.421,-3.610,94.579
yaw280_pitch-025,280,-25,192.031,-2.892,87.969
yaw280_pitch-020,280,-20,205.794,-1.165,74.206
yaw280_pitch-015,280,-15,225.504,0.519,54.496
yaw280_pitch-010,280,-10,267.867,2.253,12.133
yaw280_pitch-005,280,-5,284.552,2.790,4.552
yaw280_pitch+000,280,0,297.774,1.846,17.774
yaw280_pitch+005,280,5,305.502,0.076,25.502
yaw280_pitch+010,280,10,307.986,-0.739,27.986
yaw280_pitch+015,280,15,308.827,-1.059,28.827
yaw280_pitch+020,280,20,306.095,-0.104,26.095
yaw280_pitch+025,280,25,300.207,1.377,20.207
yaw280_pitch+030,280,30,277.545,2.575,2.455
yaw280_pitch+035,280,35,245.355,1.408,34.645
yaw280_pitch+040,280,40,238.420,1.120,41.580
yaw280_pitch+045,280,45,247.360,1.489,32.640
yaw280_pitch+050,280,50,254.792,1.787,25.208
yaw280_pitch+055,280,55,262.994,2.098,17.006
yaw280_pitch+060,280,60,258.587,1.938,21.413
yaw280_pitch+065,280,65,249.989,1.594,30.011
yaw280_pitch+070,280,70,249.316,1.567,30.684
yaw280_pitch+075,280,75,255.154,1.801,24.846
yaw280_pitch+080,280,80,242.276,1.282,37.724
yaw280_pitch+085,280,85,225.041,0.495,54.959
yaw280_pitch+090,280,90,233.922,0.921,46.078
yaw285_pitch-090,285,-90,311.166,-2.194,26.166
yaw285_pitch-085,285,-85,308.592,-0.965,23.592
yaw285_pitch-080,285,-80,306.870,-0.353,21.870
yaw285_pitch-075,285,-75,305.011,0.220,20.011
yaw285_pitch-070,285,-70,297.372,1.917,12.372
yaw285_pitch-065,285,-65,290.152,2.837,5.152
yaw285_pitch-060,285,-60,272.021,2.386,12.979
yaw285_pitch-055,285,-55,256.736,1.865,28.264
yaw285_pitch-050,285,-50,225.371,0.512,59.629
yaw285_pitch-045,285,-45,213.121,-0.383,71.879
yaw285_pitch-040,285,-40,201.672,-1.661,83.328
yaw285_pitch-035,285,-35,198.927,-2.008,86.073
yaw285_pitch-030,285,-30,201.589,-1.671,83.411
yaw285_pitch-025,285,-25,198.665,-2.042,86.335
yaw285_pitch-020,285,-20,205.351,-1.217,79.649
yaw285_pitch-015,285,-15,227.831,0.635,57.169
yaw285_pitch-010,285,-10,269.611,2.308,15.389
yaw285_pitch-005,285,-5,288.077,2.867,3.077
yaw285_pitch+000,285,0,300.753,1.263,15.753
yaw285_pitch+005,285,5,308.065,-0.768,23.065
yaw285_pitch+010,285,10,308.505,-0.932,23.505
yaw285_pitch+015,285,15,309.077,-1.167,24.077
yaw285_pitch+020,285,20,308.061,-0.767,23.061
yaw285_pitch+025,285,25,299.219,1.575,14.219
yaw285_pitch+030,285,30,290.196,2.833,5.196
yaw285_pitch+035,285,35,264.110,2.135,20.890
yaw285_pitch+040,285,40,276.825,2.549,8.175
yaw285_pitch+045,285,45,279.245,2.636,5.755
yaw285_pitch+050,285,50,285.999,2.831,0.999
yaw285_pitch+055,285,55,291.716,2.693,6.716
yaw285_pitch+060,285,60,278.865,2.622,6.135
yaw285_pitch+065,285,65,279.618,2.650,5.382
yaw285_pitch+070,285,70,267.379,2.237,17.621
yaw285_pitch+075,285,75,281.097,2.698,3.903
yaw285_pitch+080,285,80,253.504,1.735,31.496
yaw285_pitch+085,285,85,233.613,0.907,51.387
yaw285_pitch+090,285,90,252.533,1.696,32.467
yaw290_pitch-090,290,-90,313.920,-4.107,23.920
yaw290_pitch-085,290,-85,314.843,-4.981,24.843
yaw290_pitch-080,290,-80,315.735,-6.190,25.735
yaw290_pitch-075,290,-75,316.057,-6.719,26.057
yaw290_pitch-070,290,-70,314.925,-5.068,24.925
yaw290_pitch-065,290,-65,312.941,-3.329,22.941
yaw290_pitch-060,290,-60,308.944,-1.109,18.944
yaw290_pitch-055,290,-55,300.575,1.301,10.575
yaw290_pitch-050,290,-50,288.359,2.870,1.641
yaw290_pitch-045,290,-45,263.665,2.121,26.335
yaw290_pitch-040,290,-40,230.925,0.783,59.075
yaw290_pitch-035,290,-35,211.946,-0.494,78.054
yaw290_pitch-030,290,-30,206.085,-1.131,83.915
yaw290_pitch-025,290,-25,206.495,-1.084,83.505
yaw290_pitch-020,290,-20,210.784,-0.605,79.216
yaw290_pitch-015,290,-15,218.214,0.073,71.786
yaw290_pitch-010,290,-10,246.091,1.438,43.909
yaw290_pitch-005,290,-5,261.647,2.053,28.353
yaw290_pitch+000,290,0,277.508,2.573,12.492
yaw290_pitch+005,290,5,293.063,2.561,3.063
yaw290_pitch+010,290,10,299.429,1.534,9.429
yaw290_pitch+015,290,15,302.337,0.910,12.337
yaw290_pitch+020,290,20,305.891,-0.041,15.891
yaw290_pitch+025,290,25,303.950,0.511,13.950
yaw290_pitch+030,290,30,300.976,1.216,10.976
yaw290_pitch+035,290,35,295.099,2.276,5.099
yaw290_pitch+040,290,40,294.837,2.315,4.837
yaw290_pitch+045,290,45,291.421,2.720,1.421
yaw290_pitch+050,290,50,287.327,2.860,2.673
yaw290_pitch+055,290,55,276.452,2.536,13.548
yaw290_pitch+060,290,60,264.364,2.143,25.636
yaw290_pitch+065,290,65,251.734,1.664,38.266
yaw290_pitch+070,290,70,240.071,1.191,49.929
yaw290_pitch+075,290,75,226.197,0.554,63.803
yaw290_pitch+080,290,80,241.289,1.242,48.711
yaw290_pitch+085,290,85,231.761,0.822,58.239
yaw290_pitch+090,290,90,247.319,1.487,42.681
yaw295_pitch-090,295,-90,315.480,-5.808,20.480
yaw295_pitch-085,295,-85,315.573,-5.944,20.573
yaw295_pitch-080,295,-80,316.086,-6.770,21.086
yaw295_pitch-075,295,-75,316.753,-8.092,21.753
yaw295_pitch-070,295,-70,317.100,-8.810,22.100
yaw295_pitch-065,295,-65,317.107,-8.826,22.107
yaw295_pitch-060,295,-60,316.074,-6.749,21.074
yaw295_pitch-055,295,-55,314.121,-4.284,19.121
yaw295_pitch-050,295,-50,309.422,-1.321,14.422
yaw295_pitch-045,295,-45,297.931,1.817,2.931
yaw295_pitch-040,295,-40,271.044,2.354,23.956
yaw295_pitch-035,295,-35,235.579,0.995,59.421
yaw295_pitch-030,295,-30,207.270,-0.996,87.730
yaw295_pitch-025,295,-25,198.942,-2.006,96.058
yaw295_pitch-020,295,-20,193.290,-2.732,101.710
yaw295_pitch-015,295,-15,199.245,-1.967,95.755
yaw295_pitch-010,295,-10,214.249,-0.279,80.751
yaw295_pitch-005,295,-5,235.551,0.994,59.449
yaw295_pitch+000,295,0,267.719,2.248,27.281
yaw295_pitch+005,295,5,275.024,2.487,19.976
yaw295_pitch+010,295,10,279.929,2.661,15.071
yaw295_pitch+015,295,15,291.861,2.679,3.139
yaw295_pitch+020,295,20,294.695,2.336,0.305
yaw295_pitch+025,295,25,296.813,2.010,1.813
yaw295_pitch+030,295,30,295.877,2.158,0.877
yaw295_pitch+035,295,35,289.097,2.878,5.903
yaw295_pitch+040,295,40,286.500,2.846,8.500
yaw295_pitch+045,295,45,281.480,2.708,13.520
yaw295_pitch+050,295,50,278.327,2.603,16.673
yaw295_pitch+055,295,55,261.721,2.055,33.279
yaw295_pitch+060,295,60,234.029,0.926,60.971
yaw295_pitch+065,295,65,203.697,-1.413,91.303
yaw295_pitch+070,295,70,175.184,-4.454,119.816
yaw295_pitch+075,295,75,159.037,-5.007,135.963
yaw295_pitch+080,295,80,170.761,-4.714,124.239
yaw295_pitch+085,295,85,193.561,-2.697,101.439
yaw295_pitch+090,295,90,218.285,0.079,76.715
yaw300_pitch-090,300,-90,316.654,-7.886,16.654
yaw300_pitch-085,300,-85,316.497,-7.551,16.497
yaw300_pitch-080,300,-80,317.088,-8.786,17.088
yaw300_pitch-075,300,-75,317.398,-9.600,17.398
yaw300_pitch-070,300,-70,317.549,-10.028,17.549
yaw300_pitch-065,300,-65,317.339,-9.411,17.339
yaw300_pitch-060,300,-60,317.162,-8.939,17.162
yaw300_pitch-055,300,-55,316.682,-7.945,16.682
yaw300_pitch-050,300,-50,314.631,-4.766,14.631
yaw300_pitch-045,300,-45,307.358,-0.517,7.358
yaw300_pitch-040,300,-40,282.677,2.739,17.323
yaw300_pitch-035,300,-35,235.413,0.988,64.587
yaw300_pitch-030,300,-30,203.998,-1.377,96.002
yaw300_pitch-025,300,-25,191.171,-2.993,108.829
yaw300_pitch-020,300,-20,190.894,-3.026,109.106
yaw300_pitch-015,300,-15,190.540,-3.067,109.460
yaw300_pitch-010,300,-10,198.749,-2.031,101.251
yaw300_pitch-005,300,-5,214.977,-0.212,85.023
yaw300_pitch+000,300,0,221.680,0.318,78.320
yaw300_pitch+005,300,5,227.154,0.602,72.846
yaw300_pitch+010,300,10,237.315,1.072,62.685
yaw300_pitch+015,300,15,248.790,1.546,51.210
yaw300_pitch+020,300,20,258.686,1.942,41.314
yaw300_pitch+025,300,25,266.926,2.223,33.074
yaw300_pitch+030,300,30,270.206,2.327,29.794
yaw300_pitch+035,300,35,270.606,2.340,29.394
yaw300_pitch+040,300,40,261.957,2.063,38.043
yaw300_pitch+045,300,45,259.636,1.980,40.364
yaw300_pitch+050,300,50,253.450,1.733,46.550
yaw300_pitch+055,300,55,235.546,0.994,64.454
yaw300_pitch+060,300,60,198.920,-2.009,101.080
yaw300_pitch+065,300,65,99.880,-4.260,159.880
yaw300_pitch+070,300,70,69.852,-1.479,129.852
yaw300_pitch+075,300,75,235.545,-0.797,64.455
yaw300_pitch+080,300,80,92.227,-1.281,152.227
yaw300_pitch+085,300,85,73.972,-2.812,133.972
yaw300_pitch+090,300,90,173.852,-4.534,126.148
yaw305_pitch-090,305,-90,316.736,-8.056,11.736
yaw305_pitch-085,305,-85,317.001,-8.607,12.001
yaw305_pitch-080,305,-80,316.572,-7.707,11.572
yaw305_pitch-075,305,-75,317.007,-8.620,12.007
yaw305_pitch-070,305,-70,316.840,-8.275,11.840
yaw305_pitch-065,305,-65,316.875,-8.345,11.875
yaw305_pitch-060,305,-60,316.124,-6.837,11.124
yaw305_pitch-055,305,-55,315.500,-5.837,10.500
yaw305_pitch-050,305,-50,314.001,-4.177,9.001
yaw305_pitch-045,305,-45,309.444,-1.331,4.444
yaw305_pitch-040,305,-40,293.156,2.552,11.844
yaw305_pitch-035,305,-35,242.678,1.299,62.322
yaw305_pitch-030,305,-30,206.443,-1.090,98.557
yaw305_pitch-025,305,-25,185.612,-3.590,119.388
yaw305_pitch-020,305,-20,179.082,-4.194,125.918
yaw305_pitch-015,305,-15,166.801,-4.841,138.199
yaw305_pitch-010,305,-10,171.613,-4.666,133.387
yaw305_pitch-005,305,-5,185.937,-3.557,119.063
yaw305_pitch+000,305,0,191.119,-2.999,113.881
yaw305_pitch+005,305,5,196.682,-2.296,108.318
yaw305_pitch+010,305,10,202.606,-1.546,102.394
yaw305_pitch+015,305,15,210.437,-0.643,94.563
yaw305_pitch+020,305,20,222.682,0.372,82.318
yaw305_pitch+025,305,25,234.503,0.947,70.497
yaw305_pitch+030,305,30,239.941,1.186,65.059
yaw305_pitch+035,305,35,240.288,1.200,64.712
yaw305_pitch+040,305,40,241.065,1.233,63.935
yaw305_pitch+045,305,45,234.779,0.960,70.221
yaw305_pitch+050,305,50,238.321,1.116,66.679
yaw305_pitch+055,305,55,216.939,-0.037,88.061
yaw305_pitch+060,305,60,168.745,-4.795,136.255
yaw305_pitch+065,305,65,72.640,-1.413,127.640
yaw305_pitch+070,305,70,53.289,-0.130,108.289
yaw305_pitch+075,305,75,60.646,0.585,115.646
yaw305_pitch+080,305,80,57.195,0.332,112.195
yaw305_pitch+085,305,85,58.322,0.388,113.322
yaw305_pitch+090,305,90,70.401,-2.369,125.401
yaw310_pitch-090,310,-90,314.461,-4.600,4.461
yaw310_pitch-085,310,-85,313.457,-3.723,3.457
yaw310_pitch-080,310,-80,313.906,-4.095,3.906
yaw310_pitch-075,310,-75,314.698,-4.833,4.698
yaw310_pitch-070,310,-70,315.103,-5.293,5.103
yaw310_pitch-065,310,-65,314.963,-5.116,4.963
yaw310_pitch-060,310,-60,314.049,-4.220,4.049
yaw310_pitch-055,310,-55,312.264,-2.856,2.264
yaw310_pitch-050,310,-50,310.243,-1.711,0.243
yaw310_pitch-045,310,-45,305.448,0.092,4.552
yaw310_pitch-040,310,-40,288.221,2.869,21.779
yaw310_pitch-035,310,-35,235.992,1.014,74.008
yaw310_pitch-030,310,-30,198.801,-2.024,111.199
yaw310_pitch-025,310,-25,169.210,-4.784,140.790
yaw310_pitch-020,310,-20,110.225,-4.524,160.225
yaw310_pitch-015,310,-15,83.508,-3.547,133.508
yaw310_pitch-010,310,-10,87.786,-3.795,137.786
yaw310_pitch-005,310,-5,121.104,-4.765,171.104
yaw310_pitch+000,310,0,150.851,-5.145,159.149
yaw310_pitch+005,310,5,173.345,-4.564,136.655
yaw310_pitch+010,310,10,184.990,-3.654,125.010
yaw310_pitch+015,310,15,194.950,-2.517,115.050
yaw310_pitch+020,310,20,200.942,-1.752,109.058
yaw310_pitch+025,310,25,204.886,-1.271,105.114
yaw310_pitch+030,310,30,205.733,-1.172,104.267
yaw310_pitch+035,310,35,209.772,-0.716,100.228
yaw310_pitch+040,310,40,220.269,0.233,89.731
yaw310_pitch+045,310,45,214.514,-0.254,95.486
yaw310_pitch+050,310,50,219.192,0.152,90.808
yaw310_pitch+055,310,55,205.203,-1.234,104.797
yaw310_pitch+060,310,60,126.592,-4.871,176.592
yaw310_pitch+065,310,65,230.613,-0.428,79.387
yaw310_pitch+070,310,70,62.326,0.709,112.326
yaw310_pitch+075,310,75,77.574,1.824,127.574
yaw310_pitch+080,310,80,74.324,1.814,124.324
yaw310_pitch+085,310,85,55.778,0.185,105.778
yaw310_pitch+090,310,90,75.977,-1.367,125.977
yaw315_pitch-090,315,-90,284.339,2.784,30.661
yaw315_pitch-085,315,-85,296.975,1.984,18.025
yaw315_pitch-080,315,-80,299.048,1.608,15.952
yaw315_pitch-075,315,-75,303.882,0.529,11.118
yaw315_pitch-070,315,-70,307.237,-0.476,7.763
yaw315_pitch-065,315,-65,306.801,-0.330,8.199
yaw315_pitch-060,315,-60,304.388,0.394,10.612
yaw315_pitch-055,315,-55,299.946,1.431,15.054
yaw315_pitch-050,315,-50,293.218,2.545,21.782
yaw315_pitch-045,315,-45,282.917,2.746,32.083
yaw315_pitch-040,315,-40,263.712,2.123,51.288
yaw315_pitch-035,315,-35,226.794,0.584,88.206
yaw315_pitch-030,315,-30,188.605,-3.281,126.395
yaw315_pitch-025,315,-25,97.241,-4.186,142.241
yaw315_pitch-020,315,-20,68.873,-1.492,113.873
yaw315_pitch-015,315,-15,231.814,-0.459,83.186
yaw315_pitch-010,315,-10,234.190,-0.578,80.810
yaw315_pitch-005,315,-5,68.700,-1.491,113.700
yaw315_pitch+000,315,0,79.336,-3.268,124.336
yaw315_pitch+005,315,5,125.897,-4.858,170.897
yaw315_pitch+010,315,10,163.926,-4.908,151.074
yaw315_pitch+015,315,15,176.994,-4.335,138.006
yaw315_pitch+020,315,20,187.024,-3.446,127.976
yaw315_pitch+025,315,25,193.223,-2.740,121.777
yaw315_pitch+030,315,30,195.205,-2.484,119.795
yaw315_pitch+035,315,35,195.298,-2.472,119.702
yaw315_pitch+040,315,40,198.060,-2.120,116.940
yaw315_pitch+045,315,45,204.926,-1.267,110.074
yaw315_pitch+050,315,50,208.560,-0.850,106.440
yaw315_pitch+055,315,55,206.093,-1.131,108.907
yaw315_pitch+060,315,60,147.045,-5.123,167.955
yaw315_pitch+065,315,65,235.043,-0.895,79.957
yaw315_pitch+070,315,70,58.721,0.463,103.721
yaw315_pitch+075,315,75,75.293,1.817,120.293
yaw315_pitch+080,315,80,73.649,1.803,118.649
yaw315_pitch+085,315,85,55.731,0.179,100.731
yaw315_pitch+090,315,90,73.009,-1.407,118.009
yaw320_pitch-090,320,-90,195.342,-2.467,124.658
yaw320_pitch-085,320,-85,222.136,0.343,97.864
yaw320_pitch-080,320,-80,259.581,1.978,60.419
yaw320_pitch-075,320,-75,260.257,2.005,59.743
yaw320_pitch-070,320,-70,280.141,2.669,39.859
yaw320_pitch-065,320,-65,279.799,2.656,40.201
yaw320_pitch-060,320,-60,279.608,2.649,40.392
yaw320_pitch-055,320,-55,271.523,2.370,48.477
yaw320_pitch-050,320,-50,259.367,1.969,60.633
yaw320_pitch-045,320,-45,253.882,1.750,66.118
yaw320_pitch-040,320,-40,234.021,0.925,85.979
yaw320_pitch-035,320,-35,217.739,0.032,102.261
yaw320_pitch-030,320,-30,172.453,-4.617,147.547
yaw320_pitch-025,320,-25,65.897,-1.449,105.897
yaw320_pitch-020,320,-20,53.286,0.129,93.286
yaw320_pitch-015,320,-15,61.246,0.631,101.246
yaw320_pitch-010,320,-10,60.744,0.592,100.744
yaw320_pitch-005,320,-5,53.407,0.212,93.407
yaw320_pitch+000,320,0,68.856,-1.492,108.856
yaw320_pitch+005,320,5,92.840,-4.035,132.840
yaw320_pitch+010,320,10,139.992,-5.078,179.992
yaw320_pitch+015,320,15,161.140,-4.971,158.860
yaw320_pitch+020,320,20,176.431,-4.373,143.569
yaw320_pitch+025,320,25,187.816,-3.364,132.184
yaw320_pitch+030,320,30,195.919,-2.393,124.081
yaw320_pitch+035,320,35,193.820,-2.663,126.180
yaw320_pitch+040,320,40,205.139,-1.242,114.861
yaw320_pitch+045,320,45,214.449,-0.260,105.551
yaw320_pitch+050,320,50,213.345,-0.362,106.655
yaw320_pitch+055,320,55,221.080,0.285,98.920
yaw320_pitch+060,320,60,187.657,-3.380,132.343
yaw320_pitch+065,320,65,69.326,-2.216,109.326
yaw320_pitch+070,320,70,56.350,0.907,96.350
yaw320_pitch+075,320,75,56.354,0.252,96.354
yaw320_pitch+080,320,80,56.024,0.215,96.024
yaw320_pitch+085,320,85,58.728,0.289,98.728
yaw320_pitch+090,320,90,69.095,-2.176,109.095
yaw325_pitch-090,325,-90,128.907,-4.912,163.907
yaw325_pitch-085,325,-85,175.577,-4.430,149.423
yaw325_pitch-080,325,-80,198.942,-2.006,126.058
yaw325_pitch-075,325,-75,216.098,-0.110,108.902
yaw325_pitch-070,325,-70,238.922,1.142,86.078
yaw325_pitch-065,325,-65,244.178,1.360,80.822
yaw325_pitch-060,325,-60,246.491,1.454,78.509
yaw325_pitch-055,325,-55,235.173,0.977,89.827
yaw325_pitch-050,325,-50,230.904,0.782,94.096
yaw325_pitch-045,325,-45,218.148,0.067,106.852
yaw325_pitch-040,325,-40,209.732,-0.720,115.268
yaw325_pitch-035,325,-35,201.893,-1.633,123.107
yaw325_pitch-030,325,-30,147.283,-5.124,177.717
yaw325_pitch-025,325,-25,235.055,-0.894,89.945
yaw325_pitch-020,325,-20,60.140,0.553,95.140
yaw325_pitch-015,325,-15,79.003,1.829,114.003
yaw325_pitch-010,325,-10,78.481,1.827,113.481
yaw325_pitch-005,325,-5,59.704,0.528,94.704
yaw325_pitch+000,325,0,235.555,-0.788,89.445
yaw325_pitch+005,325,5,92.323,-4.016,127.323
yaw325_pitch+010,325,10,159.228,-5.004,165.772
yaw325_pitch+015,325,15,173.145,-4.576,151.855
yaw325_pitch+020,325,20,184.102,-3.744,140.898
yaw325_pitch+025,325,25,195.570,-2.438,129.430
yaw325_pitch+030,325,30,199.231,-1.969,125.769
yaw325_pitch+035,325,35,206.931,-1.034,118.069
yaw325_pitch+040,325,40,216.758,-0.053,108.242
yaw325_pitch+045,325,45,232.097,0.838,92.903
yaw325_pitch+050,325,50,241.985,1.271,83.015
yaw325_pitch+055,325,55,242.158,1.278,82.842
yaw325_pitch+060,325,60,231.392,0.805,93.608
yaw325_pitch+065,325,65,189.824,-3.150,135.176
yaw325_pitch+070,325,70,77.521,-3.133,112.521
yaw325_pitch+075,325,75,72.227,-1.420,107.227
yaw325_pitch+080,325,80,69.635,-1.487,104.635
yaw325_pitch+085,325,85,76.106,-3.020,111.106
yaw325_pitch+090,325,90,169.283,-4.782,155.717
yaw330_pitch-090,330,-90,67.170,-1.794,97.170
yaw330_pitch-085,330,-85,100.353,-4.273,130.353
yaw330_pitch-080,330,-80,158.186,-5.023,171.814
yaw330_pitch-075,330,-75,191.642,-2.938,138.358
yaw330_pitch-070,330,-70,205.751,-1.170,124.249
yaw330_pitch-065,330,-65,216.174,-0.103,113.826
yaw330_pitch-060,330,-60,216.659,-0.061,113.341
yaw330_pitch-055,330,-55,212.863,-0.408,117.137
yaw330_pitch-050,330,-50,209.208,-0.778,120.792
yaw330_pitch-045,330,-45,195.320,-2.470,134.680
yaw330_pitch-040,330,-40,192.102,-2.884,137.898
yaw330_pitch-035,330,-35,191.296,-2.979,138.704
yaw330_pitch-030,330,-30,144.770,-5.114,174.770
yaw330_pitch-025,330,-25,233.399,-1.015,96.601
yaw330_pitch-020,330,-20,59.797,0.533,89.797
yaw330_pitch-015,330,-15,78.687,1.828,108.687
yaw330_pitch-010,330,-10,78.277,1.826,108.277
yaw330_pitch-005,330,-5,58.302,0.429,88.302
yaw330_pitch+000,330,0,234.010,-0.978,95.990
yaw330_pitch+005,330,5,104.488,-4.380,134.488
yaw330_pitch+010,330,10,176.952,-4.338,153.048
yaw330_pitch+015,330,15,185.695,-3.582,144.305
yaw330_pitch+020,330,20,191.854,-2.913,138.146
yaw330_pitch+025,330,25,203.476,-1.440,126.524
yaw330_pitch+030,330,30,215.845,-0.132,114.155
yaw330_pitch+035,330,35,233.229,0.890,96.771
yaw330_pitch+040,330,40,250.672,1.621,79.328
yaw330_pitch+045,330,45,259.392,1.970,70.608
yaw330_pitch+050,330,50,274.171,2.458,55.829
yaw330_pitch+055,330,55,273.565,2.437,56.435
yaw330_pitch+060,330,60,275.848,2.515,54.152
yaw330_pitch+065,330,65,267.717,2.248,62.283
yaw330_pitch+070,330,70,222.149,0.343,107.851
yaw330_pitch+075,330,75,192.848,-2.789,137.152
yaw330_pitch+080,330,80,188.360,-3.308,141.640
yaw330_pitch+085,330,85,207.695,-0.948,122.305
yaw330_pitch+090,330,90,233.294,0.892,96.706
yaw335_pitch-090,335,-90,72.435,-1.416,97.435
yaw335_pitch-085,335,-85,67.747,-1.904,92.747
yaw335_pitch-080,335,-80,96.524,-4.163,121.524
yaw335_pitch-075,335,-75,151.623,-5.137,176.623
yaw335_pitch-070,335,-70,187.193,-3.428,147.807
yaw335_pitch-065,335,-65,200.968,-1.749,134.032
yaw335_pitch-060,335,-60,204.888,-1.271,130.112
yaw335_pitch-055,335,-55,207.279,-0.995,127.721
yaw335_pitch-050,335,-50,199.568,-1.926,135.432
yaw335_pitch-045,335,-45,189.022,-3.236,145.978
yaw335_pitch-040,335,-40,188.475,-3.295,146.525
yaw335_pitch-035,335,-35,190.784,-3.039,144.216
yaw335_pitch-030,335,-30,179.889,-4.132,155.111
yaw335_pitch-025,335,-25,65.864,-1.610,90.864
yaw335_pitch-020,335,-20,54.266,0.446,79.266
yaw335_pitch-015,335,-15,60.128,0.552,85.128
yaw335_pitch-010,335,-10,59.433,0.512,84.433
yaw335_pitch-005,335,-5,55.066,0.702,80.066
yaw335_pitch+000,335,0,65.844,-1.607,90.844
yaw335_pitch+005,335,5,170.403,-4.731,164.597
yaw335_pitch+010,335,10,197.626,-2.177,137.374
yaw335_pitch+015,335,15,198.005,-2.127,136.995
yaw335_pitch+020,335,20,207.682,-0.949,127.318
yaw335_pitch+025,335,25,218.286,0.079,116.714
yaw335_pitch+030,335,30,234.441,0.944,100.559
yaw335_pitch+035,335,35,250.733,1.624,84.267
yaw335_pitch+040,335,40,274.984,2.485,60.016
yaw335_pitch+045,335,45,281.930,2.720,53.070
yaw335_pitch+050,335,50,292.836,2.584,42.164
yaw335_pitch+055,335,55,296.516,2.058,38.484
yaw335_pitch+060,335,60,298.831,1.650,36.169
yaw335_pitch+065,335,65,298.837,1.649,36.163
yaw335_pitch+070,335,70,295.592,2.202,39.408
yaw335_pitch+075,335,75,289.315,2.880,45.685
yaw335_pitch+080,335,80,278.245,2.600,56.755
yaw335_pitch+085,335,85,277.271,2.565,57.729
yaw335_pitch+090,335,90,268.332,2.267,66.668
yaw340_pitch-090,340,-90,235.413,-0.850,104.587
yaw340_pitch-085,340,-85,65.819,-1.457,85.819
yaw340_pitch-080,340,-80,73.602,-2.770,93.602
yaw340_pitch-075,340,-75,108.770,-4.489,128.770
yaw340_pitch-070,340,-70,166.726,-4.843,173.274
yaw340_pitch-065,340,-65,193.108,-2.755,146.892
yaw340_pitch-060,340,-60,204.423,-1.326,135.577
yaw340_pitch-055,340,-55,203.412,-1.447,136.588
yaw340_pitch-050,340,-50,202.797,-1.522,137.203
yaw340_pitch-045,340,-45,197.962,-2.133,142.038
yaw340_pitch-040,340,-40,201.398,-1.695,138.602
yaw340_pitch-035,340,-35,205.783,-1.166,134.217
yaw340_pitch-030,340,-30,203.678,-1.415,136.322
yaw340_pitch-025,340,-25,156.445,-5.055,176.445
yaw340_pitch-020,340,-20,65.463,-1.555,85.463
yaw340_pitch-015,340,-15,235.452,-0.843,104.548
yaw340_pitch-010,340,-10,234.754,-0.921,105.246
yaw340_pitch-005,340,-5,65.802,-1.602,85.802
yaw340_pitch+000,340,0,133.246,-4.989,153.246
yaw340_pitch+005,340,5,193.561,-2.697,146.439
yaw340_pitch+010,340,10,207.224,-1.001,132.776
yaw340_pitch+015,340,15,216.504,-0.075,123.496
yaw340_pitch+020,340,20,229.385,0.710,110.615
yaw340_pitch+025,340,25,244.597,1.377,95.403
yaw340_pitch+030,340,30,261.772,2.057,78.228
yaw340_pitch+035,340,35,282.620,2.738,57.380
yaw340_pitch+040,340,40,294.529,2.361,45.471
yaw340_pitch+045,340,45,301.636,1.071,38.364
yaw340_pitch+050,340,50,306.432,-0.210,33.568
yaw340_pitch+055,340,55,308.827,-1.059,31.173
yaw340_pitch+060,340,60,308.172,-0.807,31.828
yaw340_pitch+065,340,65,308.421,-0.900,31.579
yaw340_pitch+070,340,70,310.647,-1.915,29.353
yaw340_pitch+075,340,75,309.007,-1.137,30.993
yaw340_pitch+080,340,80,307.059,-0.416,32.941
yaw340_pitch+085,340,85,306.477,-0.225,33.523
yaw340_pitch+090,340,90,299.848,1.450,40.152
yaw345_pitch-090,345,-90,235.602,-0.664,109.398
yaw345_pitch-085,345,-85,66.008,-1.438,81.008
yaw345_pitch-080,345,-80,77.151,-3.104,92.151
yaw345_pitch-075,345,-75,123.588,-4.816,138.588
yaw345_pitch-070,345,-70,163.177,-4.925,178.177
yaw345_pitch-065,345,-65,196.468,-2.323,148.532
yaw345_pitch-060,345,-60,208.830,-0.820,136.170
yaw345_pitch-055,345,-55,211.196,-0.566,133.804
yaw345_pitch-050,345,-50,210.893,-0.595,134.107
yaw345_pitch-045,345,-45,219.977,0.212,125.023
yaw345_pitch-040,345,-40,219.415,0.170,125.585
yaw345_pitch-035,345,-35,231.137,0.793,113.863
yaw345_pitch-030,345,-30,233.335,0.894,111.665
yaw345_pitch-025,345,-25,215.476,-0.166,129.524
yaw345_pitch-020,345,-20,186.958,-3.452,158.042
yaw345_pitch-015,345,-15,136.428,-5.041,151.428
yaw345_pitch-010,345,-10,122.891,-4.802,137.891
yaw345_pitch-005,345,-5,162.831,-4.933,177.831
yaw345_pitch+000,345,0,190.003,-3.130,154.997
yaw345_pitch+005,345,5,214.391,-0.265,130.609
yaw345_pitch+010,345,10,237.213,1.067,107.787
yaw345_pitch+015,345,15,251.316,1.647,93.684
yaw345_pitch+020,345,20,270.153,2.325,74.847
yaw345_pitch+025,345,25,285.191,2.808,59.809
yaw345_pitch+030,345,30,298.886,1.639,46.114
yaw345_pitch+035,345,35,302.080,0.970,42.920
yaw345_pitch+040,345,40,308.023,-0.753,36.977
yaw345_pitch+045,345,45,310.753,-1.971,34.247
yaw345_pitch+050,345,50,311.886,-2.612,33.114
yaw345_pitch+055,345,55,312.951,-3.336,32.049
yaw345_pitch+060,345,60,312.950,-3.335,32.050
yaw345_pitch+065,345,65,310.810,-2.001,34.190
yaw345_pitch+070,345,70,311.905,-2.624,33.095
yaw345_pitch+075,345,75,311.618,-2.450,33.382
yaw345_pitch+080,345,80,311.429,-2.341,33.571
yaw345_pitch+085,345,85,311.641,-2.464,33.359
yaw345_pitch+090,345,90,311.308,-2.273,33.692
yaw350_pitch-090,350,-90,124.099,-1.243,134.099
yaw350_pitch-085,350,-85,66.357,-1.673,76.357
yaw350_pitch-080,350,-80,92.263,-4.013,102.263
yaw350_pitch-075,350,-75,153.380,-5.111,163.380
yaw350_pitch-070,350,-70,190.407,-3.083,159.593
yaw350_pitch-065,350,-65,204.852,-1.275,145.148
yaw350_pitch-060,350,-60,215.439,-0.169,134.561
yaw350_pitch-055,350,-55,226.377,0.563,123.623
yaw350_pitch-050,350,-50,232.367,0.850,117.633
yaw350_pitch-045,350,-45,239.109,1.150,110.891
yaw350_pitch-040,350,-40,243.510,1.333,106.490
yaw350_pitch-035,350,-35,255.432,1.812,94.568
yaw350_pitch-030,350,-30,265.923,2.192,84.077
yaw350_pitch-025,350,-25,268.442,2.271,81.558
yaw350_pitch-020,350,-20,249.538,1.576,100.462
yaw350_pitch-015,350,-15,211.434,-0.543,138.566
yaw350_pitch-010,350,-10,207.040,-1.022,142.960
yaw350_pitch-005,350,-5,207.237,-0.999,142.763
yaw350_pitch+000,350,0,213.732,-0.326,136.268
yaw350_pitch+005,350,5,255.153,1.801,94.847
yaw350_pitch+010,350,10,292.259,2.640,57.741
yaw350_pitch+015,350,15,298.465,1.719,51.535
yaw350_pitch+020,350,20,302.606,0.847,47.394
yaw350_pitch+025,350,25,304.660,0.319,45.340
yaw350_pitch+030,350,30,303.310,0.675,46.690
yaw350_pitch+035,350,35,302.135,0.957,47.865
yaw350_pitch+040,350,40,300.729,1.268,49.271
yaw350_pitch+045,350,45,301.704,1.055,48.296
yaw350_pitch+050,350,50,298.517,1.709,51.483
yaw350_pitch+055,350,55,293.882,2.454,56.118
yaw350_pitch+060,350,60,273.483,2.434,76.517
yaw350_pitch+065,350,65,259.006,1.955,90.994
yaw350_pitch+070,350,70,256.890,1.871,93.110
yaw350_pitch+075,350,75,266.103,2.198,83.897
yaw350_pitch+080,350,80,276.906,2.552,73.094
yaw350_pitch+085,350,85,288.321,2.870,61.679
yaw350_pitch+090,350,90,286.213,2.837,63.787
yaw355_pitch-090,355,-90,65.841,-1.455,70.841
yaw355_pitch-085,355,-85,76.788,-3.075,81.788
yaw355_pitch-080,355,-80,118.950,-4.720,123.950
yaw355_pitch-075,355,-75,178.028,-4.266,176.972
yaw355_pitch-070,355,-70,203.546,-1.431,151.454
yaw355_pitch-065,355,-65,216.188,-0.102,138.812
yaw355_pitch-060,355,-60,237.766,1.092,117.234
yaw355_pitch-055,355,-55,245.700,1.422,109.300
yaw355_pitch-050,355,-50,260.164,2.001,94.836
yaw355_pitch-045,355,-45,269.675,2.310,85.325
yaw355_pitch-040,355,-40,279.574,2.648,75.426
yaw355_pitch-035,355,-35,287.119,2.858,67.881
yaw355_pitch-030,355,-30,293.306,2.534,61.694
yaw355_pitch-025,355,-25,298.735,1.668,56.265
yaw355_pitch-020,355,-20,297.590,1.879,57.410
yaw355_pitch-015,355,-15,283.523,2.762,71.477
yaw355_pitch-010,355,-10,269.035,2.289,85.965
yaw355_pitch-005,355,-5,259.757,1.985,95.243
yaw355_pitch+000,355,0,263.613,2.119,91.387
yaw355_pitch+005,355,5,279.805,2.657,75.195
yaw355_pitch+010,355,10,288.256,2.869,66.744
yaw355_pitch+015,355,15,295.292,2.247,59.708
yaw355_pitch+020,355,20,286.351,2.841,68.649
yaw355_pitch+025,355,25,283.426,2.759,71.574
yaw355_pitch+030,355,30,275.759,2.512,79.241
yaw355_pitch+035,355,35,272.071,2.388,82.929
yaw355_pitch+040,355,40,261.456,2.046,93.544
yaw355_pitch+045,355,45,248.762,1.545,106.238
yaw355_pitch+050,355,50,252.174,1.682,102.826
yaw355_pitch+055,355,55,236.767,1.048,118.233
yaw355_pitch+060,355,60,209.984,-0.693,145.016
yaw355_pitch+065,355,65,202.750,-1.528,152.250
yaw355_pitch+070,355,70,206.246,-1.113,148.754
yaw355_pitch+075,355,75,211.703,-0.517,143.297
yaw355_pitch+080,355,80,220.473,0.248,134.527
yaw355_pitch+085,355,85,227.224,0.605,127.776
yaw355_pitch+090,355,90,209.199,-0.779,145.801
