record_id,yaw_true,pitch_true,yaw_pred,pitch_pred,yaw_err
yaw000_pitch-090,0,-90,14.544,-77.899,14.544
yaw000_pitch-085,0,-85,17.938,-78.454,17.938
yaw000_pitch-080,0,-80,16.449,-83.849,16.449
yaw000_pitch-075,0,-75,16.897,-77.980,16.897
yaw000_pitch-070,0,-70,19.466,-71.496,19.466
yaw000_pitch-065,0,-65,19.659,-62.242,19.659
yaw000_pitch-060,0,-60,18.836,-53.248,18.836
yaw000_pitch-055,0,-55,20.217,-55.100,20.217
yaw000_pitch-050,0,-50,19.397,-51.117,19.397
yaw000_pitch-045,0,-45,17.316,-49.146,17.316
yaw000_pitch-040,0,-40,16.482,-43.291,16.482
yaw000_pitch-035,0,-35,16.478,-40.202,16.478
yaw000_pitch-030,0,-30,17.010,-35.092,17.010
yaw000_pitch-025,0,-25,16.686,-38.425,16.686
yaw000_pitch-020,0,-20,14.875,-29.763,14.875
yaw000_pitch-015,0,-15,15.053,-28.381,15.053
yaw000_pitch-010,0,-10,10.281,-27.447,10.281
yaw000_pitch-005,0,-5,14.070,-26.919,14.070
yaw000_pitch+000,0,0,9.631,-19.138,9.631
yaw000_pitch+005,0,5,13.368,-10.392,13.368
yaw000_pitch+010,0,10,3.604,-4.355,3.604
yaw000_pitch+015,0,15,12.853,-1.061,12.853
yaw000_pitch+020,0,20,12.819,8.228,12.819
yaw000_pitch+025,0,25,16.951,14.234,16.951
yaw000_pitch+030,0,30,18.067,20.929,18.067
yaw000_pitch+035,0,35,18.586,25.101,18.586
yaw000_pitch+040,0,40,19.839,29.046,19.839
yaw000_pitch+045,0,45,14.790,33.714,14.790
yaw000_pitch+050,0,50,13.554,41.783,13.554
yaw000_pitch+055,0,55,11.132,49.532,11.132
yaw000_pitch+060,0,60,5.108,57.507,5.108
yaw000_pitch+065,0,65,0.648,65.064,0.648
yaw000_pitch+070,0,70,355.405,71.543,4.595
yaw000_pitch+075,0,75,353.817,75.426,6.183
yaw000_pitch+080,0,80,346.237,77.582,13.763
yaw000_pitch+085,0,85,346.972,84.659,13.028
yaw000_pitch+090,0,90,347.642,89.997,12.358
yaw005_pitch-090,5,-90,18.107,-73.748,13.107
yaw005_pitch-085,5,-85,21.124,-79.234,16.124
yaw005_pitch-080,5,-80,23.133,-80.152,18.133
yaw005_pitch-075,5,-75,23.581,-77.411,18.581
yaw005_pitch-070,5,-70,22.453,-68.031,17.453
yaw005_pitch-065,5,-65,22.280,-60.952,17.280
yaw005_pitch-060,5,-60,23.405,-54.411,18.405
yaw005_pitch-055,5,-55,22.389,-52.724,17.389
yaw005_pitch-050,5,-50,22.468,-50.550,17.468
yaw005_pitch-045,5,-45,19.898,-47.508,14.898
yaw005_pitch-040,5,-40,20.311,-47.968,15.311
yaw005_pitch-035,5,-35,20.863,-42.688,15.863
yaw005_pitch-030,5,-30,20.047,-39.773,15.047
yaw005_pitch-025,5,-25,19.706,-36.296,14.706
yaw005_pitch-020,5,-20,21.351,-33.476,16.351
yaw005_pitch-015,5,-15,18.166,-28.896,13.166
yaw005_pitch-010,5,-10,16.751,-29.520,11.751
yaw005_pitch-005,5,-5,15.806,-29.453,10.806
yaw005_pitch+000,5,0,12.018,-20.670,7.018
yaw005_pitch+005,5,5,14.474,-11.191,9.474
yaw005_pitch+010,5,10,15.211,-4.056,10.211
yaw005_pitch+015,5,15,19.996,1.669,14.996
yaw005_pitch+020,5,20,22.793,8.142,17.793
yaw005_pitch+025,5,25,20.445,15.313,15.445
yaw005_pitch+030,5,30,22.667,20.075,17.667
yaw005_pitch+035,5,35,22.197,24.304,17.197
yaw005_pitch+040,5,40,22.794,29.307,17.794
yaw005_pitch+045,5,45,21.085,34.378,16.085
yaw005_pitch+050,5,50,17.928,40.716,12.928
yaw005_pitch+055,5,55,15.664,49.625,10.664
yaw005_pitch+060,5,60,7.679,55.638,2.679
yaw005_pitch+065,5,65,1.252,63.956,3.748
yaw005_pitch+070,5,70,359.857,73.178,5.143
yaw005_pitch+075,5,75,357.221,77.307,7.779
yaw005_pitch+080,5,80,355.938,81.499,9.062
yaw005_pitch+085,5,85,354.742,85.838,10.258
yaw005_pitch+090,5,90,353.453,89.001,11.547
yaw010_pitch-090,10,-90,23.395,-75.659,13.395
yaw010_pitch-085,10,-85,28.548,-79.313,18.548
yaw010_pitch-080,10,-80,28.344,-81.273,18.344
yaw010_pitch-075,10,-75,28.218,-76.537,18.218
yaw010_pitch-070,10,-70,27.875,-67.853,17.875
yaw010_pitch-065,10,-65,27.179,-61.919,17.179
yaw010_pitch-060,10,-60,25.483,-54.124,15.483
yaw010_pitch-055,10,-55,24.347,-50.298,14.347
yaw010_pitch-050,10,-50,24.064,-50.269,14.064
yaw010_pitch-045,10,-45,21.640,-47.706,11.640
yaw010_pitch-040,10,-40,22.262,-42.564,12.262
yaw010_pitch-035,10,-35,22.290,-43.102,12.290
yaw010_pitch-030,10,-30,19.459,-36.983,9.459
yaw010_pitch-025,10,-25,20.988,-39.635,10.988
yaw010_pitch-020,10,-20,22.416,-39.496,12.416
yaw010_pitch-015,10,-15,20.974,-32.320,10.974
yaw010_pitch-010,10,-10,18.021,-31.698,8.021
yaw010_pitch-005,10,-5,15.054,-30.113,5.054
yaw010_pitch+000,10,0,17.081,-24.769,7.081
yaw010_pitch+005,10,5,24.447,-11.192,14.447
yaw010_pitch+010,10,10,21.963,-4.221,11.963
yaw010_pitch+015,10,15,25.418,3.210,15.418
yaw010_pitch+020,10,20,26.303,9.737,16.303
yaw010_pitch+025,10,25,23.665,15.648,13.665
yaw010_pitch+030,10,30,22.620,18.979,12.620
yaw010_pitch+035,10,35,24.592,23.484,14.592
yaw010_pitch+040,10,40,25.732,27.282,15.732
yaw010_pitch+045,10,45,24.719,33.093,14.719
yaw010_pitch+050,10,50,22.066,41.211,12.066
yaw010_pitch+055,10,55,17.963,48.453,7.963
yaw010_pitch+060,10,60,18.388,56.080,8.388
yaw010_pitch+065,10,65,6.156,63.190,3.844
yaw010_pitch+070,10,70,4.126,71.047,5.874
yaw010_pitch+075,10,75,6.980,80.801,3.020
yaw010_pitch+080,10,80,0.484,82.413,9.516
yaw010_pitch+085,10,85,358.279,87.022,11.721
yaw010_pitch+090,10,90,359.839,90.000,10.161
yaw015_pitch-090,15,-90,33.654,-80.244,18.654
yaw015_pitch-085,15,-85,34.967,-81.473,19.967
yaw015_pitch-080,15,-80,33.818,-79.490,18.818
yaw015_pitch-075,15,-75,33.017,-74.611,18.017
yaw015_pitch-070,15,-70,30.830,-66.649,15.830
yaw015_pitch-065,15,-65,30.881,-62.567,15.881
yaw015_pitch-060,15,-60,28.406,-52.943,13.406
yaw015_pitch-055,15,-55,27.312,-51.225,12.312
yaw015_pitch-050,15,-50,26.526,-47.426,11.526
yaw015_pitch-045,15,-45,25.912,-45.180,10.912
yaw015_pitch-040,15,-40,24.563,-43.980,9.563
yaw015_pitch-035,15,-35,24.145,-43.973,9.145
yaw015_pitch-030,15,-30,24.915,-43.694,9.915
yaw015_pitch-025,15,-25,25.200,-41.879,10.200
yaw015_pitch-020,15,-20,24.100,-42.326,9.100
yaw015_pitch-015,15,-15,22.610,-33.997,7.610
yaw015_pitch-010,15,-10,18.551,-32.242,3.551
yaw015_pitch-005,15,-5,18.879,-31.907,3.879
yaw015_pitch+000,15,0,22.011,-24.270,7.011
yaw015_pitch+005,15,5,24.360,-10.560,9.360
yaw015_pitch+010,15,10,24.221,-3.844,9.221
yaw015_pitch+015,15,15,28.997,2.627,13.997
yaw015_pitch+020,15,20,27.484,6.344,12.484
yaw015_pitch+025,15,25,26.173,13.049,11.173
yaw015_pitch+030,15,30,24.293,16.996,9.293
yaw015_pitch+035,15,35,23.929,22.844,8.929
yaw015_pitch+040,15,40,24.335,26.391,9.335
yaw015_pitch+045,15,45,25.737,34.644,10.737
yaw015_pitch+050,15,50,21.799,40.961,6.799
yaw015_pitch+055,15,55,18.901,48.653,3.901
yaw015_pitch+060,15,60,16.984,54.678,1.984
yaw015_pitch+065,15,65,10.145,61.104,4.855
yaw015_pitch+070,15,70,4.932,66.901,10.068
yaw015_pitch+075,15,75,6.966,78.630,8.034
yaw015_pitch+080,15,80,2.331,82.936,12.669
yaw015_pitch+085,15,85,0.829,87.904,14.171
yaw015_pitch+090,15,90,355.073,90.000,19.927
yaw020_pitch-090,20,-90,42.440,-86.033,22.440
yaw020_pitch-085,20,-85,38.571,-79.701,18.571
yaw020_pitch-080,20,-80,39.298,-83.169,19.298
yaw020_pitch-075,20,-75,35.863,-71.501,15.863
yaw020_pitch-070,20,-70,34.212,-62.951,14.212
yaw020_pitch-065,20,-65,33.610,-65.254,13.610
yaw020_pitch-060,20,-60,33.321,-53.532,13.321
yaw020_pitch-055,20,-55,32.064,-51.158,12.064
yaw020_pitch-050,20,-50,31.123,-47.547,11.123
yaw020_pitch-045,20,-45,30.346,-45.841,10.346
yaw020_pitch-040,20,-40,30.241,-45.409,10.241
yaw020_pitch-035,20,-35,28.211,-43.071,8.211
yaw020_pitch-030,20,-30,27.830,-43.883,7.830
yaw020_pitch-025,20,-25,27.847,-47.199,7.847
yaw020_pitch-020,20,-20,27.055,-42.418,7.055
yaw020_pitch-015,20,-15,26.807,-37.476,6.807
yaw020_pitch-010,20,-10,22.578,-33.380,2.578
yaw020_pitch-005,20,-5,23.285,-30.998,3.285
yaw020_pitch+000,20,0,23.294,-25.009,3.294
yaw020_pitch+005,20,5,27.329,-12.030,7.329
yaw020_pitch+010,20,10,28.294,-3.147,8.294
yaw020_pitch+015,20,15,30.032,1.608,10.032
yaw020_pitch+020,20,20,30.035,7.315,10.035
yaw020_pitch+025,20,25,28.555,12.263,8.555
yaw020_pitch+030,20,30,28.328,16.295,8.328
yaw020_pitch+035,20,35,26.343,20.696,6.343
yaw020_pitch+040,20,40,26.549,23.343,6.549
yaw020_pitch+045,20,45,20.871,32.957,0.871
yaw020_pitch+050,20,50,19.573,38.821,0.427
yaw020_pitch+055,20,55,20.276,49.505,0.276
yaw020_pitch+060,20,60,18.034,54.746,1.966
yaw020_pitch+065,20,65,12.064,57.933,7.936
yaw020_pitch+070,20,70,8.289,63.197,11.711
yaw020_pitch+075,20,75,7.445,75.010,12.555
yaw020_pitch+080,20,80,4.664,79.181,15.336
yaw020_pitch+085,20,85,0.039,85.632,19.961
yaw020_pitch+090,20,90,353.259,90.000,26.741
yaw025_pitch-090,25,-90,45.190,-88.221,20.190
yaw025_pitch-085,25,-85,43.383,-85.068,18.383
yaw025_pitch-080,25,-80,43.145,-81.041,18.145
yaw025_pitch-075,25,-75,40.683,-76.258,15.683
yaw025_pitch-070,25,-70,37.945,-61.358,12.945
yaw025_pitch-065,25,-65,37.054,-63.551,12.054
yaw025_pitch-060,25,-60,37.020,-52.241,12.020
yaw025_pitch-055,25,-55,36.847,-52.030,11.847
yaw025_pitch-050,25,-50,37.337,-46.865,12.337
yaw025_pitch-045,25,-45,36.761,-47.552,11.761
yaw025_pitch-040,25,-40,35.568,-48.903,10.568
yaw025_pitch-035,25,-35,35.185,-45.753,10.185
yaw025_pitch-030,25,-30,33.793,-42.999,8.793
yaw025_pitch-025,25,-25,33.427,-46.975,8.427
yaw025_pitch-020,25,-20,32.088,-46.608,7.088
yaw025_pitch-015,25,-15,30.058,-41.359,5.058
yaw025_pitch-010,25,-10,27.435,-32.990,2.435
yaw025_pitch-005,25,-5,25.187,-32.658,0.187
yaw025_pitch+000,25,0,24.453,-26.214,0.547
yaw025_pitch+005,25,5,28.038,-11.900,3.038
yaw025_pitch+010,25,10,30.746,-4.769,5.746
yaw025_pitch+015,25,15,31.317,1.129,6.317
yaw025_pitch+020,25,20,32.819,6.037,7.819
yaw025_pitch+025,25,25,30.934,12.033,5.934
yaw025_pitch+030,25,30,30.196,16.166,5.196
yaw025_pitch+035,25,35,26.421,20.279,1.421
yaw025_pitch+040,25,40,26.222,23.192,1.222
yaw025_pitch+045,25,45,21.345,30.834,3.655
yaw025_pitch+050,25,50,21.452,37.443,3.548
yaw025_pitch+055,25,55,18.458,48.023,6.542
yaw025_pitch+060,25,60,18.565,52.541,6.435
yaw025_pitch+065,25,65,13.130,59.051,11.870
yaw025_pitch+070,25,70,5.059,61.859,19.941
yaw025_pitch+075,25,75,4.491,71.304,20.509
yaw025_pitch+080,25,80,7.681,78.874,17.319
yaw025_pitch+085,25,85,7.197,88.096,17.803
yaw025_pitch+090,25,90,1.285,90.000,23.715
yaw030_pitch-090,30,-90,50.161,-86.401,20.161
yaw030_pitch-085,30,-85,49.988,-88.343,19.988
yaw030_pitch-080,30,-80,47.969,-84.016,17.969
yaw030_pitch-075,30,-75,45.713,-76.648,15.713
yaw030_pitch-070,30,-70,43.043,-64.624,13.043
yaw030_pitch-065,30,-65,40.733,-57.162,10.733
yaw030_pitch-060,30,-60,40.886,-55.560,10.886
yaw030_pitch-055,30,-55,41.510,-50.207,11.510
yaw030_pitch-050,30,-50,40.908,-48.456,10.908
yaw030_pitch-045,30,-45,40.194,-45.784,10.194
yaw030_pitch-040,30,-40,41.180,-43.110,11.180
yaw030_pitch-035,30,-35,39.663,-48.731,9.663
yaw030_pitch-030,30,-30,38.516,-47.913,8.516
yaw030_pitch-025,30,-25,38.252,-51.858,8.252
yaw030_pitch-020,30,-20,36.436,-51.177,6.436
yaw030_pitch-015,30,-15,34.547,-38.576,4.547
yaw030_pitch-010,30,-10,32.239,-38.311,2.239
yaw030_pitch-005,30,-5,29.603,-32.727,0.397
yaw030_pitch+000,30,0,28.059,-26.545,1.941
yaw030_pitch+005,30,5,27.711,-17.195,2.289
yaw030_pitch+010,30,10,31.720,-3.210,1.720
yaw030_pitch+015,30,15,30.420,1.175,0.420
yaw030_pitch+020,30,20,32.776,5.710,2.776
yaw030_pitch+025,30,25,33.004,11.078,3.004
yaw030_pitch+030,30,30,32.124,15.623,2.124
yaw030_pitch+035,30,35,27.766,20.229,2.234
yaw030_pitch+040,30,40,27.984,23.732,2.016
yaw030_pitch+045,30,45,25.048,32.912,4.952
yaw030_pitch+050,30,50,23.527,39.693,6.473
yaw030_pitch+055,30,55,23.109,49.463,6.891
yaw030_pitch+060,30,60,20.424,54.999,9.576
yaw030_pitch+065,30,65,11.260,58.961,18.740
yaw030_pitch+070,30,70,10.867,61.467,19.133
yaw030_pitch+075,30,75,9.708,73.054,20.292
yaw030_pitch+080,30,80,9.978,76.461,20.022
yaw030_pitch+085,30,85,13.297,87.098,16.703
yaw030_pitch+090,30,90,4.929,90.000,25.071
yaw035_pitch-090,35,-90,56.502,-82.765,21.502
yaw035_pitch-085,35,-85,53.902,-90.000,18.902
yaw035_pitch-080,35,-80,52.204,-85.068,17.204
yaw035_pitch-075,35,-75,49.908,-74.363,14.908
yaw035_pitch-070,35,-70,47.333,-65.989,12.333
yaw035_pitch-065,35,-65,47.762,-57.771,12.762
yaw035_pitch-060,35,-60,45.694,-57.148,10.694
yaw035_pitch-055,35,-55,45.368,-52.299,10.368
yaw035_pitch-050,35,-50,44.777,-49.919,9.777
yaw035_pitch-045,35,-45,44.071,-47.341,9.071
yaw035_pitch-040,35,-40,44.569,-43.554,9.569
yaw035_pitch-035,35,-35,43.305,-47.101,8.305
yaw035_pitch-030,35,-30,41.832,-46.310,6.832
yaw035_pitch-025,35,-25,41.212,-50.331,6.212
yaw035_pitch-020,35,-20,39.353,-48.937,4.353
yaw035_pitch-015,35,-15,38.449,-42.456,3.449
yaw035_pitch-010,35,-10,38.281,-35.595,3.281
yaw035_pitch-005,35,-5,37.163,-32.907,2.163
yaw035_pitch+000,35,0,32.836,-31.367,2.164
yaw035_pitch+005,35,5,30.861,-15.886,4.139
yaw035_pitch+010,35,10,30.786,-4.444,4.214
yaw035_pitch+015,35,15,30.049,-0.548,4.951
yaw035_pitch+020,35,20,32.198,3.852,2.802
yaw035_pitch+025,35,25,32.643,9.989,2.357
yaw035_pitch+030,35,30,33.263,16.354,1.737
yaw035_pitch+035,35,35,29.875,23.077,5.125
yaw035_pitch+040,35,40,29.117,25.678,5.883
yaw035_pitch+045,35,45,27.117,32.190,7.883
yaw035_pitch+050,35,50,28.234,39.660,6.766
yaw035_pitch+055,35,55,25.525,50.462,9.475
yaw035_pitch+060,35,60,22.562,53.595,12.438
yaw035_pitch+065,35,65,16.072,57.498,18.928
yaw035_pitch+070,35,70,12.126,60.071,22.874
yaw035_pitch+075,35,75,15.196,72.615,19.804
yaw035_pitch+080,35,80,13.463,78.551,21.537
yaw035_pitch+085,35,85,14.719,87.560,20.281
yaw035_pitch+090,35,90,7.144,90.000,27.856
yaw040_pitch-090,40,-90,59.391,-82.642,19.391
yaw040_pitch-085,40,-85,56.449,-86.306,16.449
yaw040_pitch-080,40,-80,55.469,-88.073,15.469
yaw040_pitch-075,40,-75,54.846,-76.165,14.846
yaw040_pitch-070,40,-70,52.523,-71.025,12.523
yaw040_pitch-065,40,-65,51.550,-65.016,11.550
yaw040_pitch-060,40,-60,49.432,-57.466,9.432
yaw040_pitch-055,40,-55,50.507,-50.024,10.507
yaw040_pitch-050,40,-50,50.557,-47.023,10.557
yaw040_pitch-045,40,-45,48.430,-48.610,8.430
yaw040_pitch-040,40,-40,47.069,-45.546,7.069
yaw040_pitch-035,40,-35,46.913,-48.823,6.913
yaw040_pitch-030,40,-30,45.531,-49.273,5.531
yaw040_pitch-025,40,-25,44.376,-49.743,4.376
yaw040_pitch-020,40,-20,43.320,-47.905,3.320
yaw040_pitch-015,40,-15,41.673,-42.265,1.673
yaw040_pitch-010,40,-10,42.415,-37.876,2.415
yaw040_pitch-005,40,-5,43.213,-29.299,3.213
yaw040_pitch+000,40,0,39.733,-31.530,0.267
yaw040_pitch+005,40,5,36.277,-16.531,3.723
yaw040_pitch+010,40,10,33.131,-8.400,6.869
yaw040_pitch+015,40,15,34.117,-2.571,5.883
yaw040_pitch+020,40,20,34.305,2.139,5.695
yaw040_pitch+025,40,25,34.256,7.862,5.744
yaw040_pitch+030,40,30,34.382,16.707,5.618
yaw040_pitch+035,40,35,33.017,21.982,6.983
yaw040_pitch+040,40,40,32.428,27.503,7.572
yaw040_pitch+045,40,45,31.913,30.763,8.087
yaw040_pitch+050,40,50,32.019,41.657,7.981
yaw040_pitch+055,40,55,29.407,48.729,10.593
yaw040_pitch+060,40,60,26.189,52.469,13.811
yaw040_pitch+065,40,65,21.442,55.435,18.558
yaw040_pitch+070,40,70,22.691,60.931,17.309
yaw040_pitch+075,40,75,20.631,72.383,19.369
yaw040_pitch+080,40,80,17.012,78.904,22.988
yaw040_pitch+085,40,85,20.168,87.636,19.832
yaw040_pitch+090,40,90,16.829,90.000,23.171
yaw045_pitch-090,45,-90,60.750,-76.371,15.750
yaw045_pitch-085,45,-85,59.128,-85.814,14.128
yaw045_pitch-080,45,-80,58.001,-87.856,13.001
yaw045_pitch-075,45,-75,57.840,-74.322,12.840
yaw045_pitch-070,45,-70,55.896,-68.174,10.896
yaw045_pitch-065,45,-65,54.741,-65.238,9.741
yaw045_pitch-060,45,-60,54.338,-52.947,9.338
yaw045_pitch-055,45,-55,53.471,-50.758,8.471
yaw045_pitch-050,45,-50,53.964,-48.450,8.964
yaw045_pitch-045,45,-45,52.067,-48.750,7.067
yaw045_pitch-040,45,-40,50.628,-43.957,5.628
yaw045_pitch-035,45,-35,50.321,-44.646,5.321
yaw045_pitch-030,45,-30,50.471,-42.808,5.471
yaw045_pitch-025,45,-25,49.328,-43.812,4.328
yaw045_pitch-020,45,-20,47.714,-45.900,2.714
yaw045_pitch-015,45,-15,47.578,-43.230,2.578
yaw045_pitch-010,45,-10,46.276,-38.719,1.276
yaw045_pitch-005,45,-5,47.214,-35.085,2.214
yaw045_pitch+000,45,0,44.959,-31.568,0.041
yaw045_pitch+005,45,5,40.397,-18.871,4.603
yaw045_pitch+010,45,10,37.457,-6.890,7.543
yaw045_pitch+015,45,15,35.685,-2.007,9.315
yaw045_pitch+020,45,20,36.587,1.762,8.413
yaw045_pitch+025,45,25,37.889,7.738,7.111
yaw045_pitch+030,45,30,36.669,15.015,8.331
yaw045_pitch+035,45,35,35.877,21.352,9.123
yaw045_pitch+040,45,40,35.861,26.340,9.139
yaw045_pitch+045,45,45,34.833,32.311,10.167
yaw045_pitch+050,45,50,36.221,41.074,8.779
yaw045_pitch+055,45,55,35.194,54.164,9.806
yaw045_pitch+060,45,60,31.834,55.664,13.166
yaw045_pitch+065,45,65,27.992,57.221,17.008
yaw045_pitch+070,45,70,27.401,60.330,17.599
yaw045_pitch+075,45,75,27.927,71.864,17.073
yaw045_pitch+080,45,80,24.897,79.587,20.103
yaw045_pitch+085,45,85,23.978,88.510,21.022
yaw045_pitch+090,45,90,24.377,90.000,20.623
yaw050_pitch-090,50,-90,66.222,-81.568,16.222
yaw050_pitch-085,50,-85,63.985,-85.216,13.985
yaw050_pitch-080,50,-80,63.450,-88.050,13.450
yaw050_pitch-075,50,-75,61.883,-80.238,11.883
yaw050_pitch-070,50,-70,60.480,-70.213,10.480
yaw050_pitch-065,50,-65,58.386,-63.421,8.386
yaw050_pitch-060,50,-60,57.396,-55.994,7.396
yaw050_pitch-055,50,-55,59.863,-50.010,9.863
yaw050_pitch-050,50,-50,57.733,-49.211,7.733
yaw050_pitch-045,50,-45,56.584,-45.757,6.584
yaw050_pitch-040,50,-40,54.136,-44.827,4.136
yaw050_pitch-035,50,-35,53.779,-43.055,3.779
yaw050_pitch-030,50,-30,54.341,-40.075,4.341
yaw050_pitch-025,50,-25,54.951,-38.103,4.951
yaw050_pitch-020,50,-20,53.958,-41.576,3.958
yaw050_pitch-015,50,-15,51.513,-44.872,1.513
yaw050_pitch-010,50,-10,50.128,-37.947,0.128
yaw050_pitch-005,50,-5,50.047,-33.519,0.047
yaw050_pitch+000,50,0,48.286,-29.771,1.714
yaw050_pitch+005,50,5,44.629,-17.788,5.371
yaw050_pitch+010,50,10,41.786,-8.045,8.214
yaw050_pitch+015,50,15,40.376,-1.567,9.624
yaw050_pitch+020,50,20,39.458,0.555,10.542
yaw050_pitch+025,50,25,40.960,5.737,9.040
yaw050_pitch+030,50,30,39.817,15.555,10.183
yaw050_pitch+035,50,35,38.883,23.243,11.117
yaw050_pitch+040,50,40,37.723,27.033,12.277
yaw050_pitch+045,50,45,37.575,31.787,12.425
yaw050_pitch+050,50,50,39.968,43.150,10.032
yaw050_pitch+055,50,55,37.255,50.343,12.745
yaw050_pitch+060,50,60,34.395,53.645,15.605
yaw050_pitch+065,50,65,31.426,56.549,18.574
yaw050_pitch+070,50,70,31.564,59.911,18.436
yaw050_pitch+075,50,75,33.053,71.188,16.947
yaw050_pitch+080,50,80,28.727,76.951,21.273
yaw050_pitch+085,50,85,30.354,87.835,19.646
yaw050_pitch+090,50,90,26.373,90.000,23.627
yaw055_pitch-090,55,-90,76.434,-74.540,21.434
yaw055_pitch-085,55,-85,70.414,-87.517,15.414
yaw055_pitch-080,55,-80,66.217,-89.837,11.217
yaw055_pitch-075,55,-75,63.468,-77.679,8.468
yaw055_pitch-070,55,-70,61.743,-73.204,6.743
yaw055_pitch-065,55,-65,62.309,-61.124,7.309
yaw055_pitch-060,55,-60,63.115,-56.886,8.115
yaw055_pitch-055,55,-55,64.681,-47.775,9.681
yaw055_pitch-050,55,-50,62.313,-47.438,7.313
yaw055_pitch-045,55,-45,62.142,-42.551,7.142
yaw055_pitch-040,55,-40,60.982,-41.159,5.982
yaw055_pitch-035,55,-35,59.791,-39.285,4.791
yaw055_pitch-030,55,-30,59.239,-39.240,4.239
yaw055_pitch-025,55,-25,59.069,-36.741,4.069
yaw055_pitch-020,55,-20,58.560,-38.455,3.560
yaw055_pitch-015,55,-15,55.055,-42.754,0.055
yaw055_pitch-010,55,-10,53.663,-39.724,1.337
yaw055_pitch-005,55,-5,53.428,-31.064,1.572
yaw055_pitch+000,55,0,51.479,-28.768,3.521
yaw055_pitch+005,55,5,48.794,-17.488,6.206
yaw055_pitch+010,55,10,48.011,-6.871,6.989
yaw055_pitch+015,55,15,46.489,-1.373,8.511
yaw055_pitch+020,55,20,44.148,0.476,10.852
yaw055_pitch+025,55,25,45.846,6.229,9.154
yaw055_pitch+030,55,30,43.122,15.810,11.878
yaw055_pitch+035,55,35,40.929,21.961,14.071
yaw055_pitch+040,55,40,38.372,27.569,16.628
yaw055_pitch+045,55,45,39.228,33.789,15.772
yaw055_pitch+050,55,50,42.502,42.907,12.498
yaw055_pitch+055,55,55,40.905,51.677,14.095
yaw055_pitch+060,55,60,36.048,51.187,18.952
yaw055_pitch+065,55,65,34.199,52.314,20.801
yaw055_pitch+070,55,70,37.001,59.041,17.999
yaw055_pitch+075,55,75,35.694,69.479,19.306
yaw055_pitch+080,55,80,34.476,77.379,20.524
yaw055_pitch+085,55,85,35.738,87.932,19.262
yaw055_pitch+090,55,90,35.567,90.000,19.433
yaw060_pitch-090,60,-90,80.129,-77.131,20.129
yaw060_pitch-085,60,-85,74.555,-82.527,14.555
yaw060_pitch-080,60,-80,71.221,-88.479,11.221
yaw060_pitch-075,60,-75,67.678,-82.085,7.678
yaw060_pitch-070,60,-70,67.597,-66.907,7.597
yaw060_pitch-065,60,-65,66.684,-58.973,6.684
yaw060_pitch-060,60,-60,66.857,-55.179,6.857
yaw060_pitch-055,60,-55,67.644,-52.150,7.644
yaw060_pitch-050,60,-50,67.554,-46.196,7.554
yaw060_pitch-045,60,-45,65.270,-45.308,5.270
yaw060_pitch-040,60,-40,63.559,-43.310,3.559
yaw060_pitch-035,60,-35,61.729,-41.751,1.729
yaw060_pitch-030,60,-30,60.975,-41.448,0.975
yaw060_pitch-025,60,-25,60.738,-40.549,0.738
yaw060_pitch-020,60,-20,59.777,-39.427,0.223
yaw060_pitch-015,60,-15,60.292,-37.874,0.292
yaw060_pitch-010,60,-10,58.049,-36.177,1.951
yaw060_pitch-005,60,-5,57.204,-30.894,2.796
yaw060_pitch+000,60,0,56.567,-23.574,3.433
yaw060_pitch+005,60,5,55.807,-16.146,4.193
yaw060_pitch+010,60,10,54.498,-3.891,5.502
yaw060_pitch+015,60,15,53.986,-1.075,6.014
yaw060_pitch+020,60,20,51.597,0.882,8.403
yaw060_pitch+025,60,25,50.075,5.252,9.925
yaw060_pitch+030,60,30,46.728,13.743,13.272
yaw060_pitch+035,60,35,43.404,23.464,16.596
yaw060_pitch+040,60,40,40.566,28.062,19.434
yaw060_pitch+045,60,45,42.217,33.645,17.783
yaw060_pitch+050,60,50,46.173,42.924,13.827
yaw060_pitch+055,60,55,43.807,52.991,16.193
yaw060_pitch+060,60,60,39.831,44.766,20.169
yaw060_pitch+065,60,65,40.254,53.363,19.746
yaw060_pitch+070,60,70,39.501,56.516,20.499
yaw060_pitch+075,60,75,40.116,67.018,19.884
yaw060_pitch+080,60,80,40.814,78.558,19.186
yaw060_pitch+085,60,85,41.618,88.472,18.382
yaw060_pitch+090,60,90,43.294,90.000,16.706
yaw065_pitch-090,65,-90,82.096,-77.908,17.096
yaw065_pitch-085,65,-85,80.045,-85.273,15.045
yaw065_pitch-080,65,-80,76.992,-90.000,11.992
yaw065_pitch-075,65,-75,73.810,-83.602,8.810
yaw065_pitch-070,65,-70,76.996,-67.064,11.996
yaw065_pitch-065,65,-65,71.864,-58.657,6.864
yaw065_pitch-060,65,-60,71.179,-52.615,6.179
yaw065_pitch-055,65,-55,69.993,-52.197,4.993
yaw065_pitch-050,65,-50,70.235,-48.038,5.235
yaw065_pitch-045,65,-45,69.149,-47.250,4.149
yaw065_pitch-040,65,-40,68.553,-43.139,3.553
yaw065_pitch-035,65,-35,67.496,-41.073,2.496
yaw065_pitch-030,65,-30,69.826,-39.825,4.826
yaw065_pitch-025,65,-25,67.621,-37.802,2.621
yaw065_pitch-020,65,-20,63.669,-38.107,1.331
yaw065_pitch-015,65,-15,60.672,-38.829,4.328
yaw065_pitch-010,65,-10,61.575,-34.243,3.425
yaw065_pitch-005,65,-5,59.403,-32.446,5.597
yaw065_pitch+000,65,0,58.481,-27.493,6.519
yaw065_pitch+005,65,5,60.385,-13.447,4.615
yaw065_pitch+010,65,10,59.991,-0.508,5.009
yaw065_pitch+015,65,15,58.495,1.918,6.505
yaw065_pitch+020,65,20,55.586,3.445,9.414
yaw065_pitch+025,65,25,54.580,4.424,10.420
yaw065_pitch+030,65,30,52.554,13.725,12.446
yaw065_pitch+035,65,35,49.477,23.643,15.523
yaw065_pitch+040,65,40,45.271,25.794,19.729
yaw065_pitch+045,65,45,48.435,33.693,16.565
yaw065_pitch+050,65,50,49.176,39.735,15.824
yaw065_pitch+055,65,55,47.852,41.651,17.148
yaw065_pitch+060,65,60,43.356,46.373,21.644
yaw065_pitch+065,65,65,45.553,53.722,19.447
yaw065_pitch+070,65,70,46.020,58.438,18.980
yaw065_pitch+075,65,75,46.363,70.468,18.637
yaw065_pitch+080,65,80,46.912,76.229,18.088
yaw065_pitch+085,65,85,49.456,85.158,15.544
yaw065_pitch+090,65,90,51.505,90.000,13.495
yaw070_pitch-090,70,-90,89.625,-82.947,19.625
yaw070_pitch-085,70,-85,85.126,-81.644,15.126
yaw070_pitch-080,70,-80,81.972,-90.000,11.972
yaw070_pitch-075,70,-75,80.611,-83.542,10.611
yaw070_pitch-070,70,-70,80.074,-65.211,10.074
yaw070_pitch-065,70,-65,76.378,-59.605,6.378
yaw070_pitch-060,70,-60,75.185,-56.469,5.185
yaw070_pitch-055,70,-55,77.607,-54.795,7.607
yaw070_pitch-050,70,-50,74.064,-48.109,4.064
yaw070_pitch-045,70,-45,77.280,-45.860,7.280
yaw070_pitch-040,70,-40,74.679,-42.384,4.679
yaw070_pitch-035,70,-35,72.311,-42.392,2.311
yaw070_pitch-030,70,-30,71.546,-41.436,1.546
yaw070_pitch-025,70,-25,70.366,-36.671,0.366
yaw070_pitch-020,70,-20,66.897,-36.657,3.103
yaw070_pitch-015,70,-15,62.996,-36.207,7.004
yaw070_pitch-010,70,-10,65.561,-34.283,4.439
yaw070_pitch-005,70,-5,66.847,-31.503,3.153
yaw070_pitch+000,70,0,61.718,-27.293,8.282
yaw070_pitch+005,70,5,63.957,-13.753,6.043
yaw070_pitch+010,70,10,66.004,-1.320,3.996
yaw070_pitch+015,70,15,63.182,1.111,6.818
yaw070_pitch+020,70,20,60.948,5.465,9.052
yaw070_pitch+025,70,25,59.983,5.123,10.017
yaw070_pitch+030,70,30,57.838,13.524,12.162
yaw070_pitch+035,70,35,53.942,23.164,16.058
yaw070_pitch+040,70,40,51.314,27.067,18.686
yaw070_pitch+045,70,45,53.594,31.716,16.406
yaw070_pitch+050,70,50,53.747,37.835,16.253
yaw070_pitch+055,70,55,53.451,38.754,16.549
yaw070_pitch+060,70,60,47.456,44.188,22.544
yaw070_pitch+065,70,65,50.741,49.594,19.259
yaw070_pitch+070,70,70,50.894,54.711,19.106
yaw070_pitch+075,70,75,51.389,67.862,18.611
yaw070_pitch+080,70,80,51.513,72.386,18.487
yaw070_pitch+085,70,85,54.270,81.837,15.730
yaw070_pitch+090,70,90,57.183,88.312,12.817
yaw075_pitch-090,75,-90,93.292,-87.641,18.292
yaw075_pitch-085,75,-85,87.761,-81.134,12.761
yaw075_pitch-080,75,-80,83.811,-83.721,8.811
yaw075_pitch-075,75,-75,82.929,-77.465,7.929
yaw075_pitch-070,75,-70,83.258,-67.701,8.258
yaw075_pitch-065,75,-65,82.422,-60.445,7.422
yaw075_pitch-060,75,-60,83.161,-55.698,8.161
yaw075_pitch-055,75,-55,84.405,-50.211,9.405
yaw075_pitch-050,75,-50,83.397,-48.018,8.397
yaw075_pitch-045,75,-45,82.840,-44.617,7.840
yaw075_pitch-040,75,-40,79.489,-42.971,4.489
yaw075_pitch-035,75,-35,79.213,-41.945,4.213
yaw075_pitch-030,75,-30,78.666,-39.464,3.666
yaw075_pitch-025,75,-25,75.915,-37.382,0.915
yaw075_pitch-020,75,-20,70.610,-38.617,4.390
yaw075_pitch-015,75,-15,66.687,-36.528,8.313
yaw075_pitch-010,75,-10,66.911,-32.885,8.089
yaw075_pitch-005,75,-5,66.937,-30.373,8.063
yaw075_pitch+000,75,0,65.644,-27.860,9.356
yaw075_pitch+005,75,5,66.048,-13.051,8.952
yaw075_pitch+010,75,10,69.536,-1.123,5.464
yaw075_pitch+015,75,15,69.134,3.562,5.866
yaw075_pitch+020,75,20,69.103,5.321,5.897
yaw075_pitch+025,75,25,63.342,7.035,11.658
yaw075_pitch+030,75,30,62.612,10.719,12.388
yaw075_pitch+035,75,35,62.308,22.815,12.692
yaw075_pitch+040,75,40,58.694,26.908,16.306
yaw075_pitch+045,75,45,59.613,30.376,15.387
yaw075_pitch+050,75,50,58.894,34.381,16.106
yaw075_pitch+055,75,55,58.766,36.885,16.234
yaw075_pitch+060,75,60,54.935,44.175,20.065
yaw075_pitch+065,75,65,58.793,47.475,16.207
yaw075_pitch+070,75,70,57.786,56.895,17.214
yaw075_pitch+075,75,75,57.659,64.334,17.341
yaw075_pitch+080,75,80,58.592,71.833,16.408
yaw075_pitch+085,75,85,58.061,80.897,16.939
yaw075_pitch+090,75,90,60.733,89.931,14.267
yaw080_pitch-090,80,-90,92.236,-78.606,12.236
yaw080_pitch-085,80,-85,90.003,-83.864,10.003
yaw080_pitch-080,80,-80,89.003,-79.438,9.003
yaw080_pitch-075,80,-75,85.078,-79.339,5.078
yaw080_pitch-070,80,-70,88.654,-64.029,8.654
yaw080_pitch-065,80,-65,87.424,-61.048,7.424
yaw080_pitch-060,80,-60,87.761,-55.568,7.761
yaw080_pitch-055,80,-55,89.199,-48.862,9.199
yaw080_pitch-050,80,-50,86.669,-48.107,6.669
yaw080_pitch-045,80,-45,84.128,-45.855,4.128
yaw080_pitch-040,80,-40,84.673,-40.550,4.673
yaw080_pitch-035,80,-35,83.501,-40.691,3.501
yaw080_pitch-030,80,-30,81.229,-41.403,1.229
yaw080_pitch-025,80,-25,80.906,-35.749,0.906
yaw080_pitch-020,80,-20,75.491,-36.898,4.509
yaw080_pitch-015,80,-15,70.709,-38.072,9.291
yaw080_pitch-010,80,-10,72.005,-35.569,7.995
yaw080_pitch-005,80,-5,69.183,-31.661,10.817
yaw080_pitch+000,80,0,70.386,-28.082,9.614
yaw080_pitch+005,80,5,72.758,-13.088,7.242
yaw080_pitch+010,80,10,78.172,-4.330,1.828
yaw080_pitch+015,80,15,75.064,4.868,4.936
yaw080_pitch+020,80,20,74.368,8.204,5.632
yaw080_pitch+025,80,25,71.275,9.418,8.725
yaw080_pitch+030,80,30,70.423,15.260,9.577
yaw080_pitch+035,80,35,66.456,19.228,13.544
yaw080_pitch+040,80,40,65.801,23.796,14.199
yaw080_pitch+045,80,45,67.968,26.762,12.032
yaw080_pitch+050,80,50,66.822,32.498,13.178
yaw080_pitch+055,80,55,63.723,35.927,16.277
yaw080_pitch+060,80,60,65.154,44.100,14.846
yaw080_pitch+065,80,65,66.552,50.747,13.448
yaw080_pitch+070,80,70,66.522,55.133,13.478
yaw080_pitch+075,80,75,66.561,64.178,13.439
yaw080_pitch+080,80,80,66.015,70.599,13.985
yaw080_pitch+085,80,85,63.169,79.635,16.831
yaw080_pitch+090,80,90,63.456,90.000,16.544
yaw085_pitch-090,85,-90,97.175,-84.111,12.175
yaw085_pitch-085,85,-85,97.992,-82.966,12.992
yaw085_pitch-080,85,-80,95.475,-77.761,10.475
yaw085_pitch-075,85,-75,94.934,-75.238,9.934
yaw085_pitch-070,85,-70,97.342,-65.775,12.342
yaw085_pitch-065,85,-65,95.225,-57.060,10.225
yaw085_pitch-060,85,-60,92.507,-53.810,7.507
yaw085_pitch-055,85,-55,95.933,-47.472,10.933
yaw085_pitch-050,85,-50,91.740,-46.275,6.740
yaw085_pitch-045,85,-45,89.281,-45.523,4.281
yaw085_pitch-040,85,-40,88.830,-43.281,3.830
yaw085_pitch-035,85,-35,86.861,-42.906,1.861
yaw085_pitch-030,85,-30,86.833,-39.932,1.833
yaw085_pitch-025,85,-25,86.165,-39.413,1.165
yaw085_pitch-020,85,-20,85.617,-37.444,0.617
yaw085_pitch-015,85,-15,76.379,-37.347,8.621
yaw085_pitch-010,85,-10,74.663,-34.133,10.337
yaw085_pitch-005,85,-5,74.746,-29.291,10.254
yaw085_pitch+000,85,0,74.768,-26.799,10.232
yaw085_pitch+005,85,5,75.894,-11.922,9.106
yaw085_pitch+010,85,10,78.118,-0.566,6.882
yaw085_pitch+015,85,15,78.769,3.243,6.231
yaw085_pitch+020,85,20,72.779,7.163,12.221
yaw085_pitch+025,85,25,75.332,12.492,9.668
yaw085_pitch+030,85,30,72.571,14.184,12.429
yaw085_pitch+035,85,35,73.934,20.239,11.066
yaw085_pitch+040,85,40,72.178,23.247,12.822
yaw085_pitch+045,85,45,72.773,25.283,12.227
yaw085_pitch+050,85,50,72.621,35.583,12.379
yaw085_pitch+055,85,55,71.728,36.865,13.272
yaw085_pitch+060,85,60,73.465,43.189,11.535
yaw085_pitch+065,85,65,73.287,46.507,11.713
yaw085_pitch+070,85,70,75.830,55.922,9.170
yaw085_pitch+075,85,75,74.678,65.822,10.322
yaw085_pitch+080,85,80,73.715,72.738,11.285
yaw085_pitch+085,85,85,69.385,78.657,15.615
yaw085_pitch+090,85,90,70.473,90.000,14.527
yaw090_pitch-090,90,-90,96.280,-80.720,6.280
yaw090_pitch-085,90,-85,101.738,-80.171,11.738
yaw090_pitch-080,90,-80,102.730,-79.244,12.730
yaw090_pitch-075,90,-75,103.553,-74.415,13.553
yaw090_pitch-070,90,-70,105.782,-70.402,15.782
yaw090_pitch-065,90,-65,101.339,-61.954,11.339
yaw090_pitch-060,90,-60,103.333,-53.921,13.333
yaw090_pitch-055,90,-55,99.809,-48.858,9.809
yaw090_pitch-050,90,-50,97.359,-47.569,7.359
yaw090_pitch-045,90,-45,96.000,-43.260,6.000
yaw090_pitch-040,90,-40,94.151,-44.736,4.151
yaw090_pitch-035,90,-35,95.129,-42.868,5.129
yaw090_pitch-030,90,-30,92.532,-40.997,2.532
yaw090_pitch-025,90,-25,90.534,-38.889,0.534
yaw090_pitch-020,90,-20,89.314,-40.326,0.686
yaw090_pitch-015,90,-15,84.360,-38.354,5.640
yaw090_pitch-010,90,-10,83.542,-33.864,6.458
yaw090_pitch-005,90,-5,79.955,-32.189,10.045
yaw090_pitch+000,90,0,78.567,-24.527,11.433
yaw090_pitch+005,90,5,74.680,-10.246,15.320
yaw090_pitch+010,90,10,76.031,-0.096,13.969
yaw090_pitch+015,90,15,78.155,7.889,11.845
yaw090_pitch+020,90,20,75.928,6.695,14.072
yaw090_pitch+025,90,25,74.072,12.765,15.928
yaw090_pitch+030,90,30,75.877,16.326,14.123
yaw090_pitch+035,90,35,75.567,19.467,14.433
yaw090_pitch+040,90,40,75.801,23.382,14.199
yaw090_pitch+045,90,45,73.707,25.440,16.293
yaw090_pitch+050,90,50,72.186,32.019,17.814
yaw090_pitch+055,90,55,75.131,36.229,14.869
yaw090_pitch+060,90,60,76.180,40.919,13.820
yaw090_pitch+065,90,65,79.504,47.096,10.496
yaw090_pitch+070,90,70,79.238,57.829,10.762
yaw090_pitch+075,90,75,80.666,69.184,9.334
yaw090_pitch+080,90,80,78.773,73.253,11.227
yaw090_pitch+085,90,85,76.539,79.601,13.461
yaw090_pitch+090,90,90,78.395,90.000,11.605
yaw095_pitch-090,95,-90,99.942,-79.638,4.942
yaw095_pitch-085,95,-85,101.786,-79.560,6.786
yaw095_pitch-080,95,-80,108.021,-74.296,13.021
yaw095_pitch-075,95,-75,107.540,-73.447,12.540
yaw095_pitch-070,95,-70,109.592,-65.794,14.592
yaw095_pitch-065,95,-65,107.195,-61.413,12.195
yaw095_pitch-060,95,-60,105.257,-51.162,10.257
yaw095_pitch-055,95,-55,104.106,-47.128,9.106
yaw095_pitch-050,95,-50,103.360,-46.705,8.360
yaw095_pitch-045,95,-45,102.289,-45.147,7.289
yaw095_pitch-040,95,-40,102.912,-43.336,7.912
yaw095_pitch-035,95,-35,102.852,-40.630,7.852
yaw095_pitch-030,95,-30,100.011,-41.492,5.011
yaw095_pitch-025,95,-25,96.077,-41.540,1.077
yaw095_pitch-020,95,-20,97.555,-40.870,2.555
yaw095_pitch-015,95,-15,92.827,-37.857,2.173
yaw095_pitch-010,95,-10,84.880,-35.922,10.120
yaw095_pitch-005,95,-5,82.470,-32.112,12.530
yaw095_pitch+000,95,0,78.108,-26.138,16.892
yaw095_pitch+005,95,5,75.686,-9.323,19.314
yaw095_pitch+010,95,10,75.164,1.678,19.836
yaw095_pitch+015,95,15,75.915,6.160,19.085
yaw095_pitch+020,95,20,76.437,8.020,18.563
yaw095_pitch+025,95,25,77.150,13.413,17.850
yaw095_pitch+030,95,30,79.046,11.474,15.954
yaw095_pitch+035,95,35,78.543,17.026,16.457
yaw095_pitch+040,95,40,80.058,18.497,14.942
yaw095_pitch+045,95,45,77.450,25.335,17.550
yaw095_pitch+050,95,50,78.751,32.525,16.249
yaw095_pitch+055,95,55,80.061,36.120,14.939
yaw095_pitch+060,95,60,82.486,47.394,12.514
yaw095_pitch+065,95,65,80.671,47.131,14.329
yaw095_pitch+070,95,70,81.396,59.774,13.604
yaw095_pitch+075,95,75,87.224,69.281,7.776
yaw095_pitch+080,95,80,89.361,74.938,5.639
yaw095_pitch+085,95,85,84.731,79.928,10.269
yaw095_pitch+090,95,90,82.259,87.577,12.741
yaw100_pitch-090,100,-90,107.256,-73.792,7.256
yaw100_pitch-085,100,-85,107.427,-81.124,7.427
yaw100_pitch-080,100,-80,111.290,-77.842,11.290
yaw100_pitch-075,100,-75,111.013,-72.600,11.013
yaw100_pitch-070,100,-70,111.789,-69.228,11.789
yaw100_pitch-065,100,-65,111.001,-58.199,11.001
yaw100_pitch-060,100,-60,112.159,-54.689,12.159
yaw100_pitch-055,100,-55,110.427,-48.513,10.427
yaw100_pitch-050,100,-50,110.036,-47.009,10.036
yaw100_pitch-045,100,-45,109.815,-44.939,9.815
yaw100_pitch-040,100,-40,108.769,-44.722,8.769
yaw100_pitch-035,100,-35,111.922,-44.267,11.922
yaw100_pitch-030,100,-30,112.252,-43.853,12.252
yaw100_pitch-025,100,-25,105.171,-41.987,5.171
yaw100_pitch-020,100,-20,105.367,-40.237,5.367
yaw100_pitch-015,100,-15,92.925,-39.909,7.075
yaw100_pitch-010,100,-10,87.776,-36.022,12.224
yaw100_pitch-005,100,-5,81.649,-32.855,18.351
yaw100_pitch+000,100,0,79.748,-25.815,20.252
yaw100_pitch+005,100,5,75.511,-12.282,24.489
yaw100_pitch+010,100,10,78.482,-1.107,21.518
yaw100_pitch+015,100,15,80.066,6.035,19.934
yaw100_pitch+020,100,20,80.361,7.513,19.639
yaw100_pitch+025,100,25,83.253,10.435,16.747
yaw100_pitch+030,100,30,86.286,11.825,13.714
yaw100_pitch+035,100,35,88.469,12.659,11.531
yaw100_pitch+040,100,40,84.530,18.478,15.470
yaw100_pitch+045,100,45,86.004,22.981,13.996
yaw100_pitch+050,100,50,85.327,29.095,14.673
yaw100_pitch+055,100,55,86.832,36.398,13.168
yaw100_pitch+060,100,60,85.698,42.692,14.302
yaw100_pitch+065,100,65,88.269,48.774,11.731
yaw100_pitch+070,100,70,89.980,62.778,10.020
yaw100_pitch+075,100,75,94.661,68.502,5.339
yaw100_pitch+080,100,80,92.066,75.202,7.934
yaw100_pitch+085,100,85,93.054,79.787,6.946
yaw100_pitch+090,100,90,88.156,86.284,11.844
yaw105_pitch-090,105,-90,111.589,-77.824,6.589
yaw105_pitch-085,105,-85,112.914,-81.038,7.914
yaw105_pitch-080,105,-80,115.684,-77.120,10.684
yaw105_pitch-075,105,-75,118.613,-75.059,13.613
yaw105_pitch-070,105,-70,117.594,-68.387,12.594
yaw105_pitch-065,105,-65,119.562,-58.274,14.562
yaw105_pitch-060,105,-60,116.556,-53.986,11.556
yaw105_pitch-055,105,-55,116.043,-48.283,11.043
yaw105_pitch-050,105,-50,114.645,-44.806,9.645
yaw105_pitch-045,105,-45,117.004,-45.989,12.004
yaw105_pitch-040,105,-40,116.334,-45.744,11.334
yaw105_pitch-035,105,-35,117.518,-46.251,12.518
yaw105_pitch-030,105,-30,118.823,-44.428,13.823
yaw105_pitch-025,105,-25,116.360,-42.883,11.360
yaw105_pitch-020,105,-20,110.224,-41.324,5.224
yaw105_pitch-015,105,-15,102.371,-41.266,2.629
yaw105_pitch-010,105,-10,94.578,-37.276,10.422
yaw105_pitch-005,105,-5,85.159,-33.616,19.841
yaw105_pitch+000,105,0,82.414,-27.447,22.586
yaw105_pitch+005,105,5,79.720,-15.439,25.280
yaw105_pitch+010,105,10,82.257,-3.597,22.743
yaw105_pitch+015,105,15,87.122,3.461,17.878
yaw105_pitch+020,105,20,89.204,4.770,15.796
yaw105_pitch+025,105,25,89.912,8.104,15.088
yaw105_pitch+030,105,30,95.300,7.319,9.700
yaw105_pitch+035,105,35,94.351,12.341,10.649
yaw105_pitch+040,105,40,91.565,17.112,13.435
yaw105_pitch+045,105,45,91.926,23.284,13.074
yaw105_pitch+050,105,50,95.665,28.753,9.335
yaw105_pitch+055,105,55,94.558,34.919,10.442
yaw105_pitch+060,105,60,95.102,42.818,9.898
yaw105_pitch+065,105,65,96.364,51.153,8.636
yaw105_pitch+070,105,70,92.452,56.914,12.548
yaw105_pitch+075,105,75,95.249,67.363,9.751
yaw105_pitch+080,105,80,94.212,74.655,10.788
yaw105_pitch+085,105,85,97.080,80.782,7.920
yaw105_pitch+090,105,90,103.062,87.789,1.938
yaw110_pitch-090,110,-90,114.650,-75.236,4.650
yaw110_pitch-085,110,-85,116.762,-78.706,6.762
yaw110_pitch-080,110,-80,119.649,-75.778,9.649
yaw110_pitch-075,110,-75,122.584,-72.313,12.584
yaw110_pitch-070,110,-70,122.312,-66.343,12.312
yaw110_pitch-065,110,-65,122.896,-56.596,12.896
yaw110_pitch-060,110,-60,121.797,-52.273,11.797
yaw110_pitch-055,110,-55,119.714,-47.376,9.714
yaw110_pitch-050,110,-50,119.095,-44.373,9.095
yaw110_pitch-045,110,-45,116.997,-42.686,6.997
yaw110_pitch-040,110,-40,118.203,-46.051,8.203
yaw110_pitch-035,110,-35,119.366,-45.831,9.366
yaw110_pitch-030,110,-30,118.666,-45.118,8.666
yaw110_pitch-025,110,-25,118.706,-43.841,8.706
yaw110_pitch-020,110,-20,113.261,-44.606,3.261
yaw110_pitch-015,110,-15,102.892,-42.055,7.108
yaw110_pitch-010,110,-10,98.407,-39.704,11.593
yaw110_pitch-005,110,-5,92.227,-36.477,17.773
yaw110_pitch+000,110,0,89.062,-31.484,20.938
yaw110_pitch+005,110,5,87.278,-21.967,22.722
yaw110_pitch+010,110,10,89.526,-7.081,20.474
yaw110_pitch+015,110,15,94.984,0.756,15.016
yaw110_pitch+020,110,20,98.964,2.442,11.036
yaw110_pitch+025,110,25,102.861,6.641,7.139
yaw110_pitch+030,110,30,99.150,11.000,10.850
yaw110_pitch+035,110,35,102.949,13.801,7.051
yaw110_pitch+040,110,40,101.224,19.560,8.776
yaw110_pitch+045,110,45,100.376,23.411,9.624
yaw110_pitch+050,110,50,99.355,26.574,10.645
yaw110_pitch+055,110,55,103.527,33.938,6.473
yaw110_pitch+060,110,60,100.970,40.295,9.030
yaw110_pitch+065,110,65,98.497,47.575,11.503
yaw110_pitch+070,110,70,99.075,60.075,10.925
yaw110_pitch+075,110,75,99.412,70.465,10.588
yaw110_pitch+080,110,80,98.103,76.311,11.897
yaw110_pitch+085,110,85,99.121,82.978,10.879
yaw110_pitch+090,110,90,98.486,86.864,11.514
yaw115_pitch-090,115,-90,124.489,-72.204,9.489
yaw115_pitch-085,115,-85,125.312,-81.801,10.312
yaw115_pitch-080,115,-80,127.500,-72.475,12.500
yaw115_pitch-075,115,-75,128.412,-67.374,13.412
yaw115_pitch-070,115,-70,128.215,-60.449,13.215
yaw115_pitch-065,115,-65,126.505,-55.778,11.505
yaw115_pitch-060,115,-60,125.873,-52.028,10.873
yaw115_pitch-055,115,-55,123.747,-46.083,8.747
yaw115_pitch-050,115,-50,121.123,-43.001,6.123
yaw115_pitch-045,115,-45,121.151,-43.353,6.151
yaw115_pitch-040,115,-40,120.249,-44.336,5.249
yaw115_pitch-035,115,-35,122.032,-43.752,7.032
yaw115_pitch-030,115,-30,121.859,-42.357,6.859
yaw115_pitch-025,115,-25,119.340,-43.968,4.340
yaw115_pitch-020,115,-20,113.939,-44.347,1.061
yaw115_pitch-015,115,-15,104.793,-43.643,10.207
yaw115_pitch-010,115,-10,97.283,-41.425,17.717
yaw115_pitch-005,115,-5,91.683,-38.536,23.317
yaw115_pitch+000,115,0,90.780,-35.794,24.220
yaw115_pitch+005,115,5,92.423,-26.953,22.577
yaw115_pitch+010,115,10,98.454,-10.804,16.546
yaw115_pitch+015,115,15,104.473,-1.275,10.527
yaw115_pitch+020,115,20,106.663,4.040,8.337
yaw115_pitch+025,115,25,110.250,8.376,4.750
yaw115_pitch+030,115,30,109.522,12.140,5.478
yaw115_pitch+035,115,35,108.543,18.035,6.457
yaw115_pitch+040,115,40,108.546,21.214,6.454
yaw115_pitch+045,115,45,107.584,23.707,7.416
yaw115_pitch+050,115,50,108.458,27.147,6.542
yaw115_pitch+055,115,55,111.306,31.645,3.694
yaw115_pitch+060,115,60,108.821,37.034,6.179
yaw115_pitch+065,115,65,105.338,49.383,9.662
yaw115_pitch+070,115,70,103.310,61.823,11.690
yaw115_pitch+075,115,75,102.495,69.989,12.505
yaw115_pitch+080,115,80,100.330,76.460,14.670
yaw115_pitch+085,115,85,100.306,83.963,14.694
yaw115_pitch+090,115,90,104.892,89.176,10.108
yaw120_pitch-090,120,-90,128.709,-76.102,8.709
yaw120_pitch-085,120,-85,124.967,-78.550,4.967
yaw120_pitch-080,120,-80,123.276,-71.075,3.276
yaw120_pitch-075,120,-75,123.698,-71.013,3.698
yaw120_pitch-070,120,-70,128.131,-60.211,8.131
yaw120_pitch-065,120,-65,128.766,-55.818,8.766
yaw120_pitch-060,120,-60,126.041,-49.396,6.041
yaw120_pitch-055,120,-55,123.306,-46.375,3.306
yaw120_pitch-050,120,-50,124.538,-41.186,4.538
yaw120_pitch-045,120,-45,124.168,-41.350,4.168
yaw120_pitch-040,120,-40,123.744,-43.931,3.744
yaw120_pitch-035,120,-35,123.911,-43.791,3.911
yaw120_pitch-030,120,-30,122.309,-42.176,2.309
yaw120_pitch-025,120,-25,117.096,-42.618,2.904
yaw120_pitch-020,120,-20,109.734,-42.645,10.266
yaw120_pitch-015,120,-15,105.384,-41.030,14.616
yaw120_pitch-010,120,-10,100.390,-39.796,19.610
yaw120_pitch-005,120,-5,97.162,-37.304,22.838
yaw120_pitch+000,120,0,96.151,-37.789,23.849
yaw120_pitch+005,120,5,99.150,-27.525,20.850
yaw120_pitch+010,120,10,107.768,-12.853,12.232
yaw120_pitch+015,120,15,109.715,-2.386,10.285
yaw120_pitch+020,120,20,110.589,1.828,9.411
yaw120_pitch+025,120,25,111.040,9.295,8.960
yaw120_pitch+030,120,30,112.354,16.008,7.646
yaw120_pitch+035,120,35,113.445,20.610,6.555
yaw120_pitch+040,120,40,112.717,22.538,7.283
yaw120_pitch+045,120,45,115.251,26.237,4.749
yaw120_pitch+050,120,50,115.696,27.673,4.304
yaw120_pitch+055,120,55,114.536,32.650,5.464
yaw120_pitch+060,120,60,114.285,39.609,5.715
yaw120_pitch+065,120,65,109.170,49.299,10.830
yaw120_pitch+070,120,70,105.500,59.863,14.500
yaw120_pitch+075,120,75,104.066,67.040,15.934
yaw120_pitch+080,120,80,103.741,73.900,16.259
yaw120_pitch+085,120,85,105.933,82.429,14.067
yaw120_pitch+090,120,90,110.379,87.560,9.621
yaw125_pitch-090,125,-90,131.389,-75.514,6.389
yaw125_pitch-085,125,-85,126.011,-78.694,1.011
yaw125_pitch-080,125,-80,126.570,-70.420,1.570
yaw125_pitch-075,125,-75,129.032,-60.773,4.032
yaw125_pitch-070,125,-70,125.637,-63.702,0.637
yaw125_pitch-065,125,-65,134.939,-57.259,9.939
yaw125_pitch-060,125,-60,130.999,-50.025,5.999
yaw125_pitch-055,125,-55,127.305,-43.427,2.305
yaw125_pitch-050,125,-50,128.523,-40.842,3.523
yaw125_pitch-045,125,-45,128.101,-38.932,3.101
yaw125_pitch-040,125,-40,128.243,-43.186,3.243
yaw125_pitch-035,125,-35,127.711,-43.221,2.711
yaw125_pitch-030,125,-30,124.778,-43.899,0.222
yaw125_pitch-025,125,-25,116.116,-42.872,8.884
yaw125_pitch-020,125,-20,109.372,-43.779,15.628
yaw125_pitch-015,125,-15,104.280,-42.017,20.720
yaw125_pitch-010,125,-10,100.240,-40.996,24.760
yaw125_pitch-005,125,-5,96.699,-37.270,28.301
yaw125_pitch+000,125,0,95.149,-33.891,29.851
yaw125_pitch+005,125,5,101.430,-25.209,23.570
yaw125_pitch+010,125,10,109.213,-14.768,15.787
yaw125_pitch+015,125,15,115.814,-5.796,9.186
yaw125_pitch+020,125,20,117.912,0.557,7.088
yaw125_pitch+025,125,25,115.824,10.370,9.176
yaw125_pitch+030,125,30,116.497,15.116,8.503
yaw125_pitch+035,125,35,117.171,18.105,7.829
yaw125_pitch+040,125,40,114.959,21.339,10.041
yaw125_pitch+045,125,45,115.160,24.612,9.840
yaw125_pitch+050,125,50,118.582,27.713,6.418
yaw125_pitch+055,125,55,118.509,35.715,6.491
yaw125_pitch+060,125,60,116.092,39.765,8.908
yaw125_pitch+065,125,65,112.486,51.866,12.514
yaw125_pitch+070,125,70,111.248,58.836,13.752
yaw125_pitch+075,125,75,111.220,65.138,13.780
yaw125_pitch+080,125,80,108.648,75.289,16.352
yaw125_pitch+085,125,85,112.243,83.337,12.757
yaw125_pitch+090,125,90,115.733,86.851,9.267
yaw130_pitch-090,130,-90,132.905,-71.854,2.905
yaw130_pitch-085,130,-85,126.013,-72.620,3.987
yaw130_pitch-080,130,-80,134.666,-49.923,4.666
yaw130_pitch-075,130,-75,134.974,-48.328,4.974
yaw130_pitch-070,130,-70,130.989,-55.741,0.989
yaw130_pitch-065,130,-65,135.895,-55.360,5.895
yaw130_pitch-060,130,-60,135.115,-48.472,5.115
yaw130_pitch-055,130,-55,134.487,-43.874,4.487
yaw130_pitch-050,130,-50,132.924,-41.246,2.924
yaw130_pitch-045,130,-45,133.632,-37.854,3.632
yaw130_pitch-040,130,-40,131.220,-44.954,1.220
yaw130_pitch-035,130,-35,131.510,-41.271,1.510
yaw130_pitch-030,130,-30,124.819,-45.047,5.181
yaw130_pitch-025,130,-25,120.749,-42.269,9.251
yaw130_pitch-020,130,-20,111.757,-40.690,18.243
yaw130_pitch-015,130,-15,101.816,-41.647,28.184
yaw130_pitch-010,130,-10,97.358,-42.632,32.642
yaw130_pitch-005,130,-5,96.181,-37.173,33.819
yaw130_pitch+000,130,0,99.448,-34.375,30.552
yaw130_pitch+005,130,5,105.552,-24.358,24.448
yaw130_pitch+010,130,10,113.801,-13.890,16.199
yaw130_pitch+015,130,15,116.794,-7.733,13.206
yaw130_pitch+020,130,20,119.764,-2.827,10.236
yaw130_pitch+025,130,25,123.157,8.164,6.843
yaw130_pitch+030,130,30,122.176,17.396,7.824
yaw130_pitch+035,130,35,119.196,19.131,10.804
yaw130_pitch+040,130,40,119.108,21.791,10.892
yaw130_pitch+045,130,45,120.122,24.293,9.878
yaw130_pitch+050,130,50,117.371,27.703,12.629
yaw130_pitch+055,130,55,115.978,36.136,14.022
yaw130_pitch+060,130,60,116.287,39.796,13.713
yaw130_pitch+065,130,65,115.884,49.458,14.116
yaw130_pitch+070,130,70,114.589,60.251,15.411
yaw130_pitch+075,130,75,118.518,66.178,11.482
yaw130_pitch+080,130,80,118.195,75.785,11.805
yaw130_pitch+085,130,85,120.509,83.724,9.491
yaw130_pitch+090,130,90,121.970,88.282,8.030
yaw135_pitch-090,135,-90,139.112,-70.058,4.112
yaw135_pitch-085,135,-85,132.024,-72.622,2.976
yaw135_pitch-080,135,-80,134.597,-55.279,0.403
yaw135_pitch-075,135,-75,134.829,-53.215,0.171
yaw135_pitch-070,135,-70,131.151,-58.293,3.849
yaw135_pitch-065,135,-65,144.363,-60.034,9.363
yaw135_pitch-060,135,-60,143.583,-50.868,8.583
yaw135_pitch-055,135,-55,144.255,-46.705,9.255
yaw135_pitch-050,135,-50,140.072,-43.989,5.072
yaw135_pitch-045,135,-45,144.756,-39.777,9.756
yaw135_pitch-040,135,-40,135.521,-43.857,0.521
yaw135_pitch-035,135,-35,132.896,-45.479,2.104
yaw135_pitch-030,135,-30,129.064,-42.615,5.936
yaw135_pitch-025,135,-25,117.515,-41.958,17.485
yaw135_pitch-020,135,-20,109.446,-40.573,25.554
yaw135_pitch-015,135,-15,101.785,-40.020,33.215
yaw135_pitch-010,135,-10,94.167,-43.735,40.833
yaw135_pitch-005,135,-5,96.548,-40.213,38.452
yaw135_pitch+000,135,0,101.070,-36.694,33.930
yaw135_pitch+005,135,5,110.456,-23.128,24.544
yaw135_pitch+010,135,10,116.856,-15.245,18.144
yaw135_pitch+015,135,15,122.273,-10.076,12.727
yaw135_pitch+020,135,20,125.193,-0.057,9.807
yaw135_pitch+025,135,25,126.888,7.867,8.112
yaw135_pitch+030,135,30,125.915,15.971,9.085
yaw135_pitch+035,135,35,124.160,19.836,10.840
yaw135_pitch+040,135,40,122.653,22.818,12.347
yaw135_pitch+045,135,45,118.039,26.856,16.961
yaw135_pitch+050,135,50,118.890,30.898,16.110
yaw135_pitch+055,135,55,117.263,34.544,17.737
yaw135_pitch+060,135,60,116.072,41.700,18.928
yaw135_pitch+065,135,65,113.049,50.406,21.951
yaw135_pitch+070,135,70,112.290,58.638,22.710
yaw135_pitch+075,135,75,117.662,67.429,17.338
yaw135_pitch+080,135,80,119.151,76.222,15.849
yaw135_pitch+085,135,85,121.898,84.038,13.102
yaw135_pitch+090,135,90,123.209,85.396,11.791
yaw140_pitch-090,140,-90,146.126,-72.727,6.126
yaw140_pitch-085,140,-85,153.135,-80.395,13.135
yaw140_pitch-080,140,-80,137.254,-65.751,2.746
yaw140_pitch-075,140,-75,135.106,-66.365,4.894
yaw140_pitch-070,140,-70,152.695,-64.295,12.695
yaw140_pitch-065,140,-65,146.433,-59.876,6.433
yaw140_pitch-060,140,-60,146.114,-52.818,6.114
yaw140_pitch-055,140,-55,146.558,-43.532,6.558
yaw140_pitch-050,140,-50,145.513,-44.676,5.513
yaw140_pitch-045,140,-45,144.344,-42.035,4.344
yaw140_pitch-040,140,-40,141.353,-43.142,1.353
yaw140_pitch-035,140,-35,136.982,-44.929,3.018
yaw140_pitch-030,140,-30,132.136,-43.491,7.864
yaw140_pitch-025,140,-25,121.873,-42.243,18.127
yaw140_pitch-020,140,-20,110.630,-36.925,29.370
yaw140_pitch-015,140,-15,99.712,-42.808,40.288
yaw140_pitch-010,140,-10,94.452,-42.964,45.548
yaw140_pitch-005,140,-5,93.762,-37.642,46.238
yaw140_pitch+000,140,0,96.435,-31.849,43.565
yaw140_pitch+005,140,5,99.335,-31.800,40.665
yaw140_pitch+010,140,10,103.785,-24.948,36.215
yaw140_pitch+015,140,15,123.583,-23.881,16.417
yaw140_pitch+020,140,20,124.150,-9.875,15.850
yaw140_pitch+025,140,25,130.778,8.641,9.222
yaw140_pitch+030,140,30,131.500,15.757,8.500
yaw140_pitch+035,140,35,128.902,18.689,11.098
yaw140_pitch+040,140,40,118.557,25.057,21.443
yaw140_pitch+045,140,45,120.377,27.868,19.623
yaw140_pitch+050,140,50,122.990,29.908,17.010
yaw140_pitch+055,140,55,120.837,36.002,19.163
yaw140_pitch+060,140,60,118.831,40.297,21.169
yaw140_pitch+065,140,65,115.180,51.023,24.820
yaw140_pitch+070,140,70,118.254,59.817,21.746
yaw140_pitch+075,140,75,124.615,68.811,15.385
yaw140_pitch+080,140,80,124.195,77.772,15.805
yaw140_pitch+085,140,85,123.459,82.476,16.541
yaw140_pitch+090,140,90,126.735,85.095,13.265
yaw145_pitch-090,145,-90,152.315,-73.138,7.315
yaw145_pitch-085,145,-85,150.996,-83.758,5.996
yaw145_pitch-080,145,-80,151.775,-77.882,6.775
yaw145_pitch-075,145,-75,151.612,-75.358,6.612
yaw145_pitch-070,145,-70,150.291,-71.941,5.291
yaw145_pitch-065,145,-65,149.397,-64.498,4.397
yaw145_pitch-060,145,-60,148.233,-54.393,3.233
yaw145_pitch-055,145,-55,149.042,-47.632,4.042
yaw145_pitch-050,145,-50,146.372,-47.050,1.372
yaw145_pitch-045,145,-45,146.007,-44.919,1.007
yaw145_pitch-040,145,-40,144.824,-45.282,0.176
yaw145_pitch-035,145,-35,141.252,-45.325,3.748
yaw145_pitch-030,145,-30,136.624,-44.132,8.376
yaw145_pitch-025,145,-25,131.328,-42.672,13.672
yaw145_pitch-020,145,-20,122.798,-41.135,22.202
yaw145_pitch-015,145,-15,105.984,-44.938,39.016
yaw145_pitch-010,145,-10,97.264,-39.534,47.736
yaw145_pitch-005,145,-5,100.711,-36.763,44.289
yaw145_pitch+000,145,0,91.876,-30.694,53.124
yaw145_pitch+005,145,5,85.916,-34.768,59.084
yaw145_pitch+010,145,10,134.981,-39.356,10.019
yaw145_pitch+015,145,15,134.998,-39.775,10.002
yaw145_pitch+020,145,20,133.150,-21.642,11.850
yaw145_pitch+025,145,25,131.488,11.175,13.512
yaw145_pitch+030,145,30,136.065,14.184,8.935
yaw145_pitch+035,145,35,122.902,24.169,22.098
yaw145_pitch+040,145,40,122.779,23.513,22.221
yaw145_pitch+045,145,45,123.401,27.000,21.599
yaw145_pitch+050,145,50,124.815,31.720,20.185
yaw145_pitch+055,145,55,126.924,36.380,18.076
yaw145_pitch+060,145,60,123.000,42.126,22.000
yaw145_pitch+065,145,65,118.631,49.358,26.369
yaw145_pitch+070,145,70,122.008,63.778,22.992
yaw145_pitch+075,145,75,129.480,70.163,15.520
yaw145_pitch+080,145,80,130.466,78.528,14.534
yaw145_pitch+085,145,85,131.424,82.844,13.576
yaw145_pitch+090,145,90,128.530,85.818,16.470
yaw150_pitch-090,150,-90,153.167,-79.412,3.167
yaw150_pitch-085,150,-85,150.134,-86.133,0.134
yaw150_pitch-080,150,-80,151.486,-82.015,1.486
yaw150_pitch-075,150,-75,155.395,-77.872,5.395
yaw150_pitch-070,150,-70,154.367,-74.720,4.367
yaw150_pitch-065,150,-65,152.146,-64.860,2.146
yaw150_pitch-060,150,-60,152.050,-59.185,2.050
yaw150_pitch-055,150,-55,149.036,-53.509,0.964
yaw150_pitch-050,150,-50,148.926,-46.789,1.074
yaw150_pitch-045,150,-45,146.435,-46.957,3.565
yaw150_pitch-040,150,-40,147.058,-44.885,2.942
yaw150_pitch-035,150,-35,144.923,-45.326,5.077
yaw150_pitch-030,150,-30,141.208,-44.611,8.792
yaw150_pitch-025,150,-25,137.849,-42.082,12.151
yaw150_pitch-020,150,-20,129.603,-43.337,20.397
yaw150_pitch-015,150,-15,118.615,-41.860,31.385
yaw150_pitch-010,150,-10,107.158,-39.623,42.842
yaw150_pitch-005,150,-5,107.005,-33.915,42.995
yaw150_pitch+000,150,0,91.013,-30.544,58.987
yaw150_pitch+005,150,5,83.497,-35.576,66.503
yaw150_pitch+010,150,10,134.933,-38.970,15.067
yaw150_pitch+015,150,15,134.999,-36.742,15.001
yaw150_pitch+020,150,20,133.645,-10.842,16.355
yaw150_pitch+025,150,25,137.592,8.897,12.408
yaw150_pitch+030,150,30,138.860,17.042,11.140
yaw150_pitch+035,150,35,128.161,22.595,21.839
yaw150_pitch+040,150,40,127.531,24.095,22.469
yaw150_pitch+045,150,45,128.289,26.035,21.711
yaw150_pitch+050,150,50,129.698,34.123,20.302
yaw150_pitch+055,150,55,130.915,36.573,19.085
yaw150_pitch+060,150,60,127.132,45.210,22.868
yaw150_pitch+065,150,65,123.608,51.157,26.392
yaw150_pitch+070,150,70,129.447,65.273,20.553
yaw150_pitch+075,150,75,135.092,71.122,14.908
yaw150_pitch+080,150,80,133.113,79.079,16.887
yaw150_pitch+085,150,85,133.160,85.555,16.840
yaw150_pitch+090,150,90,130.598,86.664,19.402
yaw155_pitch-090,155,-90,158.310,-79.042,3.310
yaw155_pitch-085,155,-85,159.274,-90.000,4.274
yaw155_pitch-080,155,-80,157.835,-84.849,2.835
yaw155_pitch-075,155,-75,156.909,-80.780,1.909
yaw155_pitch-070,155,-70,158.450,-68.983,3.450
yaw155_pitch-065,155,-65,154.869,-65.047,0.131
yaw155_pitch-060,155,-60,156.306,-58.020,1.306
yaw155_pitch-055,155,-55,154.424,-51.542,0.576
yaw155_pitch-050,155,-50,152.959,-49.755,2.041
yaw155_pitch-045,155,-45,150.505,-47.409,4.495
yaw155_pitch-040,155,-40,151.284,-44.830,3.716
yaw155_pitch-035,155,-35,149.254,-44.963,5.746
yaw155_pitch-030,155,-30,147.295,-43.668,7.705
yaw155_pitch-025,155,-25,143.813,-41.584,11.187
yaw155_pitch-020,155,-20,138.508,-42.505,16.492
yaw155_pitch-015,155,-15,133.519,-39.673,21.481
yaw155_pitch-010,155,-10,126.684,-38.123,28.316
yaw155_pitch-005,155,-5,119.662,-33.401,35.338
yaw155_pitch+000,155,0,110.616,-28.250,44.384
yaw155_pitch+005,155,5,98.979,-27.444,56.021
yaw155_pitch+010,155,10,109.248,-27.601,45.752
yaw155_pitch+015,155,15,129.132,-19.254,25.868
yaw155_pitch+020,155,20,131.641,-4.123,23.359
yaw155_pitch+025,155,25,142.115,8.110,12.885
yaw155_pitch+030,155,30,130.362,17.901,24.638
yaw155_pitch+035,155,35,130.392,22.539,24.608
yaw155_pitch+040,155,40,130.275,24.250,24.725
yaw155_pitch+045,155,45,133.979,27.683,21.021
yaw155_pitch+050,155,50,134.328,35.983,20.672
yaw155_pitch+055,155,55,136.482,39.387,18.518
yaw155_pitch+060,155,60,131.538,43.671,23.462
yaw155_pitch+065,155,65,127.101,53.011,27.899
yaw155_pitch+070,155,70,137.752,64.274,17.248
yaw155_pitch+075,155,75,136.138,71.860,18.862
yaw155_pitch+080,155,80,132.664,79.227,22.336
yaw155_pitch+085,155,85,133.151,87.098,21.849
yaw155_pitch+090,155,90,131.378,87.373,23.622
yaw160_pitch-090,160,-90,168.124,-76.995,8.124
yaw160_pitch-085,160,-85,164.659,-87.174,4.659
yaw160_pitch-080,160,-80,165.107,-82.112,5.107
yaw160_pitch-075,160,-75,163.698,-80.661,3.698
yaw160_pitch-070,160,-70,160.688,-68.511,0.688
yaw160_pitch-065,160,-65,159.571,-61.286,0.429
yaw160_pitch-060,160,-60,159.374,-53.435,0.626
yaw160_pitch-055,160,-55,156.558,-53.248,3.442
yaw160_pitch-050,160,-50,157.225,-50.098,2.775
yaw160_pitch-045,160,-45,154.945,-47.196,5.055
yaw160_pitch-040,160,-40,155.512,-44.002,4.488
yaw160_pitch-035,160,-35,151.863,-44.739,8.137
yaw160_pitch-030,160,-30,150.678,-43.301,9.322
yaw160_pitch-025,160,-25,147.883,-41.693,12.117
yaw160_pitch-020,160,-20,144.161,-42.284,15.839
yaw160_pitch-015,160,-15,140.085,-38.201,19.915
yaw160_pitch-010,160,-10,137.017,-33.530,22.983
yaw160_pitch-005,160,-5,132.218,-34.385,27.782
yaw160_pitch+000,160,0,133.383,-27.784,26.617
yaw160_pitch+005,160,5,130.858,-18.579,29.142
yaw160_pitch+010,160,10,131.310,-17.300,28.690
yaw160_pitch+015,160,15,139.573,-10.539,20.427
yaw160_pitch+020,160,20,143.421,1.689,16.579
yaw160_pitch+025,160,25,145.794,11.499,14.206
yaw160_pitch+030,160,30,132.757,16.983,27.243
yaw160_pitch+035,160,35,134.629,22.945,25.371
yaw160_pitch+040,160,40,135.601,24.921,24.399
yaw160_pitch+045,160,45,138.267,30.610,21.733
yaw160_pitch+050,160,50,139.841,35.654,20.159
yaw160_pitch+055,160,55,140.861,38.303,19.139
yaw160_pitch+060,160,60,140.939,44.159,19.061
yaw160_pitch+065,160,65,141.235,52.881,18.765
yaw160_pitch+070,160,70,139.495,65.733,20.505
yaw160_pitch+075,160,75,139.085,70.448,20.915
yaw160_pitch+080,160,80,133.658,80.585,26.342
yaw160_pitch+085,160,85,130.149,86.128,29.851
yaw160_pitch+090,160,90,132.287,90.000,27.713
yaw165_pitch-090,165,-90,169.794,-80.028,4.794
yaw165_pitch-085,165,-85,172.107,-89.985,7.107
yaw165_pitch-080,165,-80,173.960,-82.520,8.960
yaw165_pitch-075,165,-75,173.000,-76.251,8.000
yaw165_pitch-070,165,-70,169.018,-64.777,4.018
yaw165_pitch-065,165,-65,165.112,-57.920,0.112
yaw165_pitch-060,165,-60,163.047,-57.393,1.953
yaw165_pitch-055,165,-55,165.745,-54.570,0.745
yaw165_pitch-050,165,-50,163.799,-49.973,1.201
yaw165_pitch-045,165,-45,163.796,-47.745,1.204
yaw165_pitch-040,165,-40,160.671,-47.541,4.329
yaw165_pitch-035,165,-35,155.227,-43.923,9.773
yaw165_pitch-030,165,-30,153.881,-44.169,11.119
yaw165_pitch-025,165,-25,150.797,-42.512,14.203
yaw165_pitch-020,165,-20,148.740,-41.575,16.260
yaw165_pitch-015,165,-15,147.285,-39.648,17.715
yaw165_pitch-010,165,-10,144.969,-35.338,20.031
yaw165_pitch-005,165,-5,142.379,-32.530,22.621
yaw165_pitch+000,165,0,144.958,-27.670,20.042
yaw165_pitch+005,165,5,145.117,-18.172,19.883
yaw165_pitch+010,165,10,145.702,-15.514,19.298
yaw165_pitch+015,165,15,146.871,-3.459,18.129
yaw165_pitch+020,165,20,146.727,0.808,18.273
yaw165_pitch+025,165,25,148.209,12.367,16.791
yaw165_pitch+030,165,30,143.052,16.568,21.948
yaw165_pitch+035,165,35,145.766,19.613,19.234
yaw165_pitch+040,165,40,139.798,25.406,25.202
yaw165_pitch+045,165,45,141.728,31.362,23.272
yaw165_pitch+050,165,50,145.464,35.842,19.536
yaw165_pitch+055,165,55,147.490,39.167,17.510
yaw165_pitch+060,165,60,147.963,49.094,17.037
yaw165_pitch+065,165,65,145.160,53.824,19.840
yaw165_pitch+070,165,70,144.383,64.691,20.617
yaw165_pitch+075,165,75,142.394,70.921,22.606
yaw165_pitch+080,165,80,133.721,78.917,31.279
yaw165_pitch+085,165,85,131.225,86.733,33.775
yaw165_pitch+090,165,90,131.353,90.000,33.647
yaw170_pitch-090,170,-90,181.746,-87.228,11.746
yaw170_pitch-085,170,-85,176.445,-81.677,6.445
yaw170_pitch-080,170,-80,177.984,-79.621,7.984
yaw170_pitch-075,170,-75,174.976,-72.992,4.976
yaw170_pitch-070,170,-70,172.041,-67.192,2.041
yaw170_pitch-065,170,-65,168.301,-59.612,1.699
yaw170_pitch-060,170,-60,163.900,-57.400,6.100
yaw170_pitch-055,170,-55,168.441,-49.628,1.559
yaw170_pitch-050,170,-50,168.203,-49.044,1.797
yaw170_pitch-045,170,-45,168.653,-50.020,1.347
yaw170_pitch-040,170,-40,166.542,-48.350,3.458
yaw170_pitch-035,170,-35,161.214,-43.909,8.786
yaw170_pitch-030,170,-30,159.999,-43.727,10.001
yaw170_pitch-025,170,-25,153.889,-42.730,16.111
yaw170_pitch-020,170,-20,152.971,-42.449,17.029
yaw170_pitch-015,170,-15,151.513,-41.063,18.487
yaw170_pitch-010,170,-10,148.799,-34.629,21.201
yaw170_pitch-005,170,-5,146.676,-32.980,23.324
yaw170_pitch+000,170,0,148.630,-25.320,21.370
yaw170_pitch+005,170,5,149.540,-19.776,20.460
yaw170_pitch+010,170,10,152.626,-12.496,17.374
yaw170_pitch+015,170,15,151.009,-6.505,18.991
yaw170_pitch+020,170,20,151.399,4.034,18.601
yaw170_pitch+025,170,25,147.079,11.369,22.921
yaw170_pitch+030,170,30,149.567,16.173,20.433
yaw170_pitch+035,170,35,147.382,22.567,22.618
yaw170_pitch+040,170,40,148.705,24.830,21.295
yaw170_pitch+045,170,45,150.941,30.319,19.059
yaw170_pitch+050,170,50,148.054,34.998,21.946
yaw170_pitch+055,170,55,152.209,37.931,17.791
yaw170_pitch+060,170,60,150.760,46.682,19.240
yaw170_pitch+065,170,65,146.763,57.259,23.237
yaw170_pitch+070,170,70,146.585,65.290,23.415
yaw170_pitch+075,170,75,144.925,70.781,25.075
yaw170_pitch+080,170,80,143.422,78.515,26.578
yaw170_pitch+085,170,85,139.524,87.214,30.476
yaw170_pitch+090,170,90,137.672,90.000,32.328
yaw175_pitch-090,175,-90,186.476,-82.579,11.476
yaw175_pitch-085,175,-85,186.776,-80.407,11.776
yaw175_pitch-080,175,-80,188.605,-74.014,13.605
yaw175_pitch-075,175,-75,183.903,-69.972,8.903
yaw175_pitch-070,175,-70,174.103,-65.465,0.897
yaw175_pitch-065,175,-65,169.746,-57.583,5.254
yaw175_pitch-060,175,-60,169.512,-58.763,5.488
yaw175_pitch-055,175,-55,170.329,-51.659,4.671
yaw175_pitch-050,175,-50,171.300,-49.673,3.700
yaw175_pitch-045,175,-45,170.038,-49.351,4.962
yaw175_pitch-040,175,-40,171.507,-47.508,3.493
yaw175_pitch-035,175,-35,167.641,-46.318,7.359
yaw175_pitch-030,175,-30,164.833,-45.946,10.167
yaw175_pitch-025,175,-25,160.897,-44.032,14.103
yaw175_pitch-020,175,-20,156.651,-43.434,18.349
yaw175_pitch-015,175,-15,155.054,-40.518,19.946
yaw175_pitch-010,175,-10,151.917,-35.268,23.083
yaw175_pitch-005,175,-5,151.252,-32.092,23.748
yaw175_pitch+000,175,0,151.304,-26.035,23.696
yaw175_pitch+005,175,5,151.335,-17.654,23.665
yaw175_pitch+010,175,10,153.928,-11.973,21.072
yaw175_pitch+015,175,15,153.333,-5.426,21.667
yaw175_pitch+020,175,20,153.854,6.185,21.146
yaw175_pitch+025,175,25,153.646,14.250,21.354
yaw175_pitch+030,175,30,147.375,16.422,27.625
yaw175_pitch+035,175,35,154.194,20.526,20.806
yaw175_pitch+040,175,40,152.360,25.069,22.640
yaw175_pitch+045,175,45,153.283,29.933,21.717
yaw175_pitch+050,175,50,154.840,34.716,20.160
yaw175_pitch+055,175,55,152.387,44.070,22.613
yaw175_pitch+060,175,60,152.026,46.698,22.974
yaw175_pitch+065,175,65,150.416,55.049,24.584
yaw175_pitch+070,175,70,149.429,64.840,25.571
yaw175_pitch+075,175,75,148.745,70.440,26.255
yaw175_pitch+080,175,80,148.692,76.425,26.308
yaw175_pitch+085,175,85,147.296,84.600,27.704
yaw175_pitch+090,175,90,146.179,90.000,28.821
yaw180_pitch-090,180,-90,200.738,-83.061,20.738
yaw180_pitch-085,180,-85,197.621,-79.641,17.621
yaw180_pitch-080,180,-80,193.594,-75.979,13.594
yaw180_pitch-075,180,-75,189.210,-74.160,9.210
yaw180_pitch-070,180,-70,179.364,-73.705,0.636
yaw180_pitch-065,180,-65,173.590,-67.167,6.410
yaw180_pitch-060,180,-60,170.677,-53.798,9.323
yaw180_pitch-055,180,-55,173.123,-50.317,6.877
yaw180_pitch-050,180,-50,175.560,-46.905,4.440
yaw180_pitch-045,180,-45,176.213,-46.871,3.787
yaw180_pitch-040,180,-40,175.072,-46.354,4.928
yaw180_pitch-035,180,-35,171.248,-44.899,8.752
yaw180_pitch-030,180,-30,168.886,-45.998,11.114
yaw180_pitch-025,180,-25,166.528,-44.557,13.472
yaw180_pitch-020,180,-20,163.049,-43.073,16.951
yaw180_pitch-015,180,-15,159.551,-40.542,20.449
yaw180_pitch-010,180,-10,159.162,-35.284,20.838
yaw180_pitch-005,180,-5,157.953,-30.432,22.047
yaw180_pitch+000,180,0,157.479,-24.261,22.521
yaw180_pitch+005,180,5,155.514,-15.829,24.486
yaw180_pitch+010,180,10,157.812,-10.114,22.188
yaw180_pitch+015,180,15,156.977,-3.637,23.023
yaw180_pitch+020,180,20,156.076,6.669,23.924
yaw180_pitch+025,180,25,155.549,13.931,24.451
yaw180_pitch+030,180,30,157.727,18.328,22.273
yaw180_pitch+035,180,35,158.608,20.691,21.392
yaw180_pitch+040,180,40,158.725,26.549,21.275
yaw180_pitch+045,180,45,159.864,30.755,20.136
yaw180_pitch+050,180,50,159.846,35.435,20.154
yaw180_pitch+055,180,55,155.488,43.888,24.512
yaw180_pitch+060,180,60,153.763,47.676,26.237
yaw180_pitch+065,180,65,153.281,54.927,26.719
yaw180_pitch+070,180,70,153.006,65.849,26.994
yaw180_pitch+075,180,75,153.542,69.409,26.458
yaw180_pitch+080,180,80,154.866,75.574,25.134
yaw180_pitch+085,180,85,153.651,82.401,26.349
yaw180_pitch+090,180,90,150.313,87.048,29.687
yaw185_pitch-090,185,-90,200.887,-86.780,15.887
yaw185_pitch-085,185,-85,199.493,-81.182,14.493
yaw185_pitch-080,185,-80,199.052,-78.499,14.052
yaw185_pitch-075,185,-75,193.239,-74.730,8.239
yaw185_pitch-070,185,-70,181.690,-75.034,3.310
yaw185_pitch-065,185,-65,179.807,-62.335,5.193
yaw185_pitch-060,185,-60,174.935,-55.906,10.065
yaw185_pitch-055,185,-55,171.873,-50.452,13.127
yaw185_pitch-050,185,-50,176.008,-48.811,8.992
yaw185_pitch-045,185,-45,176.940,-48.304,8.060
yaw185_pitch-040,185,-40,175.266,-47.806,9.734
yaw185_pitch-035,185,-35,169.159,-47.786,15.841
yaw185_pitch-030,185,-30,166.051,-47.451,18.949
yaw185_pitch-025,185,-25,164.430,-46.805,20.570
yaw185_pitch-020,185,-20,161.585,-45.360,23.415
yaw185_pitch-015,185,-15,161.171,-41.382,23.829
yaw185_pitch-010,185,-10,160.725,-34.921,24.275
yaw185_pitch-005,185,-5,159.031,-30.654,25.969
yaw185_pitch+000,185,0,160.340,-24.456,24.660
yaw185_pitch+005,185,5,158.298,-15.375,26.702
yaw185_pitch+010,185,10,156.983,-13.027,28.017
yaw185_pitch+015,185,15,162.062,-5.246,22.938
yaw185_pitch+020,185,20,160.486,6.049,24.514
yaw185_pitch+025,185,25,159.218,13.786,25.782
yaw185_pitch+030,185,30,164.099,17.346,20.901
yaw185_pitch+035,185,35,162.193,20.378,22.807
yaw185_pitch+040,185,40,164.354,27.654,20.646
yaw185_pitch+045,185,45,163.116,31.540,21.884
yaw185_pitch+050,185,50,162.042,36.912,22.958
yaw185_pitch+055,185,55,158.767,42.601,26.233
yaw185_pitch+060,185,60,159.222,48.634,25.778
yaw185_pitch+065,185,65,157.512,54.376,27.488
yaw185_pitch+070,185,70,155.346,63.165,29.654
yaw185_pitch+075,185,75,158.379,69.833,26.621
yaw185_pitch+080,185,80,160.901,74.334,24.099
yaw185_pitch+085,185,85,161.088,81.668,23.912
yaw185_pitch+090,185,90,158.549,83.752,26.451
yaw190_pitch-090,190,-90,207.625,-87.876,17.625
yaw190_pitch-085,190,-85,206.644,-83.492,16.644
yaw190_pitch-080,190,-80,204.096,-79.559,14.096
yaw190_pitch-075,190,-75,195.081,-76.956,5.081
yaw190_pitch-070,190,-70,187.686,-70.418,2.314
yaw190_pitch-065,190,-65,181.749,-62.560,8.251
yaw190_pitch-060,190,-60,174.805,-58.316,15.195
yaw190_pitch-055,190,-55,175.032,-49.812,14.968
yaw190_pitch-050,190,-50,174.533,-48.522,15.467
yaw190_pitch-045,190,-45,175.670,-48.323,14.330
yaw190_pitch-040,190,-40,175.498,-47.689,14.502
yaw190_pitch-035,190,-35,169.746,-48.505,20.254
yaw190_pitch-030,190,-30,170.347,-49.005,19.653
yaw190_pitch-025,190,-25,162.587,-47.039,27.413
yaw190_pitch-020,190,-20,163.597,-44.713,26.403
yaw190_pitch-015,190,-15,161.741,-41.241,28.259
yaw190_pitch-010,190,-10,160.257,-33.811,29.743
yaw190_pitch-005,190,-5,160.228,-31.499,29.772
yaw190_pitch+000,190,0,159.622,-22.078,30.378
yaw190_pitch+005,190,5,165.326,-15.356,24.674
yaw190_pitch+010,190,10,164.652,-12.805,25.348
yaw190_pitch+015,190,15,167.308,-6.539,22.692
yaw190_pitch+020,190,20,165.346,6.086,24.654
yaw190_pitch+025,190,25,166.969,11.344,23.031
yaw190_pitch+030,190,30,166.991,14.226,23.009
yaw190_pitch+035,190,35,168.179,20.864,21.821
yaw190_pitch+040,190,40,166.966,27.145,23.034
yaw190_pitch+045,190,45,164.308,31.619,25.692
yaw190_pitch+050,190,50,166.654,36.304,23.346
yaw190_pitch+055,190,55,165.819,41.330,24.181
yaw190_pitch+060,190,60,162.808,48.888,27.192
yaw190_pitch+065,190,65,161.365,57.351,28.635
yaw190_pitch+070,190,70,162.300,64.890,27.700
yaw190_pitch+075,190,75,163.768,70.185,26.232
yaw190_pitch+080,190,80,166.360,75.077,23.640
yaw190_pitch+085,190,85,165.256,80.786,24.744
yaw190_pitch+090,190,90,162.524,82.853,27.476
yaw195_pitch-090,195,-90,216.936,-85.132,21.936
yaw195_pitch-085,195,-85,214.002,-84.228,19.002
yaw195_pitch-080,195,-80,210.188,-80.273,15.188
yaw195_pitch-075,195,-75,205.696,-80.148,10.696
yaw195_pitch-070,195,-70,195.790,-74.830,0.790
yaw195_pitch-065,195,-65,192.062,-65.677,2.938
yaw195_pitch-060,195,-60,183.614,-58.284,11.386
yaw195_pitch-055,195,-55,169.241,-53.023,25.759
yaw195_pitch-050,195,-50,172.970,-45.244,22.030
yaw195_pitch-045,195,-45,170.066,-48.210,24.934
yaw195_pitch-040,195,-40,166.592,-47.435,28.408
yaw195_pitch-035,195,-35,160.845,-50.111,34.155
yaw195_pitch-030,195,-30,162.725,-50.080,32.275
yaw195_pitch-025,195,-25,164.546,-47.995,30.454
yaw195_pitch-020,195,-20,164.304,-45.216,30.696
yaw195_pitch-015,195,-15,162.165,-39.872,32.835
yaw195_pitch-010,195,-10,166.331,-33.830,28.669
yaw195_pitch-005,195,-5,165.261,-28.615,29.739
yaw195_pitch+000,195,0,161.260,-22.394,33.740
yaw195_pitch+005,195,5,170.793,-15.619,24.207
yaw195_pitch+010,195,10,169.026,-14.389,25.974
yaw195_pitch+015,195,15,176.139,-5.403,18.861
yaw195_pitch+020,195,20,175.157,4.943,19.843
yaw195_pitch+025,195,25,173.473,8.543,21.527
yaw195_pitch+030,195,30,176.871,13.951,18.129
yaw195_pitch+035,195,35,172.121,22.182,22.879
yaw195_pitch+040,195,40,173.175,27.344,21.825
yaw195_pitch+045,195,45,167.728,31.351,27.272
yaw195_pitch+050,195,50,167.149,38.813,27.851
yaw195_pitch+055,195,55,170.616,42.916,24.384
yaw195_pitch+060,195,60,167.990,49.352,27.010
yaw195_pitch+065,195,65,165.693,58.667,29.307
yaw195_pitch+070,195,70,167.423,64.193,27.577
yaw195_pitch+075,195,75,170.911,70.999,24.089
yaw195_pitch+080,195,80,172.736,76.367,22.264
yaw195_pitch+085,195,85,167.589,83.938,27.411
yaw195_pitch+090,195,90,165.426,83.677,29.574
yaw200_pitch-090,200,-90,223.164,-83.538,23.164
yaw200_pitch-085,200,-85,221.956,-85.093,21.956
yaw200_pitch-080,200,-80,221.266,-81.383,21.266
yaw200_pitch-075,200,-75,217.106,-83.031,17.106
yaw200_pitch-070,200,-70,211.670,-75.176,11.670
yaw200_pitch-065,200,-65,209.911,-63.302,9.911
yaw200_pitch-060,200,-60,206.235,-59.713,6.235
yaw200_pitch-055,200,-55,193.263,-54.313,6.737
yaw200_pitch-050,200,-50,150.299,-46.145,49.701
yaw200_pitch-045,200,-45,64.446,-47.849,135.554
yaw200_pitch-040,200,-40,90.672,-47.972,109.328
yaw200_pitch-035,200,-35,70.834,-49.207,129.166
yaw200_pitch-030,200,-30,85.685,-49.145,114.315
yaw200_pitch-025,200,-25,137.536,-47.089,62.464
yaw200_pitch-020,200,-20,127.039,-43.969,72.961
yaw200_pitch-015,200,-15,139.377,-39.474,60.623
yaw200_pitch-010,200,-10,162.927,-32.200,37.073
yaw200_pitch-005,200,-5,157.513,-26.280,42.487
yaw200_pitch+000,200,0,163.935,-23.600,36.065
yaw200_pitch+005,200,5,172.463,-16.938,27.537
yaw200_pitch+010,200,10,178.358,-13.520,21.642
yaw200_pitch+015,200,15,187.858,-7.015,12.142
yaw200_pitch+020,200,20,183.137,4.818,16.863
yaw200_pitch+025,200,25,177.956,9.651,22.044
yaw200_pitch+030,200,30,177.823,14.100,22.177
yaw200_pitch+035,200,35,178.564,18.290,21.436
yaw200_pitch+040,200,40,176.309,25.968,23.691
yaw200_pitch+045,200,45,173.191,31.814,26.809
yaw200_pitch+050,200,50,170.786,41.459,29.214
yaw200_pitch+055,200,55,178.667,44.678,21.333
yaw200_pitch+060,200,60,171.850,51.535,28.150
yaw200_pitch+065,200,65,175.469,59.029,24.531
yaw200_pitch+070,200,70,173.026,65.082,26.974
yaw200_pitch+075,200,75,173.969,70.489,26.031
yaw200_pitch+080,200,80,175.187,76.982,24.813
yaw200_pitch+085,200,85,174.167,84.500,25.833
yaw200_pitch+090,200,90,165.447,83.124,34.553
yaw205_pitch-090,205,-90,230.942,-85.132,25.942
yaw205_pitch-085,205,-85,227.032,-85.059,22.032
yaw205_pitch-080,205,-80,228.591,-82.780,23.591
yaw205_pitch-075,205,-75,230.989,-78.258,25.989
yaw205_pitch-070,205,-70,223.893,-76.543,18.893
yaw205_pitch-065,205,-65,226.776,-68.248,21.776
yaw205_pitch-060,205,-60,236.627,-58.532,31.627
yaw205_pitch-055,205,-55,248.618,-51.171,43.618
yaw205_pitch-050,205,-50,328.944,-48.924,123.944
yaw205_pitch-045,205,-45,341.888,-44.348,136.888
yaw205_pitch-040,205,-40,16.798,-48.410,171.798
yaw205_pitch-035,205,-35,21.757,-48.806,176.757
yaw205_pitch-030,205,-30,36.959,-46.915,168.041
yaw205_pitch-025,205,-25,30.301,-46.780,174.699
yaw205_pitch-020,205,-20,74.086,-44.062,130.914
yaw205_pitch-015,205,-15,112.529,-39.606,92.471
yaw205_pitch-010,205,-10,123.789,-31.513,81.211
yaw205_pitch-005,205,-5,155.807,-25.686,49.193
yaw205_pitch+000,205,0,157.062,-22.600,47.938
yaw205_pitch+005,205,5,168.173,-17.784,36.827
yaw205_pitch+010,205,10,189.735,-11.658,15.265
yaw205_pitch+015,205,15,191.686,-7.449,13.314
yaw205_pitch+020,205,20,190.011,6.649,14.989
yaw205_pitch+025,205,25,185.342,11.350,19.658
yaw205_pitch+030,205,30,185.346,13.299,19.654
yaw205_pitch+035,205,35,185.469,17.333,19.531
yaw205_pitch+040,205,40,179.587,25.461,25.413
yaw205_pitch+045,205,45,177.805,35.225,27.195
yaw205_pitch+050,205,50,172.361,43.355,32.639
yaw205_pitch+055,205,55,174.764,48.534,30.236
yaw205_pitch+060,205,60,173.191,54.797,31.809
yaw205_pitch+065,205,65,180.408,62.011,24.592
yaw205_pitch+070,205,70,178.807,66.369,26.193
yaw205_pitch+075,205,75,181.702,71.242,23.298
yaw205_pitch+080,205,80,182.617,77.787,22.383
yaw205_pitch+085,205,85,184.786,85.243,20.214
yaw205_pitch+090,205,90,188.445,83.898,16.555
yaw210_pitch-090,210,-90,232.039,-85.712,22.039
yaw210_pitch-085,210,-85,231.772,-83.289,21.772
yaw210_pitch-080,210,-80,236.766,-83.064,26.766
yaw210_pitch-075,210,-75,241.786,-77.909,31.786
yaw210_pitch-070,210,-70,247.048,-68.775,37.048
yaw210_pitch-065,210,-65,249.128,-57.633,39.128
yaw210_pitch-060,210,-60,251.172,-53.896,41.172
yaw210_pitch-055,210,-55,269.700,-50.942,59.700
yaw210_pitch-050,210,-50,312.174,-45.067,102.174
yaw210_pitch-045,210,-45,292.910,-41.551,82.910
yaw210_pitch-040,210,-40,346.598,-43.852,136.598
yaw210_pitch-035,210,-35,0.684,-47.095,150.684
yaw210_pitch-030,210,-30,4.795,-44.765,154.795
yaw210_pitch-025,210,-25,2.733,-44.868,152.733
yaw210_pitch-020,210,-20,12.802,-43.905,162.802
yaw210_pitch-015,210,-15,23.770,-38.922,173.770
yaw210_pitch-010,210,-10,3.866,-31.722,153.866
yaw210_pitch-005,210,-5,174.816,-25.425,35.184
yaw210_pitch+000,210,0,164.459,-18.586,45.541
yaw210_pitch+005,210,5,168.615,-16.589,41.385
yaw210_pitch+010,210,10,187.366,-11.472,22.634
yaw210_pitch+015,210,15,192.711,-6.018,17.289
yaw210_pitch+020,210,20,191.941,9.027,18.059
yaw210_pitch+025,210,25,190.117,12.034,19.883
yaw210_pitch+030,210,30,189.488,16.741,20.512
yaw210_pitch+035,210,35,187.626,20.981,22.374
yaw210_pitch+040,210,40,181.814,28.336,28.186
yaw210_pitch+045,210,45,175.909,38.739,34.091
yaw210_pitch+050,210,50,174.312,48.520,35.688
yaw210_pitch+055,210,55,176.630,52.999,33.370
yaw210_pitch+060,210,60,176.265,57.017,33.735
yaw210_pitch+065,210,65,178.072,63.807,31.928
yaw210_pitch+070,210,70,183.514,67.401,26.486
yaw210_pitch+075,210,75,186.654,72.632,23.346
yaw210_pitch+080,210,80,190.817,79.753,19.183
yaw210_pitch+085,210,85,189.793,83.862,20.207
yaw210_pitch+090,210,90,190.154,83.785,19.846
yaw215_pitch-090,215,-90,237.202,-84.513,22.202
yaw215_pitch-085,215,-85,240.194,-81.452,25.194
yaw215_pitch-080,215,-80,243.866,-73.067,28.866
yaw215_pitch-075,215,-75,249.028,-67.762,34.028
yaw215_pitch-070,215,-70,256.208,-66.740,41.208
yaw215_pitch-065,215,-65,255.651,-67.221,40.651
yaw215_pitch-060,215,-60,263.679,-57.266,48.679
yaw215_pitch-055,215,-55,272.555,-47.438,57.555
yaw215_pitch-050,215,-50,287.489,-41.735,72.489
yaw215_pitch-045,215,-45,301.251,-39.008,86.251
yaw215_pitch-040,215,-40,305.335,-38.103,90.335
yaw215_pitch-035,215,-35,334.647,-43.026,119.647
yaw215_pitch-030,215,-30,337.794,-42.431,122.794
yaw215_pitch-025,215,-25,346.271,-41.570,131.271
yaw215_pitch-020,215,-20,341.363,-41.567,126.363
yaw215_pitch-015,215,-15,347.160,-38.115,132.160
yaw215_pitch-010,215,-10,345.269,-31.977,130.269
yaw215_pitch-005,215,-5,295.827,-26.114,80.827
yaw215_pitch+000,215,0,216.000,-18.954,1.000
yaw215_pitch+005,215,5,190.975,-15.679,24.025
yaw215_pitch+010,215,10,198.399,-10.095,16.601
yaw215_pitch+015,215,15,198.789,-6.204,16.211
yaw215_pitch+020,215,20,200.339,7.967,14.661
yaw215_pitch+025,215,25,198.958,13.201,16.042
yaw215_pitch+030,215,30,192.933,16.236,22.067
yaw215_pitch+035,215,35,186.880,22.479,28.120
yaw215_pitch+040,215,40,182.730,30.260,32.270
yaw215_pitch+045,215,45,175.210,39.936,39.790
yaw215_pitch+050,215,50,177.524,52.423,37.476
yaw215_pitch+055,215,55,178.208,55.040,36.792
yaw215_pitch+060,215,60,181.104,61.398,33.896
yaw215_pitch+065,215,65,185.646,64.851,29.354
yaw215_pitch+070,215,70,196.070,67.857,18.930
yaw215_pitch+075,215,75,190.323,71.392,24.677
yaw215_pitch+080,215,80,196.435,79.724,18.565
yaw215_pitch+085,215,85,197.195,84.100,17.805
yaw215_pitch+090,215,90,197.146,85.970,17.854
yaw220_pitch-090,220,-90,240.827,-83.214,20.827
yaw220_pitch-085,220,-85,238.552,-80.548,18.552
yaw220_pitch-080,220,-80,236.206,-83.085,16.206
yaw220_pitch-075,220,-75,252.896,-82.689,32.896
yaw220_pitch-070,220,-70,297.443,-90.000,77.443
yaw220_pitch-065,220,-65,323.080,-90.000,103.080
yaw220_pitch-060,220,-60,332.859,-90.000,112.859
yaw220_pitch-055,220,-55,334.152,-73.240,114.152
yaw220_pitch-050,220,-50,341.715,-61.042,121.715
yaw220_pitch-045,220,-45,347.340,-51.040,127.340
yaw220_pitch-040,220,-40,341.431,-45.500,121.431
yaw220_pitch-035,220,-35,333.775,-39.579,113.775
yaw220_pitch-030,220,-30,325.872,-42.566,105.872
yaw220_pitch-025,220,-25,314.570,-38.812,94.570
yaw220_pitch-020,220,-20,328.355,-39.877,108.355
yaw220_pitch-015,220,-15,336.272,-37.261,116.272
yaw220_pitch-010,220,-10,335.774,-32.327,115.774
yaw220_pitch-005,220,-5,298.979,-22.810,78.979
yaw220_pitch+000,220,0,275.823,-17.693,55.823
yaw220_pitch+005,220,5,220.309,-16.415,0.309
yaw220_pitch+010,220,10,215.711,-10.840,4.289
yaw220_pitch+015,220,15,215.430,-6.066,4.570
yaw220_pitch+020,220,20,213.794,5.347,6.206
yaw220_pitch+025,220,25,206.906,11.249,13.094
yaw220_pitch+030,220,30,198.059,14.836,21.941
yaw220_pitch+035,220,35,195.433,19.708,24.567
yaw220_pitch+040,220,40,186.724,31.276,33.276
yaw220_pitch+045,220,45,180.282,44.470,39.718
yaw220_pitch+050,220,50,179.861,49.882,40.139
yaw220_pitch+055,220,55,177.758,54.806,42.242
yaw220_pitch+060,220,60,184.222,61.311,35.778
yaw220_pitch+065,220,65,185.477,65.401,34.523
yaw220_pitch+070,220,70,196.673,68.769,23.327
yaw220_pitch+075,220,75,197.101,72.599,22.899
yaw220_pitch+080,220,80,200.266,79.692,19.734
yaw220_pitch+085,220,85,198.968,85.021,21.032
yaw220_pitch+090,220,90,204.347,88.061,15.653
yaw225_pitch-090,225,-90,243.908,-84.753,18.908
yaw225_pitch-085,225,-85,242.821,-77.540,17.821
yaw225_pitch-080,225,-80,250.579,-83.126,25.579
yaw225_pitch-075,225,-75,296.183,-90.000,71.183
yaw225_pitch-070,225,-70,324.543,-90.000,99.543
yaw225_pitch-065,225,-65,324.520,-90.000,99.520
yaw225_pitch-060,225,-60,320.722,-90.000,95.722
yaw225_pitch-055,225,-55,317.630,-90.000,92.630
yaw225_pitch-050,225,-50,317.408,-85.934,92.408
yaw225_pitch-045,225,-45,319.531,-63.449,94.531
yaw225_pitch-040,225,-40,320.784,-57.069,95.784
yaw225_pitch-035,225,-35,325.094,-50.940,100.094
yaw225_pitch-030,225,-30,338.606,-48.824,113.606
yaw225_pitch-025,225,-25,343.973,-43.040,118.973
yaw225_pitch-020,225,-20,340.928,-40.219,115.928
yaw225_pitch-015,225,-15,330.773,-37.704,105.773
yaw225_pitch-010,225,-10,323.027,-33.868,98.027
yaw225_pitch-005,225,-5,302.695,-27.031,77.695
yaw225_pitch+000,225,0,287.292,-21.139,62.292
yaw225_pitch+005,225,5,254.353,-17.606,29.353
yaw225_pitch+010,225,10,240.513,-11.555,15.513
yaw225_pitch+015,225,15,229.419,-8.018,4.419
yaw225_pitch+020,225,20,231.081,3.107,6.081
yaw225_pitch+025,225,25,218.353,6.959,6.647
yaw225_pitch+030,225,30,206.326,12.566,18.674
yaw225_pitch+035,225,35,201.135,21.449,23.865
yaw225_pitch+040,225,40,193.016,31.894,31.984
yaw225_pitch+045,225,45,183.571,44.277,41.429
yaw225_pitch+050,225,50,183.046,50.336,41.954
yaw225_pitch+055,225,55,184.734,54.279,40.266
yaw225_pitch+060,225,60,196.098,58.233,28.902
yaw225_pitch+065,225,65,199.820,63.635,25.180
yaw225_pitch+070,225,70,200.785,69.154,24.215
yaw225_pitch+075,225,75,204.621,74.474,20.379
yaw225_pitch+080,225,80,208.773,81.523,16.227
yaw225_pitch+085,225,85,206.419,85.128,18.581
yaw225_pitch+090,225,90,206.951,87.124,18.049
yaw230_pitch-090,230,-90,242.482,-81.036,12.482
yaw230_pitch-085,230,-85,245.305,-73.826,15.305
yaw230_pitch-080,230,-80,252.790,-70.905,22.790
yaw230_pitch-075,230,-75,264.453,-67.480,34.453
yaw230_pitch-070,230,-70,304.743,-63.026,74.743
yaw230_pitch-065,230,-65,328.125,-77.125,98.125
yaw230_pitch-060,230,-60,330.107,-71.936,100.107
yaw230_pitch-055,230,-55,321.876,-79.141,91.876
yaw230_pitch-050,230,-50,320.407,-63.650,90.407
yaw230_pitch-045,230,-45,316.839,-58.195,86.839
yaw230_pitch-040,230,-40,316.081,-54.882,86.081
yaw230_pitch-035,230,-35,315.324,-52.862,85.324
yaw230_pitch-030,230,-30,316.063,-49.486,86.063
yaw230_pitch-025,230,-25,317.659,-46.484,87.659
yaw230_pitch-020,230,-20,326.335,-41.581,96.335
yaw230_pitch-015,230,-15,333.113,-41.884,103.113
yaw230_pitch-010,230,-10,337.937,-40.924,107.937
yaw230_pitch-005,230,-5,330.092,-31.605,100.092
yaw230_pitch+000,230,0,324.854,-22.974,94.854
yaw230_pitch+005,230,5,314.085,-21.697,84.085
yaw230_pitch+010,230,10,288.395,-16.031,58.395
yaw230_pitch+015,230,15,261.537,-9.045,31.537
yaw230_pitch+020,230,20,243.404,0.902,13.404
yaw230_pitch+025,230,25,231.962,6.522,1.962
yaw230_pitch+030,230,30,220.030,10.058,9.970
yaw230_pitch+035,230,35,219.556,17.787,10.444
yaw230_pitch+040,230,40,217.151,29.056,12.849
yaw230_pitch+045,230,45,214.121,34.731,15.879
yaw230_pitch+050,230,50,208.728,42.195,21.272
yaw230_pitch+055,230,55,207.292,47.988,22.708
yaw230_pitch+060,230,60,209.418,56.878,20.582
yaw230_pitch+065,230,65,213.301,62.727,16.699
yaw230_pitch+070,230,70,212.354,67.972,17.646
yaw230_pitch+075,230,75,212.823,73.907,17.177
yaw230_pitch+080,230,80,214.317,79.711,15.683
yaw230_pitch+085,230,85,214.628,83.518,15.372
yaw230_pitch+090,230,90,216.740,87.406,13.260
yaw235_pitch-090,235,-90,245.049,-80.124,10.049
yaw235_pitch-085,235,-85,243.519,-76.929,8.519
yaw235_pitch-080,235,-80,248.857,-74.234,13.857
yaw235_pitch-075,235,-75,255.395,-67.625,20.395
yaw235_pitch-070,235,-70,269.946,-61.340,34.946
yaw235_pitch-065,235,-65,294.170,-61.688,59.170
yaw235_pitch-060,235,-60,304.789,-58.140,69.789
yaw235_pitch-055,235,-55,315.408,-52.662,80.408
yaw235_pitch-050,235,-50,326.868,-44.657,91.868
yaw235_pitch-045,235,-45,332.916,-42.445,97.916
yaw235_pitch-040,235,-40,333.802,-39.271,98.802
yaw235_pitch-035,235,-35,331.467,-43.889,96.467
yaw235_pitch-030,235,-30,326.712,-43.767,91.712
yaw235_pitch-025,235,-25,324.358,-44.491,89.358
yaw235_pitch-020,235,-20,321.678,-40.838,86.678
yaw235_pitch-015,235,-15,319.299,-41.375,84.299
yaw235_pitch-010,235,-10,323.514,-37.066,88.514
yaw235_pitch-005,235,-5,317.206,-33.133,82.206
yaw235_pitch+000,235,0,319.466,-21.361,84.466
yaw235_pitch+005,235,5,319.954,-15.861,84.954
yaw235_pitch+010,235,10,321.141,-11.853,86.141
yaw235_pitch+015,235,15,319.633,5.733,84.633
yaw235_pitch+020,235,20,313.627,14.395,78.627
yaw235_pitch+025,235,25,291.993,10.248,56.993
yaw235_pitch+030,235,30,269.001,13.893,34.001
yaw235_pitch+035,235,35,264.681,17.691,29.681
yaw235_pitch+040,235,40,261.760,24.821,26.760
yaw235_pitch+045,235,45,255.646,29.166,20.646
yaw235_pitch+050,235,50,233.990,35.467,1.010
yaw235_pitch+055,235,55,254.634,42.676,19.634
yaw235_pitch+060,235,60,226.675,48.455,8.325
yaw235_pitch+065,235,65,227.511,59.525,7.489
yaw235_pitch+070,235,70,220.539,66.425,14.461
yaw235_pitch+075,235,75,219.105,72.208,15.895
yaw235_pitch+080,235,80,219.104,80.023,15.896
yaw235_pitch+085,235,85,221.448,82.015,13.552
yaw235_pitch+090,235,90,224.250,85.368,10.750
yaw240_pitch-090,240,-90,260.755,-79.756,20.755
yaw240_pitch-085,240,-85,254.301,-82.707,14.301
yaw240_pitch-080,240,-80,260.990,-79.269,20.990
yaw240_pitch-075,240,-75,270.944,-73.250,30.944
yaw240_pitch-070,240,-70,280.283,-73.741,40.283
yaw240_pitch-065,240,-65,289.520,-66.635,49.520
yaw240_pitch-060,240,-60,298.589,-63.203,58.589
yaw240_pitch-055,240,-55,292.707,-57.358,52.707
yaw240_pitch-050,240,-50,293.622,-50.620,53.622
yaw240_pitch-045,240,-45,302.074,-48.952,62.074
yaw240_pitch-040,240,-40,313.215,-42.238,73.215
yaw240_pitch-035,240,-35,321.533,-38.271,81.533
yaw240_pitch-030,240,-30,330.373,-36.007,90.373
yaw240_pitch-025,240,-25,336.998,-35.394,96.998
yaw240_pitch-020,240,-20,343.890,-30.277,103.890
yaw240_pitch-015,240,-15,356.255,-31.261,116.255
yaw240_pitch-010,240,-10,352.224,-30.374,112.224
yaw240_pitch-005,240,-5,334.454,-25.786,94.454
yaw240_pitch+000,240,0,320.486,-15.607,80.486
yaw240_pitch+005,240,5,317.340,-12.753,77.340
yaw240_pitch+010,240,10,316.237,-2.149,76.237
yaw240_pitch+015,240,15,315.451,19.239,75.451
yaw240_pitch+020,240,20,315.483,29.599,75.483
yaw240_pitch+025,240,25,316.041,33.861,76.041
yaw240_pitch+030,240,30,316.339,37.453,76.339
yaw240_pitch+035,240,35,317.819,35.203,77.819
yaw240_pitch+040,240,40,316.481,35.316,76.481
yaw240_pitch+045,240,45,309.254,35.842,69.254
yaw240_pitch+050,240,50,284.777,36.460,44.777
yaw240_pitch+055,240,55,278.919,37.844,38.919
yaw240_pitch+060,240,60,251.441,43.273,11.441
yaw240_pitch+065,240,65,243.224,54.405,3.224
yaw240_pitch+070,240,70,230.690,64.268,9.310
yaw240_pitch+075,240,75,223.527,72.697,16.473
yaw240_pitch+080,240,80,225.483,78.627,14.517
yaw240_pitch+085,240,85,229.236,81.821,10.764
yaw240_pitch+090,240,90,228.502,85.568,11.498
yaw245_pitch-090,245,-90,273.424,-81.168,28.424
yaw245_pitch-085,245,-85,263.729,-88.220,18.729
yaw245_pitch-080,245,-80,271.149,-83.463,26.149
yaw245_pitch-075,245,-75,285.397,-75.013,40.397
yaw245_pitch-070,245,-70,287.746,-76.217,42.746
yaw245_pitch-065,245,-65,294.485,-72.769,49.485
yaw245_pitch-060,245,-60,298.525,-66.791,53.525
yaw245_pitch-055,245,-55,296.528,-64.556,51.528
yaw245_pitch-050,245,-50,297.976,-60.432,52.976
yaw245_pitch-045,245,-45,295.516,-53.261,50.516
yaw245_pitch-040,245,-40,301.065,-48.267,56.065
yaw245_pitch-035,245,-35,302.901,-43.099,57.901
yaw245_pitch-030,245,-30,305.042,-42.003,60.042
yaw245_pitch-025,245,-25,305.128,-39.479,60.128
yaw245_pitch-020,245,-20,314.456,-35.508,69.456
yaw245_pitch-015,245,-15,329.563,-31.933,84.563
yaw245_pitch-010,245,-10,335.695,-24.952,90.695
yaw245_pitch-005,245,-5,339.813,-18.424,94.813
yaw245_pitch+000,245,0,343.871,-11.322,98.871
yaw245_pitch+005,245,5,348.056,-2.224,103.056
yaw245_pitch+010,245,10,326.802,5.397,81.802
yaw245_pitch+015,245,15,318.280,18.342,73.280
yaw245_pitch+020,245,20,315.283,28.982,70.283
yaw245_pitch+025,245,25,315.235,37.078,70.235
yaw245_pitch+030,245,30,315.117,40.952,70.117
yaw245_pitch+035,245,35,315.073,42.947,70.073
yaw245_pitch+040,245,40,315.236,43.976,70.236
yaw245_pitch+045,245,45,315.344,44.573,70.344
yaw245_pitch+050,245,50,316.630,44.690,71.630
yaw245_pitch+055,245,55,315.619,44.748,70.619
yaw245_pitch+060,245,60,298.616,44.849,53.616
yaw245_pitch+065,245,65,263.136,48.341,18.136
yaw245_pitch+070,245,70,237.653,57.387,7.347
yaw245_pitch+075,245,75,231.896,71.307,13.104
yaw245_pitch+080,245,80,231.845,79.056,13.155
yaw245_pitch+085,245,85,235.045,81.406,9.955
yaw245_pitch+090,245,90,233.016,85.031,11.984
yaw250_pitch-090,250,-90,283.563,-80.861,33.563
yaw250_pitch-085,250,-85,269.111,-88.010,19.111
yaw250_pitch-080,250,-80,273.303,-84.613,23.303
yaw250_pitch-075,250,-75,286.870,-80.829,36.870
yaw250_pitch-070,250,-70,292.125,-76.508,42.125
yaw250_pitch-065,250,-65,294.784,-70.853,44.784
yaw250_pitch-060,250,-60,300.160,-68.965,50.160
yaw250_pitch-055,250,-55,298.091,-65.802,48.091
yaw250_pitch-050,250,-50,297.478,-56.654,47.478
yaw250_pitch-045,250,-45,297.185,-55.953,47.185
yaw250_pitch-040,250,-40,300.255,-52.040,50.255
yaw250_pitch-035,250,-35,300.636,-47.711,50.636
yaw250_pitch-030,250,-30,298.507,-43.442,48.507
yaw250_pitch-025,250,-25,300.932,-42.765,50.932
yaw250_pitch-020,250,-20,290.942,-36.670,40.942
yaw250_pitch-015,250,-15,288.654,-31.276,38.654
yaw250_pitch-010,250,-10,296.186,-29.650,46.186
yaw250_pitch-005,250,-5,305.069,-19.862,55.069
yaw250_pitch+000,250,0,315.176,-12.728,65.176
yaw250_pitch+005,250,5,327.757,-7.705,77.757
yaw250_pitch+010,250,10,333.726,-0.991,83.726
yaw250_pitch+015,250,15,333.717,10.802,83.717
yaw250_pitch+020,250,20,333.463,21.685,83.463
yaw250_pitch+025,250,25,324.857,30.476,74.857
yaw250_pitch+030,250,30,317.546,39.050,67.546
yaw250_pitch+035,250,35,315.589,42.479,65.589
yaw250_pitch+040,250,40,315.160,44.194,65.160
yaw250_pitch+045,250,45,315.129,44.750,65.129
yaw250_pitch+050,250,50,315.113,44.989,65.113
yaw250_pitch+055,250,55,315.364,45.054,65.364
yaw250_pitch+060,250,60,315.669,45.305,65.669
yaw250_pitch+065,250,65,303.812,46.356,53.812
yaw250_pitch+070,250,70,279.275,50.809,29.275
yaw250_pitch+075,250,75,242.648,60.261,7.352
yaw250_pitch+080,250,80,233.546,72.873,16.454
yaw250_pitch+085,250,85,232.692,82.605,17.308
yaw250_pitch+090,250,90,234.632,85.951,15.368
yaw255_pitch-090,255,-90,286.905,-83.447,31.905
yaw255_pitch-085,255,-85,275.835,-85.746,20.835
yaw255_pitch-080,255,-80,282.812,-90.000,27.812
yaw255_pitch-075,255,-75,283.516,-84.245,28.516
yaw255_pitch-070,255,-70,292.594,-77.631,37.594
yaw255_pitch-065,255,-65,293.627,-70.317,38.627
yaw255_pitch-060,255,-60,296.763,-71.104,41.763
yaw255_pitch-055,255,-55,297.824,-63.979,42.824
yaw255_pitch-050,255,-50,296.399,-57.078,41.399
yaw255_pitch-045,255,-45,299.343,-57.582,44.343
yaw255_pitch-040,255,-40,296.756,-49.737,41.756
yaw255_pitch-035,255,-35,300.098,-48.268,45.098
yaw255_pitch-030,255,-30,296.320,-44.014,41.320
yaw255_pitch-025,255,-25,297.678,-37.965,42.678
yaw255_pitch-020,255,-20,294.838,-35.814,39.838
yaw255_pitch-015,255,-15,290.771,-33.184,35.771
yaw255_pitch-010,255,-10,293.189,-25.329,38.189
yaw255_pitch-005,255,-5,299.056,-19.423,44.056
yaw255_pitch+000,255,0,297.492,-12.348,42.492
yaw255_pitch+005,255,5,303.694,-9.781,48.694
yaw255_pitch+010,255,10,305.801,-6.579,50.801
yaw255_pitch+015,255,15,310.458,0.531,55.458
yaw255_pitch+020,255,20,317.699,9.466,62.699
yaw255_pitch+025,255,25,329.001,15.884,74.001
yaw255_pitch+030,255,30,332.144,22.390,77.144
yaw255_pitch+035,255,35,329.199,28.643,74.199
yaw255_pitch+040,255,40,326.552,39.217,71.552
yaw255_pitch+045,255,45,321.198,43.649,66.198
yaw255_pitch+050,255,50,318.944,44.999,63.944
yaw255_pitch+055,255,55,317.691,45.389,62.691
yaw255_pitch+060,255,60,316.309,46.045,61.309
yaw255_pitch+065,255,65,313.439,47.487,58.439
yaw255_pitch+070,255,70,296.200,51.902,41.200
yaw255_pitch+075,255,75,255.233,63.490,0.233
yaw255_pitch+080,255,80,239.263,76.304,15.737
yaw255_pitch+085,255,85,235.917,83.931,19.083
yaw255_pitch+090,255,90,242.040,87.302,12.960
yaw260_pitch-090,260,-90,280.892,-80.983,20.892
yaw260_pitch-085,260,-85,277.085,-82.169,17.085
yaw260_pitch-080,260,-80,282.061,-87.459,22.061
yaw260_pitch-075,260,-75,286.510,-84.577,26.510
yaw260_pitch-070,260,-70,290.115,-73.222,30.115
yaw260_pitch-065,260,-65,291.727,-71.105,31.727
yaw260_pitch-060,260,-60,296.193,-69.269,36.193
yaw260_pitch-055,260,-55,295.240,-64.917,35.240
yaw260_pitch-050,260,-50,297.476,-60.705,37.476
yaw260_pitch-045,260,-45,298.527,-56.936,38.527
yaw260_pitch-040,260,-40,298.645,-52.282,38.645
yaw260_pitch-035,260,-35,298.785,-48.742,38.785
yaw260_pitch-030,260,-30,294.411,-46.281,34.411
yaw260_pitch-025,260,-25,297.927,-42.129,37.927
yaw260_pitch-020,260,-20,292.445,-35.357,32.445
yaw260_pitch-015,260,-15,288.465,-30.186,28.465
yaw260_pitch-010,260,-10,291.940,-28.964,31.940
yaw260_pitch-005,260,-5,302.340,-21.059,42.340
yaw260_pitch+000,260,0,300.500,-12.587,40.500
yaw260_pitch+005,260,5,308.346,-9.975,48.346
yaw260_pitch+010,260,10,303.236,-5.534,43.236
yaw260_pitch+015,260,15,303.691,-0.518,43.691
yaw260_pitch+020,260,20,310.659,3.533,50.659
yaw260_pitch+025,260,25,308.548,10.156,48.548
yaw260_pitch+030,260,30,314.786,15.334,54.786
yaw260_pitch+035,260,35,316.727,18.796,56.727
yaw260_pitch+040,260,40,321.518,25.094,61.518
yaw260_pitch+045,260,45,322.195,30.157,62.195
yaw260_pitch+050,260,50,320.521,35.807,60.521
yaw260_pitch+055,260,55,317.211,40.238,57.211
yaw260_pitch+060,260,60,305.052,46.191,45.052
yaw260_pitch+065,260,65,289.980,54.590,29.980
yaw260_pitch+070,260,70,272.974,62.997,12.974
yaw260_pitch+075,260,75,253.984,76.083,6.016
yaw260_pitch+080,260,80,243.165,80.383,16.835
yaw260_pitch+085,260,85,248.577,84.048,11.423
yaw260_pitch+090,260,90,247.622,87.613,12.378
yaw265_pitch-090,265,-90,288.146,-80.543,23.146
yaw265_pitch-085,265,-85,284.289,-78.039,19.289
yaw265_pitch-080,265,-80,283.749,-85.964,18.749
yaw265_pitch-075,265,-75,286.453,-81.092,21.453
yaw265_pitch-070,265,-70,288.643,-74.895,23.643
yaw265_pitch-065,265,-65,291.916,-67.105,26.916
yaw265_pitch-060,265,-60,295.893,-65.761,30.893
yaw265_pitch-055,265,-55,296.427,-63.491,31.427
yaw265_pitch-050,265,-50,292.491,-62.600,27.491
yaw265_pitch-045,265,-45,297.568,-56.613,32.568
yaw265_pitch-040,265,-40,300.173,-55.525,35.173
yaw265_pitch-035,265,-35,296.685,-50.289,31.685
yaw265_pitch-030,265,-30,294.881,-47.303,29.881
yaw265_pitch-025,265,-25,294.108,-43.250,29.108
yaw265_pitch-020,265,-20,285.359,-36.089,20.359
yaw265_pitch-015,265,-15,292.063,-32.094,27.063
yaw265_pitch-010,265,-10,285.094,-26.341,20.094
yaw265_pitch-005,265,-5,303.328,-21.164,38.328
yaw265_pitch+000,265,0,298.575,-13.944,33.575
yaw265_pitch+005,265,5,307.399,-11.086,42.399
yaw265_pitch+010,265,10,309.684,-5.663,44.684
yaw265_pitch+015,265,15,308.669,-3.595,43.669
yaw265_pitch+020,265,20,311.884,0.685,46.884
yaw265_pitch+025,265,25,314.255,6.515,49.255
yaw265_pitch+030,265,30,316.813,14.091,51.813
yaw265_pitch+035,265,35,316.717,19.976,51.717
yaw265_pitch+040,265,40,317.471,23.734,52.471
yaw265_pitch+045,265,45,311.546,28.285,46.546
yaw265_pitch+050,265,50,305.947,31.258,40.947
yaw265_pitch+055,265,55,304.927,34.480,39.927
yaw265_pitch+060,265,60,298.001,41.877,33.001
yaw265_pitch+065,265,65,282.329,55.210,17.329
yaw265_pitch+070,265,70,273.094,61.957,8.094
yaw265_pitch+075,265,75,262.774,71.791,2.226
yaw265_pitch+080,265,80,257.053,78.176,7.947
yaw265_pitch+085,265,85,255.749,81.780,9.251
yaw265_pitch+090,265,90,243.864,83.789,21.136
yaw270_pitch-090,270,-90,284.920,-79.711,14.920
yaw270_pitch-085,270,-85,285.373,-79.817,15.373
yaw270_pitch-080,270,-80,287.602,-87.091,17.602
yaw270_pitch-075,270,-75,290.701,-74.131,20.701
yaw270_pitch-070,270,-70,295.612,-67.018,25.612
yaw270_pitch-065,270,-65,296.419,-66.376,26.419
yaw270_pitch-060,270,-60,301.585,-64.450,31.585
yaw270_pitch-055,270,-55,298.711,-66.191,28.711
yaw270_pitch-050,270,-50,300.002,-59.836,30.002
yaw270_pitch-045,270,-45,298.499,-56.961,28.499
yaw270_pitch-040,270,-40,298.845,-54.650,28.845
yaw270_pitch-035,270,-35,298.822,-52.099,28.822
yaw270_pitch-030,270,-30,296.827,-50.720,26.827
yaw270_pitch-025,270,-25,296.065,-47.166,26.065
yaw270_pitch-020,270,-20,295.857,-38.966,25.857
yaw270_pitch-015,270,-15,299.230,-33.063,29.230
yaw270_pitch-010,270,-10,296.741,-27.465,26.741
yaw270_pitch-005,270,-5,299.495,-20.353,29.495
yaw270_pitch+000,270,0,304.483,-14.688,34.483
yaw270_pitch+005,270,5,303.402,-11.510,33.402
yaw270_pitch+010,270,10,303.042,-7.988,33.042
yaw270_pitch+015,270,15,308.146,-3.372,38.146
yaw270_pitch+020,270,20,308.278,-0.630,38.278
yaw270_pitch+025,270,25,312.553,5.801,42.553
yaw270_pitch+030,270,30,315.039,11.928,45.039
yaw270_pitch+035,270,35,316.851,18.721,46.851
yaw270_pitch+040,270,40,313.523,23.354,43.523
yaw270_pitch+045,270,45,308.370,29.340,38.370
yaw270_pitch+050,270,50,309.565,29.354,39.565
yaw270_pitch+055,270,55,307.875,34.708,37.875
yaw270_pitch+060,270,60,299.075,44.220,29.075
yaw270_pitch+065,270,65,280.518,53.778,10.518
yaw270_pitch+070,270,70,276.981,62.070,6.981
yaw270_pitch+075,270,75,268.908,69.338,1.092
yaw270_pitch+080,270,80,267.565,79.625,2.435
yaw270_pitch+085,270,85,265.930,81.097,4.070
yaw270_pitch+090,270,90,250.082,85.265,19.918
yaw275_pitch-090,275,-90,289.057,-80.220,14.057
yaw275_pitch-085,275,-85,289.273,-83.615,14.273
yaw275_pitch-080,275,-80,291.815,-82.516,16.815
yaw275_pitch-075,275,-75,296.405,-79.921,21.405
yaw275_pitch-070,275,-70,298.426,-73.795,23.426
yaw275_pitch-065,275,-65,303.166,-63.899,28.166
yaw275_pitch-060,275,-60,303.369,-66.669,28.369
yaw275_pitch-055,275,-55,304.417,-62.501,29.417
yaw275_pitch-050,275,-50,304.786,-59.520,29.786
yaw275_pitch-045,275,-45,303.492,-57.227,28.492
yaw275_pitch-040,275,-40,303.409,-53.482,28.409
yaw275_pitch-035,275,-35,303.366,-52.386,28.366
yaw275_pitch-030,275,-30,300.678,-50.134,25.678
yaw275_pitch-025,275,-25,302.786,-45.099,27.786
yaw275_pitch-020,275,-20,300.326,-38.851,25.326
yaw275_pitch-015,275,-15,305.626,-32.907,30.626
yaw275_pitch-010,275,-10,305.205,-26.543,30.205
yaw275_pitch-005,275,-5,308.650,-20.646,33.650
yaw275_pitch+000,275,0,310.069,-13.775,35.069
yaw275_pitch+005,275,5,311.715,-10.917,36.715
yaw275_pitch+010,275,10,312.119,-7.922,37.119
yaw275_pitch+015,275,15,311.536,-3.993,36.536
yaw275_pitch+020,275,20,308.975,1.051,33.975
yaw275_pitch+025,275,25,309.767,6.774,34.767
yaw275_pitch+030,275,30,311.112,14.145,36.112
yaw275_pitch+035,275,35,311.290,19.917,36.290
yaw275_pitch+040,275,40,308.721,24.837,33.721
yaw275_pitch+045,275,45,305.690,26.206,30.690
yaw275_pitch+050,275,50,305.657,37.651,30.657
yaw275_pitch+055,275,55,305.452,38.431,30.452
yaw275_pitch+060,275,60,298.308,43.608,23.308
yaw275_pitch+065,275,65,285.447,53.360,10.447
yaw275_pitch+070,275,70,277.914,61.855,2.914
yaw275_pitch+075,275,75,274.967,70.016,0.033
yaw275_pitch+080,275,80,275.270,78.635,0.270
yaw275_pitch+085,275,85,268.533,81.820,6.467
yaw275_pitch+090,275,90,266.103,90.000,8.897
yaw280_pitch-090,280,-90,294.921,-80.636,14.921
yaw280_pitch-085,280,-85,292.565,-79.658,12.565
yaw280_pitch-080,280,-80,296.446,-80.724,16.446
yaw280_pitch-075,280,-75,299.086,-74.466,19.086
yaw280_pitch-070,280,-70,301.625,-70.239,21.625
yaw280_pitch-065,280,-65,304.068,-62.282,24.068
yaw280_pitch-060,280,-60,306.894,-64.629,26.894
yaw280_pitch-055,280,-55,308.756,-60.176,28.756
yaw280_pitch-050,280,-50,308.605,-58.428,28.605
yaw280_pitch-045,280,-45,308.289,-55.100,28.289
yaw280_pitch-040,280,-40,308.673,-52.194,28.673
yaw280_pitch-035,280,-35,307.791,-49.181,27.791
yaw280_pitch-030,280,-30,307.816,-48.908,27.816
yaw280_pitch-025,280,-25,306.283,-45.625,26.283
yaw280_pitch-020,280,-20,305.759,-39.664,25.759
yaw280_pitch-015,280,-15,306.620,-30.488,26.620
yaw280_pitch-010,280,-10,307.147,-23.877,27.147
yaw280_pitch-005,280,-5,311.210,-20.531,31.210
yaw280_pitch+000,280,0,314.364,-12.822,34.364
yaw280_pitch+005,280,5,313.638,-9.189,33.638
yaw280_pitch+010,280,10,312.849,-8.550,32.849
yaw280_pitch+015,280,15,313.115,-2.092,33.115
yaw280_pitch+020,280,20,314.033,2.324,34.033
yaw280_pitch+025,280,25,311.271,8.795,31.271
yaw280_pitch+030,280,30,309.774,13.775,29.774
yaw280_pitch+035,280,35,306.153,19.605,26.153
yaw280_pitch+040,280,40,307.026,23.526,27.026
yaw280_pitch+045,280,45,305.051,29.119,25.051
yaw280_pitch+050,280,50,308.394,36.032,28.394
yaw280_pitch+055,280,55,306.938,37.681,26.938
yaw280_pitch+060,280,60,302.999,50.158,22.999
yaw280_pitch+065,280,65,292.295,53.244,12.295
yaw280_pitch+070,280,70,277.652,60.553,2.348
yaw280_pitch+075,280,75,276.182,69.200,3.818
yaw280_pitch+080,280,80,273.725,76.347,6.275
yaw280_pitch+085,280,85,271.094,82.687,8.906
yaw280_pitch+090,280,90,265.132,89.276,14.868
yaw285_pitch-090,285,-90,300.290,-86.963,15.290
yaw285_pitch-085,285,-85,300.178,-85.970,15.178
yaw285_pitch-080,285,-80,302.485,-84.352,17.485
yaw285_pitch-075,285,-75,303.726,-73.529,18.726
yaw285_pitch-070,285,-70,305.400,-71.963,20.400
yaw285_pitch-065,285,-65,308.053,-65.433,23.053
yaw285_pitch-060,285,-60,309.804,-61.976,24.804
yaw285_pitch-055,285,-55,311.304,-59.133,26.304
yaw285_pitch-050,285,-50,311.461,-57.260,26.461
yaw285_pitch-045,285,-45,312.123,-55.026,27.123
yaw285_pitch-040,285,-40,312.733,-50.411,27.733
yaw285_pitch-035,285,-35,312.185,-49.106,27.185
yaw285_pitch-030,285,-30,312.897,-49.001,27.897
yaw285_pitch-025,285,-25,311.868,-45.293,26.868
yaw285_pitch-020,285,-20,310.619,-38.672,25.619
yaw285_pitch-015,285,-15,310.628,-27.993,25.628
yaw285_pitch-010,285,-10,312.462,-21.536,27.462
yaw285_pitch-005,285,-5,313.694,-17.581,28.694
yaw285_pitch+000,285,0,313.694,-11.777,28.694
yaw285_pitch+005,285,5,313.406,-8.810,28.406
yaw285_pitch+010,285,10,314.752,-6.660,29.752
yaw285_pitch+015,285,15,314.010,-2.342,29.010
yaw285_pitch+020,285,20,312.603,3.090,27.603
yaw285_pitch+025,285,25,313.280,9.278,28.280
yaw285_pitch+030,285,30,311.721,13.361,26.721
yaw285_pitch+035,285,35,311.073,18.568,26.073
yaw285_pitch+040,285,40,307.471,24.270,22.471
yaw285_pitch+045,285,45,305.342,30.480,20.342
yaw285_pitch+050,285,50,310.048,35.849,25.048
yaw285_pitch+055,285,55,307.986,39.989,22.986
yaw285_pitch+060,285,60,302.649,45.624,17.649
yaw285_pitch+065,285,65,296.243,54.322,11.243
yaw285_pitch+070,285,70,284.102,60.455,0.898
yaw285_pitch+075,285,75,285.837,69.905,0.837
yaw285_pitch+080,285,80,277.918,76.768,7.082
yaw285_pitch+085,285,85,274.063,80.867,10.937
yaw285_pitch+090,285,90,271.289,89.553,13.711
yaw290_pitch-090,290,-90,304.913,-85.515,14.913
yaw290_pitch-085,290,-85,303.527,-84.382,13.527
yaw290_pitch-080,290,-80,305.008,-85.091,15.008
yaw290_pitch-075,290,-75,307.035,-76.388,17.035
yaw290_pitch-070,290,-70,309.172,-74.694,19.172
yaw290_pitch-065,290,-65,311.521,-62.732,21.521
yaw290_pitch-060,290,-60,312.418,-61.780,22.418
yaw290_pitch-055,290,-55,314.534,-56.152,24.534
yaw290_pitch-050,290,-50,314.722,-55.984,24.722
yaw290_pitch-045,290,-45,315.609,-51.518,25.609
yaw290_pitch-040,290,-40,315.921,-51.298,25.921
yaw290_pitch-035,290,-35,315.724,-48.681,25.724
yaw290_pitch-030,290,-30,316.505,-48.243,26.505
yaw290_pitch-025,290,-25,315.747,-44.419,25.747
yaw290_pitch-020,290,-20,314.510,-37.713,24.510
yaw290_pitch-015,290,-15,312.729,-29.781,22.729
yaw290_pitch-010,290,-10,312.229,-24.324,22.229
yaw290_pitch-005,290,-5,312.631,-18.472,22.631
yaw290_pitch+000,290,0,311.992,-11.769,21.992
yaw290_pitch+005,290,5,314.545,-7.483,24.545
yaw290_pitch+010,290,10,314.411,-6.514,24.411
yaw290_pitch+015,290,15,312.544,-2.572,22.544
yaw290_pitch+020,290,20,312.860,2.876,22.860
yaw290_pitch+025,290,25,312.915,7.494,22.915
yaw290_pitch+030,290,30,312.775,13.795,22.775
yaw290_pitch+035,290,35,311.268,17.976,21.268
yaw290_pitch+040,290,40,311.799,24.780,21.799
yaw290_pitch+045,290,45,308.600,30.803,18.600
yaw290_pitch+050,290,50,308.657,32.631,18.657
yaw290_pitch+055,290,55,307.321,36.150,17.321
yaw290_pitch+060,290,60,301.633,45.505,11.633
yaw290_pitch+065,290,65,293.772,52.238,3.772
yaw290_pitch+070,290,70,292.723,61.510,2.723
yaw290_pitch+075,290,75,285.119,69.608,4.881
yaw290_pitch+080,290,80,284.310,75.582,5.690
yaw290_pitch+085,290,85,283.878,80.247,6.122
yaw290_pitch+090,290,90,280.100,86.835,9.900
yaw295_pitch-090,295,-90,309.739,-83.909,14.739
yaw295_pitch-085,295,-85,309.033,-86.910,14.033
yaw295_pitch-080,295,-80,308.055,-87.253,13.055
yaw295_pitch-075,295,-75,309.477,-79.617,14.477
yaw295_pitch-070,295,-70,311.563,-71.327,16.563
yaw295_pitch-065,295,-65,313.453,-66.299,18.453
yaw295_pitch-060,295,-60,314.758,-61.172,19.758
yaw295_pitch-055,295,-55,316.573,-58.509,21.573
yaw295_pitch-050,295,-50,316.913,-54.917,21.913
yaw295_pitch-045,295,-45,317.339,-53.905,22.339
yaw295_pitch-040,295,-40,317.975,-49.508,22.975
yaw295_pitch-035,295,-35,317.957,-47.987,22.957
yaw295_pitch-030,295,-30,318.546,-46.283,23.546
yaw295_pitch-025,295,-25,317.691,-41.442,22.691
yaw295_pitch-020,295,-20,316.147,-34.480,21.147
yaw295_pitch-015,295,-15,314.893,-28.280,19.893
yaw295_pitch-010,295,-10,313.993,-23.017,18.993
yaw295_pitch-005,295,-5,311.699,-19.217,16.699
yaw295_pitch+000,295,0,309.849,-12.769,14.849
yaw295_pitch+005,295,5,310.536,-9.585,15.536
yaw295_pitch+010,295,10,309.838,-7.531,14.838
yaw295_pitch+015,295,15,309.386,-2.336,14.386
yaw295_pitch+020,295,20,309.825,3.698,14.825
yaw295_pitch+025,295,25,309.094,7.064,14.094
yaw295_pitch+030,295,30,308.184,9.252,13.184
yaw295_pitch+035,295,35,308.701,15.201,13.701
yaw295_pitch+040,295,40,308.532,17.507,13.532
yaw295_pitch+045,295,45,306.948,26.586,11.948
yaw295_pitch+050,295,50,304.220,34.158,9.220
yaw295_pitch+055,295,55,301.572,36.231,6.572
yaw295_pitch+060,295,60,300.131,42.554,5.131
yaw295_pitch+065,295,65,294.789,52.554,0.211
yaw295_pitch+070,295,70,290.674,61.850,4.326
yaw295_pitch+075,295,75,288.783,72.064,6.217
yaw295_pitch+080,295,80,286.300,76.834,8.700
yaw295_pitch+085,295,85,284.104,78.865,10.896
yaw295_pitch+090,295,90,283.015,86.512,11.985
yaw300_pitch-090,300,-90,314.603,-81.072,14.603
yaw300_pitch-085,300,-85,313.217,-80.579,13.217
yaw300_pitch-080,300,-80,312.128,-76.060,12.128
yaw300_pitch-075,300,-75,312.248,-73.263,12.248
yaw300_pitch-070,300,-70,314.926,-64.864,14.926
yaw300_pitch-065,300,-65,316.112,-62.475,16.112
yaw300_pitch-060,300,-60,318.345,-58.629,18.345
yaw300_pitch-055,300,-55,319.372,-57.027,19.372
yaw300_pitch-050,300,-50,319.482,-54.797,19.482
yaw300_pitch-045,300,-45,320.138,-51.929,20.138
yaw300_pitch-040,300,-40,320.340,-49.445,20.340
yaw300_pitch-035,300,-35,320.265,-48.586,20.265
yaw300_pitch-030,300,-30,320.536,-46.972,20.536
yaw300_pitch-025,300,-25,319.063,-42.474,19.063
yaw300_pitch-020,300,-20,317.344,-35.335,17.344
yaw300_pitch-015,300,-15,315.492,-28.355,15.492
yaw300_pitch-010,300,-10,315.228,-26.584,15.228
yaw300_pitch-005,300,-5,312.916,-19.104,12.916
yaw300_pitch+000,300,0,310.033,-12.095,10.033
yaw300_pitch+005,300,5,307.930,-9.998,7.930
yaw300_pitch+010,300,10,307.002,-7.218,7.002
yaw300_pitch+015,300,15,305.977,-3.159,5.977
yaw300_pitch+020,300,20,304.899,1.481,4.899
yaw300_pitch+025,300,25,305.955,4.722,5.955
yaw300_pitch+030,300,30,307.088,7.045,7.088
yaw300_pitch+035,300,35,306.861,10.257,6.861
yaw300_pitch+040,300,40,307.410,15.045,7.410
yaw300_pitch+045,300,45,306.376,21.563,6.376
yaw300_pitch+050,300,50,305.077,23.661,5.077
yaw300_pitch+055,300,55,302.302,34.347,2.302
yaw300_pitch+060,300,60,299.899,41.617,0.101
yaw300_pitch+065,300,65,296.411,52.788,3.589
yaw300_pitch+070,300,70,295.312,63.975,4.688
yaw300_pitch+075,300,75,295.628,73.520,4.372
yaw300_pitch+080,300,80,291.703,77.811,8.297
yaw300_pitch+085,300,85,288.663,79.442,11.337
yaw300_pitch+090,300,90,288.793,86.408,11.207
yaw305_pitch-090,305,-90,321.561,-79.666,16.561
yaw305_pitch-085,305,-85,321.822,-79.440,16.822
yaw305_pitch-080,305,-80,321.170,-74.196,16.170
yaw305_pitch-075,305,-75,323.660,-69.268,18.660
yaw305_pitch-070,305,-70,326.186,-63.969,21.186
yaw305_pitch-065,305,-65,325.636,-61.131,20.636
yaw305_pitch-060,305,-60,326.279,-59.506,21.279
yaw305_pitch-055,305,-55,327.128,-57.451,22.128
yaw305_pitch-050,305,-50,327.401,-53.503,22.401
yaw305_pitch-045,305,-45,328.184,-52.878,23.184
yaw305_pitch-040,305,-40,325.768,-50.461,20.768
yaw305_pitch-035,305,-35,325.677,-49.279,20.677
yaw305_pitch-030,305,-30,325.205,-45.966,20.205
yaw305_pitch-025,305,-25,322.963,-41.205,17.963
yaw305_pitch-020,305,-20,319.683,-31.883,14.683
yaw305_pitch-015,305,-15,318.436,-26.564,13.436
yaw305_pitch-010,305,-10,315.701,-22.576,10.701
yaw305_pitch-005,305,-5,315.176,-19.335,10.176
yaw305_pitch+000,305,0,313.590,-13.428,8.590
yaw305_pitch+005,305,5,311.588,-11.006,6.588
yaw305_pitch+010,305,10,309.125,-9.259,4.125
yaw305_pitch+015,305,15,307.854,-6.825,2.854
yaw305_pitch+020,305,20,305.644,2.905,0.644
yaw305_pitch+025,305,25,305.970,3.985,0.970
yaw305_pitch+030,305,30,305.002,7.829,0.002
yaw305_pitch+035,305,35,307.072,8.769,2.072
yaw305_pitch+040,305,40,306.006,15.497,1.006
yaw305_pitch+045,305,45,306.364,19.212,1.364
yaw305_pitch+050,305,50,305.650,19.663,0.650
yaw305_pitch+055,305,55,304.394,29.492,0.606
yaw305_pitch+060,305,60,303.088,40.089,1.912
yaw305_pitch+065,305,65,302.101,55.948,2.899
yaw305_pitch+070,305,70,301.972,66.374,3.028
yaw305_pitch+075,305,75,301.809,74.968,3.191
yaw305_pitch+080,305,80,300.607,80.263,4.393
yaw305_pitch+085,305,85,300.061,82.910,4.939
yaw305_pitch+090,305,90,297.977,86.124,7.023
yaw310_pitch-090,310,-90,323.121,-79.404,13.121
yaw310_pitch-085,310,-85,321.346,-80.899,11.346
yaw310_pitch-080,310,-80,322.714,-69.040,12.714
yaw310_pitch-075,310,-75,326.237,-66.440,16.237
yaw310_pitch-070,310,-70,325.468,-56.076,15.468
yaw310_pitch-065,310,-65,327.663,-59.327,17.663
yaw310_pitch-060,310,-60,333.248,-59.385,23.248
yaw310_pitch-055,310,-55,331.062,-59.193,21.062
yaw310_pitch-050,310,-50,334.801,-54.944,24.801
yaw310_pitch-045,310,-45,334.183,-50.642,24.183
yaw310_pitch-040,310,-40,333.711,-52.772,23.711
yaw310_pitch-035,310,-35,332.896,-47.799,22.896
yaw310_pitch-030,310,-30,329.215,-44.544,19.215
yaw310_pitch-025,310,-25,326.397,-36.568,16.397
yaw310_pitch-020,310,-20,325.399,-29.240,15.399
yaw310_pitch-015,310,-15,323.735,-24.801,13.735
yaw310_pitch-010,310,-10,323.070,-24.054,13.070
yaw310_pitch-005,310,-5,321.101,-19.565,11.101
yaw310_pitch+000,310,0,317.744,-13.145,7.744
yaw310_pitch+005,310,5,313.513,-10.456,3.513
yaw310_pitch+010,310,10,312.347,-9.529,2.347
yaw310_pitch+015,310,15,308.267,-4.848,1.733
yaw310_pitch+020,310,20,305.821,2.312,4.179
yaw310_pitch+025,310,25,306.100,5.740,3.900
yaw310_pitch+030,310,30,306.607,6.344,3.393
yaw310_pitch+035,310,35,307.566,7.197,2.434
yaw310_pitch+040,310,40,307.593,10.919,2.407
yaw310_pitch+045,310,45,308.694,20.224,1.306
yaw310_pitch+050,310,50,307.787,22.987,2.213
yaw310_pitch+055,310,55,305.159,33.010,4.841
yaw310_pitch+060,310,60,304.298,41.711,5.702
yaw310_pitch+065,310,65,305.095,57.546,4.905
yaw310_pitch+070,310,70,306.130,67.226,3.870
yaw310_pitch+075,310,75,306.679,75.899,3.321
yaw310_pitch+080,310,80,303.884,79.672,6.116
yaw310_pitch+085,310,85,302.319,80.932,7.681
yaw310_pitch+090,310,90,301.920,86.540,8.080
yaw315_pitch-090,315,-90,325.789,-81.966,10.789
yaw315_pitch-085,315,-85,325.120,-82.798,10.120
yaw315_pitch-080,315,-80,327.867,-69.181,12.867
yaw315_pitch-075,315,-75,329.805,-65.359,14.805
yaw315_pitch-070,315,-70,328.100,-56.707,13.100
yaw315_pitch-065,315,-65,332.123,-53.742,17.123
yaw315_pitch-060,315,-60,336.369,-58.778,21.369
yaw315_pitch-055,315,-55,340.091,-60.380,25.091
yaw315_pitch-050,315,-50,344.223,-54.251,29.223
yaw315_pitch-045,315,-45,339.600,-47.833,24.600
yaw315_pitch-040,315,-40,339.412,-49.543,24.412
yaw315_pitch-035,315,-35,339.280,-49.228,24.280
yaw315_pitch-030,315,-30,336.627,-44.382,21.627
yaw315_pitch-025,315,-25,332.741,-36.855,17.741
yaw315_pitch-020,315,-20,329.153,-28.028,14.153
yaw315_pitch-015,315,-15,324.719,-24.909,9.719
yaw315_pitch-010,315,-10,324.063,-24.250,9.063
yaw315_pitch-005,315,-5,324.632,-20.365,9.632
yaw315_pitch+000,315,0,322.457,-13.277,7.457
yaw315_pitch+005,315,5,318.399,-10.953,3.399
yaw315_pitch+010,315,10,314.918,-9.769,0.082
yaw315_pitch+015,315,15,313.045,-4.919,1.955
yaw315_pitch+020,315,20,310.242,3.843,4.758
yaw315_pitch+025,315,25,311.607,8.713,3.393
yaw315_pitch+030,315,30,312.616,8.271,2.384
yaw315_pitch+035,315,35,313.754,8.438,1.246
yaw315_pitch+040,315,40,314.642,14.640,0.358
yaw315_pitch+045,315,45,314.950,22.897,0.050
yaw315_pitch+050,315,50,314.527,27.500,0.473
yaw315_pitch+055,315,55,313.505,36.767,1.495
yaw315_pitch+060,315,60,311.385,46.201,3.615
yaw315_pitch+065,315,65,310.546,60.102,4.454
yaw315_pitch+070,315,70,308.518,66.702,6.482
yaw315_pitch+075,315,75,309.669,76.313,5.331
yaw315_pitch+080,315,80,307.924,80.007,7.076
yaw315_pitch+085,315,85,305.848,80.156,9.152
yaw315_pitch+090,315,90,303.343,81.513,11.657
yaw320_pitch-090,320,-90,329.966,-81.685,9.966
yaw320_pitch-085,320,-85,332.897,-81.914,12.897
yaw320_pitch-080,320,-80,333.825,-74.387,13.825
yaw320_pitch-075,320,-75,334.418,-66.908,14.418
yaw320_pitch-070,320,-70,336.526,-62.856,16.526
yaw320_pitch-065,320,-65,339.125,-62.679,19.125
yaw320_pitch-060,320,-60,338.694,-58.401,18.694
yaw320_pitch-055,320,-55,343.964,-56.835,23.964
yaw320_pitch-050,320,-50,347.908,-51.112,27.908
yaw320_pitch-045,320,-45,345.092,-50.076,25.092
yaw320_pitch-040,320,-40,343.245,-49.185,23.245
yaw320_pitch-035,320,-35,342.555,-46.841,22.555
yaw320_pitch-030,320,-30,342.223,-43.233,22.223
yaw320_pitch-025,320,-25,337.552,-34.979,17.552
yaw320_pitch-020,320,-20,330.377,-27.894,10.377
yaw320_pitch-015,320,-15,327.799,-25.567,7.799
yaw320_pitch-010,320,-10,330.384,-24.469,10.384
yaw320_pitch-005,320,-5,325.329,-17.123,5.329
yaw320_pitch+000,320,0,326.545,-14.200,6.545
yaw320_pitch+005,320,5,327.161,-11.044,7.161
yaw320_pitch+010,320,10,323.699,-8.516,3.699
yaw320_pitch+015,320,15,319.838,-4.212,0.162
yaw320_pitch+020,320,20,318.250,3.636,1.750
yaw320_pitch+025,320,25,318.941,8.680,1.059
yaw320_pitch+030,320,30,319.808,9.643,0.192
yaw320_pitch+035,320,35,320.324,11.078,0.324
yaw320_pitch+040,320,40,320.542,15.166,0.542
yaw320_pitch+045,320,45,320.471,23.432,0.471
yaw320_pitch+050,320,50,321.293,30.862,1.293
yaw320_pitch+055,320,55,320.266,42.082,0.266
yaw320_pitch+060,320,60,317.881,50.887,2.119
yaw320_pitch+065,320,65,314.811,58.958,5.189
yaw320_pitch+070,320,70,317.952,69.978,2.048
yaw320_pitch+075,320,75,317.647,76.896,2.353
yaw320_pitch+080,320,80,316.774,80.333,3.226
yaw320_pitch+085,320,85,307.671,78.798,12.329
yaw320_pitch+090,320,90,303.037,81.335,16.963
yaw325_pitch-090,325,-90,343.256,-90.000,18.256
yaw325_pitch-085,325,-85,343.504,-90.000,18.504
yaw325_pitch-080,325,-80,342.589,-77.759,17.589
yaw325_pitch-075,325,-75,342.316,-71.409,17.316
yaw325_pitch-070,325,-70,341.974,-64.603,16.974
yaw325_pitch-065,325,-65,342.790,-63.777,17.790
yaw325_pitch-060,325,-60,346.011,-65.057,21.011
yaw325_pitch-055,325,-55,348.527,-58.168,23.527
yaw325_pitch-050,325,-50,352.948,-55.391,27.948
yaw325_pitch-045,325,-45,352.087,-50.785,27.087
yaw325_pitch-040,325,-40,349.091,-50.454,24.091
yaw325_pitch-035,325,-35,350.062,-48.657,25.062
yaw325_pitch-030,325,-30,347.917,-41.995,22.917
yaw325_pitch-025,325,-25,336.576,-33.189,11.576
yaw325_pitch-020,325,-20,326.430,-27.086,1.430
yaw325_pitch-015,325,-15,315.005,-8.605,9.995
yaw325_pitch-010,325,-10,315.048,-20.405,9.952
yaw325_pitch-005,325,-5,338.693,-18.305,13.693
yaw325_pitch+000,325,0,327.674,-14.157,2.674
yaw325_pitch+005,325,5,330.238,-10.461,5.238
yaw325_pitch+010,325,10,333.349,-8.478,8.349
yaw325_pitch+015,325,15,331.865,-4.886,6.865
yaw325_pitch+020,325,20,321.575,2.731,3.425
yaw325_pitch+025,325,25,325.097,9.520,0.097
yaw325_pitch+030,325,30,326.199,13.134,1.199
yaw325_pitch+035,325,35,327.758,14.409,2.758
yaw325_pitch+040,325,40,326.354,17.222,1.354
yaw325_pitch+045,325,45,327.512,26.797,2.512
yaw325_pitch+050,325,50,329.011,36.306,4.011
yaw325_pitch+055,325,55,325.182,40.865,0.182
yaw325_pitch+060,325,60,323.840,52.325,1.160
yaw325_pitch+065,325,65,320.449,60.376,4.551
yaw325_pitch+070,325,70,322.440,72.063,2.560
yaw325_pitch+075,325,75,320.861,75.913,4.139
yaw325_pitch+080,325,80,320.654,81.617,4.346
yaw325_pitch+085,325,85,316.877,82.055,8.123
yaw325_pitch+090,325,90,308.281,82.399,16.719
yaw330_pitch-090,330,-90,336.771,-84.557,6.771
yaw330_pitch-085,330,-85,346.301,-86.433,16.301
yaw330_pitch-080,330,-80,348.312,-83.504,18.312
yaw330_pitch-075,330,-75,349.916,-76.068,19.916
yaw330_pitch-070,330,-70,348.206,-67.413,18.206
yaw330_pitch-065,330,-65,352.806,-64.678,22.806
yaw330_pitch-060,330,-60,350.497,-58.637,20.497
yaw330_pitch-055,330,-55,354.840,-59.549,24.840
yaw330_pitch-050,330,-50,352.617,-47.512,22.617
yaw330_pitch-045,330,-45,357.417,-47.836,27.417
yaw330_pitch-040,330,-40,353.222,-49.985,23.222
yaw330_pitch-035,330,-35,356.193,-48.931,26.193
yaw330_pitch-030,330,-30,354.062,-41.200,24.062
yaw330_pitch-025,330,-25,345.677,-34.934,15.677
yaw330_pitch-020,330,-20,324.796,-25.195,5.204
yaw330_pitch-015,330,-15,315.002,-21.882,14.998
yaw330_pitch-010,330,-10,315.015,-28.870,14.985
yaw330_pitch-005,330,-5,343.748,-22.149,13.748
yaw330_pitch+000,330,0,334.105,-15.724,4.105
yaw330_pitch+005,330,5,339.127,-12.715,9.127
yaw330_pitch+010,330,10,335.643,-9.356,5.643
yaw330_pitch+015,330,15,341.581,-4.946,11.581
yaw330_pitch+020,330,20,333.841,5.293,3.841
yaw330_pitch+025,330,25,334.468,11.008,4.468
yaw330_pitch+030,330,30,333.021,15.277,3.021
yaw330_pitch+035,330,35,335.535,17.288,5.535
yaw330_pitch+040,330,40,332.972,21.893,2.972
yaw330_pitch+045,330,45,332.835,28.008,2.835
yaw330_pitch+050,330,50,332.546,37.774,2.546
yaw330_pitch+055,330,55,335.194,45.650,5.194
yaw330_pitch+060,330,60,329.696,55.308,0.304
yaw330_pitch+065,330,65,326.201,61.404,3.799
yaw330_pitch+070,330,70,326.053,68.789,3.947
yaw330_pitch+075,330,75,319.469,71.420,10.531
yaw330_pitch+080,330,80,319.472,78.597,10.528
yaw330_pitch+085,330,85,319.444,83.382,10.556
yaw330_pitch+090,330,90,315.730,80.753,14.270
yaw335_pitch-090,335,-90,353.623,-86.070,18.623
yaw335_pitch-085,335,-85,350.113,-84.346,15.113
yaw335_pitch-080,335,-80,351.571,-78.698,16.571
yaw335_pitch-075,335,-75,356.658,-77.492,21.658
yaw335_pitch-070,335,-70,356.003,-71.381,21.003
yaw335_pitch-065,335,-65,356.780,-56.723,21.780
yaw335_pitch-060,335,-60,359.166,-59.874,24.166
yaw335_pitch-055,335,-55,359.206,-56.564,24.206
yaw335_pitch-050,335,-50,0.157,-51.291,25.157
yaw335_pitch-045,335,-45,358.968,-46.143,23.968
yaw335_pitch-040,335,-40,359.311,-49.229,24.311
yaw335_pitch-035,335,-35,2.116,-46.319,27.116
yaw335_pitch-030,335,-30,1.641,-40.483,26.641
yaw335_pitch-025,335,-25,356.497,-34.596,21.497
yaw335_pitch-020,335,-20,340.446,-30.755,5.446
yaw335_pitch-015,335,-15,328.300,-26.861,6.700
yaw335_pitch-010,335,-10,337.431,-27.792,2.431
yaw335_pitch-005,335,-5,339.430,-22.162,4.430
yaw335_pitch+000,335,0,341.370,-17.052,6.370
yaw335_pitch+005,335,5,346.504,-12.458,11.504
yaw335_pitch+010,335,10,346.228,-8.375,11.228
yaw335_pitch+015,335,15,344.468,-4.710,9.468
yaw335_pitch+020,335,20,339.824,5.968,4.824
yaw335_pitch+025,335,25,341.269,13.953,6.269
yaw335_pitch+030,335,30,341.588,16.643,6.588
yaw335_pitch+035,335,35,345.090,19.677,10.090
yaw335_pitch+040,335,40,338.735,23.155,3.735
yaw335_pitch+045,335,45,337.148,30.177,2.148
yaw335_pitch+050,335,50,342.071,40.136,7.071
yaw335_pitch+055,335,55,341.840,48.052,6.840
yaw335_pitch+060,335,60,336.916,57.100,1.916
yaw335_pitch+065,335,65,330.670,60.556,4.330
yaw335_pitch+070,335,70,329.405,62.928,5.595
yaw335_pitch+075,335,75,326.303,60.084,8.697
yaw335_pitch+080,335,80,326.720,72.877,8.280
yaw335_pitch+085,335,85,322.922,89.625,12.078
yaw335_pitch+090,335,90,317.782,84.206,17.218
yaw340_pitch-090,340,-90,356.236,-81.417,16.236
yaw340_pitch-085,340,-85,356.412,-86.500,16.412
yaw340_pitch-080,340,-80,352.880,-74.607,12.880
yaw340_pitch-075,340,-75,357.994,-71.976,17.994
yaw340_pitch-070,340,-70,0.688,-70.437,20.688
yaw340_pitch-065,340,-65,1.763,-61.559,21.763
yaw340_pitch-060,340,-60,0.542,-50.618,20.542
yaw340_pitch-055,340,-55,4.780,-56.965,24.780
yaw340_pitch-050,340,-50,3.355,-52.768,23.355
yaw340_pitch-045,340,-45,3.133,-47.983,23.133
yaw340_pitch-040,340,-40,3.350,-47.694,23.350
yaw340_pitch-035,340,-35,3.256,-43.281,23.256
yaw340_pitch-030,340,-30,4.717,-39.954,24.717
yaw340_pitch-025,340,-25,5.905,-31.930,25.905
yaw340_pitch-020,340,-20,359.414,-26.475,19.414
yaw340_pitch-015,340,-15,352.751,-26.688,12.751
yaw340_pitch-010,340,-10,351.271,-26.698,11.271
yaw340_pitch-005,340,-5,350.604,-23.800,10.604
yaw340_pitch+000,340,0,355.185,-18.356,15.185
yaw340_pitch+005,340,5,349.466,-11.961,9.466
yaw340_pitch+010,340,10,354.500,-8.577,14.500
yaw340_pitch+015,340,15,359.109,-2.475,19.109
yaw340_pitch+020,340,20,347.074,7.436,7.074
yaw340_pitch+025,340,25,348.917,13.730,8.917
yaw340_pitch+030,340,30,348.317,15.255,8.317
yaw340_pitch+035,340,35,353.714,22.641,13.714
yaw340_pitch+040,340,40,349.369,26.400,9.369
yaw340_pitch+045,340,45,345.134,31.295,5.134
yaw340_pitch+050,340,50,351.768,39.836,11.768
yaw340_pitch+055,340,55,345.254,49.853,5.254
yaw340_pitch+060,340,60,339.955,57.081,0.045
yaw340_pitch+065,340,65,328.870,59.554,11.130
yaw340_pitch+070,340,70,323.135,50.326,16.865
yaw340_pitch+075,340,75,315.088,47.133,24.912
yaw340_pitch+080,340,80,315.983,56.336,24.017
yaw340_pitch+085,340,85,327.587,87.630,12.413
yaw340_pitch+090,340,90,318.348,86.333,21.652
yaw345_pitch-090,345,-90,359.167,-82.116,14.167
yaw345_pitch-085,345,-85,2.324,-87.709,17.324
yaw345_pitch-080,345,-80,3.622,-80.246,18.622
yaw345_pitch-075,345,-75,0.410,-69.084,15.410
yaw345_pitch-070,345,-70,0.783,-63.285,15.783
yaw345_pitch-065,345,-65,7.316,-60.435,22.316
yaw345_pitch-060,345,-60,8.477,-55.845,23.477
yaw345_pitch-055,345,-55,6.908,-55.222,21.908
yaw345_pitch-050,345,-50,9.046,-51.496,24.046
yaw345_pitch-045,345,-45,6.123,-48.637,21.123
yaw345_pitch-040,345,-40,4.154,-45.058,19.154
yaw345_pitch-035,345,-35,5.712,-43.046,20.712
yaw345_pitch-030,345,-30,8.105,-36.312,23.105
yaw345_pitch-025,345,-25,10.066,-34.667,25.066
yaw345_pitch-020,345,-20,10.378,-25.178,25.378
yaw345_pitch-015,345,-15,1.128,-24.370,16.128
yaw345_pitch-010,345,-10,6.675,-25.676,21.675
yaw345_pitch-005,345,-5,359.790,-23.138,14.790
yaw345_pitch+000,345,0,358.359,-17.305,13.359
yaw345_pitch+005,345,5,355.163,-12.203,10.163
yaw345_pitch+010,345,10,352.212,-9.222,7.212
yaw345_pitch+015,345,15,2.444,-1.615,17.444
yaw345_pitch+020,345,20,353.620,6.891,8.620
yaw345_pitch+025,345,25,356.083,13.814,11.083
yaw345_pitch+030,345,30,350.156,16.238,5.156
yaw345_pitch+035,345,35,359.218,22.064,14.218
yaw345_pitch+040,345,40,359.806,27.008,14.806
yaw345_pitch+045,345,45,357.617,32.341,12.617
yaw345_pitch+050,345,50,357.196,41.102,12.196
yaw345_pitch+055,345,55,350.927,49.545,5.927
yaw345_pitch+060,345,60,345.103,55.996,0.103
yaw345_pitch+065,345,65,336.300,56.463,8.700
yaw345_pitch+070,345,70,320.489,49.282,24.511
yaw345_pitch+075,345,75,315.003,46.313,29.997
yaw345_pitch+080,345,80,315.052,51.485,29.948
yaw345_pitch+085,345,85,328.298,84.645,16.702
yaw345_pitch+090,345,90,321.625,84.965,23.375
yaw350_pitch-090,350,-90,2.218,-85.173,12.218
yaw350_pitch-085,350,-85,3.179,-82.455,13.179
yaw350_pitch-080,350,-80,5.320,-84.493,15.320
yaw350_pitch-075,350,-75,6.153,-76.142,16.153
yaw350_pitch-070,350,-70,4.020,-64.947,14.020
yaw350_pitch-065,350,-65,7.140,-59.515,17.140
yaw350_pitch-060,350,-60,10.768,-52.921,20.768
yaw350_pitch-055,350,-55,9.567,-50.244,19.567
yaw350_pitch-050,350,-50,11.648,-53.054,21.648
yaw350_pitch-045,350,-45,8.698,-48.462,18.698
yaw350_pitch-040,350,-40,7.671,-44.574,17.671
yaw350_pitch-035,350,-35,3.942,-40.310,13.942
yaw350_pitch-030,350,-30,13.041,-36.884,23.041
yaw350_pitch-025,350,-25,13.308,-32.272,23.308
yaw350_pitch-020,350,-20,11.430,-26.867,21.430
yaw350_pitch-015,350,-15,12.012,-24.099,22.012
yaw350_pitch-010,350,-10,14.089,-26.257,24.089
yaw350_pitch-005,350,-5,5.069,-24.676,15.069
yaw350_pitch+000,350,0,357.487,-17.638,7.487
yaw350_pitch+005,350,5,359.522,-10.966,9.522
yaw350_pitch+010,350,10,359.968,-6.334,9.968
yaw350_pitch+015,350,15,1.884,-0.196,11.884
yaw350_pitch+020,350,20,359.524,6.388,9.524
yaw350_pitch+025,350,25,356.177,12.684,6.177
yaw350_pitch+030,350,30,350.085,17.251,0.085
yaw350_pitch+035,350,35,356.370,21.636,6.370
yaw350_pitch+040,350,40,10.164,28.629,20.164
yaw350_pitch+045,350,45,0.211,33.230,10.211
yaw350_pitch+050,350,50,359.184,41.181,9.184
yaw350_pitch+055,350,55,355.932,49.860,5.932
yaw350_pitch+060,350,60,354.139,57.657,4.139
yaw350_pitch+065,350,65,343.360,62.342,6.640
yaw350_pitch+070,350,70,332.496,57.016,17.504
yaw350_pitch+075,350,75,325.677,54.625,24.323
yaw350_pitch+080,350,80,331.233,64.389,18.767
yaw350_pitch+085,350,85,328.222,83.794,21.778
yaw350_pitch+090,350,90,325.287,81.716,24.713
yaw355_pitch-090,355,-90,8.336,-80.588,13.336
yaw355_pitch-085,355,-85,10.491,-84.409,15.491
yaw355_pitch-080,355,-80,10.974,-82.775,15.974
yaw355_pitch-075,355,-75,12.383,-79.339,17.383
yaw355_pitch-070,355,-70,13.489,-72.102,18.489
yaw355_pitch-065,355,-65,14.981,-57.480,19.981
yaw355_pitch-060,355,-60,15.792,-55.563,20.792
yaw355_pitch-055,355,-55,17.235,-55.471,22.235
yaw355_pitch-050,355,-50,15.894,-51.845,20.894
yaw355_pitch-045,355,-45,13.006,-50.567,18.006
yaw355_pitch-040,355,-40,12.217,-43.959,17.217
yaw355_pitch-035,355,-35,13.081,-40.115,18.081
yaw355_pitch-030,355,-30,16.083,-38.917,21.083
yaw355_pitch-025,355,-25,14.343,-31.022,19.343
yaw355_pitch-020,355,-20,15.369,-28.423,20.369
yaw355_pitch-015,355,-15,15.163,-27.372,20.163
yaw355_pitch-010,355,-10,8.975,-27.394,13.975
yaw355_pitch-005,355,-5,12.678,-25.446,17.678
yaw355_pitch+000,355,0,11.175,-18.719,16.175
yaw355_pitch+005,355,5,2.363,-9.946,7.363
yaw355_pitch+010,355,10,3.848,-5.240,8.848
yaw355_pitch+015,355,15,2.260,1.045,7.260
yaw355_pitch+020,355,20,3.690,7.332,8.690
yaw355_pitch+025,355,25,1.655,13.165,6.655
yaw355_pitch+030,355,30,4.707,18.470,9.707
yaw355_pitch+035,355,35,8.671,23.385,13.671
yaw355_pitch+040,355,40,14.087,28.018,19.087
yaw355_pitch+045,355,45,9.875,33.714,14.875
yaw355_pitch+050,355,50,7.933,41.198,12.933
yaw355_pitch+055,355,55,7.098,49.898,12.098
yaw355_pitch+060,355,60,0.244,57.574,5.244
yaw355_pitch+065,355,65,352.920,66.056,2.080
yaw355_pitch+070,355,70,347.811,68.416,7.189
yaw355_pitch+075,355,75,338.790,69.056,16.210
yaw355_pitch+080,355,80,335.467,75.788,19.533
yaw355_pitch+085,355,85,335.246,80.947,19.754
yaw355_pitch+090,355,90,342.105,88.567,12.895
