record_id,yaw_true,pitch_true,yaw_pred,pitch_pred,yaw_err
yaw000_pitch-090,0,-90,27.082,-73.139,27.082
yaw000_pitch-085,0,-85,27.763,-73.596,27.763
yaw000_pitch-080,0,-80,25.877,-74.260,25.877
yaw000_pitch-075,0,-75,24.270,-68.258,24.270
yaw000_pitch-070,0,-70,22.658,-61.469,22.658
yaw000_pitch-065,0,-65,20.611,-53.283,20.611
yaw000_pitch-060,0,-60,20.454,-47.834,20.454
yaw000_pitch-055,0,-55,21.238,-46.798,21.238
yaw000_pitch-050,0,-50,20.307,-42.756,20.307
yaw000_pitch-045,0,-45,21.940,-44.876,21.940
yaw000_pitch-040,0,-40,18.107,-44.761,18.107
yaw000_pitch-035,0,-35,18.110,-45.509,18.110
yaw000_pitch-030,0,-30,17.497,-43.337,17.497
yaw000_pitch-025,0,-25,14.872,-43.897,14.872
yaw000_pitch-020,0,-20,12.304,-44.195,12.304
yaw000_pitch-015,0,-15,1.947,-40.906,1.947
yaw000_pitch-010,0,-10,5.274,-36.178,5.274
yaw000_pitch-005,0,-5,0.776,-31.599,0.776
yaw000_pitch+000,0,0,3.207,-27.791,3.207
yaw000_pitch+005,0,5,1.429,-13.975,1.429
yaw000_pitch+010,0,10,13.246,-0.916,13.246
yaw000_pitch+015,0,15,18.655,0.964,18.655
yaw000_pitch+020,0,20,23.895,4.260,23.895
yaw000_pitch+025,0,25,19.267,11.703,19.267
yaw000_pitch+030,0,30,18.318,15.839,18.318
yaw000_pitch+035,0,35,19.240,21.684,19.240
yaw000_pitch+040,0,40,26.365,27.275,26.365
yaw000_pitch+045,0,45,23.121,29.658,23.121
yaw000_pitch+050,0,50,17.730,31.940,17.730
yaw000_pitch+055,0,55,16.211,38.343,16.211
yaw000_pitch+060,0,60,23.630,35.622,23.630
yaw000_pitch+065,0,65,315.000,-90.000,45.000
yaw000_pitch+070,0,70,315.000,-90.000,45.000
yaw000_pitch+075,0,75,315.000,-90.000,45.000
yaw000_pitch+080,0,80,315.000,-90.000,45.000
yaw000_pitch+085,0,85,315.000,-90.000,45.000
yaw000_pitch+090,0,90,318.467,90.000,41.533
yaw005_pitch-090,5,-90,33.771,-74.081,28.771
yaw005_pitch-085,5,-85,32.337,-74.964,27.337
yaw005_pitch-080,5,-80,30.568,-76.042,25.568
yaw005_pitch-075,5,-75,29.249,-70.149,24.249
yaw005_pitch-070,5,-70,26.642,-59.979,21.642
yaw005_pitch-065,5,-65,23.291,-54.462,18.291
yaw005_pitch-060,5,-60,21.700,-45.511,16.700
yaw005_pitch-055,5,-55,24.056,-47.301,19.056
yaw005_pitch-050,5,-50,22.523,-43.313,17.523
yaw005_pitch-045,5,-45,22.610,-44.022,17.610
yaw005_pitch-040,5,-40,23.396,-43.979,18.396
yaw005_pitch-035,5,-35,23.512,-47.574,18.512
yaw005_pitch-030,5,-30,20.233,-47.032,15.233
yaw005_pitch-025,5,-25,20.154,-47.170,15.154
yaw005_pitch-020,5,-20,17.499,-45.180,12.499
yaw005_pitch-015,5,-15,14.196,-39.848,9.196
yaw005_pitch-010,5,-10,6.615,-36.681,1.615
yaw005_pitch-005,5,-5,5.519,-35.737,0.519
yaw005_pitch+000,5,0,3.769,-28.832,1.231
yaw005_pitch+005,5,5,8.439,-15.581,3.439
yaw005_pitch+010,5,10,18.668,-1.834,13.668
yaw005_pitch+015,5,15,21.022,2.146,16.022
yaw005_pitch+020,5,20,25.411,7.573,20.411
yaw005_pitch+025,5,25,25.023,13.209,20.023
yaw005_pitch+030,5,30,28.494,17.667,23.494
yaw005_pitch+035,5,35,28.336,21.086,23.336
yaw005_pitch+040,5,40,30.687,26.932,25.687
yaw005_pitch+045,5,45,27.024,29.423,22.024
yaw005_pitch+050,5,50,20.213,32.013,15.213
yaw005_pitch+055,5,55,23.432,39.899,18.432
yaw005_pitch+060,5,60,29.654,39.212,24.654
yaw005_pitch+065,5,65,315.062,-90.000,49.938
yaw005_pitch+070,5,70,315.000,-90.000,50.000
yaw005_pitch+075,5,75,315.000,-90.000,50.000
yaw005_pitch+080,5,80,315.000,-90.000,50.000
yaw005_pitch+085,5,85,315.004,-90.000,49.996
yaw005_pitch+090,5,90,332.202,90.000,32.798
yaw010_pitch-090,10,-90,38.013,-77.804,28.013
yaw010_pitch-085,10,-85,36.358,-78.499,26.358
yaw010_pitch-080,10,-80,35.797,-74.868,25.797
yaw010_pitch-075,10,-75,33.823,-71.238,23.823
yaw010_pitch-070,10,-70,28.744,-56.538,18.744
yaw010_pitch-065,10,-65,25.728,-50.875,15.728
yaw010_pitch-060,10,-60,22.713,-49.023,12.713
yaw010_pitch-055,10,-55,26.678,-47.528,16.678
yaw010_pitch-050,10,-50,26.384,-44.687,16.384
yaw010_pitch-045,10,-45,28.704,-45.135,18.704
yaw010_pitch-040,10,-40,27.987,-46.414,17.987
yaw010_pitch-035,10,-35,26.415,-48.760,16.415
yaw010_pitch-030,10,-30,24.136,-48.483,14.136
yaw010_pitch-025,10,-25,23.724,-50.063,13.724
yaw010_pitch-020,10,-20,20.963,-47.133,10.963
yaw010_pitch-015,10,-15,16.420,-43.771,6.420
yaw010_pitch-010,10,-10,12.735,-38.350,2.735
yaw010_pitch-005,10,-5,17.833,-36.547,7.833
yaw010_pitch+000,10,0,7.480,-30.863,2.520
yaw010_pitch+005,10,5,14.423,-22.957,4.423
yaw010_pitch+010,10,10,19.198,-1.586,9.198
yaw010_pitch+015,10,15,27.123,5.052,17.123
yaw010_pitch+020,10,20,30.168,10.173,20.168
yaw010_pitch+025,10,25,33.803,14.563,23.803
yaw010_pitch+030,10,30,32.683,18.590,22.683
yaw010_pitch+035,10,35,31.827,20.626,21.827
yaw010_pitch+040,10,40,33.097,27.262,23.097
yaw010_pitch+045,10,45,29.273,29.504,19.273
yaw010_pitch+050,10,50,24.866,32.078,14.866
yaw010_pitch+055,10,55,22.046,37.490,12.046
yaw010_pitch+060,10,60,25.216,42.081,15.216
yaw010_pitch+065,10,65,35.887,26.778,25.887
yaw010_pitch+070,10,70,331.007,-90.000,38.993
yaw010_pitch+075,10,75,315.112,-90.000,54.888
yaw010_pitch+080,10,80,4.034,-90.000,5.966
yaw010_pitch+085,10,85,354.153,90.000,15.847
yaw010_pitch+090,10,90,348.641,90.000,21.359
yaw015_pitch-090,15,-90,44.716,-76.537,29.716
yaw015_pitch-085,15,-85,43.449,-80.109,28.449
yaw015_pitch-080,15,-80,38.813,-73.453,23.813
yaw015_pitch-075,15,-75,36.155,-67.927,21.155
yaw015_pitch-070,15,-70,33.122,-57.417,18.122
yaw015_pitch-065,15,-65,29.684,-52.857,14.684
yaw015_pitch-060,15,-60,28.687,-50.368,13.687
yaw015_pitch-055,15,-55,28.208,-44.551,13.208
yaw015_pitch-050,15,-50,30.350,-46.893,15.350
yaw015_pitch-045,15,-45,31.493,-46.981,16.493
yaw015_pitch-040,15,-40,31.499,-49.363,16.499
yaw015_pitch-035,15,-35,30.297,-52.184,15.297
yaw015_pitch-030,15,-30,27.516,-50.792,12.516
yaw015_pitch-025,15,-25,28.106,-53.466,13.106
yaw015_pitch-020,15,-20,25.299,-48.719,10.299
yaw015_pitch-015,15,-15,22.102,-45.828,7.102
yaw015_pitch-010,15,-10,17.919,-40.444,2.919
yaw015_pitch-005,15,-5,16.654,-37.162,1.654
yaw015_pitch+000,15,0,19.801,-31.585,4.801
yaw015_pitch+005,15,5,26.240,-20.306,11.240
yaw015_pitch+010,15,10,27.821,-4.611,12.821
yaw015_pitch+015,15,15,30.652,5.882,15.652
yaw015_pitch+020,15,20,33.779,8.989,18.779
yaw015_pitch+025,15,25,36.137,14.205,21.137
yaw015_pitch+030,15,30,35.490,20.519,20.490
yaw015_pitch+035,15,35,34.756,22.798,19.756
yaw015_pitch+040,15,40,34.902,27.562,19.902
yaw015_pitch+045,15,45,33.753,31.118,18.753
yaw015_pitch+050,15,50,28.071,31.918,13.071
yaw015_pitch+055,15,55,22.760,37.490,7.760
yaw015_pitch+060,15,60,22.783,42.734,7.783
yaw015_pitch+065,15,65,19.848,51.679,4.848
yaw015_pitch+070,15,70,16.927,59.785,1.927
yaw015_pitch+075,15,75,18.361,81.100,3.361
yaw015_pitch+080,15,80,10.185,90.000,4.815
yaw015_pitch+085,15,85,359.248,90.000,15.752
yaw015_pitch+090,15,90,355.204,90.000,19.796
yaw020_pitch-090,20,-90,56.623,-71.025,36.623
yaw020_pitch-085,20,-85,49.819,-82.239,29.819
yaw020_pitch-080,20,-80,43.492,-75.938,23.492
yaw020_pitch-075,20,-75,40.220,-65.263,20.220
yaw020_pitch-070,20,-70,37.639,-60.960,17.639
yaw020_pitch-065,20,-65,33.702,-50.430,13.702
yaw020_pitch-060,20,-60,34.291,-51.103,14.291
yaw020_pitch-055,20,-55,32.659,-46.599,12.659
yaw020_pitch-050,20,-50,34.353,-48.481,14.353
yaw020_pitch-045,20,-45,35.273,-50.197,15.273
yaw020_pitch-040,20,-40,34.672,-50.818,14.672
yaw020_pitch-035,20,-35,33.312,-54.178,13.312
yaw020_pitch-030,20,-30,32.420,-54.351,12.420
yaw020_pitch-025,20,-25,31.231,-52.837,11.231
yaw020_pitch-020,20,-20,28.485,-50.952,8.485
yaw020_pitch-015,20,-15,25.205,-49.354,5.205
yaw020_pitch-010,20,-10,20.242,-43.801,0.242
yaw020_pitch-005,20,-5,20.184,-40.677,0.184
yaw020_pitch+000,20,0,23.107,-35.514,3.107
yaw020_pitch+005,20,5,27.518,-26.149,7.518
yaw020_pitch+010,20,10,32.633,-2.411,12.633
yaw020_pitch+015,20,15,34.777,7.503,14.777
yaw020_pitch+020,20,20,34.828,15.096,14.828
yaw020_pitch+025,20,25,37.733,14.146,17.733
yaw020_pitch+030,20,30,36.092,21.133,16.092
yaw020_pitch+035,20,35,35.891,22.660,15.891
yaw020_pitch+040,20,40,35.403,28.934,15.403
yaw020_pitch+045,20,45,33.548,31.464,13.548
yaw020_pitch+050,20,50,28.809,33.622,8.809
yaw020_pitch+055,20,55,25.191,37.753,5.191
yaw020_pitch+060,20,60,24.898,43.418,4.898
yaw020_pitch+065,20,65,17.488,54.382,2.512
yaw020_pitch+070,20,70,15.108,60.647,4.892
yaw020_pitch+075,20,75,15.066,86.484,4.934
yaw020_pitch+080,20,80,13.303,90.000,6.697
yaw020_pitch+085,20,85,7.156,90.000,12.844
yaw020_pitch+090,20,90,2.605,90.000,17.395
yaw025_pitch-090,25,-90,51.970,-74.728,26.970
yaw025_pitch-085,25,-85,53.678,-74.677,28.678
yaw025_pitch-080,25,-80,49.541,-77.702,24.541
yaw025_pitch-075,25,-75,44.492,-67.094,19.492
yaw025_pitch-070,25,-70,41.998,-60.754,16.998
yaw025_pitch-065,25,-65,39.971,-50.562,14.971
yaw025_pitch-060,25,-60,38.759,-53.003,13.759
yaw025_pitch-055,25,-55,37.894,-49.403,12.894
yaw025_pitch-050,25,-50,39.247,-51.644,14.247
yaw025_pitch-045,25,-45,38.512,-50.862,13.512
yaw025_pitch-040,25,-40,37.606,-53.399,12.606
yaw025_pitch-035,25,-35,36.270,-55.232,11.270
yaw025_pitch-030,25,-30,34.847,-54.830,9.847
yaw025_pitch-025,25,-25,32.978,-53.724,7.978
yaw025_pitch-020,25,-20,31.230,-53.636,6.230
yaw025_pitch-015,25,-15,28.916,-50.094,3.916
yaw025_pitch-010,25,-10,23.656,-45.601,1.344
yaw025_pitch-005,25,-5,22.156,-41.968,2.844
yaw025_pitch+000,25,0,25.126,-37.689,0.126
yaw025_pitch+005,25,5,29.659,-26.701,4.659
yaw025_pitch+010,25,10,34.054,-4.952,9.054
yaw025_pitch+015,25,15,36.053,7.072,11.053
yaw025_pitch+020,25,20,38.800,10.603,13.800
yaw025_pitch+025,25,25,39.969,14.088,14.969
yaw025_pitch+030,25,30,37.324,19.578,12.324
yaw025_pitch+035,25,35,36.628,23.580,11.628
yaw025_pitch+040,25,40,35.684,27.928,10.684
yaw025_pitch+045,25,45,34.475,30.779,9.475
yaw025_pitch+050,25,50,31.304,32.341,6.304
yaw025_pitch+055,25,55,26.718,36.394,1.718
yaw025_pitch+060,25,60,24.700,43.893,0.300
yaw025_pitch+065,25,65,20.209,49.832,4.791
yaw025_pitch+070,25,70,18.178,62.894,6.822
yaw025_pitch+075,25,75,16.856,86.864,8.144
yaw025_pitch+080,25,80,11.570,90.000,13.430
yaw025_pitch+085,25,85,8.411,90.000,16.589
yaw025_pitch+090,25,90,5.458,90.000,19.542
yaw030_pitch-090,30,-90,52.307,-72.600,22.307
yaw030_pitch-085,30,-85,56.990,-70.976,26.990
yaw030_pitch-080,30,-80,51.831,-76.655,21.831
yaw030_pitch-075,30,-75,47.537,-66.853,17.537
yaw030_pitch-070,30,-70,45.259,-61.133,15.259
yaw030_pitch-065,30,-65,44.804,-56.277,14.804
yaw030_pitch-060,30,-60,43.276,-52.491,13.276
yaw030_pitch-055,30,-55,41.907,-52.729,11.907
yaw030_pitch-050,30,-50,42.050,-55.237,12.050
yaw030_pitch-045,30,-45,42.274,-56.500,12.274
yaw030_pitch-040,30,-40,39.974,-58.492,9.974
yaw030_pitch-035,30,-35,39.097,-57.494,9.097
yaw030_pitch-030,30,-30,37.875,-56.073,7.875
yaw030_pitch-025,30,-25,36.041,-55.582,6.041
yaw030_pitch-020,30,-20,33.600,-55.088,3.600
yaw030_pitch-015,30,-15,30.979,-52.784,0.979
yaw030_pitch-010,30,-10,28.804,-48.666,1.196
yaw030_pitch-005,30,-5,26.728,-43.003,3.272
yaw030_pitch+000,30,0,29.083,-38.950,0.917
yaw030_pitch+005,30,5,31.640,-27.367,1.640
yaw030_pitch+010,30,10,35.159,-4.868,5.159
yaw030_pitch+015,30,15,36.462,6.959,6.462
yaw030_pitch+020,30,20,38.988,11.436,8.988
yaw030_pitch+025,30,25,40.159,11.883,10.159
yaw030_pitch+030,30,30,39.085,19.329,9.085
yaw030_pitch+035,30,35,39.391,23.743,9.391
yaw030_pitch+040,30,40,39.759,27.446,9.759
yaw030_pitch+045,30,45,36.630,30.209,6.630
yaw030_pitch+050,30,50,30.207,31.911,0.207
yaw030_pitch+055,30,55,25.506,37.769,4.494
yaw030_pitch+060,30,60,22.288,43.869,7.712
yaw030_pitch+065,30,65,15.599,49.168,14.401
yaw030_pitch+070,30,70,16.311,60.878,13.689
yaw030_pitch+075,30,75,16.884,85.240,13.116
yaw030_pitch+080,30,80,15.447,90.000,14.553
yaw030_pitch+085,30,85,6.819,90.000,23.181
yaw030_pitch+090,30,90,1.851,90.000,28.149
yaw035_pitch-090,35,-90,62.483,-65.361,27.483
yaw035_pitch-085,35,-85,60.275,-74.794,25.275
yaw035_pitch-080,35,-80,54.673,-76.665,19.673
yaw035_pitch-075,35,-75,51.822,-66.908,16.822
yaw035_pitch-070,35,-70,49.290,-63.561,14.290
yaw035_pitch-065,35,-65,48.221,-59.598,13.221
yaw035_pitch-060,35,-60,45.449,-55.473,10.449
yaw035_pitch-055,35,-55,45.235,-60.264,10.235
yaw035_pitch-050,35,-50,45.307,-56.072,10.307
yaw035_pitch-045,35,-45,43.944,-58.545,8.944
yaw035_pitch-040,35,-40,42.634,-58.570,7.634
yaw035_pitch-035,35,-35,41.641,-56.037,6.641
yaw035_pitch-030,35,-30,40.602,-55.694,5.602
yaw035_pitch-025,35,-25,38.478,-53.339,3.478
yaw035_pitch-020,35,-20,36.722,-53.595,1.722
yaw035_pitch-015,35,-15,35.367,-52.232,0.367
yaw035_pitch-010,35,-10,32.854,-48.954,2.146
yaw035_pitch-005,35,-5,32.236,-43.537,2.764
yaw035_pitch+000,35,0,32.698,-39.837,2.302
yaw035_pitch+005,35,5,33.890,-31.893,1.110
yaw035_pitch+010,35,10,35.639,-9.824,0.639
yaw035_pitch+015,35,15,37.545,5.482,2.545
yaw035_pitch+020,35,20,39.477,10.118,4.477
yaw035_pitch+025,35,25,40.475,9.296,5.475
yaw035_pitch+030,35,30,39.541,16.719,4.541
yaw035_pitch+035,35,35,38.998,19.720,3.998
yaw035_pitch+040,35,40,38.424,25.276,3.424
yaw035_pitch+045,35,45,37.439,29.334,2.439
yaw035_pitch+050,35,50,34.488,31.539,0.512
yaw035_pitch+055,35,55,29.422,38.060,5.578
yaw035_pitch+060,35,60,28.521,45.114,6.479
yaw035_pitch+065,35,65,25.118,53.557,9.882
yaw035_pitch+070,35,70,18.678,63.626,16.322
yaw035_pitch+075,35,75,27.503,88.955,7.497
yaw035_pitch+080,35,80,17.775,90.000,17.225
yaw035_pitch+085,35,85,11.235,90.000,23.765
yaw035_pitch+090,35,90,1.252,90.000,33.748
yaw040_pitch-090,40,-90,73.025,-65.395,33.025
yaw040_pitch-085,40,-85,62.287,-73.426,22.287
yaw040_pitch-080,40,-80,55.879,-78.511,15.879
yaw040_pitch-075,40,-75,54.240,-71.785,14.240
yaw040_pitch-070,40,-70,50.537,-67.065,10.537
yaw040_pitch-065,40,-65,49.436,-64.981,9.436
yaw040_pitch-060,40,-60,48.732,-60.676,8.732
yaw040_pitch-055,40,-55,48.243,-59.579,8.243
yaw040_pitch-050,40,-50,47.211,-54.114,7.211
yaw040_pitch-045,40,-45,45.682,-55.566,5.682
yaw040_pitch-040,40,-40,44.614,-53.576,4.614
yaw040_pitch-035,40,-35,43.352,-53.077,3.352
yaw040_pitch-030,40,-30,42.324,-53.791,2.324
yaw040_pitch-025,40,-25,41.403,-53.001,1.403
yaw040_pitch-020,40,-20,40.491,-52.552,0.491
yaw040_pitch-015,40,-15,38.906,-51.809,1.094
yaw040_pitch-010,40,-10,38.573,-48.747,1.427
yaw040_pitch-005,40,-5,39.551,-44.477,0.449
yaw040_pitch+000,40,0,38.659,-41.342,1.341
yaw040_pitch+005,40,5,35.624,-34.535,4.376
yaw040_pitch+010,40,10,36.393,-9.937,3.607
yaw040_pitch+015,40,15,38.726,0.462,1.274
yaw040_pitch+020,40,20,39.720,9.263,0.280
yaw040_pitch+025,40,25,41.088,7.310,1.088
yaw040_pitch+030,40,30,39.601,13.200,0.399
yaw040_pitch+035,40,35,40.028,15.841,0.028
yaw040_pitch+040,40,40,38.622,23.275,1.378
yaw040_pitch+045,40,45,37.453,27.170,2.547
yaw040_pitch+050,40,50,33.615,31.268,6.385
yaw040_pitch+055,40,55,27.800,36.794,12.200
yaw040_pitch+060,40,60,27.444,44.507,12.556
yaw040_pitch+065,40,65,21.867,52.972,18.133
yaw040_pitch+070,40,70,13.439,60.324,26.561
yaw040_pitch+075,40,75,18.714,80.870,21.286
yaw040_pitch+080,40,80,21.783,90.000,18.217
yaw040_pitch+085,40,85,15.574,90.000,24.426
yaw040_pitch+090,40,90,5.185,90.000,34.815
yaw045_pitch-090,45,-90,75.202,-68.716,30.202
yaw045_pitch-085,45,-85,66.421,-76.869,21.421
yaw045_pitch-080,45,-80,60.597,-75.441,15.597
yaw045_pitch-075,45,-75,58.359,-71.037,13.359
yaw045_pitch-070,45,-70,54.502,-68.843,9.502
yaw045_pitch-065,45,-65,53.392,-63.065,8.392
yaw045_pitch-060,45,-60,51.326,-58.492,6.326
yaw045_pitch-055,45,-55,51.553,-54.542,6.553
yaw045_pitch-050,45,-50,50.766,-53.853,5.766
yaw045_pitch-045,45,-45,49.331,-52.571,4.331
yaw045_pitch-040,45,-40,47.630,-47.945,2.630
yaw045_pitch-035,45,-35,46.489,-52.660,1.489
yaw045_pitch-030,45,-30,46.116,-52.042,1.116
yaw045_pitch-025,45,-25,45.221,-55.039,0.221
yaw045_pitch-020,45,-20,43.938,-52.406,1.062
yaw045_pitch-015,45,-15,43.246,-51.438,1.754
yaw045_pitch-010,45,-10,44.558,-49.488,0.442
yaw045_pitch-005,45,-5,44.073,-44.708,0.927
yaw045_pitch+000,45,0,40.660,-41.718,4.340
yaw045_pitch+005,45,5,37.499,-37.108,7.501
yaw045_pitch+010,45,10,38.627,-20.878,6.373
yaw045_pitch+015,45,15,39.267,-4.559,5.733
yaw045_pitch+020,45,20,40.070,7.361,4.930
yaw045_pitch+025,45,25,41.135,4.182,3.865
yaw045_pitch+030,45,30,39.725,10.835,5.275
yaw045_pitch+035,45,35,39.956,14.388,5.044
yaw045_pitch+040,45,40,39.087,23.103,5.913
yaw045_pitch+045,45,45,38.655,26.515,6.345
yaw045_pitch+050,45,50,33.886,28.227,11.114
yaw045_pitch+055,45,55,28.811,37.416,16.189
yaw045_pitch+060,45,60,28.649,46.074,16.351
yaw045_pitch+065,45,65,24.798,56.469,20.202
yaw045_pitch+070,45,70,21.447,61.691,23.553
yaw045_pitch+075,45,75,23.436,81.655,21.564
yaw045_pitch+080,45,80,23.322,90.000,21.678
yaw045_pitch+085,45,85,19.380,90.000,25.620
yaw045_pitch+090,45,90,10.954,90.000,34.046
yaw050_pitch-090,50,-90,77.606,-71.620,27.606
yaw050_pitch-085,50,-85,71.380,-76.651,21.380
yaw050_pitch-080,50,-80,68.255,-76.058,18.255
yaw050_pitch-075,50,-75,62.122,-74.822,12.122
yaw050_pitch-070,50,-70,59.796,-66.422,9.796
yaw050_pitch-065,50,-65,55.911,-62.544,5.911
yaw050_pitch-060,50,-60,54.983,-57.069,4.983
yaw050_pitch-055,50,-55,52.862,-53.672,2.862
yaw050_pitch-050,50,-50,51.269,-53.123,1.269
yaw050_pitch-045,50,-45,51.892,-53.500,1.892
yaw050_pitch-040,50,-40,49.797,-48.988,0.203
yaw050_pitch-035,50,-35,48.739,-48.978,1.261
yaw050_pitch-030,50,-30,48.681,-51.556,1.319
yaw050_pitch-025,50,-25,48.639,-53.082,1.361
yaw050_pitch-020,50,-20,48.322,-50.808,1.678
yaw050_pitch-015,50,-15,46.241,-49.424,3.759
yaw050_pitch-010,50,-10,47.532,-48.574,2.468
yaw050_pitch-005,50,-5,48.537,-45.148,1.463
yaw050_pitch+000,50,0,48.988,-42.306,1.012
yaw050_pitch+005,50,5,41.828,-37.471,8.172
yaw050_pitch+010,50,10,38.960,-19.788,11.040
yaw050_pitch+015,50,15,39.831,-7.690,10.169
yaw050_pitch+020,50,20,40.312,3.468,9.688
yaw050_pitch+025,50,25,41.103,1.972,8.897
yaw050_pitch+030,50,30,40.207,9.266,9.793
yaw050_pitch+035,50,35,40.523,10.689,9.477
yaw050_pitch+040,50,40,38.929,19.024,11.071
yaw050_pitch+045,50,45,38.678,23.037,11.322
yaw050_pitch+050,50,50,33.217,28.141,16.783
yaw050_pitch+055,50,55,30.794,35.375,19.206
yaw050_pitch+060,50,60,31.460,49.291,18.540
yaw050_pitch+065,50,65,27.220,56.057,22.780
yaw050_pitch+070,50,70,27.247,62.339,22.753
yaw050_pitch+075,50,75,25.832,77.078,24.168
yaw050_pitch+080,50,80,27.868,90.000,22.132
yaw050_pitch+085,50,85,22.192,90.000,27.808
yaw050_pitch+090,50,90,16.284,90.000,33.716
yaw055_pitch-090,55,-90,83.604,-71.348,28.604
yaw055_pitch-085,55,-85,78.206,-73.423,23.206
yaw055_pitch-080,55,-80,70.752,-78.429,15.752
yaw055_pitch-075,55,-75,67.863,-71.071,12.863
yaw055_pitch-070,55,-70,64.119,-65.949,9.119
yaw055_pitch-065,55,-65,58.517,-60.815,3.517
yaw055_pitch-060,55,-60,55.547,-61.514,0.547
yaw055_pitch-055,55,-55,55.385,-58.068,0.385
yaw055_pitch-050,55,-50,53.898,-55.473,1.102
yaw055_pitch-045,55,-45,54.460,-53.385,0.540
yaw055_pitch-040,55,-40,51.813,-54.279,3.187
yaw055_pitch-035,55,-35,52.880,-53.413,2.120
yaw055_pitch-030,55,-30,52.752,-53.539,2.248
yaw055_pitch-025,55,-25,51.839,-52.735,3.161
yaw055_pitch-020,55,-20,52.073,-51.620,2.927
yaw055_pitch-015,55,-15,52.573,-50.405,2.427
yaw055_pitch-010,55,-10,53.397,-48.539,1.603
yaw055_pitch-005,55,-5,58.297,-44.865,3.297
yaw055_pitch+000,55,0,55.755,-41.256,0.755
yaw055_pitch+005,55,5,48.056,-38.768,6.944
yaw055_pitch+010,55,10,43.063,-24.890,11.937
yaw055_pitch+015,55,15,41.063,-11.469,13.937
yaw055_pitch+020,55,20,40.703,-0.614,14.297
yaw055_pitch+025,55,25,41.474,0.086,13.526
yaw055_pitch+030,55,30,40.704,1.484,14.296
yaw055_pitch+035,55,35,39.675,8.269,15.325
yaw055_pitch+040,55,40,38.453,16.211,16.547
yaw055_pitch+045,55,45,38.138,21.352,16.862
yaw055_pitch+050,55,50,33.245,26.520,21.755
yaw055_pitch+055,55,55,30.694,36.299,24.306
yaw055_pitch+060,55,60,29.620,47.015,25.380
yaw055_pitch+065,55,65,29.314,52.414,25.686
yaw055_pitch+070,55,70,26.903,55.557,28.097
yaw055_pitch+075,55,75,30.137,83.040,24.863
yaw055_pitch+080,55,80,26.231,90.000,28.769
yaw055_pitch+085,55,85,25.571,90.000,29.429
yaw055_pitch+090,55,90,20.796,90.000,34.204
yaw060_pitch-090,60,-90,84.309,-69.753,24.309
yaw060_pitch-085,60,-85,81.992,-74.248,21.992
yaw060_pitch-080,60,-80,76.679,-77.748,16.679
yaw060_pitch-075,60,-75,70.766,-70.344,10.766
yaw060_pitch-070,60,-70,64.420,-70.928,4.420
yaw060_pitch-065,60,-65,62.593,-63.603,2.593
yaw060_pitch-060,60,-60,60.919,-61.735,0.919
yaw060_pitch-055,60,-55,59.933,-58.033,0.067
yaw060_pitch-050,60,-50,57.399,-56.217,2.601
yaw060_pitch-045,60,-45,57.895,-55.871,2.105
yaw060_pitch-040,60,-40,56.271,-55.137,3.729
yaw060_pitch-035,60,-35,59.445,-52.840,0.555
yaw060_pitch-030,60,-30,57.599,-52.390,2.401
yaw060_pitch-025,60,-25,61.323,-50.892,1.323
yaw060_pitch-020,60,-20,67.355,-50.974,7.355
yaw060_pitch-015,60,-15,61.958,-49.601,1.958
yaw060_pitch-010,60,-10,62.125,-48.005,2.125
yaw060_pitch-005,60,-5,72.127,-44.296,12.127
yaw060_pitch+000,60,0,59.255,-42.237,0.745
yaw060_pitch+005,60,5,54.855,-38.354,5.145
yaw060_pitch+010,60,10,46.849,-29.835,13.151
yaw060_pitch+015,60,15,43.562,-13.960,16.438
yaw060_pitch+020,60,20,41.941,-1.873,18.059
yaw060_pitch+025,60,25,41.550,-5.116,18.450
yaw060_pitch+030,60,30,40.837,-0.254,19.163
yaw060_pitch+035,60,35,39.961,8.557,20.039
yaw060_pitch+040,60,40,38.759,10.151,21.241
yaw060_pitch+045,60,45,37.783,20.461,22.217
yaw060_pitch+050,60,50,34.337,27.720,25.663
yaw060_pitch+055,60,55,33.187,36.325,26.813
yaw060_pitch+060,60,60,30.893,48.140,29.107
yaw060_pitch+065,60,65,30.364,50.844,29.636
yaw060_pitch+070,60,70,29.182,59.352,30.818
yaw060_pitch+075,60,75,29.454,72.489,30.546
yaw060_pitch+080,60,80,30.246,88.375,29.754
yaw060_pitch+085,60,85,27.923,90.000,32.077
yaw060_pitch+090,60,90,24.180,90.000,35.820
yaw065_pitch-090,65,-90,89.610,-68.572,24.610
yaw065_pitch-085,65,-85,90.441,-72.997,25.441
yaw065_pitch-080,65,-80,84.020,-75.498,19.020
yaw065_pitch-075,65,-75,82.294,-72.030,17.294
yaw065_pitch-070,65,-70,73.674,-68.681,8.674
yaw065_pitch-065,65,-65,70.220,-64.923,5.220
yaw065_pitch-060,65,-60,69.476,-61.025,4.476
yaw065_pitch-055,65,-55,68.561,-58.070,3.561
yaw065_pitch-050,65,-50,64.363,-56.020,0.637
yaw065_pitch-045,65,-45,66.298,-53.139,1.298
yaw065_pitch-040,65,-40,67.386,-52.509,2.386
yaw065_pitch-035,65,-35,68.925,-51.797,3.925
yaw065_pitch-030,65,-30,70.225,-50.282,5.225
yaw065_pitch-025,65,-25,83.237,-48.603,18.237
yaw065_pitch-020,65,-20,88.582,-50.725,23.582
yaw065_pitch-015,65,-15,81.247,-50.232,16.247
yaw065_pitch-010,65,-10,75.472,-48.925,10.472
yaw065_pitch-005,65,-5,73.503,-44.717,8.503
yaw065_pitch+000,65,0,65.311,-41.026,0.311
yaw065_pitch+005,65,5,53.729,-38.846,11.271
yaw065_pitch+010,65,10,50.453,-26.516,14.547
yaw065_pitch+015,65,15,45.516,-13.748,19.484
yaw065_pitch+020,65,20,43.234,-8.333,21.766
yaw065_pitch+025,65,25,42.108,-5.311,22.892
yaw065_pitch+030,65,30,41.414,-5.529,23.586
yaw065_pitch+035,65,35,39.125,4.971,25.875
yaw065_pitch+040,65,40,37.571,12.493,27.429
yaw065_pitch+045,65,45,36.442,18.741,28.558
yaw065_pitch+050,65,50,33.865,30.450,31.135
yaw065_pitch+055,65,55,33.091,35.752,31.909
yaw065_pitch+060,65,60,34.238,41.237,30.762
yaw065_pitch+065,65,65,30.809,44.766,34.191
yaw065_pitch+070,65,70,31.262,52.292,33.738
yaw065_pitch+075,65,75,31.277,67.900,33.723
yaw065_pitch+080,65,80,30.382,83.441,34.618
yaw065_pitch+085,65,85,30.135,90.000,34.865
yaw065_pitch+090,65,90,24.209,90.000,40.791
yaw070_pitch-090,70,-90,98.083,-71.607,28.083
yaw070_pitch-085,70,-85,96.740,-72.911,26.740
yaw070_pitch-080,70,-80,97.613,-72.441,27.613
yaw070_pitch-075,70,-75,90.167,-73.720,20.167
yaw070_pitch-070,70,-70,81.357,-69.097,11.357
yaw070_pitch-065,70,-65,78.697,-64.144,8.697
yaw070_pitch-060,70,-60,75.931,-57.639,5.931
yaw070_pitch-055,70,-55,72.837,-56.066,2.837
yaw070_pitch-050,70,-50,74.408,-54.805,4.408
yaw070_pitch-045,70,-45,77.884,-52.518,7.884
yaw070_pitch-040,70,-40,81.703,-50.722,11.703
yaw070_pitch-035,70,-35,83.889,-51.390,13.889
yaw070_pitch-030,70,-30,95.422,-49.294,25.422
yaw070_pitch-025,70,-25,101.122,-49.713,31.122
yaw070_pitch-020,70,-20,97.934,-50.812,27.934
yaw070_pitch-015,70,-15,97.898,-48.896,27.898
yaw070_pitch-010,70,-10,78.315,-49.250,8.315
yaw070_pitch-005,70,-5,74.951,-46.663,4.951
yaw070_pitch+000,70,0,67.585,-37.053,2.415
yaw070_pitch+005,70,5,56.320,-36.388,13.680
yaw070_pitch+010,70,10,52.490,-25.211,17.510
yaw070_pitch+015,70,15,48.145,-14.847,21.855
yaw070_pitch+020,70,20,44.967,-8.882,25.033
yaw070_pitch+025,70,25,43.325,-10.202,26.675
yaw070_pitch+030,70,30,41.828,-5.513,28.172
yaw070_pitch+035,70,35,39.120,0.981,30.880
yaw070_pitch+040,70,40,37.481,7.141,32.519
yaw070_pitch+045,70,45,35.584,24.245,34.416
yaw070_pitch+050,70,50,34.083,29.983,35.917
yaw070_pitch+055,70,55,35.456,23.017,34.544
yaw070_pitch+060,70,60,34.956,35.874,35.044
yaw070_pitch+065,70,65,30.078,38.843,39.922
yaw070_pitch+070,70,70,32.738,45.612,37.262
yaw070_pitch+075,70,75,34.343,66.560,35.657
yaw070_pitch+080,70,80,33.292,81.771,36.708
yaw070_pitch+085,70,85,33.302,90.000,36.698
yaw070_pitch+090,70,90,31.381,90.000,38.619
yaw075_pitch-090,75,-90,97.893,-69.927,22.893
yaw075_pitch-085,75,-85,103.179,-71.413,28.179
yaw075_pitch-080,75,-80,101.176,-74.049,26.176
yaw075_pitch-075,75,-75,97.960,-72.637,22.960
yaw075_pitch-070,75,-70,89.647,-68.711,14.647
yaw075_pitch-065,75,-65,89.683,-62.059,14.683
yaw075_pitch-060,75,-60,83.552,-57.176,8.552
yaw075_pitch-055,75,-55,87.395,-52.740,12.395
yaw075_pitch-050,75,-50,90.773,-53.182,15.773
yaw075_pitch-045,75,-45,92.117,-51.425,17.117
yaw075_pitch-040,75,-40,96.051,-50.473,21.051
yaw075_pitch-035,75,-35,101.126,-49.415,26.126
yaw075_pitch-030,75,-30,109.859,-48.836,34.859
yaw075_pitch-025,75,-25,114.530,-48.839,39.530
yaw075_pitch-020,75,-20,109.175,-50.215,34.175
yaw075_pitch-015,75,-15,113.629,-48.090,38.629
yaw075_pitch-010,75,-10,94.067,-49.152,19.067
yaw075_pitch-005,75,-5,85.162,-45.887,10.162
yaw075_pitch+000,75,0,71.912,-40.976,3.088
yaw075_pitch+005,75,5,62.343,-37.398,12.657
yaw075_pitch+010,75,10,59.959,-22.155,15.041
yaw075_pitch+015,75,15,50.852,-11.475,24.148
yaw075_pitch+020,75,20,47.806,-10.086,27.194
yaw075_pitch+025,75,25,44.671,-9.954,30.329
yaw075_pitch+030,75,30,44.188,-8.734,30.812
yaw075_pitch+035,75,35,41.145,-1.578,33.855
yaw075_pitch+040,75,40,37.610,4.710,37.390
yaw075_pitch+045,75,45,36.741,10.047,38.259
yaw075_pitch+050,75,50,36.775,16.539,38.225
yaw075_pitch+055,75,55,36.958,19.911,38.042
yaw075_pitch+060,75,60,35.184,30.340,39.816
yaw075_pitch+065,75,65,34.694,34.639,40.306
yaw075_pitch+070,75,70,35.937,40.009,39.063
yaw075_pitch+075,75,75,36.898,59.320,38.102
yaw075_pitch+080,75,80,36.408,76.181,38.592
yaw075_pitch+085,75,85,36.332,83.938,38.668
yaw075_pitch+090,75,90,38.248,90.000,36.752
yaw080_pitch-090,80,-90,104.227,-71.072,24.227
yaw080_pitch-085,80,-85,104.603,-72.771,24.603
yaw080_pitch-080,80,-80,108.185,-74.624,28.185
yaw080_pitch-075,80,-75,102.207,-72.556,22.207
yaw080_pitch-070,80,-70,99.750,-65.458,19.750
yaw080_pitch-065,80,-65,95.726,-61.012,15.726
yaw080_pitch-060,80,-60,99.589,-53.266,19.589
yaw080_pitch-055,80,-55,100.640,-51.957,20.640
yaw080_pitch-050,80,-50,103.658,-50.522,23.658
yaw080_pitch-045,80,-45,107.875,-50.090,27.875
yaw080_pitch-040,80,-40,111.828,-50.582,31.828
yaw080_pitch-035,80,-35,112.647,-49.355,32.647
yaw080_pitch-030,80,-30,125.575,-48.083,45.575
yaw080_pitch-025,80,-25,123.634,-49.319,43.634
yaw080_pitch-020,80,-20,127.733,-48.617,47.733
yaw080_pitch-015,80,-15,120.746,-45.852,40.746
yaw080_pitch-010,80,-10,107.395,-48.499,27.395
yaw080_pitch-005,80,-5,99.111,-44.769,19.111
yaw080_pitch+000,80,0,87.183,-38.930,7.183
yaw080_pitch+005,80,5,71.043,-32.687,8.957
yaw080_pitch+010,80,10,59.889,-22.467,20.111
yaw080_pitch+015,80,15,55.666,-12.660,24.334
yaw080_pitch+020,80,20,51.502,-9.683,28.498
yaw080_pitch+025,80,25,48.327,-6.514,31.673
yaw080_pitch+030,80,30,47.780,-9.543,32.220
yaw080_pitch+035,80,35,44.545,-9.156,35.455
yaw080_pitch+040,80,40,41.594,-3.054,38.406
yaw080_pitch+045,80,45,40.751,7.499,39.249
yaw080_pitch+050,80,50,39.850,13.119,40.150
yaw080_pitch+055,80,55,40.133,17.006,39.867
yaw080_pitch+060,80,60,37.428,23.660,42.572
yaw080_pitch+065,80,65,37.402,31.112,42.598
yaw080_pitch+070,80,70,40.009,37.017,39.991
yaw080_pitch+075,80,75,42.849,51.637,37.151
yaw080_pitch+080,80,80,43.073,68.992,36.927
yaw080_pitch+085,80,85,47.212,80.087,32.788
yaw080_pitch+090,80,90,45.206,90.000,34.794
yaw085_pitch-090,85,-90,114.398,-67.145,29.398
yaw085_pitch-085,85,-85,113.690,-73.655,28.690
yaw085_pitch-080,85,-80,112.453,-73.474,27.453
yaw085_pitch-075,85,-75,110.157,-72.319,25.157
yaw085_pitch-070,85,-70,110.147,-63.899,25.147
yaw085_pitch-065,85,-65,108.991,-59.670,23.991
yaw085_pitch-060,85,-60,111.319,-53.915,26.319
yaw085_pitch-055,85,-55,115.011,-51.057,30.011
yaw085_pitch-050,85,-50,118.414,-49.188,33.414
yaw085_pitch-045,85,-45,121.624,-48.862,36.624
yaw085_pitch-040,85,-40,126.426,-48.551,41.426
yaw085_pitch-035,85,-35,129.431,-48.490,44.431
yaw085_pitch-030,85,-30,131.141,-48.360,46.141
yaw085_pitch-025,85,-25,133.443,-48.241,48.443
yaw085_pitch-020,85,-20,133.355,-45.923,48.355
yaw085_pitch-015,85,-15,127.528,-46.119,42.528
yaw085_pitch-010,85,-10,120.702,-47.445,35.702
yaw085_pitch-005,85,-5,109.507,-44.437,24.507
yaw085_pitch+000,85,0,95.941,-38.664,10.941
yaw085_pitch+005,85,5,84.838,-27.784,0.162
yaw085_pitch+010,85,10,66.373,-20.659,18.627
yaw085_pitch+015,85,15,59.842,-12.121,25.158
yaw085_pitch+020,85,20,56.167,-12.087,28.833
yaw085_pitch+025,85,25,52.701,-11.228,32.299
yaw085_pitch+030,85,30,49.626,-11.521,35.374
yaw085_pitch+035,85,35,47.474,-5.985,37.526
yaw085_pitch+040,85,40,46.376,-0.211,38.624
yaw085_pitch+045,85,45,45.229,7.153,39.771
yaw085_pitch+050,85,50,44.827,11.611,40.173
yaw085_pitch+055,85,55,43.821,15.868,41.179
yaw085_pitch+060,85,60,42.541,24.206,42.459
yaw085_pitch+065,85,65,44.454,33.139,40.546
yaw085_pitch+070,85,70,45.588,35.472,39.412
yaw085_pitch+075,85,75,45.239,44.128,39.761
yaw085_pitch+080,85,80,45.585,64.661,39.415
yaw085_pitch+085,85,85,47.139,77.166,37.861
yaw085_pitch+090,85,90,46.166,90.000,38.834
yaw090_pitch-090,90,-90,117.555,-72.557,27.555
yaw090_pitch-085,90,-85,116.899,-74.545,26.899
yaw090_pitch-080,90,-80,119.707,-74.673,29.707
yaw090_pitch-075,90,-75,117.723,-71.286,27.723
yaw090_pitch-070,90,-70,119.500,-66.456,29.500
yaw090_pitch-065,90,-65,119.729,-59.505,29.729
yaw090_pitch-060,90,-60,121.192,-54.278,31.192
yaw090_pitch-055,90,-55,121.623,-50.715,31.623
yaw090_pitch-050,90,-50,125.710,-49.241,35.710
yaw090_pitch-045,90,-45,128.312,-49.779,38.312
yaw090_pitch-040,90,-40,130.792,-49.433,40.792
yaw090_pitch-035,90,-35,135.203,-48.996,45.203
yaw090_pitch-030,90,-30,137.653,-48.332,47.653
yaw090_pitch-025,90,-25,138.418,-47.243,48.418
yaw090_pitch-020,90,-20,138.079,-48.260,48.079
yaw090_pitch-015,90,-15,136.620,-45.876,46.620
yaw090_pitch-010,90,-10,128.550,-44.557,38.550
yaw090_pitch-005,90,-5,121.308,-41.187,31.308
yaw090_pitch+000,90,0,107.801,-36.284,17.801
yaw090_pitch+005,90,5,87.524,-35.326,2.476
yaw090_pitch+010,90,10,75.411,-21.290,14.589
yaw090_pitch+015,90,15,61.382,-14.688,28.618
yaw090_pitch+020,90,20,56.507,-12.164,33.493
yaw090_pitch+025,90,25,53.016,-8.379,36.984
yaw090_pitch+030,90,30,52.676,-7.032,37.324
yaw090_pitch+035,90,35,51.036,-4.223,38.964
yaw090_pitch+040,90,40,50.436,0.277,39.564
yaw090_pitch+045,90,45,49.981,6.562,40.019
yaw090_pitch+050,90,50,51.042,11.580,38.958
yaw090_pitch+055,90,55,51.014,13.987,38.986
yaw090_pitch+060,90,60,51.555,23.924,38.445
yaw090_pitch+065,90,65,53.143,27.484,36.857
yaw090_pitch+070,90,70,54.171,31.012,35.829
yaw090_pitch+075,90,75,57.190,41.034,32.810
yaw090_pitch+080,90,80,60.842,61.095,29.158
yaw090_pitch+085,90,85,50.144,76.281,39.856
yaw090_pitch+090,90,90,47.425,90.000,42.575
yaw095_pitch-090,95,-90,118.047,-72.165,23.047
yaw095_pitch-085,95,-85,119.922,-73.407,24.922
yaw095_pitch-080,95,-80,122.427,-72.101,27.427
yaw095_pitch-075,95,-75,120.237,-69.985,25.237
yaw095_pitch-070,95,-70,118.605,-67.692,23.605
yaw095_pitch-065,95,-65,121.885,-59.993,26.885
yaw095_pitch-060,95,-60,124.074,-52.149,29.074
yaw095_pitch-055,95,-55,126.787,-50.335,31.787
yaw095_pitch-050,95,-50,130.463,-48.513,35.463
yaw095_pitch-045,95,-45,131.708,-48.287,36.708
yaw095_pitch-040,95,-40,134.337,-48.966,39.337
yaw095_pitch-035,95,-35,138.514,-49.197,43.514
yaw095_pitch-030,95,-30,141.235,-47.986,46.235
yaw095_pitch-025,95,-25,140.379,-48.106,45.379
yaw095_pitch-020,95,-20,142.457,-46.415,47.457
yaw095_pitch-015,95,-15,141.600,-42.637,46.600
yaw095_pitch-010,95,-10,136.752,-43.922,41.752
yaw095_pitch-005,95,-5,127.063,-44.124,32.063
yaw095_pitch+000,95,0,98.663,-35.573,3.663
yaw095_pitch+005,95,5,73.428,-34.776,21.572
yaw095_pitch+010,95,10,64.945,-22.094,30.055
yaw095_pitch+015,95,15,60.394,-13.975,34.606
yaw095_pitch+020,95,20,58.201,-11.614,36.799
yaw095_pitch+025,95,25,57.468,-8.200,37.532
yaw095_pitch+030,95,30,55.441,-7.256,39.559
yaw095_pitch+035,95,35,54.829,-3.759,40.171
yaw095_pitch+040,95,40,58.452,1.817,36.548
yaw095_pitch+045,95,45,59.395,6.817,35.605
yaw095_pitch+050,95,50,55.197,10.691,39.803
yaw095_pitch+055,95,55,62.046,20.298,32.954
yaw095_pitch+060,95,60,69.771,24.494,25.229
yaw095_pitch+065,95,65,63.041,26.784,31.959
yaw095_pitch+070,95,70,63.464,34.405,31.536
yaw095_pitch+075,95,75,70.885,41.474,24.115
yaw095_pitch+080,95,80,63.066,60.486,31.934
yaw095_pitch+085,95,85,58.819,76.382,36.181
yaw095_pitch+090,95,90,51.067,90.000,43.933
yaw100_pitch-090,100,-90,122.721,-68.200,22.721
yaw100_pitch-085,100,-85,121.036,-72.902,21.036
yaw100_pitch-080,100,-80,121.441,-75.385,21.441
yaw100_pitch-075,100,-75,120.127,-71.676,20.127
yaw100_pitch-070,100,-70,124.438,-62.396,24.438
yaw100_pitch-065,100,-65,126.183,-57.792,26.183
yaw100_pitch-060,100,-60,128.561,-52.064,28.561
yaw100_pitch-055,100,-55,130.729,-49.107,30.729
yaw100_pitch-050,100,-50,131.522,-46.193,31.522
yaw100_pitch-045,100,-45,134.733,-47.545,34.733
yaw100_pitch-040,100,-40,135.302,-48.361,35.302
yaw100_pitch-035,100,-35,138.125,-48.779,38.125
yaw100_pitch-030,100,-30,138.283,-49.117,38.283
yaw100_pitch-025,100,-25,140.975,-49.140,40.975
yaw100_pitch-020,100,-20,140.976,-47.830,40.976
yaw100_pitch-015,100,-15,136.209,-46.753,36.209
yaw100_pitch-010,100,-10,128.754,-45.469,28.754
yaw100_pitch-005,100,-5,106.166,-43.818,6.166
yaw100_pitch+000,100,0,88.148,-37.317,11.852
yaw100_pitch+005,100,5,73.692,-31.760,26.308
yaw100_pitch+010,100,10,67.050,-22.910,32.950
yaw100_pitch+015,100,15,62.178,-12.211,37.822
yaw100_pitch+020,100,20,59.887,-10.253,40.113
yaw100_pitch+025,100,25,60.980,-8.686,39.020
yaw100_pitch+030,100,30,63.019,-6.446,36.981
yaw100_pitch+035,100,35,64.147,-2.835,35.853
yaw100_pitch+040,100,40,66.859,1.294,33.141
yaw100_pitch+045,100,45,73.600,11.830,26.400
yaw100_pitch+050,100,50,67.144,12.582,32.856
yaw100_pitch+055,100,55,67.427,17.232,32.573
yaw100_pitch+060,100,60,69.578,21.421,30.422
yaw100_pitch+065,100,65,76.943,23.725,23.057
yaw100_pitch+070,100,70,83.851,33.060,16.149
yaw100_pitch+075,100,75,89.157,40.742,10.843
yaw100_pitch+080,100,80,82.295,60.428,17.705
yaw100_pitch+085,100,85,69.150,77.077,30.850
yaw100_pitch+090,100,90,72.271,90.000,27.729
yaw105_pitch-090,105,-90,123.983,-71.356,18.983
yaw105_pitch-085,105,-85,119.847,-73.157,14.847
yaw105_pitch-080,105,-80,125.465,-73.712,20.465
yaw105_pitch-075,105,-75,135.107,-58.941,30.107
yaw105_pitch-070,105,-70,135.068,-54.228,30.068
yaw105_pitch-065,105,-65,134.255,-58.292,29.255
yaw105_pitch-060,105,-60,135.005,-51.716,30.005
yaw105_pitch-055,105,-55,135.036,-46.304,30.036
yaw105_pitch-050,105,-50,134.299,-45.371,29.299
yaw105_pitch-045,105,-45,136.743,-45.756,31.743
yaw105_pitch-040,105,-40,136.344,-46.443,31.344
yaw105_pitch-035,105,-35,139.853,-49.275,34.853
yaw105_pitch-030,105,-30,139.519,-47.679,34.519
yaw105_pitch-025,105,-25,134.759,-50.107,29.759
yaw105_pitch-020,105,-20,132.528,-49.957,27.528
yaw105_pitch-015,105,-15,124.842,-50.803,19.842
yaw105_pitch-010,105,-10,119.930,-49.809,14.930
yaw105_pitch-005,105,-5,104.621,-44.632,0.379
yaw105_pitch+000,105,0,92.623,-40.749,12.377
yaw105_pitch+005,105,5,77.858,-34.501,27.142
yaw105_pitch+010,105,10,73.763,-21.942,31.237
yaw105_pitch+015,105,15,67.854,-12.287,37.146
yaw105_pitch+020,105,20,69.168,-9.136,35.832
yaw105_pitch+025,105,25,70.261,-7.226,34.739
yaw105_pitch+030,105,30,71.041,-4.787,33.959
yaw105_pitch+035,105,35,73.334,-0.913,31.666
yaw105_pitch+040,105,40,73.988,2.309,31.012
yaw105_pitch+045,105,45,77.438,6.679,27.562
yaw105_pitch+050,105,50,79.504,14.682,25.496
yaw105_pitch+055,105,55,84.760,19.033,20.240
yaw105_pitch+060,105,60,85.380,22.149,19.620
yaw105_pitch+065,105,65,88.034,28.035,16.966
yaw105_pitch+070,105,70,87.558,33.044,17.442
yaw105_pitch+075,105,75,93.857,43.029,11.143
yaw105_pitch+080,105,80,81.783,60.672,23.217
yaw105_pitch+085,105,85,89.171,73.932,15.829
yaw105_pitch+090,105,90,84.856,88.478,20.144
yaw110_pitch-090,110,-90,124.661,-69.173,14.661
yaw110_pitch-085,110,-85,134.982,-57.358,24.982
yaw110_pitch-080,110,-80,135.000,-44.999,25.000
yaw110_pitch-075,110,-75,135.000,-45.000,25.000
yaw110_pitch-070,110,-70,135.000,-44.998,25.000
yaw110_pitch-065,110,-65,135.000,-44.906,25.000
yaw110_pitch-060,110,-60,139.647,-50.191,29.647
yaw110_pitch-055,110,-55,139.622,-44.175,29.622
yaw110_pitch-050,110,-50,138.883,-43.710,28.883
yaw110_pitch-045,110,-45,140.093,-45.427,30.093
yaw110_pitch-040,110,-40,139.533,-47.722,29.533
yaw110_pitch-035,110,-35,138.442,-49.279,28.442
yaw110_pitch-030,110,-30,135.370,-49.958,25.370
yaw110_pitch-025,110,-25,132.072,-50.448,22.072
yaw110_pitch-020,110,-20,128.135,-50.306,18.135
yaw110_pitch-015,110,-15,117.986,-51.474,7.986
yaw110_pitch-010,110,-10,112.068,-51.738,2.068
yaw110_pitch-005,110,-5,103.282,-49.302,6.718
yaw110_pitch+000,110,0,95.094,-44.143,14.906
yaw110_pitch+005,110,5,86.198,-39.277,23.802
yaw110_pitch+010,110,10,78.433,-24.820,31.567
yaw110_pitch+015,110,15,77.252,-12.009,32.748
yaw110_pitch+020,110,20,76.126,-8.841,33.874
yaw110_pitch+025,110,25,81.014,-7.055,28.986
yaw110_pitch+030,110,30,79.613,-2.143,30.387
yaw110_pitch+035,110,35,81.596,-2.249,28.404
yaw110_pitch+040,110,40,81.459,3.260,28.541
yaw110_pitch+045,110,45,81.625,5.308,28.375
yaw110_pitch+050,110,50,77.581,11.787,32.419
yaw110_pitch+055,110,55,85.538,17.123,24.462
yaw110_pitch+060,110,60,90.800,20.523,19.200
yaw110_pitch+065,110,65,91.903,24.432,18.097
yaw110_pitch+070,110,70,93.195,33.696,16.805
yaw110_pitch+075,110,75,100.965,42.300,9.035
yaw110_pitch+080,110,80,101.059,60.436,8.941
yaw110_pitch+085,110,85,101.452,74.742,8.548
yaw110_pitch+090,110,90,76.893,86.678,33.107
yaw115_pitch-090,115,-90,121.402,-68.318,6.402
yaw115_pitch-085,115,-85,135.000,-45.000,20.000
yaw115_pitch-080,115,-80,135.000,-45.000,20.000
yaw115_pitch-075,115,-75,135.000,-45.000,20.000
yaw115_pitch-070,115,-70,135.000,-45.000,20.000
yaw115_pitch-065,115,-65,135.000,-45.000,20.000
yaw115_pitch-060,115,-60,139.171,-51.838,24.171
yaw115_pitch-055,115,-55,143.852,-46.796,28.852
yaw115_pitch-050,115,-50,142.997,-46.977,27.997
yaw115_pitch-045,115,-45,143.955,-47.570,28.955
yaw115_pitch-040,115,-40,142.129,-48.844,27.129
yaw115_pitch-035,115,-35,138.468,-49.431,23.468
yaw115_pitch-030,115,-30,134.369,-50.556,19.369
yaw115_pitch-025,115,-25,126.903,-50.808,11.903
yaw115_pitch-020,115,-20,123.599,-51.048,8.599
yaw115_pitch-015,115,-15,115.043,-51.043,0.043
yaw115_pitch-010,115,-10,104.336,-50.624,10.664
yaw115_pitch-005,115,-5,99.252,-49.909,15.748
yaw115_pitch+000,115,0,95.407,-44.916,19.593
yaw115_pitch+005,115,5,87.870,-39.538,27.130
yaw115_pitch+010,115,10,89.379,-24.614,25.621
yaw115_pitch+015,115,15,93.870,-11.031,21.130
yaw115_pitch+020,115,20,90.986,-6.727,24.014
yaw115_pitch+025,115,25,91.224,-5.298,23.776
yaw115_pitch+030,115,30,93.196,-1.438,21.804
yaw115_pitch+035,115,35,103.231,2.987,11.769
yaw115_pitch+040,115,40,93.186,5.571,21.814
yaw115_pitch+045,115,45,84.275,6.369,30.725
yaw115_pitch+050,115,50,93.212,14.239,21.788
yaw115_pitch+055,115,55,94.185,19.082,20.815
yaw115_pitch+060,115,60,98.784,23.858,16.216
yaw115_pitch+065,115,65,101.635,27.364,13.365
yaw115_pitch+070,115,70,98.067,30.940,16.933
yaw115_pitch+075,115,75,98.141,44.058,16.859
yaw115_pitch+080,115,80,108.123,60.224,6.877
yaw115_pitch+085,115,85,94.039,73.313,20.961
yaw115_pitch+090,115,90,94.470,83.062,20.530
yaw120_pitch-090,120,-90,133.460,-65.686,13.460
yaw120_pitch-085,120,-85,135.000,-45.000,15.000
yaw120_pitch-080,120,-80,135.000,-45.000,15.000
yaw120_pitch-075,120,-75,135.000,-45.000,15.000
yaw120_pitch-070,120,-70,135.000,-45.000,15.000
yaw120_pitch-065,120,-65,135.000,-45.035,15.000
yaw120_pitch-060,120,-60,150.968,-49.260,30.968
yaw120_pitch-055,120,-55,150.436,-46.226,30.436
yaw120_pitch-050,120,-50,152.807,-47.067,32.807
yaw120_pitch-045,120,-45,147.598,-52.560,27.598
yaw120_pitch-040,120,-40,143.071,-52.249,23.071
yaw120_pitch-035,120,-35,135.695,-52.126,15.695
yaw120_pitch-030,120,-30,133.319,-50.139,13.319
yaw120_pitch-025,120,-25,121.161,-50.427,1.161
yaw120_pitch-020,120,-20,114.832,-50.825,5.168
yaw120_pitch-015,120,-15,106.272,-49.533,13.728
yaw120_pitch-010,120,-10,97.467,-50.745,22.533
yaw120_pitch-005,120,-5,92.352,-48.903,27.648
yaw120_pitch+000,120,0,87.935,-41.722,32.065
yaw120_pitch+005,120,5,86.153,-38.089,33.847
yaw120_pitch+010,120,10,97.728,-25.430,22.272
yaw120_pitch+015,120,15,100.543,-14.045,19.457
yaw120_pitch+020,120,20,102.266,-7.694,17.734
yaw120_pitch+025,120,25,106.637,-3.888,13.363
yaw120_pitch+030,120,30,106.383,1.962,13.617
yaw120_pitch+035,120,35,109.897,5.912,10.103
yaw120_pitch+040,120,40,108.077,8.067,11.923
yaw120_pitch+045,120,45,103.661,10.963,16.339
yaw120_pitch+050,120,50,102.099,13.610,17.901
yaw120_pitch+055,120,55,112.406,20.546,7.594
yaw120_pitch+060,120,60,111.244,24.800,8.756
yaw120_pitch+065,120,65,103.898,28.768,16.102
yaw120_pitch+070,120,70,108.340,35.298,11.660
yaw120_pitch+075,120,75,106.738,45.722,13.262
yaw120_pitch+080,120,80,106.871,59.381,13.129
yaw120_pitch+085,120,85,108.727,73.131,11.273
yaw120_pitch+090,120,90,114.892,82.729,5.108
yaw125_pitch-090,125,-90,157.222,-66.147,32.222
yaw125_pitch-085,125,-85,135.000,-78.554,10.000
yaw125_pitch-080,125,-80,135.000,-45.038,10.000
yaw125_pitch-075,125,-75,135.000,-45.012,10.000
yaw125_pitch-070,125,-70,135.000,-46.183,10.000
yaw125_pitch-065,125,-65,143.028,-61.548,18.028
yaw125_pitch-060,125,-60,158.459,-52.736,33.459
yaw125_pitch-055,125,-55,158.075,-47.632,33.075
yaw125_pitch-050,125,-50,157.556,-47.475,32.556
yaw125_pitch-045,125,-45,154.734,-51.311,29.734
yaw125_pitch-040,125,-40,145.664,-52.015,20.664
yaw125_pitch-035,125,-35,137.371,-50.020,12.371
yaw125_pitch-030,125,-30,129.804,-50.687,4.804
yaw125_pitch-025,125,-25,115.092,-51.253,9.908
yaw125_pitch-020,125,-20,106.583,-50.601,18.417
yaw125_pitch-015,125,-15,102.417,-49.592,22.583
yaw125_pitch-010,125,-10,89.676,-49.252,35.324
yaw125_pitch-005,125,-5,83.283,-47.845,41.717
yaw125_pitch+000,125,0,81.610,-42.393,43.390
yaw125_pitch+005,125,5,87.396,-35.724,37.604
yaw125_pitch+010,125,10,100.425,-27.242,24.575
yaw125_pitch+015,125,15,107.792,-16.753,17.208
yaw125_pitch+020,125,20,109.659,-12.686,15.341
yaw125_pitch+025,125,25,111.557,-1.669,13.443
yaw125_pitch+030,125,30,116.634,3.277,8.366
yaw125_pitch+035,125,35,120.028,7.362,4.972
yaw125_pitch+040,125,40,116.828,8.416,8.172
yaw125_pitch+045,125,45,123.174,16.505,1.826
yaw125_pitch+050,125,50,118.383,16.907,6.617
yaw125_pitch+055,125,55,125.034,24.611,0.034
yaw125_pitch+060,125,60,121.393,24.555,3.607
yaw125_pitch+065,125,65,115.674,26.941,9.326
yaw125_pitch+070,125,70,114.328,36.298,10.672
yaw125_pitch+075,125,75,115.397,45.455,9.603
yaw125_pitch+080,125,80,120.035,63.113,4.965
yaw125_pitch+085,125,85,122.770,78.199,2.230
yaw125_pitch+090,125,90,120.456,84.529,4.544
yaw130_pitch-090,130,-90,176.313,-69.612,46.313
yaw130_pitch-085,130,-85,171.134,-74.959,41.134
yaw130_pitch-080,130,-80,159.613,-74.558,29.613
yaw130_pitch-075,130,-75,160.673,-84.540,30.673
yaw130_pitch-070,130,-70,167.087,-68.183,37.087
yaw130_pitch-065,130,-65,167.124,-58.478,37.124
yaw130_pitch-060,130,-60,166.225,-52.502,36.225
yaw130_pitch-055,130,-55,165.413,-50.482,35.413
yaw130_pitch-050,130,-50,165.022,-50.635,35.022
yaw130_pitch-045,130,-45,161.853,-50.707,31.853
yaw130_pitch-040,130,-40,151.291,-50.472,21.291
yaw130_pitch-035,130,-35,143.704,-49.634,13.704
yaw130_pitch-030,130,-30,130.873,-51.680,0.873
yaw130_pitch-025,130,-25,107.522,-51.370,22.478
yaw130_pitch-020,130,-20,99.939,-49.110,30.061
yaw130_pitch-015,130,-15,93.238,-45.946,36.762
yaw130_pitch-010,130,-10,80.064,-51.088,49.936
yaw130_pitch-005,130,-5,73.186,-48.449,56.814
yaw130_pitch+000,130,0,76.515,-45.076,53.485
yaw130_pitch+005,130,5,91.599,-36.032,38.401
yaw130_pitch+010,130,10,105.294,-27.725,24.706
yaw130_pitch+015,130,15,117.869,-17.701,12.131
yaw130_pitch+020,130,20,118.337,-12.322,11.663
yaw130_pitch+025,130,25,123.807,-4.218,6.193
yaw130_pitch+030,130,30,124.883,2.291,5.117
yaw130_pitch+035,130,35,122.161,6.598,7.839
yaw130_pitch+040,130,40,127.976,12.766,2.024
yaw130_pitch+045,130,45,127.685,15.988,2.315
yaw130_pitch+050,130,50,130.016,21.816,0.016
yaw130_pitch+055,130,55,129.601,23.860,0.399
yaw130_pitch+060,130,60,129.314,28.034,0.686
yaw130_pitch+065,130,65,125.345,27.557,4.655
yaw130_pitch+070,130,70,125.890,36.213,4.110
yaw130_pitch+075,130,75,124.774,51.421,5.226
yaw130_pitch+080,130,80,124.840,69.757,5.160
yaw130_pitch+085,130,85,124.461,83.150,5.539
yaw130_pitch+090,130,90,128.299,90.000,1.701
yaw135_pitch-090,135,-90,183.326,-73.684,48.326
yaw135_pitch-085,135,-85,179.347,-77.174,44.347
yaw135_pitch-080,135,-80,179.806,-78.792,44.806
yaw135_pitch-075,135,-75,175.250,-76.127,40.250
yaw135_pitch-070,135,-70,172.216,-71.010,37.216
yaw135_pitch-065,135,-65,177.400,-62.057,42.400
yaw135_pitch-060,135,-60,175.019,-54.359,40.019
yaw135_pitch-055,135,-55,172.253,-50.872,37.253
yaw135_pitch-050,135,-50,171.404,-51.437,36.404
yaw135_pitch-045,135,-45,166.135,-51.799,31.135
yaw135_pitch-040,135,-40,159.279,-51.120,24.279
yaw135_pitch-035,135,-35,150.521,-50.571,15.521
yaw135_pitch-030,135,-30,136.861,-51.417,1.861
yaw135_pitch-025,135,-25,115.414,-49.320,19.586
yaw135_pitch-020,135,-20,90.518,-50.675,44.482
yaw135_pitch-015,135,-15,80.678,-50.526,54.322
yaw135_pitch-010,135,-10,70.832,-48.294,64.168
yaw135_pitch-005,135,-5,67.767,-46.873,67.233
yaw135_pitch+000,135,0,76.680,-43.606,58.320
yaw135_pitch+005,135,5,108.853,-37.734,26.147
yaw135_pitch+010,135,10,124.244,-31.934,10.756
yaw135_pitch+015,135,15,132.698,-23.336,2.302
yaw135_pitch+020,135,20,134.892,-14.714,0.108
yaw135_pitch+025,135,25,126.081,-10.979,8.919
yaw135_pitch+030,135,30,125.444,0.611,9.556
yaw135_pitch+035,135,35,127.128,5.343,7.872
yaw135_pitch+040,135,40,127.126,8.533,7.874
yaw135_pitch+045,135,45,132.545,19.114,2.455
yaw135_pitch+050,135,50,134.372,21.825,0.628
yaw135_pitch+055,135,55,135.696,27.579,0.696
yaw135_pitch+060,135,60,138.608,28.272,3.608
yaw135_pitch+065,135,65,134.726,32.154,0.274
yaw135_pitch+070,135,70,130.406,39.644,4.594
yaw135_pitch+075,135,75,125.853,50.332,9.147
yaw135_pitch+080,135,80,125.427,73.317,9.573
yaw135_pitch+085,135,85,126.636,89.793,8.364
yaw135_pitch+090,135,90,127.149,90.000,7.851
yaw140_pitch-090,140,-90,192.704,-72.877,52.704
yaw140_pitch-085,140,-85,188.134,-78.215,48.134
yaw140_pitch-080,140,-80,186.673,-78.841,46.673
yaw140_pitch-075,140,-75,183.286,-75.047,43.286
yaw140_pitch-070,140,-70,176.679,-72.854,36.679
yaw140_pitch-065,140,-65,179.944,-62.251,39.944
yaw140_pitch-060,140,-60,180.487,-56.904,40.487
yaw140_pitch-055,140,-55,181.812,-51.464,41.812
yaw140_pitch-050,140,-50,178.461,-51.841,38.461
yaw140_pitch-045,140,-45,175.177,-50.267,35.177
yaw140_pitch-040,140,-40,171.106,-49.343,31.106
yaw140_pitch-035,140,-35,161.443,-49.477,21.443
yaw140_pitch-030,140,-30,148.168,-50.334,8.168
yaw140_pitch-025,140,-25,125.060,-50.222,14.940
yaw140_pitch-020,140,-20,90.171,-54.525,49.829
yaw140_pitch-015,140,-15,70.422,-49.715,69.578
yaw140_pitch-010,140,-10,62.174,-50.967,77.826
yaw140_pitch-005,140,-5,61.176,-48.023,78.824
yaw140_pitch+000,140,0,82.302,-40.074,57.698
yaw140_pitch+005,140,5,135.000,-42.199,5.000
yaw140_pitch+010,140,10,135.000,-44.996,5.000
yaw140_pitch+015,140,15,135.000,-44.944,5.000
yaw140_pitch+020,140,20,135.000,7.332,5.000
yaw140_pitch+025,140,25,138.831,-12.109,1.169
yaw140_pitch+030,140,30,127.272,-2.469,12.728
yaw140_pitch+035,140,35,129.867,7.309,10.133
yaw140_pitch+040,140,40,130.492,10.742,9.508
yaw140_pitch+045,140,45,135.514,19.943,4.486
yaw140_pitch+050,140,50,136.194,23.436,3.806
yaw140_pitch+055,140,55,138.233,25.845,1.767
yaw140_pitch+060,140,60,137.991,28.827,2.009
yaw140_pitch+065,140,65,137.445,33.197,2.555
yaw140_pitch+070,140,70,135.919,40.782,4.081
yaw140_pitch+075,140,75,129.626,55.250,10.374
yaw140_pitch+080,140,80,131.156,73.586,8.844
yaw140_pitch+085,140,85,132.884,87.016,7.116
yaw140_pitch+090,140,90,132.817,90.000,7.183
yaw145_pitch-090,145,-90,198.939,-71.845,53.939
yaw145_pitch-085,145,-85,192.959,-76.864,47.959
yaw145_pitch-080,145,-80,191.717,-75.558,46.717
yaw145_pitch-075,145,-75,188.593,-74.503,43.593
yaw145_pitch-070,145,-70,185.213,-69.074,40.213
yaw145_pitch-065,145,-65,184.575,-62.059,39.575
yaw145_pitch-060,145,-60,181.076,-56.986,36.076
yaw145_pitch-055,145,-55,179.889,-56.129,34.889
yaw145_pitch-050,145,-50,182.554,-50.815,37.554
yaw145_pitch-045,145,-45,181.262,-48.260,36.262
yaw145_pitch-040,145,-40,179.034,-49.437,34.034
yaw145_pitch-035,145,-35,170.553,-50.708,25.553
yaw145_pitch-030,145,-30,163.359,-50.262,18.359
yaw145_pitch-025,145,-25,140.766,-49.902,4.234
yaw145_pitch-020,145,-20,98.022,-50.918,46.978
yaw145_pitch-015,145,-15,68.565,-52.148,76.435
yaw145_pitch-010,145,-10,58.712,-50.871,86.288
yaw145_pitch-005,145,-5,57.799,-46.075,87.201
yaw145_pitch+000,145,0,78.213,-40.671,66.787
yaw145_pitch+005,145,5,135.000,-45.000,10.000
yaw145_pitch+010,145,10,135.000,-45.000,10.000
yaw145_pitch+015,145,15,135.000,-45.000,10.000
yaw145_pitch+020,145,20,135.000,-44.972,10.000
yaw145_pitch+025,145,25,137.911,-17.172,7.089
yaw145_pitch+030,145,30,135.291,-4.441,9.709
yaw145_pitch+035,145,35,132.544,4.527,12.456
yaw145_pitch+040,145,40,134.077,13.079,10.923
yaw145_pitch+045,145,45,136.144,20.216,8.856
yaw145_pitch+050,145,50,137.436,24.724,7.564
yaw145_pitch+055,145,55,137.702,25.173,7.298
yaw145_pitch+060,145,60,136.548,27.239,8.452
yaw145_pitch+065,145,65,135.520,30.924,9.480
yaw145_pitch+070,145,70,135.169,39.476,9.831
yaw145_pitch+075,145,75,132.029,56.006,12.971
yaw145_pitch+080,145,80,132.521,74.066,12.479
yaw145_pitch+085,145,85,136.538,86.375,8.462
yaw145_pitch+090,145,90,138.095,90.000,6.905
yaw150_pitch-090,150,-90,200.878,-71.962,50.878
yaw150_pitch-085,150,-85,196.865,-72.870,46.865
yaw150_pitch-080,150,-80,195.001,-76.252,45.001
yaw150_pitch-075,150,-75,195.070,-74.401,45.070
yaw150_pitch-070,150,-70,188.235,-68.932,38.235
yaw150_pitch-065,150,-65,188.999,-59.936,38.999
yaw150_pitch-060,150,-60,187.517,-58.640,37.517
yaw150_pitch-055,150,-55,191.875,-54.530,41.875
yaw150_pitch-050,150,-50,190.792,-45.145,40.792
yaw150_pitch-045,150,-45,190.146,-51.316,40.146
yaw150_pitch-040,150,-40,183.444,-51.196,33.444
yaw150_pitch-035,150,-35,179.145,-51.223,29.145
yaw150_pitch-030,150,-30,174.890,-49.414,24.890
yaw150_pitch-025,150,-25,157.470,-51.490,7.470
yaw150_pitch-020,150,-20,130.144,-50.215,19.856
yaw150_pitch-015,150,-15,79.472,-50.731,70.528
yaw150_pitch-010,150,-10,57.463,-50.150,92.537
yaw150_pitch-005,150,-5,57.497,-45.459,92.503
yaw150_pitch+000,150,0,66.717,-41.662,83.283
yaw150_pitch+005,150,5,135.000,-45.000,15.000
yaw150_pitch+010,150,10,135.000,-45.000,15.000
yaw150_pitch+015,150,15,135.000,-45.000,15.000
yaw150_pitch+020,150,20,135.000,-45.000,15.000
yaw150_pitch+025,150,25,136.948,-12.946,13.052
yaw150_pitch+030,150,30,139.999,0.118,10.001
yaw150_pitch+035,150,35,138.395,7.447,11.605
yaw150_pitch+040,150,40,138.520,14.104,11.480
yaw150_pitch+045,150,45,135.438,21.723,14.562
yaw150_pitch+050,150,50,138.443,23.598,11.557
yaw150_pitch+055,150,55,138.583,23.338,11.417
yaw150_pitch+060,150,60,134.728,25.502,15.272
yaw150_pitch+065,150,65,133.680,29.138,16.320
yaw150_pitch+070,150,70,133.689,44.179,16.311
yaw150_pitch+075,150,75,133.565,64.756,16.435
yaw150_pitch+080,150,80,133.662,75.805,16.338
yaw150_pitch+085,150,85,136.452,87.920,13.548
yaw150_pitch+090,150,90,136.657,90.000,13.343
yaw155_pitch-090,155,-90,203.277,-76.585,48.277
yaw155_pitch-085,155,-85,203.497,-73.130,48.497
yaw155_pitch-080,155,-80,201.054,-71.774,46.054
yaw155_pitch-075,155,-75,197.346,-71.111,42.346
yaw155_pitch-070,155,-70,191.100,-66.879,36.100
yaw155_pitch-065,155,-65,189.241,-59.338,34.241
yaw155_pitch-060,155,-60,189.550,-58.654,34.550
yaw155_pitch-055,155,-55,187.438,-53.500,32.438
yaw155_pitch-050,155,-50,187.550,-53.019,32.550
yaw155_pitch-045,155,-45,192.554,-49.720,37.554
yaw155_pitch-040,155,-40,190.106,-50.948,35.106
yaw155_pitch-035,155,-35,190.472,-51.140,35.472
yaw155_pitch-030,155,-30,184.301,-49.976,29.301
yaw155_pitch-025,155,-25,171.604,-51.067,16.604
yaw155_pitch-020,155,-20,151.537,-51.135,3.463
yaw155_pitch-015,155,-15,102.532,-49.563,52.468
yaw155_pitch-010,155,-10,60.667,-47.281,94.333
yaw155_pitch-005,155,-5,62.443,-45.433,92.557
yaw155_pitch+000,155,0,67.701,-39.881,87.299
yaw155_pitch+005,155,5,135.000,-45.066,20.000
yaw155_pitch+010,155,10,135.000,-45.000,20.000
yaw155_pitch+015,155,15,135.000,-45.000,20.000
yaw155_pitch+020,155,20,135.000,-44.952,20.000
yaw155_pitch+025,155,25,144.291,-13.313,10.709
yaw155_pitch+030,155,30,139.658,-0.654,15.342
yaw155_pitch+035,155,35,139.266,10.195,15.734
yaw155_pitch+040,155,40,136.523,17.384,18.477
yaw155_pitch+045,155,45,137.257,20.837,17.743
yaw155_pitch+050,155,50,138.673,22.057,16.327
yaw155_pitch+055,155,55,138.098,21.896,16.902
yaw155_pitch+060,155,60,135.650,23.800,19.350
yaw155_pitch+065,155,65,134.252,27.211,20.748
yaw155_pitch+070,155,70,129.081,31.563,25.919
yaw155_pitch+075,155,75,138.147,69.072,16.853
yaw155_pitch+080,155,80,135.910,79.831,19.090
yaw155_pitch+085,155,85,135.079,89.268,19.921
yaw155_pitch+090,155,90,135.344,90.000,19.656
yaw160_pitch-090,160,-90,205.345,-78.883,45.345
yaw160_pitch-085,160,-85,205.376,-73.495,45.376
yaw160_pitch-080,160,-80,205.979,-71.561,45.979
yaw160_pitch-075,160,-75,202.127,-69.040,42.127
yaw160_pitch-070,160,-70,193.624,-68.588,33.624
yaw160_pitch-065,160,-65,188.621,-58.649,28.621
yaw160_pitch-060,160,-60,187.347,-57.523,27.347
yaw160_pitch-055,160,-55,183.051,-55.045,23.051
yaw160_pitch-050,160,-50,184.161,-52.684,24.161
yaw160_pitch-045,160,-45,185.569,-49.570,25.569
yaw160_pitch-040,160,-40,188.611,-50.691,28.611
yaw160_pitch-035,160,-35,186.879,-51.421,26.879
yaw160_pitch-030,160,-30,186.716,-51.572,26.716
yaw160_pitch-025,160,-25,177.739,-51.700,17.739
yaw160_pitch-020,160,-20,172.405,-50.309,12.405
yaw160_pitch-015,160,-15,158.262,-49.037,1.738
yaw160_pitch-010,160,-10,125.349,-47.248,34.651
yaw160_pitch-005,160,-5,103.892,-44.278,56.108
yaw160_pitch+000,160,0,101.331,-38.984,58.669
yaw160_pitch+005,160,5,85.859,-35.511,74.141
yaw160_pitch+010,160,10,129.772,-36.098,30.228
yaw160_pitch+015,160,15,134.953,-32.371,25.047
yaw160_pitch+020,160,20,144.011,-15.096,15.989
yaw160_pitch+025,160,25,150.699,-9.209,9.301
yaw160_pitch+030,160,30,146.924,-0.686,13.076
yaw160_pitch+035,160,35,142.003,12.873,17.997
yaw160_pitch+040,160,40,139.927,19.683,20.073
yaw160_pitch+045,160,45,143.160,19.686,16.840
yaw160_pitch+050,160,50,141.846,20.720,18.154
yaw160_pitch+055,160,55,141.045,20.936,18.955
yaw160_pitch+060,160,60,139.318,24.327,20.682
yaw160_pitch+065,160,65,135.913,26.303,24.087
yaw160_pitch+070,160,70,133.108,31.207,26.892
yaw160_pitch+075,160,75,141.802,70.356,18.198
yaw160_pitch+080,160,80,138.666,83.063,21.334
yaw160_pitch+085,160,85,135.375,90.000,24.625
yaw160_pitch+090,160,90,133.376,90.000,26.624
yaw165_pitch-090,165,-90,211.619,-78.322,46.619
yaw165_pitch-085,165,-85,210.662,-76.026,45.662
yaw165_pitch-080,165,-80,206.850,-74.467,41.850
yaw165_pitch-075,165,-75,201.574,-69.701,36.574
yaw165_pitch-070,165,-70,195.429,-66.968,30.429
yaw165_pitch-065,165,-65,186.334,-63.496,21.334
yaw165_pitch-060,165,-60,180.729,-55.834,15.729
yaw165_pitch-055,165,-55,179.799,-53.039,14.799
yaw165_pitch-050,165,-50,170.368,-52.047,5.368
yaw165_pitch-045,165,-45,175.679,-51.932,10.679
yaw165_pitch-040,165,-40,179.353,-52.159,14.353
yaw165_pitch-035,165,-35,183.733,-52.467,18.733
yaw165_pitch-030,165,-30,183.995,-53.628,18.995
yaw165_pitch-025,165,-25,183.120,-52.195,18.120
yaw165_pitch-020,165,-20,177.988,-49.833,12.988
yaw165_pitch-015,165,-15,171.816,-48.719,6.816
yaw165_pitch-010,165,-10,167.296,-45.864,2.296
yaw165_pitch-005,165,-5,151.340,-42.478,13.660
yaw165_pitch+000,165,0,151.612,-35.357,13.388
yaw165_pitch+005,165,5,144.968,-32.618,20.032
yaw165_pitch+010,165,10,143.255,-22.822,21.745
yaw165_pitch+015,165,15,143.713,-17.429,21.287
yaw165_pitch+020,165,20,153.718,-9.598,11.282
yaw165_pitch+025,165,25,153.791,-5.512,11.209
yaw165_pitch+030,165,30,153.155,5.711,11.845
yaw165_pitch+035,165,35,145.691,12.217,19.309
yaw165_pitch+040,165,40,144.785,19.913,20.215
yaw165_pitch+045,165,45,144.527,19.510,20.473
yaw165_pitch+050,165,50,143.634,19.188,21.366
yaw165_pitch+055,165,55,142.631,20.407,22.369
yaw165_pitch+060,165,60,140.608,22.824,24.392
yaw165_pitch+065,165,65,139.489,24.419,25.511
yaw165_pitch+070,165,70,140.584,31.902,24.416
yaw165_pitch+075,165,75,143.422,72.717,21.578
yaw165_pitch+080,165,80,140.287,84.324,24.713
yaw165_pitch+085,165,85,136.602,90.000,28.398
yaw165_pitch+090,165,90,131.913,90.000,33.087
yaw170_pitch-090,170,-90,212.633,-81.595,42.633
yaw170_pitch-085,170,-85,210.406,-79.561,40.406
yaw170_pitch-080,170,-80,208.640,-76.149,38.640
yaw170_pitch-075,170,-75,198.551,-74.761,28.551
yaw170_pitch-070,170,-70,194.255,-69.035,24.255
yaw170_pitch-065,170,-65,183.387,-65.451,13.387
yaw170_pitch-060,170,-60,158.406,-56.339,11.594
yaw170_pitch-055,170,-55,100.209,-53.289,69.791
yaw170_pitch-050,170,-50,75.079,-53.821,94.921
yaw170_pitch-045,170,-45,92.181,-53.825,77.819
yaw170_pitch-040,170,-40,144.094,-52.742,25.906
yaw170_pitch-035,170,-35,162.190,-52.683,7.810
yaw170_pitch-030,170,-30,183.320,-53.577,13.320
yaw170_pitch-025,170,-25,179.496,-53.715,9.496
yaw170_pitch-020,170,-20,183.929,-50.675,13.929
yaw170_pitch-015,170,-15,172.997,-49.914,2.997
yaw170_pitch-010,170,-10,171.932,-45.443,1.932
yaw170_pitch-005,170,-5,170.745,-41.352,0.745
yaw170_pitch+000,170,0,169.358,-36.398,0.642
yaw170_pitch+005,170,5,164.582,-31.666,5.418
yaw170_pitch+010,170,10,166.119,-21.345,3.881
yaw170_pitch+015,170,15,164.315,-14.982,5.685
yaw170_pitch+020,170,20,158.516,-12.221,11.484
yaw170_pitch+025,170,25,161.167,-1.949,8.833
yaw170_pitch+030,170,30,152.767,10.430,17.233
yaw170_pitch+035,170,35,157.201,12.019,12.799
yaw170_pitch+040,170,40,149.075,18.384,20.925
yaw170_pitch+045,170,45,153.341,19.466,16.659
yaw170_pitch+050,170,50,151.181,18.659,18.819
yaw170_pitch+055,170,55,147.802,18.427,22.198
yaw170_pitch+060,170,60,148.086,23.435,21.914
yaw170_pitch+065,170,65,146.333,24.323,23.667
yaw170_pitch+070,170,70,148.388,55.842,21.612
yaw170_pitch+075,170,75,144.693,73.211,25.307
yaw170_pitch+080,170,80,139.724,85.161,30.276
yaw170_pitch+085,170,85,133.664,90.000,36.336
yaw170_pitch+090,170,90,129.781,90.000,40.219
yaw175_pitch-090,175,-90,217.120,-84.255,42.120
yaw175_pitch-085,175,-85,214.014,-80.546,39.014
yaw175_pitch-080,175,-80,209.754,-81.088,34.754
yaw175_pitch-075,175,-75,202.265,-74.279,27.265
yaw175_pitch-070,175,-70,192.969,-68.653,17.969
yaw175_pitch-065,175,-65,117.413,-67.781,57.587
yaw175_pitch-060,175,-60,42.531,-63.092,132.469
yaw175_pitch-055,175,-55,38.700,-57.325,136.300
yaw175_pitch-050,175,-50,32.310,-54.323,142.690
yaw175_pitch-045,175,-45,33.875,-53.975,141.125
yaw175_pitch-040,175,-40,33.079,-52.699,141.921
yaw175_pitch-035,175,-35,32.708,-52.364,142.292
yaw175_pitch-030,175,-30,60.966,-52.904,114.034
yaw175_pitch-025,175,-25,156.441,-53.524,18.559
yaw175_pitch-020,175,-20,179.253,-51.733,4.253
yaw175_pitch-015,175,-15,174.487,-48.304,0.513
yaw175_pitch-010,175,-10,171.905,-46.872,3.095
yaw175_pitch-005,175,-5,173.455,-41.003,1.545
yaw175_pitch+000,175,0,177.692,-36.285,2.692
yaw175_pitch+005,175,5,176.839,-30.020,1.839
yaw175_pitch+010,175,10,175.874,-19.334,0.874
yaw175_pitch+015,175,15,170.708,-13.812,4.292
yaw175_pitch+020,175,20,169.559,-10.573,5.441
yaw175_pitch+025,175,25,171.329,-2.752,3.671
yaw175_pitch+030,175,30,157.694,10.639,17.306
yaw175_pitch+035,175,35,159.622,14.063,15.378
yaw175_pitch+040,175,40,161.915,15.048,13.085
yaw175_pitch+045,175,45,158.857,19.029,16.143
yaw175_pitch+050,175,50,161.720,19.069,13.280
yaw175_pitch+055,175,55,157.847,20.551,17.153
yaw175_pitch+060,175,60,159.261,24.041,15.739
yaw175_pitch+065,175,65,158.185,48.158,16.815
yaw175_pitch+070,175,70,151.762,63.586,23.238
yaw175_pitch+075,175,75,145.692,74.210,29.308
yaw175_pitch+080,175,80,140.089,85.130,34.911
yaw175_pitch+085,175,85,132.327,90.000,42.673
yaw175_pitch+090,175,90,128.054,90.000,46.946
yaw180_pitch-090,180,-90,225.277,-80.731,45.277
yaw180_pitch-085,180,-85,224.779,-81.605,44.779
yaw180_pitch-080,180,-80,220.839,-78.977,40.839
yaw180_pitch-075,180,-75,215.631,-77.171,35.631
yaw180_pitch-070,180,-70,220.050,-72.953,40.050
yaw180_pitch-065,180,-65,11.876,-68.430,168.124
yaw180_pitch-060,180,-60,23.748,-62.373,156.252
yaw180_pitch-055,180,-55,27.678,-61.186,152.322
yaw180_pitch-050,180,-50,26.409,-56.373,153.591
yaw180_pitch-045,180,-45,27.500,-55.687,152.500
yaw180_pitch-040,180,-40,24.796,-53.555,155.204
yaw180_pitch-035,180,-35,23.476,-53.132,156.524
yaw180_pitch-030,180,-30,21.922,-53.232,158.078
yaw180_pitch-025,180,-25,38.492,-52.985,141.508
yaw180_pitch-020,180,-20,109.179,-49.991,70.821
yaw180_pitch-015,180,-15,148.530,-48.594,31.470
yaw180_pitch-010,180,-10,172.096,-44.822,7.904
yaw180_pitch-005,180,-5,171.582,-40.126,8.418
yaw180_pitch+000,180,0,179.414,-36.809,0.586
yaw180_pitch+005,180,5,182.107,-31.836,2.107
yaw180_pitch+010,180,10,179.760,-22.363,0.240
yaw180_pitch+015,180,15,178.978,-18.549,1.022
yaw180_pitch+020,180,20,177.967,-10.311,2.033
yaw180_pitch+025,180,25,179.448,-1.508,0.552
yaw180_pitch+030,180,30,177.571,8.811,2.429
yaw180_pitch+035,180,35,166.800,12.270,13.200
yaw180_pitch+040,180,40,172.238,16.429,7.762
yaw180_pitch+045,180,45,173.454,16.195,6.546
yaw180_pitch+050,180,50,173.084,18.524,6.916
yaw180_pitch+055,180,55,173.216,16.182,6.784
yaw180_pitch+060,180,60,171.831,39.297,8.169
yaw180_pitch+065,180,65,171.147,47.956,8.853
yaw180_pitch+070,180,70,167.320,56.494,12.680
yaw180_pitch+075,180,75,158.412,71.286,21.588
yaw180_pitch+080,180,80,145.030,84.530,34.970
yaw180_pitch+085,180,85,132.739,90.000,47.261
yaw180_pitch+090,180,90,127.572,90.000,52.428
yaw185_pitch-090,185,-90,234.792,-78.255,49.792
yaw185_pitch-085,185,-85,226.924,-78.641,41.924
yaw185_pitch-080,185,-80,230.255,-76.564,45.255
yaw185_pitch-075,185,-75,237.646,-74.307,52.646
yaw185_pitch-070,185,-70,257.234,-67.575,72.234
yaw185_pitch-065,185,-65,359.132,-60.762,174.132
yaw185_pitch-060,185,-60,1.976,-57.336,176.976
yaw185_pitch-055,185,-55,16.152,-58.592,168.848
yaw185_pitch-050,185,-50,18.723,-55.466,166.277
yaw185_pitch-045,185,-45,22.909,-53.762,162.091
yaw185_pitch-040,185,-40,21.403,-53.589,163.597
yaw185_pitch-035,185,-35,17.630,-53.020,167.370
yaw185_pitch-030,185,-30,18.477,-51.656,166.523
yaw185_pitch-025,185,-25,23.666,-52.836,161.334
yaw185_pitch-020,185,-20,32.694,-51.366,152.306
yaw185_pitch-015,185,-15,35.858,-48.719,149.142
yaw185_pitch-010,185,-10,171.284,-46.873,13.716
yaw185_pitch-005,185,-5,156.557,-42.072,28.443
yaw185_pitch+000,185,0,178.862,-36.462,6.138
yaw185_pitch+005,185,5,178.958,-29.795,6.042
yaw185_pitch+010,185,10,179.435,-21.610,5.565
yaw185_pitch+015,185,15,174.015,-15.843,10.985
yaw185_pitch+020,185,20,183.778,-9.956,1.222
yaw185_pitch+025,185,25,184.981,1.694,0.019
yaw185_pitch+030,185,30,185.077,5.872,0.077
yaw185_pitch+035,185,35,180.223,6.879,4.777
yaw185_pitch+040,185,40,184.420,11.766,0.580
yaw185_pitch+045,185,45,182.122,12.576,2.878
yaw185_pitch+050,185,50,187.090,19.751,2.090
yaw185_pitch+055,185,55,187.115,29.103,2.115
yaw185_pitch+060,185,60,185.278,38.415,0.278
yaw185_pitch+065,185,65,184.184,46.038,0.816
yaw185_pitch+070,185,70,178.991,54.819,6.009
yaw185_pitch+075,185,75,173.865,67.689,11.135
yaw185_pitch+080,185,80,165.257,76.174,19.743
yaw185_pitch+085,185,85,149.777,88.833,35.223
yaw185_pitch+090,185,90,135.911,90.000,49.089
yaw190_pitch-090,190,-90,232.486,-75.091,42.486
yaw190_pitch-085,190,-85,230.092,-75.910,40.092
yaw190_pitch-080,190,-80,228.235,-71.700,38.235
yaw190_pitch-075,190,-75,231.774,-67.953,41.774
yaw190_pitch-070,190,-70,243.014,-66.273,53.014
yaw190_pitch-065,190,-65,289.338,-54.526,99.338
yaw190_pitch-060,190,-60,329.194,-57.269,139.194
yaw190_pitch-055,190,-55,355.892,-55.826,165.892
yaw190_pitch-050,190,-50,0.875,-52.123,170.875
yaw190_pitch-045,190,-45,8.762,-52.820,178.762
yaw190_pitch-040,190,-40,11.235,-51.599,178.765
yaw190_pitch-035,190,-35,11.676,-52.097,178.324
yaw190_pitch-030,190,-30,12.392,-51.145,177.608
yaw190_pitch-025,190,-25,19.416,-52.684,170.584
yaw190_pitch-020,190,-20,18.387,-51.135,171.613
yaw190_pitch-015,190,-15,21.108,-48.228,168.892
yaw190_pitch-010,190,-10,28.876,-47.584,161.124
yaw190_pitch-005,190,-5,111.918,-39.104,78.082
yaw190_pitch+000,190,0,174.117,-36.043,15.883
yaw190_pitch+005,190,5,179.066,-28.662,10.934
yaw190_pitch+010,190,10,175.567,-21.751,14.433
yaw190_pitch+015,190,15,174.615,-15.893,15.385
yaw190_pitch+020,190,20,186.109,-8.616,3.891
yaw190_pitch+025,190,25,190.896,-3.374,0.896
yaw190_pitch+030,190,30,194.276,0.837,4.276
yaw190_pitch+035,190,35,195.120,2.868,5.120
yaw190_pitch+040,190,40,196.738,7.923,6.738
yaw190_pitch+045,190,45,192.452,10.210,2.452
yaw190_pitch+050,190,50,194.317,20.576,4.317
yaw190_pitch+055,190,55,192.031,27.594,2.031
yaw190_pitch+060,190,60,191.353,37.462,1.353
yaw190_pitch+065,190,65,189.497,45.598,0.503
yaw190_pitch+070,190,70,188.415,54.414,1.585
yaw190_pitch+075,190,75,183.660,65.891,6.340
yaw190_pitch+080,190,80,181.657,72.948,8.343
yaw190_pitch+085,190,85,176.652,79.087,13.348
yaw190_pitch+090,190,90,163.104,90.000,26.896
yaw195_pitch-090,195,-90,228.656,-77.424,33.656
yaw195_pitch-085,195,-85,229.441,-75.805,34.441
yaw195_pitch-080,195,-80,231.989,-70.284,36.989
yaw195_pitch-075,195,-75,243.043,-64.571,48.043
yaw195_pitch-070,195,-70,252.689,-57.340,57.689
yaw195_pitch-065,195,-65,261.209,-46.787,66.209
yaw195_pitch-060,195,-60,262.503,-52.806,67.503
yaw195_pitch-055,195,-55,288.340,-49.482,93.340
yaw195_pitch-050,195,-50,324.604,-51.025,129.604
yaw195_pitch-045,195,-45,339.743,-50.137,144.743
yaw195_pitch-040,195,-40,351.329,-49.830,156.329
yaw195_pitch-035,195,-35,354.811,-49.514,159.811
yaw195_pitch-030,195,-30,7.578,-49.666,172.578
yaw195_pitch-025,195,-25,10.896,-50.796,175.896
yaw195_pitch-020,195,-20,11.157,-50.311,176.157
yaw195_pitch-015,195,-15,18.867,-48.889,176.133
yaw195_pitch-010,195,-10,19.166,-46.536,175.834
yaw195_pitch-005,195,-5,39.251,-38.445,155.749
yaw195_pitch+000,195,0,124.449,-35.173,70.551
yaw195_pitch+005,195,5,170.695,-28.740,24.305
yaw195_pitch+010,195,10,177.455,-22.377,17.545
yaw195_pitch+015,195,15,182.202,-16.225,12.798
yaw195_pitch+020,195,20,194.963,-10.725,0.037
yaw195_pitch+025,195,25,197.487,-1.988,2.487
yaw195_pitch+030,195,30,198.799,0.645,3.799
yaw195_pitch+035,195,35,200.964,0.795,5.964
yaw195_pitch+040,195,40,202.478,4.176,7.478
yaw195_pitch+045,195,45,201.732,8.045,6.732
yaw195_pitch+050,195,50,201.770,16.683,6.770
yaw195_pitch+055,195,55,199.569,26.458,4.569
yaw195_pitch+060,195,60,198.298,35.605,3.298
yaw195_pitch+065,195,65,194.985,45.388,0.015
yaw195_pitch+070,195,70,192.594,54.400,2.406
yaw195_pitch+075,195,75,189.318,64.756,5.682
yaw195_pitch+080,195,80,191.708,70.365,3.292
yaw195_pitch+085,195,85,186.449,77.069,8.551
yaw195_pitch+090,195,90,181.863,83.576,13.137
yaw200_pitch-090,200,-90,227.357,-78.732,27.357
yaw200_pitch-085,200,-85,234.812,-68.368,34.812
yaw200_pitch-080,200,-80,228.984,-63.794,28.984
yaw200_pitch-075,200,-75,225.830,-76.753,25.830
yaw200_pitch-070,200,-70,225.666,-76.958,25.666
yaw200_pitch-065,200,-65,225.867,-61.852,25.867
yaw200_pitch-060,200,-60,241.679,-50.641,41.679
yaw200_pitch-055,200,-55,284.033,-44.758,84.033
yaw200_pitch-050,200,-50,271.792,-47.387,71.792
yaw200_pitch-045,200,-45,306.402,-48.221,106.402
yaw200_pitch-040,200,-40,315.432,-47.297,115.432
yaw200_pitch-035,200,-35,338.458,-48.488,138.458
yaw200_pitch-030,200,-30,348.432,-47.548,148.432
yaw200_pitch-025,200,-25,359.019,-48.516,159.019
yaw200_pitch-020,200,-20,7.316,-48.618,167.316
yaw200_pitch-015,200,-15,9.739,-47.966,169.739
yaw200_pitch-010,200,-10,17.316,-46.533,177.316
yaw200_pitch-005,200,-5,28.052,-38.943,171.948
yaw200_pitch+000,200,0,23.748,-34.046,176.252
yaw200_pitch+005,200,5,172.720,-26.965,27.280
yaw200_pitch+010,200,10,178.789,-20.810,21.211
yaw200_pitch+015,200,15,188.740,-16.694,11.260
yaw200_pitch+020,200,20,198.058,-14.945,1.942
yaw200_pitch+025,200,25,199.697,-5.234,0.303
yaw200_pitch+030,200,30,205.120,-1.787,5.120
yaw200_pitch+035,200,35,206.765,-0.580,6.765
yaw200_pitch+040,200,40,206.122,3.075,6.122
yaw200_pitch+045,200,45,206.645,7.616,6.645
yaw200_pitch+050,200,50,205.427,14.711,5.427
yaw200_pitch+055,200,55,205.212,22.515,5.212
yaw200_pitch+060,200,60,202.653,36.739,2.653
yaw200_pitch+065,200,65,200.418,46.121,0.418
yaw200_pitch+070,200,70,196.746,54.811,3.254
yaw200_pitch+075,200,75,193.106,66.807,6.894
yaw200_pitch+080,200,80,195.141,72.475,4.859
yaw200_pitch+085,200,85,194.836,73.692,5.164
yaw200_pitch+090,200,90,194.277,79.977,5.723
yaw205_pitch-090,205,-90,231.703,-72.050,26.703
yaw205_pitch-085,205,-85,226.363,-76.841,21.363
yaw205_pitch-080,205,-80,227.234,-90.000,22.234
yaw205_pitch-075,205,-75,314.876,-90.000,109.876
yaw205_pitch-070,205,-70,314.952,-88.375,109.952
yaw205_pitch-065,205,-65,314.997,-84.528,109.997
yaw205_pitch-060,205,-60,314.999,-83.800,109.999
yaw205_pitch-055,205,-55,314.957,-84.689,109.957
yaw205_pitch-050,205,-50,282.262,-60.004,77.262
yaw205_pitch-045,205,-45,298.432,-43.088,93.432
yaw205_pitch-040,205,-40,303.449,-45.811,98.449
yaw205_pitch-035,205,-35,325.812,-46.455,120.812
yaw205_pitch-030,205,-30,340.402,-46.439,135.402
yaw205_pitch-025,205,-25,345.987,-47.458,140.987
yaw205_pitch-020,205,-20,2.036,-47.995,157.036
yaw205_pitch-015,205,-15,9.361,-47.718,164.361
yaw205_pitch-010,205,-10,12.379,-44.383,167.379
yaw205_pitch-005,205,-5,10.754,-37.496,165.754
yaw205_pitch+000,205,0,7.973,-33.822,162.973
yaw205_pitch+005,205,5,199.558,-24.966,5.442
yaw205_pitch+010,205,10,195.146,-19.091,9.854
yaw205_pitch+015,205,15,200.858,-17.075,4.142
yaw205_pitch+020,205,20,204.440,-14.959,0.560
yaw205_pitch+025,205,25,205.601,-5.316,0.601
yaw205_pitch+030,205,30,205.921,-3.238,0.921
yaw205_pitch+035,205,35,207.803,-1.694,2.803
yaw205_pitch+040,205,40,209.515,4.950,4.515
yaw205_pitch+045,205,45,208.220,8.623,3.220
yaw205_pitch+050,205,50,205.960,13.097,0.960
yaw205_pitch+055,205,55,205.156,26.693,0.156
yaw205_pitch+060,205,60,204.620,36.141,0.380
yaw205_pitch+065,205,65,202.501,47.232,2.499
yaw205_pitch+070,205,70,201.713,57.357,3.287
yaw205_pitch+075,205,75,198.523,67.620,6.477
yaw205_pitch+080,205,80,197.853,72.136,7.147
yaw205_pitch+085,205,85,199.161,75.969,5.839
yaw205_pitch+090,205,90,198.766,80.132,6.234
yaw210_pitch-090,210,-90,233.129,-72.258,23.129
yaw210_pitch-085,210,-85,227.299,-76.903,17.299
yaw210_pitch-080,210,-80,313.479,-90.000,103.479
yaw210_pitch-075,210,-75,315.000,-90.000,105.000
yaw210_pitch-070,210,-70,315.000,-90.000,105.000
yaw210_pitch-065,210,-65,315.000,-81.928,105.000
yaw210_pitch-060,210,-60,315.000,-90.000,105.000
yaw210_pitch-055,210,-55,315.000,-90.000,105.000
yaw210_pitch-050,210,-50,315.000,-90.000,105.000
yaw210_pitch-045,210,-45,314.725,-71.666,104.725
yaw210_pitch-040,210,-40,303.438,-45.902,93.438
yaw210_pitch-035,210,-35,313.295,-44.362,103.295
yaw210_pitch-030,210,-30,328.186,-45.983,118.186
yaw210_pitch-025,210,-25,342.169,-46.074,132.169
yaw210_pitch-020,210,-20,348.353,-47.727,138.353
yaw210_pitch-015,210,-15,356.587,-47.276,146.587
yaw210_pitch-010,210,-10,1.294,-44.769,151.294
yaw210_pitch-005,210,-5,355.545,-37.915,145.545
yaw210_pitch+000,210,0,355.782,-35.323,145.782
yaw210_pitch+005,210,5,337.707,-25.322,127.707
yaw210_pitch+010,210,10,260.482,-18.819,50.482
yaw210_pitch+015,210,15,210.425,-13.836,0.425
yaw210_pitch+020,210,20,208.026,-11.353,1.974
yaw210_pitch+025,210,25,206.368,-4.308,3.632
yaw210_pitch+030,210,30,206.189,-1.307,3.811
yaw210_pitch+035,210,35,208.758,-0.162,1.242
yaw210_pitch+040,210,40,209.497,3.638,0.503
yaw210_pitch+045,210,45,208.433,11.334,1.567
yaw210_pitch+050,210,50,207.936,15.012,2.064
yaw210_pitch+055,210,55,206.539,32.195,3.461
yaw210_pitch+060,210,60,204.827,39.543,5.173
yaw210_pitch+065,210,65,203.902,52.052,6.098
yaw210_pitch+070,210,70,203.197,60.486,6.803
yaw210_pitch+075,210,75,203.283,72.975,6.717
yaw210_pitch+080,210,80,203.479,76.860,6.521
yaw210_pitch+085,210,85,200.133,75.924,9.867
yaw210_pitch+090,210,90,199.091,81.169,10.909
yaw215_pitch-090,215,-90,237.849,-74.785,22.849
yaw215_pitch-085,215,-85,239.519,-62.554,24.519
yaw215_pitch-080,215,-80,230.044,-67.299,15.044
yaw215_pitch-075,215,-75,314.986,-75.119,99.986
yaw215_pitch-070,215,-70,315.000,-74.078,100.000
yaw215_pitch-065,215,-65,315.000,-64.763,100.000
yaw215_pitch-060,215,-60,315.000,-72.857,100.000
yaw215_pitch-055,215,-55,315.000,-80.666,100.000
yaw215_pitch-050,215,-50,315.000,-86.486,100.000
yaw215_pitch-045,215,-45,315.000,-85.596,100.000
yaw215_pitch-040,215,-40,314.191,-59.064,99.191
yaw215_pitch-035,215,-35,314.960,-45.161,99.960
yaw215_pitch-030,215,-30,333.445,-46.369,118.445
yaw215_pitch-025,215,-25,338.559,-46.888,123.559
yaw215_pitch-020,215,-20,349.825,-47.607,134.825
yaw215_pitch-015,215,-15,355.332,-46.959,140.332
yaw215_pitch-010,215,-10,359.557,-44.874,144.557
yaw215_pitch-005,215,-5,359.638,-40.184,144.638
yaw215_pitch+000,215,0,343.495,-33.378,128.495
yaw215_pitch+005,215,5,330.494,-25.774,115.494
yaw215_pitch+010,215,10,261.607,-18.359,46.607
yaw215_pitch+015,215,15,220.348,-13.797,5.348
yaw215_pitch+020,215,20,215.136,-11.768,0.136
yaw215_pitch+025,215,25,212.994,-4.998,2.006
yaw215_pitch+030,215,30,210.381,-0.754,4.619
yaw215_pitch+035,215,35,208.312,2.796,6.688
yaw215_pitch+040,215,40,208.389,8.923,6.611
yaw215_pitch+045,215,45,207.236,14.898,7.764
yaw215_pitch+050,215,50,205.541,23.821,9.459
yaw215_pitch+055,215,55,205.334,39.141,9.666
yaw215_pitch+060,215,60,205.129,48.963,9.871
yaw215_pitch+065,215,65,205.430,56.567,9.570
yaw215_pitch+070,215,70,205.445,66.875,9.555
yaw215_pitch+075,215,75,204.488,73.727,10.512
yaw215_pitch+080,215,80,206.082,78.474,8.918
yaw215_pitch+085,215,85,203.936,82.042,11.064
yaw215_pitch+090,215,90,201.699,86.326,13.301
yaw220_pitch-090,220,-90,243.924,-73.917,23.924
yaw220_pitch-085,220,-85,245.932,-71.706,25.932
yaw220_pitch-080,220,-80,249.495,-61.156,29.495
yaw220_pitch-075,220,-75,249.030,-57.105,29.030
yaw220_pitch-070,220,-70,234.469,-58.270,14.469
yaw220_pitch-065,220,-65,313.741,-62.694,93.741
yaw220_pitch-060,220,-60,314.999,-66.430,94.999
yaw220_pitch-055,220,-55,315.000,-68.173,95.000
yaw220_pitch-050,220,-50,315.000,-82.153,95.000
yaw220_pitch-045,220,-45,315.000,-81.580,95.000
yaw220_pitch-040,220,-40,314.965,-66.218,94.965
yaw220_pitch-035,220,-35,313.775,-47.556,93.775
yaw220_pitch-030,220,-30,328.939,-45.723,108.939
yaw220_pitch-025,220,-25,337.741,-45.569,117.741
yaw220_pitch-020,220,-20,349.951,-47.088,129.951
yaw220_pitch-015,220,-15,353.541,-46.736,133.541
yaw220_pitch-010,220,-10,355.667,-44.606,135.667
yaw220_pitch-005,220,-5,357.742,-39.945,137.742
yaw220_pitch+000,220,0,345.127,-32.286,125.127
yaw220_pitch+005,220,5,325.871,-24.135,105.871
yaw220_pitch+010,220,10,261.591,-17.742,41.591
yaw220_pitch+015,220,15,230.244,-15.147,10.244
yaw220_pitch+020,220,20,223.137,-13.912,3.137
yaw220_pitch+025,220,25,220.501,-7.542,0.501
yaw220_pitch+030,220,30,215.103,0.465,4.897
yaw220_pitch+035,220,35,209.017,6.029,10.983
yaw220_pitch+040,220,40,207.506,8.444,12.494
yaw220_pitch+045,220,45,205.219,16.712,14.781
yaw220_pitch+050,220,50,202.340,30.651,17.660
yaw220_pitch+055,220,55,204.474,44.323,15.526
yaw220_pitch+060,220,60,204.878,53.442,15.122
yaw220_pitch+065,220,65,206.578,62.839,13.422
yaw220_pitch+070,220,70,205.025,71.134,14.975
yaw220_pitch+075,220,75,205.580,75.584,14.420
yaw220_pitch+080,220,80,206.234,78.405,13.766
yaw220_pitch+085,220,85,208.313,84.678,11.687
yaw220_pitch+090,220,90,210.283,88.684,9.717
yaw225_pitch-090,225,-90,261.606,-69.965,36.606
yaw225_pitch-085,225,-85,252.655,-72.807,27.655
yaw225_pitch-080,225,-80,251.557,-69.929,26.557
yaw225_pitch-075,225,-75,258.070,-64.239,33.070
yaw225_pitch-070,225,-70,260.738,-56.043,35.738
yaw225_pitch-065,225,-65,262.229,-53.635,37.229
yaw225_pitch-060,225,-60,277.332,-50.052,52.332
yaw225_pitch-055,225,-55,277.223,-51.065,52.223
yaw225_pitch-050,225,-50,284.944,-49.901,59.944
yaw225_pitch-045,225,-45,292.079,-47.991,67.079
yaw225_pitch-040,225,-40,298.733,-46.341,73.733
yaw225_pitch-035,225,-35,317.771,-46.573,92.771
yaw225_pitch-030,225,-30,327.435,-45.959,102.435
yaw225_pitch-025,225,-25,337.371,-46.062,112.371
yaw225_pitch-020,225,-20,352.582,-47.055,127.582
yaw225_pitch-015,225,-15,354.337,-46.060,129.337
yaw225_pitch-010,225,-10,0.426,-44.448,135.426
yaw225_pitch-005,225,-5,359.629,-39.431,134.629
yaw225_pitch+000,225,0,345.135,-30.819,120.135
yaw225_pitch+005,225,5,321.621,-23.374,96.621
yaw225_pitch+010,225,10,285.089,-19.072,60.089
yaw225_pitch+015,225,15,239.948,-14.722,14.948
yaw225_pitch+020,225,20,235.921,-16.499,10.921
yaw225_pitch+025,225,25,224.750,-6.628,0.250
yaw225_pitch+030,225,30,217.978,1.458,7.022
yaw225_pitch+035,225,35,210.243,6.417,14.757
yaw225_pitch+040,225,40,208.202,11.782,16.798
yaw225_pitch+045,225,45,202.270,19.579,22.730
yaw225_pitch+050,225,50,201.802,32.226,23.198
yaw225_pitch+055,225,55,200.431,45.667,24.569
yaw225_pitch+060,225,60,204.208,54.659,20.792
yaw225_pitch+065,225,65,204.991,64.409,20.009
yaw225_pitch+070,225,70,205.615,73.441,19.385
yaw225_pitch+075,225,75,207.269,77.616,17.731
yaw225_pitch+080,225,80,207.093,81.097,17.907
yaw225_pitch+085,225,85,208.271,85.671,16.729
yaw225_pitch+090,225,90,210.605,90.000,14.395
yaw230_pitch-090,230,-90,277.278,-70.636,47.278
yaw230_pitch-085,230,-85,267.917,-73.700,37.917
yaw230_pitch-080,230,-80,273.324,-68.946,43.324
yaw230_pitch-075,230,-75,278.111,-69.002,48.111
yaw230_pitch-070,230,-70,284.652,-60.891,54.652
yaw230_pitch-065,230,-65,279.096,-61.918,49.096
yaw230_pitch-060,230,-60,281.204,-58.177,51.204
yaw230_pitch-055,230,-55,286.918,-58.158,56.918
yaw230_pitch-050,230,-50,291.970,-55.252,61.970
yaw230_pitch-045,230,-45,297.108,-54.221,67.108
yaw230_pitch-040,230,-40,312.137,-52.149,82.137
yaw230_pitch-035,230,-35,328.766,-50.469,98.766
yaw230_pitch-030,230,-30,335.173,-48.922,105.173
yaw230_pitch-025,230,-25,349.296,-49.197,119.296
yaw230_pitch-020,230,-20,348.311,-47.882,118.311
yaw230_pitch-015,230,-15,358.677,-47.753,128.677
yaw230_pitch-010,230,-10,0.251,-44.170,130.251
yaw230_pitch-005,230,-5,356.873,-40.067,126.873
yaw230_pitch+000,230,0,349.877,-31.056,119.877
yaw230_pitch+005,230,5,334.782,-24.575,104.782
yaw230_pitch+010,230,10,300.586,-19.890,70.586
yaw230_pitch+015,230,15,281.151,-16.621,51.151
yaw230_pitch+020,230,20,250.314,-17.575,20.314
yaw230_pitch+025,230,25,228.983,-5.710,1.017
yaw230_pitch+030,230,30,221.712,0.096,8.288
yaw230_pitch+035,230,35,215.454,7.539,14.546
yaw230_pitch+040,230,40,210.413,13.036,19.587
yaw230_pitch+045,230,45,202.375,22.922,27.625
yaw230_pitch+050,230,50,197.336,33.108,32.664
yaw230_pitch+055,230,55,199.886,44.045,30.114
yaw230_pitch+060,230,60,201.828,52.868,28.172
yaw230_pitch+065,230,65,205.914,60.374,24.086
yaw230_pitch+070,230,70,206.760,71.813,23.240
yaw230_pitch+075,230,75,207.951,75.525,22.049
yaw230_pitch+080,230,80,207.492,81.832,22.508
yaw230_pitch+085,230,85,209.093,88.216,20.907
yaw230_pitch+090,230,90,212.809,90.000,17.191
yaw235_pitch-090,235,-90,288.491,-72.471,53.491
yaw235_pitch-085,235,-85,278.661,-77.211,43.661
yaw235_pitch-080,235,-80,282.919,-76.318,47.919
yaw235_pitch-075,235,-75,293.541,-76.024,58.541
yaw235_pitch-070,235,-70,291.344,-72.930,56.344
yaw235_pitch-065,235,-65,301.465,-69.998,66.465
yaw235_pitch-060,235,-60,296.409,-62.327,61.409
yaw235_pitch-055,235,-55,303.051,-62.480,68.051
yaw235_pitch-050,235,-50,301.299,-56.114,66.299
yaw235_pitch-045,235,-45,309.515,-58.046,74.515
yaw235_pitch-040,235,-40,314.410,-54.739,79.410
yaw235_pitch-035,235,-35,321.868,-52.314,86.868
yaw235_pitch-030,235,-30,329.063,-49.933,94.063
yaw235_pitch-025,235,-25,340.465,-47.470,105.465
yaw235_pitch-020,235,-20,343.072,-47.164,108.072
yaw235_pitch-015,235,-15,351.203,-46.245,116.203
yaw235_pitch-010,235,-10,355.999,-42.590,120.999
yaw235_pitch-005,235,-5,355.124,-38.337,120.124
yaw235_pitch+000,235,0,351.831,-29.960,116.831
yaw235_pitch+005,235,5,349.776,-24.010,114.776
yaw235_pitch+010,235,10,336.646,-21.150,101.646
yaw235_pitch+015,235,15,311.664,-18.617,76.664
yaw235_pitch+020,235,20,261.367,-15.690,26.367
yaw235_pitch+025,235,25,243.778,-6.468,8.778
yaw235_pitch+030,235,30,228.107,-0.000,6.893
yaw235_pitch+035,235,35,212.800,5.984,22.200
yaw235_pitch+040,235,40,209.336,12.358,25.664
yaw235_pitch+045,235,45,205.279,21.070,29.721
yaw235_pitch+050,235,50,196.720,34.915,38.280
yaw235_pitch+055,235,55,196.794,44.004,38.206
yaw235_pitch+060,235,60,196.983,49.505,38.017
yaw235_pitch+065,235,65,202.082,59.840,32.918
yaw235_pitch+070,235,70,206.310,68.220,28.690
yaw235_pitch+075,235,75,206.889,76.227,28.111
yaw235_pitch+080,235,80,209.639,82.817,25.361
yaw235_pitch+085,235,85,212.755,89.027,22.245
yaw235_pitch+090,235,90,215.060,90.000,19.940
yaw240_pitch-090,240,-90,293.973,-75.751,53.973
yaw240_pitch-085,240,-85,282.930,-77.994,42.930
yaw240_pitch-080,240,-80,288.728,-83.385,48.728
yaw240_pitch-075,240,-75,290.518,-76.816,50.518
yaw240_pitch-070,240,-70,293.789,-70.649,53.789
yaw240_pitch-065,240,-65,301.540,-68.813,61.540
yaw240_pitch-060,240,-60,301.035,-64.710,61.035
yaw240_pitch-055,240,-55,302.011,-62.982,62.011
yaw240_pitch-050,240,-50,309.383,-56.971,69.383
yaw240_pitch-045,240,-45,315.442,-60.348,75.442
yaw240_pitch-040,240,-40,319.149,-57.926,79.149
yaw240_pitch-035,240,-35,320.632,-53.539,80.632
yaw240_pitch-030,240,-30,330.546,-52.574,90.546
yaw240_pitch-025,240,-25,331.360,-48.439,91.360
yaw240_pitch-020,240,-20,331.267,-47.549,91.267
yaw240_pitch-015,240,-15,336.166,-45.288,96.166
yaw240_pitch-010,240,-10,338.752,-41.068,98.752
yaw240_pitch-005,240,-5,343.560,-34.992,103.560
yaw240_pitch+000,240,0,348.587,-27.941,108.587
yaw240_pitch+005,240,5,349.398,-21.695,109.398
yaw240_pitch+010,240,10,347.151,-21.051,107.151
yaw240_pitch+015,240,15,332.412,-19.230,92.412
yaw240_pitch+020,240,20,308.837,-17.067,68.837
yaw240_pitch+025,240,25,276.224,-9.252,36.224
yaw240_pitch+030,240,30,253.792,-4.176,13.792
yaw240_pitch+035,240,35,223.957,1.043,16.043
yaw240_pitch+040,240,40,225.334,5.617,14.666
yaw240_pitch+045,240,45,208.561,17.051,31.439
yaw240_pitch+050,240,50,207.560,27.691,32.440
yaw240_pitch+055,240,55,196.392,38.352,43.608
yaw240_pitch+060,240,60,197.840,47.725,42.160
yaw240_pitch+065,240,65,202.068,59.121,37.932
yaw240_pitch+070,240,70,207.650,68.479,32.350
yaw240_pitch+075,240,75,208.495,75.808,31.505
yaw240_pitch+080,240,80,212.496,84.528,27.504
yaw240_pitch+085,240,85,215.182,90.000,24.818
yaw240_pitch+090,240,90,217.421,90.000,22.579
yaw245_pitch-090,245,-90,279.003,-72.449,34.003
yaw245_pitch-085,245,-85,278.049,-76.560,33.049
yaw245_pitch-080,245,-80,285.038,-84.262,40.038
yaw245_pitch-075,245,-75,288.208,-78.904,43.208
yaw245_pitch-070,245,-70,292.382,-70.166,47.382
yaw245_pitch-065,245,-65,303.655,-68.328,58.655
yaw245_pitch-060,245,-60,305.443,-59.547,60.443
yaw245_pitch-055,245,-55,309.542,-63.516,64.542
yaw245_pitch-050,245,-50,310.947,-61.374,65.947
yaw245_pitch-045,245,-45,312.704,-59.115,67.704
yaw245_pitch-040,245,-40,307.332,-56.840,62.332
yaw245_pitch-035,245,-35,314.685,-54.231,69.685
yaw245_pitch-030,245,-30,318.369,-51.775,73.369
yaw245_pitch-025,245,-25,320.545,-49.463,75.545
yaw245_pitch-020,245,-20,321.747,-47.332,76.747
yaw245_pitch-015,245,-15,321.473,-45.173,76.473
yaw245_pitch-010,245,-10,322.995,-40.884,77.995
yaw245_pitch-005,245,-5,335.751,-37.083,90.751
yaw245_pitch+000,245,0,337.875,-25.427,92.875
yaw245_pitch+005,245,5,342.422,-20.440,97.422
yaw245_pitch+010,245,10,343.206,-21.542,98.206
yaw245_pitch+015,245,15,345.836,-20.190,100.836
yaw245_pitch+020,245,20,339.041,-19.922,94.041
yaw245_pitch+025,245,25,327.853,-14.410,82.853
yaw245_pitch+030,245,30,347.739,-9.963,102.739
yaw245_pitch+035,245,35,272.811,-3.269,27.811
yaw245_pitch+040,245,40,321.692,2.937,76.692
yaw245_pitch+045,245,45,243.036,10.846,1.964
yaw245_pitch+050,245,50,231.043,22.841,13.957
yaw245_pitch+055,245,55,204.515,32.993,40.485
yaw245_pitch+060,245,60,205.877,43.239,39.123
yaw245_pitch+065,245,65,210.536,53.733,34.464
yaw245_pitch+070,245,70,212.829,66.193,32.171
yaw245_pitch+075,245,75,214.346,76.326,30.654
yaw245_pitch+080,245,80,217.043,86.402,27.957
yaw245_pitch+085,245,85,218.803,90.000,26.197
yaw245_pitch+090,245,90,220.655,90.000,24.345
yaw250_pitch-090,250,-90,272.287,-72.933,22.287
yaw250_pitch-085,250,-85,269.371,-78.976,19.371
yaw250_pitch-080,250,-80,281.115,-80.529,31.115
yaw250_pitch-075,250,-75,285.341,-75.050,35.341
yaw250_pitch-070,250,-70,293.442,-68.154,43.442
yaw250_pitch-065,250,-65,302.180,-63.669,52.180
yaw250_pitch-060,250,-60,306.156,-59.347,56.156
yaw250_pitch-055,250,-55,305.312,-57.435,55.312
yaw250_pitch-050,250,-50,307.499,-60.949,57.499
yaw250_pitch-045,250,-45,302.144,-57.498,52.144
yaw250_pitch-040,250,-40,306.632,-58.163,56.632
yaw250_pitch-035,250,-35,305.800,-54.944,55.800
yaw250_pitch-030,250,-30,305.901,-52.456,55.901
yaw250_pitch-025,250,-25,306.226,-49.324,56.226
yaw250_pitch-020,250,-20,308.303,-48.148,58.303
yaw250_pitch-015,250,-15,310.848,-45.230,60.848
yaw250_pitch-010,250,-10,317.950,-39.302,67.950
yaw250_pitch-005,250,-5,326.453,-34.651,76.453
yaw250_pitch+000,250,0,333.503,-25.786,83.503
yaw250_pitch+005,250,5,339.354,-17.027,89.354
yaw250_pitch+010,250,10,343.305,-19.340,93.305
yaw250_pitch+015,250,15,350.892,-17.862,100.892
yaw250_pitch+020,250,20,355.906,-16.777,105.906
yaw250_pitch+025,250,25,9.019,-16.822,119.019
yaw250_pitch+030,250,30,6.835,-16.403,116.835
yaw250_pitch+035,250,35,2.794,-11.953,112.794
yaw250_pitch+040,250,40,2.241,-7.761,112.241
yaw250_pitch+045,250,45,350.153,-3.087,100.153
yaw250_pitch+050,250,50,312.172,9.362,62.172
yaw250_pitch+055,250,55,318.691,21.238,68.691
yaw250_pitch+060,250,60,250.510,30.454,0.510
yaw250_pitch+065,250,65,225.538,43.518,24.462
yaw250_pitch+070,250,70,216.938,62.772,33.062
yaw250_pitch+075,250,75,217.229,74.707,32.771
yaw250_pitch+080,250,80,219.771,84.789,30.229
yaw250_pitch+085,250,85,222.132,90.000,27.868
yaw250_pitch+090,250,90,225.636,90.000,24.364
yaw255_pitch-090,255,-90,272.764,-75.810,17.764
yaw255_pitch-085,255,-85,275.621,-78.271,20.621
yaw255_pitch-080,255,-80,273.728,-78.013,18.728
yaw255_pitch-075,255,-75,282.314,-72.915,27.314
yaw255_pitch-070,255,-70,291.538,-64.153,36.538
yaw255_pitch-065,255,-65,297.742,-60.346,42.742
yaw255_pitch-060,255,-60,300.779,-56.904,45.779
yaw255_pitch-055,255,-55,300.908,-56.016,45.908
yaw255_pitch-050,255,-50,305.268,-55.377,50.268
yaw255_pitch-045,255,-45,301.546,-57.552,46.546
yaw255_pitch-040,255,-40,300.167,-59.075,45.167
yaw255_pitch-035,255,-35,301.694,-53.314,46.694
yaw255_pitch-030,255,-30,297.889,-52.669,42.889
yaw255_pitch-025,255,-25,300.583,-49.441,45.583
yaw255_pitch-020,255,-20,302.745,-47.184,47.745
yaw255_pitch-015,255,-15,306.940,-45.551,51.940
yaw255_pitch-010,255,-10,320.280,-40.758,65.280
yaw255_pitch-005,255,-5,326.306,-33.074,71.306
yaw255_pitch+000,255,0,334.555,-21.030,79.555
yaw255_pitch+005,255,5,341.985,-15.044,86.985
yaw255_pitch+010,255,10,349.973,-13.651,94.973
yaw255_pitch+015,255,15,350.975,-12.161,95.975
yaw255_pitch+020,255,20,357.382,-12.101,102.382
yaw255_pitch+025,255,25,8.830,-13.548,113.830
yaw255_pitch+030,255,30,14.886,-15.327,119.886
yaw255_pitch+035,255,35,16.941,-30.531,121.941
yaw255_pitch+040,255,40,38.976,-50.224,143.976
yaw255_pitch+045,255,45,42.172,-64.492,147.172
yaw255_pitch+050,255,50,44.570,-72.084,149.570
yaw255_pitch+055,255,55,48.391,-71.792,153.391
yaw255_pitch+060,255,60,128.858,-77.736,126.142
yaw255_pitch+065,255,65,135.901,-55.983,119.099
yaw255_pitch+070,255,70,200.875,56.402,54.125
yaw255_pitch+075,255,75,231.180,66.504,23.820
yaw255_pitch+080,255,80,225.622,84.136,29.378
yaw255_pitch+085,255,85,226.101,90.000,28.899
yaw255_pitch+090,255,90,227.428,90.000,27.572
yaw260_pitch-090,260,-90,280.711,-78.818,20.711
yaw260_pitch-085,260,-85,283.303,-79.119,23.303
yaw260_pitch-080,260,-80,283.774,-79.228,23.774
yaw260_pitch-075,260,-75,288.036,-69.854,28.036
yaw260_pitch-070,260,-70,294.917,-67.114,34.917
yaw260_pitch-065,260,-65,301.469,-61.476,41.469
yaw260_pitch-060,260,-60,306.333,-55.761,46.333
yaw260_pitch-055,260,-55,306.799,-54.556,46.799
yaw260_pitch-050,260,-50,308.826,-55.776,48.826
yaw260_pitch-045,260,-45,306.230,-55.778,46.230
yaw260_pitch-040,260,-40,306.481,-57.723,46.481
yaw260_pitch-035,260,-35,303.847,-56.406,43.847
yaw260_pitch-030,260,-30,303.799,-54.817,43.799
yaw260_pitch-025,260,-25,300.375,-50.264,40.375
yaw260_pitch-020,260,-20,303.417,-47.599,43.417
yaw260_pitch-015,260,-15,312.710,-44.434,52.710
yaw260_pitch-010,260,-10,319.182,-39.258,59.182
yaw260_pitch-005,260,-5,327.561,-32.527,67.561
yaw260_pitch+000,260,0,331.556,-18.554,71.556
yaw260_pitch+005,260,5,341.177,-11.617,81.177
yaw260_pitch+010,260,10,346.186,-10.759,86.186
yaw260_pitch+015,260,15,349.679,-6.480,89.679
yaw260_pitch+020,260,20,357.245,-6.415,97.245
yaw260_pitch+025,260,25,3.965,-4.927,103.965
yaw260_pitch+030,260,30,18.366,-7.729,118.366
yaw260_pitch+035,260,35,21.081,-19.086,121.081
yaw260_pitch+040,260,40,40.913,-55.868,140.913
yaw260_pitch+045,260,45,44.589,-90.000,144.589
yaw260_pitch+050,260,50,44.957,-87.316,144.957
yaw260_pitch+055,260,55,44.633,-79.316,144.633
yaw260_pitch+060,260,60,44.996,-61.375,144.996
yaw260_pitch+065,260,65,47.450,-50.747,147.450
yaw260_pitch+070,260,70,130.718,-71.025,129.282
yaw260_pitch+075,260,75,134.958,-90.000,125.042
yaw260_pitch+080,260,80,163.385,90.000,96.615
yaw260_pitch+085,260,85,246.577,88.780,13.423
yaw260_pitch+090,260,90,232.726,90.000,27.274
yaw265_pitch-090,265,-90,287.684,-79.767,22.684
yaw265_pitch-085,265,-85,288.141,-74.340,23.141
yaw265_pitch-080,265,-80,292.700,-77.702,27.700
yaw265_pitch-075,265,-75,296.598,-71.802,31.598
yaw265_pitch-070,265,-70,300.491,-69.283,35.491
yaw265_pitch-065,265,-65,305.294,-58.813,40.294
yaw265_pitch-060,265,-60,307.108,-57.066,42.108
yaw265_pitch-055,265,-55,309.775,-56.020,44.775
yaw265_pitch-050,265,-50,312.216,-54.610,47.216
yaw265_pitch-045,265,-45,315.488,-53.259,50.488
yaw265_pitch-040,265,-40,315.805,-54.793,50.805
yaw265_pitch-035,265,-35,315.110,-54.741,50.110
yaw265_pitch-030,265,-30,313.887,-52.810,48.887
yaw265_pitch-025,265,-25,314.734,-50.462,49.734
yaw265_pitch-020,265,-20,314.171,-48.191,49.171
yaw265_pitch-015,265,-15,316.032,-43.943,51.032
yaw265_pitch-010,265,-10,319.199,-38.164,54.199
yaw265_pitch-005,265,-5,325.704,-32.469,60.704
yaw265_pitch+000,265,0,331.915,-16.321,66.915
yaw265_pitch+005,265,5,339.042,-8.878,74.042
yaw265_pitch+010,265,10,346.117,-7.167,81.117
yaw265_pitch+015,265,15,348.662,-3.575,83.662
yaw265_pitch+020,265,20,355.884,-2.944,90.884
yaw265_pitch+025,265,25,356.948,-0.989,91.948
yaw265_pitch+030,265,30,6.750,0.665,101.750
yaw265_pitch+035,265,35,14.218,0.856,109.218
yaw265_pitch+040,265,40,29.542,-28.661,124.542
yaw265_pitch+045,265,45,43.937,-90.000,138.937
yaw265_pitch+050,265,50,43.203,-90.000,138.203
yaw265_pitch+055,265,55,42.585,-90.000,137.585
yaw265_pitch+060,265,60,44.640,-90.000,139.640
yaw265_pitch+065,265,65,42.964,-90.000,137.964
yaw265_pitch+070,265,70,44.994,-90.000,139.994
yaw265_pitch+075,265,75,45.016,-90.000,140.016
yaw265_pitch+080,265,80,131.515,-90.000,133.485
yaw265_pitch+085,265,85,198.152,90.000,66.848
yaw265_pitch+090,265,90,239.496,90.000,25.504
yaw270_pitch-090,270,-90,293.636,-80.085,23.636
yaw270_pitch-085,270,-85,297.744,-80.124,27.744
yaw270_pitch-080,270,-80,300.705,-78.886,30.705
yaw270_pitch-075,270,-75,303.930,-73.090,33.930
yaw270_pitch-070,270,-70,307.502,-68.955,37.502
yaw270_pitch-065,270,-65,311.365,-62.038,41.365
yaw270_pitch-060,270,-60,313.243,-57.456,43.243
yaw270_pitch-055,270,-55,316.093,-54.706,46.093
yaw270_pitch-050,270,-50,318.733,-54.481,48.733
yaw270_pitch-045,270,-45,321.124,-53.094,51.124
yaw270_pitch-040,270,-40,321.359,-51.667,51.359
yaw270_pitch-035,270,-35,322.362,-52.367,52.362
yaw270_pitch-030,270,-30,322.292,-50.673,52.292
yaw270_pitch-025,270,-25,319.384,-50.686,49.384
yaw270_pitch-020,270,-20,321.553,-47.503,51.553
yaw270_pitch-015,270,-15,320.019,-43.628,50.019
yaw270_pitch-010,270,-10,322.079,-34.879,52.079
yaw270_pitch-005,270,-5,329.066,-30.685,59.066
yaw270_pitch+000,270,0,334.829,-15.158,64.829
yaw270_pitch+005,270,5,338.478,-8.808,68.478
yaw270_pitch+010,270,10,341.069,-6.176,71.069
yaw270_pitch+015,270,15,348.189,-1.835,78.189
yaw270_pitch+020,270,20,352.009,-0.829,82.009
yaw270_pitch+025,270,25,354.515,2.765,84.515
yaw270_pitch+030,270,30,359.306,5.943,89.306
yaw270_pitch+035,270,35,5.405,10.246,95.405
yaw270_pitch+040,270,40,13.003,13.815,103.003
yaw270_pitch+045,270,45,26.362,-6.781,116.362
yaw270_pitch+050,270,50,44.166,-74.217,134.166
yaw270_pitch+055,270,55,35.164,-90.000,125.164
yaw270_pitch+060,270,60,323.008,-90.000,53.008
yaw270_pitch+065,270,65,0.425,-90.000,90.425
yaw270_pitch+070,270,70,330.217,-90.000,60.217
yaw270_pitch+075,270,75,344.369,-90.000,74.369
yaw270_pitch+080,270,80,27.736,-90.000,117.736
yaw270_pitch+085,270,85,224.593,90.000,45.407
yaw270_pitch+090,270,90,244.673,90.000,25.327
yaw275_pitch-090,275,-90,295.683,-74.354,20.683
yaw275_pitch-085,275,-85,299.333,-77.018,24.333
yaw275_pitch-080,275,-80,303.647,-77.743,28.647
yaw275_pitch-075,275,-75,309.490,-70.592,34.490
yaw275_pitch-070,275,-70,311.250,-62.176,36.250
yaw275_pitch-065,275,-65,313.800,-59.515,38.800
yaw275_pitch-060,275,-60,319.837,-56.762,44.837
yaw275_pitch-055,275,-55,324.120,-57.489,49.120
yaw275_pitch-050,275,-50,326.577,-55.606,51.577
yaw275_pitch-045,275,-45,326.958,-53.552,51.958
yaw275_pitch-040,275,-40,329.562,-51.848,54.562
yaw275_pitch-035,275,-35,331.582,-52.360,56.582
yaw275_pitch-030,275,-30,329.882,-50.594,54.882
yaw275_pitch-025,275,-25,329.284,-48.537,54.284
yaw275_pitch-020,275,-20,327.759,-45.238,52.759
yaw275_pitch-015,275,-15,325.597,-41.312,50.597
yaw275_pitch-010,275,-10,324.194,-27.626,49.194
yaw275_pitch-005,275,-5,328.658,-24.221,53.658
yaw275_pitch+000,275,0,336.355,-13.900,61.355
yaw275_pitch+005,275,5,337.293,-5.645,62.293
yaw275_pitch+010,275,10,339.882,-4.341,64.882
yaw275_pitch+015,275,15,346.062,-1.904,71.062
yaw275_pitch+020,275,20,352.254,1.071,77.254
yaw275_pitch+025,275,25,351.771,3.139,76.771
yaw275_pitch+030,275,30,354.853,6.946,79.853
yaw275_pitch+035,275,35,353.446,13.179,78.446
yaw275_pitch+040,275,40,349.937,18.294,74.937
yaw275_pitch+045,275,45,2.078,22.096,87.078
yaw275_pitch+050,275,50,14.245,20.905,99.245
yaw275_pitch+055,275,55,25.116,-5.269,110.116
yaw275_pitch+060,275,60,40.744,-90.000,125.744
yaw275_pitch+065,275,65,27.875,-90.000,112.875
yaw275_pitch+070,275,70,13.594,-90.000,98.594
yaw275_pitch+075,275,75,359.248,-90.000,84.248
yaw275_pitch+080,275,80,308.094,90.000,33.094
yaw275_pitch+085,275,85,245.442,80.752,29.558
yaw275_pitch+090,275,90,238.119,90.000,36.881
yaw280_pitch-090,280,-90,297.377,-73.884,17.377
yaw280_pitch-085,280,-85,301.571,-78.175,21.571
yaw280_pitch-080,280,-80,307.810,-74.070,27.810
yaw280_pitch-075,280,-75,311.527,-68.856,31.527
yaw280_pitch-070,280,-70,317.171,-62.779,37.171
yaw280_pitch-065,280,-65,321.564,-58.646,41.564
yaw280_pitch-060,280,-60,324.136,-55.453,44.136
yaw280_pitch-055,280,-55,329.864,-55.967,49.864
yaw280_pitch-050,280,-50,330.344,-55.513,50.344
yaw280_pitch-045,280,-45,334.113,-53.652,54.113
yaw280_pitch-040,280,-40,336.304,-52.247,56.304
yaw280_pitch-035,280,-35,337.636,-52.352,57.636
yaw280_pitch-030,280,-30,336.990,-50.989,56.990
yaw280_pitch-025,280,-25,335.848,-47.935,55.848
yaw280_pitch-020,280,-20,333.785,-45.475,53.785
yaw280_pitch-015,280,-15,331.433,-38.757,51.433
yaw280_pitch-010,280,-10,327.680,-31.122,47.680
yaw280_pitch-005,280,-5,327.639,-20.606,47.639
yaw280_pitch+000,280,0,331.143,-9.854,51.143
yaw280_pitch+005,280,5,334.390,-5.536,54.390
yaw280_pitch+010,280,10,332.394,-3.170,52.394
yaw280_pitch+015,280,15,338.115,-1.063,58.115
yaw280_pitch+020,280,20,343.838,1.629,63.838
yaw280_pitch+025,280,25,343.957,4.044,63.957
yaw280_pitch+030,280,30,346.191,7.890,66.191
yaw280_pitch+035,280,35,346.672,15.136,66.672
yaw280_pitch+040,280,40,340.629,18.832,60.629
yaw280_pitch+045,280,45,341.807,23.159,61.807
yaw280_pitch+050,280,50,347.868,27.033,67.868
yaw280_pitch+055,280,55,351.786,26.870,71.786
yaw280_pitch+060,280,60,344.192,28.648,64.192
yaw280_pitch+065,280,65,331.996,31.671,51.996
yaw280_pitch+070,280,70,300.989,44.097,20.989
yaw280_pitch+075,280,75,277.177,55.114,2.823
yaw280_pitch+080,280,80,259.648,71.640,20.352
yaw280_pitch+085,280,85,246.462,82.809,33.538
yaw280_pitch+090,280,90,236.094,90.000,43.906
yaw285_pitch-090,285,-90,302.526,-72.368,17.526
yaw285_pitch-085,285,-85,308.690,-74.777,23.690
yaw285_pitch-080,285,-80,313.103,-70.700,28.103
yaw285_pitch-075,285,-75,318.330,-68.586,33.330
yaw285_pitch-070,285,-70,321.757,-60.892,36.757
yaw285_pitch-065,285,-65,327.005,-56.892,42.005
yaw285_pitch-060,285,-60,332.189,-56.278,47.189
yaw285_pitch-055,285,-55,333.784,-54.911,48.784
yaw285_pitch-050,285,-50,334.916,-53.758,49.916
yaw285_pitch-045,285,-45,338.274,-51.142,53.274
yaw285_pitch-040,285,-40,339.937,-50.084,54.937
yaw285_pitch-035,285,-35,339.938,-51.448,54.938
yaw285_pitch-030,285,-30,340.388,-50.811,55.388
yaw285_pitch-025,285,-25,339.560,-48.824,54.560
yaw285_pitch-020,285,-20,337.191,-45.111,52.191
yaw285_pitch-015,285,-15,335.115,-40.486,50.115
yaw285_pitch-010,285,-10,330.045,-29.218,45.045
yaw285_pitch-005,285,-5,329.231,-20.148,44.231
yaw285_pitch+000,285,0,328.529,-8.131,43.529
yaw285_pitch+005,285,5,328.098,-1.685,43.098
yaw285_pitch+010,285,10,327.743,-2.196,42.743
yaw285_pitch+015,285,15,330.780,1.069,45.780
yaw285_pitch+020,285,20,328.985,1.823,43.985
yaw285_pitch+025,285,25,330.440,4.107,45.440
yaw285_pitch+030,285,30,329.878,8.820,44.878
yaw285_pitch+035,285,35,327.539,13.855,42.539
yaw285_pitch+040,285,40,332.337,17.800,47.337
yaw285_pitch+045,285,45,332.663,23.215,47.663
yaw285_pitch+050,285,50,331.310,24.980,46.310
yaw285_pitch+055,285,55,330.722,27.030,45.722
yaw285_pitch+060,285,60,319.299,31.207,34.299
yaw285_pitch+065,285,65,308.512,37.077,23.512
yaw285_pitch+070,285,70,274.280,51.993,10.720
yaw285_pitch+075,285,75,260.604,61.055,24.396
yaw285_pitch+080,285,80,261.648,74.276,23.352
yaw285_pitch+085,285,85,261.116,86.005,23.884
yaw285_pitch+090,285,90,245.355,90.000,39.645
yaw290_pitch-090,290,-90,314.000,-70.277,24.000
yaw290_pitch-085,290,-85,313.690,-72.649,23.690
yaw290_pitch-080,290,-80,316.017,-65.268,26.017
yaw290_pitch-075,290,-75,325.336,-61.261,35.336
yaw290_pitch-070,290,-70,329.354,-57.012,39.354
yaw290_pitch-065,290,-65,330.575,-56.037,40.575
yaw290_pitch-060,290,-60,336.246,-54.032,46.246
yaw290_pitch-055,290,-55,337.594,-52.978,47.594
yaw290_pitch-050,290,-50,341.836,-50.525,51.836
yaw290_pitch-045,290,-45,344.571,-50.419,54.571
yaw290_pitch-040,290,-40,344.921,-49.313,54.921
yaw290_pitch-035,290,-35,344.339,-49.124,54.339
yaw290_pitch-030,290,-30,343.363,-48.903,53.363
yaw290_pitch-025,290,-25,342.343,-48.298,52.343
yaw290_pitch-020,290,-20,339.572,-46.731,49.572
yaw290_pitch-015,290,-15,336.378,-38.575,46.378
yaw290_pitch-010,290,-10,333.047,-27.905,43.047
yaw290_pitch-005,290,-5,330.416,-16.413,40.416
yaw290_pitch+000,290,0,327.115,-4.778,37.115
yaw290_pitch+005,290,5,328.604,0.066,38.604
yaw290_pitch+010,290,10,326.897,0.769,36.897
yaw290_pitch+015,290,15,325.743,1.976,35.743
yaw290_pitch+020,290,20,324.893,3.787,34.893
yaw290_pitch+025,290,25,323.652,4.239,33.652
yaw290_pitch+030,290,30,323.305,8.616,33.305
yaw290_pitch+035,290,35,322.399,13.980,32.399
yaw290_pitch+040,290,40,318.087,19.028,28.087
yaw290_pitch+045,290,45,318.163,21.693,28.163
yaw290_pitch+050,290,50,318.389,23.894,28.389
yaw290_pitch+055,290,55,324.022,27.558,34.022
yaw290_pitch+060,290,60,321.897,32.114,31.897
yaw290_pitch+065,290,65,302.608,38.908,12.608
yaw290_pitch+070,290,70,279.718,57.214,10.282
yaw290_pitch+075,290,75,274.823,66.253,15.177
yaw290_pitch+080,290,80,266.233,73.794,23.767
yaw290_pitch+085,290,85,261.186,82.877,28.814
yaw290_pitch+090,290,90,267.200,90.000,22.800
yaw295_pitch-090,295,-90,318.858,-65.468,23.858
yaw295_pitch-085,295,-85,320.263,-71.267,25.263
yaw295_pitch-080,295,-80,323.553,-60.642,28.553
yaw295_pitch-075,295,-75,331.621,-54.817,36.621
yaw295_pitch-070,295,-70,336.090,-50.358,41.090
yaw295_pitch-065,295,-65,339.358,-52.474,44.358
yaw295_pitch-060,295,-60,344.023,-52.830,49.023
yaw295_pitch-055,295,-55,346.412,-52.969,51.412
yaw295_pitch-050,295,-50,349.005,-50.620,54.005
yaw295_pitch-045,295,-45,351.718,-49.643,56.718
yaw295_pitch-040,295,-40,350.646,-47.986,55.646
yaw295_pitch-035,295,-35,349.667,-47.091,54.667
yaw295_pitch-030,295,-30,347.524,-47.139,52.524
yaw295_pitch-025,295,-25,346.342,-45.552,51.342
yaw295_pitch-020,295,-20,342.424,-42.469,47.424
yaw295_pitch-015,295,-15,339.241,-36.410,44.241
yaw295_pitch-010,295,-10,334.068,-27.466,39.068
yaw295_pitch-005,295,-5,329.532,-18.446,34.532
yaw295_pitch+000,295,0,328.425,-4.302,33.425
yaw295_pitch+005,295,5,325.434,1.832,30.434
yaw295_pitch+010,295,10,324.387,3.316,29.387
yaw295_pitch+015,295,15,323.005,5.339,28.005
yaw295_pitch+020,295,20,322.452,5.774,27.452
yaw295_pitch+025,295,25,321.522,8.195,26.522
yaw295_pitch+030,295,30,321.582,11.655,26.582
yaw295_pitch+035,295,35,319.185,17.111,24.185
yaw295_pitch+040,295,40,315.687,20.131,20.687
yaw295_pitch+045,295,45,313.568,23.297,18.568
yaw295_pitch+050,295,50,314.602,22.075,19.602
yaw295_pitch+055,295,55,316.082,26.254,21.082
yaw295_pitch+060,295,60,309.548,34.291,14.548
yaw295_pitch+065,295,65,299.137,44.077,4.137
yaw295_pitch+070,295,70,279.046,56.863,15.954
yaw295_pitch+075,295,75,272.478,65.354,22.522
yaw295_pitch+080,295,80,275.668,75.926,19.332
yaw295_pitch+085,295,85,272.241,84.987,22.759
yaw295_pitch+090,295,90,271.489,90.000,23.511
yaw300_pitch-090,300,-90,325.307,-73.999,25.307
yaw300_pitch-085,300,-85,327.517,-76.284,27.517
yaw300_pitch-080,300,-80,327.989,-62.817,27.989
yaw300_pitch-075,300,-75,334.089,-54.464,34.089
yaw300_pitch-070,300,-70,335.484,-50.500,35.484
yaw300_pitch-065,300,-65,339.498,-50.877,39.498
yaw300_pitch-060,300,-60,345.071,-49.443,45.071
yaw300_pitch-055,300,-55,350.431,-51.277,50.431
yaw300_pitch-050,300,-50,352.283,-49.092,52.283
yaw300_pitch-045,300,-45,354.886,-48.609,54.886
yaw300_pitch-040,300,-40,354.496,-45.356,54.496
yaw300_pitch-035,300,-35,350.882,-45.182,50.882
yaw300_pitch-030,300,-30,349.932,-45.793,49.932
yaw300_pitch-025,300,-25,348.415,-42.963,48.415
yaw300_pitch-020,300,-20,344.943,-42.428,44.943
yaw300_pitch-015,300,-15,340.811,-36.235,40.811
yaw300_pitch-010,300,-10,337.437,-27.638,37.437
yaw300_pitch-005,300,-5,331.820,-19.979,31.820
yaw300_pitch+000,300,0,330.183,-2.982,30.183
yaw300_pitch+005,300,5,327.680,1.337,27.680
yaw300_pitch+010,300,10,321.913,2.954,21.913
yaw300_pitch+015,300,15,318.756,3.537,18.756
yaw300_pitch+020,300,20,320.367,4.910,20.367
yaw300_pitch+025,300,25,316.671,4.667,16.671
yaw300_pitch+030,300,30,313.376,7.297,13.376
yaw300_pitch+035,300,35,314.429,14.738,14.429
yaw300_pitch+040,300,40,314.552,18.153,14.552
yaw300_pitch+045,300,45,312.718,23.155,12.718
yaw300_pitch+050,300,50,312.069,24.511,12.069
yaw300_pitch+055,300,55,312.132,29.508,12.132
yaw300_pitch+060,300,60,308.125,32.773,8.125
yaw300_pitch+065,300,65,292.430,40.868,7.570
yaw300_pitch+070,300,70,283.845,56.566,16.155
yaw300_pitch+075,300,75,271.884,66.571,28.116
yaw300_pitch+080,300,80,272.728,73.347,27.272
yaw300_pitch+085,300,85,270.273,80.822,29.727
yaw300_pitch+090,300,90,281.593,90.000,18.407
yaw305_pitch-090,305,-90,329.344,-78.788,24.344
yaw305_pitch-085,305,-85,326.217,-80.724,21.217
yaw305_pitch-080,305,-80,330.934,-70.878,25.934
yaw305_pitch-075,305,-75,335.397,-58.652,30.397
yaw305_pitch-070,305,-70,344.546,-51.678,39.546
yaw305_pitch-065,305,-65,348.198,-52.647,43.198
yaw305_pitch-060,305,-60,349.007,-49.674,44.007
yaw305_pitch-055,305,-55,352.886,-49.395,47.886
yaw305_pitch-050,305,-50,354.029,-47.232,49.029
yaw305_pitch-045,305,-45,354.951,-44.687,49.951
yaw305_pitch-040,305,-40,353.469,-42.440,48.469
yaw305_pitch-035,305,-35,354.339,-44.546,49.339
yaw305_pitch-030,305,-30,352.395,-43.841,47.395
yaw305_pitch-025,305,-25,350.311,-40.510,45.311
yaw305_pitch-020,305,-20,347.192,-38.492,42.192
yaw305_pitch-015,305,-15,345.667,-32.020,40.667
yaw305_pitch-010,305,-10,339.893,-24.572,34.893
yaw305_pitch-005,305,-5,335.645,-20.483,30.645
yaw305_pitch+000,305,0,331.674,-5.914,26.674
yaw305_pitch+005,305,5,324.428,-0.563,19.428
yaw305_pitch+010,305,10,320.469,1.506,15.469
yaw305_pitch+015,305,15,316.442,1.011,11.442
yaw305_pitch+020,305,20,313.414,0.972,8.414
yaw305_pitch+025,305,25,314.294,4.340,9.294
yaw305_pitch+030,305,30,311.904,6.652,6.904
yaw305_pitch+035,305,35,309.885,9.246,4.885
yaw305_pitch+040,305,40,310.432,14.660,5.432
yaw305_pitch+045,305,45,309.758,19.993,4.758
yaw305_pitch+050,305,50,307.577,22.579,2.577
yaw305_pitch+055,305,55,300.160,25.360,4.840
yaw305_pitch+060,305,60,298.602,30.034,6.398
yaw305_pitch+065,305,65,288.518,41.308,16.482
yaw305_pitch+070,305,70,281.657,60.196,23.343
yaw305_pitch+075,305,75,280.203,70.115,24.797
yaw305_pitch+080,305,80,283.528,77.710,21.472
yaw305_pitch+085,305,85,278.225,85.347,26.775
yaw305_pitch+090,305,90,276.518,90.000,28.482
yaw310_pitch-090,310,-90,339.962,-83.442,29.962
yaw310_pitch-085,310,-85,338.027,-81.372,28.027
yaw310_pitch-080,310,-80,338.088,-75.508,28.088
yaw310_pitch-075,310,-75,337.360,-63.878,27.360
yaw310_pitch-070,310,-70,347.612,-60.219,37.612
yaw310_pitch-065,310,-65,353.509,-54.826,43.509
yaw310_pitch-060,310,-60,353.466,-50.418,43.466
yaw310_pitch-055,310,-55,0.180,-49.003,50.180
yaw310_pitch-050,310,-50,358.554,-46.351,48.554
yaw310_pitch-045,310,-45,359.315,-43.667,49.315
yaw310_pitch-040,310,-40,358.617,-39.479,48.617
yaw310_pitch-035,310,-35,356.880,-41.428,46.880
yaw310_pitch-030,310,-30,357.857,-44.150,47.857
yaw310_pitch-025,310,-25,355.254,-38.270,45.254
yaw310_pitch-020,310,-20,353.529,-33.835,43.529
yaw310_pitch-015,310,-15,350.908,-30.576,40.908
yaw310_pitch-010,310,-10,345.222,-23.660,35.222
yaw310_pitch-005,310,-5,338.963,-19.896,28.963
yaw310_pitch+000,310,0,332.056,-11.683,22.056
yaw310_pitch+005,310,5,327.907,-2.809,17.907
yaw310_pitch+010,310,10,322.407,-1.309,12.407
yaw310_pitch+015,310,15,315.518,2.168,5.518
yaw310_pitch+020,310,20,312.299,2.929,2.299
yaw310_pitch+025,310,25,309.927,4.908,0.073
yaw310_pitch+030,310,30,310.070,5.118,0.070
yaw310_pitch+035,310,35,307.339,6.997,2.661
yaw310_pitch+040,310,40,308.905,10.854,1.095
yaw310_pitch+045,310,45,308.438,14.383,1.562
yaw310_pitch+050,310,50,305.756,18.419,4.244
yaw310_pitch+055,310,55,301.074,23.557,8.926
yaw310_pitch+060,310,60,295.543,28.247,14.457
yaw310_pitch+065,310,65,292.673,40.272,17.327
yaw310_pitch+070,310,70,291.133,60.848,18.867
yaw310_pitch+075,310,75,291.174,75.100,18.826
yaw310_pitch+080,310,80,285.157,77.693,24.843
yaw310_pitch+085,310,85,283.763,86.377,26.237
yaw310_pitch+090,310,90,283.783,90.000,26.217
yaw315_pitch-090,315,-90,337.786,-82.113,22.786
yaw315_pitch-085,315,-85,342.912,-82.730,27.912
yaw315_pitch-080,315,-80,348.911,-82.192,33.911
yaw315_pitch-075,315,-75,350.325,-70.877,35.325
yaw315_pitch-070,315,-70,356.598,-65.184,41.598
yaw315_pitch-065,315,-65,357.525,-56.822,42.525
yaw315_pitch-060,315,-60,0.045,-49.737,45.045
yaw315_pitch-055,315,-55,1.808,-48.854,46.808
yaw315_pitch-050,315,-50,7.174,-45.900,52.174
yaw315_pitch-045,315,-45,4.813,-39.428,49.813
yaw315_pitch-040,315,-40,3.978,-39.171,48.978
yaw315_pitch-035,315,-35,6.498,-40.457,51.498
yaw315_pitch-030,315,-30,4.222,-38.980,49.222
yaw315_pitch-025,315,-25,359.468,-33.007,44.468
yaw315_pitch-020,315,-20,3.363,-32.965,48.363
yaw315_pitch-015,315,-15,350.655,-36.335,35.655
yaw315_pitch-010,315,-10,343.633,-30.013,28.633
yaw315_pitch-005,315,-5,344.470,-23.371,29.470
yaw315_pitch+000,315,0,334.240,-14.930,19.240
yaw315_pitch+005,315,5,328.894,-4.461,13.894
yaw315_pitch+010,315,10,323.259,-3.028,8.259
yaw315_pitch+015,315,15,318.177,0.001,3.177
yaw315_pitch+020,315,20,311.542,-1.077,3.458
yaw315_pitch+025,315,25,309.544,1.009,5.456
yaw315_pitch+030,315,30,309.768,4.429,5.232
yaw315_pitch+035,315,35,309.144,7.023,5.856
yaw315_pitch+040,315,40,309.399,10.175,5.601
yaw315_pitch+045,315,45,308.884,11.083,6.116
yaw315_pitch+050,315,50,308.352,15.430,6.648
yaw315_pitch+055,315,55,308.232,19.729,6.768
yaw315_pitch+060,315,60,305.625,31.380,9.375
yaw315_pitch+065,315,65,300.486,39.287,14.514
yaw315_pitch+070,315,70,299.679,62.646,15.321
yaw315_pitch+075,315,75,296.352,72.420,18.648
yaw315_pitch+080,315,80,295.179,79.354,19.821
yaw315_pitch+085,315,85,292.871,86.144,22.129
yaw315_pitch+090,315,90,294.135,90.000,20.865
yaw320_pitch-090,320,-90,346.738,-79.898,26.738
yaw320_pitch-085,320,-85,345.807,-80.192,25.807
yaw320_pitch-080,320,-80,349.508,-80.803,29.508
yaw320_pitch-075,320,-75,354.224,-72.509,34.224
yaw320_pitch-070,320,-70,1.610,-66.380,41.610
yaw320_pitch-065,320,-65,3.402,-58.995,43.402
yaw320_pitch-060,320,-60,7.139,-51.968,47.139
yaw320_pitch-055,320,-55,6.124,-44.974,46.124
yaw320_pitch-050,320,-50,10.412,-46.000,50.412
yaw320_pitch-045,320,-45,9.605,-41.766,49.605
yaw320_pitch-040,320,-40,10.266,-41.431,50.266
yaw320_pitch-035,320,-35,10.553,-43.581,50.553
yaw320_pitch-030,320,-30,9.828,-38.029,49.828
yaw320_pitch-025,320,-25,9.593,-32.621,49.593
yaw320_pitch-020,320,-20,328.129,-54.742,8.129
yaw320_pitch-015,320,-15,315.000,-90.000,5.000
yaw320_pitch-010,320,-10,315.000,-90.000,5.000
yaw320_pitch-005,320,-5,316.632,-47.975,3.368
yaw320_pitch+000,320,0,340.829,-18.328,20.829
yaw320_pitch+005,320,5,332.071,-8.995,12.071
yaw320_pitch+010,320,10,328.589,-6.126,8.589
yaw320_pitch+015,320,15,322.597,-4.244,2.597
yaw320_pitch+020,320,20,315.700,-5.681,4.300
yaw320_pitch+025,320,25,313.152,-0.079,6.848
yaw320_pitch+030,320,30,310.224,3.046,9.776
yaw320_pitch+035,320,35,308.874,5.137,11.126
yaw320_pitch+040,320,40,310.569,8.863,9.431
yaw320_pitch+045,320,45,311.223,12.048,8.777
yaw320_pitch+050,320,50,310.677,15.259,9.323
yaw320_pitch+055,320,55,306.987,14.004,13.013
yaw320_pitch+060,320,60,307.077,28.558,12.923
yaw320_pitch+065,320,65,304.631,37.948,15.369
yaw320_pitch+070,320,70,307.545,65.500,12.455
yaw320_pitch+075,320,75,308.530,77.668,11.470
yaw320_pitch+080,320,80,305.093,82.534,14.907
yaw320_pitch+085,320,85,305.114,90.000,14.886
yaw320_pitch+090,320,90,304.926,90.000,15.074
yaw325_pitch-090,325,-90,350.659,-75.205,25.659
yaw325_pitch-085,325,-85,355.889,-80.775,30.889
yaw325_pitch-080,325,-80,353.936,-76.507,28.936
yaw325_pitch-075,325,-75,357.518,-72.145,32.518
yaw325_pitch-070,325,-70,0.491,-66.289,35.491
yaw325_pitch-065,325,-65,7.259,-57.114,42.259
yaw325_pitch-060,325,-60,11.630,-52.286,46.630
yaw325_pitch-055,325,-55,9.130,-47.310,44.130
yaw325_pitch-050,325,-50,10.981,-41.332,45.981
yaw325_pitch-045,325,-45,11.206,-30.678,46.206
yaw325_pitch-040,325,-40,12.990,-43.169,47.990
yaw325_pitch-035,325,-35,11.207,-41.486,46.207
yaw325_pitch-030,325,-30,13.257,-35.470,48.257
yaw325_pitch-025,325,-25,22.111,-42.565,57.111
yaw325_pitch-020,325,-20,315.001,-90.000,9.999
yaw325_pitch-015,325,-15,315.000,-90.000,10.000
yaw325_pitch-010,325,-10,315.000,-90.000,10.000
yaw325_pitch-005,325,-5,315.000,-90.000,10.000
yaw325_pitch+000,325,0,330.773,-30.364,5.773
yaw325_pitch+005,325,5,334.167,-12.252,9.167
yaw325_pitch+010,325,10,331.733,-7.736,6.733
yaw325_pitch+015,325,15,328.024,-5.697,3.024
yaw325_pitch+020,325,20,319.983,-6.250,5.017
yaw325_pitch+025,325,25,319.010,1.454,5.990
yaw325_pitch+030,325,30,317.912,5.702,7.088
yaw325_pitch+035,325,35,316.888,8.693,8.112
yaw325_pitch+040,325,40,319.088,13.194,5.912
yaw325_pitch+045,325,45,319.340,16.398,5.660
yaw325_pitch+050,325,50,317.056,20.448,7.944
yaw325_pitch+055,325,55,313.780,20.590,11.220
yaw325_pitch+060,325,60,316.534,36.166,8.466
yaw325_pitch+065,325,65,312.277,44.129,12.723
yaw325_pitch+070,325,70,314.113,66.809,10.887
yaw325_pitch+075,325,75,314.797,79.932,10.203
yaw325_pitch+080,325,80,314.374,87.870,10.626
yaw325_pitch+085,325,85,309.606,88.972,15.394
yaw325_pitch+090,325,90,311.872,90.000,13.128
yaw330_pitch-090,330,-90,347.502,-76.928,17.502
yaw330_pitch-085,330,-85,355.052,-80.437,25.052
yaw330_pitch-080,330,-80,358.520,-81.380,28.520
yaw330_pitch-075,330,-75,359.828,-70.550,29.828
yaw330_pitch-070,330,-70,0.991,-62.941,30.991
yaw330_pitch-065,330,-65,3.700,-56.153,33.700
yaw330_pitch-060,330,-60,7.210,-49.458,37.210
yaw330_pitch-055,330,-55,9.987,-48.329,39.987
yaw330_pitch-050,330,-50,10.525,-44.124,40.525
yaw330_pitch-045,330,-45,11.814,-40.352,41.814
yaw330_pitch-040,330,-40,15.631,-42.680,45.631
yaw330_pitch-035,330,-35,15.398,-42.962,45.398
yaw330_pitch-030,330,-30,17.416,-37.437,47.416
yaw330_pitch-025,330,-25,29.573,-45.032,59.573
yaw330_pitch-020,330,-20,315.000,-90.000,15.000
yaw330_pitch-015,330,-15,315.000,-90.000,15.000
yaw330_pitch-010,330,-10,315.000,-90.000,15.000
yaw330_pitch-005,330,-5,315.000,-90.000,15.000
yaw330_pitch+000,330,0,329.772,-37.902,0.228
yaw330_pitch+005,330,5,334.522,-14.201,4.522
yaw330_pitch+010,330,10,332.579,-8.694,2.579
yaw330_pitch+015,330,15,333.053,-3.336,3.053
yaw330_pitch+020,330,20,334.339,-3.888,4.339
yaw330_pitch+025,330,25,330.280,3.001,0.280
yaw330_pitch+030,330,30,328.332,7.787,1.668
yaw330_pitch+035,330,35,330.745,11.881,0.745
yaw330_pitch+040,330,40,329.359,14.628,0.641
yaw330_pitch+045,330,45,329.200,19.753,0.800
yaw330_pitch+050,330,50,329.477,25.124,0.523
yaw330_pitch+055,330,55,326.666,31.366,3.334
yaw330_pitch+060,330,60,327.365,43.244,2.635
yaw330_pitch+065,330,65,322.832,51.626,7.168
yaw330_pitch+070,330,70,325.779,73.572,4.221
yaw330_pitch+075,330,75,322.113,81.027,7.887
yaw330_pitch+080,330,80,313.903,82.172,16.097
yaw330_pitch+085,330,85,313.077,88.860,16.923
yaw330_pitch+090,330,90,311.977,90.000,18.023
yaw335_pitch-090,335,-90,348.274,-76.307,13.274
yaw335_pitch-085,335,-85,352.089,-75.114,17.089
yaw335_pitch-080,335,-80,5.172,-77.162,30.172
yaw335_pitch-075,335,-75,10.570,-72.507,35.570
yaw335_pitch-070,335,-70,2.729,-60.828,27.729
yaw335_pitch-065,335,-65,5.244,-51.893,30.244
yaw335_pitch-060,335,-60,6.800,-49.058,31.800
yaw335_pitch-055,335,-55,6.505,-45.090,31.505
yaw335_pitch-050,335,-50,8.048,-42.662,33.048
yaw335_pitch-045,335,-45,14.128,-40.469,39.128
yaw335_pitch-040,335,-40,13.470,-41.498,38.470
yaw335_pitch-035,335,-35,12.489,-39.623,37.489
yaw335_pitch-030,335,-30,15.409,-37.734,40.409
yaw335_pitch-025,335,-25,20.770,-35.328,45.770
yaw335_pitch-020,335,-20,317.440,-78.288,17.560
yaw335_pitch-015,335,-15,315.000,-90.000,20.000
yaw335_pitch-010,335,-10,315.000,-90.000,20.000
yaw335_pitch-005,335,-5,315.000,-53.295,20.000
yaw335_pitch+000,335,0,351.315,-26.592,16.315
yaw335_pitch+005,335,5,339.538,-14.270,4.538
yaw335_pitch+010,335,10,339.133,-8.029,4.133
yaw335_pitch+015,335,15,344.821,-2.885,9.821
yaw335_pitch+020,335,20,345.827,-2.524,10.827
yaw335_pitch+025,335,25,339.131,4.880,4.131
yaw335_pitch+030,335,30,334.349,8.495,0.651
yaw335_pitch+035,335,35,336.980,12.094,1.980
yaw335_pitch+040,335,40,341.230,18.626,6.230
yaw335_pitch+045,335,45,341.446,24.891,6.446
yaw335_pitch+050,335,50,342.792,32.113,7.792
yaw335_pitch+055,335,55,337.952,37.771,2.952
yaw335_pitch+060,335,60,332.941,43.020,2.059
yaw335_pitch+065,335,65,328.755,55.214,6.245
yaw335_pitch+070,335,70,330.747,74.153,4.253
yaw335_pitch+075,335,75,329.555,85.399,5.445
yaw335_pitch+080,335,80,324.003,86.420,10.997
yaw335_pitch+085,335,85,314.083,86.778,20.917
yaw335_pitch+090,335,90,311.270,90.000,23.730
yaw340_pitch-090,340,-90,352.909,-72.441,12.909
yaw340_pitch-085,340,-85,355.510,-76.758,15.510
yaw340_pitch-080,340,-80,357.630,-68.869,17.630
yaw340_pitch-075,340,-75,3.806,-66.734,23.806
yaw340_pitch-070,340,-70,8.115,-57.374,28.115
yaw340_pitch-065,340,-65,8.532,-53.679,28.532
yaw340_pitch-060,340,-60,9.963,-42.884,29.963
yaw340_pitch-055,340,-55,7.824,-46.443,27.824
yaw340_pitch-050,340,-50,8.638,-45.184,28.638
yaw340_pitch-045,340,-45,10.028,-39.118,30.028
yaw340_pitch-040,340,-40,10.634,-43.025,30.634
yaw340_pitch-035,340,-35,14.902,-42.035,34.902
yaw340_pitch-030,340,-30,12.823,-39.636,32.823
yaw340_pitch-025,340,-25,18.245,-37.191,38.245
yaw340_pitch-020,340,-20,20.943,-40.147,40.943
yaw340_pitch-015,340,-15,21.084,-47.664,41.084
yaw340_pitch-010,340,-10,353.221,-46.395,13.221
yaw340_pitch-005,340,-5,5.470,-32.437,25.470
yaw340_pitch+000,340,0,350.533,-26.148,10.533
yaw340_pitch+005,340,5,341.444,-14.412,1.444
yaw340_pitch+010,340,10,347.560,-5.790,7.560
yaw340_pitch+015,340,15,348.551,-1.941,8.551
yaw340_pitch+020,340,20,352.564,-3.989,12.564
yaw340_pitch+025,340,25,351.380,5.630,11.380
yaw340_pitch+030,340,30,352.181,10.838,12.181
yaw340_pitch+035,340,35,350.108,16.884,10.108
yaw340_pitch+040,340,40,354.311,22.414,14.311
yaw340_pitch+045,340,45,346.988,25.889,6.988
yaw340_pitch+050,340,50,347.684,32.706,7.684
yaw340_pitch+055,340,55,346.802,38.829,6.802
yaw340_pitch+060,340,60,343.266,46.857,3.266
yaw340_pitch+065,340,65,334.535,55.163,5.465
yaw340_pitch+070,340,70,330.729,68.183,9.271
yaw340_pitch+075,340,75,331.386,83.475,8.614
yaw340_pitch+080,340,80,328.139,88.589,11.861
yaw340_pitch+085,340,85,320.404,90.000,19.596
yaw340_pitch+090,340,90,312.747,88.222,27.253
yaw345_pitch-090,345,-90,6.320,-71.790,21.320
yaw345_pitch-085,345,-85,6.307,-71.206,21.307
yaw345_pitch-080,345,-80,6.834,-73.376,21.834
yaw345_pitch-075,345,-75,6.206,-62.884,21.206
yaw345_pitch-070,345,-70,9.735,-58.622,24.735
yaw345_pitch-065,345,-65,11.558,-53.312,26.558
yaw345_pitch-060,345,-60,11.069,-45.277,26.069
yaw345_pitch-055,345,-55,12.609,-43.919,27.609
yaw345_pitch-050,345,-50,18.016,-44.906,33.016
yaw345_pitch-045,345,-45,11.525,-42.219,26.525
yaw345_pitch-040,345,-40,9.383,-42.196,24.383
yaw345_pitch-035,345,-35,5.999,-41.151,20.999
yaw345_pitch-030,345,-30,10.160,-41.623,25.160
yaw345_pitch-025,345,-25,7.277,-39.624,22.277
yaw345_pitch-020,345,-20,9.748,-39.006,24.748
yaw345_pitch-015,345,-15,16.304,-35.381,31.304
yaw345_pitch-010,345,-10,7.436,-33.121,22.436
yaw345_pitch-005,345,-5,0.282,-30.491,15.282
yaw345_pitch+000,345,0,0.634,-26.419,15.634
yaw345_pitch+005,345,5,352.873,-11.926,7.873
yaw345_pitch+010,345,10,350.513,-3.995,5.513
yaw345_pitch+015,345,15,356.939,0.224,11.939
yaw345_pitch+020,345,20,7.588,-1.502,22.588
yaw345_pitch+025,345,25,4.369,6.878,19.369
yaw345_pitch+030,345,30,1.118,13.969,16.118
yaw345_pitch+035,345,35,6.839,21.273,21.839
yaw345_pitch+040,345,40,3.246,24.278,18.246
yaw345_pitch+045,345,45,355.442,28.860,10.442
yaw345_pitch+050,345,50,354.224,33.955,9.224
yaw345_pitch+055,345,55,354.541,40.620,9.541
yaw345_pitch+060,345,60,349.241,49.473,4.241
yaw345_pitch+065,345,65,343.083,54.500,1.917
yaw345_pitch+070,345,70,346.325,67.191,1.325
yaw345_pitch+075,345,75,338.236,70.885,6.764
yaw345_pitch+080,345,80,332.353,84.603,12.647
yaw345_pitch+085,345,85,320.389,89.089,24.611
yaw345_pitch+090,345,90,316.603,87.508,28.397
yaw350_pitch-090,350,-90,11.033,-67.990,21.033
yaw350_pitch-085,350,-85,12.713,-71.932,22.713
yaw350_pitch-080,350,-80,14.657,-71.291,24.657
yaw350_pitch-075,350,-75,13.038,-63.528,23.038
yaw350_pitch-070,350,-70,11.865,-57.284,21.865
yaw350_pitch-065,350,-65,16.069,-52.710,26.069
yaw350_pitch-060,350,-60,16.384,-48.394,26.384
yaw350_pitch-055,350,-55,14.167,-40.223,24.167
yaw350_pitch-050,350,-50,13.841,-43.944,23.841
yaw350_pitch-045,350,-45,15.549,-43.297,25.549
yaw350_pitch-040,350,-40,16.977,-40.792,26.977
yaw350_pitch-035,350,-35,5.623,-43.891,15.623
yaw350_pitch-030,350,-30,8.205,-40.455,18.205
yaw350_pitch-025,350,-25,5.436,-42.370,15.436
yaw350_pitch-020,350,-20,9.255,-42.121,19.255
yaw350_pitch-015,350,-15,359.443,-34.775,9.443
yaw350_pitch-010,350,-10,2.829,-35.265,12.829
yaw350_pitch-005,350,-5,358.821,-31.041,8.821
yaw350_pitch+000,350,0,357.107,-26.573,7.107
yaw350_pitch+005,350,5,357.012,-13.280,7.012
yaw350_pitch+010,350,10,6.606,-5.015,16.606
yaw350_pitch+015,350,15,0.192,0.406,10.192
yaw350_pitch+020,350,20,16.085,1.736,26.085
yaw350_pitch+025,350,25,9.459,10.446,19.459
yaw350_pitch+030,350,30,9.510,16.959,19.510
yaw350_pitch+035,350,35,12.415,24.020,22.415
yaw350_pitch+040,350,40,17.240,27.380,27.240
yaw350_pitch+045,350,45,7.907,29.848,17.907
yaw350_pitch+050,350,50,1.048,32.773,11.048
yaw350_pitch+055,350,55,358.289,39.392,8.289
yaw350_pitch+060,350,60,0.014,45.936,10.014
yaw350_pitch+065,350,65,359.615,49.941,9.615
yaw350_pitch+070,350,70,315.005,-90.000,34.995
yaw350_pitch+075,350,75,315.000,-90.000,35.000
yaw350_pitch+080,350,80,315.000,-90.000,35.000
yaw350_pitch+085,350,85,314.944,90.000,35.056
yaw350_pitch+090,350,90,310.859,88.846,39.141
yaw355_pitch-090,355,-90,18.950,-70.385,23.950
yaw355_pitch-085,355,-85,20.452,-71.913,25.452
yaw355_pitch-080,355,-80,19.425,-71.116,24.425
yaw355_pitch-075,355,-75,19.900,-66.850,24.900
yaw355_pitch-070,355,-70,18.661,-59.996,23.661
yaw355_pitch-065,355,-65,16.295,-48.611,21.295
yaw355_pitch-060,355,-60,16.306,-40.323,21.306
yaw355_pitch-055,355,-55,18.210,-44.900,23.210
yaw355_pitch-050,355,-50,17.381,-42.273,22.381
yaw355_pitch-045,355,-45,17.906,-43.954,22.906
yaw355_pitch-040,355,-40,16.171,-41.827,21.171
yaw355_pitch-035,355,-35,14.220,-42.615,19.220
yaw355_pitch-030,355,-30,20.131,-42.886,25.131
yaw355_pitch-025,355,-25,5.402,-42.932,10.402
yaw355_pitch-020,355,-20,3.700,-42.571,8.700
yaw355_pitch-015,355,-15,5.788,-36.065,10.788
yaw355_pitch-010,355,-10,3.929,-33.043,8.929
yaw355_pitch-005,355,-5,4.234,-30.996,9.234
yaw355_pitch+000,355,0,357.500,-24.839,2.500
yaw355_pitch+005,355,5,5.524,-12.566,10.524
yaw355_pitch+010,355,10,5.423,-1.664,10.423
yaw355_pitch+015,355,15,11.977,1.248,16.977
yaw355_pitch+020,355,20,17.907,6.057,22.907
yaw355_pitch+025,355,25,14.531,13.038,19.531
yaw355_pitch+030,355,30,18.013,17.586,23.013
yaw355_pitch+035,355,35,20.708,23.116,25.708
yaw355_pitch+040,355,40,22.290,27.572,27.290
yaw355_pitch+045,355,45,18.640,29.502,23.640
yaw355_pitch+050,355,50,9.516,31.241,14.516
yaw355_pitch+055,355,55,5.330,39.100,10.330
yaw355_pitch+060,355,60,13.935,43.892,18.935
yaw355_pitch+065,355,65,316.438,-90.000,38.562
yaw355_pitch+070,355,70,315.000,-90.000,40.000
yaw355_pitch+075,355,75,315.000,-90.000,40.000
yaw355_pitch+080,355,80,315.000,-90.000,40.000
yaw355_pitch+085,355,85,315.000,-90.000,40.000
yaw355_pitch+090,355,90,312.492,90.000,42.508
