record_id,yaw_true,pitch_true,yaw_pred,pitch_pred,yaw_err
yaw000_pitch-090,0,-90,336.771,-84.557,23.229
yaw000_pitch-085,0,-85,348.431,-87.186,11.569
yaw000_pitch-080,0,-80,342.759,-83.571,17.241
yaw000_pitch-075,0,-75,343.342,-87.080,16.658
yaw000_pitch-070,0,-70,339.356,-75.888,20.644
yaw000_pitch-065,0,-65,335.035,-75.938,24.965
yaw000_pitch-060,0,-60,333.456,-67.238,26.544
yaw000_pitch-055,0,-55,329.784,-67.879,30.216
yaw000_pitch-050,0,-50,327.641,-52.741,32.359
yaw000_pitch-045,0,-45,324.298,-44.511,35.702
yaw000_pitch-040,0,-40,317.122,-37.731,42.878
yaw000_pitch-035,0,-35,315.207,-30.680,44.793
yaw000_pitch-030,0,-30,319.128,-21.420,40.872
yaw000_pitch-025,0,-25,323.423,-4.175,36.577
yaw000_pitch-020,0,-20,327.864,10.471,32.136
yaw000_pitch-015,0,-15,341.966,15.369,18.034
yaw000_pitch-010,0,-10,353.219,18.131,6.781
yaw000_pitch-005,0,-5,352.501,21.256,7.499
yaw000_pitch+000,0,0,1.821,22.227,1.821
yaw000_pitch+005,0,5,350.874,25.993,9.126
yaw000_pitch+010,0,10,338.372,29.449,21.628
yaw000_pitch+015,0,15,335.483,27.633,24.517
yaw000_pitch+020,0,20,335.402,29.935,24.598
yaw000_pitch+025,0,25,330.446,33.320,29.554
yaw000_pitch+030,0,30,318.987,43.525,41.013
yaw000_pitch+035,0,35,325.131,53.522,34.869
yaw000_pitch+040,0,40,334.502,54.650,25.498
yaw000_pitch+045,0,45,342.504,60.040,17.496
yaw000_pitch+050,0,50,350.619,62.699,9.381
yaw000_pitch+055,0,55,348.822,65.419,11.178
yaw000_pitch+060,0,60,357.065,69.321,2.935
yaw000_pitch+065,0,65,6.534,71.164,6.534
yaw000_pitch+070,0,70,12.653,76.892,12.653
yaw000_pitch+075,0,75,12.995,79.094,12.995
yaw000_pitch+080,0,80,12.661,84.051,12.661
yaw000_pitch+085,0,85,13.822,90.000,13.822
yaw000_pitch+090,0,90,4.929,90.000,4.929
yaw005_pitch-090,5,-90,353.623,-86.070,11.377
yaw005_pitch-085,5,-85,348.562,-81.204,16.438
yaw005_pitch-080,5,-80,347.134,-82.985,17.866
yaw005_pitch-075,5,-75,347.197,-83.222,17.803
yaw005_pitch-070,5,-70,345.719,-89.723,19.281
yaw005_pitch-065,5,-65,340.647,-73.015,24.353
yaw005_pitch-060,5,-60,337.427,-66.638,27.573
yaw005_pitch-055,5,-55,334.944,-60.520,30.056
yaw005_pitch-050,5,-50,331.980,-53.471,33.020
yaw005_pitch-045,5,-45,328.910,-45.337,36.090
yaw005_pitch-040,5,-40,322.771,-37.725,42.229
yaw005_pitch-035,5,-35,314.699,-28.965,50.301
yaw005_pitch-030,5,-30,312.641,-25.979,52.359
yaw005_pitch-025,5,-25,320.720,-13.391,44.280
yaw005_pitch-020,5,-20,333.411,8.050,31.589
yaw005_pitch-015,5,-15,347.658,15.450,17.342
yaw005_pitch-010,5,-10,357.941,17.996,7.059
yaw005_pitch-005,5,-5,359.508,20.612,5.492
yaw005_pitch+000,5,0,359.439,22.103,5.561
yaw005_pitch+005,5,5,356.867,25.136,8.133
yaw005_pitch+010,5,10,346.699,29.638,18.301
yaw005_pitch+015,5,15,339.688,29.238,25.312
yaw005_pitch+020,5,20,340.641,30.512,24.359
yaw005_pitch+025,5,25,337.180,35.108,27.820
yaw005_pitch+030,5,30,326.576,43.425,38.424
yaw005_pitch+035,5,35,331.622,54.604,33.378
yaw005_pitch+040,5,40,342.068,60.405,22.932
yaw005_pitch+045,5,45,350.479,65.602,14.521
yaw005_pitch+050,5,50,354.488,67.373,10.512
yaw005_pitch+055,5,55,356.251,68.799,8.749
yaw005_pitch+060,5,60,7.213,70.210,2.213
yaw005_pitch+065,5,65,16.472,72.809,11.472
yaw005_pitch+070,5,70,16.871,76.217,11.871
yaw005_pitch+075,5,75,17.717,81.388,12.717
yaw005_pitch+080,5,80,18.420,88.184,13.420
yaw005_pitch+085,5,85,12.652,89.843,7.652
yaw005_pitch+090,5,90,7.144,90.000,2.144
yaw010_pitch-090,10,-90,356.236,-81.417,13.764
yaw010_pitch-085,10,-85,355.331,-82.311,14.669
yaw010_pitch-080,10,-80,350.755,-79.408,19.245
yaw010_pitch-075,10,-75,354.726,-78.745,15.274
yaw010_pitch-070,10,-70,349.911,-74.971,20.089
yaw010_pitch-065,10,-65,344.770,-73.678,25.230
yaw010_pitch-060,10,-60,339.295,-64.591,30.705
yaw010_pitch-055,10,-55,334.294,-54.391,35.706
yaw010_pitch-050,10,-50,332.083,-49.153,37.917
yaw010_pitch-045,10,-45,328.119,-48.091,41.881
yaw010_pitch-040,10,-40,322.742,-38.789,47.258
yaw010_pitch-035,10,-35,316.490,-35.371,53.510
yaw010_pitch-030,10,-30,314.664,-30.927,55.336
yaw010_pitch-025,10,-25,317.081,-22.031,52.919
yaw010_pitch-020,10,-20,327.131,-1.191,42.869
yaw010_pitch-015,10,-15,342.387,21.452,27.613
yaw010_pitch-010,10,-10,1.047,19.325,8.953
yaw010_pitch-005,10,-5,1.488,21.098,8.512
yaw010_pitch+000,10,0,3.450,22.454,6.550
yaw010_pitch+005,10,5,2.108,25.520,7.892
yaw010_pitch+010,10,10,354.328,32.986,15.672
yaw010_pitch+015,10,15,346.658,32.955,23.342
yaw010_pitch+020,10,20,346.944,34.781,23.056
yaw010_pitch+025,10,25,344.100,38.620,25.900
yaw010_pitch+030,10,30,337.529,50.379,32.471
yaw010_pitch+035,10,35,340.047,59.559,29.953
yaw010_pitch+040,10,40,351.585,64.752,18.415
yaw010_pitch+045,10,45,359.898,69.578,10.102
yaw010_pitch+050,10,50,4.018,67.740,5.982
yaw010_pitch+055,10,55,7.055,71.954,2.945
yaw010_pitch+060,10,60,18.703,72.314,8.703
yaw010_pitch+065,10,65,26.807,72.322,16.807
yaw010_pitch+070,10,70,29.103,79.524,19.103
yaw010_pitch+075,10,75,27.084,81.801,17.084
yaw010_pitch+080,10,80,20.799,87.864,10.799
yaw010_pitch+085,10,85,20.797,90.000,10.797
yaw010_pitch+090,10,90,16.829,90.000,6.829
yaw015_pitch-090,15,-90,359.167,-82.116,15.833
yaw015_pitch-085,15,-85,0.601,-88.267,14.399
yaw015_pitch-080,15,-80,358.959,-83.918,16.041
yaw015_pitch-075,15,-75,354.207,-76.680,20.793
yaw015_pitch-070,15,-70,355.829,-71.038,19.171
yaw015_pitch-065,15,-65,346.611,-64.699,28.389
yaw015_pitch-060,15,-60,342.006,-62.200,32.994
yaw015_pitch-055,15,-55,337.211,-57.434,37.789
yaw015_pitch-050,15,-50,335.775,-45.294,39.225
yaw015_pitch-045,15,-45,332.239,-48.526,42.761
yaw015_pitch-040,15,-40,326.223,-39.401,48.777
yaw015_pitch-035,15,-35,320.367,-34.624,54.633
yaw015_pitch-030,15,-30,311.602,-35.985,63.398
yaw015_pitch-025,15,-25,313.126,-24.018,61.874
yaw015_pitch-020,15,-20,318.458,1.195,56.542
yaw015_pitch-015,15,-15,344.614,19.995,30.386
yaw015_pitch-010,15,-10,1.750,19.900,13.250
yaw015_pitch-005,15,-5,2.138,23.711,12.862
yaw015_pitch+000,15,0,6.731,23.739,8.269
yaw015_pitch+005,15,5,5.076,28.283,9.924
yaw015_pitch+010,15,10,2.618,32.937,12.382
yaw015_pitch+015,15,15,358.663,36.374,16.337
yaw015_pitch+020,15,20,352.292,39.671,22.708
yaw015_pitch+025,15,25,0.400,44.546,14.600
yaw015_pitch+030,15,30,2.263,49.563,12.737
yaw015_pitch+035,15,35,4.490,64.234,10.510
yaw015_pitch+040,15,40,14.230,66.121,0.770
yaw015_pitch+045,15,45,12.629,71.924,2.371
yaw015_pitch+050,15,50,17.733,69.744,2.733
yaw015_pitch+055,15,55,22.077,72.153,7.077
yaw015_pitch+060,15,60,28.262,72.262,13.262
yaw015_pitch+065,15,65,32.684,73.618,17.684
yaw015_pitch+070,15,70,34.516,77.596,19.516
yaw015_pitch+075,15,75,32.748,83.450,17.748
yaw015_pitch+080,15,80,28.585,87.055,13.585
yaw015_pitch+085,15,85,25.320,90.000,10.320
yaw015_pitch+090,15,90,24.377,90.000,9.377
yaw020_pitch-090,20,-90,2.339,-85.315,17.661
yaw020_pitch-085,20,-85,1.903,-83.492,18.097
yaw020_pitch-080,20,-80,3.336,-83.874,16.664
yaw020_pitch-075,20,-75,2.715,-84.029,17.285
yaw020_pitch-070,20,-70,358.862,-72.651,21.138
yaw020_pitch-065,20,-65,357.960,-75.740,22.040
yaw020_pitch-060,20,-60,350.674,-61.931,29.326
yaw020_pitch-055,20,-55,339.071,-54.504,40.929
yaw020_pitch-050,20,-50,336.647,-46.925,43.353
yaw020_pitch-045,20,-45,331.983,-42.662,48.017
yaw020_pitch-040,20,-40,330.028,-36.892,49.972
yaw020_pitch-035,20,-35,325.964,-35.203,54.036
yaw020_pitch-030,20,-30,316.877,-24.214,63.123
yaw020_pitch-025,20,-25,313.587,-27.066,66.413
yaw020_pitch-020,20,-20,324.842,0.827,55.158
yaw020_pitch-015,20,-15,354.240,15.120,25.760
yaw020_pitch-010,20,-10,1.743,23.682,18.257
yaw020_pitch-005,20,-5,9.066,25.612,10.934
yaw020_pitch+000,20,0,11.093,27.982,8.907
yaw020_pitch+005,20,5,14.627,30.594,5.373
yaw020_pitch+010,20,10,14.967,36.287,5.033
yaw020_pitch+015,20,15,15.581,43.035,4.419
yaw020_pitch+020,20,20,13.419,48.078,6.581
yaw020_pitch+025,20,25,16.604,50.911,3.396
yaw020_pitch+030,20,30,21.323,55.076,1.323
yaw020_pitch+035,20,35,23.789,66.687,3.789
yaw020_pitch+040,20,40,26.620,67.761,6.620
yaw020_pitch+045,20,45,23.598,71.107,3.598
yaw020_pitch+050,20,50,26.262,72.264,6.262
yaw020_pitch+055,20,55,30.116,69.538,10.116
yaw020_pitch+060,20,60,35.080,70.593,15.080
yaw020_pitch+065,20,65,38.948,71.771,18.948
yaw020_pitch+070,20,70,37.533,78.373,17.533
yaw020_pitch+075,20,75,35.767,82.192,15.767
yaw020_pitch+080,20,80,30.817,84.791,10.817
yaw020_pitch+085,20,85,32.109,90.000,12.109
yaw020_pitch+090,20,90,26.373,90.000,6.373
yaw025_pitch-090,25,-90,8.445,-80.642,16.555
yaw025_pitch-085,25,-85,9.603,-82.964,15.397
yaw025_pitch-080,25,-80,7.928,-83.600,17.072
yaw025_pitch-075,25,-75,6.481,-82.928,18.519
yaw025_pitch-070,25,-70,6.065,-77.502,18.935
yaw025_pitch-065,25,-65,355.683,-59.512,29.317
yaw025_pitch-060,25,-60,355.245,-59.674,29.755
yaw025_pitch-055,25,-55,346.052,-53.295,38.948
yaw025_pitch-050,25,-50,343.396,-49.857,41.604
yaw025_pitch-045,25,-45,342.843,-39.923,42.157
yaw025_pitch-040,25,-40,336.941,-29.134,48.059
yaw025_pitch-035,25,-35,326.240,-32.090,58.760
yaw025_pitch-030,25,-30,326.799,-20.978,58.201
yaw025_pitch-025,25,-25,323.252,-17.321,61.748
yaw025_pitch-020,25,-20,324.803,-2.328,60.197
yaw025_pitch-015,25,-15,356.752,13.566,28.248
yaw025_pitch-010,25,-10,11.399,22.084,13.601
yaw025_pitch-005,25,-5,15.625,22.579,9.375
yaw025_pitch+000,25,0,23.106,28.359,1.894
yaw025_pitch+005,25,5,24.659,31.181,0.341
yaw025_pitch+010,25,10,25.951,38.787,0.951
yaw025_pitch+015,25,15,29.571,44.934,4.571
yaw025_pitch+020,25,20,26.885,48.302,1.885
yaw025_pitch+025,25,25,25.324,49.869,0.324
yaw025_pitch+030,25,30,27.742,54.432,2.742
yaw025_pitch+035,25,35,31.630,66.337,6.630
yaw025_pitch+040,25,40,35.334,65.338,10.334
yaw025_pitch+045,25,45,30.543,70.198,5.543
yaw025_pitch+050,25,50,32.354,71.894,7.354
yaw025_pitch+055,25,55,34.124,69.792,9.124
yaw025_pitch+060,25,60,39.863,70.077,14.863
yaw025_pitch+065,25,65,42.016,74.171,17.016
yaw025_pitch+070,25,70,41.590,78.403,16.590
yaw025_pitch+075,25,75,39.944,81.469,14.944
yaw025_pitch+080,25,80,39.838,86.775,14.838
yaw025_pitch+085,25,85,38.658,90.000,13.658
yaw025_pitch+090,25,90,35.567,90.000,10.567
yaw030_pitch-090,30,-90,14.544,-77.899,15.456
yaw030_pitch-085,30,-85,15.369,-79.204,14.631
yaw030_pitch-080,30,-80,12.999,-83.314,17.001
yaw030_pitch-075,30,-75,10.813,-81.452,19.187
yaw030_pitch-070,30,-70,10.286,-79.457,19.714
yaw030_pitch-065,30,-65,5.556,-70.260,24.444
yaw030_pitch-060,30,-60,359.446,-57.637,30.554
yaw030_pitch-055,30,-55,352.783,-53.728,37.217
yaw030_pitch-050,30,-50,352.648,-46.602,37.352
yaw030_pitch-045,30,-45,349.370,-39.376,40.630
yaw030_pitch-040,30,-40,345.559,-27.969,44.441
yaw030_pitch-035,30,-35,342.619,-22.018,47.381
yaw030_pitch-030,30,-30,347.334,-18.140,42.666
yaw030_pitch-025,30,-25,350.936,-14.555,39.064
yaw030_pitch-020,30,-20,357.956,-2.893,32.044
yaw030_pitch-015,30,-15,5.857,12.514,24.143
yaw030_pitch-010,30,-10,19.046,20.672,10.954
yaw030_pitch-005,30,-5,20.813,24.090,9.187
yaw030_pitch+000,30,0,27.419,25.144,2.581
yaw030_pitch+005,30,5,29.729,32.558,0.271
yaw030_pitch+010,30,10,32.757,41.648,2.757
yaw030_pitch+015,30,15,32.670,43.760,2.670
yaw030_pitch+020,30,20,31.040,48.929,1.040
yaw030_pitch+025,30,25,29.819,50.018,0.181
yaw030_pitch+030,30,30,33.443,51.584,3.443
yaw030_pitch+035,30,35,38.483,63.367,8.483
yaw030_pitch+040,30,40,42.070,60.408,12.070
yaw030_pitch+045,30,45,39.796,69.733,9.796
yaw030_pitch+050,30,50,40.762,68.420,10.762
yaw030_pitch+055,30,55,44.330,70.783,14.330
yaw030_pitch+060,30,60,47.109,72.390,17.109
yaw030_pitch+065,30,65,48.391,73.422,18.391
yaw030_pitch+070,30,70,45.443,78.992,15.443
yaw030_pitch+075,30,75,45.102,85.852,15.102
yaw030_pitch+080,30,80,45.004,89.010,15.004
yaw030_pitch+085,30,85,44.276,90.000,14.276
yaw030_pitch+090,30,90,43.294,90.000,13.294
yaw035_pitch-090,35,-90,18.107,-73.748,16.893
yaw035_pitch-085,35,-85,20.732,-81.109,14.268
yaw035_pitch-080,35,-80,19.605,-79.915,15.395
yaw035_pitch-075,35,-75,16.274,-84.151,18.726
yaw035_pitch-070,35,-70,14.812,-74.396,20.188
yaw035_pitch-065,35,-65,11.860,-73.265,23.140
yaw035_pitch-060,35,-60,8.953,-60.667,26.047
yaw035_pitch-055,35,-55,2.443,-47.911,32.557
yaw035_pitch-050,35,-50,9.120,-46.686,25.880
yaw035_pitch-045,35,-45,10.973,-39.931,24.027
yaw035_pitch-040,35,-40,9.605,-27.597,25.395
yaw035_pitch-035,35,-35,8.951,-10.668,26.049
yaw035_pitch-030,35,-30,9.452,-5.507,25.548
yaw035_pitch-025,35,-25,14.473,-4.216,20.527
yaw035_pitch-020,35,-20,19.561,6.132,15.439
yaw035_pitch-015,35,-15,22.360,9.867,12.640
yaw035_pitch-010,35,-10,25.680,19.706,9.320
yaw035_pitch-005,35,-5,27.280,22.995,7.720
yaw035_pitch+000,35,0,31.732,24.835,3.268
yaw035_pitch+005,35,5,36.377,28.902,1.377
yaw035_pitch+010,35,10,36.875,42.155,1.875
yaw035_pitch+015,35,15,38.143,45.440,3.143
yaw035_pitch+020,35,20,38.170,49.751,3.170
yaw035_pitch+025,35,25,38.595,51.055,3.595
yaw035_pitch+030,35,30,42.657,50.293,7.657
yaw035_pitch+035,35,35,48.105,57.775,13.105
yaw035_pitch+040,35,40,51.091,55.190,16.091
yaw035_pitch+045,35,45,51.347,62.539,16.347
yaw035_pitch+050,35,50,52.249,61.618,17.249
yaw035_pitch+055,35,55,53.647,65.129,18.647
yaw035_pitch+060,35,60,53.513,69.060,18.513
yaw035_pitch+065,35,65,53.237,70.343,18.237
yaw035_pitch+070,35,70,51.334,77.889,16.334
yaw035_pitch+075,35,75,51.272,86.117,16.272
yaw035_pitch+080,35,80,51.154,87.379,16.154
yaw035_pitch+085,35,85,50.854,90.000,15.854
yaw035_pitch+090,35,90,51.505,90.000,16.505
yaw040_pitch-090,40,-90,23.395,-75.659,16.605
yaw040_pitch-085,40,-85,27.381,-83.745,12.619
yaw040_pitch-080,40,-80,29.077,-82.605,10.923
yaw040_pitch-075,40,-75,26.840,-82.753,13.160
yaw040_pitch-070,40,-70,26.587,-79.613,13.413
yaw040_pitch-065,40,-65,27.014,-62.399,12.986
yaw040_pitch-060,40,-60,26.414,-60.438,13.586
yaw040_pitch-055,40,-55,24.493,-49.268,15.507
yaw040_pitch-050,40,-50,25.044,-40.498,14.956
yaw040_pitch-045,40,-45,25.550,-37.518,14.450
yaw040_pitch-040,40,-40,26.590,-25.576,13.410
yaw040_pitch-035,40,-35,26.956,-15.122,13.044
yaw040_pitch-030,40,-30,27.906,3.173,12.094
yaw040_pitch-025,40,-25,29.114,5.115,10.886
yaw040_pitch-020,40,-20,30.752,9.239,9.248
yaw040_pitch-015,40,-15,33.321,14.063,6.679
yaw040_pitch-010,40,-10,35.954,21.641,4.046
yaw040_pitch-005,40,-5,38.279,21.952,1.721
yaw040_pitch+000,40,0,42.608,24.628,2.608
yaw040_pitch+005,40,5,45.869,31.235,5.869
yaw040_pitch+010,40,10,44.774,40.411,4.774
yaw040_pitch+015,40,15,45.238,45.837,5.238
yaw040_pitch+020,40,20,49.349,49.310,9.349
yaw040_pitch+025,40,25,52.003,51.172,12.003
yaw040_pitch+030,40,30,52.841,51.565,12.841
yaw040_pitch+035,40,35,48.815,51.861,8.815
yaw040_pitch+040,40,40,47.273,47.778,7.273
yaw040_pitch+045,40,45,46.728,46.028,6.728
yaw040_pitch+050,40,50,46.188,45.437,6.188
yaw040_pitch+055,40,55,46.835,45.746,6.835
yaw040_pitch+060,40,60,46.544,46.280,6.544
yaw040_pitch+065,40,65,47.105,49.232,7.105
yaw040_pitch+070,40,70,46.886,62.221,6.886
yaw040_pitch+075,40,75,49.443,83.916,9.443
yaw040_pitch+080,40,80,53.848,88.023,13.848
yaw040_pitch+085,40,85,55.729,90.000,15.729
yaw040_pitch+090,40,90,57.183,88.312,17.183
yaw045_pitch-090,45,-90,33.655,-80.244,11.345
yaw045_pitch-085,45,-85,35.007,-81.843,9.993
yaw045_pitch-080,45,-80,35.608,-85.837,9.392
yaw045_pitch-075,45,-75,34.977,-80.809,10.023
yaw045_pitch-070,45,-70,34.332,-75.885,10.668
yaw045_pitch-065,45,-65,34.207,-71.812,10.793
yaw045_pitch-060,45,-60,35.426,-61.122,9.574
yaw045_pitch-055,45,-55,34.588,-52.600,10.412
yaw045_pitch-050,45,-50,34.252,-38.255,10.748
yaw045_pitch-045,45,-45,36.989,-24.864,8.011
yaw045_pitch-040,45,-40,37.748,-20.198,7.252
yaw045_pitch-035,45,-35,40.129,-10.939,4.871
yaw045_pitch-030,45,-30,41.400,-1.559,3.600
yaw045_pitch-025,45,-25,43.759,10.537,1.241
yaw045_pitch-020,45,-20,45.569,14.218,0.569
yaw045_pitch-015,45,-15,46.754,17.462,1.754
yaw045_pitch-010,45,-10,51.475,24.133,6.475
yaw045_pitch-005,45,-5,51.392,27.158,6.392
yaw045_pitch+000,45,0,54.049,22.500,9.049
yaw045_pitch+005,45,5,58.275,30.471,13.275
yaw045_pitch+010,45,10,55.800,41.877,10.800
yaw045_pitch+015,45,15,50.697,42.651,5.697
yaw045_pitch+020,45,20,49.546,42.462,4.546
yaw045_pitch+025,45,25,52.188,41.699,7.188
yaw045_pitch+030,45,30,61.115,39.108,16.115
yaw045_pitch+035,45,35,71.717,39.738,26.717
yaw045_pitch+040,45,40,67.117,38.842,22.117
yaw045_pitch+045,45,45,68.167,41.690,23.167
yaw045_pitch+050,45,50,77.883,41.448,32.883
yaw045_pitch+055,45,55,55.632,43.403,10.632
yaw045_pitch+060,45,60,55.522,43.986,10.522
yaw045_pitch+065,45,65,49.897,45.317,4.897
yaw045_pitch+070,45,70,46.589,53.932,1.589
yaw045_pitch+075,45,75,49.221,74.685,4.221
yaw045_pitch+080,45,80,55.478,81.846,10.478
yaw045_pitch+085,45,85,59.421,86.703,14.421
yaw045_pitch+090,45,90,60.734,89.932,15.734
yaw050_pitch-090,50,-90,42.440,-86.033,7.560
yaw050_pitch-085,50,-85,39.001,-85.807,10.999
yaw050_pitch-080,50,-80,39.782,-82.621,10.218
yaw050_pitch-075,50,-75,39.206,-82.590,10.794
yaw050_pitch-070,50,-70,37.973,-70.248,12.027
yaw050_pitch-065,50,-65,39.020,-71.626,10.980
yaw050_pitch-060,50,-60,39.013,-62.071,10.987
yaw050_pitch-055,50,-55,40.274,-51.968,9.726
yaw050_pitch-050,50,-50,42.722,-41.410,7.278
yaw050_pitch-045,50,-45,46.193,-22.504,3.807
yaw050_pitch-040,50,-40,47.396,-13.750,2.604
yaw050_pitch-035,50,-35,48.356,-6.098,1.644
yaw050_pitch-030,50,-30,52.170,4.157,2.170
yaw050_pitch-025,50,-25,53.423,8.639,3.423
yaw050_pitch-020,50,-20,56.429,10.512,6.429
yaw050_pitch-015,50,-15,59.984,10.024,9.984
yaw050_pitch-010,50,-10,57.083,17.195,7.083
yaw050_pitch-005,50,-5,51.027,27.046,1.027
yaw050_pitch+000,50,0,48.313,33.905,1.687
yaw050_pitch+005,50,5,50.294,28.290,0.294
yaw050_pitch+010,50,10,75.326,25.024,25.326
yaw050_pitch+015,50,15,112.677,22.634,62.677
yaw050_pitch+020,50,20,127.965,21.729,77.965
yaw050_pitch+025,50,25,132.058,24.923,82.058
yaw050_pitch+030,50,30,128.644,30.603,78.644
yaw050_pitch+035,50,35,122.488,31.398,72.488
yaw050_pitch+040,50,40,112.634,36.799,62.634
yaw050_pitch+045,50,45,95.641,40.285,45.641
yaw050_pitch+050,50,50,70.098,42.576,20.098
yaw050_pitch+055,50,55,49.343,44.226,0.657
yaw050_pitch+060,50,60,48.828,46.112,1.172
yaw050_pitch+065,50,65,49.409,52.705,0.591
yaw050_pitch+070,50,70,53.565,73.694,3.565
yaw050_pitch+075,50,75,60.814,77.455,10.814
yaw050_pitch+080,50,80,64.086,79.180,14.086
yaw050_pitch+085,50,85,65.842,85.163,15.842
yaw050_pitch+090,50,90,63.456,90.000,13.456
yaw055_pitch-090,55,-90,45.190,-88.221,9.810
yaw055_pitch-085,55,-85,44.134,-90.000,10.866
yaw055_pitch-080,55,-80,43.663,-82.911,11.337
yaw055_pitch-075,55,-75,43.466,-82.466,11.534
yaw055_pitch-070,55,-70,44.081,-77.020,10.919
yaw055_pitch-065,55,-65,44.983,-60.948,10.017
yaw055_pitch-060,55,-60,46.017,-58.768,8.983
yaw055_pitch-055,55,-55,50.378,-49.272,4.622
yaw055_pitch-050,55,-50,53.455,-39.478,1.545
yaw055_pitch-045,55,-45,54.477,-24.820,0.523
yaw055_pitch-040,55,-40,57.749,-17.491,2.749
yaw055_pitch-035,55,-35,58.924,-9.500,3.924
yaw055_pitch-030,55,-30,55.204,-0.336,0.204
yaw055_pitch-025,55,-25,49.113,6.403,5.887
yaw055_pitch-020,55,-20,47.238,15.232,7.762
yaw055_pitch-015,55,-15,46.670,5.260,8.330
yaw055_pitch-010,55,-10,50.177,12.485,4.823
yaw055_pitch-005,55,-5,61.430,-0.685,6.430
yaw055_pitch+000,55,0,94.606,1.520,39.606
yaw055_pitch+005,55,5,122.713,-19.723,67.713
yaw055_pitch+010,55,10,132.487,-16.141,77.487
yaw055_pitch+015,55,15,131.781,-2.501,76.781
yaw055_pitch+020,55,20,130.946,13.476,75.946
yaw055_pitch+025,55,25,121.956,17.717,66.956
yaw055_pitch+030,55,30,113.627,33.466,58.627
yaw055_pitch+035,55,35,71.816,37.817,16.816
yaw055_pitch+040,55,40,53.617,41.869,1.383
yaw055_pitch+045,55,45,49.618,45.401,5.382
yaw055_pitch+050,55,50,50.596,50.900,4.404
yaw055_pitch+055,55,55,59.415,58.286,4.415
yaw055_pitch+060,55,60,65.082,64.922,10.082
yaw055_pitch+065,55,65,69.783,70.957,14.783
yaw055_pitch+070,55,70,71.314,71.898,16.314
yaw055_pitch+075,55,75,68.482,75.949,13.482
yaw055_pitch+080,55,80,68.252,80.382,13.252
yaw055_pitch+085,55,85,69.058,87.149,14.058
yaw055_pitch+090,55,90,70.473,90.000,15.473
yaw060_pitch-090,60,-90,50.161,-86.401,9.839
yaw060_pitch-085,60,-85,50.231,-90.000,9.769
yaw060_pitch-080,60,-80,49.926,-87.623,10.074
yaw060_pitch-075,60,-75,49.596,-81.677,10.404
yaw060_pitch-070,60,-70,50.258,-73.125,9.742
yaw060_pitch-065,60,-65,52.049,-65.972,7.951
yaw060_pitch-060,60,-60,57.054,-48.449,2.946
yaw060_pitch-055,60,-55,57.345,-49.383,2.655
yaw060_pitch-050,60,-50,54.268,-39.978,5.732
yaw060_pitch-045,60,-45,48.170,-28.738,11.830
yaw060_pitch-040,60,-40,46.562,-24.535,13.438
yaw060_pitch-035,60,-35,46.451,-25.866,13.549
yaw060_pitch-030,60,-30,48.083,-30.766,11.917
yaw060_pitch-025,60,-25,51.170,-36.738,8.830
yaw060_pitch-020,60,-20,63.990,-36.212,3.990
yaw060_pitch-015,60,-15,101.897,-37.682,41.897
yaw060_pitch-010,60,-10,107.355,-36.714,47.355
yaw060_pitch-005,60,-5,124.297,-32.068,64.297
yaw060_pitch+000,60,0,126.544,-20.981,66.544
yaw060_pitch+005,60,5,125.397,-22.471,65.397
yaw060_pitch+010,60,10,124.326,20.915,64.326
yaw060_pitch+015,60,15,79.904,26.032,19.904
yaw060_pitch+020,60,20,57.641,33.505,2.359
yaw060_pitch+025,60,25,55.341,42.138,4.659
yaw060_pitch+030,60,30,56.148,43.935,3.852
yaw060_pitch+035,60,35,66.378,49.842,6.378
yaw060_pitch+040,60,40,72.211,49.342,12.211
yaw060_pitch+045,60,45,75.634,56.703,15.634
yaw060_pitch+050,60,50,73.295,58.244,13.295
yaw060_pitch+055,60,55,75.612,65.259,15.612
yaw060_pitch+060,60,60,72.549,67.092,12.549
yaw060_pitch+065,60,65,72.422,71.426,12.422
yaw060_pitch+070,60,70,75.181,73.623,15.181
yaw060_pitch+075,60,75,77.287,75.110,17.287
yaw060_pitch+080,60,80,75.334,78.891,15.334
yaw060_pitch+085,60,85,76.521,84.851,16.521
yaw060_pitch+090,60,90,78.395,90.000,18.395
yaw065_pitch-090,65,-90,56.503,-82.766,8.497
yaw065_pitch-085,65,-85,52.791,-88.442,12.209
yaw065_pitch-080,65,-80,52.172,-87.362,12.828
yaw065_pitch-075,65,-75,53.614,-74.017,11.386
yaw065_pitch-070,65,-70,52.558,-63.046,12.442
yaw065_pitch-065,65,-65,47.985,-55.977,17.015
yaw065_pitch-060,65,-60,46.518,-45.971,18.482
yaw065_pitch-055,65,-55,46.554,-42.994,18.446
yaw065_pitch-050,65,-50,51.796,-43.442,13.204
yaw065_pitch-045,65,-45,55.128,-43.877,9.872
yaw065_pitch-040,65,-40,60.941,-43.974,4.059
yaw065_pitch-035,65,-35,90.151,-43.872,25.151
yaw065_pitch-030,65,-30,104.418,-42.771,39.418
yaw065_pitch-025,65,-25,94.507,-43.196,29.507
yaw065_pitch-020,65,-20,82.667,-41.513,17.667
yaw065_pitch-015,65,-15,94.962,-38.570,29.962
yaw065_pitch-010,65,-10,87.061,-23.277,22.061
yaw065_pitch-005,65,-5,83.025,-0.412,18.025
yaw065_pitch+000,65,0,57.848,21.706,7.152
yaw065_pitch+005,65,5,56.211,25.401,8.789
yaw065_pitch+010,65,10,62.769,30.418,2.231
yaw065_pitch+015,65,15,73.953,34.176,8.953
yaw065_pitch+020,65,20,81.534,36.189,16.534
yaw065_pitch+025,65,25,83.870,42.752,18.870
yaw065_pitch+030,65,30,79.626,47.880,14.626
yaw065_pitch+035,65,35,76.143,52.152,11.143
yaw065_pitch+040,65,40,74.221,54.641,9.221
yaw065_pitch+045,65,45,78.373,58.448,13.373
yaw065_pitch+050,65,50,77.303,65.039,12.303
yaw065_pitch+055,65,55,83.677,68.275,18.677
yaw065_pitch+060,65,60,77.137,71.247,12.137
yaw065_pitch+065,65,65,80.372,72.896,15.372
yaw065_pitch+070,65,70,82.383,73.534,17.383
yaw065_pitch+075,65,75,80.462,76.004,15.462
yaw065_pitch+080,65,80,84.578,78.618,19.578
yaw065_pitch+085,65,85,86.538,83.192,21.538
yaw065_pitch+090,65,90,82.259,87.577,17.259
yaw070_pitch-090,70,-90,59.391,-82.643,10.609
yaw070_pitch-085,70,-85,56.635,-79.229,13.365
yaw070_pitch-080,70,-80,53.758,-74.097,16.242
yaw070_pitch-075,70,-75,47.946,-64.308,22.054
yaw070_pitch-070,70,-70,46.429,-48.940,23.571
yaw070_pitch-065,70,-65,46.371,-45.938,23.629
yaw070_pitch-060,70,-60,47.951,-44.800,22.049
yaw070_pitch-055,70,-55,59.702,-44.565,10.298
yaw070_pitch-050,70,-50,80.875,-44.630,10.875
yaw070_pitch-045,70,-45,116.047,-44.632,46.047
yaw070_pitch-040,70,-40,98.416,-44.304,28.416
yaw070_pitch-035,70,-35,96.064,-43.321,26.064
yaw070_pitch-030,70,-30,70.399,-40.811,0.399
yaw070_pitch-025,70,-25,64.355,-34.522,5.645
yaw070_pitch-020,70,-20,55.498,-17.661,14.502
yaw070_pitch-015,70,-15,52.333,3.685,17.667
yaw070_pitch-010,70,-10,62.507,18.136,7.493
yaw070_pitch-005,70,-5,74.626,21.619,4.626
yaw070_pitch+000,70,0,88.405,27.613,18.405
yaw070_pitch+005,70,5,87.182,30.469,17.182
yaw070_pitch+010,70,10,79.142,34.470,9.142
yaw070_pitch+015,70,15,77.047,36.272,7.047
yaw070_pitch+020,70,20,76.167,35.687,6.167
yaw070_pitch+025,70,25,81.903,42.427,11.903
yaw070_pitch+030,70,30,88.127,48.564,18.127
yaw070_pitch+035,70,35,83.642,52.831,13.642
yaw070_pitch+040,70,40,86.660,57.224,16.660
yaw070_pitch+045,70,45,92.855,63.170,22.855
yaw070_pitch+050,70,50,80.358,64.571,10.358
yaw070_pitch+055,70,55,82.908,68.939,12.908
yaw070_pitch+060,70,60,85.264,73.038,15.264
yaw070_pitch+065,70,65,86.857,72.811,16.857
yaw070_pitch+070,70,70,88.200,75.132,18.200
yaw070_pitch+075,70,75,90.147,77.095,20.147
yaw070_pitch+080,70,80,95.884,78.831,25.884
yaw070_pitch+085,70,85,89.011,84.962,19.011
yaw070_pitch+090,70,90,88.156,86.284,18.156
yaw075_pitch-090,75,-90,60.750,-76.371,14.250
yaw075_pitch-085,75,-85,60.485,-75.765,14.515
yaw075_pitch-080,75,-80,54.894,-76.021,20.106
yaw075_pitch-075,75,-75,49.038,-67.800,25.962
yaw075_pitch-070,75,-70,46.980,-51.859,28.020
yaw075_pitch-065,75,-65,46.763,-46.605,28.237
yaw075_pitch-060,75,-60,47.756,-45.282,27.244
yaw075_pitch-055,75,-55,50.022,-44.253,24.978
yaw075_pitch-050,75,-50,49.401,-43.481,25.599
yaw075_pitch-045,75,-45,49.594,-42.477,25.406
yaw075_pitch-040,75,-40,49.745,-36.701,25.255
yaw075_pitch-035,75,-35,51.537,-30.545,23.463
yaw075_pitch-030,75,-30,56.684,-25.070,18.316
yaw075_pitch-025,75,-25,69.465,-22.747,5.535
yaw075_pitch-020,75,-20,83.586,-11.975,8.586
yaw075_pitch-015,75,-15,89.433,5.622,14.433
yaw075_pitch-010,75,-10,90.365,26.479,15.365
yaw075_pitch-005,75,-5,90.037,30.156,15.037
yaw075_pitch+000,75,0,92.983,33.265,17.983
yaw075_pitch+005,75,5,88.496,34.130,13.496
yaw075_pitch+010,75,10,90.689,37.524,15.689
yaw075_pitch+015,75,15,89.528,39.508,14.528
yaw075_pitch+020,75,20,92.882,38.767,17.882
yaw075_pitch+025,75,25,92.771,42.535,17.771
yaw075_pitch+030,75,30,94.835,50.150,19.835
yaw075_pitch+035,75,35,91.376,52.414,16.376
yaw075_pitch+040,75,40,93.093,58.909,18.093
yaw075_pitch+045,75,45,93.570,62.823,18.570
yaw075_pitch+050,75,50,88.826,66.979,13.826
yaw075_pitch+055,75,55,91.242,69.976,16.242
yaw075_pitch+060,75,60,95.097,76.137,20.097
yaw075_pitch+065,75,65,95.154,74.187,20.154
yaw075_pitch+070,75,70,94.198,76.429,19.198
yaw075_pitch+075,75,75,94.033,77.375,19.033
yaw075_pitch+080,75,80,94.823,80.934,19.823
yaw075_pitch+085,75,85,97.162,82.461,22.162
yaw075_pitch+090,75,90,103.062,87.789,28.062
yaw080_pitch-090,80,-90,66.222,-81.568,13.778
yaw080_pitch-085,80,-85,61.854,-85.404,18.146
yaw080_pitch-080,80,-80,62.543,-84.663,17.457
yaw080_pitch-075,80,-75,61.297,-76.287,18.703
yaw080_pitch-070,80,-70,58.653,-74.429,21.347
yaw080_pitch-065,80,-65,57.671,-68.044,22.329
yaw080_pitch-060,80,-60,56.309,-72.572,23.691
yaw080_pitch-055,80,-55,59.485,-60.058,20.515
yaw080_pitch-050,80,-50,63.060,-61.573,16.940
yaw080_pitch-045,80,-45,71.825,-52.048,8.175
yaw080_pitch-040,80,-40,79.889,-46.148,0.111
yaw080_pitch-035,80,-35,86.032,-33.364,6.032
yaw080_pitch-030,80,-30,85.392,-26.757,5.392
yaw080_pitch-025,80,-25,85.106,-10.328,5.106
yaw080_pitch-020,80,-20,89.565,-6.903,9.565
yaw080_pitch-015,80,-15,90.285,11.270,10.285
yaw080_pitch-010,80,-10,97.923,27.742,17.923
yaw080_pitch-005,80,-5,100.781,31.929,20.781
yaw080_pitch+000,80,0,101.420,35.170,21.420
yaw080_pitch+005,80,5,98.419,35.068,18.419
yaw080_pitch+010,80,10,93.928,36.415,13.928
yaw080_pitch+015,80,15,93.340,39.792,13.340
yaw080_pitch+020,80,20,89.834,38.021,9.834
yaw080_pitch+025,80,25,105.495,45.264,25.495
yaw080_pitch+030,80,30,108.774,51.879,28.774
yaw080_pitch+035,80,35,107.351,56.844,27.351
yaw080_pitch+040,80,40,103.040,60.915,23.040
yaw080_pitch+045,80,45,97.288,63.678,17.288
yaw080_pitch+050,80,50,97.970,67.535,17.970
yaw080_pitch+055,80,55,98.790,69.665,18.790
yaw080_pitch+060,80,60,94.603,74.838,14.603
yaw080_pitch+065,80,65,93.011,71.746,13.011
yaw080_pitch+070,80,70,100.827,76.518,20.827
yaw080_pitch+075,80,75,98.394,78.267,18.394
yaw080_pitch+080,80,80,96.523,80.143,16.523
yaw080_pitch+085,80,85,102.239,87.467,22.239
yaw080_pitch+090,80,90,98.487,86.865,18.487
yaw085_pitch-090,85,-90,76.434,-74.540,8.566
yaw085_pitch-085,85,-85,70.725,-89.892,14.275
yaw085_pitch-080,85,-80,66.296,-82.840,18.704
yaw085_pitch-075,85,-75,63.365,-83.465,21.635
yaw085_pitch-070,85,-70,64.003,-80.253,20.997
yaw085_pitch-065,85,-65,65.163,-73.450,19.837
yaw085_pitch-060,85,-60,67.621,-74.235,17.379
yaw085_pitch-055,85,-55,74.261,-63.393,10.739
yaw085_pitch-050,85,-50,76.410,-57.637,8.590
yaw085_pitch-045,85,-45,79.481,-49.551,5.519
yaw085_pitch-040,85,-40,80.374,-44.003,4.626
yaw085_pitch-035,85,-35,86.321,-35.019,1.321
yaw085_pitch-030,85,-30,90.859,-26.022,5.859
yaw085_pitch-025,85,-25,93.412,-12.918,8.412
yaw085_pitch-020,85,-20,100.313,-9.917,15.313
yaw085_pitch-015,85,-15,100.064,9.947,15.064
yaw085_pitch-010,85,-10,104.475,30.942,19.475
yaw085_pitch-005,85,-5,106.518,35.356,21.518
yaw085_pitch+000,85,0,107.984,36.388,22.984
yaw085_pitch+005,85,5,104.265,37.320,19.265
yaw085_pitch+010,85,10,102.831,35.860,17.831
yaw085_pitch+015,85,15,106.336,39.302,21.336
yaw085_pitch+020,85,20,108.981,44.009,23.981
yaw085_pitch+025,85,25,110.794,43.206,25.794
yaw085_pitch+030,85,30,111.747,53.640,26.747
yaw085_pitch+035,85,35,115.495,58.889,30.495
yaw085_pitch+040,85,40,110.415,61.282,25.415
yaw085_pitch+045,85,45,106.253,63.426,21.253
yaw085_pitch+050,85,50,107.889,70.987,22.889
yaw085_pitch+055,85,55,105.709,71.479,20.709
yaw085_pitch+060,85,60,105.324,75.294,20.324
yaw085_pitch+065,85,65,104.241,75.180,19.241
yaw085_pitch+070,85,70,103.466,75.237,18.466
yaw085_pitch+075,85,75,104.481,78.866,19.481
yaw085_pitch+080,85,80,100.535,79.707,15.535
yaw085_pitch+085,85,85,102.779,87.273,17.779
yaw085_pitch+090,85,90,104.892,89.176,19.892
yaw090_pitch-090,90,-90,80.129,-77.131,9.871
yaw090_pitch-085,90,-85,77.616,-90.000,12.384
yaw090_pitch-080,90,-80,76.696,-84.303,13.304
yaw090_pitch-075,90,-75,76.807,-79.957,13.193
yaw090_pitch-070,90,-70,77.167,-78.658,12.833
yaw090_pitch-065,90,-65,74.842,-79.190,15.158
yaw090_pitch-060,90,-60,79.795,-72.687,10.205
yaw090_pitch-055,90,-55,79.620,-77.128,10.380
yaw090_pitch-050,90,-50,82.952,-64.543,7.048
yaw090_pitch-045,90,-45,86.315,-54.807,3.685
yaw090_pitch-040,90,-40,87.977,-43.785,2.023
yaw090_pitch-035,90,-35,89.010,-42.564,0.990
yaw090_pitch-030,90,-30,95.520,-21.632,5.520
yaw090_pitch-025,90,-25,96.947,-22.412,6.947
yaw090_pitch-020,90,-20,102.577,-6.569,12.577
yaw090_pitch-015,90,-15,106.260,18.443,16.260
yaw090_pitch-010,90,-10,108.863,31.594,18.863
yaw090_pitch-005,90,-5,112.576,34.678,22.576
yaw090_pitch+000,90,0,112.940,33.272,22.940
yaw090_pitch+005,90,5,107.059,37.727,17.059
yaw090_pitch+010,90,10,111.835,39.177,21.835
yaw090_pitch+015,90,15,112.037,40.707,22.037
yaw090_pitch+020,90,20,110.908,38.788,20.908
yaw090_pitch+025,90,25,113.441,46.867,23.441
yaw090_pitch+030,90,30,118.362,58.368,28.362
yaw090_pitch+035,90,35,118.218,62.227,28.218
yaw090_pitch+040,90,40,119.396,63.367,29.396
yaw090_pitch+045,90,45,116.115,69.449,26.115
yaw090_pitch+050,90,50,116.649,73.015,26.649
yaw090_pitch+055,90,55,113.115,70.761,23.115
yaw090_pitch+060,90,60,107.295,73.039,17.295
yaw090_pitch+065,90,65,107.069,73.625,17.069
yaw090_pitch+070,90,70,107.952,74.142,17.952
yaw090_pitch+075,90,75,105.669,75.667,15.669
yaw090_pitch+080,90,80,103.095,78.627,13.095
yaw090_pitch+085,90,85,106.979,85.420,16.979
yaw090_pitch+090,90,90,110.379,87.560,20.379
yaw095_pitch-090,95,-90,82.096,-77.908,12.904
yaw095_pitch-085,95,-85,82.536,-86.818,12.464
yaw095_pitch-080,95,-80,81.368,-87.320,13.632
yaw095_pitch-075,95,-75,83.605,-82.448,11.395
yaw095_pitch-070,95,-70,85.627,-83.019,9.373
yaw095_pitch-065,95,-65,90.339,-81.005,4.661
yaw095_pitch-060,95,-60,89.314,-75.770,5.686
yaw095_pitch-055,95,-55,91.643,-75.323,3.357
yaw095_pitch-050,95,-50,93.290,-67.195,1.710
yaw095_pitch-045,95,-45,101.055,-58.954,6.055
yaw095_pitch-040,95,-40,99.975,-47.831,4.975
yaw095_pitch-035,95,-35,99.966,-43.994,4.966
yaw095_pitch-030,95,-30,102.978,-20.492,7.978
yaw095_pitch-025,95,-25,109.190,-16.990,14.190
yaw095_pitch-020,95,-20,106.041,4.350,11.041
yaw095_pitch-015,95,-15,114.492,13.320,19.492
yaw095_pitch-010,95,-10,117.185,30.812,22.185
yaw095_pitch-005,95,-5,116.252,32.798,21.252
yaw095_pitch+000,95,0,115.871,38.003,20.871
yaw095_pitch+005,95,5,117.416,37.582,22.416
yaw095_pitch+010,95,10,115.665,40.382,20.665
yaw095_pitch+015,95,15,115.246,42.958,20.246
yaw095_pitch+020,95,20,118.855,45.275,23.855
yaw095_pitch+025,95,25,120.231,52.252,25.231
yaw095_pitch+030,95,30,125.305,62.952,30.305
yaw095_pitch+035,95,35,123.574,68.608,28.574
yaw095_pitch+040,95,40,120.471,69.190,25.471
yaw095_pitch+045,95,45,117.071,71.446,22.071
yaw095_pitch+050,95,50,111.923,69.796,16.923
yaw095_pitch+055,95,55,112.826,70.583,17.826
yaw095_pitch+060,95,60,111.987,72.219,16.987
yaw095_pitch+065,95,65,111.190,73.144,16.190
yaw095_pitch+070,95,70,108.793,72.839,13.793
yaw095_pitch+075,95,75,107.693,75.501,12.693
yaw095_pitch+080,95,80,107.108,78.438,12.108
yaw095_pitch+085,95,85,111.856,84.497,16.856
yaw095_pitch+090,95,90,115.733,86.851,20.733
yaw100_pitch-090,100,-90,89.625,-82.947,10.375
yaw100_pitch-085,100,-85,90.060,-87.451,9.940
yaw100_pitch-080,100,-80,94.597,-83.431,5.403
yaw100_pitch-075,100,-75,100.213,-80.818,0.213
yaw100_pitch-070,100,-70,94.153,-83.210,5.847
yaw100_pitch-065,100,-65,100.829,-77.898,0.829
yaw100_pitch-060,100,-60,100.978,-73.192,0.978
yaw100_pitch-055,100,-55,101.744,-70.412,1.744
yaw100_pitch-050,100,-50,103.394,-70.253,3.394
yaw100_pitch-045,100,-45,106.979,-54.869,6.979
yaw100_pitch-040,100,-40,105.087,-52.640,5.087
yaw100_pitch-035,100,-35,111.569,-39.996,11.569
yaw100_pitch-030,100,-30,110.692,-33.084,10.692
yaw100_pitch-025,100,-25,115.384,-12.525,15.384
yaw100_pitch-020,100,-20,119.071,12.890,19.071
yaw100_pitch-015,100,-15,119.516,22.724,19.516
yaw100_pitch-010,100,-10,120.556,29.585,20.556
yaw100_pitch-005,100,-5,117.769,32.680,17.769
yaw100_pitch+000,100,0,118.900,36.444,18.900
yaw100_pitch+005,100,5,119.684,37.213,19.684
yaw100_pitch+010,100,10,114.882,42.169,14.882
yaw100_pitch+015,100,15,115.240,45.447,15.240
yaw100_pitch+020,100,20,116.740,51.713,16.740
yaw100_pitch+025,100,25,119.404,60.369,19.404
yaw100_pitch+030,100,30,120.997,67.138,20.997
yaw100_pitch+035,100,35,120.130,67.543,20.130
yaw100_pitch+040,100,40,117.970,69.340,17.970
yaw100_pitch+045,100,45,116.999,69.423,16.999
yaw100_pitch+050,100,50,116.125,70.334,16.125
yaw100_pitch+055,100,55,115.053,69.328,15.053
yaw100_pitch+060,100,60,114.736,71.242,14.736
yaw100_pitch+065,100,65,116.151,71.524,16.151
yaw100_pitch+070,100,70,113.241,71.676,13.241
yaw100_pitch+075,100,75,111.751,75.862,11.751
yaw100_pitch+080,100,80,112.107,77.357,12.107
yaw100_pitch+085,100,85,118.864,86.312,18.864
yaw100_pitch+090,100,90,121.970,88.282,21.970
yaw105_pitch-090,105,-90,93.292,-87.641,11.708
yaw105_pitch-085,105,-85,94.545,-85.290,10.455
yaw105_pitch-080,105,-80,96.773,-82.053,8.227
yaw105_pitch-075,105,-75,104.113,-77.514,0.887
yaw105_pitch-070,105,-70,105.387,-77.932,0.387
yaw105_pitch-065,105,-65,105.190,-73.736,0.190
yaw105_pitch-060,105,-60,105.640,-73.470,0.640
yaw105_pitch-055,105,-55,108.494,-70.019,3.494
yaw105_pitch-050,105,-50,111.855,-63.417,6.855
yaw105_pitch-045,105,-45,113.814,-59.110,8.814
yaw105_pitch-040,105,-40,116.727,-53.322,11.727
yaw105_pitch-035,105,-35,119.808,-41.765,14.808
yaw105_pitch-030,105,-30,121.936,-31.213,16.936
yaw105_pitch-025,105,-25,121.993,-5.428,16.993
yaw105_pitch-020,105,-20,125.752,11.791,20.752
yaw105_pitch-015,105,-15,126.013,25.137,21.013
yaw105_pitch-010,105,-10,125.621,31.114,20.621
yaw105_pitch-005,105,-5,122.175,32.670,17.175
yaw105_pitch+000,105,0,121.787,35.364,16.787
yaw105_pitch+005,105,5,119.509,36.076,14.509
yaw105_pitch+010,105,10,116.832,41.011,11.832
yaw105_pitch+015,105,15,113.751,50.526,8.751
yaw105_pitch+020,105,20,112.460,54.348,7.460
yaw105_pitch+025,105,25,116.565,59.027,11.565
yaw105_pitch+030,105,30,119.765,68.787,14.765
yaw105_pitch+035,105,35,120.568,69.323,15.568
yaw105_pitch+040,105,40,119.519,68.874,14.519
yaw105_pitch+045,105,45,116.174,70.462,11.174
yaw105_pitch+050,105,50,117.200,69.041,12.200
yaw105_pitch+055,105,55,117.269,69.311,12.269
yaw105_pitch+060,105,60,117.107,70.272,12.107
yaw105_pitch+065,105,65,116.861,71.049,11.861
yaw105_pitch+070,105,70,116.835,72.967,11.835
yaw105_pitch+075,105,75,117.035,76.672,12.035
yaw105_pitch+080,105,80,115.857,78.998,10.857
yaw105_pitch+085,105,85,120.566,84.937,15.566
yaw105_pitch+090,105,90,123.209,85.396,18.209
yaw110_pitch-090,110,-90,92.239,-78.596,17.761
yaw110_pitch-085,110,-85,97.558,-79.036,12.442
yaw110_pitch-080,110,-80,99.346,-77.149,10.654
yaw110_pitch-075,110,-75,104.254,-76.520,5.746
yaw110_pitch-070,110,-70,109.303,-77.846,0.697
yaw110_pitch-065,110,-65,109.825,-73.149,0.175
yaw110_pitch-060,110,-60,114.172,-68.437,4.172
yaw110_pitch-055,110,-55,110.898,-67.742,0.898
yaw110_pitch-050,110,-50,113.860,-64.342,3.860
yaw110_pitch-045,110,-45,118.880,-52.289,8.880
yaw110_pitch-040,110,-40,122.380,-42.388,12.380
yaw110_pitch-035,110,-35,124.315,-36.810,14.315
yaw110_pitch-030,110,-30,126.742,-19.996,16.742
yaw110_pitch-025,110,-25,127.492,-12.074,17.492
yaw110_pitch-020,110,-20,129.258,12.600,19.258
yaw110_pitch-015,110,-15,129.733,24.970,19.733
yaw110_pitch-010,110,-10,129.437,28.973,19.437
yaw110_pitch-005,110,-5,126.283,31.230,16.283
yaw110_pitch+000,110,0,122.602,33.445,12.602
yaw110_pitch+005,110,5,123.166,33.389,13.166
yaw110_pitch+010,110,10,119.296,41.092,9.296
yaw110_pitch+015,110,15,114.482,49.191,4.482
yaw110_pitch+020,110,20,112.916,55.359,2.916
yaw110_pitch+025,110,25,114.012,66.300,4.012
yaw110_pitch+030,110,30,117.634,68.716,7.634
yaw110_pitch+035,110,35,120.705,69.957,10.705
yaw110_pitch+040,110,40,122.486,70.304,12.486
yaw110_pitch+045,110,45,121.130,70.193,11.130
yaw110_pitch+050,110,50,119.760,68.307,9.760
yaw110_pitch+055,110,55,117.371,68.547,7.371
yaw110_pitch+060,110,60,117.370,69.694,7.370
yaw110_pitch+065,110,65,118.989,70.519,8.989
yaw110_pitch+070,110,70,120.914,73.724,10.914
yaw110_pitch+075,110,75,119.751,77.093,9.751
yaw110_pitch+080,110,80,121.472,81.379,11.472
yaw110_pitch+085,110,85,124.288,83.738,14.288
yaw110_pitch+090,110,90,126.735,85.095,16.735
yaw115_pitch-090,115,-90,97.175,-84.111,17.825
yaw115_pitch-085,115,-85,102.285,-82.414,12.715
yaw115_pitch-080,115,-80,103.221,-78.683,11.779
yaw115_pitch-075,115,-75,106.887,-77.374,8.113
yaw115_pitch-070,115,-70,108.547,-76.310,6.453
yaw115_pitch-065,115,-65,113.533,-72.518,1.467
yaw115_pitch-060,115,-60,113.009,-69.344,1.991
yaw115_pitch-055,115,-55,117.523,-64.678,2.523
yaw115_pitch-050,115,-50,121.641,-52.635,6.641
yaw115_pitch-045,115,-45,123.920,-40.072,8.920
yaw115_pitch-040,115,-40,124.516,-39.554,9.516
yaw115_pitch-035,115,-35,127.476,-24.383,12.476
yaw115_pitch-030,115,-30,129.367,-11.937,14.367
yaw115_pitch-025,115,-25,131.025,-1.422,16.025
yaw115_pitch-020,115,-20,133.131,14.491,18.131
yaw115_pitch-015,115,-15,132.182,26.924,17.182
yaw115_pitch-010,115,-10,129.822,30.258,14.822
yaw115_pitch-005,115,-5,129.098,32.373,14.098
yaw115_pitch+000,115,0,127.161,30.976,12.161
yaw115_pitch+005,115,5,125.178,31.611,10.178
yaw115_pitch+010,115,10,121.731,38.251,6.731
yaw115_pitch+015,115,15,117.644,49.805,2.644
yaw115_pitch+020,115,20,115.540,56.015,0.540
yaw115_pitch+025,115,25,117.075,63.398,2.075
yaw115_pitch+030,115,30,119.476,69.274,4.476
yaw115_pitch+035,115,35,121.671,70.054,6.671
yaw115_pitch+040,115,40,124.183,71.160,9.183
yaw115_pitch+045,115,45,123.143,69.577,8.143
yaw115_pitch+050,115,50,121.009,69.421,6.009
yaw115_pitch+055,115,55,124.502,68.468,9.502
yaw115_pitch+060,115,60,125.401,70.167,10.401
yaw115_pitch+065,115,65,127.447,70.571,12.447
yaw115_pitch+070,115,70,129.366,74.782,14.366
yaw115_pitch+075,115,75,126.237,77.731,11.237
yaw115_pitch+080,115,80,126.473,80.947,11.473
yaw115_pitch+085,115,85,126.496,84.325,11.496
yaw115_pitch+090,115,90,128.530,85.818,13.530
yaw120_pitch-090,120,-90,96.280,-80.720,23.720
yaw120_pitch-085,120,-85,103.967,-75.629,16.033
yaw120_pitch-080,120,-80,108.296,-74.870,11.704
yaw120_pitch-075,120,-75,111.313,-74.683,8.687
yaw120_pitch-070,120,-70,110.610,-74.758,9.390
yaw120_pitch-065,120,-65,113.351,-68.095,6.649
yaw120_pitch-060,120,-60,116.146,-68.165,3.854
yaw120_pitch-055,120,-55,117.096,-67.837,2.904
yaw120_pitch-050,120,-50,119.687,-58.513,0.313
yaw120_pitch-045,120,-45,123.097,-37.370,3.097
yaw120_pitch-040,120,-40,128.790,-32.351,8.790
yaw120_pitch-035,120,-35,131.181,-11.086,11.181
yaw120_pitch-030,120,-30,134.193,0.803,14.193
yaw120_pitch-025,120,-25,135.455,8.231,15.455
yaw120_pitch-020,120,-20,137.539,20.316,17.539
yaw120_pitch-015,120,-15,137.752,26.494,17.752
yaw120_pitch-010,120,-10,135.846,30.324,15.846
yaw120_pitch-005,120,-5,134.955,32.640,14.955
yaw120_pitch+000,120,0,133.943,32.827,13.943
yaw120_pitch+005,120,5,132.136,32.423,12.136
yaw120_pitch+010,120,10,126.515,41.167,6.515
yaw120_pitch+015,120,15,123.580,49.143,3.580
yaw120_pitch+020,120,20,119.393,53.590,0.607
yaw120_pitch+025,120,25,116.002,61.598,3.998
yaw120_pitch+030,120,30,119.650,67.069,0.350
yaw120_pitch+035,120,35,120.037,69.504,0.037
yaw120_pitch+040,120,40,120.618,68.184,0.618
yaw120_pitch+045,120,45,124.137,70.673,4.137
yaw120_pitch+050,120,50,128.604,68.641,8.604
yaw120_pitch+055,120,55,131.219,69.338,11.219
yaw120_pitch+060,120,60,135.347,70.002,15.347
yaw120_pitch+065,120,65,134.846,71.181,14.846
yaw120_pitch+070,120,70,138.906,73.993,18.906
yaw120_pitch+075,120,75,135.192,79.344,15.192
yaw120_pitch+080,120,80,133.530,82.219,13.530
yaw120_pitch+085,120,85,132.256,85.532,12.256
yaw120_pitch+090,120,90,130.598,86.664,10.598
yaw125_pitch-090,125,-90,99.942,-79.638,25.058
yaw125_pitch-085,125,-85,107.849,-77.112,17.151
yaw125_pitch-080,125,-80,110.871,-75.747,14.129
yaw125_pitch-075,125,-75,111.629,-77.199,13.371
yaw125_pitch-070,125,-70,112.070,-77.074,12.930
yaw125_pitch-065,125,-65,114.887,-70.110,10.113
yaw125_pitch-060,125,-60,114.395,-71.780,10.605
yaw125_pitch-055,125,-55,118.103,-62.354,6.897
yaw125_pitch-050,125,-50,123.696,-48.197,1.304
yaw125_pitch-045,125,-45,127.696,-36.988,2.696
yaw125_pitch-040,125,-40,131.311,-29.921,6.311
yaw125_pitch-035,125,-35,135.360,-10.380,10.360
yaw125_pitch-030,125,-30,138.720,-3.397,13.720
yaw125_pitch-025,125,-25,141.542,12.492,16.542
yaw125_pitch-020,125,-20,142.363,18.625,17.363
yaw125_pitch-015,125,-15,141.071,27.837,16.071
yaw125_pitch-010,125,-10,139.734,29.513,14.734
yaw125_pitch-005,125,-5,137.251,33.938,12.251
yaw125_pitch+000,125,0,137.054,34.775,12.054
yaw125_pitch+005,125,5,135.625,36.295,10.625
yaw125_pitch+010,125,10,131.890,39.552,6.890
yaw125_pitch+015,125,15,125.825,48.861,0.825
yaw125_pitch+020,125,20,116.477,56.620,8.523
yaw125_pitch+025,125,25,116.427,60.584,8.573
yaw125_pitch+030,125,30,118.391,68.720,6.609
yaw125_pitch+035,125,35,121.460,67.953,3.540
yaw125_pitch+040,125,40,122.640,69.568,2.360
yaw125_pitch+045,125,45,125.207,68.029,0.207
yaw125_pitch+050,125,50,128.158,66.812,3.158
yaw125_pitch+055,125,55,136.507,68.952,11.507
yaw125_pitch+060,125,60,141.184,69.268,16.184
yaw125_pitch+065,125,65,142.860,70.211,17.860
yaw125_pitch+070,125,70,145.216,73.732,20.216
yaw125_pitch+075,125,75,139.720,79.612,14.720
yaw125_pitch+080,125,80,134.254,82.243,9.254
yaw125_pitch+085,125,85,131.163,86.345,6.163
yaw125_pitch+090,125,90,131.378,87.373,6.378
yaw130_pitch-090,130,-90,107.256,-73.792,22.744
yaw130_pitch-085,130,-85,109.606,-79.170,20.394
yaw130_pitch-080,130,-80,113.873,-79.730,16.127
yaw130_pitch-075,130,-75,114.607,-79.539,15.393
yaw130_pitch-070,130,-70,116.185,-78.900,13.815
yaw130_pitch-065,130,-65,118.279,-75.733,11.721
yaw130_pitch-060,130,-60,118.118,-76.043,11.882
yaw130_pitch-055,130,-55,121.602,-69.487,8.398
yaw130_pitch-050,130,-50,125.417,-56.636,4.583
yaw130_pitch-045,130,-45,129.507,-40.649,0.493
yaw130_pitch-040,130,-40,135.595,-26.249,5.595
yaw130_pitch-035,130,-35,137.376,-6.626,7.376
yaw130_pitch-030,130,-30,139.876,-3.074,9.876
yaw130_pitch-025,130,-25,142.029,12.337,12.029
yaw130_pitch-020,130,-20,142.905,18.953,12.905
yaw130_pitch-015,130,-15,141.868,29.457,11.868
yaw130_pitch-010,130,-10,141.104,32.206,11.104
yaw130_pitch-005,130,-5,139.650,35.702,9.650
yaw130_pitch+000,130,0,139.910,37.825,9.910
yaw130_pitch+005,130,5,137.797,38.923,7.797
yaw130_pitch+010,130,10,133.369,43.307,3.369
yaw130_pitch+015,130,15,123.095,51.901,6.905
yaw130_pitch+020,130,20,118.037,58.424,11.963
yaw130_pitch+025,130,25,118.429,60.641,11.571
yaw130_pitch+030,130,30,120.577,68.193,9.423
yaw130_pitch+035,130,35,125.266,66.547,4.734
yaw130_pitch+040,130,40,129.058,67.345,0.942
yaw130_pitch+045,130,45,133.296,66.571,3.296
yaw130_pitch+050,130,50,135.063,65.997,5.063
yaw130_pitch+055,130,55,137.786,67.617,7.786
yaw130_pitch+060,130,60,149.759,68.902,19.759
yaw130_pitch+065,130,65,150.095,68.864,20.095
yaw130_pitch+070,130,70,149.624,71.633,19.624
yaw130_pitch+075,130,75,143.835,76.800,13.835
yaw130_pitch+080,130,80,137.379,82.796,7.379
yaw130_pitch+085,130,85,132.691,88.081,2.691
yaw130_pitch+090,130,90,132.287,90.000,2.287
yaw135_pitch-090,135,-90,111.589,-77.824,23.411
yaw135_pitch-085,135,-85,113.481,-81.069,21.519
yaw135_pitch-080,135,-80,117.737,-77.200,17.263
yaw135_pitch-075,135,-75,117.710,-80.524,17.290
yaw135_pitch-070,135,-70,120.257,-80.200,14.743
yaw135_pitch-065,135,-65,121.639,-76.074,13.361
yaw135_pitch-060,135,-60,121.528,-79.443,13.472
yaw135_pitch-055,135,-55,122.111,-74.357,12.889
yaw135_pitch-050,135,-50,125.154,-53.925,9.846
yaw135_pitch-045,135,-45,128.919,-45.745,6.081
yaw135_pitch-040,135,-40,134.008,-25.701,0.992
yaw135_pitch-035,135,-35,138.353,-10.901,3.353
yaw135_pitch-030,135,-30,140.425,-4.568,5.425
yaw135_pitch-025,135,-25,143.516,12.785,8.516
yaw135_pitch-020,135,-20,144.086,19.992,9.086
yaw135_pitch-015,135,-15,145.219,29.054,10.219
yaw135_pitch-010,135,-10,143.856,33.303,8.856
yaw135_pitch-005,135,-5,145.531,36.517,10.531
yaw135_pitch+000,135,0,142.857,39.955,7.857
yaw135_pitch+005,135,5,136.606,42.797,1.606
yaw135_pitch+010,135,10,129.802,47.141,5.198
yaw135_pitch+015,135,15,114.825,56.591,20.175
yaw135_pitch+020,135,20,117.232,57.210,17.768
yaw135_pitch+025,135,25,116.730,61.333,18.270
yaw135_pitch+030,135,30,121.300,68.119,13.700
yaw135_pitch+035,135,35,128.552,66.069,6.448
yaw135_pitch+040,135,40,133.139,67.230,1.861
yaw135_pitch+045,135,45,135.290,66.289,0.290
yaw135_pitch+050,135,50,140.109,66.527,5.109
yaw135_pitch+055,135,55,143.163,67.341,8.163
yaw135_pitch+060,135,60,152.292,68.133,17.292
yaw135_pitch+065,135,65,152.893,68.301,17.893
yaw135_pitch+070,135,70,153.429,71.994,18.429
yaw135_pitch+075,135,75,147.679,75.942,12.679
yaw135_pitch+080,135,80,140.763,81.862,5.763
yaw135_pitch+085,135,85,134.441,88.573,0.559
yaw135_pitch+090,135,90,131.353,90.000,3.647
yaw140_pitch-090,140,-90,114.650,-75.236,25.350
yaw140_pitch-085,140,-85,116.933,-82.403,23.067
yaw140_pitch-080,140,-80,121.700,-78.355,18.300
yaw140_pitch-075,140,-75,121.953,-76.900,18.047
yaw140_pitch-070,140,-70,124.004,-81.316,15.996
yaw140_pitch-065,140,-65,124.614,-78.964,15.386
yaw140_pitch-060,140,-60,123.754,-78.243,16.246
yaw140_pitch-055,140,-55,125.941,-68.779,14.059
yaw140_pitch-050,140,-50,129.440,-54.134,10.560
yaw140_pitch-045,140,-45,134.033,-34.331,5.967
yaw140_pitch-040,140,-40,138.769,-24.346,1.231
yaw140_pitch-035,140,-35,142.193,-14.724,2.193
yaw140_pitch-030,140,-30,144.880,-4.479,4.880
yaw140_pitch-025,140,-25,146.793,7.093,6.793
yaw140_pitch-020,140,-20,147.658,21.798,7.658
yaw140_pitch-015,140,-15,148.268,29.700,8.268
yaw140_pitch-010,140,-10,147.790,33.479,7.790
yaw140_pitch-005,140,-5,146.929,37.664,6.929
yaw140_pitch+000,140,0,138.844,46.097,1.156
yaw140_pitch+005,140,5,127.517,56.833,12.483
yaw140_pitch+010,140,10,113.550,52.866,26.450
yaw140_pitch+015,140,15,96.493,48.944,43.507
yaw140_pitch+020,140,20,109.274,60.372,30.726
yaw140_pitch+025,140,25,115.455,60.156,24.545
yaw140_pitch+030,140,30,124.689,66.596,15.311
yaw140_pitch+035,140,35,134.174,66.606,5.826
yaw140_pitch+040,140,40,135.754,65.539,4.246
yaw140_pitch+045,140,45,143.460,64.467,3.460
yaw140_pitch+050,140,50,145.543,67.927,5.543
yaw140_pitch+055,140,55,149.991,68.179,9.991
yaw140_pitch+060,140,60,155.256,68.105,15.256
yaw140_pitch+065,140,65,154.422,68.556,14.422
yaw140_pitch+070,140,70,155.708,70.889,15.708
yaw140_pitch+075,140,75,150.465,75.780,10.465
yaw140_pitch+080,140,80,146.897,80.441,6.897
yaw140_pitch+085,140,85,141.759,87.755,1.759
yaw140_pitch+090,140,90,137.672,90.000,2.328
yaw145_pitch-090,145,-90,124.489,-72.204,20.511
yaw145_pitch-085,145,-85,124.486,-83.541,20.514
yaw145_pitch-080,145,-80,124.956,-81.010,20.044
yaw145_pitch-075,145,-75,126.896,-85.032,18.104
yaw145_pitch-070,145,-70,128.299,-79.415,16.701
yaw145_pitch-065,145,-65,127.140,-79.385,17.860
yaw145_pitch-060,145,-60,128.106,-85.086,16.894
yaw145_pitch-055,145,-55,129.150,-74.691,15.850
yaw145_pitch-050,145,-50,131.966,-69.579,13.034
yaw145_pitch-045,145,-45,137.108,-38.905,7.892
yaw145_pitch-040,145,-40,140.749,-26.331,4.251
yaw145_pitch-035,145,-35,143.683,-7.494,1.317
yaw145_pitch-030,145,-30,145.830,-1.560,0.830
yaw145_pitch-025,145,-25,148.512,4.187,3.512
yaw145_pitch-020,145,-20,152.120,20.814,7.120
yaw145_pitch-015,145,-15,151.289,32.595,6.289
yaw145_pitch-010,145,-10,152.682,33.286,7.682
yaw145_pitch-005,145,-5,148.918,40.587,3.918
yaw145_pitch+000,145,0,140.339,47.249,4.661
yaw145_pitch+005,145,5,122.985,59.054,22.015
yaw145_pitch+010,145,10,133.443,38.021,11.557
yaw145_pitch+015,145,15,134.376,29.136,10.624
yaw145_pitch+020,145,20,109.196,39.747,35.804
yaw145_pitch+025,145,25,112.885,58.575,32.115
yaw145_pitch+030,145,30,128.342,67.068,16.658
yaw145_pitch+035,145,35,139.319,63.913,5.681
yaw145_pitch+040,145,40,142.515,64.549,2.485
yaw145_pitch+045,145,45,146.033,65.456,1.033
yaw145_pitch+050,145,50,150.086,67.792,5.086
yaw145_pitch+055,145,55,155.153,67.640,10.153
yaw145_pitch+060,145,60,155.579,68.688,10.579
yaw145_pitch+065,145,65,157.325,68.403,12.325
yaw145_pitch+070,145,70,157.433,71.107,12.433
yaw145_pitch+075,145,75,154.706,74.345,9.706
yaw145_pitch+080,145,80,151.701,79.140,6.701
yaw145_pitch+085,145,85,151.236,86.677,6.236
yaw145_pitch+090,145,90,146.179,90.000,1.179
yaw150_pitch-090,150,-90,128.709,-76.102,21.291
yaw150_pitch-085,150,-85,124.926,-81.519,25.074
yaw150_pitch-080,150,-80,125.430,-79.398,24.570
yaw150_pitch-075,150,-75,126.979,-80.372,23.021
yaw150_pitch-070,150,-70,129.956,-78.535,20.044
yaw150_pitch-065,150,-65,130.480,-77.174,19.520
yaw150_pitch-060,150,-60,132.818,-81.522,17.182
yaw150_pitch-055,150,-55,131.821,-69.304,18.179
yaw150_pitch-050,150,-50,134.251,-67.555,15.749
yaw150_pitch-045,150,-45,140.914,-49.741,9.086
yaw150_pitch-040,150,-40,144.970,-29.383,5.030
yaw150_pitch-035,150,-35,147.653,-14.326,2.347
yaw150_pitch-030,150,-30,149.021,-2.509,0.979
yaw150_pitch-025,150,-25,153.087,5.072,3.087
yaw150_pitch-020,150,-20,154.063,24.648,4.063
yaw150_pitch-015,150,-15,155.580,33.725,5.580
yaw150_pitch-010,150,-10,154.888,35.314,4.888
yaw150_pitch-005,150,-5,151.517,41.813,1.517
yaw150_pitch+000,150,0,144.517,48.075,5.483
yaw150_pitch+005,150,5,124.766,57.443,25.234
yaw150_pitch+010,150,10,134.243,17.005,15.757
yaw150_pitch+015,150,15,134.850,-8.051,15.150
yaw150_pitch+020,150,20,117.860,34.378,32.140
yaw150_pitch+025,150,25,114.445,59.963,35.555
yaw150_pitch+030,150,30,133.544,68.061,16.456
yaw150_pitch+035,150,35,142.563,67.121,7.437
yaw150_pitch+040,150,40,147.812,65.506,2.188
yaw150_pitch+045,150,45,151.738,64.940,1.738
yaw150_pitch+050,150,50,154.651,67.239,4.651
yaw150_pitch+055,150,55,158.851,66.469,8.851
yaw150_pitch+060,150,60,157.524,67.056,7.524
yaw150_pitch+065,150,65,159.529,67.301,9.529
yaw150_pitch+070,150,70,160.500,69.239,10.500
yaw150_pitch+075,150,75,159.758,73.797,9.758
yaw150_pitch+080,150,80,158.257,78.621,8.257
yaw150_pitch+085,150,85,156.416,84.210,6.416
yaw150_pitch+090,150,90,150.313,87.048,0.313
yaw155_pitch-090,155,-90,131.389,-75.514,23.611
yaw155_pitch-085,155,-85,124.953,-82.895,30.047
yaw155_pitch-080,155,-80,122.109,-77.518,32.891
yaw155_pitch-075,155,-75,123.636,-82.788,31.364
yaw155_pitch-070,155,-70,126.230,-78.576,28.770
yaw155_pitch-065,155,-65,130.754,-73.706,24.246
yaw155_pitch-060,155,-60,136.929,-76.373,18.071
yaw155_pitch-055,155,-55,137.778,-71.769,17.222
yaw155_pitch-050,155,-50,140.690,-68.544,14.310
yaw155_pitch-045,155,-45,146.580,-52.164,8.420
yaw155_pitch-040,155,-40,147.207,-36.976,7.793
yaw155_pitch-035,155,-35,148.009,-23.479,6.991
yaw155_pitch-030,155,-30,152.265,-4.612,2.735
yaw155_pitch-025,155,-25,155.426,13.855,0.426
yaw155_pitch-020,155,-20,157.324,27.888,2.324
yaw155_pitch-015,155,-15,160.239,34.093,5.239
yaw155_pitch-010,155,-10,157.156,39.953,2.156
yaw155_pitch-005,155,-5,157.214,41.864,2.214
yaw155_pitch+000,155,0,150.354,46.250,4.646
yaw155_pitch+005,155,5,139.570,54.452,15.430
yaw155_pitch+010,155,10,131.103,38.554,23.897
yaw155_pitch+015,155,15,129.879,26.110,25.121
yaw155_pitch+020,155,20,111.438,51.198,43.562
yaw155_pitch+025,155,25,130.383,64.834,24.617
yaw155_pitch+030,155,30,139.847,68.530,15.153
yaw155_pitch+035,155,35,146.534,67.267,8.466
yaw155_pitch+040,155,40,149.550,64.965,5.450
yaw155_pitch+045,155,45,152.371,66.396,2.629
yaw155_pitch+050,155,50,155.609,66.533,0.609
yaw155_pitch+055,155,55,156.663,66.565,1.663
yaw155_pitch+060,155,60,157.494,66.868,2.494
yaw155_pitch+065,155,65,161.192,68.680,6.192
yaw155_pitch+070,155,70,163.118,69.724,8.118
yaw155_pitch+075,155,75,163.700,73.396,8.700
yaw155_pitch+080,155,80,163.224,78.026,8.224
yaw155_pitch+085,155,85,162.390,82.202,7.390
yaw155_pitch+090,155,90,158.549,83.752,3.549
yaw160_pitch-090,160,-90,132.905,-71.854,27.095
yaw160_pitch-085,160,-85,128.818,-74.187,31.182
yaw160_pitch-080,160,-80,134.939,-54.802,25.061
yaw160_pitch-075,160,-75,134.915,-54.326,25.085
yaw160_pitch-070,160,-70,129.068,-75.213,30.932
yaw160_pitch-065,160,-65,136.810,-73.858,23.190
yaw160_pitch-060,160,-60,140.485,-73.538,19.515
yaw160_pitch-055,160,-55,143.775,-71.834,16.225
yaw160_pitch-050,160,-50,148.081,-64.027,11.919
yaw160_pitch-045,160,-45,148.439,-54.335,11.561
yaw160_pitch-040,160,-40,150.878,-39.094,9.122
yaw160_pitch-035,160,-35,149.726,-33.704,10.274
yaw160_pitch-030,160,-30,155.016,-3.219,4.984
yaw160_pitch-025,160,-25,159.831,9.323,0.169
yaw160_pitch-020,160,-20,161.715,27.341,1.715
yaw160_pitch-015,160,-15,165.201,36.952,5.201
yaw160_pitch-010,160,-10,163.785,37.980,3.785
yaw160_pitch-005,160,-5,163.909,40.946,3.909
yaw160_pitch+000,160,0,161.181,46.183,1.181
yaw160_pitch+005,160,5,154.193,50.175,5.807
yaw160_pitch+010,160,10,153.050,51.277,6.950
yaw160_pitch+015,160,15,152.683,48.094,7.317
yaw160_pitch+020,160,20,142.678,59.569,17.322
yaw160_pitch+025,160,25,143.655,68.565,16.345
yaw160_pitch+030,160,30,149.826,67.978,10.174
yaw160_pitch+035,160,35,153.591,68.442,6.409
yaw160_pitch+040,160,40,154.297,67.772,5.703
yaw160_pitch+045,160,45,158.079,67.935,1.921
yaw160_pitch+050,160,50,158.311,65.095,1.689
yaw160_pitch+055,160,55,160.723,66.113,0.723
yaw160_pitch+060,160,60,160.994,66.494,0.994
yaw160_pitch+065,160,65,161.881,67.367,1.881
yaw160_pitch+070,160,70,165.813,70.954,5.813
yaw160_pitch+075,160,75,169.729,73.985,9.729
yaw160_pitch+080,160,80,168.998,78.558,8.998
yaw160_pitch+085,160,85,168.060,82.515,8.060
yaw160_pitch+090,160,90,162.524,82.853,2.524
yaw165_pitch-090,165,-90,139.112,-70.058,25.888
yaw165_pitch-085,165,-85,134.849,-74.904,30.151
yaw165_pitch-080,165,-80,134.936,-57.438,30.064
yaw165_pitch-075,165,-75,134.978,-52.748,30.022
yaw165_pitch-070,165,-70,133.206,-68.976,31.794
yaw165_pitch-065,165,-65,149.235,-73.279,15.765
yaw165_pitch-060,165,-60,149.682,-66.000,15.318
yaw165_pitch-055,165,-55,146.470,-65.729,18.530
yaw165_pitch-050,165,-50,147.241,-68.420,17.759
yaw165_pitch-045,165,-45,152.732,-51.424,12.268
yaw165_pitch-040,165,-40,152.573,-41.052,12.427
yaw165_pitch-035,165,-35,152.619,-31.986,12.381
yaw165_pitch-030,165,-30,157.307,-7.814,7.693
yaw165_pitch-025,165,-25,163.161,7.394,1.839
yaw165_pitch-020,165,-20,166.447,28.188,1.447
yaw165_pitch-015,165,-15,171.971,33.064,6.971
yaw165_pitch-010,165,-10,169.068,37.133,4.068
yaw165_pitch-005,165,-5,170.440,40.767,5.440
yaw165_pitch+000,165,0,168.200,44.912,3.200
yaw165_pitch+005,165,5,163.208,48.485,1.792
yaw165_pitch+010,165,10,160.697,48.395,4.303
yaw165_pitch+015,165,15,160.720,47.686,4.280
yaw165_pitch+020,165,20,154.217,54.739,10.783
yaw165_pitch+025,165,25,155.441,63.650,9.559
yaw165_pitch+030,165,30,157.581,65.143,7.419
yaw165_pitch+035,165,35,157.225,68.479,7.775
yaw165_pitch+040,165,40,161.687,66.787,3.313
yaw165_pitch+045,165,45,161.863,65.053,3.137
yaw165_pitch+050,165,50,161.677,64.169,3.323
yaw165_pitch+055,165,55,160.180,65.809,4.820
yaw165_pitch+060,165,60,163.084,66.349,1.916
yaw165_pitch+065,165,65,167.918,67.393,2.918
yaw165_pitch+070,165,70,171.892,70.737,6.892
yaw165_pitch+075,165,75,171.795,74.819,6.795
yaw165_pitch+080,165,80,172.899,79.172,7.899
yaw165_pitch+085,165,85,170.898,83.970,5.898
yaw165_pitch+090,165,90,165.426,83.677,0.426
yaw170_pitch-090,170,-90,146.126,-72.727,23.874
yaw170_pitch-085,170,-85,155.739,-80.650,14.261
yaw170_pitch-080,170,-80,137.299,-76.302,32.701
yaw170_pitch-075,170,-75,134.572,-66.402,35.428
yaw170_pitch-070,170,-70,152.332,-63.172,17.668
yaw170_pitch-065,170,-65,160.347,-70.556,9.653
yaw170_pitch-060,170,-60,156.445,-67.295,13.555
yaw170_pitch-055,170,-55,154.070,-60.951,15.930
yaw170_pitch-050,170,-50,151.137,-56.402,18.863
yaw170_pitch-045,170,-45,149.497,-64.754,20.503
yaw170_pitch-040,170,-40,151.348,-47.161,18.652
yaw170_pitch-035,170,-35,154.242,-23.131,15.758
yaw170_pitch-030,170,-30,159.018,-4.444,10.982
yaw170_pitch-025,170,-25,165.384,9.853,4.616
yaw170_pitch-020,170,-20,171.179,28.051,1.179
yaw170_pitch-015,170,-15,174.968,33.457,4.968
yaw170_pitch-010,170,-10,177.605,36.960,7.605
yaw170_pitch-005,170,-5,175.556,41.784,5.556
yaw170_pitch+000,170,0,172.731,44.904,2.731
yaw170_pitch+005,170,5,170.056,46.637,0.056
yaw170_pitch+010,170,10,169.322,45.969,0.678
yaw170_pitch+015,170,15,168.126,46.438,1.874
yaw170_pitch+020,170,20,168.801,47.341,1.199
yaw170_pitch+025,170,25,163.462,56.991,6.538
yaw170_pitch+030,170,30,159.510,60.754,10.490
yaw170_pitch+035,170,35,161.802,64.862,8.198
yaw170_pitch+040,170,40,161.217,64.393,8.783
yaw170_pitch+045,170,45,164.959,63.327,5.041
yaw170_pitch+050,170,50,162.051,65.596,7.949
yaw170_pitch+055,170,55,165.521,66.593,4.479
yaw170_pitch+060,170,60,169.352,65.767,0.648
yaw170_pitch+065,170,65,172.663,66.723,2.663
yaw170_pitch+070,170,70,176.499,70.197,6.499
yaw170_pitch+075,170,75,178.524,75.030,8.524
yaw170_pitch+080,170,80,180.287,80.824,10.287
yaw170_pitch+085,170,85,174.221,84.712,4.221
yaw170_pitch+090,170,90,165.447,83.124,4.553
yaw175_pitch-090,175,-90,152.315,-73.138,22.685
yaw175_pitch-085,175,-85,150.836,-82.300,24.164
yaw175_pitch-080,175,-80,156.280,-81.371,18.720
yaw175_pitch-075,175,-75,162.093,-72.011,12.907
yaw175_pitch-070,175,-70,158.081,-76.259,16.919
yaw175_pitch-065,175,-65,158.845,-72.091,16.155
yaw175_pitch-060,175,-60,160.783,-60.546,14.217
yaw175_pitch-055,175,-55,159.243,-59.938,15.757
yaw175_pitch-050,175,-50,155.630,-57.208,19.370
yaw175_pitch-045,175,-45,152.096,-53.885,22.904
yaw175_pitch-040,175,-40,152.597,-42.772,22.403
yaw175_pitch-035,175,-35,154.590,-33.895,20.410
yaw175_pitch-030,175,-30,159.371,-6.814,15.629
yaw175_pitch-025,175,-25,165.251,11.556,9.749
yaw175_pitch-020,175,-20,172.873,28.146,2.127
yaw175_pitch-015,175,-15,176.568,34.116,1.568
yaw175_pitch-010,175,-10,179.246,37.785,4.246
yaw175_pitch-005,175,-5,178.919,41.029,3.919
yaw175_pitch+000,175,0,178.216,43.343,3.216
yaw175_pitch+005,175,5,175.704,46.214,0.704
yaw175_pitch+010,175,10,173.446,46.915,1.554
yaw175_pitch+015,175,15,175.381,47.128,0.381
yaw175_pitch+020,175,20,173.663,48.545,1.337
yaw175_pitch+025,175,25,172.416,53.935,2.584
yaw175_pitch+030,175,30,165.842,59.948,9.158
yaw175_pitch+035,175,35,161.620,62.132,13.380
yaw175_pitch+040,175,40,167.510,63.349,7.490
yaw175_pitch+045,175,45,174.390,61.107,0.610
yaw175_pitch+050,175,50,170.981,65.335,4.019
yaw175_pitch+055,175,55,170.361,64.919,4.639
yaw175_pitch+060,175,60,175.024,66.541,0.024
yaw175_pitch+065,175,65,176.021,67.592,1.021
yaw175_pitch+070,175,70,183.323,70.822,8.323
yaw175_pitch+075,175,75,182.963,75.394,7.963
yaw175_pitch+080,175,80,185.047,80.087,10.047
yaw175_pitch+085,175,85,186.417,83.836,11.417
yaw175_pitch+090,175,90,188.456,83.896,13.456
yaw180_pitch-090,180,-90,153.167,-79.412,26.833
yaw180_pitch-085,180,-85,150.130,-83.390,29.870
yaw180_pitch-080,180,-80,153.634,-81.516,26.366
yaw180_pitch-075,180,-75,157.645,-80.359,22.355
yaw180_pitch-070,180,-70,161.142,-77.373,18.858
yaw180_pitch-065,180,-65,160.965,-70.352,19.035
yaw180_pitch-060,180,-60,162.154,-63.017,17.846
yaw180_pitch-055,180,-55,161.236,-53.994,18.764
yaw180_pitch-050,180,-50,157.685,-44.009,22.315
yaw180_pitch-045,180,-45,153.960,-45.383,26.040
yaw180_pitch-040,180,-40,154.069,-41.158,25.931
yaw180_pitch-035,180,-35,156.217,-27.006,23.783
yaw180_pitch-030,180,-30,161.552,-3.303,18.448
yaw180_pitch-025,180,-25,170.090,11.255,9.910
yaw180_pitch-020,180,-20,175.716,27.047,4.284
yaw180_pitch-015,180,-15,178.482,32.941,1.518
yaw180_pitch-010,180,-10,181.738,38.025,1.738
yaw180_pitch-005,180,-5,184.086,42.994,4.086
yaw180_pitch+000,180,0,185.142,44.382,5.142
yaw180_pitch+005,180,5,182.632,46.880,2.632
yaw180_pitch+010,180,10,180.841,47.329,0.841
yaw180_pitch+015,180,15,181.158,48.233,1.158
yaw180_pitch+020,180,20,185.736,49.331,5.736
yaw180_pitch+025,180,25,181.275,54.180,1.275
yaw180_pitch+030,180,30,176.671,60.037,3.329
yaw180_pitch+035,180,35,171.099,62.475,8.901
yaw180_pitch+040,180,40,171.065,61.367,8.935
yaw180_pitch+045,180,45,175.190,59.852,4.810
yaw180_pitch+050,180,50,172.936,64.078,7.064
yaw180_pitch+055,180,55,176.579,65.802,3.421
yaw180_pitch+060,180,60,182.672,67.980,2.672
yaw180_pitch+065,180,65,186.704,69.609,6.704
yaw180_pitch+070,180,70,189.487,72.561,9.487
yaw180_pitch+075,180,75,189.868,78.065,9.868
yaw180_pitch+080,180,80,191.669,81.893,11.669
yaw180_pitch+085,180,85,193.202,83.406,13.202
yaw180_pitch+090,180,90,190.154,83.785,10.154
yaw185_pitch-090,185,-90,158.310,-79.042,26.690
yaw185_pitch-085,185,-85,157.017,-88.326,27.983
yaw185_pitch-080,185,-80,159.073,-82.237,25.927
yaw185_pitch-075,185,-75,159.896,-76.937,25.104
yaw185_pitch-070,185,-70,166.469,-70.118,18.531
yaw185_pitch-065,185,-65,165.418,-70.817,19.582
yaw185_pitch-060,185,-60,162.816,-62.029,22.184
yaw185_pitch-055,185,-55,163.969,-59.836,21.031
yaw185_pitch-050,185,-50,159.880,-47.774,25.120
yaw185_pitch-045,185,-45,158.341,-38.900,26.659
yaw185_pitch-040,185,-40,156.527,-21.332,28.473
yaw185_pitch-035,185,-35,160.704,-26.167,24.296
yaw185_pitch-030,185,-30,166.345,-13.719,18.655
yaw185_pitch-025,185,-25,172.507,11.818,12.493
yaw185_pitch-020,185,-20,174.687,30.732,10.313
yaw185_pitch-015,185,-15,180.173,35.262,4.827
yaw185_pitch-010,185,-10,186.754,37.597,1.754
yaw185_pitch-005,185,-5,183.391,44.364,1.609
yaw185_pitch+000,185,0,189.387,46.426,4.387
yaw185_pitch+005,185,5,192.796,46.622,7.796
yaw185_pitch+010,185,10,189.491,47.873,4.491
yaw185_pitch+015,185,15,191.252,48.507,6.252
yaw185_pitch+020,185,20,193.141,50.843,8.141
yaw185_pitch+025,185,25,186.648,54.437,1.648
yaw185_pitch+030,185,30,189.689,60.255,4.689
yaw185_pitch+035,185,35,179.214,61.485,5.786
yaw185_pitch+040,185,40,181.966,62.238,3.034
yaw185_pitch+045,185,45,184.679,61.855,0.321
yaw185_pitch+050,185,50,186.461,64.541,1.461
yaw185_pitch+055,185,55,182.066,65.804,2.934
yaw185_pitch+060,185,60,190.267,68.034,5.267
yaw185_pitch+065,185,65,190.648,70.349,5.648
yaw185_pitch+070,185,70,196.248,73.522,11.248
yaw185_pitch+075,185,75,195.238,79.226,10.238
yaw185_pitch+080,185,80,198.143,82.547,13.143
yaw185_pitch+085,185,85,196.772,83.917,11.772
yaw185_pitch+090,185,90,197.146,85.970,12.146
yaw190_pitch-090,190,-90,168.124,-76.995,21.876
yaw190_pitch-085,190,-85,163.270,-83.622,26.730
yaw190_pitch-080,190,-80,162.855,-80.011,27.145
yaw190_pitch-075,190,-75,167.347,-73.533,22.653
yaw190_pitch-070,190,-70,171.245,-73.491,18.755
yaw190_pitch-065,190,-65,169.495,-69.211,20.505
yaw190_pitch-060,190,-60,167.380,-62.341,22.620
yaw190_pitch-055,190,-55,169.340,-51.763,20.660
yaw190_pitch-050,190,-50,169.615,-41.591,20.385
yaw190_pitch-045,190,-45,167.346,-44.486,22.654
yaw190_pitch-040,190,-40,166.467,-28.217,23.533
yaw190_pitch-035,190,-35,166.539,-23.394,23.461
yaw190_pitch-030,190,-30,169.143,-11.859,20.857
yaw190_pitch-025,190,-25,173.877,16.039,16.123
yaw190_pitch-020,190,-20,178.494,27.973,11.506
yaw190_pitch-015,190,-15,184.738,34.714,5.262
yaw190_pitch-010,190,-10,189.715,39.474,0.285
yaw190_pitch-005,190,-5,195.180,43.782,5.180
yaw190_pitch+000,190,0,198.013,46.664,8.013
yaw190_pitch+005,190,5,196.381,48.646,6.381
yaw190_pitch+010,190,10,197.092,48.511,7.092
yaw190_pitch+015,190,15,195.774,50.432,5.774
yaw190_pitch+020,190,20,196.863,52.076,6.863
yaw190_pitch+025,190,25,196.598,56.627,6.598
yaw190_pitch+030,190,30,194.774,60.819,4.774
yaw190_pitch+035,190,35,195.176,63.658,5.176
yaw190_pitch+040,190,40,198.875,62.561,8.875
yaw190_pitch+045,190,45,195.202,60.823,5.202
yaw190_pitch+050,190,50,199.140,63.926,9.140
yaw190_pitch+055,190,55,201.472,65.221,11.472
yaw190_pitch+060,190,60,201.288,68.540,11.288
yaw190_pitch+065,190,65,204.391,71.001,14.391
yaw190_pitch+070,190,70,200.185,73.717,10.185
yaw190_pitch+075,190,75,199.002,79.675,9.002
yaw190_pitch+080,190,80,203.632,82.958,13.632
yaw190_pitch+085,190,85,203.173,85.301,13.173
yaw190_pitch+090,190,90,204.347,88.061,14.347
yaw195_pitch-090,195,-90,169.794,-80.028,25.206
yaw195_pitch-085,195,-85,173.130,-87.183,21.870
yaw195_pitch-080,195,-80,173.085,-80.507,21.915
yaw195_pitch-075,195,-75,175.431,-75.224,19.569
yaw195_pitch-070,195,-70,170.387,-70.949,24.613
yaw195_pitch-065,195,-65,174.334,-61.341,20.666
yaw195_pitch-060,195,-60,174.487,-61.967,20.513
yaw195_pitch-055,195,-55,175.032,-59.024,19.968
yaw195_pitch-050,195,-50,172.106,-45.411,22.894
yaw195_pitch-045,195,-45,174.435,-36.407,20.565
yaw195_pitch-040,195,-40,170.644,-36.820,24.356
yaw195_pitch-035,195,-35,174.063,-11.061,20.937
yaw195_pitch-030,195,-30,179.175,-9.917,15.825
yaw195_pitch-025,195,-25,186.705,14.049,8.295
yaw195_pitch-020,195,-20,185.568,30.571,9.432
yaw195_pitch-015,195,-15,190.018,36.537,4.982
yaw195_pitch-010,195,-10,194.665,39.292,0.335
yaw195_pitch-005,195,-5,198.308,44.802,3.308
yaw195_pitch+000,195,0,201.140,47.201,6.140
yaw195_pitch+005,195,5,203.209,47.083,8.209
yaw195_pitch+010,195,10,201.063,49.804,6.063
yaw195_pitch+015,195,15,200.052,50.770,5.052
yaw195_pitch+020,195,20,199.363,54.062,4.363
yaw195_pitch+025,195,25,196.530,59.140,1.530
yaw195_pitch+030,195,30,201.755,61.815,6.755
yaw195_pitch+035,195,35,200.082,61.022,5.082
yaw195_pitch+040,195,40,207.745,62.713,12.745
yaw195_pitch+045,195,45,206.782,59.572,11.782
yaw195_pitch+050,195,50,209.787,62.992,14.787
yaw195_pitch+055,195,55,209.883,64.728,14.883
yaw195_pitch+060,195,60,209.945,67.481,14.945
yaw195_pitch+065,195,65,210.822,71.042,15.822
yaw195_pitch+070,195,70,210.522,74.564,15.522
yaw195_pitch+075,195,75,208.734,79.398,13.734
yaw195_pitch+080,195,80,209.690,81.986,14.690
yaw195_pitch+085,195,85,209.393,84.838,14.393
yaw195_pitch+090,195,90,206.956,87.115,11.956
yaw200_pitch-090,200,-90,181.746,-87.228,18.254
yaw200_pitch-085,200,-85,178.562,-84.162,21.438
yaw200_pitch-080,200,-80,175.448,-80.024,24.552
yaw200_pitch-075,200,-75,180.229,-70.182,19.771
yaw200_pitch-070,200,-70,181.306,-68.775,18.694
yaw200_pitch-065,200,-65,180.066,-70.033,19.934
yaw200_pitch-060,200,-60,176.304,-62.845,23.696
yaw200_pitch-055,200,-55,172.179,-59.542,27.821
yaw200_pitch-050,200,-50,173.907,-53.477,26.093
yaw200_pitch-045,200,-45,177.971,-41.394,22.029
yaw200_pitch-040,200,-40,178.667,-39.258,21.333
yaw200_pitch-035,200,-35,182.713,-6.615,17.287
yaw200_pitch-030,200,-30,190.918,8.608,9.082
yaw200_pitch-025,200,-25,193.902,21.577,6.098
yaw200_pitch-020,200,-20,194.939,26.992,5.061
yaw200_pitch-015,200,-15,197.340,32.652,2.660
yaw200_pitch-010,200,-10,198.652,37.761,1.348
yaw200_pitch-005,200,-5,200.956,44.310,0.956
yaw200_pitch+000,200,0,202.154,49.703,2.154
yaw200_pitch+005,200,5,204.048,48.754,4.048
yaw200_pitch+010,200,10,205.688,49.730,5.688
yaw200_pitch+015,200,15,206.321,50.555,6.321
yaw200_pitch+020,200,20,204.578,54.434,4.578
yaw200_pitch+025,200,25,202.159,59.286,2.159
yaw200_pitch+030,200,30,202.177,61.800,2.177
yaw200_pitch+035,200,35,205.843,61.449,5.843
yaw200_pitch+040,200,40,210.646,63.304,10.646
yaw200_pitch+045,200,45,213.447,60.590,13.447
yaw200_pitch+050,200,50,215.348,61.906,15.348
yaw200_pitch+055,200,55,216.630,62.796,16.630
yaw200_pitch+060,200,60,216.437,66.952,16.437
yaw200_pitch+065,200,65,215.809,71.131,15.809
yaw200_pitch+070,200,70,215.100,74.204,15.100
yaw200_pitch+075,200,75,214.477,79.176,14.477
yaw200_pitch+080,200,80,214.333,82.289,14.333
yaw200_pitch+085,200,85,216.608,82.421,16.608
yaw200_pitch+090,200,90,216.740,87.406,16.740
yaw205_pitch-090,205,-90,186.473,-82.579,18.527
yaw205_pitch-085,205,-85,186.451,-80.042,18.549
yaw205_pitch-080,205,-80,185.800,-76.830,19.200
yaw205_pitch-075,205,-75,181.399,-71.527,23.601
yaw205_pitch-070,205,-70,183.427,-65.841,21.573
yaw205_pitch-065,205,-65,183.155,-59.302,21.845
yaw205_pitch-060,205,-60,185.426,-57.860,19.574
yaw205_pitch-055,205,-55,184.011,-51.148,20.989
yaw205_pitch-050,205,-50,182.324,-48.766,22.676
yaw205_pitch-045,205,-45,183.189,-42.261,21.811
yaw205_pitch-040,205,-40,188.257,-36.715,16.743
yaw205_pitch-035,205,-35,194.345,-12.208,10.655
yaw205_pitch-030,205,-30,197.435,8.426,7.565
yaw205_pitch-025,205,-25,202.788,19.140,2.212
yaw205_pitch-020,205,-20,202.406,22.108,2.594
yaw205_pitch-015,205,-15,202.424,33.885,2.576
yaw205_pitch-010,205,-10,200.860,38.189,4.140
yaw205_pitch-005,205,-5,203.498,45.316,1.502
yaw205_pitch+000,205,0,206.721,48.305,1.721
yaw205_pitch+005,205,5,207.437,51.970,2.437
yaw205_pitch+010,205,10,210.043,51.219,5.043
yaw205_pitch+015,205,15,208.925,52.242,3.925
yaw205_pitch+020,205,20,209.039,54.030,4.039
yaw205_pitch+025,205,25,206.841,60.378,1.841
yaw205_pitch+030,205,30,206.904,63.637,1.904
yaw205_pitch+035,205,35,207.481,63.682,2.481
yaw205_pitch+040,205,40,212.072,63.087,7.072
yaw205_pitch+045,205,45,213.536,59.793,8.536
yaw205_pitch+050,205,50,217.550,59.788,12.550
yaw205_pitch+055,205,55,219.660,61.956,14.660
yaw205_pitch+060,205,60,219.810,64.544,14.810
yaw205_pitch+065,205,65,218.693,69.577,13.693
yaw205_pitch+070,205,70,218.642,73.284,13.642
yaw205_pitch+075,205,75,217.760,77.540,12.760
yaw205_pitch+080,205,80,218.593,82.317,13.593
yaw205_pitch+085,205,85,220.346,82.257,15.346
yaw205_pitch+090,205,90,224.250,85.368,19.250
yaw210_pitch-090,210,-90,200.738,-83.061,9.262
yaw210_pitch-085,210,-85,197.121,-79.819,12.879
yaw210_pitch-080,210,-80,195.281,-73.886,14.719
yaw210_pitch-075,210,-75,191.384,-70.698,18.616
yaw210_pitch-070,210,-70,190.112,-70.091,19.888
yaw210_pitch-065,210,-65,192.983,-69.821,17.017
yaw210_pitch-060,210,-60,194.436,-59.593,15.564
yaw210_pitch-055,210,-55,192.005,-51.244,17.995
yaw210_pitch-050,210,-50,193.458,-44.227,16.542
yaw210_pitch-045,210,-45,196.859,-43.504,13.141
yaw210_pitch-040,210,-40,199.458,-31.680,10.542
yaw210_pitch-035,210,-35,203.603,-7.173,6.397
yaw210_pitch-030,210,-30,207.212,7.455,2.788
yaw210_pitch-025,210,-25,208.357,22.148,1.643
yaw210_pitch-020,210,-20,208.831,24.556,1.169
yaw210_pitch-015,210,-15,208.762,30.689,1.238
yaw210_pitch-010,210,-10,206.939,36.091,3.061
yaw210_pitch-005,210,-5,208.718,46.468,1.282
yaw210_pitch+000,210,0,207.813,50.163,2.187
yaw210_pitch+005,210,5,210.405,52.353,0.405
yaw210_pitch+010,210,10,211.738,52.094,1.738
yaw210_pitch+015,210,15,212.197,54.359,2.197
yaw210_pitch+020,210,20,212.374,57.133,2.374
yaw210_pitch+025,210,25,210.760,63.311,0.760
yaw210_pitch+030,210,30,209.238,64.377,0.762
yaw210_pitch+035,210,35,208.760,65.063,1.240
yaw210_pitch+040,210,40,209.548,60.062,0.452
yaw210_pitch+045,210,45,214.993,60.086,4.993
yaw210_pitch+050,210,50,218.430,59.304,8.430
yaw210_pitch+055,210,55,220.245,61.308,10.245
yaw210_pitch+060,210,60,221.123,64.929,11.123
yaw210_pitch+065,210,65,220.872,70.053,10.872
yaw210_pitch+070,210,70,220.455,74.795,10.455
yaw210_pitch+075,210,75,219.870,78.396,9.870
yaw210_pitch+080,210,80,221.471,81.391,11.471
yaw210_pitch+085,210,85,225.001,83.243,15.001
yaw210_pitch+090,210,90,228.502,85.568,18.502
yaw215_pitch-090,215,-90,200.887,-86.780,14.113
yaw215_pitch-085,215,-85,203.682,-77.515,11.318
yaw215_pitch-080,215,-80,200.143,-73.668,14.857
yaw215_pitch-075,215,-75,200.199,-66.547,14.801
yaw215_pitch-070,215,-70,199.623,-68.384,15.377
yaw215_pitch-065,215,-65,196.792,-62.808,18.208
yaw215_pitch-060,215,-60,200.693,-57.971,14.307
yaw215_pitch-055,215,-55,201.358,-53.404,13.642
yaw215_pitch-050,215,-50,202.012,-46.385,12.988
yaw215_pitch-045,215,-45,203.946,-36.022,11.054
yaw215_pitch-040,215,-40,207.509,-37.600,7.491
yaw215_pitch-035,215,-35,209.233,-15.732,5.767
yaw215_pitch-030,215,-30,211.755,5.013,3.245
yaw215_pitch-025,215,-25,212.801,21.247,2.199
yaw215_pitch-020,215,-20,212.782,24.187,2.218
yaw215_pitch-015,215,-15,213.341,28.979,1.659
yaw215_pitch-010,215,-10,213.598,37.766,1.402
yaw215_pitch-005,215,-5,213.741,47.885,1.259
yaw215_pitch+000,215,0,214.963,53.059,0.037
yaw215_pitch+005,215,5,215.711,55.497,0.711
yaw215_pitch+010,215,10,215.265,54.764,0.265
yaw215_pitch+015,215,15,215.166,55.578,0.166
yaw215_pitch+020,215,20,215.562,60.134,0.562
yaw215_pitch+025,215,25,215.180,63.509,0.180
yaw215_pitch+030,215,30,214.589,65.211,0.411
yaw215_pitch+035,215,35,213.561,65.732,1.439
yaw215_pitch+040,215,40,214.023,62.838,0.977
yaw215_pitch+045,215,45,217.459,59.561,2.459
yaw215_pitch+050,215,50,218.896,58.972,3.896
yaw215_pitch+055,215,55,220.779,60.882,5.779
yaw215_pitch+060,215,60,221.763,64.270,6.763
yaw215_pitch+065,215,65,222.064,70.625,7.064
yaw215_pitch+070,215,70,220.561,75.599,5.561
yaw215_pitch+075,215,75,221.387,78.653,6.387
yaw215_pitch+080,215,80,225.557,81.875,10.557
yaw215_pitch+085,215,85,229.912,82.627,14.912
yaw215_pitch+090,215,90,233.016,85.031,18.016
yaw220_pitch-090,220,-90,207.625,-87.876,12.375
yaw220_pitch-085,220,-85,209.465,-80.700,10.535
yaw220_pitch-080,220,-80,207.540,-78.785,12.460
yaw220_pitch-075,220,-75,206.056,-71.097,13.944
yaw220_pitch-070,220,-70,206.124,-64.870,13.876
yaw220_pitch-065,220,-65,205.378,-76.246,14.622
yaw220_pitch-060,220,-60,206.879,-56.246,13.121
yaw220_pitch-055,220,-55,208.364,-53.065,11.636
yaw220_pitch-050,220,-50,210.281,-47.434,9.719
yaw220_pitch-045,220,-45,211.725,-41.133,8.275
yaw220_pitch-040,220,-40,214.013,-33.412,5.987
yaw220_pitch-035,220,-35,213.428,-23.726,6.572
yaw220_pitch-030,220,-30,215.198,-7.244,4.802
yaw220_pitch-025,220,-25,214.957,18.902,5.043
yaw220_pitch-020,220,-20,216.218,22.891,3.782
yaw220_pitch-015,220,-15,215.743,28.676,4.257
yaw220_pitch-010,220,-10,217.519,37.015,2.481
yaw220_pitch-005,220,-5,218.248,47.675,1.752
yaw220_pitch+000,220,0,218.502,52.758,1.498
yaw220_pitch+005,220,5,218.586,56.101,1.414
yaw220_pitch+010,220,10,218.679,55.978,1.321
yaw220_pitch+015,220,15,219.359,58.551,0.641
yaw220_pitch+020,220,20,219.710,60.418,0.290
yaw220_pitch+025,220,25,218.867,62.195,1.133
yaw220_pitch+030,220,30,218.605,63.530,1.395
yaw220_pitch+035,220,35,217.337,64.612,2.663
yaw220_pitch+040,220,40,218.125,61.896,1.875
yaw220_pitch+045,220,45,220.227,59.521,0.227
yaw220_pitch+050,220,50,222.041,59.245,2.041
yaw220_pitch+055,220,55,221.935,61.849,1.935
yaw220_pitch+060,220,60,222.052,65.630,2.052
yaw220_pitch+065,220,65,222.148,70.859,2.148
yaw220_pitch+070,220,70,223.050,74.897,3.050
yaw220_pitch+075,220,75,225.393,78.712,5.393
yaw220_pitch+080,220,80,230.043,83.354,10.043
yaw220_pitch+085,220,85,234.954,82.375,14.954
yaw220_pitch+090,220,90,234.632,85.951,14.632
yaw225_pitch-090,225,-90,216.936,-85.132,8.064
yaw225_pitch-085,225,-85,216.935,-81.371,8.065
yaw225_pitch-080,225,-80,213.595,-77.290,11.405
yaw225_pitch-075,225,-75,213.264,-74.017,11.736
yaw225_pitch-070,225,-70,211.410,-68.947,13.590
yaw225_pitch-065,225,-65,211.856,-60.914,13.144
yaw225_pitch-060,225,-60,212.601,-59.098,12.399
yaw225_pitch-055,225,-55,213.253,-50.973,11.747
yaw225_pitch-050,225,-50,214.979,-45.841,10.021
yaw225_pitch-045,225,-45,216.504,-35.424,8.496
yaw225_pitch-040,225,-40,216.914,-36.129,8.086
yaw225_pitch-035,225,-35,218.874,-20.928,6.126
yaw225_pitch-030,225,-30,219.068,-12.847,5.932
yaw225_pitch-025,225,-25,220.455,13.990,4.545
yaw225_pitch-020,225,-20,218.863,23.604,6.137
yaw225_pitch-015,225,-15,220.126,29.886,4.874
yaw225_pitch-010,225,-10,220.553,37.738,4.447
yaw225_pitch-005,225,-5,222.223,46.365,2.777
yaw225_pitch+000,225,0,222.893,52.964,2.107
yaw225_pitch+005,225,5,222.706,57.912,2.294
yaw225_pitch+010,225,10,221.601,58.134,3.399
yaw225_pitch+015,225,15,222.171,57.453,2.829
yaw225_pitch+020,225,20,222.998,60.314,2.002
yaw225_pitch+025,225,25,222.030,62.490,2.970
yaw225_pitch+030,225,30,221.981,62.623,3.019
yaw225_pitch+035,225,35,221.625,62.775,3.375
yaw225_pitch+040,225,40,221.386,60.354,3.614
yaw225_pitch+045,225,45,223.614,59.373,1.386
yaw225_pitch+050,225,50,223.737,60.376,1.263
yaw225_pitch+055,225,55,224.428,61.309,0.572
yaw225_pitch+060,225,60,224.986,65.877,0.014
yaw225_pitch+065,225,65,225.225,72.925,0.225
yaw225_pitch+070,225,70,227.190,75.395,2.190
yaw225_pitch+075,225,75,229.749,79.906,4.749
yaw225_pitch+080,225,80,234.191,81.538,9.191
yaw225_pitch+085,225,85,237.820,81.958,12.820
yaw225_pitch+090,225,90,242.040,87.302,17.040
yaw230_pitch-090,230,-90,223.164,-83.538,6.836
yaw230_pitch-085,230,-85,221.436,-84.273,8.564
yaw230_pitch-080,230,-80,220.951,-80.721,9.049
yaw230_pitch-075,230,-75,220.583,-72.152,9.417
yaw230_pitch-070,230,-70,219.295,-67.010,10.705
yaw230_pitch-065,230,-65,218.198,-58.398,11.802
yaw230_pitch-060,230,-60,217.951,-58.574,12.049
yaw230_pitch-055,230,-55,218.863,-54.128,11.137
yaw230_pitch-050,230,-50,219.023,-47.717,10.977
yaw230_pitch-045,230,-45,220.506,-38.594,9.494
yaw230_pitch-040,230,-40,220.014,-30.853,9.986
yaw230_pitch-035,230,-35,221.563,-18.071,8.437
yaw230_pitch-030,230,-30,222.269,-4.414,7.731
yaw230_pitch-025,230,-25,222.205,12.253,7.795
yaw230_pitch-020,230,-20,222.482,23.523,7.518
yaw230_pitch-015,230,-15,223.192,28.096,6.808
yaw230_pitch-010,230,-10,223.929,36.800,6.071
yaw230_pitch-005,230,-5,225.618,44.715,4.382
yaw230_pitch+000,230,0,225.974,51.292,4.026
yaw230_pitch+005,230,5,225.333,56.014,4.667
yaw230_pitch+010,230,10,225.350,57.022,4.650
yaw230_pitch+015,230,15,225.817,58.749,4.183
yaw230_pitch+020,230,20,226.561,60.264,3.439
yaw230_pitch+025,230,25,224.614,61.897,5.386
yaw230_pitch+030,230,30,224.577,61.485,5.423
yaw230_pitch+035,230,35,223.694,62.834,6.306
yaw230_pitch+040,230,40,225.835,61.351,4.165
yaw230_pitch+045,230,45,228.222,60.278,1.778
yaw230_pitch+050,230,50,227.420,60.408,2.580
yaw230_pitch+055,230,55,229.151,61.093,0.849
yaw230_pitch+060,230,60,228.423,65.290,1.577
yaw230_pitch+065,230,65,229.539,71.130,0.461
yaw230_pitch+070,230,70,232.360,74.278,2.360
yaw230_pitch+075,230,75,234.951,78.747,4.951
yaw230_pitch+080,230,80,239.890,80.971,9.890
yaw230_pitch+085,230,85,243.898,83.604,13.898
yaw230_pitch+090,230,90,247.622,87.613,17.622
yaw235_pitch-090,235,-90,230.942,-85.132,4.058
yaw235_pitch-085,235,-85,226.478,-81.816,8.522
yaw235_pitch-080,235,-80,226.446,-83.816,8.554
yaw235_pitch-075,235,-75,224.032,-77.075,10.968
yaw235_pitch-070,235,-70,223.803,-70.132,11.197
yaw235_pitch-065,235,-65,222.852,-64.910,12.148
yaw235_pitch-060,235,-60,222.262,-58.832,12.738
yaw235_pitch-055,235,-55,222.362,-53.407,12.638
yaw235_pitch-050,235,-50,223.250,-50.865,11.750
yaw235_pitch-045,235,-45,223.520,-43.307,11.480
yaw235_pitch-040,235,-40,224.569,-34.821,10.431
yaw235_pitch-035,235,-35,224.254,-14.954,10.746
yaw235_pitch-030,235,-30,224.456,-12.839,10.544
yaw235_pitch-025,235,-25,224.706,12.237,10.294
yaw235_pitch-020,235,-20,225.032,21.797,9.968
yaw235_pitch-015,235,-15,225.726,29.217,9.274
yaw235_pitch-010,235,-10,226.637,36.030,8.363
yaw235_pitch-005,235,-5,227.837,44.790,7.163
yaw235_pitch+000,235,0,229.862,50.020,5.138
yaw235_pitch+005,235,5,230.365,54.041,4.635
yaw235_pitch+010,235,10,230.022,55.275,4.978
yaw235_pitch+015,235,15,230.786,58.148,4.214
yaw235_pitch+020,235,20,230.805,60.772,4.195
yaw235_pitch+025,235,25,228.543,61.810,6.457
yaw235_pitch+030,235,30,227.908,62.154,7.092
yaw235_pitch+035,235,35,226.924,62.062,8.076
yaw235_pitch+040,235,40,228.006,59.917,6.994
yaw235_pitch+045,235,45,229.530,60.050,5.470
yaw235_pitch+050,235,50,231.199,60.768,3.801
yaw235_pitch+055,235,55,232.222,61.876,2.778
yaw235_pitch+060,235,60,231.599,63.912,3.401
yaw235_pitch+065,235,65,234.958,69.968,0.042
yaw235_pitch+070,235,70,238.418,72.224,3.418
yaw235_pitch+075,235,75,241.807,77.398,6.807
yaw235_pitch+080,235,80,242.192,80.906,7.192
yaw235_pitch+085,235,85,247.473,85.605,12.473
yaw235_pitch+090,235,90,243.864,83.789,8.864
yaw240_pitch-090,240,-90,232.039,-85.712,7.961
yaw240_pitch-085,240,-85,228.918,-85.438,11.082
yaw240_pitch-080,240,-80,228.278,-82.381,11.722
yaw240_pitch-075,240,-75,226.298,-76.044,13.702
yaw240_pitch-070,240,-70,225.452,-74.295,14.548
yaw240_pitch-065,240,-65,224.680,-67.972,15.320
yaw240_pitch-060,240,-60,225.474,-62.905,14.526
yaw240_pitch-055,240,-55,224.883,-55.880,15.117
yaw240_pitch-050,240,-50,226.098,-53.031,13.902
yaw240_pitch-045,240,-45,225.881,-46.373,14.119
yaw240_pitch-040,240,-40,226.363,-41.135,13.637
yaw240_pitch-035,240,-35,226.185,-21.602,13.815
yaw240_pitch-030,240,-30,226.037,-8.780,13.963
yaw240_pitch-025,240,-25,226.618,11.524,13.382
yaw240_pitch-020,240,-20,227.691,20.744,12.309
yaw240_pitch-015,240,-15,228.729,27.097,11.271
yaw240_pitch-010,240,-10,228.621,35.401,11.379
yaw240_pitch-005,240,-5,230.441,41.324,9.559
yaw240_pitch+000,240,0,233.407,48.122,6.593
yaw240_pitch+005,240,5,234.469,53.085,5.531
yaw240_pitch+010,240,10,236.653,54.853,3.347
yaw240_pitch+015,240,15,238.146,57.080,1.854
yaw240_pitch+020,240,20,237.703,59.337,2.297
yaw240_pitch+025,240,25,233.804,60.743,6.196
yaw240_pitch+030,240,30,233.025,60.918,6.975
yaw240_pitch+035,240,35,233.458,60.856,6.542
yaw240_pitch+040,240,40,235.398,60.156,4.602
yaw240_pitch+045,240,45,234.329,59.006,5.671
yaw240_pitch+050,240,50,234.174,59.797,5.826
yaw240_pitch+055,240,55,235.884,60.069,4.116
yaw240_pitch+060,240,60,234.153,64.750,5.847
yaw240_pitch+065,240,65,238.447,71.271,1.553
yaw240_pitch+070,240,70,244.254,73.904,4.254
yaw240_pitch+075,240,75,252.263,78.272,12.263
yaw240_pitch+080,240,80,252.331,80.661,12.331
yaw240_pitch+085,240,85,257.809,86.657,17.809
yaw240_pitch+090,240,90,250.082,85.265,10.082
yaw245_pitch-090,245,-90,237.202,-84.513,7.798
yaw245_pitch-085,245,-85,232.152,-84.867,12.848
yaw245_pitch-080,245,-80,230.763,-81.810,14.237
yaw245_pitch-075,245,-75,229.128,-76.622,15.872
yaw245_pitch-070,245,-70,228.019,-73.415,16.981
yaw245_pitch-065,245,-65,226.873,-71.175,18.127
yaw245_pitch-060,245,-60,226.290,-59.444,18.710
yaw245_pitch-055,245,-55,227.085,-56.355,17.915
yaw245_pitch-050,245,-50,227.468,-52.975,17.532
yaw245_pitch-045,245,-45,228.318,-47.841,16.682
yaw245_pitch-040,245,-40,228.355,-41.943,16.645
yaw245_pitch-035,245,-35,228.855,-27.604,16.145
yaw245_pitch-030,245,-30,228.393,-6.560,16.607
yaw245_pitch-025,245,-25,228.969,10.656,16.031
yaw245_pitch-020,245,-20,230.262,18.359,14.738
yaw245_pitch-015,245,-15,231.233,26.064,13.767
yaw245_pitch-010,245,-10,232.363,34.254,12.637
yaw245_pitch-005,245,-5,234.452,40.900,10.548
yaw245_pitch+000,245,0,238.949,47.845,6.051
yaw245_pitch+005,245,5,239.085,51.767,5.915
yaw245_pitch+010,245,10,240.390,52.570,4.610
yaw245_pitch+015,245,15,244.500,56.225,0.500
yaw245_pitch+020,245,20,245.146,57.639,0.146
yaw245_pitch+025,245,25,240.986,59.227,4.014
yaw245_pitch+030,245,30,241.277,59.221,3.723
yaw245_pitch+035,245,35,243.290,59.499,1.710
yaw245_pitch+040,245,40,244.009,58.890,0.991
yaw245_pitch+045,245,45,241.243,59.158,3.757
yaw245_pitch+050,245,50,240.372,58.943,4.628
yaw245_pitch+055,245,55,239.409,60.788,5.591
yaw245_pitch+060,245,60,240.029,66.297,4.971
yaw245_pitch+065,245,65,242.985,72.207,2.015
yaw245_pitch+070,245,70,251.531,76.101,6.531
yaw245_pitch+075,245,75,258.201,79.209,13.201
yaw245_pitch+080,245,80,260.886,81.492,15.886
yaw245_pitch+085,245,85,266.147,84.629,21.147
yaw245_pitch+090,245,90,266.102,90.000,21.102
yaw250_pitch-090,250,-90,240.827,-83.214,9.173
yaw250_pitch-085,250,-85,233.860,-83.397,16.140
yaw250_pitch-080,250,-80,234.052,-82.598,15.948
yaw250_pitch-075,250,-75,230.057,-78.616,19.943
yaw250_pitch-070,250,-70,228.658,-72.519,21.342
yaw250_pitch-065,250,-65,229.849,-70.404,20.151
yaw250_pitch-060,250,-60,228.961,-64.701,21.039
yaw250_pitch-055,250,-55,229.463,-57.551,20.537
yaw250_pitch-050,250,-50,229.402,-51.693,20.598
yaw250_pitch-045,250,-45,229.697,-46.034,20.303
yaw250_pitch-040,250,-40,229.989,-43.495,20.011
yaw250_pitch-035,250,-35,230.469,-31.618,19.531
yaw250_pitch-030,250,-30,230.800,-17.100,19.200
yaw250_pitch-025,250,-25,232.481,10.481,17.519
yaw250_pitch-020,250,-20,232.852,19.634,17.148
yaw250_pitch-015,250,-15,236.230,27.477,13.770
yaw250_pitch-010,250,-10,236.867,34.725,13.133
yaw250_pitch-005,250,-5,238.252,40.208,11.748
yaw250_pitch+000,250,0,243.467,47.169,6.533
yaw250_pitch+005,250,5,241.435,49.870,8.565
yaw250_pitch+010,250,10,243.234,52.409,6.766
yaw250_pitch+015,250,15,244.094,54.657,5.906
yaw250_pitch+020,250,20,247.161,56.170,2.839
yaw250_pitch+025,250,25,245.072,58.526,4.928
yaw250_pitch+030,250,30,245.784,59.137,4.216
yaw250_pitch+035,250,35,247.450,58.467,2.550
yaw250_pitch+040,250,40,249.560,58.071,0.440
yaw250_pitch+045,250,45,249.352,58.384,0.648
yaw250_pitch+050,250,50,246.496,58.099,3.504
yaw250_pitch+055,250,55,244.805,60.098,5.195
yaw250_pitch+060,250,60,243.084,63.947,6.916
yaw250_pitch+065,250,65,248.059,67.936,1.941
yaw250_pitch+070,250,70,256.787,73.063,6.787
yaw250_pitch+075,250,75,261.446,76.985,11.446
yaw250_pitch+080,250,80,263.224,80.528,13.224
yaw250_pitch+085,250,85,264.369,85.621,14.369
yaw250_pitch+090,250,90,265.132,89.276,15.132
yaw255_pitch-090,255,-90,243.908,-84.753,11.092
yaw255_pitch-085,255,-85,238.080,-83.087,16.920
yaw255_pitch-080,255,-80,234.865,-82.540,20.135
yaw255_pitch-075,255,-75,231.774,-77.788,23.226
yaw255_pitch-070,255,-70,231.649,-72.887,23.351
yaw255_pitch-065,255,-65,232.210,-67.113,22.790
yaw255_pitch-060,255,-60,232.776,-65.320,22.224
yaw255_pitch-055,255,-55,231.672,-57.464,23.328
yaw255_pitch-050,255,-50,230.288,-53.282,24.712
yaw255_pitch-045,255,-45,231.632,-48.967,23.368
yaw255_pitch-040,255,-40,232.927,-45.767,22.073
yaw255_pitch-035,255,-35,233.280,-33.627,21.720
yaw255_pitch-030,255,-30,233.821,-20.223,21.179
yaw255_pitch-025,255,-25,234.660,8.779,20.340
yaw255_pitch-020,255,-20,236.993,19.285,18.007
yaw255_pitch-015,255,-15,240.300,27.760,14.700
yaw255_pitch-010,255,-10,239.856,35.939,15.144
yaw255_pitch-005,255,-5,241.872,40.253,13.128
yaw255_pitch+000,255,0,246.292,44.963,8.708
yaw255_pitch+005,255,5,243.505,47.856,11.495
yaw255_pitch+010,255,10,245.567,53.012,9.433
yaw255_pitch+015,255,15,246.546,54.316,8.454
yaw255_pitch+020,255,20,246.231,54.867,8.769
yaw255_pitch+025,255,25,245.799,56.213,9.201
yaw255_pitch+030,255,30,247.805,57.814,7.195
yaw255_pitch+035,255,35,250.770,58.162,4.230
yaw255_pitch+040,255,40,252.018,58.008,2.982
yaw255_pitch+045,255,45,252.514,57.636,2.486
yaw255_pitch+050,255,50,250.523,57.732,4.477
yaw255_pitch+055,255,55,249.506,58.912,5.494
yaw255_pitch+060,255,60,250.175,62.141,4.825
yaw255_pitch+065,255,65,257.363,64.011,2.363
yaw255_pitch+070,255,70,263.359,70.986,8.359
yaw255_pitch+075,255,75,267.671,75.778,12.671
yaw255_pitch+080,255,80,270.715,80.424,15.715
yaw255_pitch+085,255,85,267.879,81.840,12.879
yaw255_pitch+090,255,90,271.289,89.553,16.289
yaw260_pitch-090,260,-90,242.482,-81.036,17.518
yaw260_pitch-085,260,-85,238.571,-85.733,21.429
yaw260_pitch-080,260,-80,238.427,-80.780,21.573
yaw260_pitch-075,260,-75,235.800,-78.560,24.200
yaw260_pitch-070,260,-70,234.378,-73.631,25.622
yaw260_pitch-065,260,-65,234.958,-69.194,25.042
yaw260_pitch-060,260,-60,234.512,-62.088,25.488
yaw260_pitch-055,260,-55,236.477,-60.536,23.523
yaw260_pitch-050,260,-50,235.009,-52.115,24.991
yaw260_pitch-045,260,-45,235.167,-47.879,24.833
yaw260_pitch-040,260,-40,237.102,-44.127,22.898
yaw260_pitch-035,260,-35,238.444,-33.496,21.556
yaw260_pitch-030,260,-30,236.481,-15.842,23.519
yaw260_pitch-025,260,-25,238.304,9.767,21.696
yaw260_pitch-020,260,-20,241.108,21.060,18.892
yaw260_pitch-015,260,-15,243.482,29.279,16.518
yaw260_pitch-010,260,-10,244.648,36.315,15.352
yaw260_pitch-005,260,-5,247.722,42.031,12.278
yaw260_pitch+000,260,0,251.928,45.276,8.072
yaw260_pitch+005,260,5,248.601,46.797,11.399
yaw260_pitch+010,260,10,249.115,50.640,10.885
yaw260_pitch+015,260,15,249.111,53.556,10.889
yaw260_pitch+020,260,20,249.952,54.698,10.048
yaw260_pitch+025,260,25,247.120,55.092,12.880
yaw260_pitch+030,260,30,248.391,56.723,11.609
yaw260_pitch+035,260,35,251.086,57.663,8.914
yaw260_pitch+040,260,40,255.503,57.093,4.497
yaw260_pitch+045,260,45,255.395,57.706,4.605
yaw260_pitch+050,260,50,256.536,58.160,3.464
yaw260_pitch+055,260,55,258.516,59.162,1.484
yaw260_pitch+060,260,60,258.675,60.686,1.325
yaw260_pitch+065,260,65,264.847,62.205,4.847
yaw260_pitch+070,260,70,268.570,69.691,8.570
yaw260_pitch+075,260,75,273.733,74.393,13.733
yaw260_pitch+080,260,80,273.362,78.482,13.362
yaw260_pitch+085,260,85,273.336,82.333,13.336
yaw260_pitch+090,260,90,280.100,86.835,20.100
yaw265_pitch-090,265,-90,245.049,-80.124,19.951
yaw265_pitch-085,265,-85,244.989,-84.298,20.011
yaw265_pitch-080,265,-80,243.390,-79.629,21.610
yaw265_pitch-075,265,-75,242.780,-77.952,22.220
yaw265_pitch-070,265,-70,240.064,-69.865,24.936
yaw265_pitch-065,265,-65,241.312,-67.587,23.688
yaw265_pitch-060,265,-60,240.487,-64.203,24.513
yaw265_pitch-055,265,-55,241.737,-61.643,23.263
yaw265_pitch-050,265,-50,242.126,-53.402,22.874
yaw265_pitch-045,265,-45,241.076,-51.025,23.924
yaw265_pitch-040,265,-40,241.712,-46.033,23.288
yaw265_pitch-035,265,-35,240.838,-33.519,24.162
yaw265_pitch-030,265,-30,242.544,-16.711,22.456
yaw265_pitch-025,265,-25,244.788,8.431,20.212
yaw265_pitch-020,265,-20,245.290,22.629,19.710
yaw265_pitch-015,265,-15,247.611,29.761,17.389
yaw265_pitch-010,265,-10,245.811,36.581,19.189
yaw265_pitch-005,265,-5,253.446,40.302,11.554
yaw265_pitch+000,265,0,254.603,44.688,10.397
yaw265_pitch+005,265,5,254.290,47.310,10.710
yaw265_pitch+010,265,10,252.811,48.656,12.189
yaw265_pitch+015,265,15,253.382,54.163,11.618
yaw265_pitch+020,265,20,251.147,53.668,13.853
yaw265_pitch+025,265,25,249.229,55.228,15.771
yaw265_pitch+030,265,30,249.737,55.737,15.263
yaw265_pitch+035,265,35,251.864,56.890,13.136
yaw265_pitch+040,265,40,257.115,57.194,7.885
yaw265_pitch+045,265,45,259.947,57.143,5.053
yaw265_pitch+050,265,50,262.400,58.073,2.600
yaw265_pitch+055,265,55,266.383,58.237,1.383
yaw265_pitch+060,265,60,268.335,60.811,3.335
yaw265_pitch+065,265,65,272.270,61.761,7.270
yaw265_pitch+070,265,70,272.460,67.505,7.460
yaw265_pitch+075,265,75,279.830,74.712,14.830
yaw265_pitch+080,265,80,281.932,79.151,16.932
yaw265_pitch+085,265,85,284.380,83.114,19.380
yaw265_pitch+090,265,90,283.016,86.504,18.016
yaw270_pitch-090,270,-90,260.755,-79.756,9.245
yaw270_pitch-085,270,-85,254.131,-83.296,15.869
yaw270_pitch-080,270,-80,253.622,-84.087,16.378
yaw270_pitch-075,270,-75,250.085,-77.922,19.915
yaw270_pitch-070,270,-70,247.178,-74.353,22.822
yaw270_pitch-065,270,-65,247.307,-68.483,22.693
yaw270_pitch-060,270,-60,247.007,-64.234,22.993
yaw270_pitch-055,270,-55,249.149,-56.613,20.851
yaw270_pitch-050,270,-50,247.025,-50.705,22.975
yaw270_pitch-045,270,-45,243.453,-41.445,26.547
yaw270_pitch-040,270,-40,242.807,-37.827,27.193
yaw270_pitch-035,270,-35,241.751,-32.357,28.249
yaw270_pitch-030,270,-30,246.552,-15.195,23.448
yaw270_pitch-025,270,-25,252.568,11.254,17.432
yaw270_pitch-020,270,-20,252.931,17.262,17.069
yaw270_pitch-015,270,-15,254.916,25.327,15.084
yaw270_pitch-010,270,-10,257.350,33.940,12.650
yaw270_pitch-005,270,-5,260.562,39.854,9.438
yaw270_pitch+000,270,0,256.658,44.410,13.342
yaw270_pitch+005,270,5,255.900,46.206,14.100
yaw270_pitch+010,270,10,255.008,48.720,14.992
yaw270_pitch+015,270,15,257.205,52.967,12.795
yaw270_pitch+020,270,20,256.777,53.173,13.223
yaw270_pitch+025,270,25,251.707,55.084,18.293
yaw270_pitch+030,270,30,253.126,56.394,16.874
yaw270_pitch+035,270,35,255.883,57.951,14.117
yaw270_pitch+040,270,40,258.413,56.299,11.587
yaw270_pitch+045,270,45,263.979,56.609,6.021
yaw270_pitch+050,270,50,266.960,56.968,3.040
yaw270_pitch+055,270,55,270.048,56.527,0.048
yaw270_pitch+060,270,60,272.340,58.731,2.340
yaw270_pitch+065,270,65,274.880,60.402,4.880
yaw270_pitch+070,270,70,279.601,68.753,9.601
yaw270_pitch+075,270,75,285.909,76.398,15.909
yaw270_pitch+080,270,80,286.110,80.598,16.110
yaw270_pitch+085,270,85,286.021,82.863,16.021
yaw270_pitch+090,270,90,288.793,86.408,18.793
yaw275_pitch-090,275,-90,273.424,-81.168,1.576
yaw275_pitch-085,275,-85,265.672,-88.408,9.328
yaw275_pitch-080,275,-80,267.117,-88.064,7.883
yaw275_pitch-075,275,-75,260.634,-76.977,14.366
yaw275_pitch-070,275,-70,255.295,-70.703,19.705
yaw275_pitch-065,275,-65,252.613,-68.530,22.387
yaw275_pitch-060,275,-60,256.163,-60.192,18.837
yaw275_pitch-055,275,-55,253.124,-56.341,21.876
yaw275_pitch-050,275,-50,254.143,-51.085,20.857
yaw275_pitch-045,275,-45,247.440,-44.121,27.560
yaw275_pitch-040,275,-40,248.430,-39.075,26.570
yaw275_pitch-035,275,-35,256.168,-39.736,18.832
yaw275_pitch-030,275,-30,252.364,-9.314,22.636
yaw275_pitch-025,275,-25,253.803,12.830,21.197
yaw275_pitch-020,275,-20,260.358,15.519,14.642
yaw275_pitch-015,275,-15,264.073,20.680,10.927
yaw275_pitch-010,275,-10,265.339,30.509,9.661
yaw275_pitch-005,275,-5,270.039,37.230,4.961
yaw275_pitch+000,275,0,269.652,42.964,5.348
yaw275_pitch+005,275,5,266.636,47.134,8.364
yaw275_pitch+010,275,10,264.079,49.699,10.921
yaw275_pitch+015,275,15,265.723,53.264,9.277
yaw275_pitch+020,275,20,262.172,54.194,12.828
yaw275_pitch+025,275,25,259.285,55.505,15.715
yaw275_pitch+030,275,30,261.618,56.201,13.382
yaw275_pitch+035,275,35,264.240,56.814,10.760
yaw275_pitch+040,275,40,269.002,56.301,5.998
yaw275_pitch+045,275,45,270.841,55.603,4.159
yaw275_pitch+050,275,50,271.935,56.367,3.065
yaw275_pitch+055,275,55,275.019,56.489,0.019
yaw275_pitch+060,275,60,278.371,58.117,3.371
yaw275_pitch+065,275,65,282.160,62.052,7.160
yaw275_pitch+070,275,70,287.255,71.413,12.255
yaw275_pitch+075,275,75,291.578,78.554,16.578
yaw275_pitch+080,275,80,292.740,83.478,17.740
yaw275_pitch+085,275,85,290.813,82.678,15.813
yaw275_pitch+090,275,90,297.977,86.124,22.977
yaw280_pitch-090,280,-90,283.563,-80.861,3.563
yaw280_pitch-085,280,-85,277.003,-87.911,2.997
yaw280_pitch-080,280,-80,273.737,-90.000,6.263
yaw280_pitch-075,280,-75,266.116,-82.365,13.884
yaw280_pitch-070,280,-70,265.176,-71.976,14.824
yaw280_pitch-065,280,-65,260.912,-66.301,19.088
yaw280_pitch-060,280,-60,262.517,-59.093,17.483
yaw280_pitch-055,280,-55,262.334,-54.185,17.666
yaw280_pitch-050,280,-50,258.950,-51.584,21.050
yaw280_pitch-045,280,-45,249.653,-41.735,30.347
yaw280_pitch-040,280,-40,248.400,-34.535,31.600
yaw280_pitch-035,280,-35,254.937,-26.994,25.063
yaw280_pitch-030,280,-30,258.444,-5.779,21.556
yaw280_pitch-025,280,-25,261.805,10.658,18.195
yaw280_pitch-020,280,-20,263.573,13.973,16.427
yaw280_pitch-015,280,-15,269.030,22.249,10.970
yaw280_pitch-010,280,-10,267.657,28.185,12.343
yaw280_pitch-005,280,-5,271.800,32.961,8.200
yaw280_pitch+000,280,0,277.223,42.998,2.777
yaw280_pitch+005,280,5,273.689,46.391,6.311
yaw280_pitch+010,280,10,272.036,49.648,7.964
yaw280_pitch+015,280,15,271.370,53.679,8.630
yaw280_pitch+020,280,20,268.509,54.448,11.491
yaw280_pitch+025,280,25,270.220,54.360,9.780
yaw280_pitch+030,280,30,267.953,54.767,12.047
yaw280_pitch+035,280,35,267.327,55.224,12.673
yaw280_pitch+040,280,40,271.114,55.521,8.886
yaw280_pitch+045,280,45,273.512,54.292,6.488
yaw280_pitch+050,280,50,274.619,55.242,5.381
yaw280_pitch+055,280,55,276.096,55.327,3.904
yaw280_pitch+060,280,60,279.100,58.007,0.900
yaw280_pitch+065,280,65,285.701,63.431,5.701
yaw280_pitch+070,280,70,291.329,70.910,11.329
yaw280_pitch+075,280,75,296.519,79.811,16.519
yaw280_pitch+080,280,80,299.534,84.941,19.534
yaw280_pitch+085,280,85,299.690,85.607,19.690
yaw280_pitch+090,280,90,301.920,86.540,21.920
yaw285_pitch-090,285,-90,286.905,-83.447,1.905
yaw285_pitch-085,285,-85,275.204,-87.814,9.796
yaw285_pitch-080,285,-80,278.352,-87.026,6.648
yaw285_pitch-075,285,-75,275.488,-77.561,9.512
yaw285_pitch-070,285,-70,269.588,-76.066,15.412
yaw285_pitch-065,285,-65,267.692,-63.887,17.308
yaw285_pitch-060,285,-60,268.765,-62.114,16.235
yaw285_pitch-055,285,-55,263.575,-50.147,21.425
yaw285_pitch-050,285,-50,265.071,-43.849,19.929
yaw285_pitch-045,285,-45,253.741,-37.868,31.259
yaw285_pitch-040,285,-40,257.889,-30.379,27.111
yaw285_pitch-035,285,-35,259.013,-20.888,25.987
yaw285_pitch-030,285,-30,266.966,-6.977,18.034
yaw285_pitch-025,285,-25,269.159,11.249,15.841
yaw285_pitch-020,285,-20,271.701,15.689,13.299
yaw285_pitch-015,285,-15,274.417,18.153,10.583
yaw285_pitch-010,285,-10,273.926,23.884,11.074
yaw285_pitch-005,285,-5,273.564,28.754,11.436
yaw285_pitch+000,285,0,273.645,38.405,11.355
yaw285_pitch+005,285,5,274.067,45.566,10.933
yaw285_pitch+010,285,10,271.007,47.956,13.993
yaw285_pitch+015,285,15,276.022,53.544,8.978
yaw285_pitch+020,285,20,274.836,54.378,10.164
yaw285_pitch+025,285,25,273.410,52.235,11.590
yaw285_pitch+030,285,30,272.504,54.009,12.496
yaw285_pitch+035,285,35,272.241,52.326,12.759
yaw285_pitch+040,285,40,273.664,52.072,11.336
yaw285_pitch+045,285,45,274.823,52.992,10.177
yaw285_pitch+050,285,50,274.786,53.863,10.214
yaw285_pitch+055,285,55,276.303,55.431,8.697
yaw285_pitch+060,285,60,278.998,58.033,6.002
yaw285_pitch+065,285,65,286.832,64.358,1.832
yaw285_pitch+070,285,70,294.881,72.722,9.881
yaw285_pitch+075,285,75,300.849,80.450,15.849
yaw285_pitch+080,285,80,301.794,85.639,16.794
yaw285_pitch+085,285,85,300.300,85.290,15.300
yaw285_pitch+090,285,90,303.343,81.521,18.343
yaw290_pitch-090,290,-90,280.892,-80.983,9.108
yaw290_pitch-085,290,-85,281.103,-83.722,8.897
yaw290_pitch-080,290,-80,279.582,-85.982,10.418
yaw290_pitch-075,290,-75,276.804,-79.134,13.196
yaw290_pitch-070,290,-70,276.308,-68.463,13.692
yaw290_pitch-065,290,-65,277.827,-66.956,12.173
yaw290_pitch-060,290,-60,273.636,-53.775,16.364
yaw290_pitch-055,290,-55,267.083,-48.211,22.917
yaw290_pitch-050,290,-50,268.726,-35.074,21.274
yaw290_pitch-045,290,-45,256.476,-21.306,33.524
yaw290_pitch-040,290,-40,256.612,-9.117,33.388
yaw290_pitch-035,290,-35,260.490,-7.492,29.510
yaw290_pitch-030,290,-30,269.690,-3.488,20.310
yaw290_pitch-025,290,-25,273.454,10.489,16.546
yaw290_pitch-020,290,-20,273.986,15.023,16.014
yaw290_pitch-015,290,-15,275.272,17.544,14.728
yaw290_pitch-010,290,-10,275.365,18.131,14.635
yaw290_pitch-005,290,-5,276.674,24.310,13.326
yaw290_pitch+000,290,0,275.551,34.763,14.449
yaw290_pitch+005,290,5,275.297,44.117,14.703
yaw290_pitch+010,290,10,277.535,49.038,12.465
yaw290_pitch+015,290,15,278.438,53.853,11.562
yaw290_pitch+020,290,20,280.073,53.279,9.927
yaw290_pitch+025,290,25,276.694,52.579,13.306
yaw290_pitch+030,290,30,277.116,54.339,12.884
yaw290_pitch+035,290,35,278.186,53.326,11.814
yaw290_pitch+040,290,40,274.845,52.496,15.155
yaw290_pitch+045,290,45,271.599,52.582,18.401
yaw290_pitch+050,290,50,270.731,54.485,19.269
yaw290_pitch+055,290,55,275.789,57.518,14.211
yaw290_pitch+060,290,60,279.028,59.934,10.972
yaw290_pitch+065,290,65,288.686,65.878,1.314
yaw290_pitch+070,290,70,297.430,72.833,7.430
yaw290_pitch+075,290,75,300.394,79.235,10.394
yaw290_pitch+080,290,80,303.054,84.460,13.054
yaw290_pitch+085,290,85,302.763,82.729,12.763
yaw290_pitch+090,290,90,303.035,81.333,13.035
yaw295_pitch-090,295,-90,288.155,-80.533,6.845
yaw295_pitch-085,295,-85,283.239,-82.839,11.761
yaw295_pitch-080,295,-80,284.147,-82.564,10.853
yaw295_pitch-075,295,-75,279.847,-80.600,15.153
yaw295_pitch-070,295,-70,277.775,-73.122,17.225
yaw295_pitch-065,295,-65,279.488,-63.548,15.512
yaw295_pitch-060,295,-60,278.697,-55.869,16.303
yaw295_pitch-055,295,-55,276.433,-42.798,18.567
yaw295_pitch-050,295,-50,272.767,-35.210,22.233
yaw295_pitch-045,295,-45,266.786,-20.384,28.214
yaw295_pitch-040,295,-40,266.095,-11.291,28.905
yaw295_pitch-035,295,-35,268.852,1.706,26.148
yaw295_pitch-030,295,-30,275.683,5.847,19.317
yaw295_pitch-025,295,-25,286.889,13.335,8.111
yaw295_pitch-020,295,-20,285.351,15.746,9.649
yaw295_pitch-015,295,-15,286.404,15.935,8.596
yaw295_pitch-010,295,-10,283.240,20.862,11.760
yaw295_pitch-005,295,-5,281.072,21.791,13.928
yaw295_pitch+000,295,0,278.158,33.082,16.842
yaw295_pitch+005,295,5,280.965,44.115,14.035
yaw295_pitch+010,295,10,280.504,48.131,14.496
yaw295_pitch+015,295,15,281.664,53.306,13.336
yaw295_pitch+020,295,20,282.837,52.894,12.163
yaw295_pitch+025,295,25,280.211,53.024,14.789
yaw295_pitch+030,295,30,282.971,54.643,12.029
yaw295_pitch+035,295,35,285.515,54.399,9.485
yaw295_pitch+040,295,40,283.594,52.337,11.406
yaw295_pitch+045,295,45,279.245,54.496,15.755
yaw295_pitch+050,295,50,278.527,56.251,16.473
yaw295_pitch+055,295,55,276.407,58.019,18.593
yaw295_pitch+060,295,60,279.190,60.446,15.810
yaw295_pitch+065,295,65,286.186,63.457,8.814
yaw295_pitch+070,295,70,294.649,70.259,0.351
yaw295_pitch+075,295,75,299.434,76.831,4.434
yaw295_pitch+080,295,80,304.805,81.850,9.805
yaw295_pitch+085,295,85,305.545,80.788,10.545
yaw295_pitch+090,295,90,308.281,82.399,13.281
yaw300_pitch-090,300,-90,284.920,-79.711,15.080
yaw300_pitch-085,300,-85,284.596,-78.916,15.404
yaw300_pitch-080,300,-80,286.523,-82.695,13.477
yaw300_pitch-075,300,-75,283.891,-75.262,16.109
yaw300_pitch-070,300,-70,281.974,-70.122,18.026
yaw300_pitch-065,300,-65,284.145,-65.232,15.855
yaw300_pitch-060,300,-60,287.031,-49.766,12.969
yaw300_pitch-055,300,-55,283.815,-43.129,16.185
yaw300_pitch-050,300,-50,281.145,-28.464,18.855
yaw300_pitch-045,300,-45,279.333,-18.514,20.667
yaw300_pitch-040,300,-40,280.509,-3.452,19.491
yaw300_pitch-035,300,-35,288.200,-8.385,11.800
yaw300_pitch-030,300,-30,298.340,-0.634,1.660
yaw300_pitch-025,300,-25,302.925,11.743,2.925
yaw300_pitch-020,300,-20,303.973,20.014,3.973
yaw300_pitch-015,300,-15,300.420,20.991,0.420
yaw300_pitch-010,300,-10,300.226,17.522,0.226
yaw300_pitch-005,300,-5,295.048,19.017,4.952
yaw300_pitch+000,300,0,294.179,32.761,5.821
yaw300_pitch+005,300,5,286.539,43.804,13.461
yaw300_pitch+010,300,10,282.793,47.903,17.207
yaw300_pitch+015,300,15,285.141,50.962,14.859
yaw300_pitch+020,300,20,287.399,51.531,12.601
yaw300_pitch+025,300,25,284.643,53.221,15.357
yaw300_pitch+030,300,30,285.511,53.603,14.489
yaw300_pitch+035,300,35,293.068,55.765,6.932
yaw300_pitch+040,300,40,290.114,55.415,9.886
yaw300_pitch+045,300,45,289.286,56.016,10.714
yaw300_pitch+050,300,50,292.742,58.859,7.258
yaw300_pitch+055,300,55,287.824,59.872,12.176
yaw300_pitch+060,300,60,289.413,62.315,10.587
yaw300_pitch+065,300,65,296.995,65.666,3.005
yaw300_pitch+070,300,70,301.617,69.748,1.617
yaw300_pitch+075,300,75,309.570,81.710,9.570
yaw300_pitch+080,300,80,310.227,85.164,10.227
yaw300_pitch+085,300,85,312.258,83.637,12.258
yaw300_pitch+090,300,90,315.730,80.753,15.730
yaw305_pitch-090,305,-90,289.057,-80.220,15.943
yaw305_pitch-085,305,-85,289.669,-82.136,15.331
yaw305_pitch-080,305,-80,289.695,-78.633,15.305
yaw305_pitch-075,305,-75,289.677,-78.685,15.323
yaw305_pitch-070,305,-70,285.346,-74.106,19.654
yaw305_pitch-065,305,-65,285.738,-62.798,19.262
yaw305_pitch-060,305,-60,291.784,-52.655,13.216
yaw305_pitch-055,305,-55,290.818,-39.972,14.182
yaw305_pitch-050,305,-50,290.819,-33.389,14.181
yaw305_pitch-045,305,-45,289.290,-18.417,15.710
yaw305_pitch-040,305,-40,292.526,-8.333,12.474
yaw305_pitch-035,305,-35,300.783,-5.728,4.217
yaw305_pitch-030,305,-30,303.845,8.164,1.155
yaw305_pitch-025,305,-25,311.054,14.129,6.054
yaw305_pitch-020,305,-20,310.075,21.871,5.075
yaw305_pitch-015,305,-15,307.363,19.239,2.363
yaw305_pitch-010,305,-10,307.891,19.696,2.891
yaw305_pitch-005,305,-5,308.633,20.588,3.633
yaw305_pitch+000,305,0,299.694,30.990,5.306
yaw305_pitch+005,305,5,291.321,42.051,13.679
yaw305_pitch+010,305,10,287.671,45.857,17.329
yaw305_pitch+015,305,15,290.759,50.137,14.241
yaw305_pitch+020,305,20,290.370,49.853,14.630
yaw305_pitch+025,305,25,287.986,51.665,17.014
yaw305_pitch+030,305,30,293.085,53.215,11.915
yaw305_pitch+035,305,35,295.681,56.907,9.319
yaw305_pitch+040,305,40,299.910,57.538,5.090
yaw305_pitch+045,305,45,297.186,55.378,7.814
yaw305_pitch+050,305,50,298.916,59.917,6.084
yaw305_pitch+055,305,55,295.792,61.705,9.208
yaw305_pitch+060,305,60,307.711,65.426,2.711
yaw305_pitch+065,305,65,309.675,67.445,4.675
yaw305_pitch+070,305,70,320.698,69.319,15.698
yaw305_pitch+075,305,75,322.365,68.646,17.365
yaw305_pitch+080,305,80,328.549,88.154,23.549
yaw305_pitch+085,305,85,318.013,89.769,13.013
yaw305_pitch+090,305,90,317.782,84.206,12.782
yaw310_pitch-090,310,-90,294.921,-80.636,15.079
yaw310_pitch-085,310,-85,291.900,-85.538,18.100
yaw310_pitch-080,310,-80,293.118,-82.848,16.882
yaw310_pitch-075,310,-75,292.814,-80.641,17.186
yaw310_pitch-070,310,-70,289.689,-73.368,20.311
yaw310_pitch-065,310,-65,287.447,-68.695,22.553
yaw310_pitch-060,310,-60,289.754,-55.451,20.246
yaw310_pitch-055,310,-55,293.265,-39.953,16.735
yaw310_pitch-050,310,-50,295.481,-28.838,14.519
yaw310_pitch-045,310,-45,294.131,-21.055,15.869
yaw310_pitch-040,310,-40,300.178,-11.554,9.822
yaw310_pitch-035,310,-35,299.984,-8.731,10.016
yaw310_pitch-030,310,-30,309.401,7.850,0.599
yaw310_pitch-025,310,-25,312.191,20.548,2.191
yaw310_pitch-020,310,-20,313.088,18.686,3.088
yaw310_pitch-015,310,-15,309.099,18.091,0.901
yaw310_pitch-010,310,-10,308.204,19.149,1.796
yaw310_pitch-005,310,-5,312.313,23.689,2.313
yaw310_pitch+000,310,0,309.932,31.785,0.068
yaw310_pitch+005,310,5,301.234,41.081,8.766
yaw310_pitch+010,310,10,301.801,43.525,8.199
yaw310_pitch+015,310,15,300.307,44.660,9.693
yaw310_pitch+020,310,20,299.845,47.901,10.155
yaw310_pitch+025,310,25,297.856,52.655,12.144
yaw310_pitch+030,310,30,298.456,53.804,11.544
yaw310_pitch+035,310,35,301.897,54.906,8.103
yaw310_pitch+040,310,40,305.763,57.369,4.237
yaw310_pitch+045,310,45,305.060,56.970,4.940
yaw310_pitch+050,310,50,305.687,59.618,4.313
yaw310_pitch+055,310,55,304.990,63.189,5.010
yaw310_pitch+060,310,60,312.227,65.305,2.227
yaw310_pitch+065,310,65,319.756,69.888,9.756
yaw310_pitch+070,310,70,321.737,59.624,11.737
yaw310_pitch+075,310,75,315.001,50.046,5.001
yaw310_pitch+080,310,80,315.244,65.853,5.244
yaw310_pitch+085,310,85,329.874,90.000,19.874
yaw310_pitch+090,310,90,318.348,86.333,8.348
yaw315_pitch-090,315,-90,300.290,-86.963,14.710
yaw315_pitch-085,315,-85,296.343,-87.090,18.657
yaw315_pitch-080,315,-80,296.909,-88.635,18.091
yaw315_pitch-075,315,-75,297.903,-82.628,17.097
yaw315_pitch-070,315,-70,293.435,-80.158,21.565
yaw315_pitch-065,315,-65,291.281,-65.238,23.719
yaw315_pitch-060,315,-60,290.160,-55.491,24.840
yaw315_pitch-055,315,-55,293.736,-46.292,21.264
yaw315_pitch-050,315,-50,296.275,-26.068,18.725
yaw315_pitch-045,315,-45,296.806,-18.181,18.194
yaw315_pitch-040,315,-40,297.955,-9.731,17.045
yaw315_pitch-035,315,-35,304.542,-5.981,10.458
yaw315_pitch-030,315,-30,307.841,9.431,7.159
yaw315_pitch-025,315,-25,312.640,20.727,2.360
yaw315_pitch-020,315,-20,316.786,17.568,1.786
yaw315_pitch-015,315,-15,313.839,20.284,1.161
yaw315_pitch-010,315,-10,313.015,22.636,1.985
yaw315_pitch-005,315,-5,309.178,25.995,5.822
yaw315_pitch+000,315,0,305.465,33.347,9.535
yaw315_pitch+005,315,5,305.595,39.785,9.405
yaw315_pitch+010,315,10,306.600,40.055,8.400
yaw315_pitch+015,315,15,308.524,43.551,6.476
yaw315_pitch+020,315,20,309.644,44.172,5.356
yaw315_pitch+025,315,25,297.917,49.805,17.083
yaw315_pitch+030,315,30,298.913,53.815,16.087
yaw315_pitch+035,315,35,304.512,54.268,10.488
yaw315_pitch+040,315,40,311.637,55.889,3.363
yaw315_pitch+045,315,45,310.524,58.701,4.476
yaw315_pitch+050,315,50,307.454,58.730,7.546
yaw315_pitch+055,315,55,310.669,62.491,4.331
yaw315_pitch+060,315,60,314.828,65.840,0.172
yaw315_pitch+065,315,65,320.041,70.769,5.041
yaw315_pitch+070,315,70,324.329,63.603,9.329
yaw315_pitch+075,315,75,315.005,49.745,0.005
yaw315_pitch+080,315,80,315.039,61.796,0.039
yaw315_pitch+085,315,85,329.004,88.774,14.004
yaw315_pitch+090,315,90,321.706,85.167,6.706
yaw320_pitch-090,320,-90,304.913,-85.515,15.087
yaw320_pitch-085,320,-85,301.197,-90.000,18.803
yaw320_pitch-080,320,-80,299.053,-84.840,20.947
yaw320_pitch-075,320,-75,297.260,-77.911,22.740
yaw320_pitch-070,320,-70,296.090,-81.781,23.910
yaw320_pitch-065,320,-65,291.191,-64.803,28.809
yaw320_pitch-060,320,-60,291.305,-57.097,28.695
yaw320_pitch-055,320,-55,293.988,-44.503,26.012
yaw320_pitch-050,320,-50,295.302,-31.201,24.698
yaw320_pitch-045,320,-45,298.458,-21.009,21.542
yaw320_pitch-040,320,-40,300.249,-19.632,19.751
yaw320_pitch-035,320,-35,304.265,-12.221,15.735
yaw320_pitch-030,320,-30,309.436,10.055,10.564
yaw320_pitch-025,320,-25,319.321,9.457,0.679
yaw320_pitch-020,320,-20,325.968,23.556,5.968
yaw320_pitch-015,320,-15,337.379,42.783,17.379
yaw320_pitch-010,320,-10,331.338,46.509,11.338
yaw320_pitch-005,320,-5,312.742,33.909,7.258
yaw320_pitch+000,320,0,307.708,35.373,12.292
yaw320_pitch+005,320,5,307.496,36.754,12.504
yaw320_pitch+010,320,10,308.399,37.965,11.601
yaw320_pitch+015,320,15,309.834,41.232,10.166
yaw320_pitch+020,320,20,310.761,42.668,9.239
yaw320_pitch+025,320,25,305.847,47.242,14.153
yaw320_pitch+030,320,30,304.516,50.576,15.484
yaw320_pitch+035,320,35,305.551,52.981,14.449
yaw320_pitch+040,320,40,313.679,58.394,6.321
yaw320_pitch+045,320,45,316.594,59.005,3.406
yaw320_pitch+050,320,50,317.806,61.420,2.194
yaw320_pitch+055,320,55,317.731,65.089,2.269
yaw320_pitch+060,320,60,321.095,68.134,1.095
yaw320_pitch+065,320,65,325.652,71.345,5.652
yaw320_pitch+070,320,70,330.678,70.861,10.678
yaw320_pitch+075,320,75,330.130,72.188,10.130
yaw320_pitch+080,320,80,333.964,80.164,13.964
yaw320_pitch+085,320,85,327.843,86.520,7.843
yaw320_pitch+090,320,90,325.396,81.923,5.396
yaw325_pitch-090,325,-90,309.739,-83.909,15.261
yaw325_pitch-085,325,-85,304.730,-85.251,20.270
yaw325_pitch-080,325,-80,301.274,-74.751,23.726
yaw325_pitch-075,325,-75,298.153,-81.707,26.847
yaw325_pitch-070,325,-70,302.582,-74.638,22.418
yaw325_pitch-065,325,-65,298.478,-68.402,26.522
yaw325_pitch-060,325,-60,296.410,-63.676,28.590
yaw325_pitch-055,325,-55,297.362,-49.615,27.638
yaw325_pitch-050,325,-50,296.983,-34.273,28.017
yaw325_pitch-045,325,-45,293.157,-30.777,31.843
yaw325_pitch-040,325,-40,300.197,-23.682,24.803
yaw325_pitch-035,325,-35,301.661,-16.242,23.339
yaw325_pitch-030,325,-30,312.349,-6.957,12.651
yaw325_pitch-025,325,-25,319.751,8.729,5.249
yaw325_pitch-020,325,-20,352.058,36.723,27.058
yaw325_pitch-015,325,-15,315.011,32.615,9.989
yaw325_pitch-010,325,-10,315.034,38.509,9.966
yaw325_pitch-005,325,-5,326.212,51.192,1.212
yaw325_pitch+000,325,0,308.853,35.641,16.147
yaw325_pitch+005,325,5,313.677,37.763,11.323
yaw325_pitch+010,325,10,316.127,36.329,8.873
yaw325_pitch+015,325,15,316.252,37.748,8.748
yaw325_pitch+020,325,20,315.901,39.544,9.099
yaw325_pitch+025,325,25,314.623,46.850,10.377
yaw325_pitch+030,325,30,305.523,50.298,19.477
yaw325_pitch+035,325,35,312.636,52.018,12.364
yaw325_pitch+040,325,40,318.329,57.224,6.671
yaw325_pitch+045,325,45,320.140,59.513,4.860
yaw325_pitch+050,325,50,321.035,60.135,3.965
yaw325_pitch+055,325,55,322.102,64.393,2.898
yaw325_pitch+060,325,60,326.308,68.185,1.308
yaw325_pitch+065,325,65,329.499,72.638,4.499
yaw325_pitch+070,325,70,333.800,74.076,8.800
yaw325_pitch+075,325,75,328.930,80.206,3.930
yaw325_pitch+080,325,80,329.220,82.796,4.220
yaw325_pitch+085,325,85,332.173,86.403,7.173
yaw325_pitch+090,325,90,342.260,88.829,17.260
yaw330_pitch-090,330,-90,314.603,-81.072,15.397
yaw330_pitch-085,330,-85,310.910,-82.023,19.090
yaw330_pitch-080,330,-80,309.778,-72.928,20.222
yaw330_pitch-075,330,-75,307.057,-84.878,22.943
yaw330_pitch-070,330,-70,307.676,-69.913,22.324
yaw330_pitch-065,330,-65,303.951,-69.693,26.049
yaw330_pitch-060,330,-60,300.779,-60.625,29.221
yaw330_pitch-055,330,-55,299.485,-57.552,30.515
yaw330_pitch-050,330,-50,298.477,-47.060,31.523
yaw330_pitch-045,330,-45,294.829,-39.481,35.171
yaw330_pitch-040,330,-40,299.911,-31.042,30.089
yaw330_pitch-035,330,-35,303.756,-15.588,26.244
yaw330_pitch-030,330,-30,310.657,-8.521,19.343
yaw330_pitch-025,330,-25,322.469,6.643,7.531
yaw330_pitch-020,330,-20,348.405,37.441,18.405
yaw330_pitch-015,330,-15,315.006,27.544,14.994
yaw330_pitch-010,330,-10,315.005,31.981,14.995
yaw330_pitch-005,330,-5,329.465,49.290,0.535
yaw330_pitch+000,330,0,315.836,32.836,14.164
yaw330_pitch+005,330,5,319.452,36.659,10.548
yaw330_pitch+010,330,10,316.514,36.484,13.486
yaw330_pitch+015,330,15,318.704,37.504,11.296
yaw330_pitch+020,330,20,320.480,37.834,9.520
yaw330_pitch+025,330,25,312.968,41.996,17.032
yaw330_pitch+030,330,30,311.377,44.437,18.623
yaw330_pitch+035,330,35,315.056,48.404,14.944
yaw330_pitch+040,330,40,320.934,56.248,9.066
yaw330_pitch+045,330,45,325.157,57.009,4.843
yaw330_pitch+050,330,50,324.043,62.036,5.957
yaw330_pitch+055,330,55,325.286,65.064,4.714
yaw330_pitch+060,330,60,331.334,68.456,1.334
yaw330_pitch+065,330,65,337.163,72.615,7.163
yaw330_pitch+070,330,70,340.527,77.092,10.527
yaw330_pitch+075,330,75,341.822,81.115,11.822
yaw330_pitch+080,330,80,340.501,82.459,10.501
yaw330_pitch+085,330,85,343.744,87.946,13.744
yaw330_pitch+090,330,90,347.642,89.997,17.642
yaw335_pitch-090,335,-90,321.561,-79.666,13.439
yaw335_pitch-085,335,-85,316.505,-78.107,18.495
yaw335_pitch-080,335,-80,316.151,-73.161,18.849
yaw335_pitch-075,335,-75,311.646,-84.290,23.354
yaw335_pitch-070,335,-70,313.437,-68.309,21.563
yaw335_pitch-065,335,-65,308.238,-67.652,26.762
yaw335_pitch-060,335,-60,306.135,-66.639,28.865
yaw335_pitch-055,335,-55,306.710,-55.958,28.290
yaw335_pitch-050,335,-50,299.878,-48.027,35.122
yaw335_pitch-045,335,-45,298.951,-40.916,36.049
yaw335_pitch-040,335,-40,299.040,-30.739,35.960
yaw335_pitch-035,335,-35,302.287,-21.094,32.713
yaw335_pitch-030,335,-30,312.588,-9.218,22.412
yaw335_pitch-025,335,-25,321.207,3.581,13.793
yaw335_pitch-020,335,-20,333.290,22.358,1.710
yaw335_pitch-015,335,-15,338.112,42.301,3.112
yaw335_pitch-010,335,-10,337.451,47.466,2.451
yaw335_pitch-005,335,-5,326.476,32.841,8.524
yaw335_pitch+000,335,0,321.717,30.356,13.283
yaw335_pitch+005,335,5,319.756,33.181,15.244
yaw335_pitch+010,335,10,319.071,34.263,15.929
yaw335_pitch+015,335,15,316.998,34.303,18.002
yaw335_pitch+020,335,20,316.941,34.836,18.059
yaw335_pitch+025,335,25,313.277,39.347,21.723
yaw335_pitch+030,335,30,313.076,44.409,21.924
yaw335_pitch+035,335,35,317.478,47.636,17.522
yaw335_pitch+040,335,40,323.726,54.096,11.274
yaw335_pitch+045,335,45,327.132,57.864,7.868
yaw335_pitch+050,335,50,327.206,60.428,7.794
yaw335_pitch+055,335,55,328.990,65.264,6.010
yaw335_pitch+060,335,60,332.531,69.079,2.469
yaw335_pitch+065,335,65,340.204,73.087,5.204
yaw335_pitch+070,335,70,344.501,77.817,9.501
yaw335_pitch+075,335,75,347.255,82.585,12.255
yaw335_pitch+080,335,80,350.394,84.127,15.394
yaw335_pitch+085,335,85,351.745,89.877,16.745
yaw335_pitch+090,335,90,353.453,89.001,18.453
yaw340_pitch-090,340,-90,323.121,-79.404,16.879
yaw340_pitch-085,340,-85,318.563,-79.619,21.437
yaw340_pitch-080,340,-80,319.526,-76.393,20.474
yaw340_pitch-075,340,-75,315.030,-74.096,24.970
yaw340_pitch-070,340,-70,319.365,-71.978,20.635
yaw340_pitch-065,340,-65,316.252,-69.873,23.748
yaw340_pitch-060,340,-60,310.437,-62.246,29.563
yaw340_pitch-055,340,-55,310.811,-57.970,29.189
yaw340_pitch-050,340,-50,310.603,-48.320,29.397
yaw340_pitch-045,340,-45,304.393,-37.863,35.607
yaw340_pitch-040,340,-40,303.496,-38.884,36.504
yaw340_pitch-035,340,-35,309.260,-17.938,30.740
yaw340_pitch-030,340,-30,314.203,-16.990,25.797
yaw340_pitch-025,340,-25,321.542,6.195,18.458
yaw340_pitch-020,340,-20,329.233,10.274,10.767
yaw340_pitch-015,340,-15,321.381,19.545,18.619
yaw340_pitch-010,340,-10,322.909,21.824,17.091
yaw340_pitch-005,340,-5,324.701,23.897,15.299
yaw340_pitch+000,340,0,323.377,26.034,16.623
yaw340_pitch+005,340,5,326.099,30.359,13.901
yaw340_pitch+010,340,10,319.446,33.517,20.554
yaw340_pitch+015,340,15,318.924,29.830,21.076
yaw340_pitch+020,340,20,320.472,31.924,19.528
yaw340_pitch+025,340,25,316.570,36.809,23.430
yaw340_pitch+030,340,30,314.696,42.944,25.304
yaw340_pitch+035,340,35,320.908,47.140,19.092
yaw340_pitch+040,340,40,323.275,52.101,16.725
yaw340_pitch+045,340,45,327.625,54.668,12.375
yaw340_pitch+050,340,50,332.106,58.653,7.894
yaw340_pitch+055,340,55,333.298,65.549,6.702
yaw340_pitch+060,340,60,336.215,68.224,3.785
yaw340_pitch+065,340,65,345.066,74.106,5.066
yaw340_pitch+070,340,70,348.383,78.399,8.383
yaw340_pitch+075,340,75,351.123,81.878,11.123
yaw340_pitch+080,340,80,352.162,85.308,12.162
yaw340_pitch+085,340,85,355.970,90.000,15.970
yaw340_pitch+090,340,90,359.839,90.000,19.839
yaw345_pitch-090,345,-90,325.789,-81.966,19.211
yaw345_pitch-085,345,-85,324.296,-79.012,20.704
yaw345_pitch-080,345,-80,324.865,-73.764,20.135
yaw345_pitch-075,345,-75,322.902,-75.717,22.098
yaw345_pitch-070,345,-70,320.050,-61.728,24.950
yaw345_pitch-065,345,-65,321.299,-71.767,23.701
yaw345_pitch-060,345,-60,318.166,-63.469,26.834
yaw345_pitch-055,345,-55,312.047,-63.720,32.953
yaw345_pitch-050,345,-50,311.143,-54.687,33.857
yaw345_pitch-045,345,-45,312.355,-45.827,32.645
yaw345_pitch-040,345,-40,306.501,-32.088,38.499
yaw345_pitch-035,345,-35,312.436,-24.977,32.564
yaw345_pitch-030,345,-30,315.324,-9.782,29.676
yaw345_pitch-025,345,-25,322.919,2.265,22.081
yaw345_pitch-020,345,-20,327.926,13.784,17.074
yaw345_pitch-015,345,-15,327.274,19.141,17.726
yaw345_pitch-010,345,-10,327.303,19.243,17.697
yaw345_pitch-005,345,-5,332.249,21.685,12.751
yaw345_pitch+000,345,0,335.080,23.978,9.920
yaw345_pitch+005,345,5,325.775,29.946,19.225
yaw345_pitch+010,345,10,321.696,29.391,23.304
yaw345_pitch+015,345,15,320.404,28.777,24.596
yaw345_pitch+020,345,20,325.279,32.639,19.721
yaw345_pitch+025,345,25,319.975,33.440,25.025
yaw345_pitch+030,345,30,310.917,41.662,34.083
yaw345_pitch+035,345,35,316.048,47.686,28.952
yaw345_pitch+040,345,40,324.215,53.073,20.785
yaw345_pitch+045,345,45,335.739,58.427,9.261
yaw345_pitch+050,345,50,332.864,60.896,12.136
yaw345_pitch+055,345,55,335.756,62.289,9.244
yaw345_pitch+060,345,60,342.630,68.446,2.370
yaw345_pitch+065,345,65,351.508,70.947,6.508
yaw345_pitch+070,345,70,356.303,76.580,11.303
yaw345_pitch+075,345,75,359.133,80.710,14.133
yaw345_pitch+080,345,80,355.257,83.303,10.257
yaw345_pitch+085,345,85,356.858,88.415,11.858
yaw345_pitch+090,345,90,354.971,90.000,9.971
yaw350_pitch-090,350,-90,329.804,-81.515,20.196
yaw350_pitch-085,350,-85,327.716,-82.167,22.284
yaw350_pitch-080,350,-80,328.913,-79.261,21.087
yaw350_pitch-075,350,-75,328.076,-76.906,21.924
yaw350_pitch-070,350,-70,328.305,-76.669,21.695
yaw350_pitch-065,350,-65,325.053,-74.656,24.947
yaw350_pitch-060,350,-60,320.752,-71.927,29.248
yaw350_pitch-055,350,-55,320.634,-63.843,29.366
yaw350_pitch-050,350,-50,318.973,-51.234,31.027
yaw350_pitch-045,350,-45,315.165,-46.350,34.835
yaw350_pitch-040,350,-40,311.050,-31.992,38.950
yaw350_pitch-035,350,-35,313.888,-21.046,36.112
yaw350_pitch-030,350,-30,320.020,-16.601,29.980
yaw350_pitch-025,350,-25,325.329,0.654,24.671
yaw350_pitch-020,350,-20,336.359,7.465,13.641
yaw350_pitch-015,350,-15,337.077,15.582,12.923
yaw350_pitch-010,350,-10,331.773,19.111,18.227
yaw350_pitch-005,350,-5,339.208,20.424,10.792
yaw350_pitch+000,350,0,336.772,25.305,13.228
yaw350_pitch+005,350,5,331.484,27.129,18.516
yaw350_pitch+010,350,10,324.915,27.108,25.085
yaw350_pitch+015,350,15,320.391,26.249,29.609
yaw350_pitch+020,350,20,328.363,29.295,21.637
yaw350_pitch+025,350,25,320.145,33.505,29.855
yaw350_pitch+030,350,30,317.150,39.356,32.850
yaw350_pitch+035,350,35,318.559,46.713,31.441
yaw350_pitch+040,350,40,328.956,51.722,21.044
yaw350_pitch+045,350,45,338.623,55.900,11.377
yaw350_pitch+050,350,50,339.877,59.612,10.123
yaw350_pitch+055,350,55,341.468,62.985,8.532
yaw350_pitch+060,350,60,348.578,68.504,1.422
yaw350_pitch+065,350,65,355.585,72.689,5.585
yaw350_pitch+070,350,70,2.137,75.604,12.137
yaw350_pitch+075,350,75,0.410,79.658,10.410
yaw350_pitch+080,350,80,358.356,83.903,8.356
yaw350_pitch+085,350,85,356.823,88.111,6.823
yaw350_pitch+090,350,90,353.137,90.000,3.137
yaw355_pitch-090,355,-90,342.992,-90.000,12.008
yaw355_pitch-085,355,-85,338.459,-84.642,16.541
yaw355_pitch-080,355,-80,335.478,-79.265,19.522
yaw355_pitch-075,355,-75,334.907,-84.463,20.093
yaw355_pitch-070,355,-70,332.611,-72.313,22.389
yaw355_pitch-065,355,-65,329.214,-68.663,25.786
yaw355_pitch-060,355,-60,326.858,-73.812,28.142
yaw355_pitch-055,355,-55,324.965,-66.194,30.035
yaw355_pitch-050,355,-50,322.872,-52.263,32.128
yaw355_pitch-045,355,-45,318.710,-43.153,36.290
yaw355_pitch-040,355,-40,310.971,-28.069,44.029
yaw355_pitch-035,355,-35,314.020,-21.108,40.980
yaw355_pitch-030,355,-30,316.686,-20.881,38.314
yaw355_pitch-025,355,-25,322.595,2.462,32.405
yaw355_pitch-020,355,-20,331.245,12.044,23.755
yaw355_pitch-015,355,-15,345.322,14.470,9.678
yaw355_pitch-010,355,-10,342.653,15.599,12.347
yaw355_pitch-005,355,-5,343.793,19.794,11.207
yaw355_pitch+000,355,0,341.634,20.906,13.366
yaw355_pitch+005,355,5,337.865,25.761,17.135
yaw355_pitch+010,355,10,331.174,24.836,23.826
yaw355_pitch+015,355,15,330.617,26.912,24.383
yaw355_pitch+020,355,20,330.812,31.381,24.188
yaw355_pitch+025,355,25,328.717,30.632,26.283
yaw355_pitch+030,355,30,321.455,38.200,33.545
yaw355_pitch+035,355,35,322.873,48.702,32.127
yaw355_pitch+040,355,40,331.538,53.237,23.462
yaw355_pitch+045,355,45,336.328,56.989,18.672
yaw355_pitch+050,355,50,342.334,61.095,12.666
yaw355_pitch+055,355,55,341.817,63.858,13.183
yaw355_pitch+060,355,60,351.202,65.941,3.798
yaw355_pitch+065,355,65,3.198,71.967,8.198
yaw355_pitch+070,355,70,5.156,76.181,10.156
yaw355_pitch+075,355,75,4.417,78.437,9.417
yaw355_pitch+080,355,80,7.106,85.196,12.106
yaw355_pitch+085,355,85,6.090,90.000,11.090
yaw355_pitch+090,355,90,1.141,90.000,6.141
