record_id,yaw_true,pitch_true,yaw_pred,pitch_pred,yaw_err
yaw000_pitch-090,0,-90,31.312,-88.175,31.312
yaw000_pitch-085,0,-85,30.571,-84.519,30.571
yaw000_pitch-080,0,-80,29.622,-81.801,29.622
yaw000_pitch-075,0,-75,28.562,-74.165,28.562
yaw000_pitch-070,0,-70,27.762,-65.284,27.762
yaw000_pitch-065,0,-65,26.824,-54.037,26.824
yaw000_pitch-060,0,-60,24.542,-45.998,24.542
yaw000_pitch-055,0,-55,24.697,-40.651,24.697
yaw000_pitch-050,0,-50,22.871,-38.729,22.871
yaw000_pitch-045,0,-45,23.570,-40.322,23.570
yaw000_pitch-040,0,-40,22.358,-43.193,22.358
yaw000_pitch-035,0,-35,21.512,-45.314,21.512
yaw000_pitch-030,0,-30,20.246,-41.409,20.246
yaw000_pitch-025,0,-25,17.968,-39.592,17.968
yaw000_pitch-020,0,-20,19.682,-39.653,19.682
yaw000_pitch-015,0,-15,16.711,-34.682,16.711
yaw000_pitch-010,0,-10,18.339,-27.245,18.339
yaw000_pitch-005,0,-5,13.964,-23.775,13.964
yaw000_pitch+000,0,0,10.407,-22.482,10.407
yaw000_pitch+005,0,5,7.079,-14.570,7.079
yaw000_pitch+010,0,10,3.769,-8.174,3.769
yaw000_pitch+015,0,15,3.607,-4.324,3.607
yaw000_pitch+020,0,20,11.234,-0.438,11.234
yaw000_pitch+025,0,25,8.822,2.717,8.822
yaw000_pitch+030,0,30,9.356,9.760,9.356
yaw000_pitch+035,0,35,8.706,14.125,8.706
yaw000_pitch+040,0,40,15.352,19.353,15.352
yaw000_pitch+045,0,45,17.371,25.890,17.371
yaw000_pitch+050,0,50,15.866,33.143,15.866
yaw000_pitch+055,0,55,8.874,40.195,8.874
yaw000_pitch+060,0,60,359.031,44.699,0.969
yaw000_pitch+065,0,65,342.002,39.680,17.998
yaw000_pitch+070,0,70,329.738,43.944,30.262
yaw000_pitch+075,0,75,321.104,57.840,38.896
yaw000_pitch+080,0,80,319.943,71.500,40.057
yaw000_pitch+085,0,85,321.491,77.910,38.509
yaw000_pitch+090,0,90,323.525,85.351,36.475
yaw005_pitch-090,5,-90,36.656,-87.421,31.656
yaw005_pitch-085,5,-85,34.261,-83.727,29.261
yaw005_pitch-080,5,-80,31.768,-82.608,26.768
yaw005_pitch-075,5,-75,31.025,-73.115,26.025
yaw005_pitch-070,5,-70,30.358,-63.210,25.358
yaw005_pitch-065,5,-65,29.052,-54.735,24.052
yaw005_pitch-060,5,-60,27.871,-41.582,22.871
yaw005_pitch-055,5,-55,26.356,-40.237,21.356
yaw005_pitch-050,5,-50,26.979,-39.334,21.979
yaw005_pitch-045,5,-45,25.425,-39.348,20.425
yaw005_pitch-040,5,-40,25.640,-40.451,20.640
yaw005_pitch-035,5,-35,24.437,-44.969,19.437
yaw005_pitch-030,5,-30,23.133,-46.141,18.133
yaw005_pitch-025,5,-25,22.714,-43.600,17.714
yaw005_pitch-020,5,-20,20.838,-38.897,15.838
yaw005_pitch-015,5,-15,20.324,-33.755,15.324
yaw005_pitch-010,5,-10,20.004,-27.950,15.004
yaw005_pitch-005,5,-5,18.215,-27.913,13.215
yaw005_pitch+000,5,0,13.197,-23.277,8.197
yaw005_pitch+005,5,5,13.180,-16.675,8.180
yaw005_pitch+010,5,10,12.259,-6.433,7.259
yaw005_pitch+015,5,15,8.455,-3.622,3.455
yaw005_pitch+020,5,20,14.173,1.763,9.173
yaw005_pitch+025,5,25,15.505,4.119,10.505
yaw005_pitch+030,5,30,19.625,11.630,14.625
yaw005_pitch+035,5,35,21.039,15.927,16.039
yaw005_pitch+040,5,40,22.179,22.098,17.179
yaw005_pitch+045,5,45,21.184,26.717,16.184
yaw005_pitch+050,5,50,17.387,32.701,12.387
yaw005_pitch+055,5,55,15.300,41.142,10.300
yaw005_pitch+060,5,60,6.057,45.069,1.057
yaw005_pitch+065,5,65,347.742,41.961,17.258
yaw005_pitch+070,5,70,338.176,46.196,26.824
yaw005_pitch+075,5,75,329.830,61.099,35.170
yaw005_pitch+080,5,80,327.277,72.877,37.723
yaw005_pitch+085,5,85,328.409,81.036,36.591
yaw005_pitch+090,5,90,327.647,83.538,37.353
yaw010_pitch-090,10,-90,39.374,-90.000,29.374
yaw010_pitch-085,10,-85,38.067,-85.706,28.067
yaw010_pitch-080,10,-80,36.089,-80.975,26.089
yaw010_pitch-075,10,-75,34.129,-75.575,24.129
yaw010_pitch-070,10,-70,33.391,-58.945,23.391
yaw010_pitch-065,10,-65,31.740,-52.673,21.740
yaw010_pitch-060,10,-60,29.829,-45.373,19.829
yaw010_pitch-055,10,-55,29.616,-42.284,19.616
yaw010_pitch-050,10,-50,30.806,-39.419,20.806
yaw010_pitch-045,10,-45,31.341,-39.584,21.341
yaw010_pitch-040,10,-40,29.722,-42.243,19.722
yaw010_pitch-035,10,-35,27.999,-44.870,17.999
yaw010_pitch-030,10,-30,26.907,-46.186,16.907
yaw010_pitch-025,10,-25,25.437,-46.116,15.437
yaw010_pitch-020,10,-20,24.289,-42.959,14.289
yaw010_pitch-015,10,-15,21.171,-37.330,11.171
yaw010_pitch-010,10,-10,20.834,-33.258,10.834
yaw010_pitch-005,10,-5,19.609,-29.888,9.609
yaw010_pitch+000,10,0,16.799,-24.126,6.799
yaw010_pitch+005,10,5,17.299,-19.545,7.299
yaw010_pitch+010,10,10,14.667,-6.055,4.667
yaw010_pitch+015,10,15,17.077,-0.997,7.077
yaw010_pitch+020,10,20,18.984,3.308,8.984
yaw010_pitch+025,10,25,25.436,6.551,15.436
yaw010_pitch+030,10,30,25.766,12.935,15.766
yaw010_pitch+035,10,35,25.244,16.488,15.244
yaw010_pitch+040,10,40,27.054,22.539,17.054
yaw010_pitch+045,10,45,25.265,27.000,15.265
yaw010_pitch+050,10,50,23.364,33.160,13.364
yaw010_pitch+055,10,55,17.145,40.289,7.145
yaw010_pitch+060,10,60,9.256,45.446,0.744
yaw010_pitch+065,10,65,1.606,50.611,8.394
yaw010_pitch+070,10,70,348.134,55.301,21.866
yaw010_pitch+075,10,75,340.200,65.022,29.800
yaw010_pitch+080,10,80,340.740,74.600,29.260
yaw010_pitch+085,10,85,338.724,81.226,31.276
yaw010_pitch+090,10,90,336.947,86.100,33.053
yaw015_pitch-090,15,-90,44.887,-89.786,29.887
yaw015_pitch-085,15,-85,43.092,-86.643,28.092
yaw015_pitch-080,15,-80,40.495,-79.902,25.495
yaw015_pitch-075,15,-75,38.477,-73.490,23.477
yaw015_pitch-070,15,-70,36.717,-63.450,21.717
yaw015_pitch-065,15,-65,36.854,-53.906,21.854
yaw015_pitch-060,15,-60,35.371,-50.287,20.371
yaw015_pitch-055,15,-55,35.053,-43.420,20.053
yaw015_pitch-050,15,-50,35.108,-41.526,20.108
yaw015_pitch-045,15,-45,35.059,-42.858,20.059
yaw015_pitch-040,15,-40,33.016,-46.287,18.016
yaw015_pitch-035,15,-35,32.207,-47.867,17.207
yaw015_pitch-030,15,-30,30.478,-47.409,15.478
yaw015_pitch-025,15,-25,28.155,-49.309,13.155
yaw015_pitch-020,15,-20,26.712,-44.905,11.712
yaw015_pitch-015,15,-15,24.197,-39.622,9.197
yaw015_pitch-010,15,-10,22.432,-33.403,7.432
yaw015_pitch-005,15,-5,21.544,-31.143,6.544
yaw015_pitch+000,15,0,18.151,-25.741,3.151
yaw015_pitch+005,15,5,19.883,-17.749,4.883
yaw015_pitch+010,15,10,20.239,-7.154,5.239
yaw015_pitch+015,15,15,22.960,-0.048,7.960
yaw015_pitch+020,15,20,25.480,4.828,10.480
yaw015_pitch+025,15,25,28.914,8.049,13.914
yaw015_pitch+030,15,30,29.212,14.359,14.212
yaw015_pitch+035,15,35,29.637,17.958,14.637
yaw015_pitch+040,15,40,30.356,23.065,15.356
yaw015_pitch+045,15,45,29.663,27.265,14.663
yaw015_pitch+050,15,50,26.636,31.454,11.636
yaw015_pitch+055,15,55,21.945,39.010,6.945
yaw015_pitch+060,15,60,16.537,43.697,1.537
yaw015_pitch+065,15,65,8.205,52.598,6.795
yaw015_pitch+070,15,70,0.440,58.630,14.560
yaw015_pitch+075,15,75,355.659,68.402,19.341
yaw015_pitch+080,15,80,350.027,76.669,24.973
yaw015_pitch+085,15,85,346.364,82.266,28.636
yaw015_pitch+090,15,90,345.979,90.000,29.021
yaw020_pitch-090,20,-90,51.924,-86.415,31.924
yaw020_pitch-085,20,-85,50.099,-89.931,30.099
yaw020_pitch-080,20,-80,45.324,-82.157,25.324
yaw020_pitch-075,20,-75,42.729,-73.381,22.729
yaw020_pitch-070,20,-70,41.603,-65.709,21.603
yaw020_pitch-065,20,-65,41.146,-54.232,21.146
yaw020_pitch-060,20,-60,40.560,-51.342,20.560
yaw020_pitch-055,20,-55,39.743,-44.764,19.743
yaw020_pitch-050,20,-50,39.219,-44.169,19.219
yaw020_pitch-045,20,-45,38.258,-46.573,18.258
yaw020_pitch-040,20,-40,37.349,-46.935,17.349
yaw020_pitch-035,20,-35,35.540,-51.620,15.540
yaw020_pitch-030,20,-30,33.808,-52.195,13.808
yaw020_pitch-025,20,-25,31.359,-50.245,11.359
yaw020_pitch-020,20,-20,28.770,-49.393,8.770
yaw020_pitch-015,20,-15,25.659,-45.566,5.659
yaw020_pitch-010,20,-10,23.241,-37.965,3.241
yaw020_pitch-005,20,-5,22.271,-33.683,2.271
yaw020_pitch+000,20,0,21.676,-30.145,1.676
yaw020_pitch+005,20,5,22.758,-23.592,2.758
yaw020_pitch+010,20,10,23.232,-10.333,3.232
yaw020_pitch+015,20,15,25.833,-1.130,5.833
yaw020_pitch+020,20,20,27.555,7.348,7.555
yaw020_pitch+025,20,25,32.080,10.126,12.080
yaw020_pitch+030,20,30,31.898,15.413,11.898
yaw020_pitch+035,20,35,31.835,18.100,11.835
yaw020_pitch+040,20,40,31.854,22.840,11.854
yaw020_pitch+045,20,45,31.423,26.601,11.423
yaw020_pitch+050,20,50,29.213,31.354,9.213
yaw020_pitch+055,20,55,25.936,37.959,5.936
yaw020_pitch+060,20,60,21.139,44.956,1.139
yaw020_pitch+065,20,65,13.469,53.202,6.531
yaw020_pitch+070,20,70,6.169,59.205,13.831
yaw020_pitch+075,20,75,357.454,69.831,22.546
yaw020_pitch+080,20,80,356.941,77.083,23.059
yaw020_pitch+085,20,85,352.714,82.943,27.286
yaw020_pitch+090,20,90,349.574,88.545,30.426
yaw025_pitch-090,25,-90,55.238,-87.428,30.238
yaw025_pitch-085,25,-85,54.639,-83.625,29.639
yaw025_pitch-080,25,-80,52.802,-82.919,27.802
yaw025_pitch-075,25,-75,49.198,-73.847,24.198
yaw025_pitch-070,25,-70,46.651,-65.740,21.651
yaw025_pitch-065,25,-65,46.247,-52.646,21.247
yaw025_pitch-060,25,-60,44.478,-54.236,19.478
yaw025_pitch-055,25,-55,44.580,-50.449,19.580
yaw025_pitch-050,25,-50,43.279,-48.562,18.279
yaw025_pitch-045,25,-45,41.621,-48.715,16.621
yaw025_pitch-040,25,-40,40.486,-50.176,15.486
yaw025_pitch-035,25,-35,38.879,-53.112,13.879
yaw025_pitch-030,25,-30,36.473,-53.256,11.473
yaw025_pitch-025,25,-25,34.134,-52.502,9.134
yaw025_pitch-020,25,-20,31.817,-51.953,6.817
yaw025_pitch-015,25,-15,28.324,-46.580,3.324
yaw025_pitch-010,25,-10,24.414,-40.881,0.586
yaw025_pitch-005,25,-5,22.237,-35.771,2.763
yaw025_pitch+000,25,0,21.771,-31.374,3.229
yaw025_pitch+005,25,5,24.158,-26.433,0.842
yaw025_pitch+010,25,10,25.550,-12.337,0.550
yaw025_pitch+015,25,15,28.419,-3.281,3.419
yaw025_pitch+020,25,20,31.758,6.836,6.758
yaw025_pitch+025,25,25,32.435,10.572,7.435
yaw025_pitch+030,25,30,32.147,15.520,7.147
yaw025_pitch+035,25,35,32.565,18.095,7.565
yaw025_pitch+040,25,40,33.298,23.095,8.298
yaw025_pitch+045,25,45,32.900,25.825,7.900
yaw025_pitch+050,25,50,31.588,29.204,6.588
yaw025_pitch+055,25,55,27.434,35.853,2.434
yaw025_pitch+060,25,60,23.890,44.230,1.110
yaw025_pitch+065,25,65,17.213,50.152,7.787
yaw025_pitch+070,25,70,11.438,59.893,13.562
yaw025_pitch+075,25,75,2.648,71.781,22.352
yaw025_pitch+080,25,80,356.888,78.272,28.112
yaw025_pitch+085,25,85,354.130,84.606,30.870
yaw025_pitch+090,25,90,354.257,90.000,30.743
yaw030_pitch-090,30,-90,59.896,-79.994,29.896
yaw030_pitch-085,30,-85,59.643,-82.602,29.643
yaw030_pitch-080,30,-80,57.672,-80.154,27.672
yaw030_pitch-075,30,-75,54.261,-73.099,24.261
yaw030_pitch-070,30,-70,50.690,-65.765,20.690
yaw030_pitch-065,30,-65,49.666,-57.104,19.666
yaw030_pitch-060,30,-60,49.031,-55.035,19.031
yaw030_pitch-055,30,-55,47.694,-51.284,17.694
yaw030_pitch-050,30,-50,46.112,-53.324,16.112
yaw030_pitch-045,30,-45,44.608,-54.429,14.608
yaw030_pitch-040,30,-40,42.927,-56.467,12.927
yaw030_pitch-035,30,-35,41.296,-55.179,11.296
yaw030_pitch-030,30,-30,39.532,-56.613,9.532
yaw030_pitch-025,30,-25,37.222,-54.680,7.222
yaw030_pitch-020,30,-20,34.499,-55.221,4.499
yaw030_pitch-015,30,-15,29.706,-52.764,0.294
yaw030_pitch-010,30,-10,26.037,-45.984,3.963
yaw030_pitch-005,30,-5,21.855,-39.277,8.145
yaw030_pitch+000,30,0,22.777,-34.637,7.223
yaw030_pitch+005,30,5,25.146,-27.409,4.854
yaw030_pitch+010,30,10,26.701,-13.514,3.299
yaw030_pitch+015,30,15,27.813,-4.511,2.187
yaw030_pitch+020,30,20,30.674,4.958,0.674
yaw030_pitch+025,30,25,32.783,8.131,2.783
yaw030_pitch+030,30,30,32.590,13.701,2.590
yaw030_pitch+035,30,35,32.451,15.218,2.451
yaw030_pitch+040,30,40,33.654,19.983,3.654
yaw030_pitch+045,30,45,33.835,24.064,3.835
yaw030_pitch+050,30,50,31.062,29.044,1.062
yaw030_pitch+055,30,55,28.781,35.678,1.219
yaw030_pitch+060,30,60,25.112,43.848,4.888
yaw030_pitch+065,30,65,18.192,50.122,11.808
yaw030_pitch+070,30,70,13.360,59.442,16.640
yaw030_pitch+075,30,75,5.897,72.945,24.103
yaw030_pitch+080,30,80,3.335,79.175,26.665
yaw030_pitch+085,30,85,0.285,84.896,29.715
yaw030_pitch+090,30,90,356.817,90.000,33.183
yaw035_pitch-090,35,-90,68.938,-83.462,33.938
yaw035_pitch-085,35,-85,64.905,-83.080,29.905
yaw035_pitch-080,35,-80,61.613,-82.398,26.613
yaw035_pitch-075,35,-75,57.693,-71.999,22.693
yaw035_pitch-070,35,-70,55.565,-65.473,20.565
yaw035_pitch-065,35,-65,53.765,-60.428,18.765
yaw035_pitch-060,35,-60,52.540,-58.134,17.540
yaw035_pitch-055,35,-55,51.061,-55.553,16.061
yaw035_pitch-050,35,-50,48.792,-52.497,13.792
yaw035_pitch-045,35,-45,46.703,-54.021,11.703
yaw035_pitch-040,35,-40,45.521,-54.214,10.521
yaw035_pitch-035,35,-35,43.628,-51.223,8.628
yaw035_pitch-030,35,-30,41.755,-54.099,6.755
yaw035_pitch-025,35,-25,39.146,-50.168,4.146
yaw035_pitch-020,35,-20,36.205,-52.079,1.205
yaw035_pitch-015,35,-15,32.547,-50.724,2.453
yaw035_pitch-010,35,-10,27.732,-47.486,7.268
yaw035_pitch-005,35,-5,26.458,-41.414,8.542
yaw035_pitch+000,35,0,24.948,-36.064,10.052
yaw035_pitch+005,35,5,25.833,-31.664,9.167
yaw035_pitch+010,35,10,25.394,-16.328,9.606
yaw035_pitch+015,35,15,25.162,-7.032,9.838
yaw035_pitch+020,35,20,28.730,1.533,6.270
yaw035_pitch+025,35,25,32.279,4.958,2.721
yaw035_pitch+030,35,30,32.104,9.869,2.896
yaw035_pitch+035,35,35,32.657,12.511,2.343
yaw035_pitch+040,35,40,33.932,18.015,1.068
yaw035_pitch+045,35,45,33.843,22.038,1.157
yaw035_pitch+050,35,50,32.053,26.344,2.947
yaw035_pitch+055,35,55,29.249,34.850,5.751
yaw035_pitch+060,35,60,25.859,42.344,9.141
yaw035_pitch+065,35,65,22.039,51.440,12.961
yaw035_pitch+070,35,70,14.932,60.079,20.068
yaw035_pitch+075,35,75,9.386,70.597,25.614
yaw035_pitch+080,35,80,4.765,79.025,30.235
yaw035_pitch+085,35,85,3.705,84.876,31.295
yaw035_pitch+090,35,90,355.261,90.000,39.739
yaw040_pitch-090,40,-90,73.247,-77.787,33.247
yaw040_pitch-085,40,-85,66.891,-81.742,26.891
yaw040_pitch-080,40,-80,64.576,-81.120,24.576
yaw040_pitch-075,40,-75,61.909,-70.864,21.909
yaw040_pitch-070,40,-70,58.077,-65.186,18.077
yaw040_pitch-065,40,-65,56.559,-62.770,16.559
yaw040_pitch-060,40,-60,56.481,-59.120,16.481
yaw040_pitch-055,40,-55,54.818,-53.446,14.818
yaw040_pitch-050,40,-50,51.838,-47.041,11.838
yaw040_pitch-045,40,-45,49.107,-49.480,9.107
yaw040_pitch-040,40,-40,47.872,-47.382,7.872
yaw040_pitch-035,40,-35,46.306,-44.965,6.306
yaw040_pitch-030,40,-30,43.703,-49.295,3.703
yaw040_pitch-025,40,-25,41.311,-49.189,1.311
yaw040_pitch-020,40,-20,38.603,-50.142,1.397
yaw040_pitch-015,40,-15,35.163,-49.471,4.837
yaw040_pitch-010,40,-10,32.651,-47.326,7.349
yaw040_pitch-005,40,-5,32.676,-41.921,7.324
yaw040_pitch+000,40,0,28.783,-37.505,11.217
yaw040_pitch+005,40,5,27.521,-31.944,12.479
yaw040_pitch+010,40,10,25.572,-16.632,14.428
yaw040_pitch+015,40,15,27.538,-8.211,12.462
yaw040_pitch+020,40,20,29.210,0.351,10.790
yaw040_pitch+025,40,25,31.900,4.135,8.100
yaw040_pitch+030,40,30,32.123,8.956,7.877
yaw040_pitch+035,40,35,33.522,10.281,6.478
yaw040_pitch+040,40,40,33.511,16.208,6.489
yaw040_pitch+045,40,45,34.545,20.492,5.455
yaw040_pitch+050,40,50,31.855,26.475,8.145
yaw040_pitch+055,40,55,29.209,34.096,10.791
yaw040_pitch+060,40,60,26.551,41.156,13.449
yaw040_pitch+065,40,65,21.559,51.364,18.441
yaw040_pitch+070,40,70,16.101,56.912,23.899
yaw040_pitch+075,40,75,8.758,68.848,31.242
yaw040_pitch+080,40,80,11.822,81.608,28.178
yaw040_pitch+085,40,85,10.819,89.172,29.181
yaw040_pitch+090,40,90,5.757,90.000,34.243
yaw045_pitch-090,45,-90,77.130,-80.068,32.130
yaw045_pitch-085,45,-85,71.065,-82.502,26.065
yaw045_pitch-080,45,-80,68.938,-75.286,23.938
yaw045_pitch-075,45,-75,68.071,-70.528,23.071
yaw045_pitch-070,45,-70,63.567,-67.218,18.567
yaw045_pitch-065,45,-65,61.214,-60.983,16.214
yaw045_pitch-060,45,-60,59.346,-55.258,14.346
yaw045_pitch-055,45,-55,57.522,-47.708,12.522
yaw045_pitch-050,45,-50,55.050,-43.654,10.050
yaw045_pitch-045,45,-45,52.810,-45.166,7.810
yaw045_pitch-040,45,-40,51.263,-41.471,6.263
yaw045_pitch-035,45,-35,49.085,-45.043,4.085
yaw045_pitch-030,45,-30,47.814,-45.751,2.814
yaw045_pitch-025,45,-25,44.818,-49.850,0.182
yaw045_pitch-020,45,-20,42.170,-49.326,2.830
yaw045_pitch-015,45,-15,39.125,-48.533,5.875
yaw045_pitch-010,45,-10,37.262,-48.097,7.738
yaw045_pitch-005,45,-5,35.342,-43.578,9.658
yaw045_pitch+000,45,0,32.929,-39.176,12.071
yaw045_pitch+005,45,5,32.350,-33.538,12.650
yaw045_pitch+010,45,10,31.075,-21.227,13.925
yaw045_pitch+015,45,15,30.427,-9.259,14.573
yaw045_pitch+020,45,20,31.635,0.667,13.365
yaw045_pitch+025,45,25,33.952,1.853,11.048
yaw045_pitch+030,45,30,33.244,7.833,11.756
yaw045_pitch+035,45,35,35.463,11.065,9.537
yaw045_pitch+040,45,40,34.936,15.806,10.064
yaw045_pitch+045,45,45,35.526,21.543,9.474
yaw045_pitch+050,45,50,32.478,24.973,12.522
yaw045_pitch+055,45,55,30.171,34.009,14.829
yaw045_pitch+060,45,60,27.291,40.206,17.709
yaw045_pitch+065,45,65,23.444,50.746,21.556
yaw045_pitch+070,45,70,17.596,57.789,27.404
yaw045_pitch+075,45,75,15.000,68.813,30.000
yaw045_pitch+080,45,80,15.967,81.944,29.033
yaw045_pitch+085,45,85,15.712,90.000,29.288
yaw045_pitch+090,45,90,11.078,90.000,33.922
yaw050_pitch-090,50,-90,80.571,-80.997,30.571
yaw050_pitch-085,50,-85,75.536,-81.417,25.536
yaw050_pitch-080,50,-80,74.154,-77.861,24.154
yaw050_pitch-075,50,-75,70.525,-71.904,20.525
yaw050_pitch-070,50,-70,67.416,-64.027,17.416
yaw050_pitch-065,50,-65,63.633,-60.445,13.633
yaw050_pitch-060,50,-60,62.591,-53.413,12.591
yaw050_pitch-055,50,-55,60.862,-46.005,10.862
yaw050_pitch-050,50,-50,56.541,-42.128,6.541
yaw050_pitch-045,50,-45,54.829,-47.694,4.829
yaw050_pitch-040,50,-40,54.063,-41.518,4.063
yaw050_pitch-035,50,-35,52.111,-42.516,2.111
yaw050_pitch-030,50,-30,50.470,-45.385,0.470
yaw050_pitch-025,50,-25,48.269,-49.334,1.731
yaw050_pitch-020,50,-20,46.700,-48.491,3.300
yaw050_pitch-015,50,-15,42.674,-47.293,7.326
yaw050_pitch-010,50,-10,42.204,-48.145,7.796
yaw050_pitch-005,50,-5,41.169,-44.266,8.831
yaw050_pitch+000,50,0,39.302,-41.073,10.698
yaw050_pitch+005,50,5,35.810,-35.225,14.190
yaw050_pitch+010,50,10,33.284,-20.348,16.716
yaw050_pitch+015,50,15,33.306,-10.922,16.694
yaw050_pitch+020,50,20,34.771,-0.812,15.229
yaw050_pitch+025,50,25,36.333,1.207,13.667
yaw050_pitch+030,50,30,37.457,8.242,12.543
yaw050_pitch+035,50,35,37.443,11.336,12.557
yaw050_pitch+040,50,40,36.973,14.935,13.027
yaw050_pitch+045,50,45,37.471,19.654,12.529
yaw050_pitch+050,50,50,35.384,27.473,14.616
yaw050_pitch+055,50,55,33.318,34.590,16.682
yaw050_pitch+060,50,60,31.751,40.957,18.249
yaw050_pitch+065,50,65,25.554,48.744,24.446
yaw050_pitch+070,50,70,22.996,57.229,27.004
yaw050_pitch+075,50,75,18.735,68.497,31.265
yaw050_pitch+080,50,80,23.140,79.879,26.860
yaw050_pitch+085,50,85,20.496,87.633,29.504
yaw050_pitch+090,50,90,15.829,90.000,34.171
yaw055_pitch-090,55,-90,87.283,-83.292,32.283
yaw055_pitch-085,55,-85,80.673,-81.183,25.673
yaw055_pitch-080,55,-80,78.711,-77.716,23.711
yaw055_pitch-075,55,-75,74.985,-69.463,19.985
yaw055_pitch-070,55,-70,70.899,-62.887,15.899
yaw055_pitch-065,55,-65,66.826,-57.344,11.826
yaw055_pitch-060,55,-60,64.310,-53.376,9.310
yaw055_pitch-055,55,-55,63.849,-49.926,8.849
yaw055_pitch-050,55,-50,59.938,-45.321,4.938
yaw055_pitch-045,55,-45,58.341,-46.687,3.341
yaw055_pitch-040,55,-40,55.923,-46.683,0.923
yaw055_pitch-035,55,-35,55.455,-46.132,0.455
yaw055_pitch-030,55,-30,55.047,-46.179,0.047
yaw055_pitch-025,55,-25,52.690,-48.446,2.310
yaw055_pitch-020,55,-20,51.567,-48.840,3.433
yaw055_pitch-015,55,-15,50.315,-49.065,4.685
yaw055_pitch-010,55,-10,50.874,-47.662,4.126
yaw055_pitch-005,55,-5,51.600,-44.836,3.400
yaw055_pitch+000,55,0,45.591,-39.592,9.409
yaw055_pitch+005,55,5,41.140,-36.361,13.860
yaw055_pitch+010,55,10,38.527,-23.243,16.473
yaw055_pitch+015,55,15,36.653,-11.624,18.347
yaw055_pitch+020,55,20,38.416,-0.535,16.584
yaw055_pitch+025,55,25,39.946,4.371,15.054
yaw055_pitch+030,55,30,40.221,6.389,14.779
yaw055_pitch+035,55,35,39.713,7.525,15.287
yaw055_pitch+040,55,40,39.414,14.306,15.586
yaw055_pitch+045,55,45,39.046,17.585,15.954
yaw055_pitch+050,55,50,37.373,24.963,17.627
yaw055_pitch+055,55,55,35.764,35.534,19.236
yaw055_pitch+060,55,60,31.601,40.552,23.399
yaw055_pitch+065,55,65,27.159,46.841,27.841
yaw055_pitch+070,55,70,24.478,53.717,30.522
yaw055_pitch+075,55,75,25.247,68.870,29.753
yaw055_pitch+080,55,80,24.969,78.790,30.031
yaw055_pitch+085,55,85,25.005,84.823,29.995
yaw055_pitch+090,55,90,22.495,90.000,32.505
yaw060_pitch-090,60,-90,88.345,-85.230,28.345
yaw060_pitch-085,60,-85,86.856,-80.537,26.856
yaw060_pitch-080,60,-80,83.083,-76.105,23.083
yaw060_pitch-075,60,-75,78.631,-69.082,18.631
yaw060_pitch-070,60,-70,72.195,-65.077,12.195
yaw060_pitch-065,60,-65,70.341,-57.451,10.341
yaw060_pitch-060,60,-60,68.739,-53.985,8.739
yaw060_pitch-055,60,-55,68.515,-49.265,8.515
yaw060_pitch-050,60,-50,64.204,-47.134,4.204
yaw060_pitch-045,60,-45,62.743,-48.644,2.743
yaw060_pitch-040,60,-40,61.444,-47.057,1.444
yaw060_pitch-035,60,-35,63.551,-44.843,3.551
yaw060_pitch-030,60,-30,60.897,-44.978,0.897
yaw060_pitch-025,60,-25,61.676,-46.756,1.676
yaw060_pitch-020,60,-20,64.173,-48.678,4.173
yaw060_pitch-015,60,-15,57.596,-48.182,2.404
yaw060_pitch-010,60,-10,56.657,-46.019,3.343
yaw060_pitch-005,60,-5,59.509,-45.448,0.491
yaw060_pitch+000,60,0,51.855,-41.665,8.145
yaw060_pitch+005,60,5,47.590,-34.700,12.410
yaw060_pitch+010,60,10,43.511,-23.316,16.489
yaw060_pitch+015,60,15,41.457,-10.780,18.543
yaw060_pitch+020,60,20,41.513,0.155,18.487
yaw060_pitch+025,60,25,41.934,4.942,18.066
yaw060_pitch+030,60,30,42.324,7.145,17.676
yaw060_pitch+035,60,35,41.363,9.039,18.637
yaw060_pitch+040,60,40,41.438,11.391,18.562
yaw060_pitch+045,60,45,40.868,18.114,19.132
yaw060_pitch+050,60,50,39.785,26.545,20.215
yaw060_pitch+055,60,55,37.243,34.504,22.757
yaw060_pitch+060,60,60,32.807,43.653,27.193
yaw060_pitch+065,60,65,29.457,53.002,30.543
yaw060_pitch+070,60,70,28.001,59.759,31.999
yaw060_pitch+075,60,75,28.208,67.651,31.792
yaw060_pitch+080,60,80,30.526,78.326,29.474
yaw060_pitch+085,60,85,28.304,85.857,31.696
yaw060_pitch+090,60,90,28.124,90.000,31.876
yaw065_pitch-090,65,-90,91.583,-79.690,26.583
yaw065_pitch-085,65,-85,91.678,-78.819,26.678
yaw065_pitch-080,65,-80,88.136,-74.542,23.136
yaw065_pitch-075,65,-75,86.925,-68.729,21.925
yaw065_pitch-070,65,-70,80.156,-63.889,15.156
yaw065_pitch-065,65,-65,77.556,-57.519,12.556
yaw065_pitch-060,65,-60,75.333,-52.248,10.333
yaw065_pitch-055,65,-55,75.771,-51.089,10.771
yaw065_pitch-050,65,-50,70.233,-47.478,5.233
yaw065_pitch-045,65,-45,69.671,-45.185,4.671
yaw065_pitch-040,65,-40,69.169,-45.723,4.169
yaw065_pitch-035,65,-35,70.033,-44.046,5.033
yaw065_pitch-030,65,-30,69.535,-44.574,4.535
yaw065_pitch-025,65,-25,78.126,-45.083,13.126
yaw065_pitch-020,65,-20,78.617,-49.453,13.617
yaw065_pitch-015,65,-15,70.776,-49.835,5.776
yaw065_pitch-010,65,-10,64.150,-47.962,0.850
yaw065_pitch-005,65,-5,61.451,-43.008,3.549
yaw065_pitch+000,65,0,56.779,-40.284,8.221
yaw065_pitch+005,65,5,49.567,-35.069,15.433
yaw065_pitch+010,65,10,46.968,-21.735,18.032
yaw065_pitch+015,65,15,44.375,-7.992,20.625
yaw065_pitch+020,65,20,43.976,-2.453,21.024
yaw065_pitch+025,65,25,44.485,-0.101,20.515
yaw065_pitch+030,65,30,44.071,2.627,20.929
yaw065_pitch+035,65,35,43.016,7.921,21.984
yaw065_pitch+040,65,40,42.606,10.270,22.394
yaw065_pitch+045,65,45,42.254,15.542,22.746
yaw065_pitch+050,65,50,41.135,32.316,23.865
yaw065_pitch+055,65,55,39.495,37.244,25.505
yaw065_pitch+060,65,60,35.556,44.635,29.444
yaw065_pitch+065,65,65,33.666,48.265,31.334
yaw065_pitch+070,65,70,32.434,56.850,32.566
yaw065_pitch+075,65,75,32.573,65.743,32.427
yaw065_pitch+080,65,80,32.445,76.867,32.555
yaw065_pitch+085,65,85,33.133,85.914,31.867
yaw065_pitch+090,65,90,31.059,90.000,33.941
yaw070_pitch-090,70,-90,102.965,-82.661,32.965
yaw070_pitch-085,70,-85,99.873,-79.110,29.873
yaw070_pitch-080,70,-80,95.665,-73.201,25.665
yaw070_pitch-075,70,-75,95.775,-71.295,25.775
yaw070_pitch-070,70,-70,90.714,-64.569,20.714
yaw070_pitch-065,70,-65,86.709,-59.114,16.709
yaw070_pitch-060,70,-60,85.975,-51.266,15.975
yaw070_pitch-055,70,-55,83.962,-50.217,13.962
yaw070_pitch-050,70,-50,78.946,-48.591,8.946
yaw070_pitch-045,70,-45,77.137,-46.525,7.137
yaw070_pitch-040,70,-40,78.565,-44.031,8.565
yaw070_pitch-035,70,-35,82.496,-45.687,12.496
yaw070_pitch-030,70,-30,87.753,-44.885,17.753
yaw070_pitch-025,70,-25,92.646,-46.859,22.646
yaw070_pitch-020,70,-20,85.061,-47.995,15.061
yaw070_pitch-015,70,-15,83.206,-47.455,13.206
yaw070_pitch-010,70,-10,70.208,-48.569,0.208
yaw070_pitch-005,70,-5,66.983,-46.248,3.017
yaw070_pitch+000,70,0,58.198,-36.831,11.802
yaw070_pitch+005,70,5,51.655,-31.351,18.345
yaw070_pitch+010,70,10,49.498,-16.844,20.502
yaw070_pitch+015,70,15,47.370,-7.647,22.630
yaw070_pitch+020,70,20,46.402,-0.545,23.598
yaw070_pitch+025,70,25,46.721,-2.519,23.279
yaw070_pitch+030,70,30,45.864,1.199,24.136
yaw070_pitch+035,70,35,44.933,5.029,25.067
yaw070_pitch+040,70,40,44.050,8.237,25.950
yaw070_pitch+045,70,45,43.578,24.700,26.422
yaw070_pitch+050,70,50,42.097,34.854,27.903
yaw070_pitch+055,70,55,41.447,36.494,28.553
yaw070_pitch+060,70,60,38.188,44.416,31.812
yaw070_pitch+065,70,65,35.024,47.204,34.976
yaw070_pitch+070,70,70,35.818,54.598,34.182
yaw070_pitch+075,70,75,36.785,66.343,33.215
yaw070_pitch+080,70,80,36.733,77.605,33.267
yaw070_pitch+085,70,85,37.812,87.157,32.188
yaw070_pitch+090,70,90,37.257,90.000,32.743
yaw075_pitch-090,75,-90,105.965,-82.105,30.965
yaw075_pitch-085,75,-85,106.730,-77.642,31.730
yaw075_pitch-080,75,-80,106.184,-75.155,31.184
yaw075_pitch-075,75,-75,105.656,-72.343,30.656
yaw075_pitch-070,75,-70,99.558,-65.993,24.558
yaw075_pitch-065,75,-65,95.389,-58.899,20.389
yaw075_pitch-060,75,-60,91.924,-53.337,16.924
yaw075_pitch-055,75,-55,90.918,-48.386,15.918
yaw075_pitch-050,75,-50,90.973,-49.195,15.973
yaw075_pitch-045,75,-45,88.839,-46.483,13.839
yaw075_pitch-040,75,-40,88.754,-46.096,13.754
yaw075_pitch-035,75,-35,91.413,-44.639,16.413
yaw075_pitch-030,75,-30,100.327,-43.915,25.327
yaw075_pitch-025,75,-25,103.543,-45.216,28.543
yaw075_pitch-020,75,-20,95.907,-48.545,20.907
yaw075_pitch-015,75,-15,96.533,-46.351,21.533
yaw075_pitch-010,75,-10,79.666,-48.721,4.666
yaw075_pitch-005,75,-5,71.695,-44.583,3.305
yaw075_pitch+000,75,0,59.627,-39.051,15.373
yaw075_pitch+005,75,5,56.567,-30.803,18.433
yaw075_pitch+010,75,10,54.063,-15.313,20.937
yaw075_pitch+015,75,15,50.297,-3.916,24.703
yaw075_pitch+020,75,20,49.375,-0.670,25.625
yaw075_pitch+025,75,25,49.104,-0.648,25.896
yaw075_pitch+030,75,30,49.446,-0.315,25.554
yaw075_pitch+035,75,35,47.814,2.316,27.186
yaw075_pitch+040,75,40,45.210,5.250,29.790
yaw075_pitch+045,75,45,44.721,21.307,30.279
yaw075_pitch+050,75,50,44.043,28.672,30.957
yaw075_pitch+055,75,55,42.900,33.299,32.100
yaw075_pitch+060,75,60,40.473,43.045,34.527
yaw075_pitch+065,75,65,39.234,46.346,35.766
yaw075_pitch+070,75,70,39.563,53.410,35.437
yaw075_pitch+075,75,75,40.636,65.496,34.364
yaw075_pitch+080,75,80,41.241,75.386,33.759
yaw075_pitch+085,75,85,42.782,83.897,32.218
yaw075_pitch+090,75,90,44.346,90.000,30.654
yaw080_pitch-090,80,-90,110.167,-81.156,30.167
yaw080_pitch-085,80,-85,107.790,-77.136,27.790
yaw080_pitch-080,80,-80,111.607,-74.495,31.607
yaw080_pitch-075,80,-75,109.651,-68.866,29.651
yaw080_pitch-070,80,-70,103.666,-62.705,23.666
yaw080_pitch-065,80,-65,102.000,-57.600,22.000
yaw080_pitch-060,80,-60,103.156,-49.683,23.156
yaw080_pitch-055,80,-55,102.127,-49.262,22.127
yaw080_pitch-050,80,-50,100.578,-48.627,20.578
yaw080_pitch-045,80,-45,102.297,-46.577,22.297
yaw080_pitch-040,80,-40,104.854,-47.771,24.854
yaw080_pitch-035,80,-35,104.378,-45.859,24.378
yaw080_pitch-030,80,-30,115.955,-42.898,35.955
yaw080_pitch-025,80,-25,112.952,-45.491,32.952
yaw080_pitch-020,80,-20,111.173,-46.343,31.173
yaw080_pitch-015,80,-15,97.448,-44.569,17.448
yaw080_pitch-010,80,-10,91.954,-46.886,11.954
yaw080_pitch-005,80,-5,82.421,-43.976,2.421
yaw080_pitch+000,80,0,67.164,-36.459,12.836
yaw080_pitch+005,80,5,61.366,-24.219,18.634
yaw080_pitch+010,80,10,56.008,-9.560,23.992
yaw080_pitch+015,80,15,55.006,-3.954,24.994
yaw080_pitch+020,80,20,53.411,-0.687,26.589
yaw080_pitch+025,80,25,53.097,-1.092,26.903
yaw080_pitch+030,80,30,53.869,-1.672,26.131
yaw080_pitch+035,80,35,49.946,2.181,30.054
yaw080_pitch+040,80,40,47.908,8.155,32.092
yaw080_pitch+045,80,45,47.741,21.211,32.259
yaw080_pitch+050,80,50,45.617,23.515,34.383
yaw080_pitch+055,80,55,45.562,30.031,34.438
yaw080_pitch+060,80,60,43.381,36.746,36.619
yaw080_pitch+065,80,65,43.473,45.338,36.527
yaw080_pitch+070,80,70,44.095,50.901,35.905
yaw080_pitch+075,80,75,46.395,62.259,33.605
yaw080_pitch+080,80,80,47.495,75.692,32.505
yaw080_pitch+085,80,85,49.413,84.857,30.587
yaw080_pitch+090,80,90,50.336,90.000,29.664
yaw085_pitch-090,85,-90,114.520,-77.885,29.520
yaw085_pitch-085,85,-85,115.246,-76.375,30.246
yaw085_pitch-080,85,-80,114.830,-72.505,29.830
yaw085_pitch-075,85,-75,112.021,-68.393,27.021
yaw085_pitch-070,85,-70,110.528,-61.282,25.528
yaw085_pitch-065,85,-65,108.223,-57.186,23.223
yaw085_pitch-060,85,-60,112.485,-52.514,27.485
yaw085_pitch-055,85,-55,115.615,-51.167,30.615
yaw085_pitch-050,85,-50,117.434,-49.940,32.434
yaw085_pitch-045,85,-45,119.003,-47.721,34.003
yaw085_pitch-040,85,-40,124.539,-47.095,39.539
yaw085_pitch-035,85,-35,126.510,-45.481,41.510
yaw085_pitch-030,85,-30,124.534,-45.065,39.534
yaw085_pitch-025,85,-25,125.612,-44.784,40.612
yaw085_pitch-020,85,-20,122.863,-43.106,37.863
yaw085_pitch-015,85,-15,111.542,-43.906,26.542
yaw085_pitch-010,85,-10,104.676,-44.956,19.676
yaw085_pitch-005,85,-5,87.291,-43.184,2.291
yaw085_pitch+000,85,0,80.353,-35.824,4.647
yaw085_pitch+005,85,5,71.176,-21.644,13.824
yaw085_pitch+010,85,10,62.090,-10.445,22.910
yaw085_pitch+015,85,15,59.446,-3.064,25.554
yaw085_pitch+020,85,20,59.274,-1.124,25.726
yaw085_pitch+025,85,25,59.329,-3.299,25.671
yaw085_pitch+030,85,30,55.923,-1.127,29.077
yaw085_pitch+035,85,35,52.735,4.919,32.265
yaw085_pitch+040,85,40,51.115,6.260,33.885
yaw085_pitch+045,85,45,50.079,16.671,34.921
yaw085_pitch+050,85,50,50.015,22.932,34.985
yaw085_pitch+055,85,55,49.630,28.996,35.370
yaw085_pitch+060,85,60,48.461,34.254,36.539
yaw085_pitch+065,85,65,49.287,43.570,35.713
yaw085_pitch+070,85,70,50.274,52.098,34.726
yaw085_pitch+075,85,75,50.818,60.243,34.182
yaw085_pitch+080,85,80,51.652,72.674,33.348
yaw085_pitch+085,85,85,54.971,81.384,30.029
yaw085_pitch+090,85,90,52.425,90.000,32.575
yaw090_pitch-090,90,-90,118.773,-83.264,28.773
yaw090_pitch-085,90,-85,119.593,-79.972,29.593
yaw090_pitch-080,90,-80,120.859,-76.688,30.859
yaw090_pitch-075,90,-75,120.446,-73.250,30.446
yaw090_pitch-070,90,-70,123.184,-65.551,33.184
yaw090_pitch-065,90,-65,121.199,-59.823,31.199
yaw090_pitch-060,90,-60,125.168,-53.767,35.168
yaw090_pitch-055,90,-55,126.357,-52.036,36.357
yaw090_pitch-050,90,-50,128.289,-49.656,38.289
yaw090_pitch-045,90,-45,131.861,-49.266,41.861
yaw090_pitch-040,90,-40,135.163,-47.029,45.163
yaw090_pitch-035,90,-35,138.167,-46.165,48.167
yaw090_pitch-030,90,-30,137.325,-46.041,47.325
yaw090_pitch-025,90,-25,134.893,-44.165,44.893
yaw090_pitch-020,90,-20,134.657,-45.312,44.657
yaw090_pitch-015,90,-15,128.900,-43.498,38.900
yaw090_pitch-010,90,-10,117.232,-41.817,27.232
yaw090_pitch-005,90,-5,100.706,-36.871,10.706
yaw090_pitch+000,90,0,90.713,-33.859,0.713
yaw090_pitch+005,90,5,78.400,-22.465,11.600
yaw090_pitch+010,90,10,67.497,-9.358,22.503
yaw090_pitch+015,90,15,63.150,-2.647,26.850
yaw090_pitch+020,90,20,61.776,-0.904,28.224
yaw090_pitch+025,90,25,59.137,2.785,30.863
yaw090_pitch+030,90,30,58.218,2.711,31.782
yaw090_pitch+035,90,35,55.209,4.573,34.791
yaw090_pitch+040,90,40,54.210,8.289,35.790
yaw090_pitch+045,90,45,53.784,14.426,36.216
yaw090_pitch+050,90,50,54.396,23.505,35.604
yaw090_pitch+055,90,55,54.142,26.425,35.858
yaw090_pitch+060,90,60,53.580,34.210,36.420
yaw090_pitch+065,90,65,55.806,40.552,34.194
yaw090_pitch+070,90,70,56.915,48.548,33.085
yaw090_pitch+075,90,75,57.602,57.814,32.398
yaw090_pitch+080,90,80,58.827,72.660,31.173
yaw090_pitch+085,90,85,60.746,83.541,29.254
yaw090_pitch+090,90,90,55.467,90.000,34.533
yaw095_pitch-090,95,-90,121.013,-84.321,26.013
yaw095_pitch-085,95,-85,124.085,-82.498,29.085
yaw095_pitch-080,95,-80,126.105,-77.227,31.105
yaw095_pitch-075,95,-75,126.615,-73.849,31.615
yaw095_pitch-070,95,-70,127.337,-65.712,32.337
yaw095_pitch-065,95,-65,130.885,-60.881,35.885
yaw095_pitch-060,95,-60,132.025,-53.877,37.025
yaw095_pitch-055,95,-55,132.412,-50.557,37.412
yaw095_pitch-050,95,-50,134.305,-49.589,39.305
yaw095_pitch-045,95,-45,138.143,-49.386,43.143
yaw095_pitch-040,95,-40,143.047,-47.712,48.047
yaw095_pitch-035,95,-35,143.440,-48.029,48.440
yaw095_pitch-030,95,-30,145.703,-47.146,50.703
yaw095_pitch-025,95,-25,144.541,-45.776,49.541
yaw095_pitch-020,95,-20,145.441,-45.044,50.441
yaw095_pitch-015,95,-15,140.920,-42.260,45.920
yaw095_pitch-010,95,-10,134.981,-40.641,39.981
yaw095_pitch-005,95,-5,121.461,-38.304,26.461
yaw095_pitch+000,95,0,94.981,-28.434,0.019
yaw095_pitch+005,95,5,76.798,-24.946,18.202
yaw095_pitch+010,95,10,69.125,-13.264,25.875
yaw095_pitch+015,95,15,64.368,-4.509,30.632
yaw095_pitch+020,95,20,63.150,-1.292,31.850
yaw095_pitch+025,95,25,63.189,-0.598,31.811
yaw095_pitch+030,95,30,60.034,0.500,34.966
yaw095_pitch+035,95,35,58.853,4.032,36.147
yaw095_pitch+040,95,40,59.491,8.356,35.509
yaw095_pitch+045,95,45,61.434,14.158,33.566
yaw095_pitch+050,95,50,58.211,20.577,36.789
yaw095_pitch+055,95,55,59.935,29.136,35.065
yaw095_pitch+060,95,60,62.353,33.321,32.647
yaw095_pitch+065,95,65,62.954,38.717,32.046
yaw095_pitch+070,95,70,63.562,49.811,31.438
yaw095_pitch+075,95,75,66.494,58.414,28.506
yaw095_pitch+080,95,80,63.935,73.304,31.065
yaw095_pitch+085,95,85,64.983,82.813,30.017
yaw095_pitch+090,95,90,65.019,90.000,29.981
yaw100_pitch-090,100,-90,127.774,-81.921,27.774
yaw100_pitch-085,100,-85,129.314,-85.023,29.314
yaw100_pitch-080,100,-80,131.025,-81.407,31.025
yaw100_pitch-075,100,-75,133.144,-74.808,33.144
yaw100_pitch-070,100,-70,136.141,-62.751,36.141
yaw100_pitch-065,100,-65,139.824,-59.773,39.824
yaw100_pitch-060,100,-60,139.016,-54.066,39.016
yaw100_pitch-055,100,-55,137.449,-50.396,37.449
yaw100_pitch-050,100,-50,137.166,-46.622,37.166
yaw100_pitch-045,100,-45,143.647,-46.753,43.647
yaw100_pitch-040,100,-40,145.560,-46.649,45.560
yaw100_pitch-035,100,-35,146.720,-46.338,46.720
yaw100_pitch-030,100,-30,148.639,-45.832,48.639
yaw100_pitch-025,100,-25,150.169,-46.783,50.169
yaw100_pitch-020,100,-20,148.008,-45.558,48.008
yaw100_pitch-015,100,-15,146.791,-43.650,46.791
yaw100_pitch-010,100,-10,142.851,-40.827,42.851
yaw100_pitch-005,100,-5,124.288,-36.961,24.288
yaw100_pitch+000,100,0,100.173,-31.127,0.173
yaw100_pitch+005,100,5,80.301,-23.770,19.699
yaw100_pitch+010,100,10,68.244,-14.662,31.756
yaw100_pitch+015,100,15,64.605,-5.270,35.395
yaw100_pitch+020,100,20,63.750,-3.310,36.250
yaw100_pitch+025,100,25,64.551,-2.086,35.449
yaw100_pitch+030,100,30,65.246,-1.240,34.754
yaw100_pitch+035,100,35,64.512,3.156,35.488
yaw100_pitch+040,100,40,66.631,7.271,33.369
yaw100_pitch+045,100,45,66.704,17.061,33.296
yaw100_pitch+050,100,50,64.836,19.390,35.164
yaw100_pitch+055,100,55,67.880,26.892,32.120
yaw100_pitch+060,100,60,68.449,31.046,31.551
yaw100_pitch+065,100,65,72.902,36.388,27.098
yaw100_pitch+070,100,70,74.924,51.121,25.076
yaw100_pitch+075,100,75,76.919,59.790,23.081
yaw100_pitch+080,100,80,73.883,71.683,26.117
yaw100_pitch+085,100,85,71.352,83.598,28.648
yaw100_pitch+090,100,90,75.618,90.000,24.382
yaw105_pitch-090,105,-90,136.618,-86.591,31.618
yaw105_pitch-085,105,-85,135.094,-83.878,30.094
yaw105_pitch-080,105,-80,132.180,-81.206,27.180
yaw105_pitch-075,105,-75,132.925,-79.544,27.925
yaw105_pitch-070,105,-70,137.038,-72.204,32.038
yaw105_pitch-065,105,-65,142.204,-61.418,37.204
yaw105_pitch-060,105,-60,143.383,-54.492,38.383
yaw105_pitch-055,105,-55,142.554,-48.306,37.554
yaw105_pitch-050,105,-50,142.453,-46.684,37.453
yaw105_pitch-045,105,-45,144.768,-45.055,39.768
yaw105_pitch-040,105,-40,146.149,-44.936,41.149
yaw105_pitch-035,105,-35,146.743,-46.000,41.743
yaw105_pitch-030,105,-30,149.017,-44.714,44.017
yaw105_pitch-025,105,-25,149.523,-46.352,44.523
yaw105_pitch-020,105,-20,149.718,-46.223,44.718
yaw105_pitch-015,105,-15,144.912,-45.157,39.912
yaw105_pitch-010,105,-10,141.507,-44.375,36.507
yaw105_pitch-005,105,-5,124.740,-39.206,19.740
yaw105_pitch+000,105,0,105.571,-35.810,0.571
yaw105_pitch+005,105,5,78.979,-26.848,26.021
yaw105_pitch+010,105,10,72.297,-17.352,32.703
yaw105_pitch+015,105,15,67.592,-7.268,37.408
yaw105_pitch+020,105,20,69.587,-5.608,35.413
yaw105_pitch+025,105,25,70.690,-5.174,34.310
yaw105_pitch+030,105,30,70.592,-2.641,34.408
yaw105_pitch+035,105,35,69.559,1.934,35.441
yaw105_pitch+040,105,40,71.042,6.487,33.958
yaw105_pitch+045,105,45,71.030,10.008,33.970
yaw105_pitch+050,105,50,73.611,18.598,31.389
yaw105_pitch+055,105,55,75.128,27.268,29.872
yaw105_pitch+060,105,60,76.317,32.755,28.683
yaw105_pitch+065,105,65,80.023,39.002,24.977
yaw105_pitch+070,105,70,81.696,48.050,23.304
yaw105_pitch+075,105,75,82.763,60.447,22.237
yaw105_pitch+080,105,80,77.600,71.957,27.400
yaw105_pitch+085,105,85,80.672,82.016,24.328
yaw105_pitch+090,105,90,79.294,90.000,25.706
yaw110_pitch-090,110,-90,136.396,-84.210,26.396
yaw110_pitch-085,110,-85,135.265,-84.480,25.265
yaw110_pitch-080,110,-80,142.481,-75.686,32.481
yaw110_pitch-075,110,-75,142.807,-71.626,32.807
yaw110_pitch-070,110,-70,143.572,-64.464,33.572
yaw110_pitch-065,110,-65,146.553,-61.296,36.553
yaw110_pitch-060,110,-60,147.682,-53.157,37.682
yaw110_pitch-055,110,-55,145.659,-45.506,35.659
yaw110_pitch-050,110,-50,147.071,-43.503,37.071
yaw110_pitch-045,110,-45,149.629,-44.603,39.629
yaw110_pitch-040,110,-40,148.836,-45.716,38.836
yaw110_pitch-035,110,-35,149.228,-46.075,39.228
yaw110_pitch-030,110,-30,148.794,-45.392,38.794
yaw110_pitch-025,110,-25,148.011,-45.329,38.011
yaw110_pitch-020,110,-20,146.897,-45.583,36.897
yaw110_pitch-015,110,-15,139.739,-46.104,29.739
yaw110_pitch-010,110,-10,133.437,-44.562,23.437
yaw110_pitch-005,110,-5,119.093,-41.972,9.093
yaw110_pitch+000,110,0,102.137,-37.878,7.863
yaw110_pitch+005,110,5,86.212,-29.874,23.788
yaw110_pitch+010,110,10,76.567,-18.579,33.433
yaw110_pitch+015,110,15,73.999,-6.907,36.001
yaw110_pitch+020,110,20,76.138,-5.887,33.862
yaw110_pitch+025,110,25,75.790,-4.715,34.210
yaw110_pitch+030,110,30,74.755,-1.154,35.245
yaw110_pitch+035,110,35,75.444,0.298,34.556
yaw110_pitch+040,110,40,73.383,6.107,36.617
yaw110_pitch+045,110,45,75.692,9.124,34.308
yaw110_pitch+050,110,50,76.012,18.570,33.988
yaw110_pitch+055,110,55,81.544,23.726,28.456
yaw110_pitch+060,110,60,84.363,31.405,25.637
yaw110_pitch+065,110,65,86.612,35.404,23.388
yaw110_pitch+070,110,70,84.972,51.507,25.028
yaw110_pitch+075,110,75,88.977,59.478,21.023
yaw110_pitch+080,110,80,87.081,71.284,22.919
yaw110_pitch+085,110,85,86.789,81.612,23.211
yaw110_pitch+090,110,90,78.061,88.677,31.939
yaw115_pitch-090,115,-90,141.959,-84.989,26.959
yaw115_pitch-085,115,-85,150.208,-79.543,35.208
yaw115_pitch-080,115,-80,150.878,-71.173,35.878
yaw115_pitch-075,115,-75,148.150,-69.760,33.150
yaw115_pitch-070,115,-70,152.025,-65.215,37.025
yaw115_pitch-065,115,-65,156.411,-58.339,41.411
yaw115_pitch-060,115,-60,158.852,-52.381,43.852
yaw115_pitch-055,115,-55,154.554,-47.305,39.554
yaw115_pitch-050,115,-50,155.623,-45.639,40.623
yaw115_pitch-045,115,-45,156.241,-45.964,41.241
yaw115_pitch-040,115,-40,154.272,-46.422,39.272
yaw115_pitch-035,115,-35,150.711,-46.297,35.711
yaw115_pitch-030,115,-30,149.277,-45.520,34.277
yaw115_pitch-025,115,-25,143.285,-45.159,28.285
yaw115_pitch-020,115,-20,139.816,-44.301,24.816
yaw115_pitch-015,115,-15,131.615,-44.519,16.615
yaw115_pitch-010,115,-10,115.903,-43.370,0.903
yaw115_pitch-005,115,-5,98.547,-42.066,16.453
yaw115_pitch+000,115,0,91.166,-38.621,23.834
yaw115_pitch+005,115,5,87.558,-32.714,27.442
yaw115_pitch+010,115,10,87.201,-22.205,27.799
yaw115_pitch+015,115,15,91.037,-8.753,23.963
yaw115_pitch+020,115,20,90.485,-4.532,24.515
yaw115_pitch+025,115,25,87.023,-2.146,27.977
yaw115_pitch+030,115,30,86.413,0.644,28.587
yaw115_pitch+035,115,35,86.981,3.384,28.019
yaw115_pitch+040,115,40,82.756,6.480,32.244
yaw115_pitch+045,115,45,80.617,11.363,34.383
yaw115_pitch+050,115,50,84.767,18.283,30.233
yaw115_pitch+055,115,55,87.216,26.828,27.784
yaw115_pitch+060,115,60,89.973,32.089,25.027
yaw115_pitch+065,115,65,93.521,40.689,21.479
yaw115_pitch+070,115,70,90.837,47.895,24.163
yaw115_pitch+075,115,75,90.597,60.721,24.403
yaw115_pitch+080,115,80,91.875,70.178,23.125
yaw115_pitch+085,115,85,86.300,79.180,28.700
yaw115_pitch+090,115,90,86.163,87.631,28.837
yaw120_pitch-090,120,-90,154.175,-82.177,34.175
yaw120_pitch-085,120,-85,160.642,-80.541,40.642
yaw120_pitch-080,120,-80,165.992,-72.095,45.992
yaw120_pitch-075,120,-75,167.710,-69.874,47.710
yaw120_pitch-070,120,-70,162.486,-66.399,42.486
yaw120_pitch-065,120,-65,159.446,-62.483,39.446
yaw120_pitch-060,120,-60,162.271,-50.966,42.271
yaw120_pitch-055,120,-55,162.921,-47.404,42.921
yaw120_pitch-050,120,-50,163.693,-45.852,43.693
yaw120_pitch-045,120,-45,160.689,-49.198,40.689
yaw120_pitch-040,120,-40,156.929,-49.125,36.929
yaw120_pitch-035,120,-35,151.938,-48.660,31.938
yaw120_pitch-030,120,-30,144.987,-46.363,24.987
yaw120_pitch-025,120,-25,135.975,-45.322,15.975
yaw120_pitch-020,120,-20,126.571,-44.647,6.571
yaw120_pitch-015,120,-15,113.523,-43.297,6.477
yaw120_pitch-010,120,-10,98.991,-43.536,21.009
yaw120_pitch-005,120,-5,86.317,-40.497,33.683
yaw120_pitch+000,120,0,81.977,-36.627,38.023
yaw120_pitch+005,120,5,79.697,-31.955,40.303
yaw120_pitch+010,120,10,86.258,-24.572,33.742
yaw120_pitch+015,120,15,92.936,-13.287,27.064
yaw120_pitch+020,120,20,100.659,-6.262,19.341
yaw120_pitch+025,120,25,101.036,-1.863,18.964
yaw120_pitch+030,120,30,98.957,3.141,21.043
yaw120_pitch+035,120,35,99.135,5.379,20.865
yaw120_pitch+040,120,40,94.830,8.563,25.170
yaw120_pitch+045,120,45,96.683,12.387,23.317
yaw120_pitch+050,120,50,98.330,18.485,21.670
yaw120_pitch+055,120,55,102.024,26.917,17.976
yaw120_pitch+060,120,60,100.607,33.165,19.393
yaw120_pitch+065,120,65,99.323,40.591,20.677
yaw120_pitch+070,120,70,99.223,50.776,20.777
yaw120_pitch+075,120,75,97.234,61.251,22.766
yaw120_pitch+080,120,80,95.731,69.798,24.269
yaw120_pitch+085,120,85,96.334,81.304,23.666
yaw120_pitch+090,120,90,100.574,89.510,19.426
yaw125_pitch-090,125,-90,156.789,-83.061,31.789
yaw125_pitch-085,125,-85,159.537,-88.501,34.537
yaw125_pitch-080,125,-80,162.279,-80.945,37.279
yaw125_pitch-075,125,-75,164.551,-74.703,39.551
yaw125_pitch-070,125,-70,160.955,-71.596,35.955
yaw125_pitch-065,125,-65,163.814,-61.475,38.814
yaw125_pitch-060,125,-60,162.617,-54.427,37.617
yaw125_pitch-055,125,-55,164.147,-47.873,39.147
yaw125_pitch-050,125,-50,163.965,-46.213,38.965
yaw125_pitch-045,125,-45,161.028,-48.804,36.028
yaw125_pitch-040,125,-40,155.196,-47.867,30.196
yaw125_pitch-035,125,-35,147.757,-45.798,22.757
yaw125_pitch-030,125,-30,140.602,-46.469,15.602
yaw125_pitch-025,125,-25,127.930,-45.993,2.930
yaw125_pitch-020,125,-20,113.942,-44.754,11.058
yaw125_pitch-015,125,-15,100.175,-44.094,24.825
yaw125_pitch-010,125,-10,86.680,-41.682,38.320
yaw125_pitch-005,125,-5,77.762,-39.618,47.238
yaw125_pitch+000,125,0,75.577,-36.363,49.423
yaw125_pitch+005,125,5,77.321,-31.606,47.679
yaw125_pitch+010,125,10,82.429,-25.375,42.571
yaw125_pitch+015,125,15,92.551,-15.517,32.449
yaw125_pitch+020,125,20,97.918,-10.585,27.082
yaw125_pitch+025,125,25,110.412,-0.704,14.588
yaw125_pitch+030,125,30,113.606,3.287,11.394
yaw125_pitch+035,125,35,116.233,6.908,8.767
yaw125_pitch+040,125,40,112.393,9.397,12.607
yaw125_pitch+045,125,45,115.958,16.057,9.042
yaw125_pitch+050,125,50,113.702,21.333,11.298
yaw125_pitch+055,125,55,112.388,27.673,12.612
yaw125_pitch+060,125,60,108.775,30.639,16.225
yaw125_pitch+065,125,65,104.973,37.559,20.027
yaw125_pitch+070,125,70,102.520,51.132,22.480
yaw125_pitch+075,125,75,100.616,60.391,24.384
yaw125_pitch+080,125,80,99.219,70.262,25.781
yaw125_pitch+085,125,85,95.858,82.406,29.142
yaw125_pitch+090,125,90,97.566,87.198,27.434
yaw130_pitch-090,130,-90,161.518,-85.791,31.518
yaw130_pitch-085,130,-85,162.172,-90.000,32.172
yaw130_pitch-080,130,-80,162.200,-85.785,32.200
yaw130_pitch-075,130,-75,164.314,-83.735,34.314
yaw130_pitch-070,130,-70,163.532,-71.962,33.532
yaw130_pitch-065,130,-65,164.941,-64.068,34.941
yaw130_pitch-060,130,-60,167.369,-55.277,37.369
yaw130_pitch-055,130,-55,168.671,-51.089,38.671
yaw130_pitch-050,130,-50,168.284,-49.763,38.284
yaw130_pitch-045,130,-45,166.299,-48.975,36.299
yaw130_pitch-040,130,-40,158.313,-47.561,28.313
yaw130_pitch-035,130,-35,149.010,-46.762,19.010
yaw130_pitch-030,130,-30,138.341,-47.866,8.341
yaw130_pitch-025,130,-25,119.205,-46.164,10.795
yaw130_pitch-020,130,-20,104.637,-43.309,25.363
yaw130_pitch-015,130,-15,86.913,-41.851,43.087
yaw130_pitch-010,130,-10,77.742,-44.153,52.258
yaw130_pitch-005,130,-5,72.356,-39.487,57.644
yaw130_pitch+000,130,0,71.117,-38.460,58.883
yaw130_pitch+005,130,5,78.668,-32.449,51.332
yaw130_pitch+010,130,10,86.437,-25.652,43.563
yaw130_pitch+015,130,15,96.061,-17.352,33.939
yaw130_pitch+020,130,20,105.667,-11.554,24.333
yaw130_pitch+025,130,25,112.939,-4.593,17.061
yaw130_pitch+030,130,30,118.262,1.171,11.738
yaw130_pitch+035,130,35,123.136,6.356,6.864
yaw130_pitch+040,130,40,127.156,12.437,2.844
yaw130_pitch+045,130,45,126.180,15.260,3.820
yaw130_pitch+050,130,50,126.314,21.991,3.686
yaw130_pitch+055,130,55,123.694,26.419,6.306
yaw130_pitch+060,130,60,121.082,29.511,8.918
yaw130_pitch+065,130,65,115.156,34.503,14.844
yaw130_pitch+070,130,70,110.732,47.706,19.268
yaw130_pitch+075,130,75,106.913,59.280,23.087
yaw130_pitch+080,130,80,103.669,72.993,26.331
yaw130_pitch+085,130,85,99.078,81.833,30.922
yaw130_pitch+090,130,90,103.469,90.000,26.531
yaw135_pitch-090,135,-90,166.765,-89.294,31.765
yaw135_pitch-085,135,-85,168.367,-88.160,33.367
yaw135_pitch-080,135,-80,168.668,-87.499,33.668
yaw135_pitch-075,135,-75,168.925,-83.151,33.925
yaw135_pitch-070,135,-70,172.050,-73.072,37.050
yaw135_pitch-065,135,-65,174.853,-65.399,39.853
yaw135_pitch-060,135,-60,174.519,-60.851,39.519
yaw135_pitch-055,135,-55,173.090,-53.807,38.090
yaw135_pitch-050,135,-50,172.695,-50.630,37.695
yaw135_pitch-045,135,-45,167.836,-52.169,32.836
yaw135_pitch-040,135,-40,161.168,-48.637,26.168
yaw135_pitch-035,135,-35,150.737,-47.939,15.737
yaw135_pitch-030,135,-30,136.521,-47.746,1.521
yaw135_pitch-025,135,-25,116.496,-44.141,18.504
yaw135_pitch-020,135,-20,91.170,-45.587,43.830
yaw135_pitch-015,135,-15,75.666,-45.266,59.334
yaw135_pitch-010,135,-10,69.876,-41.249,65.124
yaw135_pitch-005,135,-5,67.711,-39.766,67.289
yaw135_pitch+000,135,0,69.491,-36.437,65.509
yaw135_pitch+005,135,5,80.653,-32.327,54.347
yaw135_pitch+010,135,10,96.260,-25.521,38.740
yaw135_pitch+015,135,15,107.658,-15.844,27.342
yaw135_pitch+020,135,20,117.126,-6.474,17.874
yaw135_pitch+025,135,25,115.040,-7.442,19.960
yaw135_pitch+030,135,30,119.686,0.246,15.314
yaw135_pitch+035,135,35,122.507,5.510,12.493
yaw135_pitch+040,135,40,129.220,9.656,5.780
yaw135_pitch+045,135,45,133.012,18.503,1.988
yaw135_pitch+050,135,50,132.988,21.344,2.012
yaw135_pitch+055,135,55,130.208,25.728,4.792
yaw135_pitch+060,135,60,129.103,28.694,5.897
yaw135_pitch+065,135,65,125.927,36.911,9.073
yaw135_pitch+070,135,70,119.543,49.037,15.457
yaw135_pitch+075,135,75,113.001,60.416,21.999
yaw135_pitch+080,135,80,105.595,73.763,29.405
yaw135_pitch+085,135,85,105.263,85.711,29.737
yaw135_pitch+090,135,90,106.536,90.000,28.464
yaw140_pitch-090,140,-90,175.710,-88.388,35.710
yaw140_pitch-085,140,-85,174.569,-90.000,34.569
yaw140_pitch-080,140,-80,174.373,-87.981,34.373
yaw140_pitch-075,140,-75,175.006,-82.177,35.006
yaw140_pitch-070,140,-70,175.638,-76.972,35.638
yaw140_pitch-065,140,-65,180.943,-64.596,40.943
yaw140_pitch-060,140,-60,179.109,-61.250,39.109
yaw140_pitch-055,140,-55,178.718,-56.245,38.718
yaw140_pitch-050,140,-50,177.305,-55.010,37.305
yaw140_pitch-045,140,-45,174.852,-52.060,34.852
yaw140_pitch-040,140,-40,167.582,-47.519,27.582
yaw140_pitch-035,140,-35,156.316,-47.961,16.316
yaw140_pitch-030,140,-30,142.369,-47.902,2.369
yaw140_pitch-025,140,-25,119.433,-45.763,20.567
yaw140_pitch-020,140,-20,87.774,-49.808,52.226
yaw140_pitch-015,140,-15,70.405,-42.948,69.595
yaw140_pitch-010,140,-10,63.767,-43.604,76.233
yaw140_pitch-005,140,-5,62.288,-40.473,77.712
yaw140_pitch+000,140,0,68.853,-33.686,71.147
yaw140_pitch+005,140,5,82.689,-28.586,57.311
yaw140_pitch+010,140,10,97.950,-23.270,42.050
yaw140_pitch+015,140,15,119.406,-13.214,20.594
yaw140_pitch+020,140,20,133.047,-9.870,6.953
yaw140_pitch+025,140,25,126.611,-3.251,13.389
yaw140_pitch+030,140,30,123.271,-0.884,16.729
yaw140_pitch+035,140,35,126.938,6.497,13.062
yaw140_pitch+040,140,40,131.227,10.866,8.773
yaw140_pitch+045,140,45,137.646,15.708,2.354
yaw140_pitch+050,140,50,136.407,20.024,3.593
yaw140_pitch+055,140,55,137.930,23.724,2.070
yaw140_pitch+060,140,60,133.895,28.055,6.105
yaw140_pitch+065,140,65,129.222,37.357,10.778
yaw140_pitch+070,140,70,125.576,46.672,14.424
yaw140_pitch+075,140,75,118.903,63.183,21.097
yaw140_pitch+080,140,80,114.828,74.508,25.172
yaw140_pitch+085,140,85,111.108,84.529,28.892
yaw140_pitch+090,140,90,112.720,90.000,27.280
yaw145_pitch-090,145,-90,184.655,-87.309,39.655
yaw145_pitch-085,145,-85,180.815,-89.268,35.815
yaw145_pitch-080,145,-80,180.006,-87.081,35.006
yaw145_pitch-075,145,-75,180.169,-82.437,35.169
yaw145_pitch-070,145,-70,181.803,-75.512,36.803
yaw145_pitch-065,145,-65,184.241,-68.573,39.241
yaw145_pitch-060,145,-60,184.148,-60.055,39.148
yaw145_pitch-055,145,-55,182.248,-58.926,37.248
yaw145_pitch-050,145,-50,184.505,-52.552,39.505
yaw145_pitch-045,145,-45,182.747,-49.675,37.747
yaw145_pitch-040,145,-40,176.253,-48.264,31.253
yaw145_pitch-035,145,-35,163.006,-49.288,18.006
yaw145_pitch-030,145,-30,150.695,-48.156,5.695
yaw145_pitch-025,145,-25,124.697,-47.053,20.303
yaw145_pitch-020,145,-20,90.674,-46.567,54.326
yaw145_pitch-015,145,-15,69.578,-46.012,75.422
yaw145_pitch-010,145,-10,60.914,-43.592,84.086
yaw145_pitch-005,145,-5,58.517,-38.423,86.483
yaw145_pitch+000,145,0,69.071,-33.532,75.929
yaw145_pitch+005,145,5,71.612,-24.832,73.388
yaw145_pitch+010,145,10,82.215,-2.376,62.785
yaw145_pitch+015,145,15,123.212,9.183,21.788
yaw145_pitch+020,145,20,150.480,-7.151,5.480
yaw145_pitch+025,145,25,139.273,-6.107,5.727
yaw145_pitch+030,145,30,131.064,-2.536,13.936
yaw145_pitch+035,145,35,132.905,4.889,12.095
yaw145_pitch+040,145,40,136.196,14.343,8.804
yaw145_pitch+045,145,45,138.950,18.398,6.050
yaw145_pitch+050,145,50,137.336,21.815,7.664
yaw145_pitch+055,145,55,138.115,24.879,6.885
yaw145_pitch+060,145,60,134.827,28.705,10.173
yaw145_pitch+065,145,65,132.302,35.972,12.698
yaw145_pitch+070,145,70,131.931,47.704,13.069
yaw145_pitch+075,145,75,128.740,61.832,16.260
yaw145_pitch+080,145,80,125.384,73.996,19.616
yaw145_pitch+085,145,85,121.948,83.986,23.052
yaw145_pitch+090,145,90,122.375,90.000,22.625
yaw150_pitch-090,150,-90,186.224,-85.401,36.224
yaw150_pitch-085,150,-85,181.468,-86.079,31.468
yaw150_pitch-080,150,-80,181.324,-86.691,31.324
yaw150_pitch-075,150,-75,184.301,-80.668,34.301
yaw150_pitch-070,150,-70,185.394,-74.039,35.394
yaw150_pitch-065,150,-65,188.977,-66.240,38.977
yaw150_pitch-060,150,-60,188.771,-62.179,38.771
yaw150_pitch-055,150,-55,190.917,-57.209,40.917
yaw150_pitch-050,150,-50,193.343,-46.102,43.343
yaw150_pitch-045,150,-45,188.376,-51.494,38.376
yaw150_pitch-040,150,-40,182.000,-51.589,32.000
yaw150_pitch-035,150,-35,170.790,-51.435,20.790
yaw150_pitch-030,150,-30,158.482,-47.894,8.482
yaw150_pitch-025,150,-25,136.285,-50.689,13.715
yaw150_pitch-020,150,-20,110.888,-47.467,39.112
yaw150_pitch-015,150,-15,76.157,-46.481,73.843
yaw150_pitch-010,150,-10,59.822,-44.190,90.178
yaw150_pitch-005,150,-5,59.046,-38.512,90.954
yaw150_pitch+000,150,0,66.617,-34.358,83.383
yaw150_pitch+005,150,5,68.257,-24.623,81.743
yaw150_pitch+010,150,10,72.143,-3.019,77.857
yaw150_pitch+015,150,15,125.111,14.890,24.889
yaw150_pitch+020,150,20,158.276,-1.134,8.276
yaw150_pitch+025,150,25,146.210,-3.633,3.790
yaw150_pitch+030,150,30,136.603,2.153,13.397
yaw150_pitch+035,150,35,138.617,8.315,11.383
yaw150_pitch+040,150,40,139.303,13.725,10.697
yaw150_pitch+045,150,45,137.832,19.716,12.168
yaw150_pitch+050,150,50,138.780,22.631,11.220
yaw150_pitch+055,150,55,138.385,24.633,11.615
yaw150_pitch+060,150,60,133.897,26.521,16.103
yaw150_pitch+065,150,65,131.416,36.060,18.584
yaw150_pitch+070,150,70,126.812,50.053,23.188
yaw150_pitch+075,150,75,126.741,65.376,23.259
yaw150_pitch+080,150,80,124.136,76.397,25.864
yaw150_pitch+085,150,85,125.548,85.382,24.452
yaw150_pitch+090,150,90,125.338,87.459,24.662
yaw155_pitch-090,155,-90,190.688,-89.549,35.688
yaw155_pitch-085,155,-85,189.708,-83.690,34.708
yaw155_pitch-080,155,-80,188.155,-82.119,33.155
yaw155_pitch-075,155,-75,189.192,-80.156,34.192
yaw155_pitch-070,155,-70,189.290,-70.076,34.290
yaw155_pitch-065,155,-65,190.867,-64.730,35.867
yaw155_pitch-060,155,-60,191.136,-63.062,36.136
yaw155_pitch-055,155,-55,194.073,-58.180,39.073
yaw155_pitch-050,155,-50,192.938,-56.716,37.938
yaw155_pitch-045,155,-45,194.308,-49.049,39.308
yaw155_pitch-040,155,-40,190.703,-50.485,35.703
yaw155_pitch-035,155,-35,183.100,-50.084,28.100
yaw155_pitch-030,155,-30,166.828,-50.762,11.828
yaw155_pitch-025,155,-25,150.564,-51.122,4.436
yaw155_pitch-020,155,-20,125.218,-50.559,29.782
yaw155_pitch-015,155,-15,88.221,-46.847,66.779
yaw155_pitch-010,155,-10,67.533,-42.453,87.467
yaw155_pitch-005,155,-5,62.636,-38.792,92.364
yaw155_pitch+000,155,0,66.414,-32.378,88.586
yaw155_pitch+005,155,5,77.532,-26.387,77.468
yaw155_pitch+010,155,10,88.449,-9.309,66.551
yaw155_pitch+015,155,15,132.736,-1.129,22.264
yaw155_pitch+020,155,20,150.492,1.028,4.508
yaw155_pitch+025,155,25,140.354,0.568,14.646
yaw155_pitch+030,155,30,139.458,-0.605,15.542
yaw155_pitch+035,155,35,141.553,8.501,13.447
yaw155_pitch+040,155,40,137.692,13.608,17.308
yaw155_pitch+045,155,45,141.004,18.255,13.996
yaw155_pitch+050,155,50,139.720,22.493,15.280
yaw155_pitch+055,155,55,139.353,24.641,15.647
yaw155_pitch+060,155,60,136.202,28.858,18.798
yaw155_pitch+065,155,65,132.957,33.573,22.043
yaw155_pitch+070,155,70,123.635,47.129,31.365
yaw155_pitch+075,155,75,133.218,66.870,21.782
yaw155_pitch+080,155,80,129.502,75.457,25.498
yaw155_pitch+085,155,85,130.480,85.710,24.520
yaw155_pitch+090,155,90,130.390,89.021,24.610
yaw160_pitch-090,160,-90,192.867,-87.292,32.867
yaw160_pitch-085,160,-85,193.167,-85.174,33.167
yaw160_pitch-080,160,-80,193.370,-81.177,33.370
yaw160_pitch-075,160,-75,191.287,-77.196,31.287
yaw160_pitch-070,160,-70,189.475,-72.724,29.475
yaw160_pitch-065,160,-65,190.551,-60.481,30.551
yaw160_pitch-060,160,-60,190.154,-61.476,30.154
yaw160_pitch-055,160,-55,190.257,-60.464,30.257
yaw160_pitch-050,160,-50,193.465,-51.726,33.465
yaw160_pitch-045,160,-45,192.089,-48.210,32.089
yaw160_pitch-040,160,-40,189.081,-49.515,29.081
yaw160_pitch-035,160,-35,184.145,-51.317,24.145
yaw160_pitch-030,160,-30,177.966,-53.847,17.966
yaw160_pitch-025,160,-25,161.035,-53.765,1.035
yaw160_pitch-020,160,-20,142.652,-50.995,17.348
yaw160_pitch-015,160,-15,126.943,-47.460,33.057
yaw160_pitch-010,160,-10,107.508,-44.226,52.492
yaw160_pitch-005,160,-5,96.715,-39.187,63.285
yaw160_pitch+000,160,0,91.253,-32.872,68.747
yaw160_pitch+005,160,5,94.628,-25.076,65.372
yaw160_pitch+010,160,10,120.385,-17.068,39.615
yaw160_pitch+015,160,15,140.223,-8.897,19.777
yaw160_pitch+020,160,20,147.979,-5.655,12.021
yaw160_pitch+025,160,25,148.796,-6.204,11.204
yaw160_pitch+030,160,30,148.057,-2.330,11.943
yaw160_pitch+035,160,35,143.171,7.343,16.829
yaw160_pitch+040,160,40,139.700,15.909,20.300
yaw160_pitch+045,160,45,141.719,19.018,18.281
yaw160_pitch+050,160,50,142.655,22.417,17.345
yaw160_pitch+055,160,55,141.115,25.342,18.885
yaw160_pitch+060,160,60,138.434,29.057,21.566
yaw160_pitch+065,160,65,133.494,38.243,26.506
yaw160_pitch+070,160,70,126.270,50.271,33.730
yaw160_pitch+075,160,75,135.441,68.103,24.559
yaw160_pitch+080,160,80,136.686,77.171,23.314
yaw160_pitch+085,160,85,135.568,85.252,24.432
yaw160_pitch+090,160,90,134.488,89.800,25.512
yaw165_pitch-090,165,-90,200.561,-87.069,35.561
yaw165_pitch-085,165,-85,199.129,-85.132,34.129
yaw165_pitch-080,165,-80,197.099,-80.933,32.099
yaw165_pitch-075,165,-75,196.994,-75.127,31.994
yaw165_pitch-070,165,-70,191.462,-72.243,26.462
yaw165_pitch-065,165,-65,186.732,-64.476,21.732
yaw165_pitch-060,165,-60,185.655,-57.080,20.655
yaw165_pitch-055,165,-55,182.677,-56.903,17.677
yaw165_pitch-050,165,-50,182.692,-53.962,17.692
yaw165_pitch-045,165,-45,184.339,-51.527,19.339
yaw165_pitch-040,165,-40,184.710,-50.166,19.710
yaw165_pitch-035,165,-35,181.914,-52.706,16.914
yaw165_pitch-030,165,-30,176.201,-57.043,11.201
yaw165_pitch-025,165,-25,171.632,-54.599,6.632
yaw165_pitch-020,165,-20,160.237,-51.985,4.763
yaw165_pitch-015,165,-15,152.152,-46.738,12.848
yaw165_pitch-010,165,-10,145.290,-43.511,19.710
yaw165_pitch-005,165,-5,137.017,-38.624,27.983
yaw165_pitch+000,165,0,133.912,-30.003,31.088
yaw165_pitch+005,165,5,136.342,-25.060,28.658
yaw165_pitch+010,165,10,141.473,-17.280,23.527
yaw165_pitch+015,165,15,144.587,-13.675,20.413
yaw165_pitch+020,165,20,151.323,-9.306,13.677
yaw165_pitch+025,165,25,151.760,-6.427,13.240
yaw165_pitch+030,165,30,146.957,2.311,18.043
yaw165_pitch+035,165,35,145.439,10.465,19.561
yaw165_pitch+040,165,40,142.156,17.751,22.844
yaw165_pitch+045,165,45,142.676,19.013,22.324
yaw165_pitch+050,165,50,142.898,22.017,22.102
yaw165_pitch+055,165,55,141.362,24.170,23.638
yaw165_pitch+060,165,60,139.836,28.936,25.164
yaw165_pitch+065,165,65,134.959,41.094,30.041
yaw165_pitch+070,165,70,127.479,53.968,37.521
yaw165_pitch+075,165,75,139.151,69.046,25.849
yaw165_pitch+080,165,80,136.646,77.243,28.354
yaw165_pitch+085,165,85,139.841,86.242,25.159
yaw165_pitch+090,165,90,137.985,89.881,27.015
yaw170_pitch-090,170,-90,205.207,-89.740,35.207
yaw170_pitch-085,170,-85,201.151,-85.783,31.151
yaw170_pitch-080,170,-80,199.994,-81.959,29.994
yaw170_pitch-075,170,-75,195.717,-80.352,25.717
yaw170_pitch-070,170,-70,192.285,-72.334,22.285
yaw170_pitch-065,170,-65,182.962,-70.462,12.962
yaw170_pitch-060,170,-60,175.283,-57.589,5.283
yaw170_pitch-055,170,-55,156.703,-57.444,13.297
yaw170_pitch-050,170,-50,151.686,-59.388,18.314
yaw170_pitch-045,170,-45,157.002,-56.578,12.998
yaw170_pitch-040,170,-40,167.401,-54.386,2.599
yaw170_pitch-035,170,-35,170.020,-56.250,0.020
yaw170_pitch-030,170,-30,176.292,-57.838,6.292
yaw170_pitch-025,170,-25,173.158,-56.826,3.158
yaw170_pitch-020,170,-20,168.520,-53.580,1.480
yaw170_pitch-015,170,-15,161.555,-48.615,8.445
yaw170_pitch-010,170,-10,158.431,-41.035,11.569
yaw170_pitch-005,170,-5,154.329,-36.824,15.671
yaw170_pitch+000,170,0,156.567,-30.668,13.433
yaw170_pitch+005,170,5,155.433,-22.975,14.567
yaw170_pitch+010,170,10,158.261,-16.031,11.739
yaw170_pitch+015,170,15,157.059,-12.701,12.941
yaw170_pitch+020,170,20,154.958,-9.351,15.042
yaw170_pitch+025,170,25,153.383,-3.699,16.617
yaw170_pitch+030,170,30,145.933,2.828,24.067
yaw170_pitch+035,170,35,146.959,8.778,23.041
yaw170_pitch+040,170,40,142.385,17.692,27.615
yaw170_pitch+045,170,45,144.561,19.528,25.439
yaw170_pitch+050,170,50,142.024,23.025,27.976
yaw170_pitch+055,170,55,142.150,24.335,27.850
yaw170_pitch+060,170,60,141.805,32.985,28.195
yaw170_pitch+065,170,65,137.130,41.093,32.870
yaw170_pitch+070,170,70,139.248,57.918,30.752
yaw170_pitch+075,170,75,139.264,69.320,30.736
yaw170_pitch+080,170,80,136.867,77.605,33.133
yaw170_pitch+085,170,85,137.394,85.263,32.606
yaw170_pitch+090,170,90,139.596,89.734,30.404
yaw175_pitch-090,175,-90,206.061,-90.000,31.061
yaw175_pitch-085,175,-85,203.225,-87.769,28.225
yaw175_pitch-080,175,-80,201.338,-86.328,26.338
yaw175_pitch-075,175,-75,192.390,-79.841,17.390
yaw175_pitch-070,175,-70,187.476,-70.192,12.476
yaw175_pitch-065,175,-65,166.728,-69.891,8.272
yaw175_pitch-060,175,-60,102.727,-60.607,72.273
yaw175_pitch-055,175,-55,58.024,-60.585,116.976
yaw175_pitch-050,175,-50,53.324,-61.699,121.676
yaw175_pitch-045,175,-45,53.470,-59.564,121.530
yaw175_pitch-040,175,-40,60.120,-57.004,114.880
yaw175_pitch-035,175,-35,108.246,-56.437,66.754
yaw175_pitch-030,175,-30,149.670,-58.110,25.330
yaw175_pitch-025,175,-25,165.917,-57.378,9.083
yaw175_pitch-020,175,-20,168.869,-53.739,6.131
yaw175_pitch-015,175,-15,164.856,-46.730,10.144
yaw175_pitch-010,175,-10,164.020,-44.522,10.980
yaw175_pitch-005,175,-5,162.745,-35.909,12.255
yaw175_pitch+000,175,0,167.742,-26.542,7.258
yaw175_pitch+005,175,5,162.798,-19.236,12.202
yaw175_pitch+010,175,10,164.755,-13.686,10.245
yaw175_pitch+015,175,15,162.504,-11.833,12.496
yaw175_pitch+020,175,20,164.163,-8.424,10.837
yaw175_pitch+025,175,25,159.626,-3.074,15.374
yaw175_pitch+030,175,30,150.184,3.791,24.816
yaw175_pitch+035,175,35,151.235,8.648,23.765
yaw175_pitch+040,175,40,150.893,15.314,24.107
yaw175_pitch+045,175,45,145.179,19.193,29.821
yaw175_pitch+050,175,50,143.398,21.697,31.602
yaw175_pitch+055,175,55,142.657,27.002,32.343
yaw175_pitch+060,175,60,143.326,35.999,31.674
yaw175_pitch+065,175,65,147.187,48.027,27.813
yaw175_pitch+070,175,70,142.765,63.052,32.235
yaw175_pitch+075,175,75,138.434,69.790,36.566
yaw175_pitch+080,175,80,135.649,77.856,39.351
yaw175_pitch+085,175,85,137.216,85.317,37.784
yaw175_pitch+090,175,90,141.656,90.000,33.344
yaw180_pitch-090,180,-90,213.093,-87.535,33.093
yaw180_pitch-085,180,-85,209.947,-87.374,29.947
yaw180_pitch-080,180,-80,205.673,-83.095,25.673
yaw180_pitch-075,180,-75,201.415,-82.796,21.415
yaw180_pitch-070,180,-70,188.398,-74.941,8.398
yaw180_pitch-065,180,-65,134.132,-73.800,45.868
yaw180_pitch-060,180,-60,43.541,-64.362,136.459
yaw180_pitch-055,180,-55,36.055,-60.962,143.945
yaw180_pitch-050,180,-50,35.347,-63.481,144.653
yaw180_pitch-045,180,-45,34.122,-62.377,145.878
yaw180_pitch-040,180,-40,36.086,-56.622,143.914
yaw180_pitch-035,180,-35,39.577,-58.064,140.423
yaw180_pitch-030,180,-30,46.417,-58.304,133.583
yaw180_pitch-025,180,-25,118.276,-56.686,61.724
yaw180_pitch-020,180,-20,148.084,-50.930,31.916
yaw180_pitch-015,180,-15,160.525,-47.301,19.475
yaw180_pitch-010,180,-10,165.641,-41.026,14.359
yaw180_pitch-005,180,-5,166.400,-35.574,13.600
yaw180_pitch+000,180,0,173.473,-27.488,6.527
yaw180_pitch+005,180,5,174.966,-20.978,5.034
yaw180_pitch+010,180,10,168.475,-13.133,11.525
yaw180_pitch+015,180,15,166.011,-12.665,13.989
yaw180_pitch+020,180,20,167.945,-7.986,12.055
yaw180_pitch+025,180,25,164.177,-1.347,15.823
yaw180_pitch+030,180,30,161.984,4.885,18.016
yaw180_pitch+035,180,35,153.918,6.487,26.082
yaw180_pitch+040,180,40,155.386,14.009,24.614
yaw180_pitch+045,180,45,152.797,18.065,27.203
yaw180_pitch+050,180,50,149.608,22.055,30.392
yaw180_pitch+055,180,55,150.744,27.446,29.256
yaw180_pitch+060,180,60,151.744,37.576,28.256
yaw180_pitch+065,180,65,149.026,51.560,30.974
yaw180_pitch+070,180,70,145.218,61.942,34.782
yaw180_pitch+075,180,75,142.285,71.270,37.715
yaw180_pitch+080,180,80,139.859,80.383,40.141
yaw180_pitch+085,180,85,137.698,86.428,42.302
yaw180_pitch+090,180,90,141.499,90.000,38.501
yaw185_pitch-090,185,-90,219.379,-89.434,34.379
yaw185_pitch-085,185,-85,215.989,-87.512,30.989
yaw185_pitch-080,185,-80,214.588,-82.970,29.588
yaw185_pitch-075,185,-75,217.536,-78.963,32.536
yaw185_pitch-070,185,-70,246.877,-75.012,61.877
yaw185_pitch-065,185,-65,14.546,-61.691,170.454
yaw185_pitch-060,185,-60,23.568,-59.188,161.432
yaw185_pitch-055,185,-55,28.407,-59.944,156.593
yaw185_pitch-050,185,-50,26.835,-59.914,158.165
yaw185_pitch-045,185,-45,28.446,-59.756,156.554
yaw185_pitch-040,185,-40,28.183,-58.429,156.817
yaw185_pitch-035,185,-35,30.309,-58.012,154.691
yaw185_pitch-030,185,-30,32.107,-54.963,152.893
yaw185_pitch-025,185,-25,45.338,-56.290,139.662
yaw185_pitch-020,185,-20,67.642,-52.101,117.358
yaw185_pitch-015,185,-15,118.591,-45.886,66.409
yaw185_pitch-010,185,-10,163.158,-44.402,21.842
yaw185_pitch-005,185,-5,163.847,-36.094,21.153
yaw185_pitch+000,185,0,174.611,-25.318,10.389
yaw185_pitch+005,185,5,174.341,-15.948,10.659
yaw185_pitch+010,185,10,172.231,-11.329,12.769
yaw185_pitch+015,185,15,168.582,-7.555,16.418
yaw185_pitch+020,185,20,170.306,-4.530,14.694
yaw185_pitch+025,185,25,169.378,-1.304,15.622
yaw185_pitch+030,185,30,166.561,3.638,18.439
yaw185_pitch+035,185,35,162.945,3.624,22.055
yaw185_pitch+040,185,40,166.236,11.748,18.764
yaw185_pitch+045,185,45,160.375,17.567,24.625
yaw185_pitch+050,185,50,163.105,21.750,21.895
yaw185_pitch+055,185,55,161.711,25.923,23.289
yaw185_pitch+060,185,60,157.070,36.754,27.930
yaw185_pitch+065,185,65,154.077,50.465,30.923
yaw185_pitch+070,185,70,151.431,60.299,33.569
yaw185_pitch+075,185,75,151.014,73.192,33.986
yaw185_pitch+080,185,80,147.964,80.489,37.036
yaw185_pitch+085,185,85,147.230,85.363,37.770
yaw185_pitch+090,185,90,150.257,90.000,34.743
yaw190_pitch-090,190,-90,224.080,-89.147,34.080
yaw190_pitch-085,190,-85,222.757,-85.147,32.757
yaw190_pitch-080,190,-80,220.952,-78.609,30.952
yaw190_pitch-075,190,-75,225.286,-73.247,35.286
yaw190_pitch-070,190,-70,232.344,-73.338,42.344
yaw190_pitch-065,190,-65,329.880,-61.992,139.880
yaw190_pitch-060,190,-60,3.559,-59.567,173.559
yaw190_pitch-055,190,-55,16.275,-58.160,173.725
yaw190_pitch-050,190,-50,15.123,-54.817,174.877
yaw190_pitch-045,190,-45,18.718,-56.929,171.282
yaw190_pitch-040,190,-40,20.319,-54.544,169.681
yaw190_pitch-035,190,-35,20.565,-54.637,169.435
yaw190_pitch-030,190,-30,22.648,-54.516,167.352
yaw190_pitch-025,190,-25,26.464,-54.249,163.536
yaw190_pitch-020,190,-20,31.565,-50.349,158.435
yaw190_pitch-015,190,-15,36.500,-45.731,153.500
yaw190_pitch-010,190,-10,89.525,-45.151,100.475
yaw190_pitch-005,190,-5,143.557,-33.198,46.443
yaw190_pitch+000,190,0,169.268,-27.120,20.732
yaw190_pitch+005,190,5,174.835,-16.841,15.165
yaw190_pitch+010,190,10,171.730,-12.322,18.270
yaw190_pitch+015,190,15,172.158,-7.194,17.842
yaw190_pitch+020,190,20,173.369,-0.859,16.631
yaw190_pitch+025,190,25,177.266,-0.675,12.734
yaw190_pitch+030,190,30,176.013,0.877,13.987
yaw190_pitch+035,190,35,178.809,-0.162,11.191
yaw190_pitch+040,190,40,180.572,7.261,9.428
yaw190_pitch+045,190,45,173.193,14.803,16.807
yaw190_pitch+050,190,50,173.128,20.529,16.872
yaw190_pitch+055,190,55,171.403,25.004,18.597
yaw190_pitch+060,190,60,166.034,35.693,23.966
yaw190_pitch+065,190,65,163.607,48.887,26.393
yaw190_pitch+070,190,70,161.160,60.440,28.840
yaw190_pitch+075,190,75,159.570,72.801,30.430
yaw190_pitch+080,190,80,157.916,80.038,32.084
yaw190_pitch+085,190,85,158.985,85.860,31.015
yaw190_pitch+090,190,90,156.396,90.000,33.604
yaw195_pitch-090,195,-90,229.324,-88.623,34.324
yaw195_pitch-085,195,-85,230.555,-83.996,35.555
yaw195_pitch-080,195,-80,234.570,-75.081,39.570
yaw195_pitch-075,195,-75,236.401,-67.916,41.401
yaw195_pitch-070,195,-70,243.363,-61.600,48.363
yaw195_pitch-065,195,-65,259.651,-49.022,64.651
yaw195_pitch-060,195,-60,273.366,-53.315,78.366
yaw195_pitch-055,195,-55,315.415,-50.396,120.415
yaw195_pitch-050,195,-50,347.731,-50.321,152.731
yaw195_pitch-045,195,-45,0.042,-50.601,165.042
yaw195_pitch-040,195,-40,7.299,-51.485,172.299
yaw195_pitch-035,195,-35,9.620,-51.100,174.620
yaw195_pitch-030,195,-30,15.475,-50.590,179.525
yaw195_pitch-025,195,-25,18.645,-52.273,176.355
yaw195_pitch-020,195,-20,18.540,-49.636,176.460
yaw195_pitch-015,195,-15,29.371,-46.073,165.629
yaw195_pitch-010,195,-10,34.765,-43.337,160.235
yaw195_pitch-005,195,-5,95.703,-32.543,99.297
yaw195_pitch+000,195,0,151.287,-25.913,43.713
yaw195_pitch+005,195,5,175.047,-17.455,19.953
yaw195_pitch+010,195,10,175.999,-13.803,19.001
yaw195_pitch+015,195,15,177.136,-7.144,17.864
yaw195_pitch+020,195,20,182.254,-1.188,12.746
yaw195_pitch+025,195,25,179.352,1.404,15.648
yaw195_pitch+030,195,30,188.216,-0.828,6.784
yaw195_pitch+035,195,35,191.821,-0.339,3.179
yaw195_pitch+040,195,40,190.556,5.965,4.444
yaw195_pitch+045,195,45,190.358,9.801,4.642
yaw195_pitch+050,195,50,187.131,16.510,7.869
yaw195_pitch+055,195,55,181.916,22.328,13.084
yaw195_pitch+060,195,60,178.263,33.789,16.737
yaw195_pitch+065,195,65,173.353,47.424,21.647
yaw195_pitch+070,195,70,169.139,59.421,25.861
yaw195_pitch+075,195,75,169.707,72.111,25.293
yaw195_pitch+080,195,80,167.164,78.238,27.836
yaw195_pitch+085,195,85,164.583,84.587,30.417
yaw195_pitch+090,195,90,163.039,90.000,31.961
yaw200_pitch-090,200,-90,233.455,-90.000,33.455
yaw200_pitch-085,200,-85,236.647,-80.769,36.647
yaw200_pitch-080,200,-80,236.184,-67.739,36.184
yaw200_pitch-075,200,-75,237.050,-60.639,37.050
yaw200_pitch-070,200,-70,239.573,-56.244,39.573
yaw200_pitch-065,200,-65,239.048,-45.941,39.048
yaw200_pitch-060,200,-60,241.551,-45.731,41.551
yaw200_pitch-055,200,-55,246.354,-42.016,46.354
yaw200_pitch-050,200,-50,257.219,-40.942,57.219
yaw200_pitch-045,200,-45,318.820,-44.421,118.820
yaw200_pitch-040,200,-40,344.141,-43.302,144.141
yaw200_pitch-035,200,-35,0.328,-46.730,160.328
yaw200_pitch-030,200,-30,2.141,-46.706,162.141
yaw200_pitch-025,200,-25,8.754,-47.543,168.754
yaw200_pitch-020,200,-20,14.593,-46.017,174.593
yaw200_pitch-015,200,-15,16.314,-44.759,176.314
yaw200_pitch-010,200,-10,25.375,-42.838,174.625
yaw200_pitch-005,200,-5,34.926,-32.495,165.074
yaw200_pitch+000,200,0,30.355,-23.615,169.645
yaw200_pitch+005,200,5,183.558,-17.774,16.442
yaw200_pitch+010,200,10,184.952,-12.984,15.048
yaw200_pitch+015,200,15,184.956,-8.649,15.044
yaw200_pitch+020,200,20,186.884,-5.751,13.116
yaw200_pitch+025,200,25,189.376,-2.618,10.624
yaw200_pitch+030,200,30,193.908,-2.689,6.092
yaw200_pitch+035,200,35,197.669,-0.115,2.331
yaw200_pitch+040,200,40,200.195,3.339,0.195
yaw200_pitch+045,200,45,197.898,8.988,2.102
yaw200_pitch+050,200,50,194.475,13.511,5.525
yaw200_pitch+055,200,55,193.669,17.766,6.331
yaw200_pitch+060,200,60,188.713,32.796,11.287
yaw200_pitch+065,200,65,184.477,46.899,15.523
yaw200_pitch+070,200,70,176.859,59.119,23.141
yaw200_pitch+075,200,75,175.335,71.164,24.665
yaw200_pitch+080,200,80,174.677,77.776,25.323
yaw200_pitch+085,200,85,170.278,82.291,29.722
yaw200_pitch+090,200,90,172.934,88.520,27.066
yaw205_pitch-090,205,-90,236.806,-89.354,31.806
yaw205_pitch-085,205,-85,238.757,-76.147,33.757
yaw205_pitch-080,205,-80,249.841,-63.498,44.841
yaw205_pitch-075,205,-75,254.095,-58.752,49.095
yaw205_pitch-070,205,-70,251.491,-53.052,46.491
yaw205_pitch-065,205,-65,244.741,-50.776,39.741
yaw205_pitch-060,205,-60,238.942,-44.386,33.942
yaw205_pitch-055,205,-55,240.790,-39.367,35.790
yaw205_pitch-050,205,-50,244.842,-39.385,39.842
yaw205_pitch-045,205,-45,255.915,-41.766,50.915
yaw205_pitch-040,205,-40,297.525,-39.073,92.525
yaw205_pitch-035,205,-35,342.123,-40.965,137.123
yaw205_pitch-030,205,-30,355.542,-43.191,150.542
yaw205_pitch-025,205,-25,7.252,-46.387,162.252
yaw205_pitch-020,205,-20,10.799,-44.858,165.799
yaw205_pitch-015,205,-15,14.763,-43.161,169.763
yaw205_pitch-010,205,-10,18.674,-39.505,173.674
yaw205_pitch-005,205,-5,13.649,-30.628,168.649
yaw205_pitch+000,205,0,6.211,-22.932,161.211
yaw205_pitch+005,205,5,202.851,-18.660,2.149
yaw205_pitch+010,205,10,197.801,-13.568,7.199
yaw205_pitch+015,205,15,196.676,-10.780,8.324
yaw205_pitch+020,205,20,196.684,-8.429,8.316
yaw205_pitch+025,205,25,196.149,-3.648,8.851
yaw205_pitch+030,205,30,198.090,-4.245,6.910
yaw205_pitch+035,205,35,201.213,-4.154,3.787
yaw205_pitch+040,205,40,205.126,1.172,0.126
yaw205_pitch+045,205,45,203.257,3.180,1.743
yaw205_pitch+050,205,50,202.275,6.242,2.725
yaw205_pitch+055,205,55,198.054,17.087,6.946
yaw205_pitch+060,205,60,194.306,31.989,10.694
yaw205_pitch+065,205,65,187.963,48.929,17.037
yaw205_pitch+070,205,70,185.046,62.447,19.954
yaw205_pitch+075,205,75,182.845,72.379,22.155
yaw205_pitch+080,205,80,179.953,78.387,25.047
yaw205_pitch+085,205,85,178.314,82.917,26.686
yaw205_pitch+090,205,90,178.312,86.549,26.688
yaw210_pitch-090,210,-90,237.253,-88.891,27.253
yaw210_pitch-085,210,-85,248.935,-75.795,38.935
yaw210_pitch-080,210,-80,268.176,-62.851,58.176
yaw210_pitch-075,210,-75,274.596,-54.183,64.596
yaw210_pitch-070,210,-70,266.555,-48.556,56.555
yaw210_pitch-065,210,-65,256.339,-45.124,46.339
yaw210_pitch-060,210,-60,243.597,-43.873,33.597
yaw210_pitch-055,210,-55,241.348,-39.064,31.348
yaw210_pitch-050,210,-50,247.098,-38.183,37.098
yaw210_pitch-045,210,-45,251.798,-39.500,41.798
yaw210_pitch-040,210,-40,261.597,-42.806,51.597
yaw210_pitch-035,210,-35,291.871,-38.858,81.871
yaw210_pitch-030,210,-30,328.120,-43.093,118.120
yaw210_pitch-025,210,-25,351.094,-44.003,141.094
yaw210_pitch-020,210,-20,356.642,-45.102,146.642
yaw210_pitch-015,210,-15,3.731,-43.370,153.731
yaw210_pitch-010,210,-10,7.410,-38.898,157.410
yaw210_pitch-005,210,-5,6.244,-30.801,156.244
yaw210_pitch+000,210,0,355.215,-25.952,145.215
yaw210_pitch+005,210,5,285.220,-17.256,75.220
yaw210_pitch+010,210,10,222.742,-13.835,12.742
yaw210_pitch+015,210,15,204.359,-10.166,5.641
yaw210_pitch+020,210,20,202.044,-7.180,7.956
yaw210_pitch+025,210,25,200.384,-4.069,9.616
yaw210_pitch+030,210,30,200.353,-5.780,9.647
yaw210_pitch+035,210,35,203.052,-4.795,6.948
yaw210_pitch+040,210,40,205.398,-1.726,4.602
yaw210_pitch+045,210,45,202.981,4.223,7.019
yaw210_pitch+050,210,50,203.482,5.939,6.518
yaw210_pitch+055,210,55,200.962,21.772,9.038
yaw210_pitch+060,210,60,198.702,36.586,11.298
yaw210_pitch+065,210,65,192.699,53.001,17.301
yaw210_pitch+070,210,70,189.968,64.300,20.032
yaw210_pitch+075,210,75,188.143,73.808,21.857
yaw210_pitch+080,210,80,186.241,79.866,23.759
yaw210_pitch+085,210,85,181.343,83.778,28.657
yaw210_pitch+090,210,90,182.333,88.452,27.667
yaw215_pitch-090,215,-90,241.362,-86.755,26.362
yaw215_pitch-085,215,-85,246.238,-75.290,31.238
yaw215_pitch-080,215,-80,261.139,-63.710,46.139
yaw215_pitch-075,215,-75,272.851,-56.480,57.851
yaw215_pitch-070,215,-70,275.468,-52.835,60.468
yaw215_pitch-065,215,-65,272.747,-46.486,57.747
yaw215_pitch-060,215,-60,262.533,-41.154,47.533
yaw215_pitch-055,215,-55,255.499,-39.232,40.499
yaw215_pitch-050,215,-50,251.668,-36.694,36.668
yaw215_pitch-045,215,-45,260.806,-36.925,45.806
yaw215_pitch-040,215,-40,265.740,-39.563,50.740
yaw215_pitch-035,215,-35,283.638,-43.046,68.638
yaw215_pitch-030,215,-30,304.446,-43.690,89.446
yaw215_pitch-025,215,-25,334.603,-44.478,119.603
yaw215_pitch-020,215,-20,349.090,-44.922,134.090
yaw215_pitch-015,215,-15,354.699,-43.578,139.699
yaw215_pitch-010,215,-10,0.965,-41.080,145.965
yaw215_pitch-005,215,-5,2.540,-33.219,147.540
yaw215_pitch+000,215,0,353.466,-24.390,138.466
yaw215_pitch+005,215,5,335.974,-17.585,120.974
yaw215_pitch+010,215,10,273.891,-13.351,58.891
yaw215_pitch+015,215,15,212.274,-10.311,2.726
yaw215_pitch+020,215,20,205.622,-6.889,9.378
yaw215_pitch+025,215,25,201.019,-1.615,13.981
yaw215_pitch+030,215,30,200.979,-3.464,14.021
yaw215_pitch+035,215,35,202.240,-4.776,12.760
yaw215_pitch+040,215,40,203.027,2.524,11.973
yaw215_pitch+045,215,45,202.004,6.390,12.996
yaw215_pitch+050,215,50,201.217,14.286,13.783
yaw215_pitch+055,215,55,201.753,32.116,13.247
yaw215_pitch+060,215,60,200.520,50.017,14.480
yaw215_pitch+065,215,65,195.782,58.030,19.218
yaw215_pitch+070,215,70,193.583,67.854,21.417
yaw215_pitch+075,215,75,191.459,74.928,23.541
yaw215_pitch+080,215,80,191.113,80.330,23.887
yaw215_pitch+085,215,85,189.813,85.311,25.187
yaw215_pitch+090,215,90,184.265,88.362,30.735
yaw220_pitch-090,220,-90,246.638,-88.660,26.638
yaw220_pitch-085,220,-85,250.844,-83.006,30.844
yaw220_pitch-080,220,-80,258.428,-70.039,38.428
yaw220_pitch-075,220,-75,261.444,-61.502,41.444
yaw220_pitch-070,220,-70,265.468,-53.593,45.468
yaw220_pitch-065,220,-65,269.856,-49.861,49.856
yaw220_pitch-060,220,-60,272.189,-47.987,52.189
yaw220_pitch-055,220,-55,269.148,-46.813,49.148
yaw220_pitch-050,220,-50,265.147,-43.441,45.147
yaw220_pitch-045,220,-45,270.583,-42.324,50.583
yaw220_pitch-040,220,-40,282.609,-42.193,62.609
yaw220_pitch-035,220,-35,292.715,-42.725,72.715
yaw220_pitch-030,220,-30,300.187,-43.010,80.187
yaw220_pitch-025,220,-25,321.827,-43.178,101.827
yaw220_pitch-020,220,-20,339.637,-45.006,119.637
yaw220_pitch-015,220,-15,346.928,-44.082,126.928
yaw220_pitch-010,220,-10,355.309,-40.832,135.309
yaw220_pitch-005,220,-5,359.287,-34.455,139.287
yaw220_pitch+000,220,0,355.516,-25.271,135.516
yaw220_pitch+005,220,5,334.192,-16.944,114.192
yaw220_pitch+010,220,10,292.724,-13.427,72.724
yaw220_pitch+015,220,15,241.116,-10.473,21.116
yaw220_pitch+020,220,20,214.261,-6.994,5.739
yaw220_pitch+025,220,25,208.766,-2.946,11.234
yaw220_pitch+030,220,30,201.356,-1.800,18.644
yaw220_pitch+035,220,35,200.264,-3.136,19.736
yaw220_pitch+040,220,40,201.437,1.851,18.563
yaw220_pitch+045,220,45,198.883,8.569,21.117
yaw220_pitch+050,220,50,199.140,13.831,20.860
yaw220_pitch+055,220,55,201.473,30.002,18.527
yaw220_pitch+060,220,60,199.745,48.917,20.255
yaw220_pitch+065,220,65,197.910,62.895,22.090
yaw220_pitch+070,220,70,195.006,70.952,24.994
yaw220_pitch+075,220,75,193.189,76.446,26.811
yaw220_pitch+080,220,80,190.867,80.910,29.133
yaw220_pitch+085,220,85,194.140,85.574,25.860
yaw220_pitch+090,220,90,193.679,90.000,26.321
yaw225_pitch-090,225,-90,256.436,-85.374,31.436
yaw225_pitch-085,225,-85,257.879,-84.732,32.879
yaw225_pitch-080,225,-80,267.475,-77.388,42.475
yaw225_pitch-075,225,-75,276.889,-64.866,51.889
yaw225_pitch-070,225,-70,281.097,-60.284,56.097
yaw225_pitch-065,225,-65,287.057,-56.170,62.057
yaw225_pitch-060,225,-60,290.923,-52.513,65.923
yaw225_pitch-055,225,-55,285.948,-53.374,60.948
yaw225_pitch-050,225,-50,287.187,-51.809,62.187
yaw225_pitch-045,225,-45,288.856,-46.985,63.856
yaw225_pitch-040,225,-40,295.798,-44.621,70.798
yaw225_pitch-035,225,-35,304.066,-43.247,79.066
yaw225_pitch-030,225,-30,312.977,-42.786,87.977
yaw225_pitch-025,225,-25,324.321,-44.801,99.321
yaw225_pitch-020,225,-20,338.307,-43.632,113.307
yaw225_pitch-015,225,-15,346.908,-43.721,121.908
yaw225_pitch-010,225,-10,0.453,-40.826,135.453
yaw225_pitch-005,225,-5,359.183,-35.853,134.183
yaw225_pitch+000,225,0,353.291,-26.489,128.291
yaw225_pitch+005,225,5,337.740,-16.813,112.740
yaw225_pitch+010,225,10,329.582,-15.356,104.582
yaw225_pitch+015,225,15,308.584,-11.409,83.584
yaw225_pitch+020,225,20,290.300,-8.245,65.300
yaw225_pitch+025,225,25,235.573,-2.072,10.573
yaw225_pitch+030,225,30,214.591,-2.479,10.409
yaw225_pitch+035,225,35,199.765,-1.011,25.235
yaw225_pitch+040,225,40,199.181,5.672,25.819
yaw225_pitch+045,225,45,197.113,11.271,27.887
yaw225_pitch+050,225,50,198.711,13.526,26.289
yaw225_pitch+055,225,55,200.339,28.542,24.661
yaw225_pitch+060,225,60,200.320,46.595,24.680
yaw225_pitch+065,225,65,198.669,63.009,26.331
yaw225_pitch+070,225,70,197.340,72.378,27.660
yaw225_pitch+075,225,75,198.166,77.537,26.834
yaw225_pitch+080,225,80,198.173,82.014,26.827
yaw225_pitch+085,225,85,195.911,86.042,29.089
yaw225_pitch+090,225,90,197.242,90.000,27.758
yaw230_pitch-090,230,-90,268.338,-85.970,38.338
yaw230_pitch-085,230,-85,268.722,-84.167,38.722
yaw230_pitch-080,230,-80,281.946,-75.076,51.946
yaw230_pitch-075,230,-75,287.178,-66.130,57.178
yaw230_pitch-070,230,-70,295.998,-62.772,65.998
yaw230_pitch-065,230,-65,298.024,-63.451,68.024
yaw230_pitch-060,230,-60,297.623,-61.958,67.623
yaw230_pitch-055,230,-55,305.793,-59.645,75.793
yaw230_pitch-050,230,-50,304.206,-56.513,74.206
yaw230_pitch-045,230,-45,304.816,-53.487,74.816
yaw230_pitch-040,230,-40,309.790,-50.895,79.790
yaw230_pitch-035,230,-35,321.812,-50.218,91.812
yaw230_pitch-030,230,-30,328.331,-46.625,98.331
yaw230_pitch-025,230,-25,337.350,-45.964,107.350
yaw230_pitch-020,230,-20,346.734,-45.755,116.734
yaw230_pitch-015,230,-15,356.713,-44.857,126.713
yaw230_pitch-010,230,-10,3.266,-41.129,133.266
yaw230_pitch-005,230,-5,3.294,-35.661,133.294
yaw230_pitch+000,230,0,0.186,-25.754,130.186
yaw230_pitch+005,230,5,347.293,-18.529,117.293
yaw230_pitch+010,230,10,327.550,-16.174,97.550
yaw230_pitch+015,230,15,319.823,-11.097,89.823
yaw230_pitch+020,230,20,326.985,-9.197,96.985
yaw230_pitch+025,230,25,328.565,-3.125,98.565
yaw230_pitch+030,230,30,297.138,-1.367,67.138
yaw230_pitch+035,230,35,211.381,4.893,18.619
yaw230_pitch+040,230,40,199.479,8.729,30.521
yaw230_pitch+045,230,45,196.210,15.428,33.790
yaw230_pitch+050,230,50,197.452,17.330,32.548
yaw230_pitch+055,230,55,199.307,30.117,30.693
yaw230_pitch+060,230,60,198.352,46.189,31.648
yaw230_pitch+065,230,65,200.371,57.292,29.629
yaw230_pitch+070,230,70,200.985,71.104,29.015
yaw230_pitch+075,230,75,200.599,75.570,29.401
yaw230_pitch+080,230,80,200.656,80.987,29.344
yaw230_pitch+085,230,85,200.245,87.242,29.755
yaw230_pitch+090,230,90,204.136,90.000,25.864
yaw235_pitch-090,235,-90,275.810,-87.703,40.810
yaw235_pitch-085,235,-85,274.792,-87.608,39.792
yaw235_pitch-080,235,-80,288.335,-80.853,53.335
yaw235_pitch-075,235,-75,291.557,-73.475,56.557
yaw235_pitch-070,235,-70,298.354,-71.591,63.354
yaw235_pitch-065,235,-65,303.449,-67.347,68.449
yaw235_pitch-060,235,-60,303.550,-65.468,68.550
yaw235_pitch-055,235,-55,306.148,-64.352,71.148
yaw235_pitch-050,235,-50,305.756,-60.363,70.756
yaw235_pitch-045,235,-45,309.350,-58.498,74.350
yaw235_pitch-040,235,-40,313.469,-54.974,78.469
yaw235_pitch-035,235,-35,319.502,-53.944,84.502
yaw235_pitch-030,235,-30,324.175,-49.248,89.175
yaw235_pitch-025,235,-25,337.282,-44.384,102.282
yaw235_pitch-020,235,-20,341.521,-44.151,106.521
yaw235_pitch-015,235,-15,344.501,-44.288,109.501
yaw235_pitch-010,235,-10,355.660,-37.806,120.660
yaw235_pitch-005,235,-5,3.697,-33.060,128.697
yaw235_pitch+000,235,0,355.369,-22.020,120.369
yaw235_pitch+005,235,5,355.387,-17.236,120.387
yaw235_pitch+010,235,10,337.012,-15.592,102.012
yaw235_pitch+015,235,15,328.162,-12.059,93.162
yaw235_pitch+020,235,20,332.656,-7.992,97.656
yaw235_pitch+025,235,25,327.742,-4.818,92.742
yaw235_pitch+030,235,30,325.239,-2.261,90.239
yaw235_pitch+035,235,35,295.103,5.926,60.103
yaw235_pitch+040,235,40,212.821,12.544,22.179
yaw235_pitch+045,235,45,178.421,19.811,56.579
yaw235_pitch+050,235,50,199.553,25.231,35.447
yaw235_pitch+055,235,55,197.840,37.021,37.160
yaw235_pitch+060,235,60,196.932,46.387,38.068
yaw235_pitch+065,235,65,197.643,59.607,37.357
yaw235_pitch+070,235,70,200.439,69.325,34.561
yaw235_pitch+075,235,75,201.390,74.479,33.610
yaw235_pitch+080,235,80,201.318,79.805,33.682
yaw235_pitch+085,235,85,204.723,87.894,30.277
yaw235_pitch+090,235,90,208.487,90.000,26.513
yaw240_pitch-090,240,-90,276.460,-89.288,36.460
yaw240_pitch-085,240,-85,278.019,-87.967,38.019
yaw240_pitch-080,240,-80,289.959,-85.354,49.959
yaw240_pitch-075,240,-75,294.799,-76.340,54.799
yaw240_pitch-070,240,-70,298.762,-70.741,58.762
yaw240_pitch-065,240,-65,302.193,-67.392,62.193
yaw240_pitch-060,240,-60,302.411,-66.799,62.411
yaw240_pitch-055,240,-55,305.121,-64.014,65.121
yaw240_pitch-050,240,-50,306.130,-59.852,66.130
yaw240_pitch-045,240,-45,307.587,-59.094,67.587
yaw240_pitch-040,240,-40,311.129,-58.906,71.129
yaw240_pitch-035,240,-35,316.045,-54.878,76.045
yaw240_pitch-030,240,-30,319.630,-52.537,79.630
yaw240_pitch-025,240,-25,326.149,-47.681,86.149
yaw240_pitch-020,240,-20,333.248,-47.429,93.248
yaw240_pitch-015,240,-15,334.654,-42.853,94.654
yaw240_pitch-010,240,-10,345.308,-37.199,105.308
yaw240_pitch-005,240,-5,348.000,-28.355,108.000
yaw240_pitch+000,240,0,354.655,-19.400,114.655
yaw240_pitch+005,240,5,353.730,-13.772,113.730
yaw240_pitch+010,240,10,333.837,-14.589,93.837
yaw240_pitch+015,240,15,332.089,-11.650,92.089
yaw240_pitch+020,240,20,334.166,-9.869,94.166
yaw240_pitch+025,240,25,334.110,-3.743,94.110
yaw240_pitch+030,240,30,336.876,-3.630,96.876
yaw240_pitch+035,240,35,325.179,3.558,85.179
yaw240_pitch+040,240,40,328.765,10.784,88.765
yaw240_pitch+045,240,45,352.094,17.596,112.094
yaw240_pitch+050,240,50,355.744,26.121,115.744
yaw240_pitch+055,240,55,201.230,37.299,38.770
yaw240_pitch+060,240,60,189.518,49.406,50.482
yaw240_pitch+065,240,65,199.217,58.732,40.783
yaw240_pitch+070,240,70,203.146,68.741,36.854
yaw240_pitch+075,240,75,200.600,74.433,39.400
yaw240_pitch+080,240,80,205.211,80.915,34.789
yaw240_pitch+085,240,85,208.084,88.633,31.916
yaw240_pitch+090,240,90,208.806,90.000,31.194
yaw245_pitch-090,245,-90,276.281,-88.380,31.281
yaw245_pitch-085,245,-85,277.955,-85.191,32.955
yaw245_pitch-080,245,-80,290.095,-85.040,45.095
yaw245_pitch-075,245,-75,293.942,-78.347,48.942
yaw245_pitch-070,245,-70,298.087,-71.768,53.087
yaw245_pitch-065,245,-65,302.576,-68.869,57.576
yaw245_pitch-060,245,-60,303.221,-65.098,58.221
yaw245_pitch-055,245,-55,301.274,-64.998,56.274
yaw245_pitch-050,245,-50,300.986,-61.333,55.986
yaw245_pitch-045,245,-45,306.564,-60.077,61.564
yaw245_pitch-040,245,-40,308.278,-59.860,63.278
yaw245_pitch-035,245,-35,308.852,-56.868,63.852
yaw245_pitch-030,245,-30,309.360,-51.753,64.360
yaw245_pitch-025,245,-25,317.568,-50.220,72.568
yaw245_pitch-020,245,-20,322.820,-46.048,77.820
yaw245_pitch-015,245,-15,322.961,-43.004,77.961
yaw245_pitch-010,245,-10,325.474,-37.282,80.474
yaw245_pitch-005,245,-5,337.337,-30.279,92.337
yaw245_pitch+000,245,0,335.162,-19.100,90.162
yaw245_pitch+005,245,5,337.146,-13.404,92.146
yaw245_pitch+010,245,10,328.210,-13.793,83.210
yaw245_pitch+015,245,15,323.576,-11.921,78.576
yaw245_pitch+020,245,20,328.304,-11.181,83.304
yaw245_pitch+025,245,25,335.095,-5.135,90.095
yaw245_pitch+030,245,30,338.275,-2.121,93.275
yaw245_pitch+035,245,35,332.820,5.068,87.820
yaw245_pitch+040,245,40,340.412,13.810,95.412
yaw245_pitch+045,245,45,343.912,18.102,98.912
yaw245_pitch+050,245,50,349.032,24.637,104.032
yaw245_pitch+055,245,55,348.576,32.914,103.576
yaw245_pitch+060,245,60,317.980,43.863,72.980
yaw245_pitch+065,245,65,248.159,54.553,3.159
yaw245_pitch+070,245,70,214.992,68.474,30.008
yaw245_pitch+075,245,75,212.251,73.616,32.749
yaw245_pitch+080,245,80,214.036,82.488,30.964
yaw245_pitch+085,245,85,216.099,89.308,28.901
yaw245_pitch+090,245,90,217.207,90.000,27.793
yaw250_pitch-090,250,-90,283.365,-90.000,33.365
yaw250_pitch-085,250,-85,282.983,-87.479,32.983
yaw250_pitch-080,250,-80,293.357,-83.629,43.357
yaw250_pitch-075,250,-75,295.483,-76.363,45.483
yaw250_pitch-070,250,-70,299.262,-71.638,49.262
yaw250_pitch-065,250,-65,300.229,-67.976,50.229
yaw250_pitch-060,250,-60,301.319,-63.666,51.319
yaw250_pitch-055,250,-55,297.575,-59.901,47.575
yaw250_pitch-050,250,-50,298.991,-63.280,48.991
yaw250_pitch-045,250,-45,300.925,-59.854,50.925
yaw250_pitch-040,250,-40,303.987,-59.611,53.987
yaw250_pitch-035,250,-35,306.574,-56.684,56.574
yaw250_pitch-030,250,-30,302.803,-52.931,52.803
yaw250_pitch-025,250,-25,306.725,-47.852,56.725
yaw250_pitch-020,250,-20,306.269,-47.074,56.269
yaw250_pitch-015,250,-15,309.129,-42.739,59.129
yaw250_pitch-010,250,-10,310.209,-34.386,60.209
yaw250_pitch-005,250,-5,317.287,-28.236,67.287
yaw250_pitch+000,250,0,320.862,-18.212,70.862
yaw250_pitch+005,250,5,329.869,-13.041,79.869
yaw250_pitch+010,250,10,325.421,-12.851,75.421
yaw250_pitch+015,250,15,328.164,-11.804,78.164
yaw250_pitch+020,250,20,335.647,-7.998,85.647
yaw250_pitch+025,250,25,338.445,-3.142,88.445
yaw250_pitch+030,250,30,330.038,0.426,80.038
yaw250_pitch+035,250,35,323.618,5.739,73.618
yaw250_pitch+040,250,40,328.270,13.304,78.270
yaw250_pitch+045,250,45,326.165,17.965,76.165
yaw250_pitch+050,250,50,320.308,24.846,70.308
yaw250_pitch+055,250,55,320.967,31.864,70.967
yaw250_pitch+060,250,60,308.107,36.862,58.107
yaw250_pitch+065,250,65,260.127,46.954,10.127
yaw250_pitch+070,250,70,234.733,61.590,15.267
yaw250_pitch+075,250,75,223.336,72.620,26.664
yaw250_pitch+080,250,80,222.252,81.476,27.748
yaw250_pitch+085,250,85,220.877,87.816,29.123
yaw250_pitch+090,250,90,222.811,90.000,27.189
yaw255_pitch-090,255,-90,285.597,-87.511,30.597
yaw255_pitch-085,255,-85,289.522,-85.798,34.522
yaw255_pitch-080,255,-80,291.569,-78.993,36.569
yaw255_pitch-075,255,-75,296.835,-73.985,41.835
yaw255_pitch-070,255,-70,299.557,-70.224,44.557
yaw255_pitch-065,255,-65,300.338,-68.500,45.338
yaw255_pitch-060,255,-60,300.865,-62.460,45.865
yaw255_pitch-055,255,-55,296.407,-60.828,41.407
yaw255_pitch-050,255,-50,297.148,-60.380,42.148
yaw255_pitch-045,255,-45,295.596,-58.906,40.596
yaw255_pitch-040,255,-40,299.603,-60.282,44.603
yaw255_pitch-035,255,-35,301.686,-56.122,46.686
yaw255_pitch-030,255,-30,298.304,-51.867,43.304
yaw255_pitch-025,255,-25,300.147,-49.035,45.147
yaw255_pitch-020,255,-20,301.788,-45.088,46.788
yaw255_pitch-015,255,-15,299.169,-40.530,44.169
yaw255_pitch-010,255,-10,302.886,-33.404,47.886
yaw255_pitch-005,255,-5,311.255,-26.565,56.255
yaw255_pitch+000,255,0,317.225,-16.163,62.225
yaw255_pitch+005,255,5,327.721,-12.103,72.721
yaw255_pitch+010,255,10,333.957,-10.989,78.957
yaw255_pitch+015,255,15,336.514,-9.715,81.514
yaw255_pitch+020,255,20,343.432,-6.616,88.432
yaw255_pitch+025,255,25,345.067,-3.296,90.067
yaw255_pitch+030,255,30,340.110,5.006,85.110
yaw255_pitch+035,255,35,343.555,10.187,88.555
yaw255_pitch+040,255,40,339.241,12.384,84.241
yaw255_pitch+045,255,45,333.873,15.391,78.873
yaw255_pitch+050,255,50,325.680,22.745,70.680
yaw255_pitch+055,255,55,317.747,28.481,62.747
yaw255_pitch+060,255,60,304.060,34.476,49.060
yaw255_pitch+065,255,65,280.077,40.100,25.077
yaw255_pitch+070,255,70,252.400,52.691,2.600
yaw255_pitch+075,255,75,234.714,68.180,20.286
yaw255_pitch+080,255,80,232.305,79.635,22.695
yaw255_pitch+085,255,85,226.236,85.359,28.764
yaw255_pitch+090,255,90,226.454,90.000,28.546
yaw260_pitch-090,260,-90,291.103,-86.943,31.103
yaw260_pitch-085,260,-85,292.423,-81.821,32.423
yaw260_pitch-080,260,-80,295.501,-80.707,35.501
yaw260_pitch-075,260,-75,300.048,-71.683,40.048
yaw260_pitch-070,260,-70,301.876,-69.764,41.876
yaw260_pitch-065,260,-65,301.914,-67.732,41.914
yaw260_pitch-060,260,-60,303.317,-61.334,43.317
yaw260_pitch-055,260,-55,301.717,-58.949,41.717
yaw260_pitch-050,260,-50,301.497,-60.078,41.497
yaw260_pitch-045,260,-45,298.426,-58.663,38.426
yaw260_pitch-040,260,-40,299.043,-57.973,39.043
yaw260_pitch-035,260,-35,297.412,-57.212,37.412
yaw260_pitch-030,260,-30,300.189,-54.959,40.189
yaw260_pitch-025,260,-25,295.453,-48.655,35.453
yaw260_pitch-020,260,-20,295.656,-44.064,35.656
yaw260_pitch-015,260,-15,299.441,-39.100,39.441
yaw260_pitch-010,260,-10,300.010,-31.709,40.010
yaw260_pitch-005,260,-5,308.480,-24.090,48.480
yaw260_pitch+000,260,0,315.157,-15.570,55.157
yaw260_pitch+005,260,5,327.060,-9.784,67.060
yaw260_pitch+010,260,10,331.089,-8.775,71.089
yaw260_pitch+015,260,15,340.804,-7.803,80.804
yaw260_pitch+020,260,20,343.783,-5.325,83.783
yaw260_pitch+025,260,25,347.529,-1.436,87.529
yaw260_pitch+030,260,30,349.237,3.854,89.237
yaw260_pitch+035,260,35,343.129,11.459,83.129
yaw260_pitch+040,260,40,340.041,12.509,80.041
yaw260_pitch+045,260,45,336.875,14.981,76.875
yaw260_pitch+050,260,50,326.938,22.695,66.938
yaw260_pitch+055,260,55,319.066,33.450,59.066
yaw260_pitch+060,260,60,312.438,40.494,52.438
yaw260_pitch+065,260,65,303.167,42.500,43.167
yaw260_pitch+070,260,70,279.749,44.938,19.749
yaw260_pitch+075,260,75,253.386,50.881,6.614
yaw260_pitch+080,260,80,241.641,65.333,18.359
yaw260_pitch+085,260,85,234.820,82.623,25.180
yaw260_pitch+090,260,90,229.728,90.000,30.272
yaw265_pitch-090,265,-90,296.949,-86.458,31.949
yaw265_pitch-085,265,-85,296.041,-79.561,31.041
yaw265_pitch-080,265,-80,300.295,-77.883,35.295
yaw265_pitch-075,265,-75,304.174,-75.524,39.174
yaw265_pitch-070,265,-70,303.133,-73.557,38.133
yaw265_pitch-065,265,-65,304.596,-63.925,39.596
yaw265_pitch-060,265,-60,305.779,-62.578,40.779
yaw265_pitch-055,265,-55,305.456,-58.722,40.456
yaw265_pitch-050,265,-50,306.890,-59.128,41.890
yaw265_pitch-045,265,-45,308.002,-57.129,43.002
yaw265_pitch-040,265,-40,306.746,-56.683,41.746
yaw265_pitch-035,265,-35,305.687,-54.742,40.687
yaw265_pitch-030,265,-30,304.483,-52.455,39.483
yaw265_pitch-025,265,-25,302.283,-48.283,37.283
yaw265_pitch-020,265,-20,303.047,-43.415,38.047
yaw265_pitch-015,265,-15,305.437,-37.018,40.437
yaw265_pitch-010,265,-10,302.087,-30.218,37.087
yaw265_pitch-005,265,-5,308.820,-24.060,43.820
yaw265_pitch+000,265,0,317.509,-15.382,52.509
yaw265_pitch+005,265,5,325.154,-9.789,60.154
yaw265_pitch+010,265,10,331.923,-8.200,66.923
yaw265_pitch+015,265,15,339.552,-5.798,74.552
yaw265_pitch+020,265,20,344.056,-3.763,79.056
yaw265_pitch+025,265,25,344.170,-1.512,79.170
yaw265_pitch+030,265,30,340.919,1.694,75.919
yaw265_pitch+035,265,35,332.614,9.482,67.614
yaw265_pitch+040,265,40,329.646,14.335,64.646
yaw265_pitch+045,265,45,336.358,15.762,71.358
yaw265_pitch+050,265,50,332.104,17.882,67.104
yaw265_pitch+055,265,55,320.887,31.702,55.887
yaw265_pitch+060,265,60,315.184,42.161,50.184
yaw265_pitch+065,265,65,309.586,44.037,44.586
yaw265_pitch+070,265,70,297.639,45.193,32.639
yaw265_pitch+075,265,75,271.305,47.487,6.305
yaw265_pitch+080,265,80,247.569,55.853,17.431
yaw265_pitch+085,265,85,240.491,73.822,24.509
yaw265_pitch+090,265,90,235.269,90.000,29.731
yaw270_pitch-090,270,-90,299.655,-85.563,29.655
yaw270_pitch-085,270,-85,301.915,-85.391,31.915
yaw270_pitch-080,270,-80,304.476,-82.802,34.476
yaw270_pitch-075,270,-75,304.845,-80.118,34.845
yaw270_pitch-070,270,-70,306.838,-79.051,36.838
yaw270_pitch-065,270,-65,309.413,-72.462,39.413
yaw270_pitch-060,270,-60,310.486,-64.883,40.486
yaw270_pitch-055,270,-55,311.004,-60.608,41.004
yaw270_pitch-050,270,-50,310.669,-58.848,40.669
yaw270_pitch-045,270,-45,313.452,-57.361,43.452
yaw270_pitch-040,270,-40,313.436,-54.907,43.436
yaw270_pitch-035,270,-35,313.938,-53.404,43.938
yaw270_pitch-030,270,-30,315.340,-51.805,45.340
yaw270_pitch-025,270,-25,311.880,-50.243,41.880
yaw270_pitch-020,270,-20,311.833,-44.031,41.833
yaw270_pitch-015,270,-15,307.873,-37.076,37.873
yaw270_pitch-010,270,-10,309.234,-30.120,39.234
yaw270_pitch-005,270,-5,318.777,-22.542,48.777
yaw270_pitch+000,270,0,323.698,-14.352,53.698
yaw270_pitch+005,270,5,326.550,-9.332,56.550
yaw270_pitch+010,270,10,331.142,-6.495,61.142
yaw270_pitch+015,270,15,330.666,-5.039,60.666
yaw270_pitch+020,270,20,337.037,-2.977,67.037
yaw270_pitch+025,270,25,337.741,-0.668,67.741
yaw270_pitch+030,270,30,338.527,1.331,68.527
yaw270_pitch+035,270,35,337.468,7.160,67.468
yaw270_pitch+040,270,40,325.396,14.243,55.396
yaw270_pitch+045,270,45,319.297,18.177,49.297
yaw270_pitch+050,270,50,326.530,20.040,56.530
yaw270_pitch+055,270,55,324.174,23.811,54.174
yaw270_pitch+060,270,60,314.534,34.404,44.534
yaw270_pitch+065,270,65,305.664,42.527,35.664
yaw270_pitch+070,270,70,291.411,46.173,21.411
yaw270_pitch+075,270,75,274.470,50.232,4.470
yaw270_pitch+080,270,80,249.446,58.531,20.554
yaw270_pitch+085,270,85,241.033,76.562,28.967
yaw270_pitch+090,270,90,244.250,90.000,25.750
yaw275_pitch-090,275,-90,305.352,-86.775,30.352
yaw275_pitch-085,275,-85,306.922,-84.147,31.922
yaw275_pitch-080,275,-80,307.883,-84.819,32.883
yaw275_pitch-075,275,-75,310.573,-79.630,35.573
yaw275_pitch-070,275,-70,309.425,-74.370,34.425
yaw275_pitch-065,275,-65,312.411,-71.378,37.411
yaw275_pitch-060,275,-60,315.041,-66.647,40.041
yaw275_pitch-055,275,-55,317.092,-65.639,42.092
yaw275_pitch-050,275,-50,318.820,-62.729,43.820
yaw275_pitch-045,275,-45,318.631,-59.276,43.631
yaw275_pitch-040,275,-40,319.877,-54.540,44.877
yaw275_pitch-035,275,-35,323.063,-55.133,48.063
yaw275_pitch-030,275,-30,323.114,-52.103,48.114
yaw275_pitch-025,275,-25,326.005,-48.636,51.005
yaw275_pitch-020,275,-20,323.717,-42.642,48.717
yaw275_pitch-015,275,-15,321.689,-34.709,46.689
yaw275_pitch-010,275,-10,318.970,-25.587,43.970
yaw275_pitch-005,275,-5,322.800,-19.174,47.800
yaw275_pitch+000,275,0,328.319,-14.295,53.319
yaw275_pitch+005,275,5,322.691,-8.665,47.691
yaw275_pitch+010,275,10,325.373,-7.102,50.373
yaw275_pitch+015,275,15,330.269,-4.948,55.269
yaw275_pitch+020,275,20,332.888,-2.893,57.888
yaw275_pitch+025,275,25,330.130,-1.228,55.130
yaw275_pitch+030,275,30,330.858,1.143,55.858
yaw275_pitch+035,275,35,327.322,4.471,52.322
yaw275_pitch+040,275,40,323.099,10.958,48.099
yaw275_pitch+045,275,45,317.035,15.935,42.035
yaw275_pitch+050,275,50,307.586,22.305,32.586
yaw275_pitch+055,275,55,304.805,25.944,29.805
yaw275_pitch+060,275,60,299.707,32.383,24.707
yaw275_pitch+065,275,65,293.049,37.717,18.049
yaw275_pitch+070,275,70,283.633,51.368,8.633
yaw275_pitch+075,275,75,267.879,57.684,7.121
yaw275_pitch+080,275,80,256.406,71.339,18.594
yaw275_pitch+085,275,85,247.354,81.933,27.646
yaw275_pitch+090,275,90,247.260,90.000,27.740
yaw280_pitch-090,280,-90,312.428,-88.667,32.428
yaw280_pitch-085,280,-85,312.105,-87.616,32.105
yaw280_pitch-080,280,-80,312.923,-85.367,32.923
yaw280_pitch-075,280,-75,314.170,-83.029,34.170
yaw280_pitch-070,280,-70,315.611,-74.500,35.611
yaw280_pitch-065,280,-65,318.534,-69.037,38.534
yaw280_pitch-060,280,-60,319.659,-65.354,39.659
yaw280_pitch-055,280,-55,323.018,-63.660,43.018
yaw280_pitch-050,280,-50,322.397,-61.687,42.397
yaw280_pitch-045,280,-45,325.340,-59.575,45.340
yaw280_pitch-040,280,-40,328.066,-56.734,48.066
yaw280_pitch-035,280,-35,331.686,-56.803,51.686
yaw280_pitch-030,280,-30,331.742,-54.280,51.742
yaw280_pitch-025,280,-25,332.587,-48.231,52.587
yaw280_pitch-020,280,-20,334.157,-43.507,54.157
yaw280_pitch-015,280,-15,333.216,-34.502,53.216
yaw280_pitch-010,280,-10,329.530,-28.026,49.530
yaw280_pitch-005,280,-5,327.771,-18.701,47.771
yaw280_pitch+000,280,0,327.351,-13.166,47.351
yaw280_pitch+005,280,5,327.564,-8.837,47.564
yaw280_pitch+010,280,10,324.090,-7.171,44.090
yaw280_pitch+015,280,15,324.791,-5.420,44.791
yaw280_pitch+020,280,20,323.972,-4.388,43.972
yaw280_pitch+025,280,25,323.796,-2.345,43.796
yaw280_pitch+030,280,30,323.261,-0.397,43.261
yaw280_pitch+035,280,35,325.672,3.953,45.672
yaw280_pitch+040,280,40,317.451,10.404,37.451
yaw280_pitch+045,280,45,313.881,14.390,33.881
yaw280_pitch+050,280,50,305.962,19.460,25.962
yaw280_pitch+055,280,55,300.413,25.035,20.413
yaw280_pitch+060,280,60,284.183,36.096,4.183
yaw280_pitch+065,280,65,280.062,44.928,0.062
yaw280_pitch+070,280,70,268.398,60.156,11.602
yaw280_pitch+075,280,75,262.427,68.229,17.573
yaw280_pitch+080,280,80,257.059,76.993,22.941
yaw280_pitch+085,280,85,256.398,86.976,23.602
yaw280_pitch+090,280,90,247.807,90.000,32.193
yaw285_pitch-090,285,-90,317.255,-88.529,32.255
yaw285_pitch-085,285,-85,319.365,-89.171,34.365
yaw285_pitch-080,285,-80,319.979,-82.919,34.979
yaw285_pitch-075,285,-75,322.321,-82.149,37.321
yaw285_pitch-070,285,-70,322.480,-72.774,37.480
yaw285_pitch-065,285,-65,325.133,-65.952,40.133
yaw285_pitch-060,285,-60,326.532,-65.283,41.532
yaw285_pitch-055,285,-55,327.946,-62.510,42.946
yaw285_pitch-050,285,-50,328.417,-61.265,43.417
yaw285_pitch-045,285,-45,330.344,-56.116,45.344
yaw285_pitch-040,285,-40,332.890,-55.514,47.890
yaw285_pitch-035,285,-35,334.612,-55.859,49.612
yaw285_pitch-030,285,-30,337.110,-54.772,52.110
yaw285_pitch-025,285,-25,338.150,-51.125,53.150
yaw285_pitch-020,285,-20,336.882,-42.911,51.882
yaw285_pitch-015,285,-15,335.502,-34.692,50.502
yaw285_pitch-010,285,-10,332.741,-26.179,47.741
yaw285_pitch-005,285,-5,333.184,-16.123,48.184
yaw285_pitch+000,285,0,328.673,-12.137,43.673
yaw285_pitch+005,285,5,324.910,-7.299,39.910
yaw285_pitch+010,285,10,323.401,-7.111,38.401
yaw285_pitch+015,285,15,322.106,-6.071,37.106
yaw285_pitch+020,285,20,320.144,-4.953,35.144
yaw285_pitch+025,285,25,320.619,-3.740,35.619
yaw285_pitch+030,285,30,318.639,-1.913,33.639
yaw285_pitch+035,285,35,312.540,2.557,27.540
yaw285_pitch+040,285,40,312.578,8.092,27.578
yaw285_pitch+045,285,45,309.386,14.137,24.386
yaw285_pitch+050,285,50,303.027,18.635,18.027
yaw285_pitch+055,285,55,302.460,24.154,17.460
yaw285_pitch+060,285,60,291.302,34.502,6.302
yaw285_pitch+065,285,65,284.997,46.423,0.003
yaw285_pitch+070,285,70,274.755,60.888,10.245
yaw285_pitch+075,285,75,268.642,69.446,16.358
yaw285_pitch+080,285,80,262.755,79.112,22.245
yaw285_pitch+085,285,85,264.044,86.668,20.956
yaw285_pitch+090,285,90,253.510,90.000,31.490
yaw290_pitch-090,290,-90,325.349,-87.307,35.349
yaw290_pitch-085,290,-85,325.641,-84.765,35.641
yaw290_pitch-080,290,-80,324.630,-79.197,34.630
yaw290_pitch-075,290,-75,326.216,-72.708,36.216
yaw290_pitch-070,290,-70,327.433,-64.902,37.433
yaw290_pitch-065,290,-65,329.079,-64.564,39.079
yaw290_pitch-060,290,-60,332.621,-63.727,42.621
yaw290_pitch-055,290,-55,332.820,-61.122,42.820
yaw290_pitch-050,290,-50,335.414,-57.869,45.414
yaw290_pitch-045,290,-45,337.292,-56.832,47.292
yaw290_pitch-040,290,-40,338.253,-55.383,48.253
yaw290_pitch-035,290,-35,339.488,-54.388,49.488
yaw290_pitch-030,290,-30,340.053,-53.811,50.053
yaw290_pitch-025,290,-25,339.899,-49.643,49.899
yaw290_pitch-020,290,-20,339.633,-46.007,49.633
yaw290_pitch-015,290,-15,335.275,-34.272,45.275
yaw290_pitch-010,290,-10,333.094,-24.269,43.094
yaw290_pitch-005,290,-5,328.987,-15.504,38.987
yaw290_pitch+000,290,0,326.541,-9.600,36.541
yaw290_pitch+005,290,5,324.409,-6.036,34.409
yaw290_pitch+010,290,10,321.653,-5.883,31.653
yaw290_pitch+015,290,15,319.668,-6.137,29.668
yaw290_pitch+020,290,20,317.981,-5.118,27.981
yaw290_pitch+025,290,25,317.364,-4.941,27.364
yaw290_pitch+030,290,30,314.164,-3.094,24.164
yaw290_pitch+035,290,35,308.922,2.109,18.922
yaw290_pitch+040,290,40,303.140,9.391,13.140
yaw290_pitch+045,290,45,299.773,15.077,9.773
yaw290_pitch+050,290,50,299.209,18.209,9.209
yaw290_pitch+055,290,55,300.914,24.678,10.914
yaw290_pitch+060,290,60,302.281,32.397,12.281
yaw290_pitch+065,290,65,290.337,43.931,0.337
yaw290_pitch+070,290,70,280.127,63.782,9.873
yaw290_pitch+075,290,75,276.530,72.096,13.470
yaw290_pitch+080,290,80,268.249,77.704,21.751
yaw290_pitch+085,290,85,261.455,84.413,28.545
yaw290_pitch+090,290,90,262.564,90.000,27.436
yaw295_pitch-090,295,-90,325.962,-84.355,30.962
yaw295_pitch-085,295,-85,328.674,-82.300,33.674
yaw295_pitch-080,295,-80,328.232,-73.040,33.232
yaw295_pitch-075,295,-75,329.319,-66.744,34.319
yaw295_pitch-070,295,-70,330.369,-56.110,35.369
yaw295_pitch-065,295,-65,332.188,-57.631,37.188
yaw295_pitch-060,295,-60,338.199,-61.185,43.199
yaw295_pitch-055,295,-55,339.508,-60.479,44.508
yaw295_pitch-050,295,-50,341.630,-56.681,46.630
yaw295_pitch-045,295,-45,343.920,-56.575,48.920
yaw295_pitch-040,295,-40,343.834,-54.718,48.834
yaw295_pitch-035,295,-35,344.178,-52.357,49.178
yaw295_pitch-030,295,-30,343.103,-51.501,48.103
yaw295_pitch-025,295,-25,342.905,-47.814,47.905
yaw295_pitch-020,295,-20,338.857,-41.293,43.857
yaw295_pitch-015,295,-15,336.643,-31.213,41.643
yaw295_pitch-010,295,-10,331.855,-24.860,36.855
yaw295_pitch-005,295,-5,324.656,-15.911,29.656
yaw295_pitch+000,295,0,322.452,-9.258,27.452
yaw295_pitch+005,295,5,320.157,-5.610,25.157
yaw295_pitch+010,295,10,319.910,-5.386,24.910
yaw295_pitch+015,295,15,319.671,-5.048,24.671
yaw295_pitch+020,295,20,316.915,-5.128,21.915
yaw295_pitch+025,295,25,315.774,-4.328,20.774
yaw295_pitch+030,295,30,314.443,-2.790,19.443
yaw295_pitch+035,295,35,310.931,3.338,15.931
yaw295_pitch+040,295,40,308.140,9.842,13.140
yaw295_pitch+045,295,45,306.326,17.136,11.326
yaw295_pitch+050,295,50,306.294,20.102,11.294
yaw295_pitch+055,295,55,308.127,24.476,13.127
yaw295_pitch+060,295,60,302.684,40.342,7.684
yaw295_pitch+065,295,65,296.480,53.658,1.480
yaw295_pitch+070,295,70,284.356,65.883,10.644
yaw295_pitch+075,295,75,275.517,71.407,19.483
yaw295_pitch+080,295,80,273.154,79.052,21.846
yaw295_pitch+085,295,85,268.996,84.788,26.004
yaw295_pitch+090,295,90,265.433,90.000,29.567
yaw300_pitch-090,300,-90,327.687,-87.281,27.687
yaw300_pitch-085,300,-85,329.203,-81.691,29.203
yaw300_pitch-080,300,-80,330.497,-70.579,30.497
yaw300_pitch-075,300,-75,332.857,-62.515,32.857
yaw300_pitch-070,300,-70,331.677,-54.858,31.677
yaw300_pitch-065,300,-65,330.534,-55.351,30.534
yaw300_pitch-060,300,-60,337.537,-54.656,37.537
yaw300_pitch-055,300,-55,342.444,-56.764,42.444
yaw300_pitch-050,300,-50,344.499,-55.293,44.499
yaw300_pitch-045,300,-45,347.296,-54.033,47.296
yaw300_pitch-040,300,-40,348.952,-50.296,48.952
yaw300_pitch-035,300,-35,348.050,-50.609,48.050
yaw300_pitch-030,300,-30,346.544,-48.482,46.544
yaw300_pitch-025,300,-25,344.137,-44.875,44.137
yaw300_pitch-020,300,-20,341.763,-41.055,41.763
yaw300_pitch-015,300,-15,335.720,-30.953,35.720
yaw300_pitch-010,300,-10,331.470,-24.372,31.470
yaw300_pitch-005,300,-5,324.594,-16.131,24.594
yaw300_pitch+000,300,0,322.414,-9.496,22.414
yaw300_pitch+005,300,5,317.995,-6.825,17.995
yaw300_pitch+010,300,10,314.987,-7.215,14.987
yaw300_pitch+015,300,15,314.516,-7.787,14.516
yaw300_pitch+020,300,20,315.478,-5.415,15.478
yaw300_pitch+025,300,25,313.874,-5.020,13.874
yaw300_pitch+030,300,30,310.560,-3.613,10.560
yaw300_pitch+035,300,35,309.560,4.322,9.560
yaw300_pitch+040,300,40,308.211,8.310,8.211
yaw300_pitch+045,300,45,306.688,14.346,6.688
yaw300_pitch+050,300,50,304.505,18.688,4.505
yaw300_pitch+055,300,55,301.728,31.513,1.728
yaw300_pitch+060,300,60,298.227,42.804,1.773
yaw300_pitch+065,300,65,289.042,53.071,10.958
yaw300_pitch+070,300,70,287.032,64.059,12.968
yaw300_pitch+075,300,75,276.587,71.468,23.413
yaw300_pitch+080,300,80,273.570,78.207,26.430
yaw300_pitch+085,300,85,272.117,84.062,27.883
yaw300_pitch+090,300,90,275.982,90.000,24.018
yaw305_pitch-090,305,-90,329.521,-85.204,24.521
yaw305_pitch-085,305,-85,333.026,-86.397,28.026
yaw305_pitch-080,305,-80,332.339,-74.090,27.339
yaw305_pitch-075,305,-75,333.482,-62.091,28.482
yaw305_pitch-070,305,-70,337.790,-51.947,32.790
yaw305_pitch-065,305,-65,337.535,-53.585,32.535
yaw305_pitch-060,305,-60,337.436,-54.812,32.436
yaw305_pitch-055,305,-55,345.422,-54.567,40.422
yaw305_pitch-050,305,-50,347.372,-52.041,42.372
yaw305_pitch-045,305,-45,349.249,-48.940,44.249
yaw305_pitch-040,305,-40,350.643,-48.460,45.643
yaw305_pitch-035,305,-35,351.257,-50.206,46.257
yaw305_pitch-030,305,-30,349.389,-47.447,44.389
yaw305_pitch-025,305,-25,348.283,-42.328,43.283
yaw305_pitch-020,305,-20,343.550,-37.036,38.550
yaw305_pitch-015,305,-15,339.951,-30.930,34.951
yaw305_pitch-010,305,-10,333.034,-20.478,28.034
yaw305_pitch-005,305,-5,326.951,-15.185,21.951
yaw305_pitch+000,305,0,322.036,-11.243,17.036
yaw305_pitch+005,305,5,318.270,-9.405,13.270
yaw305_pitch+010,305,10,314.016,-8.539,9.016
yaw305_pitch+015,305,15,310.478,-8.750,5.478
yaw305_pitch+020,305,20,308.251,-8.448,3.251
yaw305_pitch+025,305,25,309.683,-5.892,4.683
yaw305_pitch+030,305,30,309.014,-4.191,4.014
yaw305_pitch+035,305,35,306.890,-0.086,1.890
yaw305_pitch+040,305,40,305.776,7.871,0.776
yaw305_pitch+045,305,45,304.999,13.553,0.001
yaw305_pitch+050,305,50,304.113,19.631,0.887
yaw305_pitch+055,305,55,297.543,30.163,7.457
yaw305_pitch+060,305,60,295.617,39.149,9.383
yaw305_pitch+065,305,65,291.120,56.310,13.880
yaw305_pitch+070,305,70,285.483,66.752,19.517
yaw305_pitch+075,305,75,281.279,73.870,23.721
yaw305_pitch+080,305,80,281.603,80.989,23.397
yaw305_pitch+085,305,85,279.093,83.511,25.907
yaw305_pitch+090,305,90,277.899,90.000,27.101
yaw310_pitch-090,310,-90,338.008,-88.357,28.008
yaw310_pitch-085,310,-85,337.992,-84.198,27.992
yaw310_pitch-080,310,-80,337.296,-78.118,27.296
yaw310_pitch-075,310,-75,333.183,-64.574,23.183
yaw310_pitch-070,310,-70,338.204,-59.232,28.204
yaw310_pitch-065,310,-65,343.909,-59.220,33.909
yaw310_pitch-060,310,-60,344.599,-55.052,34.599
yaw310_pitch-055,310,-55,353.473,-55.188,43.473
yaw310_pitch-050,310,-50,351.917,-50.206,41.917
yaw310_pitch-045,310,-45,352.504,-46.503,42.504
yaw310_pitch-040,310,-40,352.793,-45.306,42.793
yaw310_pitch-035,310,-35,353.129,-46.298,43.129
yaw310_pitch-030,310,-30,355.856,-47.615,45.856
yaw310_pitch-025,310,-25,353.755,-41.047,43.755
yaw310_pitch-020,310,-20,350.409,-32.918,40.409
yaw310_pitch-015,310,-15,347.279,-27.494,37.279
yaw310_pitch-010,310,-10,338.321,-19.793,28.321
yaw310_pitch-005,310,-5,330.519,-15.347,20.519
yaw310_pitch+000,310,0,323.381,-12.227,13.381
yaw310_pitch+005,310,5,318.262,-10.033,8.262
yaw310_pitch+010,310,10,313.470,-9.356,3.470
yaw310_pitch+015,310,15,309.713,-9.386,0.287
yaw310_pitch+020,310,20,305.433,-8.164,4.567
yaw310_pitch+025,310,25,304.118,-6.570,5.882
yaw310_pitch+030,310,30,305.537,-5.602,4.463
yaw310_pitch+035,310,35,305.581,-3.051,4.419
yaw310_pitch+040,310,40,307.030,3.363,2.970
yaw310_pitch+045,310,45,305.054,10.553,4.946
yaw310_pitch+050,310,50,301.443,14.984,8.557
yaw310_pitch+055,310,55,297.680,26.249,12.320
yaw310_pitch+060,310,60,293.316,38.512,16.684
yaw310_pitch+065,310,65,290.008,53.194,19.992
yaw310_pitch+070,310,70,288.460,63.472,21.540
yaw310_pitch+075,310,75,285.946,74.751,24.054
yaw310_pitch+080,310,80,281.787,79.225,28.213
yaw310_pitch+085,310,85,282.118,83.604,27.882
yaw310_pitch+090,310,90,281.448,90.000,28.552
yaw315_pitch-090,315,-90,337.512,-86.316,22.512
yaw315_pitch-085,315,-85,340.751,-85.812,25.751
yaw315_pitch-080,315,-80,344.110,-85.021,29.110
yaw315_pitch-075,315,-75,343.808,-72.393,28.808
yaw315_pitch-070,315,-70,347.568,-64.918,32.568
yaw315_pitch-065,315,-65,347.817,-61.725,32.817
yaw315_pitch-060,315,-60,351.747,-55.110,36.747
yaw315_pitch-055,315,-55,355.167,-53.540,40.167
yaw315_pitch-050,315,-50,358.103,-48.616,43.103
yaw315_pitch-045,315,-45,0.808,-43.586,45.808
yaw315_pitch-040,315,-40,359.426,-42.415,44.426
yaw315_pitch-035,315,-35,0.040,-43.152,45.040
yaw315_pitch-030,315,-30,1.637,-42.381,46.637
yaw315_pitch-025,315,-25,357.336,-35.795,42.336
yaw315_pitch-020,315,-20,356.857,-32.958,41.857
yaw315_pitch-015,315,-15,339.477,-23.646,24.477
yaw315_pitch-010,315,-10,336.128,-15.513,21.128
yaw315_pitch-005,315,-5,336.630,-15.266,21.630
yaw315_pitch+000,315,0,326.454,-12.572,11.454
yaw315_pitch+005,315,5,321.595,-10.336,6.595
yaw315_pitch+010,315,10,314.278,-10.186,0.722
yaw315_pitch+015,315,15,309.223,-10.271,5.777
yaw315_pitch+020,315,20,305.552,-10.061,9.448
yaw315_pitch+025,315,25,305.243,-7.853,9.757
yaw315_pitch+030,315,30,305.107,-7.130,9.893
yaw315_pitch+035,315,35,305.181,-4.743,9.819
yaw315_pitch+040,315,40,304.865,-1.285,10.135
yaw315_pitch+045,315,45,302.821,3.210,12.179
yaw315_pitch+050,315,50,301.771,8.008,13.229
yaw315_pitch+055,315,55,301.380,17.450,13.620
yaw315_pitch+060,315,60,296.972,38.482,18.028
yaw315_pitch+065,315,65,294.541,50.801,20.459
yaw315_pitch+070,315,70,293.487,67.052,21.513
yaw315_pitch+075,315,75,290.482,73.374,24.518
yaw315_pitch+080,315,80,287.359,76.768,27.641
yaw315_pitch+085,315,85,284.407,81.814,30.593
yaw315_pitch+090,315,90,288.450,90.000,26.550
yaw320_pitch-090,320,-90,344.841,-90.000,24.841
yaw320_pitch-085,320,-85,346.554,-89.189,26.554
yaw320_pitch-080,320,-80,346.052,-85.114,26.052
yaw320_pitch-075,320,-75,347.040,-74.993,27.040
yaw320_pitch-070,320,-70,351.202,-68.357,31.202
yaw320_pitch-065,320,-65,352.341,-63.436,32.341
yaw320_pitch-060,320,-60,358.287,-55.931,38.287
yaw320_pitch-055,320,-55,359.399,-47.935,39.399
yaw320_pitch-050,320,-50,4.232,-47.737,44.232
yaw320_pitch-045,320,-45,6.051,-44.792,46.051
yaw320_pitch-040,320,-40,6.445,-44.301,46.445
yaw320_pitch-035,320,-35,5.784,-46.602,45.784
yaw320_pitch-030,320,-30,6.185,-41.487,46.185
yaw320_pitch-025,320,-25,1.097,-35.202,41.097
yaw320_pitch-020,320,-20,346.832,-28.376,26.832
yaw320_pitch-015,320,-15,334.296,-27.369,14.296
yaw320_pitch-010,320,-10,329.391,-25.021,9.391
yaw320_pitch-005,320,-5,329.411,-15.213,9.411
yaw320_pitch+000,320,0,332.397,-11.801,12.397
yaw320_pitch+005,320,5,324.613,-12.082,4.613
yaw320_pitch+010,320,10,319.880,-11.391,0.120
yaw320_pitch+015,320,15,314.775,-12.305,5.225
yaw320_pitch+020,320,20,309.582,-11.747,10.418
yaw320_pitch+025,320,25,308.366,-8.288,11.634
yaw320_pitch+030,320,30,305.983,-5.464,14.017
yaw320_pitch+035,320,35,306.871,-5.926,13.129
yaw320_pitch+040,320,40,304.838,-4.738,15.162
yaw320_pitch+045,320,45,303.817,-1.453,16.183
yaw320_pitch+050,320,50,304.178,4.402,15.822
yaw320_pitch+055,320,55,303.060,8.807,16.940
yaw320_pitch+060,320,60,302.113,35.548,17.887
yaw320_pitch+065,320,65,299.982,47.454,20.018
yaw320_pitch+070,320,70,299.341,66.634,20.659
yaw320_pitch+075,320,75,297.833,76.204,22.167
yaw320_pitch+080,320,80,297.280,82.539,22.720
yaw320_pitch+085,320,85,291.988,83.824,28.012
yaw320_pitch+090,320,90,294.240,90.000,25.760
yaw325_pitch-090,325,-90,348.027,-85.830,23.027
yaw325_pitch-085,325,-85,350.718,-86.232,25.718
yaw325_pitch-080,325,-80,349.673,-80.498,24.673
yaw325_pitch-075,325,-75,351.303,-78.101,26.303
yaw325_pitch-070,325,-70,351.368,-68.064,26.368
yaw325_pitch-065,325,-65,357.535,-60.849,32.535
yaw325_pitch-060,325,-60,2.960,-56.193,37.960
yaw325_pitch-055,325,-55,4.913,-50.816,39.913
yaw325_pitch-050,325,-50,7.222,-42.585,42.222
yaw325_pitch-045,325,-45,10.932,-34.797,45.932
yaw325_pitch-040,325,-40,12.137,-45.392,47.137
yaw325_pitch-035,325,-35,11.425,-43.992,46.425
yaw325_pitch-030,325,-30,12.145,-37.924,47.145
yaw325_pitch-025,325,-25,359.036,-28.280,34.036
yaw325_pitch-020,325,-20,350.341,-31.476,25.341
yaw325_pitch-015,325,-15,327.625,-32.497,2.625
yaw325_pitch-010,325,-10,321.893,-29.170,3.107
yaw325_pitch-005,325,-5,329.406,-22.844,4.406
yaw325_pitch+000,325,0,332.969,-9.690,7.969
yaw325_pitch+005,325,5,327.568,-11.896,2.568
yaw325_pitch+010,325,10,322.786,-12.439,2.214
yaw325_pitch+015,325,15,318.707,-11.907,6.293
yaw325_pitch+020,325,20,314.323,-12.647,10.677
yaw325_pitch+025,325,25,314.138,-7.904,10.862
yaw325_pitch+030,325,30,314.854,-5.427,10.146
yaw325_pitch+035,325,35,315.595,-1.937,9.405
yaw325_pitch+040,325,40,314.402,2.293,10.598
yaw325_pitch+045,325,45,312.741,5.968,12.259
yaw325_pitch+050,325,50,311.860,12.061,13.140
yaw325_pitch+055,325,55,312.623,20.818,12.377
yaw325_pitch+060,325,60,311.510,37.849,13.490
yaw325_pitch+065,325,65,306.359,52.788,18.641
yaw325_pitch+070,325,70,306.363,67.986,18.637
yaw325_pitch+075,325,75,305.319,76.268,19.681
yaw325_pitch+080,325,80,304.943,83.183,20.057
yaw325_pitch+085,325,85,297.994,82.968,27.006
yaw325_pitch+090,325,90,299.020,90.000,25.980
yaw330_pitch-090,330,-90,352.517,-90.000,22.517
yaw330_pitch-085,330,-85,353.800,-86.928,23.800
yaw330_pitch-080,330,-80,355.804,-83.720,25.804
yaw330_pitch-075,330,-75,356.642,-76.052,26.642
yaw330_pitch-070,330,-70,357.967,-66.738,27.967
yaw330_pitch-065,330,-65,1.501,-62.102,31.501
yaw330_pitch-060,330,-60,5.494,-54.023,35.494
yaw330_pitch-055,330,-55,10.598,-52.037,40.598
yaw330_pitch-050,330,-50,11.037,-46.022,41.037
yaw330_pitch-045,330,-45,14.474,-45.570,44.474
yaw330_pitch-040,330,-40,16.470,-45.366,46.470
yaw330_pitch-035,330,-35,16.831,-44.687,46.831
yaw330_pitch-030,330,-30,16.073,-38.194,46.073
yaw330_pitch-025,330,-25,0.891,-27.518,30.891
yaw330_pitch-020,330,-20,354.885,-32.096,24.885
yaw330_pitch-015,330,-15,333.858,-33.639,3.858
yaw330_pitch-010,330,-10,325.892,-32.079,4.108
yaw330_pitch-005,330,-5,332.999,-22.504,2.999
yaw330_pitch+000,330,0,339.269,-12.540,9.269
yaw330_pitch+005,330,5,332.284,-12.595,2.284
yaw330_pitch+010,330,10,326.177,-13.369,3.823
yaw330_pitch+015,330,15,324.720,-11.158,5.280
yaw330_pitch+020,330,20,326.262,-10.601,3.738
yaw330_pitch+025,330,25,323.610,-7.006,6.390
yaw330_pitch+030,330,30,322.087,-2.987,7.913
yaw330_pitch+035,330,35,324.194,-0.413,5.806
yaw330_pitch+040,330,40,323.419,4.259,6.581
yaw330_pitch+045,330,45,323.905,10.695,6.095
yaw330_pitch+050,330,50,322.983,15.208,7.017
yaw330_pitch+055,330,55,321.900,25.933,8.100
yaw330_pitch+060,330,60,320.606,42.778,9.394
yaw330_pitch+065,330,65,315.260,55.922,14.740
yaw330_pitch+070,330,70,316.424,68.624,13.576
yaw330_pitch+075,330,75,313.880,76.565,16.120
yaw330_pitch+080,330,80,306.930,78.514,23.070
yaw330_pitch+085,330,85,305.208,81.621,24.792
yaw330_pitch+090,330,90,303.201,87.885,26.799
yaw335_pitch-090,335,-90,354.795,-89.754,19.795
yaw335_pitch-085,335,-85,359.705,-90.000,24.705
yaw335_pitch-080,335,-80,1.332,-81.749,26.332
yaw335_pitch-075,335,-75,3.215,-76.169,28.215
yaw335_pitch-070,335,-70,4.605,-63.562,29.605
yaw335_pitch-065,335,-65,9.682,-56.452,34.682
yaw335_pitch-060,335,-60,12.815,-54.577,37.815
yaw335_pitch-055,335,-55,13.198,-48.070,38.198
yaw335_pitch-050,335,-50,14.050,-44.342,39.050
yaw335_pitch-045,335,-45,18.547,-44.152,43.547
yaw335_pitch-040,335,-40,18.224,-43.427,43.224
yaw335_pitch-035,335,-35,17.609,-40.205,42.609
yaw335_pitch-030,335,-30,16.946,-39.101,41.946
yaw335_pitch-025,335,-25,8.696,-26.691,33.696
yaw335_pitch-020,335,-20,358.642,-29.696,23.642
yaw335_pitch-015,335,-15,350.303,-30.918,15.303
yaw335_pitch-010,335,-10,343.479,-28.625,8.479
yaw335_pitch-005,335,-5,341.671,-20.326,6.671
yaw335_pitch+000,335,0,350.511,-16.267,15.511
yaw335_pitch+005,335,5,339.742,-14.458,4.742
yaw335_pitch+010,335,10,328.908,-13.831,6.092
yaw335_pitch+015,335,15,331.419,-10.924,3.581
yaw335_pitch+020,335,20,332.658,-9.208,2.342
yaw335_pitch+025,335,25,331.735,-4.900,3.265
yaw335_pitch+030,335,30,328.117,-2.335,6.883
yaw335_pitch+035,335,35,331.129,0.603,3.871
yaw335_pitch+040,335,40,334.138,6.367,0.862
yaw335_pitch+045,335,45,334.273,15.974,0.727
yaw335_pitch+050,335,50,334.367,24.216,0.633
yaw335_pitch+055,335,55,333.090,33.365,1.910
yaw335_pitch+060,335,60,329.840,44.714,5.160
yaw335_pitch+065,335,65,321.399,56.957,13.601
yaw335_pitch+070,335,70,321.198,68.030,13.802
yaw335_pitch+075,335,75,319.671,75.497,15.329
yaw335_pitch+080,335,80,319.136,79.984,15.864
yaw335_pitch+085,335,85,309.983,83.317,25.017
yaw335_pitch+090,335,90,305.703,89.193,29.297
yaw340_pitch-090,340,-90,5.629,-89.513,25.629
yaw340_pitch-085,340,-85,8.358,-88.660,28.358
yaw340_pitch-080,340,-80,9.965,-77.696,29.965
yaw340_pitch-075,340,-75,13.402,-74.579,33.402
yaw340_pitch-070,340,-70,15.577,-61.172,35.577
yaw340_pitch-065,340,-65,15.648,-57.493,35.648
yaw340_pitch-060,340,-60,15.740,-47.397,35.740
yaw340_pitch-055,340,-55,17.900,-47.804,37.900
yaw340_pitch-050,340,-50,17.439,-45.839,37.439
yaw340_pitch-045,340,-45,19.354,-42.308,39.354
yaw340_pitch-040,340,-40,19.521,-45.001,39.521
yaw340_pitch-035,340,-35,19.233,-42.292,39.233
yaw340_pitch-030,340,-30,17.843,-37.472,37.843
yaw340_pitch-025,340,-25,16.205,-34.003,36.205
yaw340_pitch-020,340,-20,10.354,-28.487,30.354
yaw340_pitch-015,340,-15,358.294,-27.357,18.294
yaw340_pitch-010,340,-10,357.021,-22.365,17.021
yaw340_pitch-005,340,-5,4.050,-21.444,24.050
yaw340_pitch+000,340,0,352.429,-20.689,12.429
yaw340_pitch+005,340,5,341.735,-15.927,1.735
yaw340_pitch+010,340,10,335.884,-13.193,4.116
yaw340_pitch+015,340,15,333.987,-10.224,6.013
yaw340_pitch+020,340,20,338.897,-8.558,1.103
yaw340_pitch+025,340,25,342.089,-3.641,2.089
yaw340_pitch+030,340,30,341.049,-0.002,1.049
yaw340_pitch+035,340,35,339.681,3.697,0.319
yaw340_pitch+040,340,40,341.270,9.349,1.270
yaw340_pitch+045,340,45,338.473,16.496,1.527
yaw340_pitch+050,340,50,341.989,25.646,1.989
yaw340_pitch+055,340,55,343.569,35.375,3.569
yaw340_pitch+060,340,60,340.287,48.303,0.287
yaw340_pitch+065,340,65,330.882,57.666,9.118
yaw340_pitch+070,340,70,322.395,66.064,17.605
yaw340_pitch+075,340,75,321.548,74.647,18.452
yaw340_pitch+080,340,80,321.359,79.015,18.641
yaw340_pitch+085,340,85,313.905,84.809,26.095
yaw340_pitch+090,340,90,310.499,87.692,29.501
yaw345_pitch-090,345,-90,11.704,-90.000,26.704
yaw345_pitch-085,345,-85,13.296,-83.818,28.296
yaw345_pitch-080,345,-80,16.034,-79.622,31.034
yaw345_pitch-075,345,-75,19.146,-72.283,34.146
yaw345_pitch-070,345,-70,20.089,-62.679,35.089
yaw345_pitch-065,345,-65,19.627,-57.262,34.627
yaw345_pitch-060,345,-60,20.213,-45.885,35.213
yaw345_pitch-055,345,-55,20.165,-48.399,35.165
yaw345_pitch-050,345,-50,20.487,-44.685,35.487
yaw345_pitch-045,345,-45,20.210,-43.784,35.210
yaw345_pitch-040,345,-40,20.300,-44.351,35.300
yaw345_pitch-035,345,-35,16.918,-41.947,31.918
yaw345_pitch-030,345,-30,16.303,-40.726,31.303
yaw345_pitch-025,345,-25,15.304,-34.750,30.304
yaw345_pitch-020,345,-20,14.735,-33.106,29.735
yaw345_pitch-015,345,-15,15.955,-31.264,30.955
yaw345_pitch-010,345,-10,11.476,-26.423,26.476
yaw345_pitch-005,345,-5,4.806,-21.725,19.806
yaw345_pitch+000,345,0,1.884,-21.112,16.884
yaw345_pitch+005,345,5,352.027,-14.952,7.027
yaw345_pitch+010,345,10,340.726,-11.757,4.274
yaw345_pitch+015,345,15,340.688,-9.091,4.312
yaw345_pitch+020,345,20,348.000,-5.166,3.000
yaw345_pitch+025,345,25,348.957,-2.133,3.957
yaw345_pitch+030,345,30,347.608,3.079,2.608
yaw345_pitch+035,345,35,351.522,7.956,6.522
yaw345_pitch+040,345,40,351.242,12.425,6.242
yaw345_pitch+045,345,45,347.531,20.981,2.531
yaw345_pitch+050,345,50,350.314,29.453,5.314
yaw345_pitch+055,345,55,349.482,39.444,4.482
yaw345_pitch+060,345,60,345.908,51.433,0.908
yaw345_pitch+065,345,65,339.541,56.632,5.459
yaw345_pitch+070,345,70,328.592,63.424,16.408
yaw345_pitch+075,345,75,319.625,67.889,25.375
yaw345_pitch+080,345,80,319.041,76.494,25.959
yaw345_pitch+085,345,85,318.416,83.839,26.584
yaw345_pitch+090,345,90,319.344,89.498,25.656
yaw350_pitch-090,350,-90,17.016,-87.653,27.016
yaw350_pitch-085,350,-85,19.997,-87.681,29.997
yaw350_pitch-080,350,-80,20.494,-80.850,30.494
yaw350_pitch-075,350,-75,20.979,-73.337,30.979
yaw350_pitch-070,350,-70,21.638,-64.063,31.638
yaw350_pitch-065,350,-65,22.587,-55.228,32.587
yaw350_pitch-060,350,-60,22.969,-50.194,32.969
yaw350_pitch-055,350,-55,21.576,-40.690,31.576
yaw350_pitch-050,350,-50,20.521,-43.950,30.521
yaw350_pitch-045,350,-45,20.527,-41.990,30.527
yaw350_pitch-040,350,-40,20.764,-41.543,30.764
yaw350_pitch-035,350,-35,17.362,-44.547,27.362
yaw350_pitch-030,350,-30,17.710,-38.052,27.710
yaw350_pitch-025,350,-25,15.923,-37.206,25.923
yaw350_pitch-020,350,-20,15.868,-36.318,25.868
yaw350_pitch-015,350,-15,12.343,-29.235,22.343
yaw350_pitch-010,350,-10,12.000,-27.267,22.000
yaw350_pitch-005,350,-5,7.722,-25.127,17.722
yaw350_pitch+000,350,0,3.161,-21.709,13.161
yaw350_pitch+005,350,5,359.850,-13.694,9.850
yaw350_pitch+010,350,10,356.595,-10.628,6.595
yaw350_pitch+015,350,15,346.680,-7.649,3.320
yaw350_pitch+020,350,20,354.827,-4.440,4.827
yaw350_pitch+025,350,25,355.652,0.157,5.652
yaw350_pitch+030,350,30,357.664,6.237,7.664
yaw350_pitch+035,350,35,355.477,10.813,5.477
yaw350_pitch+040,350,40,5.360,17.215,15.360
yaw350_pitch+045,350,45,0.909,23.987,10.909
yaw350_pitch+050,350,50,356.395,31.166,6.395
yaw350_pitch+055,350,55,354.266,40.432,4.266
yaw350_pitch+060,350,60,352.580,49.978,2.580
yaw350_pitch+065,350,65,341.947,54.047,8.053
yaw350_pitch+070,350,70,327.483,56.140,22.517
yaw350_pitch+075,350,75,319.447,60.619,30.553
yaw350_pitch+080,350,80,318.724,70.064,31.276
yaw350_pitch+085,350,85,318.509,83.388,31.491
yaw350_pitch+090,350,90,315.024,86.947,34.976
yaw355_pitch-090,355,-90,22.137,-88.977,27.137
yaw355_pitch-085,355,-85,24.614,-86.285,29.614
yaw355_pitch-080,355,-80,25.710,-81.061,30.710
yaw355_pitch-075,355,-75,26.118,-73.609,31.118
yaw355_pitch-070,355,-70,26.198,-64.834,31.198
yaw355_pitch-065,355,-65,24.874,-48.300,29.874
yaw355_pitch-060,355,-60,22.766,-36.921,27.766
yaw355_pitch-055,355,-55,22.606,-41.745,27.606
yaw355_pitch-050,355,-50,21.490,-41.484,26.490
yaw355_pitch-045,355,-45,21.314,-40.125,26.314
yaw355_pitch-040,355,-40,21.875,-42.163,26.875
yaw355_pitch-035,355,-35,19.417,-44.235,24.417
yaw355_pitch-030,355,-30,19.629,-40.633,24.629
yaw355_pitch-025,355,-25,16.631,-38.115,21.631
yaw355_pitch-020,355,-20,16.552,-38.017,21.552
yaw355_pitch-015,355,-15,15.055,-30.280,20.055
yaw355_pitch-010,355,-10,14.944,-25.673,19.944
yaw355_pitch-005,355,-5,13.332,-24.438,18.332
yaw355_pitch+000,355,0,7.756,-20.520,12.756
yaw355_pitch+005,355,5,6.744,-14.352,11.744
yaw355_pitch+010,355,10,354.097,-9.898,0.903
yaw355_pitch+015,355,15,358.061,-4.992,3.061
yaw355_pitch+020,355,20,2.430,-0.810,7.430
yaw355_pitch+025,355,25,4.409,2.459,9.409
yaw355_pitch+030,355,30,4.681,8.403,9.681
yaw355_pitch+035,355,35,7.801,13.927,12.801
yaw355_pitch+040,355,40,9.467,18.559,14.467
yaw355_pitch+045,355,45,11.305,23.848,16.305
yaw355_pitch+050,355,50,7.229,30.756,12.229
yaw355_pitch+055,355,55,1.147,40.201,6.147
yaw355_pitch+060,355,60,357.420,48.389,2.420
yaw355_pitch+065,355,65,338.897,45.144,16.103
yaw355_pitch+070,355,70,326.223,47.086,28.777
yaw355_pitch+075,355,75,319.189,58.288,35.811
yaw355_pitch+080,355,80,317.983,69.537,37.017
yaw355_pitch+085,355,85,319.502,77.361,35.498
yaw355_pitch+090,355,90,315.765,87.559,39.235
