record_id,yaw_true,pitch_true,yaw_pred,pitch_pred,yaw_err
yaw000_pitch-090,0,-90,329.823,-79.217,30.177
yaw000_pitch-085,0,-85,325.281,-82.618,34.719
yaw000_pitch-080,0,-80,320.406,-79.653,39.594
yaw000_pitch-075,0,-75,317.542,-78.458,42.458
yaw000_pitch-070,0,-70,319.521,-78.863,40.479
yaw000_pitch-065,0,-65,310.853,-75.815,49.147
yaw000_pitch-060,0,-60,310.278,-71.946,49.722
yaw000_pitch-055,0,-55,301.480,-64.831,58.520
yaw000_pitch-050,0,-50,298.484,-67.956,61.516
yaw000_pitch-045,0,-45,294.145,-63.375,65.855
yaw000_pitch-040,0,-40,292.443,-43.587,67.557
yaw000_pitch-035,0,-35,300.216,17.622,59.784
yaw000_pitch-030,0,-30,303.330,35.789,56.670
yaw000_pitch-025,0,-25,310.010,43.445,49.990
yaw000_pitch-020,0,-20,312.984,46.860,47.016
yaw000_pitch-015,0,-15,315.820,49.864,44.180
yaw000_pitch-010,0,-10,314.222,50.185,45.778
yaw000_pitch-005,0,-5,317.198,50.743,42.802
yaw000_pitch+000,0,0,318.236,50.232,41.764
yaw000_pitch+005,0,5,321.771,50.817,38.229
yaw000_pitch+010,0,10,309.670,49.745,50.330
yaw000_pitch+015,0,15,293.799,51.939,66.201
yaw000_pitch+020,0,20,295.225,54.517,64.775
yaw000_pitch+025,0,25,260.264,54.583,99.736
yaw000_pitch+030,0,30,270.058,55.963,89.942
yaw000_pitch+035,0,35,279.227,58.301,80.773
yaw000_pitch+040,0,40,256.474,58.883,103.526
yaw000_pitch+045,0,45,359.176,66.824,0.824
yaw000_pitch+050,0,50,8.143,68.585,8.143
yaw000_pitch+055,0,55,18.580,72.670,18.580
yaw000_pitch+060,0,60,26.397,77.124,26.397
yaw000_pitch+065,0,65,29.451,79.401,29.451
yaw000_pitch+070,0,70,28.742,78.709,28.742
yaw000_pitch+075,0,75,32.061,80.375,32.061
yaw000_pitch+080,0,80,34.565,86.057,34.565
yaw000_pitch+085,0,85,28.594,90.000,28.594
yaw000_pitch+090,0,90,24.339,90.000,24.339
yaw005_pitch-090,5,-90,336.195,-81.231,28.805
yaw005_pitch-085,5,-85,332.053,-83.062,32.947
yaw005_pitch-080,5,-80,327.966,-80.292,37.034
yaw005_pitch-075,5,-75,329.808,-80.145,35.192
yaw005_pitch-070,5,-70,323.585,-87.366,41.415
yaw005_pitch-065,5,-65,317.416,-77.964,47.584
yaw005_pitch-060,5,-60,314.273,-74.736,50.727
yaw005_pitch-055,5,-55,309.819,-66.936,55.181
yaw005_pitch-050,5,-50,303.201,-68.036,61.799
yaw005_pitch-045,5,-45,295.805,-58.488,69.195
yaw005_pitch-040,5,-40,285.113,-54.443,79.887
yaw005_pitch-035,5,-35,293.283,-5.733,71.717
yaw005_pitch-030,5,-30,298.878,31.229,66.122
yaw005_pitch-025,5,-25,299.398,39.250,65.602
yaw005_pitch-020,5,-20,309.144,44.250,55.856
yaw005_pitch-015,5,-15,308.365,47.181,56.635
yaw005_pitch-010,5,-10,314.753,50.646,50.247
yaw005_pitch-005,5,-5,317.790,50.533,47.210
yaw005_pitch+000,5,0,317.006,50.142,47.994
yaw005_pitch+005,5,5,324.582,50.597,40.418
yaw005_pitch+010,5,10,328.635,52.251,36.365
yaw005_pitch+015,5,15,302.700,52.365,62.300
yaw005_pitch+020,5,20,283.148,54.549,81.852
yaw005_pitch+025,5,25,265.983,54.652,99.017
yaw005_pitch+030,5,30,263.537,55.687,101.463
yaw005_pitch+035,5,35,254.723,58.102,110.277
yaw005_pitch+040,5,40,316.223,61.698,48.777
yaw005_pitch+045,5,45,12.896,67.375,7.896
yaw005_pitch+050,5,50,23.041,69.928,18.041
yaw005_pitch+055,5,55,30.887,73.402,25.887
yaw005_pitch+060,5,60,33.902,76.521,28.902
yaw005_pitch+065,5,65,34.079,80.654,29.079
yaw005_pitch+070,5,70,37.926,82.064,32.926
yaw005_pitch+075,5,75,39.713,84.729,34.713
yaw005_pitch+080,5,80,42.442,89.845,37.442
yaw005_pitch+085,5,85,37.310,90.000,32.310
yaw005_pitch+090,5,90,31.177,90.000,26.177
yaw010_pitch-090,10,-90,340.631,-87.395,29.369
yaw010_pitch-085,10,-85,330.518,-82.590,39.482
yaw010_pitch-080,10,-80,330.111,-80.189,39.889
yaw010_pitch-075,10,-75,333.935,-76.694,36.065
yaw010_pitch-070,10,-70,330.040,-86.549,39.960
yaw010_pitch-065,10,-65,322.824,-80.987,47.176
yaw010_pitch-060,10,-60,317.729,-76.293,52.271
yaw010_pitch-055,10,-55,312.009,-67.671,57.991
yaw010_pitch-050,10,-50,304.697,-66.152,65.303
yaw010_pitch-045,10,-45,279.870,-63.730,90.130
yaw010_pitch-040,10,-40,279.166,-52.566,90.834
yaw010_pitch-035,10,-35,279.413,-17.005,90.587
yaw010_pitch-030,10,-30,278.380,10.864,91.620
yaw010_pitch-025,10,-25,290.833,35.467,79.167
yaw010_pitch-020,10,-20,300.973,42.747,69.027
yaw010_pitch-015,10,-15,313.999,45.174,56.001
yaw010_pitch-010,10,-10,321.537,47.063,48.463
yaw010_pitch-005,10,-5,323.885,49.260,46.115
yaw010_pitch+000,10,0,329.772,50.599,40.228
yaw010_pitch+005,10,5,332.918,51.520,37.082
yaw010_pitch+010,10,10,328.909,51.745,41.091
yaw010_pitch+015,10,15,331.319,53.790,38.681
yaw010_pitch+020,10,20,300.491,56.268,69.509
yaw010_pitch+025,10,25,269.776,56.634,100.224
yaw010_pitch+030,10,30,252.978,56.240,117.022
yaw010_pitch+035,10,35,317.139,57.875,52.861
yaw010_pitch+040,10,40,10.172,62.449,0.172
yaw010_pitch+045,10,45,26.781,66.468,16.781
yaw010_pitch+050,10,50,31.803,69.253,21.803
yaw010_pitch+055,10,55,36.401,72.918,26.401
yaw010_pitch+060,10,60,39.456,77.684,29.456
yaw010_pitch+065,10,65,40.014,80.875,30.014
yaw010_pitch+070,10,70,40.708,80.600,30.708
yaw010_pitch+075,10,75,43.770,82.709,33.770
yaw010_pitch+080,10,80,43.924,87.859,33.924
yaw010_pitch+085,10,85,41.000,90.000,31.000
yaw010_pitch+090,10,90,38.920,85.564,28.920
yaw015_pitch-090,15,-90,343.640,-90.000,31.360
yaw015_pitch-085,15,-85,337.104,-82.116,37.896
yaw015_pitch-080,15,-80,337.626,-78.447,37.374
yaw015_pitch-075,15,-75,335.807,-78.377,39.193
yaw015_pitch-070,15,-70,333.517,-69.087,41.483
yaw015_pitch-065,15,-65,325.132,-76.747,49.868
yaw015_pitch-060,15,-60,320.128,-71.665,54.872
yaw015_pitch-055,15,-55,320.559,-71.042,54.441
yaw015_pitch-050,15,-50,311.985,-64.606,63.015
yaw015_pitch-045,15,-45,300.631,-57.753,74.369
yaw015_pitch-040,15,-40,266.519,-52.725,108.481
yaw015_pitch-035,15,-35,255.315,-43.064,119.685
yaw015_pitch-030,15,-30,260.405,-7.030,114.595
yaw015_pitch-025,15,-25,252.922,24.253,122.078
yaw015_pitch-020,15,-20,270.452,40.018,104.548
yaw015_pitch-015,15,-15,289.796,42.306,85.204
yaw015_pitch-010,15,-10,329.144,42.135,45.856
yaw015_pitch-005,15,-5,335.877,47.943,39.123
yaw015_pitch+000,15,0,333.015,50.032,41.985
yaw015_pitch+005,15,5,340.040,51.388,34.960
yaw015_pitch+010,15,10,334.200,52.579,40.800
yaw015_pitch+015,15,15,336.222,54.359,38.778
yaw015_pitch+020,15,20,329.609,55.051,45.391
yaw015_pitch+025,15,25,315.004,55.568,59.996
yaw015_pitch+030,15,30,309.733,57.071,65.267
yaw015_pitch+035,15,35,10.387,58.716,4.613
yaw015_pitch+040,15,40,24.780,61.663,9.780
yaw015_pitch+045,15,45,35.266,64.682,20.266
yaw015_pitch+050,15,50,36.937,69.070,21.937
yaw015_pitch+055,15,55,42.493,74.655,27.493
yaw015_pitch+060,15,60,44.334,82.198,29.334
yaw015_pitch+065,15,65,45.113,84.831,30.113
yaw015_pitch+070,15,70,47.130,85.764,32.130
yaw015_pitch+075,15,75,48.485,90.000,33.485
yaw015_pitch+080,15,80,46.954,89.626,31.954
yaw015_pitch+085,15,85,46.456,90.000,31.456
yaw015_pitch+090,15,90,44.495,86.551,29.495
yaw020_pitch-090,20,-90,344.900,-88.367,35.100
yaw020_pitch-085,20,-85,341.192,-82.988,38.808
yaw020_pitch-080,20,-80,338.601,-82.403,41.399
yaw020_pitch-075,20,-75,336.714,-76.685,43.286
yaw020_pitch-070,20,-70,334.855,-80.189,45.145
yaw020_pitch-065,20,-65,329.070,-69.733,50.930
yaw020_pitch-060,20,-60,323.720,-72.489,56.280
yaw020_pitch-055,20,-55,317.326,-63.055,62.674
yaw020_pitch-050,20,-50,302.627,-62.196,77.373
yaw020_pitch-045,20,-45,271.356,-54.018,108.644
yaw020_pitch-040,20,-40,249.570,-48.595,130.430
yaw020_pitch-035,20,-35,246.460,-36.273,133.540
yaw020_pitch-030,20,-30,252.940,-14.322,127.060
yaw020_pitch-025,20,-25,247.690,8.224,132.310
yaw020_pitch-020,20,-20,253.490,31.623,126.510
yaw020_pitch-015,20,-15,272.693,38.431,107.307
yaw020_pitch-010,20,-10,311.801,44.626,68.199
yaw020_pitch-005,20,-5,346.264,46.307,33.736
yaw020_pitch+000,20,0,345.171,48.809,34.829
yaw020_pitch+005,20,5,338.039,50.725,41.961
yaw020_pitch+010,20,10,349.035,54.299,30.965
yaw020_pitch+015,20,15,346.144,54.699,33.856
yaw020_pitch+020,20,20,357.275,58.420,22.725
yaw020_pitch+025,20,25,359.493,56.463,20.507
yaw020_pitch+030,20,30,18.528,58.023,1.472
yaw020_pitch+035,20,35,23.007,59.470,3.007
yaw020_pitch+040,20,40,36.340,62.235,16.340
yaw020_pitch+045,20,45,42.196,67.199,22.196
yaw020_pitch+050,20,50,44.389,75.401,24.389
yaw020_pitch+055,20,55,46.061,81.090,26.061
yaw020_pitch+060,20,60,47.430,84.125,27.430
yaw020_pitch+065,20,65,49.603,84.948,29.603
yaw020_pitch+070,20,70,50.702,88.140,30.702
yaw020_pitch+075,20,75,50.983,88.317,30.983
yaw020_pitch+080,20,80,51.799,89.037,31.799
yaw020_pitch+085,20,85,51.606,90.000,31.606
yaw020_pitch+090,20,90,54.223,87.763,34.223
yaw025_pitch-090,25,-90,351.437,-87.025,33.563
yaw025_pitch-085,25,-85,347.685,-82.389,37.315
yaw025_pitch-080,25,-80,344.261,-82.091,40.739
yaw025_pitch-075,25,-75,337.888,-78.406,47.112
yaw025_pitch-070,25,-70,337.372,-77.019,47.628
yaw025_pitch-065,25,-65,329.270,-75.570,55.730
yaw025_pitch-060,25,-60,318.688,-60.829,66.312
yaw025_pitch-055,25,-55,297.439,-63.516,87.561
yaw025_pitch-050,25,-50,292.182,-49.810,92.818
yaw025_pitch-045,25,-45,255.982,-50.202,129.018
yaw025_pitch-040,25,-40,249.047,-40.588,135.953
yaw025_pitch-035,25,-35,240.024,-30.055,144.976
yaw025_pitch-030,25,-30,240.078,-11.607,144.922
yaw025_pitch-025,25,-25,240.490,7.602,144.510
yaw025_pitch-020,25,-20,249.419,22.785,135.581
yaw025_pitch-015,25,-15,245.967,37.782,139.033
yaw025_pitch-010,25,-10,281.180,41.289,103.820
yaw025_pitch-005,25,-5,338.573,44.082,46.427
yaw025_pitch+000,25,0,355.289,48.561,29.711
yaw025_pitch+005,25,5,353.836,51.815,31.164
yaw025_pitch+010,25,10,346.024,53.874,38.976
yaw025_pitch+015,25,15,4.090,57.797,20.910
yaw025_pitch+020,25,20,8.437,60.399,16.563
yaw025_pitch+025,25,25,30.083,59.223,5.083
yaw025_pitch+030,25,30,26.177,61.061,1.177
yaw025_pitch+035,25,35,34.727,60.796,9.727
yaw025_pitch+040,25,40,43.235,65.739,18.235
yaw025_pitch+045,25,45,46.827,67.971,21.827
yaw025_pitch+050,25,50,46.258,74.372,21.258
yaw025_pitch+055,25,55,49.870,78.273,24.870
yaw025_pitch+060,25,60,52.791,83.830,27.791
yaw025_pitch+065,25,65,52.608,84.487,27.608
yaw025_pitch+070,25,70,52.928,84.363,27.928
yaw025_pitch+075,25,75,53.717,85.423,28.717
yaw025_pitch+080,25,80,52.258,85.264,27.258
yaw025_pitch+085,25,85,54.990,89.800,29.990
yaw025_pitch+090,25,90,56.402,87.599,31.402
yaw030_pitch-090,30,-90,356.261,-83.082,33.739
yaw030_pitch-085,30,-85,354.621,-87.402,35.379
yaw030_pitch-080,30,-80,349.770,-83.711,40.230
yaw030_pitch-075,30,-75,341.997,-77.092,48.003
yaw030_pitch-070,30,-70,334.276,-72.903,55.724
yaw030_pitch-065,30,-65,327.257,-66.253,62.743
yaw030_pitch-060,30,-60,315.296,-58.045,74.704
yaw030_pitch-055,30,-55,298.962,-52.304,91.038
yaw030_pitch-050,30,-50,282.271,-46.963,107.729
yaw030_pitch-045,30,-45,260.663,-36.990,129.337
yaw030_pitch-040,30,-40,246.341,-27.537,143.659
yaw030_pitch-035,30,-35,237.223,-17.608,152.777
yaw030_pitch-030,30,-30,234.750,-3.594,155.250
yaw030_pitch-025,30,-25,232.404,3.645,157.596
yaw030_pitch-020,30,-20,233.863,23.957,156.137
yaw030_pitch-015,30,-15,237.179,34.009,152.821
yaw030_pitch-010,30,-10,257.780,39.375,132.220
yaw030_pitch-005,30,-5,319.554,45.772,70.446
yaw030_pitch+000,30,0,12.678,49.818,17.322
yaw030_pitch+005,30,5,5.446,52.024,24.554
yaw030_pitch+010,30,10,2.930,55.317,27.070
yaw030_pitch+015,30,15,5.867,57.473,24.133
yaw030_pitch+020,30,20,10.990,60.750,19.010
yaw030_pitch+025,30,25,24.301,62.516,5.699
yaw030_pitch+030,30,30,34.999,60.349,4.999
yaw030_pitch+035,30,35,42.157,65.527,12.157
yaw030_pitch+040,30,40,46.322,65.501,16.322
yaw030_pitch+045,30,45,47.297,70.965,17.297
yaw030_pitch+050,30,50,49.507,72.341,19.507
yaw030_pitch+055,30,55,52.477,77.728,22.477
yaw030_pitch+060,30,60,56.414,77.673,26.414
yaw030_pitch+065,30,65,56.884,79.618,26.884
yaw030_pitch+070,30,70,57.186,79.143,27.186
yaw030_pitch+075,30,75,54.811,79.612,24.811
yaw030_pitch+080,30,80,58.630,82.212,28.630
yaw030_pitch+085,30,85,58.324,88.719,28.324
yaw030_pitch+090,30,90,58.285,89.972,28.285
yaw035_pitch-090,35,-90,359.467,-87.061,35.533
yaw035_pitch-085,35,-85,359.261,-82.300,35.739
yaw035_pitch-080,35,-80,356.001,-78.486,38.999
yaw035_pitch-075,35,-75,346.847,-77.572,48.153
yaw035_pitch-070,35,-70,339.853,-68.298,55.147
yaw035_pitch-065,35,-65,332.352,-52.612,62.648
yaw035_pitch-060,35,-60,317.300,-56.575,77.700
yaw035_pitch-055,35,-55,299.778,-48.840,95.222
yaw035_pitch-050,35,-50,274.737,-43.163,120.263
yaw035_pitch-045,35,-45,248.355,-34.323,146.645
yaw035_pitch-040,35,-40,246.001,-20.982,148.999
yaw035_pitch-035,35,-35,233.966,-13.195,161.034
yaw035_pitch-030,35,-30,231.607,3.295,163.393
yaw035_pitch-025,35,-25,229.965,11.601,165.035
yaw035_pitch-020,35,-20,228.402,23.144,166.598
yaw035_pitch-015,35,-15,228.804,33.472,166.196
yaw035_pitch-010,35,-10,236.837,37.342,158.163
yaw035_pitch-005,35,-5,246.359,45.551,148.641
yaw035_pitch+000,35,0,11.234,50.155,23.766
yaw035_pitch+005,35,5,21.056,55.258,13.944
yaw035_pitch+010,35,10,13.597,57.452,21.403
yaw035_pitch+015,35,15,11.735,60.902,23.265
yaw035_pitch+020,35,20,14.258,62.616,20.742
yaw035_pitch+025,35,25,39.027,63.996,4.027
yaw035_pitch+030,35,30,45.632,64.515,10.632
yaw035_pitch+035,35,35,47.806,65.544,12.806
yaw035_pitch+040,35,40,47.744,68.601,12.744
yaw035_pitch+045,35,45,51.247,68.407,16.247
yaw035_pitch+050,35,50,52.970,68.259,17.970
yaw035_pitch+055,35,55,57.171,71.803,22.171
yaw035_pitch+060,35,60,62.009,74.889,27.009
yaw035_pitch+065,35,65,65.553,76.914,30.553
yaw035_pitch+070,35,70,63.444,76.474,28.444
yaw035_pitch+075,35,75,64.630,76.570,29.630
yaw035_pitch+080,35,80,61.584,80.273,26.584
yaw035_pitch+085,35,85,62.280,90.000,27.280
yaw035_pitch+090,35,90,64.315,88.002,29.315
yaw040_pitch-090,40,-90,8.003,-88.921,31.997
yaw040_pitch-085,40,-85,6.462,-85.638,33.538
yaw040_pitch-080,40,-80,1.497,-76.409,38.503
yaw040_pitch-075,40,-75,355.025,-73.049,44.975
yaw040_pitch-070,40,-70,345.885,-66.756,54.115
yaw040_pitch-065,40,-65,323.268,-53.558,76.732
yaw040_pitch-060,40,-60,320.460,-52.503,79.540
yaw040_pitch-055,40,-55,282.693,-53.358,117.307
yaw040_pitch-050,40,-50,264.168,-41.024,135.832
yaw040_pitch-045,40,-45,258.332,-33.620,141.668
yaw040_pitch-040,40,-40,245.801,-24.428,154.199
yaw040_pitch-035,40,-35,235.144,-0.935,164.856
yaw040_pitch-030,40,-30,226.978,9.674,173.022
yaw040_pitch-025,40,-25,224.746,13.270,175.254
yaw040_pitch-020,40,-20,220.971,26.079,179.029
yaw040_pitch-015,40,-15,223.539,32.056,176.461
yaw040_pitch-010,40,-10,218.070,37.534,178.070
yaw040_pitch-005,40,-5,194.214,46.323,154.214
yaw040_pitch+000,40,0,78.607,52.833,38.607
yaw040_pitch+005,40,5,37.185,56.884,2.815
yaw040_pitch+010,40,10,30.575,60.545,9.425
yaw040_pitch+015,40,15,38.024,61.903,1.976
yaw040_pitch+020,40,20,44.859,62.686,4.859
yaw040_pitch+025,40,25,49.715,64.174,9.715
yaw040_pitch+030,40,30,51.567,64.506,11.567
yaw040_pitch+035,40,35,50.547,65.260,10.547
yaw040_pitch+040,40,40,51.004,64.473,11.004
yaw040_pitch+045,40,45,54.144,65.317,14.144
yaw040_pitch+050,40,50,58.894,68.392,18.894
yaw040_pitch+055,40,55,62.629,72.677,22.629
yaw040_pitch+060,40,60,70.358,73.358,30.358
yaw040_pitch+065,40,65,72.604,77.136,32.604
yaw040_pitch+070,40,70,71.896,75.717,31.896
yaw040_pitch+075,40,75,65.757,78.851,25.757
yaw040_pitch+080,40,80,66.898,86.701,26.898
yaw040_pitch+085,40,85,70.732,88.038,30.732
yaw040_pitch+090,40,90,80.481,86.738,40.481
yaw045_pitch-090,45,-90,10.832,-88.101,34.168
yaw045_pitch-085,45,-85,9.934,-81.042,35.066
yaw045_pitch-080,45,-80,8.527,-78.420,36.473
yaw045_pitch-075,45,-75,0.026,-71.775,44.974
yaw045_pitch-070,45,-70,353.524,-66.369,51.476
yaw045_pitch-065,45,-65,344.989,-56.825,60.011
yaw045_pitch-060,45,-60,325.743,-54.572,79.257
yaw045_pitch-055,45,-55,285.885,-44.666,119.115
yaw045_pitch-050,45,-50,267.942,-42.390,137.058
yaw045_pitch-045,45,-45,249.591,-30.345,155.409
yaw045_pitch-040,45,-40,246.874,-14.367,158.126
yaw045_pitch-035,45,-35,228.181,-3.271,176.819
yaw045_pitch-030,45,-30,218.199,11.276,173.199
yaw045_pitch-025,45,-25,216.787,19.900,171.787
yaw045_pitch-020,45,-20,212.603,25.894,167.603
yaw045_pitch-015,45,-15,207.273,32.915,162.273
yaw045_pitch-010,45,-10,193.441,37.590,148.441
yaw045_pitch-005,45,-5,173.125,44.622,128.125
yaw045_pitch+000,45,0,106.505,53.444,61.505
yaw045_pitch+005,45,5,74.478,57.149,29.478
yaw045_pitch+010,45,10,67.715,61.008,22.715
yaw045_pitch+015,45,15,56.672,62.083,11.672
yaw045_pitch+020,45,20,64.628,64.294,19.628
yaw045_pitch+025,45,25,56.782,65.529,11.782
yaw045_pitch+030,45,30,56.489,64.172,11.489
yaw045_pitch+035,45,35,56.962,65.211,11.962
yaw045_pitch+040,45,40,59.497,64.347,14.497
yaw045_pitch+045,45,45,65.771,64.496,20.771
yaw045_pitch+050,45,50,67.776,70.592,22.776
yaw045_pitch+055,45,55,75.048,68.299,30.048
yaw045_pitch+060,45,60,78.043,74.377,33.043
yaw045_pitch+065,45,65,80.501,74.328,35.501
yaw045_pitch+070,45,70,79.010,75.372,34.010
yaw045_pitch+075,45,75,74.663,79.229,29.663
yaw045_pitch+080,45,80,73.543,82.255,28.543
yaw045_pitch+085,45,85,74.771,86.661,29.771
yaw045_pitch+090,45,90,80.107,86.990,35.107
yaw050_pitch-090,50,-90,16.073,-86.902,33.927
yaw050_pitch-085,50,-85,14.686,-83.878,35.314
yaw050_pitch-080,50,-80,10.663,-79.277,39.337
yaw050_pitch-075,50,-75,5.563,-75.353,44.437
yaw050_pitch-070,50,-70,5.189,-66.332,44.811
yaw050_pitch-065,50,-65,358.030,-60.891,51.970
yaw050_pitch-060,50,-60,348.521,-60.329,61.479
yaw050_pitch-055,50,-55,329.837,-50.392,80.163
yaw050_pitch-050,50,-50,276.466,-38.772,133.534
yaw050_pitch-045,50,-45,232.979,-36.195,177.021
yaw050_pitch-040,50,-40,217.286,-27.695,167.286
yaw050_pitch-035,50,-35,208.724,2.774,158.724
yaw050_pitch-030,50,-30,194.043,13.858,144.043
yaw050_pitch-025,50,-25,192.275,19.720,142.275
yaw050_pitch-020,50,-20,184.783,27.192,134.783
yaw050_pitch-015,50,-15,145.344,34.438,95.344
yaw050_pitch-010,50,-10,114.904,38.787,64.904
yaw050_pitch-005,50,-5,124.969,46.718,74.969
yaw050_pitch+000,50,0,96.372,54.621,46.372
yaw050_pitch+005,50,5,79.104,59.136,29.104
yaw050_pitch+010,50,10,77.127,62.107,27.127
yaw050_pitch+015,50,15,74.352,64.406,24.352
yaw050_pitch+020,50,20,74.451,65.764,24.451
yaw050_pitch+025,50,25,72.394,65.119,22.394
yaw050_pitch+030,50,30,70.948,64.789,20.948
yaw050_pitch+035,50,35,69.150,66.451,19.150
yaw050_pitch+040,50,40,74.296,67.912,24.296
yaw050_pitch+045,50,45,81.099,65.954,31.099
yaw050_pitch+050,50,50,85.491,69.562,35.491
yaw050_pitch+055,50,55,87.450,70.358,37.450
yaw050_pitch+060,50,60,88.912,71.949,38.912
yaw050_pitch+065,50,65,96.620,70.387,46.620
yaw050_pitch+070,50,70,87.961,72.692,37.961
yaw050_pitch+075,50,75,81.448,76.433,31.448
yaw050_pitch+080,50,80,80.394,80.745,30.394
yaw050_pitch+085,50,85,80.985,86.550,30.985
yaw050_pitch+090,50,90,81.039,87.734,31.039
yaw055_pitch-090,55,-90,25.023,-88.304,29.977
yaw055_pitch-085,55,-85,21.989,-85.420,33.011
yaw055_pitch-080,55,-80,19.958,-82.314,35.042
yaw055_pitch-075,55,-75,17.370,-79.581,37.630
yaw055_pitch-070,55,-70,19.109,-72.879,35.891
yaw055_pitch-065,55,-65,16.090,-70.717,38.910
yaw055_pitch-060,55,-60,14.653,-54.128,40.347
yaw055_pitch-055,55,-55,10.417,-56.505,44.583
yaw055_pitch-050,55,-50,354.830,-50.289,60.170
yaw055_pitch-045,55,-45,321.252,-36.044,93.748
yaw055_pitch-040,55,-40,179.013,-21.796,124.013
yaw055_pitch-035,55,-35,165.111,-0.364,110.111
yaw055_pitch-030,55,-30,154.663,16.002,99.663
yaw055_pitch-025,55,-25,130.720,22.960,75.720
yaw055_pitch-020,55,-20,126.404,27.525,71.404
yaw055_pitch-015,55,-15,100.172,33.046,45.172
yaw055_pitch-010,55,-10,93.088,39.162,38.088
yaw055_pitch-005,55,-5,96.102,48.173,41.102
yaw055_pitch+000,55,0,93.718,55.222,38.718
yaw055_pitch+005,55,5,84.886,61.138,29.886
yaw055_pitch+010,55,10,82.570,63.030,27.570
yaw055_pitch+015,55,15,82.477,64.688,27.477
yaw055_pitch+020,55,20,83.789,64.933,28.789
yaw055_pitch+025,55,25,82.679,65.543,27.679
yaw055_pitch+030,55,30,79.540,66.585,24.540
yaw055_pitch+035,55,35,82.686,66.840,27.686
yaw055_pitch+040,55,40,83.659,67.843,28.659
yaw055_pitch+045,55,45,90.914,68.498,35.914
yaw055_pitch+050,55,50,91.887,68.702,36.887
yaw055_pitch+055,55,55,94.086,68.554,39.086
yaw055_pitch+060,55,60,95.765,66.441,40.765
yaw055_pitch+065,55,65,95.151,68.783,40.151
yaw055_pitch+070,55,70,92.917,70.978,37.917
yaw055_pitch+075,55,75,86.733,74.844,31.733
yaw055_pitch+080,55,80,84.231,82.160,29.231
yaw055_pitch+085,55,85,87.294,87.324,32.294
yaw055_pitch+090,55,90,86.959,87.127,31.959
yaw060_pitch-090,60,-90,29.578,-88.248,30.422
yaw060_pitch-085,60,-85,29.866,-85.144,30.134
yaw060_pitch-080,60,-80,27.607,-82.449,32.393
yaw060_pitch-075,60,-75,25.281,-78.457,34.719
yaw060_pitch-070,60,-70,25.382,-75.368,34.618
yaw060_pitch-065,60,-65,26.775,-73.170,33.225
yaw060_pitch-060,60,-60,26.690,-62.708,33.310
yaw060_pitch-055,60,-55,27.072,-60.820,32.928
yaw060_pitch-050,60,-50,32.048,-52.493,27.952
yaw060_pitch-045,60,-45,46.929,-44.354,13.071
yaw060_pitch-040,60,-40,80.655,-26.650,20.655
yaw060_pitch-035,60,-35,95.032,5.735,35.032
yaw060_pitch-030,60,-30,107.924,16.126,47.924
yaw060_pitch-025,60,-25,101.593,25.068,41.593
yaw060_pitch-020,60,-20,103.913,28.806,43.913
yaw060_pitch-015,60,-15,94.213,33.830,34.213
yaw060_pitch-010,60,-10,87.444,38.814,27.444
yaw060_pitch-005,60,-5,88.966,46.584,28.966
yaw060_pitch+000,60,0,94.787,54.187,34.787
yaw060_pitch+005,60,5,96.664,58.185,36.664
yaw060_pitch+010,60,10,96.146,62.542,36.146
yaw060_pitch+015,60,15,97.487,65.172,37.487
yaw060_pitch+020,60,20,97.370,65.264,37.370
yaw060_pitch+025,60,25,90.223,65.388,30.223
yaw060_pitch+030,60,30,88.846,66.063,28.846
yaw060_pitch+035,60,35,94.083,65.395,34.083
yaw060_pitch+040,60,40,97.861,66.240,37.861
yaw060_pitch+045,60,45,95.455,68.884,35.455
yaw060_pitch+050,60,50,91.870,67.324,31.870
yaw060_pitch+055,60,55,98.683,67.098,38.683
yaw060_pitch+060,60,60,104.829,65.736,44.829
yaw060_pitch+065,60,65,96.662,67.612,36.662
yaw060_pitch+070,60,70,96.889,71.449,36.889
yaw060_pitch+075,60,75,90.818,75.370,30.818
yaw060_pitch+080,60,80,89.267,82.062,29.267
yaw060_pitch+085,60,85,91.449,88.150,31.449
yaw060_pitch+090,60,90,99.749,88.407,39.749
yaw065_pitch-090,65,-90,40.977,-86.171,24.023
yaw065_pitch-085,65,-85,35.985,-87.226,29.015
yaw065_pitch-080,65,-80,32.374,-82.179,32.626
yaw065_pitch-075,65,-75,32.185,-77.708,32.815
yaw065_pitch-070,65,-70,32.428,-76.916,32.572
yaw065_pitch-065,65,-65,32.683,-69.947,32.317
yaw065_pitch-060,65,-60,34.734,-69.439,30.266
yaw065_pitch-055,65,-55,35.611,-59.723,29.389
yaw065_pitch-050,65,-50,41.363,-53.763,23.637
yaw065_pitch-045,65,-45,51.051,-43.176,13.949
yaw065_pitch-040,65,-40,61.042,-33.049,3.958
yaw065_pitch-035,65,-35,67.094,-4.564,2.094
yaw065_pitch-030,65,-30,77.996,12.800,12.996
yaw065_pitch-025,65,-25,85.928,21.374,20.928
yaw065_pitch-020,65,-20,93.225,28.172,28.225
yaw065_pitch-015,65,-15,96.344,34.363,31.344
yaw065_pitch-010,65,-10,100.326,38.770,35.326
yaw065_pitch-005,65,-5,103.119,45.660,38.119
yaw065_pitch+000,65,0,103.921,52.145,38.921
yaw065_pitch+005,65,5,104.242,56.929,39.242
yaw065_pitch+010,65,10,108.155,60.460,43.155
yaw065_pitch+015,65,15,105.865,63.804,40.865
yaw065_pitch+020,65,20,101.733,65.257,36.733
yaw065_pitch+025,65,25,99.250,66.069,34.250
yaw065_pitch+030,65,30,101.322,66.990,36.322
yaw065_pitch+035,65,35,104.296,64.434,39.296
yaw065_pitch+040,65,40,107.926,63.476,42.926
yaw065_pitch+045,65,45,106.862,64.623,41.862
yaw065_pitch+050,65,50,101.394,68.077,36.394
yaw065_pitch+055,65,55,103.941,67.005,38.941
yaw065_pitch+060,65,60,102.939,68.279,37.939
yaw065_pitch+065,65,65,104.552,69.132,39.552
yaw065_pitch+070,65,70,103.334,71.060,38.334
yaw065_pitch+075,65,75,98.278,75.610,33.278
yaw065_pitch+080,65,80,95.171,79.962,30.171
yaw065_pitch+085,65,85,95.783,85.782,30.783
yaw065_pitch+090,65,90,93.497,86.388,28.497
yaw070_pitch-090,70,-90,43.973,-87.508,26.027
yaw070_pitch-085,70,-85,41.913,-85.216,28.087
yaw070_pitch-080,70,-80,40.344,-83.583,29.656
yaw070_pitch-075,70,-75,40.458,-77.196,29.542
yaw070_pitch-070,70,-70,42.175,-73.683,27.825
yaw070_pitch-065,70,-65,44.884,-70.351,25.116
yaw070_pitch-060,70,-60,49.179,-66.232,20.821
yaw070_pitch-055,70,-55,53.738,-56.043,16.262
yaw070_pitch-050,70,-50,54.344,-56.004,15.656
yaw070_pitch-045,70,-45,54.854,-51.388,15.146
yaw070_pitch-040,70,-40,58.077,-40.428,11.923
yaw070_pitch-035,70,-35,63.937,-16.682,6.063
yaw070_pitch-030,70,-30,72.790,5.540,2.790
yaw070_pitch-025,70,-25,85.661,18.308,15.661
yaw070_pitch-020,70,-20,92.129,26.369,22.129
yaw070_pitch-015,70,-15,103.782,33.581,33.782
yaw070_pitch-010,70,-10,108.733,38.546,38.733
yaw070_pitch-005,70,-5,113.685,45.000,43.685
yaw070_pitch+000,70,0,115.061,51.362,45.061
yaw070_pitch+005,70,5,109.701,54.904,39.701
yaw070_pitch+010,70,10,108.722,59.236,38.722
yaw070_pitch+015,70,15,106.864,63.830,36.864
yaw070_pitch+020,70,20,109.919,67.121,39.919
yaw070_pitch+025,70,25,111.397,66.751,41.397
yaw070_pitch+030,70,30,110.853,67.292,40.853
yaw070_pitch+035,70,35,114.291,66.707,44.291
yaw070_pitch+040,70,40,115.222,64.286,45.222
yaw070_pitch+045,70,45,117.393,66.341,47.393
yaw070_pitch+050,70,50,115.939,66.375,45.939
yaw070_pitch+055,70,55,113.374,69.245,43.374
yaw070_pitch+060,70,60,114.044,70.041,44.044
yaw070_pitch+065,70,65,110.018,69.567,40.018
yaw070_pitch+070,70,70,109.466,73.130,39.466
yaw070_pitch+075,70,75,104.992,74.102,34.992
yaw070_pitch+080,70,80,103.497,79.893,33.497
yaw070_pitch+085,70,85,102.299,86.476,32.299
yaw070_pitch+090,70,90,103.101,90.000,33.101
yaw075_pitch-090,75,-90,49.170,-88.412,25.830
yaw075_pitch-085,75,-85,48.784,-85.976,26.216
yaw075_pitch-080,75,-80,50.278,-83.529,24.722
yaw075_pitch-075,75,-75,53.857,-81.088,21.143
yaw075_pitch-070,75,-70,50.269,-74.118,24.731
yaw075_pitch-065,75,-65,48.637,-75.017,26.363
yaw075_pitch-060,75,-60,48.991,-70.743,26.009
yaw075_pitch-055,75,-55,49.195,-71.054,25.805
yaw075_pitch-050,75,-50,50.034,-61.791,24.966
yaw075_pitch-045,75,-45,53.280,-59.753,21.720
yaw075_pitch-040,75,-40,56.163,-54.121,18.837
yaw075_pitch-035,75,-35,63.609,-34.745,11.391
yaw075_pitch-030,75,-30,81.457,-4.636,6.457
yaw075_pitch-025,75,-25,92.918,15.153,17.918
yaw075_pitch-020,75,-20,103.671,23.969,28.671
yaw075_pitch-015,75,-15,112.131,34.310,37.131
yaw075_pitch-010,75,-10,115.790,37.815,40.790
yaw075_pitch-005,75,-5,118.823,43.888,43.823
yaw075_pitch+000,75,0,117.688,49.704,42.688
yaw075_pitch+005,75,5,114.758,55.766,39.758
yaw075_pitch+010,75,10,112.008,61.384,37.008
yaw075_pitch+015,75,15,114.204,65.049,39.204
yaw075_pitch+020,75,20,117.201,66.634,42.201
yaw075_pitch+025,75,25,119.173,67.749,44.173
yaw075_pitch+030,75,30,125.043,67.584,50.043
yaw075_pitch+035,75,35,126.733,65.995,51.733
yaw075_pitch+040,75,40,126.985,64.684,51.985
yaw075_pitch+045,75,45,124.827,67.619,49.827
yaw075_pitch+050,75,50,121.296,69.263,46.296
yaw075_pitch+055,75,55,120.370,70.911,45.370
yaw075_pitch+060,75,60,118.696,69.904,43.696
yaw075_pitch+065,75,65,116.955,71.644,41.955
yaw075_pitch+070,75,70,114.165,72.677,39.165
yaw075_pitch+075,75,75,112.363,73.765,37.363
yaw075_pitch+080,75,80,105.455,78.452,30.455
yaw075_pitch+085,75,85,103.554,85.654,28.554
yaw075_pitch+090,75,90,105.845,90.000,30.845
yaw080_pitch-090,80,-90,55.201,-87.873,24.799
yaw080_pitch-085,80,-85,57.286,-82.558,22.714
yaw080_pitch-080,80,-80,51.703,-81.833,28.297
yaw080_pitch-075,80,-75,51.337,-81.616,28.663
yaw080_pitch-070,80,-70,51.446,-81.984,28.554
yaw080_pitch-065,80,-65,54.812,-75.206,25.188
yaw080_pitch-060,80,-60,52.883,-71.464,27.117
yaw080_pitch-055,80,-55,52.357,-69.818,27.643
yaw080_pitch-050,80,-50,56.080,-67.460,23.920
yaw080_pitch-045,80,-45,56.314,-66.911,23.686
yaw080_pitch-040,80,-40,61.406,-57.545,18.594
yaw080_pitch-035,80,-35,81.270,-35.733,1.270
yaw080_pitch-030,80,-30,97.848,-7.133,17.848
yaw080_pitch-025,80,-25,109.339,10.214,29.339
yaw080_pitch-020,80,-20,115.773,22.608,35.773
yaw080_pitch-015,80,-15,118.474,32.926,38.474
yaw080_pitch-010,80,-10,121.438,38.808,41.438
yaw080_pitch-005,80,-5,120.206,44.667,40.206
yaw080_pitch+000,80,0,116.298,50.768,36.298
yaw080_pitch+005,80,5,112.083,55.362,32.083
yaw080_pitch+010,80,10,116.984,61.214,36.984
yaw080_pitch+015,80,15,116.906,63.976,36.906
yaw080_pitch+020,80,20,119.026,68.528,39.026
yaw080_pitch+025,80,25,124.503,69.898,44.503
yaw080_pitch+030,80,30,131.851,68.290,51.851
yaw080_pitch+035,80,35,129.962,66.438,49.962
yaw080_pitch+040,80,40,129.228,67.142,49.228
yaw080_pitch+045,80,45,128.863,67.833,48.863
yaw080_pitch+050,80,50,126.347,71.943,46.347
yaw080_pitch+055,80,55,126.036,71.736,46.036
yaw080_pitch+060,80,60,124.667,70.969,44.667
yaw080_pitch+065,80,65,118.868,70.856,38.868
yaw080_pitch+070,80,70,119.533,72.222,39.533
yaw080_pitch+075,80,75,116.790,74.606,36.790
yaw080_pitch+080,80,80,112.615,81.430,32.615
yaw080_pitch+085,80,85,110.799,88.441,30.799
yaw080_pitch+090,80,90,110.861,90.000,30.861
yaw085_pitch-090,85,-90,61.306,-90.000,23.694
yaw085_pitch-085,85,-85,55.199,-86.858,29.801
yaw085_pitch-080,85,-80,54.472,-85.889,30.528
yaw085_pitch-075,85,-75,54.270,-80.256,30.730
yaw085_pitch-070,85,-70,55.851,-78.216,29.149
yaw085_pitch-065,85,-65,55.446,-76.533,29.554
yaw085_pitch-060,85,-60,55.936,-71.941,29.064
yaw085_pitch-055,85,-55,56.048,-72.462,28.952
yaw085_pitch-050,85,-50,58.179,-71.547,26.821
yaw085_pitch-045,85,-45,64.378,-66.037,20.622
yaw085_pitch-040,85,-40,76.406,-58.423,8.594
yaw085_pitch-035,85,-35,99.136,-42.538,14.136
yaw085_pitch-030,85,-30,113.423,-14.619,28.423
yaw085_pitch-025,85,-25,124.771,4.208,39.771
yaw085_pitch-020,85,-20,129.468,18.200,44.468
yaw085_pitch-015,85,-15,127.028,31.909,42.028
yaw085_pitch-010,85,-10,124.943,39.319,39.943
yaw085_pitch-005,85,-5,120.605,46.161,35.605
yaw085_pitch+000,85,0,117.725,50.656,32.725
yaw085_pitch+005,85,5,117.257,54.028,32.257
yaw085_pitch+010,85,10,117.760,59.939,32.760
yaw085_pitch+015,85,15,117.875,64.181,32.875
yaw085_pitch+020,85,20,124.795,68.870,39.795
yaw085_pitch+025,85,25,128.861,70.759,43.861
yaw085_pitch+030,85,30,130.739,69.568,45.739
yaw085_pitch+035,85,35,132.107,69.620,47.107
yaw085_pitch+040,85,40,132.259,68.143,47.259
yaw085_pitch+045,85,45,131.243,68.619,46.243
yaw085_pitch+050,85,50,128.743,71.358,43.743
yaw085_pitch+055,85,55,127.116,71.412,42.116
yaw085_pitch+060,85,60,127.363,71.483,42.363
yaw085_pitch+065,85,65,125.279,69.003,40.279
yaw085_pitch+070,85,70,123.199,73.137,38.199
yaw085_pitch+075,85,75,116.003,75.352,31.003
yaw085_pitch+080,85,80,113.009,84.067,28.009
yaw085_pitch+085,85,85,111.708,84.267,26.708
yaw085_pitch+090,85,90,117.506,90.000,32.506
yaw090_pitch-090,90,-90,63.558,-84.163,26.442
yaw090_pitch-085,90,-85,56.773,-86.190,33.227
yaw090_pitch-080,90,-80,56.697,-86.238,33.303
yaw090_pitch-075,90,-75,55.431,-88.168,34.569
yaw090_pitch-070,90,-70,58.952,-79.597,31.048
yaw090_pitch-065,90,-65,58.550,-76.483,31.450
yaw090_pitch-060,90,-60,58.627,-74.073,31.373
yaw090_pitch-055,90,-55,60.235,-72.147,29.765
yaw090_pitch-050,90,-50,67.140,-70.593,22.860
yaw090_pitch-045,90,-45,86.874,-59.775,3.126
yaw090_pitch-040,90,-40,98.149,-59.283,8.149
yaw090_pitch-035,90,-35,119.911,-43.662,29.911
yaw090_pitch-030,90,-30,128.696,-21.052,38.696
yaw090_pitch-025,90,-25,137.625,2.876,47.625
yaw090_pitch-020,90,-20,136.642,18.214,46.642
yaw090_pitch-015,90,-15,135.030,28.928,45.030
yaw090_pitch-010,90,-10,129.406,39.368,39.406
yaw090_pitch-005,90,-5,126.142,46.260,36.142
yaw090_pitch+000,90,0,123.083,49.383,33.083
yaw090_pitch+005,90,5,120.512,54.232,30.512
yaw090_pitch+010,90,10,118.446,61.062,28.446
yaw090_pitch+015,90,15,118.089,66.888,28.089
yaw090_pitch+020,90,20,126.613,70.038,36.613
yaw090_pitch+025,90,25,130.509,73.722,40.509
yaw090_pitch+030,90,30,133.352,72.764,43.352
yaw090_pitch+035,90,35,135.080,70.118,45.080
yaw090_pitch+040,90,40,133.202,69.144,43.202
yaw090_pitch+045,90,45,131.079,69.939,41.079
yaw090_pitch+050,90,50,130.626,71.014,40.626
yaw090_pitch+055,90,55,129.582,70.871,39.582
yaw090_pitch+060,90,60,128.339,69.473,38.339
yaw090_pitch+065,90,65,127.201,67.711,37.201
yaw090_pitch+070,90,70,123.956,73.967,33.956
yaw090_pitch+075,90,75,120.009,74.978,30.009
yaw090_pitch+080,90,80,117.094,80.987,27.094
yaw090_pitch+085,90,85,117.104,84.603,27.104
yaw090_pitch+090,90,90,118.050,82.257,28.050
yaw095_pitch-090,95,-90,69.576,-86.467,25.424
yaw095_pitch-085,95,-85,64.714,-86.091,30.286
yaw095_pitch-080,95,-80,60.150,-84.897,34.850
yaw095_pitch-075,95,-75,59.617,-83.783,35.383
yaw095_pitch-070,95,-70,59.315,-82.413,35.685
yaw095_pitch-065,95,-65,63.790,-79.233,31.210
yaw095_pitch-060,95,-60,65.618,-72.915,29.382
yaw095_pitch-055,95,-55,74.375,-71.517,20.625
yaw095_pitch-050,95,-50,83.680,-69.203,11.320
yaw095_pitch-045,95,-45,97.422,-65.658,2.422
yaw095_pitch-040,95,-40,111.169,-58.902,16.169
yaw095_pitch-035,95,-35,123.830,-44.061,28.830
yaw095_pitch-030,95,-30,142.428,-18.565,47.428
yaw095_pitch-025,95,-25,145.381,-0.207,50.381
yaw095_pitch-020,95,-20,148.119,15.767,53.119
yaw095_pitch-015,95,-15,143.931,29.656,48.931
yaw095_pitch-010,95,-10,137.600,38.343,42.600
yaw095_pitch-005,95,-5,134.999,45.390,39.999
yaw095_pitch+000,95,0,130.463,49.380,35.463
yaw095_pitch+005,95,5,122.683,54.438,27.683
yaw095_pitch+010,95,10,121.603,61.929,26.603
yaw095_pitch+015,95,15,123.888,67.744,28.888
yaw095_pitch+020,95,20,128.046,71.691,33.046
yaw095_pitch+025,95,25,130.165,73.544,35.165
yaw095_pitch+030,95,30,133.709,72.059,38.709
yaw095_pitch+035,95,35,134.121,70.282,39.121
yaw095_pitch+040,95,40,134.010,69.226,39.010
yaw095_pitch+045,95,45,134.823,67.260,39.823
yaw095_pitch+050,95,50,132.437,67.025,37.437
yaw095_pitch+055,95,55,132.092,67.666,37.092
yaw095_pitch+060,95,60,132.092,68.584,37.092
yaw095_pitch+065,95,65,132.076,70.179,37.076
yaw095_pitch+070,95,70,129.668,72.660,34.668
yaw095_pitch+075,95,75,124.490,75.830,29.490
yaw095_pitch+080,95,80,125.277,77.284,30.277
yaw095_pitch+085,95,85,123.960,82.378,28.960
yaw095_pitch+090,95,90,125.075,84.394,30.075
yaw100_pitch-090,100,-90,73.840,-83.650,26.160
yaw100_pitch-085,100,-85,74.736,-90.000,25.264
yaw100_pitch-080,100,-80,72.089,-83.244,27.911
yaw100_pitch-075,100,-75,68.514,-85.531,31.486
yaw100_pitch-070,100,-70,72.749,-80.361,27.251
yaw100_pitch-065,100,-65,78.689,-79.369,21.311
yaw100_pitch-060,100,-60,87.046,-77.941,12.954
yaw100_pitch-055,100,-55,92.301,-73.944,7.699
yaw100_pitch-050,100,-50,99.811,-74.682,0.189
yaw100_pitch-045,100,-45,108.855,-68.043,8.855
yaw100_pitch-040,100,-40,115.369,-65.641,15.369
yaw100_pitch-035,100,-35,126.341,-44.960,26.341
yaw100_pitch-030,100,-30,141.807,-23.647,41.807
yaw100_pitch-025,100,-25,150.021,-2.447,50.021
yaw100_pitch-020,100,-20,151.999,18.201,51.999
yaw100_pitch-015,100,-15,149.938,33.441,49.938
yaw100_pitch-010,100,-10,149.546,39.525,49.546
yaw100_pitch-005,100,-5,140.887,45.386,40.887
yaw100_pitch+000,100,0,137.147,49.149,37.147
yaw100_pitch+005,100,5,131.767,54.228,31.767
yaw100_pitch+010,100,10,124.517,60.932,24.517
yaw100_pitch+015,100,15,124.449,68.404,24.449
yaw100_pitch+020,100,20,126.443,72.369,26.443
yaw100_pitch+025,100,25,130.434,73.964,30.434
yaw100_pitch+030,100,30,131.782,72.088,31.782
yaw100_pitch+035,100,35,135.150,67.995,35.150
yaw100_pitch+040,100,40,136.321,66.423,36.321
yaw100_pitch+045,100,45,138.519,67.264,38.519
yaw100_pitch+050,100,50,136.169,68.543,36.169
yaw100_pitch+055,100,55,135.437,68.591,35.437
yaw100_pitch+060,100,60,136.801,69.463,36.801
yaw100_pitch+065,100,65,139.332,70.672,39.332
yaw100_pitch+070,100,70,137.612,72.948,37.612
yaw100_pitch+075,100,75,133.733,73.271,33.733
yaw100_pitch+080,100,80,135.047,80.274,35.047
yaw100_pitch+085,100,85,133.486,84.107,33.486
yaw100_pitch+090,100,90,132.204,85.664,32.204
yaw105_pitch-090,105,-90,79.910,-86.679,25.090
yaw105_pitch-085,105,-85,80.080,-87.011,24.920
yaw105_pitch-080,105,-80,78.691,-89.540,26.309
yaw105_pitch-075,105,-75,81.821,-87.595,23.179
yaw105_pitch-070,105,-70,84.689,-83.746,20.311
yaw105_pitch-065,105,-65,88.351,-83.505,16.649
yaw105_pitch-060,105,-60,95.072,-78.994,9.928
yaw105_pitch-055,105,-55,103.780,-74.109,1.220
yaw105_pitch-050,105,-50,115.067,-69.744,10.067
yaw105_pitch-045,105,-45,119.505,-71.385,14.505
yaw105_pitch-040,105,-40,126.986,-66.218,21.986
yaw105_pitch-035,105,-35,132.133,-56.023,27.133
yaw105_pitch-030,105,-30,140.608,-32.924,35.608
yaw105_pitch-025,105,-25,149.170,7.613,44.170
yaw105_pitch-020,105,-20,155.296,25.429,50.296
yaw105_pitch-015,105,-15,152.137,38.940,47.137
yaw105_pitch-010,105,-10,151.017,42.311,46.017
yaw105_pitch-005,105,-5,146.185,47.173,41.185
yaw105_pitch+000,105,0,140.758,51.269,35.758
yaw105_pitch+005,105,5,134.388,52.855,29.388
yaw105_pitch+010,105,10,125.731,59.948,20.731
yaw105_pitch+015,105,15,123.398,65.451,18.398
yaw105_pitch+020,105,20,125.853,69.878,20.853
yaw105_pitch+025,105,25,129.704,70.082,24.704
yaw105_pitch+030,105,30,133.004,69.843,28.004
yaw105_pitch+035,105,35,136.152,70.341,31.152
yaw105_pitch+040,105,40,139.870,69.235,34.870
yaw105_pitch+045,105,45,139.812,69.351,34.812
yaw105_pitch+050,105,50,139.835,70.604,34.835
yaw105_pitch+055,105,55,140.150,71.619,35.150
yaw105_pitch+060,105,60,142.824,72.836,37.824
yaw105_pitch+065,105,65,144.144,72.900,39.144
yaw105_pitch+070,105,70,144.819,73.386,39.819
yaw105_pitch+075,105,75,146.249,75.989,41.249
yaw105_pitch+080,105,80,143.371,81.126,38.371
yaw105_pitch+085,105,85,137.895,83.635,32.895
yaw105_pitch+090,105,90,136.900,87.497,31.900
yaw110_pitch-090,110,-90,82.327,-84.702,27.673
yaw110_pitch-085,110,-85,83.215,-83.996,26.785
yaw110_pitch-080,110,-80,87.640,-83.770,22.360
yaw110_pitch-075,110,-75,91.053,-84.415,18.947
yaw110_pitch-070,110,-70,93.102,-85.003,16.898
yaw110_pitch-065,110,-65,96.673,-81.456,13.327
yaw110_pitch-060,110,-60,106.564,-75.591,3.436
yaw110_pitch-055,110,-55,117.231,-75.021,7.231
yaw110_pitch-050,110,-50,118.095,-72.817,8.095
yaw110_pitch-045,110,-45,126.980,-71.929,16.980
yaw110_pitch-040,110,-40,135.808,-63.497,25.808
yaw110_pitch-035,110,-35,142.380,-51.930,32.380
yaw110_pitch-030,110,-30,146.144,-28.797,36.144
yaw110_pitch-025,110,-25,153.191,-3.346,43.191
yaw110_pitch-020,110,-20,154.583,33.210,44.583
yaw110_pitch-015,110,-15,153.493,43.348,43.493
yaw110_pitch-010,110,-10,153.315,46.766,43.315
yaw110_pitch-005,110,-5,149.786,48.119,39.786
yaw110_pitch+000,110,0,145.058,50.403,35.058
yaw110_pitch+005,110,5,138.049,52.245,28.049
yaw110_pitch+010,110,10,128.922,60.435,18.922
yaw110_pitch+015,110,15,127.073,62.288,17.073
yaw110_pitch+020,110,20,131.723,67.346,21.723
yaw110_pitch+025,110,25,132.344,70.862,22.344
yaw110_pitch+030,110,30,135.446,72.643,25.446
yaw110_pitch+035,110,35,136.990,72.251,26.990
yaw110_pitch+040,110,40,139.223,70.184,29.223
yaw110_pitch+045,110,45,141.942,71.533,31.942
yaw110_pitch+050,110,50,144.829,73.953,34.829
yaw110_pitch+055,110,55,144.038,73.937,34.038
yaw110_pitch+060,110,60,146.965,74.255,36.965
yaw110_pitch+065,110,65,151.171,75.276,41.171
yaw110_pitch+070,110,70,150.446,75.120,40.446
yaw110_pitch+075,110,75,151.054,78.673,41.054
yaw110_pitch+080,110,80,148.599,83.421,38.599
yaw110_pitch+085,110,85,140.613,87.751,30.613
yaw110_pitch+090,110,90,135.190,90.000,25.190
yaw115_pitch-090,115,-90,87.289,-87.220,27.711
yaw115_pitch-085,115,-85,87.639,-82.550,27.361
yaw115_pitch-080,115,-80,88.843,-76.936,26.157
yaw115_pitch-075,115,-75,94.528,-75.361,20.472
yaw115_pitch-070,115,-70,101.400,-73.021,13.600
yaw115_pitch-065,115,-65,108.271,-75.191,6.729
yaw115_pitch-060,115,-60,117.633,-73.474,2.633
yaw115_pitch-055,115,-55,123.221,-70.213,8.221
yaw115_pitch-050,115,-50,129.002,-67.354,14.002
yaw115_pitch-045,115,-45,136.157,-62.352,21.157
yaw115_pitch-040,115,-40,141.010,-58.539,26.010
yaw115_pitch-035,115,-35,151.557,-31.334,36.557
yaw115_pitch-030,115,-30,156.743,-6.199,41.743
yaw115_pitch-025,115,-25,157.727,21.983,42.727
yaw115_pitch-020,115,-20,161.282,36.761,46.282
yaw115_pitch-015,115,-15,157.350,46.196,42.350
yaw115_pitch-010,115,-10,159.351,46.683,44.351
yaw115_pitch-005,115,-5,154.949,48.772,39.949
yaw115_pitch+000,115,0,150.610,48.870,35.610
yaw115_pitch+005,115,5,140.411,51.420,25.411
yaw115_pitch+010,115,10,134.555,54.408,19.555
yaw115_pitch+015,115,15,131.729,59.689,16.729
yaw115_pitch+020,115,20,129.007,65.795,14.007
yaw115_pitch+025,115,25,132.739,69.969,17.739
yaw115_pitch+030,115,30,132.594,72.027,17.594
yaw115_pitch+035,115,35,135.867,71.490,20.867
yaw115_pitch+040,115,40,141.078,71.241,26.078
yaw115_pitch+045,115,45,140.455,71.797,25.455
yaw115_pitch+050,115,50,145.049,74.491,30.049
yaw115_pitch+055,115,55,145.162,74.920,30.162
yaw115_pitch+060,115,60,147.639,76.019,32.639
yaw115_pitch+065,115,65,152.051,76.491,37.051
yaw115_pitch+070,115,70,154.244,77.253,39.244
yaw115_pitch+075,115,75,154.444,81.029,39.444
yaw115_pitch+080,115,80,150.334,84.075,35.334
yaw115_pitch+085,115,85,140.760,89.016,25.760
yaw115_pitch+090,115,90,137.029,90.000,22.029
yaw120_pitch-090,120,-90,92.986,-87.085,27.014
yaw120_pitch-085,120,-85,94.976,-87.796,25.024
yaw120_pitch-080,120,-80,96.276,-84.208,23.724
yaw120_pitch-075,120,-75,103.051,-81.862,16.949
yaw120_pitch-070,120,-70,111.914,-77.448,8.086
yaw120_pitch-065,120,-65,118.450,-73.936,1.550
yaw120_pitch-060,120,-60,124.508,-69.557,4.508
yaw120_pitch-055,120,-55,129.825,-71.178,9.825
yaw120_pitch-050,120,-50,139.072,-64.433,19.072
yaw120_pitch-045,120,-45,143.417,-57.835,23.417
yaw120_pitch-040,120,-40,150.194,-44.543,30.194
yaw120_pitch-035,120,-35,157.934,-16.289,37.934
yaw120_pitch-030,120,-30,162.575,14.402,42.575
yaw120_pitch-025,120,-25,162.918,31.803,42.918
yaw120_pitch-020,120,-20,164.940,41.897,44.940
yaw120_pitch-015,120,-15,159.864,48.109,39.864
yaw120_pitch-010,120,-10,161.535,46.257,41.535
yaw120_pitch-005,120,-5,157.979,48.300,37.979
yaw120_pitch+000,120,0,157.692,47.308,37.692
yaw120_pitch+005,120,5,147.719,49.911,27.719
yaw120_pitch+010,120,10,134.191,55.047,14.191
yaw120_pitch+015,120,15,125.646,60.774,5.646
yaw120_pitch+020,120,20,116.731,66.507,3.269
yaw120_pitch+025,120,25,115.299,70.484,4.701
yaw120_pitch+030,120,30,123.008,73.029,3.008
yaw120_pitch+035,120,35,130.274,70.411,10.274
yaw120_pitch+040,120,40,139.263,71.806,19.263
yaw120_pitch+045,120,45,140.582,71.273,20.582
yaw120_pitch+050,120,50,147.605,72.855,27.605
yaw120_pitch+055,120,55,147.145,73.605,27.145
yaw120_pitch+060,120,60,150.243,75.466,30.243
yaw120_pitch+065,120,65,155.689,75.867,35.689
yaw120_pitch+070,120,70,158.736,76.893,38.736
yaw120_pitch+075,120,75,157.246,79.756,37.246
yaw120_pitch+080,120,80,153.108,87.085,33.108
yaw120_pitch+085,120,85,145.203,88.092,25.203
yaw120_pitch+090,120,90,141.473,89.165,21.473
yaw125_pitch-090,125,-90,98.233,-82.619,26.767
yaw125_pitch-085,125,-85,96.806,-82.756,28.194
yaw125_pitch-080,125,-80,101.703,-82.414,23.297
yaw125_pitch-075,125,-75,107.552,-79.796,17.448
yaw125_pitch-070,125,-70,112.570,-75.944,12.430
yaw125_pitch-065,125,-65,117.904,-73.052,7.096
yaw125_pitch-060,125,-60,125.432,-69.973,0.432
yaw125_pitch-055,125,-55,134.340,-64.390,9.340
yaw125_pitch-050,125,-50,139.392,-60.013,14.392
yaw125_pitch-045,125,-45,146.680,-41.307,21.680
yaw125_pitch-040,125,-40,151.740,-17.959,26.740
yaw125_pitch-035,125,-35,156.013,18.350,31.013
yaw125_pitch-030,125,-30,162.960,28.113,37.960
yaw125_pitch-025,125,-25,163.341,40.960,38.341
yaw125_pitch-020,125,-20,165.464,46.088,40.464
yaw125_pitch-015,125,-15,163.288,47.301,38.288
yaw125_pitch-010,125,-10,160.905,48.982,35.905
yaw125_pitch-005,125,-5,161.083,49.900,36.083
yaw125_pitch+000,125,0,158.181,49.828,33.181
yaw125_pitch+005,125,5,144.209,53.605,19.209
yaw125_pitch+010,125,10,128.042,60.156,3.042
yaw125_pitch+015,125,15,113.484,63.456,11.516
yaw125_pitch+020,125,20,100.043,67.395,24.957
yaw125_pitch+025,125,25,97.951,72.440,27.049
yaw125_pitch+030,125,30,106.485,73.798,18.515
yaw125_pitch+035,125,35,120.093,71.532,4.907
yaw125_pitch+040,125,40,130.736,70.587,5.736
yaw125_pitch+045,125,45,139.738,71.076,14.738
yaw125_pitch+050,125,50,145.919,71.546,20.919
yaw125_pitch+055,125,55,147.781,73.637,22.781
yaw125_pitch+060,125,60,154.306,74.296,29.306
yaw125_pitch+065,125,65,156.142,76.228,31.142
yaw125_pitch+070,125,70,160.601,77.036,35.601
yaw125_pitch+075,125,75,164.190,77.616,39.190
yaw125_pitch+080,125,80,158.739,84.210,33.739
yaw125_pitch+085,125,85,149.762,87.638,24.762
yaw125_pitch+090,125,90,149.886,86.418,24.886
yaw130_pitch-090,130,-90,104.468,-85.947,25.532
yaw130_pitch-085,130,-85,99.488,-86.287,30.512
yaw130_pitch-080,130,-80,101.675,-83.673,28.325
yaw130_pitch-075,130,-75,108.024,-81.516,21.976
yaw130_pitch-070,130,-70,111.055,-78.656,18.945
yaw130_pitch-065,130,-65,119.132,-73.382,10.868
yaw130_pitch-060,130,-60,129.453,-68.395,0.547
yaw130_pitch-055,130,-55,136.719,-60.322,6.719
yaw130_pitch-050,130,-50,141.837,-44.465,11.837
yaw130_pitch-045,130,-45,149.410,-18.381,19.410
yaw130_pitch-040,130,-40,153.226,15.038,23.226
yaw130_pitch-035,130,-35,156.390,24.401,26.390
yaw130_pitch-030,130,-30,160.325,38.423,30.325
yaw130_pitch-025,130,-25,164.172,44.225,34.172
yaw130_pitch-020,130,-20,164.752,48.423,34.752
yaw130_pitch-015,130,-15,166.076,48.503,36.076
yaw130_pitch-010,130,-10,164.195,50.300,34.195
yaw130_pitch-005,130,-5,162.072,52.705,32.072
yaw130_pitch+000,130,0,151.821,55.778,21.821
yaw130_pitch+005,130,5,139.133,60.031,9.133
yaw130_pitch+010,130,10,119.295,62.669,10.705
yaw130_pitch+015,130,15,103.331,65.580,26.669
yaw130_pitch+020,130,20,86.984,69.051,43.016
yaw130_pitch+025,130,25,87.139,72.922,42.861
yaw130_pitch+030,130,30,101.259,74.601,28.741
yaw130_pitch+035,130,35,114.764,72.394,15.236
yaw130_pitch+040,130,40,131.545,71.678,1.545
yaw130_pitch+045,130,45,137.867,71.734,7.867
yaw130_pitch+050,130,50,153.549,71.804,23.549
yaw130_pitch+055,130,55,153.999,72.054,23.999
yaw130_pitch+060,130,60,161.457,73.941,31.457
yaw130_pitch+065,130,65,164.762,76.433,34.762
yaw130_pitch+070,130,70,166.742,77.090,36.742
yaw130_pitch+075,130,75,167.152,81.313,37.152
yaw130_pitch+080,130,80,162.993,82.413,32.993
yaw130_pitch+085,130,85,162.573,86.546,32.573
yaw130_pitch+090,130,90,155.757,90.000,25.757
yaw135_pitch-090,135,-90,104.093,-89.169,30.907
yaw135_pitch-085,135,-85,100.553,-88.803,34.447
yaw135_pitch-080,135,-80,103.336,-84.476,31.664
yaw135_pitch-075,135,-75,105.715,-85.448,29.285
yaw135_pitch-070,135,-70,111.930,-79.537,23.070
yaw135_pitch-065,135,-65,120.982,-74.005,14.018
yaw135_pitch-060,135,-60,130.407,-64.207,4.593
yaw135_pitch-055,135,-55,138.404,-53.047,3.404
yaw135_pitch-050,135,-50,142.843,-27.297,7.843
yaw135_pitch-045,135,-45,148.365,-7.319,13.365
yaw135_pitch-040,135,-40,151.346,27.497,16.346
yaw135_pitch-035,135,-35,156.060,38.198,21.060
yaw135_pitch-030,135,-30,159.844,43.444,24.844
yaw135_pitch-025,135,-25,164.328,46.037,29.328
yaw135_pitch-020,135,-20,163.416,49.565,28.416
yaw135_pitch-015,135,-15,167.021,50.435,32.021
yaw135_pitch-010,135,-10,165.150,52.050,30.150
yaw135_pitch-005,135,-5,160.254,55.745,25.254
yaw135_pitch+000,135,0,144.281,60.383,9.281
yaw135_pitch+005,135,5,119.508,63.437,15.492
yaw135_pitch+010,135,10,95.873,66.795,39.127
yaw135_pitch+015,135,15,85.233,69.190,49.767
yaw135_pitch+020,135,20,76.376,73.422,58.624
yaw135_pitch+025,135,25,82.222,72.114,52.778
yaw135_pitch+030,135,30,98.317,73.876,36.683
yaw135_pitch+035,135,35,119.255,71.672,15.745
yaw135_pitch+040,135,40,131.923,73.004,3.077
yaw135_pitch+045,135,45,147.271,72.218,12.271
yaw135_pitch+050,135,50,155.741,71.002,20.741
yaw135_pitch+055,135,55,160.414,71.943,25.414
yaw135_pitch+060,135,60,165.515,74.484,30.515
yaw135_pitch+065,135,65,168.272,74.015,33.272
yaw135_pitch+070,135,70,171.955,75.968,36.955
yaw135_pitch+075,135,75,174.754,79.003,39.754
yaw135_pitch+080,135,80,172.826,84.045,37.826
yaw135_pitch+085,135,85,164.185,88.121,29.185
yaw135_pitch+090,135,90,162.403,89.918,27.403
yaw140_pitch-090,140,-90,108.756,-90.000,31.244
yaw140_pitch-085,140,-85,108.862,-88.998,31.138
yaw140_pitch-080,140,-80,108.830,-87.611,31.170
yaw140_pitch-075,140,-75,109.123,-85.172,30.877
yaw140_pitch-070,140,-70,114.430,-81.817,25.570
yaw140_pitch-065,140,-65,122.276,-71.480,17.724
yaw140_pitch-060,140,-60,132.946,-59.753,7.054
yaw140_pitch-055,140,-55,138.228,-44.304,1.772
yaw140_pitch-050,140,-50,143.019,-15.825,3.019
yaw140_pitch-045,140,-45,149.292,18.890,9.292
yaw140_pitch-040,140,-40,153.287,31.902,13.287
yaw140_pitch-035,140,-35,158.103,40.402,18.103
yaw140_pitch-030,140,-30,161.392,46.049,21.392
yaw140_pitch-025,140,-25,163.694,48.081,23.694
yaw140_pitch-020,140,-20,165.636,50.324,25.636
yaw140_pitch-015,140,-15,165.813,52.884,25.813
yaw140_pitch-010,140,-10,163.456,54.532,23.456
yaw140_pitch-005,140,-5,158.191,56.510,18.191
yaw140_pitch+000,140,0,131.440,62.398,8.560
yaw140_pitch+005,140,5,101.278,64.963,38.722
yaw140_pitch+010,140,10,102.228,62.867,37.772
yaw140_pitch+015,140,15,96.476,66.220,43.524
yaw140_pitch+020,140,20,86.539,69.102,53.461
yaw140_pitch+025,140,25,84.856,76.091,55.144
yaw140_pitch+030,140,30,107.573,73.404,32.427
yaw140_pitch+035,140,35,124.583,70.485,15.417
yaw140_pitch+040,140,40,138.243,71.003,1.757
yaw140_pitch+045,140,45,154.364,70.054,14.364
yaw140_pitch+050,140,50,163.933,71.074,23.933
yaw140_pitch+055,140,55,162.314,73.106,22.314
yaw140_pitch+060,140,60,171.471,72.909,31.471
yaw140_pitch+065,140,65,173.280,75.463,33.280
yaw140_pitch+070,140,70,176.464,75.678,36.464
yaw140_pitch+075,140,75,179.790,79.995,39.790
yaw140_pitch+080,140,80,177.743,82.853,37.743
yaw140_pitch+085,140,85,180.047,86.089,40.047
yaw140_pitch+090,140,90,174.483,88.651,34.483
yaw145_pitch-090,145,-90,115.256,-84.605,29.744
yaw145_pitch-085,145,-85,109.978,-87.810,35.022
yaw145_pitch-080,145,-80,108.867,-88.190,36.133
yaw145_pitch-075,145,-75,109.706,-82.320,35.294
yaw145_pitch-070,145,-70,114.039,-78.739,30.961
yaw145_pitch-065,145,-65,121.124,-72.378,23.876
yaw145_pitch-060,145,-60,132.917,-60.743,12.083
yaw145_pitch-055,145,-55,141.638,-47.067,3.362
yaw145_pitch-050,145,-50,145.827,-13.112,0.827
yaw145_pitch-045,145,-45,152.659,19.156,7.659
yaw145_pitch-040,145,-40,155.979,34.088,10.979
yaw145_pitch-035,145,-35,157.757,45.653,12.757
yaw145_pitch-030,145,-30,159.673,49.540,14.673
yaw145_pitch-025,145,-25,163.181,50.513,18.181
yaw145_pitch-020,145,-20,164.234,52.352,19.234
yaw145_pitch-015,145,-15,166.936,54.196,21.936
yaw145_pitch-010,145,-10,165.154,55.236,20.154
yaw145_pitch-005,145,-5,156.394,57.406,11.394
yaw145_pitch+000,145,0,132.626,61.079,12.374
yaw145_pitch+005,145,5,101.368,61.085,43.632
yaw145_pitch+010,145,10,98.260,59.543,46.740
yaw145_pitch+015,145,15,95.451,63.215,49.549
yaw145_pitch+020,145,20,97.334,69.722,47.666
yaw145_pitch+025,145,25,99.422,74.188,45.578
yaw145_pitch+030,145,30,120.290,73.109,24.710
yaw145_pitch+035,145,35,134.802,68.279,10.198
yaw145_pitch+040,145,40,146.573,68.241,1.573
yaw145_pitch+045,145,45,160.257,69.190,15.257
yaw145_pitch+050,145,50,166.910,70.805,21.910
yaw145_pitch+055,145,55,171.252,72.196,26.252
yaw145_pitch+060,145,60,175.716,72.107,30.716
yaw145_pitch+065,145,65,177.802,74.018,32.802
yaw145_pitch+070,145,70,181.008,74.800,36.008
yaw145_pitch+075,145,75,185.531,79.134,40.531
yaw145_pitch+080,145,80,185.240,83.079,40.240
yaw145_pitch+085,145,85,182.737,86.259,37.737
yaw145_pitch+090,145,90,179.895,88.013,34.895
yaw150_pitch-090,150,-90,122.197,-85.414,27.803
yaw150_pitch-085,150,-85,120.530,-89.142,29.470
yaw150_pitch-080,150,-80,118.012,-86.312,31.988
yaw150_pitch-075,150,-75,120.322,-83.086,29.678
yaw150_pitch-070,150,-70,121.074,-83.094,28.926
yaw150_pitch-065,150,-65,127.151,-75.332,22.849
yaw150_pitch-060,150,-60,135.199,-65.991,14.801
yaw150_pitch-055,150,-55,139.799,-57.188,10.201
yaw150_pitch-050,150,-50,146.916,-19.236,3.084
yaw150_pitch-045,150,-45,151.256,30.226,1.256
yaw150_pitch-040,150,-40,154.576,39.088,4.576
yaw150_pitch-035,150,-35,158.289,48.615,8.289
yaw150_pitch-030,150,-30,159.241,50.915,9.241
yaw150_pitch-025,150,-25,164.355,52.222,14.355
yaw150_pitch-020,150,-20,168.362,52.563,18.362
yaw150_pitch-015,150,-15,169.442,53.106,19.442
yaw150_pitch-010,150,-10,167.736,55.058,17.736
yaw150_pitch-005,150,-5,160.385,57.305,10.385
yaw150_pitch+000,150,0,136.974,60.431,13.026
yaw150_pitch+005,150,5,104.979,61.731,45.021
yaw150_pitch+010,150,10,95.763,62.715,54.237
yaw150_pitch+015,150,15,103.238,63.970,46.762
yaw150_pitch+020,150,20,106.584,69.225,43.416
yaw150_pitch+025,150,25,117.651,71.104,32.349
yaw150_pitch+030,150,30,132.795,69.517,17.205
yaw150_pitch+035,150,35,144.100,65.276,5.900
yaw150_pitch+040,150,40,155.221,67.162,5.221
yaw150_pitch+045,150,45,170.189,68.437,20.189
yaw150_pitch+050,150,50,174.599,68.834,24.599
yaw150_pitch+055,150,55,179.050,70.153,29.050
yaw150_pitch+060,150,60,184.722,70.260,34.722
yaw150_pitch+065,150,65,184.719,72.145,34.719
yaw150_pitch+070,150,70,190.669,74.145,40.669
yaw150_pitch+075,150,75,192.372,79.827,42.372
yaw150_pitch+080,150,80,189.734,82.574,39.734
yaw150_pitch+085,150,85,187.689,88.981,37.689
yaw150_pitch+090,150,90,182.851,88.241,32.851
yaw155_pitch-090,155,-90,127.144,-85.200,27.856
yaw155_pitch-085,155,-85,126.318,-80.762,28.682
yaw155_pitch-080,155,-80,122.963,-84.034,32.037
yaw155_pitch-075,155,-75,120.819,-82.640,34.181
yaw155_pitch-070,155,-70,122.845,-80.551,32.155
yaw155_pitch-065,155,-65,124.811,-79.743,30.189
yaw155_pitch-060,155,-60,132.716,-71.914,22.284
yaw155_pitch-055,155,-55,136.868,-61.128,18.132
yaw155_pitch-050,155,-50,147.100,-24.624,7.900
yaw155_pitch-045,155,-45,151.730,25.567,3.270
yaw155_pitch-040,155,-40,155.494,44.045,0.494
yaw155_pitch-035,155,-35,158.189,49.228,3.189
yaw155_pitch-030,155,-30,161.540,51.709,6.540
yaw155_pitch-025,155,-25,167.130,53.650,12.130
yaw155_pitch-020,155,-20,169.786,53.310,14.786
yaw155_pitch-015,155,-15,170.019,54.564,15.019
yaw155_pitch-010,155,-10,168.922,55.998,13.922
yaw155_pitch-005,155,-5,165.835,57.143,10.835
yaw155_pitch+000,155,0,150.651,59.929,4.349
yaw155_pitch+005,155,5,134.234,61.173,20.766
yaw155_pitch+010,155,10,117.453,66.309,37.547
yaw155_pitch+015,155,15,119.610,65.854,35.390
yaw155_pitch+020,155,20,126.015,70.364,28.985
yaw155_pitch+025,155,25,139.196,71.685,15.804
yaw155_pitch+030,155,30,154.622,68.459,0.378
yaw155_pitch+035,155,35,163.072,65.961,8.072
yaw155_pitch+040,155,40,163.438,67.622,8.438
yaw155_pitch+045,155,45,178.963,68.434,23.963
yaw155_pitch+050,155,50,183.676,68.911,28.676
yaw155_pitch+055,155,55,186.361,69.594,31.361
yaw155_pitch+060,155,60,188.443,70.564,33.443
yaw155_pitch+065,155,65,191.318,72.458,36.318
yaw155_pitch+070,155,70,192.563,75.294,37.563
yaw155_pitch+075,155,75,194.698,79.595,39.698
yaw155_pitch+080,155,80,192.278,83.156,37.278
yaw155_pitch+085,155,85,191.871,86.353,36.871
yaw155_pitch+090,155,90,182.893,89.154,27.893
yaw160_pitch-090,160,-90,130.274,-83.655,29.726
yaw160_pitch-085,160,-85,129.313,-86.692,30.687
yaw160_pitch-080,160,-80,125.317,-82.478,34.683
yaw160_pitch-075,160,-75,123.041,-79.172,36.959
yaw160_pitch-070,160,-70,116.580,-82.137,43.420
yaw160_pitch-065,160,-65,124.626,-80.845,35.374
yaw160_pitch-060,160,-60,131.037,-75.550,28.963
yaw160_pitch-055,160,-55,138.247,-60.330,21.753
yaw160_pitch-050,160,-50,143.199,-40.757,16.801
yaw160_pitch-045,160,-45,149.931,31.101,10.069
yaw160_pitch-040,160,-40,155.439,44.913,4.561
yaw160_pitch-035,160,-35,163.329,48.500,3.329
yaw160_pitch-030,160,-30,162.088,51.980,2.088
yaw160_pitch-025,160,-25,168.300,53.469,8.300
yaw160_pitch-020,160,-20,170.571,54.795,10.571
yaw160_pitch-015,160,-15,173.525,55.915,13.525
yaw160_pitch-010,160,-10,172.589,57.008,12.589
yaw160_pitch-005,160,-5,170.706,57.147,10.706
yaw160_pitch+000,160,0,167.431,58.943,7.431
yaw160_pitch+005,160,5,157.019,62.421,2.981
yaw160_pitch+010,160,10,151.728,65.531,8.272
yaw160_pitch+015,160,15,152.039,68.749,7.961
yaw160_pitch+020,160,20,158.085,69.878,1.915
yaw160_pitch+025,160,25,160.891,68.703,0.891
yaw160_pitch+030,160,30,166.359,67.474,6.359
yaw160_pitch+035,160,35,172.490,67.870,12.490
yaw160_pitch+040,160,40,179.062,67.210,19.062
yaw160_pitch+045,160,45,189.801,67.297,29.801
yaw160_pitch+050,160,50,190.947,67.974,30.947
yaw160_pitch+055,160,55,195.831,69.056,35.831
yaw160_pitch+060,160,60,196.288,70.920,36.288
yaw160_pitch+065,160,65,196.414,73.180,36.414
yaw160_pitch+070,160,70,197.498,76.418,37.498
yaw160_pitch+075,160,75,197.215,78.763,37.215
yaw160_pitch+080,160,80,196.501,82.427,36.501
yaw160_pitch+085,160,85,195.171,85.660,35.171
yaw160_pitch+090,160,90,193.480,86.219,33.480
yaw165_pitch-090,165,-90,142.515,-90.000,22.485
yaw165_pitch-085,165,-85,134.403,-86.604,30.597
yaw165_pitch-080,165,-80,125.868,-81.987,39.132
yaw165_pitch-075,165,-75,121.800,-79.600,43.200
yaw165_pitch-070,165,-70,117.131,-81.103,47.869
yaw165_pitch-065,165,-65,123.205,-75.828,41.795
yaw165_pitch-060,165,-60,131.472,-68.209,33.528
yaw165_pitch-055,165,-55,135.484,-67.515,29.516
yaw165_pitch-050,165,-50,141.853,-41.255,23.147
yaw165_pitch-045,165,-45,151.361,12.621,13.639
yaw165_pitch-040,165,-40,156.719,46.638,8.281
yaw165_pitch-035,165,-35,160.350,49.630,4.650
yaw165_pitch-030,165,-30,162.497,52.161,2.503
yaw165_pitch-025,165,-25,170.232,53.591,5.232
yaw165_pitch-020,165,-20,172.525,55.192,7.525
yaw165_pitch-015,165,-15,178.465,55.825,13.465
yaw165_pitch-010,165,-10,173.088,56.879,8.088
yaw165_pitch-005,165,-5,172.733,57.539,7.733
yaw165_pitch+000,165,0,173.153,58.154,8.153
yaw165_pitch+005,165,5,172.024,61.479,7.024
yaw165_pitch+010,165,10,174.864,62.884,9.864
yaw165_pitch+015,165,15,173.531,66.885,8.531
yaw165_pitch+020,165,20,174.897,68.323,9.897
yaw165_pitch+025,165,25,178.467,68.086,13.467
yaw165_pitch+030,165,30,182.641,65.624,17.641
yaw165_pitch+035,165,35,190.657,66.557,25.657
yaw165_pitch+040,165,40,193.482,67.636,28.482
yaw165_pitch+045,165,45,198.127,68.162,33.127
yaw165_pitch+050,165,50,199.561,68.115,34.561
yaw165_pitch+055,165,55,202.431,68.278,37.431
yaw165_pitch+060,165,60,202.976,70.182,37.976
yaw165_pitch+065,165,65,201.556,70.824,36.556
yaw165_pitch+070,165,70,203.170,73.975,38.170
yaw165_pitch+075,165,75,200.610,77.456,35.610
yaw165_pitch+080,165,80,201.746,81.497,36.746
yaw165_pitch+085,165,85,199.702,85.466,34.702
yaw165_pitch+090,165,90,195.410,87.136,30.410
yaw170_pitch-090,170,-90,142.811,-89.140,27.189
yaw170_pitch-085,170,-85,141.428,-81.249,28.572
yaw170_pitch-080,170,-80,138.336,-74.512,31.664
yaw170_pitch-075,170,-75,137.452,-73.097,32.548
yaw170_pitch-070,170,-70,128.967,-70.102,41.033
yaw170_pitch-065,170,-65,122.141,-71.733,47.859
yaw170_pitch-060,170,-60,129.237,-60.251,40.763
yaw170_pitch-055,170,-55,129.951,-48.220,40.049
yaw170_pitch-050,170,-50,141.040,-38.013,28.960
yaw170_pitch-045,170,-45,151.210,-1.913,18.790
yaw170_pitch-040,170,-40,157.820,38.688,12.180
yaw170_pitch-035,170,-35,161.349,49.240,8.651
yaw170_pitch-030,170,-30,162.783,54.584,7.217
yaw170_pitch-025,170,-25,166.479,54.960,3.521
yaw170_pitch-020,170,-20,171.515,56.293,1.515
yaw170_pitch-015,170,-15,176.874,56.405,6.874
yaw170_pitch-010,170,-10,174.895,57.337,4.895
yaw170_pitch-005,170,-5,179.007,58.040,9.007
yaw170_pitch+000,170,0,179.149,60.242,9.149
yaw170_pitch+005,170,5,180.486,62.440,10.486
yaw170_pitch+010,170,10,185.658,62.775,15.658
yaw170_pitch+015,170,15,188.516,63.079,18.516
yaw170_pitch+020,170,20,191.007,64.092,21.007
yaw170_pitch+025,170,25,194.276,65.153,24.276
yaw170_pitch+030,170,30,198.043,65.147,28.043
yaw170_pitch+035,170,35,201.049,66.782,31.049
yaw170_pitch+040,170,40,201.531,66.391,31.531
yaw170_pitch+045,170,45,204.010,66.013,34.010
yaw170_pitch+050,170,50,206.792,66.788,36.792
yaw170_pitch+055,170,55,207.722,68.603,37.722
yaw170_pitch+060,170,60,206.970,70.331,36.970
yaw170_pitch+065,170,65,207.756,70.873,37.756
yaw170_pitch+070,170,70,207.158,73.846,37.158
yaw170_pitch+075,170,75,206.579,76.539,36.579
yaw170_pitch+080,170,80,208.170,82.362,38.170
yaw170_pitch+085,170,85,203.822,86.431,33.822
yaw170_pitch+090,170,90,201.851,90.000,31.851
yaw175_pitch-090,175,-90,144.039,-84.065,30.961
yaw175_pitch-085,175,-85,150.522,-78.742,24.478
yaw175_pitch-080,175,-80,150.206,-72.856,24.794
yaw175_pitch-075,175,-75,146.325,-72.190,28.675
yaw175_pitch-070,175,-70,141.008,-70.008,33.992
yaw175_pitch-065,175,-65,132.927,-70.369,42.073
yaw175_pitch-060,175,-60,131.457,-64.901,43.543
yaw175_pitch-055,175,-55,135.181,-59.435,39.819
yaw175_pitch-050,175,-50,144.202,-44.296,30.798
yaw175_pitch-045,175,-45,152.046,-11.861,22.954
yaw175_pitch-040,175,-40,157.821,34.207,17.179
yaw175_pitch-035,175,-35,166.134,48.055,8.866
yaw175_pitch-030,175,-30,170.444,53.160,4.556
yaw175_pitch-025,175,-25,171.696,56.492,3.304
yaw175_pitch-020,175,-20,176.952,55.373,1.952
yaw175_pitch-015,175,-15,178.160,57.888,3.160
yaw175_pitch-010,175,-10,178.395,57.756,3.395
yaw175_pitch-005,175,-5,185.764,57.498,10.764
yaw175_pitch+000,175,0,182.070,60.129,7.070
yaw175_pitch+005,175,5,188.754,62.079,13.754
yaw175_pitch+010,175,10,196.394,61.186,21.394
yaw175_pitch+015,175,15,199.082,62.293,24.082
yaw175_pitch+020,175,20,204.462,61.321,29.462
yaw175_pitch+025,175,25,203.348,62.976,28.348
yaw175_pitch+030,175,30,206.932,63.947,31.932
yaw175_pitch+035,175,35,208.661,63.023,33.661
yaw175_pitch+040,175,40,210.974,62.628,35.974
yaw175_pitch+045,175,45,212.318,62.816,37.318
yaw175_pitch+050,175,50,212.751,64.726,37.751
yaw175_pitch+055,175,55,214.059,67.058,39.059
yaw175_pitch+060,175,60,213.376,68.756,38.376
yaw175_pitch+065,175,65,211.156,70.318,36.156
yaw175_pitch+070,175,70,210.753,72.073,35.753
yaw175_pitch+075,175,75,210.105,78.101,35.105
yaw175_pitch+080,175,80,211.268,81.534,36.268
yaw175_pitch+085,175,85,210.095,86.017,35.095
yaw175_pitch+090,175,90,208.635,89.068,33.635
yaw180_pitch-090,180,-90,149.038,-79.816,30.962
yaw180_pitch-085,180,-85,153.348,-76.370,26.652
yaw180_pitch-080,180,-80,154.652,-73.132,25.348
yaw180_pitch-075,180,-75,151.450,-68.325,28.550
yaw180_pitch-070,180,-70,148.266,-72.263,31.734
yaw180_pitch-065,180,-65,143.778,-74.869,36.222
yaw180_pitch-060,180,-60,144.640,-58.927,35.360
yaw180_pitch-055,180,-55,144.279,-58.652,35.721
yaw180_pitch-050,180,-50,148.667,-43.113,31.333
yaw180_pitch-045,180,-45,154.166,-34.751,25.834
yaw180_pitch-040,180,-40,160.180,18.383,19.820
yaw180_pitch-035,180,-35,168.988,49.980,11.012
yaw180_pitch-030,180,-30,172.902,53.868,7.098
yaw180_pitch-025,180,-25,175.724,54.403,4.276
yaw180_pitch-020,180,-20,178.255,55.254,1.745
yaw180_pitch-015,180,-15,177.635,57.682,2.365
yaw180_pitch-010,180,-10,183.141,57.876,3.141
yaw180_pitch-005,180,-5,187.415,58.343,7.415
yaw180_pitch+000,180,0,188.538,60.097,8.538
yaw180_pitch+005,180,5,197.342,59.458,17.342
yaw180_pitch+010,180,10,202.952,60.047,22.952
yaw180_pitch+015,180,15,208.049,60.724,28.049
yaw180_pitch+020,180,20,211.914,60.179,31.914
yaw180_pitch+025,180,25,211.533,61.395,31.533
yaw180_pitch+030,180,30,214.051,61.510,34.051
yaw180_pitch+035,180,35,214.817,59.902,34.817
yaw180_pitch+040,180,40,216.140,59.685,36.140
yaw180_pitch+045,180,45,216.953,61.348,36.953
yaw180_pitch+050,180,50,217.139,63.545,37.139
yaw180_pitch+055,180,55,217.507,65.344,37.507
yaw180_pitch+060,180,60,217.634,67.427,37.634
yaw180_pitch+065,180,65,216.408,69.477,36.408
yaw180_pitch+070,180,70,217.348,72.396,37.348
yaw180_pitch+075,180,75,217.180,76.098,37.180
yaw180_pitch+080,180,80,215.408,77.974,35.408
yaw180_pitch+085,180,85,213.515,82.637,33.515
yaw180_pitch+090,180,90,209.606,89.305,29.606
yaw185_pitch-090,185,-90,155.919,-84.840,29.081
yaw185_pitch-085,185,-85,158.559,-81.833,26.441
yaw185_pitch-080,185,-80,158.782,-76.868,26.218
yaw185_pitch-075,185,-75,157.808,-74.958,27.192
yaw185_pitch-070,185,-70,152.739,-74.934,32.261
yaw185_pitch-065,185,-65,149.759,-76.938,35.241
yaw185_pitch-060,185,-60,151.206,-63.797,33.794
yaw185_pitch-055,185,-55,154.621,-56.929,30.379
yaw185_pitch-050,185,-50,160.853,-36.386,24.147
yaw185_pitch-045,185,-45,162.218,-13.320,22.782
yaw185_pitch-040,185,-40,165.456,15.919,19.544
yaw185_pitch-035,185,-35,170.704,50.943,14.296
yaw185_pitch-030,185,-30,177.845,55.746,7.155
yaw185_pitch-025,185,-25,180.807,56.300,4.193
yaw185_pitch-020,185,-20,181.409,56.904,3.591
yaw185_pitch-015,185,-15,184.127,58.809,0.873
yaw185_pitch-010,185,-10,184.286,59.124,0.714
yaw185_pitch-005,185,-5,188.537,59.309,3.537
yaw185_pitch+000,185,0,192.774,59.446,7.774
yaw185_pitch+005,185,5,199.088,59.525,14.088
yaw185_pitch+010,185,10,208.581,60.176,23.581
yaw185_pitch+015,185,15,210.757,61.392,25.757
yaw185_pitch+020,185,20,215.468,60.611,30.468
yaw185_pitch+025,185,25,216.930,59.036,31.930
yaw185_pitch+030,185,30,217.540,58.340,32.540
yaw185_pitch+035,185,35,217.295,58.214,32.295
yaw185_pitch+040,185,40,218.922,59.429,33.922
yaw185_pitch+045,185,45,219.196,59.835,34.196
yaw185_pitch+050,185,50,219.428,63.207,34.428
yaw185_pitch+055,185,55,219.702,65.706,34.702
yaw185_pitch+060,185,60,219.620,67.278,34.620
yaw185_pitch+065,185,65,219.778,69.375,34.778
yaw185_pitch+070,185,70,219.532,73.582,34.532
yaw185_pitch+075,185,75,219.320,76.981,34.320
yaw185_pitch+080,185,80,218.942,79.215,33.942
yaw185_pitch+085,185,85,216.809,83.214,31.809
yaw185_pitch+090,185,90,215.333,89.970,30.333
yaw190_pitch-090,190,-90,163.817,-81.827,26.183
yaw190_pitch-085,190,-85,166.289,-84.605,23.711
yaw190_pitch-080,190,-80,160.812,-77.575,29.188
yaw190_pitch-075,190,-75,156.877,-70.749,33.123
yaw190_pitch-070,190,-70,155.721,-71.633,34.279
yaw190_pitch-065,190,-65,156.880,-70.387,33.120
yaw190_pitch-060,190,-60,161.395,-63.907,28.605
yaw190_pitch-055,190,-55,165.241,-50.816,24.759
yaw190_pitch-050,190,-50,168.588,-23.172,21.412
yaw190_pitch-045,190,-45,170.791,2.841,19.209
yaw190_pitch-040,190,-40,173.015,18.496,16.985
yaw190_pitch-035,190,-35,177.692,41.649,12.308
yaw190_pitch-030,190,-30,181.745,56.178,8.255
yaw190_pitch-025,190,-25,185.074,57.405,4.926
yaw190_pitch-020,190,-20,186.105,58.078,3.895
yaw190_pitch-015,190,-15,187.729,58.647,2.271
yaw190_pitch-010,190,-10,185.676,60.297,4.324
yaw190_pitch-005,190,-5,191.329,59.153,1.329
yaw190_pitch+000,190,0,196.078,60.883,6.078
yaw190_pitch+005,190,5,202.542,61.244,12.542
yaw190_pitch+010,190,10,207.915,61.989,17.915
yaw190_pitch+015,190,15,213.203,61.842,23.203
yaw190_pitch+020,190,20,217.698,59.786,27.698
yaw190_pitch+025,190,25,219.470,59.201,29.470
yaw190_pitch+030,190,30,219.003,59.953,29.003
yaw190_pitch+035,190,35,219.414,59.646,29.414
yaw190_pitch+040,190,40,220.152,60.594,30.152
yaw190_pitch+045,190,45,219.968,60.531,29.968
yaw190_pitch+050,190,50,220.406,63.864,30.406
yaw190_pitch+055,190,55,220.418,67.278,30.418
yaw190_pitch+060,190,60,220.376,68.548,30.376
yaw190_pitch+065,190,65,221.123,71.549,31.123
yaw190_pitch+070,190,70,220.944,73.717,30.944
yaw190_pitch+075,190,75,221.045,75.568,31.045
yaw190_pitch+080,190,80,221.100,79.019,31.100
yaw190_pitch+085,190,85,220.182,86.038,30.182
yaw190_pitch+090,190,90,220.842,89.174,30.842
yaw195_pitch-090,195,-90,171.531,-89.859,23.469
yaw195_pitch-085,195,-85,168.690,-82.986,26.310
yaw195_pitch-080,195,-80,167.897,-77.922,27.103
yaw195_pitch-075,195,-75,166.681,-70.857,28.319
yaw195_pitch-070,195,-70,165.756,-66.098,29.244
yaw195_pitch-065,195,-65,168.667,-66.137,26.333
yaw195_pitch-060,195,-60,168.581,-58.425,26.419
yaw195_pitch-055,195,-55,172.790,-40.148,22.210
yaw195_pitch-050,195,-50,174.851,-17.391,20.149
yaw195_pitch-045,195,-45,177.643,-0.835,17.357
yaw195_pitch-040,195,-40,180.711,28.988,14.289
yaw195_pitch-035,195,-35,181.993,40.605,13.007
yaw195_pitch-030,195,-30,185.912,52.995,9.088
yaw195_pitch-025,195,-25,185.843,59.821,9.157
yaw195_pitch-020,195,-20,188.423,61.327,6.577
yaw195_pitch-015,195,-15,192.156,59.693,2.844
yaw195_pitch-010,195,-10,190.553,60.740,4.447
yaw195_pitch-005,195,-5,192.955,61.020,2.045
yaw195_pitch+000,195,0,199.446,62.046,4.446
yaw195_pitch+005,195,5,202.677,63.488,7.677
yaw195_pitch+010,195,10,209.513,63.763,14.513
yaw195_pitch+015,195,15,214.207,64.622,19.207
yaw195_pitch+020,195,20,217.768,62.324,22.768
yaw195_pitch+025,195,25,219.892,61.428,24.892
yaw195_pitch+030,195,30,220.383,60.664,25.383
yaw195_pitch+035,195,35,220.676,60.952,25.676
yaw195_pitch+040,195,40,221.456,61.063,26.456
yaw195_pitch+045,195,45,221.624,63.252,26.624
yaw195_pitch+050,195,50,221.652,66.087,26.652
yaw195_pitch+055,195,55,222.053,67.136,27.053
yaw195_pitch+060,195,60,221.897,70.065,26.897
yaw195_pitch+065,195,65,222.018,71.643,27.018
yaw195_pitch+070,195,70,222.333,75.999,27.333
yaw195_pitch+075,195,75,222.732,77.644,27.732
yaw195_pitch+080,195,80,223.270,78.807,28.270
yaw195_pitch+085,195,85,223.753,84.608,28.753
yaw195_pitch+090,195,90,224.332,88.089,29.332
yaw200_pitch-090,200,-90,176.960,-86.822,23.040
yaw200_pitch-085,200,-85,172.987,-84.979,27.013
yaw200_pitch-080,200,-80,169.775,-73.218,30.225
yaw200_pitch-075,200,-75,171.290,-69.191,28.710
yaw200_pitch-070,200,-70,173.441,-60.426,26.559
yaw200_pitch-065,200,-65,175.728,-65.302,24.272
yaw200_pitch-060,200,-60,177.383,-56.296,22.617
yaw200_pitch-055,200,-55,179.341,-37.185,20.659
yaw200_pitch-050,200,-50,183.240,-15.837,16.760
yaw200_pitch-045,200,-45,185.861,16.438,14.139
yaw200_pitch-040,200,-40,191.087,20.071,8.913
yaw200_pitch-035,200,-35,190.645,43.085,9.355
yaw200_pitch-030,200,-30,193.630,49.771,6.370
yaw200_pitch-025,200,-25,195.162,60.970,4.838
yaw200_pitch-020,200,-20,196.206,60.127,3.794
yaw200_pitch-015,200,-15,195.695,61.827,4.305
yaw200_pitch-010,200,-10,196.996,61.745,3.004
yaw200_pitch-005,200,-5,197.786,61.972,2.214
yaw200_pitch+000,200,0,199.159,62.992,0.841
yaw200_pitch+005,200,5,204.523,64.203,4.523
yaw200_pitch+010,200,10,207.176,66.676,7.176
yaw200_pitch+015,200,15,211.945,68.248,11.945
yaw200_pitch+020,200,20,216.046,65.927,16.046
yaw200_pitch+025,200,25,219.352,63.352,19.352
yaw200_pitch+030,200,30,220.228,62.402,20.228
yaw200_pitch+035,200,35,221.684,62.328,21.684
yaw200_pitch+040,200,40,222.561,63.906,22.561
yaw200_pitch+045,200,45,222.683,65.972,22.683
yaw200_pitch+050,200,50,223.136,65.994,23.136
yaw200_pitch+055,200,55,222.656,68.382,22.656
yaw200_pitch+060,200,60,222.975,71.324,22.975
yaw200_pitch+065,200,65,223.565,73.985,23.565
yaw200_pitch+070,200,70,224.366,76.025,24.366
yaw200_pitch+075,200,75,225.505,78.869,25.505
yaw200_pitch+080,200,80,228.038,83.048,28.038
yaw200_pitch+085,200,85,229.206,86.568,29.206
yaw200_pitch+090,200,90,232.454,88.950,32.454
yaw205_pitch-090,205,-90,183.090,-85.815,21.910
yaw205_pitch-085,205,-85,179.600,-83.628,25.400
yaw205_pitch-080,205,-80,176.288,-72.898,28.712
yaw205_pitch-075,205,-75,177.157,-68.547,27.843
yaw205_pitch-070,205,-70,179.469,-67.988,25.531
yaw205_pitch-065,205,-65,183.962,-67.105,21.038
yaw205_pitch-060,205,-60,182.031,-50.642,22.969
yaw205_pitch-055,205,-55,184.966,-30.815,20.034
yaw205_pitch-050,205,-50,186.037,-0.751,18.963
yaw205_pitch-045,205,-45,190.564,16.526,14.436
yaw205_pitch-040,205,-40,198.886,27.494,6.114
yaw205_pitch-035,205,-35,201.401,39.378,3.599
yaw205_pitch-030,205,-30,202.883,47.585,2.117
yaw205_pitch-025,205,-25,201.637,58.012,3.363
yaw205_pitch-020,205,-20,203.656,62.894,1.344
yaw205_pitch-015,205,-15,203.316,63.808,1.684
yaw205_pitch-010,205,-10,199.709,63.375,5.291
yaw205_pitch-005,205,-5,198.178,63.136,6.822
yaw205_pitch+000,205,0,198.212,63.712,6.788
yaw205_pitch+005,205,5,201.334,67.564,3.666
yaw205_pitch+010,205,10,205.955,67.914,0.955
yaw205_pitch+015,205,15,210.117,69.748,5.117
yaw205_pitch+020,205,20,212.631,69.284,7.631
yaw205_pitch+025,205,25,217.673,66.984,12.673
yaw205_pitch+030,205,30,220.512,64.611,15.512
yaw205_pitch+035,205,35,222.541,63.687,17.541
yaw205_pitch+040,205,40,223.326,65.823,18.326
yaw205_pitch+045,205,45,224.059,66.493,19.059
yaw205_pitch+050,205,50,224.576,69.305,19.576
yaw205_pitch+055,205,55,224.954,70.060,19.954
yaw205_pitch+060,205,60,225.236,71.047,20.236
yaw205_pitch+065,205,65,227.001,76.272,22.001
yaw205_pitch+070,205,70,228.339,79.294,23.339
yaw205_pitch+075,205,75,230.779,84.767,25.779
yaw205_pitch+080,205,80,234.352,83.569,29.352
yaw205_pitch+085,205,85,235.004,85.953,30.004
yaw205_pitch+090,205,90,235.893,87.627,30.893
yaw210_pitch-090,210,-90,182.417,-84.214,27.583
yaw210_pitch-085,210,-85,182.625,-81.680,27.375
yaw210_pitch-080,210,-80,181.982,-77.839,28.018
yaw210_pitch-075,210,-75,181.734,-69.387,28.266
yaw210_pitch-070,210,-70,187.039,-69.540,22.961
yaw210_pitch-065,210,-65,187.226,-61.782,22.774
yaw210_pitch-060,210,-60,188.980,-57.074,21.020
yaw210_pitch-055,210,-55,191.185,-35.453,18.815
yaw210_pitch-050,210,-50,193.576,4.420,16.424
yaw210_pitch-045,210,-45,195.480,12.606,14.520
yaw210_pitch-040,210,-40,199.187,29.578,10.813
yaw210_pitch-035,210,-35,204.615,38.356,5.385
yaw210_pitch-030,210,-30,206.873,44.906,3.127
yaw210_pitch-025,210,-25,206.339,55.873,3.661
yaw210_pitch-020,210,-20,205.672,62.220,4.328
yaw210_pitch-015,210,-15,204.491,66.388,5.509
yaw210_pitch-010,210,-10,199.340,68.319,10.660
yaw210_pitch-005,210,-5,196.257,65.734,13.743
yaw210_pitch+000,210,0,193.965,67.842,16.035
yaw210_pitch+005,210,5,196.140,69.699,13.860
yaw210_pitch+010,210,10,202.942,70.137,7.058
yaw210_pitch+015,210,15,207.222,71.598,2.778
yaw210_pitch+020,210,20,211.253,70.535,1.253
yaw210_pitch+025,210,25,215.275,69.594,5.275
yaw210_pitch+030,210,30,219.713,67.686,9.713
yaw210_pitch+035,210,35,222.909,65.162,12.909
yaw210_pitch+040,210,40,225.596,66.701,15.596
yaw210_pitch+045,210,45,225.323,68.254,15.323
yaw210_pitch+050,210,50,227.239,69.188,17.239
yaw210_pitch+055,210,55,227.386,70.915,17.386
yaw210_pitch+060,210,60,229.477,72.171,19.477
yaw210_pitch+065,210,65,231.179,75.526,21.179
yaw210_pitch+070,210,70,233.057,82.685,23.057
yaw210_pitch+075,210,75,236.831,82.537,26.831
yaw210_pitch+080,210,80,239.748,85.667,29.748
yaw210_pitch+085,210,85,238.699,88.205,28.699
yaw210_pitch+090,210,90,240.481,89.624,30.481
yaw215_pitch-090,215,-90,188.445,-87.517,26.555
yaw215_pitch-085,215,-85,187.840,-84.173,27.160
yaw215_pitch-080,215,-80,186.177,-75.325,28.823
yaw215_pitch-075,215,-75,189.414,-74.193,25.586
yaw215_pitch-070,215,-70,190.225,-71.112,24.775
yaw215_pitch-065,215,-65,192.185,-64.002,22.815
yaw215_pitch-060,215,-60,194.506,-53.185,20.494
yaw215_pitch-055,215,-55,197.550,-39.414,17.450
yaw215_pitch-050,215,-50,199.165,-6.336,15.835
yaw215_pitch-045,215,-45,200.128,19.988,14.872
yaw215_pitch-040,215,-40,202.490,28.896,12.510
yaw215_pitch-035,215,-35,205.525,38.894,9.475
yaw215_pitch-030,215,-30,209.459,45.299,5.541
yaw215_pitch-025,215,-25,209.297,52.498,5.703
yaw215_pitch-020,215,-20,207.404,61.651,7.596
yaw215_pitch-015,215,-15,206.361,66.261,8.639
yaw215_pitch-010,215,-10,200.764,70.100,14.236
yaw215_pitch-005,215,-5,194.940,69.266,20.060
yaw215_pitch+000,215,0,192.129,72.111,22.871
yaw215_pitch+005,215,5,197.700,72.499,17.300
yaw215_pitch+010,215,10,205.685,73.328,9.315
yaw215_pitch+015,215,15,208.258,73.969,6.742
yaw215_pitch+020,215,20,212.364,71.316,2.636
yaw215_pitch+025,215,25,215.502,69.767,0.502
yaw215_pitch+030,215,30,220.874,68.768,5.874
yaw215_pitch+035,215,35,224.871,66.803,9.871
yaw215_pitch+040,215,40,226.623,66.797,11.623
yaw215_pitch+045,215,45,228.383,68.695,13.383
yaw215_pitch+050,215,50,230.229,68.457,15.229
yaw215_pitch+055,215,55,232.069,70.745,17.069
yaw215_pitch+060,215,60,235.718,73.915,20.718
yaw215_pitch+065,215,65,239.151,76.818,24.151
yaw215_pitch+070,215,70,241.491,80.013,26.491
yaw215_pitch+075,215,75,242.772,82.585,27.772
yaw215_pitch+080,215,80,244.887,85.272,29.887
yaw215_pitch+085,215,85,243.777,87.642,28.777
yaw215_pitch+090,215,90,245.976,90.000,30.976
yaw220_pitch-090,220,-90,191.224,-87.895,28.776
yaw220_pitch-085,220,-85,191.366,-81.660,28.634
yaw220_pitch-080,220,-80,193.176,-77.984,26.824
yaw220_pitch-075,220,-75,192.203,-73.059,27.797
yaw220_pitch-070,220,-70,195.057,-72.762,24.943
yaw220_pitch-065,220,-65,197.719,-68.168,22.281
yaw220_pitch-060,220,-60,200.524,-60.877,19.476
yaw220_pitch-055,220,-55,200.729,-42.734,19.271
yaw220_pitch-050,220,-50,202.942,-7.540,17.058
yaw220_pitch-045,220,-45,205.336,18.744,14.664
yaw220_pitch-040,220,-40,205.625,31.080,14.375
yaw220_pitch-035,220,-35,208.498,38.349,11.502
yaw220_pitch-030,220,-30,209.817,43.989,10.183
yaw220_pitch-025,220,-25,210.682,52.185,9.318
yaw220_pitch-020,220,-20,208.608,60.587,11.392
yaw220_pitch-015,220,-15,208.105,66.261,11.895
yaw220_pitch-010,220,-10,205.286,67.941,14.714
yaw220_pitch-005,220,-5,201.609,69.379,18.391
yaw220_pitch+000,220,0,200.633,70.646,19.367
yaw220_pitch+005,220,5,202.246,74.810,17.754
yaw220_pitch+010,220,10,206.488,74.610,13.512
yaw220_pitch+015,220,15,210.401,74.948,9.599
yaw220_pitch+020,220,20,214.717,73.153,5.283
yaw220_pitch+025,220,25,215.963,73.264,4.037
yaw220_pitch+030,220,30,220.713,69.215,0.713
yaw220_pitch+035,220,35,225.619,67.493,5.619
yaw220_pitch+040,220,40,227.717,65.465,7.717
yaw220_pitch+045,220,45,230.324,64.847,10.324
yaw220_pitch+050,220,50,233.767,66.939,13.767
yaw220_pitch+055,220,55,238.591,67.901,18.591
yaw220_pitch+060,220,60,243.258,70.832,23.258
yaw220_pitch+065,220,65,245.472,75.628,25.472
yaw220_pitch+070,220,70,247.863,80.747,27.863
yaw220_pitch+075,220,75,248.934,82.594,28.934
yaw220_pitch+080,220,80,250.008,85.158,30.008
yaw220_pitch+085,220,85,249.258,87.967,29.258
yaw220_pitch+090,220,90,247.731,86.760,27.731
yaw225_pitch-090,225,-90,198.471,-86.932,26.529
yaw225_pitch-085,225,-85,198.636,-82.268,26.364
yaw225_pitch-080,225,-80,197.595,-80.232,27.405
yaw225_pitch-075,225,-75,200.460,-72.196,24.540
yaw225_pitch-070,225,-70,203.011,-70.018,21.989
yaw225_pitch-065,225,-65,202.628,-69.834,22.372
yaw225_pitch-060,225,-60,205.104,-61.147,19.896
yaw225_pitch-055,225,-55,206.115,-39.444,18.885
yaw225_pitch-050,225,-50,208.502,-0.713,16.498
yaw225_pitch-045,225,-45,208.858,23.908,16.142
yaw225_pitch-040,225,-40,209.346,30.741,15.654
yaw225_pitch-035,225,-35,211.058,38.505,13.942
yaw225_pitch-030,225,-30,211.237,44.922,13.763
yaw225_pitch-025,225,-25,211.007,51.579,13.993
yaw225_pitch-020,225,-20,211.241,60.013,13.759
yaw225_pitch-015,225,-15,210.056,67.392,14.944
yaw225_pitch-010,225,-10,207.836,68.480,17.164
yaw225_pitch-005,225,-5,205.876,69.290,19.124
yaw225_pitch+000,225,0,205.873,71.171,19.127
yaw225_pitch+005,225,5,208.004,72.795,16.996
yaw225_pitch+010,225,10,211.388,73.494,13.612
yaw225_pitch+015,225,15,213.225,72.973,11.775
yaw225_pitch+020,225,20,216.898,72.020,8.102
yaw225_pitch+025,225,25,218.960,72.032,6.040
yaw225_pitch+030,225,30,222.504,68.974,2.496
yaw225_pitch+035,225,35,225.762,66.902,0.762
yaw225_pitch+040,225,40,228.274,63.994,3.274
yaw225_pitch+045,225,45,231.664,63.209,6.664
yaw225_pitch+050,225,50,236.960,64.865,11.960
yaw225_pitch+055,225,55,242.010,64.852,17.010
yaw225_pitch+060,225,60,247.156,68.522,22.156
yaw225_pitch+065,225,65,250.271,74.129,25.271
yaw225_pitch+070,225,70,253.836,77.785,28.836
yaw225_pitch+075,225,75,255.759,81.943,30.759
yaw225_pitch+080,225,80,257.733,84.705,32.733
yaw225_pitch+085,225,85,257.261,86.516,32.261
yaw225_pitch+090,225,90,251.938,86.168,26.938
yaw230_pitch-090,230,-90,205.890,-90.000,24.110
yaw230_pitch-085,230,-85,204.225,-82.162,25.775
yaw230_pitch-080,230,-80,203.722,-77.556,26.278
yaw230_pitch-075,230,-75,205.586,-75.879,24.414
yaw230_pitch-070,230,-70,207.871,-69.904,22.129
yaw230_pitch-065,230,-65,208.308,-63.695,21.692
yaw230_pitch-060,230,-60,208.479,-57.978,21.521
yaw230_pitch-055,230,-55,211.465,-47.316,18.535
yaw230_pitch-050,230,-50,211.429,-11.455,18.571
yaw230_pitch-045,230,-45,211.635,14.992,18.365
yaw230_pitch-040,230,-40,211.526,31.956,18.474
yaw230_pitch-035,230,-35,212.204,39.573,17.796
yaw230_pitch-030,230,-30,213.838,44.628,16.162
yaw230_pitch-025,230,-25,213.757,50.144,16.243
yaw230_pitch-020,230,-20,212.912,58.603,17.088
yaw230_pitch-015,230,-15,212.421,65.777,17.579
yaw230_pitch-010,230,-10,210.802,67.000,19.198
yaw230_pitch-005,230,-5,210.443,68.389,19.557
yaw230_pitch+000,230,0,212.565,70.603,17.435
yaw230_pitch+005,230,5,212.842,75.114,17.158
yaw230_pitch+010,230,10,216.230,73.285,13.770
yaw230_pitch+015,230,15,217.402,73.926,12.598
yaw230_pitch+020,230,20,221.842,72.114,8.158
yaw230_pitch+025,230,25,224.503,69.902,5.497
yaw230_pitch+030,230,30,226.693,68.675,3.307
yaw230_pitch+035,230,35,228.182,66.125,1.818
yaw230_pitch+040,230,40,230.332,63.122,0.332
yaw230_pitch+045,230,45,236.150,61.169,6.150
yaw230_pitch+050,230,50,240.836,60.807,10.836
yaw230_pitch+055,230,55,246.285,61.235,16.285
yaw230_pitch+060,230,60,249.955,63.735,19.955
yaw230_pitch+065,230,65,252.208,70.110,22.208
yaw230_pitch+070,230,70,254.574,74.165,24.574
yaw230_pitch+075,230,75,259.064,77.446,29.064
yaw230_pitch+080,230,80,259.609,82.960,29.609
yaw230_pitch+085,230,85,259.276,84.595,29.276
yaw230_pitch+090,230,90,259.927,90.000,29.927
yaw235_pitch-090,235,-90,208.761,-89.214,26.239
yaw235_pitch-085,235,-85,210.109,-82.387,24.891
yaw235_pitch-080,235,-80,209.718,-81.066,25.282
yaw235_pitch-075,235,-75,210.268,-73.629,24.732
yaw235_pitch-070,235,-70,211.269,-71.330,23.731
yaw235_pitch-065,235,-65,212.347,-64.879,22.653
yaw235_pitch-060,235,-60,212.008,-56.868,22.992
yaw235_pitch-055,235,-55,212.535,-45.239,22.465
yaw235_pitch-050,235,-50,213.535,-1.511,21.465
yaw235_pitch-045,235,-45,214.325,23.970,20.675
yaw235_pitch-040,235,-40,215.564,29.672,19.436
yaw235_pitch-035,235,-35,215.550,39.112,19.450
yaw235_pitch-030,235,-30,215.707,45.685,19.293
yaw235_pitch-025,235,-25,215.702,50.135,19.298
yaw235_pitch-020,235,-20,215.729,57.960,19.271
yaw235_pitch-015,235,-15,213.871,65.153,21.129
yaw235_pitch-010,235,-10,214.440,65.910,20.560
yaw235_pitch-005,235,-5,215.494,69.109,19.506
yaw235_pitch+000,235,0,217.833,70.100,17.167
yaw235_pitch+005,235,5,218.659,70.397,16.341
yaw235_pitch+010,235,10,220.812,73.700,14.188
yaw235_pitch+015,235,15,223.819,71.030,11.181
yaw235_pitch+020,235,20,227.593,69.349,7.407
yaw235_pitch+025,235,25,228.937,68.981,6.063
yaw235_pitch+030,235,30,232.611,68.100,2.389
yaw235_pitch+035,235,35,234.961,65.322,0.039
yaw235_pitch+040,235,40,237.741,63.163,2.741
yaw235_pitch+045,235,45,239.213,60.181,4.213
yaw235_pitch+050,235,50,243.855,59.786,8.855
yaw235_pitch+055,235,55,247.974,61.133,12.974
yaw235_pitch+060,235,60,250.732,61.297,15.732
yaw235_pitch+065,235,65,252.680,67.325,17.680
yaw235_pitch+070,235,70,258.184,71.453,23.184
yaw235_pitch+075,235,75,264.739,75.054,29.739
yaw235_pitch+080,235,80,265.329,80.996,30.329
yaw235_pitch+085,235,85,265.872,85.128,30.872
yaw235_pitch+090,235,90,266.021,88.131,31.021
yaw240_pitch-090,240,-90,213.394,-87.811,26.606
yaw240_pitch-085,240,-85,215.238,-80.801,24.762
yaw240_pitch-080,240,-80,214.820,-77.916,25.180
yaw240_pitch-075,240,-75,216.427,-76.471,23.573
yaw240_pitch-070,240,-70,216.011,-69.094,23.989
yaw240_pitch-065,240,-65,215.290,-62.812,24.710
yaw240_pitch-060,240,-60,215.761,-57.425,24.239
yaw240_pitch-055,240,-55,215.380,-24.165,24.620
yaw240_pitch-050,240,-50,216.185,-7.050,23.815
yaw240_pitch-045,240,-45,216.605,19.223,23.395
yaw240_pitch-040,240,-40,218.248,31.919,21.752
yaw240_pitch-035,240,-35,218.717,37.341,21.283
yaw240_pitch-030,240,-30,218.452,46.339,21.548
yaw240_pitch-025,240,-25,217.942,51.006,22.058
yaw240_pitch-020,240,-20,217.745,57.632,22.255
yaw240_pitch-015,240,-15,217.561,65.320,22.439
yaw240_pitch-010,240,-10,218.055,66.934,21.945
yaw240_pitch-005,240,-5,219.935,67.547,20.065
yaw240_pitch+000,240,0,222.526,67.289,17.474
yaw240_pitch+005,240,5,224.504,69.300,15.496
yaw240_pitch+010,240,10,226.467,68.277,13.533
yaw240_pitch+015,240,15,229.188,68.515,10.812
yaw240_pitch+020,240,20,233.597,68.507,6.403
yaw240_pitch+025,240,25,235.844,67.640,4.156
yaw240_pitch+030,240,30,238.684,65.318,1.316
yaw240_pitch+035,240,35,238.419,62.821,1.581
yaw240_pitch+040,240,40,241.939,61.560,1.939
yaw240_pitch+045,240,45,244.226,60.060,4.226
yaw240_pitch+050,240,50,244.817,58.978,4.817
yaw240_pitch+055,240,55,248.128,59.022,8.128
yaw240_pitch+060,240,60,254.643,61.708,14.643
yaw240_pitch+065,240,65,258.496,65.609,18.496
yaw240_pitch+070,240,70,264.706,69.309,24.706
yaw240_pitch+075,240,75,267.251,75.764,27.251
yaw240_pitch+080,240,80,268.197,80.285,28.197
yaw240_pitch+085,240,85,266.345,84.081,26.345
yaw240_pitch+090,240,90,273.588,89.808,33.588
yaw245_pitch-090,245,-90,219.425,-85.640,25.575
yaw245_pitch-085,245,-85,218.520,-82.026,26.480
yaw245_pitch-080,245,-80,218.853,-80.210,26.147
yaw245_pitch-075,245,-75,219.589,-74.877,25.411
yaw245_pitch-070,245,-70,220.385,-72.065,24.615
yaw245_pitch-065,245,-65,219.861,-67.559,25.139
yaw245_pitch-060,245,-60,220.544,-55.416,24.456
yaw245_pitch-055,245,-55,220.257,-39.585,24.743
yaw245_pitch-050,245,-50,219.817,3.151,25.183
yaw245_pitch-045,245,-45,220.273,22.584,24.727
yaw245_pitch-040,245,-40,221.028,30.294,23.972
yaw245_pitch-035,245,-35,221.784,38.581,23.216
yaw245_pitch-030,245,-30,221.361,46.869,23.639
yaw245_pitch-025,245,-25,221.145,52.045,23.855
yaw245_pitch-020,245,-20,221.223,57.186,23.777
yaw245_pitch-015,245,-15,221.446,64.903,23.554
yaw245_pitch-010,245,-10,222.130,65.554,22.870
yaw245_pitch-005,245,-5,224.852,65.813,20.148
yaw245_pitch+000,245,0,226.626,65.043,18.374
yaw245_pitch+005,245,5,227.903,64.997,17.097
yaw245_pitch+010,245,10,230.295,65.782,14.705
yaw245_pitch+015,245,15,232.878,66.342,12.122
yaw245_pitch+020,245,20,236.813,66.623,8.187
yaw245_pitch+025,245,25,242.359,66.262,2.641
yaw245_pitch+030,245,30,242.437,63.348,2.563
yaw245_pitch+035,245,35,244.140,62.609,0.860
yaw245_pitch+040,245,40,246.966,60.055,1.966
yaw245_pitch+045,245,45,247.135,59.295,2.135
yaw245_pitch+050,245,50,249.492,58.658,4.492
yaw245_pitch+055,245,55,253.385,58.462,8.385
yaw245_pitch+060,245,60,259.098,61.727,14.098
yaw245_pitch+065,245,65,264.150,66.414,19.150
yaw245_pitch+070,245,70,269.512,70.269,24.512
yaw245_pitch+075,245,75,270.993,74.511,25.993
yaw245_pitch+080,245,80,275.384,79.043,30.384
yaw245_pitch+085,245,85,273.155,86.748,28.155
yaw245_pitch+090,245,90,276.703,90.000,31.703
yaw250_pitch-090,250,-90,223.940,-87.862,26.060
yaw250_pitch-085,250,-85,222.345,-83.183,27.655
yaw250_pitch-080,250,-80,221.732,-81.797,28.268
yaw250_pitch-075,250,-75,222.129,-79.327,27.871
yaw250_pitch-070,250,-70,222.658,-75.252,27.342
yaw250_pitch-065,250,-65,222.651,-73.486,27.349
yaw250_pitch-060,250,-60,223.350,-65.934,26.650
yaw250_pitch-055,250,-55,223.225,-53.928,26.775
yaw250_pitch-050,250,-50,223.883,-8.808,26.117
yaw250_pitch-045,250,-45,224.405,17.896,25.595
yaw250_pitch-040,250,-40,225.250,30.557,24.750
yaw250_pitch-035,250,-35,226.263,37.138,23.737
yaw250_pitch-030,250,-30,224.942,45.384,25.058
yaw250_pitch-025,250,-25,224.653,50.752,25.347
yaw250_pitch-020,250,-20,224.393,57.656,25.607
yaw250_pitch-015,250,-15,225.583,63.035,24.417
yaw250_pitch-010,250,-10,226.907,63.329,23.093
yaw250_pitch-005,250,-5,230.076,65.236,19.924
yaw250_pitch+000,250,0,228.444,63.996,21.556
yaw250_pitch+005,250,5,229.664,63.664,20.336
yaw250_pitch+010,250,10,231.962,65.001,18.038
yaw250_pitch+015,250,15,235.329,65.622,14.671
yaw250_pitch+020,250,20,240.169,66.387,9.831
yaw250_pitch+025,250,25,242.460,65.333,7.540
yaw250_pitch+030,250,30,247.387,64.105,2.613
yaw250_pitch+035,250,35,249.363,60.907,0.637
yaw250_pitch+040,250,40,250.708,58.507,0.708
yaw250_pitch+045,250,45,254.553,58.779,4.553
yaw250_pitch+050,250,50,256.598,58.064,6.598
yaw250_pitch+055,250,55,262.374,59.377,12.374
yaw250_pitch+060,250,60,264.669,61.440,14.669
yaw250_pitch+065,250,65,268.742,65.777,18.742
yaw250_pitch+070,250,70,270.966,69.341,20.966
yaw250_pitch+075,250,75,271.675,74.933,21.675
yaw250_pitch+080,250,80,273.452,78.975,23.452
yaw250_pitch+085,250,85,275.991,86.881,25.991
yaw250_pitch+090,250,90,281.381,88.425,31.381
yaw255_pitch-090,255,-90,227.753,-89.705,27.247
yaw255_pitch-085,255,-85,227.151,-85.611,27.849
yaw255_pitch-080,255,-80,225.996,-82.406,29.004
yaw255_pitch-075,255,-75,225.009,-79.716,29.991
yaw255_pitch-070,255,-70,224.964,-74.057,30.036
yaw255_pitch-065,255,-65,225.079,-75.462,29.921
yaw255_pitch-060,255,-60,225.510,-71.813,29.490
yaw255_pitch-055,255,-55,225.896,-56.600,29.104
yaw255_pitch-050,255,-50,226.846,-5.530,28.154
yaw255_pitch-045,255,-45,227.823,22.161,27.177
yaw255_pitch-040,255,-40,229.220,33.941,25.780
yaw255_pitch-035,255,-35,229.288,40.540,25.712
yaw255_pitch-030,255,-30,230.750,44.812,24.250
yaw255_pitch-025,255,-25,231.948,48.710,23.052
yaw255_pitch-020,255,-20,230.614,54.578,24.386
yaw255_pitch-015,255,-15,232.844,62.003,22.156
yaw255_pitch-010,255,-10,234.890,62.162,20.110
yaw255_pitch-005,255,-5,233.641,62.916,21.359
yaw255_pitch+000,255,0,232.322,63.640,22.678
yaw255_pitch+005,255,5,232.886,63.470,22.114
yaw255_pitch+010,255,10,234.548,64.658,20.452
yaw255_pitch+015,255,15,237.526,63.765,17.474
yaw255_pitch+020,255,20,241.129,64.684,13.871
yaw255_pitch+025,255,25,245.862,63.381,9.138
yaw255_pitch+030,255,30,250.921,62.790,4.079
yaw255_pitch+035,255,35,253.118,59.565,1.882
yaw255_pitch+040,255,40,255.779,58.040,0.779
yaw255_pitch+045,255,45,257.589,57.567,2.589
yaw255_pitch+050,255,50,262.707,57.375,7.707
yaw255_pitch+055,255,55,265.455,58.580,10.455
yaw255_pitch+060,255,60,269.792,61.031,14.792
yaw255_pitch+065,255,65,272.026,63.934,17.026
yaw255_pitch+070,255,70,275.795,69.951,20.795
yaw255_pitch+075,255,75,278.370,76.353,23.370
yaw255_pitch+080,255,80,281.047,81.206,26.047
yaw255_pitch+085,255,85,283.542,86.330,28.542
yaw255_pitch+090,255,90,287.645,88.207,32.645
yaw260_pitch-090,260,-90,235.081,-88.666,24.919
yaw260_pitch-085,260,-85,232.441,-86.377,27.559
yaw260_pitch-080,260,-80,230.051,-85.381,29.949
yaw260_pitch-075,260,-75,228.182,-81.031,31.818
yaw260_pitch-070,260,-70,228.203,-75.720,31.797
yaw260_pitch-065,260,-65,228.346,-70.960,31.654
yaw260_pitch-060,260,-60,228.926,-69.513,31.074
yaw260_pitch-055,260,-55,228.860,-64.814,31.140
yaw260_pitch-050,260,-50,230.097,-18.297,29.903
yaw260_pitch-045,260,-45,230.469,5.167,29.531
yaw260_pitch-040,260,-40,231.961,29.995,28.039
yaw260_pitch-035,260,-35,233.972,42.388,26.028
yaw260_pitch-030,260,-30,236.446,45.298,23.554
yaw260_pitch-025,260,-25,239.396,48.512,20.604
yaw260_pitch-020,260,-20,241.314,57.145,18.686
yaw260_pitch-015,260,-15,240.697,60.883,19.303
yaw260_pitch-010,260,-10,239.518,60.615,20.482
yaw260_pitch-005,260,-5,239.771,61.053,20.229
yaw260_pitch+000,260,0,238.155,62.627,21.845
yaw260_pitch+005,260,5,234.613,61.639,25.387
yaw260_pitch+010,260,10,234.823,62.044,25.177
yaw260_pitch+015,260,15,238.480,63.441,21.520
yaw260_pitch+020,260,20,242.933,63.110,17.067
yaw260_pitch+025,260,25,253.694,63.921,6.306
yaw260_pitch+030,260,30,255.568,60.967,4.432
yaw260_pitch+035,260,35,257.270,58.257,2.730
yaw260_pitch+040,260,40,257.145,56.360,2.855
yaw260_pitch+045,260,45,260.499,56.076,0.499
yaw260_pitch+050,260,50,264.615,56.189,4.615
yaw260_pitch+055,260,55,269.036,56.654,9.036
yaw260_pitch+060,260,60,273.692,59.661,13.692
yaw260_pitch+065,260,65,276.776,63.735,16.776
yaw260_pitch+070,260,70,280.724,70.213,20.724
yaw260_pitch+075,260,75,283.357,77.894,23.357
yaw260_pitch+080,260,80,286.348,80.094,26.348
yaw260_pitch+085,260,85,288.534,83.437,28.534
yaw260_pitch+090,260,90,293.480,84.155,33.480
yaw265_pitch-090,265,-90,236.819,-86.216,28.181
yaw265_pitch-085,265,-85,235.897,-87.259,29.103
yaw265_pitch-080,265,-80,234.825,-84.016,30.175
yaw265_pitch-075,265,-75,233.492,-83.149,31.508
yaw265_pitch-070,265,-70,231.547,-80.271,33.453
yaw265_pitch-065,265,-65,231.447,-77.192,33.553
yaw265_pitch-060,265,-60,232.566,-76.264,32.434
yaw265_pitch-055,265,-55,233.827,-65.783,31.173
yaw265_pitch-050,265,-50,236.208,-49.882,28.792
yaw265_pitch-045,265,-45,235.097,12.415,29.903
yaw265_pitch-040,265,-40,236.508,20.564,28.492
yaw265_pitch-035,265,-35,240.464,40.677,24.536
yaw265_pitch-030,265,-30,243.466,46.960,21.534
yaw265_pitch-025,265,-25,243.123,51.559,21.877
yaw265_pitch-020,265,-20,245.335,56.685,19.665
yaw265_pitch-015,265,-15,247.387,58.641,17.613
yaw265_pitch-010,265,-10,247.045,58.954,17.955
yaw265_pitch-005,265,-5,247.384,60.892,17.616
yaw265_pitch+000,265,0,245.256,60.877,19.744
yaw265_pitch+005,265,5,241.134,61.019,23.866
yaw265_pitch+010,265,10,239.576,62.347,25.424
yaw265_pitch+015,265,15,240.945,61.623,24.055
yaw265_pitch+020,265,20,247.969,61.927,17.031
yaw265_pitch+025,265,25,254.285,62.684,10.715
yaw265_pitch+030,265,30,257.852,59.259,7.148
yaw265_pitch+035,265,35,259.786,56.770,5.214
yaw265_pitch+040,265,40,259.381,55.517,5.619
yaw265_pitch+045,265,45,263.549,55.695,1.451
yaw265_pitch+050,265,50,267.690,55.900,2.690
yaw265_pitch+055,265,55,271.894,56.101,6.894
yaw265_pitch+060,265,60,277.606,58.325,12.606
yaw265_pitch+065,265,65,281.184,64.014,16.184
yaw265_pitch+070,265,70,281.177,70.229,16.177
yaw265_pitch+075,265,75,288.625,80.031,23.625
yaw265_pitch+080,265,80,291.240,81.467,26.240
yaw265_pitch+085,265,85,293.318,85.547,28.318
yaw265_pitch+090,265,90,299.257,87.797,34.257
yaw270_pitch-090,270,-90,237.740,-87.538,32.260
yaw270_pitch-085,270,-85,238.850,-87.073,31.150
yaw270_pitch-080,270,-80,237.474,-84.109,32.526
yaw270_pitch-075,270,-75,235.118,-82.677,34.882
yaw270_pitch-070,270,-70,233.750,-82.532,36.250
yaw270_pitch-065,270,-65,234.262,-79.984,35.738
yaw270_pitch-060,270,-60,236.130,-76.804,33.870
yaw270_pitch-055,270,-55,238.123,-68.616,31.877
yaw270_pitch-050,270,-50,239.892,-55.761,30.108
yaw270_pitch-045,270,-45,241.029,-15.631,28.971
yaw270_pitch-040,270,-40,241.557,20.423,28.443
yaw270_pitch-035,270,-35,243.808,38.635,26.192
yaw270_pitch-030,270,-30,247.531,47.292,22.469
yaw270_pitch-025,270,-25,247.521,50.894,22.479
yaw270_pitch-020,270,-20,245.880,55.433,24.120
yaw270_pitch-015,270,-15,249.243,58.278,20.757
yaw270_pitch-010,270,-10,248.670,58.533,21.330
yaw270_pitch-005,270,-5,253.894,59.565,16.106
yaw270_pitch+000,270,0,251.462,59.393,18.538
yaw270_pitch+005,270,5,248.742,59.139,21.258
yaw270_pitch+010,270,10,248.174,60.203,21.826
yaw270_pitch+015,270,15,249.067,60.936,20.933
yaw270_pitch+020,270,20,249.409,60.782,20.591
yaw270_pitch+025,270,25,251.188,59.830,18.812
yaw270_pitch+030,270,30,258.674,58.621,11.326
yaw270_pitch+035,270,35,260.530,56.431,9.470
yaw270_pitch+040,270,40,263.056,55.535,6.944
yaw270_pitch+045,270,45,266.618,55.971,3.382
yaw270_pitch+050,270,50,270.128,55.380,0.128
yaw270_pitch+055,270,55,272.403,56.186,2.403
yaw270_pitch+060,270,60,276.961,58.181,6.961
yaw270_pitch+065,270,65,280.819,64.315,10.819
yaw270_pitch+070,270,70,284.060,71.370,14.060
yaw270_pitch+075,270,75,287.699,79.980,17.699
yaw270_pitch+080,270,80,291.746,80.960,21.746
yaw270_pitch+085,270,85,292.657,80.524,22.657
yaw270_pitch+090,270,90,304.252,82.492,34.252
yaw275_pitch-090,275,-90,245.501,-88.411,29.499
yaw275_pitch-085,275,-85,242.300,-86.003,32.700
yaw275_pitch-080,275,-80,239.858,-85.626,35.142
yaw275_pitch-075,275,-75,238.495,-82.329,36.505
yaw275_pitch-070,275,-70,237.367,-80.836,37.633
yaw275_pitch-065,275,-65,237.036,-80.573,37.964
yaw275_pitch-060,275,-60,240.637,-81.177,34.363
yaw275_pitch-055,275,-55,241.578,-77.909,33.422
yaw275_pitch-050,275,-50,245.360,-58.255,29.640
yaw275_pitch-045,275,-45,244.668,-36.857,30.332
yaw275_pitch-040,275,-40,245.972,8.716,29.028
yaw275_pitch-035,275,-35,247.217,31.581,27.783
yaw275_pitch-030,275,-30,249.021,44.108,25.979
yaw275_pitch-025,275,-25,251.031,49.078,23.969
yaw275_pitch-020,275,-20,252.742,52.272,22.258
yaw275_pitch-015,275,-15,250.755,56.005,24.245
yaw275_pitch-010,275,-10,251.103,56.247,23.897
yaw275_pitch-005,275,-5,256.589,58.079,18.411
yaw275_pitch+000,275,0,256.821,58.392,18.179
yaw275_pitch+005,275,5,253.733,59.145,21.267
yaw275_pitch+010,275,10,255.710,59.426,19.290
yaw275_pitch+015,275,15,257.776,60.850,17.224
yaw275_pitch+020,275,20,256.101,58.524,18.899
yaw275_pitch+025,275,25,256.859,58.877,18.141
yaw275_pitch+030,275,30,257.774,57.152,17.226
yaw275_pitch+035,275,35,263.024,56.674,11.976
yaw275_pitch+040,275,40,264.602,56.147,10.398
yaw275_pitch+045,275,45,267.985,56.076,7.015
yaw275_pitch+050,275,50,272.694,56.368,2.306
yaw275_pitch+055,275,55,272.865,56.996,2.135
yaw275_pitch+060,275,60,276.801,60.176,1.801
yaw275_pitch+065,275,65,282.357,66.370,7.357
yaw275_pitch+070,275,70,284.370,73.699,9.370
yaw275_pitch+075,275,75,290.149,78.522,15.149
yaw275_pitch+080,275,80,288.950,79.411,13.950
yaw275_pitch+085,275,85,296.713,86.162,21.713
yaw275_pitch+090,275,90,306.662,84.565,31.662
yaw280_pitch-090,280,-90,251.178,-88.555,28.822
yaw280_pitch-085,280,-85,245.819,-82.732,34.181
yaw280_pitch-080,280,-80,241.675,-84.458,38.325
yaw280_pitch-075,280,-75,238.943,-81.127,41.057
yaw280_pitch-070,280,-70,240.462,-82.833,39.538
yaw280_pitch-065,280,-65,239.411,-81.777,40.589
yaw280_pitch-060,280,-60,242.606,-81.182,37.394
yaw280_pitch-055,280,-55,244.749,-75.778,35.251
yaw280_pitch-050,280,-50,247.736,-61.959,32.264
yaw280_pitch-045,280,-45,250.682,-46.040,29.318
yaw280_pitch-040,280,-40,251.666,-8.886,28.334
yaw280_pitch-035,280,-35,252.773,27.039,27.227
yaw280_pitch-030,280,-30,254.024,42.294,25.976
yaw280_pitch-025,280,-25,255.659,46.002,24.341
yaw280_pitch-020,280,-20,255.354,49.814,24.646
yaw280_pitch-015,280,-15,258.550,53.468,21.450
yaw280_pitch-010,280,-10,256.795,55.500,23.205
yaw280_pitch-005,280,-5,256.937,56.971,23.063
yaw280_pitch+000,280,0,259.195,57.750,20.805
yaw280_pitch+005,280,5,261.932,59.355,18.068
yaw280_pitch+010,280,10,262.219,59.342,17.781
yaw280_pitch+015,280,15,263.394,59.920,16.606
yaw280_pitch+020,280,20,263.478,58.533,16.522
yaw280_pitch+025,280,25,264.217,57.658,15.783
yaw280_pitch+030,280,30,268.865,58.126,11.135
yaw280_pitch+035,280,35,267.453,57.273,12.547
yaw280_pitch+040,280,40,269.660,57.212,10.340
yaw280_pitch+045,280,45,269.931,56.787,10.069
yaw280_pitch+050,280,50,273.383,56.813,6.617
yaw280_pitch+055,280,55,277.527,58.995,2.473
yaw280_pitch+060,280,60,280.360,60.838,0.360
yaw280_pitch+065,280,65,283.266,65.848,3.266
yaw280_pitch+070,280,70,292.334,75.218,12.334
yaw280_pitch+075,280,75,296.076,83.488,16.076
yaw280_pitch+080,280,80,299.211,90.000,19.211
yaw280_pitch+085,280,85,303.724,90.000,23.724
yaw280_pitch+090,280,90,308.392,83.484,28.392
yaw285_pitch-090,285,-90,256.213,-87.279,28.787
yaw285_pitch-085,285,-85,247.122,-83.104,37.878
yaw285_pitch-080,285,-80,243.714,-84.348,41.286
yaw285_pitch-075,285,-75,241.280,-79.098,43.720
yaw285_pitch-070,285,-70,240.283,-78.781,44.717
yaw285_pitch-065,285,-65,241.931,-77.968,43.069
yaw285_pitch-060,285,-60,242.659,-79.395,42.341
yaw285_pitch-055,285,-55,245.751,-73.390,39.249
yaw285_pitch-050,285,-50,249.390,-66.301,35.610
yaw285_pitch-045,285,-45,254.161,-22.531,30.839
yaw285_pitch-040,285,-40,255.323,-25.259,29.677
yaw285_pitch-035,285,-35,258.832,18.913,26.168
yaw285_pitch-030,285,-30,261.280,36.510,23.720
yaw285_pitch-025,285,-25,260.543,43.083,24.457
yaw285_pitch-020,285,-20,257.833,46.521,27.167
yaw285_pitch-015,285,-15,267.840,51.079,17.160
yaw285_pitch-010,285,-10,265.779,54.156,19.221
yaw285_pitch-005,285,-5,261.717,56.358,23.283
yaw285_pitch+000,285,0,257.479,56.490,27.521
yaw285_pitch+005,285,5,262.790,59.108,22.210
yaw285_pitch+010,285,10,266.585,59.442,18.415
yaw285_pitch+015,285,15,272.106,60.874,12.894
yaw285_pitch+020,285,20,272.929,61.119,12.071
yaw285_pitch+025,285,25,272.782,60.704,12.218
yaw285_pitch+030,285,30,278.014,61.032,6.986
yaw285_pitch+035,285,35,277.192,59.573,7.808
yaw285_pitch+040,285,40,275.669,58.871,9.331
yaw285_pitch+045,285,45,277.501,59.668,7.499
yaw285_pitch+050,285,50,281.310,59.724,3.690
yaw285_pitch+055,285,55,284.605,61.115,0.395
yaw285_pitch+060,285,60,288.558,62.292,3.558
yaw285_pitch+065,285,65,299.560,69.868,14.560
yaw285_pitch+070,285,70,302.445,74.986,17.445
yaw285_pitch+075,285,75,307.924,85.244,22.924
yaw285_pitch+080,285,80,306.808,88.439,21.808
yaw285_pitch+085,285,85,309.179,90.000,24.179
yaw285_pitch+090,285,90,313.449,82.173,28.449
yaw290_pitch-090,290,-90,262.054,-87.433,27.946
yaw290_pitch-085,290,-85,252.928,-81.737,37.072
yaw290_pitch-080,290,-80,246.270,-82.087,43.730
yaw290_pitch-075,290,-75,245.062,-78.056,44.938
yaw290_pitch-070,290,-70,244.991,-78.090,45.009
yaw290_pitch-065,290,-65,244.978,-77.863,45.022
yaw290_pitch-060,290,-60,246.102,-77.778,43.898
yaw290_pitch-055,290,-55,249.078,-72.900,40.922
yaw290_pitch-050,290,-50,253.866,-59.613,36.134
yaw290_pitch-045,290,-45,256.722,-43.772,33.278
yaw290_pitch-040,290,-40,261.817,0.460,28.183
yaw290_pitch-035,290,-35,267.818,20.606,22.182
yaw290_pitch-030,290,-30,269.620,36.133,20.380
yaw290_pitch-025,290,-25,269.550,39.869,20.450
yaw290_pitch-020,290,-20,269.435,45.562,20.565
yaw290_pitch-015,290,-15,270.629,50.776,19.371
yaw290_pitch-010,290,-10,275.418,53.319,14.582
yaw290_pitch-005,290,-5,277.911,55.366,12.089
yaw290_pitch+000,290,0,275.298,56.651,14.702
yaw290_pitch+005,290,5,274.317,58.533,15.683
yaw290_pitch+010,290,10,280.041,61.992,9.959
yaw290_pitch+015,290,15,279.507,63.391,10.493
yaw290_pitch+020,290,20,280.814,63.719,9.186
yaw290_pitch+025,290,25,283.503,63.913,6.497
yaw290_pitch+030,290,30,282.519,63.543,7.481
yaw290_pitch+035,290,35,286.339,61.805,3.661
yaw290_pitch+040,290,40,287.551,61.493,2.449
yaw290_pitch+045,290,45,291.025,61.271,1.025
yaw290_pitch+050,290,50,294.121,62.356,4.121
yaw290_pitch+055,290,55,292.305,61.756,2.305
yaw290_pitch+060,290,60,300.179,65.877,10.179
yaw290_pitch+065,290,65,308.036,74.745,18.036
yaw290_pitch+070,290,70,310.179,78.227,20.179
yaw290_pitch+075,290,75,312.827,82.416,22.827
yaw290_pitch+080,290,80,313.772,84.726,23.772
yaw290_pitch+085,290,85,316.071,89.801,26.071
yaw290_pitch+090,290,90,313.382,86.379,23.382
yaw295_pitch-090,295,-90,272.772,-87.523,22.228
yaw295_pitch-085,295,-85,260.777,-84.211,34.223
yaw295_pitch-080,295,-80,254.983,-81.519,40.017
yaw295_pitch-075,295,-75,252.229,-77.547,42.771
yaw295_pitch-070,295,-70,248.292,-75.246,46.708
yaw295_pitch-065,295,-65,247.797,-76.281,47.203
yaw295_pitch-060,295,-60,246.997,-73.307,48.003
yaw295_pitch-055,295,-55,250.415,-68.544,44.585
yaw295_pitch-050,295,-50,255.064,-47.404,39.936
yaw295_pitch-045,295,-45,260.212,-0.482,34.788
yaw295_pitch-040,295,-40,267.374,16.674,27.626
yaw295_pitch-035,295,-35,273.492,30.390,21.508
yaw295_pitch-030,295,-30,280.237,38.585,14.763
yaw295_pitch-025,295,-25,282.308,39.553,12.692
yaw295_pitch-020,295,-20,284.635,42.517,10.365
yaw295_pitch-015,295,-15,285.688,47.231,9.312
yaw295_pitch-010,295,-10,288.436,51.000,6.564
yaw295_pitch-005,295,-5,292.141,53.076,2.859
yaw295_pitch+000,295,0,287.580,55.493,7.420
yaw295_pitch+005,295,5,287.026,57.683,7.974
yaw295_pitch+010,295,10,284.997,60.535,10.003
yaw295_pitch+015,295,15,285.621,61.903,9.379
yaw295_pitch+020,295,20,285.352,63.485,9.648
yaw295_pitch+025,295,25,284.713,63.521,10.287
yaw295_pitch+030,295,30,288.805,63.341,6.195
yaw295_pitch+035,295,35,296.818,63.356,1.818
yaw295_pitch+040,295,40,297.240,62.873,2.240
yaw295_pitch+045,295,45,298.054,63.100,3.054
yaw295_pitch+050,295,50,302.149,63.783,7.149
yaw295_pitch+055,295,55,304.945,65.587,9.945
yaw295_pitch+060,295,60,308.044,67.377,13.044
yaw295_pitch+065,295,65,315.137,74.989,20.137
yaw295_pitch+070,295,70,313.486,76.069,18.486
yaw295_pitch+075,295,75,316.993,81.654,21.993
yaw295_pitch+080,295,80,316.234,86.387,21.234
yaw295_pitch+085,295,85,323.094,86.671,28.094
yaw295_pitch+090,295,90,317.828,83.849,22.828
yaw300_pitch-090,300,-90,274.640,-88.872,25.360
yaw300_pitch-085,300,-85,262.432,-87.236,37.568
yaw300_pitch-080,300,-80,258.268,-79.999,41.732
yaw300_pitch-075,300,-75,257.788,-75.501,42.212
yaw300_pitch-070,300,-70,253.010,-72.554,46.990
yaw300_pitch-065,300,-65,251.589,-70.451,48.411
yaw300_pitch-060,300,-60,252.943,-70.496,47.057
yaw300_pitch-055,300,-55,255.166,-67.853,44.834
yaw300_pitch-050,300,-50,262.149,-32.534,37.851
yaw300_pitch-045,300,-45,265.134,8.116,34.866
yaw300_pitch-040,300,-40,274.603,29.180,25.397
yaw300_pitch-035,300,-35,281.206,34.749,18.794
yaw300_pitch-030,300,-30,291.770,38.937,8.230
yaw300_pitch-025,300,-25,293.999,40.289,6.001
yaw300_pitch-020,300,-20,298.104,40.945,1.896
yaw300_pitch-015,300,-15,297.400,44.966,2.600
yaw300_pitch-010,300,-10,292.784,49.666,7.216
yaw300_pitch-005,300,-5,294.618,52.438,5.382
yaw300_pitch+000,300,0,290.743,54.980,9.257
yaw300_pitch+005,300,5,290.298,56.377,9.702
yaw300_pitch+010,300,10,291.482,58.501,8.518
yaw300_pitch+015,300,15,294.541,60.987,5.459
yaw300_pitch+020,300,20,286.057,62.196,13.943
yaw300_pitch+025,300,25,291.671,64.302,8.329
yaw300_pitch+030,300,30,295.163,63.456,4.837
yaw300_pitch+035,300,35,294.067,62.430,5.933
yaw300_pitch+040,300,40,302.191,62.786,2.191
yaw300_pitch+045,300,45,307.271,63.452,7.271
yaw300_pitch+050,300,50,306.335,64.086,6.335
yaw300_pitch+055,300,55,309.279,65.600,9.279
yaw300_pitch+060,300,60,315.937,69.340,15.937
yaw300_pitch+065,300,65,317.791,74.113,17.791
yaw300_pitch+070,300,70,320.492,77.587,20.492
yaw300_pitch+075,300,75,322.172,83.221,22.172
yaw300_pitch+080,300,80,326.589,89.827,26.589
yaw300_pitch+085,300,85,328.799,88.725,28.799
yaw300_pitch+090,300,90,328.502,87.514,28.502
yaw305_pitch-090,305,-90,272.135,-89.388,32.865
yaw305_pitch-085,305,-85,265.878,-85.958,39.122
yaw305_pitch-080,305,-80,262.053,-83.308,42.947
yaw305_pitch-075,305,-75,265.036,-76.551,39.964
yaw305_pitch-070,305,-70,262.517,-74.152,42.483
yaw305_pitch-065,305,-65,255.882,-71.533,49.118
yaw305_pitch-060,305,-60,259.630,-71.312,45.370
yaw305_pitch-055,305,-55,260.034,-60.534,44.966
yaw305_pitch-050,305,-50,267.401,-29.575,37.599
yaw305_pitch-045,305,-45,272.676,18.740,32.324
yaw305_pitch-040,305,-40,282.033,31.963,22.967
yaw305_pitch-035,305,-35,290.187,37.528,14.813
yaw305_pitch-030,305,-30,295.587,38.737,9.413
yaw305_pitch-025,305,-25,298.287,40.647,6.713
yaw305_pitch-020,305,-20,297.193,41.944,7.807
yaw305_pitch-015,305,-15,295.207,44.264,9.793
yaw305_pitch-010,305,-10,296.398,49.269,8.602
yaw305_pitch-005,305,-5,296.943,52.220,8.057
yaw305_pitch+000,305,0,299.617,54.286,5.383
yaw305_pitch+005,305,5,299.361,54.769,5.639
yaw305_pitch+010,305,10,300.283,56.924,4.717
yaw305_pitch+015,305,15,302.496,58.904,2.504
yaw305_pitch+020,305,20,300.173,61.563,4.827
yaw305_pitch+025,305,25,298.423,62.451,6.577
yaw305_pitch+030,305,30,303.183,62.429,1.817
yaw305_pitch+035,305,35,305.920,62.502,0.920
yaw305_pitch+040,305,40,311.151,62.857,6.151
yaw305_pitch+045,305,45,313.477,63.643,8.477
yaw305_pitch+050,305,50,315.421,65.350,10.421
yaw305_pitch+055,305,55,315.325,68.087,10.325
yaw305_pitch+060,305,60,316.330,68.789,11.330
yaw305_pitch+065,305,65,324.798,75.855,19.798
yaw305_pitch+070,305,70,327.052,82.572,22.052
yaw305_pitch+075,305,75,330.662,84.024,25.662
yaw305_pitch+080,305,80,331.379,84.946,26.379
yaw305_pitch+085,305,85,334.050,88.385,29.050
yaw305_pitch+090,305,90,334.216,85.567,29.216
yaw310_pitch-090,310,-90,277.145,-89.922,32.855
yaw310_pitch-085,310,-85,270.006,-87.651,39.994
yaw310_pitch-080,310,-80,268.419,-84.176,41.581
yaw310_pitch-075,310,-75,270.131,-79.892,39.869
yaw310_pitch-070,310,-70,271.338,-76.821,38.662
yaw310_pitch-065,310,-65,268.975,-70.610,41.025
yaw310_pitch-060,310,-60,263.760,-68.547,46.240
yaw310_pitch-055,310,-55,268.802,-60.259,41.198
yaw310_pitch-050,310,-50,273.772,-24.533,36.228
yaw310_pitch-045,310,-45,282.025,31.866,27.975
yaw310_pitch-040,310,-40,284.271,39.014,25.729
yaw310_pitch-035,310,-35,292.392,41.208,17.608
yaw310_pitch-030,310,-30,295.920,43.082,14.080
yaw310_pitch-025,310,-25,297.595,41.092,12.405
yaw310_pitch-020,310,-20,297.757,42.254,12.243
yaw310_pitch-015,310,-15,300.554,45.538,9.446
yaw310_pitch-010,310,-10,303.540,47.504,6.460
yaw310_pitch-005,310,-5,307.385,50.840,2.615
yaw310_pitch+000,310,0,305.221,53.214,4.779
yaw310_pitch+005,310,5,308.666,54.654,1.334
yaw310_pitch+010,310,10,309.095,56.276,0.905
yaw310_pitch+015,310,15,305.434,58.567,4.566
yaw310_pitch+020,310,20,302.849,58.564,7.151
yaw310_pitch+025,310,25,307.768,61.188,2.232
yaw310_pitch+030,310,30,306.873,61.916,3.127
yaw310_pitch+035,310,35,311.931,62.430,1.931
yaw310_pitch+040,310,40,315.571,63.189,5.571
yaw310_pitch+045,310,45,316.003,62.964,6.003
yaw310_pitch+050,310,50,317.805,65.168,7.805
yaw310_pitch+055,310,55,320.928,67.169,10.928
yaw310_pitch+060,310,60,321.007,70.285,11.007
yaw310_pitch+065,310,65,324.174,73.492,14.174
yaw310_pitch+070,310,70,328.362,80.334,18.362
yaw310_pitch+075,310,75,330.737,83.256,20.737
yaw310_pitch+080,310,80,333.945,86.025,23.945
yaw310_pitch+085,310,85,333.449,86.801,23.449
yaw310_pitch+090,310,90,338.297,86.269,28.297
yaw315_pitch-090,315,-90,283.899,-90.000,31.101
yaw315_pitch-085,315,-85,281.666,-88.395,33.334
yaw315_pitch-080,315,-80,278.099,-88.035,36.901
yaw315_pitch-075,315,-75,277.590,-82.588,37.410
yaw315_pitch-070,315,-70,278.554,-81.398,36.446
yaw315_pitch-065,315,-65,279.365,-76.860,35.635
yaw315_pitch-060,315,-60,272.931,-70.007,42.069
yaw315_pitch-055,315,-55,274.681,-54.281,40.319
yaw315_pitch-050,315,-50,278.043,-21.047,36.957
yaw315_pitch-045,315,-45,286.351,28.401,28.649
yaw315_pitch-040,315,-40,288.848,38.821,26.152
yaw315_pitch-035,315,-35,296.517,41.354,18.483
yaw315_pitch-030,315,-30,301.602,42.601,13.398
yaw315_pitch-025,315,-25,300.217,42.494,14.783
yaw315_pitch-020,315,-20,305.174,43.250,9.826
yaw315_pitch-015,315,-15,302.016,46.739,12.984
yaw315_pitch-010,315,-10,306.005,48.148,8.995
yaw315_pitch-005,315,-5,310.774,50.397,4.226
yaw315_pitch+000,315,0,312.458,52.257,2.542
yaw315_pitch+005,315,5,314.998,54.179,0.002
yaw315_pitch+010,315,10,310.876,54.828,4.124
yaw315_pitch+015,315,15,309.567,55.882,5.433
yaw315_pitch+020,315,20,304.933,58.429,10.067
yaw315_pitch+025,315,25,305.086,59.671,9.914
yaw315_pitch+030,315,30,308.855,60.906,6.145
yaw315_pitch+035,315,35,310.137,61.471,4.863
yaw315_pitch+040,315,40,319.151,63.317,4.151
yaw315_pitch+045,315,45,320.113,64.000,5.113
yaw315_pitch+050,315,50,323.108,63.974,8.108
yaw315_pitch+055,315,55,324.118,67.879,9.118
yaw315_pitch+060,315,60,324.989,70.349,9.989
yaw315_pitch+065,315,65,326.782,74.858,11.782
yaw315_pitch+070,315,70,329.971,79.362,14.971
yaw315_pitch+075,315,75,332.333,83.490,17.333
yaw315_pitch+080,315,80,334.386,84.685,19.386
yaw315_pitch+085,315,85,337.366,86.148,22.366
yaw315_pitch+090,315,90,345.916,89.032,30.916
yaw320_pitch-090,320,-90,290.479,-90.000,29.521
yaw320_pitch-085,320,-85,286.985,-88.767,33.015
yaw320_pitch-080,320,-80,284.313,-86.208,35.687
yaw320_pitch-075,320,-75,282.482,-84.593,37.518
yaw320_pitch-070,320,-70,281.168,-81.453,38.832
yaw320_pitch-065,320,-65,282.102,-76.126,37.898
yaw320_pitch-060,320,-60,279.732,-70.698,40.268
yaw320_pitch-055,320,-55,277.540,-64.194,42.460
yaw320_pitch-050,320,-50,283.631,-15.303,36.369
yaw320_pitch-045,320,-45,288.383,19.521,31.617
yaw320_pitch-040,320,-40,292.103,38.861,27.897
yaw320_pitch-035,320,-35,295.164,41.721,24.836
yaw320_pitch-030,320,-30,303.021,41.952,16.979
yaw320_pitch-025,320,-25,308.423,45.315,11.577
yaw320_pitch-020,320,-20,312.729,49.411,7.271
yaw320_pitch-015,320,-15,310.184,51.224,9.816
yaw320_pitch-010,320,-10,303.679,49.794,16.321
yaw320_pitch-005,320,-5,305.014,49.961,14.986
yaw320_pitch+000,320,0,315.416,50.653,4.584
yaw320_pitch+005,320,5,318.585,52.838,1.415
yaw320_pitch+010,320,10,316.171,54.884,3.829
yaw320_pitch+015,320,15,310.923,56.478,9.077
yaw320_pitch+020,320,20,306.142,57.526,13.858
yaw320_pitch+025,320,25,308.719,58.659,11.281
yaw320_pitch+030,320,30,311.106,59.833,8.894
yaw320_pitch+035,320,35,316.281,61.994,3.719
yaw320_pitch+040,320,40,321.136,63.340,1.136
yaw320_pitch+045,320,45,324.530,64.759,4.530
yaw320_pitch+050,320,50,325.587,65.207,5.587
yaw320_pitch+055,320,55,327.571,66.956,7.571
yaw320_pitch+060,320,60,326.731,68.407,6.731
yaw320_pitch+065,320,65,332.061,73.663,12.061
yaw320_pitch+070,320,70,334.749,78.613,14.749
yaw320_pitch+075,320,75,337.834,83.464,17.834
yaw320_pitch+080,320,80,340.586,86.404,20.586
yaw320_pitch+085,320,85,343.449,88.431,23.449
yaw320_pitch+090,320,90,350.389,87.163,30.389
yaw325_pitch-090,325,-90,295.782,-86.266,29.218
yaw325_pitch-085,325,-85,293.952,-87.678,31.048
yaw325_pitch-080,325,-80,288.600,-86.124,36.400
yaw325_pitch-075,325,-75,287.937,-81.995,37.063
yaw325_pitch-070,325,-70,284.600,-82.578,40.400
yaw325_pitch-065,325,-65,282.956,-79.233,42.044
yaw325_pitch-060,325,-60,282.922,-75.491,42.078
yaw325_pitch-055,325,-55,279.543,-60.509,45.457
yaw325_pitch-050,325,-50,280.992,-30.686,44.008
yaw325_pitch-045,325,-45,286.335,22.323,38.665
yaw325_pitch-040,325,-40,296.008,37.660,28.992
yaw325_pitch-035,325,-35,297.209,42.987,27.791
yaw325_pitch-030,325,-30,303.866,44.854,21.134
yaw325_pitch-025,325,-25,313.234,47.585,11.766
yaw325_pitch-020,325,-20,317.862,52.812,7.138
yaw325_pitch-015,325,-15,315.928,53.901,9.072
yaw325_pitch-010,325,-10,310.594,51.671,14.406
yaw325_pitch-005,325,-5,307.934,49.538,17.066
yaw325_pitch+000,325,0,308.980,50.633,16.020
yaw325_pitch+005,325,5,318.216,52.515,6.784
yaw325_pitch+010,325,10,313.776,54.995,11.224
yaw325_pitch+015,325,15,310.420,56.763,14.580
yaw325_pitch+020,325,20,306.616,57.708,18.384
yaw325_pitch+025,325,25,306.895,58.826,18.105
yaw325_pitch+030,325,30,312.048,60.038,12.952
yaw325_pitch+035,325,35,314.842,61.258,10.158
yaw325_pitch+040,325,40,323.954,63.136,1.046
yaw325_pitch+045,325,45,328.004,66.163,3.004
yaw325_pitch+050,325,50,330.266,66.203,5.266
yaw325_pitch+055,325,55,327.548,66.276,2.548
yaw325_pitch+060,325,60,329.836,68.460,4.836
yaw325_pitch+065,325,65,333.914,72.806,8.914
yaw325_pitch+070,325,70,339.858,79.232,14.858
yaw325_pitch+075,325,75,340.469,83.262,15.469
yaw325_pitch+080,325,80,344.648,87.870,19.648
yaw325_pitch+085,325,85,349.847,90.000,24.847
yaw325_pitch+090,325,90,356.801,90.000,31.801
yaw330_pitch-090,330,-90,298.880,-85.798,31.120
yaw330_pitch-085,330,-85,295.839,-79.763,34.161
yaw330_pitch-080,330,-80,294.252,-83.621,35.748
yaw330_pitch-075,330,-75,292.982,-80.462,37.018
yaw330_pitch-070,330,-70,289.308,-78.974,40.692
yaw330_pitch-065,330,-65,285.222,-80.249,44.778
yaw330_pitch-060,330,-60,282.939,-75.701,47.061
yaw330_pitch-055,330,-55,279.820,-69.061,50.180
yaw330_pitch-050,330,-50,280.768,-46.948,49.232
yaw330_pitch-045,330,-45,285.739,8.340,44.261
yaw330_pitch-040,330,-40,294.659,36.806,35.341
yaw330_pitch-035,330,-35,300.502,38.669,29.498
yaw330_pitch-030,330,-30,303.846,42.048,26.154
yaw330_pitch-025,330,-25,312.263,47.662,17.737
yaw330_pitch-020,330,-20,321.046,54.590,8.954
yaw330_pitch-015,330,-15,317.015,53.261,12.985
yaw330_pitch-010,330,-10,314.508,53.028,15.492
yaw330_pitch-005,330,-5,310.819,50.087,19.181
yaw330_pitch+000,330,0,310.252,51.795,19.748
yaw330_pitch+005,330,5,316.612,51.731,13.388
yaw330_pitch+010,330,10,316.970,53.630,13.030
yaw330_pitch+015,330,15,313.363,56.411,16.637
yaw330_pitch+020,330,20,310.723,57.387,19.277
yaw330_pitch+025,330,25,305.383,58.427,24.617
yaw330_pitch+030,330,30,313.249,59.671,16.751
yaw330_pitch+035,330,35,318.619,61.659,11.381
yaw330_pitch+040,330,40,325.947,64.114,4.053
yaw330_pitch+045,330,45,328.840,65.934,1.160
yaw330_pitch+050,330,50,331.545,66.660,1.545
yaw330_pitch+055,330,55,332.943,68.500,2.943
yaw330_pitch+060,330,60,333.158,70.389,3.158
yaw330_pitch+065,330,65,338.230,75.186,8.230
yaw330_pitch+070,330,70,345.114,80.060,15.114
yaw330_pitch+075,330,75,346.745,84.054,16.745
yaw330_pitch+080,330,80,349.854,90.000,19.854
yaw330_pitch+085,330,85,355.004,90.000,25.004
yaw330_pitch+090,330,90,356.724,86.517,26.724
yaw335_pitch-090,335,-90,302.427,-84.455,32.573
yaw335_pitch-085,335,-85,301.694,-81.335,33.306
yaw335_pitch-080,335,-80,299.814,-80.248,35.186
yaw335_pitch-075,335,-75,296.954,-80.945,38.046
yaw335_pitch-070,335,-70,292.864,-82.499,42.136
yaw335_pitch-065,335,-65,289.497,-81.936,45.503
yaw335_pitch-060,335,-60,285.665,-78.645,49.335
yaw335_pitch-055,335,-55,281.114,-74.924,53.886
yaw335_pitch-050,335,-50,280.640,-55.002,54.360
yaw335_pitch-045,335,-45,285.156,-29.530,49.844
yaw335_pitch-040,335,-40,290.500,34.422,44.500
yaw335_pitch-035,335,-35,302.892,40.787,32.108
yaw335_pitch-030,335,-30,307.297,43.518,27.703
yaw335_pitch-025,335,-25,313.782,46.790,21.218
yaw335_pitch-020,335,-20,318.973,52.670,16.027
yaw335_pitch-015,335,-15,318.192,53.885,16.808
yaw335_pitch-010,335,-10,312.534,52.816,22.466
yaw335_pitch-005,335,-5,311.955,51.963,23.045
yaw335_pitch+000,335,0,315.424,50.263,19.576
yaw335_pitch+005,335,5,316.131,50.790,18.869
yaw335_pitch+010,335,10,315.949,52.549,19.051
yaw335_pitch+015,335,15,314.956,55.757,20.044
yaw335_pitch+020,335,20,308.387,57.103,26.613
yaw335_pitch+025,335,25,306.746,58.075,28.254
yaw335_pitch+030,335,30,311.231,59.331,23.769
yaw335_pitch+035,335,35,309.043,59.713,25.957
yaw335_pitch+040,335,40,323.998,64.271,11.002
yaw335_pitch+045,335,45,328.523,66.135,6.477
yaw335_pitch+050,335,50,332.060,66.196,2.940
yaw335_pitch+055,335,55,332.739,66.814,2.261
yaw335_pitch+060,335,60,331.286,68.582,3.714
yaw335_pitch+065,335,65,339.879,71.660,4.879
yaw335_pitch+070,335,70,352.138,78.778,17.138
yaw335_pitch+075,335,75,356.269,85.083,21.269
yaw335_pitch+080,335,80,359.469,89.352,24.469
yaw335_pitch+085,335,85,356.159,90.000,21.159
yaw335_pitch+090,335,90,1.128,90.000,26.128
yaw340_pitch-090,340,-90,308.591,-87.609,31.409
yaw340_pitch-085,340,-85,304.958,-84.754,35.042
yaw340_pitch-080,340,-80,304.026,-81.604,35.974
yaw340_pitch-075,340,-75,303.216,-78.886,36.784
yaw340_pitch-070,340,-70,299.457,-82.848,40.543
yaw340_pitch-065,340,-65,295.841,-80.557,44.159
yaw340_pitch-060,340,-60,290.038,-77.630,49.962
yaw340_pitch-055,340,-55,286.636,-69.662,53.364
yaw340_pitch-050,340,-50,277.599,-67.209,62.401
yaw340_pitch-045,340,-45,280.429,-50.605,59.571
yaw340_pitch-040,340,-40,288.392,21.170,51.608
yaw340_pitch-035,340,-35,298.258,45.162,41.742
yaw340_pitch-030,340,-30,311.221,41.018,28.779
yaw340_pitch-025,340,-25,314.073,46.083,25.927
yaw340_pitch-020,340,-20,315.603,48.267,24.397
yaw340_pitch-015,340,-15,313.962,51.823,26.038
yaw340_pitch-010,340,-10,308.576,49.381,31.424
yaw340_pitch-005,340,-5,316.066,49.155,23.934
yaw340_pitch+000,340,0,314.673,48.508,25.327
yaw340_pitch+005,340,5,315.708,50.808,24.292
yaw340_pitch+010,340,10,316.563,52.717,23.437
yaw340_pitch+015,340,15,312.999,54.903,27.001
yaw340_pitch+020,340,20,313.001,57.168,26.999
yaw340_pitch+025,340,25,301.432,58.121,38.568
yaw340_pitch+030,340,30,304.985,59.323,35.015
yaw340_pitch+035,340,35,313.654,60.406,26.346
yaw340_pitch+040,340,40,314.978,60.886,25.022
yaw340_pitch+045,340,45,327.527,65.179,12.473
yaw340_pitch+050,340,50,338.479,68.017,1.521
yaw340_pitch+055,340,55,337.762,67.744,2.238
yaw340_pitch+060,340,60,337.336,67.996,2.664
yaw340_pitch+065,340,65,344.931,71.793,4.931
yaw340_pitch+070,340,70,357.873,76.930,17.873
yaw340_pitch+075,340,75,1.229,83.422,21.229
yaw340_pitch+080,340,80,1.775,88.724,21.775
yaw340_pitch+085,340,85,3.316,90.000,23.316
yaw340_pitch+090,340,90,11.095,90.000,31.095
yaw345_pitch-090,345,-90,313.502,-87.216,31.498
yaw345_pitch-085,345,-85,310.783,-82.882,34.217
yaw345_pitch-080,345,-80,308.732,-86.482,36.268
yaw345_pitch-075,345,-75,306.662,-77.488,38.338
yaw345_pitch-070,345,-70,304.307,-79.104,40.693
yaw345_pitch-065,345,-65,300.652,-78.701,44.348
yaw345_pitch-060,345,-60,294.758,-73.289,50.242
yaw345_pitch-055,345,-55,292.889,-70.656,52.111
yaw345_pitch-050,345,-50,285.563,-69.140,59.437
yaw345_pitch-045,345,-45,277.964,-59.361,67.036
yaw345_pitch-040,345,-40,297.584,1.201,47.416
yaw345_pitch-035,345,-35,302.049,38.169,42.951
yaw345_pitch-030,345,-30,309.944,45.871,35.056
yaw345_pitch-025,345,-25,316.154,43.845,28.846
yaw345_pitch-020,345,-20,314.307,46.686,30.693
yaw345_pitch-015,345,-15,311.101,49.187,33.899
yaw345_pitch-010,345,-10,308.446,49.418,36.554
yaw345_pitch-005,345,-5,316.567,48.417,28.433
yaw345_pitch+000,345,0,314.034,49.094,30.966
yaw345_pitch+005,345,5,309.528,48.919,35.472
yaw345_pitch+010,345,10,314.017,50.825,30.983
yaw345_pitch+015,345,15,311.853,54.011,33.147
yaw345_pitch+020,345,20,299.307,55.594,45.693
yaw345_pitch+025,345,25,299.306,56.852,45.694
yaw345_pitch+030,345,30,276.968,56.852,68.032
yaw345_pitch+035,345,35,278.399,58.887,66.601
yaw345_pitch+040,345,40,302.421,61.041,42.579
yaw345_pitch+045,345,45,323.124,64.523,21.876
yaw345_pitch+050,345,50,332.634,65.838,12.366
yaw345_pitch+055,345,55,344.593,67.539,0.407
yaw345_pitch+060,345,60,343.551,68.147,1.449
yaw345_pitch+065,345,65,349.616,70.620,4.616
yaw345_pitch+070,345,70,6.470,76.497,21.470
yaw345_pitch+075,345,75,11.040,83.521,26.040
yaw345_pitch+080,345,80,10.940,88.857,25.940
yaw345_pitch+085,345,85,8.433,90.000,23.433
yaw345_pitch+090,345,90,13.177,89.990,28.177
yaw350_pitch-090,350,-90,316.949,-84.831,33.051
yaw350_pitch-085,350,-85,312.275,-86.903,37.725
yaw350_pitch-080,350,-80,314.355,-79.381,35.645
yaw350_pitch-075,350,-75,312.054,-80.646,37.946
yaw350_pitch-070,350,-70,307.915,-73.692,42.085
yaw350_pitch-065,350,-65,306.461,-73.667,43.539
yaw350_pitch-060,350,-60,299.204,-68.314,50.796
yaw350_pitch-055,350,-55,294.971,-71.818,55.029
yaw350_pitch-050,350,-50,292.846,-73.587,57.154
yaw350_pitch-045,350,-45,279.590,-63.884,70.410
yaw350_pitch-040,350,-40,294.160,-4.450,55.840
yaw350_pitch-035,350,-35,308.791,35.780,41.209
yaw350_pitch-030,350,-30,312.823,43.984,37.177
yaw350_pitch-025,350,-25,319.473,48.496,30.527
yaw350_pitch-020,350,-20,319.423,45.751,30.577
yaw350_pitch-015,350,-15,313.177,47.982,36.823
yaw350_pitch-010,350,-10,311.690,50.032,38.310
yaw350_pitch-005,350,-5,317.182,49.382,32.818
yaw350_pitch+000,350,0,314.012,47.638,35.988
yaw350_pitch+005,350,5,307.990,49.032,42.010
yaw350_pitch+010,350,10,311.763,50.958,38.237
yaw350_pitch+015,350,15,305.445,52.334,44.555
yaw350_pitch+020,350,20,285.760,55.317,64.240
yaw350_pitch+025,350,25,298.227,56.830,51.773
yaw350_pitch+030,350,30,294.240,57.148,55.760
yaw350_pitch+035,350,35,282.688,57.856,67.312
yaw350_pitch+040,350,40,293.350,60.709,56.650
yaw350_pitch+045,350,45,321.334,64.657,28.666
yaw350_pitch+050,350,50,340.780,67.564,9.220
yaw350_pitch+055,350,55,341.593,66.845,8.407
yaw350_pitch+060,350,60,353.530,68.759,3.530
yaw350_pitch+065,350,65,2.603,72.049,12.603
yaw350_pitch+070,350,70,9.619,75.771,19.619
yaw350_pitch+075,350,75,14.922,82.426,24.922
yaw350_pitch+080,350,80,15.813,89.022,25.813
yaw350_pitch+085,350,85,15.089,90.000,25.089
yaw350_pitch+090,350,90,17.342,90.000,27.342
yaw355_pitch-090,355,-90,324.191,-80.130,30.809
yaw355_pitch-085,355,-85,317.884,-84.037,37.116
yaw355_pitch-080,355,-80,318.027,-82.186,36.973
yaw355_pitch-075,355,-75,316.862,-85.860,38.138
yaw355_pitch-070,355,-70,316.544,-76.841,38.456
yaw355_pitch-065,355,-65,304.143,-75.455,50.857
yaw355_pitch-060,355,-60,299.289,-69.163,55.711
yaw355_pitch-055,355,-55,298.702,-64.906,56.298
yaw355_pitch-050,355,-50,293.565,-71.910,61.435
yaw355_pitch-045,355,-45,279.764,-63.118,75.236
yaw355_pitch-040,355,-40,290.377,-30.345,64.623
yaw355_pitch-035,355,-35,300.872,25.749,54.128
yaw355_pitch-030,355,-30,312.146,39.031,42.854
yaw355_pitch-025,355,-25,311.352,44.512,43.648
yaw355_pitch-020,355,-20,317.712,46.138,37.288
yaw355_pitch-015,355,-15,315.883,46.011,39.117
yaw355_pitch-010,355,-10,314.077,48.227,40.923
yaw355_pitch-005,355,-5,319.178,51.482,35.822
yaw355_pitch+000,355,0,320.928,50.018,34.072
yaw355_pitch+005,355,5,305.979,49.207,49.021
yaw355_pitch+010,355,10,308.821,50.620,46.179
yaw355_pitch+015,355,15,294.308,52.023,60.692
yaw355_pitch+020,355,20,267.697,53.511,87.303
yaw355_pitch+025,355,25,268.187,55.115,86.813
yaw355_pitch+030,355,30,270.411,56.883,84.589
yaw355_pitch+035,355,35,289.308,58.063,65.692
yaw355_pitch+040,355,40,294.143,60.827,60.857
yaw355_pitch+045,355,45,337.590,65.243,17.410
yaw355_pitch+050,355,50,354.873,68.013,0.127
yaw355_pitch+055,355,55,3.630,69.672,8.630
yaw355_pitch+060,355,60,11.501,72.779,16.501
yaw355_pitch+065,355,65,17.223,75.874,22.223
yaw355_pitch+070,355,70,22.074,77.935,27.074
yaw355_pitch+075,355,75,22.570,82.194,27.570
yaw355_pitch+080,355,80,22.397,84.457,27.397
yaw355_pitch+085,355,85,24.214,90.000,29.214
yaw355_pitch+090,355,90,20.707,90.000,25.707
