record_id,yaw_true,pitch_true,yaw_pred,pitch_pred,yaw_err
yaw000_pitch-090,0,-90,29.578,-88.248,29.578
yaw000_pitch-085,0,-85,30.094,-85.933,30.094
yaw000_pitch-080,0,-80,28.208,-82.887,28.208
yaw000_pitch-075,0,-75,27.567,-75.128,27.567
yaw000_pitch-070,0,-70,26.555,-66.317,26.555
yaw000_pitch-065,0,-65,27.451,-58.832,27.451
yaw000_pitch-060,0,-60,27.262,-52.171,27.262
yaw000_pitch-055,0,-55,27.246,-49.930,27.246
yaw000_pitch-050,0,-50,27.745,-46.481,27.745
yaw000_pitch-045,0,-45,26.052,-45.538,26.052
yaw000_pitch-040,0,-40,25.115,-45.730,25.115
yaw000_pitch-035,0,-35,24.473,-44.423,24.473
yaw000_pitch-030,0,-30,26.225,-42.267,26.225
yaw000_pitch-025,0,-25,25.250,-41.249,25.250
yaw000_pitch-020,0,-20,24.643,-42.817,24.643
yaw000_pitch-015,0,-15,16.026,-39.558,16.026
yaw000_pitch-010,0,-10,21.409,-35.338,21.409
yaw000_pitch-005,0,-5,15.268,-31.829,15.268
yaw000_pitch+000,0,0,13.416,-28.452,13.416
yaw000_pitch+005,0,5,10.720,-19.597,10.720
yaw000_pitch+010,0,10,15.711,-14.983,15.711
yaw000_pitch+015,0,15,18.762,-12.780,18.762
yaw000_pitch+020,0,20,19.455,-12.462,19.455
yaw000_pitch+025,0,25,8.375,-8.061,8.375
yaw000_pitch+030,0,30,13.516,-6.048,13.516
yaw000_pitch+035,0,35,8.667,-2.032,8.667
yaw000_pitch+040,0,40,6.339,3.523,6.339
yaw000_pitch+045,0,45,7.518,23.733,7.518
yaw000_pitch+050,0,50,1.849,37.277,1.849
yaw000_pitch+055,0,55,349.909,47.280,10.091
yaw000_pitch+060,0,60,344.931,48.644,15.069
yaw000_pitch+065,0,65,340.802,55.396,19.198
yaw000_pitch+070,0,70,341.693,64.411,18.307
yaw000_pitch+075,0,75,338.082,71.305,21.918
yaw000_pitch+080,0,80,333.939,75.873,26.061
yaw000_pitch+085,0,85,330.695,79.917,29.305
yaw000_pitch+090,0,90,328.502,87.514,31.498
yaw005_pitch-090,5,-90,40.977,-86.171,35.977
yaw005_pitch-085,5,-85,34.858,-86.529,29.858
yaw005_pitch-080,5,-80,33.285,-84.011,28.285
yaw005_pitch-075,5,-75,31.769,-73.053,26.769
yaw005_pitch-070,5,-70,31.021,-65.485,26.021
yaw005_pitch-065,5,-65,29.445,-59.553,24.445
yaw005_pitch-060,5,-60,30.514,-50.557,25.514
yaw005_pitch-055,5,-55,30.354,-46.705,25.354
yaw005_pitch-050,5,-50,30.482,-46.071,25.482
yaw005_pitch-045,5,-45,30.579,-44.433,25.579
yaw005_pitch-040,5,-40,27.646,-43.502,22.646
yaw005_pitch-035,5,-35,27.320,-43.237,22.320
yaw005_pitch-030,5,-30,26.876,-42.981,21.876
yaw005_pitch-025,5,-25,27.355,-40.739,22.355
yaw005_pitch-020,5,-20,26.179,-40.141,21.179
yaw005_pitch-015,5,-15,25.034,-39.685,20.034
yaw005_pitch-010,5,-10,18.255,-35.539,13.255
yaw005_pitch-005,5,-5,17.032,-33.923,12.032
yaw005_pitch+000,5,0,8.006,-28.980,3.006
yaw005_pitch+005,5,5,14.368,-22.981,9.368
yaw005_pitch+010,5,10,15.385,-15.939,10.385
yaw005_pitch+015,5,15,21.390,-12.666,16.390
yaw005_pitch+020,5,20,22.078,-11.176,17.078
yaw005_pitch+025,5,25,9.812,-9.897,4.812
yaw005_pitch+030,5,30,18.618,-7.388,13.618
yaw005_pitch+035,5,35,18.692,-5.861,13.692
yaw005_pitch+040,5,40,15.413,8.276,10.413
yaw005_pitch+045,5,45,8.680,22.905,3.680
yaw005_pitch+050,5,50,5.337,36.218,0.337
yaw005_pitch+055,5,55,358.521,47.508,6.479
yaw005_pitch+060,5,60,354.172,49.034,10.828
yaw005_pitch+065,5,65,344.788,59.604,20.212
yaw005_pitch+070,5,70,346.091,66.129,18.909
yaw005_pitch+075,5,75,345.403,73.822,19.597
yaw005_pitch+080,5,80,340.915,75.690,24.085
yaw005_pitch+085,5,85,338.223,82.248,26.777
yaw005_pitch+090,5,90,334.216,85.567,30.784
yaw010_pitch-090,10,-90,43.973,-87.508,33.973
yaw010_pitch-085,10,-85,40.397,-83.214,30.397
yaw010_pitch-080,10,-80,38.227,-80.830,28.227
yaw010_pitch-075,10,-75,36.765,-74.741,26.765
yaw010_pitch-070,10,-70,36.822,-61.072,26.822
yaw010_pitch-065,10,-65,35.918,-55.789,25.918
yaw010_pitch-060,10,-60,35.461,-47.890,25.461
yaw010_pitch-055,10,-55,34.522,-47.417,24.522
yaw010_pitch-050,10,-50,34.707,-44.508,24.707
yaw010_pitch-045,10,-45,35.824,-41.635,25.824
yaw010_pitch-040,10,-40,32.763,-43.600,22.763
yaw010_pitch-035,10,-35,29.353,-43.300,19.353
yaw010_pitch-030,10,-30,29.771,-42.585,19.771
yaw010_pitch-025,10,-25,28.689,-41.722,18.689
yaw010_pitch-020,10,-20,28.695,-40.907,18.695
yaw010_pitch-015,10,-15,27.597,-40.529,17.597
yaw010_pitch-010,10,-10,21.946,-37.105,11.946
yaw010_pitch-005,10,-5,16.305,-36.310,6.305
yaw010_pitch+000,10,0,11.089,-32.150,1.089
yaw010_pitch+005,10,5,15.863,-24.772,5.863
yaw010_pitch+010,10,10,16.371,-17.917,6.371
yaw010_pitch+015,10,15,23.598,-12.267,13.598
yaw010_pitch+020,10,20,23.528,-11.025,13.528
yaw010_pitch+025,10,25,19.981,-7.781,9.981
yaw010_pitch+030,10,30,21.735,-4.961,11.735
yaw010_pitch+035,10,35,22.052,-2.287,12.052
yaw010_pitch+040,10,40,20.143,4.504,10.143
yaw010_pitch+045,10,45,12.328,22.753,2.328
yaw010_pitch+050,10,50,11.206,36.730,1.206
yaw010_pitch+055,10,55,4.794,42.933,5.206
yaw010_pitch+060,10,60,357.912,49.403,12.088
yaw010_pitch+065,10,65,354.674,58.129,15.326
yaw010_pitch+070,10,70,353.499,67.977,16.501
yaw010_pitch+075,10,75,348.187,72.666,21.813
yaw010_pitch+080,10,80,347.483,75.761,22.517
yaw010_pitch+085,10,85,342.244,80.667,27.756
yaw010_pitch+090,10,90,338.297,86.269,31.703
yaw015_pitch-090,15,-90,49.170,-88.412,34.170
yaw015_pitch-085,15,-85,47.350,-83.034,32.350
yaw015_pitch-080,15,-80,43.100,-77.823,28.100
yaw015_pitch-075,15,-75,42.024,-75.732,27.024
yaw015_pitch-070,15,-70,40.094,-64.063,25.094
yaw015_pitch-065,15,-65,40.622,-62.257,25.622
yaw015_pitch-060,15,-60,39.982,-50.787,24.982
yaw015_pitch-055,15,-55,40.827,-46.388,25.827
yaw015_pitch-050,15,-50,39.959,-43.833,24.959
yaw015_pitch-045,15,-45,39.774,-44.001,24.774
yaw015_pitch-040,15,-40,36.130,-43.937,21.130
yaw015_pitch-035,15,-35,33.423,-43.651,18.423
yaw015_pitch-030,15,-30,32.393,-42.249,17.393
yaw015_pitch-025,15,-25,28.615,-41.989,13.615
yaw015_pitch-020,15,-20,29.650,-41.069,14.650
yaw015_pitch-015,15,-15,28.938,-41.367,13.938
yaw015_pitch-010,15,-10,25.964,-38.101,10.964
yaw015_pitch-005,15,-5,20.764,-35.848,5.764
yaw015_pitch+000,15,0,13.733,-30.637,1.267
yaw015_pitch+005,15,5,21.147,-25.067,6.147
yaw015_pitch+010,15,10,23.948,-15.182,8.948
yaw015_pitch+015,15,15,28.643,-9.519,13.643
yaw015_pitch+020,15,20,26.632,-7.480,11.632
yaw015_pitch+025,15,25,23.729,-7.418,8.729
yaw015_pitch+030,15,30,22.504,-7.321,7.504
yaw015_pitch+035,15,35,23.318,-1.311,8.318
yaw015_pitch+040,15,40,24.185,8.276,9.185
yaw015_pitch+045,15,45,20.841,17.328,5.841
yaw015_pitch+050,15,50,16.768,27.067,1.768
yaw015_pitch+055,15,55,8.179,44.020,6.821
yaw015_pitch+060,15,60,2.714,48.519,12.286
yaw015_pitch+065,15,65,359.701,60.822,15.299
yaw015_pitch+070,15,70,353.725,65.872,21.275
yaw015_pitch+075,15,75,354.111,72.816,20.889
yaw015_pitch+080,15,80,349.897,74.938,25.103
yaw015_pitch+085,15,85,344.673,79.939,30.327
yaw015_pitch+090,15,90,345.916,89.032,29.084
yaw020_pitch-090,20,-90,55.201,-87.873,35.201
yaw020_pitch-085,20,-85,54.324,-85.381,34.324
yaw020_pitch-080,20,-80,51.898,-78.722,31.898
yaw020_pitch-075,20,-75,49.052,-74.456,29.052
yaw020_pitch-070,20,-70,47.020,-66.586,27.020
yaw020_pitch-065,20,-65,44.839,-53.910,24.839
yaw020_pitch-060,20,-60,47.052,-47.207,27.052
yaw020_pitch-055,20,-55,47.521,-45.170,27.521
yaw020_pitch-050,20,-50,44.668,-43.545,24.668
yaw020_pitch-045,20,-45,45.321,-42.593,25.321
yaw020_pitch-040,20,-40,41.527,-43.169,21.527
yaw020_pitch-035,20,-35,38.768,-43.658,18.768
yaw020_pitch-030,20,-30,34.615,-43.424,14.615
yaw020_pitch-025,20,-25,31.219,-43.670,11.219
yaw020_pitch-020,20,-20,29.589,-43.770,9.589
yaw020_pitch-015,20,-15,27.968,-42.627,7.968
yaw020_pitch-010,20,-10,25.962,-40.533,5.962
yaw020_pitch-005,20,-5,21.906,-36.149,1.906
yaw020_pitch+000,20,0,18.380,-31.531,1.620
yaw020_pitch+005,20,5,24.595,-23.783,4.595
yaw020_pitch+010,20,10,29.558,-15.846,9.558
yaw020_pitch+015,20,15,31.603,-9.379,11.603
yaw020_pitch+020,20,20,28.602,-6.507,8.602
yaw020_pitch+025,20,25,23.861,-4.630,3.861
yaw020_pitch+030,20,30,24.157,-3.426,4.157
yaw020_pitch+035,20,35,24.734,-3.248,4.734
yaw020_pitch+040,20,40,24.542,5.099,4.542
yaw020_pitch+045,20,45,23.245,14.639,3.245
yaw020_pitch+050,20,50,18.695,32.525,1.305
yaw020_pitch+055,20,55,13.272,40.077,6.728
yaw020_pitch+060,20,60,6.864,49.701,13.136
yaw020_pitch+065,20,65,7.041,57.210,12.959
yaw020_pitch+070,20,70,2.973,64.219,17.027
yaw020_pitch+075,20,75,359.732,71.083,20.268
yaw020_pitch+080,20,80,354.343,74.648,25.657
yaw020_pitch+085,20,85,350.860,79.987,29.140
yaw020_pitch+090,20,90,350.389,87.163,29.611
yaw025_pitch-090,25,-90,61.306,-90.000,36.306
yaw025_pitch-085,25,-85,62.597,-81.672,37.597
yaw025_pitch-080,25,-80,57.102,-78.403,32.102
yaw025_pitch-075,25,-75,55.753,-74.345,30.753
yaw025_pitch-070,25,-70,51.188,-67.768,26.188
yaw025_pitch-065,25,-65,51.335,-55.935,26.335
yaw025_pitch-060,25,-60,49.987,-49.778,24.987
yaw025_pitch-055,25,-55,48.909,-49.627,23.909
yaw025_pitch-050,25,-50,48.541,-45.894,23.541
yaw025_pitch-045,25,-45,48.822,-41.381,23.822
yaw025_pitch-040,25,-40,45.372,-43.372,20.372
yaw025_pitch-035,25,-35,41.711,-44.059,16.711
yaw025_pitch-030,25,-30,39.110,-43.330,14.110
yaw025_pitch-025,25,-25,34.015,-45.513,9.015
yaw025_pitch-020,25,-20,31.930,-44.797,6.930
yaw025_pitch-015,25,-15,30.002,-43.912,5.002
yaw025_pitch-010,25,-10,26.930,-41.367,1.930
yaw025_pitch-005,25,-5,24.007,-37.668,0.993
yaw025_pitch+000,25,0,22.450,-32.444,2.550
yaw025_pitch+005,25,5,29.450,-21.178,4.450
yaw025_pitch+010,25,10,33.661,-15.230,8.661
yaw025_pitch+015,25,15,34.450,-5.785,9.450
yaw025_pitch+020,25,20,33.423,-5.078,8.423
yaw025_pitch+025,25,25,28.164,-4.592,3.164
yaw025_pitch+030,25,30,25.836,-2.989,0.836
yaw025_pitch+035,25,35,25.672,-0.973,0.672
yaw025_pitch+040,25,40,28.558,7.617,3.558
yaw025_pitch+045,25,45,25.841,12.551,0.841
yaw025_pitch+050,25,50,23.486,22.596,1.514
yaw025_pitch+055,25,55,17.437,36.374,7.563
yaw025_pitch+060,25,60,12.162,47.253,12.838
yaw025_pitch+065,25,65,9.820,53.738,15.180
yaw025_pitch+070,25,70,9.149,64.079,15.851
yaw025_pitch+075,25,75,2.032,71.843,22.968
yaw025_pitch+080,25,80,358.966,72.269,26.034
yaw025_pitch+085,25,85,354.837,81.755,30.163
yaw025_pitch+090,25,90,356.800,90.000,28.200
yaw030_pitch-090,30,-90,63.558,-84.163,33.558
yaw030_pitch-085,30,-85,68.536,-81.920,38.536
yaw030_pitch-080,30,-80,62.580,-78.196,32.580
yaw030_pitch-075,30,-75,62.513,-73.622,32.513
yaw030_pitch-070,30,-70,58.368,-67.591,28.368
yaw030_pitch-065,30,-65,58.067,-59.104,28.067
yaw030_pitch-060,30,-60,56.136,-49.600,26.136
yaw030_pitch-055,30,-55,54.310,-47.579,24.310
yaw030_pitch-050,30,-50,53.003,-48.695,23.003
yaw030_pitch-045,30,-45,50.767,-43.774,20.767
yaw030_pitch-040,30,-40,48.433,-46.765,18.433
yaw030_pitch-035,30,-35,45.544,-44.902,15.544
yaw030_pitch-030,30,-30,42.196,-43.704,12.196
yaw030_pitch-025,30,-25,37.848,-45.776,7.848
yaw030_pitch-020,30,-20,33.527,-48.747,3.527
yaw030_pitch-015,30,-15,30.285,-48.060,0.285
yaw030_pitch-010,30,-10,29.880,-43.460,0.120
yaw030_pitch-005,30,-5,27.650,-39.080,2.350
yaw030_pitch+000,30,0,28.184,-34.210,1.816
yaw030_pitch+005,30,5,33.360,-22.217,3.360
yaw030_pitch+010,30,10,35.512,-14.084,5.512
yaw030_pitch+015,30,15,36.102,-7.080,6.102
yaw030_pitch+020,30,20,35.466,-4.453,5.466
yaw030_pitch+025,30,25,32.427,-3.734,2.427
yaw030_pitch+030,30,30,29.912,-0.782,0.088
yaw030_pitch+035,30,35,29.280,1.811,0.720
yaw030_pitch+040,30,40,28.565,7.511,1.435
yaw030_pitch+045,30,45,28.928,13.824,1.072
yaw030_pitch+050,30,50,26.496,26.162,3.504
yaw030_pitch+055,30,55,20.121,36.315,9.879
yaw030_pitch+060,30,60,15.913,45.102,14.087
yaw030_pitch+065,30,65,13.110,50.663,16.890
yaw030_pitch+070,30,70,11.235,63.349,18.765
yaw030_pitch+075,30,75,4.373,69.605,25.627
yaw030_pitch+080,30,80,1.473,76.322,28.527
yaw030_pitch+085,30,85,359.103,83.260,30.897
yaw030_pitch+090,30,90,356.724,86.517,33.276
yaw035_pitch-090,35,-90,69.576,-86.467,34.576
yaw035_pitch-085,35,-85,71.324,-82.046,36.324
yaw035_pitch-080,35,-80,68.275,-80.256,33.275
yaw035_pitch-075,35,-75,67.896,-72.704,32.896
yaw035_pitch-070,35,-70,63.659,-72.240,28.659
yaw035_pitch-065,35,-65,60.918,-61.732,25.918
yaw035_pitch-060,35,-60,59.964,-53.696,24.964
yaw035_pitch-055,35,-55,58.992,-50.539,23.992
yaw035_pitch-050,35,-50,56.599,-48.779,21.599
yaw035_pitch-045,35,-45,55.841,-43.728,20.841
yaw035_pitch-040,35,-40,52.254,-44.499,17.254
yaw035_pitch-035,35,-35,49.901,-46.385,14.901
yaw035_pitch-030,35,-30,46.272,-44.987,11.272
yaw035_pitch-025,35,-25,41.615,-43.893,6.615
yaw035_pitch-020,35,-20,36.881,-48.605,1.881
yaw035_pitch-015,35,-15,33.187,-48.622,1.813
yaw035_pitch-010,35,-10,32.467,-45.628,2.533
yaw035_pitch-005,35,-5,32.151,-41.695,2.849
yaw035_pitch+000,35,0,30.478,-36.294,4.522
yaw035_pitch+005,35,5,33.983,-26.249,1.017
yaw035_pitch+010,35,10,36.912,-15.443,1.912
yaw035_pitch+015,35,15,37.901,-6.720,2.901
yaw035_pitch+020,35,20,37.469,-1.870,2.469
yaw035_pitch+025,35,25,33.688,-2.985,1.312
yaw035_pitch+030,35,30,32.505,0.327,2.495
yaw035_pitch+035,35,35,31.354,1.123,3.646
yaw035_pitch+040,35,40,30.461,10.199,4.539
yaw035_pitch+045,35,45,30.650,13.339,4.350
yaw035_pitch+050,35,50,28.558,23.526,6.442
yaw035_pitch+055,35,55,23.296,35.155,11.704
yaw035_pitch+060,35,60,18.914,44.615,16.086
yaw035_pitch+065,35,65,16.754,53.004,18.246
yaw035_pitch+070,35,70,13.504,61.054,21.496
yaw035_pitch+075,35,75,9.591,68.398,25.409
yaw035_pitch+080,35,80,4.288,76.880,30.712
yaw035_pitch+085,35,85,3.997,83.154,31.003
yaw035_pitch+090,35,90,1.128,90.000,33.872
yaw040_pitch-090,40,-90,73.840,-83.650,33.840
yaw040_pitch-085,40,-85,72.213,-83.916,32.213
yaw040_pitch-080,40,-80,71.986,-77.457,31.986
yaw040_pitch-075,40,-75,70.886,-71.820,30.886
yaw040_pitch-070,40,-70,66.234,-68.809,26.234
yaw040_pitch-065,40,-65,63.319,-63.956,23.319
yaw040_pitch-060,40,-60,61.886,-58.243,21.886
yaw040_pitch-055,40,-55,62.150,-47.900,22.150
yaw040_pitch-050,40,-50,61.543,-45.438,21.543
yaw040_pitch-045,40,-45,60.811,-41.076,20.811
yaw040_pitch-040,40,-40,57.465,-42.818,17.465
yaw040_pitch-035,40,-35,55.176,-43.791,15.176
yaw040_pitch-030,40,-30,50.308,-45.349,10.308
yaw040_pitch-025,40,-25,48.883,-45.785,8.883
yaw040_pitch-020,40,-20,44.781,-47.761,4.781
yaw040_pitch-015,40,-15,39.218,-46.635,0.782
yaw040_pitch-010,40,-10,38.087,-43.113,1.913
yaw040_pitch-005,40,-5,37.306,-40.962,2.694
yaw040_pitch+000,40,0,34.471,-37.671,5.529
yaw040_pitch+005,40,5,36.493,-27.928,3.507
yaw040_pitch+010,40,10,38.848,-14.917,1.152
yaw040_pitch+015,40,15,39.683,-8.012,0.317
yaw040_pitch+020,40,20,39.262,-1.843,0.738
yaw040_pitch+025,40,25,36.476,-2.901,3.524
yaw040_pitch+030,40,30,35.833,2.780,4.167
yaw040_pitch+035,40,35,34.276,1.473,5.724
yaw040_pitch+040,40,40,32.996,8.009,7.004
yaw040_pitch+045,40,45,31.546,10.538,8.454
yaw040_pitch+050,40,50,31.291,21.945,8.709
yaw040_pitch+055,40,55,26.046,32.178,13.954
yaw040_pitch+060,40,60,21.957,41.714,18.043
yaw040_pitch+065,40,65,19.806,50.786,20.194
yaw040_pitch+070,40,70,12.440,56.266,27.560
yaw040_pitch+075,40,75,10.895,70.032,29.105
yaw040_pitch+080,40,80,9.969,77.872,30.031
yaw040_pitch+085,40,85,10.288,83.910,29.712
yaw040_pitch+090,40,90,11.095,90.000,28.905
yaw045_pitch-090,45,-90,79.910,-86.679,34.910
yaw045_pitch-085,45,-85,75.519,-83.734,30.519
yaw045_pitch-080,45,-80,74.925,-76.172,29.925
yaw045_pitch-075,45,-75,72.564,-74.300,27.564
yaw045_pitch-070,45,-70,68.892,-72.034,23.892
yaw045_pitch-065,45,-65,65.911,-63.327,20.911
yaw045_pitch-060,45,-60,64.470,-56.704,19.470
yaw045_pitch-055,45,-55,64.824,-46.769,19.824
yaw045_pitch-050,45,-50,68.168,-41.072,23.168
yaw045_pitch-045,45,-45,63.950,-41.652,18.950
yaw045_pitch-040,45,-40,62.480,-41.173,17.480
yaw045_pitch-035,45,-35,63.643,-44.215,18.643
yaw045_pitch-030,45,-30,60.464,-46.353,15.464
yaw045_pitch-025,45,-25,58.455,-47.624,13.455
yaw045_pitch-020,45,-20,53.574,-46.542,8.574
yaw045_pitch-015,45,-15,47.733,-45.229,2.733
yaw045_pitch-010,45,-10,45.421,-43.018,0.421
yaw045_pitch-005,45,-5,43.963,-40.318,1.037
yaw045_pitch+000,45,0,41.441,-37.513,3.559
yaw045_pitch+005,45,5,41.265,-28.319,3.735
yaw045_pitch+010,45,10,41.470,-17.268,3.530
yaw045_pitch+015,45,15,41.034,-9.262,3.966
yaw045_pitch+020,45,20,40.555,-2.186,4.445
yaw045_pitch+025,45,25,38.834,-3.315,6.166
yaw045_pitch+030,45,30,37.318,1.782,7.682
yaw045_pitch+035,45,35,35.576,2.460,9.424
yaw045_pitch+040,45,40,34.619,7.147,10.381
yaw045_pitch+045,45,45,34.939,12.527,10.061
yaw045_pitch+050,45,50,33.863,19.767,11.137
yaw045_pitch+055,45,55,27.555,32.648,17.445
yaw045_pitch+060,45,60,22.522,41.184,22.478
yaw045_pitch+065,45,65,18.669,48.613,26.331
yaw045_pitch+070,45,70,15.354,57.532,29.646
yaw045_pitch+075,45,75,12.804,69.414,32.196
yaw045_pitch+080,45,80,13.735,78.730,31.265
yaw045_pitch+085,45,85,12.842,85.690,32.158
yaw045_pitch+090,45,90,13.174,89.991,31.826
yaw050_pitch-090,50,-90,82.327,-84.702,32.327
yaw050_pitch-085,50,-85,80.983,-85.420,30.983
yaw050_pitch-080,50,-80,80.125,-77.662,30.125
yaw050_pitch-075,50,-75,75.153,-74.876,25.153
yaw050_pitch-070,50,-70,71.608,-72.005,21.608
yaw050_pitch-065,50,-65,67.877,-65.093,17.877
yaw050_pitch-060,50,-60,67.912,-57.801,17.912
yaw050_pitch-055,50,-55,68.990,-46.421,18.990
yaw050_pitch-050,50,-50,70.123,-38.472,20.123
yaw050_pitch-045,50,-45,70.159,-42.068,20.159
yaw050_pitch-040,50,-40,68.868,-41.374,18.868
yaw050_pitch-035,50,-35,70.822,-44.607,20.822
yaw050_pitch-030,50,-30,74.740,-45.734,24.740
yaw050_pitch-025,50,-25,74.423,-49.502,24.423
yaw050_pitch-020,50,-20,69.642,-44.894,19.642
yaw050_pitch-015,50,-15,62.224,-42.432,12.224
yaw050_pitch-010,50,-10,58.799,-42.911,8.799
yaw050_pitch-005,50,-5,53.920,-38.508,3.920
yaw050_pitch+000,50,0,50.348,-37.480,0.348
yaw050_pitch+005,50,5,45.790,-27.202,4.210
yaw050_pitch+010,50,10,43.898,-16.898,6.102
yaw050_pitch+015,50,15,42.815,-10.212,7.185
yaw050_pitch+020,50,20,42.066,-3.785,7.934
yaw050_pitch+025,50,25,42.022,-1.912,7.978
yaw050_pitch+030,50,30,40.451,1.229,9.549
yaw050_pitch+035,50,35,37.949,2.118,12.051
yaw050_pitch+040,50,40,37.241,9.058,12.759
yaw050_pitch+045,50,45,36.301,9.260,13.699
yaw050_pitch+050,50,50,33.622,19.898,16.378
yaw050_pitch+055,50,55,27.898,27.116,22.102
yaw050_pitch+060,50,60,23.589,38.579,26.411
yaw050_pitch+065,50,65,20.184,46.419,29.816
yaw050_pitch+070,50,70,16.843,55.872,33.157
yaw050_pitch+075,50,75,13.898,71.263,36.102
yaw050_pitch+080,50,80,14.651,77.729,35.349
yaw050_pitch+085,50,85,14.147,83.435,35.853
yaw050_pitch+090,50,90,17.342,90.000,32.658
yaw055_pitch-090,55,-90,87.289,-87.220,32.289
yaw055_pitch-085,55,-85,85.001,-84.541,30.001
yaw055_pitch-080,55,-80,83.487,-80.155,28.487
yaw055_pitch-075,55,-75,78.772,-74.563,23.772
yaw055_pitch-070,55,-70,74.640,-71.062,19.640
yaw055_pitch-065,55,-65,70.852,-62.387,15.852
yaw055_pitch-060,55,-60,71.445,-56.599,16.445
yaw055_pitch-055,55,-55,73.026,-50.045,18.026
yaw055_pitch-050,55,-50,72.282,-41.350,17.282
yaw055_pitch-045,55,-45,73.787,-43.651,18.787
yaw055_pitch-040,55,-40,77.646,-45.044,22.646
yaw055_pitch-035,55,-35,78.889,-44.582,23.889
yaw055_pitch-030,55,-30,85.132,-48.469,30.132
yaw055_pitch-025,55,-25,82.976,-47.173,27.976
yaw055_pitch-020,55,-20,82.558,-43.244,27.558
yaw055_pitch-015,55,-15,78.564,-43.188,23.564
yaw055_pitch-010,55,-10,69.607,-41.315,14.607
yaw055_pitch-005,55,-5,66.544,-37.565,11.544
yaw055_pitch+000,55,0,62.237,-34.757,7.237
yaw055_pitch+005,55,5,52.255,-29.109,2.745
yaw055_pitch+010,55,10,48.549,-17.376,6.451
yaw055_pitch+015,55,15,45.210,-8.442,9.790
yaw055_pitch+020,55,20,45.041,-2.934,9.959
yaw055_pitch+025,55,25,43.988,-2.197,11.012
yaw055_pitch+030,55,30,43.664,0.964,11.336
yaw055_pitch+035,55,35,41.016,2.313,13.984
yaw055_pitch+040,55,40,39.221,9.798,15.779
yaw055_pitch+045,55,45,38.284,12.357,16.716
yaw055_pitch+050,55,50,33.483,19.327,21.517
yaw055_pitch+055,55,55,29.048,31.778,25.952
yaw055_pitch+060,55,60,25.187,38.922,29.813
yaw055_pitch+065,55,65,23.069,46.560,31.931
yaw055_pitch+070,55,70,17.061,53.116,37.939
yaw055_pitch+075,55,75,16.455,70.796,38.545
yaw055_pitch+080,55,80,16.672,75.153,38.328
yaw055_pitch+085,55,85,24.075,84.064,30.925
yaw055_pitch+090,55,90,20.705,90.000,34.295
yaw060_pitch-090,60,-90,92.986,-87.085,32.986
yaw060_pitch-085,60,-85,91.533,-79.248,31.533
yaw060_pitch-080,60,-80,89.955,-83.577,29.955
yaw060_pitch-075,60,-75,84.145,-77.397,24.145
yaw060_pitch-070,60,-70,78.155,-70.802,18.155
yaw060_pitch-065,60,-65,76.381,-60.910,16.381
yaw060_pitch-060,60,-60,78.596,-57.042,18.596
yaw060_pitch-055,60,-55,77.488,-47.227,17.488
yaw060_pitch-050,60,-50,77.251,-40.898,17.251
yaw060_pitch-045,60,-45,80.228,-44.110,20.228
yaw060_pitch-040,60,-40,82.541,-44.980,22.541
yaw060_pitch-035,60,-35,89.969,-43.363,29.969
yaw060_pitch-030,60,-30,91.363,-45.728,31.363
yaw060_pitch-025,60,-25,98.050,-45.408,38.050
yaw060_pitch-020,60,-20,99.631,-43.865,39.631
yaw060_pitch-015,60,-15,89.446,-42.028,29.446
yaw060_pitch-010,60,-10,92.555,-40.812,32.555
yaw060_pitch-005,60,-5,80.217,-38.455,20.217
yaw060_pitch+000,60,0,68.165,-35.191,8.165
yaw060_pitch+005,60,5,59.874,-27.727,0.126
yaw060_pitch+010,60,10,54.503,-18.578,5.497
yaw060_pitch+015,60,15,49.374,-9.474,10.626
yaw060_pitch+020,60,20,48.752,-3.279,11.248
yaw060_pitch+025,60,25,48.706,-2.180,11.294
yaw060_pitch+030,60,30,48.669,2.509,11.331
yaw060_pitch+035,60,35,43.248,2.351,16.752
yaw060_pitch+040,60,40,39.080,6.028,20.920
yaw060_pitch+045,60,45,38.632,15.523,21.368
yaw060_pitch+050,60,50,34.009,24.765,25.991
yaw060_pitch+055,60,55,31.339,32.396,28.661
yaw060_pitch+060,60,60,29.269,41.032,30.731
yaw060_pitch+065,60,65,27.572,53.610,32.428
yaw060_pitch+070,60,70,26.870,62.558,33.130
yaw060_pitch+075,60,75,18.562,70.061,41.438
yaw060_pitch+080,60,80,17.199,73.713,42.801
yaw060_pitch+085,60,85,27.255,86.657,32.745
yaw060_pitch+090,60,90,24.339,90.000,35.661
yaw065_pitch-090,65,-90,98.234,-82.617,33.234
yaw065_pitch-085,65,-85,95.380,-83.289,30.380
yaw065_pitch-080,65,-80,94.362,-79.080,29.362
yaw065_pitch-075,65,-75,92.414,-71.557,27.414
yaw065_pitch-070,65,-70,88.063,-68.348,23.063
yaw065_pitch-065,65,-65,86.471,-62.972,21.471
yaw065_pitch-060,65,-60,84.761,-54.721,19.761
yaw065_pitch-055,65,-55,85.574,-51.838,20.574
yaw065_pitch-050,65,-50,85.635,-43.903,20.635
yaw065_pitch-045,65,-45,84.628,-42.056,19.628
yaw065_pitch-040,65,-40,89.708,-43.983,24.708
yaw065_pitch-035,65,-35,95.019,-42.579,30.019
yaw065_pitch-030,65,-30,102.086,-43.829,37.086
yaw065_pitch-025,65,-25,105.234,-44.934,40.234
yaw065_pitch-020,65,-20,107.514,-45.849,42.514
yaw065_pitch-015,65,-15,101.207,-43.199,36.207
yaw065_pitch-010,65,-10,92.768,-41.783,27.768
yaw065_pitch-005,65,-5,87.518,-36.141,22.518
yaw065_pitch+000,65,0,78.474,-33.805,13.474
yaw065_pitch+005,65,5,63.918,-27.602,1.082
yaw065_pitch+010,65,10,60.647,-14.168,4.353
yaw065_pitch+015,65,15,56.324,-9.309,8.676
yaw065_pitch+020,65,20,53.945,-3.547,11.055
yaw065_pitch+025,65,25,56.721,-4.205,8.279
yaw065_pitch+030,65,30,55.109,-0.083,9.891
yaw065_pitch+035,65,35,48.401,3.829,16.599
yaw065_pitch+040,65,40,44.055,9.618,20.945
yaw065_pitch+045,65,45,39.058,17.276,25.942
yaw065_pitch+050,65,50,35.295,38.166,29.705
yaw065_pitch+055,65,55,34.514,39.268,30.486
yaw065_pitch+060,65,60,32.210,49.361,32.790
yaw065_pitch+065,65,65,29.287,52.821,35.713
yaw065_pitch+070,65,70,26.376,58.117,38.624
yaw065_pitch+075,65,75,26.783,71.856,38.217
yaw065_pitch+080,65,80,29.132,78.574,35.868
yaw065_pitch+085,65,85,33.105,88.001,31.895
yaw065_pitch+090,65,90,31.177,90.000,33.823
yaw070_pitch-090,70,-90,104.468,-85.947,34.468
yaw070_pitch-085,70,-85,101.525,-84.743,31.525
yaw070_pitch-080,70,-80,100.751,-78.078,30.751
yaw070_pitch-075,70,-75,99.557,-73.469,29.557
yaw070_pitch-070,70,-70,97.076,-66.765,27.076
yaw070_pitch-065,70,-65,96.600,-63.119,26.600
yaw070_pitch-060,70,-60,93.667,-54.222,23.667
yaw070_pitch-055,70,-55,95.227,-52.668,25.227
yaw070_pitch-050,70,-50,92.031,-46.739,22.031
yaw070_pitch-045,70,-45,95.182,-43.789,25.182
yaw070_pitch-040,70,-40,100.638,-44.488,30.638
yaw070_pitch-035,70,-35,105.071,-45.653,35.071
yaw070_pitch-030,70,-30,112.876,-47.004,42.876
yaw070_pitch-025,70,-25,111.615,-47.805,41.615
yaw070_pitch-020,70,-20,120.882,-51.777,50.882
yaw070_pitch-015,70,-15,111.645,-46.505,41.645
yaw070_pitch-010,70,-10,97.233,-42.581,27.233
yaw070_pitch-005,70,-5,94.623,-39.751,24.623
yaw070_pitch+000,70,0,84.397,-31.255,14.397
yaw070_pitch+005,70,5,74.355,-28.291,4.355
yaw070_pitch+010,70,10,68.698,-17.014,1.302
yaw070_pitch+015,70,15,65.390,-10.835,4.610
yaw070_pitch+020,70,20,64.973,-3.572,5.027
yaw070_pitch+025,70,25,70.032,-7.227,0.032
yaw070_pitch+030,70,30,68.939,-1.248,1.061
yaw070_pitch+035,70,35,62.298,1.752,7.702
yaw070_pitch+040,70,40,49.188,12.486,20.812
yaw070_pitch+045,70,45,40.176,31.694,29.824
yaw070_pitch+050,70,50,35.022,37.073,34.978
yaw070_pitch+055,70,55,37.558,44.308,32.442
yaw070_pitch+060,70,60,36.080,53.273,33.920
yaw070_pitch+065,70,65,31.978,54.303,38.022
yaw070_pitch+070,70,70,28.864,58.472,41.136
yaw070_pitch+075,70,75,30.605,68.574,39.395
yaw070_pitch+080,70,80,33.509,77.152,36.491
yaw070_pitch+085,70,85,37.156,82.642,32.844
yaw070_pitch+090,70,90,38.920,85.564,31.080
yaw075_pitch-090,75,-90,104.093,-89.168,29.093
yaw075_pitch-085,75,-85,105.482,-83.175,30.482
yaw075_pitch-080,75,-80,106.476,-81.226,31.476
yaw075_pitch-075,75,-75,106.819,-76.746,31.819
yaw075_pitch-070,75,-70,104.932,-66.857,29.932
yaw075_pitch-065,75,-65,104.197,-62.609,29.197
yaw075_pitch-060,75,-60,102.743,-58.001,27.743
yaw075_pitch-055,75,-55,100.766,-51.397,25.766
yaw075_pitch-050,75,-50,102.714,-49.730,27.714
yaw075_pitch-045,75,-45,101.519,-47.160,26.519
yaw075_pitch-040,75,-40,103.523,-47.843,28.523
yaw075_pitch-035,75,-35,110.783,-44.883,35.783
yaw075_pitch-030,75,-30,110.631,-48.802,35.631
yaw075_pitch-025,75,-25,115.218,-50.589,40.218
yaw075_pitch-020,75,-20,118.208,-51.392,43.208
yaw075_pitch-015,75,-15,116.296,-47.083,41.296
yaw075_pitch-010,75,-10,104.165,-43.531,29.165
yaw075_pitch-005,75,-5,98.700,-35.471,23.700
yaw075_pitch+000,75,0,86.434,-30.408,11.434
yaw075_pitch+005,75,5,84.759,-28.409,9.759
yaw075_pitch+010,75,10,77.322,-14.695,2.322
yaw075_pitch+015,75,15,76.558,-6.924,1.558
yaw075_pitch+020,75,20,83.783,-6.160,8.783
yaw075_pitch+025,75,25,82.955,-6.305,7.955
yaw075_pitch+030,75,30,91.847,-1.458,16.847
yaw075_pitch+035,75,35,79.780,3.125,4.780
yaw075_pitch+040,75,40,60.546,14.008,14.454
yaw075_pitch+045,75,45,46.655,25.583,28.345
yaw075_pitch+050,75,50,38.376,45.856,36.624
yaw075_pitch+055,75,55,44.384,48.781,30.616
yaw075_pitch+060,75,60,41.754,52.555,33.246
yaw075_pitch+065,75,65,39.840,54.508,35.160
yaw075_pitch+070,75,70,34.651,60.068,40.349
yaw075_pitch+075,75,75,35.305,67.499,39.695
yaw075_pitch+080,75,80,37.739,75.187,37.261
yaw075_pitch+085,75,85,42.436,77.673,32.564
yaw075_pitch+090,75,90,44.495,86.551,30.505
yaw080_pitch-090,80,-90,108.756,-90.000,28.756
yaw080_pitch-085,80,-85,108.287,-79.625,28.287
yaw080_pitch-080,80,-80,110.370,-79.309,30.370
yaw080_pitch-075,80,-75,109.291,-72.258,29.291
yaw080_pitch-070,80,-70,106.035,-65.607,26.035
yaw080_pitch-065,80,-65,107.190,-60.334,27.190
yaw080_pitch-060,80,-60,108.103,-53.991,28.103
yaw080_pitch-055,80,-55,108.095,-52.179,28.095
yaw080_pitch-050,80,-50,104.350,-49.949,24.350
yaw080_pitch-045,80,-45,105.875,-50.218,25.875
yaw080_pitch-040,80,-40,106.339,-49.687,26.339
yaw080_pitch-035,80,-35,110.116,-49.406,30.116
yaw080_pitch-030,80,-30,114.537,-50.347,34.537
yaw080_pitch-025,80,-25,115.926,-54.127,35.926
yaw080_pitch-020,80,-20,119.887,-51.566,39.887
yaw080_pitch-015,80,-15,114.749,-47.124,34.749
yaw080_pitch-010,80,-10,112.807,-44.050,32.807
yaw080_pitch-005,80,-5,102.913,-36.561,22.913
yaw080_pitch+000,80,0,93.683,-26.518,13.683
yaw080_pitch+005,80,5,84.701,-21.796,4.701
yaw080_pitch+010,80,10,86.720,-12.104,6.720
yaw080_pitch+015,80,15,86.941,-10.975,6.941
yaw080_pitch+020,80,20,94.816,-6.562,14.816
yaw080_pitch+025,80,25,95.309,-4.754,15.309
yaw080_pitch+030,80,30,94.980,-1.314,14.980
yaw080_pitch+035,80,35,80.627,7.222,0.627
yaw080_pitch+040,80,40,64.181,22.610,15.819
yaw080_pitch+045,80,45,56.603,42.794,23.397
yaw080_pitch+050,80,50,49.856,44.533,30.144
yaw080_pitch+055,80,55,53.573,46.184,26.427
yaw080_pitch+060,80,60,48.445,52.914,31.555
yaw080_pitch+065,80,65,48.572,56.957,31.428
yaw080_pitch+070,80,70,46.252,60.238,33.748
yaw080_pitch+075,80,75,47.516,66.324,32.484
yaw080_pitch+080,80,80,46.767,73.210,33.233
yaw080_pitch+085,80,85,48.626,77.561,31.374
yaw080_pitch+090,80,90,54.223,87.763,25.777
yaw085_pitch-090,85,-90,115.256,-84.605,30.256
yaw085_pitch-085,85,-85,111.579,-83.534,26.579
yaw085_pitch-080,85,-80,111.028,-76.060,26.028
yaw085_pitch-075,85,-75,108.886,-73.373,23.886
yaw085_pitch-070,85,-70,110.843,-66.030,25.843
yaw085_pitch-065,85,-65,109.766,-60.555,24.766
yaw085_pitch-060,85,-60,110.694,-55.807,25.694
yaw085_pitch-055,85,-55,111.949,-54.585,26.949
yaw085_pitch-050,85,-50,111.928,-52.596,26.928
yaw085_pitch-045,85,-45,109.976,-50.980,24.976
yaw085_pitch-040,85,-40,111.502,-51.876,26.502
yaw085_pitch-035,85,-35,114.855,-52.197,29.855
yaw085_pitch-030,85,-30,115.714,-53.475,30.714
yaw085_pitch-025,85,-25,118.472,-54.413,33.472
yaw085_pitch-020,85,-20,120.688,-53.449,35.688
yaw085_pitch-015,85,-15,117.685,-51.782,32.685
yaw085_pitch-010,85,-10,114.296,-48.417,29.296
yaw085_pitch-005,85,-5,105.424,-36.849,20.424
yaw085_pitch+000,85,0,98.180,-27.788,13.180
yaw085_pitch+005,85,5,94.384,-20.043,9.384
yaw085_pitch+010,85,10,93.499,-11.732,8.499
yaw085_pitch+015,85,15,95.000,-7.934,10.000
yaw085_pitch+020,85,20,96.527,-5.366,11.527
yaw085_pitch+025,85,25,92.970,-3.514,7.970
yaw085_pitch+030,85,30,88.288,8.552,3.288
yaw085_pitch+035,85,35,82.548,17.122,2.452
yaw085_pitch+040,85,40,75.616,26.116,9.384
yaw085_pitch+045,85,45,65.188,37.324,19.812
yaw085_pitch+050,85,50,64.585,45.043,20.415
yaw085_pitch+055,85,55,62.816,53.553,22.184
yaw085_pitch+060,85,60,63.014,54.065,21.986
yaw085_pitch+065,85,65,61.789,59.378,23.211
yaw085_pitch+070,85,70,54.320,62.836,30.680
yaw085_pitch+075,85,75,53.206,66.130,31.794
yaw085_pitch+080,85,80,51.999,73.159,33.001
yaw085_pitch+085,85,85,54.760,82.058,30.240
yaw085_pitch+090,85,90,56.402,87.599,28.598
yaw090_pitch-090,90,-90,122.197,-85.414,32.197
yaw090_pitch-085,90,-85,121.516,-83.818,31.516
yaw090_pitch-080,90,-80,120.864,-80.336,30.864
yaw090_pitch-075,90,-75,119.946,-72.772,29.946
yaw090_pitch-070,90,-70,122.570,-68.232,32.570
yaw090_pitch-065,90,-65,120.767,-60.760,30.767
yaw090_pitch-060,90,-60,117.909,-55.883,27.909
yaw090_pitch-055,90,-55,115.158,-49.694,25.158
yaw090_pitch-050,90,-50,117.012,-49.048,27.012
yaw090_pitch-045,90,-45,117.780,-51.494,27.780
yaw090_pitch-040,90,-40,117.135,-53.657,27.135
yaw090_pitch-035,90,-35,119.811,-56.088,29.811
yaw090_pitch-030,90,-30,119.518,-56.395,29.518
yaw090_pitch-025,90,-25,121.568,-56.852,31.568
yaw090_pitch-020,90,-20,124.705,-55.778,34.705
yaw090_pitch-015,90,-15,121.523,-52.891,31.523
yaw090_pitch-010,90,-10,114.999,-46.906,24.999
yaw090_pitch-005,90,-5,108.561,-35.606,18.561
yaw090_pitch+000,90,0,106.073,-26.034,16.073
yaw090_pitch+005,90,5,93.676,-21.986,3.676
yaw090_pitch+010,90,10,94.492,-9.080,4.492
yaw090_pitch+015,90,15,94.377,-5.987,4.377
yaw090_pitch+020,90,20,96.462,-1.830,6.462
yaw090_pitch+025,90,25,89.664,9.703,0.336
yaw090_pitch+030,90,30,87.664,16.193,2.336
yaw090_pitch+035,90,35,87.130,22.317,2.870
yaw090_pitch+040,90,40,84.892,33.724,5.108
yaw090_pitch+045,90,45,81.362,40.374,8.638
yaw090_pitch+050,90,50,79.590,45.628,10.410
yaw090_pitch+055,90,55,73.336,50.047,16.664
yaw090_pitch+060,90,60,70.219,59.431,19.781
yaw090_pitch+065,90,65,67.127,61.365,22.873
yaw090_pitch+070,90,70,62.183,63.121,27.817
yaw090_pitch+075,90,75,61.588,65.478,28.412
yaw090_pitch+080,90,80,61.455,77.027,28.545
yaw090_pitch+085,90,85,63.237,83.405,26.763
yaw090_pitch+090,90,90,58.285,89.972,31.715
yaw095_pitch-090,95,-90,127.144,-85.200,32.144
yaw095_pitch-085,95,-85,129.958,-84.669,34.958
yaw095_pitch-080,95,-80,130.193,-78.223,35.193
yaw095_pitch-075,95,-75,130.100,-73.714,35.100
yaw095_pitch-070,95,-70,130.258,-68.647,35.258
yaw095_pitch-065,95,-65,129.796,-62.714,34.796
yaw095_pitch-060,95,-60,125.629,-53.375,30.629
yaw095_pitch-055,95,-55,124.539,-48.835,29.539
yaw095_pitch-050,95,-50,123.293,-48.749,28.293
yaw095_pitch-045,95,-45,121.671,-48.689,26.671
yaw095_pitch-040,95,-40,126.619,-49.812,31.619
yaw095_pitch-035,95,-35,125.855,-54.892,30.855
yaw095_pitch-030,95,-30,126.296,-56.641,31.296
yaw095_pitch-025,95,-25,125.649,-56.314,30.649
yaw095_pitch-020,95,-20,127.668,-55.016,32.668
yaw095_pitch-015,95,-15,123.723,-51.652,28.723
yaw095_pitch-010,95,-10,117.656,-44.871,22.656
yaw095_pitch-005,95,-5,112.170,-39.722,17.170
yaw095_pitch+000,95,0,108.775,-28.444,13.775
yaw095_pitch+005,95,5,102.413,-25.543,7.413
yaw095_pitch+010,95,10,101.596,-15.344,6.596
yaw095_pitch+015,95,15,98.309,-8.589,3.309
yaw095_pitch+020,95,20,94.212,1.560,0.788
yaw095_pitch+025,95,25,93.070,9.573,1.930
yaw095_pitch+030,95,30,90.183,14.290,4.817
yaw095_pitch+035,95,35,88.891,23.055,6.109
yaw095_pitch+040,95,40,92.959,30.380,2.041
yaw095_pitch+045,95,45,92.058,36.457,2.942
yaw095_pitch+050,95,50,84.734,41.102,10.266
yaw095_pitch+055,95,55,82.068,50.125,12.932
yaw095_pitch+060,95,60,79.834,56.467,15.166
yaw095_pitch+065,95,65,72.459,65.464,22.541
yaw095_pitch+070,95,70,68.090,68.416,26.910
yaw095_pitch+075,95,75,69.491,69.322,25.509
yaw095_pitch+080,95,80,66.166,77.295,28.834
yaw095_pitch+085,95,85,66.181,80.316,28.819
yaw095_pitch+090,95,90,64.315,88.002,30.685
yaw100_pitch-090,100,-90,130.274,-83.655,30.274
yaw100_pitch-085,100,-85,130.226,-85.847,30.226
yaw100_pitch-080,100,-80,133.995,-83.103,33.995
yaw100_pitch-075,100,-75,138.339,-75.607,38.339
yaw100_pitch-070,100,-70,141.857,-66.213,41.857
yaw100_pitch-065,100,-65,139.023,-59.764,39.023
yaw100_pitch-060,100,-60,134.714,-54.601,34.714
yaw100_pitch-055,100,-55,131.562,-51.385,31.562
yaw100_pitch-050,100,-50,126.828,-46.071,26.828
yaw100_pitch-045,100,-45,128.818,-46.949,28.818
yaw100_pitch-040,100,-40,126.964,-48.369,26.964
yaw100_pitch-035,100,-35,127.051,-52.298,27.051
yaw100_pitch-030,100,-30,130.391,-53.470,30.391
yaw100_pitch-025,100,-25,129.167,-55.576,29.167
yaw100_pitch-020,100,-20,126.983,-54.278,26.983
yaw100_pitch-015,100,-15,124.662,-50.789,24.662
yaw100_pitch-010,100,-10,118.818,-45.495,18.818
yaw100_pitch-005,100,-5,113.586,-41.535,13.586
yaw100_pitch+000,100,0,113.291,-35.736,13.291
yaw100_pitch+005,100,5,108.120,-28.217,8.120
yaw100_pitch+010,100,10,108.763,-20.877,8.763
yaw100_pitch+015,100,15,98.747,-6.261,1.253
yaw100_pitch+020,100,20,96.319,-0.543,3.681
yaw100_pitch+025,100,25,94.554,7.967,5.446
yaw100_pitch+030,100,30,97.181,9.850,2.819
yaw100_pitch+035,100,35,97.200,17.416,2.800
yaw100_pitch+040,100,40,99.807,23.794,0.193
yaw100_pitch+045,100,45,96.225,39.925,3.775
yaw100_pitch+050,100,50,91.804,36.730,8.196
yaw100_pitch+055,100,55,88.533,48.116,11.467
yaw100_pitch+060,100,60,77.973,57.470,22.027
yaw100_pitch+065,100,65,74.898,62.549,25.102
yaw100_pitch+070,100,70,71.342,72.540,28.658
yaw100_pitch+075,100,75,78.304,73.636,21.696
yaw100_pitch+080,100,80,78.014,78.692,21.986
yaw100_pitch+085,100,85,70.258,80.357,29.742
yaw100_pitch+090,100,90,80.481,86.738,19.519
yaw105_pitch-090,105,-90,142.515,-90.000,37.515
yaw105_pitch-085,105,-85,137.688,-88.030,32.688
yaw105_pitch-080,105,-80,142.750,-79.313,37.750
yaw105_pitch-075,105,-75,147.751,-75.170,42.751
yaw105_pitch-070,105,-70,153.165,-67.739,48.165
yaw105_pitch-065,105,-65,148.451,-60.643,43.451
yaw105_pitch-060,105,-60,140.426,-55.847,35.426
yaw105_pitch-055,105,-55,136.189,-49.428,31.189
yaw105_pitch-050,105,-50,132.489,-48.181,27.489
yaw105_pitch-045,105,-45,132.690,-47.225,27.690
yaw105_pitch-040,105,-40,132.169,-47.001,27.169
yaw105_pitch-035,105,-35,132.443,-52.224,27.443
yaw105_pitch-030,105,-30,130.640,-52.604,25.640
yaw105_pitch-025,105,-25,131.515,-53.755,26.515
yaw105_pitch-020,105,-20,128.357,-51.186,23.357
yaw105_pitch-015,105,-15,119.978,-47.296,14.978
yaw105_pitch-010,105,-10,117.475,-47.811,12.475
yaw105_pitch-005,105,-5,112.928,-41.530,7.928
yaw105_pitch+000,105,0,116.180,-40.342,11.180
yaw105_pitch+005,105,5,112.363,-34.509,7.363
yaw105_pitch+010,105,10,113.335,-18.866,8.335
yaw105_pitch+015,105,15,104.387,-9.290,0.613
yaw105_pitch+020,105,20,100.449,-2.399,4.551
yaw105_pitch+025,105,25,100.325,1.508,4.675
yaw105_pitch+030,105,30,101.086,3.600,3.914
yaw105_pitch+035,105,35,101.664,9.863,3.336
yaw105_pitch+040,105,40,103.478,19.593,1.522
yaw105_pitch+045,105,45,102.172,25.524,2.828
yaw105_pitch+050,105,50,100.037,33.576,4.963
yaw105_pitch+055,105,55,90.624,50.426,14.376
yaw105_pitch+060,105,60,87.790,62.079,17.210
yaw105_pitch+065,105,65,79.829,67.870,25.171
yaw105_pitch+070,105,70,75.359,71.939,29.641
yaw105_pitch+075,105,75,75.112,76.027,29.888
yaw105_pitch+080,105,80,75.687,78.446,29.313
yaw105_pitch+085,105,85,77.231,81.788,27.769
yaw105_pitch+090,105,90,80.107,86.990,24.893
yaw110_pitch-090,110,-90,142.811,-89.140,32.811
yaw110_pitch-085,110,-85,146.218,-87.826,36.218
yaw110_pitch-080,110,-80,151.796,-75.991,41.796
yaw110_pitch-075,110,-75,155.174,-66.821,45.174
yaw110_pitch-070,110,-70,156.990,-62.060,46.990
yaw110_pitch-065,110,-65,154.935,-63.087,44.935
yaw110_pitch-060,110,-60,148.740,-57.047,38.740
yaw110_pitch-055,110,-55,140.307,-49.445,30.307
yaw110_pitch-050,110,-50,137.410,-46.700,27.410
yaw110_pitch-045,110,-45,134.910,-46.549,24.910
yaw110_pitch-040,110,-40,134.757,-49.179,24.757
yaw110_pitch-035,110,-35,134.402,-50.858,24.402
yaw110_pitch-030,110,-30,133.746,-52.184,23.746
yaw110_pitch-025,110,-25,130.777,-51.188,20.777
yaw110_pitch-020,110,-20,127.157,-49.917,17.157
yaw110_pitch-015,110,-15,121.352,-46.920,11.352
yaw110_pitch-010,110,-10,117.589,-46.579,7.589
yaw110_pitch-005,110,-5,109.500,-43.708,0.500
yaw110_pitch+000,110,0,113.281,-42.868,3.281
yaw110_pitch+005,110,5,113.395,-35.939,3.395
yaw110_pitch+010,110,10,113.474,-19.743,3.474
yaw110_pitch+015,110,15,102.660,-6.516,7.340
yaw110_pitch+020,110,20,100.946,1.419,9.054
yaw110_pitch+025,110,25,101.756,0.063,8.244
yaw110_pitch+030,110,30,105.107,3.628,4.893
yaw110_pitch+035,110,35,106.019,5.181,3.981
yaw110_pitch+040,110,40,104.604,17.163,5.396
yaw110_pitch+045,110,45,100.556,23.099,9.444
yaw110_pitch+050,110,50,96.920,34.915,13.080
yaw110_pitch+055,110,55,98.137,44.078,11.863
yaw110_pitch+060,110,60,89.000,60.695,21.000
yaw110_pitch+065,110,65,83.108,64.640,26.892
yaw110_pitch+070,110,70,80.899,72.558,29.101
yaw110_pitch+075,110,75,81.499,75.090,28.501
yaw110_pitch+080,110,80,81.226,80.949,28.774
yaw110_pitch+085,110,85,83.372,85.141,26.628
yaw110_pitch+090,110,90,81.039,87.734,28.961
yaw115_pitch-090,115,-90,144.039,-84.065,29.039
yaw115_pitch-085,115,-85,150.341,-82.065,35.341
yaw115_pitch-080,115,-80,158.207,-71.864,43.207
yaw115_pitch-075,115,-75,159.735,-66.453,44.735
yaw115_pitch-070,115,-70,161.897,-61.396,46.897
yaw115_pitch-065,115,-65,158.075,-58.526,43.075
yaw115_pitch-060,115,-60,153.113,-54.758,38.113
yaw115_pitch-055,115,-55,147.244,-51.581,32.244
yaw115_pitch-050,115,-50,142.503,-48.781,27.503
yaw115_pitch-045,115,-45,140.183,-47.666,25.183
yaw115_pitch-040,115,-40,138.785,-49.083,23.785
yaw115_pitch-035,115,-35,137.342,-50.241,22.342
yaw115_pitch-030,115,-30,135.921,-50.479,20.921
yaw115_pitch-025,115,-25,132.334,-48.705,17.334
yaw115_pitch-020,115,-20,128.814,-47.786,13.814
yaw115_pitch-015,115,-15,123.588,-45.702,8.588
yaw115_pitch-010,115,-10,114.990,-44.447,0.010
yaw115_pitch-005,115,-5,111.455,-45.110,3.545
yaw115_pitch+000,115,0,110.401,-41.855,4.599
yaw115_pitch+005,115,5,112.879,-40.064,2.121
yaw115_pitch+010,115,10,108.537,-20.168,6.463
yaw115_pitch+015,115,15,104.268,-5.500,10.732
yaw115_pitch+020,115,20,103.535,4.583,11.465
yaw115_pitch+025,115,25,103.123,7.557,11.877
yaw115_pitch+030,115,30,104.414,7.840,10.586
yaw115_pitch+035,115,35,109.054,9.626,5.946
yaw115_pitch+040,115,40,107.020,16.466,7.980
yaw115_pitch+045,115,45,106.710,26.100,8.290
yaw115_pitch+050,115,50,103.625,36.937,11.375
yaw115_pitch+055,115,55,96.452,52.056,18.548
yaw115_pitch+060,115,60,90.166,64.275,24.834
yaw115_pitch+065,115,65,88.519,69.803,26.481
yaw115_pitch+070,115,70,83.672,68.733,31.328
yaw115_pitch+075,115,75,80.722,76.283,34.278
yaw115_pitch+080,115,80,84.274,81.043,30.726
yaw115_pitch+085,115,85,83.750,81.285,31.250
yaw115_pitch+090,115,90,86.959,87.127,28.041
yaw120_pitch-090,120,-90,149.038,-79.816,29.038
yaw120_pitch-085,120,-85,155.864,-84.590,35.864
yaw120_pitch-080,120,-80,164.028,-80.052,44.028
yaw120_pitch-075,120,-75,166.911,-77.009,46.911
yaw120_pitch-070,120,-70,166.488,-67.888,46.488
yaw120_pitch-065,120,-65,163.728,-62.739,43.728
yaw120_pitch-060,120,-60,159.300,-56.687,39.300
yaw120_pitch-055,120,-55,151.379,-50.799,31.379
yaw120_pitch-050,120,-50,147.041,-50.533,27.041
yaw120_pitch-045,120,-45,145.792,-52.054,25.792
yaw120_pitch-040,120,-40,143.675,-52.723,23.675
yaw120_pitch-035,120,-35,141.020,-50.927,21.020
yaw120_pitch-030,120,-30,136.009,-49.337,16.009
yaw120_pitch-025,120,-25,131.006,-47.496,11.006
yaw120_pitch-020,120,-20,126.960,-46.267,6.960
yaw120_pitch-015,120,-15,119.400,-44.278,0.600
yaw120_pitch-010,120,-10,110.670,-43.877,9.330
yaw120_pitch-005,120,-5,108.424,-41.833,11.576
yaw120_pitch+000,120,0,106.802,-37.789,13.198
yaw120_pitch+005,120,5,107.148,-35.072,12.852
yaw120_pitch+010,120,10,105.600,-21.408,14.400
yaw120_pitch+015,120,15,104.897,-10.091,15.103
yaw120_pitch+020,120,20,105.453,4.411,14.547
yaw120_pitch+025,120,25,108.361,5.852,11.639
yaw120_pitch+030,120,30,108.689,6.914,11.311
yaw120_pitch+035,120,35,110.858,13.424,9.142
yaw120_pitch+040,120,40,111.398,15.147,8.602
yaw120_pitch+045,120,45,111.363,23.583,8.637
yaw120_pitch+050,120,50,109.349,38.898,10.651
yaw120_pitch+055,120,55,107.379,47.304,12.621
yaw120_pitch+060,120,60,101.525,59.604,18.475
yaw120_pitch+065,120,65,94.331,68.252,25.669
yaw120_pitch+070,120,70,92.777,72.612,27.223
yaw120_pitch+075,120,75,91.401,75.222,28.599
yaw120_pitch+080,120,80,91.783,78.309,28.217
yaw120_pitch+085,120,85,93.401,81.681,26.599
yaw120_pitch+090,120,90,99.749,88.407,20.251
yaw125_pitch-090,125,-90,155.919,-84.840,30.919
yaw125_pitch-085,125,-85,160.730,-89.574,35.730
yaw125_pitch-080,125,-80,160.277,-80.777,35.277
yaw125_pitch-075,125,-75,162.924,-76.650,37.924
yaw125_pitch-070,125,-70,161.895,-68.687,36.895
yaw125_pitch-065,125,-65,165.328,-62.032,40.328
yaw125_pitch-060,125,-60,159.922,-57.981,34.922
yaw125_pitch-055,125,-55,155.540,-53.896,30.540
yaw125_pitch-050,125,-50,151.055,-51.311,26.055
yaw125_pitch-045,125,-45,147.571,-52.564,22.571
yaw125_pitch-040,125,-40,145.173,-50.722,20.173
yaw125_pitch-035,125,-35,141.767,-49.562,16.767
yaw125_pitch-030,125,-30,137.667,-48.929,12.667
yaw125_pitch-025,125,-25,131.639,-46.876,6.639
yaw125_pitch-020,125,-20,126.269,-45.838,1.269
yaw125_pitch-015,125,-15,118.453,-46.635,6.547
yaw125_pitch-010,125,-10,110.173,-44.120,14.827
yaw125_pitch-005,125,-5,106.499,-41.560,18.501
yaw125_pitch+000,125,0,103.207,-37.553,21.793
yaw125_pitch+005,125,5,104.640,-32.526,20.360
yaw125_pitch+010,125,10,107.534,-22.866,17.466
yaw125_pitch+015,125,15,107.375,-14.204,17.625
yaw125_pitch+020,125,20,103.656,-7.854,21.344
yaw125_pitch+025,125,25,106.699,7.100,18.301
yaw125_pitch+030,125,30,109.598,12.992,15.402
yaw125_pitch+035,125,35,112.457,12.829,12.543
yaw125_pitch+040,125,40,113.868,21.140,11.132
yaw125_pitch+045,125,45,116.104,24.552,8.896
yaw125_pitch+050,125,50,116.069,37.062,8.931
yaw125_pitch+055,125,55,111.156,50.487,13.844
yaw125_pitch+060,125,60,108.396,55.822,16.604
yaw125_pitch+065,125,65,101.885,64.253,23.115
yaw125_pitch+070,125,70,96.158,72.567,28.842
yaw125_pitch+075,125,75,95.260,73.208,29.740
yaw125_pitch+080,125,80,95.649,77.837,29.351
yaw125_pitch+085,125,85,94.319,81.954,30.681
yaw125_pitch+090,125,90,93.497,86.388,31.503
yaw130_pitch-090,130,-90,163.817,-81.827,33.817
yaw130_pitch-085,130,-85,170.608,-90.000,40.608
yaw130_pitch-080,130,-80,167.192,-81.325,37.192
yaw130_pitch-075,130,-75,171.705,-74.728,41.705
yaw130_pitch-070,130,-70,167.979,-67.872,37.979
yaw130_pitch-065,130,-65,168.358,-65.327,38.358
yaw130_pitch-060,130,-60,160.098,-58.319,30.098
yaw130_pitch-055,130,-55,158.090,-55.275,28.090
yaw130_pitch-050,130,-50,153.418,-50.572,23.418
yaw130_pitch-045,130,-45,151.619,-50.485,21.619
yaw130_pitch-040,130,-40,146.897,-48.964,16.897
yaw130_pitch-035,130,-35,143.031,-48.431,13.031
yaw130_pitch-030,130,-30,136.462,-48.488,6.462
yaw130_pitch-025,130,-25,130.675,-47.617,0.675
yaw130_pitch-020,130,-20,122.571,-44.799,7.429
yaw130_pitch-015,130,-15,111.475,-46.002,18.525
yaw130_pitch-010,130,-10,106.633,-47.805,23.367
yaw130_pitch-005,130,-5,94.461,-38.937,35.539
yaw130_pitch+000,130,0,98.126,-39.434,31.874
yaw130_pitch+005,130,5,103.328,-33.502,26.672
yaw130_pitch+010,130,10,108.460,-21.793,21.540
yaw130_pitch+015,130,15,114.653,-17.818,15.347
yaw130_pitch+020,130,20,115.319,-13.018,14.681
yaw130_pitch+025,130,25,114.149,-8.462,15.851
yaw130_pitch+030,130,30,114.043,2.020,15.957
yaw130_pitch+035,130,35,114.789,15.213,15.211
yaw130_pitch+040,130,40,118.156,23.534,11.844
yaw130_pitch+045,130,45,116.878,29.374,13.122
yaw130_pitch+050,130,50,118.265,36.660,11.735
yaw130_pitch+055,130,55,115.805,53.340,14.195
yaw130_pitch+060,130,60,111.551,57.117,18.449
yaw130_pitch+065,130,65,108.401,63.051,21.599
yaw130_pitch+070,130,70,103.699,68.988,26.301
yaw130_pitch+075,130,75,102.229,71.145,27.771
yaw130_pitch+080,130,80,99.003,77.071,30.997
yaw130_pitch+085,130,85,98.166,81.859,31.834
yaw130_pitch+090,130,90,103.101,90.000,26.899
yaw135_pitch-090,135,-90,171.531,-89.859,36.531
yaw135_pitch-085,135,-85,172.074,-87.271,37.074
yaw135_pitch-080,135,-80,175.780,-82.699,40.780
yaw135_pitch-075,135,-75,178.361,-76.944,43.361
yaw135_pitch-070,135,-70,173.708,-68.349,38.708
yaw135_pitch-065,135,-65,172.911,-62.727,37.911
yaw135_pitch-060,135,-60,168.143,-59.146,33.143
yaw135_pitch-055,135,-55,161.645,-56.543,26.645
yaw135_pitch-050,135,-50,158.756,-52.997,23.756
yaw135_pitch-045,135,-45,155.773,-53.574,20.773
yaw135_pitch-040,135,-40,150.473,-51.206,15.473
yaw135_pitch-035,135,-35,144.662,-48.228,9.662
yaw135_pitch-030,135,-30,136.864,-48.206,1.864
yaw135_pitch-025,135,-25,128.708,-42.946,6.292
yaw135_pitch-020,135,-20,119.362,-44.102,15.638
yaw135_pitch-015,135,-15,103.988,-44.740,31.012
yaw135_pitch-010,135,-10,96.394,-43.693,38.606
yaw135_pitch-005,135,-5,87.763,-40.063,47.237
yaw135_pitch+000,135,0,90.579,-37.776,44.421
yaw135_pitch+005,135,5,97.632,-33.914,37.368
yaw135_pitch+010,135,10,122.672,-32.780,12.328
yaw135_pitch+015,135,15,134.986,-26.820,0.014
yaw135_pitch+020,135,20,132.137,-16.441,2.863
yaw135_pitch+025,135,25,123.038,-13.665,11.962
yaw135_pitch+030,135,30,121.213,-1.936,13.787
yaw135_pitch+035,135,35,120.215,3.959,14.785
yaw135_pitch+040,135,40,118.984,14.613,16.016
yaw135_pitch+045,135,45,120.005,29.972,14.995
yaw135_pitch+050,135,50,118.069,36.439,16.931
yaw135_pitch+055,135,55,117.336,46.387,17.664
yaw135_pitch+060,135,60,114.940,54.208,20.060
yaw135_pitch+065,135,65,111.516,65.103,23.484
yaw135_pitch+070,135,70,108.451,67.884,26.549
yaw135_pitch+075,135,75,108.714,71.555,26.286
yaw135_pitch+080,135,80,105.297,77.962,29.703
yaw135_pitch+085,135,85,106.583,85.145,28.417
yaw135_pitch+090,135,90,105.845,90.000,29.155
yaw140_pitch-090,140,-90,176.960,-86.822,36.960
yaw140_pitch-085,140,-85,176.897,-90.000,36.897
yaw140_pitch-080,140,-80,179.073,-82.186,39.073
yaw140_pitch-075,140,-75,179.613,-72.890,39.613
yaw140_pitch-070,140,-70,175.702,-71.499,35.702
yaw140_pitch-065,140,-65,174.534,-62.153,34.534
yaw140_pitch-060,140,-60,172.500,-58.023,32.500
yaw140_pitch-055,140,-55,168.015,-55.579,28.015
yaw140_pitch-050,140,-50,163.448,-57.862,23.448
yaw140_pitch-045,140,-45,158.101,-53.704,18.101
yaw140_pitch-040,140,-40,151.794,-47.992,11.794
yaw140_pitch-035,140,-35,142.904,-44.224,2.904
yaw140_pitch-030,140,-30,137.285,-44.923,2.715
yaw140_pitch-025,140,-25,126.881,-42.580,13.119
yaw140_pitch-020,140,-20,111.764,-42.744,28.236
yaw140_pitch-015,140,-15,96.891,-42.413,43.109
yaw140_pitch-010,140,-10,89.184,-41.462,50.816
yaw140_pitch-005,140,-5,85.961,-40.275,54.039
yaw140_pitch+000,140,0,86.374,-37.911,53.626
yaw140_pitch+005,140,5,101.680,-39.022,38.320
yaw140_pitch+010,140,10,142.332,-29.711,2.332
yaw140_pitch+015,140,15,150.175,-10.140,10.175
yaw140_pitch+020,140,20,153.835,-9.453,13.835
yaw140_pitch+025,140,25,140.977,-15.541,0.977
yaw140_pitch+030,140,30,129.376,-1.516,10.624
yaw140_pitch+035,140,35,127.505,8.337,12.495
yaw140_pitch+040,140,40,125.276,13.384,14.724
yaw140_pitch+045,140,45,124.498,27.124,15.502
yaw140_pitch+050,140,50,121.029,35.105,18.971
yaw140_pitch+055,140,55,118.083,41.360,21.917
yaw140_pitch+060,140,60,115.782,52.633,24.218
yaw140_pitch+065,140,65,112.789,60.353,27.211
yaw140_pitch+070,140,70,113.538,64.411,26.462
yaw140_pitch+075,140,75,116.672,72.388,23.328
yaw140_pitch+080,140,80,115.203,77.072,24.797
yaw140_pitch+085,140,85,115.360,87.257,24.640
yaw140_pitch+090,140,90,110.861,90.000,29.139
yaw145_pitch-090,145,-90,183.091,-85.815,38.091
yaw145_pitch-085,145,-85,182.580,-90.000,37.580
yaw145_pitch-080,145,-80,183.632,-83.563,38.632
yaw145_pitch-075,145,-75,185.034,-75.424,40.034
yaw145_pitch-070,145,-70,181.104,-70.508,36.104
yaw145_pitch-065,145,-65,177.429,-63.216,32.429
yaw145_pitch-060,145,-60,171.823,-58.007,26.823
yaw145_pitch-055,145,-55,170.875,-59.759,25.875
yaw145_pitch-050,145,-50,164.626,-55.947,19.626
yaw145_pitch-045,145,-45,156.643,-47.245,11.643
yaw145_pitch-040,145,-40,153.482,-48.635,8.482
yaw145_pitch-035,145,-35,146.002,-45.808,1.002
yaw145_pitch-030,145,-30,137.144,-43.255,7.856
yaw145_pitch-025,145,-25,121.197,-40.131,23.803
yaw145_pitch-020,145,-20,104.596,-38.724,40.404
yaw145_pitch-015,145,-15,90.256,-38.541,54.744
yaw145_pitch-010,145,-10,80.704,-38.380,64.296
yaw145_pitch-005,145,-5,83.163,-36.619,61.837
yaw145_pitch+000,145,0,85.763,-38.370,59.237
yaw145_pitch+005,145,5,108.512,-36.439,36.488
yaw145_pitch+010,145,10,140.131,-14.516,4.869
yaw145_pitch+015,145,15,144.762,18.716,0.238
yaw145_pitch+020,145,20,152.030,13.258,7.030
yaw145_pitch+025,145,25,153.834,-10.161,8.834
yaw145_pitch+030,145,30,141.095,-3.195,3.905
yaw145_pitch+035,145,35,134.217,2.830,10.783
yaw145_pitch+040,145,40,128.727,19.555,16.273
yaw145_pitch+045,145,45,124.209,28.400,20.791
yaw145_pitch+050,145,50,121.724,34.153,23.276
yaw145_pitch+055,145,55,117.442,44.870,27.558
yaw145_pitch+060,145,60,113.376,49.465,31.624
yaw145_pitch+065,145,65,111.900,54.411,33.100
yaw145_pitch+070,145,70,111.154,60.484,33.846
yaw145_pitch+075,145,75,117.684,63.931,27.316
yaw145_pitch+080,145,80,119.200,74.734,25.800
yaw145_pitch+085,145,85,116.915,83.783,28.085
yaw145_pitch+090,145,90,117.506,90.000,27.494
yaw150_pitch-090,150,-90,182.417,-84.214,32.417
yaw150_pitch-085,150,-85,184.634,-88.707,34.634
yaw150_pitch-080,150,-80,185.555,-85.344,35.555
yaw150_pitch-075,150,-75,187.500,-78.890,37.500
yaw150_pitch-070,150,-70,184.658,-70.613,34.658
yaw150_pitch-065,150,-65,178.831,-63.162,28.831
yaw150_pitch-060,150,-60,173.602,-60.664,23.602
yaw150_pitch-055,150,-55,170.280,-58.729,20.280
yaw150_pitch-050,150,-50,163.610,-45.438,13.610
yaw150_pitch-045,150,-45,160.750,-50.812,10.750
yaw150_pitch-040,150,-40,152.912,-49.632,2.912
yaw150_pitch-035,150,-35,144.307,-45.102,5.693
yaw150_pitch-030,150,-30,131.495,-40.261,18.505
yaw150_pitch-025,150,-25,111.604,-41.057,38.396
yaw150_pitch-020,150,-20,95.844,-37.665,54.156
yaw150_pitch-015,150,-15,83.271,-37.563,66.729
yaw150_pitch-010,150,-10,80.951,-36.258,69.049
yaw150_pitch-005,150,-5,87.206,-36.678,62.794
yaw150_pitch+000,150,0,89.251,-36.638,60.749
yaw150_pitch+005,150,5,106.522,-34.163,43.478
yaw150_pitch+010,150,10,133.811,-15.357,16.189
yaw150_pitch+015,150,15,142.173,12.215,7.827
yaw150_pitch+020,150,20,151.746,12.820,1.746
yaw150_pitch+025,150,25,160.658,-6.523,10.658
yaw150_pitch+030,150,30,146.616,-4.983,3.384
yaw150_pitch+035,150,35,141.653,4.283,8.347
yaw150_pitch+040,150,40,133.140,12.341,16.860
yaw150_pitch+045,150,45,126.180,27.019,23.820
yaw150_pitch+050,150,50,123.977,36.579,26.023
yaw150_pitch+055,150,55,119.626,41.541,30.374
yaw150_pitch+060,150,60,117.290,39.803,32.710
yaw150_pitch+065,150,65,112.610,53.603,37.390
yaw150_pitch+070,150,70,111.885,55.439,38.115
yaw150_pitch+075,150,75,122.208,67.764,27.792
yaw150_pitch+080,150,80,116.413,75.060,33.587
yaw150_pitch+085,150,85,121.850,82.558,28.150
yaw150_pitch+090,150,90,118.050,82.257,31.950
yaw155_pitch-090,155,-90,188.445,-87.517,33.445
yaw155_pitch-085,155,-85,189.723,-87.168,34.723
yaw155_pitch-080,155,-80,187.291,-83.588,32.291
yaw155_pitch-075,155,-75,186.393,-80.035,31.393
yaw155_pitch-070,155,-70,183.327,-70.109,28.327
yaw155_pitch-065,155,-65,178.911,-61.519,23.911
yaw155_pitch-060,155,-60,173.635,-62.369,18.635
yaw155_pitch-055,155,-55,173.226,-56.677,18.226
yaw155_pitch-050,155,-50,165.661,-53.664,10.661
yaw155_pitch-045,155,-45,158.805,-49.357,3.805
yaw155_pitch-040,155,-40,148.298,-47.970,6.702
yaw155_pitch-035,155,-35,133.566,-42.087,21.434
yaw155_pitch-030,155,-30,114.770,-40.574,40.230
yaw155_pitch-025,155,-25,97.508,-40.885,57.492
yaw155_pitch-020,155,-20,84.843,-37.959,70.157
yaw155_pitch-015,155,-15,79.295,-37.255,75.705
yaw155_pitch-010,155,-10,81.477,-36.004,73.523
yaw155_pitch-005,155,-5,94.821,-35.695,60.179
yaw155_pitch+000,155,0,101.478,-35.602,53.522
yaw155_pitch+005,155,5,117.406,-34.155,37.594
yaw155_pitch+010,155,10,137.015,-24.045,17.985
yaw155_pitch+015,155,15,149.351,-9.504,5.649
yaw155_pitch+020,155,20,160.461,-7.561,5.461
yaw155_pitch+025,155,25,158.750,-15.644,3.750
yaw155_pitch+030,155,30,152.584,-6.704,2.416
yaw155_pitch+035,155,35,143.711,2.465,11.289
yaw155_pitch+040,155,40,131.455,13.443,23.545
yaw155_pitch+045,155,45,131.354,25.704,23.646
yaw155_pitch+050,155,50,127.673,37.833,27.327
yaw155_pitch+055,155,55,124.513,41.252,30.487
yaw155_pitch+060,155,60,121.863,44.134,33.137
yaw155_pitch+065,155,65,121.433,48.262,33.567
yaw155_pitch+070,155,70,118.331,51.960,36.669
yaw155_pitch+075,155,75,126.869,64.195,28.131
yaw155_pitch+080,155,80,125.689,73.845,29.311
yaw155_pitch+085,155,85,126.234,82.946,28.766
yaw155_pitch+090,155,90,125.075,84.394,29.925
yaw160_pitch-090,160,-90,191.224,-87.895,31.224
yaw160_pitch-085,160,-85,192.220,-87.641,32.220
yaw160_pitch-080,160,-80,190.249,-82.396,30.249
yaw160_pitch-075,160,-75,187.957,-75.660,27.957
yaw160_pitch-070,160,-70,183.789,-70.779,23.789
yaw160_pitch-065,160,-65,179.720,-61.414,19.720
yaw160_pitch-060,160,-60,171.999,-59.616,11.999
yaw160_pitch-055,160,-55,165.864,-49.840,5.864
yaw160_pitch-050,160,-50,156.342,-45.485,3.658
yaw160_pitch-045,160,-45,143.282,-46.896,16.718
yaw160_pitch-040,160,-40,128.604,-46.070,31.396
yaw160_pitch-035,160,-35,107.439,-42.488,52.561
yaw160_pitch-030,160,-30,98.527,-38.410,61.473
yaw160_pitch-025,160,-25,80.943,-37.138,79.057
yaw160_pitch-020,160,-20,81.841,-37.788,78.159
yaw160_pitch-015,160,-15,87.273,-37.308,72.727
yaw160_pitch-010,160,-10,94.276,-38.072,65.724
yaw160_pitch-005,160,-5,107.371,-36.101,52.629
yaw160_pitch+000,160,0,124.310,-34.920,35.690
yaw160_pitch+005,160,5,134.793,-34.339,25.207
yaw160_pitch+010,160,10,159.532,-29.797,0.468
yaw160_pitch+015,160,15,167.039,-25.542,7.039
yaw160_pitch+020,160,20,168.784,-19.179,8.784
yaw160_pitch+025,160,25,166.953,-14.816,6.953
yaw160_pitch+030,160,30,158.382,-1.211,1.618
yaw160_pitch+035,160,35,144.192,3.984,15.808
yaw160_pitch+040,160,40,136.174,12.553,23.826
yaw160_pitch+045,160,45,134.087,22.948,25.913
yaw160_pitch+050,160,50,132.839,35.691,27.161
yaw160_pitch+055,160,55,129.657,40.425,30.343
yaw160_pitch+060,160,60,128.659,42.230,31.341
yaw160_pitch+065,160,65,126.833,45.600,33.167
yaw160_pitch+070,160,70,125.052,52.867,34.948
yaw160_pitch+075,160,75,133.783,64.524,26.217
yaw160_pitch+080,160,80,133.576,74.289,26.424
yaw160_pitch+085,160,85,132.843,82.318,27.157
yaw160_pitch+090,160,90,132.204,85.664,27.796
yaw165_pitch-090,165,-90,198.471,-86.932,33.471
yaw165_pitch-085,165,-85,200.156,-88.167,35.156
yaw165_pitch-080,165,-80,196.648,-82.522,31.648
yaw165_pitch-075,165,-75,193.180,-71.055,28.180
yaw165_pitch-070,165,-70,180.792,-68.106,15.792
yaw165_pitch-065,165,-65,176.087,-65.004,11.087
yaw165_pitch-060,165,-60,168.317,-52.435,3.317
yaw165_pitch-055,165,-55,157.467,-54.761,7.533
yaw165_pitch-050,165,-50,134.477,-47.108,30.523
yaw165_pitch-045,165,-45,109.834,-47.528,55.166
yaw165_pitch-040,165,-40,97.556,-46.064,67.444
yaw165_pitch-035,165,-35,87.066,-40.947,77.934
yaw165_pitch-030,165,-30,84.093,-43.042,80.907
yaw165_pitch-025,165,-25,82.033,-40.429,82.967
yaw165_pitch-020,165,-20,82.810,-40.612,82.190
yaw165_pitch-015,165,-15,92.853,-39.455,72.147
yaw165_pitch-010,165,-10,103.417,-38.021,61.583
yaw165_pitch-005,165,-5,121.297,-36.038,43.703
yaw165_pitch+000,165,0,140.371,-35.046,24.629
yaw165_pitch+005,165,5,151.534,-33.471,13.466
yaw165_pitch+010,165,10,161.741,-28.940,3.259
yaw165_pitch+015,165,15,169.825,-26.496,4.825
yaw165_pitch+020,165,20,167.055,-18.909,2.055
yaw165_pitch+025,165,25,167.496,-15.207,2.496
yaw165_pitch+030,165,30,155.516,-4.939,9.484
yaw165_pitch+035,165,35,148.354,5.187,16.646
yaw165_pitch+040,165,40,142.242,13.479,22.758
yaw165_pitch+045,165,45,138.819,21.364,26.181
yaw165_pitch+050,165,50,137.160,28.235,27.840
yaw165_pitch+055,165,55,134.714,32.555,30.286
yaw165_pitch+060,165,60,134.397,37.504,30.603
yaw165_pitch+065,165,65,133.337,43.629,31.663
yaw165_pitch+070,165,70,132.101,48.709,32.899
yaw165_pitch+075,165,75,141.659,62.900,23.341
yaw165_pitch+080,165,80,136.581,73.750,28.419
yaw165_pitch+085,165,85,138.931,83.310,26.069
yaw165_pitch+090,165,90,136.900,87.497,28.100
yaw170_pitch-090,170,-90,205.890,-90.000,35.890
yaw170_pitch-085,170,-85,202.019,-87.837,32.019
yaw170_pitch-080,170,-80,198.472,-81.604,28.472
yaw170_pitch-075,170,-75,190.127,-76.436,20.127
yaw170_pitch-070,170,-70,174.142,-66.978,4.142
yaw170_pitch-065,170,-65,171.624,-63.374,1.624
yaw170_pitch-060,170,-60,143.527,-47.479,26.473
yaw170_pitch-055,170,-55,127.431,-46.573,42.569
yaw170_pitch-050,170,-50,102.839,-50.362,67.161
yaw170_pitch-045,170,-45,81.601,-49.297,88.399
yaw170_pitch-040,170,-40,76.744,-46.380,93.256
yaw170_pitch-035,170,-35,75.483,-45.462,94.517
yaw170_pitch-030,170,-30,78.704,-43.017,91.296
yaw170_pitch-025,170,-25,80.225,-43.061,89.775
yaw170_pitch-020,170,-20,90.390,-43.238,79.610
yaw170_pitch-015,170,-15,103.324,-41.899,66.676
yaw170_pitch-010,170,-10,113.965,-38.038,56.035
yaw170_pitch-005,170,-5,140.981,-36.254,29.019
yaw170_pitch+000,170,0,149.551,-36.555,20.449
yaw170_pitch+005,170,5,159.069,-33.363,10.931
yaw170_pitch+010,170,10,170.283,-28.106,0.283
yaw170_pitch+015,170,15,171.081,-25.313,1.081
yaw170_pitch+020,170,20,167.398,-18.263,2.602
yaw170_pitch+025,170,25,161.010,-12.206,8.990
yaw170_pitch+030,170,30,154.014,0.287,15.986
yaw170_pitch+035,170,35,153.094,2.332,16.906
yaw170_pitch+040,170,40,147.115,12.911,22.885
yaw170_pitch+045,170,45,143.461,19.530,26.539
yaw170_pitch+050,170,50,141.041,28.241,28.959
yaw170_pitch+055,170,55,140.440,30.285,29.560
yaw170_pitch+060,170,60,141.092,34.419,28.908
yaw170_pitch+065,170,65,141.231,37.866,28.769
yaw170_pitch+070,170,70,146.712,50.768,23.288
yaw170_pitch+075,170,75,145.607,61.073,24.393
yaw170_pitch+080,170,80,139.591,73.840,30.409
yaw170_pitch+085,170,85,134.082,85.325,35.918
yaw170_pitch+090,170,90,135.190,90.000,34.810
yaw175_pitch-090,175,-90,208.761,-89.214,33.761
yaw175_pitch-085,175,-85,205.260,-86.255,30.260
yaw175_pitch-080,175,-80,201.838,-83.403,26.838
yaw175_pitch-075,175,-75,192.292,-74.708,17.292
yaw175_pitch-070,175,-70,161.486,-67.709,13.514
yaw175_pitch-065,175,-65,136.448,-64.788,38.552
yaw175_pitch-060,175,-60,132.075,-61.765,42.925
yaw175_pitch-055,175,-55,91.094,-53.335,83.906
yaw175_pitch-050,175,-50,76.871,-48.139,98.129
yaw175_pitch-045,175,-45,70.652,-49.760,104.348
yaw175_pitch-040,175,-40,68.214,-48.038,106.786
yaw175_pitch-035,175,-35,68.482,-46.298,106.518
yaw175_pitch-030,175,-30,73.375,-46.890,101.625
yaw175_pitch-025,175,-25,83.149,-45.864,91.851
yaw175_pitch-020,175,-20,105.316,-44.794,69.684
yaw175_pitch-015,175,-15,112.474,-42.915,62.526
yaw175_pitch-010,175,-10,129.950,-41.016,45.050
yaw175_pitch-005,175,-5,156.455,-37.567,18.545
yaw175_pitch+000,175,0,160.744,-35.413,14.256
yaw175_pitch+005,175,5,165.524,-32.206,9.476
yaw175_pitch+010,175,10,172.773,-28.524,2.227
yaw175_pitch+015,175,15,178.885,-23.235,3.885
yaw175_pitch+020,175,20,173.585,-17.835,1.415
yaw175_pitch+025,175,25,166.884,-13.307,8.116
yaw175_pitch+030,175,30,155.542,1.155,19.458
yaw175_pitch+035,175,35,152.931,5.804,22.069
yaw175_pitch+040,175,40,151.519,12.412,23.481
yaw175_pitch+045,175,45,147.272,19.787,27.728
yaw175_pitch+050,175,50,146.346,26.208,28.654
yaw175_pitch+055,175,55,146.090,28.800,28.910
yaw175_pitch+060,175,60,146.811,34.071,28.189
yaw175_pitch+065,175,65,152.813,42.649,22.187
yaw175_pitch+070,175,70,149.123,52.871,25.877
yaw175_pitch+075,175,75,145.676,58.514,29.324
yaw175_pitch+080,175,80,137.211,76.943,37.789
yaw175_pitch+085,175,85,133.927,85.905,41.073
yaw175_pitch+090,175,90,137.029,90.000,37.971
yaw180_pitch-090,180,-90,213.394,-87.811,33.394
yaw180_pitch-085,180,-85,210.613,-84.136,30.613
yaw180_pitch-080,180,-80,207.819,-82.080,27.819
yaw180_pitch-075,180,-75,199.386,-76.641,19.386
yaw180_pitch-070,180,-70,150.619,-74.378,29.381
yaw180_pitch-065,180,-65,107.638,-68.763,72.362
yaw180_pitch-060,180,-60,82.945,-63.487,97.055
yaw180_pitch-055,180,-55,81.127,-59.517,98.873
yaw180_pitch-050,180,-50,71.767,-49.261,108.233
yaw180_pitch-045,180,-45,62.269,-52.036,117.731
yaw180_pitch-040,180,-40,60.550,-50.852,119.450
yaw180_pitch-035,180,-35,62.794,-50.545,117.206
yaw180_pitch-030,180,-30,70.813,-49.125,109.187
yaw180_pitch-025,180,-25,88.069,-47.450,91.931
yaw180_pitch-020,180,-20,111.876,-44.770,68.124
yaw180_pitch-015,180,-15,126.993,-44.441,53.007
yaw180_pitch-010,180,-10,138.703,-40.902,41.297
yaw180_pitch-005,180,-5,155.927,-38.417,24.073
yaw180_pitch+000,180,0,157.991,-36.416,22.009
yaw180_pitch+005,180,5,166.350,-32.999,13.650
yaw180_pitch+010,180,10,179.712,-28.928,0.288
yaw180_pitch+015,180,15,186.012,-24.550,6.012
yaw180_pitch+020,180,20,179.550,-17.182,0.450
yaw180_pitch+025,180,25,167.470,-9.627,12.530
yaw180_pitch+030,180,30,163.504,-3.328,16.496
yaw180_pitch+035,180,35,154.703,4.071,25.297
yaw180_pitch+040,180,40,151.820,13.466,28.180
yaw180_pitch+045,180,45,150.542,17.972,29.458
yaw180_pitch+050,180,50,149.804,27.332,30.196
yaw180_pitch+055,180,55,150.228,28.938,29.772
yaw180_pitch+060,180,60,157.540,36.812,22.460
yaw180_pitch+065,180,65,155.926,44.254,24.074
yaw180_pitch+070,180,70,150.563,51.419,29.437
yaw180_pitch+075,180,75,145.254,62.204,34.746
yaw180_pitch+080,180,80,139.131,76.374,40.869
yaw180_pitch+085,180,85,136.338,86.676,43.662
yaw180_pitch+090,180,90,141.473,89.165,38.527
yaw185_pitch-090,185,-90,219.425,-85.640,34.425
yaw185_pitch-085,185,-85,216.631,-84.507,31.631
yaw185_pitch-080,185,-80,212.246,-80.016,27.246
yaw185_pitch-075,185,-75,206.372,-77.372,21.372
yaw185_pitch-070,185,-70,181.450,-74.191,3.550
yaw185_pitch-065,185,-65,79.546,-59.072,105.454
yaw185_pitch-060,185,-60,100.425,-63.144,84.575
yaw185_pitch-055,185,-55,81.184,-59.593,103.816
yaw185_pitch-050,185,-50,71.768,-53.852,113.232
yaw185_pitch-045,185,-45,63.548,-53.425,121.452
yaw185_pitch-040,185,-40,57.685,-53.245,127.315
yaw185_pitch-035,185,-35,66.228,-51.636,118.772
yaw185_pitch-030,185,-30,69.125,-48.112,115.875
yaw185_pitch-025,185,-25,98.906,-47.793,86.094
yaw185_pitch-020,185,-20,139.277,-47.621,45.723
yaw185_pitch-015,185,-15,153.982,-45.137,31.018
yaw185_pitch-010,185,-10,150.974,-42.811,34.026
yaw185_pitch-005,185,-5,154.029,-39.455,30.971
yaw185_pitch+000,185,0,161.163,-37.026,23.837
yaw185_pitch+005,185,5,168.162,-33.549,16.838
yaw185_pitch+010,185,10,174.027,-29.258,10.973
yaw185_pitch+015,185,15,181.697,-22.915,3.303
yaw185_pitch+020,185,20,175.362,-17.307,9.638
yaw185_pitch+025,185,25,170.649,-12.267,14.351
yaw185_pitch+030,185,30,166.768,-5.768,18.232
yaw185_pitch+035,185,35,159.079,1.571,25.921
yaw185_pitch+040,185,40,156.399,12.316,28.601
yaw185_pitch+045,185,45,150.855,19.795,34.145
yaw185_pitch+050,185,50,153.276,25.389,31.724
yaw185_pitch+055,185,55,161.064,32.303,23.936
yaw185_pitch+060,185,60,158.937,36.053,26.063
yaw185_pitch+065,185,65,156.811,42.801,28.189
yaw185_pitch+070,185,70,153.467,49.587,31.533
yaw185_pitch+075,185,75,148.939,62.006,36.061
yaw185_pitch+080,185,80,146.120,75.006,38.880
yaw185_pitch+085,185,85,144.620,85.361,40.380
yaw185_pitch+090,185,90,149.886,86.418,35.114
yaw190_pitch-090,190,-90,223.940,-87.862,33.940
yaw190_pitch-085,190,-85,220.847,-86.295,30.847
yaw190_pitch-080,190,-80,213.517,-77.641,23.517
yaw190_pitch-075,190,-75,203.217,-74.936,13.217
yaw190_pitch-070,190,-70,183.339,-69.156,6.661
yaw190_pitch-065,190,-65,160.014,-56.009,29.986
yaw190_pitch-060,190,-60,150.753,-65.288,39.247
yaw190_pitch-055,190,-55,125.562,-58.357,64.438
yaw190_pitch-050,190,-50,84.391,-51.573,105.609
yaw190_pitch-045,190,-45,88.139,-54.247,101.861
yaw190_pitch-040,190,-40,44.227,-51.456,145.773
yaw190_pitch-035,190,-35,15.253,-51.628,174.747
yaw190_pitch-030,190,-30,348.897,-50.529,158.897
yaw190_pitch-025,190,-25,27.092,-49.800,162.908
yaw190_pitch-020,190,-20,173.599,-47.452,16.401
yaw190_pitch-015,190,-15,167.446,-45.592,22.554
yaw190_pitch-010,190,-10,153.014,-43.753,36.986
yaw190_pitch-005,190,-5,153.361,-39.849,36.639
yaw190_pitch+000,190,0,165.169,-37.617,24.831
yaw190_pitch+005,190,5,175.405,-33.918,14.595
yaw190_pitch+010,190,10,187.118,-29.984,2.882
yaw190_pitch+015,190,15,183.194,-23.968,6.806
yaw190_pitch+020,190,20,172.408,-16.202,17.592
yaw190_pitch+025,190,25,169.781,-9.289,20.219
yaw190_pitch+030,190,30,168.647,-6.944,21.353
yaw190_pitch+035,190,35,167.311,0.763,22.689
yaw190_pitch+040,190,40,161.788,9.898,28.212
yaw190_pitch+045,190,45,155.465,17.271,34.535
yaw190_pitch+050,190,50,157.755,26.439,32.245
yaw190_pitch+055,190,55,160.119,32.099,29.881
yaw190_pitch+060,190,60,160.451,35.567,29.549
yaw190_pitch+065,190,65,158.496,41.611,31.504
yaw190_pitch+070,190,70,155.945,50.588,34.055
yaw190_pitch+075,190,75,154.530,61.857,35.470
yaw190_pitch+080,190,80,149.445,75.642,40.555
yaw190_pitch+085,190,85,154.582,83.457,35.418
yaw190_pitch+090,190,90,155.757,90.000,34.243
yaw195_pitch-090,195,-90,227.753,-89.705,32.753
yaw195_pitch-085,195,-85,228.302,-87.032,33.302
yaw195_pitch-080,195,-80,224.487,-78.728,29.487
yaw195_pitch-075,195,-75,217.042,-74.459,22.042
yaw195_pitch-070,195,-70,216.304,-63.590,21.304
yaw195_pitch-065,195,-65,223.208,-46.274,28.208
yaw195_pitch-060,195,-60,223.096,-61.618,28.096
yaw195_pitch-055,195,-55,228.420,-57.212,33.420
yaw195_pitch-050,195,-50,233.695,-56.115,38.695
yaw195_pitch-045,195,-45,274.841,-53.310,79.841
yaw195_pitch-040,195,-40,262.728,-51.598,67.728
yaw195_pitch-035,195,-35,279.148,-50.595,84.148
yaw195_pitch-030,195,-30,307.799,-49.717,112.799
yaw195_pitch-025,195,-25,272.640,-50.241,77.640
yaw195_pitch-020,195,-20,308.748,-48.524,113.748
yaw195_pitch-015,195,-15,75.440,-47.528,119.560
yaw195_pitch-010,195,-10,150.414,-44.469,44.586
yaw195_pitch-005,195,-5,129.196,-40.315,65.804
yaw195_pitch+000,195,0,167.819,-38.041,27.181
yaw195_pitch+005,195,5,184.834,-34.057,10.166
yaw195_pitch+010,195,10,190.719,-30.659,4.281
yaw195_pitch+015,195,15,181.866,-23.201,13.134
yaw195_pitch+020,195,20,175.000,-15.215,20.000
yaw195_pitch+025,195,25,160.861,-8.233,34.139
yaw195_pitch+030,195,30,169.538,-3.162,25.462
yaw195_pitch+035,195,35,168.011,2.137,26.989
yaw195_pitch+040,195,40,161.771,9.622,33.229
yaw195_pitch+045,195,45,162.390,17.541,32.610
yaw195_pitch+050,195,50,157.459,23.374,37.541
yaw195_pitch+055,195,55,159.289,30.874,35.711
yaw195_pitch+060,195,60,161.613,34.305,33.387
yaw195_pitch+065,195,65,162.820,40.600,32.180
yaw195_pitch+070,195,70,161.164,49.841,33.836
yaw195_pitch+075,195,75,163.459,62.530,31.541
yaw195_pitch+080,195,80,160.235,74.349,34.765
yaw195_pitch+085,195,85,163.952,82.021,31.048
yaw195_pitch+090,195,90,162.403,89.918,32.597
yaw200_pitch-090,200,-90,235.081,-88.666,35.081
yaw200_pitch-085,200,-85,233.774,-84.669,33.774
yaw200_pitch-080,200,-80,230.333,-73.548,30.333
yaw200_pitch-075,200,-75,227.237,-65.693,27.237
yaw200_pitch-070,200,-70,228.047,-57.259,28.047
yaw200_pitch-065,200,-65,227.912,-47.977,27.912
yaw200_pitch-060,200,-60,230.955,-47.179,30.955
yaw200_pitch-055,200,-55,235.627,-51.270,35.627
yaw200_pitch-050,200,-50,243.800,-46.947,43.800
yaw200_pitch-045,200,-45,263.129,-50.373,63.129
yaw200_pitch-040,200,-40,274.617,-50.681,74.617
yaw200_pitch-035,200,-35,287.096,-50.965,87.096
yaw200_pitch-030,200,-30,295.754,-49.750,95.754
yaw200_pitch-025,200,-25,283.834,-49.120,83.834
yaw200_pitch-020,200,-20,317.324,-46.896,117.324
yaw200_pitch-015,200,-15,10.551,-47.753,170.551
yaw200_pitch-010,200,-10,56.967,-45.933,143.033
yaw200_pitch-005,200,-5,81.134,-41.541,118.866
yaw200_pitch+000,200,0,156.189,-38.037,43.811
yaw200_pitch+005,200,5,187.529,-34.439,12.471
yaw200_pitch+010,200,10,188.858,-29.414,11.142
yaw200_pitch+015,200,15,178.518,-21.699,21.482
yaw200_pitch+020,200,20,171.605,-13.790,28.395
yaw200_pitch+025,200,25,164.906,-4.027,35.094
yaw200_pitch+030,200,30,168.890,-2.343,31.110
yaw200_pitch+035,200,35,164.366,6.412,35.634
yaw200_pitch+040,200,40,160.177,11.377,39.823
yaw200_pitch+045,200,45,159.539,19.130,40.461
yaw200_pitch+050,200,50,157.974,25.343,42.026
yaw200_pitch+055,200,55,161.676,29.677,38.324
yaw200_pitch+060,200,60,162.967,34.618,37.033
yaw200_pitch+065,200,65,161.858,40.751,38.142
yaw200_pitch+070,200,70,165.199,51.485,34.801
yaw200_pitch+075,200,75,167.099,65.387,32.901
yaw200_pitch+080,200,80,167.577,74.987,32.423
yaw200_pitch+085,200,85,172.546,81.727,27.454
yaw200_pitch+090,200,90,174.483,88.651,25.517
yaw205_pitch-090,205,-90,236.819,-86.216,31.819
yaw205_pitch-085,205,-85,237.122,-79.852,32.122
yaw205_pitch-080,205,-80,239.552,-62.550,34.552
yaw205_pitch-075,205,-75,239.111,-55.793,34.111
yaw205_pitch-070,205,-70,248.404,-49.264,43.404
yaw205_pitch-065,205,-65,250.548,-46.091,45.548
yaw205_pitch-060,205,-60,253.631,-40.376,48.631
yaw205_pitch-055,205,-55,246.634,-42.115,41.634
yaw205_pitch-050,205,-50,261.782,-36.847,56.782
yaw205_pitch-045,205,-45,270.265,-42.065,65.265
yaw205_pitch-040,205,-40,275.663,-46.784,70.663
yaw205_pitch-035,205,-35,310.127,-48.506,105.127
yaw205_pitch-030,205,-30,281.754,-49.410,76.754
yaw205_pitch-025,205,-25,297.652,-49.389,92.652
yaw205_pitch-020,205,-20,348.354,-48.620,143.354
yaw205_pitch-015,205,-15,1.152,-47.844,156.152
yaw205_pitch-010,205,-10,29.018,-44.363,175.982
yaw205_pitch-005,205,-5,47.733,-40.156,157.267
yaw205_pitch+000,205,0,103.710,-36.546,101.290
yaw205_pitch+005,205,5,192.259,-32.637,12.741
yaw205_pitch+010,205,10,195.696,-27.628,9.304
yaw205_pitch+015,205,15,181.623,-20.246,23.377
yaw205_pitch+020,205,20,174.876,-11.720,30.124
yaw205_pitch+025,205,25,166.589,-0.773,38.411
yaw205_pitch+030,205,30,167.308,0.088,37.692
yaw205_pitch+035,205,35,164.070,7.425,40.930
yaw205_pitch+040,205,40,160.616,15.598,44.384
yaw205_pitch+045,205,45,155.446,23.614,49.554
yaw205_pitch+050,205,50,155.879,29.293,49.121
yaw205_pitch+055,205,55,161.483,32.424,43.517
yaw205_pitch+060,205,60,157.411,35.588,47.589
yaw205_pitch+065,205,65,160.918,42.937,44.082
yaw205_pitch+070,205,70,165.932,54.252,39.068
yaw205_pitch+075,205,75,167.246,69.582,37.754
yaw205_pitch+080,205,80,171.165,77.985,33.835
yaw205_pitch+085,205,85,180.054,83.410,24.946
yaw205_pitch+090,205,90,179.895,88.013,25.105
yaw210_pitch-090,210,-90,237.740,-87.538,27.740
yaw210_pitch-085,210,-85,241.790,-77.141,31.790
yaw210_pitch-080,210,-80,254.677,-59.659,44.677
yaw210_pitch-075,210,-75,258.122,-54.911,48.122
yaw210_pitch-070,210,-70,271.413,-45.869,61.413
yaw210_pitch-065,210,-65,286.730,-45.309,76.730
yaw210_pitch-060,210,-60,301.480,-41.230,91.480
yaw210_pitch-055,210,-55,298.655,-39.974,88.655
yaw210_pitch-050,210,-50,330.705,-36.240,120.705
yaw210_pitch-045,210,-45,302.474,-35.653,92.474
yaw210_pitch-040,210,-40,293.482,-44.532,83.482
yaw210_pitch-035,210,-35,304.016,-47.566,94.016
yaw210_pitch-030,210,-30,294.833,-50.217,84.833
yaw210_pitch-025,210,-25,318.099,-49.848,108.099
yaw210_pitch-020,210,-20,324.266,-49.698,114.266
yaw210_pitch-015,210,-15,354.589,-49.353,144.589
yaw210_pitch-010,210,-10,5.819,-44.932,155.819
yaw210_pitch-005,210,-5,18.467,-41.356,168.467
yaw210_pitch+000,210,0,10.441,-37.315,160.441
yaw210_pitch+005,210,5,204.979,-31.263,5.021
yaw210_pitch+010,210,10,199.016,-26.780,10.984
yaw210_pitch+015,210,15,185.446,-16.644,24.554
yaw210_pitch+020,210,20,171.014,-5.277,38.986
yaw210_pitch+025,210,25,161.686,3.067,48.314
yaw210_pitch+030,210,30,165.483,8.219,44.517
yaw210_pitch+035,210,35,163.786,18.154,46.214
yaw210_pitch+040,210,40,160.746,18.931,49.254
yaw210_pitch+045,210,45,160.431,30.696,49.569
yaw210_pitch+050,210,50,154.707,33.706,55.293
yaw210_pitch+055,210,55,158.692,38.942,51.308
yaw210_pitch+060,210,60,159.434,38.870,50.566
yaw210_pitch+065,210,65,163.634,49.345,46.366
yaw210_pitch+070,210,70,164.653,58.919,45.347
yaw210_pitch+075,210,75,175.390,70.169,34.610
yaw210_pitch+080,210,80,178.269,79.964,31.731
yaw210_pitch+085,210,85,180.401,83.951,29.599
yaw210_pitch+090,210,90,182.851,88.241,27.149
yaw215_pitch-090,215,-90,245.501,-88.411,30.501
yaw215_pitch-085,215,-85,247.672,-80.100,32.672
yaw215_pitch-080,215,-80,257.390,-67.135,42.390
yaw215_pitch-075,215,-75,271.754,-57.368,56.754
yaw215_pitch-070,215,-70,288.237,-50.581,73.237
yaw215_pitch-065,215,-65,306.895,-49.143,91.895
yaw215_pitch-060,215,-60,319.441,-41.831,104.441
yaw215_pitch-055,215,-55,318.391,-43.261,103.391
yaw215_pitch-050,215,-50,338.245,-33.596,123.245
yaw215_pitch-045,215,-45,330.721,-34.577,115.721
yaw215_pitch-040,215,-40,336.786,-35.882,121.786
yaw215_pitch-035,215,-35,322.509,-49.207,107.509
yaw215_pitch-030,215,-30,326.148,-51.357,111.148
yaw215_pitch-025,215,-25,309.186,-53.312,94.186
yaw215_pitch-020,215,-20,307.492,-52.155,92.492
yaw215_pitch-015,215,-15,345.841,-51.575,130.841
yaw215_pitch-010,215,-10,350.408,-47.670,135.408
yaw215_pitch-005,215,-5,359.192,-42.906,144.192
yaw215_pitch+000,215,0,323.723,-37.956,108.723
yaw215_pitch+005,215,5,234.810,-31.326,19.810
yaw215_pitch+010,215,10,206.557,-25.921,8.443
yaw215_pitch+015,215,15,188.269,-16.000,26.731
yaw215_pitch+020,215,20,172.946,-6.918,42.054
yaw215_pitch+025,215,25,163.858,3.071,51.142
yaw215_pitch+030,215,30,168.973,4.627,46.027
yaw215_pitch+035,215,35,160.771,15.475,54.229
yaw215_pitch+040,215,40,158.668,23.884,56.332
yaw215_pitch+045,215,45,154.662,35.462,60.338
yaw215_pitch+050,215,50,151.848,42.361,63.152
yaw215_pitch+055,215,55,154.138,44.811,60.862
yaw215_pitch+060,215,60,156.583,47.739,58.417
yaw215_pitch+065,215,65,163.414,53.570,51.586
yaw215_pitch+070,215,70,169.356,63.773,45.644
yaw215_pitch+075,215,75,174.644,73.335,40.356
yaw215_pitch+080,215,80,180.875,79.639,34.125
yaw215_pitch+085,215,85,184.987,84.101,30.013
yaw215_pitch+090,215,90,182.893,89.154,32.107
yaw220_pitch-090,220,-90,251.178,-88.555,31.178
yaw220_pitch-085,220,-85,253.885,-82.986,33.885
yaw220_pitch-080,220,-80,263.089,-74.258,43.089
yaw220_pitch-075,220,-75,269.024,-66.176,49.024
yaw220_pitch-070,220,-70,281.133,-64.617,61.133
yaw220_pitch-065,220,-65,309.841,-57.196,89.841
yaw220_pitch-060,220,-60,319.876,-52.379,99.876
yaw220_pitch-055,220,-55,320.661,-52.640,100.661
yaw220_pitch-050,220,-50,326.981,-46.479,106.981
yaw220_pitch-045,220,-45,330.318,-39.177,110.318
yaw220_pitch-040,220,-40,335.788,-41.580,115.788
yaw220_pitch-035,220,-35,332.258,-49.498,112.258
yaw220_pitch-030,220,-30,323.732,-52.334,103.732
yaw220_pitch-025,220,-25,304.184,-50.738,84.184
yaw220_pitch-020,220,-20,302.099,-53.423,82.099
yaw220_pitch-015,220,-15,322.139,-51.364,102.139
yaw220_pitch-010,220,-10,333.739,-50.161,113.739
yaw220_pitch-005,220,-5,329.086,-41.760,109.086
yaw220_pitch+000,220,0,262.494,-37.575,42.494
yaw220_pitch+005,220,5,224.409,-30.504,4.409
yaw220_pitch+010,220,10,202.382,-25.889,17.618
yaw220_pitch+015,220,15,186.897,-18.195,33.103
yaw220_pitch+020,220,20,176.972,-7.669,43.028
yaw220_pitch+025,220,25,174.134,-0.563,45.866
yaw220_pitch+030,220,30,169.337,5.933,50.663
yaw220_pitch+035,220,35,155.801,13.134,64.199
yaw220_pitch+040,220,40,154.412,20.165,65.588
yaw220_pitch+045,220,45,154.782,28.476,65.218
yaw220_pitch+050,220,50,148.412,40.805,71.588
yaw220_pitch+055,220,55,150.130,44.869,69.870
yaw220_pitch+060,220,60,154.323,50.739,65.677
yaw220_pitch+065,220,65,165.813,59.554,54.187
yaw220_pitch+070,220,70,173.844,66.620,46.156
yaw220_pitch+075,220,75,181.760,73.696,38.240
yaw220_pitch+080,220,80,184.235,78.760,35.765
yaw220_pitch+085,220,85,190.449,83.980,29.551
yaw220_pitch+090,220,90,193.480,86.219,26.520
yaw225_pitch-090,225,-90,256.213,-87.279,31.213
yaw225_pitch-085,225,-85,259.076,-84.745,34.076
yaw225_pitch-080,225,-80,266.591,-77.027,41.591
yaw225_pitch-075,225,-75,277.819,-68.136,52.819
yaw225_pitch-070,225,-70,287.313,-67.608,62.313
yaw225_pitch-065,225,-65,297.548,-66.979,72.548
yaw225_pitch-060,225,-60,309.611,-62.212,84.611
yaw225_pitch-055,225,-55,313.585,-63.574,88.585
yaw225_pitch-050,225,-50,306.433,-62.107,81.433
yaw225_pitch-045,225,-45,310.536,-52.217,85.536
yaw225_pitch-040,225,-40,318.743,-49.636,93.743
yaw225_pitch-035,225,-35,317.499,-52.304,92.499
yaw225_pitch-030,225,-30,315.807,-53.827,90.807
yaw225_pitch-025,225,-25,300.211,-54.356,75.211
yaw225_pitch-020,225,-20,282.788,-52.070,57.788
yaw225_pitch-015,225,-15,276.828,-48.749,51.828
yaw225_pitch-010,225,-10,286.786,-49.199,61.786
yaw225_pitch-005,225,-5,290.411,-42.302,65.411
yaw225_pitch+000,225,0,254.573,-37.015,29.573
yaw225_pitch+005,225,5,229.000,-28.980,4.000
yaw225_pitch+010,225,10,204.337,-25.430,20.663
yaw225_pitch+015,225,15,198.403,-16.632,26.597
yaw225_pitch+020,225,20,182.037,-10.817,42.963
yaw225_pitch+025,225,25,173.003,3.491,51.997
yaw225_pitch+030,225,30,178.508,3.974,46.492
yaw225_pitch+035,225,35,165.795,8.240,59.205
yaw225_pitch+040,225,40,160.797,19.026,64.203
yaw225_pitch+045,225,45,151.906,27.469,73.094
yaw225_pitch+050,225,50,152.197,38.153,72.803
yaw225_pitch+055,225,55,151.844,43.893,73.156
yaw225_pitch+060,225,60,151.011,52.124,73.989
yaw225_pitch+065,225,65,162.302,65.332,62.698
yaw225_pitch+070,225,70,180.583,71.552,44.417
yaw225_pitch+075,225,75,187.151,75.863,37.849
yaw225_pitch+080,225,80,194.735,79.581,30.265
yaw225_pitch+085,225,85,194.564,84.083,30.436
yaw225_pitch+090,225,90,195.410,87.136,29.590
yaw230_pitch-090,230,-90,262.046,-87.441,32.046
yaw230_pitch-085,230,-85,267.119,-86.207,37.119
yaw230_pitch-080,230,-80,272.007,-75.892,42.007
yaw230_pitch-075,230,-75,284.623,-71.170,54.623
yaw230_pitch-070,230,-70,289.208,-68.366,59.208
yaw230_pitch-065,230,-65,294.164,-67.976,64.164
yaw230_pitch-060,230,-60,301.028,-66.526,71.028
yaw230_pitch-055,230,-55,305.660,-65.119,75.660
yaw230_pitch-050,230,-50,304.095,-63.249,74.095
yaw230_pitch-045,230,-45,301.969,-60.426,71.969
yaw230_pitch-040,230,-40,299.944,-53.903,69.944
yaw230_pitch-035,230,-35,310.633,-57.026,80.633
yaw230_pitch-030,230,-30,299.824,-56.314,69.824
yaw230_pitch-025,230,-25,302.396,-55.579,72.396
yaw230_pitch-020,230,-20,272.124,-54.091,42.124
yaw230_pitch-015,230,-15,272.255,-49.653,42.255
yaw230_pitch-010,230,-10,263.252,-46.092,33.252
yaw230_pitch-005,230,-5,276.386,-41.637,46.386
yaw230_pitch+000,230,0,247.397,-33.504,17.397
yaw230_pitch+005,230,5,225.071,-29.245,4.929
yaw230_pitch+010,230,10,214.463,-24.246,15.537
yaw230_pitch+015,230,15,196.537,-17.383,33.463
yaw230_pitch+020,230,20,192.295,-9.774,37.705
yaw230_pitch+025,230,25,189.750,1.352,40.250
yaw230_pitch+030,230,30,178.525,4.346,51.475
yaw230_pitch+035,230,35,174.936,13.500,55.064
yaw230_pitch+040,230,40,162.106,14.624,67.894
yaw230_pitch+045,230,45,160.924,23.119,69.076
yaw230_pitch+050,230,50,163.959,33.571,66.041
yaw230_pitch+055,230,55,153.402,45.041,76.598
yaw230_pitch+060,230,60,159.944,51.319,70.056
yaw230_pitch+065,230,65,171.151,60.145,58.849
yaw230_pitch+070,230,70,185.260,73.538,44.740
yaw230_pitch+075,230,75,191.945,76.433,38.055
yaw230_pitch+080,230,80,197.715,81.860,32.285
yaw230_pitch+085,230,85,199.539,85.945,30.461
yaw230_pitch+090,230,90,201.851,90.000,28.149
yaw235_pitch-090,235,-90,272.772,-87.523,37.772
yaw235_pitch-085,235,-85,269.952,-85.990,34.952
yaw235_pitch-080,235,-80,281.196,-78.705,46.196
yaw235_pitch-075,235,-75,294.375,-75.401,59.375
yaw235_pitch-070,235,-70,294.793,-72.011,59.793
yaw235_pitch-065,235,-65,303.382,-70.753,68.382
yaw235_pitch-060,235,-60,304.959,-68.792,69.959
yaw235_pitch-055,235,-55,304.983,-65.145,69.983
yaw235_pitch-050,235,-50,304.965,-59.627,69.965
yaw235_pitch-045,235,-45,303.061,-58.378,68.061
yaw235_pitch-040,235,-40,307.572,-55.237,72.572
yaw235_pitch-035,235,-35,307.085,-56.835,72.085
yaw235_pitch-030,235,-30,296.347,-56.364,61.347
yaw235_pitch-025,235,-25,297.406,-48.408,62.406
yaw235_pitch-020,235,-20,274.247,-50.191,39.247
yaw235_pitch-015,235,-15,263.482,-49.684,28.482
yaw235_pitch-010,235,-10,257.875,-42.546,22.875
yaw235_pitch-005,235,-5,255.662,-40.089,20.662
yaw235_pitch+000,235,0,247.252,-29.949,12.252
yaw235_pitch+005,235,5,230.007,-26.645,4.993
yaw235_pitch+010,235,10,221.045,-22.439,13.955
yaw235_pitch+015,235,15,210.325,-17.960,24.675
yaw235_pitch+020,235,20,200.795,-11.696,34.205
yaw235_pitch+025,235,25,202.083,0.531,32.917
yaw235_pitch+030,235,30,193.875,8.719,41.125
yaw235_pitch+035,235,35,191.106,14.988,43.894
yaw235_pitch+040,235,40,185.004,18.492,49.996
yaw235_pitch+045,235,45,179.619,21.469,55.381
yaw235_pitch+050,235,50,169.543,31.192,65.457
yaw235_pitch+055,235,55,159.034,42.755,75.966
yaw235_pitch+060,235,60,159.138,45.386,75.862
yaw235_pitch+065,235,65,163.885,63.327,71.115
yaw235_pitch+070,235,70,189.234,72.327,45.766
yaw235_pitch+075,235,75,193.080,76.911,41.920
yaw235_pitch+080,235,80,200.887,82.576,34.113
yaw235_pitch+085,235,85,203.485,90.000,31.515
yaw235_pitch+090,235,90,208.635,89.068,26.365
yaw240_pitch-090,240,-90,274.640,-88.872,34.640
yaw240_pitch-085,240,-85,276.279,-84.030,36.279
yaw240_pitch-080,240,-80,282.815,-80.470,42.815
yaw240_pitch-075,240,-75,292.888,-72.078,52.888
yaw240_pitch-070,240,-70,296.025,-70.099,56.025
yaw240_pitch-065,240,-65,303.740,-65.888,63.740
yaw240_pitch-060,240,-60,305.903,-64.691,65.903
yaw240_pitch-055,240,-55,307.709,-61.688,67.709
yaw240_pitch-050,240,-50,308.800,-56.852,68.800
yaw240_pitch-045,240,-45,309.280,-54.927,69.280
yaw240_pitch-040,240,-40,307.415,-56.309,67.415
yaw240_pitch-035,240,-35,308.339,-55.018,68.339
yaw240_pitch-030,240,-30,306.081,-57.574,66.081
yaw240_pitch-025,240,-25,303.183,-49.530,63.183
yaw240_pitch-020,240,-20,276.637,-50.397,36.637
yaw240_pitch-015,240,-15,265.855,-49.275,25.855
yaw240_pitch-010,240,-10,264.313,-42.487,24.313
yaw240_pitch-005,240,-5,257.148,-37.052,17.148
yaw240_pitch+000,240,0,249.352,-29.252,9.352
yaw240_pitch+005,240,5,239.367,-24.537,0.633
yaw240_pitch+010,240,10,231.622,-20.023,8.378
yaw240_pitch+015,240,15,221.541,-18.383,18.459
yaw240_pitch+020,240,20,219.247,-10.924,20.753
yaw240_pitch+025,240,25,217.660,-0.831,22.340
yaw240_pitch+030,240,30,205.952,7.830,34.048
yaw240_pitch+035,240,35,198.337,17.704,41.663
yaw240_pitch+040,240,40,201.918,22.987,38.082
yaw240_pitch+045,240,45,188.353,25.382,51.647
yaw240_pitch+050,240,50,185.730,35.693,54.270
yaw240_pitch+055,240,55,184.409,41.004,55.591
yaw240_pitch+060,240,60,200.853,49.260,39.147
yaw240_pitch+065,240,65,219.831,60.665,20.169
yaw240_pitch+070,240,70,205.809,72.313,34.191
yaw240_pitch+075,240,75,205.502,77.535,34.498
yaw240_pitch+080,240,80,207.630,83.220,32.370
yaw240_pitch+085,240,85,208.628,86.256,31.372
yaw240_pitch+090,240,90,209.606,89.305,30.394
yaw245_pitch-090,245,-90,272.135,-89.388,27.135
yaw245_pitch-085,245,-85,275.478,-81.688,30.478
yaw245_pitch-080,245,-80,281.144,-75.814,36.144
yaw245_pitch-075,245,-75,286.102,-70.439,41.102
yaw245_pitch-070,245,-70,288.562,-64.304,43.562
yaw245_pitch-065,245,-65,301.917,-62.708,56.917
yaw245_pitch-060,245,-60,302.241,-57.848,57.241
yaw245_pitch-055,245,-55,308.036,-54.435,63.036
yaw245_pitch-050,245,-50,307.995,-52.013,62.995
yaw245_pitch-045,245,-45,311.048,-51.000,66.048
yaw245_pitch-040,245,-40,308.635,-52.130,63.635
yaw245_pitch-035,245,-35,308.445,-51.516,63.445
yaw245_pitch-030,245,-30,304.238,-56.327,59.238
yaw245_pitch-025,245,-25,298.959,-58.887,53.959
yaw245_pitch-020,245,-20,287.419,-49.015,42.419
yaw245_pitch-015,245,-15,282.346,-48.105,37.346
yaw245_pitch-010,245,-10,278.171,-44.349,33.171
yaw245_pitch-005,245,-5,266.453,-38.216,21.453
yaw245_pitch+000,245,0,257.907,-27.550,12.907
yaw245_pitch+005,245,5,252.408,-24.360,7.408
yaw245_pitch+010,245,10,242.706,-19.555,2.294
yaw245_pitch+015,245,15,235.988,-16.332,9.012
yaw245_pitch+020,245,20,232.583,-10.279,12.417
yaw245_pitch+025,245,25,225.683,-3.048,19.317
yaw245_pitch+030,245,30,216.890,3.169,28.110
yaw245_pitch+035,245,35,207.392,16.723,37.608
yaw245_pitch+040,245,40,213.475,24.676,31.525
yaw245_pitch+045,245,45,209.642,26.147,35.358
yaw245_pitch+050,245,50,218.750,33.015,26.250
yaw245_pitch+055,245,55,247.047,38.256,2.047
yaw245_pitch+060,245,60,280.550,46.931,35.550
yaw245_pitch+065,245,65,300.227,56.410,55.227
yaw245_pitch+070,245,70,260.970,68.517,15.970
yaw245_pitch+075,245,75,227.146,73.883,17.854
yaw245_pitch+080,245,80,214.443,83.266,30.557
yaw245_pitch+085,245,85,215.110,84.494,29.890
yaw245_pitch+090,245,90,215.333,89.970,29.667
yaw250_pitch-090,250,-90,277.145,-89.922,27.145
yaw250_pitch-085,250,-85,276.453,-85.538,26.453
yaw250_pitch-080,250,-80,279.885,-69.948,29.885
yaw250_pitch-075,250,-75,282.276,-72.499,32.276
yaw250_pitch-070,250,-70,286.790,-64.289,36.790
yaw250_pitch-065,250,-65,296.443,-59.953,46.443
yaw250_pitch-060,250,-60,301.584,-56.425,51.584
yaw250_pitch-055,250,-55,301.601,-51.575,51.601
yaw250_pitch-050,250,-50,304.787,-50.552,54.787
yaw250_pitch-045,250,-45,306.000,-48.609,56.000
yaw250_pitch-040,250,-40,307.472,-49.524,57.472
yaw250_pitch-035,250,-35,303.863,-45.878,53.863
yaw250_pitch-030,250,-30,300.437,-52.852,50.437
yaw250_pitch-025,250,-25,293.053,-51.859,43.053
yaw250_pitch-020,250,-20,286.716,-50.364,36.716
yaw250_pitch-015,250,-15,293.545,-48.169,43.545
yaw250_pitch-010,250,-10,289.122,-42.962,39.122
yaw250_pitch-005,250,-5,279.200,-35.884,29.200
yaw250_pitch+000,250,0,282.922,-26.705,32.922
yaw250_pitch+005,250,5,273.815,-21.577,23.815
yaw250_pitch+010,250,10,260.947,-19.251,10.947
yaw250_pitch+015,250,15,251.236,-16.571,1.236
yaw250_pitch+020,250,20,258.818,-10.323,8.818
yaw250_pitch+025,250,25,244.854,-2.813,5.146
yaw250_pitch+030,250,30,248.105,0.694,1.895
yaw250_pitch+035,250,35,227.079,10.362,22.921
yaw250_pitch+040,250,40,242.024,14.594,7.976
yaw250_pitch+045,250,45,231.588,22.227,18.412
yaw250_pitch+050,250,50,245.642,31.308,4.358
yaw250_pitch+055,250,55,247.988,36.123,2.012
yaw250_pitch+060,250,60,244.119,41.547,5.881
yaw250_pitch+065,250,65,239.806,54.159,10.194
yaw250_pitch+070,250,70,234.386,63.789,15.614
yaw250_pitch+075,250,75,226.425,72.087,23.575
yaw250_pitch+080,250,80,221.759,78.729,28.241
yaw250_pitch+085,250,85,218.895,83.066,31.105
yaw250_pitch+090,250,90,220.842,89.174,29.158
yaw255_pitch-090,255,-90,283.895,-90.000,28.895
yaw255_pitch-085,255,-85,284.500,-86.196,29.500
yaw255_pitch-080,255,-80,283.084,-78.583,28.084
yaw255_pitch-075,255,-75,282.936,-71.670,27.936
yaw255_pitch-070,255,-70,290.737,-64.356,35.737
yaw255_pitch-065,255,-65,291.243,-61.955,36.243
yaw255_pitch-060,255,-60,300.069,-55.254,45.069
yaw255_pitch-055,255,-55,294.737,-51.240,39.737
yaw255_pitch-050,255,-50,301.351,-48.857,46.351
yaw255_pitch-045,255,-45,301.044,-46.143,46.044
yaw255_pitch-040,255,-40,301.077,-50.393,46.077
yaw255_pitch-035,255,-35,300.339,-47.941,45.339
yaw255_pitch-030,255,-30,296.076,-47.050,41.076
yaw255_pitch-025,255,-25,295.380,-49.575,40.380
yaw255_pitch-020,255,-20,296.170,-48.155,41.170
yaw255_pitch-015,255,-15,298.306,-45.214,43.306
yaw255_pitch-010,255,-10,297.852,-39.791,42.852
yaw255_pitch-005,255,-5,306.278,-33.723,51.278
yaw255_pitch+000,255,0,310.593,-25.428,55.593
yaw255_pitch+005,255,5,304.367,-21.518,49.367
yaw255_pitch+010,255,10,316.414,-16.384,61.414
yaw255_pitch+015,255,15,278.529,-15.465,23.529
yaw255_pitch+020,255,20,275.177,-5.662,20.177
yaw255_pitch+025,255,25,264.111,0.002,9.111
yaw255_pitch+030,255,30,303.906,6.587,48.906
yaw255_pitch+035,255,35,310.263,12.298,55.263
yaw255_pitch+040,255,40,284.660,14.429,29.660
yaw255_pitch+045,255,45,264.224,27.737,9.224
yaw255_pitch+050,255,50,248.735,36.656,6.265
yaw255_pitch+055,255,55,254.060,40.271,0.940
yaw255_pitch+060,255,60,244.175,46.676,10.825
yaw255_pitch+065,255,65,232.119,55.503,22.881
yaw255_pitch+070,255,70,226.901,65.841,28.099
yaw255_pitch+075,255,75,226.565,71.984,28.435
yaw255_pitch+080,255,80,229.955,78.773,25.045
yaw255_pitch+085,255,85,226.317,84.229,28.683
yaw255_pitch+090,255,90,224.332,88.089,30.668
yaw260_pitch-090,260,-90,290.479,-90.000,30.479
yaw260_pitch-085,260,-85,289.431,-84.688,29.431
yaw260_pitch-080,260,-80,291.411,-79.302,31.411
yaw260_pitch-075,260,-75,290.961,-70.802,30.961
yaw260_pitch-070,260,-70,295.289,-64.947,35.289
yaw260_pitch-065,260,-65,296.105,-61.858,36.105
yaw260_pitch-060,260,-60,300.236,-54.703,40.236
yaw260_pitch-055,260,-55,302.464,-49.908,42.464
yaw260_pitch-050,260,-50,302.943,-51.081,42.943
yaw260_pitch-045,260,-45,302.721,-49.579,42.721
yaw260_pitch-040,260,-40,301.480,-49.314,41.480
yaw260_pitch-035,260,-35,297.519,-46.947,37.519
yaw260_pitch-030,260,-30,298.641,-46.899,38.641
yaw260_pitch-025,260,-25,295.096,-47.451,35.096
yaw260_pitch-020,260,-20,298.755,-45.272,38.755
yaw260_pitch-015,260,-15,310.544,-45.166,50.544
yaw260_pitch-010,260,-10,313.749,-38.778,53.749
yaw260_pitch-005,260,-5,321.859,-31.672,61.859
yaw260_pitch+000,260,0,328.922,-22.715,68.922
yaw260_pitch+005,260,5,333.532,-21.577,73.532
yaw260_pitch+010,260,10,336.599,-16.077,76.599
yaw260_pitch+015,260,15,329.171,-12.078,69.171
yaw260_pitch+020,260,20,316.187,-4.497,56.187
yaw260_pitch+025,260,25,300.482,4.977,40.482
yaw260_pitch+030,260,30,313.339,7.640,53.339
yaw260_pitch+035,260,35,304.308,10.829,44.308
yaw260_pitch+040,260,40,296.309,19.349,36.309
yaw260_pitch+045,260,45,278.201,29.432,18.201
yaw260_pitch+050,260,50,257.378,37.055,2.622
yaw260_pitch+055,260,55,260.844,42.173,0.844
yaw260_pitch+060,260,60,255.046,47.493,4.954
yaw260_pitch+065,260,65,245.785,51.489,14.215
yaw260_pitch+070,260,70,236.766,60.429,23.234
yaw260_pitch+075,260,75,238.700,72.463,21.300
yaw260_pitch+080,260,80,240.671,84.863,19.329
yaw260_pitch+085,260,85,238.794,85.274,21.206
yaw260_pitch+090,260,90,232.454,88.950,27.546
yaw265_pitch-090,265,-90,295.782,-86.266,30.782
yaw265_pitch-085,265,-85,296.275,-79.727,31.275
yaw265_pitch-080,265,-80,296.892,-79.230,31.892
yaw265_pitch-075,265,-75,298.651,-74.719,33.651
yaw265_pitch-070,265,-70,300.317,-69.365,35.317
yaw265_pitch-065,265,-65,301.329,-61.617,36.329
yaw265_pitch-060,265,-60,303.274,-57.854,38.274
yaw265_pitch-055,265,-55,303.110,-54.029,38.110
yaw265_pitch-050,265,-50,303.929,-50.572,38.929
yaw265_pitch-045,265,-45,306.025,-50.621,41.025
yaw265_pitch-040,265,-40,306.256,-49.821,41.256
yaw265_pitch-035,265,-35,302.917,-48.002,37.917
yaw265_pitch-030,265,-30,301.366,-47.252,36.366
yaw265_pitch-025,265,-25,306.786,-45.501,41.786
yaw265_pitch-020,265,-20,314.415,-45.689,49.415
yaw265_pitch-015,265,-15,318.587,-42.664,53.587
yaw265_pitch-010,265,-10,323.144,-38.315,58.144
yaw265_pitch-005,265,-5,334.105,-32.920,69.105
yaw265_pitch+000,265,0,345.129,-22.468,80.129
yaw265_pitch+005,265,5,350.292,-18.919,85.292
yaw265_pitch+010,265,10,352.581,-15.519,87.581
yaw265_pitch+015,265,15,349.517,-9.633,84.517
yaw265_pitch+020,265,20,341.887,-2.171,76.887
yaw265_pitch+025,265,25,327.238,5.302,62.238
yaw265_pitch+030,265,30,316.065,9.523,51.065
yaw265_pitch+035,265,35,296.031,13.635,31.031
yaw265_pitch+040,265,40,287.444,13.952,22.444
yaw265_pitch+045,265,45,281.052,22.305,16.052
yaw265_pitch+050,265,50,266.752,34.611,1.752
yaw265_pitch+055,265,55,256.297,41.224,8.703
yaw265_pitch+060,265,60,248.916,46.493,16.084
yaw265_pitch+065,265,65,247.852,49.233,17.148
yaw265_pitch+070,265,70,246.614,56.329,18.386
yaw265_pitch+075,265,75,247.911,67.851,17.089
yaw265_pitch+080,265,80,245.207,84.084,19.793
yaw265_pitch+085,265,85,240.208,86.796,24.792
yaw265_pitch+090,265,90,235.893,87.627,29.107
yaw270_pitch-090,270,-90,298.880,-85.798,28.880
yaw270_pitch-085,270,-85,298.934,-85.143,28.934
yaw270_pitch-080,270,-80,302.930,-80.271,32.930
yaw270_pitch-075,270,-75,303.888,-78.634,33.888
yaw270_pitch-070,270,-70,305.443,-73.370,35.443
yaw270_pitch-065,270,-65,307.590,-69.388,37.590
yaw270_pitch-060,270,-60,307.622,-59.195,37.622
yaw270_pitch-055,270,-55,308.754,-55.351,38.754
yaw270_pitch-050,270,-50,309.149,-51.818,39.149
yaw270_pitch-045,270,-45,311.295,-51.485,41.295
yaw270_pitch-040,270,-40,311.734,-49.921,41.734
yaw270_pitch-035,270,-35,309.444,-49.555,39.444
yaw270_pitch-030,270,-30,310.765,-47.448,40.765
yaw270_pitch-025,270,-25,310.237,-50.212,40.237
yaw270_pitch-020,270,-20,319.971,-45.970,49.971
yaw270_pitch-015,270,-15,323.802,-44.249,53.802
yaw270_pitch-010,270,-10,333.436,-37.933,63.436
yaw270_pitch-005,270,-5,344.866,-31.123,74.866
yaw270_pitch+000,270,0,353.729,-22.141,83.729
yaw270_pitch+005,270,5,357.536,-16.869,87.536
yaw270_pitch+010,270,10,4.655,-15.176,94.655
yaw270_pitch+015,270,15,355.995,-7.787,85.995
yaw270_pitch+020,270,20,348.233,-4.709,78.233
yaw270_pitch+025,270,25,341.281,1.034,71.281
yaw270_pitch+030,270,30,328.367,5.300,58.367
yaw270_pitch+035,270,35,310.679,11.907,40.679
yaw270_pitch+040,270,40,286.266,16.995,16.266
yaw270_pitch+045,270,45,273.083,17.665,3.083
yaw270_pitch+050,270,50,267.104,27.957,2.896
yaw270_pitch+055,270,55,261.022,37.784,8.978
yaw270_pitch+060,270,60,253.267,44.384,16.733
yaw270_pitch+065,270,65,249.020,49.404,20.980
yaw270_pitch+070,270,70,245.772,56.910,24.228
yaw270_pitch+075,270,75,247.059,65.940,22.941
yaw270_pitch+080,270,80,241.363,80.365,28.637
yaw270_pitch+085,270,85,240.259,82.975,29.741
yaw270_pitch+090,270,90,240.481,89.624,29.519
yaw275_pitch-090,275,-90,302.427,-84.455,27.427
yaw275_pitch-085,275,-85,304.976,-83.670,29.976
yaw275_pitch-080,275,-80,307.223,-81.245,32.223
yaw275_pitch-075,275,-75,308.840,-76.311,33.840
yaw275_pitch-070,275,-70,310.277,-69.984,35.277
yaw275_pitch-065,275,-65,312.019,-66.614,37.019
yaw275_pitch-060,275,-60,313.819,-60.638,38.819
yaw275_pitch-055,275,-55,316.238,-58.248,41.238
yaw275_pitch-050,275,-50,316.549,-54.109,41.549
yaw275_pitch-045,275,-45,315.344,-53.652,40.344
yaw275_pitch-040,275,-40,318.922,-51.584,43.922
yaw275_pitch-035,275,-35,318.464,-51.808,43.464
yaw275_pitch-030,275,-30,317.130,-48.789,42.130
yaw275_pitch-025,275,-25,318.749,-48.123,43.749
yaw275_pitch-020,275,-20,325.467,-45.762,50.467
yaw275_pitch-015,275,-15,331.246,-41.568,56.246
yaw275_pitch-010,275,-10,336.422,-36.054,61.422
yaw275_pitch-005,275,-5,348.738,-29.164,73.738
yaw275_pitch+000,275,0,2.254,-19.414,87.254
yaw275_pitch+005,275,5,359.546,-14.006,84.546
yaw275_pitch+010,275,10,3.775,-10.974,88.775
yaw275_pitch+015,275,15,357.451,-8.194,82.451
yaw275_pitch+020,275,20,357.806,-7.584,82.806
yaw275_pitch+025,275,25,342.481,-1.519,67.481
yaw275_pitch+030,275,30,330.832,0.308,55.832
yaw275_pitch+035,275,35,310.998,7.982,35.998
yaw275_pitch+040,275,40,291.434,15.597,16.434
yaw275_pitch+045,275,45,279.668,20.164,4.668
yaw275_pitch+050,275,50,270.414,25.355,4.586
yaw275_pitch+055,275,55,265.125,29.022,9.875
yaw275_pitch+060,275,60,259.561,42.196,15.439
yaw275_pitch+065,275,65,253.395,48.450,21.605
yaw275_pitch+070,275,70,251.294,60.428,23.706
yaw275_pitch+075,275,75,247.203,64.295,27.797
yaw275_pitch+080,275,80,244.315,75.438,30.685
yaw275_pitch+085,275,85,244.047,80.977,30.953
yaw275_pitch+090,275,90,245.976,90.000,29.024
yaw280_pitch-090,280,-90,308.591,-87.609,28.591
yaw280_pitch-085,280,-85,309.159,-89.353,29.159
yaw280_pitch-080,280,-80,312.823,-82.677,32.823
yaw280_pitch-075,280,-75,313.105,-79.253,33.105
yaw280_pitch-070,280,-70,315.174,-70.738,35.174
yaw280_pitch-065,280,-65,316.327,-64.090,36.327
yaw280_pitch-060,280,-60,317.180,-57.578,37.180
yaw280_pitch-055,280,-55,320.597,-56.416,40.597
yaw280_pitch-050,280,-50,318.921,-54.532,38.921
yaw280_pitch-045,280,-45,319.781,-55.080,39.781
yaw280_pitch-040,280,-40,323.532,-53.756,43.532
yaw280_pitch-035,280,-35,323.542,-54.124,43.542
yaw280_pitch-030,280,-30,326.169,-52.104,46.169
yaw280_pitch-025,280,-25,327.110,-49.014,47.110
yaw280_pitch-020,280,-20,333.435,-45.783,53.435
yaw280_pitch-015,280,-15,338.290,-41.229,58.290
yaw280_pitch-010,280,-10,342.162,-35.739,62.162
yaw280_pitch-005,280,-5,347.780,-28.552,67.780
yaw280_pitch+000,280,0,355.435,-16.328,75.435
yaw280_pitch+005,280,5,358.711,-12.417,78.711
yaw280_pitch+010,280,10,359.813,-7.240,79.813
yaw280_pitch+015,280,15,0.145,-7.503,80.145
yaw280_pitch+020,280,20,353.064,-7.584,73.064
yaw280_pitch+025,280,25,344.148,-4.906,64.148
yaw280_pitch+030,280,30,332.994,-0.817,52.994
yaw280_pitch+035,280,35,319.513,7.088,39.513
yaw280_pitch+040,280,40,296.594,12.116,16.594
yaw280_pitch+045,280,45,282.671,17.985,2.671
yaw280_pitch+050,280,50,276.106,23.130,3.894
yaw280_pitch+055,280,55,270.509,28.969,9.491
yaw280_pitch+060,280,60,264.642,39.704,15.358
yaw280_pitch+065,280,65,263.814,47.085,16.186
yaw280_pitch+070,280,70,257.086,60.400,22.914
yaw280_pitch+075,280,75,256.018,66.942,23.982
yaw280_pitch+080,280,80,252.380,76.032,27.620
yaw280_pitch+085,280,85,254.364,84.693,25.636
yaw280_pitch+090,280,90,247.731,86.760,32.269
yaw285_pitch-090,285,-90,313.502,-87.216,28.502
yaw285_pitch-085,285,-85,313.697,-85.689,28.697
yaw285_pitch-080,285,-80,314.395,-80.323,29.395
yaw285_pitch-075,285,-75,316.690,-76.089,31.690
yaw285_pitch-070,285,-70,317.973,-65.425,32.973
yaw285_pitch-065,285,-65,320.778,-58.080,35.778
yaw285_pitch-060,285,-60,323.490,-57.250,38.490
yaw285_pitch-055,285,-55,323.309,-55.790,38.309
yaw285_pitch-050,285,-50,321.909,-56.826,36.909
yaw285_pitch-045,285,-45,322.186,-52.985,37.186
yaw285_pitch-040,285,-40,324.840,-53.485,39.840
yaw285_pitch-035,285,-35,327.544,-54.368,42.544
yaw285_pitch-030,285,-30,329.486,-53.079,44.486
yaw285_pitch-025,285,-25,335.349,-52.111,50.349
yaw285_pitch-020,285,-20,336.405,-47.390,51.405
yaw285_pitch-015,285,-15,341.501,-41.913,56.501
yaw285_pitch-010,285,-10,345.991,-35.386,60.991
yaw285_pitch-005,285,-5,349.366,-27.873,64.366
yaw285_pitch+000,285,0,350.801,-16.498,65.801
yaw285_pitch+005,285,5,352.207,-10.619,67.207
yaw285_pitch+010,285,10,350.861,-8.292,65.861
yaw285_pitch+015,285,15,350.696,-8.889,65.696
yaw285_pitch+020,285,20,341.512,-6.415,56.512
yaw285_pitch+025,285,25,337.665,-6.882,52.665
yaw285_pitch+030,285,30,329.022,-4.798,44.022
yaw285_pitch+035,285,35,314.581,3.824,29.581
yaw285_pitch+040,285,40,304.725,7.311,19.725
yaw285_pitch+045,285,45,289.103,17.610,4.103
yaw285_pitch+050,285,50,286.054,22.171,1.054
yaw285_pitch+055,285,55,282.332,27.303,2.668
yaw285_pitch+060,285,60,275.224,36.945,9.776
yaw285_pitch+065,285,65,269.209,49.799,15.791
yaw285_pitch+070,285,70,261.166,58.968,23.834
yaw285_pitch+075,285,75,257.478,65.821,27.522
yaw285_pitch+080,285,80,256.579,75.355,28.421
yaw285_pitch+085,285,85,261.905,82.129,23.095
yaw285_pitch+090,285,90,251.938,86.168,33.062
yaw290_pitch-090,290,-90,316.952,-84.834,26.952
yaw290_pitch-085,290,-85,317.606,-80.786,27.606
yaw290_pitch-080,290,-80,317.143,-74.174,27.143
yaw290_pitch-075,290,-75,322.701,-71.547,32.701
yaw290_pitch-070,290,-70,325.056,-59.629,35.056
yaw290_pitch-065,290,-65,324.307,-57.981,34.307
yaw290_pitch-060,290,-60,325.247,-57.206,35.247
yaw290_pitch-055,290,-55,323.263,-57.127,33.263
yaw290_pitch-050,290,-50,326.015,-54.706,36.015
yaw290_pitch-045,290,-45,328.388,-56.337,38.388
yaw290_pitch-040,290,-40,328.924,-53.756,38.924
yaw290_pitch-035,290,-35,328.053,-54.957,38.053
yaw290_pitch-030,290,-30,328.985,-53.805,38.985
yaw290_pitch-025,290,-25,332.978,-51.328,42.978
yaw290_pitch-020,290,-20,338.280,-47.701,48.280
yaw290_pitch-015,290,-15,344.534,-40.806,54.534
yaw290_pitch-010,290,-10,344.164,-36.467,54.164
yaw290_pitch-005,290,-5,344.652,-28.477,54.652
yaw290_pitch+000,290,0,347.153,-15.624,57.153
yaw290_pitch+005,290,5,342.868,-9.248,52.868
yaw290_pitch+010,290,10,338.589,-8.516,48.589
yaw290_pitch+015,290,15,338.376,-7.502,48.376
yaw290_pitch+020,290,20,333.984,-8.506,43.984
yaw290_pitch+025,290,25,329.301,-7.672,39.301
yaw290_pitch+030,290,30,323.671,-4.411,33.671
yaw290_pitch+035,290,35,314.076,0.243,24.076
yaw290_pitch+040,290,40,301.698,7.190,11.698
yaw290_pitch+045,290,45,298.288,17.190,8.288
yaw290_pitch+050,290,50,296.088,19.027,6.088
yaw290_pitch+055,290,55,295.597,26.273,5.597
yaw290_pitch+060,290,60,294.829,33.138,4.829
yaw290_pitch+065,290,65,278.744,45.224,11.256
yaw290_pitch+070,290,70,269.510,63.727,20.490
yaw290_pitch+075,290,75,267.337,70.488,22.663
yaw290_pitch+080,290,80,263.598,77.465,26.402
yaw290_pitch+085,290,85,261.471,82.250,28.529
yaw290_pitch+090,290,90,259.927,90.000,30.073
yaw295_pitch-090,295,-90,324.194,-80.131,29.194
yaw295_pitch-085,295,-85,323.620,-81.246,28.620
yaw295_pitch-080,295,-80,326.546,-74.787,31.546
yaw295_pitch-075,295,-75,330.292,-68.329,35.292
yaw295_pitch-070,295,-70,332.376,-60.378,37.376
yaw295_pitch-065,295,-65,333.429,-58.970,38.429
yaw295_pitch-060,295,-60,332.106,-59.619,37.106
yaw295_pitch-055,295,-55,329.184,-59.667,34.184
yaw295_pitch-050,295,-50,331.865,-56.176,36.865
yaw295_pitch-045,295,-45,332.999,-56.465,37.999
yaw295_pitch-040,295,-40,332.792,-54.746,37.792
yaw295_pitch-035,295,-35,332.325,-54.535,37.325
yaw295_pitch-030,295,-30,330.606,-54.958,35.606
yaw295_pitch-025,295,-25,334.850,-51.026,39.850
yaw295_pitch-020,295,-20,337.091,-45.192,42.091
yaw295_pitch-015,295,-15,338.896,-40.879,43.896
yaw295_pitch-010,295,-10,341.653,-37.318,46.653
yaw295_pitch-005,295,-5,341.606,-29.114,46.606
yaw295_pitch+000,295,0,344.072,-16.388,49.072
yaw295_pitch+005,295,5,337.964,-10.083,42.964
yaw295_pitch+010,295,10,335.307,-7.026,40.307
yaw295_pitch+015,295,15,329.892,-7.095,34.892
yaw295_pitch+020,295,20,325.777,-7.156,30.777
yaw295_pitch+025,295,25,322.643,-5.770,27.643
yaw295_pitch+030,295,30,318.440,-4.933,23.440
yaw295_pitch+035,295,35,311.774,0.205,16.774
yaw295_pitch+040,295,40,309.228,8.516,14.228
yaw295_pitch+045,295,45,305.326,17.040,10.326
yaw295_pitch+050,295,50,308.418,23.282,13.418
yaw295_pitch+055,295,55,305.979,26.130,10.979
yaw295_pitch+060,295,60,298.296,42.370,3.296
yaw295_pitch+065,295,65,288.900,53.273,6.100
yaw295_pitch+070,295,70,280.441,66.713,14.559
yaw295_pitch+075,295,75,275.518,72.110,19.482
yaw295_pitch+080,295,80,271.717,78.600,23.283
yaw295_pitch+085,295,85,266.384,81.964,28.616
yaw295_pitch+090,295,90,266.021,88.131,28.979
yaw300_pitch-090,300,-90,329.823,-79.217,29.823
yaw300_pitch-085,300,-85,331.309,-78.957,31.309
yaw300_pitch-080,300,-80,334.217,-75.195,34.217
yaw300_pitch-075,300,-75,338.665,-65.808,38.665
yaw300_pitch-070,300,-70,334.475,-60.553,34.475
yaw300_pitch-065,300,-65,333.051,-59.424,33.051
yaw300_pitch-060,300,-60,336.866,-58.810,36.866
yaw300_pitch-055,300,-55,338.571,-58.946,38.571
yaw300_pitch-050,300,-50,337.393,-56.333,37.393
yaw300_pitch-045,300,-45,340.747,-57.381,40.747
yaw300_pitch-040,300,-40,341.660,-54.459,41.660
yaw300_pitch-035,300,-35,337.195,-54.873,37.195
yaw300_pitch-030,300,-30,337.455,-53.397,37.455
yaw300_pitch-025,300,-25,336.048,-51.319,36.048
yaw300_pitch-020,300,-20,338.514,-46.988,38.514
yaw300_pitch-015,300,-15,336.205,-40.532,36.205
yaw300_pitch-010,300,-10,339.330,-37.245,39.330
yaw300_pitch-005,300,-5,339.723,-29.542,39.723
yaw300_pitch+000,300,0,340.004,-15.190,40.004
yaw300_pitch+005,300,5,336.186,-9.042,36.186
yaw300_pitch+010,300,10,328.838,-7.011,28.838
yaw300_pitch+015,300,15,325.235,-6.641,25.235
yaw300_pitch+020,300,20,319.811,-7.287,19.811
yaw300_pitch+025,300,25,315.248,-6.941,15.248
yaw300_pitch+030,300,30,310.284,-6.062,10.284
yaw300_pitch+035,300,35,310.186,0.683,10.186
yaw300_pitch+040,300,40,309.790,3.955,9.790
yaw300_pitch+045,300,45,309.466,13.378,9.466
yaw300_pitch+050,300,50,307.753,22.165,7.753
yaw300_pitch+055,300,55,305.255,37.405,5.255
yaw300_pitch+060,300,60,293.391,50.553,6.609
yaw300_pitch+065,300,65,287.677,57.944,12.323
yaw300_pitch+070,300,70,286.705,64.958,13.295
yaw300_pitch+075,300,75,276.851,70.546,23.149
yaw300_pitch+080,300,80,275.654,79.826,24.346
yaw300_pitch+085,300,85,273.059,82.786,26.941
yaw300_pitch+090,300,90,273.588,89.808,26.412
yaw305_pitch-090,305,-90,336.195,-81.231,31.195
yaw305_pitch-085,305,-85,333.308,-80.783,28.308
yaw305_pitch-080,305,-80,341.489,-73.459,36.489
yaw305_pitch-075,305,-75,342.678,-69.947,37.678
yaw305_pitch-070,305,-70,344.809,-60.287,39.809
yaw305_pitch-065,305,-65,342.698,-61.213,37.698
yaw305_pitch-060,305,-60,341.887,-60.278,36.887
yaw305_pitch-055,305,-55,346.610,-58.109,41.610
yaw305_pitch-050,305,-50,347.356,-57.768,42.356
yaw305_pitch-045,305,-45,346.361,-56.307,41.361
yaw305_pitch-040,305,-40,351.682,-55.027,46.682
yaw305_pitch-035,305,-35,349.160,-56.473,44.160
yaw305_pitch-030,305,-30,345.683,-53.758,40.683
yaw305_pitch-025,305,-25,345.515,-50.137,40.515
yaw305_pitch-020,305,-20,342.615,-47.233,37.615
yaw305_pitch-015,305,-15,344.435,-43.122,39.435
yaw305_pitch-010,305,-10,342.579,-34.816,37.579
yaw305_pitch-005,305,-5,338.044,-28.965,33.044
yaw305_pitch+000,305,0,335.833,-15.902,30.833
yaw305_pitch+005,305,5,332.519,-10.941,27.519
yaw305_pitch+010,305,10,326.712,-8.071,21.712
yaw305_pitch+015,305,15,321.199,-7.915,16.199
yaw305_pitch+020,305,20,311.342,-7.846,6.342
yaw305_pitch+025,305,25,306.160,-7.550,1.160
yaw305_pitch+030,305,30,306.473,-5.668,1.473
yaw305_pitch+035,305,35,306.927,-2.038,1.927
yaw305_pitch+040,305,40,304.266,10.893,0.734
yaw305_pitch+045,305,45,305.022,20.245,0.022
yaw305_pitch+050,305,50,304.362,33.167,0.638
yaw305_pitch+055,305,55,297.358,39.975,7.642
yaw305_pitch+060,305,60,290.509,46.182,14.491
yaw305_pitch+065,305,65,287.787,62.738,17.213
yaw305_pitch+070,305,70,285.071,67.887,19.929
yaw305_pitch+075,305,75,282.249,73.550,22.751
yaw305_pitch+080,305,80,278.757,80.028,26.243
yaw305_pitch+085,305,85,273.281,82.213,31.719
yaw305_pitch+090,305,90,276.703,90.000,28.297
yaw310_pitch-090,310,-90,340.632,-87.394,30.632
yaw310_pitch-085,310,-85,336.994,-83.020,26.994
yaw310_pitch-080,310,-80,341.236,-78.497,31.236
yaw310_pitch-075,310,-75,345.600,-67.919,35.600
yaw310_pitch-070,310,-70,350.740,-63.187,40.740
yaw310_pitch-065,310,-65,349.620,-62.975,39.620
yaw310_pitch-060,310,-60,353.173,-62.273,43.173
yaw310_pitch-055,310,-55,359.101,-62.534,49.101
yaw310_pitch-050,310,-50,355.496,-58.847,45.496
yaw310_pitch-045,310,-45,0.452,-55.380,50.452
yaw310_pitch-040,310,-40,0.837,-56.903,50.837
yaw310_pitch-035,310,-35,359.388,-54.389,49.388
yaw310_pitch-030,310,-30,357.629,-54.656,47.629
yaw310_pitch-025,310,-25,356.470,-51.705,46.470
yaw310_pitch-020,310,-20,352.611,-47.448,42.611
yaw310_pitch-015,310,-15,349.285,-41.429,39.285
yaw310_pitch-010,310,-10,347.492,-34.840,37.492
yaw310_pitch-005,310,-5,341.813,-26.742,31.813
yaw310_pitch+000,310,0,334.581,-17.340,24.581
yaw310_pitch+005,310,5,328.538,-10.726,18.538
yaw310_pitch+010,310,10,323.170,-8.114,13.170
yaw310_pitch+015,310,15,315.690,-8.108,5.690
yaw310_pitch+020,310,20,308.112,-10.054,1.888
yaw310_pitch+025,310,25,305.186,-11.067,4.814
yaw310_pitch+030,310,30,303.530,-7.222,6.470
yaw310_pitch+035,310,35,302.609,0.503,7.391
yaw310_pitch+040,310,40,302.767,12.763,7.233
yaw310_pitch+045,310,45,301.822,24.595,8.178
yaw310_pitch+050,310,50,300.399,34.576,9.601
yaw310_pitch+055,310,55,293.620,41.360,16.380
yaw310_pitch+060,310,60,291.841,50.742,18.159
yaw310_pitch+065,310,65,288.711,62.428,21.289
yaw310_pitch+070,310,70,285.877,64.385,24.123
yaw310_pitch+075,310,75,287.019,72.365,22.981
yaw310_pitch+080,310,80,281.109,81.608,28.891
yaw310_pitch+085,310,85,281.035,83.731,28.965
yaw310_pitch+090,310,90,281.381,88.425,28.619
yaw315_pitch-090,315,-90,343.640,-90.000,28.640
yaw315_pitch-085,315,-85,339.790,-87.195,24.790
yaw315_pitch-080,315,-80,344.797,-81.281,29.797
yaw315_pitch-075,315,-75,349.788,-75.828,34.788
yaw315_pitch-070,315,-70,358.032,-69.902,43.032
yaw315_pitch-065,315,-65,359.630,-66.057,44.630
yaw315_pitch-060,315,-60,1.012,-61.922,46.012
yaw315_pitch-055,315,-55,1.459,-62.379,46.459
yaw315_pitch-050,315,-50,9.320,-60.134,54.320
yaw315_pitch-045,315,-45,8.298,-57.826,53.298
yaw315_pitch-040,315,-40,9.762,-56.381,54.762
yaw315_pitch-035,315,-35,6.575,-53.517,51.575
yaw315_pitch-030,315,-30,4.632,-52.861,49.632
yaw315_pitch-025,315,-25,3.741,-52.058,48.741
yaw315_pitch-020,315,-20,359.557,-51.532,44.557
yaw315_pitch-015,315,-15,351.335,-44.196,36.335
yaw315_pitch-010,315,-10,347.140,-37.555,32.140
yaw315_pitch-005,315,-5,347.441,-32.704,32.441
yaw315_pitch+000,315,0,338.528,-18.741,23.528
yaw315_pitch+005,315,5,331.844,-13.162,16.844
yaw315_pitch+010,315,10,324.590,-9.636,9.590
yaw315_pitch+015,315,15,316.409,-10.098,1.409
yaw315_pitch+020,315,20,306.781,-12.852,8.219
yaw315_pitch+025,315,25,302.817,-13.101,12.183
yaw315_pitch+030,315,30,302.150,-8.648,12.850
yaw315_pitch+035,315,35,303.039,0.690,11.961
yaw315_pitch+040,315,40,304.669,14.751,10.331
yaw315_pitch+045,315,45,301.755,26.602,13.245
yaw315_pitch+050,315,50,301.536,35.987,13.464
yaw315_pitch+055,315,55,294.253,37.598,20.747
yaw315_pitch+060,315,60,292.071,54.397,22.929
yaw315_pitch+065,315,65,290.053,60.845,24.947
yaw315_pitch+070,315,70,290.580,67.602,24.420
yaw315_pitch+075,315,75,291.473,73.691,23.527
yaw315_pitch+080,315,80,288.587,82.306,26.413
yaw315_pitch+085,315,85,285.892,80.597,29.108
yaw315_pitch+090,315,90,287.643,88.199,27.357
yaw320_pitch-090,320,-90,344.900,-88.367,24.900
yaw320_pitch-085,320,-85,350.897,-85.273,30.897
yaw320_pitch-080,320,-80,350.353,-83.407,30.353
yaw320_pitch-075,320,-75,357.513,-77.528,37.513
yaw320_pitch-070,320,-70,5.736,-71.244,45.736
yaw320_pitch-065,320,-65,4.999,-68.768,44.999
yaw320_pitch-060,320,-60,10.684,-63.377,50.684
yaw320_pitch-055,320,-55,11.435,-61.166,51.435
yaw320_pitch-050,320,-50,15.123,-60.059,55.123
yaw320_pitch-045,320,-45,14.091,-58.506,54.091
yaw320_pitch-040,320,-40,12.849,-57.088,52.849
yaw320_pitch-035,320,-35,13.444,-56.769,53.444
yaw320_pitch-030,320,-30,13.176,-53.910,53.176
yaw320_pitch-025,320,-25,8.820,-51.712,48.820
yaw320_pitch-020,320,-20,357.824,-41.634,37.824
yaw320_pitch-015,320,-15,345.388,-35.797,25.388
yaw320_pitch-010,320,-10,342.393,-34.368,22.393
yaw320_pitch-005,320,-5,342.573,-35.474,22.573
yaw320_pitch+000,320,0,347.968,-23.147,27.968
yaw320_pitch+005,320,5,338.669,-14.161,18.669
yaw320_pitch+010,320,10,333.368,-11.027,13.368
yaw320_pitch+015,320,15,325.369,-12.293,5.369
yaw320_pitch+020,320,20,313.288,-12.663,6.712
yaw320_pitch+025,320,25,306.729,-11.407,13.271
yaw320_pitch+030,320,30,301.661,-7.667,18.339
yaw320_pitch+035,320,35,305.324,0.403,14.676
yaw320_pitch+040,320,40,306.657,18.221,13.343
yaw320_pitch+045,320,45,308.530,29.764,11.470
yaw320_pitch+050,320,50,308.151,39.000,11.849
yaw320_pitch+055,320,55,301.475,36.839,18.525
yaw320_pitch+060,320,60,299.255,53.126,20.745
yaw320_pitch+065,320,65,297.850,57.731,22.150
yaw320_pitch+070,320,70,298.594,70.197,21.406
yaw320_pitch+075,320,75,297.660,75.615,22.340
yaw320_pitch+080,320,80,292.881,78.632,27.119
yaw320_pitch+085,320,85,289.318,75.678,30.682
yaw320_pitch+090,320,90,293.480,84.155,26.520
yaw325_pitch-090,325,-90,351.441,-87.025,26.441
yaw325_pitch-085,325,-85,353.732,-83.028,28.732
yaw325_pitch-080,325,-80,357.599,-81.996,32.599
yaw325_pitch-075,325,-75,3.751,-78.215,38.751
yaw325_pitch-070,325,-70,7.781,-73.819,42.781
yaw325_pitch-065,325,-65,14.583,-66.492,49.583
yaw325_pitch-060,325,-60,15.968,-61.139,50.968
yaw325_pitch-055,325,-55,17.233,-59.458,52.233
yaw325_pitch-050,325,-50,16.517,-57.083,51.517
yaw325_pitch-045,325,-45,18.130,-52.347,53.130
yaw325_pitch-040,325,-40,17.251,-57.071,52.251
yaw325_pitch-035,325,-35,18.777,-53.568,53.777
yaw325_pitch-030,325,-30,16.903,-52.290,51.903
yaw325_pitch-025,325,-25,11.552,-49.797,46.552
yaw325_pitch-020,325,-20,356.483,-34.092,31.483
yaw325_pitch-015,325,-15,348.618,-29.778,23.618
yaw325_pitch-010,325,-10,343.373,-32.323,18.373
yaw325_pitch-005,325,-5,341.690,-34.637,16.690
yaw325_pitch+000,325,0,348.585,-27.171,23.585
yaw325_pitch+005,325,5,345.325,-17.093,20.325
yaw325_pitch+010,325,10,339.372,-11.529,14.372
yaw325_pitch+015,325,15,334.229,-12.279,9.229
yaw325_pitch+020,325,20,317.812,-12.481,7.188
yaw325_pitch+025,325,25,309.797,-10.441,15.203
yaw325_pitch+030,325,30,306.281,-7.986,18.719
yaw325_pitch+035,325,35,306.210,-0.774,18.790
yaw325_pitch+040,325,40,306.237,25.779,18.763
yaw325_pitch+045,325,45,310.841,37.353,14.159
yaw325_pitch+050,325,50,310.242,45.199,14.758
yaw325_pitch+055,325,55,310.656,49.956,14.344
yaw325_pitch+060,325,60,309.847,53.507,15.153
yaw325_pitch+065,325,65,308.815,66.866,16.185
yaw325_pitch+070,325,70,308.965,73.667,16.035
yaw325_pitch+075,325,75,307.835,78.050,17.165
yaw325_pitch+080,325,80,302.579,83.727,22.421
yaw325_pitch+085,325,85,299.019,77.070,25.981
yaw325_pitch+090,325,90,299.271,87.814,25.729
yaw330_pitch-090,330,-90,356.261,-83.082,26.261
yaw330_pitch-085,330,-85,1.663,-85.757,31.663
yaw330_pitch-080,330,-80,3.678,-84.798,33.678
yaw330_pitch-075,330,-75,8.611,-78.768,38.611
yaw330_pitch-070,330,-70,11.896,-71.836,41.896
yaw330_pitch-065,330,-65,15.579,-68.474,45.579
yaw330_pitch-060,330,-60,18.060,-60.649,48.060
yaw330_pitch-055,330,-55,18.927,-60.111,48.927
yaw330_pitch-050,330,-50,19.953,-64.471,49.953
yaw330_pitch-045,330,-45,19.382,-58.242,49.382
yaw330_pitch-040,330,-40,22.488,-56.365,52.488
yaw330_pitch-035,330,-35,23.316,-55.721,53.316
yaw330_pitch-030,330,-30,23.937,-50.984,53.937
yaw330_pitch-025,330,-25,14.722,-46.266,44.722
yaw330_pitch-020,330,-20,359.318,-35.927,29.318
yaw330_pitch-015,330,-15,348.171,-32.368,18.171
yaw330_pitch-010,330,-10,342.757,-33.143,12.757
yaw330_pitch-005,330,-5,344.611,-34.866,14.611
yaw330_pitch+000,330,0,355.200,-29.798,25.200
yaw330_pitch+005,330,5,356.277,-18.522,26.277
yaw330_pitch+010,330,10,349.226,-12.526,19.226
yaw330_pitch+015,330,15,338.767,-11.942,8.767
yaw330_pitch+020,330,20,328.558,-11.524,1.442
yaw330_pitch+025,330,25,322.198,-9.480,7.802
yaw330_pitch+030,330,30,315.932,-8.152,14.068
yaw330_pitch+035,330,35,314.124,-2.759,15.876
yaw330_pitch+040,330,40,313.977,12.719,16.023
yaw330_pitch+045,330,45,316.431,29.535,13.569
yaw330_pitch+050,330,50,317.061,39.883,12.939
yaw330_pitch+055,330,55,317.040,51.107,12.960
yaw330_pitch+060,330,60,317.709,61.304,12.291
yaw330_pitch+065,330,65,313.756,65.840,16.244
yaw330_pitch+070,330,70,313.102,73.844,16.898
yaw330_pitch+075,330,75,310.307,77.719,19.693
yaw330_pitch+080,330,80,308.636,82.838,21.364
yaw330_pitch+085,330,85,302.811,77.529,27.189
yaw330_pitch+090,330,90,304.252,82.492,25.748
yaw335_pitch-090,335,-90,359.470,-87.056,24.470
yaw335_pitch-085,335,-85,5.703,-86.560,30.703
yaw335_pitch-080,335,-80,9.280,-84.360,34.280
yaw335_pitch-075,335,-75,12.871,-84.430,37.871
yaw335_pitch-070,335,-70,17.353,-72.971,42.353
yaw335_pitch-065,335,-65,18.973,-67.207,43.973
yaw335_pitch-060,335,-60,20.967,-60.173,45.967
yaw335_pitch-055,335,-55,21.213,-57.251,46.213
yaw335_pitch-050,335,-50,21.698,-55.803,46.698
yaw335_pitch-045,335,-45,22.572,-58.611,47.572
yaw335_pitch-040,335,-40,23.949,-55.495,48.949
yaw335_pitch-035,335,-35,22.807,-50.614,47.807
yaw335_pitch-030,335,-30,21.160,-48.580,46.160
yaw335_pitch-025,335,-25,20.798,-44.189,45.798
yaw335_pitch-020,335,-20,10.583,-40.458,35.583
yaw335_pitch-015,335,-15,353.481,-34.697,18.481
yaw335_pitch-010,335,-10,349.636,-35.095,14.636
yaw335_pitch-005,335,-5,351.530,-35.759,16.530
yaw335_pitch+000,335,0,12.104,-27.268,37.104
yaw335_pitch+005,335,5,6.837,-18.143,31.837
yaw335_pitch+010,335,10,359.227,-14.448,24.227
yaw335_pitch+015,335,15,354.813,-13.454,19.813
yaw335_pitch+020,335,20,339.165,-10.224,4.165
yaw335_pitch+025,335,25,328.265,-5.362,6.735
yaw335_pitch+030,335,30,320.745,-5.587,14.255
yaw335_pitch+035,335,35,321.227,-1.544,13.773
yaw335_pitch+040,335,40,317.945,8.122,17.055
yaw335_pitch+045,335,45,319.842,29.514,15.158
yaw335_pitch+050,335,50,319.386,39.350,15.614
yaw335_pitch+055,335,55,320.606,48.006,14.394
yaw335_pitch+060,335,60,319.837,57.104,15.163
yaw335_pitch+065,335,65,316.141,65.814,18.859
yaw335_pitch+070,335,70,316.522,72.533,18.478
yaw335_pitch+075,335,75,315.685,76.314,19.315
yaw335_pitch+080,335,80,313.440,81.921,21.560
yaw335_pitch+085,335,85,306.884,80.780,28.116
yaw335_pitch+090,335,90,306.662,84.565,28.338
yaw340_pitch-090,340,-90,8.003,-88.921,28.003
yaw340_pitch-085,340,-85,8.723,-86.393,28.723
yaw340_pitch-080,340,-80,13.235,-79.749,33.235
yaw340_pitch-075,340,-75,16.458,-78.850,36.458
yaw340_pitch-070,340,-70,20.481,-74.503,40.481
yaw340_pitch-065,340,-65,21.138,-71.372,41.138
yaw340_pitch-060,340,-60,20.215,-62.266,40.215
yaw340_pitch-055,340,-55,24.168,-54.893,44.168
yaw340_pitch-050,340,-50,23.876,-55.756,43.876
yaw340_pitch-045,340,-45,26.351,-57.138,46.351
yaw340_pitch-040,340,-40,24.192,-53.356,44.192
yaw340_pitch-035,340,-35,26.442,-51.332,46.442
yaw340_pitch-030,340,-30,24.473,-45.616,44.473
yaw340_pitch-025,340,-25,22.747,-42.635,42.747
yaw340_pitch-020,340,-20,21.815,-43.457,41.815
yaw340_pitch-015,340,-15,11.817,-40.406,31.817
yaw340_pitch-010,340,-10,11.427,-37.453,31.427
yaw340_pitch-005,340,-5,15.406,-33.807,35.406
yaw340_pitch+000,340,0,11.222,-24.880,31.222
yaw340_pitch+005,340,5,10.591,-19.607,30.591
yaw340_pitch+010,340,10,5.988,-14.900,25.988
yaw340_pitch+015,340,15,0.993,-13.130,20.993
yaw340_pitch+020,340,20,353.698,-12.157,13.698
yaw340_pitch+025,340,25,340.717,-6.893,0.717
yaw340_pitch+030,340,30,332.907,-2.570,7.093
yaw340_pitch+035,340,35,329.184,1.095,10.816
yaw340_pitch+040,340,40,323.088,11.342,16.912
yaw340_pitch+045,340,45,320.027,24.603,19.973
yaw340_pitch+050,340,50,324.021,35.644,15.979
yaw340_pitch+055,340,55,325.068,43.277,14.932
yaw340_pitch+060,340,60,324.503,54.071,15.497
yaw340_pitch+065,340,65,320.261,64.996,19.739
yaw340_pitch+070,340,70,315.098,69.810,24.902
yaw340_pitch+075,340,75,316.552,74.738,23.448
yaw340_pitch+080,340,80,314.064,75.880,25.936
yaw340_pitch+085,340,85,311.220,82.707,28.780
yaw340_pitch+090,340,90,308.392,83.484,31.608
yaw345_pitch-090,345,-90,10.832,-88.101,25.832
yaw345_pitch-085,345,-85,15.092,-83.712,30.092
yaw345_pitch-080,345,-80,17.380,-83.844,32.380
yaw345_pitch-075,345,-75,20.694,-78.072,35.694
yaw345_pitch-070,345,-70,21.496,-74.309,36.496
yaw345_pitch-065,345,-65,21.097,-70.859,36.097
yaw345_pitch-060,345,-60,23.928,-60.147,38.928
yaw345_pitch-055,345,-55,24.928,-56.069,39.928
yaw345_pitch-050,345,-50,25.829,-55.100,40.829
yaw345_pitch-045,345,-45,24.268,-53.231,39.268
yaw345_pitch-040,345,-40,25.499,-52.726,40.499
yaw345_pitch-035,345,-35,23.088,-47.467,38.088
yaw345_pitch-030,345,-30,24.530,-46.494,39.530
yaw345_pitch-025,345,-25,22.461,-41.145,37.461
yaw345_pitch-020,345,-20,17.712,-40.466,32.712
yaw345_pitch-015,345,-15,22.600,-39.312,37.600
yaw345_pitch-010,345,-10,14.738,-33.393,29.738
yaw345_pitch-005,345,-5,14.798,-29.770,29.798
yaw345_pitch+000,345,0,15.068,-26.383,30.068
yaw345_pitch+005,345,5,13.426,-19.341,28.426
yaw345_pitch+010,345,10,11.375,-14.937,26.375
yaw345_pitch+015,345,15,5.009,-12.583,20.009
yaw345_pitch+020,345,20,5.739,-11.246,20.739
yaw345_pitch+025,345,25,353.407,-8.080,8.407
yaw345_pitch+030,345,30,343.937,-5.676,1.063
yaw345_pitch+035,345,35,335.027,3.275,9.973
yaw345_pitch+040,345,40,333.484,10.871,11.516
yaw345_pitch+045,345,45,327.526,28.234,17.474
yaw345_pitch+050,345,50,327.268,36.345,17.732
yaw345_pitch+055,345,55,330.222,47.559,14.778
yaw345_pitch+060,345,60,331.365,60.437,13.635
yaw345_pitch+065,345,65,328.771,64.636,16.229
yaw345_pitch+070,345,70,324.797,68.956,20.203
yaw345_pitch+075,345,75,320.156,71.274,24.844
yaw345_pitch+080,345,80,317.952,74.896,27.048
yaw345_pitch+085,345,85,315.737,81.987,29.263
yaw345_pitch+090,345,90,313.446,82.172,31.554
yaw350_pitch-090,350,-90,16.071,-86.897,26.071
yaw350_pitch-085,350,-85,18.660,-83.985,28.660
yaw350_pitch-080,350,-80,19.707,-83.337,29.707
yaw350_pitch-075,350,-75,22.283,-78.394,32.283
yaw350_pitch-070,350,-70,22.988,-70.773,32.988
yaw350_pitch-065,350,-65,23.708,-66.586,33.708
yaw350_pitch-060,350,-60,25.926,-64.770,35.926
yaw350_pitch-055,350,-55,25.416,-54.518,35.416
yaw350_pitch-050,350,-50,25.745,-52.041,35.745
yaw350_pitch-045,350,-45,24.901,-50.755,34.901
yaw350_pitch-040,350,-40,22.206,-47.534,32.206
yaw350_pitch-035,350,-35,24.436,-47.698,34.436
yaw350_pitch-030,350,-30,25.808,-43.663,35.808
yaw350_pitch-025,350,-25,21.887,-41.023,31.887
yaw350_pitch-020,350,-20,19.586,-40.631,29.586
yaw350_pitch-015,350,-15,16.877,-37.491,26.877
yaw350_pitch-010,350,-10,18.503,-35.253,28.503
yaw350_pitch-005,350,-5,15.387,-30.880,25.387
yaw350_pitch+000,350,0,14.113,-26.360,24.113
yaw350_pitch+005,350,5,15.498,-18.390,25.498
yaw350_pitch+010,350,10,14.606,-16.274,24.606
yaw350_pitch+015,350,15,6.765,-13.363,16.765
yaw350_pitch+020,350,20,10.801,-11.965,20.801
yaw350_pitch+025,350,25,2.548,-10.821,12.548
yaw350_pitch+030,350,30,354.299,-1.742,4.299
yaw350_pitch+035,350,35,346.979,7.446,3.021
yaw350_pitch+040,350,40,349.587,10.229,0.413
yaw350_pitch+045,350,45,345.123,24.773,4.877
yaw350_pitch+050,350,50,337.538,38.533,12.462
yaw350_pitch+055,350,55,334.831,47.812,15.169
yaw350_pitch+060,350,60,335.009,60.000,14.991
yaw350_pitch+065,350,65,335.279,63.061,14.721
yaw350_pitch+070,350,70,333.503,70.967,16.497
yaw350_pitch+075,350,75,326.969,74.521,23.031
yaw350_pitch+080,350,80,323.603,74.829,26.397
yaw350_pitch+085,350,85,319.132,78.701,30.868
yaw350_pitch+090,350,90,313.379,86.378,36.621
yaw355_pitch-090,355,-90,25.021,-88.302,30.021
yaw355_pitch-085,355,-85,24.724,-87.288,29.724
yaw355_pitch-080,355,-80,24.884,-81.609,29.884
yaw355_pitch-075,355,-75,24.806,-74.738,29.806
yaw355_pitch-070,355,-70,25.723,-69.333,30.723
yaw355_pitch-065,355,-65,25.792,-60.779,30.792
yaw355_pitch-060,355,-60,24.893,-43.887,29.893
yaw355_pitch-055,355,-55,26.381,-50.404,31.381
yaw355_pitch-050,355,-50,26.987,-49.073,31.987
yaw355_pitch-045,355,-45,24.835,-46.596,29.835
yaw355_pitch-040,355,-40,25.450,-47.212,30.450
yaw355_pitch-035,355,-35,22.060,-45.768,27.060
yaw355_pitch-030,355,-30,24.323,-42.814,29.323
yaw355_pitch-025,355,-25,24.329,-41.024,29.329
yaw355_pitch-020,355,-20,21.650,-41.332,26.650
yaw355_pitch-015,355,-15,19.079,-37.715,24.079
yaw355_pitch-010,355,-10,20.167,-34.552,25.167
yaw355_pitch-005,355,-5,20.024,-31.790,25.024
yaw355_pitch+000,355,0,13.727,-27.134,18.727
yaw355_pitch+005,355,5,15.527,-19.282,20.527
yaw355_pitch+010,355,10,13.446,-15.552,18.446
yaw355_pitch+015,355,15,15.589,-11.926,20.589
yaw355_pitch+020,355,20,12.838,-9.459,17.838
yaw355_pitch+025,355,25,7.782,-8.330,12.782
yaw355_pitch+030,355,30,2.405,-2.059,7.405
yaw355_pitch+035,355,35,2.146,7.061,7.146
yaw355_pitch+040,355,40,353.190,8.163,1.810
yaw355_pitch+045,355,45,355.519,21.833,0.519
yaw355_pitch+050,355,50,348.263,34.318,6.737
yaw355_pitch+055,355,55,341.498,48.316,13.502
yaw355_pitch+060,355,60,343.921,55.691,11.079
yaw355_pitch+065,355,65,335.508,62.099,19.492
yaw355_pitch+070,355,70,336.719,65.185,18.281
yaw355_pitch+075,355,75,333.850,72.460,21.150
yaw355_pitch+080,355,80,328.949,76.722,26.051
yaw355_pitch+085,355,85,324.177,76.458,30.823
yaw355_pitch+090,355,90,317.826,83.852,37.174
