record_id,yaw_true,pitch_true,yaw_pred,pitch_pred,yaw_err
yaw000_pitch-090,0,-90,235.602,-0.664,124.398
yaw000_pitch-085,0,-85,66.732,-1.449,66.732
yaw000_pitch-080,0,-80,70.262,-2.350,70.262
yaw000_pitch-075,0,-75,98.910,-4.233,98.910
yaw000_pitch-070,0,-70,166.765,-4.842,166.765
yaw000_pitch-065,0,-65,192.060,-2.889,167.940
yaw000_pitch-060,0,-60,219.869,0.204,140.131
yaw000_pitch-055,0,-55,248.258,1.525,111.742
yaw000_pitch-050,0,-50,275.157,2.491,84.843
yaw000_pitch-045,0,-45,282.866,2.744,77.134
yaw000_pitch-040,0,-40,298.075,1.791,61.925
yaw000_pitch-035,0,-35,305.744,0.004,54.256
yaw000_pitch-030,0,-30,310.537,-1.858,49.463
yaw000_pitch-025,0,-25,314.554,-4.691,45.446
yaw000_pitch-020,0,-20,316.000,-6.621,44.000
yaw000_pitch-015,0,-15,315.825,-6.331,44.175
yaw000_pitch-010,0,-10,306.208,-0.139,53.792
yaw000_pitch-005,0,-5,259.808,1.987,100.192
yaw000_pitch+000,0,0,228.000,0.643,132.000
yaw000_pitch+005,0,5,200.457,-1.813,159.543
yaw000_pitch+010,0,10,189.133,-3.224,170.867
yaw000_pitch+015,0,15,180.896,-4.045,179.104
yaw000_pitch+020,0,20,170.083,-4.746,170.083
yaw000_pitch+025,0,25,157.626,-5.033,157.626
yaw000_pitch+030,0,30,148.913,-5.130,148.913
yaw000_pitch+035,0,35,135.549,-5.029,135.549
yaw000_pitch+040,0,40,118.767,-4.716,118.767
yaw000_pitch+045,0,45,104.275,-4.375,104.275
yaw000_pitch+050,0,50,88.592,-3.838,88.592
yaw000_pitch+055,0,55,82.188,-3.463,82.188
yaw000_pitch+060,0,60,79.656,-3.291,79.656
yaw000_pitch+065,0,65,79.653,-3.291,79.653
yaw000_pitch+070,0,70,77.694,-3.146,77.694
yaw000_pitch+075,0,75,79.665,-3.292,79.665
yaw000_pitch+080,0,80,85.846,-3.687,85.846
yaw000_pitch+085,0,85,98.639,-4.226,98.639
yaw000_pitch+090,0,90,108.442,-4.481,108.442
yaw005_pitch-090,5,-90,124.102,-1.243,119.102
yaw005_pitch-085,5,-85,66.007,-1.628,61.007
yaw005_pitch-080,5,-80,86.315,-3.713,81.315
yaw005_pitch-075,5,-75,140.778,-5.086,135.778
yaw005_pitch-070,5,-70,181.728,-3.967,176.728
yaw005_pitch-065,5,-65,203.337,-1.457,161.663
yaw005_pitch-060,5,-60,234.158,0.932,130.842
yaw005_pitch-055,5,-55,267.154,2.230,97.846
yaw005_pitch-050,5,-50,289.298,2.880,75.702
yaw005_pitch-045,5,-45,299.750,1.470,65.250
yaw005_pitch-040,5,-40,307.814,-0.677,57.186
yaw005_pitch-035,5,-35,312.382,-2.935,52.618
yaw005_pitch-030,5,-30,315.162,-5.370,49.838
yaw005_pitch-025,5,-25,316.435,-7.425,48.565
yaw005_pitch-020,5,-20,315.390,-5.680,49.610
yaw005_pitch-015,5,-15,313.278,-3.583,51.722
yaw005_pitch-010,5,-10,301.168,1.174,63.832
yaw005_pitch-005,5,-5,255.240,1.805,109.760
yaw005_pitch+000,5,0,207.058,-1.020,157.942
yaw005_pitch+005,5,5,192.004,-2.895,172.996
yaw005_pitch+010,5,10,177.797,-4.282,172.797
yaw005_pitch+015,5,15,161.060,-4.972,156.060
yaw005_pitch+020,5,20,140.769,-5.086,135.769
yaw005_pitch+025,5,25,121.830,-4.780,116.830
yaw005_pitch+030,5,30,106.124,-4.422,101.124
yaw005_pitch+035,5,35,98.098,-4.211,93.098
yaw005_pitch+040,5,40,88.758,-3.847,83.758
yaw005_pitch+045,5,45,82.088,-3.457,77.088
yaw005_pitch+050,5,50,74.183,-2.835,69.183
yaw005_pitch+055,5,55,70.866,-2.432,65.866
yaw005_pitch+060,5,60,69.764,-2.281,64.764
yaw005_pitch+065,5,65,67.349,-1.823,62.349
yaw005_pitch+070,5,70,66.298,-1.666,61.298
yaw005_pitch+075,5,75,66.235,-1.657,61.235
yaw005_pitch+080,5,80,67.019,-1.770,62.019
yaw005_pitch+085,5,85,71.248,-2.483,66.248
yaw005_pitch+090,5,90,77.365,-3.121,72.365
yaw010_pitch-090,10,-90,65.841,-1.455,55.841
yaw010_pitch-085,10,-85,73.931,-2.807,63.931
yaw010_pitch-080,10,-80,106.310,-4.426,96.310
yaw010_pitch-075,10,-75,164.262,-4.900,154.262
yaw010_pitch-070,10,-70,195.482,-2.449,174.518
yaw010_pitch-065,10,-65,219.328,0.163,150.672
yaw010_pitch-060,10,-60,253.793,1.747,116.207
yaw010_pitch-055,10,-55,285.142,2.807,84.858
yaw010_pitch-050,10,-50,300.743,1.265,69.257
yaw010_pitch-045,10,-45,308.208,-0.821,61.792
yaw010_pitch-040,10,-40,312.643,-3.115,57.357
yaw010_pitch-035,10,-35,315.593,-5.974,54.407
yaw010_pitch-030,10,-30,314.690,-4.825,55.310
yaw010_pitch-025,10,-25,312.671,-3.134,57.329
yaw010_pitch-020,10,-20,308.543,-0.947,61.457
yaw010_pitch-015,10,-15,306.039,-0.087,63.961
yaw010_pitch-010,10,-10,289.066,2.878,80.934
yaw010_pitch-005,10,-5,235.435,0.989,134.565
yaw010_pitch+000,10,0,197.207,-2.230,172.793
yaw010_pitch+005,10,5,177.214,-4.321,167.214
yaw010_pitch+010,10,10,157.043,-5.044,147.043
yaw010_pitch+015,10,15,120.020,-4.742,110.020
yaw010_pitch+020,10,20,103.497,-4.355,93.497
yaw010_pitch+025,10,25,90.047,-3.913,80.047
yaw010_pitch+030,10,30,83.699,-3.559,73.699
yaw010_pitch+035,10,35,76.573,-3.058,66.573
yaw010_pitch+040,10,40,75.239,-2.944,65.239
yaw010_pitch+045,10,45,70.730,-2.414,60.730
yaw010_pitch+050,10,50,68.107,-1.978,58.107
yaw010_pitch+055,10,55,66.604,-1.703,56.604
yaw010_pitch+060,10,60,65.294,-1.518,55.294
yaw010_pitch+065,10,65,67.106,-1.455,57.106
yaw010_pitch+070,10,70,70.026,-1.473,60.026
yaw010_pitch+075,10,75,69.415,-1.491,59.415
yaw010_pitch+080,10,80,67.465,-1.466,57.465
yaw010_pitch+085,10,85,65.299,-1.503,55.299
yaw010_pitch+090,10,90,66.456,-1.686,56.456
yaw015_pitch-090,15,-90,79.755,-3.298,64.755
yaw015_pitch-085,15,-85,102.166,-4.321,87.166
yaw015_pitch-080,15,-80,161.924,-4.954,146.924
yaw015_pitch-075,15,-75,183.533,-3.798,168.533
yaw015_pitch-070,15,-70,209.771,-0.716,165.229
yaw015_pitch-065,15,-65,238.083,1.105,136.917
yaw015_pitch-060,15,-60,268.558,2.274,106.442
yaw015_pitch-055,15,-55,296.383,2.079,78.617
yaw015_pitch-050,15,-50,308.024,-0.753,66.976
yaw015_pitch-045,15,-45,313.258,-3.568,61.742
yaw015_pitch-040,15,-40,312.894,-3.295,62.106
yaw015_pitch-035,15,-35,310.500,-1.840,64.500
yaw015_pitch-030,15,-30,304.853,0.265,70.147
yaw015_pitch-025,15,-25,296.753,2.020,78.247
yaw015_pitch-020,15,-20,286.136,2.835,88.864
yaw015_pitch-015,15,-15,269.981,2.320,105.019
yaw015_pitch-010,15,-10,263.715,2.123,111.285
yaw015_pitch-005,15,-5,213.284,-0.368,161.716
yaw015_pitch+000,15,0,189.751,-3.158,174.751
yaw015_pitch+005,15,5,164.222,-4.901,149.222
yaw015_pitch+010,15,10,127.747,-4.892,112.747
yaw015_pitch+015,15,15,101.148,-4.294,86.148
yaw015_pitch+020,15,20,85.621,-3.674,70.621
yaw015_pitch+025,15,25,78.505,-3.208,63.505
yaw015_pitch+030,15,30,74.370,-2.856,59.370
yaw015_pitch+035,15,35,69.814,-2.288,54.814
yaw015_pitch+040,15,40,67.324,-1.818,52.324
yaw015_pitch+045,15,45,65.971,-1.624,50.971
yaw015_pitch+050,15,50,66.383,-1.442,51.383
yaw015_pitch+055,15,55,78.064,-1.345,63.064
yaw015_pitch+060,15,60,235.117,-0.681,139.883
yaw015_pitch+065,15,65,58.414,0.365,43.414
yaw015_pitch+070,15,70,55.937,0.957,40.937
yaw015_pitch+075,15,75,56.288,0.924,41.288
yaw015_pitch+080,15,80,63.435,-0.124,48.435
yaw015_pitch+085,15,85,234.022,-0.977,140.978
yaw015_pitch+090,15,90,70.445,-1.458,55.445
yaw020_pitch-090,20,-90,151.882,-5.133,131.882
yaw020_pitch-085,20,-85,173.851,-4.534,153.851
yaw020_pitch-080,20,-80,192.527,-2.830,172.527
yaw020_pitch-075,20,-75,207.061,-1.019,172.939
yaw020_pitch-070,20,-70,252.734,1.704,127.266
yaw020_pitch-065,20,-65,263.127,2.103,116.873
yaw020_pitch-060,20,-60,292.597,2.607,87.403
yaw020_pitch-055,20,-55,306.156,-0.123,73.844
yaw020_pitch-050,20,-50,302.393,0.897,77.607
yaw020_pitch-045,20,-45,299.223,1.574,80.777
yaw020_pitch-040,20,-40,291.806,2.684,88.194
yaw020_pitch-035,20,-35,278.243,2.600,101.757
yaw020_pitch-030,20,-30,267.096,2.228,112.904
yaw020_pitch-025,20,-25,243.130,1.317,136.870
yaw020_pitch-020,20,-20,225.895,0.539,154.105
yaw020_pitch-015,20,-15,212.538,-0.438,167.462
yaw020_pitch-010,20,-10,202.965,-1.502,177.035
yaw020_pitch-005,20,-5,193.820,-2.663,173.820
yaw020_pitch+000,20,0,176.279,-4.383,156.279
yaw020_pitch+005,20,5,139.650,-5.074,119.650
yaw020_pitch+010,20,10,103.590,-4.358,83.590
yaw020_pitch+015,20,15,87.306,-3.769,67.306
yaw020_pitch+020,20,20,77.596,-3.139,57.596
yaw020_pitch+025,20,25,70.835,-2.428,50.835
yaw020_pitch+030,20,30,68.442,-2.046,48.442
yaw020_pitch+035,20,35,66.310,-1.667,46.310
yaw020_pitch+040,20,40,66.193,-1.438,46.193
yaw020_pitch+045,20,45,179.291,-1.211,159.291
yaw020_pitch+050,20,50,58.945,0.242,38.945
yaw020_pitch+055,20,55,53.403,-0.116,33.403
yaw020_pitch+060,20,60,60.144,0.553,40.144
yaw020_pitch+065,20,65,67.686,1.261,47.686
yaw020_pitch+070,20,70,70.383,1.576,50.383
yaw020_pitch+075,20,75,67.011,1.177,47.011
yaw020_pitch+080,20,80,58.949,0.481,38.949
yaw020_pitch+085,20,85,53.025,-0.108,33.025
yaw020_pitch+090,20,90,60.947,-0.016,40.947
yaw025_pitch-090,25,-90,200.562,-1.800,175.562
yaw025_pitch-085,25,-85,211.203,-0.565,173.797
yaw025_pitch-080,25,-80,230.495,0.763,154.505
yaw025_pitch-075,25,-75,258.342,1.929,126.658
yaw025_pitch-070,25,-70,264.843,2.158,120.157
yaw025_pitch-065,25,-65,284.987,2.802,100.013
yaw025_pitch-060,25,-60,280.225,2.672,104.775
yaw025_pitch-055,25,-55,268.982,2.288,116.018
yaw025_pitch-050,25,-50,261.591,2.051,123.409
yaw025_pitch-045,25,-45,248.508,1.535,136.492
yaw025_pitch-040,25,-40,235.868,1.008,149.132
yaw025_pitch-035,25,-35,218.611,0.106,166.389
yaw025_pitch-030,25,-30,210.536,-0.632,174.464
yaw025_pitch-025,25,-25,201.281,-1.709,176.281
yaw025_pitch-020,25,-20,193.869,-2.657,168.869
yaw025_pitch-015,25,-15,187.550,-3.391,162.550
yaw025_pitch-010,25,-10,181.224,-4.014,156.224
yaw025_pitch-005,25,-5,171.182,-4.691,146.182
yaw025_pitch+000,25,0,140.638,-5.084,115.638
yaw025_pitch+005,25,5,112.744,-4.583,87.744
yaw025_pitch+010,25,10,93.449,-4.057,68.449
yaw025_pitch+015,25,15,78.145,-3.180,53.145
yaw025_pitch+020,25,20,70.305,-2.356,45.305
yaw025_pitch+025,25,25,66.825,-1.739,41.825
yaw025_pitch+030,25,30,65.368,-1.497,40.368
yaw025_pitch+035,25,35,71.377,-1.436,46.377
yaw025_pitch+040,25,40,226.393,-0.373,158.607
yaw025_pitch+045,25,45,53.069,-0.136,28.069
yaw025_pitch+050,25,50,63.903,0.842,38.903
yaw025_pitch+055,25,55,78.276,1.826,53.276
yaw025_pitch+060,25,60,94.714,1.874,69.714
yaw025_pitch+065,25,65,106.898,1.909,81.898
yaw025_pitch+070,25,70,105.847,1.905,80.847
yaw025_pitch+075,25,75,92.361,1.868,67.361
yaw025_pitch+080,25,80,76.620,1.821,51.620
yaw025_pitch+085,25,85,62.407,0.712,37.407
yaw025_pitch+090,25,90,53.042,-0.070,28.042
yaw030_pitch-090,30,-90,267.422,2.239,122.578
yaw030_pitch-085,30,-85,264.254,2.140,125.746
yaw030_pitch-080,30,-80,252.917,1.711,137.083
yaw030_pitch-075,30,-75,249.761,1.585,140.239
yaw030_pitch-070,30,-70,238.619,1.129,151.381
yaw030_pitch-065,30,-65,228.724,0.678,161.276
yaw030_pitch-060,30,-60,229.312,0.707,160.688
yaw030_pitch-055,30,-55,220.480,0.248,169.520
yaw030_pitch-050,30,-50,213.878,-0.313,176.122
yaw030_pitch-045,30,-45,208.136,-0.898,178.136
yaw030_pitch-040,30,-40,198.335,-2.085,168.335
yaw030_pitch-035,30,-35,191.483,-2.957,161.483
yaw030_pitch-030,30,-30,183.945,-3.759,153.945
yaw030_pitch-025,30,-25,176.716,-4.354,146.716
yaw030_pitch-020,30,-20,166.122,-4.857,136.122
yaw030_pitch-015,30,-15,155.389,-5.074,125.389
yaw030_pitch-010,30,-10,145.655,-5.118,115.655
yaw030_pitch-005,30,-5,130.025,-4.932,100.025
yaw030_pitch+000,30,0,114.415,-4.621,84.415
yaw030_pitch+005,30,5,91.168,-3.969,61.168
yaw030_pitch+010,30,10,77.094,-3.099,47.094
yaw030_pitch+015,30,15,69.520,-2.246,39.520
yaw030_pitch+020,30,20,66.201,-1.653,36.201
yaw030_pitch+025,30,25,66.495,-1.444,36.495
yaw030_pitch+030,30,30,207.289,-1.186,177.289
yaw030_pitch+035,30,35,57.442,0.625,27.442
yaw030_pitch+040,30,40,55.260,0.120,25.260
yaw030_pitch+045,30,45,70.072,1.535,40.072
yaw030_pitch+050,30,50,86.665,1.855,56.665
yaw030_pitch+055,30,55,111.332,1.922,81.332
yaw030_pitch+060,30,60,133.884,1.993,103.884
yaw030_pitch+065,30,65,139.189,2.012,109.189
yaw030_pitch+070,30,70,125.791,1.967,95.791
yaw030_pitch+075,30,75,100.052,1.889,70.052
yaw030_pitch+080,30,80,78.638,1.828,48.638
yaw030_pitch+085,30,85,63.201,0.766,33.201
yaw030_pitch+090,30,90,53.030,-0.133,23.030
yaw035_pitch-090,35,-90,248.369,1.529,146.631
yaw035_pitch-085,35,-85,228.202,0.653,166.798
yaw035_pitch-080,35,-80,223.837,0.433,171.163
yaw035_pitch-075,35,-75,214.011,-0.301,179.011
yaw035_pitch-070,35,-70,214.851,-0.223,179.851
yaw035_pitch-065,35,-65,200.257,-1.838,165.257
yaw035_pitch-060,35,-60,198.162,-2.107,163.162
yaw035_pitch-055,35,-55,190.295,-3.096,155.295
yaw035_pitch-050,35,-50,184.752,-3.678,149.752
yaw035_pitch-045,35,-45,176.382,-4.376,141.382
yaw035_pitch-040,35,-40,168.017,-4.813,133.017
yaw035_pitch-035,35,-35,152.657,-5.121,117.657
yaw035_pitch-030,35,-30,139.712,-5.075,104.712
yaw035_pitch-025,35,-25,124.308,-4.830,89.308
yaw035_pitch-020,35,-20,114.237,-4.617,79.237
yaw035_pitch-015,35,-15,102.974,-4.342,67.974
yaw035_pitch-010,35,-10,94.780,-4.104,59.780
yaw035_pitch-005,35,-5,89.819,-3.902,54.819
yaw035_pitch+000,35,0,82.992,-3.515,47.992
yaw035_pitch+005,35,5,75.263,-2.946,40.263
yaw035_pitch+010,35,10,68.753,-2.109,33.753
yaw035_pitch+015,35,15,65.740,-1.594,30.740
yaw035_pitch+020,35,20,67.250,-1.459,32.250
yaw035_pitch+025,35,25,231.679,-1.087,163.321
yaw035_pitch+030,35,30,56.988,0.740,21.988
yaw035_pitch+035,35,35,54.676,0.042,19.676
yaw035_pitch+040,35,40,66.395,1.097,31.395
yaw035_pitch+045,35,45,79.445,1.831,44.445
yaw035_pitch+050,35,50,94.189,1.872,59.189
yaw035_pitch+055,35,55,108.694,1.914,73.694
yaw035_pitch+060,35,60,113.604,1.929,78.604
yaw035_pitch+065,35,65,106.270,1.907,71.270
yaw035_pitch+070,35,70,90.895,1.864,55.895
yaw035_pitch+075,35,75,76.476,1.820,41.476
yaw035_pitch+080,35,80,63.496,0.798,28.496
yaw035_pitch+085,35,85,53.582,-0.094,18.582
yaw035_pitch+090,35,90,57.988,0.474,22.988
yaw040_pitch-090,40,-90,199.995,-1.872,159.995
yaw040_pitch-085,40,-85,203.407,-1.448,163.407
yaw040_pitch-080,40,-80,198.187,-2.104,158.187
yaw040_pitch-075,40,-75,194.573,-2.566,154.573
yaw040_pitch-070,40,-70,187.975,-3.347,147.975
yaw040_pitch-065,40,-65,136.896,-5.046,96.896
yaw040_pitch-060,40,-60,172.582,-4.609,132.582
yaw040_pitch-055,40,-55,164.185,-4.902,124.185
yaw040_pitch-050,40,-50,148.830,-5.130,108.830
yaw040_pitch-045,40,-45,133.961,-5.002,93.961
yaw040_pitch-040,40,-40,118.703,-4.715,78.703
yaw040_pitch-035,40,-35,105.683,-4.410,65.683
yaw040_pitch-030,40,-30,95.060,-4.114,55.060
yaw040_pitch-025,40,-25,88.600,-3.838,48.600
yaw040_pitch-020,40,-20,82.681,-3.495,42.681
yaw040_pitch-015,40,-15,77.642,-3.142,37.642
yaw040_pitch-010,40,-10,74.232,-2.840,34.232
yaw040_pitch-005,40,-5,71.307,-2.490,31.307
yaw040_pitch+000,40,0,69.130,-2.182,29.130
yaw040_pitch+005,40,5,67.550,-1.863,27.550
yaw040_pitch+010,40,10,65.398,-1.541,25.398
yaw040_pitch+015,40,15,68.093,-1.483,28.093
yaw040_pitch+020,40,20,231.356,-1.093,168.644
yaw040_pitch+025,40,25,58.644,0.309,18.644
yaw040_pitch+030,40,30,53.114,0.011,13.114
yaw040_pitch+035,40,35,57.230,0.335,17.230
yaw040_pitch+040,40,40,65.125,0.965,25.125
yaw040_pitch+045,40,45,72.023,1.713,32.023
yaw040_pitch+050,40,50,75.386,1.817,35.386
yaw040_pitch+055,40,55,75.573,1.817,35.573
yaw040_pitch+060,40,60,73.036,1.770,33.036
yaw040_pitch+065,40,65,67.050,1.182,27.050
yaw040_pitch+070,40,70,58.686,0.460,18.686
yaw040_pitch+075,40,75,53.313,-0.127,13.313
yaw040_pitch+080,40,80,56.795,0.790,16.795
yaw040_pitch+085,40,85,235.631,-0.658,164.369
yaw040_pitch+090,40,90,70.810,-1.449,30.810
yaw045_pitch-090,45,-90,193.238,-2.738,148.238
yaw045_pitch-085,45,-85,185.045,-3.648,140.045
yaw045_pitch-080,45,-80,180.326,-4.097,135.326
yaw045_pitch-075,45,-75,175.494,-4.435,130.494
yaw045_pitch-070,45,-70,169.789,-4.760,124.789
yaw045_pitch-065,45,-65,147.051,-5.123,102.051
yaw045_pitch-060,45,-60,139.737,-5.075,94.737
yaw045_pitch-055,45,-55,120.853,-4.760,75.853
yaw045_pitch-050,45,-50,108.059,-4.471,63.059
yaw045_pitch-045,45,-45,97.135,-4.183,52.135
yaw045_pitch-040,45,-40,86.390,-3.718,41.390
yaw045_pitch-035,45,-35,82.517,-3.485,37.517
yaw045_pitch-030,45,-30,75.623,-2.979,30.623
yaw045_pitch-025,45,-25,71.854,-2.561,26.854
yaw045_pitch-020,45,-20,68.994,-2.156,23.994
yaw045_pitch-015,45,-15,68.155,-1.988,23.155
yaw045_pitch-010,45,-10,67.149,-1.790,22.149
yaw045_pitch-005,45,-5,66.262,-1.661,21.262
yaw045_pitch+000,45,0,65.568,-1.571,20.568
yaw045_pitch+005,45,5,66.021,-1.437,21.021
yaw045_pitch+010,45,10,69.134,-1.493,24.134
yaw045_pitch+015,45,15,212.100,-1.178,167.100
yaw045_pitch+020,45,20,233.640,-0.538,171.360
yaw045_pitch+025,45,25,57.282,0.664,12.282
yaw045_pitch+030,45,30,53.735,0.262,8.735
yaw045_pitch+035,45,35,53.123,-0.137,8.123
yaw045_pitch+040,45,40,53.915,-0.053,8.915
yaw045_pitch+045,45,45,54.026,-0.040,9.026
yaw045_pitch+050,45,50,53.458,-0.109,8.458
yaw045_pitch+055,45,55,53.200,0.071,8.200
yaw045_pitch+060,45,60,55.510,0.847,10.510
yaw045_pitch+065,45,65,62.397,-0.091,17.397
yaw045_pitch+070,45,70,234.856,-0.912,170.144
yaw045_pitch+075,45,75,73.106,-1.406,28.106
yaw045_pitch+080,45,80,66.699,-1.448,21.699
yaw045_pitch+085,45,85,65.360,-1.532,20.360
yaw045_pitch+090,45,90,66.530,-1.695,21.530
yaw050_pitch-090,50,-90,171.345,-4.681,121.345
yaw050_pitch-085,50,-85,159.242,-5.003,109.242
yaw050_pitch-080,50,-80,152.722,-5.120,102.722
yaw050_pitch-075,50,-75,143.702,-5.110,93.702
yaw050_pitch-070,50,-70,124.602,-4.835,74.602
yaw050_pitch-065,50,-65,119.392,-4.729,69.392
yaw050_pitch-060,50,-60,102.644,-4.333,52.644
yaw050_pitch-055,50,-55,90.874,-3.955,40.874
yaw050_pitch-050,50,-50,83.236,-3.530,33.236
yaw050_pitch-045,50,-45,76.078,-3.018,26.078
yaw050_pitch-040,50,-40,72.754,-2.671,22.754
yaw050_pitch-035,50,-35,69.390,-2.226,19.390
yaw050_pitch-030,50,-30,68.023,-1.961,18.023
yaw050_pitch-025,50,-25,66.569,-1.699,16.569
yaw050_pitch-020,50,-20,66.041,-1.632,16.041
yaw050_pitch-015,50,-15,65.640,-1.581,15.640
yaw050_pitch-010,50,-10,65.599,-1.477,15.599
yaw050_pitch-005,50,-5,66.607,-1.447,16.607
yaw050_pitch+000,50,0,68.279,-1.488,18.279
yaw050_pitch+005,50,5,72.861,-1.409,22.861
yaw050_pitch+010,50,10,101.323,-1.265,51.323
yaw050_pitch+015,50,15,234.007,-0.978,175.993
yaw050_pitch+020,50,20,235.670,-0.653,174.330
yaw050_pitch+025,50,25,234.852,-0.659,175.148
yaw050_pitch+030,50,30,233.399,-0.524,176.601
yaw050_pitch+035,50,35,234.892,-0.668,175.108
yaw050_pitch+040,50,40,235.582,-0.765,174.418
yaw050_pitch+045,50,45,229.086,-1.115,179.086
yaw050_pitch+050,50,50,76.519,-1.360,26.519
yaw050_pitch+055,50,55,67.871,-1.477,17.871
yaw050_pitch+060,50,60,65.450,-1.490,15.450
yaw050_pitch+065,50,65,66.065,-1.636,16.065
yaw050_pitch+070,50,70,68.183,-1.994,18.183
yaw050_pitch+075,50,75,70.059,-2.322,20.059
yaw050_pitch+080,50,80,72.399,-2.629,22.399
yaw050_pitch+085,50,85,74.538,-2.874,24.538
yaw050_pitch+090,50,90,79.752,-3.298,29.752
yaw055_pitch-090,55,-90,132.799,-4.981,77.799
yaw055_pitch-085,55,-85,135.674,-5.031,80.674
yaw055_pitch-080,55,-80,131.501,-4.958,76.501
yaw055_pitch-075,55,-75,120.001,-4.742,65.001
yaw055_pitch-070,55,-70,104.969,-4.392,49.969
yaw055_pitch-065,55,-65,90.649,-3.943,35.649
yaw055_pitch-060,55,-60,79.606,-3.288,24.606
yaw055_pitch-055,55,-55,75.929,-3.005,20.929
yaw055_pitch-050,55,-50,71.223,-2.479,16.223
yaw055_pitch-045,55,-45,68.210,-1.999,13.210
yaw055_pitch-040,55,-40,66.884,-1.749,11.884
yaw055_pitch-035,55,-35,65.836,-1.606,10.836
yaw055_pitch-030,55,-30,65.338,-1.528,10.338
yaw055_pitch-025,55,-25,65.807,-1.458,10.807
yaw055_pitch-020,55,-20,66.716,-1.449,11.716
yaw055_pitch-015,55,-15,68.396,-1.489,13.396
yaw055_pitch-010,55,-10,70.671,-1.452,15.671
yaw055_pitch-005,55,-5,74.174,-1.391,19.174
yaw055_pitch+000,55,0,84.208,-1.307,29.208
yaw055_pitch+005,55,5,92.337,-1.281,37.337
yaw055_pitch+010,55,10,89.282,-1.289,34.282
yaw055_pitch+015,55,15,76.065,-1.366,21.065
yaw055_pitch+020,55,20,71.236,-1.439,16.236
yaw055_pitch+025,55,25,68.292,-1.488,13.292
yaw055_pitch+030,55,30,66.408,-1.443,11.408
yaw055_pitch+035,55,35,65.311,-1.502,10.311
yaw055_pitch+040,55,40,66.230,-1.656,11.230
yaw055_pitch+045,55,45,68.650,-2.088,13.650
yaw055_pitch+050,55,50,72.194,-2.604,17.194
yaw055_pitch+055,55,55,76.863,-3.081,21.863
yaw055_pitch+060,55,60,82.363,-3.475,27.363
yaw055_pitch+065,55,65,86.764,-3.739,31.764
yaw055_pitch+070,55,70,89.993,-3.910,34.993
yaw055_pitch+075,55,75,94.540,-4.096,39.540
yaw055_pitch+080,55,80,99.082,-4.238,44.082
yaw055_pitch+085,55,85,105.126,-4.396,50.126
yaw055_pitch+090,55,90,114.918,-4.632,59.918
yaw060_pitch-090,60,-90,105.458,-4.404,45.458
yaw060_pitch-085,60,-85,103.741,-4.361,43.741
yaw060_pitch-080,60,-80,99.010,-4.236,39.010
yaw060_pitch-075,60,-75,87.545,-3.782,27.545
yaw060_pitch-070,60,-70,83.819,-3.566,23.819
yaw060_pitch-065,60,-65,76.287,-3.035,16.287
yaw060_pitch-060,60,-60,67.126,-1.787,7.126
yaw060_pitch-055,60,-55,68.390,-2.036,8.390
yaw060_pitch-050,60,-50,66.091,-1.639,6.091
yaw060_pitch-045,60,-45,65.524,-1.484,5.524
yaw060_pitch-040,60,-40,66.991,-1.451,6.991
yaw060_pitch-035,60,-35,68.645,-1.490,8.645
yaw060_pitch-030,60,-30,73.704,-1.397,13.704
yaw060_pitch-025,60,-25,87.026,-1.296,27.026
yaw060_pitch-020,60,-20,173.751,-1.215,113.751
yaw060_pitch-015,60,-15,211.173,-1.180,151.173
yaw060_pitch-010,60,-10,220.375,-1.158,160.375
yaw060_pitch-005,60,-5,147.628,-1.229,87.628
yaw060_pitch+000,60,0,80.862,-1.325,20.862
yaw060_pitch+005,60,5,71.382,-1.436,11.382
yaw060_pitch+010,60,10,67.729,-1.473,7.729
yaw060_pitch+015,60,15,65.751,-1.463,5.751
yaw060_pitch+020,60,20,65.971,-1.624,5.971
yaw060_pitch+025,60,25,68.258,-2.009,8.258
yaw060_pitch+030,60,30,72.357,-2.624,12.357
yaw060_pitch+035,60,35,77.580,-3.137,17.580
yaw060_pitch+040,60,40,84.646,-3.616,24.646
yaw060_pitch+045,60,45,93.892,-4.073,33.892
yaw060_pitch+050,60,50,102.667,-4.334,42.667
yaw060_pitch+055,60,55,115.150,-4.637,55.150
yaw060_pitch+060,60,60,122.245,-4.789,62.245
yaw060_pitch+065,60,65,134.248,-5.007,74.248
yaw060_pitch+070,60,70,135.920,-5.035,75.920
yaw060_pitch+075,60,75,146.634,-5.121,86.634
yaw060_pitch+080,60,80,159.609,-4.997,99.609
yaw060_pitch+085,60,85,168.651,-4.798,108.651
yaw060_pitch+090,60,90,183.750,-3.777,123.750
yaw065_pitch-090,65,-90,77.576,-3.137,12.576
yaw065_pitch-085,65,-85,75.032,-2.924,10.032
yaw065_pitch-080,65,-80,71.363,-2.498,6.363
yaw065_pitch-075,65,-75,68.326,-2.023,3.326
yaw065_pitch-070,65,-70,66.296,-1.665,1.296
yaw065_pitch-065,65,-65,65.596,-1.477,0.596
yaw065_pitch-060,65,-60,67.241,-1.459,2.241
yaw065_pitch-055,65,-55,71.899,-1.426,6.899
yaw065_pitch-050,65,-50,207.747,-1.185,142.747
yaw065_pitch-045,65,-45,235.156,-0.884,170.156
yaw065_pitch-040,65,-40,234.487,-0.606,169.487
yaw065_pitch-035,65,-35,68.183,-0.196,3.183
yaw065_pitch-030,65,-30,62.274,-0.086,2.726
yaw065_pitch-025,65,-25,65.865,-0.171,0.865
yaw065_pitch-020,65,-20,232.710,-0.491,167.710
yaw065_pitch-015,65,-15,235.644,-0.654,170.644
yaw065_pitch-010,65,-10,227.060,-1.129,162.060
yaw065_pitch-005,65,-5,76.814,-1.357,11.814
yaw065_pitch+000,65,0,67.929,-1.479,2.929
yaw065_pitch+005,65,5,65.806,-1.458,0.806
yaw065_pitch+010,65,10,65.979,-1.624,0.979
yaw065_pitch+015,65,15,67.750,-1.905,2.750
yaw065_pitch+020,65,20,71.869,-2.563,6.869
yaw065_pitch+025,65,25,80.146,-3.326,15.146
yaw065_pitch+030,65,30,89.874,-3.904,24.874
yaw065_pitch+035,65,35,104.741,-4.386,39.741
yaw065_pitch+040,65,40,124.660,-4.836,59.660
yaw065_pitch+045,65,45,143.204,-5.108,78.204
yaw065_pitch+050,65,50,161.762,-4.958,96.762
yaw065_pitch+055,65,55,172.243,-4.629,107.243
yaw065_pitch+060,65,60,175.901,-4.408,110.901
yaw065_pitch+065,65,65,181.282,-4.009,116.282
yaw065_pitch+070,65,70,184.322,-3.722,119.322
yaw065_pitch+075,65,75,187.568,-3.389,122.568
yaw065_pitch+080,65,80,187.030,-3.445,122.030
yaw065_pitch+085,65,85,191.416,-2.964,126.416
yaw065_pitch+090,65,90,190.992,-3.014,125.992
yaw070_pitch-090,70,-90,66.266,-1.661,3.734
yaw070_pitch-085,70,-85,65.258,-1.506,4.742
yaw070_pitch-080,70,-80,67.292,-1.461,2.708
yaw070_pitch-075,70,-75,81.215,-1.322,11.215
yaw070_pitch-070,70,-70,235.668,-0.662,165.668
yaw070_pitch-065,70,-65,59.729,0.103,10.271
yaw070_pitch-060,70,-60,54.742,0.598,15.258
yaw070_pitch-055,70,-55,53.049,-0.059,16.951
yaw070_pitch-050,70,-50,53.892,-0.056,16.108
yaw070_pitch-045,70,-45,54.417,0.006,15.583
yaw070_pitch-040,70,-40,54.472,0.014,15.528
yaw070_pitch-035,70,-35,53.431,-0.112,16.569
yaw070_pitch-030,70,-30,53.262,0.113,16.738
yaw070_pitch-025,70,-25,55.718,0.911,14.282
yaw070_pitch-020,70,-20,66.635,-0.181,3.365
yaw070_pitch-015,70,-15,234.808,-0.916,164.808
yaw070_pitch-010,70,-10,73.826,-1.396,3.826
yaw070_pitch-005,70,-5,66.685,-1.448,3.315
yaw070_pitch+000,70,0,65.466,-1.555,4.534
yaw070_pitch+005,70,5,67.373,-1.828,2.627
yaw070_pitch+010,70,10,70.973,-2.446,0.973
yaw070_pitch+015,70,15,77.510,-3.132,7.510
yaw070_pitch+020,70,20,87.770,-3.794,17.770
yaw070_pitch+025,70,25,100.894,-4.288,30.894
yaw070_pitch+030,70,30,119.361,-4.729,49.361
yaw070_pitch+035,70,35,141.461,-5.093,71.461
yaw070_pitch+040,70,40,166.349,-4.852,96.349
yaw070_pitch+045,70,45,179.814,-4.138,109.814
yaw070_pitch+050,70,50,186.796,-3.469,116.796
yaw070_pitch+055,70,55,191.984,-2.898,121.984
yaw070_pitch+060,70,60,196.034,-2.378,126.034
yaw070_pitch+065,70,65,199.932,-1.880,129.932
yaw070_pitch+070,70,70,199.258,-1.966,129.258
yaw070_pitch+075,70,75,203.347,-1.455,133.347
yaw070_pitch+080,70,80,203.997,-1.377,133.997
yaw070_pitch+085,70,85,205.363,-1.215,135.363
yaw070_pitch+090,70,90,212.863,-0.408,142.863
yaw075_pitch-090,75,-90,77.228,-1.353,2.228
yaw075_pitch-085,75,-85,235.332,-0.676,160.332
yaw075_pitch-080,75,-80,56.362,0.904,18.638
yaw075_pitch-075,75,-75,53.520,-0.101,21.480
yaw075_pitch-070,75,-70,59.017,0.486,15.983
yaw075_pitch-065,75,-65,67.352,1.220,7.648
yaw075_pitch-060,75,-60,73.461,1.793,1.539
yaw075_pitch-055,75,-55,76.032,1.819,1.032
yaw075_pitch-050,75,-50,76.140,1.819,1.140
yaw075_pitch-045,75,-45,72.713,1.752,2.287
yaw075_pitch-040,75,-40,66.483,1.109,8.517
yaw075_pitch-035,75,-35,57.771,0.383,17.229
yaw075_pitch-030,75,-30,53.050,-0.135,21.950
yaw075_pitch-025,75,-25,57.172,0.692,17.828
yaw075_pitch-020,75,-20,235.659,-0.679,160.659
yaw075_pitch-015,75,-15,73.914,-1.395,1.086
yaw075_pitch-010,75,-10,66.252,-1.440,8.748
yaw075_pitch-005,75,-5,66.020,-1.630,8.980
yaw075_pitch+000,75,0,68.431,-2.044,6.569
yaw075_pitch+005,75,5,73.886,-2.802,1.114
yaw075_pitch+010,75,10,84.255,-3.593,9.255
yaw075_pitch+015,75,15,96.933,-4.176,21.933
yaw075_pitch+020,75,20,115.034,-4.635,40.034
yaw075_pitch+025,75,25,139.240,-5.070,64.240
yaw075_pitch+030,75,30,162.522,-4.940,87.522
yaw075_pitch+035,75,35,179.692,-4.147,104.692
yaw075_pitch+040,75,40,191.591,-2.944,116.591
yaw075_pitch+045,75,45,198.916,-2.010,123.916
yaw075_pitch+050,75,50,204.151,-1.359,129.151
yaw075_pitch+055,75,55,206.585,-1.074,131.585
yaw075_pitch+060,75,60,220.956,0.278,145.956
yaw075_pitch+065,75,65,222.924,0.385,147.924
yaw075_pitch+070,75,70,222.467,0.361,147.467
yaw075_pitch+075,75,75,228.035,0.645,153.035
yaw075_pitch+080,75,80,236.305,1.027,161.305
yaw075_pitch+085,75,85,238.695,1.132,163.695
yaw075_pitch+090,75,90,243.319,1.325,168.319
yaw080_pitch-090,80,-90,57.613,0.577,22.387
yaw080_pitch-085,80,-85,53.786,-0.069,26.214
yaw080_pitch-080,80,-80,63.851,0.836,16.149
yaw080_pitch-075,80,-75,76.790,1.821,3.210
yaw080_pitch-070,80,-70,91.458,1.865,11.458
yaw080_pitch-065,80,-65,107.325,1.910,27.325
yaw080_pitch-060,80,-60,115.190,1.934,35.190
yaw080_pitch-055,80,-55,109.921,1.918,29.921
yaw080_pitch-050,80,-50,95.878,1.877,15.878
yaw080_pitch-045,80,-45,80.166,1.833,0.166
yaw080_pitch-040,80,-40,67.752,1.269,12.248
yaw080_pitch-035,80,-35,55.514,0.152,24.486
yaw080_pitch-030,80,-30,55.368,0.799,24.632
yaw080_pitch-025,80,-25,235.645,-0.705,155.645
yaw080_pitch-020,80,-20,70.734,-1.450,9.266
yaw080_pitch-015,80,-15,65.886,-1.450,14.114
yaw080_pitch-010,80,-10,66.079,-1.637,13.921
yaw080_pitch-005,80,-5,69.615,-2.260,10.385
yaw080_pitch+000,80,0,78.007,-3.170,1.993
yaw080_pitch+005,80,5,93.010,-4.041,13.010
yaw080_pitch+010,80,10,112.775,-4.584,32.775
yaw080_pitch+015,80,15,135.773,-5.033,55.773
yaw080_pitch+020,80,20,160.237,-4.986,80.237
yaw080_pitch+025,80,25,179.699,-4.147,99.699
yaw080_pitch+030,80,30,192.964,-2.774,112.964
yaw080_pitch+035,80,35,199.233,-1.969,119.233
yaw080_pitch+040,80,40,205.490,-1.201,125.490
yaw080_pitch+045,80,45,226.420,0.565,146.420
yaw080_pitch+050,80,50,239.868,1.183,159.868
yaw080_pitch+055,80,55,261.360,2.043,178.640
yaw080_pitch+060,80,60,270.526,2.337,169.474
yaw080_pitch+065,80,65,274.540,2.470,165.460
yaw080_pitch+070,80,70,257.130,1.881,177.130
yaw080_pitch+075,80,75,260.169,2.001,179.831
yaw080_pitch+080,80,80,265.441,2.177,174.559
yaw080_pitch+085,80,85,281.228,2.702,158.772
yaw080_pitch+090,80,90,277.089,2.558,162.911
yaw085_pitch-090,85,-90,53.440,-0.111,31.560
yaw085_pitch-085,85,-85,64.034,0.856,20.966
yaw085_pitch-080,85,-80,79.682,1.832,5.318
yaw085_pitch-075,85,-75,101.936,1.894,16.936
yaw085_pitch-070,85,-70,129.059,1.977,44.059
yaw085_pitch-065,85,-65,142.570,2.026,57.570
yaw085_pitch-060,85,-60,137.492,2.006,52.492
yaw085_pitch-055,85,-55,115.067,1.933,30.067
yaw085_pitch-050,85,-50,88.552,1.859,3.552
yaw085_pitch-045,85,-45,71.523,1.684,13.477
yaw085_pitch-040,85,-40,56.009,0.213,28.991
yaw085_pitch-035,85,-35,55.786,0.925,29.214
yaw085_pitch-030,85,-30,234.780,-0.919,149.780
yaw085_pitch-025,85,-25,69.404,-1.492,15.596
yaw085_pitch-020,85,-20,65.529,-1.483,19.471
yaw085_pitch-015,85,-15,66.306,-1.667,18.694
yaw085_pitch-010,85,-10,70.145,-2.334,14.855
yaw085_pitch-005,85,-5,82.575,-3.488,2.425
yaw085_pitch+000,85,0,100.507,-4.277,15.507
yaw085_pitch+005,85,5,132.725,-4.980,47.725
yaw085_pitch+010,85,10,161.410,-4.966,76.410
yaw085_pitch+015,85,15,181.806,-3.960,96.806
yaw085_pitch+020,85,20,190.514,-3.070,105.514
yaw085_pitch+025,85,25,201.095,-1.733,116.095
yaw085_pitch+030,85,30,210.456,-0.641,125.456
yaw085_pitch+035,85,35,230.122,0.745,145.122
yaw085_pitch+040,85,40,253.261,1.725,168.261
yaw085_pitch+045,85,45,270.201,2.327,174.799
yaw085_pitch+050,85,50,287.129,2.858,157.871
yaw085_pitch+055,85,55,298.686,1.677,146.314
yaw085_pitch+060,85,60,304.523,0.357,140.477
yaw085_pitch+065,85,65,300.744,1.265,144.256
yaw085_pitch+070,85,70,271.068,2.355,173.932
yaw085_pitch+075,85,75,285.108,2.806,159.892
yaw085_pitch+080,85,80,296.934,1.990,148.066
yaw085_pitch+085,85,85,307.507,-0.569,137.493
yaw085_pitch+090,85,90,305.870,-0.035,139.130
yaw090_pitch-090,90,-90,53.517,-0.102,36.483
yaw090_pitch-085,90,-85,64.296,0.883,25.704
yaw090_pitch-080,90,-80,78.541,1.827,11.459
yaw090_pitch-075,90,-75,95.450,1.876,5.450
yaw090_pitch-070,90,-70,110.286,1.919,20.286
yaw090_pitch-065,90,-65,111.372,1.922,21.372
yaw090_pitch-060,90,-60,97.176,1.880,7.176
yaw090_pitch-055,90,-55,80.287,1.834,9.713
yaw090_pitch-050,90,-50,65.465,0.998,24.535
yaw090_pitch-045,90,-45,53.694,-0.080,36.306
yaw090_pitch-040,90,-40,61.431,-0.047,28.569
yaw090_pitch-035,90,-35,102.337,-1.263,12.337
yaw090_pitch-030,90,-30,66.914,-1.450,23.086
yaw090_pitch-025,90,-25,65.415,-1.544,24.585
yaw090_pitch-020,90,-20,66.759,-1.727,23.241
yaw090_pitch-015,90,-15,71.409,-2.504,18.591
yaw090_pitch-010,90,-10,79.229,-3.261,10.771
yaw090_pitch-005,90,-5,102.429,-4.328,12.429
yaw090_pitch+000,90,0,140.317,-5.081,50.317
yaw090_pitch+005,90,5,169.080,-4.787,79.080
yaw090_pitch+010,90,10,183.770,-3.775,93.770
yaw090_pitch+015,90,15,193.852,-2.659,103.852
yaw090_pitch+020,90,20,205.897,-1.153,115.897
yaw090_pitch+025,90,25,221.600,0.314,131.600
yaw090_pitch+030,90,30,250.492,1.614,160.492
yaw090_pitch+035,90,35,275.197,2.493,174.803
yaw090_pitch+040,90,40,295.999,2.139,154.001
yaw090_pitch+045,90,45,302.331,0.912,147.669
yaw090_pitch+050,90,50,308.129,-0.792,141.871
yaw090_pitch+055,90,55,311.392,-2.320,138.608
yaw090_pitch+060,90,60,312.949,-3.335,137.051
yaw090_pitch+065,90,65,312.735,-3.180,137.265
yaw090_pitch+070,90,70,268.661,2.278,178.661
yaw090_pitch+075,90,75,292.609,2.606,157.391
yaw090_pitch+080,90,80,296.927,1.992,153.073
yaw090_pitch+085,90,85,295.574,2.205,154.426
yaw090_pitch+090,90,90,289.368,2.881,160.632
yaw095_pitch-090,95,-90,56.075,0.982,38.925
yaw095_pitch-085,95,-85,53.880,-0.057,41.120
yaw095_pitch-080,95,-80,61.320,0.636,33.680
yaw095_pitch-075,95,-75,69.378,1.457,25.622
yaw095_pitch-070,95,-70,72.339,1.731,22.661
yaw095_pitch-065,95,-65,69.689,1.491,25.311
yaw095_pitch-060,95,-60,62.078,0.692,32.922
yaw095_pitch-055,95,-55,54.053,-0.037,40.947
yaw095_pitch-050,95,-50,57.478,0.616,37.522
yaw095_pitch-045,95,-45,217.132,-1.167,122.132
yaw095_pitch-040,95,-40,66.314,-1.441,28.686
yaw095_pitch-035,95,-35,65.720,-1.591,29.280
yaw095_pitch-030,95,-30,67.265,-1.808,27.735
yaw095_pitch-025,95,-25,68.423,-2.043,26.577
yaw095_pitch-020,95,-20,75.489,-2.967,19.511
yaw095_pitch-015,95,-15,82.258,-3.468,12.742
yaw095_pitch-010,95,-10,95.521,-4.129,0.521
yaw095_pitch-005,95,-5,116.434,-4.666,21.434
yaw095_pitch+000,95,0,144.751,-5.114,49.751
yaw095_pitch+005,95,5,176.728,-4.353,81.728
yaw095_pitch+010,95,10,193.914,-2.651,98.914
yaw095_pitch+015,95,15,211.952,-0.494,116.952
yaw095_pitch+020,95,20,239.890,1.184,144.890
yaw095_pitch+025,95,25,271.875,2.381,176.875
yaw095_pitch+030,95,30,297.200,1.947,157.800
yaw095_pitch+035,95,35,303.266,0.686,151.734
yaw095_pitch+040,95,40,307.497,-0.565,147.503
yaw095_pitch+045,95,45,310.411,-1.795,144.589
yaw095_pitch+050,95,50,310.264,-1.721,144.736
yaw095_pitch+055,95,55,305.200,0.165,149.800
yaw095_pitch+060,95,60,268.086,2.259,173.086
yaw095_pitch+065,95,65,245.479,1.413,150.479
yaw095_pitch+070,95,70,257.868,1.910,162.868
yaw095_pitch+075,95,75,261.095,2.034,166.095
yaw095_pitch+080,95,80,254.754,1.785,159.754
yaw095_pitch+085,95,85,239.870,1.183,144.870
yaw095_pitch+090,95,90,208.707,-0.834,113.707
yaw100_pitch-090,100,-90,120.291,-1.245,20.291
yaw100_pitch-085,100,-85,233.851,-0.552,133.851
yaw100_pitch-080,100,-80,58.042,0.459,41.958
yaw100_pitch-075,100,-75,55.051,0.697,44.949
yaw100_pitch-070,100,-70,54.834,0.627,45.166
yaw100_pitch-065,100,-65,57.269,0.668,42.731
yaw100_pitch-060,100,-60,234.135,-0.574,134.135
yaw100_pitch-055,100,-55,81.994,-1.318,18.006
yaw100_pitch-050,100,-50,65.973,-1.442,34.027
yaw100_pitch-045,100,-45,66.735,-1.723,33.265
yaw100_pitch-040,100,-40,70.017,-2.316,29.983
yaw100_pitch-035,100,-35,79.024,-3.246,20.976
yaw100_pitch-030,100,-30,83.412,-3.541,16.588
yaw100_pitch-025,100,-25,87.036,-3.754,12.964
yaw100_pitch-020,100,-20,90.946,-3.958,9.054
yaw100_pitch-015,100,-15,92.677,-4.029,7.323
yaw100_pitch-010,100,-10,98.753,-4.229,1.247
yaw100_pitch-005,100,-5,114.307,-4.618,14.307
yaw100_pitch+000,100,0,150.904,-5.145,50.904
yaw100_pitch+005,100,5,181.419,-3.996,81.419
yaw100_pitch+010,100,10,206.435,-1.091,106.435
yaw100_pitch+015,100,15,249.060,1.557,149.060
yaw100_pitch+020,100,20,282.458,2.734,177.542
yaw100_pitch+025,100,25,299.648,1.490,160.352
yaw100_pitch+030,100,30,307.497,-0.566,152.503
yaw100_pitch+035,100,35,309.344,-1.286,150.656
yaw100_pitch+040,100,40,307.015,-0.401,152.985
yaw100_pitch+045,100,45,292.099,2.656,167.901
yaw100_pitch+050,100,50,274.151,2.457,174.151
yaw100_pitch+055,100,55,261.797,2.058,161.797
yaw100_pitch+060,100,60,249.329,1.568,149.329
yaw100_pitch+065,100,65,244.688,1.381,144.688
yaw100_pitch+070,100,70,232.938,0.876,132.938
yaw100_pitch+075,100,75,224.790,0.482,124.790
yaw100_pitch+080,100,80,206.017,-1.139,106.017
yaw100_pitch+085,100,85,184.639,-3.690,84.639
yaw100_pitch+090,100,90,139.421,-5.072,39.421
yaw105_pitch-090,105,-90,65.525,-1.484,39.475
yaw105_pitch-085,105,-85,67.805,-1.475,37.195
yaw105_pitch-080,105,-80,69.843,-1.479,35.157
yaw105_pitch-075,105,-75,71.088,-1.442,33.912
yaw105_pitch-070,105,-70,69.999,-1.474,35.001
yaw105_pitch-065,105,-65,66.409,-1.443,38.591
yaw105_pitch-060,105,-60,65.493,-1.561,39.507
yaw105_pitch-055,105,-55,68.373,-2.032,36.627
yaw105_pitch-050,105,-50,74.626,-2.883,30.374
yaw105_pitch-045,105,-45,85.117,-3.644,19.883
yaw105_pitch-040,105,-40,96.444,-4.160,8.556
yaw105_pitch-035,105,-35,102.820,-4.338,2.180
yaw105_pitch-030,105,-30,111.715,-4.559,6.715
yaw105_pitch-025,105,-25,115.903,-4.654,10.903
yaw105_pitch-020,105,-20,112.059,-4.567,7.059
yaw105_pitch-015,105,-15,115.031,-4.635,10.031
yaw105_pitch-010,105,-10,117.583,-4.690,12.583
yaw105_pitch-005,105,-5,125.150,-4.845,20.150
yaw105_pitch+000,105,0,148.320,-5.128,43.320
yaw105_pitch+005,105,5,189.472,-3.188,84.472
yaw105_pitch+010,105,10,222.467,0.361,117.467
yaw105_pitch+015,105,15,267.069,2.228,162.069
yaw105_pitch+020,105,20,298.963,1.625,166.037
yaw105_pitch+025,105,25,306.722,-0.304,158.278
yaw105_pitch+030,105,30,303.031,0.744,161.969
yaw105_pitch+035,105,35,292.927,2.575,172.073
yaw105_pitch+040,105,40,275.845,2.515,170.845
yaw105_pitch+045,105,45,256.499,1.855,151.499
yaw105_pitch+050,105,50,242.648,1.298,137.648
yaw105_pitch+055,105,55,237.650,1.087,132.650
yaw105_pitch+060,105,60,230.610,0.768,125.610
yaw105_pitch+065,105,65,222.197,0.346,117.197
yaw105_pitch+070,105,70,211.150,-0.570,106.150
yaw105_pitch+075,105,75,194.876,-2.527,89.876
yaw105_pitch+080,105,80,173.461,-4.557,68.461
yaw105_pitch+085,105,85,116.195,-4.660,11.195
yaw105_pitch+090,105,90,69.654,-2.266,35.346
yaw110_pitch-090,110,-90,66.661,-1.711,43.339
yaw110_pitch-085,110,-85,65.994,-1.626,44.006
yaw110_pitch-080,110,-80,65.730,-1.592,44.270
yaw110_pitch-075,110,-75,66.161,-1.648,43.839
yaw110_pitch-070,110,-70,67.032,-1.772,42.968
yaw110_pitch-065,110,-65,70.662,-2.405,39.338
yaw110_pitch-060,110,-60,76.794,-3.076,33.206
yaw110_pitch-055,110,-55,87.510,-3.780,22.490
yaw110_pitch-050,110,-50,104.844,-4.389,5.156
yaw110_pitch-045,110,-45,118.437,-4.709,8.437
yaw110_pitch-040,110,-40,130.391,-4.939,20.391
yaw110_pitch-035,110,-35,142.673,-5.105,32.673
yaw110_pitch-030,110,-30,146.585,-5.121,36.585
yaw110_pitch-025,110,-25,152.930,-5.117,42.930
yaw110_pitch-020,110,-20,149.837,-5.137,39.837
yaw110_pitch-015,110,-15,142.513,-5.103,32.513
yaw110_pitch-010,110,-10,144.124,-5.112,34.124
yaw110_pitch-005,110,-5,150.874,-5.145,40.874
yaw110_pitch+000,110,0,167.524,-4.824,57.524
yaw110_pitch+005,110,5,190.277,-3.098,80.277
yaw110_pitch+010,110,10,230.660,0.771,120.660
yaw110_pitch+015,110,15,285.530,2.818,175.530
yaw110_pitch+020,110,20,287.931,2.866,177.931
yaw110_pitch+025,110,25,279.272,2.637,169.272
yaw110_pitch+030,110,30,265.320,2.173,155.320
yaw110_pitch+035,110,35,250.851,1.629,140.851
yaw110_pitch+040,110,40,237.060,1.061,127.060
yaw110_pitch+045,110,45,224.696,0.478,114.696
yaw110_pitch+050,110,50,216.837,-0.046,106.837
yaw110_pitch+055,110,55,214.903,-0.218,104.903
yaw110_pitch+060,110,60,210.453,-0.641,100.453
yaw110_pitch+065,110,65,204.200,-1.353,94.200
yaw110_pitch+070,110,70,194.223,-2.611,84.223
yaw110_pitch+075,110,75,175.041,-4.463,65.041
yaw110_pitch+080,110,80,124.993,-4.842,14.993
yaw110_pitch+085,110,85,74.177,-2.834,35.823
yaw110_pitch+090,110,90,67.608,-1.470,42.392
yaw115_pitch-090,115,-90,72.464,-2.636,42.536
yaw115_pitch-085,115,-85,72.747,-2.670,42.253
yaw115_pitch-080,115,-80,73.528,-2.762,41.472
yaw115_pitch-075,115,-75,73.578,-2.767,41.422
yaw115_pitch-070,115,-70,81.145,-3.394,33.855
yaw115_pitch-065,115,-65,91.693,-3.992,23.307
yaw115_pitch-060,115,-60,110.235,-4.524,4.765
yaw115_pitch-055,115,-55,136.814,-5.045,21.814
yaw115_pitch-050,115,-50,150.022,-5.138,35.022
yaw115_pitch-045,115,-45,166.725,-4.843,51.725
yaw115_pitch-040,115,-40,174.109,-4.519,59.109
yaw115_pitch-035,115,-35,177.711,-4.287,62.711
yaw115_pitch-030,115,-30,181.111,-4.025,66.111
yaw115_pitch-025,115,-25,185.225,-3.630,70.225
yaw115_pitch-020,115,-20,182.632,-3.882,67.632
yaw115_pitch-015,115,-15,181.325,-4.005,66.325
yaw115_pitch-010,115,-10,173.983,-4.526,58.983
yaw115_pitch-005,115,-5,173.090,-4.579,58.090
yaw115_pitch+000,115,0,184.917,-3.661,69.917
yaw115_pitch+005,115,5,194.674,-2.553,79.674
yaw115_pitch+010,115,10,219.316,0.162,104.316
yaw115_pitch+015,115,15,234.104,0.929,119.104
yaw115_pitch+020,115,20,239.924,1.185,124.924
yaw115_pitch+025,115,25,230.063,0.742,115.063
yaw115_pitch+030,115,30,219.414,0.170,104.414
yaw115_pitch+035,115,35,215.268,-0.185,100.268
yaw115_pitch+040,115,40,209.383,-0.759,94.383
yaw115_pitch+045,115,45,206.289,-1.108,91.289
yaw115_pitch+050,115,50,201.478,-1.685,86.478
yaw115_pitch+055,115,55,200.224,-1.842,85.224
yaw115_pitch+060,115,60,199.768,-1.900,84.768
yaw115_pitch+065,115,65,193.780,-2.668,78.780
yaw115_pitch+070,115,70,186.025,-3.548,71.025
yaw115_pitch+075,115,75,158.642,-5.014,43.642
yaw115_pitch+080,115,80,98.263,-4.215,16.737
yaw115_pitch+085,115,85,66.570,-1.700,48.430
yaw115_pitch+090,115,90,157.293,-1.224,42.293
yaw120_pitch-090,120,-90,105.104,-4.395,14.896
yaw120_pitch-085,120,-85,99.137,-4.240,20.863
yaw120_pitch-080,120,-80,92.644,-4.027,27.356
yaw120_pitch-075,120,-75,93.146,-4.046,26.854
yaw120_pitch-070,120,-70,98.804,-4.231,21.196
yaw120_pitch-065,120,-65,123.866,-4.821,3.866
yaw120_pitch-060,120,-60,152.184,-5.128,32.184
yaw120_pitch-055,120,-55,169.043,-4.788,49.043
yaw120_pitch-050,120,-50,174.485,-4.496,54.485
yaw120_pitch-045,120,-45,184.575,-3.696,64.575
yaw120_pitch-040,120,-40,190.571,-3.064,70.571
yaw120_pitch-035,120,-35,196.611,-2.305,76.611
yaw120_pitch-030,120,-30,202.026,-1.617,82.026
yaw120_pitch-025,120,-25,205.075,-1.249,85.075
yaw120_pitch-020,120,-20,207.378,-0.983,87.378
yaw120_pitch-015,120,-15,201.035,-1.740,81.035
yaw120_pitch-010,120,-10,191.662,-2.936,71.662
yaw120_pitch-005,120,-5,181.127,-4.023,61.127
yaw120_pitch+000,120,0,184.953,-3.658,64.953
yaw120_pitch+005,120,5,186.452,-3.504,66.452
yaw120_pitch+010,120,10,186.673,-3.482,66.673
yaw120_pitch+015,120,15,198.304,-2.089,78.304
yaw120_pitch+020,120,20,202.562,-1.551,82.562
yaw120_pitch+025,120,25,201.666,-1.661,81.666
yaw120_pitch+030,120,30,199.595,-1.922,79.595
yaw120_pitch+035,120,35,199.885,-1.886,79.885
yaw120_pitch+040,120,40,198.732,-2.033,78.732
yaw120_pitch+045,120,45,196.863,-2.273,76.863
yaw120_pitch+050,120,50,194.415,-2.586,74.415
yaw120_pitch+055,120,55,193.921,-2.650,73.921
yaw120_pitch+060,120,60,193.075,-2.759,73.075
yaw120_pitch+065,120,65,190.370,-3.087,70.370
yaw120_pitch+070,120,70,180.881,-4.046,60.881
yaw120_pitch+075,120,75,153.525,-5.108,33.525
yaw120_pitch+080,120,80,95.168,-4.117,24.832
yaw120_pitch+085,120,85,66.183,-1.650,53.817
yaw120_pitch+090,120,90,141.797,-1.232,21.797
yaw125_pitch-090,125,-90,154.653,-5.088,29.653
yaw125_pitch-085,125,-85,140.221,-5.080,15.221
yaw125_pitch-080,125,-80,128.649,-4.908,3.649
yaw125_pitch-075,125,-75,115.203,-4.638,9.797
yaw125_pitch-070,125,-70,142.766,-5.106,17.766
yaw125_pitch-065,125,-65,170.361,-4.733,45.361
yaw125_pitch-060,125,-60,182.359,-3.908,57.359
yaw125_pitch-055,125,-55,186.076,-3.543,61.076
yaw125_pitch-050,125,-50,195.928,-2.392,70.928
yaw125_pitch-045,125,-45,203.135,-1.481,78.135
yaw125_pitch-040,125,-40,211.367,-0.549,86.367
yaw125_pitch-035,125,-35,218.946,0.133,93.946
yaw125_pitch-030,125,-30,230.049,0.742,105.049
yaw125_pitch-025,125,-25,232.676,0.864,107.676
yaw125_pitch-020,125,-20,228.668,0.676,103.668
yaw125_pitch-015,125,-15,228.527,0.669,103.527
yaw125_pitch-010,125,-10,213.884,-0.312,88.884
yaw125_pitch-005,125,-5,185.000,-3.653,60.000
yaw125_pitch+000,125,0,175.446,-4.438,50.446
yaw125_pitch+005,125,5,151.902,-5.132,26.902
yaw125_pitch+010,125,10,141.241,-5.090,16.241
yaw125_pitch+015,125,15,157.892,-5.028,32.892
yaw125_pitch+020,125,20,177.460,-4.304,52.460
yaw125_pitch+025,125,25,183.228,-3.826,58.228
yaw125_pitch+030,125,30,187.719,-3.374,62.719
yaw125_pitch+035,125,35,188.296,-3.314,63.296
yaw125_pitch+040,125,40,188.784,-3.262,63.784
yaw125_pitch+045,125,45,186.783,-3.470,61.783
yaw125_pitch+050,125,50,188.912,-3.248,63.912
yaw125_pitch+055,125,55,189.613,-3.173,64.613
yaw125_pitch+060,125,60,193.995,-2.640,68.995
yaw125_pitch+065,125,65,190.016,-3.129,65.016
yaw125_pitch+070,125,70,185.575,-3.594,60.575
yaw125_pitch+075,125,75,167.843,-4.817,42.843
yaw125_pitch+080,125,80,114.279,-4.618,10.721
yaw125_pitch+085,125,85,71.942,-2.572,53.058
yaw125_pitch+090,125,90,68.487,-1.489,56.513
yaw130_pitch-090,130,-90,197.671,-2.171,67.671
yaw130_pitch-085,130,-85,177.243,-4.319,47.243
yaw130_pitch-080,130,-80,167.385,-4.828,37.385
yaw130_pitch-075,130,-75,176.948,-4.338,46.948
yaw130_pitch-070,130,-70,185.924,-3.558,55.924
yaw130_pitch-065,130,-65,197.986,-2.130,67.986
yaw130_pitch-060,130,-60,202.707,-1.533,72.707
yaw130_pitch-055,130,-55,208.875,-0.815,78.875
yaw130_pitch-050,130,-50,217.060,-0.026,87.060
yaw130_pitch-045,130,-45,232.820,0.871,102.820
yaw130_pitch-040,130,-40,247.569,1.497,117.569
yaw130_pitch-035,130,-35,255.961,1.834,125.961
yaw130_pitch-030,130,-30,257.773,1.906,127.773
yaw130_pitch-025,130,-25,253.547,1.737,123.547
yaw130_pitch-020,130,-20,257.482,1.895,127.482
yaw130_pitch-015,130,-15,233.917,0.921,103.917
yaw130_pitch-010,130,-10,205.352,-1.217,75.352
yaw130_pitch-005,130,-5,178.801,-4.214,48.801
yaw130_pitch+000,130,0,143.612,-5.110,13.612
yaw130_pitch+005,130,5,91.059,-3.964,38.941
yaw130_pitch+010,130,10,72.935,-2.692,57.065
yaw130_pitch+015,130,15,75.439,-2.962,54.561
yaw130_pitch+020,130,20,105.750,-4.412,24.250
yaw130_pitch+025,130,25,152.651,-5.121,22.651
yaw130_pitch+030,130,30,173.563,-4.551,43.563
yaw130_pitch+035,130,35,181.380,-4.000,51.380
yaw130_pitch+040,130,40,178.519,-4.233,48.519
yaw130_pitch+045,130,45,182.788,-3.868,52.788
yaw130_pitch+050,130,50,187.217,-3.426,57.217
yaw130_pitch+055,130,55,189.066,-3.232,59.066
yaw130_pitch+060,130,60,192.076,-2.887,62.076
yaw130_pitch+065,130,65,193.966,-2.644,63.966
yaw130_pitch+070,130,70,195.145,-2.492,65.145
yaw130_pitch+075,130,75,184.317,-3.722,54.317
yaw130_pitch+080,130,80,156.196,-5.059,26.196
yaw130_pitch+085,130,85,93.987,-4.076,36.013
yaw130_pitch+090,130,90,67.694,-1.893,62.306
yaw135_pitch-090,135,-90,236.418,1.032,101.418
yaw135_pitch-085,135,-85,189.564,-3.178,54.564
yaw135_pitch-080,135,-80,193.427,-2.714,58.427
yaw135_pitch-075,135,-75,197.022,-2.253,62.022
yaw135_pitch-070,135,-70,219.935,0.209,84.935
yaw135_pitch-065,135,-65,240.316,1.202,105.316
yaw135_pitch-060,135,-60,242.614,1.296,107.614
yaw135_pitch-055,135,-55,253.065,1.717,118.065
yaw135_pitch-050,135,-50,262.350,2.076,127.350
yaw135_pitch-045,135,-45,276.587,2.541,141.587
yaw135_pitch-040,135,-40,279.328,2.639,144.328
yaw135_pitch-035,135,-35,280.275,2.674,145.275
yaw135_pitch-030,135,-30,284.554,2.790,149.554
yaw135_pitch-025,135,-25,253.853,1.749,118.853
yaw135_pitch-020,135,-20,219.097,0.145,84.097
yaw135_pitch-015,135,-15,202.404,-1.570,67.404
yaw135_pitch-010,135,-10,192.862,-2.787,57.862
yaw135_pitch-005,135,-5,165.647,-4.868,30.647
yaw135_pitch+000,135,0,84.394,-3.601,50.606
yaw135_pitch+005,135,5,71.703,-1.430,63.297
yaw135_pitch+010,135,10,64.876,-0.155,70.124
yaw135_pitch+015,135,15,60.896,-0.013,74.104
yaw135_pitch+020,135,20,74.833,-1.381,60.167
yaw135_pitch+025,135,25,81.869,-3.443,53.131
yaw135_pitch+030,135,30,154.900,-5.083,19.900
yaw135_pitch+035,135,35,170.538,-4.724,35.538
yaw135_pitch+040,135,40,178.948,-4.204,43.948
yaw135_pitch+045,135,45,178.842,-4.211,43.842
yaw135_pitch+050,135,50,187.714,-3.374,52.714
yaw135_pitch+055,135,55,193.141,-2.751,58.141
yaw135_pitch+060,135,60,196.291,-2.346,61.291
yaw135_pitch+065,135,65,201.877,-1.635,66.877
yaw135_pitch+070,135,70,205.093,-1.247,70.093
yaw135_pitch+075,135,75,201.028,-1.741,66.028
yaw135_pitch+080,135,80,190.697,-3.049,55.697
yaw135_pitch+085,135,85,158.902,-5.009,23.902
yaw135_pitch+090,135,90,102.299,-4.324,32.701
yaw140_pitch-090,140,-90,276.772,2.547,136.772
yaw140_pitch-085,140,-85,210.644,-0.621,70.644
yaw140_pitch-080,140,-80,218.091,0.062,78.091
yaw140_pitch-075,140,-75,243.173,1.319,103.173
yaw140_pitch-070,140,-70,274.242,2.460,134.242
yaw140_pitch-065,140,-65,285.860,2.827,145.860
yaw140_pitch-060,140,-60,287.639,2.863,147.639
yaw140_pitch-055,140,-55,286.282,2.839,146.282
yaw140_pitch-050,140,-50,287.961,2.866,147.961
yaw140_pitch-045,140,-45,289.374,2.881,149.374
yaw140_pitch-040,140,-40,291.530,2.710,151.530
yaw140_pitch-035,140,-35,272.533,2.403,132.533
yaw140_pitch-030,140,-30,240.929,1.227,100.929
yaw140_pitch-025,140,-25,212.015,-0.488,72.015
yaw140_pitch-020,140,-20,201.082,-1.734,61.082
yaw140_pitch-015,140,-15,188.538,-3.288,48.538
yaw140_pitch-010,140,-10,176.141,-4.392,36.141
yaw140_pitch-005,140,-5,125.869,-4.858,14.131
yaw140_pitch+000,140,0,68.381,-1.488,71.619
yaw140_pitch+005,140,5,53.137,0.028,86.863
yaw140_pitch+010,140,10,63.392,0.787,76.608
yaw140_pitch+015,140,15,64.188,0.872,75.812
yaw140_pitch+020,140,20,53.210,-0.139,86.790
yaw140_pitch+025,140,25,70.875,-1.447,69.125
yaw140_pitch+030,140,30,117.625,-4.691,22.375
yaw140_pitch+035,140,35,173.142,-4.576,33.142
yaw140_pitch+040,140,40,182.181,-3.925,42.181
yaw140_pitch+045,140,45,185.537,-3.598,45.537
yaw140_pitch+050,140,50,191.770,-2.923,51.770
yaw140_pitch+055,140,55,199.726,-1.906,59.726
yaw140_pitch+060,140,60,205.108,-1.245,65.108
yaw140_pitch+065,140,65,213.476,-0.350,73.476
yaw140_pitch+070,140,70,221.859,0.328,81.859
yaw140_pitch+075,140,75,225.384,0.513,85.384
yaw140_pitch+080,140,80,216.203,-0.101,76.203
yaw140_pitch+085,140,85,199.959,-1.876,59.959
yaw140_pitch+090,140,90,185.875,-3.563,45.875
yaw145_pitch-090,145,-90,293.710,2.478,148.710
yaw145_pitch-085,145,-85,252.470,1.693,107.470
yaw145_pitch-080,145,-80,255.077,1.798,110.077
yaw145_pitch-075,145,-75,271.907,2.382,126.907
yaw145_pitch-070,145,-70,295.731,2.181,150.731
yaw145_pitch-065,145,-65,298.551,1.703,153.551
yaw145_pitch-060,145,-60,297.821,1.837,152.821
yaw145_pitch-055,145,-55,289.398,2.881,144.398
yaw145_pitch-050,145,-50,275.073,2.488,130.073
yaw145_pitch-045,145,-45,259.273,1.966,114.273
yaw145_pitch-040,145,-40,246.322,1.447,101.322
yaw145_pitch-035,145,-35,226.258,0.557,81.258
yaw145_pitch-030,145,-30,210.032,-0.688,65.032
yaw145_pitch-025,145,-25,195.785,-2.410,50.785
yaw145_pitch-020,145,-20,186.498,-3.500,41.498
yaw145_pitch-015,145,-15,176.781,-4.350,31.781
yaw145_pitch-010,145,-10,156.784,-5.049,11.784
yaw145_pitch-005,145,-5,86.427,-3.720,58.573
yaw145_pitch+000,145,0,233.949,-0.559,88.949
yaw145_pitch+005,145,5,62.162,0.698,82.838
yaw145_pitch+010,145,10,81.968,1.841,63.032
yaw145_pitch+015,145,15,83.454,1.847,61.546
yaw145_pitch+020,145,20,64.092,0.862,80.908
yaw145_pitch+025,145,25,120.770,-0.278,24.230
yaw145_pitch+030,145,30,88.699,-3.843,56.301
yaw145_pitch+035,145,35,179.525,-4.160,34.525
yaw145_pitch+040,145,40,188.007,-3.344,43.007
yaw145_pitch+045,145,45,194.021,-2.637,49.021
yaw145_pitch+050,145,50,201.303,-1.707,56.303
yaw145_pitch+055,145,55,210.942,-0.590,65.942
yaw145_pitch+060,145,60,224.223,0.453,79.223
yaw145_pitch+065,145,65,235.929,1.011,90.929
yaw145_pitch+070,145,70,250.604,1.619,105.604
yaw145_pitch+075,145,75,261.862,2.060,116.862
yaw145_pitch+080,145,80,258.882,1.950,113.882
yaw145_pitch+085,145,85,250.696,1.622,105.696
yaw145_pitch+090,145,90,235.071,0.973,90.071
yaw150_pitch-090,150,-90,277.710,2.581,127.710
yaw150_pitch-085,150,-85,250.909,1.631,100.909
yaw150_pitch-080,150,-80,252.301,1.687,102.301
yaw150_pitch-075,150,-75,261.707,2.055,111.707
yaw150_pitch-070,150,-70,267.921,2.254,117.921
yaw150_pitch-065,150,-65,271.026,2.353,121.026
yaw150_pitch-060,150,-60,266.239,2.202,116.239
yaw150_pitch-055,150,-55,247.716,1.503,97.716
yaw150_pitch-050,150,-50,237.164,1.065,87.164
yaw150_pitch-045,150,-45,219.379,0.167,69.379
yaw150_pitch-040,150,-40,211.096,-0.575,61.096
yaw150_pitch-035,150,-35,199.795,-1.897,49.795
yaw150_pitch-030,150,-30,193.351,-2.724,43.351
yaw150_pitch-025,150,-25,182.883,-3.859,32.883
yaw150_pitch-020,150,-20,173.529,-4.553,23.529
yaw150_pitch-015,150,-15,162.124,-4.949,12.124
yaw150_pitch-010,150,-10,142.859,-5.107,7.141
yaw150_pitch-005,150,-5,81.678,-3.430,68.322
yaw150_pitch+000,150,0,234.694,-0.630,84.694
yaw150_pitch+005,150,5,61.674,0.663,88.326
yaw150_pitch+010,150,10,82.395,1.843,67.605
yaw150_pitch+015,150,15,83.867,1.849,66.133
yaw150_pitch+020,150,20,64.580,0.912,85.420
yaw150_pitch+025,150,25,65.868,-0.171,84.132
yaw150_pitch+030,150,30,93.253,-4.050,56.747
yaw150_pitch+035,150,35,188.924,-3.247,38.924
yaw150_pitch+040,150,40,199.889,-1.885,49.889
yaw150_pitch+045,150,45,204.030,-1.373,54.030
yaw150_pitch+050,150,50,217.942,0.049,67.942
yaw150_pitch+055,150,55,237.266,1.070,87.266
yaw150_pitch+060,150,60,251.511,1.655,101.511
yaw150_pitch+065,150,65,273.864,2.447,123.864
yaw150_pitch+070,150,70,287.969,2.866,137.969
yaw150_pitch+075,150,75,293.421,2.518,143.421
yaw150_pitch+080,150,80,295.826,2.166,145.826
yaw150_pitch+085,150,85,291.343,2.728,141.343
yaw150_pitch+090,150,90,284.053,2.777,134.053
yaw155_pitch-090,155,-90,226.201,0.554,71.201
yaw155_pitch-085,155,-85,210.549,-0.631,55.549
yaw155_pitch-080,155,-80,208.781,-0.826,53.781
yaw155_pitch-075,155,-75,217.518,0.013,62.518
yaw155_pitch-070,155,-70,219.887,0.205,64.887
yaw155_pitch-065,155,-65,221.060,0.284,66.060
yaw155_pitch-060,155,-60,221.473,0.307,66.473
yaw155_pitch-055,155,-55,216.240,-0.098,61.240
yaw155_pitch-050,155,-50,206.802,-1.049,51.802
yaw155_pitch-045,155,-45,200.856,-1.763,45.856
yaw155_pitch-040,155,-40,194.259,-2.606,39.259
yaw155_pitch-035,155,-35,186.758,-3.473,31.758
yaw155_pitch-030,155,-30,178.463,-4.237,23.463
yaw155_pitch-025,155,-25,170.132,-4.744,15.132
yaw155_pitch-020,155,-20,156.416,-5.055,1.416
yaw155_pitch-015,155,-15,135.169,-5.023,19.831
yaw155_pitch-010,155,-10,123.861,-4.821,31.139
yaw155_pitch-005,155,-5,107.000,-4.444,48.000
yaw155_pitch+000,155,0,67.889,-1.478,87.111
yaw155_pitch+005,155,5,53.282,0.126,101.718
yaw155_pitch+010,155,10,63.325,0.780,91.675
yaw155_pitch+015,155,15,64.580,0.912,90.420
yaw155_pitch+020,155,20,53.572,-0.095,101.428
yaw155_pitch+025,155,25,75.475,-1.373,79.525
yaw155_pitch+030,155,30,132.805,-4.981,22.195
yaw155_pitch+035,155,35,199.704,-1.909,44.704
yaw155_pitch+040,155,40,216.019,-0.117,61.019
yaw155_pitch+045,155,45,229.495,0.715,74.495
yaw155_pitch+050,155,50,253.990,1.754,98.990
yaw155_pitch+055,155,55,276.694,2.545,121.694
yaw155_pitch+060,155,60,295.679,2.189,140.679
yaw155_pitch+065,155,65,303.756,0.562,148.756
yaw155_pitch+070,155,70,307.222,-0.471,152.222
yaw155_pitch+075,155,75,304.584,0.340,149.584
yaw155_pitch+080,155,80,302.721,0.819,147.721
yaw155_pitch+085,155,85,289.881,2.855,134.881
yaw155_pitch+090,155,90,271.496,2.369,116.496
yaw160_pitch-090,160,-90,194.137,-2.622,34.137
yaw160_pitch-085,160,-85,173.725,-4.541,13.725
yaw160_pitch-080,160,-80,151.121,-5.144,8.879
yaw160_pitch-075,160,-75,160.302,-4.985,0.302
yaw160_pitch-070,160,-70,175.981,-4.403,15.981
yaw160_pitch-065,160,-65,192.627,-2.817,32.627
yaw160_pitch-060,160,-60,198.160,-2.107,38.160
yaw160_pitch-055,160,-55,198.635,-2.046,38.635
yaw160_pitch-050,160,-50,192.186,-2.874,32.186
yaw160_pitch-045,160,-45,187.818,-3.364,27.818
yaw160_pitch-040,160,-40,183.382,-3.812,23.382
yaw160_pitch-035,160,-35,175.744,-4.419,15.744
yaw160_pitch-030,160,-30,168.121,-4.810,8.121
yaw160_pitch-025,160,-25,157.424,-5.037,2.576
yaw160_pitch-020,160,-20,140.218,-5.080,19.782
yaw160_pitch-015,160,-15,127.380,-4.885,32.620
yaw160_pitch-010,160,-10,115.919,-4.654,44.081
yaw160_pitch-005,160,-5,116.242,-4.661,43.758
yaw160_pitch+000,160,0,89.456,-3.883,70.544
yaw160_pitch+005,160,5,67.571,-1.469,92.429
yaw160_pitch+010,160,10,233.211,-0.514,73.211
yaw160_pitch+015,160,15,63.146,-0.116,96.854
yaw160_pitch+020,160,20,83.388,-1.311,76.612
yaw160_pitch+025,160,25,75.033,-2.924,84.967
yaw160_pitch+030,160,30,180.108,-4.115,20.108
yaw160_pitch+035,160,35,223.766,0.429,63.766
yaw160_pitch+040,160,40,262.471,2.081,102.471
yaw160_pitch+045,160,45,279.008,2.627,119.008
yaw160_pitch+050,160,50,293.536,2.502,133.536
yaw160_pitch+055,160,55,304.511,0.360,144.511
yaw160_pitch+060,160,60,302.803,0.800,142.803
yaw160_pitch+065,160,65,300.070,1.405,140.070
yaw160_pitch+070,160,70,300.296,1.359,140.296
yaw160_pitch+075,160,75,299.059,1.606,139.059
yaw160_pitch+080,160,80,292.800,2.587,132.800
yaw160_pitch+085,160,85,285.271,2.810,125.271
yaw160_pitch+090,160,90,258.517,1.936,98.517
yaw165_pitch-090,165,-90,129.730,-4.927,35.270
yaw165_pitch-085,165,-85,66.741,-1.724,98.259
yaw165_pitch-080,165,-80,81.413,-1.321,83.587
yaw165_pitch-075,165,-75,139.585,-1.233,25.415
yaw165_pitch-070,165,-70,65.303,-1.502,99.697
yaw165_pitch-065,165,-65,109.294,-4.502,55.706
yaw165_pitch-060,165,-60,171.102,-4.696,6.102
yaw165_pitch-055,165,-55,175.586,-4.429,10.586
yaw165_pitch-050,165,-50,173.560,-4.551,8.560
yaw165_pitch-045,165,-45,165.453,-4.873,0.453
yaw165_pitch-040,165,-40,173.712,-4.542,8.712
yaw165_pitch-035,165,-35,167.715,-4.820,2.715
yaw165_pitch-030,165,-30,164.762,-4.889,0.238
yaw165_pitch-025,165,-25,149.691,-5.135,15.309
yaw165_pitch-020,165,-20,133.707,-4.997,31.293
yaw165_pitch-015,165,-15,121.723,-4.778,43.277
yaw165_pitch-010,165,-10,127.707,-4.891,37.293
yaw165_pitch-005,165,-5,142.934,-5.107,22.066
yaw165_pitch+000,165,0,145.742,-5.118,19.258
yaw165_pitch+005,165,5,129.884,-4.930,35.116
yaw165_pitch+010,165,10,100.286,-4.271,64.714
yaw165_pitch+015,165,15,93.267,-4.050,71.733
yaw165_pitch+020,165,20,112.766,-4.584,52.234
yaw165_pitch+025,165,25,142.621,-5.104,22.379
yaw165_pitch+030,165,30,198.816,-2.023,33.816
yaw165_pitch+035,165,35,236.007,1.014,71.007
yaw165_pitch+040,165,40,281.173,2.700,116.173
yaw165_pitch+045,165,45,304.469,0.372,139.469
yaw165_pitch+050,165,50,300.664,1.282,135.664
yaw165_pitch+055,165,55,296.410,2.075,131.410
yaw165_pitch+060,165,60,292.154,2.651,127.154
yaw165_pitch+065,165,65,287.880,2.866,122.880
yaw165_pitch+070,165,70,288.675,2.874,123.675
yaw165_pitch+075,165,75,285.623,2.820,120.623
yaw165_pitch+080,165,80,276.514,2.538,111.514
yaw165_pitch+085,165,85,265.717,2.186,100.717
yaw165_pitch+090,165,90,248.192,1.522,83.192
yaw170_pitch-090,170,-90,65.617,-1.578,104.383
yaw170_pitch-085,170,-85,55.916,0.953,114.084
yaw170_pitch-080,170,-80,56.605,0.276,113.395
yaw170_pitch-075,170,-75,58.879,0.476,111.121
yaw170_pitch-070,170,-70,53.028,-0.095,116.972
yaw170_pitch-065,170,-65,213.128,-1.176,43.128
yaw170_pitch-060,170,-60,90.516,-3.937,79.484
yaw170_pitch-055,170,-55,138.985,-5.067,31.015
yaw170_pitch-050,170,-50,131.106,-4.951,38.894
yaw170_pitch-045,170,-45,125.897,-4.858,44.103
yaw170_pitch-040,170,-40,141.812,-5.096,28.188
yaw170_pitch-035,170,-35,155.006,-5.081,14.994
yaw170_pitch-030,170,-30,160.055,-4.989,9.945
yaw170_pitch-025,170,-25,160.779,-4.977,9.221
yaw170_pitch-020,170,-20,149.048,-5.131,20.952
yaw170_pitch-015,170,-15,144.462,-5.113,25.538
yaw170_pitch-010,170,-10,153.647,-5.106,16.353
yaw170_pitch-005,170,-5,164.534,-4.894,5.466
yaw170_pitch+000,170,0,174.008,-4.525,4.008
yaw170_pitch+005,170,5,181.464,-3.992,11.464
yaw170_pitch+010,170,10,186.210,-3.529,16.210
yaw170_pitch+015,170,15,185.060,-3.647,15.060
yaw170_pitch+020,170,20,180.594,-4.073,10.594
yaw170_pitch+025,170,25,182.301,-3.913,12.301
yaw170_pitch+030,170,30,203.949,-1.383,33.949
yaw170_pitch+035,170,35,234.316,0.939,64.316
yaw170_pitch+040,170,40,264.680,2.153,94.680
yaw170_pitch+045,170,45,280.460,2.681,110.460
yaw170_pitch+050,170,50,288.303,2.870,118.303
yaw170_pitch+055,170,55,290.244,2.828,120.244
yaw170_pitch+060,170,60,283.292,2.756,113.292
yaw170_pitch+065,170,65,269.283,2.297,99.283
yaw170_pitch+070,170,70,258.634,1.940,88.634
yaw170_pitch+075,170,75,258.480,1.934,88.480
yaw170_pitch+080,170,80,246.292,1.446,76.292
yaw170_pitch+085,170,85,234.038,0.926,64.038
yaw170_pitch+090,170,90,220.013,0.214,50.013
yaw175_pitch-090,175,-90,234.414,-0.949,59.414
yaw175_pitch-085,175,-85,56.635,0.279,118.365
yaw175_pitch-080,175,-80,75.260,1.817,99.740
yaw175_pitch-075,175,-75,80.430,1.835,94.570
yaw175_pitch-070,175,-70,69.845,1.507,105.155
yaw175_pitch-065,175,-65,53.042,-0.070,121.958
yaw175_pitch-060,175,-60,67.955,-1.479,107.045
yaw175_pitch-055,175,-55,87.086,-3.756,87.914
yaw175_pitch-050,175,-50,98.440,-4.220,76.560
yaw175_pitch-045,175,-45,105.032,-4.394,69.968
yaw175_pitch-040,175,-40,125.822,-4.857,49.178
yaw175_pitch-035,175,-35,150.518,-5.142,24.482
yaw175_pitch-030,175,-30,165.367,-4.875,9.633
yaw175_pitch-025,175,-25,174.707,-4.483,0.293
yaw175_pitch-020,175,-20,171.294,-4.684,3.706
yaw175_pitch-015,175,-15,168.517,-4.801,6.483
yaw175_pitch-010,175,-10,176.589,-4.363,1.589
yaw175_pitch-005,175,-5,182.759,-3.870,7.759
yaw175_pitch+000,175,0,186.439,-3.506,11.439
yaw175_pitch+005,175,5,196.074,-2.373,21.074
yaw175_pitch+010,175,10,203.578,-1.427,28.578
yaw175_pitch+015,175,15,213.608,-0.338,38.608
yaw175_pitch+020,175,20,216.028,-0.116,41.028
yaw175_pitch+025,175,25,212.877,-0.406,37.877
yaw175_pitch+030,175,30,198.488,-2.065,23.488
yaw175_pitch+035,175,35,213.682,-0.331,38.682
yaw175_pitch+040,175,40,228.492,0.667,53.492
yaw175_pitch+045,175,45,225.804,0.534,50.804
yaw175_pitch+050,175,50,218.415,0.090,43.415
yaw175_pitch+055,175,55,222.390,0.356,47.390
yaw175_pitch+060,175,60,228.482,0.667,53.482
yaw175_pitch+065,175,65,235.622,0.997,60.622
yaw175_pitch+070,175,70,238.411,1.120,63.411
yaw175_pitch+075,175,75,237.484,1.079,62.484
yaw175_pitch+080,175,80,223.333,0.407,48.333
yaw175_pitch+085,175,85,205.517,-1.197,30.517
yaw175_pitch+090,175,90,200.195,-1.846,25.195
yaw180_pitch-090,180,-90,234.738,-0.922,54.738
yaw180_pitch-085,180,-85,56.650,0.281,123.350
yaw180_pitch-080,180,-80,76.587,1.820,103.413
yaw180_pitch-075,180,-75,85.177,1.853,94.823
yaw180_pitch-070,180,-70,75.763,1.818,104.237
yaw180_pitch-065,180,-65,56.614,0.277,123.386
yaw180_pitch-060,180,-60,235.108,-0.889,55.108
yaw180_pitch-055,180,-55,77.717,-3.148,102.283
yaw180_pitch-050,180,-50,94.110,-4.080,85.890
yaw180_pitch-045,180,-45,102.151,-4.321,77.849
yaw180_pitch-040,180,-40,121.412,-4.772,58.588
yaw180_pitch-035,180,-35,150.467,-5.142,29.533
yaw180_pitch-030,180,-30,174.493,-4.496,5.507
yaw180_pitch-025,180,-25,183.241,-3.825,3.241
yaw180_pitch-020,180,-20,184.138,-3.740,4.138
yaw180_pitch-015,180,-15,187.182,-3.429,7.182
yaw180_pitch-010,180,-10,189.395,-3.196,9.395
yaw180_pitch-005,180,-5,195.423,-2.456,15.423
yaw180_pitch+000,180,0,202.789,-1.523,22.789
yaw180_pitch+005,180,5,208.791,-0.825,28.791
yaw180_pitch+010,180,10,231.551,0.812,51.551
yaw180_pitch+015,180,15,261.364,2.043,81.364
yaw180_pitch+020,180,20,251.522,1.656,71.522
yaw180_pitch+025,180,25,216.472,-0.077,36.472
yaw180_pitch+030,180,30,195.809,-2.407,15.809
yaw180_pitch+035,180,35,197.505,-2.192,17.505
yaw180_pitch+040,180,40,198.760,-2.030,18.760
yaw180_pitch+045,180,45,174.550,-4.492,5.450
yaw180_pitch+050,180,50,169.720,-4.764,10.280
yaw180_pitch+055,180,55,182.896,-3.858,2.896
yaw180_pitch+060,180,60,186.150,-3.535,6.150
yaw180_pitch+065,180,65,191.651,-2.937,11.651
yaw180_pitch+070,180,70,191.075,-3.005,11.075
yaw180_pitch+075,180,75,190.165,-3.111,10.165
yaw180_pitch+080,180,80,189.010,-3.238,9.010
yaw180_pitch+085,180,85,185.670,-3.584,5.670
yaw180_pitch+090,180,90,187.877,-3.358,7.877
yaw185_pitch-090,185,-90,65.374,-1.496,119.626
yaw185_pitch-085,185,-85,54.926,0.656,130.074
yaw185_pitch-080,185,-80,61.229,0.630,123.771
yaw185_pitch-075,185,-75,70.010,1.527,114.990
yaw185_pitch-070,185,-70,65.203,0.973,119.797
yaw185_pitch-065,185,-65,53.501,-0.104,131.499
yaw185_pitch-060,185,-60,220.448,-1.158,35.448
yaw185_pitch-055,185,-55,80.826,-3.373,104.174
yaw185_pitch-050,185,-50,124.616,-4.835,60.384
yaw185_pitch-045,185,-45,142.676,-5.105,42.324
yaw185_pitch-040,185,-40,148.328,-5.128,36.672
yaw185_pitch-035,185,-35,172.439,-4.617,12.561
yaw185_pitch-030,185,-30,182.302,-3.913,2.698
yaw185_pitch-025,185,-25,191.023,-3.011,6.023
yaw185_pitch-020,185,-20,197.430,-2.202,12.430
yaw185_pitch-015,185,-15,200.999,-1.745,15.999
yaw185_pitch-010,185,-10,204.669,-1.297,19.669
yaw185_pitch-005,185,-5,214.379,-0.266,29.379
yaw185_pitch+000,185,0,228.779,0.681,43.779
yaw185_pitch+005,185,5,255.420,1.812,70.420
yaw185_pitch+010,185,10,272.786,2.411,87.786
yaw185_pitch+015,185,15,269.171,2.294,84.171
yaw185_pitch+020,185,20,250.730,1.624,65.730
yaw185_pitch+025,185,25,221.874,0.329,36.874
yaw185_pitch+030,185,30,202.620,-1.544,17.620
yaw185_pitch+035,185,35,190.948,-3.019,5.948
yaw185_pitch+040,185,40,172.898,-4.590,12.102
yaw185_pitch+045,185,45,137.976,-5.057,47.024
yaw185_pitch+050,185,50,129.792,-4.928,55.208
yaw185_pitch+055,185,55,135.291,-5.025,49.709
yaw185_pitch+060,185,60,145.079,-5.115,39.921
yaw185_pitch+065,185,65,152.467,-5.124,32.533
yaw185_pitch+070,185,70,152.997,-5.116,32.003
yaw185_pitch+075,185,75,153.060,-5.115,31.940
yaw185_pitch+080,185,80,145.276,-5.116,39.724
yaw185_pitch+085,185,85,140.464,-5.082,44.536
yaw185_pitch+090,185,90,130.957,-4.949,54.043
yaw190_pitch-090,190,-90,91.453,-3.983,98.547
yaw190_pitch-085,190,-85,66.195,-1.438,123.805
yaw190_pitch-080,190,-80,232.313,-0.476,42.313
yaw190_pitch-075,190,-75,55.303,0.778,134.697
yaw190_pitch-070,190,-70,55.909,0.951,134.091
yaw190_pitch-065,190,-65,235.655,-0.686,45.655
yaw190_pitch-060,190,-60,66.401,-1.680,123.599
yaw190_pitch-055,190,-55,112.224,-4.571,77.776
yaw190_pitch-050,190,-50,156.322,-5.057,33.678
yaw190_pitch-045,190,-45,167.595,-4.823,22.405
yaw190_pitch-040,190,-40,176.260,-4.384,13.740
yaw190_pitch-035,190,-35,185.519,-3.600,4.481
yaw190_pitch-030,190,-30,194.712,-2.548,4.712
yaw190_pitch-025,190,-25,199.716,-1.907,9.716
yaw190_pitch-020,190,-20,214.219,-0.281,24.219
yaw190_pitch-015,190,-15,224.991,0.493,34.991
yaw190_pitch-010,190,-10,239.863,1.182,49.863
yaw190_pitch-005,190,-5,252.933,1.712,62.933
yaw190_pitch+000,190,0,278.441,2.607,88.441
yaw190_pitch+005,190,5,274.899,2.482,84.899
yaw190_pitch+010,190,10,261.064,2.033,71.064
yaw190_pitch+015,190,15,258.388,1.931,68.388
yaw190_pitch+020,190,20,248.687,1.542,58.687
yaw190_pitch+025,190,25,226.988,0.593,36.988
yaw190_pitch+030,190,30,202.352,-1.577,12.352
yaw190_pitch+035,190,35,188.157,-3.329,1.843
yaw190_pitch+040,190,40,163.974,-4.907,26.026
yaw190_pitch+045,190,45,131.140,-4.952,58.860
yaw190_pitch+050,190,50,127.699,-4.891,62.301
yaw190_pitch+055,190,55,99.103,-4.239,90.897
yaw190_pitch+060,190,60,97.208,-4.185,92.792
yaw190_pitch+065,190,65,96.638,-4.167,93.362
yaw190_pitch+070,190,70,94.948,-4.110,95.052
yaw190_pitch+075,190,75,98.369,-4.218,91.631
yaw190_pitch+080,190,80,97.073,-4.181,92.927
yaw190_pitch+085,190,85,90.738,-3.948,99.262
yaw190_pitch+090,190,90,76.351,-3.040,113.649
yaw195_pitch-090,195,-90,168.765,-4.795,26.235
yaw195_pitch-085,195,-85,132.501,-4.976,62.499
yaw195_pitch-080,195,-80,87.801,-3.796,107.199
yaw195_pitch-075,195,-75,71.286,-2.488,123.714
yaw195_pitch-070,195,-70,69.851,-2.293,125.149
yaw195_pitch-065,195,-65,80.723,-3.366,114.277
yaw195_pitch-060,195,-60,122.254,-4.789,72.746
yaw195_pitch-055,195,-55,163.148,-4.926,31.852
yaw195_pitch-050,195,-50,181.627,-3.976,13.373
yaw195_pitch-045,195,-45,186.185,-3.532,8.815
yaw195_pitch-040,195,-40,189.684,-3.165,5.316
yaw195_pitch-035,195,-35,196.269,-2.349,1.269
yaw195_pitch-030,195,-30,206.127,-1.127,11.127
yaw195_pitch-025,195,-25,212.035,-0.486,17.035
yaw195_pitch-020,195,-20,232.397,0.851,37.397
yaw195_pitch-015,195,-15,252.159,1.681,57.159
yaw195_pitch-010,195,-10,282.643,2.739,87.643
yaw195_pitch-005,195,-5,281.822,2.717,86.822
yaw195_pitch+000,195,0,277.079,2.558,82.079
yaw195_pitch+005,195,5,266.230,2.202,71.230
yaw195_pitch+010,195,10,259.997,1.994,64.997
yaw195_pitch+015,195,15,247.016,1.475,52.016
yaw195_pitch+020,195,20,240.101,1.193,45.101
yaw195_pitch+025,195,25,235.056,0.972,40.056
yaw195_pitch+030,195,30,203.528,-1.433,8.528
yaw195_pitch+035,195,35,189.878,-3.144,5.122
yaw195_pitch+040,195,40,176.428,-4.373,18.572
yaw195_pitch+045,195,45,148.164,-5.127,46.836
yaw195_pitch+050,195,50,115.829,-4.652,79.171
yaw195_pitch+055,195,55,96.340,-4.157,98.660
yaw195_pitch+060,195,60,85.358,-3.658,109.642
yaw195_pitch+065,195,65,76.389,-3.043,118.611
yaw195_pitch+070,195,70,75.608,-2.978,119.392
yaw195_pitch+075,195,75,71.930,-2.571,123.070
yaw195_pitch+080,195,80,70.147,-2.334,124.853
yaw195_pitch+085,195,85,67.427,-1.839,127.573
yaw195_pitch+090,195,90,65.465,-1.555,129.535
yaw200_pitch-090,200,-90,192.705,-2.807,7.295
yaw200_pitch-085,200,-85,186.905,-3.458,13.095
yaw200_pitch-080,200,-80,178.969,-4.202,21.031
yaw200_pitch-075,200,-75,172.190,-4.632,27.810
yaw200_pitch-070,200,-70,159.115,-5.005,40.885
yaw200_pitch-065,200,-65,175.516,-4.434,24.484
yaw200_pitch-060,200,-60,182.967,-3.851,17.033
yaw200_pitch-055,200,-55,187.804,-3.365,12.196
yaw200_pitch-050,200,-50,192.722,-2.805,7.278
yaw200_pitch-045,200,-45,198.510,-2.062,1.490
yaw200_pitch-040,200,-40,200.221,-1.843,0.221
yaw200_pitch-035,200,-35,207.491,-0.971,7.491
yaw200_pitch-030,200,-30,212.557,-0.436,12.557
yaw200_pitch-025,200,-25,221.489,0.308,21.489
yaw200_pitch-020,200,-20,267.393,2.238,67.393
yaw200_pitch-015,200,-15,265.177,2.168,65.177
yaw200_pitch-010,200,-10,266.664,2.215,66.664
yaw200_pitch-005,200,-5,263.838,2.127,63.838
yaw200_pitch+000,200,0,254.663,1.781,54.663
yaw200_pitch+005,200,5,243.098,1.316,43.098
yaw200_pitch+010,200,10,241.280,1.242,41.280
yaw200_pitch+015,200,15,234.690,0.956,34.690
yaw200_pitch+020,200,20,234.169,0.932,34.169
yaw200_pitch+025,200,25,227.030,0.595,27.030
yaw200_pitch+030,200,30,213.255,-0.371,13.255
yaw200_pitch+035,200,35,193.832,-2.661,6.168
yaw200_pitch+040,200,40,178.706,-4.221,21.294
yaw200_pitch+045,200,45,155.166,-5.078,44.834
yaw200_pitch+050,200,50,135.917,-5.035,64.083
yaw200_pitch+055,200,55,102.739,-4.336,97.261
yaw200_pitch+060,200,60,86.113,-3.702,113.887
yaw200_pitch+065,200,65,74.918,-2.913,125.082
yaw200_pitch+070,200,70,69.052,-2.167,130.948
yaw200_pitch+075,200,75,66.204,-1.653,133.796
yaw200_pitch+080,200,80,65.284,-1.515,134.716
yaw200_pitch+085,200,85,68.885,-1.492,131.115
yaw200_pitch+090,200,90,234.586,-0.935,34.586
yaw205_pitch-090,205,-90,215.244,-0.187,10.244
yaw205_pitch-085,205,-85,206.429,-1.092,1.429
yaw205_pitch-080,205,-80,204.655,-1.299,0.345
yaw205_pitch-075,205,-75,198.145,-2.109,6.855
yaw205_pitch-070,205,-70,194.026,-2.636,10.974
yaw205_pitch-065,205,-65,191.942,-2.903,13.058
yaw205_pitch-060,205,-60,200.324,-1.830,4.676
yaw205_pitch-055,205,-55,202.665,-1.538,2.335
yaw205_pitch-050,205,-50,200.912,-1.756,4.088
yaw205_pitch-045,205,-45,203.583,-1.427,1.417
yaw205_pitch-040,205,-40,198.203,-2.102,6.797
yaw205_pitch-035,205,-35,207.789,-0.937,2.789
yaw205_pitch-030,205,-30,218.800,0.121,13.800
yaw205_pitch-025,205,-25,227.204,0.604,22.204
yaw205_pitch-020,205,-20,233.012,0.880,28.012
yaw205_pitch-015,205,-15,233.879,0.919,28.879
yaw205_pitch-010,205,-10,232.399,0.851,27.399
yaw205_pitch-005,205,-5,239.538,1.168,34.538
yaw205_pitch+000,205,0,233.779,0.914,28.779
yaw205_pitch+005,205,5,232.703,0.865,27.703
yaw205_pitch+010,205,10,228.510,0.668,23.510
yaw205_pitch+015,205,15,219.939,0.209,14.939
yaw205_pitch+020,205,20,220.836,0.272,15.836
yaw205_pitch+025,205,25,213.851,-0.315,8.851
yaw205_pitch+030,205,30,207.885,-0.926,2.885
yaw205_pitch+035,205,35,200.167,-1.850,4.833
yaw205_pitch+040,205,40,184.162,-3.738,20.838
yaw205_pitch+045,205,45,168.364,-4.805,36.636
yaw205_pitch+050,205,50,134.939,-5.019,70.061
yaw205_pitch+055,205,55,113.959,-4.611,91.041
yaw205_pitch+060,205,60,91.836,-3.997,113.164
yaw205_pitch+065,205,65,76.142,-3.023,128.858
yaw205_pitch+070,205,70,68.400,-2.038,136.600
yaw205_pitch+075,205,75,65.852,-1.608,139.148
yaw205_pitch+080,205,80,67.345,-1.462,137.655
yaw205_pitch+085,205,85,231.950,-1.081,26.950
yaw205_pitch+090,205,90,57.906,0.496,147.094
yaw210_pitch-090,210,-90,252.554,1.697,42.554
yaw210_pitch-085,210,-85,252.608,1.699,42.608
yaw210_pitch-080,210,-80,244.884,1.389,34.884
yaw210_pitch-075,210,-75,238.689,1.132,28.689
yaw210_pitch-070,210,-70,233.696,0.911,23.696
yaw210_pitch-065,210,-65,225.298,0.508,15.298
yaw210_pitch-060,210,-60,233.093,0.883,23.093
yaw210_pitch-055,210,-55,219.488,0.175,9.488
yaw210_pitch-050,210,-50,216.841,-0.045,6.841
yaw210_pitch-045,210,-45,207.393,-0.982,2.607
yaw210_pitch-040,210,-40,210.717,-0.613,0.717
yaw210_pitch-035,210,-35,204.869,-1.273,5.131
yaw210_pitch-030,210,-30,201.492,-1.683,8.508
yaw210_pitch-025,210,-25,200.439,-1.815,9.561
yaw210_pitch-020,210,-20,199.524,-1.932,10.476
yaw210_pitch-015,210,-15,195.908,-2.394,14.092
yaw210_pitch-010,210,-10,198.861,-2.017,11.139
yaw210_pitch-005,210,-5,198.744,-2.032,11.256
yaw210_pitch+000,210,0,198.336,-2.085,11.664
yaw210_pitch+005,210,5,201.003,-1.744,8.997
yaw210_pitch+010,210,10,200.142,-1.853,9.858
yaw210_pitch+015,210,15,200.864,-1.762,9.136
yaw210_pitch+020,210,20,200.485,-1.809,9.515
yaw210_pitch+025,210,25,202.332,-1.579,7.668
yaw210_pitch+030,210,30,200.671,-1.786,9.329
yaw210_pitch+035,210,35,197.354,-2.211,12.646
yaw210_pitch+040,210,40,187.948,-3.350,22.052
yaw210_pitch+045,210,45,178.017,-4.267,31.983
yaw210_pitch+050,210,50,146.748,-5.122,63.252
yaw210_pitch+055,210,55,119.239,-4.726,90.761
yaw210_pitch+060,210,60,94.785,-4.104,115.215
yaw210_pitch+065,210,65,83.853,-3.568,126.147
yaw210_pitch+070,210,70,71.005,-2.451,138.995
yaw210_pitch+075,210,75,66.170,-1.649,143.830
yaw210_pitch+080,210,80,66.623,-1.447,143.377
yaw210_pitch+085,210,85,213.844,-1.175,3.844
yaw210_pitch+090,210,90,56.636,0.831,153.364
yaw215_pitch-090,215,-90,236.110,1.019,21.110
yaw215_pitch-085,215,-85,242.116,1.276,27.116
yaw215_pitch-080,215,-80,240.124,1.194,25.124
yaw215_pitch-075,215,-75,242.844,1.306,27.844
yaw215_pitch-070,215,-70,250.350,1.609,35.350
yaw215_pitch-065,215,-65,227.717,0.629,12.717
yaw215_pitch-060,215,-60,222.014,0.336,7.014
yaw215_pitch-055,215,-55,213.601,-0.339,1.399
yaw215_pitch-050,215,-50,207.683,-0.949,7.317
yaw215_pitch-045,215,-45,207.176,-1.006,7.824
yaw215_pitch-040,215,-40,197.883,-2.143,17.117
yaw215_pitch-035,215,-35,194.757,-2.542,20.243
yaw215_pitch-030,215,-30,190.366,-3.088,24.634
yaw215_pitch-025,215,-25,187.970,-3.348,27.030
yaw215_pitch-020,215,-20,183.719,-3.780,31.281
yaw215_pitch-015,215,-15,180.628,-4.070,34.372
yaw215_pitch-010,215,-10,177.250,-4.318,37.750
yaw215_pitch-005,215,-5,180.749,-4.058,34.251
yaw215_pitch+000,215,0,174.734,-4.481,40.266
yaw215_pitch+005,215,5,174.003,-4.525,40.997
yaw215_pitch+010,215,10,175.959,-4.405,39.041
yaw215_pitch+015,215,15,176.032,-4.400,38.968
yaw215_pitch+020,215,20,176.673,-4.357,38.327
yaw215_pitch+025,215,25,180.713,-4.062,34.287
yaw215_pitch+030,215,30,178.798,-4.214,36.202
yaw215_pitch+035,215,35,182.216,-3.921,32.784
yaw215_pitch+040,215,40,181.433,-3.995,33.567
yaw215_pitch+045,215,45,176.628,-4.360,38.372
yaw215_pitch+050,215,50,157.772,-5.030,57.228
yaw215_pitch+055,215,55,135.673,-5.031,79.327
yaw215_pitch+060,215,60,109.894,-4.516,105.106
yaw215_pitch+065,215,65,90.689,-3.945,124.311
yaw215_pitch+070,215,70,77.903,-3.162,137.097
yaw215_pitch+075,215,75,69.065,-2.170,145.935
yaw215_pitch+080,215,80,65.847,-1.608,149.153
yaw215_pitch+085,215,85,68.336,-1.488,146.664
yaw215_pitch+090,215,90,235.660,-0.676,20.660
yaw220_pitch-090,220,-90,236.682,1.044,16.682
yaw220_pitch-085,220,-85,229.382,0.710,9.382
yaw220_pitch-080,220,-80,231.469,0.808,11.469
yaw220_pitch-075,220,-75,234.040,0.926,14.040
yaw220_pitch-070,220,-70,242.355,1.286,22.355
yaw220_pitch-065,220,-65,233.262,0.891,13.262
yaw220_pitch-060,220,-60,213.749,-0.325,6.251
yaw220_pitch-055,220,-55,211.838,-0.504,8.162
yaw220_pitch-050,220,-50,203.270,-1.465,16.730
yaw220_pitch-045,220,-45,195.076,-2.501,24.924
yaw220_pitch-040,220,-40,188.537,-3.289,31.463
yaw220_pitch-035,220,-35,184.276,-3.727,35.724
yaw220_pitch-030,220,-30,183.246,-3.825,36.754
yaw220_pitch-025,220,-25,177.828,-4.280,42.172
yaw220_pitch-020,220,-20,174.226,-4.512,45.774
yaw220_pitch-015,220,-15,167.396,-4.827,52.604
yaw220_pitch-010,220,-10,155.657,-5.069,64.343
yaw220_pitch-005,220,-5,154.831,-5.085,65.169
yaw220_pitch+000,220,0,142.962,-5.107,77.038
yaw220_pitch+005,220,5,143.805,-5.111,76.195
yaw220_pitch+010,220,10,141.927,-5.097,78.073
yaw220_pitch+015,220,15,143.768,-5.110,76.232
yaw220_pitch+020,220,20,159.746,-4.995,60.254
yaw220_pitch+025,220,25,149.735,-5.136,70.265
yaw220_pitch+030,220,30,158.704,-5.013,61.296
yaw220_pitch+035,220,35,158.275,-5.021,61.725
yaw220_pitch+040,220,40,164.621,-4.892,55.379
yaw220_pitch+045,220,45,166.684,-4.844,53.316
yaw220_pitch+050,220,50,163.724,-4.913,56.276
yaw220_pitch+055,220,55,142.988,-5.107,77.012
yaw220_pitch+060,220,60,129.820,-4.928,90.180
yaw220_pitch+065,220,65,107.619,-4.460,112.381
yaw220_pitch+070,220,70,92.122,-4.008,127.878
yaw220_pitch+075,220,75,82.134,-3.460,137.866
yaw220_pitch+080,220,80,72.316,-2.619,147.684
yaw220_pitch+085,220,85,67.127,-1.787,152.873
yaw220_pitch+090,220,90,65.658,-1.583,154.342
yaw225_pitch-090,225,-90,206.453,-1.089,18.547
yaw225_pitch-085,225,-85,211.767,-0.511,13.233
yaw225_pitch-080,225,-80,214.954,-0.214,10.046
yaw225_pitch-075,225,-75,223.001,0.389,1.999
yaw225_pitch-070,225,-70,225.101,0.498,0.101
yaw225_pitch-065,225,-65,227.166,0.602,2.166
yaw225_pitch-060,225,-60,216.996,-0.032,8.004
yaw225_pitch-055,225,-55,207.567,-0.962,17.433
yaw225_pitch-050,225,-50,198.027,-2.124,26.973
yaw225_pitch-045,225,-45,191.920,-2.905,33.080
yaw225_pitch-040,225,-40,183.947,-3.758,41.053
yaw225_pitch-035,225,-35,181.416,-3.996,43.584
yaw225_pitch-030,225,-30,174.037,-4.523,50.963
yaw225_pitch-025,225,-25,168.652,-4.798,56.348
yaw225_pitch-020,225,-20,160.117,-4.988,64.883
yaw225_pitch-015,225,-15,151.512,-5.138,73.488
yaw225_pitch-010,225,-10,142.067,-5.099,82.933
yaw225_pitch-005,225,-5,137.340,-5.051,87.660
yaw225_pitch+000,225,0,128.849,-4.911,96.151
yaw225_pitch+005,225,5,124.883,-4.840,100.117
yaw225_pitch+010,225,10,121.991,-4.784,103.009
yaw225_pitch+015,225,15,124.065,-4.825,100.935
yaw225_pitch+020,225,20,127.131,-4.881,97.869
yaw225_pitch+025,225,25,131.179,-4.952,93.821
yaw225_pitch+030,225,30,131.153,-4.952,93.847
yaw225_pitch+035,225,35,137.751,-5.055,87.249
yaw225_pitch+040,225,40,145.034,-5.115,79.966
yaw225_pitch+045,225,45,152.335,-5.126,72.665
yaw225_pitch+050,225,50,150.799,-5.144,74.201
yaw225_pitch+055,225,55,163.361,-4.921,61.639
yaw225_pitch+060,225,60,150.733,-5.144,74.267
yaw225_pitch+065,225,65,137.096,-5.048,87.904
yaw225_pitch+070,225,70,121.420,-4.772,103.580
yaw225_pitch+075,225,75,107.827,-4.466,117.173
yaw225_pitch+080,225,80,95.477,-4.128,129.523
yaw225_pitch+085,225,85,83.751,-3.562,141.249
yaw225_pitch+090,225,90,77.118,-3.101,147.882
yaw230_pitch-090,230,-90,199.179,-1.976,30.821
yaw230_pitch-085,230,-85,201.175,-1.723,28.825
yaw230_pitch-080,230,-80,203.554,-1.430,26.446
yaw230_pitch-075,230,-75,202.761,-1.527,27.239
yaw230_pitch-070,230,-70,205.561,-1.192,24.439
yaw230_pitch-065,230,-65,208.009,-0.912,21.991
yaw230_pitch-060,230,-60,207.345,-0.987,22.655
yaw230_pitch-055,230,-55,202.126,-1.604,27.874
yaw230_pitch-050,230,-50,199.055,-1.992,30.945
yaw230_pitch-045,230,-45,190.447,-3.078,39.553
yaw230_pitch-040,230,-40,184.836,-3.670,45.164
yaw230_pitch-035,230,-35,180.222,-4.105,49.778
yaw230_pitch-030,230,-30,161.725,-4.958,68.275
yaw230_pitch-025,230,-25,156.251,-5.058,73.749
yaw230_pitch-020,230,-20,145.128,-5.116,84.872
yaw230_pitch-015,230,-15,139.909,-5.077,90.091
yaw230_pitch-010,230,-10,126.867,-4.876,103.133
yaw230_pitch-005,230,-5,122.577,-4.796,107.423
yaw230_pitch+000,230,0,115.933,-4.655,114.067
yaw230_pitch+005,230,5,111.084,-4.545,118.916
yaw230_pitch+010,230,10,110.017,-4.519,119.983
yaw230_pitch+015,230,15,114.170,-4.615,115.830
yaw230_pitch+020,230,20,108.775,-4.489,121.225
yaw230_pitch+025,230,25,113.819,-4.607,116.181
yaw230_pitch+030,230,30,121.739,-4.778,108.261
yaw230_pitch+035,230,35,128.817,-4.911,101.183
yaw230_pitch+040,230,40,133.848,-5.000,96.152
yaw230_pitch+045,230,45,143.890,-5.111,86.110
yaw230_pitch+050,230,50,145.995,-5.119,84.005
yaw230_pitch+055,230,55,156.554,-5.053,73.446
yaw230_pitch+060,230,60,161.415,-4.965,68.585
yaw230_pitch+065,230,65,162.192,-4.948,67.808
yaw230_pitch+070,230,70,152.822,-5.119,77.178
yaw230_pitch+075,230,75,140.412,-5.082,89.588
yaw230_pitch+080,230,80,127.616,-4.889,102.384
yaw230_pitch+085,230,85,112.848,-4.585,117.152
yaw230_pitch+090,230,90,104.374,-4.377,125.626
yaw235_pitch-090,235,-90,195.354,-2.465,39.646
yaw235_pitch-085,235,-85,195.393,-2.460,39.607
yaw235_pitch-080,235,-80,196.210,-2.356,38.790
yaw235_pitch-075,235,-75,197.556,-2.186,37.444
yaw235_pitch-070,235,-70,198.095,-2.115,36.905
yaw235_pitch-065,235,-65,202.719,-1.532,32.281
yaw235_pitch-060,235,-60,204.393,-1.330,30.607
yaw235_pitch-055,235,-55,199.132,-1.982,35.868
yaw235_pitch-050,235,-50,196.123,-2.367,38.877
yaw235_pitch-045,235,-45,191.198,-2.990,43.802
yaw235_pitch-040,235,-40,183.879,-3.765,51.121
yaw235_pitch-035,235,-35,176.316,-4.381,58.684
yaw235_pitch-030,235,-30,165.972,-4.861,69.028
yaw235_pitch-025,235,-25,154.170,-5.097,80.830
yaw235_pitch-020,235,-20,132.887,-4.983,102.113
yaw235_pitch-015,235,-15,127.130,-4.881,107.870
yaw235_pitch-010,235,-10,119.222,-4.726,115.778
yaw235_pitch-005,235,-5,109.672,-4.511,125.328
yaw235_pitch+000,235,0,110.386,-4.528,124.614
yaw235_pitch+005,235,5,106.784,-4.439,128.216
yaw235_pitch+010,235,10,101.004,-4.290,133.996
yaw235_pitch+015,235,15,107.316,-4.452,127.684
yaw235_pitch+020,235,20,109.154,-4.499,125.846
yaw235_pitch+025,235,25,114.756,-4.628,120.244
yaw235_pitch+030,235,30,119.741,-4.737,115.259
yaw235_pitch+035,235,35,125.060,-4.843,109.940
yaw235_pitch+040,235,40,137.216,-5.049,97.784
yaw235_pitch+045,235,45,144.200,-5.112,90.800
yaw235_pitch+050,235,50,150.716,-5.144,84.284
yaw235_pitch+055,235,55,153.513,-5.109,81.487
yaw235_pitch+060,235,60,165.759,-4.866,69.241
yaw235_pitch+065,235,65,171.493,-4.673,63.507
yaw235_pitch+070,235,70,177.040,-4.332,57.960
yaw235_pitch+075,235,75,179.791,-4.140,55.209
yaw235_pitch+080,235,80,170.495,-4.726,64.505
yaw235_pitch+085,235,85,163.300,-4.923,71.700
yaw235_pitch+090,235,90,155.221,-5.077,79.779
yaw240_pitch-090,240,-90,185.228,-3.630,54.772
yaw240_pitch-085,240,-85,188.984,-3.240,51.016
yaw240_pitch-080,240,-80,193.791,-2.667,46.209
yaw240_pitch-075,240,-75,200.494,-1.808,39.506
yaw240_pitch-070,240,-70,202.170,-1.599,37.830
yaw240_pitch-065,240,-65,200.802,-1.769,39.198
yaw240_pitch-060,240,-60,199.311,-1.959,40.689
yaw240_pitch-055,240,-55,198.508,-2.062,41.492
yaw240_pitch-050,240,-50,193.706,-2.678,46.294
yaw240_pitch-045,240,-45,191.358,-2.971,48.642
yaw240_pitch-040,240,-40,183.784,-3.774,56.216
yaw240_pitch-035,240,-35,178.587,-4.229,61.413
yaw240_pitch-030,240,-30,166.434,-4.850,73.566
yaw240_pitch-025,240,-25,158.511,-5.017,81.489
yaw240_pitch-020,240,-20,140.812,-5.086,99.188
yaw240_pitch-015,240,-15,125.737,-4.855,114.263
yaw240_pitch-010,240,-10,121.060,-4.764,118.940
yaw240_pitch-005,240,-5,109.491,-4.507,130.509
yaw240_pitch+000,240,0,113.297,-4.596,126.703
yaw240_pitch+005,240,5,102.383,-4.327,137.617
yaw240_pitch+010,240,10,107.436,-4.456,132.564
yaw240_pitch+015,240,15,106.429,-4.430,133.571
yaw240_pitch+020,240,20,106.894,-4.442,133.106
yaw240_pitch+025,240,25,110.668,-4.535,129.332
yaw240_pitch+030,240,30,130.246,-4.936,109.754
yaw240_pitch+035,240,35,130.320,-4.937,109.680
yaw240_pitch+040,240,40,141.840,-5.096,98.160
yaw240_pitch+045,240,45,147.698,-5.125,92.302
yaw240_pitch+050,240,50,159.066,-5.006,80.934
yaw240_pitch+055,240,55,169.658,-4.767,70.342
yaw240_pitch+060,240,60,176.958,-4.338,63.042
yaw240_pitch+065,240,65,179.036,-4.197,60.964
yaw240_pitch+070,240,70,184.484,-3.705,55.516
yaw240_pitch+075,240,75,184.502,-3.703,55.498
yaw240_pitch+080,240,80,186.097,-3.541,53.903
yaw240_pitch+085,240,85,190.888,-3.026,49.112
yaw240_pitch+090,240,90,191.557,-2.948,48.443
yaw245_pitch-090,245,-90,149.471,-5.134,95.529
yaw245_pitch-085,245,-85,157.724,-5.031,87.276
yaw245_pitch-080,245,-80,170.516,-4.725,74.484
yaw245_pitch-075,245,-75,179.742,-4.144,65.258
yaw245_pitch-070,245,-70,185.076,-3.645,59.924
yaw245_pitch-065,245,-65,190.660,-3.053,54.340
yaw245_pitch-060,245,-60,198.233,-2.098,46.767
yaw245_pitch-055,245,-55,202.523,-1.556,42.477
yaw245_pitch-050,245,-50,193.908,-2.652,51.092
yaw245_pitch-045,245,-45,188.648,-3.277,56.352
yaw245_pitch-040,245,-40,184.396,-3.714,60.604
yaw245_pitch-035,245,-35,180.484,-4.083,64.516
yaw245_pitch-030,245,-30,174.501,-4.495,70.499
yaw245_pitch-025,245,-25,167.189,-4.832,77.811
yaw245_pitch-020,245,-20,156.601,-5.052,88.399
yaw245_pitch-015,245,-15,145.231,-5.116,99.769
yaw245_pitch-010,245,-10,134.038,-5.003,110.962
yaw245_pitch-005,245,-5,128.058,-4.897,116.942
yaw245_pitch+000,245,0,123.332,-4.811,121.668
yaw245_pitch+005,245,5,119.269,-4.727,125.731
yaw245_pitch+010,245,10,114.642,-4.626,130.358
yaw245_pitch+015,245,15,115.898,-4.654,129.102
yaw245_pitch+020,245,20,129.284,-4.919,115.716
yaw245_pitch+025,245,25,130.500,-4.940,114.500
yaw245_pitch+030,245,30,132.972,-4.984,112.028
yaw245_pitch+035,245,35,138.097,-5.058,106.903
yaw245_pitch+040,245,40,151.220,-5.143,93.780
yaw245_pitch+045,245,45,158.604,-5.015,86.396
yaw245_pitch+050,245,50,169.382,-4.780,75.618
yaw245_pitch+055,245,55,181.867,-3.954,63.133
yaw245_pitch+060,245,60,183.534,-3.797,61.466
yaw245_pitch+065,245,65,189.892,-3.142,55.108
yaw245_pitch+070,245,70,191.422,-2.964,53.578
yaw245_pitch+075,245,75,193.844,-2.660,51.156
yaw245_pitch+080,245,80,191.299,-2.978,53.701
yaw245_pitch+085,245,85,192.184,-2.874,52.816
yaw245_pitch+090,245,90,200.164,-1.850,44.836
yaw250_pitch-090,250,-90,106.099,-4.421,143.901
yaw250_pitch-085,250,-85,119.479,-4.731,130.521
yaw250_pitch-080,250,-80,133.635,-4.996,116.365
yaw250_pitch-075,250,-75,145.357,-5.116,104.643
yaw250_pitch-070,250,-70,158.450,-5.018,91.550
yaw250_pitch-065,250,-65,170.603,-4.721,79.397
yaw250_pitch-060,250,-60,178.890,-4.208,71.110
yaw250_pitch-055,250,-55,188.227,-3.321,61.773
yaw250_pitch-050,250,-50,196.857,-2.274,53.143
yaw250_pitch-045,250,-45,197.839,-2.149,52.161
yaw250_pitch-040,250,-40,187.608,-3.385,62.392
yaw250_pitch-035,250,-35,187.958,-3.349,62.042
yaw250_pitch-030,250,-30,180.646,-4.068,69.354
yaw250_pitch-025,250,-25,179.257,-4.180,70.743
yaw250_pitch-020,250,-20,172.959,-4.587,77.041
yaw250_pitch-015,250,-15,164.658,-4.891,85.342
yaw250_pitch-010,250,-10,160.496,-4.982,89.504
yaw250_pitch-005,250,-5,151.425,-5.140,98.575
yaw250_pitch+000,250,0,144.704,-5.114,105.296
yaw250_pitch+005,250,5,144.452,-5.113,105.548
yaw250_pitch+010,250,10,138.375,-5.061,111.625
yaw250_pitch+015,250,15,135.643,-5.031,114.357
yaw250_pitch+020,250,20,139.415,-5.072,110.585
yaw250_pitch+025,250,25,147.565,-5.125,102.435
yaw250_pitch+030,250,30,156.972,-5.045,93.028
yaw250_pitch+035,250,35,158.351,-5.020,91.649
yaw250_pitch+040,250,40,167.149,-4.833,82.851
yaw250_pitch+045,250,45,172.157,-4.634,77.843
yaw250_pitch+050,250,50,181.128,-4.023,68.872
yaw250_pitch+055,250,55,184.771,-3.676,65.229
yaw250_pitch+060,250,60,191.307,-2.977,58.693
yaw250_pitch+065,250,65,197.012,-2.254,52.988
yaw250_pitch+070,250,70,205.802,-1.164,44.198
yaw250_pitch+075,250,75,202.397,-1.571,47.603
yaw250_pitch+080,250,80,201.606,-1.669,48.394
yaw250_pitch+085,250,85,202.388,-1.572,47.612
yaw250_pitch+090,250,90,208.483,-0.859,41.517
yaw255_pitch-090,255,-90,70.632,-2.401,175.632
yaw255_pitch-085,255,-85,84.823,-3.627,170.177
yaw255_pitch-080,255,-80,99.982,-4.263,155.018
yaw255_pitch-075,255,-75,115.442,-4.644,139.558
yaw255_pitch-070,255,-70,129.009,-4.914,125.991
yaw255_pitch-065,255,-65,144.370,-5.113,110.630
yaw255_pitch-060,255,-60,156.456,-5.055,98.544
yaw255_pitch-055,255,-55,171.939,-4.647,83.061
yaw255_pitch-050,255,-50,183.779,-3.774,71.221
yaw255_pitch-045,255,-45,192.940,-2.777,62.060
yaw255_pitch-040,255,-40,200.516,-1.806,54.484
yaw255_pitch-035,255,-35,196.290,-2.346,58.710
yaw255_pitch-030,255,-30,191.447,-2.961,63.553
yaw255_pitch-025,255,-25,189.003,-3.238,65.997
yaw255_pitch-020,255,-20,186.867,-3.462,68.133
yaw255_pitch-015,255,-15,182.058,-3.936,72.942
yaw255_pitch-010,255,-10,180.639,-4.069,74.361
yaw255_pitch-005,255,-5,177.532,-4.299,77.468
yaw255_pitch+000,255,0,168.852,-4.793,86.148
yaw255_pitch+005,255,5,163.154,-4.926,91.846
yaw255_pitch+010,255,10,163.794,-4.911,91.206
yaw255_pitch+015,255,15,164.179,-4.902,90.821
yaw255_pitch+020,255,20,168.825,-4.794,86.175
yaw255_pitch+025,255,25,172.251,-4.628,82.749
yaw255_pitch+030,255,30,176.341,-4.379,78.659
yaw255_pitch+035,255,35,177.895,-4.275,77.105
yaw255_pitch+040,255,40,180.259,-4.102,74.741
yaw255_pitch+045,255,45,186.424,-3.507,68.576
yaw255_pitch+050,255,50,187.351,-3.412,67.649
yaw255_pitch+055,255,55,195.247,-2.479,59.753
yaw255_pitch+060,255,60,196.967,-2.260,58.033
yaw255_pitch+065,255,65,205.892,-1.154,49.108
yaw255_pitch+070,255,70,214.783,-0.229,40.217
yaw255_pitch+075,255,75,221.364,0.301,33.636
yaw255_pitch+080,255,80,209.396,-0.757,45.604
yaw255_pitch+085,255,85,213.186,-0.377,41.814
yaw255_pitch+090,255,90,216.963,-0.035,38.037
yaw260_pitch-090,260,-90,70.580,-1.454,170.580
yaw260_pitch-085,260,-85,66.632,-1.706,166.632
yaw260_pitch-080,260,-80,78.736,-3.225,178.736
yaw260_pitch-075,260,-75,94.368,-4.090,165.632
yaw260_pitch-070,260,-70,111.480,-4.554,148.520
yaw260_pitch-065,260,-65,125.275,-4.847,134.725
yaw260_pitch-060,260,-60,140.534,-5.083,119.466
yaw260_pitch-055,260,-55,155.565,-5.071,104.435
yaw260_pitch-050,260,-50,168.768,-4.795,91.232
yaw260_pitch-045,260,-45,182.090,-3.933,77.910
yaw260_pitch-040,260,-40,195.385,-2.461,64.615
yaw260_pitch-035,260,-35,205.203,-1.234,54.797
yaw260_pitch-030,260,-30,211.724,-0.515,48.276
yaw260_pitch-025,260,-25,207.058,-1.020,52.942
yaw260_pitch-020,260,-20,206.819,-1.047,53.181
yaw260_pitch-015,260,-15,204.146,-1.359,55.854
yaw260_pitch-010,260,-10,198.734,-2.033,61.266
yaw260_pitch-005,260,-5,193.715,-2.677,66.285
yaw260_pitch+000,260,0,188.589,-3.283,71.411
yaw260_pitch+005,260,5,183.368,-3.813,76.632
yaw260_pitch+010,260,10,179.688,-4.148,80.312
yaw260_pitch+015,260,15,180.609,-4.071,79.391
yaw260_pitch+020,260,20,182.512,-3.894,77.488
yaw260_pitch+025,260,25,184.779,-3.675,75.221
yaw260_pitch+030,260,30,190.086,-3.120,69.914
yaw260_pitch+035,260,35,189.432,-3.192,70.568
yaw260_pitch+040,260,40,193.683,-2.681,66.317
yaw260_pitch+045,260,45,193.662,-2.684,66.338
yaw260_pitch+050,260,50,200.459,-1.813,59.541
yaw260_pitch+055,260,55,204.508,-1.316,55.492
yaw260_pitch+060,260,60,210.162,-0.673,49.838
yaw260_pitch+065,260,65,214.434,-0.261,45.566
yaw260_pitch+070,260,70,225.967,0.542,34.033
yaw260_pitch+075,260,75,235.895,1.009,24.105
yaw260_pitch+080,260,80,222.647,0.370,37.353
yaw260_pitch+085,260,85,219.050,0.141,40.950
yaw260_pitch+090,260,90,236.276,1.026,23.724
yaw265_pitch-090,265,-90,233.744,-0.545,31.256
yaw265_pitch-085,265,-85,67.504,-1.467,162.504
yaw265_pitch-080,265,-80,70.153,-2.335,165.153
yaw265_pitch-075,265,-75,82.963,-3.513,177.963
yaw265_pitch-070,265,-70,98.780,-4.230,166.220
yaw265_pitch-065,265,-65,112.988,-4.589,152.012
yaw265_pitch-060,265,-60,126.858,-4.876,138.142
yaw265_pitch-055,265,-55,140.823,-5.086,124.177
yaw265_pitch-050,265,-50,158.692,-5.013,106.308
yaw265_pitch-045,265,-45,175.480,-4.436,89.520
yaw265_pitch-040,265,-40,186.212,-3.529,78.788
yaw265_pitch-035,265,-35,199.114,-1.984,65.886
yaw265_pitch-030,265,-30,215.723,-0.143,49.277
yaw265_pitch-025,265,-25,225.230,0.505,39.770
yaw265_pitch-020,265,-20,238.684,1.132,26.316
yaw265_pitch-015,265,-15,251.426,1.652,13.574
yaw265_pitch-010,265,-10,245.740,1.423,19.260
yaw265_pitch-005,265,-5,236.135,1.020,28.865
yaw265_pitch+000,265,0,217.568,0.017,47.432
yaw265_pitch+005,265,5,204.500,-1.317,60.500
yaw265_pitch+010,265,10,193.748,-2.672,71.252
yaw265_pitch+015,265,15,193.051,-2.762,71.949
yaw265_pitch+020,265,20,192.659,-2.813,72.341
yaw265_pitch+025,265,25,195.222,-2.482,69.778
yaw265_pitch+030,265,30,202.338,-1.578,62.662
yaw265_pitch+035,265,35,208.205,-0.890,56.795
yaw265_pitch+040,265,40,209.067,-0.794,55.933
yaw265_pitch+045,265,45,211.392,-0.547,53.608
yaw265_pitch+050,265,50,213.797,-0.320,51.203
yaw265_pitch+055,265,55,220.323,0.237,44.677
yaw265_pitch+060,265,60,230.613,0.768,34.387
yaw265_pitch+065,265,65,230.263,0.752,34.737
yaw265_pitch+070,265,70,234.329,0.939,30.671
yaw265_pitch+075,265,75,259.496,1.974,5.504
yaw265_pitch+080,265,80,237.614,1.085,27.386
yaw265_pitch+085,265,85,228.459,0.665,36.541
yaw265_pitch+090,265,90,233.922,0.921,31.078
yaw270_pitch-090,270,-90,234.654,-0.625,35.346
yaw270_pitch-085,270,-85,66.456,-1.444,156.456
yaw270_pitch-080,270,-80,70.320,-2.358,160.320
yaw270_pitch-075,270,-75,85.052,-3.640,175.052
yaw270_pitch-070,270,-70,96.731,-4.170,173.269
yaw270_pitch-065,270,-65,109.936,-4.517,160.064
yaw270_pitch-060,270,-60,114.700,-4.627,155.300
yaw270_pitch-055,270,-55,122.382,-4.792,147.618
yaw270_pitch-050,270,-50,146.179,-5.120,123.821
yaw270_pitch-045,270,-45,164.023,-4.906,105.977
yaw270_pitch-040,270,-40,180.675,-4.065,89.325
yaw270_pitch-035,270,-35,191.302,-2.978,78.698
yaw270_pitch-030,270,-30,206.869,-1.041,63.131
yaw270_pitch-025,270,-25,231.959,0.831,38.041
yaw270_pitch-020,270,-20,245.725,1.423,24.275
yaw270_pitch-015,270,-15,255.507,1.815,14.493
yaw270_pitch-010,270,-10,274.095,2.455,4.095
yaw270_pitch-005,270,-5,289.068,2.878,19.068
yaw270_pitch+000,270,0,293.456,2.513,23.456
yaw270_pitch+005,270,5,266.138,2.199,3.862
yaw270_pitch+010,270,10,235.643,0.998,34.357
yaw270_pitch+015,270,15,215.993,-0.119,54.007
yaw270_pitch+020,270,20,214.341,-0.270,55.659
yaw270_pitch+025,270,25,221.355,0.300,48.645
yaw270_pitch+030,270,30,223.318,0.406,46.682
yaw270_pitch+035,270,35,232.290,0.846,37.710
yaw270_pitch+040,270,40,233.964,0.923,36.036
yaw270_pitch+045,270,45,240.464,1.208,29.536
yaw270_pitch+050,270,50,248.655,1.541,21.345
yaw270_pitch+055,270,55,237.652,1.087,32.348
yaw270_pitch+060,270,60,246.204,1.442,23.796
yaw270_pitch+065,270,65,248.013,1.515,21.987
yaw270_pitch+070,270,70,256.354,1.850,13.646
yaw270_pitch+075,270,75,266.810,2.220,3.190
yaw270_pitch+080,270,80,249.952,1.593,20.048
yaw270_pitch+085,270,85,245.145,1.399,24.855
yaw270_pitch+090,270,90,252.533,1.696,17.467
yaw275_pitch-090,275,-90,68.700,-1.491,153.700
yaw275_pitch-085,275,-85,70.484,-2.380,155.484
yaw275_pitch-080,275,-80,85.068,-3.641,170.068
yaw275_pitch-075,275,-75,101.696,-4.309,173.304
yaw275_pitch-070,275,-70,106.631,-4.435,168.369
yaw275_pitch-065,275,-65,116.997,-4.678,158.003
yaw275_pitch-060,275,-60,113.627,-4.603,161.373
yaw275_pitch-055,275,-55,120.686,-4.756,154.314
yaw275_pitch-050,275,-50,132.224,-4.971,142.776
yaw275_pitch-045,275,-45,153.322,-5.111,121.678
yaw275_pitch-040,275,-40,171.910,-4.648,103.090
yaw275_pitch-035,275,-35,187.060,-3.442,87.940
yaw275_pitch-030,275,-30,200.187,-1.847,74.813
yaw275_pitch-025,275,-25,223.811,0.432,51.189
yaw275_pitch-020,275,-20,260.137,2.000,14.863
yaw275_pitch-015,275,-15,261.352,2.043,13.648
yaw275_pitch-010,275,-10,285.932,2.829,10.932
yaw275_pitch-005,275,-5,298.852,1.646,23.852
yaw275_pitch+000,275,0,304.194,0.447,29.194
yaw275_pitch+005,275,5,305.021,0.217,30.021
yaw275_pitch+010,275,10,306.036,-0.086,31.036
yaw275_pitch+015,275,15,300.406,1.336,25.406
yaw275_pitch+020,275,20,287.465,2.861,12.465
yaw275_pitch+025,275,25,276.442,2.536,1.442
yaw275_pitch+030,275,30,267.451,2.240,7.549
yaw275_pitch+035,275,35,265.411,2.176,9.589
yaw275_pitch+040,275,40,276.297,2.531,1.297
yaw275_pitch+045,275,45,272.038,2.387,2.962
yaw275_pitch+050,275,50,259.351,1.969,15.649
yaw275_pitch+055,275,55,245.297,1.405,29.703
yaw275_pitch+060,275,60,225.514,0.519,49.486
yaw275_pitch+065,275,65,224.033,0.443,50.967
yaw275_pitch+070,275,70,217.683,0.027,57.317
yaw275_pitch+075,275,75,231.573,0.813,43.427
yaw275_pitch+080,275,80,236.367,1.030,38.633
yaw275_pitch+085,275,85,228.878,0.686,46.122
yaw275_pitch+090,275,90,247.319,1.487,27.681
yaw280_pitch-090,280,-90,86.221,-3.708,166.221
yaw280_pitch-085,280,-85,114.909,-4.632,165.091
yaw280_pitch-080,280,-80,132.149,-4.970,147.851
yaw280_pitch-075,280,-75,136.577,-5.043,143.423
yaw280_pitch-070,280,-70,140.114,-5.079,139.886
yaw280_pitch-065,280,-65,134.519,-5.011,145.481
yaw280_pitch-060,280,-60,130.975,-4.949,149.025
yaw280_pitch-055,280,-55,129.994,-4.931,150.006
yaw280_pitch-050,280,-50,141.303,-5.091,138.697
yaw280_pitch-045,280,-45,150.395,-5.141,129.605
yaw280_pitch-040,280,-40,163.689,-4.914,116.311
yaw280_pitch-035,280,-35,180.170,-4.110,99.830
yaw280_pitch-030,280,-30,193.559,-2.697,86.441
yaw280_pitch-025,280,-25,211.664,-0.521,68.336
yaw280_pitch-020,280,-20,247.224,1.483,32.776
yaw280_pitch-015,280,-15,279.408,2.642,0.592
yaw280_pitch-010,280,-10,287.579,2.862,7.579
yaw280_pitch-005,280,-5,301.438,1.115,21.438
yaw280_pitch+000,280,0,308.919,-1.098,28.919
yaw280_pitch+005,280,5,311.522,-2.394,31.522
yaw280_pitch+010,280,10,311.263,-2.248,31.263
yaw280_pitch+015,280,15,309.439,-1.329,29.439
yaw280_pitch+020,280,20,307.643,-0.617,27.643
yaw280_pitch+025,280,25,305.319,0.130,25.319
yaw280_pitch+030,280,30,308.676,-0.998,28.676
yaw280_pitch+035,280,35,303.668,0.584,23.668
yaw280_pitch+040,280,40,288.749,2.874,8.749
yaw280_pitch+045,280,45,271.653,2.374,8.347
yaw280_pitch+050,280,50,242.960,1.310,37.040
yaw280_pitch+055,280,55,218.427,0.091,61.573
yaw280_pitch+060,280,60,190.967,-3.017,89.033
yaw280_pitch+065,280,65,155.795,-5.067,124.205
yaw280_pitch+070,280,70,126.966,-4.878,153.034
yaw280_pitch+075,280,75,143.706,-5.110,136.294
yaw280_pitch+080,280,80,174.815,-4.476,105.185
yaw280_pitch+085,280,85,196.107,-2.369,83.893
yaw280_pitch+090,280,90,218.285,0.079,61.715
yaw285_pitch-090,285,-90,165.185,-4.879,119.815
yaw285_pitch-085,285,-85,162.244,-4.947,122.756
yaw285_pitch-080,285,-80,175.975,-4.403,109.025
yaw285_pitch-075,285,-75,180.140,-4.112,104.860
yaw285_pitch-070,285,-70,175.644,-4.425,109.356
yaw285_pitch-065,285,-65,166.527,-4.848,118.473
yaw285_pitch-060,285,-60,158.502,-5.017,126.498
yaw285_pitch-055,285,-55,154.285,-5.095,130.715
yaw285_pitch-050,285,-50,157.280,-5.039,127.720
yaw285_pitch-045,285,-45,151.429,-5.139,133.571
yaw285_pitch-040,285,-40,165.886,-4.863,119.114
yaw285_pitch-035,285,-35,177.717,-4.287,107.283
yaw285_pitch-030,285,-30,190.568,-3.064,94.432
yaw285_pitch-025,285,-25,205.119,-1.244,79.881
yaw285_pitch-020,285,-20,229.301,0.706,55.699
yaw285_pitch-015,285,-15,271.310,2.363,13.690
yaw285_pitch-010,285,-10,288.114,2.868,3.114
yaw285_pitch-005,285,-5,300.316,1.355,15.316
yaw285_pitch+000,285,0,305.234,0.155,20.234
yaw285_pitch+005,285,5,308.215,-0.823,23.215
yaw285_pitch+010,285,10,307.544,-0.582,22.544
yaw285_pitch+015,285,15,309.709,-1.453,24.709
yaw285_pitch+020,285,20,310.020,-1.601,25.020
yaw285_pitch+025,285,25,310.977,-2.090,25.977
yaw285_pitch+030,285,30,307.991,-0.741,22.991
yaw285_pitch+035,285,35,305.207,0.163,20.207
yaw285_pitch+040,285,40,299.292,1.561,14.292
yaw285_pitch+045,285,45,282.317,2.730,2.683
yaw285_pitch+050,285,50,234.593,0.951,50.407
yaw285_pitch+055,285,55,192.083,-2.886,92.917
yaw285_pitch+060,285,60,97.182,-4.184,172.182
yaw285_pitch+065,285,65,70.103,-1.470,145.103
yaw285_pitch+070,285,70,233.175,-0.512,51.825
yaw285_pitch+075,285,75,230.415,-0.424,54.585
yaw285_pitch+080,285,80,81.424,-1.321,156.424
yaw285_pitch+085,285,85,78.289,-3.191,153.289
yaw285_pitch+090,285,90,173.852,-4.534,111.148
yaw290_pitch-090,290,-90,197.293,-2.219,92.707
yaw290_pitch-085,290,-85,201.253,-1.713,88.747
yaw290_pitch-080,290,-80,205.452,-1.205,84.548
yaw290_pitch-075,290,-75,206.178,-1.121,83.822
yaw290_pitch-070,290,-70,200.718,-1.780,89.282
yaw290_pitch-065,290,-65,195.881,-2.398,94.119
yaw290_pitch-060,290,-60,190.678,-3.051,99.322
yaw290_pitch-055,290,-55,182.930,-3.854,107.070
yaw290_pitch-050,290,-50,179.325,-4.175,110.675
yaw290_pitch-045,290,-45,168.783,-4.795,121.217
yaw290_pitch-040,290,-40,171.271,-4.686,118.729
yaw290_pitch-035,290,-35,180.036,-4.121,109.964
yaw290_pitch-030,290,-30,188.279,-3.316,101.721
yaw290_pitch-025,290,-25,197.138,-2.239,92.862
yaw290_pitch-020,290,-20,217.537,0.015,72.463
yaw290_pitch-015,290,-15,253.776,1.746,36.224
yaw290_pitch-010,290,-10,279.264,2.637,10.736
yaw290_pitch-005,290,-5,275.517,2.504,14.483
yaw290_pitch+000,290,0,283.477,2.761,6.523
yaw290_pitch+005,290,5,294.825,2.317,4.825
yaw290_pitch+010,290,10,300.078,1.404,10.078
yaw290_pitch+015,290,15,304.200,0.445,14.200
yaw290_pitch+020,290,20,303.929,0.517,13.929
yaw290_pitch+025,290,25,303.405,0.651,13.405
yaw290_pitch+030,290,30,300.267,1.365,10.267
yaw290_pitch+035,290,35,293.808,2.464,3.808
yaw290_pitch+040,290,40,288.007,2.867,1.993
yaw290_pitch+045,290,45,272.751,2.410,17.249
yaw290_pitch+050,290,50,239.156,1.152,50.844
yaw290_pitch+055,290,55,174.292,-4.508,115.708
yaw290_pitch+060,290,60,65.957,-1.443,135.957
yaw290_pitch+065,290,65,54.192,0.418,124.192
yaw290_pitch+070,290,70,59.448,0.513,129.448
yaw290_pitch+075,290,75,63.588,0.808,133.588
yaw290_pitch+080,290,80,56.269,0.243,126.269
yaw290_pitch+085,290,85,60.739,-0.001,130.739
yaw290_pitch+090,290,90,70.401,-2.369,140.401
yaw295_pitch-090,295,-90,253.513,1.735,41.487
yaw295_pitch-085,295,-85,256.893,1.871,38.107
yaw295_pitch-080,295,-80,261.810,2.058,33.190
yaw295_pitch-075,295,-75,258.016,1.916,36.984
yaw295_pitch-070,295,-70,248.697,1.542,46.303
yaw295_pitch-065,295,-65,235.027,0.971,59.973
yaw295_pitch-060,295,-60,219.011,0.138,75.989
yaw295_pitch-055,295,-55,207.576,-0.961,87.424
yaw295_pitch-050,295,-50,194.505,-2.574,100.495
yaw295_pitch-045,295,-45,188.655,-3.276,106.345
yaw295_pitch-040,295,-40,186.837,-3.465,108.163
yaw295_pitch-035,295,-35,184.510,-3.703,110.490
yaw295_pitch-030,295,-30,186.242,-3.526,108.758
yaw295_pitch-025,295,-25,194.966,-2.515,100.034
yaw295_pitch-020,295,-20,202.282,-1.585,92.718
yaw295_pitch-015,295,-15,216.129,-0.107,78.871
yaw295_pitch-010,295,-10,232.107,0.838,62.893
yaw295_pitch-005,295,-5,249.135,1.560,45.865
yaw295_pitch+000,295,0,261.971,2.064,33.029
yaw295_pitch+005,295,5,266.829,2.220,28.171
yaw295_pitch+010,295,10,277.611,2.577,17.389
yaw295_pitch+015,295,15,279.407,2.642,15.593
yaw295_pitch+020,295,20,278.704,2.616,16.296
yaw295_pitch+025,295,25,283.792,2.769,11.208
yaw295_pitch+030,295,30,282.658,2.739,12.342
yaw295_pitch+035,295,35,277.661,2.579,17.339
yaw295_pitch+040,295,40,262.879,2.094,32.121
yaw295_pitch+045,295,45,257.639,1.901,37.361
yaw295_pitch+050,295,50,239.515,1.167,55.485
yaw295_pitch+055,295,55,181.171,-4.019,113.829
yaw295_pitch+060,295,60,68.731,-1.491,133.731
yaw295_pitch+065,295,65,53.989,-0.045,118.989
yaw295_pitch+070,295,70,72.399,1.735,137.399
yaw295_pitch+075,295,75,80.251,1.834,145.251
yaw295_pitch+080,295,80,72.722,1.753,137.722
yaw295_pitch+085,295,85,54.304,-0.008,119.304
yaw295_pitch+090,295,90,75.977,-1.367,140.977
yaw300_pitch-090,300,-90,311.167,-2.194,11.167
yaw300_pitch-085,300,-85,309.084,-1.170,9.084
yaw300_pitch-080,300,-80,307.370,-0.521,7.370
yaw300_pitch-075,300,-75,307.015,-0.401,7.015
yaw300_pitch-070,300,-70,303.453,0.639,3.453
yaw300_pitch-065,300,-65,295.244,2.255,4.756
yaw300_pitch-060,300,-60,281.611,2.712,18.389
yaw300_pitch-055,300,-55,261.052,2.033,38.948
yaw300_pitch-050,300,-50,232.005,0.833,67.995
yaw300_pitch-045,300,-45,212.365,-0.455,87.635
yaw300_pitch-040,300,-40,198.220,-2.099,101.780
yaw300_pitch-035,300,-35,191.236,-2.986,108.764
yaw300_pitch-030,300,-30,191.328,-2.975,108.672
yaw300_pitch-025,300,-25,185.965,-3.554,114.035
yaw300_pitch-020,300,-20,187.002,-3.448,112.998
yaw300_pitch-015,300,-15,193.704,-2.678,106.296
yaw300_pitch-010,300,-10,209.250,-0.774,90.750
yaw300_pitch-005,300,-5,226.545,0.571,73.455
yaw300_pitch+000,300,0,217.848,0.041,82.152
yaw300_pitch+005,300,5,224.000,0.442,76.000
yaw300_pitch+010,300,10,227.979,0.642,72.021
yaw300_pitch+015,300,15,237.354,1.074,62.646
yaw300_pitch+020,300,20,240.150,1.195,59.850
yaw300_pitch+025,300,25,236.554,1.038,63.446
yaw300_pitch+030,300,30,237.009,1.058,62.991
yaw300_pitch+035,300,35,236.138,1.020,63.862
yaw300_pitch+040,300,40,240.432,1.206,59.568
yaw300_pitch+045,300,45,241.675,1.258,58.325
yaw300_pitch+050,300,50,236.592,1.040,63.408
yaw300_pitch+055,300,55,196.831,-2.277,103.169
yaw300_pitch+060,300,60,69.278,-2.208,129.278
yaw300_pitch+065,300,65,54.329,0.471,114.329
yaw300_pitch+070,300,70,65.810,1.030,125.810
yaw300_pitch+075,300,75,75.532,1.817,135.532
yaw300_pitch+080,300,80,70.867,1.634,130.867
yaw300_pitch+085,300,85,54.340,-0.004,114.340
yaw300_pitch+090,300,90,73.010,-1.407,133.010
yaw305_pitch-090,305,-90,313.920,-4.107,8.920
yaw305_pitch-085,305,-85,314.851,-4.990,9.851
yaw305_pitch-080,305,-80,315.968,-6.567,10.968
yaw305_pitch-075,305,-75,316.549,-7.660,11.549
yaw305_pitch-070,305,-70,316.015,-6.646,11.015
yaw305_pitch-065,305,-65,313.830,-4.030,8.830
yaw305_pitch-060,305,-60,310.806,-1.999,5.806
yaw305_pitch-055,305,-55,302.332,0.911,2.668
yaw305_pitch-050,305,-50,285.184,2.808,19.816
yaw305_pitch-045,305,-45,251.956,1.673,53.044
yaw305_pitch-040,305,-40,218.129,0.065,86.871
yaw305_pitch-035,305,-35,196.836,-2.277,108.164
yaw305_pitch-030,305,-30,184.622,-3.691,120.378
yaw305_pitch-025,305,-25,175.092,-4.460,129.908
yaw305_pitch-020,305,-20,173.510,-4.554,131.490
yaw305_pitch-015,305,-15,172.528,-4.612,132.472
yaw305_pitch-010,305,-10,178.610,-4.227,126.390
yaw305_pitch-005,305,-5,186.635,-3.486,118.365
yaw305_pitch+000,305,0,193.976,-2.643,111.024
yaw305_pitch+005,305,5,192.540,-2.828,112.460
yaw305_pitch+010,305,10,198.486,-2.065,106.514
yaw305_pitch+015,305,15,204.792,-1.282,100.208
yaw305_pitch+020,305,20,210.839,-0.600,94.161
yaw305_pitch+025,305,25,210.248,-0.664,94.752
yaw305_pitch+030,305,30,215.179,-0.193,89.821
yaw305_pitch+035,305,35,232.091,0.837,72.909
yaw305_pitch+040,305,40,238.419,1.120,66.581
yaw305_pitch+045,305,45,249.202,1.563,55.798
yaw305_pitch+050,305,50,237.291,1.071,67.709
yaw305_pitch+055,305,55,225.162,0.501,79.838
yaw305_pitch+060,305,60,167.344,-4.829,137.656
yaw305_pitch+065,305,65,68.194,-1.486,123.194
yaw305_pitch+070,305,70,53.950,0.332,108.950
yaw305_pitch+075,305,75,55.669,0.172,110.669
yaw305_pitch+080,305,80,53.906,-0.054,108.906
yaw305_pitch+085,305,85,65.194,-0.161,120.194
yaw305_pitch+090,305,90,69.095,-2.176,124.095
yaw310_pitch-090,310,-90,315.480,-5.808,5.480
yaw310_pitch-085,310,-85,315.750,-6.214,5.750
yaw310_pitch-080,310,-80,316.508,-7.573,6.508
yaw310_pitch-075,310,-75,317.315,-9.337,7.315
yaw310_pitch-070,310,-70,317.410,-9.639,7.410
yaw310_pitch-065,310,-65,317.405,-9.623,7.405
yaw310_pitch-060,310,-60,316.502,-7.561,6.502
yaw310_pitch-055,310,-55,314.374,-4.517,4.374
yaw310_pitch-050,310,-50,308.715,-1.013,1.285
yaw310_pitch-045,310,-45,281.649,2.713,28.351
yaw310_pitch-040,310,-40,228.812,0.683,81.188
yaw310_pitch-035,310,-35,199.708,-1.908,110.292
yaw310_pitch-030,310,-30,182.725,-3.874,127.275
yaw310_pitch-025,310,-25,153.377,-5.111,156.623
yaw310_pitch-020,310,-20,110.015,-4.519,160.015
yaw310_pitch-015,310,-15,85.431,-3.663,135.431
yaw310_pitch-010,310,-10,87.122,-3.758,137.122
yaw310_pitch-005,310,-5,122.815,-4.801,172.815
yaw310_pitch+000,310,0,148.913,-5.130,161.087
yaw310_pitch+005,310,5,169.170,-4.785,140.830
yaw310_pitch+010,310,10,176.371,-4.377,133.629
yaw310_pitch+015,310,15,183.078,-3.840,126.922
yaw310_pitch+020,310,20,195.506,-2.446,114.494
yaw310_pitch+025,310,25,206.079,-1.132,103.921
yaw310_pitch+030,310,30,221.775,0.323,88.225
yaw310_pitch+035,310,35,243.721,1.342,66.279
yaw310_pitch+040,310,40,248.911,1.551,61.089
yaw310_pitch+045,310,45,262.510,2.082,47.490
yaw310_pitch+050,310,50,263.167,2.104,46.833
yaw310_pitch+055,310,55,269.134,2.293,40.866
yaw310_pitch+060,310,60,238.050,1.104,71.950
yaw310_pitch+065,310,65,178.218,-4.253,131.782
yaw310_pitch+070,310,70,74.701,-2.891,124.701
yaw310_pitch+075,310,75,67.726,-1.473,117.726
yaw310_pitch+080,310,80,66.436,-1.443,116.436
yaw310_pitch+085,310,85,84.115,-3.584,134.115
yaw310_pitch+090,310,90,169.281,-4.782,140.719
yaw315_pitch-090,315,-90,316.654,-7.887,1.654
yaw315_pitch-085,315,-85,316.522,-7.603,1.522
yaw315_pitch-080,315,-80,317.221,-9.065,2.221
yaw315_pitch-075,315,-75,317.478,-9.851,2.478
yaw315_pitch-070,315,-70,317.706,-10.374,2.706
yaw315_pitch-065,315,-65,317.637,-10.222,2.637
yaw315_pitch-060,315,-60,317.202,-9.024,2.202
yaw315_pitch-055,315,-55,316.445,-7.445,1.445
yaw315_pitch-050,315,-50,312.142,-2.776,2.858
yaw315_pitch-045,315,-45,296.160,2.114,18.840
yaw315_pitch-040,315,-40,256.958,1.874,58.042
yaw315_pitch-035,315,-35,208.931,-0.809,106.069
yaw315_pitch-030,315,-30,173.488,-4.556,141.512
yaw315_pitch-025,315,-25,93.852,-4.071,138.852
yaw315_pitch-020,315,-20,69.152,-1.493,114.152
yaw315_pitch-015,315,-15,232.875,-0.498,82.125
yaw315_pitch-010,315,-10,234.952,-0.680,80.048
yaw315_pitch-005,315,-5,67.474,-1.466,112.474
yaw315_pitch+000,315,0,83.197,-3.528,128.197
yaw315_pitch+005,315,5,137.168,-5.049,177.832
yaw315_pitch+010,315,10,169.607,-4.769,145.393
yaw315_pitch+015,315,15,177.303,-4.315,137.697
yaw315_pitch+020,315,20,198.808,-2.024,116.192
yaw315_pitch+025,315,25,207.721,-0.945,107.279
yaw315_pitch+030,315,30,222.050,0.338,92.950
yaw315_pitch+035,315,35,239.566,1.170,75.434
yaw315_pitch+040,315,40,261.574,2.050,53.426
yaw315_pitch+045,315,45,275.680,2.509,39.320
yaw315_pitch+050,315,50,283.845,2.771,31.155
yaw315_pitch+055,315,55,292.921,2.575,22.079
yaw315_pitch+060,315,60,286.773,2.854,28.227
yaw315_pitch+065,315,65,266.412,2.207,48.588
yaw315_pitch+070,315,70,227.233,0.605,87.767
yaw315_pitch+075,315,75,201.499,-1.682,113.501
yaw315_pitch+080,315,80,198.897,-2.012,116.103
yaw315_pitch+085,315,85,209.966,-0.695,105.034
yaw315_pitch+090,315,90,233.293,0.892,81.707
yaw320_pitch-090,320,-90,316.736,-8.056,3.264
yaw320_pitch-085,320,-85,316.609,-7.788,3.391
yaw320_pitch-080,320,-80,316.808,-8.210,3.192
yaw320_pitch-075,320,-75,316.891,-8.377,3.109
yaw320_pitch-070,320,-70,316.938,-8.475,3.062
yaw320_pitch-065,320,-65,316.528,-7.616,3.472
yaw320_pitch-060,320,-60,315.936,-6.514,4.064
yaw320_pitch-055,320,-55,315.354,-5.630,4.646
yaw320_pitch-050,320,-50,313.966,-4.147,6.034
yaw320_pitch-045,320,-45,304.234,0.436,15.766
yaw320_pitch-040,320,-40,267.624,2.245,52.376
yaw320_pitch-035,320,-35,210.634,-0.622,109.366
yaw320_pitch-030,320,-30,158.806,-5.011,161.194
yaw320_pitch-025,320,-25,66.536,-1.445,106.536
yaw320_pitch-020,320,-20,53.317,0.150,93.317
yaw320_pitch-015,320,-15,60.840,0.600,100.840
yaw320_pitch-010,320,-10,59.585,0.521,99.585
yaw320_pitch-005,320,-5,54.141,0.399,94.141
yaw320_pitch+000,320,0,66.105,-1.437,106.105
yaw320_pitch+005,320,5,127.835,-4.893,167.835
yaw320_pitch+010,320,10,172.657,-4.605,147.343
yaw320_pitch+015,320,15,189.606,-3.173,130.394
yaw320_pitch+020,320,20,204.082,-1.367,115.918
yaw320_pitch+025,320,25,217.873,0.044,102.127
yaw320_pitch+030,320,30,233.322,0.894,86.678
yaw320_pitch+035,320,35,250.715,1.623,69.285
yaw320_pitch+040,320,40,281.479,2.708,38.521
yaw320_pitch+045,320,45,292.590,2.608,27.410
yaw320_pitch+050,320,50,301.756,1.044,18.244
yaw320_pitch+055,320,55,302.953,0.763,17.047
yaw320_pitch+060,320,60,303.379,0.658,16.621
yaw320_pitch+065,320,65,305.736,0.006,14.264
yaw320_pitch+070,320,70,299.397,1.540,20.603
yaw320_pitch+075,320,75,283.768,2.769,36.232
yaw320_pitch+080,320,80,279.192,2.634,40.808
yaw320_pitch+085,320,85,280.712,2.689,39.288
yaw320_pitch+090,320,90,268.332,2.267,51.668
yaw325_pitch-090,325,-90,314.461,-4.600,10.539
yaw325_pitch-085,325,-85,313.395,-3.674,11.605
yaw325_pitch-080,325,-80,314.226,-4.379,10.774
yaw325_pitch-075,325,-75,314.276,-4.426,10.724
yaw325_pitch-070,325,-70,314.661,-4.796,10.339
yaw325_pitch-065,325,-65,314.249,-4.401,10.751
yaw325_pitch-060,325,-60,313.031,-3.395,11.969
yaw325_pitch-055,325,-55,310.470,-1.824,14.530
yaw325_pitch-050,325,-50,307.756,-0.657,17.244
yaw325_pitch-045,325,-45,299.390,1.542,25.610
yaw325_pitch-040,325,-40,277.192,2.562,47.808
yaw325_pitch-035,325,-35,214.451,-0.260,110.549
yaw325_pitch-030,325,-30,147.262,-5.124,177.738
yaw325_pitch-025,325,-25,234.955,-0.903,90.045
yaw325_pitch-020,325,-20,60.093,0.550,95.093
yaw325_pitch-015,325,-15,77.751,1.824,112.751
yaw325_pitch-010,325,-10,77.069,1.822,112.069
yaw325_pitch-005,325,-5,58.591,0.453,93.591
yaw325_pitch+000,325,0,228.350,-1.120,96.650
yaw325_pitch+005,325,5,115.640,-4.648,150.640
yaw325_pitch+010,325,10,187.275,-3.420,137.725
yaw325_pitch+015,325,15,200.799,-1.770,124.201
yaw325_pitch+020,325,20,215.366,-0.176,109.634
yaw325_pitch+025,325,25,229.509,0.716,95.491
yaw325_pitch+030,325,30,254.008,1.755,70.992
yaw325_pitch+035,325,35,276.652,2.543,48.348
yaw325_pitch+040,325,40,290.027,2.846,34.973
yaw325_pitch+045,325,45,302.065,0.973,22.935
yaw325_pitch+050,325,50,308.039,-0.759,16.961
yaw325_pitch+055,325,55,310.168,-1.674,14.832
yaw325_pitch+060,325,60,311.075,-2.143,13.925
yaw325_pitch+065,325,65,312.877,-3.282,12.123
yaw325_pitch+070,325,70,312.162,-2.788,12.838
yaw325_pitch+075,325,75,307.233,-0.475,17.767
yaw325_pitch+080,325,80,306.586,-0.260,18.414
yaw325_pitch+085,325,85,303.085,0.731,21.915
yaw325_pitch+090,325,90,299.848,1.450,25.152
yaw330_pitch-090,330,-90,284.338,2.784,45.662
yaw330_pitch-085,330,-85,290.600,2.796,39.400
yaw330_pitch-080,330,-80,297.452,1.903,32.548
yaw330_pitch-075,330,-75,301.822,1.029,28.178
yaw330_pitch-070,330,-70,305.396,0.108,24.604
yaw330_pitch-065,330,-65,305.890,-0.041,24.110
yaw330_pitch-060,330,-60,304.647,0.322,25.353
yaw330_pitch-055,330,-55,299.682,1.484,30.318
yaw330_pitch-050,330,-50,291.592,2.704,38.408
yaw330_pitch-045,330,-45,279.025,2.628,50.975
yaw330_pitch-040,330,-40,263.918,2.129,66.082
yaw330_pitch-035,330,-35,224.153,0.450,105.847
yaw330_pitch-030,330,-30,157.930,-5.027,172.070
yaw330_pitch-025,330,-25,231.660,-1.087,98.340
yaw330_pitch-020,330,-20,59.460,0.513,89.460
yaw330_pitch-015,330,-15,77.111,1.822,107.111
yaw330_pitch-010,330,-10,75.954,1.819,105.954
yaw330_pitch-005,330,-5,57.400,0.351,87.400
yaw330_pitch+000,330,0,110.198,-1.254,140.198
yaw330_pitch+005,330,5,138.223,-5.060,168.223
yaw330_pitch+010,330,10,194.876,-2.527,135.124
yaw330_pitch+015,330,15,215.191,-0.192,114.809
yaw330_pitch+020,330,20,227.637,0.625,102.363
yaw330_pitch+025,330,25,250.284,1.606,79.716
yaw330_pitch+030,330,30,272.220,2.393,57.780
yaw330_pitch+035,330,35,291.910,2.674,38.090
yaw330_pitch+040,330,40,303.503,0.626,26.497
yaw330_pitch+045,330,45,310.132,-1.656,19.868
yaw330_pitch+050,330,50,313.320,-3.616,16.680
yaw330_pitch+055,330,55,313.972,-4.153,16.028
yaw330_pitch+060,330,60,312.835,-3.252,17.165
yaw330_pitch+065,330,65,311.556,-2.414,18.444
yaw330_pitch+070,330,70,309.529,-1.370,20.471
yaw330_pitch+075,330,75,308.969,-1.120,21.031
yaw330_pitch+080,330,80,308.667,-0.994,21.333
yaw330_pitch+085,330,85,311.557,-2.415,18.443
yaw330_pitch+090,330,90,311.308,-2.273,18.692
yaw335_pitch-090,335,-90,195.342,-2.467,139.658
yaw335_pitch-085,335,-85,223.591,0.420,111.409
yaw335_pitch-080,335,-80,237.950,1.100,97.050
yaw335_pitch-075,335,-75,261.826,2.059,73.174
yaw335_pitch-070,335,-70,279.508,2.646,55.492
yaw335_pitch-065,335,-65,283.390,2.758,51.610
yaw335_pitch-060,335,-60,281.608,2.711,53.392
yaw335_pitch-055,335,-55,277.845,2.585,57.155
yaw335_pitch-050,335,-50,261.261,2.040,73.739
yaw335_pitch-045,335,-45,248.579,1.538,86.421
yaw335_pitch-040,335,-40,232.185,0.842,102.815
yaw335_pitch-035,335,-35,226.327,0.560,108.673
yaw335_pitch-030,335,-30,187.727,-3.373,147.273
yaw335_pitch-025,335,-25,65.804,-1.602,90.804
yaw335_pitch-020,335,-20,54.350,0.480,79.350
yaw335_pitch-015,335,-15,58.790,0.469,83.790
yaw335_pitch-010,335,-10,57.832,0.389,82.832
yaw335_pitch-005,335,-5,55.580,0.871,80.580
yaw335_pitch+000,335,0,66.523,-1.694,91.523
yaw335_pitch+005,335,5,178.124,-4.260,156.876
yaw335_pitch+010,335,10,200.386,-1.822,134.614
yaw335_pitch+015,335,15,227.664,0.627,107.336
yaw335_pitch+020,335,20,267.363,2.237,67.637
yaw335_pitch+025,335,25,283.192,2.753,51.808
yaw335_pitch+030,335,30,299.574,1.505,35.426
yaw335_pitch+035,335,35,302.815,0.797,32.185
yaw335_pitch+040,335,40,301.637,1.071,33.363
yaw335_pitch+045,335,45,300.625,1.290,34.375
yaw335_pitch+050,335,50,300.454,1.326,34.546
yaw335_pitch+055,335,55,295.152,2.269,39.848
yaw335_pitch+060,335,60,291.774,2.687,43.226
yaw335_pitch+065,335,65,267.028,2.226,67.972
yaw335_pitch+070,335,70,270.491,2.336,64.509
yaw335_pitch+075,335,75,267.452,2.240,67.548
yaw335_pitch+080,335,80,283.468,2.761,51.532
yaw335_pitch+085,335,85,277.001,2.555,57.999
yaw335_pitch+090,335,90,286.213,2.837,48.787
yaw340_pitch-090,340,-90,128.907,-4.912,148.907
yaw340_pitch-085,340,-85,173.760,-4.539,166.240
yaw340_pitch-080,340,-80,200.066,-1.863,139.934
yaw340_pitch-075,340,-75,211.571,-0.530,128.429
yaw340_pitch-070,340,-70,234.539,0.949,105.461
yaw340_pitch-065,340,-65,244.307,1.365,95.693
yaw340_pitch-060,340,-60,250.641,1.620,89.359
yaw340_pitch-055,340,-55,247.852,1.508,92.148
yaw340_pitch-050,340,-50,237.637,1.086,102.363
yaw340_pitch-045,340,-45,223.372,0.409,116.628
yaw340_pitch-040,340,-40,211.815,-0.507,128.185
yaw340_pitch-035,340,-35,215.305,-0.182,124.695
yaw340_pitch-030,340,-30,215.037,-0.206,124.963
yaw340_pitch-025,340,-25,171.451,-4.675,168.549
yaw340_pitch-020,340,-20,66.395,-1.679,86.395
yaw340_pitch-015,340,-15,227.618,-1.125,112.382
yaw340_pitch-010,340,-10,151.703,-1.227,171.703
yaw340_pitch-005,340,-5,66.392,-1.678,86.392
yaw340_pitch+000,340,0,146.309,-5.120,166.309
yaw340_pitch+005,340,5,196.613,-2.305,143.387
yaw340_pitch+010,340,10,219.668,0.189,120.332
yaw340_pitch+015,340,15,253.528,1.736,86.472
yaw340_pitch+020,340,20,287.586,2.863,52.414
yaw340_pitch+025,340,25,292.121,2.654,47.879
yaw340_pitch+030,340,30,279.727,2.654,60.273
yaw340_pitch+035,340,35,273.946,2.450,66.054
yaw340_pitch+040,340,40,266.535,2.211,73.465
yaw340_pitch+045,340,45,264.042,2.133,75.958
yaw340_pitch+050,340,50,256.644,1.861,83.356
yaw340_pitch+055,340,55,243.632,1.338,96.368
yaw340_pitch+060,340,60,219.566,0.181,120.434
yaw340_pitch+065,340,65,209.667,-0.728,130.333
yaw340_pitch+070,340,70,203.746,-1.407,136.254
yaw340_pitch+075,340,75,212.691,-0.424,127.309
yaw340_pitch+080,340,80,226.178,0.553,113.822
yaw340_pitch+085,340,85,223.682,0.425,116.318
yaw340_pitch+090,340,90,209.199,-0.779,130.801
yaw345_pitch-090,345,-90,67.170,-1.794,82.170
yaw345_pitch-085,345,-85,95.336,-4.123,110.336
yaw345_pitch-080,345,-80,151.627,-5.137,166.627
yaw345_pitch-075,345,-75,181.447,-3.993,163.553
yaw345_pitch-070,345,-70,202.155,-1.601,142.845
yaw345_pitch-065,345,-65,213.911,-0.310,131.089
yaw345_pitch-060,345,-60,226.078,0.548,118.922
yaw345_pitch-055,345,-55,229.062,0.695,115.938
yaw345_pitch-050,345,-50,224.911,0.489,120.089
yaw345_pitch-045,345,-45,213.937,-0.307,131.063
yaw345_pitch-040,345,-40,215.096,-0.201,129.904
yaw345_pitch-035,345,-35,230.292,0.753,114.708
yaw345_pitch-030,345,-30,256.887,1.871,88.113
yaw345_pitch-025,345,-25,251.763,1.665,93.237
yaw345_pitch-020,345,-20,202.849,-1.516,142.151
yaw345_pitch-015,345,-15,174.775,-4.479,170.225
yaw345_pitch-010,345,-10,164.861,-4.887,179.861
yaw345_pitch-005,345,-5,184.634,-3.690,160.366
yaw345_pitch+000,345,0,197.906,-2.140,147.094
yaw345_pitch+005,345,5,218.892,0.129,126.108
yaw345_pitch+010,345,10,242.011,1.272,102.989
yaw345_pitch+015,345,15,246.470,1.453,98.530
yaw345_pitch+020,345,20,249.600,1.579,95.400
yaw345_pitch+025,345,25,243.542,1.334,101.458
yaw345_pitch+030,345,30,243.750,1.343,101.250
yaw345_pitch+035,345,35,230.433,0.760,114.567
yaw345_pitch+040,345,40,222.097,0.341,122.903
yaw345_pitch+045,345,45,212.547,-0.437,132.453
yaw345_pitch+050,345,50,206.817,-1.047,138.183
yaw345_pitch+055,345,55,199.142,-1.981,145.858
yaw345_pitch+060,345,60,190.734,-3.045,154.266
yaw345_pitch+065,345,65,184.498,-3.704,160.502
yaw345_pitch+070,345,70,179.479,-4.164,165.521
yaw345_pitch+075,345,75,185.127,-3.640,159.873
yaw345_pitch+080,345,80,188.669,-3.274,156.331
yaw345_pitch+085,345,85,191.487,-2.956,153.513
yaw345_pitch+090,345,90,196.502,-2.319,148.498
yaw350_pitch-090,350,-90,72.435,-1.416,82.435
yaw350_pitch-085,350,-85,66.808,-1.736,76.808
yaw350_pitch-080,350,-80,85.553,-3.670,95.553
yaw350_pitch-075,350,-75,126.630,-4.872,136.630
yaw350_pitch-070,350,-70,172.376,-4.621,177.624
yaw350_pitch-065,350,-65,197.185,-2.233,152.815
yaw350_pitch-060,350,-60,206.626,-1.069,143.374
yaw350_pitch-055,350,-55,222.496,0.362,127.504
yaw350_pitch-050,350,-50,234.568,0.950,115.432
yaw350_pitch-045,350,-45,226.604,0.574,123.396
yaw350_pitch-040,350,-40,242.168,1.278,107.832
yaw350_pitch-035,350,-35,267.382,2.237,82.618
yaw350_pitch-030,350,-30,288.153,2.868,61.847
yaw350_pitch-025,350,-25,296.758,2.019,53.242
yaw350_pitch-020,350,-20,292.964,2.571,57.036
yaw350_pitch-015,350,-15,263.108,2.102,86.892
yaw350_pitch-010,350,-10,244.298,1.365,105.702
yaw350_pitch-005,350,-5,229.321,0.707,120.679
yaw350_pitch+000,350,0,243.829,1.346,106.171
yaw350_pitch+005,350,5,223.821,0.432,126.179
yaw350_pitch+010,350,10,215.117,-0.199,134.883
yaw350_pitch+015,350,15,214.447,-0.260,135.553
yaw350_pitch+020,350,20,209.209,-0.778,140.791
yaw350_pitch+025,350,25,208.302,-0.879,141.698
yaw350_pitch+030,350,30,203.899,-1.389,146.101
yaw350_pitch+035,350,35,202.611,-1.545,147.389
yaw350_pitch+040,350,40,199.876,-1.887,150.124
yaw350_pitch+045,350,45,189.176,-3.220,160.824
yaw350_pitch+050,350,50,180.189,-4.108,169.811
yaw350_pitch+055,350,55,169.210,-4.784,179.210
yaw350_pitch+060,350,60,157.837,-5.029,167.837
yaw350_pitch+065,350,65,151.675,-5.136,161.675
yaw350_pitch+070,350,70,146.781,-5.122,156.781
yaw350_pitch+075,350,75,139.425,-5.072,149.425
yaw350_pitch+080,350,80,149.566,-5.134,159.566
yaw350_pitch+085,350,85,166.543,-4.848,176.543
yaw350_pitch+090,350,90,173.147,-4.576,176.853
yaw355_pitch-090,355,-90,235.413,-0.850,119.587
yaw355_pitch-085,355,-85,66.415,-1.443,71.415
yaw355_pitch-080,355,-80,69.140,-2.184,74.140
yaw355_pitch-075,355,-75,84.034,-3.579,89.034
yaw355_pitch-070,355,-70,150.069,-5.138,155.069
yaw355_pitch-065,355,-65,188.031,-3.342,166.969
yaw355_pitch-060,355,-60,209.970,-0.694,145.030
yaw355_pitch-055,355,-55,238.015,1.102,116.985
yaw355_pitch-050,355,-50,245.326,1.407,109.674
yaw355_pitch-045,355,-45,261.175,2.037,93.825
yaw355_pitch-040,355,-40,270.779,2.345,84.221
yaw355_pitch-035,355,-35,294.103,2.422,60.897
yaw355_pitch-030,355,-30,303.943,0.513,51.057
yaw355_pitch-025,355,-25,310.304,-1.741,44.696
yaw355_pitch-020,355,-20,312.546,-3.048,42.454
yaw355_pitch-015,355,-15,308.334,-0.868,46.666
yaw355_pitch-010,355,-10,302.729,0.817,52.271
yaw355_pitch-005,355,-5,280.053,2.666,74.947
yaw355_pitch+000,355,0,239.494,1.166,115.506
yaw355_pitch+005,355,5,215.008,-0.209,139.992
yaw355_pitch+010,355,10,201.615,-1.668,153.385
yaw355_pitch+015,355,15,196.482,-2.321,158.518
yaw355_pitch+020,355,20,190.133,-3.115,164.867
yaw355_pitch+025,355,25,186.113,-3.539,168.887
yaw355_pitch+030,355,30,180.793,-4.054,174.207
yaw355_pitch+035,355,35,176.417,-4.374,178.583
yaw355_pitch+040,355,40,170.659,-4.719,175.659
yaw355_pitch+045,355,45,159.571,-4.998,164.571
yaw355_pitch+050,355,50,143.086,-5.108,148.086
yaw355_pitch+055,355,55,122.096,-4.786,127.096
yaw355_pitch+060,355,60,113.096,-4.591,118.096
yaw355_pitch+065,355,65,106.822,-4.440,111.822
yaw355_pitch+070,355,70,103.917,-4.366,108.917
yaw355_pitch+075,355,75,100.048,-4.265,105.048
yaw355_pitch+080,355,80,107.613,-4.460,112.613
yaw355_pitch+085,355,85,133.241,-4.989,138.241
yaw355_pitch+090,355,90,143.468,-5.109,148.468
