record_id,yaw_true,pitch_true,yaw_pred,pitch_pred,yaw_err
yaw000_pitch-090,0,-90,343.640,-90.000,16.360
yaw000_pitch-085,0,-85,339.469,-86.220,20.531
yaw000_pitch-080,0,-80,338.768,-78.680,21.232
yaw000_pitch-075,0,-75,337.771,-77.512,22.229
yaw000_pitch-070,0,-70,338.326,-68.735,21.674
yaw000_pitch-065,0,-65,338.149,-69.859,21.851
yaw000_pitch-060,0,-60,334.388,-64.029,25.612
yaw000_pitch-055,0,-55,330.153,-60.324,29.847
yaw000_pitch-050,0,-50,326.409,-53.738,33.591
yaw000_pitch-045,0,-45,320.975,-42.916,39.025
yaw000_pitch-040,0,-40,316.619,-39.188,43.381
yaw000_pitch-035,0,-35,311.106,-35.355,48.894
yaw000_pitch-030,0,-30,312.453,-31.735,47.547
yaw000_pitch-025,0,-25,313.174,-14.829,46.826
yaw000_pitch-020,0,-20,321.114,5.242,38.886
yaw000_pitch-015,0,-15,329.484,4.888,30.516
yaw000_pitch-010,0,-10,330.267,11.674,29.733
yaw000_pitch-005,0,-5,335.052,17.738,24.948
yaw000_pitch+000,0,0,337.748,20.163,22.252
yaw000_pitch+005,0,5,339.181,27.079,20.819
yaw000_pitch+010,0,10,339.326,30.941,20.674
yaw000_pitch+015,0,15,343.985,34.493,16.015
yaw000_pitch+020,0,20,337.478,37.909,22.522
yaw000_pitch+025,0,25,337.814,42.238,22.186
yaw000_pitch+030,0,30,329.636,45.216,30.364
yaw000_pitch+035,0,35,331.953,50.489,28.047
yaw000_pitch+040,0,40,337.071,53.572,22.929
yaw000_pitch+045,0,45,340.240,55.341,19.760
yaw000_pitch+050,0,50,349.057,59.504,10.943
yaw000_pitch+055,0,55,358.828,65.967,1.172
yaw000_pitch+060,0,60,358.468,67.075,1.532
yaw000_pitch+065,0,65,1.324,68.744,1.324
yaw000_pitch+070,0,70,6.787,73.382,6.787
yaw000_pitch+075,0,75,12.477,76.803,12.477
yaw000_pitch+080,0,80,8.674,83.328,8.674
yaw000_pitch+085,0,85,9.564,89.405,9.564
yaw000_pitch+090,0,90,13.174,89.991,13.174
yaw005_pitch-090,5,-90,344.900,-88.367,20.100
yaw005_pitch-085,5,-85,343.835,-86.609,21.165
yaw005_pitch-080,5,-80,340.602,-81.715,24.398
yaw005_pitch-075,5,-75,338.691,-75.918,26.309
yaw005_pitch-070,5,-70,341.163,-79.721,23.837
yaw005_pitch-065,5,-65,341.828,-68.608,23.172
yaw005_pitch-060,5,-60,337.341,-64.264,27.659
yaw005_pitch-055,5,-55,332.534,-58.320,32.466
yaw005_pitch-050,5,-50,329.342,-54.462,35.658
yaw005_pitch-045,5,-45,325.059,-47.673,39.941
yaw005_pitch-040,5,-40,321.816,-40.059,43.184
yaw005_pitch-035,5,-35,315.187,-40.005,49.813
yaw005_pitch-030,5,-30,307.378,-38.172,57.622
yaw005_pitch-025,5,-25,304.792,-22.478,60.208
yaw005_pitch-020,5,-20,315.422,0.126,49.578
yaw005_pitch-015,5,-15,329.409,7.373,35.591
yaw005_pitch-010,5,-10,334.496,8.948,30.504
yaw005_pitch-005,5,-5,335.100,15.156,29.900
yaw005_pitch+000,5,0,342.958,18.727,22.042
yaw005_pitch+005,5,5,342.257,22.630,22.743
yaw005_pitch+010,5,10,345.965,28.549,19.035
yaw005_pitch+015,5,15,346.235,32.269,18.765
yaw005_pitch+020,5,20,343.741,37.025,21.259
yaw005_pitch+025,5,25,344.810,41.265,20.190
yaw005_pitch+030,5,30,330.533,45.022,34.467
yaw005_pitch+035,5,35,336.308,50.412,28.692
yaw005_pitch+040,5,40,336.307,53.530,28.693
yaw005_pitch+045,5,45,347.507,58.314,17.493
yaw005_pitch+050,5,50,354.008,61.824,10.992
yaw005_pitch+055,5,55,5.468,66.092,0.468
yaw005_pitch+060,5,60,9.554,68.453,4.554
yaw005_pitch+065,5,65,9.638,70.197,4.638
yaw005_pitch+070,5,70,14.500,73.654,9.500
yaw005_pitch+075,5,75,16.130,76.230,11.130
yaw005_pitch+080,5,80,14.752,83.815,9.752
yaw005_pitch+085,5,85,16.131,89.031,11.131
yaw005_pitch+090,5,90,17.342,90.000,12.342
yaw010_pitch-090,10,-90,351.441,-87.025,18.559
yaw010_pitch-085,10,-85,349.938,-83.391,20.062
yaw010_pitch-080,10,-80,346.197,-81.184,23.803
yaw010_pitch-075,10,-75,343.863,-76.133,26.137
yaw010_pitch-070,10,-70,344.069,-69.711,25.931
yaw010_pitch-065,10,-65,343.295,-68.945,26.705
yaw010_pitch-060,10,-60,338.566,-61.889,31.434
yaw010_pitch-055,10,-55,334.172,-59.071,35.828
yaw010_pitch-050,10,-50,329.403,-50.476,40.597
yaw010_pitch-045,10,-45,323.943,-47.395,46.057
yaw010_pitch-040,10,-40,309.773,-38.638,60.227
yaw010_pitch-035,10,-35,307.455,-35.520,62.545
yaw010_pitch-030,10,-30,296.376,-36.681,73.624
yaw010_pitch-025,10,-25,301.818,-26.174,68.182
yaw010_pitch-020,10,-20,311.719,-3.529,58.281
yaw010_pitch-015,10,-15,329.143,9.301,40.857
yaw010_pitch-010,10,-10,339.036,11.718,30.964
yaw010_pitch-005,10,-5,340.998,14.887,29.002
yaw010_pitch+000,10,0,346.699,15.301,23.301
yaw010_pitch+005,10,5,348.476,20.955,21.524
yaw010_pitch+010,10,10,349.034,26.921,20.966
yaw010_pitch+015,10,15,352.057,34.162,17.943
yaw010_pitch+020,10,20,348.494,36.892,21.506
yaw010_pitch+025,10,25,348.682,41.975,21.318
yaw010_pitch+030,10,30,342.448,48.206,27.552
yaw010_pitch+035,10,35,348.066,51.627,21.934
yaw010_pitch+040,10,40,359.666,56.656,10.334
yaw010_pitch+045,10,45,4.948,60.057,5.052
yaw010_pitch+050,10,50,3.820,60.657,6.180
yaw010_pitch+055,10,55,15.364,67.484,5.364
yaw010_pitch+060,10,60,19.315,69.787,9.315
yaw010_pitch+065,10,65,16.172,69.433,6.172
yaw010_pitch+070,10,70,23.972,74.361,13.972
yaw010_pitch+075,10,75,21.134,75.756,11.134
yaw010_pitch+080,10,80,22.985,82.606,12.985
yaw010_pitch+085,10,85,23.513,87.547,13.513
yaw010_pitch+090,10,90,20.705,90.000,10.705
yaw015_pitch-090,15,-90,356.261,-83.082,18.739
yaw015_pitch-085,15,-85,354.214,-89.606,20.786
yaw015_pitch-080,15,-80,353.903,-86.023,21.097
yaw015_pitch-075,15,-75,350.878,-74.567,24.122
yaw015_pitch-070,15,-70,346.611,-67.771,28.389
yaw015_pitch-065,15,-65,344.819,-64.237,30.181
yaw015_pitch-060,15,-60,339.395,-59.664,35.605
yaw015_pitch-055,15,-55,336.223,-54.295,38.777
yaw015_pitch-050,15,-50,331.096,-49.299,43.904
yaw015_pitch-045,15,-45,327.615,-44.517,47.385
yaw015_pitch-040,15,-40,320.838,-43.490,54.162
yaw015_pitch-035,15,-35,308.934,-35.289,66.066
yaw015_pitch-030,15,-30,300.819,-37.751,74.181
yaw015_pitch-025,15,-25,278.517,-31.202,96.483
yaw015_pitch-020,15,-20,295.642,-11.475,79.358
yaw015_pitch-015,15,-15,332.552,2.368,42.448
yaw015_pitch-010,15,-10,337.711,5.484,37.289
yaw015_pitch-005,15,-5,340.554,16.619,34.446
yaw015_pitch+000,15,0,351.160,15.366,23.840
yaw015_pitch+005,15,5,351.821,21.573,23.179
yaw015_pitch+010,15,10,355.928,27.914,19.072
yaw015_pitch+015,15,15,359.260,34.597,15.740
yaw015_pitch+020,15,20,0.980,41.474,14.020
yaw015_pitch+025,15,25,5.394,43.893,9.606
yaw015_pitch+030,15,30,355.799,48.131,19.201
yaw015_pitch+035,15,35,11.061,53.758,3.939
yaw015_pitch+040,15,40,14.008,57.381,0.992
yaw015_pitch+045,15,45,15.852,58.969,0.852
yaw015_pitch+050,15,50,18.470,63.396,3.470
yaw015_pitch+055,15,55,26.127,70.595,11.127
yaw015_pitch+060,15,60,29.862,72.534,14.862
yaw015_pitch+065,15,65,27.835,72.657,12.835
yaw015_pitch+070,15,70,31.802,76.583,16.802
yaw015_pitch+075,15,75,29.814,76.484,14.814
yaw015_pitch+080,15,80,31.335,80.766,16.335
yaw015_pitch+085,15,85,33.208,90.000,18.208
yaw015_pitch+090,15,90,24.339,90.000,9.339
yaw020_pitch-090,20,-90,359.470,-87.056,20.530
yaw020_pitch-085,20,-85,0.519,-82.433,19.481
yaw020_pitch-080,20,-80,357.525,-81.018,22.475
yaw020_pitch-075,20,-75,351.449,-78.361,28.551
yaw020_pitch-070,20,-70,350.654,-69.609,29.346
yaw020_pitch-065,20,-65,347.954,-70.101,32.046
yaw020_pitch-060,20,-60,341.391,-60.285,38.609
yaw020_pitch-055,20,-55,336.666,-51.059,43.334
yaw020_pitch-050,20,-50,331.885,-44.828,48.115
yaw020_pitch-045,20,-45,324.365,-44.884,55.635
yaw020_pitch-040,20,-40,323.362,-37.493,56.638
yaw020_pitch-035,20,-35,308.706,-35.164,71.294
yaw020_pitch-030,20,-30,292.482,-26.954,87.518
yaw020_pitch-025,20,-25,276.883,-28.658,103.117
yaw020_pitch-020,20,-20,290.455,-8.425,89.545
yaw020_pitch-015,20,-15,336.270,1.799,43.730
yaw020_pitch-010,20,-10,343.578,10.381,36.422
yaw020_pitch-005,20,-5,346.904,11.855,33.096
yaw020_pitch+000,20,0,352.250,16.058,27.750
yaw020_pitch+005,20,5,355.036,19.196,24.964
yaw020_pitch+010,20,10,6.074,32.332,13.926
yaw020_pitch+015,20,15,6.487,40.714,13.513
yaw020_pitch+020,20,20,10.721,45.387,9.279
yaw020_pitch+025,20,25,14.956,47.162,5.044
yaw020_pitch+030,20,30,20.757,49.704,0.757
yaw020_pitch+035,20,35,22.129,54.596,2.129
yaw020_pitch+040,20,40,25.382,56.925,5.382
yaw020_pitch+045,20,45,24.696,59.869,4.696
yaw020_pitch+050,20,50,26.954,64.778,6.954
yaw020_pitch+055,20,55,32.707,67.837,12.707
yaw020_pitch+060,20,60,34.589,70.061,14.589
yaw020_pitch+065,20,65,36.177,72.684,16.177
yaw020_pitch+070,20,70,36.022,77.987,16.022
yaw020_pitch+075,20,75,35.532,78.090,15.532
yaw020_pitch+080,20,80,37.734,80.571,17.734
yaw020_pitch+085,20,85,38.028,90.000,18.028
yaw020_pitch+090,20,90,31.177,90.000,11.177
yaw025_pitch-090,25,-90,8.003,-88.921,16.997
yaw025_pitch-085,25,-85,5.173,-83.285,19.827
yaw025_pitch-080,25,-80,4.734,-78.929,20.266
yaw025_pitch-075,25,-75,0.463,-75.181,24.537
yaw025_pitch-070,25,-70,356.206,-70.570,28.794
yaw025_pitch-065,25,-65,353.643,-52.441,31.357
yaw025_pitch-060,25,-60,342.673,-57.581,42.327
yaw025_pitch-055,25,-55,333.141,-54.962,51.859
yaw025_pitch-050,25,-50,330.464,-46.819,54.536
yaw025_pitch-045,25,-45,325.339,-39.222,59.661
yaw025_pitch-040,25,-40,321.627,-31.672,63.373
yaw025_pitch-035,25,-35,298.905,-25.767,86.095
yaw025_pitch-030,25,-30,285.252,-19.295,99.748
yaw025_pitch-025,25,-25,268.269,-20.427,116.731
yaw025_pitch-020,25,-20,270.244,-7.920,114.756
yaw025_pitch-015,25,-15,327.813,2.062,57.187
yaw025_pitch-010,25,-10,357.680,9.401,27.320
yaw025_pitch-005,25,-5,355.817,13.194,29.183
yaw025_pitch+000,25,0,3.139,18.645,21.861
yaw025_pitch+005,25,5,11.993,21.387,13.007
yaw025_pitch+010,25,10,8.725,30.055,16.275
yaw025_pitch+015,25,15,17.700,38.663,7.300
yaw025_pitch+020,25,20,18.041,43.555,6.959
yaw025_pitch+025,25,25,23.968,46.189,1.032
yaw025_pitch+030,25,30,27.023,50.028,2.023
yaw025_pitch+035,25,35,25.565,54.507,0.565
yaw025_pitch+040,25,40,31.840,55.607,6.840
yaw025_pitch+045,25,45,28.938,58.391,3.938
yaw025_pitch+050,25,50,35.093,63.260,10.093
yaw025_pitch+055,25,55,37.721,67.844,12.721
yaw025_pitch+060,25,60,39.576,70.618,14.576
yaw025_pitch+065,25,65,40.287,75.702,15.287
yaw025_pitch+070,25,70,40.774,77.796,15.774
yaw025_pitch+075,25,75,42.307,79.695,17.307
yaw025_pitch+080,25,80,42.903,85.197,17.903
yaw025_pitch+085,25,85,40.861,90.000,15.861
yaw025_pitch+090,25,90,38.920,85.564,13.920
yaw030_pitch-090,30,-90,10.832,-88.101,19.168
yaw030_pitch-085,30,-85,9.755,-79.924,20.245
yaw030_pitch-080,30,-80,9.720,-78.964,20.280
yaw030_pitch-075,30,-75,7.383,-72.713,22.617
yaw030_pitch-070,30,-70,1.972,-70.045,28.028
yaw030_pitch-065,30,-65,358.045,-66.914,31.955
yaw030_pitch-060,30,-60,354.142,-54.828,35.858
yaw030_pitch-055,30,-55,341.822,-52.586,48.178
yaw030_pitch-050,30,-50,337.570,-47.103,52.430
yaw030_pitch-045,30,-45,327.506,-37.004,62.494
yaw030_pitch-040,30,-40,323.750,-33.025,66.250
yaw030_pitch-035,30,-35,303.962,-27.399,86.038
yaw030_pitch-030,30,-30,289.204,-17.217,100.796
yaw030_pitch-025,30,-25,270.063,-15.878,119.937
yaw030_pitch-020,30,-20,277.640,-11.584,112.360
yaw030_pitch-015,30,-15,333.010,2.889,56.990
yaw030_pitch-010,30,-10,3.900,6.197,26.100
yaw030_pitch-005,30,-5,13.420,12.172,16.580
yaw030_pitch+000,30,0,13.616,19.368,16.384
yaw030_pitch+005,30,5,17.329,22.527,12.671
yaw030_pitch+010,30,10,24.696,29.021,5.304
yaw030_pitch+015,30,15,23.967,36.984,6.033
yaw030_pitch+020,30,20,21.263,44.745,8.737
yaw030_pitch+025,30,25,30.087,47.072,0.087
yaw030_pitch+030,30,30,35.181,48.755,5.181
yaw030_pitch+035,30,35,34.591,53.319,4.591
yaw030_pitch+040,30,40,36.989,51.965,6.989
yaw030_pitch+045,30,45,35.834,57.811,5.834
yaw030_pitch+050,30,50,40.961,62.877,10.961
yaw030_pitch+055,30,55,44.258,67.925,14.258
yaw030_pitch+060,30,60,44.976,73.076,14.976
yaw030_pitch+065,30,65,46.225,77.337,16.225
yaw030_pitch+070,30,70,45.709,79.635,15.709
yaw030_pitch+075,30,75,46.260,82.770,16.260
yaw030_pitch+080,30,80,46.489,83.904,16.489
yaw030_pitch+085,30,85,44.152,85.660,14.152
yaw030_pitch+090,30,90,44.495,86.551,14.495
yaw035_pitch-090,35,-90,16.073,-86.902,18.927
yaw035_pitch-085,35,-85,16.433,-81.682,18.567
yaw035_pitch-080,35,-80,12.679,-79.287,22.321
yaw035_pitch-075,35,-75,11.417,-75.477,23.583
yaw035_pitch-070,35,-70,11.747,-68.890,23.253
yaw035_pitch-065,35,-65,8.841,-65.681,26.159
yaw035_pitch-060,35,-60,6.268,-60.564,28.732
yaw035_pitch-055,35,-55,3.233,-50.675,31.767
yaw035_pitch-050,35,-50,1.701,-46.842,33.299
yaw035_pitch-045,35,-45,355.316,-43.260,39.684
yaw035_pitch-040,35,-40,359.527,-30.834,35.473
yaw035_pitch-035,35,-35,2.016,-24.851,32.984
yaw035_pitch-030,35,-30,349.893,-14.894,45.107
yaw035_pitch-025,35,-25,269.353,-10.231,125.647
yaw035_pitch-020,35,-20,304.306,-3.251,90.694
yaw035_pitch-015,35,-15,14.465,5.924,20.535
yaw035_pitch-010,35,-10,19.759,8.456,15.241
yaw035_pitch-005,35,-5,19.400,12.590,15.600
yaw035_pitch+000,35,0,22.453,16.607,12.547
yaw035_pitch+005,35,5,27.219,20.105,7.781
yaw035_pitch+010,35,10,27.949,29.274,7.051
yaw035_pitch+015,35,15,28.956,33.537,6.044
yaw035_pitch+020,35,20,29.723,45.428,5.277
yaw035_pitch+025,35,25,36.126,44.883,1.126
yaw035_pitch+030,35,30,40.383,49.957,5.383
yaw035_pitch+035,35,35,43.075,54.478,8.075
yaw035_pitch+040,35,40,45.882,54.332,10.882
yaw035_pitch+045,35,45,44.920,62.601,9.920
yaw035_pitch+050,35,50,45.770,65.945,10.770
yaw035_pitch+055,35,55,47.360,70.446,12.360
yaw035_pitch+060,35,60,48.614,74.340,13.614
yaw035_pitch+065,35,65,51.770,76.432,16.770
yaw035_pitch+070,35,70,50.944,81.063,15.944
yaw035_pitch+075,35,75,50.853,84.243,15.853
yaw035_pitch+080,35,80,51.578,86.961,16.578
yaw035_pitch+085,35,85,52.172,90.000,17.172
yaw035_pitch+090,35,90,54.223,87.763,19.223
yaw040_pitch-090,40,-90,25.023,-88.304,14.977
yaw040_pitch-085,40,-85,23.307,-88.541,16.693
yaw040_pitch-080,40,-80,22.081,-82.725,17.919
yaw040_pitch-075,40,-75,19.251,-78.208,20.749
yaw040_pitch-070,40,-70,20.078,-73.396,19.922
yaw040_pitch-065,40,-65,22.568,-61.456,17.432
yaw040_pitch-060,40,-60,20.928,-64.221,19.072
yaw040_pitch-055,40,-55,19.629,-58.693,20.371
yaw040_pitch-050,40,-50,19.475,-48.792,20.525
yaw040_pitch-045,40,-45,19.208,-41.076,20.792
yaw040_pitch-040,40,-40,24.326,-34.991,15.674
yaw040_pitch-035,40,-35,22.831,-26.641,17.169
yaw040_pitch-030,40,-30,30.033,-17.049,9.967
yaw040_pitch-025,40,-25,37.244,-9.455,2.756
yaw040_pitch-020,40,-20,36.493,3.547,3.507
yaw040_pitch-015,40,-15,40.996,7.955,0.996
yaw040_pitch-010,40,-10,34.777,12.959,5.223
yaw040_pitch-005,40,-5,34.384,15.363,5.616
yaw040_pitch+000,40,0,37.708,21.519,2.292
yaw040_pitch+005,40,5,36.036,24.680,3.964
yaw040_pitch+010,40,10,42.526,34.895,2.526
yaw040_pitch+015,40,15,41.573,36.541,1.573
yaw040_pitch+020,40,20,42.719,44.000,2.719
yaw040_pitch+025,40,25,44.204,48.761,4.204
yaw040_pitch+030,40,30,46.861,51.366,6.861
yaw040_pitch+035,40,35,48.180,58.019,8.180
yaw040_pitch+040,40,40,48.493,60.322,8.493
yaw040_pitch+045,40,45,49.783,62.316,9.783
yaw040_pitch+050,40,50,50.606,67.814,10.606
yaw040_pitch+055,40,55,53.244,67.689,13.244
yaw040_pitch+060,40,60,54.794,70.817,14.794
yaw040_pitch+065,40,65,55.486,72.995,15.486
yaw040_pitch+070,40,70,53.312,77.594,13.312
yaw040_pitch+075,40,75,53.449,79.655,13.449
yaw040_pitch+080,40,80,54.371,82.784,14.371
yaw040_pitch+085,40,85,54.098,88.024,14.098
yaw040_pitch+090,40,90,56.402,87.599,16.402
yaw045_pitch-090,45,-90,29.578,-88.245,15.422
yaw045_pitch-085,45,-85,29.074,-85.074,15.926
yaw045_pitch-080,45,-80,26.868,-80.741,18.132
yaw045_pitch-075,45,-75,25.468,-76.111,19.532
yaw045_pitch-070,45,-70,26.170,-73.962,18.830
yaw045_pitch-065,45,-65,27.065,-66.358,17.935
yaw045_pitch-060,45,-60,27.122,-62.738,17.878
yaw045_pitch-055,45,-55,27.546,-59.453,17.454
yaw045_pitch-050,45,-50,28.109,-53.214,16.891
yaw045_pitch-045,45,-45,29.953,-40.682,15.047
yaw045_pitch-040,45,-40,32.197,-34.384,12.803
yaw045_pitch-035,45,-35,34.668,-25.529,10.332
yaw045_pitch-030,45,-30,41.307,-12.128,3.693
yaw045_pitch-025,45,-25,47.315,-6.073,2.315
yaw045_pitch-020,45,-20,50.011,3.250,5.011
yaw045_pitch-015,45,-15,51.451,15.200,6.451
yaw045_pitch-010,45,-10,50.713,19.211,5.713
yaw045_pitch-005,45,-5,53.823,23.976,8.823
yaw045_pitch+000,45,0,48.617,26.355,3.617
yaw045_pitch+005,45,5,47.455,27.929,2.455
yaw045_pitch+010,45,10,46.953,37.782,1.953
yaw045_pitch+015,45,15,47.055,43.058,2.055
yaw045_pitch+020,45,20,49.058,48.283,4.058
yaw045_pitch+025,45,25,49.743,51.516,4.743
yaw045_pitch+030,45,30,50.603,44.406,5.603
yaw045_pitch+035,45,35,51.020,49.806,6.020
yaw045_pitch+040,45,40,51.277,52.444,6.277
yaw045_pitch+045,45,45,51.523,56.104,6.523
yaw045_pitch+050,45,50,52.956,57.120,7.956
yaw045_pitch+055,45,55,56.660,63.685,11.660
yaw045_pitch+060,45,60,60.571,67.103,15.571
yaw045_pitch+065,45,65,60.676,72.217,15.676
yaw045_pitch+070,45,70,56.219,76.345,11.219
yaw045_pitch+075,45,75,57.418,78.552,12.418
yaw045_pitch+080,45,80,57.429,78.120,12.429
yaw045_pitch+085,45,85,57.391,87.363,12.391
yaw045_pitch+090,45,90,58.285,89.971,13.285
yaw050_pitch-090,50,-90,40.977,-86.171,9.023
yaw050_pitch-085,50,-85,34.707,-87.424,15.293
yaw050_pitch-080,50,-80,32.538,-82.471,17.462
yaw050_pitch-075,50,-75,32.182,-79.762,17.818
yaw050_pitch-070,50,-70,31.624,-70.118,18.376
yaw050_pitch-065,50,-65,31.969,-70.882,18.031
yaw050_pitch-060,50,-60,32.250,-62.422,17.750
yaw050_pitch-055,50,-55,33.545,-57.009,16.455
yaw050_pitch-050,50,-50,34.461,-52.934,15.539
yaw050_pitch-045,50,-45,36.097,-45.296,13.903
yaw050_pitch-040,50,-40,44.764,-32.279,5.236
yaw050_pitch-035,50,-35,49.721,-21.945,0.279
yaw050_pitch-030,50,-30,56.772,-10.825,6.772
yaw050_pitch-025,50,-25,53.405,-3.977,3.405
yaw050_pitch-020,50,-20,52.550,0.644,2.550
yaw050_pitch-015,50,-15,52.472,12.309,2.472
yaw050_pitch-010,50,-10,52.124,19.781,2.124
yaw050_pitch-005,50,-5,52.466,27.303,2.466
yaw050_pitch+000,50,0,52.721,31.356,2.721
yaw050_pitch+005,50,5,52.303,30.445,2.303
yaw050_pitch+010,50,10,52.566,33.604,2.566
yaw050_pitch+015,50,15,52.656,32.980,2.656
yaw050_pitch+020,50,20,52.774,38.209,2.774
yaw050_pitch+025,50,25,51.328,37.227,1.328
yaw050_pitch+030,50,30,51.965,35.655,1.965
yaw050_pitch+035,50,35,52.895,45.741,2.895
yaw050_pitch+040,50,40,52.696,47.983,2.696
yaw050_pitch+045,50,45,54.392,55.314,4.392
yaw050_pitch+050,50,50,56.892,60.755,6.892
yaw050_pitch+055,50,55,59.824,63.493,9.824
yaw050_pitch+060,50,60,63.108,67.028,13.108
yaw050_pitch+065,50,65,67.732,68.961,17.732
yaw050_pitch+070,50,70,60.643,72.591,10.643
yaw050_pitch+075,50,75,63.730,76.431,13.730
yaw050_pitch+080,50,80,63.008,82.967,13.008
yaw050_pitch+085,50,85,62.814,88.918,12.814
yaw050_pitch+090,50,90,64.315,88.002,14.315
yaw055_pitch-090,55,-90,43.973,-87.508,11.027
yaw055_pitch-085,55,-85,41.438,-84.171,13.562
yaw055_pitch-080,55,-80,38.603,-80.913,16.397
yaw055_pitch-075,55,-75,37.640,-78.269,17.360
yaw055_pitch-070,55,-70,38.292,-73.889,16.708
yaw055_pitch-065,55,-65,40.162,-64.837,14.838
yaw055_pitch-060,55,-60,43.576,-58.414,11.424
yaw055_pitch-055,55,-55,46.150,-56.150,8.850
yaw055_pitch-050,55,-50,51.419,-48.798,3.581
yaw055_pitch-045,55,-45,52.864,-43.346,2.136
yaw055_pitch-040,55,-40,52.898,-39.545,2.102
yaw055_pitch-035,55,-35,52.613,-32.626,2.387
yaw055_pitch-030,55,-30,52.528,-31.347,2.472
yaw055_pitch-025,55,-25,53.759,-30.395,1.241
yaw055_pitch-020,55,-20,55.222,-20.277,0.222
yaw055_pitch-015,55,-15,56.171,-6.721,1.171
yaw055_pitch-010,55,-10,58.107,4.897,3.107
yaw055_pitch-005,55,-5,59.693,19.364,4.693
yaw055_pitch+000,55,0,57.342,21.169,2.342
yaw055_pitch+005,55,5,58.443,25.828,3.443
yaw055_pitch+010,55,10,59.750,29.945,4.750
yaw055_pitch+015,55,15,56.814,26.004,1.814
yaw055_pitch+020,55,20,57.990,24.402,2.990
yaw055_pitch+025,55,25,56.577,33.391,1.577
yaw055_pitch+030,55,30,55.353,36.900,0.353
yaw055_pitch+035,55,35,55.635,46.193,0.635
yaw055_pitch+040,55,40,59.365,50.666,4.365
yaw055_pitch+045,55,45,58.961,55.562,3.961
yaw055_pitch+050,55,50,61.413,59.951,6.413
yaw055_pitch+055,55,55,66.023,65.073,11.023
yaw055_pitch+060,55,60,70.907,68.424,15.907
yaw055_pitch+065,55,65,72.062,71.587,17.062
yaw055_pitch+070,55,70,68.370,74.836,13.370
yaw055_pitch+075,55,75,69.900,79.034,14.900
yaw055_pitch+080,55,80,69.424,84.735,14.424
yaw055_pitch+085,55,85,69.464,87.242,14.464
yaw055_pitch+090,55,90,80.481,86.738,25.481
yaw060_pitch-090,60,-90,49.170,-88.412,10.830
yaw060_pitch-085,60,-85,47.353,-83.810,12.647
yaw060_pitch-080,60,-80,46.631,-80.107,13.369
yaw060_pitch-075,60,-75,47.520,-77.506,12.480
yaw060_pitch-070,60,-70,50.024,-70.603,9.976
yaw060_pitch-065,60,-65,51.793,-67.249,8.207
yaw060_pitch-060,60,-60,51.286,-56.077,8.714
yaw060_pitch-055,60,-55,48.854,-57.834,11.146
yaw060_pitch-050,60,-50,48.966,-55.716,11.034
yaw060_pitch-045,60,-45,50.644,-53.023,9.356
yaw060_pitch-040,60,-40,51.977,-51.479,8.023
yaw060_pitch-035,60,-35,53.882,-49.242,6.118
yaw060_pitch-030,60,-30,56.230,-48.682,3.770
yaw060_pitch-025,60,-25,58.697,-45.649,1.303
yaw060_pitch-020,60,-20,58.864,-39.386,1.136
yaw060_pitch-015,60,-15,66.225,-23.461,6.225
yaw060_pitch-010,60,-10,61.094,-15.255,1.094
yaw060_pitch-005,60,-5,64.907,9.902,4.907
yaw060_pitch+000,60,0,67.227,19.942,7.227
yaw060_pitch+005,60,5,69.596,29.158,9.596
yaw060_pitch+010,60,10,65.619,31.912,5.619
yaw060_pitch+015,60,15,65.124,28.873,5.124
yaw060_pitch+020,60,20,61.986,34.140,1.986
yaw060_pitch+025,60,25,60.552,44.001,0.552
yaw060_pitch+030,60,30,61.764,39.317,1.764
yaw060_pitch+035,60,35,64.126,44.181,4.126
yaw060_pitch+040,60,40,67.710,44.286,7.710
yaw060_pitch+045,60,45,68.770,50.892,8.770
yaw060_pitch+050,60,50,70.501,57.648,10.501
yaw060_pitch+055,60,55,78.363,63.365,18.363
yaw060_pitch+060,60,60,82.434,61.950,22.434
yaw060_pitch+065,60,65,78.156,70.573,18.156
yaw060_pitch+070,60,70,79.206,72.942,19.206
yaw060_pitch+075,60,75,77.118,75.197,17.118
yaw060_pitch+080,60,80,72.469,79.208,12.469
yaw060_pitch+085,60,85,72.785,82.821,12.785
yaw060_pitch+090,60,90,80.107,86.990,20.107
yaw065_pitch-090,65,-90,55.201,-87.873,9.799
yaw065_pitch-085,65,-85,56.608,-83.731,8.392
yaw065_pitch-080,65,-80,55.317,-81.633,9.683
yaw065_pitch-075,65,-75,52.249,-77.495,12.751
yaw065_pitch-070,65,-70,50.700,-72.768,14.300
yaw065_pitch-065,65,-65,51.181,-68.860,13.819
yaw065_pitch-060,65,-60,53.208,-60.982,11.792
yaw065_pitch-055,65,-55,52.047,-57.080,12.953
yaw065_pitch-050,65,-50,53.314,-56.486,11.686
yaw065_pitch-045,65,-45,54.141,-56.038,10.859
yaw065_pitch-040,65,-40,55.430,-53.947,9.570
yaw065_pitch-035,65,-35,59.285,-50.608,5.715
yaw065_pitch-030,65,-30,62.559,-50.206,2.441
yaw065_pitch-025,65,-25,63.386,-47.202,1.614
yaw065_pitch-020,65,-20,65.520,-41.424,0.520
yaw065_pitch-015,65,-15,71.931,-25.342,6.931
yaw065_pitch-010,65,-10,73.550,-3.126,8.550
yaw065_pitch-005,65,-5,74.567,19.397,9.567
yaw065_pitch+000,65,0,74.649,22.972,9.649
yaw065_pitch+005,65,5,77.684,23.956,12.684
yaw065_pitch+010,65,10,76.530,23.903,11.530
yaw065_pitch+015,65,15,71.890,27.882,6.890
yaw065_pitch+020,65,20,72.143,28.681,7.143
yaw065_pitch+025,65,25,76.999,32.243,11.999
yaw065_pitch+030,65,30,79.682,36.620,14.682
yaw065_pitch+035,65,35,80.915,44.640,15.915
yaw065_pitch+040,65,40,79.772,45.163,14.772
yaw065_pitch+045,65,45,77.401,51.130,12.401
yaw065_pitch+050,65,50,79.576,58.160,14.576
yaw065_pitch+055,65,55,83.972,61.279,18.972
yaw065_pitch+060,65,60,83.678,66.085,18.678
yaw065_pitch+065,65,65,85.553,65.798,20.553
yaw065_pitch+070,65,70,83.013,71.051,18.013
yaw065_pitch+075,65,75,83.282,74.170,18.282
yaw065_pitch+080,65,80,79.304,80.532,14.304
yaw065_pitch+085,65,85,79.303,84.300,14.303
yaw065_pitch+090,65,90,81.039,87.734,16.039
yaw070_pitch-090,70,-90,61.306,-90.000,8.694
yaw070_pitch-085,70,-85,56.931,-83.891,13.069
yaw070_pitch-080,70,-80,54.165,-82.028,15.835
yaw070_pitch-075,70,-75,53.410,-79.353,16.590
yaw070_pitch-070,70,-70,53.428,-74.518,16.572
yaw070_pitch-065,70,-65,55.310,-67.906,14.690
yaw070_pitch-060,70,-60,52.007,-70.144,17.993
yaw070_pitch-055,70,-55,54.796,-59.446,15.204
yaw070_pitch-050,70,-50,56.346,-57.767,13.654
yaw070_pitch-045,70,-45,58.257,-56.286,11.743
yaw070_pitch-040,70,-40,58.750,-53.694,11.250
yaw070_pitch-035,70,-35,62.198,-52.778,7.802
yaw070_pitch-030,70,-30,66.928,-49.731,3.072
yaw070_pitch-025,70,-25,77.407,-45.221,7.407
yaw070_pitch-020,70,-20,77.518,-32.563,7.518
yaw070_pitch-015,70,-15,79.290,-7.615,9.290
yaw070_pitch-010,70,-10,87.440,16.836,17.440
yaw070_pitch-005,70,-5,86.934,23.125,16.934
yaw070_pitch+000,70,0,89.667,27.282,19.667
yaw070_pitch+005,70,5,88.345,28.411,18.345
yaw070_pitch+010,70,10,86.778,27.559,16.778
yaw070_pitch+015,70,15,90.077,28.428,20.077
yaw070_pitch+020,70,20,88.644,27.866,18.644
yaw070_pitch+025,70,25,88.466,33.451,18.466
yaw070_pitch+030,70,30,88.889,40.005,18.889
yaw070_pitch+035,70,35,89.839,40.954,19.839
yaw070_pitch+040,70,40,86.960,47.530,16.960
yaw070_pitch+045,70,45,82.535,55.966,12.535
yaw070_pitch+050,70,50,82.382,57.079,12.382
yaw070_pitch+055,70,55,83.945,62.284,13.945
yaw070_pitch+060,70,60,88.104,66.452,18.104
yaw070_pitch+065,70,65,86.306,70.644,16.306
yaw070_pitch+070,70,70,86.182,70.590,16.182
yaw070_pitch+075,70,75,84.761,75.585,14.761
yaw070_pitch+080,70,80,85.881,79.949,15.881
yaw070_pitch+085,70,85,82.132,84.990,12.132
yaw070_pitch+090,70,90,86.959,87.127,16.959
yaw075_pitch-090,75,-90,63.558,-84.163,11.442
yaw075_pitch-085,75,-85,60.271,-85.042,14.729
yaw075_pitch-080,75,-80,56.493,-84.298,18.507
yaw075_pitch-075,75,-75,56.145,-76.556,18.855
yaw075_pitch-070,75,-70,55.960,-73.172,19.040
yaw075_pitch-065,75,-65,57.474,-67.357,17.526
yaw075_pitch-060,75,-60,57.838,-64.274,17.162
yaw075_pitch-055,75,-55,59.309,-62.924,15.691
yaw075_pitch-050,75,-50,60.032,-57.891,14.968
yaw075_pitch-045,75,-45,63.360,-57.555,11.640
yaw075_pitch-040,75,-40,64.031,-53.752,10.969
yaw075_pitch-035,75,-35,70.303,-49.318,4.697
yaw075_pitch-030,75,-30,76.344,-45.312,1.344
yaw075_pitch-025,75,-25,83.073,-35.702,8.073
yaw075_pitch-020,75,-20,87.337,-14.678,12.337
yaw075_pitch-015,75,-15,95.029,10.735,20.029
yaw075_pitch-010,75,-10,94.037,22.904,19.037
yaw075_pitch-005,75,-5,97.023,26.656,22.023
yaw075_pitch+000,75,0,98.229,27.091,23.229
yaw075_pitch+005,75,5,98.648,28.013,23.648
yaw075_pitch+010,75,10,97.998,29.546,22.998
yaw075_pitch+015,75,15,97.658,30.086,22.658
yaw075_pitch+020,75,20,100.776,32.437,25.776
yaw075_pitch+025,75,25,99.196,35.133,24.196
yaw075_pitch+030,75,30,98.037,39.046,23.037
yaw075_pitch+035,75,35,96.990,42.205,21.990
yaw075_pitch+040,75,40,94.205,49.023,19.205
yaw075_pitch+045,75,45,88.272,54.520,13.272
yaw075_pitch+050,75,50,88.835,58.376,13.835
yaw075_pitch+055,75,55,92.215,59.689,17.215
yaw075_pitch+060,75,60,95.457,67.961,20.457
yaw075_pitch+065,75,65,94.335,67.901,19.335
yaw075_pitch+070,75,70,93.427,70.274,18.427
yaw075_pitch+075,75,75,88.577,75.107,13.577
yaw075_pitch+080,75,80,91.269,80.264,16.269
yaw075_pitch+085,75,85,88.232,83.970,13.232
yaw075_pitch+090,75,90,99.749,88.407,24.749
yaw080_pitch-090,80,-90,69.576,-86.467,10.424
yaw080_pitch-085,80,-85,64.615,-87.976,15.385
yaw080_pitch-080,80,-80,61.956,-84.177,18.044
yaw080_pitch-075,80,-75,61.288,-79.582,18.712
yaw080_pitch-070,80,-70,60.838,-74.038,19.162
yaw080_pitch-065,80,-65,63.226,-68.543,16.774
yaw080_pitch-060,80,-60,62.258,-68.504,17.742
yaw080_pitch-055,80,-55,68.816,-59.157,11.184
yaw080_pitch-050,80,-50,69.873,-60.123,10.127
yaw080_pitch-045,80,-45,74.569,-56.522,5.431
yaw080_pitch-040,80,-40,78.314,-49.387,1.686
yaw080_pitch-035,80,-35,84.254,-42.857,4.254
yaw080_pitch-030,80,-30,86.828,-35.190,6.828
yaw080_pitch-025,80,-25,89.738,-26.022,9.738
yaw080_pitch-020,80,-20,97.458,-9.634,17.458
yaw080_pitch-015,80,-15,98.563,12.026,18.563
yaw080_pitch-010,80,-10,100.095,20.710,20.095
yaw080_pitch-005,80,-5,100.153,26.561,20.153
yaw080_pitch+000,80,0,103.688,29.520,23.688
yaw080_pitch+005,80,5,105.929,27.420,25.929
yaw080_pitch+010,80,10,103.952,28.217,23.952
yaw080_pitch+015,80,15,98.083,28.084,18.083
yaw080_pitch+020,80,20,101.363,29.406,21.363
yaw080_pitch+025,80,25,108.214,35.197,28.214
yaw080_pitch+030,80,30,110.106,38.163,30.106
yaw080_pitch+035,80,35,103.771,45.075,23.771
yaw080_pitch+040,80,40,99.948,50.669,19.948
yaw080_pitch+045,80,45,96.389,54.454,16.389
yaw080_pitch+050,80,50,94.096,59.916,14.096
yaw080_pitch+055,80,55,98.036,59.325,18.036
yaw080_pitch+060,80,60,96.839,68.109,16.839
yaw080_pitch+065,80,65,95.312,67.910,15.312
yaw080_pitch+070,80,70,97.686,71.817,17.686
yaw080_pitch+075,80,75,95.861,75.222,15.861
yaw080_pitch+080,80,80,91.346,77.914,11.346
yaw080_pitch+085,80,85,97.003,85.923,17.003
yaw080_pitch+090,80,90,93.498,86.388,13.498
yaw085_pitch-090,85,-90,73.840,-83.650,11.160
yaw085_pitch-085,85,-85,74.495,-87.504,10.505
yaw085_pitch-080,85,-80,71.987,-85.078,13.013
yaw085_pitch-075,85,-75,71.858,-79.191,13.142
yaw085_pitch-070,85,-70,75.119,-74.091,9.881
yaw085_pitch-065,85,-65,75.566,-67.094,9.434
yaw085_pitch-060,85,-60,78.973,-66.973,6.027
yaw085_pitch-055,85,-55,85.781,-54.826,0.781
yaw085_pitch-050,85,-50,87.952,-58.841,2.952
yaw085_pitch-045,85,-45,89.975,-52.494,4.975
yaw085_pitch-040,85,-40,93.051,-49.956,8.051
yaw085_pitch-035,85,-35,94.139,-43.482,9.139
yaw085_pitch-030,85,-30,94.388,-33.198,9.388
yaw085_pitch-025,85,-25,101.510,-24.595,16.510
yaw085_pitch-020,85,-20,103.882,-10.064,18.882
yaw085_pitch-015,85,-15,103.812,7.717,18.812
yaw085_pitch-010,85,-10,108.419,21.130,23.419
yaw085_pitch-005,85,-5,110.303,29.984,25.303
yaw085_pitch+000,85,0,110.884,29.828,25.884
yaw085_pitch+005,85,5,107.517,28.259,22.517
yaw085_pitch+010,85,10,108.319,28.944,23.319
yaw085_pitch+015,85,15,108.741,27.492,23.741
yaw085_pitch+020,85,20,111.414,32.398,26.414
yaw085_pitch+025,85,25,108.154,33.105,23.154
yaw085_pitch+030,85,30,107.903,40.484,22.903
yaw085_pitch+035,85,35,107.891,45.750,22.891
yaw085_pitch+040,85,40,104.563,50.564,19.563
yaw085_pitch+045,85,45,99.913,55.311,14.913
yaw085_pitch+050,85,50,102.115,62.316,17.115
yaw085_pitch+055,85,55,103.164,63.271,18.164
yaw085_pitch+060,85,60,104.141,67.263,19.141
yaw085_pitch+065,85,65,102.298,68.754,17.298
yaw085_pitch+070,85,70,100.473,70.150,15.473
yaw085_pitch+075,85,75,102.488,73.983,17.488
yaw085_pitch+080,85,80,99.250,76.124,14.250
yaw085_pitch+085,85,85,99.522,85.448,14.522
yaw085_pitch+090,85,90,103.101,90.000,18.101
yaw090_pitch-090,90,-90,79.910,-86.679,10.090
yaw090_pitch-085,90,-85,78.419,-90.000,11.581
yaw090_pitch-080,90,-80,78.159,-84.005,11.841
yaw090_pitch-075,90,-75,79.868,-80.077,10.132
yaw090_pitch-070,90,-70,80.420,-74.257,9.580
yaw090_pitch-065,90,-65,84.776,-72.005,5.224
yaw090_pitch-060,90,-60,88.437,-65.712,1.563
yaw090_pitch-055,90,-55,92.487,-64.346,2.487
yaw090_pitch-050,90,-50,96.144,-56.444,6.144
yaw090_pitch-045,90,-45,101.964,-50.784,11.964
yaw090_pitch-040,90,-40,103.076,-47.492,13.076
yaw090_pitch-035,90,-35,101.890,-41.517,11.890
yaw090_pitch-030,90,-30,108.657,-33.200,18.657
yaw090_pitch-025,90,-25,107.216,-26.991,17.216
yaw090_pitch-020,90,-20,111.283,-9.262,21.283
yaw090_pitch-015,90,-15,118.048,8.580,28.048
yaw090_pitch-010,90,-10,118.631,17.084,28.631
yaw090_pitch-005,90,-5,116.359,27.053,26.359
yaw090_pitch+000,90,0,118.893,28.953,28.893
yaw090_pitch+005,90,5,109.829,28.095,19.829
yaw090_pitch+010,90,10,111.834,28.765,21.834
yaw090_pitch+015,90,15,111.770,30.380,21.770
yaw090_pitch+020,90,20,107.828,33.079,17.828
yaw090_pitch+025,90,25,113.202,38.194,23.202
yaw090_pitch+030,90,30,114.105,44.227,24.105
yaw090_pitch+035,90,35,109.507,51.822,19.507
yaw090_pitch+040,90,40,109.691,51.206,19.691
yaw090_pitch+045,90,45,107.298,62.021,17.298
yaw090_pitch+050,90,50,109.472,65.006,19.472
yaw090_pitch+055,90,55,109.161,63.983,19.161
yaw090_pitch+060,90,60,108.791,67.708,18.791
yaw090_pitch+065,90,65,110.347,69.012,20.347
yaw090_pitch+070,90,70,107.041,70.775,17.041
yaw090_pitch+075,90,75,106.850,71.669,16.850
yaw090_pitch+080,90,80,105.178,77.392,15.178
yaw090_pitch+085,90,85,104.652,86.120,14.652
yaw090_pitch+090,90,90,105.845,90.000,15.845
yaw095_pitch-090,95,-90,82.327,-84.702,12.673
yaw095_pitch-085,95,-85,85.080,-88.338,9.920
yaw095_pitch-080,95,-80,85.247,-81.417,9.753
yaw095_pitch-075,95,-75,85.389,-79.412,9.611
yaw095_pitch-070,95,-70,85.851,-74.104,9.149
yaw095_pitch-065,95,-65,92.220,-73.866,2.780
yaw095_pitch-060,95,-60,99.122,-64.231,4.122
yaw095_pitch-055,95,-55,102.040,-60.724,7.040
yaw095_pitch-050,95,-50,105.344,-58.272,10.344
yaw095_pitch-045,95,-45,107.955,-54.607,12.955
yaw095_pitch-040,95,-40,113.222,-47.580,18.222
yaw095_pitch-035,95,-35,110.022,-43.740,15.022
yaw095_pitch-030,95,-30,115.831,-34.373,20.831
yaw095_pitch-025,95,-25,119.356,-22.753,24.356
yaw095_pitch-020,95,-20,122.253,-2.310,27.253
yaw095_pitch-015,95,-15,123.543,5.988,28.543
yaw095_pitch-010,95,-10,124.792,18.172,29.792
yaw095_pitch-005,95,-5,125.057,23.427,30.057
yaw095_pitch+000,95,0,123.179,31.791,28.179
yaw095_pitch+005,95,5,123.282,30.074,28.282
yaw095_pitch+010,95,10,117.607,31.090,22.607
yaw095_pitch+015,95,15,110.951,31.487,15.951
yaw095_pitch+020,95,20,112.755,37.635,17.755
yaw095_pitch+025,95,25,112.448,43.043,17.448
yaw095_pitch+030,95,30,118.017,49.763,23.017
yaw095_pitch+035,95,35,114.622,58.083,19.622
yaw095_pitch+040,95,40,113.225,59.233,18.225
yaw095_pitch+045,95,45,109.293,63.398,14.293
yaw095_pitch+050,95,50,113.518,65.583,18.518
yaw095_pitch+055,95,55,114.075,66.582,19.075
yaw095_pitch+060,95,60,116.874,67.332,21.874
yaw095_pitch+065,95,65,116.697,69.056,21.697
yaw095_pitch+070,95,70,113.566,68.999,18.566
yaw095_pitch+075,95,75,113.111,73.366,18.111
yaw095_pitch+080,95,80,110.133,78.623,15.133
yaw095_pitch+085,95,85,113.560,87.849,18.560
yaw095_pitch+090,95,90,110.861,90.000,15.861
yaw100_pitch-090,100,-90,87.289,-87.220,12.711
yaw100_pitch-085,100,-85,84.637,-83.448,15.363
yaw100_pitch-080,100,-80,89.270,-80.108,10.730
yaw100_pitch-075,100,-75,92.953,-75.137,7.047
yaw100_pitch-070,100,-70,95.674,-74.915,4.326
yaw100_pitch-065,100,-65,100.104,-68.840,0.104
yaw100_pitch-060,100,-60,104.876,-67.991,4.876
yaw100_pitch-055,100,-55,108.120,-63.488,8.120
yaw100_pitch-050,100,-50,113.359,-59.432,13.359
yaw100_pitch-045,100,-45,113.176,-52.239,13.176
yaw100_pitch-040,100,-40,114.698,-52.649,14.698
yaw100_pitch-035,100,-35,116.585,-44.580,16.585
yaw100_pitch-030,100,-30,119.899,-34.685,19.899
yaw100_pitch-025,100,-25,123.658,-25.916,23.658
yaw100_pitch-020,100,-20,128.972,-2.899,28.972
yaw100_pitch-015,100,-15,131.155,9.011,31.155
yaw100_pitch-010,100,-10,132.598,16.098,32.598
yaw100_pitch-005,100,-5,131.317,22.910,31.317
yaw100_pitch+000,100,0,129.321,29.271,29.321
yaw100_pitch+005,100,5,124.196,28.188,24.196
yaw100_pitch+010,100,10,120.124,31.497,20.124
yaw100_pitch+015,100,15,113.432,35.114,13.432
yaw100_pitch+020,100,20,112.975,41.816,12.975
yaw100_pitch+025,100,25,119.536,49.983,19.536
yaw100_pitch+030,100,30,121.106,54.526,21.106
yaw100_pitch+035,100,35,120.222,59.682,20.222
yaw100_pitch+040,100,40,119.720,62.004,19.720
yaw100_pitch+045,100,45,121.878,63.090,21.878
yaw100_pitch+050,100,50,120.390,67.935,20.390
yaw100_pitch+055,100,55,119.473,66.915,19.473
yaw100_pitch+060,100,60,119.117,67.961,19.117
yaw100_pitch+065,100,65,119.799,67.047,19.799
yaw100_pitch+070,100,70,117.604,70.628,17.604
yaw100_pitch+075,100,75,113.484,75.530,13.484
yaw100_pitch+080,100,80,113.384,77.274,13.384
yaw100_pitch+085,100,85,113.478,88.556,13.478
yaw100_pitch+090,100,90,117.506,90.000,17.506
yaw105_pitch-090,105,-90,92.986,-87.085,12.014
yaw105_pitch-085,105,-85,91.996,-85.143,13.004
yaw105_pitch-080,105,-80,93.805,-81.726,11.195
yaw105_pitch-075,105,-75,94.303,-79.920,10.697
yaw105_pitch-070,105,-70,101.378,-73.436,3.622
yaw105_pitch-065,105,-65,105.853,-71.224,0.853
yaw105_pitch-060,105,-60,109.445,-69.139,4.445
yaw105_pitch-055,105,-55,110.794,-64.838,5.794
yaw105_pitch-050,105,-50,114.729,-61.132,9.729
yaw105_pitch-045,105,-45,117.352,-55.915,12.352
yaw105_pitch-040,105,-40,118.964,-51.642,13.964
yaw105_pitch-035,105,-35,124.077,-40.116,19.077
yaw105_pitch-030,105,-30,122.888,-34.888,17.888
yaw105_pitch-025,105,-25,127.093,-23.797,22.093
yaw105_pitch-020,105,-20,130.308,-8.415,25.308
yaw105_pitch-015,105,-15,135.088,7.657,30.088
yaw105_pitch-010,105,-10,136.267,17.036,31.267
yaw105_pitch-005,105,-5,136.457,24.972,31.457
yaw105_pitch+000,105,0,132.476,31.294,27.476
yaw105_pitch+005,105,5,127.993,30.246,22.993
yaw105_pitch+010,105,10,120.794,32.766,15.794
yaw105_pitch+015,105,15,115.232,38.054,10.232
yaw105_pitch+020,105,20,115.673,43.911,10.673
yaw105_pitch+025,105,25,119.151,50.116,14.151
yaw105_pitch+030,105,30,122.356,59.398,17.356
yaw105_pitch+035,105,35,124.002,59.003,19.002
yaw105_pitch+040,105,40,125.123,61.548,20.123
yaw105_pitch+045,105,45,120.064,65.673,15.064
yaw105_pitch+050,105,50,121.427,64.623,16.427
yaw105_pitch+055,105,55,123.255,65.776,18.255
yaw105_pitch+060,105,60,124.591,66.340,19.591
yaw105_pitch+065,105,65,122.918,66.088,17.918
yaw105_pitch+070,105,70,122.428,71.260,17.428
yaw105_pitch+075,105,75,117.656,75.334,12.656
yaw105_pitch+080,105,80,111.928,75.904,6.928
yaw105_pitch+085,105,85,116.314,80.961,11.314
yaw105_pitch+090,105,90,118.050,82.257,13.050
yaw110_pitch-090,110,-90,98.234,-82.617,11.766
yaw110_pitch-085,110,-85,97.157,-82.848,12.843
yaw110_pitch-080,110,-80,95.768,-80.886,14.232
yaw110_pitch-075,110,-75,97.272,-77.382,12.728
yaw110_pitch-070,110,-70,101.672,-76.409,8.328
yaw110_pitch-065,110,-65,105.101,-73.415,4.899
yaw110_pitch-060,110,-60,109.149,-66.684,0.851
yaw110_pitch-055,110,-55,113.436,-62.910,3.436
yaw110_pitch-050,110,-50,115.584,-58.216,5.584
yaw110_pitch-045,110,-45,120.822,-54.235,10.822
yaw110_pitch-040,110,-40,121.996,-48.996,11.996
yaw110_pitch-035,110,-35,126.958,-39.802,16.958
yaw110_pitch-030,110,-30,129.242,-31.289,19.242
yaw110_pitch-025,110,-25,130.018,-21.270,20.018
yaw110_pitch-020,110,-20,133.497,-5.000,23.497
yaw110_pitch-015,110,-15,137.240,9.128,27.240
yaw110_pitch-010,110,-10,138.746,18.513,28.746
yaw110_pitch-005,110,-5,137.630,25.927,27.630
yaw110_pitch+000,110,0,134.104,29.410,24.104
yaw110_pitch+005,110,5,127.672,30.411,17.672
yaw110_pitch+010,110,10,120.117,34.317,10.117
yaw110_pitch+015,110,15,115.083,37.995,5.083
yaw110_pitch+020,110,20,111.680,42.934,1.680
yaw110_pitch+025,110,25,114.979,53.057,4.979
yaw110_pitch+030,110,30,121.588,56.240,11.588
yaw110_pitch+035,110,35,124.737,57.653,14.737
yaw110_pitch+040,110,40,126.890,60.432,16.890
yaw110_pitch+045,110,45,125.240,63.335,15.240
yaw110_pitch+050,110,50,127.884,64.920,17.884
yaw110_pitch+055,110,55,126.897,66.347,16.897
yaw110_pitch+060,110,60,129.452,68.387,19.452
yaw110_pitch+065,110,65,128.601,69.822,18.601
yaw110_pitch+070,110,70,126.593,71.416,16.593
yaw110_pitch+075,110,75,124.453,73.524,14.453
yaw110_pitch+080,110,80,122.432,77.041,12.432
yaw110_pitch+085,110,85,125.661,81.505,15.661
yaw110_pitch+090,110,90,125.075,84.394,15.075
yaw115_pitch-090,115,-90,104.468,-85.947,10.532
yaw115_pitch-085,115,-85,101.807,-87.611,13.193
yaw115_pitch-080,115,-80,101.017,-82.535,13.983
yaw115_pitch-075,115,-75,102.658,-79.869,12.342
yaw115_pitch-070,115,-70,103.311,-76.394,11.689
yaw115_pitch-065,115,-65,109.717,-73.075,5.283
yaw115_pitch-060,115,-60,114.114,-66.309,0.886
yaw115_pitch-055,115,-55,117.196,-61.581,2.196
yaw115_pitch-050,115,-50,120.655,-57.746,5.655
yaw115_pitch-045,115,-45,124.580,-51.847,9.580
yaw115_pitch-040,115,-40,128.266,-45.780,13.266
yaw115_pitch-035,115,-35,129.425,-38.281,14.425
yaw115_pitch-030,115,-30,131.795,-23.223,16.795
yaw115_pitch-025,115,-25,134.496,-16.268,19.496
yaw115_pitch-020,115,-20,137.729,5.235,22.729
yaw115_pitch-015,115,-15,138.592,10.997,23.592
yaw115_pitch-010,115,-10,139.764,17.829,24.764
yaw115_pitch-005,115,-5,138.736,28.813,23.736
yaw115_pitch+000,115,0,135.380,30.418,20.380
yaw115_pitch+005,115,5,128.268,30.579,13.268
yaw115_pitch+010,115,10,124.168,33.553,9.168
yaw115_pitch+015,115,15,119.931,39.257,4.931
yaw115_pitch+020,115,20,115.938,43.303,0.938
yaw115_pitch+025,115,25,119.515,51.379,4.515
yaw115_pitch+030,115,30,125.783,59.010,10.783
yaw115_pitch+035,115,35,128.502,59.467,13.502
yaw115_pitch+040,115,40,129.980,61.866,14.980
yaw115_pitch+045,115,45,129.128,61.959,14.128
yaw115_pitch+050,115,50,129.195,65.876,14.195
yaw115_pitch+055,115,55,130.450,67.290,15.450
yaw115_pitch+060,115,60,131.749,69.528,16.749
yaw115_pitch+065,115,65,133.200,69.285,18.200
yaw115_pitch+070,115,70,133.241,72.856,18.241
yaw115_pitch+075,115,75,131.430,74.485,16.430
yaw115_pitch+080,115,80,131.554,77.318,16.554
yaw115_pitch+085,115,85,131.650,82.135,16.650
yaw115_pitch+090,115,90,132.204,85.664,17.204
yaw120_pitch-090,120,-90,104.093,-89.168,15.907
yaw120_pitch-085,120,-85,101.489,-86.945,18.511
yaw120_pitch-080,120,-80,104.587,-83.288,15.413
yaw120_pitch-075,120,-75,104.234,-81.074,15.766
yaw120_pitch-070,120,-70,106.989,-79.841,13.011
yaw120_pitch-065,120,-65,110.282,-71.606,9.718
yaw120_pitch-060,120,-60,115.883,-67.343,4.117
yaw120_pitch-055,120,-55,118.482,-63.917,1.518
yaw120_pitch-050,120,-50,123.655,-58.064,3.655
yaw120_pitch-045,120,-45,127.260,-46.020,7.260
yaw120_pitch-040,120,-40,129.968,-47.108,9.968
yaw120_pitch-035,120,-35,133.100,-33.147,13.100
yaw120_pitch-030,120,-30,135.070,-20.209,15.070
yaw120_pitch-025,120,-25,136.381,-8.395,16.381
yaw120_pitch-020,120,-20,140.312,6.865,20.312
yaw120_pitch-015,120,-15,142.017,14.781,22.017
yaw120_pitch-010,120,-10,145.777,21.864,25.777
yaw120_pitch-005,120,-5,143.953,30.383,23.953
yaw120_pitch+000,120,0,142.836,31.016,22.836
yaw120_pitch+005,120,5,134.771,31.349,14.771
yaw120_pitch+010,120,10,130.388,34.243,10.388
yaw120_pitch+015,120,15,124.810,37.845,4.810
yaw120_pitch+020,120,20,120.338,42.355,0.338
yaw120_pitch+025,120,25,117.545,51.899,2.455
yaw120_pitch+030,120,30,126.780,59.105,6.780
yaw120_pitch+035,120,35,129.313,61.340,9.313
yaw120_pitch+040,120,40,130.934,59.390,10.934
yaw120_pitch+045,120,45,131.580,61.986,11.580
yaw120_pitch+050,120,50,134.601,65.167,14.601
yaw120_pitch+055,120,55,135.811,67.856,15.811
yaw120_pitch+060,120,60,139.187,69.146,19.187
yaw120_pitch+065,120,65,139.864,69.777,19.864
yaw120_pitch+070,120,70,143.348,72.605,23.348
yaw120_pitch+075,120,75,141.568,75.789,21.568
yaw120_pitch+080,120,80,141.332,79.487,21.332
yaw120_pitch+085,120,85,141.977,85.690,21.977
yaw120_pitch+090,120,90,136.900,87.497,16.900
yaw125_pitch-090,125,-90,108.756,-90.000,16.244
yaw125_pitch-085,125,-85,105.376,-83.761,19.624
yaw125_pitch-080,125,-80,112.678,-83.182,12.322
yaw125_pitch-075,125,-75,108.636,-81.752,16.364
yaw125_pitch-070,125,-70,110.368,-81.801,14.632
yaw125_pitch-065,125,-65,115.983,-69.764,9.017
yaw125_pitch-060,125,-60,118.175,-67.714,6.825
yaw125_pitch-055,125,-55,123.486,-58.130,1.514
yaw125_pitch-050,125,-50,127.524,-51.634,2.524
yaw125_pitch-045,125,-45,130.358,-47.442,5.358
yaw125_pitch-040,125,-40,132.991,-42.162,7.991
yaw125_pitch-035,125,-35,134.879,-27.657,9.879
yaw125_pitch-030,125,-30,137.767,-12.010,12.767
yaw125_pitch-025,125,-25,142.451,5.526,17.451
yaw125_pitch-020,125,-20,147.074,14.393,22.074
yaw125_pitch-015,125,-15,150.714,21.898,25.714
yaw125_pitch-010,125,-10,153.904,25.921,28.904
yaw125_pitch-005,125,-5,150.524,30.801,25.524
yaw125_pitch+000,125,0,145.328,32.791,20.328
yaw125_pitch+005,125,5,138.274,32.870,13.274
yaw125_pitch+010,125,10,131.005,34.476,6.005
yaw125_pitch+015,125,15,123.068,39.013,1.932
yaw125_pitch+020,125,20,110.026,45.474,14.974
yaw125_pitch+025,125,25,108.443,54.594,16.557
yaw125_pitch+030,125,30,120.187,62.910,4.813
yaw125_pitch+035,125,35,129.065,60.855,4.065
yaw125_pitch+040,125,40,132.264,62.790,7.264
yaw125_pitch+045,125,45,135.307,61.558,10.307
yaw125_pitch+050,125,50,138.024,63.437,13.024
yaw125_pitch+055,125,55,140.182,67.843,15.182
yaw125_pitch+060,125,60,143.741,69.853,18.741
yaw125_pitch+065,125,65,145.794,70.496,20.794
yaw125_pitch+070,125,70,149.775,73.625,24.775
yaw125_pitch+075,125,75,149.667,77.623,24.667
yaw125_pitch+080,125,80,145.897,80.206,20.897
yaw125_pitch+085,125,85,139.458,87.023,14.458
yaw125_pitch+090,125,90,135.190,90.000,10.190
yaw130_pitch-090,130,-90,115.256,-84.605,14.744
yaw130_pitch-085,130,-85,109.521,-83.705,20.479
yaw130_pitch-080,130,-80,112.569,-84.105,17.431
yaw130_pitch-075,130,-75,112.763,-79.665,17.237
yaw130_pitch-070,130,-70,113.109,-80.274,16.891
yaw130_pitch-065,130,-65,116.683,-71.143,13.317
yaw130_pitch-060,130,-60,122.072,-64.584,7.928
yaw130_pitch-055,130,-55,128.346,-59.242,1.654
yaw130_pitch-050,130,-50,131.380,-54.698,1.380
yaw130_pitch-045,130,-45,134.727,-41.540,4.727
yaw130_pitch-040,130,-40,138.791,-32.666,8.791
yaw130_pitch-035,130,-35,140.135,-17.714,10.135
yaw130_pitch-030,130,-30,143.047,-4.172,13.047
yaw130_pitch-025,130,-25,147.281,7.283,17.281
yaw130_pitch-020,130,-20,151.345,17.254,21.345
yaw130_pitch-015,130,-15,156.578,25.609,26.578
yaw130_pitch-010,130,-10,159.273,28.123,29.273
yaw130_pitch-005,130,-5,157.337,32.389,27.337
yaw130_pitch+000,130,0,148.081,34.089,18.081
yaw130_pitch+005,130,5,138.401,34.176,8.401
yaw130_pitch+010,130,10,127.915,36.389,2.085
yaw130_pitch+015,130,15,109.534,41.658,20.466
yaw130_pitch+020,130,20,104.017,47.041,25.983
yaw130_pitch+025,130,25,101.488,56.544,28.512
yaw130_pitch+030,130,30,119.455,60.521,10.545
yaw130_pitch+035,130,35,128.403,61.779,1.597
yaw130_pitch+040,130,40,134.947,61.426,4.947
yaw130_pitch+045,130,45,137.659,61.492,7.659
yaw130_pitch+050,130,50,139.676,63.587,9.676
yaw130_pitch+055,130,55,140.210,67.261,10.210
yaw130_pitch+060,130,60,144.795,72.281,14.795
yaw130_pitch+065,130,65,147.936,71.177,17.936
yaw130_pitch+070,130,70,151.329,75.432,21.329
yaw130_pitch+075,130,75,150.731,77.946,20.731
yaw130_pitch+080,130,80,148.620,82.173,18.620
yaw130_pitch+085,130,85,140.034,87.466,10.034
yaw130_pitch+090,130,90,137.029,90.000,7.029
yaw135_pitch-090,135,-90,122.197,-85.414,12.803
yaw135_pitch-085,135,-85,121.424,-85.571,13.576
yaw135_pitch-080,135,-80,117.904,-81.930,17.096
yaw135_pitch-075,135,-75,120.181,-78.304,14.819
yaw135_pitch-070,135,-70,122.629,-75.475,12.371
yaw135_pitch-065,135,-65,124.127,-71.129,10.873
yaw135_pitch-060,135,-60,127.937,-67.961,7.063
yaw135_pitch-055,135,-55,130.865,-60.791,4.135
yaw135_pitch-050,135,-50,134.685,-55.584,0.315
yaw135_pitch-045,135,-45,135.772,-49.156,0.772
yaw135_pitch-040,135,-40,140.069,-33.410,5.069
yaw135_pitch-035,135,-35,142.004,-20.680,7.004
yaw135_pitch-030,135,-30,144.544,-5.709,9.544
yaw135_pitch-025,135,-25,151.382,11.956,16.382
yaw135_pitch-020,135,-20,155.611,23.960,20.611
yaw135_pitch-015,135,-15,159.898,25.946,24.898
yaw135_pitch-010,135,-10,161.985,29.176,26.985
yaw135_pitch-005,135,-5,158.644,34.112,23.644
yaw135_pitch+000,135,0,147.238,35.245,12.238
yaw135_pitch+005,135,5,130.663,34.940,4.337
yaw135_pitch+010,135,10,124.928,37.550,10.072
yaw135_pitch+015,135,15,105.623,43.749,29.377
yaw135_pitch+020,135,20,97.281,48.254,37.719
yaw135_pitch+025,135,25,94.700,57.331,40.300
yaw135_pitch+030,135,30,114.336,62.383,20.664
yaw135_pitch+035,135,35,129.492,61.689,5.508
yaw135_pitch+040,135,40,136.308,60.687,1.308
yaw135_pitch+045,135,45,140.168,61.087,5.168
yaw135_pitch+050,135,50,138.682,65.924,3.682
yaw135_pitch+055,135,55,141.633,68.679,6.633
yaw135_pitch+060,135,60,148.533,71.421,13.533
yaw135_pitch+065,135,65,150.759,72.029,15.759
yaw135_pitch+070,135,70,153.518,75.205,18.518
yaw135_pitch+075,135,75,151.083,79.698,16.083
yaw135_pitch+080,135,80,151.412,80.770,16.412
yaw135_pitch+085,135,85,145.287,86.246,10.287
yaw135_pitch+090,135,90,141.473,89.165,6.473
yaw140_pitch-090,140,-90,127.144,-85.200,12.856
yaw140_pitch-085,140,-85,126.522,-81.829,13.478
yaw140_pitch-080,140,-80,122.037,-82.498,17.963
yaw140_pitch-075,140,-75,124.902,-77.592,15.098
yaw140_pitch-070,140,-70,123.456,-73.667,16.544
yaw140_pitch-065,140,-65,126.105,-72.390,13.895
yaw140_pitch-060,140,-60,127.478,-68.894,12.522
yaw140_pitch-055,140,-55,132.633,-59.325,7.367
yaw140_pitch-050,140,-50,135.798,-52.471,4.202
yaw140_pitch-045,140,-45,138.620,-45.068,1.380
yaw140_pitch-040,140,-40,140.584,-31.419,0.584
yaw140_pitch-035,140,-35,144.788,-17.110,4.788
yaw140_pitch-030,140,-30,146.538,-4.801,6.538
yaw140_pitch-025,140,-25,152.913,9.750,12.913
yaw140_pitch-020,140,-20,159.038,24.564,19.038
yaw140_pitch-015,140,-15,163.214,26.675,23.214
yaw140_pitch-010,140,-10,163.397,31.612,23.397
yaw140_pitch-005,140,-5,155.919,34.153,15.919
yaw140_pitch+000,140,0,141.725,36.310,1.725
yaw140_pitch+005,140,5,132.345,37.573,7.655
yaw140_pitch+010,140,10,132.323,39.740,7.677
yaw140_pitch+015,140,15,125.758,40.141,14.242
yaw140_pitch+020,140,20,118.761,46.196,21.239
yaw140_pitch+025,140,25,101.345,55.911,38.655
yaw140_pitch+030,140,30,112.441,59.712,27.559
yaw140_pitch+035,140,35,132.248,61.647,7.752
yaw140_pitch+040,140,40,138.709,60.545,1.291
yaw140_pitch+045,140,45,145.346,57.797,5.346
yaw140_pitch+050,140,50,144.560,67.136,4.560
yaw140_pitch+055,140,55,145.819,70.469,5.819
yaw140_pitch+060,140,60,152.757,71.609,12.757
yaw140_pitch+065,140,65,156.491,73.045,16.491
yaw140_pitch+070,140,70,158.832,76.031,18.832
yaw140_pitch+075,140,75,155.687,78.961,15.687
yaw140_pitch+080,140,80,157.555,80.804,17.555
yaw140_pitch+085,140,85,151.183,85.275,11.183
yaw140_pitch+090,140,90,149.886,86.418,9.886
yaw145_pitch-090,145,-90,130.274,-83.655,14.726
yaw145_pitch-085,145,-85,131.198,-84.674,13.802
yaw145_pitch-080,145,-80,125.112,-82.121,19.888
yaw145_pitch-075,145,-75,127.862,-76.807,17.138
yaw145_pitch-070,145,-70,127.698,-73.741,17.302
yaw145_pitch-065,145,-65,124.716,-70.982,20.284
yaw145_pitch-060,145,-60,131.083,-71.591,13.917
yaw145_pitch-055,145,-55,133.924,-64.121,11.076
yaw145_pitch-050,145,-50,136.902,-61.256,8.098
yaw145_pitch-045,145,-45,140.222,-46.545,4.778
yaw145_pitch-040,145,-40,144.802,-31.739,0.198
yaw145_pitch-035,145,-35,146.631,-21.978,1.631
yaw145_pitch-030,145,-30,150.717,0.951,5.717
yaw145_pitch-025,145,-25,153.589,8.882,8.589
yaw145_pitch-020,145,-20,164.557,21.008,19.557
yaw145_pitch-015,145,-15,166.247,28.308,21.247
yaw145_pitch-010,145,-10,166.973,32.921,21.973
yaw145_pitch-005,145,-5,152.943,36.306,7.943
yaw145_pitch+000,145,0,143.416,35.457,1.584
yaw145_pitch+005,145,5,138.257,40.245,6.743
yaw145_pitch+010,145,10,136.397,41.644,8.603
yaw145_pitch+015,145,15,133.070,43.230,11.930
yaw145_pitch+020,145,20,130.386,43.689,14.614
yaw145_pitch+025,145,25,117.088,53.148,27.912
yaw145_pitch+030,145,30,116.488,62.390,28.512
yaw145_pitch+035,145,35,132.978,58.655,12.022
yaw145_pitch+040,145,40,142.028,61.538,2.972
yaw145_pitch+045,145,45,145.169,64.242,0.169
yaw145_pitch+050,145,50,149.965,68.019,4.965
yaw145_pitch+055,145,55,154.884,70.179,9.884
yaw145_pitch+060,145,60,157.955,71.734,12.955
yaw145_pitch+065,145,65,159.225,73.823,14.225
yaw145_pitch+070,145,70,163.345,76.024,18.345
yaw145_pitch+075,145,75,164.805,76.565,19.805
yaw145_pitch+080,145,80,163.869,81.373,18.869
yaw145_pitch+085,145,85,156.842,85.945,11.842
yaw145_pitch+090,145,90,155.757,90.000,10.757
yaw150_pitch-090,150,-90,142.515,-90.000,7.485
yaw150_pitch-085,150,-85,134.255,-86.626,15.745
yaw150_pitch-080,150,-80,128.566,-83.156,21.434
yaw150_pitch-075,150,-75,132.050,-76.917,17.950
yaw150_pitch-070,150,-70,130.848,-71.531,19.152
yaw150_pitch-065,150,-65,130.367,-67.449,19.633
yaw150_pitch-060,150,-60,133.723,-67.075,16.277
yaw150_pitch-055,150,-55,137.952,-59.394,12.048
yaw150_pitch-050,150,-50,140.464,-58.237,9.536
yaw150_pitch-045,150,-45,141.088,-54.112,8.912
yaw150_pitch-040,150,-40,147.636,-37.956,2.364
yaw150_pitch-035,150,-35,150.537,-23.768,0.537
yaw150_pitch-030,150,-30,153.752,-4.016,3.752
yaw150_pitch-025,150,-25,160.935,9.707,10.935
yaw150_pitch-020,150,-20,166.332,22.098,16.332
yaw150_pitch-015,150,-15,168.047,30.148,18.047
yaw150_pitch-010,150,-10,167.934,34.366,17.934
yaw150_pitch-005,150,-5,158.469,37.514,8.469
yaw150_pitch+000,150,0,148.628,36.976,1.372
yaw150_pitch+005,150,5,140.735,42.488,9.265
yaw150_pitch+010,150,10,140.884,43.855,9.116
yaw150_pitch+015,150,15,138.098,43.737,11.902
yaw150_pitch+020,150,20,135.428,46.398,14.572
yaw150_pitch+025,150,25,126.016,53.271,23.984
yaw150_pitch+030,150,30,126.634,61.348,23.366
yaw150_pitch+035,150,35,136.720,61.356,13.280
yaw150_pitch+040,150,40,147.956,61.110,2.044
yaw150_pitch+045,150,45,149.599,64.077,0.401
yaw150_pitch+050,150,50,154.406,67.334,4.406
yaw150_pitch+055,150,55,160.108,69.484,10.108
yaw150_pitch+060,150,60,161.652,71.334,11.652
yaw150_pitch+065,150,65,165.026,72.076,15.026
yaw150_pitch+070,150,70,170.198,73.106,20.198
yaw150_pitch+075,150,75,169.144,77.996,19.144
yaw150_pitch+080,150,80,170.038,80.410,20.038
yaw150_pitch+085,150,85,168.404,84.534,18.404
yaw150_pitch+090,150,90,162.403,89.918,12.403
yaw155_pitch-090,155,-90,142.811,-89.140,12.189
yaw155_pitch-085,155,-85,144.938,-84.923,10.062
yaw155_pitch-080,155,-80,141.827,-73.881,13.173
yaw155_pitch-075,155,-75,142.603,-74.400,12.397
yaw155_pitch-070,155,-70,138.268,-71.063,16.732
yaw155_pitch-065,155,-65,133.950,-68.093,21.050
yaw155_pitch-060,155,-60,138.981,-65.273,16.019
yaw155_pitch-055,155,-55,139.051,-58.331,15.949
yaw155_pitch-050,155,-50,141.448,-58.625,13.552
yaw155_pitch-045,155,-45,146.485,-52.024,8.515
yaw155_pitch-040,155,-40,146.518,-41.833,8.482
yaw155_pitch-035,155,-35,150.499,-25.865,4.501
yaw155_pitch-030,155,-30,159.048,-7.143,4.048
yaw155_pitch-025,155,-25,166.333,10.259,11.333
yaw155_pitch-020,155,-20,171.133,21.837,16.133
yaw155_pitch-015,155,-15,169.912,30.710,14.912
yaw155_pitch-010,155,-10,165.457,37.115,10.457
yaw155_pitch-005,155,-5,163.036,40.144,8.036
yaw155_pitch+000,155,0,153.042,38.302,1.958
yaw155_pitch+005,155,5,149.656,42.012,5.344
yaw155_pitch+010,155,10,149.906,44.142,5.094
yaw155_pitch+015,155,15,149.600,41.473,5.400
yaw155_pitch+020,155,20,139.598,46.116,15.402
yaw155_pitch+025,155,25,136.444,54.579,18.556
yaw155_pitch+030,155,30,139.402,60.522,15.598
yaw155_pitch+035,155,35,142.374,61.834,12.626
yaw155_pitch+040,155,40,150.180,60.894,4.820
yaw155_pitch+045,155,45,156.167,63.955,1.167
yaw155_pitch+050,155,50,161.611,67.932,6.611
yaw155_pitch+055,155,55,164.464,68.573,9.464
yaw155_pitch+060,155,60,167.255,70.566,12.255
yaw155_pitch+065,155,65,170.006,73.011,15.006
yaw155_pitch+070,155,70,172.783,74.465,17.783
yaw155_pitch+075,155,75,173.338,77.675,18.338
yaw155_pitch+080,155,80,178.169,80.769,23.169
yaw155_pitch+085,155,85,175.116,84.930,20.116
yaw155_pitch+090,155,90,174.483,88.651,19.483
yaw160_pitch-090,160,-90,144.039,-84.065,15.961
yaw160_pitch-085,160,-85,151.217,-74.158,8.783
yaw160_pitch-080,160,-80,154.423,-76.205,5.577
yaw160_pitch-075,160,-75,151.801,-71.539,8.199
yaw160_pitch-070,160,-70,146.344,-71.515,13.656
yaw160_pitch-065,160,-65,141.723,-71.395,18.277
yaw160_pitch-060,160,-60,142.444,-62.954,17.556
yaw160_pitch-055,160,-55,144.827,-58.929,15.173
yaw160_pitch-050,160,-50,145.468,-57.230,14.532
yaw160_pitch-045,160,-45,145.935,-53.844,14.065
yaw160_pitch-040,160,-40,150.753,-42.001,9.247
yaw160_pitch-035,160,-35,153.696,-31.892,6.304
yaw160_pitch-030,160,-30,160.361,-13.829,0.361
yaw160_pitch-025,160,-25,165.053,6.282,5.053
yaw160_pitch-020,160,-20,172.149,22.506,12.149
yaw160_pitch-015,160,-15,176.253,31.193,16.253
yaw160_pitch-010,160,-10,173.108,35.680,13.108
yaw160_pitch-005,160,-5,168.451,39.213,8.451
yaw160_pitch+000,160,0,164.410,40.743,4.410
yaw160_pitch+005,160,5,155.366,41.153,4.634
yaw160_pitch+010,160,10,157.843,41.669,2.157
yaw160_pitch+015,160,15,157.918,41.870,2.082
yaw160_pitch+020,160,20,154.383,46.570,5.617
yaw160_pitch+025,160,25,152.234,55.541,7.766
yaw160_pitch+030,160,30,152.781,58.066,7.219
yaw160_pitch+035,160,35,155.789,58.977,4.211
yaw160_pitch+040,160,40,158.787,61.443,1.213
yaw160_pitch+045,160,45,163.293,64.009,3.293
yaw160_pitch+050,160,50,167.981,64.345,7.981
yaw160_pitch+055,160,55,172.546,67.824,12.546
yaw160_pitch+060,160,60,171.689,69.772,11.689
yaw160_pitch+065,160,65,176.880,70.664,16.880
yaw160_pitch+070,160,70,179.314,73.370,19.314
yaw160_pitch+075,160,75,180.229,76.833,20.229
yaw160_pitch+080,160,80,182.249,82.663,22.249
yaw160_pitch+085,160,85,181.196,85.665,21.196
yaw160_pitch+090,160,90,179.895,88.013,19.895
yaw165_pitch-090,165,-90,149.038,-79.816,15.962
yaw165_pitch-085,165,-85,154.653,-75.173,10.347
yaw165_pitch-080,165,-80,158.541,-77.875,6.459
yaw165_pitch-075,165,-75,154.850,-72.508,10.150
yaw165_pitch-070,165,-70,152.709,-70.518,12.291
yaw165_pitch-065,165,-65,149.970,-74.490,15.030
yaw165_pitch-060,165,-60,151.044,-65.343,13.956
yaw165_pitch-055,165,-55,151.539,-58.430,13.461
yaw165_pitch-050,165,-50,151.943,-57.509,13.057
yaw165_pitch-045,165,-45,154.780,-48.470,10.220
yaw165_pitch-040,165,-40,156.671,-42.660,8.329
yaw165_pitch-035,165,-35,158.433,-36.196,6.567
yaw165_pitch-030,165,-30,166.769,-11.579,1.769
yaw165_pitch-025,165,-25,172.639,8.167,7.639
yaw165_pitch-020,165,-20,176.396,25.302,11.396
yaw165_pitch-015,165,-15,184.905,33.540,19.905
yaw165_pitch-010,165,-10,177.368,38.012,12.368
yaw165_pitch-005,165,-5,176.324,39.748,11.324
yaw165_pitch+000,165,0,168.372,41.101,3.372
yaw165_pitch+005,165,5,166.107,43.340,1.107
yaw165_pitch+010,165,10,166.916,42.924,1.916
yaw165_pitch+015,165,15,169.969,41.145,4.969
yaw165_pitch+020,165,20,167.572,44.861,2.572
yaw165_pitch+025,165,25,167.134,52.502,2.134
yaw165_pitch+030,165,30,169.147,53.822,4.147
yaw165_pitch+035,165,35,166.701,58.877,1.701
yaw165_pitch+040,165,40,171.448,59.633,6.448
yaw165_pitch+045,165,45,171.004,60.881,6.004
yaw165_pitch+050,165,50,178.636,63.039,13.636
yaw165_pitch+055,165,55,177.191,67.229,12.191
yaw165_pitch+060,165,60,180.561,67.694,15.561
yaw165_pitch+065,165,65,183.788,69.230,18.788
yaw165_pitch+070,165,70,186.323,72.093,21.323
yaw165_pitch+075,165,75,184.979,76.715,19.979
yaw165_pitch+080,165,80,186.221,81.554,21.221
yaw165_pitch+085,165,85,187.278,84.901,22.278
yaw165_pitch+090,165,90,182.851,88.241,17.851
yaw170_pitch-090,170,-90,155.919,-84.840,14.081
yaw170_pitch-085,170,-85,155.597,-81.940,14.403
yaw170_pitch-080,170,-80,160.953,-78.308,9.047
yaw170_pitch-075,170,-75,157.987,-76.540,12.013
yaw170_pitch-070,170,-70,155.460,-68.325,14.540
yaw170_pitch-065,170,-65,155.563,-76.729,14.437
yaw170_pitch-060,170,-60,156.753,-67.344,13.247
yaw170_pitch-055,170,-55,161.635,-58.942,8.365
yaw170_pitch-050,170,-50,159.369,-54.377,10.631
yaw170_pitch-045,170,-45,159.637,-55.043,10.363
yaw170_pitch-040,170,-40,161.570,-47.988,8.430
yaw170_pitch-035,170,-35,164.722,-34.297,5.278
yaw170_pitch-030,170,-30,168.231,-13.812,1.769
yaw170_pitch-025,170,-25,178.165,10.532,8.165
yaw170_pitch-020,170,-20,183.743,26.071,13.743
yaw170_pitch-015,170,-15,184.658,33.198,14.658
yaw170_pitch-010,170,-10,185.963,38.054,15.963
yaw170_pitch-005,170,-5,180.977,40.736,10.977
yaw170_pitch+000,170,0,175.194,42.925,5.194
yaw170_pitch+005,170,5,171.333,44.338,1.333
yaw170_pitch+010,170,10,179.019,41.289,9.019
yaw170_pitch+015,170,15,181.179,39.688,11.179
yaw170_pitch+020,170,20,184.165,39.826,14.165
yaw170_pitch+025,170,25,182.021,49.725,12.021
yaw170_pitch+030,170,30,179.683,52.288,9.683
yaw170_pitch+035,170,35,172.655,58.032,2.655
yaw170_pitch+040,170,40,179.704,56.785,9.704
yaw170_pitch+045,170,45,182.116,61.444,12.116
yaw170_pitch+050,170,50,182.971,61.334,12.971
yaw170_pitch+055,170,55,186.797,65.158,16.797
yaw170_pitch+060,170,60,186.611,68.881,16.611
yaw170_pitch+065,170,65,188.528,69.631,18.528
yaw170_pitch+070,170,70,190.906,72.424,20.906
yaw170_pitch+075,170,75,190.437,76.776,20.437
yaw170_pitch+080,170,80,190.537,81.659,20.537
yaw170_pitch+085,170,85,188.620,85.384,18.620
yaw170_pitch+090,170,90,182.893,89.154,12.893
yaw175_pitch-090,175,-90,163.817,-81.827,11.183
yaw175_pitch-085,175,-85,163.879,-85.309,11.121
yaw175_pitch-080,175,-80,159.806,-79.981,15.194
yaw175_pitch-075,175,-75,158.126,-72.958,16.874
yaw175_pitch-070,175,-70,160.098,-75.086,14.902
yaw175_pitch-065,175,-65,160.493,-71.863,14.507
yaw175_pitch-060,175,-60,163.631,-66.623,11.369
yaw175_pitch-055,175,-55,167.407,-63.326,7.593
yaw175_pitch-050,175,-50,166.847,-56.565,8.153
yaw175_pitch-045,175,-45,167.024,-51.487,7.976
yaw175_pitch-040,175,-40,167.662,-49.075,7.338
yaw175_pitch-035,175,-35,168.135,-40.642,6.865
yaw175_pitch-030,175,-30,175.193,-17.948,0.193
yaw175_pitch-025,175,-25,179.200,7.183,4.200
yaw175_pitch-020,175,-20,186.887,24.788,11.887
yaw175_pitch-015,175,-15,188.239,33.420,13.239
yaw175_pitch-010,175,-10,188.408,37.479,13.408
yaw175_pitch-005,175,-5,181.828,41.177,6.828
yaw175_pitch+000,175,0,180.336,41.774,5.336
yaw175_pitch+005,175,5,180.402,44.840,5.402
yaw175_pitch+010,175,10,184.793,43.258,9.793
yaw175_pitch+015,175,15,187.006,43.259,12.006
yaw175_pitch+020,175,20,189.157,43.480,14.157
yaw175_pitch+025,175,25,191.688,48.662,16.688
yaw175_pitch+030,175,30,191.447,50.039,16.447
yaw175_pitch+035,175,35,187.784,56.557,12.784
yaw175_pitch+040,175,40,190.602,55.951,15.602
yaw175_pitch+045,175,45,193.046,58.014,18.046
yaw175_pitch+050,175,50,191.290,62.170,16.290
yaw175_pitch+055,175,55,191.906,64.654,16.906
yaw175_pitch+060,175,60,194.338,66.949,19.338
yaw175_pitch+065,175,65,195.396,69.432,20.396
yaw175_pitch+070,175,70,195.244,72.268,20.244
yaw175_pitch+075,175,75,193.893,75.271,18.893
yaw175_pitch+080,175,80,194.524,78.903,19.524
yaw175_pitch+085,175,85,194.449,84.824,19.449
yaw175_pitch+090,175,90,193.480,86.219,18.480
yaw180_pitch-090,180,-90,171.531,-89.859,8.469
yaw180_pitch-085,180,-85,168.925,-83.771,11.075
yaw180_pitch-080,180,-80,169.736,-80.072,10.264
yaw180_pitch-075,180,-75,167.371,-74.427,12.629
yaw180_pitch-070,180,-70,167.709,-69.224,12.291
yaw180_pitch-065,180,-65,165.653,-67.403,14.347
yaw180_pitch-060,180,-60,168.110,-64.420,11.890
yaw180_pitch-055,180,-55,172.092,-59.142,7.908
yaw180_pitch-050,180,-50,172.647,-55.374,7.353
yaw180_pitch-045,180,-45,174.219,-50.788,5.781
yaw180_pitch-040,180,-40,173.068,-42.363,6.932
yaw180_pitch-035,180,-35,173.845,-39.118,6.155
yaw180_pitch-030,180,-30,178.697,-22.529,1.303
yaw180_pitch-025,180,-25,185.048,3.567,5.048
yaw180_pitch-020,180,-20,191.979,19.242,11.979
yaw180_pitch-015,180,-15,192.468,30.575,12.468
yaw180_pitch-010,180,-10,188.692,37.432,8.692
yaw180_pitch-005,180,-5,190.440,39.509,10.440
yaw180_pitch+000,180,0,185.189,43.599,5.189
yaw180_pitch+005,180,5,188.478,45.228,8.478
yaw180_pitch+010,180,10,192.118,43.768,12.118
yaw180_pitch+015,180,15,191.062,44.555,11.062
yaw180_pitch+020,180,20,194.010,45.768,14.010
yaw180_pitch+025,180,25,193.622,51.793,13.622
yaw180_pitch+030,180,30,196.116,51.382,16.116
yaw180_pitch+035,180,35,196.325,53.917,16.325
yaw180_pitch+040,180,40,199.463,55.491,19.463
yaw180_pitch+045,180,45,199.004,56.545,19.004
yaw180_pitch+050,180,50,198.761,59.533,18.761
yaw180_pitch+055,180,55,199.048,64.139,19.048
yaw180_pitch+060,180,60,201.935,66.464,21.935
yaw180_pitch+065,180,65,202.206,69.125,22.206
yaw180_pitch+070,180,70,199.203,72.032,19.203
yaw180_pitch+075,180,75,199.220,76.032,19.220
yaw180_pitch+080,180,80,200.419,78.607,20.419
yaw180_pitch+085,180,85,199.575,83.890,19.575
yaw180_pitch+090,180,90,195.410,87.136,15.410
yaw185_pitch-090,185,-90,176.960,-86.822,8.040
yaw185_pitch-085,185,-85,173.766,-84.974,11.234
yaw185_pitch-080,185,-80,171.282,-77.864,13.718
yaw185_pitch-075,185,-75,173.068,-72.275,11.932
yaw185_pitch-070,185,-70,172.486,-65.968,12.514
yaw185_pitch-065,185,-65,172.056,-65.909,12.944
yaw185_pitch-060,185,-60,174.824,-62.065,10.176
yaw185_pitch-055,185,-55,178.005,-58.619,6.995
yaw185_pitch-050,185,-50,178.542,-51.066,6.458
yaw185_pitch-045,185,-45,180.143,-49.260,4.857
yaw185_pitch-040,185,-40,182.029,-36.253,2.971
yaw185_pitch-035,185,-35,179.719,-33.436,5.281
yaw185_pitch-030,185,-30,181.492,-23.591,3.508
yaw185_pitch-025,185,-25,187.716,-2.061,2.716
yaw185_pitch-020,185,-20,192.478,19.233,7.478
yaw185_pitch-015,185,-15,194.478,30.504,9.478
yaw185_pitch-010,185,-10,196.913,35.222,11.913
yaw185_pitch-005,185,-5,191.481,40.314,6.481
yaw185_pitch+000,185,0,190.316,45.047,5.316
yaw185_pitch+005,185,5,195.798,45.130,10.798
yaw185_pitch+010,185,10,196.209,44.924,11.209
yaw185_pitch+015,185,15,197.735,46.138,12.735
yaw185_pitch+020,185,20,199.291,46.469,14.291
yaw185_pitch+025,185,25,199.271,47.961,14.271
yaw185_pitch+030,185,30,205.266,47.604,20.266
yaw185_pitch+035,185,35,203.600,49.579,18.600
yaw185_pitch+040,185,40,204.705,52.709,19.705
yaw185_pitch+045,185,45,204.725,55.224,19.725
yaw185_pitch+050,185,50,204.242,59.194,19.242
yaw185_pitch+055,185,55,204.520,62.920,19.520
yaw185_pitch+060,185,60,207.412,64.601,22.412
yaw185_pitch+065,185,65,207.068,66.923,22.068
yaw185_pitch+070,185,70,205.236,69.215,20.236
yaw185_pitch+075,185,75,204.320,74.394,19.320
yaw185_pitch+080,185,80,206.688,80.943,21.688
yaw185_pitch+085,185,85,203.858,86.479,18.858
yaw185_pitch+090,185,90,201.851,90.000,16.851
yaw190_pitch-090,190,-90,183.090,-85.815,6.910
yaw190_pitch-085,190,-85,178.907,-83.338,11.093
yaw190_pitch-080,190,-80,176.278,-75.996,13.722
yaw190_pitch-075,190,-75,176.242,-69.948,13.758
yaw190_pitch-070,190,-70,178.787,-68.672,11.213
yaw190_pitch-065,190,-65,178.835,-67.764,11.165
yaw190_pitch-060,190,-60,178.559,-62.047,11.441
yaw190_pitch-055,190,-55,181.420,-54.879,8.580
yaw190_pitch-050,190,-50,182.425,-50.202,7.575
yaw190_pitch-045,190,-45,184.836,-47.767,5.164
yaw190_pitch-040,190,-40,188.213,-38.822,1.787
yaw190_pitch-035,190,-35,184.968,-31.392,5.032
yaw190_pitch-030,190,-30,186.950,-16.516,3.050
yaw190_pitch-025,190,-25,189.762,-5.265,0.238
yaw190_pitch-020,190,-20,192.772,5.274,2.772
yaw190_pitch-015,190,-15,196.719,27.375,6.719
yaw190_pitch-010,190,-10,197.510,34.783,7.510
yaw190_pitch-005,190,-5,197.703,38.500,7.703
yaw190_pitch+000,190,0,196.402,40.400,6.402
yaw190_pitch+005,190,5,197.218,45.151,7.218
yaw190_pitch+010,190,10,200.324,46.357,10.324
yaw190_pitch+015,190,15,201.556,45.856,11.556
yaw190_pitch+020,190,20,205.672,46.463,15.672
yaw190_pitch+025,190,25,208.160,47.397,18.160
yaw190_pitch+030,190,30,210.125,47.379,20.125
yaw190_pitch+035,190,35,210.605,49.225,20.605
yaw190_pitch+040,190,40,212.213,47.851,22.213
yaw190_pitch+045,190,45,209.561,53.544,19.561
yaw190_pitch+050,190,50,210.995,56.424,20.995
yaw190_pitch+055,190,55,210.840,59.483,20.840
yaw190_pitch+060,190,60,210.997,63.521,20.997
yaw190_pitch+065,190,65,211.124,66.905,21.124
yaw190_pitch+070,190,70,208.578,70.021,18.578
yaw190_pitch+075,190,75,208.222,74.704,18.222
yaw190_pitch+080,190,80,211.205,80.760,21.205
yaw190_pitch+085,190,85,209.178,86.346,19.178
yaw190_pitch+090,190,90,208.635,89.068,18.635
yaw195_pitch-090,195,-90,182.417,-84.214,12.583
yaw195_pitch-085,195,-85,182.059,-83.912,12.941
yaw195_pitch-080,195,-80,181.572,-80.236,13.428
yaw195_pitch-075,195,-75,183.143,-72.670,11.857
yaw195_pitch-070,195,-70,184.565,-72.600,10.435
yaw195_pitch-065,195,-65,185.031,-63.850,9.969
yaw195_pitch-060,195,-60,187.161,-59.747,7.839
yaw195_pitch-055,195,-55,186.026,-55.628,8.974
yaw195_pitch-050,195,-50,188.014,-48.822,6.986
yaw195_pitch-045,195,-45,189.638,-39.992,5.362
yaw195_pitch-040,195,-40,192.537,-43.349,2.463
yaw195_pitch-035,195,-35,193.077,-27.131,1.923
yaw195_pitch-030,195,-30,194.985,-16.538,0.015
yaw195_pitch-025,195,-25,195.672,-5.886,0.672
yaw195_pitch-020,195,-20,198.982,1.394,3.982
yaw195_pitch-015,195,-15,200.729,23.175,5.729
yaw195_pitch-010,195,-10,201.255,31.895,6.255
yaw195_pitch-005,195,-5,199.615,38.048,4.615
yaw195_pitch+000,195,0,197.493,40.868,2.493
yaw195_pitch+005,195,5,201.959,42.010,6.959
yaw195_pitch+010,195,10,201.717,45.946,6.717
yaw195_pitch+015,195,15,206.774,47.009,11.774
yaw195_pitch+020,195,20,210.071,47.326,15.071
yaw195_pitch+025,195,25,212.400,47.745,17.400
yaw195_pitch+030,195,30,214.531,46.169,19.531
yaw195_pitch+035,195,35,214.655,45.227,19.655
yaw195_pitch+040,195,40,215.743,48.370,20.743
yaw195_pitch+045,195,45,213.448,51.135,18.448
yaw195_pitch+050,195,50,215.176,56.126,20.176
yaw195_pitch+055,195,55,215.038,59.258,20.038
yaw195_pitch+060,195,60,215.462,63.011,20.462
yaw195_pitch+065,195,65,215.450,66.559,20.450
yaw195_pitch+070,195,70,214.915,69.560,19.915
yaw195_pitch+075,195,75,215.482,74.069,20.482
yaw195_pitch+080,195,80,214.169,78.793,19.169
yaw195_pitch+085,195,85,211.850,82.336,16.850
yaw195_pitch+090,195,90,209.606,89.305,14.606
yaw200_pitch-090,200,-90,188.445,-87.517,11.555
yaw200_pitch-085,200,-85,188.197,-85.297,11.803
yaw200_pitch-080,200,-80,186.320,-80.404,13.680
yaw200_pitch-075,200,-75,187.578,-75.886,12.422
yaw200_pitch-070,200,-70,190.343,-73.159,9.657
yaw200_pitch-065,200,-65,190.902,-70.095,9.098
yaw200_pitch-060,200,-60,193.829,-62.657,6.171
yaw200_pitch-055,200,-55,194.099,-55.882,5.901
yaw200_pitch-050,200,-50,194.141,-49.945,5.859
yaw200_pitch-045,200,-45,197.834,-40.609,2.166
yaw200_pitch-040,200,-40,199.840,-36.994,0.160
yaw200_pitch-035,200,-35,199.659,-19.135,0.341
yaw200_pitch-030,200,-30,203.990,-0.764,3.990
yaw200_pitch-025,200,-25,204.556,3.075,4.556
yaw200_pitch-020,200,-20,203.684,6.749,3.684
yaw200_pitch-015,200,-15,205.024,13.398,5.024
yaw200_pitch-010,200,-10,204.927,25.683,4.927
yaw200_pitch-005,200,-5,204.983,33.162,4.983
yaw200_pitch+000,200,0,201.583,39.806,1.583
yaw200_pitch+005,200,5,201.949,42.089,1.949
yaw200_pitch+010,200,10,205.379,46.583,5.379
yaw200_pitch+015,200,15,210.040,47.808,10.040
yaw200_pitch+020,200,20,214.496,47.995,14.496
yaw200_pitch+025,200,25,214.992,47.902,14.992
yaw200_pitch+030,200,30,215.922,48.667,15.922
yaw200_pitch+035,200,35,217.133,48.375,17.133
yaw200_pitch+040,200,40,217.810,49.995,17.810
yaw200_pitch+045,200,45,217.475,52.373,17.475
yaw200_pitch+050,200,50,218.138,54.408,18.138
yaw200_pitch+055,200,55,218.218,59.600,18.218
yaw200_pitch+060,200,60,219.059,62.329,19.059
yaw200_pitch+065,200,65,218.876,65.565,18.876
yaw200_pitch+070,200,70,218.324,69.090,18.324
yaw200_pitch+075,200,75,218.191,74.803,18.191
yaw200_pitch+080,200,80,217.524,79.490,17.524
yaw200_pitch+085,200,85,216.135,84.761,16.135
yaw200_pitch+090,200,90,215.333,89.970,15.333
yaw205_pitch-090,205,-90,191.225,-87.893,13.775
yaw205_pitch-085,205,-85,191.477,-83.045,13.523
yaw205_pitch-080,205,-80,193.453,-78.723,11.547
yaw205_pitch-075,205,-75,191.133,-76.197,13.867
yaw205_pitch-070,205,-70,192.944,-71.795,12.056
yaw205_pitch-065,205,-65,197.062,-65.618,7.938
yaw205_pitch-060,205,-60,198.631,-63.924,6.369
yaw205_pitch-055,205,-55,199.462,-57.638,5.538
yaw205_pitch-050,205,-50,200.072,-50.325,4.928
yaw205_pitch-045,205,-45,201.822,-38.712,3.178
yaw205_pitch-040,205,-40,204.539,-33.966,0.461
yaw205_pitch-035,205,-35,206.271,-19.613,1.271
yaw205_pitch-030,205,-30,209.361,-2.444,4.361
yaw205_pitch-025,205,-25,210.299,5.761,5.299
yaw205_pitch-020,205,-20,210.317,7.565,5.317
yaw205_pitch-015,205,-15,209.803,15.694,4.803
yaw205_pitch-010,205,-10,208.259,21.368,3.259
yaw205_pitch-005,205,-5,208.230,29.510,3.230
yaw205_pitch+000,205,0,204.963,39.372,0.037
yaw205_pitch+005,205,5,205.845,44.402,0.845
yaw205_pitch+010,205,10,208.095,46.699,3.095
yaw205_pitch+015,205,15,211.570,48.816,6.570
yaw205_pitch+020,205,20,215.817,48.291,10.817
yaw205_pitch+025,205,25,217.671,49.625,12.671
yaw205_pitch+030,205,30,218.194,50.765,13.194
yaw205_pitch+035,205,35,219.197,50.326,14.197
yaw205_pitch+040,205,40,219.668,51.323,14.668
yaw205_pitch+045,205,45,219.614,53.552,14.614
yaw205_pitch+050,205,50,220.270,55.449,15.270
yaw205_pitch+055,205,55,220.119,59.323,15.119
yaw205_pitch+060,205,60,220.748,61.105,15.748
yaw205_pitch+065,205,65,220.385,66.717,15.385
yaw205_pitch+070,205,70,220.148,69.330,15.148
yaw205_pitch+075,205,75,220.301,73.311,15.301
yaw205_pitch+080,205,80,220.194,78.777,15.194
yaw205_pitch+085,205,85,219.378,83.596,14.378
yaw205_pitch+090,205,90,220.842,89.174,15.842
yaw210_pitch-090,210,-90,198.471,-86.932,11.529
yaw210_pitch-085,210,-85,198.229,-84.589,11.771
yaw210_pitch-080,210,-80,197.807,-77.933,12.193
yaw210_pitch-075,210,-75,199.845,-73.437,10.155
yaw210_pitch-070,210,-70,201.416,-69.952,8.584
yaw210_pitch-065,210,-65,201.173,-69.905,8.827
yaw210_pitch-060,210,-60,204.207,-63.067,5.793
yaw210_pitch-055,210,-55,205.020,-58.133,4.980
yaw210_pitch-050,210,-50,204.204,-51.222,5.796
yaw210_pitch-045,210,-45,206.713,-44.773,3.287
yaw210_pitch-040,210,-40,207.205,-28.647,2.795
yaw210_pitch-035,210,-35,209.978,-18.393,0.022
yaw210_pitch-030,210,-30,210.949,1.177,0.949
yaw210_pitch-025,210,-25,212.956,4.393,2.956
yaw210_pitch-020,210,-20,213.549,6.905,3.549
yaw210_pitch-015,210,-15,212.650,18.632,2.650
yaw210_pitch-010,210,-10,211.404,21.970,1.404
yaw210_pitch-005,210,-5,207.244,31.771,2.756
yaw210_pitch+000,210,0,206.332,41.039,3.668
yaw210_pitch+005,210,5,205.309,45.495,4.691
yaw210_pitch+010,210,10,207.330,47.524,2.670
yaw210_pitch+015,210,15,212.771,49.504,2.771
yaw210_pitch+020,210,20,215.762,50.576,5.762
yaw210_pitch+025,210,25,218.743,51.337,8.743
yaw210_pitch+030,210,30,219.557,51.447,9.557
yaw210_pitch+035,210,35,220.592,52.713,10.592
yaw210_pitch+040,210,40,221.389,51.772,11.389
yaw210_pitch+045,210,45,221.758,55.190,11.758
yaw210_pitch+050,210,50,221.971,58.822,11.971
yaw210_pitch+055,210,55,221.754,60.680,11.754
yaw210_pitch+060,210,60,221.717,65.342,11.717
yaw210_pitch+065,210,65,221.646,68.683,11.646
yaw210_pitch+070,210,70,222.608,70.003,12.608
yaw210_pitch+075,210,75,222.855,75.002,12.855
yaw210_pitch+080,210,80,224.090,78.346,14.090
yaw210_pitch+085,210,85,224.554,85.013,14.554
yaw210_pitch+090,210,90,224.332,88.089,14.332
yaw215_pitch-090,215,-90,205.890,-90.000,9.110
yaw215_pitch-085,215,-85,204.116,-84.378,10.884
yaw215_pitch-080,215,-80,202.796,-79.101,12.204
yaw215_pitch-075,215,-75,204.498,-72.615,10.502
yaw215_pitch-070,215,-70,207.155,-68.835,7.845
yaw215_pitch-065,215,-65,206.598,-64.081,8.402
yaw215_pitch-060,215,-60,207.421,-60.207,7.579
yaw215_pitch-055,215,-55,209.022,-57.004,5.978
yaw215_pitch-050,215,-50,210.859,-50.751,4.141
yaw215_pitch-045,215,-45,211.216,-39.384,3.784
yaw215_pitch-040,215,-40,212.325,-30.974,2.675
yaw215_pitch-035,215,-35,212.056,-7.640,2.944
yaw215_pitch-030,215,-30,213.399,1.535,1.601
yaw215_pitch-025,215,-25,213.833,6.536,1.167
yaw215_pitch-020,215,-20,214.851,9.141,0.149
yaw215_pitch-015,215,-15,214.821,17.922,0.179
yaw215_pitch-010,215,-10,213.217,23.305,1.783
yaw215_pitch-005,215,-5,211.169,31.255,3.831
yaw215_pitch+000,215,0,208.779,44.859,6.221
yaw215_pitch+005,215,5,208.532,48.438,6.468
yaw215_pitch+010,215,10,210.069,49.080,4.931
yaw215_pitch+015,215,15,213.280,50.078,1.720
yaw215_pitch+020,215,20,217.197,52.920,2.197
yaw215_pitch+025,215,25,218.965,53.952,3.965
yaw215_pitch+030,215,30,220.906,53.370,5.906
yaw215_pitch+035,215,35,222.153,54.698,7.153
yaw215_pitch+040,215,40,223.652,54.315,8.652
yaw215_pitch+045,215,45,224.510,55.949,9.510
yaw215_pitch+050,215,50,223.457,58.319,8.457
yaw215_pitch+055,215,55,223.440,62.602,8.440
yaw215_pitch+060,215,60,223.740,67.311,8.740
yaw215_pitch+065,215,65,224.448,68.008,9.448
yaw215_pitch+070,215,70,225.401,71.421,10.401
yaw215_pitch+075,215,75,227.117,73.687,12.117
yaw215_pitch+080,215,80,229.184,82.684,14.184
yaw215_pitch+085,215,85,230.873,83.042,15.873
yaw215_pitch+090,215,90,232.454,88.950,17.454
yaw220_pitch-090,220,-90,208.761,-89.214,11.239
yaw220_pitch-085,220,-85,208.037,-82.800,11.963
yaw220_pitch-080,220,-80,208.724,-81.671,11.276
yaw220_pitch-075,220,-75,208.392,-73.218,11.608
yaw220_pitch-070,220,-70,210.447,-68.608,9.553
yaw220_pitch-065,220,-65,211.486,-71.985,8.514
yaw220_pitch-060,220,-60,210.628,-63.581,9.372
yaw220_pitch-055,220,-55,212.238,-56.784,7.762
yaw220_pitch-050,220,-50,212.938,-53.477,7.062
yaw220_pitch-045,220,-45,213.424,-42.876,6.576
yaw220_pitch-040,220,-40,213.513,-28.770,6.487
yaw220_pitch-035,220,-35,214.551,-9.533,5.449
yaw220_pitch-030,220,-30,215.164,11.108,4.836
yaw220_pitch-025,220,-25,215.184,9.508,4.816
yaw220_pitch-020,220,-20,215.592,13.505,4.408
yaw220_pitch-015,220,-15,214.827,20.497,5.173
yaw220_pitch-010,220,-10,214.274,25.444,5.726
yaw220_pitch-005,220,-5,212.406,32.624,7.594
yaw220_pitch+000,220,0,212.246,47.408,7.754
yaw220_pitch+005,220,5,213.210,50.389,6.790
yaw220_pitch+010,220,10,211.974,51.400,8.026
yaw220_pitch+015,220,15,214.203,54.426,5.797
yaw220_pitch+020,220,20,219.107,54.394,0.893
yaw220_pitch+025,220,25,220.838,54.549,0.838
yaw220_pitch+030,220,30,223.248,54.011,3.248
yaw220_pitch+035,220,35,224.605,54.904,4.605
yaw220_pitch+040,220,40,226.404,54.211,6.404
yaw220_pitch+045,220,45,227.410,56.851,7.410
yaw220_pitch+050,220,50,227.441,58.903,7.441
yaw220_pitch+055,220,55,226.191,64.134,6.191
yaw220_pitch+060,220,60,227.077,67.339,7.077
yaw220_pitch+065,220,65,228.715,69.270,8.715
yaw220_pitch+070,220,70,230.849,73.315,10.849
yaw220_pitch+075,220,75,232.422,79.228,12.422
yaw220_pitch+080,220,80,234.895,82.704,14.895
yaw220_pitch+085,220,85,236.366,84.825,16.366
yaw220_pitch+090,220,90,235.893,87.627,15.893
yaw225_pitch-090,225,-90,213.394,-87.811,11.606
yaw225_pitch-085,225,-85,213.062,-81.555,11.938
yaw225_pitch-080,225,-80,213.217,-80.780,11.783
yaw225_pitch-075,225,-75,214.110,-73.800,10.890
yaw225_pitch-070,225,-70,213.264,-71.073,11.736
yaw225_pitch-065,225,-65,214.694,-64.531,10.306
yaw225_pitch-060,225,-60,214.478,-61.980,10.522
yaw225_pitch-055,225,-55,215.387,-55.139,9.613
yaw225_pitch-050,225,-50,216.149,-49.186,8.851
yaw225_pitch-045,225,-45,216.424,-43.641,8.576
yaw225_pitch-040,225,-40,216.107,-33.052,8.893
yaw225_pitch-035,225,-35,216.385,-11.611,8.615
yaw225_pitch-030,225,-30,216.714,10.131,8.286
yaw225_pitch-025,225,-25,216.672,14.075,8.328
yaw225_pitch-020,225,-20,216.532,17.047,8.468
yaw225_pitch-015,225,-15,216.514,23.336,8.486
yaw225_pitch-010,225,-10,215.307,28.934,9.693
yaw225_pitch-005,225,-5,214.848,35.197,10.152
yaw225_pitch+000,225,0,214.901,45.843,10.099
yaw225_pitch+005,225,5,213.279,52.131,11.721
yaw225_pitch+010,225,10,216.260,53.046,8.740
yaw225_pitch+015,225,15,218.385,53.305,6.615
yaw225_pitch+020,225,20,221.481,55.817,3.519
yaw225_pitch+025,225,25,223.136,56.528,1.864
yaw225_pitch+030,225,30,225.662,55.729,0.662
yaw225_pitch+035,225,35,227.155,54.522,2.155
yaw225_pitch+040,225,40,228.614,55.620,3.614
yaw225_pitch+045,225,45,230.825,57.059,5.825
yaw225_pitch+050,225,50,230.757,60.677,5.757
yaw225_pitch+055,225,55,231.753,62.340,6.753
yaw225_pitch+060,225,60,233.168,67.061,8.168
yaw225_pitch+065,225,65,233.944,68.635,8.944
yaw225_pitch+070,225,70,238.327,73.526,13.327
yaw225_pitch+075,225,75,240.520,80.702,15.520
yaw225_pitch+080,225,80,240.874,82.490,15.874
yaw225_pitch+085,225,85,239.447,85.463,14.447
yaw225_pitch+090,225,90,240.481,89.624,15.481
yaw230_pitch-090,230,-90,219.425,-85.640,10.575
yaw230_pitch-085,230,-85,217.334,-84.027,12.666
yaw230_pitch-080,230,-80,217.090,-79.226,12.910
yaw230_pitch-075,230,-75,217.377,-75.682,12.623
yaw230_pitch-070,230,-70,218.060,-69.776,11.940
yaw230_pitch-065,230,-65,218.376,-61.769,11.624
yaw230_pitch-060,230,-60,218.735,-57.351,11.265
yaw230_pitch-055,230,-55,219.012,-55.386,10.988
yaw230_pitch-050,230,-50,219.361,-49.792,10.639
yaw230_pitch-045,230,-45,219.399,-41.652,10.601
yaw230_pitch-040,230,-40,219.776,-33.656,10.224
yaw230_pitch-035,230,-35,219.378,1.872,10.622
yaw230_pitch-030,230,-30,219.330,15.393,10.670
yaw230_pitch-025,230,-25,219.021,18.849,10.979
yaw230_pitch-020,230,-20,217.483,23.857,12.517
yaw230_pitch-015,230,-15,217.716,26.223,12.284
yaw230_pitch-010,230,-10,218.389,29.945,11.611
yaw230_pitch-005,230,-5,218.072,36.089,11.928
yaw230_pitch+000,230,0,218.086,47.086,11.914
yaw230_pitch+005,230,5,218.112,51.367,11.888
yaw230_pitch+010,230,10,219.601,53.029,10.399
yaw230_pitch+015,230,15,221.963,54.986,8.037
yaw230_pitch+020,230,20,224.244,55.900,5.756
yaw230_pitch+025,230,25,224.920,57.299,5.080
yaw230_pitch+030,230,30,227.890,55.744,2.110
yaw230_pitch+035,230,35,228.532,56.388,1.468
yaw230_pitch+040,230,40,231.628,57.253,1.628
yaw230_pitch+045,230,45,235.972,57.332,5.972
yaw230_pitch+050,230,50,234.958,60.564,4.958
yaw230_pitch+055,230,55,237.506,62.529,7.506
yaw230_pitch+060,230,60,238.718,67.530,8.718
yaw230_pitch+065,230,65,241.893,69.623,11.893
yaw230_pitch+070,230,70,245.496,72.200,15.496
yaw230_pitch+075,230,75,246.068,80.966,16.068
yaw230_pitch+080,230,80,245.004,83.328,15.004
yaw230_pitch+085,230,85,244.301,87.691,14.301
yaw230_pitch+090,230,90,245.976,90.000,15.976
yaw235_pitch-090,235,-90,223.940,-87.862,11.060
yaw235_pitch-085,235,-85,221.437,-85.530,13.563
yaw235_pitch-080,235,-80,220.863,-79.918,14.137
yaw235_pitch-075,235,-75,219.864,-77.879,15.136
yaw235_pitch-070,235,-70,221.102,-73.504,13.898
yaw235_pitch-065,235,-65,221.560,-69.761,13.440
yaw235_pitch-060,235,-60,221.855,-64.957,13.145
yaw235_pitch-055,235,-55,223.070,-52.908,11.930
yaw235_pitch-050,235,-50,222.990,-47.006,12.010
yaw235_pitch-045,235,-45,222.906,-43.720,12.094
yaw235_pitch-040,235,-40,223.344,-23.918,11.656
yaw235_pitch-035,235,-35,223.070,3.984,11.930
yaw235_pitch-030,235,-30,222.491,12.695,12.509
yaw235_pitch-025,235,-25,222.147,16.842,12.853
yaw235_pitch-020,235,-20,221.576,22.900,13.424
yaw235_pitch-015,235,-15,222.023,30.557,12.977
yaw235_pitch-010,235,-10,223.458,31.709,11.542
yaw235_pitch-005,235,-5,223.561,38.270,11.439
yaw235_pitch+000,235,0,223.600,46.641,11.400
yaw235_pitch+005,235,5,222.152,48.963,12.848
yaw235_pitch+010,235,10,222.760,52.570,12.240
yaw235_pitch+015,235,15,224.365,53.720,10.635
yaw235_pitch+020,235,20,228.072,55.171,6.928
yaw235_pitch+025,235,25,228.266,55.528,6.734
yaw235_pitch+030,235,30,231.187,55.348,3.813
yaw235_pitch+035,235,35,230.938,57.191,4.062
yaw235_pitch+040,235,40,235.383,58.340,0.383
yaw235_pitch+045,235,45,239.516,59.148,4.516
yaw235_pitch+050,235,50,241.364,60.882,6.364
yaw235_pitch+055,235,55,244.103,63.360,9.103
yaw235_pitch+060,235,60,245.966,64.638,10.966
yaw235_pitch+065,235,65,248.670,68.484,13.670
yaw235_pitch+070,235,70,251.764,72.331,16.764
yaw235_pitch+075,235,75,251.247,76.910,16.247
yaw235_pitch+080,235,80,249.725,81.335,14.725
yaw235_pitch+085,235,85,250.181,87.112,15.181
yaw235_pitch+090,235,90,247.731,86.760,12.731
yaw240_pitch-090,240,-90,227.753,-89.705,12.247
yaw240_pitch-085,240,-85,226.579,-86.139,13.421
yaw240_pitch-080,240,-80,225.327,-82.814,14.673
yaw240_pitch-075,240,-75,223.925,-76.544,16.075
yaw240_pitch-070,240,-70,223.733,-74.025,16.267
yaw240_pitch-065,240,-65,223.709,-69.977,16.291
yaw240_pitch-060,240,-60,225.163,-68.874,14.837
yaw240_pitch-055,240,-55,225.812,-59.304,14.188
yaw240_pitch-050,240,-50,226.256,-51.215,13.744
yaw240_pitch-045,240,-45,225.797,-42.592,14.203
yaw240_pitch-040,240,-40,226.010,-32.934,13.990
yaw240_pitch-035,240,-35,226.376,0.687,13.624
yaw240_pitch-030,240,-30,226.583,12.679,13.417
yaw240_pitch-025,240,-25,227.056,16.949,12.944
yaw240_pitch-020,240,-20,227.145,21.684,12.855
yaw240_pitch-015,240,-15,228.098,27.703,11.902
yaw240_pitch-010,240,-10,231.058,30.851,8.942
yaw240_pitch-005,240,-5,229.974,36.568,10.026
yaw240_pitch+000,240,0,231.256,44.198,8.744
yaw240_pitch+005,240,5,229.757,48.463,10.243
yaw240_pitch+010,240,10,227.687,50.815,12.313
yaw240_pitch+015,240,15,228.520,52.976,11.480
yaw240_pitch+020,240,20,231.851,55.398,8.149
yaw240_pitch+025,240,25,231.714,55.951,8.286
yaw240_pitch+030,240,30,234.000,54.602,6.000
yaw240_pitch+035,240,35,236.625,55.909,3.375
yaw240_pitch+040,240,40,239.892,58.253,0.108
yaw240_pitch+045,240,45,242.979,59.148,2.979
yaw240_pitch+050,240,50,245.155,60.343,5.155
yaw240_pitch+055,240,55,250.254,59.235,10.254
yaw240_pitch+060,240,60,249.504,60.343,9.504
yaw240_pitch+065,240,65,252.510,66.813,12.510
yaw240_pitch+070,240,70,254.232,70.844,14.232
yaw240_pitch+075,240,75,255.795,75.087,15.795
yaw240_pitch+080,240,80,255.573,81.236,15.573
yaw240_pitch+085,240,85,256.416,86.676,16.416
yaw240_pitch+090,240,90,251.938,86.168,11.938
yaw245_pitch-090,245,-90,235.081,-88.666,9.919
yaw245_pitch-085,245,-85,232.695,-86.100,12.305
yaw245_pitch-080,245,-80,231.847,-82.389,13.153
yaw245_pitch-075,245,-75,229.491,-75.783,15.509
yaw245_pitch-070,245,-70,227.830,-72.758,17.170
yaw245_pitch-065,245,-65,228.124,-74.754,16.876
yaw245_pitch-060,245,-60,228.952,-61.408,16.048
yaw245_pitch-055,245,-55,229.891,-60.868,15.109
yaw245_pitch-050,245,-50,229.370,-56.709,15.630
yaw245_pitch-045,245,-45,230.257,-46.193,14.743
yaw245_pitch-040,245,-40,230.444,-32.659,14.556
yaw245_pitch-035,245,-35,232.128,-7.887,12.872
yaw245_pitch-030,245,-30,232.591,12.780,12.409
yaw245_pitch-025,245,-25,232.947,14.032,12.053
yaw245_pitch-020,245,-20,234.381,18.613,10.619
yaw245_pitch-015,245,-15,234.414,24.877,10.586
yaw245_pitch-010,245,-10,236.502,30.878,8.498
yaw245_pitch-005,245,-5,235.664,35.644,9.336
yaw245_pitch+000,245,0,234.454,42.584,10.546
yaw245_pitch+005,245,5,234.560,46.438,10.440
yaw245_pitch+010,245,10,233.304,49.091,11.696
yaw245_pitch+015,245,15,235.465,51.538,9.535
yaw245_pitch+020,245,20,235.327,52.790,9.673
yaw245_pitch+025,245,25,238.108,55.242,6.892
yaw245_pitch+030,245,30,240.444,54.527,4.556
yaw245_pitch+035,245,35,242.455,54.763,2.545
yaw245_pitch+040,245,40,245.532,56.553,0.532
yaw245_pitch+045,245,45,248.414,59.035,3.414
yaw245_pitch+050,245,50,250.220,59.776,5.220
yaw245_pitch+055,245,55,248.855,59.772,3.855
yaw245_pitch+060,245,60,253.500,62.405,8.500
yaw245_pitch+065,245,65,254.720,64.754,9.720
yaw245_pitch+070,245,70,254.769,69.581,9.769
yaw245_pitch+075,245,75,258.465,74.395,13.465
yaw245_pitch+080,245,80,262.075,79.979,17.075
yaw245_pitch+085,245,85,261.317,83.006,16.317
yaw245_pitch+090,245,90,259.930,90.000,14.930
yaw250_pitch-090,250,-90,236.819,-86.216,13.181
yaw250_pitch-085,250,-85,235.984,-84.550,14.016
yaw250_pitch-080,250,-80,235.941,-83.500,14.059
yaw250_pitch-075,250,-75,234.547,-77.416,15.453
yaw250_pitch-070,250,-70,232.053,-75.051,17.947
yaw250_pitch-065,250,-65,233.058,-71.682,16.942
yaw250_pitch-060,250,-60,233.250,-63.781,16.750
yaw250_pitch-055,250,-55,233.286,-62.833,16.714
yaw250_pitch-050,250,-50,233.835,-56.847,16.165
yaw250_pitch-045,250,-45,234.171,-49.043,15.829
yaw250_pitch-040,250,-40,235.744,-39.031,14.256
yaw250_pitch-035,250,-35,239.094,-18.954,10.906
yaw250_pitch-030,250,-30,242.465,5.093,7.535
yaw250_pitch-025,250,-25,242.635,13.466,7.365
yaw250_pitch-020,250,-20,242.621,20.813,7.379
yaw250_pitch-015,250,-15,241.081,24.555,8.919
yaw250_pitch-010,250,-10,240.293,27.919,9.707
yaw250_pitch-005,250,-5,241.185,35.136,8.815
yaw250_pitch+000,250,0,237.747,40.436,12.253
yaw250_pitch+005,250,5,240.419,47.964,9.581
yaw250_pitch+010,250,10,239.839,49.468,10.161
yaw250_pitch+015,250,15,239.413,50.867,10.587
yaw250_pitch+020,250,20,241.394,53.352,8.606
yaw250_pitch+025,250,25,242.532,53.133,7.468
yaw250_pitch+030,250,30,245.485,54.634,4.515
yaw250_pitch+035,250,35,247.404,54.916,2.596
yaw250_pitch+040,250,40,250.447,56.264,0.447
yaw250_pitch+045,250,45,252.985,57.117,2.985
yaw250_pitch+050,250,50,253.571,59.517,3.571
yaw250_pitch+055,250,55,256.010,60.081,6.010
yaw250_pitch+060,250,60,254.306,60.854,4.306
yaw250_pitch+065,250,65,257.627,64.029,7.627
yaw250_pitch+070,250,70,261.506,68.293,11.506
yaw250_pitch+075,250,75,265.096,73.381,15.096
yaw250_pitch+080,250,80,266.398,78.542,16.398
yaw250_pitch+085,250,85,265.364,83.466,15.364
yaw250_pitch+090,250,90,266.021,88.131,16.021
yaw255_pitch-090,255,-90,237.740,-87.538,17.260
yaw255_pitch-085,255,-85,239.134,-82.836,15.866
yaw255_pitch-080,255,-80,239.116,-83.073,15.884
yaw255_pitch-075,255,-75,237.292,-81.004,17.708
yaw255_pitch-070,255,-70,236.111,-75.068,18.889
yaw255_pitch-065,255,-65,235.523,-70.959,19.477
yaw255_pitch-060,255,-60,236.909,-69.059,18.091
yaw255_pitch-055,255,-55,237.725,-65.142,17.275
yaw255_pitch-050,255,-50,237.480,-63.571,17.520
yaw255_pitch-045,255,-45,239.332,-50.853,15.668
yaw255_pitch-040,255,-40,239.788,-43.194,15.212
yaw255_pitch-035,255,-35,242.001,-26.886,12.999
yaw255_pitch-030,255,-30,248.169,-2.843,6.831
yaw255_pitch-025,255,-25,251.113,10.567,3.887
yaw255_pitch-020,255,-20,251.752,15.121,3.248
yaw255_pitch-015,255,-15,250.574,26.756,4.426
yaw255_pitch-010,255,-10,248.113,28.792,6.887
yaw255_pitch-005,255,-5,248.075,33.992,6.925
yaw255_pitch+000,255,0,245.875,40.149,9.125
yaw255_pitch+005,255,5,244.690,45.094,10.310
yaw255_pitch+010,255,10,246.303,48.971,8.697
yaw255_pitch+015,255,15,244.726,51.176,10.274
yaw255_pitch+020,255,20,247.272,50.877,7.728
yaw255_pitch+025,255,25,247.673,52.087,7.327
yaw255_pitch+030,255,30,252.046,53.476,2.954
yaw255_pitch+035,255,35,252.276,53.393,2.724
yaw255_pitch+040,255,40,257.377,55.315,2.377
yaw255_pitch+045,255,45,259.184,56.653,4.184
yaw255_pitch+050,255,50,258.094,57.467,3.094
yaw255_pitch+055,255,55,259.741,58.276,4.741
yaw255_pitch+060,255,60,261.636,60.921,6.636
yaw255_pitch+065,255,65,266.037,63.410,11.037
yaw255_pitch+070,255,70,268.137,69.113,13.137
yaw255_pitch+075,255,75,269.927,74.898,14.927
yaw255_pitch+080,255,80,270.799,79.279,15.799
yaw255_pitch+085,255,85,269.186,83.115,14.186
yaw255_pitch+090,255,90,273.588,89.808,18.588
yaw260_pitch-090,260,-90,245.501,-88.411,14.499
yaw260_pitch-085,260,-85,242.023,-86.364,17.977
yaw260_pitch-080,260,-80,243.845,-83.710,16.155
yaw260_pitch-075,260,-75,242.070,-80.143,17.930
yaw260_pitch-070,260,-70,239.058,-77.611,20.942
yaw260_pitch-065,260,-65,239.395,-73.840,20.605
yaw260_pitch-060,260,-60,238.467,-67.623,21.533
yaw260_pitch-055,260,-55,241.392,-72.126,18.608
yaw260_pitch-050,260,-50,242.025,-64.364,17.975
yaw260_pitch-045,260,-45,241.241,-55.264,18.759
yaw260_pitch-040,260,-40,243.573,-49.256,16.427
yaw260_pitch-035,260,-35,245.475,-32.270,14.525
yaw260_pitch-030,260,-30,251.628,-2.291,8.372
yaw260_pitch-025,260,-25,256.257,9.148,3.743
yaw260_pitch-020,260,-20,258.617,19.084,1.383
yaw260_pitch-015,260,-15,258.014,26.306,1.986
yaw260_pitch-010,260,-10,255.697,32.863,4.303
yaw260_pitch-005,260,-5,256.894,39.697,3.106
yaw260_pitch+000,260,0,254.325,41.149,5.675
yaw260_pitch+005,260,5,253.528,43.585,6.472
yaw260_pitch+010,260,10,251.465,47.283,8.535
yaw260_pitch+015,260,15,248.993,48.787,11.007
yaw260_pitch+020,260,20,249.365,49.462,10.635
yaw260_pitch+025,260,25,249.983,49.994,10.017
yaw260_pitch+030,260,30,254.937,51.723,5.063
yaw260_pitch+035,260,35,259.031,53.256,0.969
yaw260_pitch+040,260,40,260.394,53.037,0.394
yaw260_pitch+045,260,45,263.307,54.975,3.307
yaw260_pitch+050,260,50,264.662,56.732,4.662
yaw260_pitch+055,260,55,265.863,58.277,5.863
yaw260_pitch+060,260,60,265.669,60.368,5.669
yaw260_pitch+065,260,65,269.814,64.006,9.814
yaw260_pitch+070,260,70,271.998,69.740,11.998
yaw260_pitch+075,260,75,272.738,73.612,12.738
yaw260_pitch+080,260,80,272.745,77.449,12.745
yaw260_pitch+085,260,85,270.347,85.133,10.347
yaw260_pitch+090,260,90,276.703,90.000,16.703
yaw265_pitch-090,265,-90,251.178,-88.555,13.822
yaw265_pitch-085,265,-85,246.249,-85.618,18.751
yaw265_pitch-080,265,-80,244.576,-81.106,20.424
yaw265_pitch-075,265,-75,243.811,-78.820,21.189
yaw265_pitch-070,265,-70,242.337,-74.396,22.663
yaw265_pitch-065,265,-65,242.550,-71.674,22.450
yaw265_pitch-060,265,-60,240.656,-70.813,24.344
yaw265_pitch-055,265,-55,240.783,-70.282,24.217
yaw265_pitch-050,265,-50,243.542,-64.852,21.458
yaw265_pitch-045,265,-45,242.941,-59.562,22.059
yaw265_pitch-040,265,-40,243.934,-54.067,21.066
yaw265_pitch-035,265,-35,244.198,-35.686,20.802
yaw265_pitch-030,265,-30,251.366,-8.489,13.634
yaw265_pitch-025,265,-25,253.942,7.326,11.058
yaw265_pitch-020,265,-20,262.618,21.345,2.382
yaw265_pitch-015,265,-15,267.218,30.489,2.218
yaw265_pitch-010,265,-10,263.784,37.652,1.216
yaw265_pitch-005,265,-5,264.825,39.668,0.175
yaw265_pitch+000,265,0,259.775,42.891,5.225
yaw265_pitch+005,265,5,260.916,47.391,4.084
yaw265_pitch+010,265,10,257.300,47.651,7.700
yaw265_pitch+015,265,15,254.923,48.613,10.077
yaw265_pitch+020,265,20,254.995,48.835,10.005
yaw265_pitch+025,265,25,256.583,50.238,8.417
yaw265_pitch+030,265,30,259.432,50.657,5.568
yaw265_pitch+035,265,35,263.919,51.863,1.081
yaw265_pitch+040,265,40,265.544,53.519,0.544
yaw265_pitch+045,265,45,266.947,54.117,1.947
yaw265_pitch+050,265,50,270.157,55.818,5.157
yaw265_pitch+055,265,55,270.999,57.699,5.999
yaw265_pitch+060,265,60,273.223,59.782,8.223
yaw265_pitch+065,265,65,275.541,63.424,10.541
yaw265_pitch+070,265,70,274.079,66.906,9.079
yaw265_pitch+075,265,75,275.834,74.224,10.834
yaw265_pitch+080,265,80,276.141,80.719,11.141
yaw265_pitch+085,265,85,278.267,86.718,13.267
yaw265_pitch+090,265,90,281.381,88.425,16.381
yaw270_pitch-090,270,-90,256.213,-87.279,13.787
yaw270_pitch-085,270,-85,247.117,-86.261,22.883
yaw270_pitch-080,270,-80,247.715,-81.206,22.285
yaw270_pitch-075,270,-75,246.588,-77.984,23.412
yaw270_pitch-070,270,-70,247.674,-75.864,22.326
yaw270_pitch-065,270,-65,244.036,-70.801,25.964
yaw270_pitch-060,270,-60,244.032,-68.842,25.968
yaw270_pitch-055,270,-55,244.947,-65.376,25.053
yaw270_pitch-050,270,-50,244.228,-59.585,25.772
yaw270_pitch-045,270,-45,244.340,-46.723,25.660
yaw270_pitch-040,270,-40,244.484,-47.754,25.516
yaw270_pitch-035,270,-35,244.668,-29.660,25.332
yaw270_pitch-030,270,-30,250.509,-5.879,19.491
yaw270_pitch-025,270,-25,258.397,7.305,11.603
yaw270_pitch-020,270,-20,263.440,17.225,6.560
yaw270_pitch-015,270,-15,268.080,30.596,1.920
yaw270_pitch-010,270,-10,267.058,36.550,2.942
yaw270_pitch-005,270,-5,264.319,39.373,5.681
yaw270_pitch+000,270,0,264.676,44.704,5.324
yaw270_pitch+005,270,5,267.314,45.967,2.686
yaw270_pitch+010,270,10,262.242,47.882,7.758
yaw270_pitch+015,270,15,262.922,48.270,7.078
yaw270_pitch+020,270,20,262.495,49.098,7.505
yaw270_pitch+025,270,25,264.300,50.297,5.700
yaw270_pitch+030,270,30,267.501,50.001,2.499
yaw270_pitch+035,270,35,269.211,53.920,0.789
yaw270_pitch+040,270,40,272.194,54.028,2.194
yaw270_pitch+045,270,45,273.827,54.118,3.827
yaw270_pitch+050,270,50,275.458,54.668,5.458
yaw270_pitch+055,270,55,276.901,54.945,6.901
yaw270_pitch+060,270,60,278.249,57.481,8.249
yaw270_pitch+065,270,65,278.429,60.535,8.429
yaw270_pitch+070,270,70,279.547,64.940,9.547
yaw270_pitch+075,270,75,280.777,75.110,10.777
yaw270_pitch+080,270,80,282.995,79.411,12.995
yaw270_pitch+085,270,85,283.997,85.644,13.997
yaw270_pitch+090,270,90,287.645,88.207,17.645
yaw275_pitch-090,275,-90,262.054,-87.433,12.946
yaw275_pitch-085,275,-85,250.040,-85.693,24.960
yaw275_pitch-080,275,-80,249.768,-80.811,25.232
yaw275_pitch-075,275,-75,252.896,-77.021,22.104
yaw275_pitch-070,275,-70,250.041,-71.767,24.959
yaw275_pitch-065,275,-65,250.967,-71.182,24.033
yaw275_pitch-060,275,-60,251.610,-68.025,23.390
yaw275_pitch-055,275,-55,249.892,-66.690,25.108
yaw275_pitch-050,275,-50,249.721,-58.893,25.279
yaw275_pitch-045,275,-45,246.757,-52.060,28.243
yaw275_pitch-040,275,-40,250.655,-39.728,24.345
yaw275_pitch-035,275,-35,250.517,-26.673,24.483
yaw275_pitch-030,275,-30,253.800,-4.131,21.200
yaw275_pitch-025,275,-25,257.130,8.696,17.870
yaw275_pitch-020,275,-20,262.138,16.895,12.862
yaw275_pitch-015,275,-15,269.978,25.810,5.022
yaw275_pitch-010,275,-10,274.654,32.225,0.346
yaw275_pitch-005,275,-5,270.803,38.237,4.197
yaw275_pitch+000,275,0,271.180,44.012,3.820
yaw275_pitch+005,275,5,270.552,47.154,4.448
yaw275_pitch+010,275,10,270.059,47.988,4.941
yaw275_pitch+015,275,15,274.264,50.816,0.736
yaw275_pitch+020,275,20,269.823,50.511,5.177
yaw275_pitch+025,275,25,270.322,50.649,4.678
yaw275_pitch+030,275,30,275.248,50.641,0.248
yaw275_pitch+035,275,35,277.077,52.271,2.077
yaw275_pitch+040,275,40,278.302,53.680,3.302
yaw275_pitch+045,275,45,279.128,52.321,4.128
yaw275_pitch+050,275,50,280.491,53.540,5.491
yaw275_pitch+055,275,55,281.356,54.696,6.356
yaw275_pitch+060,275,60,282.595,56.152,7.595
yaw275_pitch+065,275,65,284.180,61.450,9.180
yaw275_pitch+070,275,70,283.287,66.130,8.287
yaw275_pitch+075,275,75,286.289,77.695,11.289
yaw275_pitch+080,275,80,288.131,83.710,13.131
yaw275_pitch+085,275,85,288.152,81.794,13.152
yaw275_pitch+090,275,90,293.480,84.155,18.480
yaw280_pitch-090,280,-90,272.772,-87.523,7.228
yaw280_pitch-085,280,-85,259.809,-86.987,20.191
yaw280_pitch-080,280,-80,256.161,-80.971,23.839
yaw280_pitch-075,280,-75,254.283,-78.728,25.717
yaw280_pitch-070,280,-70,254.340,-71.740,25.660
yaw280_pitch-065,280,-65,251.773,-67.066,28.227
yaw280_pitch-060,280,-60,256.205,-67.973,23.795
yaw280_pitch-055,280,-55,253.862,-68.445,26.138
yaw280_pitch-050,280,-50,254.189,-62.292,25.811
yaw280_pitch-045,280,-45,252.004,-50.027,27.996
yaw280_pitch-040,280,-40,249.637,-43.403,30.363
yaw280_pitch-035,280,-35,253.452,-27.019,26.548
yaw280_pitch-030,280,-30,255.309,-2.722,24.691
yaw280_pitch-025,280,-25,261.916,8.943,18.084
yaw280_pitch-020,280,-20,265.630,11.863,14.370
yaw280_pitch-015,280,-15,272.448,21.078,7.552
yaw280_pitch-010,280,-10,277.506,28.117,2.494
yaw280_pitch-005,280,-5,277.184,34.445,2.816
yaw280_pitch+000,280,0,277.566,42.341,2.434
yaw280_pitch+005,280,5,276.076,43.803,3.924
yaw280_pitch+010,280,10,276.947,48.084,3.053
yaw280_pitch+015,280,15,276.382,48.978,3.618
yaw280_pitch+020,280,20,277.489,50.832,2.511
yaw280_pitch+025,280,25,277.910,49.584,2.090
yaw280_pitch+030,280,30,279.741,49.362,0.259
yaw280_pitch+035,280,35,279.726,49.752,0.274
yaw280_pitch+040,280,40,279.578,51.634,0.422
yaw280_pitch+045,280,45,280.724,51.464,0.724
yaw280_pitch+050,280,50,283.266,53.337,3.266
yaw280_pitch+055,280,55,284.837,53.867,4.837
yaw280_pitch+060,280,60,285.043,55.876,5.043
yaw280_pitch+065,280,65,288.172,61.525,8.172
yaw280_pitch+070,280,70,289.458,68.196,9.458
yaw280_pitch+075,280,75,291.492,77.051,11.492
yaw280_pitch+080,280,80,292.430,83.905,12.430
yaw280_pitch+085,280,85,294.014,84.021,14.014
yaw280_pitch+090,280,90,299.257,87.797,19.257
yaw285_pitch-090,285,-90,274.640,-88.872,10.360
yaw285_pitch-085,285,-85,263.765,-85.208,21.235
yaw285_pitch-080,285,-80,262.830,-80.357,22.170
yaw285_pitch-075,285,-75,262.972,-78.079,22.028
yaw285_pitch-070,285,-70,258.013,-71.597,26.987
yaw285_pitch-065,285,-65,256.862,-67.454,28.138
yaw285_pitch-060,285,-60,260.394,-68.342,24.606
yaw285_pitch-055,285,-55,258.191,-67.719,26.809
yaw285_pitch-050,285,-50,257.159,-62.605,27.841
yaw285_pitch-045,285,-45,253.557,-55.576,31.443
yaw285_pitch-040,285,-40,255.312,-44.768,29.688
yaw285_pitch-035,285,-35,257.875,-25.246,27.125
yaw285_pitch-030,285,-30,260.876,-8.040,24.124
yaw285_pitch-025,285,-25,263.659,4.055,21.341
yaw285_pitch-020,285,-20,267.534,7.290,17.466
yaw285_pitch-015,285,-15,273.436,18.518,11.564
yaw285_pitch-010,285,-10,277.411,24.667,7.589
yaw285_pitch-005,285,-5,279.144,30.170,5.856
yaw285_pitch+000,285,0,278.581,38.434,6.419
yaw285_pitch+005,285,5,280.630,43.445,4.370
yaw285_pitch+010,285,10,277.850,44.960,7.150
yaw285_pitch+015,285,15,279.759,50.307,5.241
yaw285_pitch+020,285,20,282.584,51.194,2.416
yaw285_pitch+025,285,25,282.145,48.864,2.855
yaw285_pitch+030,285,30,285.494,50.012,0.494
yaw285_pitch+035,285,35,285.341,49.798,0.341
yaw285_pitch+040,285,40,284.216,50.511,0.784
yaw285_pitch+045,285,45,283.864,51.527,1.136
yaw285_pitch+050,285,50,283.685,52.680,1.315
yaw285_pitch+055,285,55,285.942,53.795,0.942
yaw285_pitch+060,285,60,285.998,56.029,0.998
yaw285_pitch+065,285,65,288.855,61.383,3.855
yaw285_pitch+070,285,70,290.754,69.016,5.754
yaw285_pitch+075,285,75,294.142,77.920,9.142
yaw285_pitch+080,285,80,298.907,84.678,13.907
yaw285_pitch+085,285,85,299.694,88.380,14.694
yaw285_pitch+090,285,90,304.252,82.492,19.252
yaw290_pitch-090,290,-90,272.135,-89.388,17.865
yaw290_pitch-085,290,-85,266.353,-84.035,23.647
yaw290_pitch-080,290,-80,266.414,-81.929,23.586
yaw290_pitch-075,290,-75,268.585,-77.887,21.415
yaw290_pitch-070,290,-70,269.055,-71.293,20.945
yaw290_pitch-065,290,-65,266.976,-69.760,23.024
yaw290_pitch-060,290,-60,265.747,-67.023,24.253
yaw290_pitch-055,290,-55,263.754,-68.349,26.246
yaw290_pitch-050,290,-50,264.232,-58.701,25.768
yaw290_pitch-045,290,-45,258.412,-56.202,31.588
yaw290_pitch-040,290,-40,259.299,-42.020,30.701
yaw290_pitch-035,290,-35,260.737,-29.977,29.263
yaw290_pitch-030,290,-30,265.421,-16.658,24.579
yaw290_pitch-025,290,-25,271.142,-1.896,18.858
yaw290_pitch-020,290,-20,277.247,5.224,12.753
yaw290_pitch-015,290,-15,278.941,16.710,11.059
yaw290_pitch-010,290,-10,282.077,21.657,7.923
yaw290_pitch-005,290,-5,284.755,26.622,5.245
yaw290_pitch+000,290,0,284.063,35.936,5.937
yaw290_pitch+005,290,5,284.426,40.771,5.574
yaw290_pitch+010,290,10,285.139,47.097,4.861
yaw290_pitch+015,290,15,284.775,50.480,5.225
yaw290_pitch+020,290,20,285.734,51.791,4.266
yaw290_pitch+025,290,25,285.819,50.408,4.181
yaw290_pitch+030,290,30,286.400,50.447,3.600
yaw290_pitch+035,290,35,287.422,51.461,2.578
yaw290_pitch+040,290,40,284.100,51.941,5.900
yaw290_pitch+045,290,45,284.969,52.499,5.031
yaw290_pitch+050,290,50,287.693,53.885,2.307
yaw290_pitch+055,290,55,289.788,56.226,0.212
yaw290_pitch+060,290,60,288.609,57.245,1.391
yaw290_pitch+065,290,65,293.265,63.390,3.265
yaw290_pitch+070,290,70,294.781,68.169,4.781
yaw290_pitch+075,290,75,298.490,77.478,8.490
yaw290_pitch+080,290,80,299.829,86.363,9.829
yaw290_pitch+085,290,85,302.001,87.072,12.001
yaw290_pitch+090,290,90,306.660,84.566,16.660
yaw295_pitch-090,295,-90,277.149,-89.915,17.851
yaw295_pitch-085,295,-85,275.863,-84.233,19.137
yaw295_pitch-080,295,-80,275.708,-79.686,19.292
yaw295_pitch-075,295,-75,275.535,-77.298,19.465
yaw295_pitch-070,295,-70,276.320,-74.383,18.680
yaw295_pitch-065,295,-65,276.651,-69.341,18.349
yaw295_pitch-060,295,-60,274.011,-68.425,20.989
yaw295_pitch-055,295,-55,272.851,-65.846,22.149
yaw295_pitch-050,295,-50,269.792,-60.619,25.208
yaw295_pitch-045,295,-45,268.308,-50.997,26.692
yaw295_pitch-040,295,-40,268.368,-36.029,26.632
yaw295_pitch-035,295,-35,270.099,-22.320,24.901
yaw295_pitch-030,295,-30,275.802,-11.745,19.198
yaw295_pitch-025,295,-25,281.207,-0.958,13.793
yaw295_pitch-020,295,-20,284.068,4.790,10.932
yaw295_pitch-015,295,-15,289.125,13.844,5.875
yaw295_pitch-010,295,-10,290.747,19.696,4.253
yaw295_pitch-005,295,-5,291.509,25.081,3.491
yaw295_pitch+000,295,0,292.911,33.770,2.089
yaw295_pitch+005,295,5,292.468,40.905,2.532
yaw295_pitch+010,295,10,290.887,46.488,4.113
yaw295_pitch+015,295,15,289.366,51.748,5.634
yaw295_pitch+020,295,20,289.394,51.857,5.606
yaw295_pitch+025,295,25,291.166,51.723,3.834
yaw295_pitch+030,295,30,292.402,51.220,2.598
yaw295_pitch+035,295,35,292.278,51.719,2.722
yaw295_pitch+040,295,40,294.928,53.281,0.072
yaw295_pitch+045,295,45,294.945,56.452,0.055
yaw295_pitch+050,295,50,296.154,57.693,1.154
yaw295_pitch+055,295,55,299.150,59.800,4.150
yaw295_pitch+060,295,60,298.751,61.709,3.751
yaw295_pitch+065,295,65,301.537,65.278,6.537
yaw295_pitch+070,295,70,304.310,71.321,9.310
yaw295_pitch+075,295,75,306.684,80.370,11.684
yaw295_pitch+080,295,80,307.562,86.941,12.562
yaw295_pitch+085,295,85,307.184,87.859,12.184
yaw295_pitch+090,295,90,308.392,83.484,13.392
yaw300_pitch-090,300,-90,283.895,-90.000,16.105
yaw300_pitch-085,300,-85,282.750,-86.090,17.250
yaw300_pitch-080,300,-80,282.176,-83.063,17.824
yaw300_pitch-075,300,-75,281.441,-75.655,18.559
yaw300_pitch-070,300,-70,283.260,-73.716,16.740
yaw300_pitch-065,300,-65,282.961,-71.288,17.039
yaw300_pitch-060,300,-60,282.218,-68.726,17.782
yaw300_pitch-055,300,-55,280.015,-69.712,19.985
yaw300_pitch-050,300,-50,275.156,-64.148,24.844
yaw300_pitch-045,300,-45,275.163,-53.490,24.837
yaw300_pitch-040,300,-40,274.410,-40.005,25.590
yaw300_pitch-035,300,-35,276.731,-28.543,23.269
yaw300_pitch-030,300,-30,283.898,-9.248,16.102
yaw300_pitch-025,300,-25,290.917,-0.083,9.083
yaw300_pitch-020,300,-20,290.938,9.748,9.062
yaw300_pitch-015,300,-15,294.572,15.433,5.428
yaw300_pitch-010,300,-10,297.276,19.719,2.724
yaw300_pitch-005,300,-5,298.764,23.664,1.236
yaw300_pitch+000,300,0,301.154,32.869,1.154
yaw300_pitch+005,300,5,301.745,39.215,1.745
yaw300_pitch+010,300,10,296.951,45.400,3.049
yaw300_pitch+015,300,15,299.945,49.048,0.055
yaw300_pitch+020,300,20,298.652,50.121,1.348
yaw300_pitch+025,300,25,299.583,53.114,0.417
yaw300_pitch+030,300,30,297.887,51.879,2.113
yaw300_pitch+035,300,35,301.502,51.927,1.502
yaw300_pitch+040,300,40,302.802,55.111,2.802
yaw300_pitch+045,300,45,303.480,56.486,3.480
yaw300_pitch+050,300,50,306.578,58.655,6.578
yaw300_pitch+055,300,55,305.943,60.130,5.943
yaw300_pitch+060,300,60,304.029,62.941,4.029
yaw300_pitch+065,300,65,305.629,65.723,5.629
yaw300_pitch+070,300,70,310.916,71.823,10.916
yaw300_pitch+075,300,75,315.946,84.584,15.946
yaw300_pitch+080,300,80,317.051,90.000,17.051
yaw300_pitch+085,300,85,314.163,90.000,14.163
yaw300_pitch+090,300,90,313.449,82.173,13.449
yaw305_pitch-090,305,-90,290.479,-90.000,14.521
yaw305_pitch-085,305,-85,289.281,-87.286,15.719
yaw305_pitch-080,305,-80,286.398,-83.064,18.602
yaw305_pitch-075,305,-75,285.391,-81.603,19.609
yaw305_pitch-070,305,-70,285.094,-74.848,19.906
yaw305_pitch-065,305,-65,286.059,-72.425,18.941
yaw305_pitch-060,305,-60,285.265,-69.512,19.735
yaw305_pitch-055,305,-55,284.530,-64.787,20.470
yaw305_pitch-050,305,-50,280.662,-67.647,24.338
yaw305_pitch-045,305,-45,280.514,-52.464,24.486
yaw305_pitch-040,305,-40,281.132,-32.350,23.868
yaw305_pitch-035,305,-35,284.177,-25.358,20.823
yaw305_pitch-030,305,-30,288.837,-1.691,16.163
yaw305_pitch-025,305,-25,294.611,8.134,10.389
yaw305_pitch-020,305,-20,296.544,9.394,8.456
yaw305_pitch-015,305,-15,299.416,15.986,5.584
yaw305_pitch-010,305,-10,300.067,20.319,4.933
yaw305_pitch-005,305,-5,306.416,23.842,1.416
yaw305_pitch+000,305,0,306.979,32.075,1.979
yaw305_pitch+005,305,5,306.715,38.378,1.715
yaw305_pitch+010,305,10,303.963,42.605,1.037
yaw305_pitch+015,305,15,305.123,48.902,0.123
yaw305_pitch+020,305,20,303.611,49.242,1.389
yaw305_pitch+025,305,25,301.724,50.462,3.276
yaw305_pitch+030,305,30,305.790,50.556,0.790
yaw305_pitch+035,305,35,302.604,54.673,2.396
yaw305_pitch+040,305,40,310.024,56.343,5.024
yaw305_pitch+045,305,45,311.398,55.709,6.398
yaw305_pitch+050,305,50,310.737,58.954,5.737
yaw305_pitch+055,305,55,308.184,61.102,3.184
yaw305_pitch+060,305,60,311.924,63.439,6.924
yaw305_pitch+065,305,65,314.136,67.170,9.136
yaw305_pitch+070,305,70,315.950,75.333,10.950
yaw305_pitch+075,305,75,322.342,83.047,17.342
yaw305_pitch+080,305,80,321.548,88.553,16.548
yaw305_pitch+085,305,85,318.680,86.234,13.680
yaw305_pitch+090,305,90,313.381,86.379,8.381
yaw310_pitch-090,310,-90,295.782,-86.266,14.218
yaw310_pitch-085,310,-85,294.191,-86.778,15.809
yaw310_pitch-080,310,-80,292.310,-82.688,17.690
yaw310_pitch-075,310,-75,292.171,-78.842,17.829
yaw310_pitch-070,310,-70,290.109,-74.511,19.891
yaw310_pitch-065,310,-65,288.351,-74.731,21.649
yaw310_pitch-060,310,-60,288.103,-67.422,21.897
yaw310_pitch-055,310,-55,285.353,-66.581,24.647
yaw310_pitch-050,310,-50,284.195,-59.641,25.805
yaw310_pitch-045,310,-45,282.575,-54.130,27.425
yaw310_pitch-040,310,-40,288.038,-36.607,21.962
yaw310_pitch-035,310,-35,287.817,-23.427,22.183
yaw310_pitch-030,310,-30,294.289,-2.104,15.711
yaw310_pitch-025,310,-25,297.490,10.140,12.510
yaw310_pitch-020,310,-20,301.156,10.678,8.844
yaw310_pitch-015,310,-15,301.028,16.478,8.972
yaw310_pitch-010,310,-10,304.554,20.277,5.446
yaw310_pitch-005,310,-5,307.658,25.638,2.342
yaw310_pitch+000,310,0,312.187,32.035,2.187
yaw310_pitch+005,310,5,312.996,39.631,2.996
yaw310_pitch+010,310,10,311.426,42.216,1.426
yaw310_pitch+015,310,15,310.949,44.449,0.949
yaw310_pitch+020,310,20,308.083,46.051,1.917
yaw310_pitch+025,310,25,309.837,49.937,0.163
yaw310_pitch+030,310,30,310.033,50.282,0.033
yaw310_pitch+035,310,35,306.409,53.085,3.591
yaw310_pitch+040,310,40,309.884,55.555,0.116
yaw310_pitch+045,310,45,311.921,55.450,1.921
yaw310_pitch+050,310,50,314.378,57.637,4.378
yaw310_pitch+055,310,55,313.164,60.342,3.164
yaw310_pitch+060,310,60,314.182,63.271,4.182
yaw310_pitch+065,310,65,319.661,69.406,9.661
yaw310_pitch+070,310,70,323.324,76.060,13.324
yaw310_pitch+075,310,75,319.950,79.933,9.950
yaw310_pitch+080,310,80,324.766,84.641,14.766
yaw310_pitch+085,310,85,324.745,86.184,14.745
yaw310_pitch+090,310,90,317.828,83.849,7.828
yaw315_pitch-090,315,-90,298.880,-85.798,16.120
yaw315_pitch-085,315,-85,297.062,-84.382,17.938
yaw315_pitch-080,315,-80,296.727,-80.997,18.273
yaw315_pitch-075,315,-75,297.287,-76.282,17.713
yaw315_pitch-070,315,-70,293.727,-76.254,21.273
yaw315_pitch-065,315,-65,294.018,-72.297,20.982
yaw315_pitch-060,315,-60,291.662,-64.792,23.338
yaw315_pitch-055,315,-55,291.289,-63.396,23.711
yaw315_pitch-050,315,-50,287.465,-58.514,27.535
yaw315_pitch-045,315,-45,285.785,-54.316,29.215
yaw315_pitch-040,315,-40,285.564,-37.844,29.436
yaw315_pitch-035,315,-35,294.579,-19.637,20.421
yaw315_pitch-030,315,-30,295.977,-1.777,19.023
yaw315_pitch-025,315,-25,301.875,15.832,13.125
yaw315_pitch-020,315,-20,308.564,12.082,6.436
yaw315_pitch-015,315,-15,310.404,16.980,4.596
yaw315_pitch-010,315,-10,313.259,21.425,1.741
yaw315_pitch-005,315,-5,311.936,25.588,3.064
yaw315_pitch+000,315,0,312.753,33.334,2.247
yaw315_pitch+005,315,5,315.922,37.731,0.922
yaw315_pitch+010,315,10,314.140,39.566,0.860
yaw315_pitch+015,315,15,316.238,44.396,1.238
yaw315_pitch+020,315,20,320.828,44.133,5.828
yaw315_pitch+025,315,25,312.323,47.784,2.677
yaw315_pitch+030,315,30,315.061,49.687,0.061
yaw315_pitch+035,315,35,315.818,53.843,0.818
yaw315_pitch+040,315,40,317.397,54.287,2.397
yaw315_pitch+045,315,45,315.766,55.466,0.766
yaw315_pitch+050,315,50,316.112,57.320,1.112
yaw315_pitch+055,315,55,316.244,59.674,1.244
yaw315_pitch+060,315,60,317.663,64.088,2.663
yaw315_pitch+065,315,65,322.860,68.408,7.860
yaw315_pitch+070,315,70,327.759,76.917,12.759
yaw315_pitch+075,315,75,325.407,78.462,10.407
yaw315_pitch+080,315,80,326.332,85.937,11.332
yaw315_pitch+085,315,85,325.870,84.229,10.870
yaw315_pitch+090,315,90,328.502,87.514,13.502
yaw320_pitch-090,320,-90,302.427,-84.455,17.573
yaw320_pitch-085,320,-85,301.453,-86.185,18.547
yaw320_pitch-080,320,-80,301.749,-79.560,18.251
yaw320_pitch-075,320,-75,301.631,-74.853,18.369
yaw320_pitch-070,320,-70,300.721,-77.020,19.279
yaw320_pitch-065,320,-65,298.821,-68.253,21.179
yaw320_pitch-060,320,-60,297.002,-63.171,22.998
yaw320_pitch-055,320,-55,294.405,-59.741,25.595
yaw320_pitch-050,320,-50,289.078,-59.519,30.922
yaw320_pitch-045,320,-45,288.694,-51.657,31.306
yaw320_pitch-040,320,-40,287.113,-50.309,32.887
yaw320_pitch-035,320,-35,293.136,-28.203,26.864
yaw320_pitch-030,320,-30,301.164,-3.240,18.836
yaw320_pitch-025,320,-25,311.807,6.852,8.193
yaw320_pitch-020,320,-20,315.974,22.692,4.026
yaw320_pitch-015,320,-15,318.891,28.737,1.109
yaw320_pitch-010,320,-10,317.952,30.546,2.048
yaw320_pitch-005,320,-5,316.034,27.185,3.966
yaw320_pitch+000,320,0,317.121,33.147,2.879
yaw320_pitch+005,320,5,323.195,38.019,3.195
yaw320_pitch+010,320,10,323.756,40.706,3.756
yaw320_pitch+015,320,15,321.885,41.449,1.885
yaw320_pitch+020,320,20,321.423,44.590,1.423
yaw320_pitch+025,320,25,318.619,45.745,1.381
yaw320_pitch+030,320,30,319.387,49.859,0.613
yaw320_pitch+035,320,35,316.338,52.683,3.662
yaw320_pitch+040,320,40,318.703,55.642,1.297
yaw320_pitch+045,320,45,321.864,55.627,1.864
yaw320_pitch+050,320,50,322.249,58.599,2.249
yaw320_pitch+055,320,55,323.733,61.123,3.733
yaw320_pitch+060,320,60,321.426,65.464,1.426
yaw320_pitch+065,320,65,329.890,72.874,9.890
yaw320_pitch+070,320,70,332.284,76.918,12.284
yaw320_pitch+075,320,75,332.152,82.043,12.152
yaw320_pitch+080,320,80,333.375,86.466,13.375
yaw320_pitch+085,320,85,332.598,83.408,12.598
yaw320_pitch+090,320,90,334.216,85.567,14.216
yaw325_pitch-090,325,-90,308.591,-87.609,16.409
yaw325_pitch-085,325,-85,306.528,-83.993,18.472
yaw325_pitch-080,325,-80,307.536,-75.973,17.464
yaw325_pitch-075,325,-75,305.553,-78.614,19.447
yaw325_pitch-070,325,-70,305.795,-73.831,19.205
yaw325_pitch-065,325,-65,305.068,-66.872,19.932
yaw325_pitch-060,325,-60,302.549,-65.274,22.451
yaw325_pitch-055,325,-55,301.204,-60.914,23.796
yaw325_pitch-050,325,-50,294.415,-56.706,30.585
yaw325_pitch-045,325,-45,291.325,-53.733,33.675
yaw325_pitch-040,325,-40,290.867,-49.543,34.133
yaw325_pitch-035,325,-35,294.505,-32.991,30.495
yaw325_pitch-030,325,-30,302.877,-7.784,22.123
yaw325_pitch-025,325,-25,312.847,8.760,12.153
yaw325_pitch-020,325,-20,324.834,28.592,0.166
yaw325_pitch-015,325,-15,322.669,37.323,2.331
yaw325_pitch-010,325,-10,322.512,36.808,2.488
yaw325_pitch-005,325,-5,318.967,33.681,6.033
yaw325_pitch+000,325,0,317.685,33.697,7.315
yaw325_pitch+005,325,5,327.724,36.514,2.724
yaw325_pitch+010,325,10,331.118,37.277,6.118
yaw325_pitch+015,325,15,328.074,39.706,3.074
yaw325_pitch+020,325,20,324.691,40.615,0.309
yaw325_pitch+025,325,25,322.244,46.216,2.756
yaw325_pitch+030,325,30,323.689,49.506,1.311
yaw325_pitch+035,325,35,323.910,50.349,1.090
yaw325_pitch+040,325,40,322.635,54.040,2.365
yaw325_pitch+045,325,45,325.716,56.544,0.716
yaw325_pitch+050,325,50,324.890,56.058,0.110
yaw325_pitch+055,325,55,326.181,59.943,1.181
yaw325_pitch+060,325,60,327.179,66.734,2.179
yaw325_pitch+065,325,65,329.527,69.993,4.527
yaw325_pitch+070,325,70,333.591,73.243,8.591
yaw325_pitch+075,325,75,334.716,79.085,9.716
yaw325_pitch+080,325,80,337.621,83.908,12.621
yaw325_pitch+085,325,85,337.223,85.568,12.223
yaw325_pitch+090,325,90,338.297,86.269,13.297
yaw330_pitch-090,330,-90,313.502,-87.216,16.498
yaw330_pitch-085,330,-85,312.885,-84.818,17.115
yaw330_pitch-080,330,-80,311.894,-79.316,18.106
yaw330_pitch-075,330,-75,309.740,-79.436,20.260
yaw330_pitch-070,330,-70,311.414,-70.812,18.586
yaw330_pitch-065,330,-65,310.465,-66.362,19.535
yaw330_pitch-060,330,-60,306.070,-61.277,23.930
yaw330_pitch-055,330,-55,303.474,-58.598,26.526
yaw330_pitch-050,330,-50,298.007,-58.728,31.993
yaw330_pitch-045,330,-45,294.286,-53.028,35.714
yaw330_pitch-040,330,-40,291.409,-46.735,38.591
yaw330_pitch-035,330,-35,294.654,-33.940,35.346
yaw330_pitch-030,330,-30,304.057,-9.990,25.943
yaw330_pitch-025,330,-25,315.154,10.849,14.846
yaw330_pitch-020,330,-20,324.280,28.012,5.720
yaw330_pitch-015,330,-15,323.210,36.328,6.790
yaw330_pitch-010,330,-10,324.377,35.067,5.623
yaw330_pitch-005,330,-5,321.385,32.950,8.615
yaw330_pitch+000,330,0,322.190,33.133,7.810
yaw330_pitch+005,330,5,324.095,36.170,5.905
yaw330_pitch+010,330,10,327.607,38.122,2.393
yaw330_pitch+015,330,15,329.303,39.313,0.697
yaw330_pitch+020,330,20,328.897,40.129,1.103
yaw330_pitch+025,330,25,322.330,45.009,7.670
yaw330_pitch+030,330,30,324.110,45.741,5.890
yaw330_pitch+035,330,35,323.153,48.653,6.847
yaw330_pitch+040,330,40,326.291,55.098,3.709
yaw330_pitch+045,330,45,325.922,53.753,4.078
yaw330_pitch+050,330,50,330.658,57.617,0.658
yaw330_pitch+055,330,55,331.276,61.009,1.276
yaw330_pitch+060,330,60,332.996,65.582,2.996
yaw330_pitch+065,330,65,335.679,69.464,5.679
yaw330_pitch+070,330,70,337.124,73.729,7.124
yaw330_pitch+075,330,75,337.291,77.188,7.291
yaw330_pitch+080,330,80,337.752,82.701,7.752
yaw330_pitch+085,330,85,339.255,83.004,9.255
yaw330_pitch+090,330,90,345.916,89.032,15.916
yaw335_pitch-090,335,-90,316.952,-84.834,18.048
yaw335_pitch-085,335,-85,313.665,-80.765,21.335
yaw335_pitch-080,335,-80,318.010,-82.134,16.990
yaw335_pitch-075,335,-75,315.762,-85.509,19.238
yaw335_pitch-070,335,-70,315.164,-71.423,19.836
yaw335_pitch-065,335,-65,312.040,-69.256,22.960
yaw335_pitch-060,335,-60,311.612,-63.048,23.388
yaw335_pitch-055,335,-55,311.193,-52.285,23.807
yaw335_pitch-050,335,-50,304.170,-49.487,30.830
yaw335_pitch-045,335,-45,296.438,-49.899,38.562
yaw335_pitch-040,335,-40,293.573,-40.941,41.427
yaw335_pitch-035,335,-35,296.800,-37.052,38.200
yaw335_pitch-030,335,-30,307.316,-10.769,27.684
yaw335_pitch-025,335,-25,318.337,4.610,16.663
yaw335_pitch-020,335,-20,323.659,21.267,11.341
yaw335_pitch-015,335,-15,326.958,31.392,8.042
yaw335_pitch-010,335,-10,322.986,32.565,12.014
yaw335_pitch-005,335,-5,321.967,29.808,13.033
yaw335_pitch+000,335,0,320.111,30.043,14.889
yaw335_pitch+005,335,5,323.201,36.033,11.799
yaw335_pitch+010,335,10,323.715,37.555,11.285
yaw335_pitch+015,335,15,324.248,36.969,10.752
yaw335_pitch+020,335,20,327.004,39.725,7.996
yaw335_pitch+025,335,25,323.787,42.861,11.213
yaw335_pitch+030,335,30,325.328,44.961,9.672
yaw335_pitch+035,335,35,326.960,48.626,8.040
yaw335_pitch+040,335,40,328.582,52.566,6.418
yaw335_pitch+045,335,45,331.871,56.981,3.129
yaw335_pitch+050,335,50,332.679,57.073,2.321
yaw335_pitch+055,335,55,332.509,61.336,2.491
yaw335_pitch+060,335,60,337.532,65.350,2.532
yaw335_pitch+065,335,65,338.465,68.765,3.465
yaw335_pitch+070,335,70,340.834,73.485,5.834
yaw335_pitch+075,335,75,341.795,77.260,6.795
yaw335_pitch+080,335,80,342.556,83.759,7.556
yaw335_pitch+085,335,85,343.918,86.120,8.918
yaw335_pitch+090,335,90,350.389,87.163,15.389
yaw340_pitch-090,340,-90,324.194,-80.131,15.806
yaw340_pitch-085,340,-85,318.878,-80.936,21.122
yaw340_pitch-080,340,-80,319.541,-74.782,20.459
yaw340_pitch-075,340,-75,321.403,-78.389,18.597
yaw340_pitch-070,340,-70,321.768,-75.410,18.232
yaw340_pitch-065,340,-65,315.705,-64.658,24.295
yaw340_pitch-060,340,-60,313.293,-58.325,26.707
yaw340_pitch-055,340,-55,312.542,-52.638,27.458
yaw340_pitch-050,340,-50,309.448,-47.651,30.552
yaw340_pitch-045,340,-45,304.225,-46.319,35.775
yaw340_pitch-040,340,-40,304.436,-43.838,35.564
yaw340_pitch-035,340,-35,298.237,-38.486,41.763
yaw340_pitch-030,340,-30,308.813,-19.149,31.187
yaw340_pitch-025,340,-25,316.258,4.771,23.742
yaw340_pitch-020,340,-20,324.128,9.019,15.872
yaw340_pitch-015,340,-15,321.240,20.423,18.760
yaw340_pitch-010,340,-10,324.581,24.062,15.419
yaw340_pitch-005,340,-5,322.366,26.280,17.634
yaw340_pitch+000,340,0,323.203,28.039,16.797
yaw340_pitch+005,340,5,328.054,33.489,11.946
yaw340_pitch+010,340,10,330.458,35.776,9.542
yaw340_pitch+015,340,15,329.779,35.384,10.221
yaw340_pitch+020,340,20,325.419,37.205,14.581
yaw340_pitch+025,340,25,326.085,40.311,13.915
yaw340_pitch+030,340,30,328.428,46.622,11.572
yaw340_pitch+035,340,35,329.667,50.402,10.333
yaw340_pitch+040,340,40,331.398,53.807,8.602
yaw340_pitch+045,340,45,332.846,54.835,7.154
yaw340_pitch+050,340,50,336.075,58.926,3.925
yaw340_pitch+055,340,55,340.493,62.601,0.493
yaw340_pitch+060,340,60,341.502,66.183,1.502
yaw340_pitch+065,340,65,341.216,69.211,1.216
yaw340_pitch+070,340,70,346.262,74.468,6.262
yaw340_pitch+075,340,75,347.085,78.086,7.085
yaw340_pitch+080,340,80,347.930,83.930,7.930
yaw340_pitch+085,340,85,350.639,88.809,10.639
yaw340_pitch+090,340,90,356.800,90.000,16.800
yaw345_pitch-090,345,-90,329.823,-79.217,15.177
yaw345_pitch-085,345,-85,329.550,-81.887,15.450
yaw345_pitch-080,345,-80,323.347,-77.787,21.653
yaw345_pitch-075,345,-75,325.697,-77.177,19.303
yaw345_pitch-070,345,-70,323.142,-66.752,21.858
yaw345_pitch-065,345,-65,325.200,-69.436,19.800
yaw345_pitch-060,345,-60,320.375,-61.414,24.625
yaw345_pitch-055,345,-55,314.740,-56.303,30.260
yaw345_pitch-050,345,-50,312.505,-50.753,32.495
yaw345_pitch-045,345,-45,312.408,-47.794,32.592
yaw345_pitch-040,345,-40,304.278,-43.222,40.722
yaw345_pitch-035,345,-35,307.664,-36.676,37.336
yaw345_pitch-030,345,-30,311.965,-21.210,33.035
yaw345_pitch-025,345,-25,317.050,4.576,27.950
yaw345_pitch-020,345,-20,320.139,13.092,24.861
yaw345_pitch-015,345,-15,320.585,15.756,24.415
yaw345_pitch-010,345,-10,321.537,20.304,23.463
yaw345_pitch-005,345,-5,322.954,23.629,22.046
yaw345_pitch+000,345,0,326.239,26.910,18.761
yaw345_pitch+005,345,5,324.976,32.039,20.024
yaw345_pitch+010,345,10,333.844,33.698,11.156
yaw345_pitch+015,345,15,329.936,33.438,15.064
yaw345_pitch+020,345,20,333.648,38.203,11.352
yaw345_pitch+025,345,25,331.204,40.054,13.796
yaw345_pitch+030,345,30,329.539,46.166,15.461
yaw345_pitch+035,345,35,329.343,50.578,15.657
yaw345_pitch+040,345,40,330.214,54.001,14.786
yaw345_pitch+045,345,45,337.273,59.225,7.727
yaw345_pitch+050,345,50,339.262,59.991,5.738
yaw345_pitch+055,345,55,341.631,62.206,3.369
yaw345_pitch+060,345,60,345.829,67.856,0.829
yaw345_pitch+065,345,65,347.381,67.768,2.381
yaw345_pitch+070,345,70,351.130,72.960,6.130
yaw345_pitch+075,345,75,354.296,78.393,9.296
yaw345_pitch+080,345,80,353.127,83.885,8.127
yaw345_pitch+085,345,85,357.576,90.000,12.576
yaw345_pitch+090,345,90,356.726,86.520,11.726
yaw350_pitch-090,350,-90,336.191,-81.227,13.809
yaw350_pitch-085,350,-85,333.234,-83.993,16.766
yaw350_pitch-080,350,-80,329.766,-80.808,20.234
yaw350_pitch-075,350,-75,328.355,-81.619,21.645
yaw350_pitch-070,350,-70,331.103,-68.893,18.897
yaw350_pitch-065,350,-65,330.206,-70.935,19.794
yaw350_pitch-060,350,-60,324.880,-66.885,25.120
yaw350_pitch-055,350,-55,324.186,-56.882,25.814
yaw350_pitch-050,350,-50,316.961,-50.751,33.039
yaw350_pitch-045,350,-45,314.291,-47.009,35.709
yaw350_pitch-040,350,-40,306.958,-42.816,43.042
yaw350_pitch-035,350,-35,311.411,-29.773,38.589
yaw350_pitch-030,350,-30,315.448,-20.088,34.552
yaw350_pitch-025,350,-25,321.492,-1.349,28.508
yaw350_pitch-020,350,-20,324.333,4.993,25.667
yaw350_pitch-015,350,-15,323.689,13.475,26.311
yaw350_pitch-010,350,-10,323.491,17.152,26.509
yaw350_pitch-005,350,-5,326.588,21.329,23.412
yaw350_pitch+000,350,0,327.195,25.671,22.805
yaw350_pitch+005,350,5,329.172,28.806,20.828
yaw350_pitch+010,350,10,334.625,33.500,15.375
yaw350_pitch+015,350,15,331.758,33.820,18.242
yaw350_pitch+020,350,20,339.242,38.464,10.758
yaw350_pitch+025,350,25,335.621,41.075,14.379
yaw350_pitch+030,350,30,332.279,43.505,17.721
yaw350_pitch+035,350,35,331.943,48.505,18.057
yaw350_pitch+040,350,40,332.918,51.594,17.082
yaw350_pitch+045,350,45,338.852,55.914,11.148
yaw350_pitch+050,350,50,345.087,61.052,4.913
yaw350_pitch+055,350,55,344.763,63.429,5.237
yaw350_pitch+060,350,60,351.003,67.532,1.003
yaw350_pitch+065,350,65,352.053,70.965,2.053
yaw350_pitch+070,350,70,356.777,74.387,6.777
yaw350_pitch+075,350,75,0.424,80.287,10.424
yaw350_pitch+080,350,80,0.120,85.854,10.120
yaw350_pitch+085,350,85,359.345,88.890,9.345
yaw350_pitch+090,350,90,1.128,90.000,11.128
yaw355_pitch-090,355,-90,340.628,-87.394,14.372
yaw355_pitch-085,355,-85,335.552,-83.204,19.448
yaw355_pitch-080,355,-80,333.658,-76.952,21.342
yaw355_pitch-075,355,-75,336.755,-81.461,18.245
yaw355_pitch-070,355,-70,338.032,-64.208,16.968
yaw355_pitch-065,355,-65,333.496,-67.859,21.504
yaw355_pitch-060,355,-60,328.840,-65.573,26.160
yaw355_pitch-055,355,-55,326.428,-62.809,28.572
yaw355_pitch-050,355,-50,321.741,-53.032,33.259
yaw355_pitch-045,355,-45,316.573,-44.286,38.427
yaw355_pitch-040,355,-40,311.703,-39.801,43.297
yaw355_pitch-035,355,-35,312.557,-31.146,42.443
yaw355_pitch-030,355,-30,311.321,-28.950,43.679
yaw355_pitch-025,355,-25,314.496,-5.350,40.504
yaw355_pitch-020,355,-20,321.509,5.936,33.491
yaw355_pitch-015,355,-15,326.947,5.989,28.053
yaw355_pitch-010,355,-10,330.869,10.574,24.131
yaw355_pitch-005,355,-5,328.984,19.945,26.016
yaw355_pitch+000,355,0,329.045,24.628,25.955
yaw355_pitch+005,355,5,331.708,26.446,23.292
yaw355_pitch+010,355,10,340.064,30.976,14.936
yaw355_pitch+015,355,15,338.678,35.221,16.322
yaw355_pitch+020,355,20,334.226,38.236,20.774
yaw355_pitch+025,355,25,332.588,37.925,22.412
yaw355_pitch+030,355,30,333.432,45.025,21.568
yaw355_pitch+035,355,35,333.393,50.858,21.607
yaw355_pitch+040,355,40,332.881,51.923,22.119
yaw355_pitch+045,355,45,338.850,58.406,16.150
yaw355_pitch+050,355,50,346.415,61.615,8.585
yaw355_pitch+055,355,55,353.467,66.372,1.533
yaw355_pitch+060,355,60,351.340,65.457,3.660
yaw355_pitch+065,355,65,355.902,69.234,0.902
yaw355_pitch+070,355,70,0.323,73.684,5.323
yaw355_pitch+075,355,75,3.616,76.470,8.616
yaw355_pitch+080,355,80,6.178,85.101,11.178
yaw355_pitch+085,355,85,7.876,90.000,12.876
yaw355_pitch+090,355,90,11.096,90.000,16.096
